[1,0,0,[["cc.JsonAsset",["_name","json"],1]],[[0,0,1,3]],[[0,"528",[{"id":281474991521943,"level":2,"status":0,"posx":15,"posy":5,"cityid":226,"townid":528,"tokenid":"c619e085474d8be065912cfe3c642b6b","tokenurl":"/mcm/api/land?token=c619e085474d8be065912cfe3c642b6b","imageurl":"/mcm/images/land/2A/16877_3d462cfbf07a.jpg","landname":"1"},{"id":281474991521944,"level":3,"status":1,"posx":16,"posy":5,"cityid":226,"townid":528,"tokenid":"554a39cbd27b4150bfaa385918eceadd","tokenurl":"/mcm/api/land?token=554a39cbd27b4150bfaa385918eceadd","imageurl":"/mcm/images/land/2B/28127_a28c2e26ea2.jpg","landname":"2"},{"id":281474991521945,"level":3,"status":1,"posx":25,"posy":5,"cityid":226,"townid":528,"tokenid":"680f6982a7f488221464387dad0e4cbd","tokenurl":"/mcm/api/land?token=680f6982a7f488221464387dad0e4cbd","imageurl":"/mcm/images/land/2B/28128_175bd973a003.jpg","landname":"3"},{"id":281474991521946,"level":1,"status":0,"posx":26,"posy":5,"cityid":226,"townid":528,"tokenid":"526f2f4a16c61921cc021ee98ace0c18","tokenurl":"/mcm/api/land?token=526f2f4a16c61921cc021ee98ace0c18","imageurl":"/mcm/images/land/2S/11252_cc4061cc69c.jpg","landname":"4"},{"id":281474991521947,"level":3,"status":0,"posx":6,"posy":6,"cityid":226,"townid":528,"tokenid":"250ddb0f41085d01ff869fa41b30c82a","tokenurl":"/mcm/api/land?token=250ddb0f41085d01ff869fa41b30c82a","imageurl":"/mcm/images/land/2B/28129_48401d491a64.jpg","landname":"5"},{"id":281474991521948,"level":2,"status":1,"posx":7,"posy":6,"cityid":226,"townid":528,"tokenid":"7578e56bce2efdd53cb6600d514334b4","tokenurl":"/mcm/api/land?token=7578e56bce2efdd53cb6600d514334b4","imageurl":"/mcm/images/land/2A/16878_51e8822092a5.jpg","landname":"6"},{"id":281474991521949,"level":3,"status":0,"posx":15,"posy":6,"cityid":226,"townid":528,"tokenid":"0a21c4c8470538abf2f2d352848e30d3","tokenurl":"/mcm/api/land?token=0a21c4c8470538abf2f2d352848e30d3","imageurl":"/mcm/images/land/2B/28130_4b7034713b34.jpg","landname":"7"},{"id":281474991521950,"level":2,"status":0,"posx":16,"posy":6,"cityid":226,"townid":528,"tokenid":"42d5f3e3987d2ff3329b416125c74dc5","tokenurl":"/mcm/api/land?token=42d5f3e3987d2ff3329b416125c74dc5","imageurl":"/mcm/images/land/2A/16879_288a45e0adc6.jpg","landname":"8"},{"id":281474991521951,"level":3,"status":1,"posx":25,"posy":6,"cityid":226,"townid":528,"tokenid":"1aa0301e3232dedec8d06f526db06c8e","tokenurl":"/mcm/api/land?token=1aa0301e3232dedec8d06f526db06c8e","imageurl":"/mcm/images/land/2B/28131_2629bed34616.jpg","landname":"9"},{"id":281474991521952,"level":1,"status":0,"posx":26,"posy":6,"cityid":226,"townid":528,"tokenid":"314813936f4828a04f3644fba2cdc6d5","tokenurl":"/mcm/api/land?token=314813936f4828a04f3644fba2cdc6d5","imageurl":"/mcm/images/land/2S/11253_412890b0f5b0.jpg","landname":"10"},{"id":281474991521953,"level":2,"status":0,"posx":30,"posy":6,"cityid":226,"townid":528,"tokenid":"6c5cf114088942f8ff8bafc95c38c6cb","tokenurl":"/mcm/api/land?token=6c5cf114088942f8ff8bafc95c38c6cb","imageurl":"/mcm/images/land/2A/16880_2a59e86b13ee.jpg","landname":"11"},{"id":281474991521954,"level":3,"status":0,"posx":31,"posy":6,"cityid":226,"townid":528,"tokenid":"e74140d0f72b5fd7c792027f415448af","tokenurl":"/mcm/api/land?token=e74140d0f72b5fd7c792027f415448af","imageurl":"/mcm/images/land/2B/28132_37c30a507289.jpg","landname":"12"},{"id":281474991521955,"level":2,"status":1,"posx":33,"posy":6,"cityid":226,"townid":528,"tokenid":"838893c91b4b1207a6cec803b4c18b70","tokenurl":"/mcm/api/land?token=838893c91b4b1207a6cec803b4c18b70","imageurl":"/mcm/images/land/2A/16881_5a62229bf395.jpg","landname":"13"},{"id":281474991521956,"level":3,"status":1,"posx":34,"posy":6,"cityid":226,"townid":528,"tokenid":"ea8c5bb50913b49a75e24b725003e62b","tokenurl":"/mcm/api/land?token=ea8c5bb50913b49a75e24b725003e62b","imageurl":"/mcm/images/land/2B/28133_31b1011bf44e.jpg","landname":"14"},{"id":281474991521957,"level":2,"status":0,"posx":6,"posy":7,"cityid":226,"townid":528,"tokenid":"cf1214d809267efd0224587e8e57e674","tokenurl":"/mcm/api/land?token=cf1214d809267efd0224587e8e57e674","imageurl":"/mcm/images/land/2A/16882_125b5f981775.jpg","landname":"15"},{"id":281474991521958,"level":1,"status":1,"posx":7,"posy":7,"cityid":226,"townid":528,"tokenid":"54b99b467d1b26f43d65c07083e137c2","tokenurl":"/mcm/api/land?token=54b99b467d1b26f43d65c07083e137c2","imageurl":"/mcm/images/land/2S/11254_23d6f075eadb.jpg","landname":"16"},{"id":281474991521959,"level":2,"status":0,"posx":15,"posy":7,"cityid":226,"townid":528,"tokenid":"3cc591889f09ebfb5f48e1a213811fa3","tokenurl":"/mcm/api/land?token=3cc591889f09ebfb5f48e1a213811fa3","imageurl":"/mcm/images/land/2A/16883_2fb658ebc0f0.jpg","landname":"17"},{"id":281474991521960,"level":3,"status":1,"posx":16,"posy":7,"cityid":226,"townid":528,"tokenid":"3252873bf2c76abef7f2601e08ca1972","tokenurl":"/mcm/api/land?token=3252873bf2c76abef7f2601e08ca1972","imageurl":"/mcm/images/land/2B/28134_55665298efa3.jpg","landname":"18"},{"id":281474991521961,"level":3,"status":0,"posx":21,"posy":7,"cityid":226,"townid":528,"tokenid":"b0a7460f71b1de431c50e7282a2dff04","tokenurl":"/mcm/api/land?token=b0a7460f71b1de431c50e7282a2dff04","imageurl":"/mcm/images/land/2B/28135_ea32c2212c8.jpg","landname":"19"},{"id":281474991521962,"level":3,"status":1,"posx":22,"posy":7,"cityid":226,"townid":528,"tokenid":"c23471f43923420b6770a347530d1720","tokenurl":"/mcm/api/land?token=c23471f43923420b6770a347530d1720","imageurl":"/mcm/images/land/2B/28136_4a5cc7e87e0f.jpg","landname":"20"},{"id":281474991521963,"level":2,"status":0,"posx":25,"posy":7,"cityid":226,"townid":528,"tokenid":"236667d2b9896ab1d139c602143b6c90","tokenurl":"/mcm/api/land?token=236667d2b9896ab1d139c602143b6c90","imageurl":"/mcm/images/land/2A/16884_5ad6e6b230ad.jpg","landname":"21"},{"id":281474991521964,"level":2,"status":1,"posx":26,"posy":7,"cityid":226,"townid":528,"tokenid":"eede8f25fb1825132382e3cc31c7f967","tokenurl":"/mcm/api/land?token=eede8f25fb1825132382e3cc31c7f967","imageurl":"/mcm/images/land/2A/16885_245090e24d47.jpg","landname":"22"},{"id":281474991521965,"level":2,"status":0,"posx":30,"posy":7,"cityid":226,"townid":528,"tokenid":"7cb27538fb14ae5d59cee730f198f175","tokenurl":"/mcm/api/land?token=7cb27538fb14ae5d59cee730f198f175","imageurl":"/mcm/images/land/2A/16886_23b0760be700.jpg","landname":"23"},{"id":281474991521966,"level":3,"status":1,"posx":31,"posy":7,"cityid":226,"townid":528,"tokenid":"01f6c5c78320ee253607b4b2344702be","tokenurl":"/mcm/api/land?token=01f6c5c78320ee253607b4b2344702be","imageurl":"/mcm/images/land/2B/28137_2287d078e009.jpg","landname":"24"},{"id":281474991521967,"level":1,"status":0,"posx":33,"posy":7,"cityid":226,"townid":528,"tokenid":"35cac3d5d426767644cfd289497b433b","tokenurl":"/mcm/api/land?token=35cac3d5d426767644cfd289497b433b","imageurl":"/mcm/images/land/2S/11255_394051ef9d8d.jpg","landname":"25"},{"id":281474991521968,"level":1,"status":0,"posx":34,"posy":7,"cityid":226,"townid":528,"tokenid":"1ef2ee5653d0d6d32dfe6cd2a887a6f1","tokenurl":"/mcm/api/land?token=1ef2ee5653d0d6d32dfe6cd2a887a6f1","imageurl":"/mcm/images/land/2S/11256_38c6e5351930.jpg","landname":"26"},{"id":281474991521969,"level":1,"status":0,"posx":6,"posy":8,"cityid":226,"townid":528,"tokenid":"17b373b933c34f480c56da6b62e75af9","tokenurl":"/mcm/api/land?token=17b373b933c34f480c56da6b62e75af9","imageurl":"/mcm/images/land/2S/11257_23bd7bf3648.jpg","landname":"27"},{"id":281474991521970,"level":2,"status":1,"posx":7,"posy":8,"cityid":226,"townid":528,"tokenid":"36ebd11ac5283243931a7628f032c6f1","tokenurl":"/mcm/api/land?token=36ebd11ac5283243931a7628f032c6f1","imageurl":"/mcm/images/land/2A/16887_51d685e3f74b.jpg","landname":"28"},{"id":281474991521971,"level":1,"status":1,"posx":15,"posy":8,"cityid":226,"townid":528,"tokenid":"4b1b6f984f38efcd6818d4abfa7c5d05","tokenurl":"/mcm/api/land?token=4b1b6f984f38efcd6818d4abfa7c5d05","imageurl":"/mcm/images/land/2S/11258_59d3b13e96ca.jpg","landname":"29"},{"id":281474991521972,"level":3,"status":0,"posx":16,"posy":8,"cityid":226,"townid":528,"tokenid":"6bbb4df20c580b2529c239308eb21999","tokenurl":"/mcm/api/land?token=6bbb4df20c580b2529c239308eb21999","imageurl":"/mcm/images/land/2B/28138_442a227eb6cd.jpg","landname":"30"},{"id":281474991521973,"level":1,"status":0,"posx":21,"posy":8,"cityid":226,"townid":528,"tokenid":"9696bb31b3cc3c6a5cae743e475c46f2","tokenurl":"/mcm/api/land?token=9696bb31b3cc3c6a5cae743e475c46f2","imageurl":"/mcm/images/land/2S/11259_e273b2eca16.jpg","landname":"31"},{"id":281474991521974,"level":3,"status":0,"posx":22,"posy":8,"cityid":226,"townid":528,"tokenid":"4e1a761d216727aaaf4f0abd059de7db","tokenurl":"/mcm/api/land?token=4e1a761d216727aaaf4f0abd059de7db","imageurl":"/mcm/images/land/2B/28139_3580757819a.jpg","landname":"32"},{"id":281474991521975,"level":2,"status":0,"posx":25,"posy":8,"cityid":226,"townid":528,"tokenid":"a5bc6d6d8ad51e7aae458750aab25d0e","tokenurl":"/mcm/api/land?token=a5bc6d6d8ad51e7aae458750aab25d0e","imageurl":"/mcm/images/land/2A/16888_32bf0888b2fe.jpg","landname":"33"},{"id":281474991521976,"level":3,"status":0,"posx":26,"posy":8,"cityid":226,"townid":528,"tokenid":"82b4d6dee4e916261a02d986bb11bf2d","tokenurl":"/mcm/api/land?token=82b4d6dee4e916261a02d986bb11bf2d","imageurl":"/mcm/images/land/2B/28140_527ff88e7bf1.jpg","landname":"34"},{"id":281474991521977,"level":1,"status":1,"posx":30,"posy":8,"cityid":226,"townid":528,"tokenid":"9a210c0956e26d2ddf92cd044f331e75","tokenurl":"/mcm/api/land?token=9a210c0956e26d2ddf92cd044f331e75","imageurl":"/mcm/images/land/2S/11260_3d50dab03033.jpg","landname":"35"},{"id":281474991521978,"level":3,"status":1,"posx":31,"posy":8,"cityid":226,"townid":528,"tokenid":"b484326580a5b20718dcf4867971aeac","tokenurl":"/mcm/api/land?token=b484326580a5b20718dcf4867971aeac","imageurl":"/mcm/images/land/2B/28141_3afe0f0cdaa2.jpg","landname":"36"},{"id":281474991521979,"level":2,"status":0,"posx":33,"posy":8,"cityid":226,"townid":528,"tokenid":"b6a34c64ce23a418750ee5f56795a958","tokenurl":"/mcm/api/land?token=b6a34c64ce23a418750ee5f56795a958","imageurl":"/mcm/images/land/2A/16889_18f840901234.jpg","landname":"37"},{"id":281474991521980,"level":1,"status":0,"posx":34,"posy":8,"cityid":226,"townid":528,"tokenid":"9d314ad0874792a4f55fa09998a97531","tokenurl":"/mcm/api/land?token=9d314ad0874792a4f55fa09998a97531","imageurl":"/mcm/images/land/2S/11261_2dd99363ee0c.jpg","landname":"38"},{"id":281474991521981,"level":1,"status":0,"posx":6,"posy":9,"cityid":226,"townid":528,"tokenid":"e0a5bf290f9358906a97a7e18e337b6d","tokenurl":"/mcm/api/land?token=e0a5bf290f9358906a97a7e18e337b6d","imageurl":"/mcm/images/land/2S/11262_5a902259e33.jpg","landname":"39"},{"id":281474991521982,"level":3,"status":1,"posx":7,"posy":9,"cityid":226,"townid":528,"tokenid":"31c98524ee93097f51a7a70fa3a8b393","tokenurl":"/mcm/api/land?token=31c98524ee93097f51a7a70fa3a8b393","imageurl":"/mcm/images/land/2B/28142_113c51627484.jpg","landname":"40"},{"id":281474991521983,"level":3,"status":1,"posx":15,"posy":9,"cityid":226,"townid":528,"tokenid":"36afbcc4812a0e8ae8832ac45bb11661","tokenurl":"/mcm/api/land?token=36afbcc4812a0e8ae8832ac45bb11661","imageurl":"/mcm/images/land/2B/28143_24707ad7381a.jpg","landname":"41"},{"id":281474991521984,"level":2,"status":0,"posx":16,"posy":9,"cityid":226,"townid":528,"tokenid":"42bbdd476e55f6ceea583f1b997f8c39","tokenurl":"/mcm/api/land?token=42bbdd476e55f6ceea583f1b997f8c39","imageurl":"/mcm/images/land/2A/16890_283ef14c2f8b.jpg","landname":"42"},{"id":281474991521985,"level":1,"status":1,"posx":21,"posy":9,"cityid":226,"townid":528,"tokenid":"daa141ba08ecdc1932748379e3da9b2d","tokenurl":"/mcm/api/land?token=daa141ba08ecdc1932748379e3da9b2d","imageurl":"/mcm/images/land/2S/11263_6e85d18ab.jpg","landname":"43"},{"id":281474991521986,"level":1,"status":1,"posx":22,"posy":9,"cityid":226,"townid":528,"tokenid":"0f51adc3f974a80cad915dd890b32e0d","tokenurl":"/mcm/api/land?token=0f51adc3f974a80cad915dd890b32e0d","imageurl":"/mcm/images/land/2S/11264_10988e1b982e.jpg","landname":"44"},{"id":281474991521987,"level":3,"status":1,"posx":25,"posy":9,"cityid":226,"townid":528,"tokenid":"c096fdc8c3192dde663094957d66aabc","tokenurl":"/mcm/api/land?token=c096fdc8c3192dde663094957d66aabc","imageurl":"/mcm/images/land/2B/28144_58ed43d411a2.jpg","landname":"45"},{"id":281474991521988,"level":3,"status":0,"posx":26,"posy":9,"cityid":226,"townid":528,"tokenid":"623e8f6a18718fd150dc0a5ecb02c770","tokenurl":"/mcm/api/land?token=623e8f6a18718fd150dc0a5ecb02c770","imageurl":"/mcm/images/land/2B/28145_6695b775e15.jpg","landname":"46"},{"id":281474991521989,"level":1,"status":1,"posx":30,"posy":9,"cityid":226,"townid":528,"tokenid":"6865af53978c9c3428629662b65a90a5","tokenurl":"/mcm/api/land?token=6865af53978c9c3428629662b65a90a5","imageurl":"/mcm/images/land/2S/11265_4605a38ccbf4.jpg","landname":"47"},{"id":281474991521990,"level":1,"status":0,"posx":31,"posy":9,"cityid":226,"townid":528,"tokenid":"81efe25a2e630b65a8e97e8881c69cdf","tokenurl":"/mcm/api/land?token=81efe25a2e630b65a8e97e8881c69cdf","imageurl":"/mcm/images/land/2S/11266_4a245bdb2d69.jpg","landname":"48"},{"id":281474991521991,"level":2,"status":0,"posx":33,"posy":9,"cityid":226,"townid":528,"tokenid":"055fff0f3b1b1198822853da97553a1a","tokenurl":"/mcm/api/land?token=055fff0f3b1b1198822853da97553a1a","imageurl":"/mcm/images/land/2A/16891_3f8e415121f6.jpg","landname":"49"},{"id":281474991521992,"level":1,"status":0,"posx":34,"posy":9,"cityid":226,"townid":528,"tokenid":"8c41bd5bc4f5da5955d5d16c5b0ca7a3","tokenurl":"/mcm/api/land?token=8c41bd5bc4f5da5955d5d16c5b0ca7a3","imageurl":"/mcm/images/land/2S/11267_29e2cd4c1d04.jpg","landname":"50"},{"id":281474991521993,"level":3,"status":0,"posx":6,"posy":10,"cityid":226,"townid":528,"tokenid":"54a51fd812df217aeaeca7467a73a636","tokenurl":"/mcm/api/land?token=54a51fd812df217aeaeca7467a73a636","imageurl":"/mcm/images/land/2B/28146_b3532a3f4ef.jpg","landname":"51"},{"id":281474991521994,"level":2,"status":0,"posx":7,"posy":10,"cityid":226,"townid":528,"tokenid":"8681722c562410e7ff046896406217c6","tokenurl":"/mcm/api/land?token=8681722c562410e7ff046896406217c6","imageurl":"/mcm/images/land/2A/16892_5dbfee96cd9.jpg","landname":"52"},{"id":281474991521995,"level":1,"status":0,"posx":11,"posy":10,"cityid":226,"townid":528,"tokenid":"f86609634499289033877b8799bdfd9b","tokenurl":"/mcm/api/land?token=f86609634499289033877b8799bdfd9b","imageurl":"/mcm/images/land/2S/11268_3d74fde8980b.jpg","landname":"53"},{"id":281474991521996,"level":1,"status":0,"posx":12,"posy":10,"cityid":226,"townid":528,"tokenid":"3ea4c1bf89f1a17ed5ebb7c8fb46ea17","tokenurl":"/mcm/api/land?token=3ea4c1bf89f1a17ed5ebb7c8fb46ea17","imageurl":"/mcm/images/land/2S/11269_28e356d189ee.jpg","landname":"54"},{"id":281474991521997,"level":2,"status":1,"posx":21,"posy":10,"cityid":226,"townid":528,"tokenid":"98858d7037194387430269be48b85e2b","tokenurl":"/mcm/api/land?token=98858d7037194387430269be48b85e2b","imageurl":"/mcm/images/land/2A/16893_19cbc5da631e.jpg","landname":"55"},{"id":281474991521998,"level":2,"status":1,"posx":22,"posy":10,"cityid":226,"townid":528,"tokenid":"245613ceaa89a42bfc66dc5c664dd91e","tokenurl":"/mcm/api/land?token=245613ceaa89a42bfc66dc5c664dd91e","imageurl":"/mcm/images/land/2A/16894_2dc3284d816d.jpg","landname":"56"},{"id":281474991521999,"level":3,"status":1,"posx":30,"posy":10,"cityid":226,"townid":528,"tokenid":"337adcd6330d20dbee5e938f5068aacd","tokenurl":"/mcm/api/land?token=337adcd6330d20dbee5e938f5068aacd","imageurl":"/mcm/images/land/2B/28147_3c8551dde322.jpg","landname":"57"},{"id":281474991522000,"level":3,"status":1,"posx":31,"posy":10,"cityid":226,"townid":528,"tokenid":"7c6911e742bd95fdeb8abc54663ffd28","tokenurl":"/mcm/api/land?token=7c6911e742bd95fdeb8abc54663ffd28","imageurl":"/mcm/images/land/2B/28148_2fb37f60a95a.jpg","landname":"58"},{"id":281474991522001,"level":3,"status":0,"posx":33,"posy":10,"cityid":226,"townid":528,"tokenid":"576e6f12c76bd8aa66a7126b7184405d","tokenurl":"/mcm/api/land?token=576e6f12c76bd8aa66a7126b7184405d","imageurl":"/mcm/images/land/2B/28149_39be610e630a.jpg","landname":"59"},{"id":281474991522002,"level":3,"status":1,"posx":34,"posy":10,"cityid":226,"townid":528,"tokenid":"4f83d9e7ea73ade832de673519fdb94d","tokenurl":"/mcm/api/land?token=4f83d9e7ea73ade832de673519fdb94d","imageurl":"/mcm/images/land/2B/28150_1bfe47a59044.jpg","landname":"60"},{"id":281474991522003,"level":3,"status":1,"posx":11,"posy":11,"cityid":226,"townid":528,"tokenid":"dc6bc79df3bc150d6e601d2a3c4b7077","tokenurl":"/mcm/api/land?token=dc6bc79df3bc150d6e601d2a3c4b7077","imageurl":"/mcm/images/land/2B/28151_88df84130ff.jpg","landname":"61"},{"id":281474991522004,"level":3,"status":0,"posx":12,"posy":11,"cityid":226,"townid":528,"tokenid":"65af35676a6413d6c4656a3c378f2790","tokenurl":"/mcm/api/land?token=65af35676a6413d6c4656a3c378f2790","imageurl":"/mcm/images/land/2B/28152_50cc71a27845.jpg","landname":"62"},{"id":281474991522005,"level":3,"status":1,"posx":21,"posy":11,"cityid":226,"townid":528,"tokenid":"a88271f8b40066041355d7a085949036","tokenurl":"/mcm/api/land?token=a88271f8b40066041355d7a085949036","imageurl":"/mcm/images/land/2B/28153_dde75ce649a.jpg","landname":"63"},{"id":281474991522006,"level":3,"status":1,"posx":22,"posy":11,"cityid":226,"townid":528,"tokenid":"7a2ed6d5154499fa2856092b8f4c1124","tokenurl":"/mcm/api/land?token=7a2ed6d5154499fa2856092b8f4c1124","imageurl":"/mcm/images/land/2B/28154_2265167b6a94.jpg","landname":"64"},{"id":281474991522007,"level":1,"status":0,"posx":11,"posy":12,"cityid":226,"townid":528,"tokenid":"d9fa8868b2cd30c63c59c24af51106c3","tokenurl":"/mcm/api/land?token=d9fa8868b2cd30c63c59c24af51106c3","imageurl":"/mcm/images/land/2S/11270_1fcd8f198fb2.jpg","landname":"65"},{"id":281474991522008,"level":3,"status":1,"posx":12,"posy":12,"cityid":226,"townid":528,"tokenid":"8d6bb7655ff8524e54407a5171a21ce3","tokenurl":"/mcm/api/land?token=8d6bb7655ff8524e54407a5171a21ce3","imageurl":"/mcm/images/land/2B/28155_2b4009c7ab1e.jpg","landname":"66"},{"id":281474991522009,"level":3,"status":0,"posx":11,"posy":13,"cityid":226,"townid":528,"tokenid":"e579d5f36a3bc5621fe5c3a4aa715ee0","tokenurl":"/mcm/api/land?token=e579d5f36a3bc5621fe5c3a4aa715ee0","imageurl":"/mcm/images/land/2B/28156_2bd7da6deff9.jpg","landname":"67"},{"id":281474991522010,"level":2,"status":1,"posx":12,"posy":13,"cityid":226,"townid":528,"tokenid":"f92515333bf99e62ba614f7db472f96b","tokenurl":"/mcm/api/land?token=f92515333bf99e62ba614f7db472f96b","imageurl":"/mcm/images/land/2A/16895_3054135f167d.jpg","landname":"68"},{"id":281474991522011,"level":2,"status":1,"posx":11,"posy":14,"cityid":226,"townid":528,"tokenid":"1b3d2c607ecd62d49a8764f96ae81989","tokenurl":"/mcm/api/land?token=1b3d2c607ecd62d49a8764f96ae81989","imageurl":"/mcm/images/land/2A/16896_2753492790a5.jpg","landname":"69"},{"id":281474991522012,"level":2,"status":0,"posx":12,"posy":14,"cityid":226,"townid":528,"tokenid":"fcb727c144cf42d16377a360e52a1399","tokenurl":"/mcm/api/land?token=fcb727c144cf42d16377a360e52a1399","imageurl":"/mcm/images/land/2A/16897_3d9343179db0.jpg","landname":"70"},{"id":281474991522013,"level":3,"status":0,"posx":8,"posy":20,"cityid":226,"townid":528,"tokenid":"f58d065b136e0274efa7423d7d95fd56","tokenurl":"/mcm/api/land?token=f58d065b136e0274efa7423d7d95fd56","imageurl":"/mcm/images/land/2B/28157_464b72fd0f19.jpg","landname":"71"},{"id":281474991522014,"level":2,"status":1,"posx":9,"posy":20,"cityid":226,"townid":528,"tokenid":"801b094aaecfb10cd9a7d8d91a664155","tokenurl":"/mcm/api/land?token=801b094aaecfb10cd9a7d8d91a664155","imageurl":"/mcm/images/land/2A/16898_3589ef9dd86d.jpg","landname":"72"},{"id":281474991522015,"level":3,"status":0,"posx":10,"posy":20,"cityid":226,"townid":528,"tokenid":"da1782af7c65e3f5eeaa45540bd27e80","tokenurl":"/mcm/api/land?token=da1782af7c65e3f5eeaa45540bd27e80","imageurl":"/mcm/images/land/2B/28158_16fc8ec4cf8b.jpg","landname":"73"},{"id":281474991522016,"level":2,"status":1,"posx":11,"posy":20,"cityid":226,"townid":528,"tokenid":"c84a735b33be9b8983c57b2d4ea33dce","tokenurl":"/mcm/api/land?token=c84a735b33be9b8983c57b2d4ea33dce","imageurl":"/mcm/images/land/2A/16899_2920a8f5bb4c.jpg","landname":"74"},{"id":281474991522017,"level":3,"status":1,"posx":12,"posy":20,"cityid":226,"townid":528,"tokenid":"961e85e98ccb44c67104e17c32cb44ac","tokenurl":"/mcm/api/land?token=961e85e98ccb44c67104e17c32cb44ac","imageurl":"/mcm/images/land/2B/28159_6fae60b83cd.jpg","landname":"75"},{"id":281474991522018,"level":1,"status":1,"posx":8,"posy":21,"cityid":226,"townid":528,"tokenid":"a3737a50223b1843e68c89ccf9007590","tokenurl":"/mcm/api/land?token=a3737a50223b1843e68c89ccf9007590","imageurl":"/mcm/images/land/2S/11271_2278b4744913.jpg","landname":"76"},{"id":281474991522019,"level":2,"status":0,"posx":9,"posy":21,"cityid":226,"townid":528,"tokenid":"994d84d6c9353fccbe8e4dd489549183","tokenurl":"/mcm/api/land?token=994d84d6c9353fccbe8e4dd489549183","imageurl":"/mcm/images/land/2A/16900_3ea7163b4c72.jpg","landname":"77"},{"id":281474991522020,"level":3,"status":1,"posx":10,"posy":21,"cityid":226,"townid":528,"tokenid":"183518289c9e4bf11b6d7ac92e48365f","tokenurl":"/mcm/api/land?token=183518289c9e4bf11b6d7ac92e48365f","imageurl":"/mcm/images/land/2B/28160_3ade13feeb5a.jpg","landname":"78"},{"id":281474991522021,"level":3,"status":0,"posx":11,"posy":21,"cityid":226,"townid":528,"tokenid":"07255352d8913e79227fd31fb466bc50","tokenurl":"/mcm/api/land?token=07255352d8913e79227fd31fb466bc50","imageurl":"/mcm/images/land/2B/28161_3642b9b20044.jpg","landname":"79"},{"id":281474991522022,"level":1,"status":0,"posx":12,"posy":21,"cityid":226,"townid":528,"tokenid":"3fc2ec6388e594039827031cfe58c6f5","tokenurl":"/mcm/api/land?token=3fc2ec6388e594039827031cfe58c6f5","imageurl":"/mcm/images/land/2S/11272_15a9600ba379.jpg","landname":"80"},{"id":281474991522023,"level":2,"status":0,"posx":27,"posy":22,"cityid":226,"townid":528,"tokenid":"359ff8d08c445de7ab13c328fe1acd11","tokenurl":"/mcm/api/land?token=359ff8d08c445de7ab13c328fe1acd11","imageurl":"/mcm/images/land/2A/16901_1a4d1ebfa8b2.jpg","landname":"81"},{"id":281474991522024,"level":3,"status":0,"posx":28,"posy":22,"cityid":226,"townid":528,"tokenid":"a70ba16f643b0114f7a407bbd15c29e3","tokenurl":"/mcm/api/land?token=a70ba16f643b0114f7a407bbd15c29e3","imageurl":"/mcm/images/land/2B/28162_13fa6a9a9d46.jpg","landname":"82"},{"id":281474991522025,"level":2,"status":0,"posx":29,"posy":22,"cityid":226,"townid":528,"tokenid":"ed631c0e322f697e96bf8276a481c3bc","tokenurl":"/mcm/api/land?token=ed631c0e322f697e96bf8276a481c3bc","imageurl":"/mcm/images/land/2A/16902_16daf146dc8c.jpg","landname":"83"},{"id":281474991522026,"level":3,"status":0,"posx":30,"posy":22,"cityid":226,"townid":528,"tokenid":"722dcdca355abeb78ffe5f872bb6e246","tokenurl":"/mcm/api/land?token=722dcdca355abeb78ffe5f872bb6e246","imageurl":"/mcm/images/land/2B/28163_26436e401fe0.jpg","landname":"84"},{"id":281474991522027,"level":2,"status":1,"posx":31,"posy":22,"cityid":226,"townid":528,"tokenid":"f10d65570e64ec8344242caf45b53fbc","tokenurl":"/mcm/api/land?token=f10d65570e64ec8344242caf45b53fbc","imageurl":"/mcm/images/land/2A/16903_5ddfea05477.jpg","landname":"85"},{"id":281474991522028,"level":3,"status":0,"posx":27,"posy":23,"cityid":226,"townid":528,"tokenid":"0ac6a24d44058036bb1ec04dc62b8b85","tokenurl":"/mcm/api/land?token=0ac6a24d44058036bb1ec04dc62b8b85","imageurl":"/mcm/images/land/2B/28164_51dd5212e334.jpg","landname":"86"},{"id":281474991522029,"level":3,"status":0,"posx":28,"posy":23,"cityid":226,"townid":528,"tokenid":"eaf8b9bc21bd81e256d78d2fff8c6583","tokenurl":"/mcm/api/land?token=eaf8b9bc21bd81e256d78d2fff8c6583","imageurl":"/mcm/images/land/2B/28165_27c89a9f6667.jpg","landname":"87"},{"id":281474991522030,"level":2,"status":1,"posx":29,"posy":23,"cityid":226,"townid":528,"tokenid":"eba70ee1d706ba256dbbc1e80e6f39aa","tokenurl":"/mcm/api/land?token=eba70ee1d706ba256dbbc1e80e6f39aa","imageurl":"/mcm/images/land/2A/16904_200a19394942.jpg","landname":"88"},{"id":281474991522031,"level":1,"status":1,"posx":30,"posy":23,"cityid":226,"townid":528,"tokenid":"bbe060f7307583a2bfe4367104177bf5","tokenurl":"/mcm/api/land?token=bbe060f7307583a2bfe4367104177bf5","imageurl":"/mcm/images/land/2S/11273_204b35af5870.jpg","landname":"89"},{"id":281474991522032,"level":1,"status":1,"posx":31,"posy":23,"cityid":226,"townid":528,"tokenid":"648bf42343dce40c3a9f91ddd70d777f","tokenurl":"/mcm/api/land?token=648bf42343dce40c3a9f91ddd70d777f","imageurl":"/mcm/images/land/2S/11274_a6db4c05a5b.jpg","landname":"90"},{"id":281474991522033,"level":1,"status":0,"posx":8,"posy":24,"cityid":226,"townid":528,"tokenid":"88de884db3cac3c0006516101f8e60b8","tokenurl":"/mcm/api/land?token=88de884db3cac3c0006516101f8e60b8","imageurl":"/mcm/images/land/2S/11275_4fa63de52752.jpg","landname":"91"},{"id":281474991522034,"level":2,"status":0,"posx":9,"posy":24,"cityid":226,"townid":528,"tokenid":"85bc802898cb256efcd7cf756a801afc","tokenurl":"/mcm/api/land?token=85bc802898cb256efcd7cf756a801afc","imageurl":"/mcm/images/land/2A/16905_1ffeb1903ee9.jpg","landname":"92"},{"id":281474991522035,"level":3,"status":1,"posx":10,"posy":24,"cityid":226,"townid":528,"tokenid":"c325098078b6a2484dad2f2832468954","tokenurl":"/mcm/api/land?token=c325098078b6a2484dad2f2832468954","imageurl":"/mcm/images/land/2B/28166_4ec542dcdf34.jpg","landname":"93"},{"id":281474991522036,"level":3,"status":1,"posx":11,"posy":24,"cityid":226,"townid":528,"tokenid":"c131d3e45a72584cd86e6287ca80e81e","tokenurl":"/mcm/api/land?token=c131d3e45a72584cd86e6287ca80e81e","imageurl":"/mcm/images/land/2B/28167_2f88ca91b87d.jpg","landname":"94"},{"id":281474991522037,"level":3,"status":0,"posx":12,"posy":24,"cityid":226,"townid":528,"tokenid":"044db603f77485acbaf57ab2a6dbf015","tokenurl":"/mcm/api/land?token=044db603f77485acbaf57ab2a6dbf015","imageurl":"/mcm/images/land/2B/28168_446575778be0.jpg","landname":"95"},{"id":281474991522038,"level":3,"status":1,"posx":17,"posy":24,"cityid":226,"townid":528,"tokenid":"cc77973929578e083afc1806aa1a4988","tokenurl":"/mcm/api/land?token=cc77973929578e083afc1806aa1a4988","imageurl":"/mcm/images/land/2B/28169_18ef8c5c172b.jpg","landname":"96"},{"id":281474991522039,"level":3,"status":0,"posx":18,"posy":24,"cityid":226,"townid":528,"tokenid":"26f908dde36566a60ea4f7bd274bd867","tokenurl":"/mcm/api/land?token=26f908dde36566a60ea4f7bd274bd867","imageurl":"/mcm/images/land/2B/28170_278a51b48819.jpg","landname":"97"},{"id":281474991522040,"level":3,"status":1,"posx":19,"posy":24,"cityid":226,"townid":528,"tokenid":"3b10d55c76df313ec7ffc6a9c23c6d83","tokenurl":"/mcm/api/land?token=3b10d55c76df313ec7ffc6a9c23c6d83","imageurl":"/mcm/images/land/2B/28171_3450d6e02739.jpg","landname":"98"},{"id":281474991522041,"level":3,"status":0,"posx":20,"posy":24,"cityid":226,"townid":528,"tokenid":"5738afe8053104f128f02668c127a92b","tokenurl":"/mcm/api/land?token=5738afe8053104f128f02668c127a92b","imageurl":"/mcm/images/land/2B/28172_55d67099a84f.jpg","landname":"99"},{"id":281474991522042,"level":2,"status":0,"posx":21,"posy":24,"cityid":226,"townid":528,"tokenid":"f82cc03bd06bd5c023913fd64e2b49ca","tokenurl":"/mcm/api/land?token=f82cc03bd06bd5c023913fd64e2b49ca","imageurl":"/mcm/images/land/2A/16906_1cbdbee563d2.jpg","landname":"100"},{"id":281474991522043,"level":3,"status":1,"posx":8,"posy":25,"cityid":226,"townid":528,"tokenid":"b519c044755d4bbcda063953d7db8020","tokenurl":"/mcm/api/land?token=b519c044755d4bbcda063953d7db8020","imageurl":"/mcm/images/land/2B/28173_457f2373f6a6.jpg","landname":"101"},{"id":281474991522044,"level":1,"status":1,"posx":9,"posy":25,"cityid":226,"townid":528,"tokenid":"cf45a35c3152f7dfeb7206da9c88c997","tokenurl":"/mcm/api/land?token=cf45a35c3152f7dfeb7206da9c88c997","imageurl":"/mcm/images/land/2S/11276_3bbbfa3678ff.jpg","landname":"102"},{"id":281474991522045,"level":3,"status":0,"posx":10,"posy":25,"cityid":226,"townid":528,"tokenid":"088671adf3fdc77034258bce573cea0d","tokenurl":"/mcm/api/land?token=088671adf3fdc77034258bce573cea0d","imageurl":"/mcm/images/land/2B/28174_1423be7fdda6.jpg","landname":"103"},{"id":281474991522046,"level":3,"status":0,"posx":11,"posy":25,"cityid":226,"townid":528,"tokenid":"af37752cdc670c8b62a2a8d5a6edebfd","tokenurl":"/mcm/api/land?token=af37752cdc670c8b62a2a8d5a6edebfd","imageurl":"/mcm/images/land/2B/28175_2bd8c5613052.jpg","landname":"104"},{"id":281474991522047,"level":3,"status":1,"posx":12,"posy":25,"cityid":226,"townid":528,"tokenid":"be3aba57b43b037bda2c7b7d41969fed","tokenurl":"/mcm/api/land?token=be3aba57b43b037bda2c7b7d41969fed","imageurl":"/mcm/images/land/2B/28176_a8ab901e60a.jpg","landname":"105"},{"id":281474991522048,"level":2,"status":1,"posx":17,"posy":25,"cityid":226,"townid":528,"tokenid":"c68a5073f34145314170f38fff2d9e32","tokenurl":"/mcm/api/land?token=c68a5073f34145314170f38fff2d9e32","imageurl":"/mcm/images/land/2A/16907_163b15d45fb1.jpg","landname":"106"},{"id":281474991522049,"level":3,"status":1,"posx":18,"posy":25,"cityid":226,"townid":528,"tokenid":"3ec1b0afc2ef1d249d05a098f99388d0","tokenurl":"/mcm/api/land?token=3ec1b0afc2ef1d249d05a098f99388d0","imageurl":"/mcm/images/land/2B/28177_22922a1458b7.jpg","landname":"107"},{"id":281474991522050,"level":3,"status":0,"posx":19,"posy":25,"cityid":226,"townid":528,"tokenid":"1d5a481043de07101e8012c403b659d4","tokenurl":"/mcm/api/land?token=1d5a481043de07101e8012c403b659d4","imageurl":"/mcm/images/land/2B/28178_3e05234cd435.jpg","landname":"108"},{"id":281474991522051,"level":3,"status":1,"posx":20,"posy":25,"cityid":226,"townid":528,"tokenid":"81df301060058358f2136f161dd92514","tokenurl":"/mcm/api/land?token=81df301060058358f2136f161dd92514","imageurl":"/mcm/images/land/2B/28179_4ce42250baec.jpg","landname":"109"},{"id":281474991522052,"level":3,"status":0,"posx":21,"posy":25,"cityid":226,"townid":528,"tokenid":"171075ae73feb058442a77b0d331a95d","tokenurl":"/mcm/api/land?token=171075ae73feb058442a77b0d331a95d","imageurl":"/mcm/images/land/2B/28180_1e8ab5c10f51.jpg","landname":"110"},{"id":281474991522053,"level":3,"status":1,"posx":27,"posy":26,"cityid":226,"townid":528,"tokenid":"38110858446c4c9bd9b04031d63a2077","tokenurl":"/mcm/api/land?token=38110858446c4c9bd9b04031d63a2077","imageurl":"/mcm/images/land/2B/28181_ca621ab7561.jpg","landname":"111"},{"id":281474991522054,"level":2,"status":0,"posx":28,"posy":26,"cityid":226,"townid":528,"tokenid":"5646f21c030056d72856b16764984311","tokenurl":"/mcm/api/land?token=5646f21c030056d72856b16764984311","imageurl":"/mcm/images/land/2A/16908_41b4fe8a3457.jpg","landname":"112"},{"id":281474991522055,"level":3,"status":1,"posx":27,"posy":27,"cityid":226,"townid":528,"tokenid":"915c6f0b8e413c3d5c780431df4b3cc1","tokenurl":"/mcm/api/land?token=915c6f0b8e413c3d5c780431df4b3cc1","imageurl":"/mcm/images/land/2B/28182_41ed41a0b40c.jpg","landname":"113"},{"id":281474991522056,"level":2,"status":0,"posx":28,"posy":27,"cityid":226,"townid":528,"tokenid":"b80b670cdc184e2f0f7aa7ddfacb930b","tokenurl":"/mcm/api/land?token=b80b670cdc184e2f0f7aa7ddfacb930b","imageurl":"/mcm/images/land/2A/16909_1ca441a56e43.jpg","landname":"114"},{"id":281474991522057,"level":2,"status":1,"posx":32,"posy":27,"cityid":226,"townid":528,"tokenid":"be91c0d949b0eca49af0a1984a8a9639","tokenurl":"/mcm/api/land?token=be91c0d949b0eca49af0a1984a8a9639","imageurl":"/mcm/images/land/2A/16910_4d3ac0f39d6.jpg","landname":"115"},{"id":281474991522058,"level":3,"status":0,"posx":33,"posy":27,"cityid":226,"townid":528,"tokenid":"6f23437c4f0efbf46bba946b94ffd90c","tokenurl":"/mcm/api/land?token=6f23437c4f0efbf46bba946b94ffd90c","imageurl":"/mcm/images/land/2B/28183_296dcf33d906.jpg","landname":"116"},{"id":281474991522059,"level":1,"status":1,"posx":8,"posy":28,"cityid":226,"townid":528,"tokenid":"f7f89863be4e7a96a0024d8423d1e661","tokenurl":"/mcm/api/land?token=f7f89863be4e7a96a0024d8423d1e661","imageurl":"/mcm/images/land/2S/11277_2ae56744b440.jpg","landname":"117"},{"id":281474991522060,"level":3,"status":1,"posx":9,"posy":28,"cityid":226,"townid":528,"tokenid":"3b124db0ba567123b93fd71bd1bdc5c3","tokenurl":"/mcm/api/land?token=3b124db0ba567123b93fd71bd1bdc5c3","imageurl":"/mcm/images/land/2B/28184_2d569df719c1.jpg","landname":"118"},{"id":281474991522061,"level":2,"status":1,"posx":10,"posy":28,"cityid":226,"townid":528,"tokenid":"2b49eb2598fce77eafbe12f55765fb69","tokenurl":"/mcm/api/land?token=2b49eb2598fce77eafbe12f55765fb69","imageurl":"/mcm/images/land/2A/16911_39fba8e1e255.jpg","landname":"119"},{"id":281474991522062,"level":2,"status":1,"posx":11,"posy":28,"cityid":226,"townid":528,"tokenid":"5746653a242afb5993746a36dae14fcf","tokenurl":"/mcm/api/land?token=5746653a242afb5993746a36dae14fcf","imageurl":"/mcm/images/land/2A/16912_237610636058.jpg","landname":"120"},{"id":281474991522063,"level":3,"status":0,"posx":12,"posy":28,"cityid":226,"townid":528,"tokenid":"94e078cfe18f03906789250943a4e4db","tokenurl":"/mcm/api/land?token=94e078cfe18f03906789250943a4e4db","imageurl":"/mcm/images/land/2B/28185_2995751f4d0.jpg","landname":"121"},{"id":281474991522064,"level":3,"status":0,"posx":17,"posy":28,"cityid":226,"townid":528,"tokenid":"0be0ac10190e5d859a2bbe28bb9ee867","tokenurl":"/mcm/api/land?token=0be0ac10190e5d859a2bbe28bb9ee867","imageurl":"/mcm/images/land/2B/28186_23e27717834b.jpg","landname":"122"},{"id":281474991522065,"level":1,"status":1,"posx":18,"posy":28,"cityid":226,"townid":528,"tokenid":"fa4fdd864a3a94ec3b8597e600a9809f","tokenurl":"/mcm/api/land?token=fa4fdd864a3a94ec3b8597e600a9809f","imageurl":"/mcm/images/land/2S/11278_1e9888f36e76.jpg","landname":"123"},{"id":281474991522066,"level":3,"status":1,"posx":19,"posy":28,"cityid":226,"townid":528,"tokenid":"9043454aaa5560caf5aa9ded92994de3","tokenurl":"/mcm/api/land?token=9043454aaa5560caf5aa9ded92994de3","imageurl":"/mcm/images/land/2B/28187_3d6f2f9cd7f6.jpg","landname":"124"},{"id":281474991522067,"level":2,"status":1,"posx":20,"posy":28,"cityid":226,"townid":528,"tokenid":"6ff13ac9acfa0a4c619b90074191aa2d","tokenurl":"/mcm/api/land?token=6ff13ac9acfa0a4c619b90074191aa2d","imageurl":"/mcm/images/land/2A/16913_e56c6938aa2.jpg","landname":"125"},{"id":281474991522068,"level":3,"status":1,"posx":21,"posy":28,"cityid":226,"townid":528,"tokenid":"095944fb108b88b80aede2487c12f75e","tokenurl":"/mcm/api/land?token=095944fb108b88b80aede2487c12f75e","imageurl":"/mcm/images/land/2B/28188_177bb424d80b.jpg","landname":"126"},{"id":281474991522069,"level":2,"status":1,"posx":27,"posy":28,"cityid":226,"townid":528,"tokenid":"958626143599a482131cc93308d73157","tokenurl":"/mcm/api/land?token=958626143599a482131cc93308d73157","imageurl":"/mcm/images/land/2A/16914_4b6f07d42ad.jpg","landname":"127"},{"id":281474991522070,"level":3,"status":0,"posx":28,"posy":28,"cityid":226,"townid":528,"tokenid":"ec14b7cfc49192de83728e71d4405ea8","tokenurl":"/mcm/api/land?token=ec14b7cfc49192de83728e71d4405ea8","imageurl":"/mcm/images/land/2B/28189_472676efea8e.jpg","landname":"128"},{"id":281474991522071,"level":3,"status":0,"posx":32,"posy":28,"cityid":226,"townid":528,"tokenid":"0644ccf13db3c1544aa84abfc010da42","tokenurl":"/mcm/api/land?token=0644ccf13db3c1544aa84abfc010da42","imageurl":"/mcm/images/land/2B/28190_2c006ffd8983.jpg","landname":"129"},{"id":281474991522072,"level":3,"status":1,"posx":33,"posy":28,"cityid":226,"townid":528,"tokenid":"5e77ea5652f2df98f20729564cb73f19","tokenurl":"/mcm/api/land?token=5e77ea5652f2df98f20729564cb73f19","imageurl":"/mcm/images/land/2B/28191_1f63578b9eb5.jpg","landname":"130"},{"id":281474991522073,"level":2,"status":0,"posx":8,"posy":29,"cityid":226,"townid":528,"tokenid":"a8d7bcc39a19dc34c1fa958b7f5be501","tokenurl":"/mcm/api/land?token=a8d7bcc39a19dc34c1fa958b7f5be501","imageurl":"/mcm/images/land/2A/16915_2f54e43f78b.jpg","landname":"131"},{"id":281474991522074,"level":3,"status":1,"posx":9,"posy":29,"cityid":226,"townid":528,"tokenid":"ea813945fbe3a28f467cf0ada1a14805","tokenurl":"/mcm/api/land?token=ea813945fbe3a28f467cf0ada1a14805","imageurl":"/mcm/images/land/2B/28192_17556783e2b0.jpg","landname":"132"},{"id":281474991522075,"level":2,"status":0,"posx":10,"posy":29,"cityid":226,"townid":528,"tokenid":"3081051410b12c1b188b4f038cbb927b","tokenurl":"/mcm/api/land?token=3081051410b12c1b188b4f038cbb927b","imageurl":"/mcm/images/land/2A/16916_466af46b267e.jpg","landname":"133"},{"id":281474991522076,"level":1,"status":1,"posx":11,"posy":29,"cityid":226,"townid":528,"tokenid":"4c715ef12a26976d9083c79f28263013","tokenurl":"/mcm/api/land?token=4c715ef12a26976d9083c79f28263013","imageurl":"/mcm/images/land/2S/11279_2ccae721892b.jpg","landname":"134"},{"id":281474991522077,"level":3,"status":0,"posx":12,"posy":29,"cityid":226,"townid":528,"tokenid":"1afa1e4f4bea162867b01e6e1c7c0adc","tokenurl":"/mcm/api/land?token=1afa1e4f4bea162867b01e6e1c7c0adc","imageurl":"/mcm/images/land/2B/28193_1bf29ce0548c.jpg","landname":"135"},{"id":281474991522078,"level":3,"status":0,"posx":17,"posy":29,"cityid":226,"townid":528,"tokenid":"5cf1b7d39d4a9798ce7ca4baf525d957","tokenurl":"/mcm/api/land?token=5cf1b7d39d4a9798ce7ca4baf525d957","imageurl":"/mcm/images/land/2B/28194_3e06d67b0ac2.jpg","landname":"136"},{"id":281474991522079,"level":2,"status":1,"posx":18,"posy":29,"cityid":226,"townid":528,"tokenid":"cad639eb4714ca9c98512eedbbacf74f","tokenurl":"/mcm/api/land?token=cad639eb4714ca9c98512eedbbacf74f","imageurl":"/mcm/images/land/2A/16917_a6cbc988a1d.jpg","landname":"137"},{"id":281474991522080,"level":1,"status":1,"posx":19,"posy":29,"cityid":226,"townid":528,"tokenid":"9ffad4db949c4800f29c9a09a542b267","tokenurl":"/mcm/api/land?token=9ffad4db949c4800f29c9a09a542b267","imageurl":"/mcm/images/land/2S/11280_5181f8c37eca.jpg","landname":"138"},{"id":281474991522081,"level":3,"status":0,"posx":20,"posy":29,"cityid":226,"townid":528,"tokenid":"7af04a281103731be4eade3ec7f450a6","tokenurl":"/mcm/api/land?token=7af04a281103731be4eade3ec7f450a6","imageurl":"/mcm/images/land/2B/28195_1981eaf192e7.jpg","landname":"139"},{"id":281474991522082,"level":3,"status":0,"posx":21,"posy":29,"cityid":226,"townid":528,"tokenid":"4a8b92e7a92c08e3073ba19e75b3ffe0","tokenurl":"/mcm/api/land?token=4a8b92e7a92c08e3073ba19e75b3ffe0","imageurl":"/mcm/images/land/2B/28196_e3f7bd48c61.jpg","landname":"140"},{"id":281474991522083,"level":3,"status":0,"posx":27,"posy":29,"cityid":226,"townid":528,"tokenid":"758759d978e636a031edea9213fe0820","tokenurl":"/mcm/api/land?token=758759d978e636a031edea9213fe0820","imageurl":"/mcm/images/land/2B/28197_4e7b12865481.jpg","landname":"141"},{"id":281474991522084,"level":3,"status":0,"posx":28,"posy":29,"cityid":226,"townid":528,"tokenid":"9d38d7f6fbf995f6ce34bf0058954077","tokenurl":"/mcm/api/land?token=9d38d7f6fbf995f6ce34bf0058954077","imageurl":"/mcm/images/land/2B/28198_333cee75c922.jpg","landname":"142"},{"id":281474991522085,"level":3,"status":1,"posx":32,"posy":29,"cityid":226,"townid":528,"tokenid":"bf7ee99b5fc1afe4491617a62986f7bb","tokenurl":"/mcm/api/land?token=bf7ee99b5fc1afe4491617a62986f7bb","imageurl":"/mcm/images/land/2B/28199_2a075d1eba56.jpg","landname":"143"},{"id":281474991522086,"level":1,"status":1,"posx":33,"posy":29,"cityid":226,"townid":528,"tokenid":"8318a440f46e8c493ebcf02839605919","tokenurl":"/mcm/api/land?token=8318a440f46e8c493ebcf02839605919","imageurl":"/mcm/images/land/2S/11281_16d0edd28164.jpg","landname":"144"},{"id":281474991522087,"level":2,"status":1,"posx":27,"posy":30,"cityid":226,"townid":528,"tokenid":"53b1637573a90af33438ea4f8d64f123","tokenurl":"/mcm/api/land?token=53b1637573a90af33438ea4f8d64f123","imageurl":"/mcm/images/land/2A/16918_4cce77c8c04c.jpg","landname":"145"},{"id":281474991522088,"level":2,"status":1,"posx":28,"posy":30,"cityid":226,"townid":528,"tokenid":"00f01b7ced269bc7d132e033560ecf26","tokenurl":"/mcm/api/land?token=00f01b7ced269bc7d132e033560ecf26","imageurl":"/mcm/images/land/2A/16919_4f265e0e7725.jpg","landname":"146"},{"id":281474991522089,"level":2,"status":0,"posx":32,"posy":30,"cityid":226,"townid":528,"tokenid":"88974182faa972d2841b5d2de4ba2d7a","tokenurl":"/mcm/api/land?token=88974182faa972d2841b5d2de4ba2d7a","imageurl":"/mcm/images/land/2A/16920_2d567bd3953e.jpg","landname":"147"},{"id":281474991522090,"level":3,"status":1,"posx":33,"posy":30,"cityid":226,"townid":528,"tokenid":"0b62eaba689f2df7d95c9498bc1c798f","tokenurl":"/mcm/api/land?token=0b62eaba689f2df7d95c9498bc1c798f","imageurl":"/mcm/images/land/2B/28200_1212dfa5c970.jpg","landname":"148"},{"id":281474991522091,"level":2,"status":1,"posx":32,"posy":31,"cityid":226,"townid":528,"tokenid":"e65d6aa8fa3e49a1e4d3206057dfa27c","tokenurl":"/mcm/api/land?token=e65d6aa8fa3e49a1e4d3206057dfa27c","imageurl":"/mcm/images/land/2A/16921_125b5d5a36c5.jpg","landname":"149"},{"id":281474991522092,"level":3,"status":1,"posx":33,"posy":31,"cityid":226,"townid":528,"tokenid":"cea8a71d029aaef9c7c903090026ce9e","tokenurl":"/mcm/api/land?token=cea8a71d029aaef9c7c903090026ce9e","imageurl":"/mcm/images/land/2B/28201_1613aedd551d.jpg","landname":"150"}]]],0,0,[],[],[]]
