[1,0,0,[["cc.JsonAsset",["_name","json"],1]],[[0,0,1,3]],[[0,"697",[{"id":281474997092353,"level":3,"status":0,"posx":32,"posy":5,"cityid":311,"townid":697,"tokenid":"2580f371efd6f738776763a440bfe819","tokenurl":"/mcm/api/land?token=2580f371efd6f738776763a440bfe819","imageurl":"/mcm/images/land/2B/10202_c2ffd3de528.jpg","landname":"1"},{"id":281474997092354,"level":3,"status":0,"posx":33,"posy":5,"cityid":311,"townid":697,"tokenid":"d113a097047f82ed3adad4d9662fb96a","tokenurl":"/mcm/api/land?token=d113a097047f82ed3adad4d9662fb96a","imageurl":"/mcm/images/land/2B/10203_c515a25d32e.jpg","landname":"2"},{"id":281474997092355,"level":3,"status":0,"posx":5,"posy":6,"cityid":311,"townid":697,"tokenid":"eac89c2011bc1dd551805fcc76f30b79","tokenurl":"/mcm/api/land?token=eac89c2011bc1dd551805fcc76f30b79","imageurl":"/mcm/images/land/2B/10204_717c2d7c3e3.jpg","landname":"3"},{"id":281474997092356,"level":1,"status":1,"posx":6,"posy":6,"cityid":311,"townid":697,"tokenid":"237fbcf99417c2b2812ce66698186b5a","tokenurl":"/mcm/api/land?token=237fbcf99417c2b2812ce66698186b5a","imageurl":"/mcm/images/land/2S/4082_2e7866c31b3e.jpg","landname":"4"},{"id":281474997092357,"level":1,"status":0,"posx":21,"posy":6,"cityid":311,"townid":697,"tokenid":"7a7d1239ea57cb0e07e64c104ec70716","tokenurl":"/mcm/api/land?token=7a7d1239ea57cb0e07e64c104ec70716","imageurl":"/mcm/images/land/2S/4083_170f90b81e8e.jpg","landname":"5"},{"id":281474997092358,"level":3,"status":1,"posx":22,"posy":6,"cityid":311,"townid":697,"tokenid":"42c8c7a75fcf0206ef5a1ecd704089c7","tokenurl":"/mcm/api/land?token=42c8c7a75fcf0206ef5a1ecd704089c7","imageurl":"/mcm/images/land/2B/10205_3a238157cc7d.jpg","landname":"6"},{"id":281474997092359,"level":2,"status":1,"posx":23,"posy":6,"cityid":311,"townid":697,"tokenid":"907df9d6c21e3fc4412ebdfea24cc25f","tokenurl":"/mcm/api/land?token=907df9d6c21e3fc4412ebdfea24cc25f","imageurl":"/mcm/images/land/2A/6122_3cdfc8d0115f.jpg","landname":"7"},{"id":281474997092360,"level":3,"status":0,"posx":24,"posy":6,"cityid":311,"townid":697,"tokenid":"d91fac9374d5dd508e325a1034a5a962","tokenurl":"/mcm/api/land?token=d91fac9374d5dd508e325a1034a5a962","imageurl":"/mcm/images/land/2B/10206_d3bd681fc3d.jpg","landname":"8"},{"id":281474997092361,"level":1,"status":1,"posx":25,"posy":6,"cityid":311,"townid":697,"tokenid":"1f561d7e4be8a6b9856b11fd2490b5f9","tokenurl":"/mcm/api/land?token=1f561d7e4be8a6b9856b11fd2490b5f9","imageurl":"/mcm/images/land/2S/4084_25572ced99c.jpg","landname":"9"},{"id":281474997092362,"level":3,"status":1,"posx":32,"posy":6,"cityid":311,"townid":697,"tokenid":"29ac61e2227883cd8075e86ab6aeabb1","tokenurl":"/mcm/api/land?token=29ac61e2227883cd8075e86ab6aeabb1","imageurl":"/mcm/images/land/2B/10207_444e6d8f623a.jpg","landname":"10"},{"id":281474997092363,"level":3,"status":1,"posx":33,"posy":6,"cityid":311,"townid":697,"tokenid":"d171e9791785ba174bd944382928a794","tokenurl":"/mcm/api/land?token=d171e9791785ba174bd944382928a794","imageurl":"/mcm/images/land/2B/10208_3d4740dc3be5.jpg","landname":"11"},{"id":281474997092364,"level":1,"status":0,"posx":5,"posy":7,"cityid":311,"townid":697,"tokenid":"46efbbfbc369027eef3801638863beba","tokenurl":"/mcm/api/land?token=46efbbfbc369027eef3801638863beba","imageurl":"/mcm/images/land/2S/4085_1ca668fe2c7c.jpg","landname":"12"},{"id":281474997092365,"level":2,"status":0,"posx":6,"posy":7,"cityid":311,"townid":697,"tokenid":"1171d2651fed87b492b456fb67f00864","tokenurl":"/mcm/api/land?token=1171d2651fed87b492b456fb67f00864","imageurl":"/mcm/images/land/2A/6123_4dc9c9095e13.jpg","landname":"13"},{"id":281474997092366,"level":2,"status":0,"posx":21,"posy":7,"cityid":311,"townid":697,"tokenid":"0ad86931d39790616204e7077005aed8","tokenurl":"/mcm/api/land?token=0ad86931d39790616204e7077005aed8","imageurl":"/mcm/images/land/2A/6124_3dbf9ae2d21c.jpg","landname":"14"},{"id":281474997092367,"level":3,"status":1,"posx":22,"posy":7,"cityid":311,"townid":697,"tokenid":"0c5b88a6514e63b2b482cade20759682","tokenurl":"/mcm/api/land?token=0c5b88a6514e63b2b482cade20759682","imageurl":"/mcm/images/land/2B/10209_3cd658202a26.jpg","landname":"15"},{"id":281474997092368,"level":1,"status":0,"posx":23,"posy":7,"cityid":311,"townid":697,"tokenid":"a5b2e103bd0a80d8688a97b5be90154b","tokenurl":"/mcm/api/land?token=a5b2e103bd0a80d8688a97b5be90154b","imageurl":"/mcm/images/land/2S/4086_27419c3fcf78.jpg","landname":"16"},{"id":281474997092369,"level":3,"status":1,"posx":24,"posy":7,"cityid":311,"townid":697,"tokenid":"1bfd6bdb699489f9f819a296b7da7298","tokenurl":"/mcm/api/land?token=1bfd6bdb699489f9f819a296b7da7298","imageurl":"/mcm/images/land/2B/10210_1280cc11504d.jpg","landname":"17"},{"id":281474997092370,"level":1,"status":0,"posx":25,"posy":7,"cityid":311,"townid":697,"tokenid":"003909ab415f5746f32362fa5fd456c0","tokenurl":"/mcm/api/land?token=003909ab415f5746f32362fa5fd456c0","imageurl":"/mcm/images/land/2S/4087_557d58fb1058.jpg","landname":"18"},{"id":281474997092371,"level":2,"status":1,"posx":32,"posy":7,"cityid":311,"townid":697,"tokenid":"24fd40086d36c46ea67c2f0ea22496a2","tokenurl":"/mcm/api/land?token=24fd40086d36c46ea67c2f0ea22496a2","imageurl":"/mcm/images/land/2A/6125_53b574ad8230.jpg","landname":"19"},{"id":281474997092372,"level":1,"status":0,"posx":33,"posy":7,"cityid":311,"townid":697,"tokenid":"c815b8225790c0661d9e2fab4bec5af1","tokenurl":"/mcm/api/land?token=c815b8225790c0661d9e2fab4bec5af1","imageurl":"/mcm/images/land/2S/4088_45d221fe9204.jpg","landname":"20"},{"id":281474997092373,"level":3,"status":1,"posx":5,"posy":8,"cityid":311,"townid":697,"tokenid":"7947c748fb778a86921f9db6ff932035","tokenurl":"/mcm/api/land?token=7947c748fb778a86921f9db6ff932035","imageurl":"/mcm/images/land/2B/10211_1c77d682129b.jpg","landname":"21"},{"id":281474997092374,"level":2,"status":1,"posx":6,"posy":8,"cityid":311,"townid":697,"tokenid":"1f88db7b154979332c3856234ef0fd4d","tokenurl":"/mcm/api/land?token=1f88db7b154979332c3856234ef0fd4d","imageurl":"/mcm/images/land/2A/6126_58f9e84c7644.jpg","landname":"22"},{"id":281474997092375,"level":3,"status":0,"posx":32,"posy":8,"cityid":311,"townid":697,"tokenid":"25812279e8b89281634989f81b27081c","tokenurl":"/mcm/api/land?token=25812279e8b89281634989f81b27081c","imageurl":"/mcm/images/land/2B/10212_119dd89414c7.jpg","landname":"23"},{"id":281474997092376,"level":3,"status":1,"posx":33,"posy":8,"cityid":311,"townid":697,"tokenid":"99ec9d4cfb9021593de20e498d672f53","tokenurl":"/mcm/api/land?token=99ec9d4cfb9021593de20e498d672f53","imageurl":"/mcm/images/land/2B/10213_20410957df83.jpg","landname":"24"},{"id":281474997092377,"level":3,"status":1,"posx":5,"posy":9,"cityid":311,"townid":697,"tokenid":"24a244b1cfd53f13ee14f87d71fc841c","tokenurl":"/mcm/api/land?token=24a244b1cfd53f13ee14f87d71fc841c","imageurl":"/mcm/images/land/2B/10214_2c55a79d1669.jpg","landname":"25"},{"id":281474997092378,"level":2,"status":1,"posx":6,"posy":9,"cityid":311,"townid":697,"tokenid":"0f4e6948e514d99ca71952fb6356b877","tokenurl":"/mcm/api/land?token=0f4e6948e514d99ca71952fb6356b877","imageurl":"/mcm/images/land/2A/6127_365e56cea4d8.jpg","landname":"26"},{"id":281474997092379,"level":2,"status":0,"posx":32,"posy":9,"cityid":311,"townid":697,"tokenid":"64988fda450ddae422cd1f8349de1bce","tokenurl":"/mcm/api/land?token=64988fda450ddae422cd1f8349de1bce","imageurl":"/mcm/images/land/2A/6128_3595108d3066.jpg","landname":"27"},{"id":281474997092380,"level":3,"status":1,"posx":33,"posy":9,"cityid":311,"townid":697,"tokenid":"f84d06291ed9002c50eca86b785122fd","tokenurl":"/mcm/api/land?token=f84d06291ed9002c50eca86b785122fd","imageurl":"/mcm/images/land/2B/10215_10c57b80d27f.jpg","landname":"28"},{"id":281474997092381,"level":2,"status":1,"posx":5,"posy":10,"cityid":311,"townid":697,"tokenid":"49c65e5b8658ec4e4ec8241307c2b831","tokenurl":"/mcm/api/land?token=49c65e5b8658ec4e4ec8241307c2b831","imageurl":"/mcm/images/land/2A/6129_2c628548d122.jpg","landname":"29"},{"id":281474997092382,"level":1,"status":0,"posx":6,"posy":10,"cityid":311,"townid":697,"tokenid":"5bc046043545a9c165509536a4327ad8","tokenurl":"/mcm/api/land?token=5bc046043545a9c165509536a4327ad8","imageurl":"/mcm/images/land/2S/4089_30b3b2aa931.jpg","landname":"30"},{"id":281474997092383,"level":2,"status":0,"posx":8,"posy":10,"cityid":311,"townid":697,"tokenid":"3bb7c1dab4fa163fcf37cbad292df60d","tokenurl":"/mcm/api/land?token=3bb7c1dab4fa163fcf37cbad292df60d","imageurl":"/mcm/images/land/2A/6130_363b959c62d5.jpg","landname":"31"},{"id":281474997092384,"level":2,"status":0,"posx":9,"posy":10,"cityid":311,"townid":697,"tokenid":"1b70b2e05aecd6cb0694aa000f60746f","tokenurl":"/mcm/api/land?token=1b70b2e05aecd6cb0694aa000f60746f","imageurl":"/mcm/images/land/2A/6131_ee31818d50d.jpg","landname":"32"},{"id":281474997092385,"level":2,"status":0,"posx":23,"posy":10,"cityid":311,"townid":697,"tokenid":"0d426b5d2416d458c88b6a41a7f0a8ce","tokenurl":"/mcm/api/land?token=0d426b5d2416d458c88b6a41a7f0a8ce","imageurl":"/mcm/images/land/2A/6132_40756edab371.jpg","landname":"33"},{"id":281474997092386,"level":3,"status":1,"posx":24,"posy":10,"cityid":311,"townid":697,"tokenid":"983c5de566da2ccb467d0537ff244d92","tokenurl":"/mcm/api/land?token=983c5de566da2ccb467d0537ff244d92","imageurl":"/mcm/images/land/2B/10216_4c1463896d04.jpg","landname":"34"},{"id":281474997092387,"level":3,"status":0,"posx":8,"posy":11,"cityid":311,"townid":697,"tokenid":"ead2186c1679721f1aca4611d867d5f1","tokenurl":"/mcm/api/land?token=ead2186c1679721f1aca4611d867d5f1","imageurl":"/mcm/images/land/2B/10217_193c4ef535a1.jpg","landname":"35"},{"id":281474997092388,"level":1,"status":0,"posx":9,"posy":11,"cityid":311,"townid":697,"tokenid":"388d35cab503a69c5fc75dc1fb8aee36","tokenurl":"/mcm/api/land?token=388d35cab503a69c5fc75dc1fb8aee36","imageurl":"/mcm/images/land/2S/4090_3dd0d2da053f.jpg","landname":"36"},{"id":281474997092389,"level":2,"status":1,"posx":23,"posy":11,"cityid":311,"townid":697,"tokenid":"3db120b4411813e8a09f91e678c3bb60","tokenurl":"/mcm/api/land?token=3db120b4411813e8a09f91e678c3bb60","imageurl":"/mcm/images/land/2A/6133_1cefb827b5c5.jpg","landname":"37"},{"id":281474997092390,"level":3,"status":0,"posx":24,"posy":11,"cityid":311,"townid":697,"tokenid":"a18f72806050c6e0c71ed013f1662ff3","tokenurl":"/mcm/api/land?token=a18f72806050c6e0c71ed013f1662ff3","imageurl":"/mcm/images/land/2B/10218_53156fad12fe.jpg","landname":"38"},{"id":281474997092391,"level":3,"status":1,"posx":8,"posy":12,"cityid":311,"townid":697,"tokenid":"a76772810f916c0ef890ff835ad3f8f9","tokenurl":"/mcm/api/land?token=a76772810f916c0ef890ff835ad3f8f9","imageurl":"/mcm/images/land/2B/10219_b33db298de1.jpg","landname":"39"},{"id":281474997092392,"level":3,"status":0,"posx":9,"posy":12,"cityid":311,"townid":697,"tokenid":"903cab7f2c8bcb0aed12832cb81e716b","tokenurl":"/mcm/api/land?token=903cab7f2c8bcb0aed12832cb81e716b","imageurl":"/mcm/images/land/2B/10220_32542085ca2a.jpg","landname":"40"},{"id":281474997092393,"level":2,"status":1,"posx":23,"posy":12,"cityid":311,"townid":697,"tokenid":"05f141ed2e07d793532e44108bdf1f32","tokenurl":"/mcm/api/land?token=05f141ed2e07d793532e44108bdf1f32","imageurl":"/mcm/images/land/2A/6134_eecf89cd023.jpg","landname":"41"},{"id":281474997092394,"level":2,"status":0,"posx":24,"posy":12,"cityid":311,"townid":697,"tokenid":"ef2ac926e1e329ff0f084e716949fb59","tokenurl":"/mcm/api/land?token=ef2ac926e1e329ff0f084e716949fb59","imageurl":"/mcm/images/land/2A/6135_3d423fd5c439.jpg","landname":"42"},{"id":281474997092395,"level":3,"status":1,"posx":32,"posy":12,"cityid":311,"townid":697,"tokenid":"7b3d4fab3eb00ed2cb22950a293c3bdf","tokenurl":"/mcm/api/land?token=7b3d4fab3eb00ed2cb22950a293c3bdf","imageurl":"/mcm/images/land/2B/10221_e4f45d4f10d.jpg","landname":"43"},{"id":281474997092396,"level":2,"status":0,"posx":33,"posy":12,"cityid":311,"townid":697,"tokenid":"6de0114443a36cd4f1cbe8146c562ca4","tokenurl":"/mcm/api/land?token=6de0114443a36cd4f1cbe8146c562ca4","imageurl":"/mcm/images/land/2A/6136_8f40466c87e.jpg","landname":"44"},{"id":281474997092397,"level":3,"status":0,"posx":8,"posy":13,"cityid":311,"townid":697,"tokenid":"941434cf4ddb213366bbe4d6b33d125a","tokenurl":"/mcm/api/land?token=941434cf4ddb213366bbe4d6b33d125a","imageurl":"/mcm/images/land/2B/10222_2e74d95793c6.jpg","landname":"45"},{"id":281474997092398,"level":2,"status":1,"posx":9,"posy":13,"cityid":311,"townid":697,"tokenid":"7077e95f549f0bb5141468a7b759f2b5","tokenurl":"/mcm/api/land?token=7077e95f549f0bb5141468a7b759f2b5","imageurl":"/mcm/images/land/2A/6137_3118a73413ee.jpg","landname":"46"},{"id":281474997092399,"level":2,"status":0,"posx":23,"posy":13,"cityid":311,"townid":697,"tokenid":"95afe08f8a69deeea859160236ebd31f","tokenurl":"/mcm/api/land?token=95afe08f8a69deeea859160236ebd31f","imageurl":"/mcm/images/land/2A/6138_49b6bf9207d5.jpg","landname":"47"},{"id":281474997092400,"level":3,"status":0,"posx":24,"posy":13,"cityid":311,"townid":697,"tokenid":"feae1b7c73af3e8e39022d14f7b8464d","tokenurl":"/mcm/api/land?token=feae1b7c73af3e8e39022d14f7b8464d","imageurl":"/mcm/images/land/2B/10223_24ca378ac978.jpg","landname":"48"},{"id":281474997092401,"level":3,"status":1,"posx":32,"posy":13,"cityid":311,"townid":697,"tokenid":"a1e0a39feacde9856973dd8e6e9aa5e1","tokenurl":"/mcm/api/land?token=a1e0a39feacde9856973dd8e6e9aa5e1","imageurl":"/mcm/images/land/2B/10224_41163d4a5664.jpg","landname":"49"},{"id":281474997092402,"level":3,"status":0,"posx":33,"posy":13,"cityid":311,"townid":697,"tokenid":"3bf17a65e5f52da905b414f5d1564ea3","tokenurl":"/mcm/api/land?token=3bf17a65e5f52da905b414f5d1564ea3","imageurl":"/mcm/images/land/2B/10225_53104ae002e0.jpg","landname":"50"},{"id":281474997092403,"level":3,"status":0,"posx":8,"posy":14,"cityid":311,"townid":697,"tokenid":"b2eca17d1ff828bff9bdb0827d047370","tokenurl":"/mcm/api/land?token=b2eca17d1ff828bff9bdb0827d047370","imageurl":"/mcm/images/land/2B/10226_193afb8f2a9.jpg","landname":"51"},{"id":281474997092404,"level":2,"status":1,"posx":9,"posy":14,"cityid":311,"townid":697,"tokenid":"4d49452fd65a1c9e0ffe77073cba5a1e","tokenurl":"/mcm/api/land?token=4d49452fd65a1c9e0ffe77073cba5a1e","imageurl":"/mcm/images/land/2A/6139_32404e044046.jpg","landname":"52"},{"id":281474997092405,"level":3,"status":0,"posx":23,"posy":14,"cityid":311,"townid":697,"tokenid":"608c70afceb0fe4a49070f514acc4002","tokenurl":"/mcm/api/land?token=608c70afceb0fe4a49070f514acc4002","imageurl":"/mcm/images/land/2B/10227_1087231ed8cb.jpg","landname":"53"},{"id":281474997092406,"level":1,"status":1,"posx":24,"posy":14,"cityid":311,"townid":697,"tokenid":"55adf9fb13752bce246f659cb454bf74","tokenurl":"/mcm/api/land?token=55adf9fb13752bce246f659cb454bf74","imageurl":"/mcm/images/land/2S/4091_3005bee6d249.jpg","landname":"54"},{"id":281474997092407,"level":1,"status":0,"posx":32,"posy":14,"cityid":311,"townid":697,"tokenid":"60db2f988831de91e03e1b394ccc0f6c","tokenurl":"/mcm/api/land?token=60db2f988831de91e03e1b394ccc0f6c","imageurl":"/mcm/images/land/2S/4092_148b9dab073a.jpg","landname":"55"},{"id":281474997092408,"level":1,"status":1,"posx":33,"posy":14,"cityid":311,"townid":697,"tokenid":"22e69ec2b708997d17b965e651937e5a","tokenurl":"/mcm/api/land?token=22e69ec2b708997d17b965e651937e5a","imageurl":"/mcm/images/land/2S/4093_b31fda8dfb7.jpg","landname":"56"},{"id":281474997092409,"level":2,"status":0,"posx":32,"posy":15,"cityid":311,"townid":697,"tokenid":"179c8875a5cf3e99abeef00fb9d7ac7c","tokenurl":"/mcm/api/land?token=179c8875a5cf3e99abeef00fb9d7ac7c","imageurl":"/mcm/images/land/2A/6140_21d4c239a05d.jpg","landname":"57"},{"id":281474997092410,"level":2,"status":1,"posx":33,"posy":15,"cityid":311,"townid":697,"tokenid":"7cb476ef1bb4153291a24df5b962ec9d","tokenurl":"/mcm/api/land?token=7cb476ef1bb4153291a24df5b962ec9d","imageurl":"/mcm/images/land/2A/6141_1400079b943c.jpg","landname":"58"},{"id":281474997092411,"level":3,"status":0,"posx":8,"posy":16,"cityid":311,"townid":697,"tokenid":"2548db263c99bfb72829637bcb1df211","tokenurl":"/mcm/api/land?token=2548db263c99bfb72829637bcb1df211","imageurl":"/mcm/images/land/2B/10228_1f02f1f27b71.jpg","landname":"59"},{"id":281474997092412,"level":3,"status":0,"posx":9,"posy":16,"cityid":311,"townid":697,"tokenid":"3b14b044ce790c25091f912e92d90e48","tokenurl":"/mcm/api/land?token=3b14b044ce790c25091f912e92d90e48","imageurl":"/mcm/images/land/2B/10229_45de9420e8af.jpg","landname":"60"},{"id":281474997092413,"level":2,"status":0,"posx":32,"posy":16,"cityid":311,"townid":697,"tokenid":"916a59b497bc59b4961190f33d8d897d","tokenurl":"/mcm/api/land?token=916a59b497bc59b4961190f33d8d897d","imageurl":"/mcm/images/land/2A/6142_34f17982a84e.jpg","landname":"61"},{"id":281474997092414,"level":1,"status":1,"posx":33,"posy":16,"cityid":311,"townid":697,"tokenid":"c86e88e933d185f3b93bc0107c8b51fa","tokenurl":"/mcm/api/land?token=c86e88e933d185f3b93bc0107c8b51fa","imageurl":"/mcm/images/land/2S/4094_250b5cf400d.jpg","landname":"62"},{"id":281474997092415,"level":3,"status":1,"posx":8,"posy":17,"cityid":311,"townid":697,"tokenid":"26235cb9adc91c86fe383cf23edc5f80","tokenurl":"/mcm/api/land?token=26235cb9adc91c86fe383cf23edc5f80","imageurl":"/mcm/images/land/2B/10230_5ac8e96737e.jpg","landname":"63"},{"id":281474997092416,"level":3,"status":0,"posx":9,"posy":17,"cityid":311,"townid":697,"tokenid":"164259c9cb244a05d889125520c97f14","tokenurl":"/mcm/api/land?token=164259c9cb244a05d889125520c97f14","imageurl":"/mcm/images/land/2B/10231_2896d8c8f098.jpg","landname":"64"},{"id":281474997092417,"level":3,"status":1,"posx":8,"posy":18,"cityid":311,"townid":697,"tokenid":"03e8847bc4ca6ea54db85dc3e442c381","tokenurl":"/mcm/api/land?token=03e8847bc4ca6ea54db85dc3e442c381","imageurl":"/mcm/images/land/2B/10232_4b8e682c8999.jpg","landname":"65"},{"id":281474997092418,"level":3,"status":0,"posx":9,"posy":18,"cityid":311,"townid":697,"tokenid":"c02b8949226a124443bde03774426298","tokenurl":"/mcm/api/land?token=c02b8949226a124443bde03774426298","imageurl":"/mcm/images/land/2B/10233_598808f326e5.jpg","landname":"66"},{"id":281474997092419,"level":3,"status":0,"posx":20,"posy":18,"cityid":311,"townid":697,"tokenid":"7fdcc5883c986f5088056781b8e96ffc","tokenurl":"/mcm/api/land?token=7fdcc5883c986f5088056781b8e96ffc","imageurl":"/mcm/images/land/2B/10234_4f02a88db998.jpg","landname":"67"},{"id":281474997092420,"level":3,"status":1,"posx":21,"posy":18,"cityid":311,"townid":697,"tokenid":"94d017f71512712abc3d2004de907752","tokenurl":"/mcm/api/land?token=94d017f71512712abc3d2004de907752","imageurl":"/mcm/images/land/2B/10235_246e2d802820.jpg","landname":"68"},{"id":281474997092421,"level":2,"status":0,"posx":25,"posy":18,"cityid":311,"townid":697,"tokenid":"eac31366e807861a095c1c57bfbe2ff1","tokenurl":"/mcm/api/land?token=eac31366e807861a095c1c57bfbe2ff1","imageurl":"/mcm/images/land/2A/6143_4f49887a6e33.jpg","landname":"69"},{"id":281474997092422,"level":2,"status":0,"posx":26,"posy":18,"cityid":311,"townid":697,"tokenid":"121c2797d25879f23fc46040f9afadc0","tokenurl":"/mcm/api/land?token=121c2797d25879f23fc46040f9afadc0","imageurl":"/mcm/images/land/2A/6144_1ec356b01c6a.jpg","landname":"70"},{"id":281474997092423,"level":3,"status":1,"posx":8,"posy":19,"cityid":311,"townid":697,"tokenid":"4568a5991fa08240bd695de6c99792a8","tokenurl":"/mcm/api/land?token=4568a5991fa08240bd695de6c99792a8","imageurl":"/mcm/images/land/2B/10236_2f83d2d565ce.jpg","landname":"71"},{"id":281474997092424,"level":3,"status":0,"posx":9,"posy":19,"cityid":311,"townid":697,"tokenid":"b9e3f91940923aaac139ed91620eeb30","tokenurl":"/mcm/api/land?token=b9e3f91940923aaac139ed91620eeb30","imageurl":"/mcm/images/land/2B/10237_1d6251e37ebc.jpg","landname":"72"},{"id":281474997092425,"level":1,"status":1,"posx":20,"posy":19,"cityid":311,"townid":697,"tokenid":"40283fb0b732fb1dc732eaf402c652d9","tokenurl":"/mcm/api/land?token=40283fb0b732fb1dc732eaf402c652d9","imageurl":"/mcm/images/land/2S/4095_5a975e320765.jpg","landname":"73"},{"id":281474997092426,"level":3,"status":0,"posx":21,"posy":19,"cityid":311,"townid":697,"tokenid":"339cb9463aad26158921a374ee11957a","tokenurl":"/mcm/api/land?token=339cb9463aad26158921a374ee11957a","imageurl":"/mcm/images/land/2B/10238_224e8810034b.jpg","landname":"74"},{"id":281474997092427,"level":2,"status":1,"posx":25,"posy":19,"cityid":311,"townid":697,"tokenid":"b9bab7d1678379c8a66cd04f3da81936","tokenurl":"/mcm/api/land?token=b9bab7d1678379c8a66cd04f3da81936","imageurl":"/mcm/images/land/2A/6145_325805b192d2.jpg","landname":"75"},{"id":281474997092428,"level":3,"status":1,"posx":26,"posy":19,"cityid":311,"townid":697,"tokenid":"e7eb5f33ce73e0e48db2cac278f6d703","tokenurl":"/mcm/api/land?token=e7eb5f33ce73e0e48db2cac278f6d703","imageurl":"/mcm/images/land/2B/10239_2c31678832ae.jpg","landname":"76"},{"id":281474997092429,"level":1,"status":0,"posx":8,"posy":20,"cityid":311,"townid":697,"tokenid":"4cb0ecff27383c9d0b30287272165e10","tokenurl":"/mcm/api/land?token=4cb0ecff27383c9d0b30287272165e10","imageurl":"/mcm/images/land/2S/4096_3d85c8d6cb80.jpg","landname":"77"},{"id":281474997092430,"level":1,"status":0,"posx":9,"posy":20,"cityid":311,"townid":697,"tokenid":"4955e67a346ff37d7555ea25f39a8077","tokenurl":"/mcm/api/land?token=4955e67a346ff37d7555ea25f39a8077","imageurl":"/mcm/images/land/2S/4097_c23f7a223dc.jpg","landname":"78"},{"id":281474997092431,"level":1,"status":1,"posx":20,"posy":20,"cityid":311,"townid":697,"tokenid":"86ae50520620b49c978879ae8bdd64b2","tokenurl":"/mcm/api/land?token=86ae50520620b49c978879ae8bdd64b2","imageurl":"/mcm/images/land/2S/4098_405717916f6f.jpg","landname":"79"},{"id":281474997092432,"level":1,"status":0,"posx":21,"posy":20,"cityid":311,"townid":697,"tokenid":"7c20baee16be7bae508c17f14e4f046b","tokenurl":"/mcm/api/land?token=7c20baee16be7bae508c17f14e4f046b","imageurl":"/mcm/images/land/2S/4099_32b3aea10ffc.jpg","landname":"80"},{"id":281474997092433,"level":2,"status":0,"posx":25,"posy":20,"cityid":311,"townid":697,"tokenid":"6ac6f25c437d97b47ec8b39b85e3b624","tokenurl":"/mcm/api/land?token=6ac6f25c437d97b47ec8b39b85e3b624","imageurl":"/mcm/images/land/2A/6146_5929b396cff6.jpg","landname":"81"},{"id":281474997092434,"level":3,"status":1,"posx":26,"posy":20,"cityid":311,"townid":697,"tokenid":"f1660fb642d1b93bd1bca204aaad7b56","tokenurl":"/mcm/api/land?token=f1660fb642d1b93bd1bca204aaad7b56","imageurl":"/mcm/images/land/2B/10240_4f56e9a12b3b.jpg","landname":"82"},{"id":281474997092435,"level":1,"status":1,"posx":31,"posy":20,"cityid":311,"townid":697,"tokenid":"f3a93867384b039411e38c8a52364b84","tokenurl":"/mcm/api/land?token=f3a93867384b039411e38c8a52364b84","imageurl":"/mcm/images/land/2S/4100_197ba848c413.jpg","landname":"83"},{"id":281474997092436,"level":2,"status":0,"posx":32,"posy":20,"cityid":311,"townid":697,"tokenid":"68274f15544fe89c98f4939f0844d4a2","tokenurl":"/mcm/api/land?token=68274f15544fe89c98f4939f0844d4a2","imageurl":"/mcm/images/land/2A/6147_37f8252ed488.jpg","landname":"84"},{"id":281474997092437,"level":2,"status":1,"posx":20,"posy":21,"cityid":311,"townid":697,"tokenid":"db38af71aa6a56905ab088d809ef20f3","tokenurl":"/mcm/api/land?token=db38af71aa6a56905ab088d809ef20f3","imageurl":"/mcm/images/land/2A/6148_56cad3b499a3.jpg","landname":"85"},{"id":281474997092438,"level":2,"status":0,"posx":21,"posy":21,"cityid":311,"townid":697,"tokenid":"f64e9b175ca79a29a8cc05f63fa52b2c","tokenurl":"/mcm/api/land?token=f64e9b175ca79a29a8cc05f63fa52b2c","imageurl":"/mcm/images/land/2A/6149_1e38d4f94d42.jpg","landname":"86"},{"id":281474997092439,"level":2,"status":1,"posx":25,"posy":21,"cityid":311,"townid":697,"tokenid":"45856e3ceeb4a8106ff4784908cea9c5","tokenurl":"/mcm/api/land?token=45856e3ceeb4a8106ff4784908cea9c5","imageurl":"/mcm/images/land/2A/6150_55ae007e7988.jpg","landname":"87"},{"id":281474997092440,"level":3,"status":1,"posx":26,"posy":21,"cityid":311,"townid":697,"tokenid":"bc61349ea5f50e0a9fde7e8db51e3932","tokenurl":"/mcm/api/land?token=bc61349ea5f50e0a9fde7e8db51e3932","imageurl":"/mcm/images/land/2B/10241_7a8ed34ca0a.jpg","landname":"88"},{"id":281474997092441,"level":2,"status":1,"posx":31,"posy":21,"cityid":311,"townid":697,"tokenid":"e392b0d3190a674a3ea7b53eedec36cf","tokenurl":"/mcm/api/land?token=e392b0d3190a674a3ea7b53eedec36cf","imageurl":"/mcm/images/land/2A/6151_22e580f1fe5a.jpg","landname":"89"},{"id":281474997092442,"level":3,"status":1,"posx":32,"posy":21,"cityid":311,"townid":697,"tokenid":"a26e2e24d897f92ae98b9ac67c5da4e5","tokenurl":"/mcm/api/land?token=a26e2e24d897f92ae98b9ac67c5da4e5","imageurl":"/mcm/images/land/2B/10242_1f611bc9d325.jpg","landname":"90"},{"id":281474997092443,"level":1,"status":1,"posx":12,"posy":22,"cityid":311,"townid":697,"tokenid":"54ce5e5a524acb0c8790e39b5cd07831","tokenurl":"/mcm/api/land?token=54ce5e5a524acb0c8790e39b5cd07831","imageurl":"/mcm/images/land/2S/4101_55151346a5ca.jpg","landname":"91"},{"id":281474997092444,"level":3,"status":1,"posx":13,"posy":22,"cityid":311,"townid":697,"tokenid":"e1f9483d0623f624082d885e8790f421","tokenurl":"/mcm/api/land?token=e1f9483d0623f624082d885e8790f421","imageurl":"/mcm/images/land/2B/10243_23f63b86eee8.jpg","landname":"92"},{"id":281474997092445,"level":3,"status":1,"posx":20,"posy":22,"cityid":311,"townid":697,"tokenid":"78b4e0940bd824fca6e8188ec4684e0e","tokenurl":"/mcm/api/land?token=78b4e0940bd824fca6e8188ec4684e0e","imageurl":"/mcm/images/land/2B/10244_4be8ac8aa025.jpg","landname":"93"},{"id":281474997092446,"level":3,"status":0,"posx":21,"posy":22,"cityid":311,"townid":697,"tokenid":"13fbf5a5c14b2645cf6cd12c9b141da1","tokenurl":"/mcm/api/land?token=13fbf5a5c14b2645cf6cd12c9b141da1","imageurl":"/mcm/images/land/2B/10245_453b30163c65.jpg","landname":"94"},{"id":281474997092447,"level":3,"status":0,"posx":25,"posy":22,"cityid":311,"townid":697,"tokenid":"e69bee0c0edb17edc26c76deb9e6fab2","tokenurl":"/mcm/api/land?token=e69bee0c0edb17edc26c76deb9e6fab2","imageurl":"/mcm/images/land/2B/10246_2da7ee35a251.jpg","landname":"95"},{"id":281474997092448,"level":2,"status":0,"posx":26,"posy":22,"cityid":311,"townid":697,"tokenid":"08886856fa1dd84215c1e279fbac5900","tokenurl":"/mcm/api/land?token=08886856fa1dd84215c1e279fbac5900","imageurl":"/mcm/images/land/2A/6152_468e00380dea.jpg","landname":"96"},{"id":281474997092449,"level":3,"status":0,"posx":31,"posy":22,"cityid":311,"townid":697,"tokenid":"f0c35c1d1a853195eb66ea14e8e49eee","tokenurl":"/mcm/api/land?token=f0c35c1d1a853195eb66ea14e8e49eee","imageurl":"/mcm/images/land/2B/10247_4cd0432ba55e.jpg","landname":"97"},{"id":281474997092450,"level":3,"status":0,"posx":32,"posy":22,"cityid":311,"townid":697,"tokenid":"f3ec32b2a7fe313df7e4f4bd2184b2af","tokenurl":"/mcm/api/land?token=f3ec32b2a7fe313df7e4f4bd2184b2af","imageurl":"/mcm/images/land/2B/10248_1e76d3e58d03.jpg","landname":"98"},{"id":281474997092451,"level":2,"status":1,"posx":12,"posy":23,"cityid":311,"townid":697,"tokenid":"3c726b01b5f4443f1bddf5ed90291008","tokenurl":"/mcm/api/land?token=3c726b01b5f4443f1bddf5ed90291008","imageurl":"/mcm/images/land/2A/6153_5789c5f36865.jpg","landname":"99"},{"id":281474997092452,"level":2,"status":1,"posx":13,"posy":23,"cityid":311,"townid":697,"tokenid":"df4588a68dd142046db9cc692991512f","tokenurl":"/mcm/api/land?token=df4588a68dd142046db9cc692991512f","imageurl":"/mcm/images/land/2A/6154_3cc8fbb4de19.jpg","landname":"100"},{"id":281474997092453,"level":3,"status":1,"posx":31,"posy":23,"cityid":311,"townid":697,"tokenid":"f3089726da4b83d297f2b22e89106692","tokenurl":"/mcm/api/land?token=f3089726da4b83d297f2b22e89106692","imageurl":"/mcm/images/land/2B/10249_54f49c66ff42.jpg","landname":"101"},{"id":281474997092454,"level":3,"status":1,"posx":32,"posy":23,"cityid":311,"townid":697,"tokenid":"2c6ce09d5a249e3d77da0795d75d8dcb","tokenurl":"/mcm/api/land?token=2c6ce09d5a249e3d77da0795d75d8dcb","imageurl":"/mcm/images/land/2B/10250_159506b49451.jpg","landname":"102"},{"id":281474997092455,"level":2,"status":1,"posx":12,"posy":24,"cityid":311,"townid":697,"tokenid":"bcd05868029fa306efcd4551764de31a","tokenurl":"/mcm/api/land?token=bcd05868029fa306efcd4551764de31a","imageurl":"/mcm/images/land/2A/6155_159ea92ce650.jpg","landname":"103"},{"id":281474997092456,"level":3,"status":0,"posx":13,"posy":24,"cityid":311,"townid":697,"tokenid":"6d24d76a996f2ffd4baba9b6e7ad671f","tokenurl":"/mcm/api/land?token=6d24d76a996f2ffd4baba9b6e7ad671f","imageurl":"/mcm/images/land/2B/10251_2866a05059fe.jpg","landname":"104"},{"id":281474997092457,"level":2,"status":1,"posx":31,"posy":24,"cityid":311,"townid":697,"tokenid":"993f9be51e4195b41dd3859ae599c1c9","tokenurl":"/mcm/api/land?token=993f9be51e4195b41dd3859ae599c1c9","imageurl":"/mcm/images/land/2A/6156_3abdfbb2eadf.jpg","landname":"105"},{"id":281474997092458,"level":3,"status":0,"posx":32,"posy":24,"cityid":311,"townid":697,"tokenid":"a142822a20f51952f4d20b4a0b605a8c","tokenurl":"/mcm/api/land?token=a142822a20f51952f4d20b4a0b605a8c","imageurl":"/mcm/images/land/2B/10252_4b610c5cd47b.jpg","landname":"106"},{"id":281474997092459,"level":2,"status":0,"posx":12,"posy":25,"cityid":311,"townid":697,"tokenid":"15769dd7956bc52310a883300c9ccb56","tokenurl":"/mcm/api/land?token=15769dd7956bc52310a883300c9ccb56","imageurl":"/mcm/images/land/2A/6157_4ccf5b00679f.jpg","landname":"107"},{"id":281474997092460,"level":2,"status":1,"posx":13,"posy":25,"cityid":311,"townid":697,"tokenid":"0dfa074bb90a84aa0b1c2bc4965d4e5c","tokenurl":"/mcm/api/land?token=0dfa074bb90a84aa0b1c2bc4965d4e5c","imageurl":"/mcm/images/land/2A/6158_2a3316d2ec1b.jpg","landname":"108"},{"id":281474997092461,"level":1,"status":0,"posx":6,"posy":26,"cityid":311,"townid":697,"tokenid":"be01088779fb31157538da5ee70b0b75","tokenurl":"/mcm/api/land?token=be01088779fb31157538da5ee70b0b75","imageurl":"/mcm/images/land/2S/4102_3fde330342ae.jpg","landname":"109"},{"id":281474997092462,"level":2,"status":0,"posx":7,"posy":26,"cityid":311,"townid":697,"tokenid":"2f29d2a0c2b3f23e398583617740aeb5","tokenurl":"/mcm/api/land?token=2f29d2a0c2b3f23e398583617740aeb5","imageurl":"/mcm/images/land/2A/6159_11418a6de0b9.jpg","landname":"110"},{"id":281474997092463,"level":3,"status":1,"posx":9,"posy":26,"cityid":311,"townid":697,"tokenid":"ae9e2081abb762fbef41fa0f37bdb115","tokenurl":"/mcm/api/land?token=ae9e2081abb762fbef41fa0f37bdb115","imageurl":"/mcm/images/land/2B/10253_13a197600ca4.jpg","landname":"111"},{"id":281474997092464,"level":3,"status":0,"posx":10,"posy":26,"cityid":311,"townid":697,"tokenid":"41b2f82c65841bb49b997fd322e43746","tokenurl":"/mcm/api/land?token=41b2f82c65841bb49b997fd322e43746","imageurl":"/mcm/images/land/2B/10254_22579222840.jpg","landname":"112"},{"id":281474997092465,"level":3,"status":1,"posx":12,"posy":26,"cityid":311,"townid":697,"tokenid":"07a7045f7b71787406cae79f032fbfc3","tokenurl":"/mcm/api/land?token=07a7045f7b71787406cae79f032fbfc3","imageurl":"/mcm/images/land/2B/10255_2d2fd43743e3.jpg","landname":"113"},{"id":281474997092466,"level":3,"status":0,"posx":13,"posy":26,"cityid":311,"townid":697,"tokenid":"26bbec43934f0a639ef26eaefbf75768","tokenurl":"/mcm/api/land?token=26bbec43934f0a639ef26eaefbf75768","imageurl":"/mcm/images/land/2B/10256_4dfe8b49d749.jpg","landname":"114"},{"id":281474997092467,"level":2,"status":0,"posx":6,"posy":27,"cityid":311,"townid":697,"tokenid":"f27364e6ee3ba598683dc524feda9e4b","tokenurl":"/mcm/api/land?token=f27364e6ee3ba598683dc524feda9e4b","imageurl":"/mcm/images/land/2A/6160_35c8248de9fc.jpg","landname":"115"},{"id":281474997092468,"level":3,"status":1,"posx":7,"posy":27,"cityid":311,"townid":697,"tokenid":"061a78694901883e4f252e5bf9b326ff","tokenurl":"/mcm/api/land?token=061a78694901883e4f252e5bf9b326ff","imageurl":"/mcm/images/land/2B/10257_adb61b23498.jpg","landname":"116"},{"id":281474997092469,"level":3,"status":0,"posx":9,"posy":27,"cityid":311,"townid":697,"tokenid":"0b18d339f452bc71fd95f2b0a95cc16d","tokenurl":"/mcm/api/land?token=0b18d339f452bc71fd95f2b0a95cc16d","imageurl":"/mcm/images/land/2B/10258_2200720c69be.jpg","landname":"117"},{"id":281474997092470,"level":2,"status":1,"posx":10,"posy":27,"cityid":311,"townid":697,"tokenid":"d580f0773165b03d4f94711bffdaf84a","tokenurl":"/mcm/api/land?token=d580f0773165b03d4f94711bffdaf84a","imageurl":"/mcm/images/land/2A/6161_20661e03609.jpg","landname":"118"},{"id":281474997092471,"level":3,"status":1,"posx":23,"posy":27,"cityid":311,"townid":697,"tokenid":"2c312531bd6e5a5cf40f1f192442d8f0","tokenurl":"/mcm/api/land?token=2c312531bd6e5a5cf40f1f192442d8f0","imageurl":"/mcm/images/land/2B/10259_34e367c46878.jpg","landname":"119"},{"id":281474997092472,"level":3,"status":1,"posx":24,"posy":27,"cityid":311,"townid":697,"tokenid":"fa2445d0c667ae1c7c0348386fdd8e8b","tokenurl":"/mcm/api/land?token=fa2445d0c667ae1c7c0348386fdd8e8b","imageurl":"/mcm/images/land/2B/10260_684f857ae64.jpg","landname":"120"},{"id":281474997092473,"level":3,"status":0,"posx":6,"posy":28,"cityid":311,"townid":697,"tokenid":"5b1f09c27fecd135950239076d491184","tokenurl":"/mcm/api/land?token=5b1f09c27fecd135950239076d491184","imageurl":"/mcm/images/land/2B/10261_13672ebb635e.jpg","landname":"121"},{"id":281474997092474,"level":3,"status":1,"posx":7,"posy":28,"cityid":311,"townid":697,"tokenid":"ef9e3af5cec1126b7ac829cac1fee4c7","tokenurl":"/mcm/api/land?token=ef9e3af5cec1126b7ac829cac1fee4c7","imageurl":"/mcm/images/land/2B/10262_1c243873582.jpg","landname":"122"},{"id":281474997092475,"level":1,"status":1,"posx":9,"posy":28,"cityid":311,"townid":697,"tokenid":"243774081a723f03d3f40c8592156d22","tokenurl":"/mcm/api/land?token=243774081a723f03d3f40c8592156d22","imageurl":"/mcm/images/land/2S/4103_4538ead9fbf7.jpg","landname":"123"},{"id":281474997092476,"level":1,"status":0,"posx":10,"posy":28,"cityid":311,"townid":697,"tokenid":"7ec4a74dbefe1d0ee7f84cdf50d498f7","tokenurl":"/mcm/api/land?token=7ec4a74dbefe1d0ee7f84cdf50d498f7","imageurl":"/mcm/images/land/2S/4104_4703f0a249a8.jpg","landname":"124"},{"id":281474997092477,"level":1,"status":1,"posx":23,"posy":28,"cityid":311,"townid":697,"tokenid":"07abb163757957cc29be33644546b716","tokenurl":"/mcm/api/land?token=07abb163757957cc29be33644546b716","imageurl":"/mcm/images/land/2S/4105_4f030bb8295c.jpg","landname":"125"},{"id":281474997092478,"level":1,"status":1,"posx":24,"posy":28,"cityid":311,"townid":697,"tokenid":"015aeb2ce00f82591a575f5987617c18","tokenurl":"/mcm/api/land?token=015aeb2ce00f82591a575f5987617c18","imageurl":"/mcm/images/land/2S/4106_212cf7e8083d.jpg","landname":"126"},{"id":281474997092479,"level":3,"status":1,"posx":32,"posy":28,"cityid":311,"townid":697,"tokenid":"50cbea0506f650eae5191a8aba947fe6","tokenurl":"/mcm/api/land?token=50cbea0506f650eae5191a8aba947fe6","imageurl":"/mcm/images/land/2B/10263_10505339fb6a.jpg","landname":"127"},{"id":281474997092480,"level":3,"status":0,"posx":33,"posy":28,"cityid":311,"townid":697,"tokenid":"be12720ad4cb2009229913b8714dd2de","tokenurl":"/mcm/api/land?token=be12720ad4cb2009229913b8714dd2de","imageurl":"/mcm/images/land/2B/10264_2d5c877b6323.jpg","landname":"128"},{"id":281474997092481,"level":3,"status":1,"posx":6,"posy":29,"cityid":311,"townid":697,"tokenid":"71cb5b70c7bc877552c58dfe21e601e0","tokenurl":"/mcm/api/land?token=71cb5b70c7bc877552c58dfe21e601e0","imageurl":"/mcm/images/land/2B/10265_2dcb01e2c76e.jpg","landname":"129"},{"id":281474997092482,"level":2,"status":1,"posx":7,"posy":29,"cityid":311,"townid":697,"tokenid":"83afdfd370cd2051e43eedf78611cb49","tokenurl":"/mcm/api/land?token=83afdfd370cd2051e43eedf78611cb49","imageurl":"/mcm/images/land/2A/6162_f2733aa3904.jpg","landname":"130"},{"id":281474997092483,"level":3,"status":0,"posx":9,"posy":29,"cityid":311,"townid":697,"tokenid":"fa9b598f3a8eb98fca24425d548623f1","tokenurl":"/mcm/api/land?token=fa9b598f3a8eb98fca24425d548623f1","imageurl":"/mcm/images/land/2B/10266_1acb43d34d99.jpg","landname":"131"},{"id":281474997092484,"level":2,"status":0,"posx":10,"posy":29,"cityid":311,"townid":697,"tokenid":"49a9a2c2b172bc562b9d31f28874b20d","tokenurl":"/mcm/api/land?token=49a9a2c2b172bc562b9d31f28874b20d","imageurl":"/mcm/images/land/2A/6163_1cffd8872c78.jpg","landname":"132"},{"id":281474997092485,"level":1,"status":0,"posx":23,"posy":29,"cityid":311,"townid":697,"tokenid":"e4002c921e42e0252950bd11a68494ba","tokenurl":"/mcm/api/land?token=e4002c921e42e0252950bd11a68494ba","imageurl":"/mcm/images/land/2S/4107_13bf1da94b07.jpg","landname":"133"},{"id":281474997092486,"level":3,"status":1,"posx":24,"posy":29,"cityid":311,"townid":697,"tokenid":"9c7d042b03a76ce5144d543abeb44403","tokenurl":"/mcm/api/land?token=9c7d042b03a76ce5144d543abeb44403","imageurl":"/mcm/images/land/2B/10267_4a66d9789920.jpg","landname":"134"},{"id":281474997092487,"level":3,"status":0,"posx":32,"posy":29,"cityid":311,"townid":697,"tokenid":"545a4abc0bf9f2a8b75f85bc34d478a5","tokenurl":"/mcm/api/land?token=545a4abc0bf9f2a8b75f85bc34d478a5","imageurl":"/mcm/images/land/2B/10268_cb40f23852b.jpg","landname":"135"},{"id":281474997092488,"level":2,"status":1,"posx":33,"posy":29,"cityid":311,"townid":697,"tokenid":"5ba37cebc4637ac78d62ef3da8d52bab","tokenurl":"/mcm/api/land?token=5ba37cebc4637ac78d62ef3da8d52bab","imageurl":"/mcm/images/land/2A/6164_5569d92b3124.jpg","landname":"136"},{"id":281474997092489,"level":3,"status":0,"posx":6,"posy":30,"cityid":311,"townid":697,"tokenid":"2ae8029979d64b23e465cd88e03dfe41","tokenurl":"/mcm/api/land?token=2ae8029979d64b23e465cd88e03dfe41","imageurl":"/mcm/images/land/2B/10269_4ee545d31588.jpg","landname":"137"},{"id":281474997092490,"level":1,"status":1,"posx":7,"posy":30,"cityid":311,"townid":697,"tokenid":"123b337fb098afef0c616429ec42def0","tokenurl":"/mcm/api/land?token=123b337fb098afef0c616429ec42def0","imageurl":"/mcm/images/land/2S/4108_22fecc9122f6.jpg","landname":"138"},{"id":281474997092491,"level":3,"status":0,"posx":9,"posy":30,"cityid":311,"townid":697,"tokenid":"eeca719ad18297c1760583d2296b4915","tokenurl":"/mcm/api/land?token=eeca719ad18297c1760583d2296b4915","imageurl":"/mcm/images/land/2B/10270_53d0532d2fc4.jpg","landname":"139"},{"id":281474997092492,"level":1,"status":1,"posx":10,"posy":30,"cityid":311,"townid":697,"tokenid":"67ff1ca2a25b98ffcc5b27d0473cce9c","tokenurl":"/mcm/api/land?token=67ff1ca2a25b98ffcc5b27d0473cce9c","imageurl":"/mcm/images/land/2S/4109_2af87c58ad92.jpg","landname":"140"},{"id":281474997092493,"level":1,"status":1,"posx":23,"posy":30,"cityid":311,"townid":697,"tokenid":"7c7e99da34f264d3b625bae0298ba418","tokenurl":"/mcm/api/land?token=7c7e99da34f264d3b625bae0298ba418","imageurl":"/mcm/images/land/2S/4110_35eee9859633.jpg","landname":"141"},{"id":281474997092494,"level":3,"status":0,"posx":24,"posy":30,"cityid":311,"townid":697,"tokenid":"9acc89a3e2e8d80ce9c29cacf31a11fb","tokenurl":"/mcm/api/land?token=9acc89a3e2e8d80ce9c29cacf31a11fb","imageurl":"/mcm/images/land/2B/10271_142207785604.jpg","landname":"142"},{"id":281474997092495,"level":2,"status":0,"posx":32,"posy":30,"cityid":311,"townid":697,"tokenid":"cd47a5e27972cd375f6622928e66cb2d","tokenurl":"/mcm/api/land?token=cd47a5e27972cd375f6622928e66cb2d","imageurl":"/mcm/images/land/2A/6165_1e96be90e5bd.jpg","landname":"143"},{"id":281474997092496,"level":2,"status":0,"posx":33,"posy":30,"cityid":311,"townid":697,"tokenid":"c9a6ce1e613db7c88f79ffcd0f3fd90b","tokenurl":"/mcm/api/land?token=c9a6ce1e613db7c88f79ffcd0f3fd90b","imageurl":"/mcm/images/land/2A/6166_ca6de2d67b5.jpg","landname":"144"},{"id":281474997092497,"level":3,"status":0,"posx":23,"posy":31,"cityid":311,"townid":697,"tokenid":"52f2fcd3a6d16da188f7a063bf149cd6","tokenurl":"/mcm/api/land?token=52f2fcd3a6d16da188f7a063bf149cd6","imageurl":"/mcm/images/land/2B/10272_4778e9128f58.jpg","landname":"145"},{"id":281474997092498,"level":3,"status":1,"posx":24,"posy":31,"cityid":311,"townid":697,"tokenid":"3e8a92369ad132eb6c86703ad6b150b8","tokenurl":"/mcm/api/land?token=3e8a92369ad132eb6c86703ad6b150b8","imageurl":"/mcm/images/land/2B/10273_3b6718ae6d4c.jpg","landname":"146"},{"id":281474997092499,"level":3,"status":1,"posx":32,"posy":31,"cityid":311,"townid":697,"tokenid":"e2eb076901fe7405d3fdb514fbac39b3","tokenurl":"/mcm/api/land?token=e2eb076901fe7405d3fdb514fbac39b3","imageurl":"/mcm/images/land/2B/10274_2998be4432a1.jpg","landname":"147"},{"id":281474997092500,"level":1,"status":0,"posx":33,"posy":31,"cityid":311,"townid":697,"tokenid":"aa792d11ea32dc4b5708e7bedd790e75","tokenurl":"/mcm/api/land?token=aa792d11ea32dc4b5708e7bedd790e75","imageurl":"/mcm/images/land/2S/4111_2832448dfc8c.jpg","landname":"148"},{"id":281474997092501,"level":3,"status":1,"posx":32,"posy":32,"cityid":311,"townid":697,"tokenid":"cfea4130ae99ab340906738b5e9472c9","tokenurl":"/mcm/api/land?token=cfea4130ae99ab340906738b5e9472c9","imageurl":"/mcm/images/land/2B/10275_48e19a482fa0.jpg","landname":"149"},{"id":281474997092502,"level":3,"status":1,"posx":33,"posy":32,"cityid":311,"townid":697,"tokenid":"b6b5a37ae78e097ad155ea82c0d02dab","tokenurl":"/mcm/api/land?token=b6b5a37ae78e097ad155ea82c0d02dab","imageurl":"/mcm/images/land/2B/10276_41e86ec71063.jpg","landname":"150"}]]],0,0,[],[],[]]
