[1,0,0,[["cc.JsonAsset",["_name","json"],1]],[[0,0,1,3]],[[0,"425",[{"id":281474988179457,"level":2,"status":1,"posx":7,"posy":5,"cityid":175,"townid":425,"tokenid":"45871f905781cfe765d4c57528910782","tokenurl":"/mcm/api/land?token=45871f905781cfe765d4c57528910782","imageurl":"/mcm/images/land/2A/12242_57675eb39d6e.jpg","landname":"1"},{"id":281474988179458,"level":2,"status":1,"posx":8,"posy":5,"cityid":175,"townid":425,"tokenid":"855c056dd5eef18cde31c1f029d1aff1","tokenurl":"/mcm/api/land?token=855c056dd5eef18cde31c1f029d1aff1","imageurl":"/mcm/images/land/2A/12243_4fbe0f80869c.jpg","landname":"2"},{"id":281474988179459,"level":3,"status":1,"posx":16,"posy":5,"cityid":175,"townid":425,"tokenid":"32ebdcef6b5d9fa971af82cfb639cb82","tokenurl":"/mcm/api/land?token=32ebdcef6b5d9fa971af82cfb639cb82","imageurl":"/mcm/images/land/2B/20402_1df6cca05134.jpg","landname":"3"},{"id":281474988179460,"level":1,"status":0,"posx":17,"posy":5,"cityid":175,"townid":425,"tokenid":"b313be4840147ab81b1392ca5753a05a","tokenurl":"/mcm/api/land?token=b313be4840147ab81b1392ca5753a05a","imageurl":"/mcm/images/land/2S/8162_27d632191299.jpg","landname":"4"},{"id":281474988179461,"level":2,"status":1,"posx":20,"posy":5,"cityid":175,"townid":425,"tokenid":"5e6de2e4ace4fff93a865f2a1ac7975d","tokenurl":"/mcm/api/land?token=5e6de2e4ace4fff93a865f2a1ac7975d","imageurl":"/mcm/images/land/2A/12244_50e4f89177dc.jpg","landname":"5"},{"id":281474988179462,"level":3,"status":0,"posx":21,"posy":5,"cityid":175,"townid":425,"tokenid":"5872c00c07ce1c0bf5be436c190af4b2","tokenurl":"/mcm/api/land?token=5872c00c07ce1c0bf5be436c190af4b2","imageurl":"/mcm/images/land/2B/20403_55d46095b20f.jpg","landname":"6"},{"id":281474988179463,"level":3,"status":0,"posx":7,"posy":6,"cityid":175,"townid":425,"tokenid":"7499a834587f65aac4905c99a1ff5db3","tokenurl":"/mcm/api/land?token=7499a834587f65aac4905c99a1ff5db3","imageurl":"/mcm/images/land/2B/20404_30b6e1b6977c.jpg","landname":"7"},{"id":281474988179464,"level":3,"status":1,"posx":8,"posy":6,"cityid":175,"townid":425,"tokenid":"dd1a8ad81aef74e3a95c1c5ecc4de4d6","tokenurl":"/mcm/api/land?token=dd1a8ad81aef74e3a95c1c5ecc4de4d6","imageurl":"/mcm/images/land/2B/20405_34b64ed1c47e.jpg","landname":"8"},{"id":281474988179465,"level":3,"status":0,"posx":16,"posy":6,"cityid":175,"townid":425,"tokenid":"ce12a9fe2fe5b3ada3c8ce84226e28a9","tokenurl":"/mcm/api/land?token=ce12a9fe2fe5b3ada3c8ce84226e28a9","imageurl":"/mcm/images/land/2B/20406_2ac2fa17f4e0.jpg","landname":"9"},{"id":281474988179466,"level":3,"status":0,"posx":17,"posy":6,"cityid":175,"townid":425,"tokenid":"9bc061a4e133d328057934fd19a84a40","tokenurl":"/mcm/api/land?token=9bc061a4e133d328057934fd19a84a40","imageurl":"/mcm/images/land/2B/20407_42e325939ffc.jpg","landname":"10"},{"id":281474988179467,"level":3,"status":1,"posx":20,"posy":6,"cityid":175,"townid":425,"tokenid":"95ef8cb7ab6d3ddacecf5a0b383fbda0","tokenurl":"/mcm/api/land?token=95ef8cb7ab6d3ddacecf5a0b383fbda0","imageurl":"/mcm/images/land/2B/20408_588a83aaf09a.jpg","landname":"11"},{"id":281474988179468,"level":1,"status":0,"posx":21,"posy":6,"cityid":175,"townid":425,"tokenid":"1ea5ec128fbe379348970636ef10fa62","tokenurl":"/mcm/api/land?token=1ea5ec128fbe379348970636ef10fa62","imageurl":"/mcm/images/land/2S/8163_44025f5b1bbd.jpg","landname":"12"},{"id":281474988179469,"level":1,"status":0,"posx":7,"posy":7,"cityid":175,"townid":425,"tokenid":"6d909cfd69562b7cbc2165be90a34ad8","tokenurl":"/mcm/api/land?token=6d909cfd69562b7cbc2165be90a34ad8","imageurl":"/mcm/images/land/2S/8164_1ca09b637145.jpg","landname":"13"},{"id":281474988179470,"level":2,"status":0,"posx":8,"posy":7,"cityid":175,"townid":425,"tokenid":"63596227613704fe3f91b92c9d381183","tokenurl":"/mcm/api/land?token=63596227613704fe3f91b92c9d381183","imageurl":"/mcm/images/land/2A/12245_597dff373c67.jpg","landname":"14"},{"id":281474988179471,"level":3,"status":1,"posx":16,"posy":7,"cityid":175,"townid":425,"tokenid":"466ea1e22c1afdb4fb07c1bcf42a1432","tokenurl":"/mcm/api/land?token=466ea1e22c1afdb4fb07c1bcf42a1432","imageurl":"/mcm/images/land/2B/20409_4fead150312.jpg","landname":"15"},{"id":281474988179472,"level":3,"status":0,"posx":17,"posy":7,"cityid":175,"townid":425,"tokenid":"8122274c0c567c61d9e31e6c76c43387","tokenurl":"/mcm/api/land?token=8122274c0c567c61d9e31e6c76c43387","imageurl":"/mcm/images/land/2B/20410_50cc87eb2209.jpg","landname":"16"},{"id":281474988179473,"level":3,"status":1,"posx":20,"posy":7,"cityid":175,"townid":425,"tokenid":"ff629e8bfbb848a1455a8b38d32e3154","tokenurl":"/mcm/api/land?token=ff629e8bfbb848a1455a8b38d32e3154","imageurl":"/mcm/images/land/2B/20411_24e08de5152d.jpg","landname":"17"},{"id":281474988179474,"level":3,"status":1,"posx":21,"posy":7,"cityid":175,"townid":425,"tokenid":"a29a78e887267e250f290b0f6143561d","tokenurl":"/mcm/api/land?token=a29a78e887267e250f290b0f6143561d","imageurl":"/mcm/images/land/2B/20412_18e284719109.jpg","landname":"18"},{"id":281474988179475,"level":2,"status":1,"posx":7,"posy":8,"cityid":175,"townid":425,"tokenid":"76388c5ab038528832b6850af9e0ccef","tokenurl":"/mcm/api/land?token=76388c5ab038528832b6850af9e0ccef","imageurl":"/mcm/images/land/2A/12246_4125d33069a0.jpg","landname":"19"},{"id":281474988179476,"level":1,"status":0,"posx":8,"posy":8,"cityid":175,"townid":425,"tokenid":"3403691e9dc38e7f750583c170f6629f","tokenurl":"/mcm/api/land?token=3403691e9dc38e7f750583c170f6629f","imageurl":"/mcm/images/land/2S/8165_12c0c4b4ff55.jpg","landname":"20"},{"id":281474988179477,"level":3,"status":0,"posx":16,"posy":8,"cityid":175,"townid":425,"tokenid":"397c57f0746f7bd2f2d04b42827318c0","tokenurl":"/mcm/api/land?token=397c57f0746f7bd2f2d04b42827318c0","imageurl":"/mcm/images/land/2B/20413_239e2e59b079.jpg","landname":"21"},{"id":281474988179478,"level":3,"status":0,"posx":17,"posy":8,"cityid":175,"townid":425,"tokenid":"e70186e6b7033c9b21f7097a18719078","tokenurl":"/mcm/api/land?token=e70186e6b7033c9b21f7097a18719078","imageurl":"/mcm/images/land/2B/20414_36dd064f5ad9.jpg","landname":"22"},{"id":281474988179479,"level":1,"status":1,"posx":20,"posy":8,"cityid":175,"townid":425,"tokenid":"537ee8a9b6adebd1255a775530f00e23","tokenurl":"/mcm/api/land?token=537ee8a9b6adebd1255a775530f00e23","imageurl":"/mcm/images/land/2S/8166_29c27ea0347.jpg","landname":"23"},{"id":281474988179480,"level":3,"status":0,"posx":21,"posy":8,"cityid":175,"townid":425,"tokenid":"06502007a0421cc33a65332ac0fa41c2","tokenurl":"/mcm/api/land?token=06502007a0421cc33a65332ac0fa41c2","imageurl":"/mcm/images/land/2B/20415_7b4fb22593b.jpg","landname":"24"},{"id":281474988179481,"level":3,"status":0,"posx":28,"posy":8,"cityid":175,"townid":425,"tokenid":"635fd9adc313b2aea3372bb09f8e17fa","tokenurl":"/mcm/api/land?token=635fd9adc313b2aea3372bb09f8e17fa","imageurl":"/mcm/images/land/2B/20416_302cf5491695.jpg","landname":"25"},{"id":281474988179482,"level":3,"status":1,"posx":29,"posy":8,"cityid":175,"townid":425,"tokenid":"0332d672217e6a5848a93e7f927ee03f","tokenurl":"/mcm/api/land?token=0332d672217e6a5848a93e7f927ee03f","imageurl":"/mcm/images/land/2B/20417_4cbed6917db.jpg","landname":"26"},{"id":281474988179483,"level":2,"status":0,"posx":32,"posy":8,"cityid":175,"townid":425,"tokenid":"61aaf4e27777fe8e3e1c73fe0622b363","tokenurl":"/mcm/api/land?token=61aaf4e27777fe8e3e1c73fe0622b363","imageurl":"/mcm/images/land/2A/12247_1edbcd946e09.jpg","landname":"27"},{"id":281474988179484,"level":3,"status":0,"posx":33,"posy":8,"cityid":175,"townid":425,"tokenid":"8183b46c18223b496f16acf5bddc2840","tokenurl":"/mcm/api/land?token=8183b46c18223b496f16acf5bddc2840","imageurl":"/mcm/images/land/2B/20418_44e3ba285e69.jpg","landname":"28"},{"id":281474988179485,"level":3,"status":1,"posx":7,"posy":9,"cityid":175,"townid":425,"tokenid":"a418ad791b88b066848777afb72e4e40","tokenurl":"/mcm/api/land?token=a418ad791b88b066848777afb72e4e40","imageurl":"/mcm/images/land/2B/20419_1a2da5ff6b7f.jpg","landname":"29"},{"id":281474988179486,"level":2,"status":0,"posx":8,"posy":9,"cityid":175,"townid":425,"tokenid":"a1369536d465b97f27151b1cd39f2e3e","tokenurl":"/mcm/api/land?token=a1369536d465b97f27151b1cd39f2e3e","imageurl":"/mcm/images/land/2A/12248_496672345a10.jpg","landname":"30"},{"id":281474988179487,"level":3,"status":1,"posx":16,"posy":9,"cityid":175,"townid":425,"tokenid":"bc190080429be83487c6035916bb6e1b","tokenurl":"/mcm/api/land?token=bc190080429be83487c6035916bb6e1b","imageurl":"/mcm/images/land/2B/20420_baf88610210.jpg","landname":"31"},{"id":281474988179488,"level":3,"status":1,"posx":17,"posy":9,"cityid":175,"townid":425,"tokenid":"4c8a5a58dc1522707d29029db5a108c1","tokenurl":"/mcm/api/land?token=4c8a5a58dc1522707d29029db5a108c1","imageurl":"/mcm/images/land/2B/20421_8600ba32bc2.jpg","landname":"32"},{"id":281474988179489,"level":1,"status":0,"posx":20,"posy":9,"cityid":175,"townid":425,"tokenid":"6231433e62bbfcd378a46cd184d7f1c7","tokenurl":"/mcm/api/land?token=6231433e62bbfcd378a46cd184d7f1c7","imageurl":"/mcm/images/land/2S/8167_45d51a19e84e.jpg","landname":"33"},{"id":281474988179490,"level":1,"status":1,"posx":21,"posy":9,"cityid":175,"townid":425,"tokenid":"67ef68f8264d5c10988c1f50ba7e763e","tokenurl":"/mcm/api/land?token=67ef68f8264d5c10988c1f50ba7e763e","imageurl":"/mcm/images/land/2S/8168_3ca516979061.jpg","landname":"34"},{"id":281474988179491,"level":2,"status":0,"posx":28,"posy":9,"cityid":175,"townid":425,"tokenid":"2363ea8b5ba65192e6b55e739d644252","tokenurl":"/mcm/api/land?token=2363ea8b5ba65192e6b55e739d644252","imageurl":"/mcm/images/land/2A/12249_3281a61be799.jpg","landname":"35"},{"id":281474988179492,"level":3,"status":0,"posx":29,"posy":9,"cityid":175,"townid":425,"tokenid":"c3bd61084860ced5d06e27aee7d84668","tokenurl":"/mcm/api/land?token=c3bd61084860ced5d06e27aee7d84668","imageurl":"/mcm/images/land/2B/20422_266def8aad67.jpg","landname":"36"},{"id":281474988179493,"level":3,"status":1,"posx":32,"posy":9,"cityid":175,"townid":425,"tokenid":"f1eaca0f628603ff45e159f44bb0aa35","tokenurl":"/mcm/api/land?token=f1eaca0f628603ff45e159f44bb0aa35","imageurl":"/mcm/images/land/2B/20423_50214b7fb142.jpg","landname":"37"},{"id":281474988179494,"level":3,"status":0,"posx":33,"posy":9,"cityid":175,"townid":425,"tokenid":"9571fc0b093ed345d2e338d781567b25","tokenurl":"/mcm/api/land?token=9571fc0b093ed345d2e338d781567b25","imageurl":"/mcm/images/land/2B/20424_30ac1c0dcb6b.jpg","landname":"38"},{"id":281474988179495,"level":3,"status":1,"posx":28,"posy":10,"cityid":175,"townid":425,"tokenid":"cce4ca95fa61ff13a12124382783925a","tokenurl":"/mcm/api/land?token=cce4ca95fa61ff13a12124382783925a","imageurl":"/mcm/images/land/2B/20425_2b53746d68ce.jpg","landname":"39"},{"id":281474988179496,"level":3,"status":1,"posx":29,"posy":10,"cityid":175,"townid":425,"tokenid":"91d0c33b92884eadfab423c52aaaa08e","tokenurl":"/mcm/api/land?token=91d0c33b92884eadfab423c52aaaa08e","imageurl":"/mcm/images/land/2B/20426_d0311075037.jpg","landname":"40"},{"id":281474988179497,"level":1,"status":1,"posx":32,"posy":10,"cityid":175,"townid":425,"tokenid":"ea8862f53092c1d856c12461cce28488","tokenurl":"/mcm/api/land?token=ea8862f53092c1d856c12461cce28488","imageurl":"/mcm/images/land/2S/8169_39cc16a790f8.jpg","landname":"41"},{"id":281474988179498,"level":1,"status":1,"posx":33,"posy":10,"cityid":175,"townid":425,"tokenid":"89163bd060d764efe7bfc49c5be62827","tokenurl":"/mcm/api/land?token=89163bd060d764efe7bfc49c5be62827","imageurl":"/mcm/images/land/2S/8170_21d653bbe97d.jpg","landname":"42"},{"id":281474988179499,"level":3,"status":0,"posx":28,"posy":11,"cityid":175,"townid":425,"tokenid":"810003b50658c35252622975c6dcd80b","tokenurl":"/mcm/api/land?token=810003b50658c35252622975c6dcd80b","imageurl":"/mcm/images/land/2B/20427_3eb45ec1f634.jpg","landname":"43"},{"id":281474988179500,"level":2,"status":1,"posx":29,"posy":11,"cityid":175,"townid":425,"tokenid":"162632b48f4a30bb6db367438a0d577d","tokenurl":"/mcm/api/land?token=162632b48f4a30bb6db367438a0d577d","imageurl":"/mcm/images/land/2A/12250_26801d556b40.jpg","landname":"44"},{"id":281474988179501,"level":3,"status":0,"posx":32,"posy":11,"cityid":175,"townid":425,"tokenid":"e48dee27a2687d416e3351efc58935a5","tokenurl":"/mcm/api/land?token=e48dee27a2687d416e3351efc58935a5","imageurl":"/mcm/images/land/2B/20428_574f6dbfbae.jpg","landname":"45"},{"id":281474988179502,"level":3,"status":1,"posx":33,"posy":11,"cityid":175,"townid":425,"tokenid":"d8a81c153802598d6b0345e931d8ec76","tokenurl":"/mcm/api/land?token=d8a81c153802598d6b0345e931d8ec76","imageurl":"/mcm/images/land/2B/20429_105a9b22beb4.jpg","landname":"46"},{"id":281474988179503,"level":2,"status":0,"posx":28,"posy":12,"cityid":175,"townid":425,"tokenid":"e8288d4492ba8fa462bd0ba924e5ffda","tokenurl":"/mcm/api/land?token=e8288d4492ba8fa462bd0ba924e5ffda","imageurl":"/mcm/images/land/2A/12251_12a43b2951ea.jpg","landname":"47"},{"id":281474988179504,"level":1,"status":0,"posx":29,"posy":12,"cityid":175,"townid":425,"tokenid":"ec7257466ddda3d2d93aec20c691c6a3","tokenurl":"/mcm/api/land?token=ec7257466ddda3d2d93aec20c691c6a3","imageurl":"/mcm/images/land/2S/8171_4c1618944c0e.jpg","landname":"48"},{"id":281474988179505,"level":3,"status":0,"posx":32,"posy":12,"cityid":175,"townid":425,"tokenid":"8d6afd775db9fa9d33147c7999d2120b","tokenurl":"/mcm/api/land?token=8d6afd775db9fa9d33147c7999d2120b","imageurl":"/mcm/images/land/2B/20430_af734169eb5.jpg","landname":"49"},{"id":281474988179506,"level":2,"status":0,"posx":33,"posy":12,"cityid":175,"townid":425,"tokenid":"0957e0070e5e911dda51b45652290d56","tokenurl":"/mcm/api/land?token=0957e0070e5e911dda51b45652290d56","imageurl":"/mcm/images/land/2A/12252_3a46612822d3.jpg","landname":"50"},{"id":281474988179507,"level":3,"status":1,"posx":23,"posy":14,"cityid":175,"townid":425,"tokenid":"8c654e9f878afa727308cbfd730163e2","tokenurl":"/mcm/api/land?token=8c654e9f878afa727308cbfd730163e2","imageurl":"/mcm/images/land/2B/20431_965fb3a3f57.jpg","landname":"51"},{"id":281474988179508,"level":1,"status":0,"posx":24,"posy":14,"cityid":175,"townid":425,"tokenid":"4f5a01c747db73493b779a2af318f2d2","tokenurl":"/mcm/api/land?token=4f5a01c747db73493b779a2af318f2d2","imageurl":"/mcm/images/land/2S/8172_4a33102ac7a.jpg","landname":"52"},{"id":281474988179509,"level":2,"status":1,"posx":23,"posy":15,"cityid":175,"townid":425,"tokenid":"9f3f2bd19dc8dbcd7a8f94415dbcee2d","tokenurl":"/mcm/api/land?token=9f3f2bd19dc8dbcd7a8f94415dbcee2d","imageurl":"/mcm/images/land/2A/12253_578f0af25ca1.jpg","landname":"53"},{"id":281474988179510,"level":2,"status":1,"posx":24,"posy":15,"cityid":175,"townid":425,"tokenid":"3e7d5262bc8d91f1350ec9ac7bc145ed","tokenurl":"/mcm/api/land?token=3e7d5262bc8d91f1350ec9ac7bc145ed","imageurl":"/mcm/images/land/2A/12254_f56ed5fe68a.jpg","landname":"54"},{"id":281474988179511,"level":3,"status":0,"posx":33,"posy":15,"cityid":175,"townid":425,"tokenid":"852139a5f5c8b46cf320554c0b99e8c0","tokenurl":"/mcm/api/land?token=852139a5f5c8b46cf320554c0b99e8c0","imageurl":"/mcm/images/land/2B/20432_5a0a9d02577f.jpg","landname":"55"},{"id":281474988179512,"level":2,"status":1,"posx":34,"posy":15,"cityid":175,"townid":425,"tokenid":"7214809e7a02452ce388b05ae0b5a964","tokenurl":"/mcm/api/land?token=7214809e7a02452ce388b05ae0b5a964","imageurl":"/mcm/images/land/2A/12255_5062b3e27623.jpg","landname":"56"},{"id":281474988179513,"level":2,"status":1,"posx":11,"posy":16,"cityid":175,"townid":425,"tokenid":"15b86de911173172d98b2782f33b2e89","tokenurl":"/mcm/api/land?token=15b86de911173172d98b2782f33b2e89","imageurl":"/mcm/images/land/2A/12256_350e8d97a55b.jpg","landname":"57"},{"id":281474988179514,"level":3,"status":1,"posx":12,"posy":16,"cityid":175,"townid":425,"tokenid":"71679c7b4883621a39357b3f119090c4","tokenurl":"/mcm/api/land?token=71679c7b4883621a39357b3f119090c4","imageurl":"/mcm/images/land/2B/20433_231d3ebead1.jpg","landname":"58"},{"id":281474988179515,"level":3,"status":0,"posx":23,"posy":16,"cityid":175,"townid":425,"tokenid":"fea1ffd21c27b95431a502e333cd366f","tokenurl":"/mcm/api/land?token=fea1ffd21c27b95431a502e333cd366f","imageurl":"/mcm/images/land/2B/20434_1556490d0a14.jpg","landname":"59"},{"id":281474988179516,"level":2,"status":0,"posx":24,"posy":16,"cityid":175,"townid":425,"tokenid":"2310d92837fcd458d382d4b34116e358","tokenurl":"/mcm/api/land?token=2310d92837fcd458d382d4b34116e358","imageurl":"/mcm/images/land/2A/12257_28714210e69a.jpg","landname":"60"},{"id":281474988179517,"level":3,"status":1,"posx":33,"posy":16,"cityid":175,"townid":425,"tokenid":"612e48d7f0062e77b1d6986bd84f43e6","tokenurl":"/mcm/api/land?token=612e48d7f0062e77b1d6986bd84f43e6","imageurl":"/mcm/images/land/2B/20435_57e66ce46101.jpg","landname":"61"},{"id":281474988179518,"level":1,"status":1,"posx":34,"posy":16,"cityid":175,"townid":425,"tokenid":"335b040634d0cfb7deb6fb4ddda069b3","tokenurl":"/mcm/api/land?token=335b040634d0cfb7deb6fb4ddda069b3","imageurl":"/mcm/images/land/2S/8173_34becb5b928d.jpg","landname":"62"},{"id":281474988179519,"level":2,"status":1,"posx":11,"posy":17,"cityid":175,"townid":425,"tokenid":"19eff6ad4b41d348bf94373318b2b5db","tokenurl":"/mcm/api/land?token=19eff6ad4b41d348bf94373318b2b5db","imageurl":"/mcm/images/land/2A/12258_14d1736ad411.jpg","landname":"63"},{"id":281474988179520,"level":2,"status":0,"posx":12,"posy":17,"cityid":175,"townid":425,"tokenid":"495570f78cec8105a06b535d00ff2de7","tokenurl":"/mcm/api/land?token=495570f78cec8105a06b535d00ff2de7","imageurl":"/mcm/images/land/2A/12259_592662629b2e.jpg","landname":"64"},{"id":281474988179521,"level":2,"status":1,"posx":23,"posy":17,"cityid":175,"townid":425,"tokenid":"ba197897fbbe25243dd57cb4813c1e9b","tokenurl":"/mcm/api/land?token=ba197897fbbe25243dd57cb4813c1e9b","imageurl":"/mcm/images/land/2A/12260_45755f177dfa.jpg","landname":"65"},{"id":281474988179522,"level":3,"status":1,"posx":24,"posy":17,"cityid":175,"townid":425,"tokenid":"af2a74abb684485508654307611136ab","tokenurl":"/mcm/api/land?token=af2a74abb684485508654307611136ab","imageurl":"/mcm/images/land/2B/20436_449176170101.jpg","landname":"66"},{"id":281474988179523,"level":1,"status":1,"posx":33,"posy":17,"cityid":175,"townid":425,"tokenid":"9322c143e8997cf9043199fa05fd76de","tokenurl":"/mcm/api/land?token=9322c143e8997cf9043199fa05fd76de","imageurl":"/mcm/images/land/2S/8174_13187022b52d.jpg","landname":"67"},{"id":281474988179524,"level":3,"status":1,"posx":34,"posy":17,"cityid":175,"townid":425,"tokenid":"db69a77acfd4f8bb6a8787c839906f2d","tokenurl":"/mcm/api/land?token=db69a77acfd4f8bb6a8787c839906f2d","imageurl":"/mcm/images/land/2B/20437_7eb7efb2eaa.jpg","landname":"68"},{"id":281474988179525,"level":1,"status":0,"posx":7,"posy":18,"cityid":175,"townid":425,"tokenid":"121bc483755ce8a5c1862873aa49585c","tokenurl":"/mcm/api/land?token=121bc483755ce8a5c1862873aa49585c","imageurl":"/mcm/images/land/2S/8175_2fec33166a05.jpg","landname":"69"},{"id":281474988179526,"level":3,"status":1,"posx":8,"posy":18,"cityid":175,"townid":425,"tokenid":"99d099a6c764348e7040c3b4274fde41","tokenurl":"/mcm/api/land?token=99d099a6c764348e7040c3b4274fde41","imageurl":"/mcm/images/land/2B/20438_4bd736c83103.jpg","landname":"70"},{"id":281474988179527,"level":2,"status":0,"posx":11,"posy":18,"cityid":175,"townid":425,"tokenid":"08715bc928e41189f83d0461706b9822","tokenurl":"/mcm/api/land?token=08715bc928e41189f83d0461706b9822","imageurl":"/mcm/images/land/2A/12261_2db4a9a12c20.jpg","landname":"71"},{"id":281474988179528,"level":3,"status":1,"posx":12,"posy":18,"cityid":175,"townid":425,"tokenid":"2833ed5d734648279f9fb1a6434e9aff","tokenurl":"/mcm/api/land?token=2833ed5d734648279f9fb1a6434e9aff","imageurl":"/mcm/images/land/2B/20439_174c622ce9cd.jpg","landname":"72"},{"id":281474988179529,"level":2,"status":0,"posx":23,"posy":18,"cityid":175,"townid":425,"tokenid":"4cf83d17b17964936e6c5cb6cfd8432e","tokenurl":"/mcm/api/land?token=4cf83d17b17964936e6c5cb6cfd8432e","imageurl":"/mcm/images/land/2A/12262_5741d0f5afa9.jpg","landname":"73"},{"id":281474988179530,"level":3,"status":0,"posx":24,"posy":18,"cityid":175,"townid":425,"tokenid":"d80cc7a43efcf265fa62724a60c448a6","tokenurl":"/mcm/api/land?token=d80cc7a43efcf265fa62724a60c448a6","imageurl":"/mcm/images/land/2B/20440_4d9f377b9567.jpg","landname":"74"},{"id":281474988179531,"level":2,"status":1,"posx":33,"posy":18,"cityid":175,"townid":425,"tokenid":"c247d8cfe080d12656f1bd7520b784bd","tokenurl":"/mcm/api/land?token=c247d8cfe080d12656f1bd7520b784bd","imageurl":"/mcm/images/land/2A/12263_369a854a29f7.jpg","landname":"75"},{"id":281474988179532,"level":2,"status":1,"posx":34,"posy":18,"cityid":175,"townid":425,"tokenid":"888dfa0bdeddd80bf9cd324985608eaa","tokenurl":"/mcm/api/land?token=888dfa0bdeddd80bf9cd324985608eaa","imageurl":"/mcm/images/land/2A/12264_1abac28123d8.jpg","landname":"76"},{"id":281474988179533,"level":3,"status":0,"posx":7,"posy":19,"cityid":175,"townid":425,"tokenid":"06b56bb7236cdd00dc4782db1eb60c47","tokenurl":"/mcm/api/land?token=06b56bb7236cdd00dc4782db1eb60c47","imageurl":"/mcm/images/land/2B/20441_258c3f946928.jpg","landname":"77"},{"id":281474988179534,"level":2,"status":0,"posx":8,"posy":19,"cityid":175,"townid":425,"tokenid":"725b4bf49ab58acb716b7f0109bff500","tokenurl":"/mcm/api/land?token=725b4bf49ab58acb716b7f0109bff500","imageurl":"/mcm/images/land/2A/12265_30366c856b4a.jpg","landname":"78"},{"id":281474988179535,"level":1,"status":1,"posx":11,"posy":19,"cityid":175,"townid":425,"tokenid":"86ec07ed3efff58fec92a6e293b18753","tokenurl":"/mcm/api/land?token=86ec07ed3efff58fec92a6e293b18753","imageurl":"/mcm/images/land/2S/8176_2298997a63ba.jpg","landname":"79"},{"id":281474988179536,"level":1,"status":1,"posx":12,"posy":19,"cityid":175,"townid":425,"tokenid":"82c5e938ce9db5469e448fdc86d2d16f","tokenurl":"/mcm/api/land?token=82c5e938ce9db5469e448fdc86d2d16f","imageurl":"/mcm/images/land/2S/8177_1be887c5032f.jpg","landname":"80"},{"id":281474988179537,"level":1,"status":0,"posx":33,"posy":19,"cityid":175,"townid":425,"tokenid":"7d9145bdbfdb653d27c7d016595e1e02","tokenurl":"/mcm/api/land?token=7d9145bdbfdb653d27c7d016595e1e02","imageurl":"/mcm/images/land/2S/8178_4be15159954a.jpg","landname":"81"},{"id":281474988179538,"level":2,"status":0,"posx":34,"posy":19,"cityid":175,"townid":425,"tokenid":"52851ee6e342ae401044b83012bc7ce2","tokenurl":"/mcm/api/land?token=52851ee6e342ae401044b83012bc7ce2","imageurl":"/mcm/images/land/2A/12266_3fe08226dd29.jpg","landname":"82"},{"id":281474988179539,"level":3,"status":0,"posx":7,"posy":20,"cityid":175,"townid":425,"tokenid":"4606c65a239717e7fcf7a7e0a3867298","tokenurl":"/mcm/api/land?token=4606c65a239717e7fcf7a7e0a3867298","imageurl":"/mcm/images/land/2B/20442_57e6901561f8.jpg","landname":"83"},{"id":281474988179540,"level":2,"status":0,"posx":8,"posy":20,"cityid":175,"townid":425,"tokenid":"25fc2b27ab49beea734d161c1a54e6c5","tokenurl":"/mcm/api/land?token=25fc2b27ab49beea734d161c1a54e6c5","imageurl":"/mcm/images/land/2A/12267_38229b6171aa.jpg","landname":"84"},{"id":281474988179541,"level":3,"status":0,"posx":11,"posy":20,"cityid":175,"townid":425,"tokenid":"bcc112037883dbf7a4cc695e9aa31ee8","tokenurl":"/mcm/api/land?token=bcc112037883dbf7a4cc695e9aa31ee8","imageurl":"/mcm/images/land/2B/20443_108b1526f2d4.jpg","landname":"85"},{"id":281474988179542,"level":3,"status":0,"posx":12,"posy":20,"cityid":175,"townid":425,"tokenid":"92766957010f34b26b1c3e8cc67b64e9","tokenurl":"/mcm/api/land?token=92766957010f34b26b1c3e8cc67b64e9","imageurl":"/mcm/images/land/2B/20444_2b7488d4734e.jpg","landname":"86"},{"id":281474988179543,"level":3,"status":1,"posx":7,"posy":21,"cityid":175,"townid":425,"tokenid":"710cea8929a39389a4611d169e36bec7","tokenurl":"/mcm/api/land?token=710cea8929a39389a4611d169e36bec7","imageurl":"/mcm/images/land/2B/20445_17a8efcfa5f4.jpg","landname":"87"},{"id":281474988179544,"level":3,"status":0,"posx":8,"posy":21,"cityid":175,"townid":425,"tokenid":"b53e72968570bc8e44222999f303bf30","tokenurl":"/mcm/api/land?token=b53e72968570bc8e44222999f303bf30","imageurl":"/mcm/images/land/2B/20446_c0914ba7c07.jpg","landname":"88"},{"id":281474988179545,"level":3,"status":1,"posx":26,"posy":21,"cityid":175,"townid":425,"tokenid":"b56e9666d12ffdb12ff31aace0fe98b0","tokenurl":"/mcm/api/land?token=b56e9666d12ffdb12ff31aace0fe98b0","imageurl":"/mcm/images/land/2B/20447_21370bd406e4.jpg","landname":"89"},{"id":281474988179546,"level":3,"status":1,"posx":27,"posy":21,"cityid":175,"townid":425,"tokenid":"b57caa09bfa8082de2e719d74688d9a4","tokenurl":"/mcm/api/land?token=b57caa09bfa8082de2e719d74688d9a4","imageurl":"/mcm/images/land/2B/20448_24fd6e6d7ce1.jpg","landname":"90"},{"id":281474988179547,"level":2,"status":0,"posx":7,"posy":22,"cityid":175,"townid":425,"tokenid":"145a81364c7934d133a704ce031a7b1c","tokenurl":"/mcm/api/land?token=145a81364c7934d133a704ce031a7b1c","imageurl":"/mcm/images/land/2A/12268_270fd46eca9.jpg","landname":"91"},{"id":281474988179548,"level":3,"status":0,"posx":8,"posy":22,"cityid":175,"townid":425,"tokenid":"ad1dc4d940d2671729907cea6513422f","tokenurl":"/mcm/api/land?token=ad1dc4d940d2671729907cea6513422f","imageurl":"/mcm/images/land/2B/20449_d1d9b9c823.jpg","landname":"92"},{"id":281474988179549,"level":3,"status":1,"posx":23,"posy":22,"cityid":175,"townid":425,"tokenid":"058b317c6a33ac02ccebe86426141b7a","tokenurl":"/mcm/api/land?token=058b317c6a33ac02ccebe86426141b7a","imageurl":"/mcm/images/land/2B/20450_1480cd1f0a18.jpg","landname":"93"},{"id":281474988179550,"level":2,"status":1,"posx":24,"posy":22,"cityid":175,"townid":425,"tokenid":"92533bfd51b80d47072a395847c53fd2","tokenurl":"/mcm/api/land?token=92533bfd51b80d47072a395847c53fd2","imageurl":"/mcm/images/land/2A/12269_297fcdd46517.jpg","landname":"94"},{"id":281474988179551,"level":3,"status":1,"posx":26,"posy":22,"cityid":175,"townid":425,"tokenid":"d1f18b5f8674be61d229eb31e41d9ad1","tokenurl":"/mcm/api/land?token=d1f18b5f8674be61d229eb31e41d9ad1","imageurl":"/mcm/images/land/2B/20451_2fad27323d64.jpg","landname":"95"},{"id":281474988179552,"level":3,"status":0,"posx":27,"posy":22,"cityid":175,"townid":425,"tokenid":"af237eed7da9dc402ceb9303756f3028","tokenurl":"/mcm/api/land?token=af237eed7da9dc402ceb9303756f3028","imageurl":"/mcm/images/land/2B/20452_146578abe5c0.jpg","landname":"96"},{"id":281474988179553,"level":3,"status":1,"posx":33,"posy":22,"cityid":175,"townid":425,"tokenid":"c7d9e2f571508918152d066ebc18a43f","tokenurl":"/mcm/api/land?token=c7d9e2f571508918152d066ebc18a43f","imageurl":"/mcm/images/land/2B/20453_41851a25fcc0.jpg","landname":"97"},{"id":281474988179554,"level":3,"status":1,"posx":34,"posy":22,"cityid":175,"townid":425,"tokenid":"24acc7dfdbfc87f998ca99e87b01444c","tokenurl":"/mcm/api/land?token=24acc7dfdbfc87f998ca99e87b01444c","imageurl":"/mcm/images/land/2B/20454_24f836b3e81e.jpg","landname":"98"},{"id":281474988179555,"level":3,"status":0,"posx":23,"posy":23,"cityid":175,"townid":425,"tokenid":"1e45674ad805c2977ae4ae68e3ee2fb3","tokenurl":"/mcm/api/land?token=1e45674ad805c2977ae4ae68e3ee2fb3","imageurl":"/mcm/images/land/2B/20455_505efc949d79.jpg","landname":"99"},{"id":281474988179556,"level":3,"status":0,"posx":24,"posy":23,"cityid":175,"townid":425,"tokenid":"f9380ce1415abfc0a7f6ffe671bfbc4e","tokenurl":"/mcm/api/land?token=f9380ce1415abfc0a7f6ffe671bfbc4e","imageurl":"/mcm/images/land/2B/20456_1dc64f477dfb.jpg","landname":"100"},{"id":281474988179557,"level":3,"status":0,"posx":26,"posy":23,"cityid":175,"townid":425,"tokenid":"c5ff1edab484fdaef8face677f308f70","tokenurl":"/mcm/api/land?token=c5ff1edab484fdaef8face677f308f70","imageurl":"/mcm/images/land/2B/20457_1057ee50294d.jpg","landname":"101"},{"id":281474988179558,"level":3,"status":1,"posx":27,"posy":23,"cityid":175,"townid":425,"tokenid":"eda0395484c8e17ffbe7a0f7df2e916f","tokenurl":"/mcm/api/land?token=eda0395484c8e17ffbe7a0f7df2e916f","imageurl":"/mcm/images/land/2B/20458_244d57e298f0.jpg","landname":"102"},{"id":281474988179559,"level":1,"status":0,"posx":33,"posy":23,"cityid":175,"townid":425,"tokenid":"c00852ed131c8e2e0a6890e3296e42a0","tokenurl":"/mcm/api/land?token=c00852ed131c8e2e0a6890e3296e42a0","imageurl":"/mcm/images/land/2S/8179_ef445db7b84.jpg","landname":"103"},{"id":281474988179560,"level":2,"status":1,"posx":34,"posy":23,"cityid":175,"townid":425,"tokenid":"32a6b76fbaaeaf2b2f93cb17e33fde50","tokenurl":"/mcm/api/land?token=32a6b76fbaaeaf2b2f93cb17e33fde50","imageurl":"/mcm/images/land/2A/12270_5a1c3e0e0097.jpg","landname":"104"},{"id":281474988179561,"level":3,"status":1,"posx":23,"posy":24,"cityid":175,"townid":425,"tokenid":"f58bc20a36e83e3e3eb912deba60e016","tokenurl":"/mcm/api/land?token=f58bc20a36e83e3e3eb912deba60e016","imageurl":"/mcm/images/land/2B/20459_413f59ed6c08.jpg","landname":"105"},{"id":281474988179562,"level":1,"status":0,"posx":24,"posy":24,"cityid":175,"townid":425,"tokenid":"741805194a8a97c7138470b79ae03c68","tokenurl":"/mcm/api/land?token=741805194a8a97c7138470b79ae03c68","imageurl":"/mcm/images/land/2S/8180_135f56f92c0c.jpg","landname":"106"},{"id":281474988179563,"level":3,"status":0,"posx":26,"posy":24,"cityid":175,"townid":425,"tokenid":"194fbb49d8c4ed23808d893ac04af5a4","tokenurl":"/mcm/api/land?token=194fbb49d8c4ed23808d893ac04af5a4","imageurl":"/mcm/images/land/2B/20460_5556bc631038.jpg","landname":"107"},{"id":281474988179564,"level":2,"status":1,"posx":27,"posy":24,"cityid":175,"townid":425,"tokenid":"4f0d5d0a403de8b000abfef458d70730","tokenurl":"/mcm/api/land?token=4f0d5d0a403de8b000abfef458d70730","imageurl":"/mcm/images/land/2A/12271_6faa8bc956e.jpg","landname":"108"},{"id":281474988179565,"level":2,"status":0,"posx":33,"posy":24,"cityid":175,"townid":425,"tokenid":"eeb21d460a27883ac237d3e6cc6d1be6","tokenurl":"/mcm/api/land?token=eeb21d460a27883ac237d3e6cc6d1be6","imageurl":"/mcm/images/land/2A/12272_21789c035385.jpg","landname":"109"},{"id":281474988179566,"level":3,"status":1,"posx":34,"posy":24,"cityid":175,"townid":425,"tokenid":"2012007b357b863f6dd5b76baef1b72b","tokenurl":"/mcm/api/land?token=2012007b357b863f6dd5b76baef1b72b","imageurl":"/mcm/images/land/2B/20461_8ff271d05a1.jpg","landname":"110"},{"id":281474988179567,"level":2,"status":0,"posx":23,"posy":25,"cityid":175,"townid":425,"tokenid":"a30890b5258d2ac5e37177cbba13639c","tokenurl":"/mcm/api/land?token=a30890b5258d2ac5e37177cbba13639c","imageurl":"/mcm/images/land/2A/12273_265ce73f1b42.jpg","landname":"111"},{"id":281474988179568,"level":1,"status":1,"posx":24,"posy":25,"cityid":175,"townid":425,"tokenid":"46c8a1f519af74af19a2980452826195","tokenurl":"/mcm/api/land?token=46c8a1f519af74af19a2980452826195","imageurl":"/mcm/images/land/2S/8181_332d0c638077.jpg","landname":"112"},{"id":281474988179569,"level":3,"status":1,"posx":26,"posy":25,"cityid":175,"townid":425,"tokenid":"c05fe61f5bec9a3bf7375462545d4f27","tokenurl":"/mcm/api/land?token=c05fe61f5bec9a3bf7375462545d4f27","imageurl":"/mcm/images/land/2B/20462_48c19ec9b04d.jpg","landname":"113"},{"id":281474988179570,"level":3,"status":0,"posx":27,"posy":25,"cityid":175,"townid":425,"tokenid":"85b9514bac321595bb373dfb6051c81c","tokenurl":"/mcm/api/land?token=85b9514bac321595bb373dfb6051c81c","imageurl":"/mcm/images/land/2B/20463_387741631190.jpg","landname":"114"},{"id":281474988179571,"level":1,"status":1,"posx":33,"posy":25,"cityid":175,"townid":425,"tokenid":"e704c81a99521153a836b6cae93b8e3e","tokenurl":"/mcm/api/land?token=e704c81a99521153a836b6cae93b8e3e","imageurl":"/mcm/images/land/2S/8182_521780e37006.jpg","landname":"115"},{"id":281474988179572,"level":2,"status":1,"posx":34,"posy":25,"cityid":175,"townid":425,"tokenid":"dc0f65ee140a7771af81c83ef4b002e6","tokenurl":"/mcm/api/land?token=dc0f65ee140a7771af81c83ef4b002e6","imageurl":"/mcm/images/land/2A/12274_26f91f58ffdb.jpg","landname":"116"},{"id":281474988179573,"level":3,"status":0,"posx":23,"posy":26,"cityid":175,"townid":425,"tokenid":"0844719f4706e6e4a0890c6ab39498e0","tokenurl":"/mcm/api/land?token=0844719f4706e6e4a0890c6ab39498e0","imageurl":"/mcm/images/land/2B/20464_355544773b3f.jpg","landname":"117"},{"id":281474988179574,"level":3,"status":0,"posx":24,"posy":26,"cityid":175,"townid":425,"tokenid":"61c126e321f745835baa49fe2e49ec0d","tokenurl":"/mcm/api/land?token=61c126e321f745835baa49fe2e49ec0d","imageurl":"/mcm/images/land/2B/20465_85d1746c4bc.jpg","landname":"118"},{"id":281474988179575,"level":2,"status":0,"posx":33,"posy":26,"cityid":175,"townid":425,"tokenid":"5e43181e8c28234fa0a158c1893f2253","tokenurl":"/mcm/api/land?token=5e43181e8c28234fa0a158c1893f2253","imageurl":"/mcm/images/land/2A/12275_5a0cd7c1127c.jpg","landname":"119"},{"id":281474988179576,"level":1,"status":0,"posx":34,"posy":26,"cityid":175,"townid":425,"tokenid":"7f0719d21747ac504643e8b68a94318c","tokenurl":"/mcm/api/land?token=7f0719d21747ac504643e8b68a94318c","imageurl":"/mcm/images/land/2S/8183_3080ad942c94.jpg","landname":"120"},{"id":281474988179577,"level":2,"status":1,"posx":31,"posy":27,"cityid":175,"townid":425,"tokenid":"f5721a43698d610890e3ed4fdbfc5a94","tokenurl":"/mcm/api/land?token=f5721a43698d610890e3ed4fdbfc5a94","imageurl":"/mcm/images/land/2A/12276_4a797ae74ae1.jpg","landname":"121"},{"id":281474988179578,"level":1,"status":1,"posx":32,"posy":27,"cityid":175,"townid":425,"tokenid":"f1ddbd7d25e66138847d050e69b81ec7","tokenurl":"/mcm/api/land?token=f1ddbd7d25e66138847d050e69b81ec7","imageurl":"/mcm/images/land/2S/8184_aa74ecd9629.jpg","landname":"122"},{"id":281474988179579,"level":2,"status":1,"posx":6,"posy":28,"cityid":175,"townid":425,"tokenid":"fab7e2a77e55dfb1245020a92532dcfe","tokenurl":"/mcm/api/land?token=fab7e2a77e55dfb1245020a92532dcfe","imageurl":"/mcm/images/land/2A/12277_222e31017e72.jpg","landname":"123"},{"id":281474988179580,"level":1,"status":0,"posx":7,"posy":28,"cityid":175,"townid":425,"tokenid":"eccb4262db89ad65bd8ae5a7e49973fa","tokenurl":"/mcm/api/land?token=eccb4262db89ad65bd8ae5a7e49973fa","imageurl":"/mcm/images/land/2S/8185_4ead922c90b0.jpg","landname":"124"},{"id":281474988179581,"level":3,"status":0,"posx":9,"posy":28,"cityid":175,"townid":425,"tokenid":"d3e8354fd959f2898b16d5e42b10ced8","tokenurl":"/mcm/api/land?token=d3e8354fd959f2898b16d5e42b10ced8","imageurl":"/mcm/images/land/2B/20466_39a9105f8e86.jpg","landname":"125"},{"id":281474988179582,"level":2,"status":0,"posx":10,"posy":28,"cityid":175,"townid":425,"tokenid":"f2fc95cf0877e34716ad4566d038eae4","tokenurl":"/mcm/api/land?token=f2fc95cf0877e34716ad4566d038eae4","imageurl":"/mcm/images/land/2A/12278_3046ed89091.jpg","landname":"126"},{"id":281474988179583,"level":3,"status":0,"posx":31,"posy":28,"cityid":175,"townid":425,"tokenid":"1b4b8594021462ab330868e04c489697","tokenurl":"/mcm/api/land?token=1b4b8594021462ab330868e04c489697","imageurl":"/mcm/images/land/2B/20467_1baca1714315.jpg","landname":"127"},{"id":281474988179584,"level":1,"status":1,"posx":32,"posy":28,"cityid":175,"townid":425,"tokenid":"bfa5fad5f26d45fed5e60e68f906ed92","tokenurl":"/mcm/api/land?token=bfa5fad5f26d45fed5e60e68f906ed92","imageurl":"/mcm/images/land/2S/8186_55f093c95ee0.jpg","landname":"128"},{"id":281474988179585,"level":2,"status":0,"posx":6,"posy":29,"cityid":175,"townid":425,"tokenid":"1bdb2d17077b0d811e8c4ab99897b184","tokenurl":"/mcm/api/land?token=1bdb2d17077b0d811e8c4ab99897b184","imageurl":"/mcm/images/land/2A/12279_39b311f57243.jpg","landname":"129"},{"id":281474988179586,"level":2,"status":1,"posx":7,"posy":29,"cityid":175,"townid":425,"tokenid":"c8acd79f43d0d440a817c2f292322392","tokenurl":"/mcm/api/land?token=c8acd79f43d0d440a817c2f292322392","imageurl":"/mcm/images/land/2A/12280_19ee1c3587ed.jpg","landname":"130"},{"id":281474988179587,"level":2,"status":1,"posx":9,"posy":29,"cityid":175,"townid":425,"tokenid":"729bafa2377f9732337dfab7bef2a0f1","tokenurl":"/mcm/api/land?token=729bafa2377f9732337dfab7bef2a0f1","imageurl":"/mcm/images/land/2A/12281_a23e5d875d8.jpg","landname":"131"},{"id":281474988179588,"level":2,"status":1,"posx":10,"posy":29,"cityid":175,"townid":425,"tokenid":"f5605dd901bc9e91a4cc8664e25678e3","tokenurl":"/mcm/api/land?token=f5605dd901bc9e91a4cc8664e25678e3","imageurl":"/mcm/images/land/2A/12282_135438f4eb25.jpg","landname":"132"},{"id":281474988179589,"level":3,"status":1,"posx":31,"posy":29,"cityid":175,"townid":425,"tokenid":"b3bef5d175fe1976ed6ce6909e378d85","tokenurl":"/mcm/api/land?token=b3bef5d175fe1976ed6ce6909e378d85","imageurl":"/mcm/images/land/2B/20468_53e145d57506.jpg","landname":"133"},{"id":281474988179590,"level":3,"status":0,"posx":32,"posy":29,"cityid":175,"townid":425,"tokenid":"fc1664853b2589753ddfd4ca2159c93d","tokenurl":"/mcm/api/land?token=fc1664853b2589753ddfd4ca2159c93d","imageurl":"/mcm/images/land/2B/20469_b627865a527.jpg","landname":"134"},{"id":281474988179591,"level":3,"status":1,"posx":6,"posy":30,"cityid":175,"townid":425,"tokenid":"7a55bebf19e2a5fd82f86264ce996cc2","tokenurl":"/mcm/api/land?token=7a55bebf19e2a5fd82f86264ce996cc2","imageurl":"/mcm/images/land/2B/20470_1212c0b4ee58.jpg","landname":"135"},{"id":281474988179592,"level":3,"status":0,"posx":7,"posy":30,"cityid":175,"townid":425,"tokenid":"8c63d8a039c9830fa3484d961d074dfb","tokenurl":"/mcm/api/land?token=8c63d8a039c9830fa3484d961d074dfb","imageurl":"/mcm/images/land/2B/20471_4f1974438b82.jpg","landname":"136"},{"id":281474988179593,"level":3,"status":1,"posx":9,"posy":30,"cityid":175,"townid":425,"tokenid":"8b441b9213d109a3c803377c425a7ed0","tokenurl":"/mcm/api/land?token=8b441b9213d109a3c803377c425a7ed0","imageurl":"/mcm/images/land/2B/20472_4a68ac11d7ee.jpg","landname":"137"},{"id":281474988179594,"level":3,"status":0,"posx":10,"posy":30,"cityid":175,"townid":425,"tokenid":"6bfdb658d63be99c1949c67daf4417d2","tokenurl":"/mcm/api/land?token=6bfdb658d63be99c1949c67daf4417d2","imageurl":"/mcm/images/land/2B/20473_1012ebb3fffd.jpg","landname":"138"},{"id":281474988179595,"level":1,"status":1,"posx":31,"posy":30,"cityid":175,"townid":425,"tokenid":"98e8646503831c574428641361587de1","tokenurl":"/mcm/api/land?token=98e8646503831c574428641361587de1","imageurl":"/mcm/images/land/2S/8187_1d23b10c44bb.jpg","landname":"139"},{"id":281474988179596,"level":1,"status":0,"posx":32,"posy":30,"cityid":175,"townid":425,"tokenid":"c61dd46f8f00a2e4bb236c753dfb3f50","tokenurl":"/mcm/api/land?token=c61dd46f8f00a2e4bb236c753dfb3f50","imageurl":"/mcm/images/land/2S/8188_2ed86ebfc0cf.jpg","landname":"140"},{"id":281474988179597,"level":3,"status":1,"posx":6,"posy":31,"cityid":175,"townid":425,"tokenid":"b9aa67e565b72a4d9652d7c2e28a2f16","tokenurl":"/mcm/api/land?token=b9aa67e565b72a4d9652d7c2e28a2f16","imageurl":"/mcm/images/land/2B/20474_33be074c346d.jpg","landname":"141"},{"id":281474988179598,"level":1,"status":1,"posx":7,"posy":31,"cityid":175,"townid":425,"tokenid":"8379fdf8396073157530a9ed9cdca0d0","tokenurl":"/mcm/api/land?token=8379fdf8396073157530a9ed9cdca0d0","imageurl":"/mcm/images/land/2S/8189_e6e58bb86e8.jpg","landname":"142"},{"id":281474988179599,"level":2,"status":0,"posx":9,"posy":31,"cityid":175,"townid":425,"tokenid":"1129758619e29b0e9f96624041762db6","tokenurl":"/mcm/api/land?token=1129758619e29b0e9f96624041762db6","imageurl":"/mcm/images/land/2A/12283_15d56d533fa.jpg","landname":"143"},{"id":281474988179600,"level":3,"status":1,"posx":10,"posy":31,"cityid":175,"townid":425,"tokenid":"6c0aa98766b82e5b4da942a91bbf5875","tokenurl":"/mcm/api/land?token=6c0aa98766b82e5b4da942a91bbf5875","imageurl":"/mcm/images/land/2B/20475_57417e3d726b.jpg","landname":"144"},{"id":281474988179601,"level":2,"status":0,"posx":31,"posy":31,"cityid":175,"townid":425,"tokenid":"714febf52ffd2fb26222570777183a9a","tokenurl":"/mcm/api/land?token=714febf52ffd2fb26222570777183a9a","imageurl":"/mcm/images/land/2A/12284_23e8db3f1234.jpg","landname":"145"},{"id":281474988179602,"level":2,"status":0,"posx":32,"posy":31,"cityid":175,"townid":425,"tokenid":"841ab2d0d5b0bf40dd0a45bacbb6c59b","tokenurl":"/mcm/api/land?token=841ab2d0d5b0bf40dd0a45bacbb6c59b","imageurl":"/mcm/images/land/2A/12285_1f9500c4467b.jpg","landname":"146"},{"id":281474988179603,"level":3,"status":1,"posx":6,"posy":32,"cityid":175,"townid":425,"tokenid":"9bbbd3263cee307736f23927a7aac09b","tokenurl":"/mcm/api/land?token=9bbbd3263cee307736f23927a7aac09b","imageurl":"/mcm/images/land/2B/20476_10c8d8b3d485.jpg","landname":"147"},{"id":281474988179604,"level":2,"status":0,"posx":7,"posy":32,"cityid":175,"townid":425,"tokenid":"2b576cac01489fe0a7d506fde5ccddda","tokenurl":"/mcm/api/land?token=2b576cac01489fe0a7d506fde5ccddda","imageurl":"/mcm/images/land/2A/12286_ecf23e43fc9.jpg","landname":"148"},{"id":281474988179605,"level":1,"status":1,"posx":9,"posy":32,"cityid":175,"townid":425,"tokenid":"eada0f10877d894105dc583b06d123a2","tokenurl":"/mcm/api/land?token=eada0f10877d894105dc583b06d123a2","imageurl":"/mcm/images/land/2S/8190_2847f2e59749.jpg","landname":"149"},{"id":281474988179606,"level":1,"status":0,"posx":10,"posy":32,"cityid":175,"townid":425,"tokenid":"2c7407492e5f85579af5266bf052dce8","tokenurl":"/mcm/api/land?token=2c7407492e5f85579af5266bf052dce8","imageurl":"/mcm/images/land/2S/8191_35b728726200.jpg","landname":"150"}]]],0,0,[],[],[]]
