[1,0,0,[["cc.JsonAsset",["_name","json"],1]],[[0,0,1,3]],[[0,"163",[{"id":281474980904961,"level":2,"status":0,"posx":7,"posy":5,"cityid":64,"townid":163,"tokenid":"242a43966a3d72589cfdc5cea552bad8","tokenurl":"/mcm/api/land?token=242a43966a3d72589cfdc5cea552bad8","imageurl":"/mcm/images/land/2A/4052_2057a49c0a27.jpg","landname":"1"},{"id":281474980904962,"level":3,"status":0,"posx":8,"posy":5,"cityid":64,"townid":163,"tokenid":"ae343470f32988f8117eecd2abf34992","tokenurl":"/mcm/api/land?token=ae343470f32988f8117eecd2abf34992","imageurl":"/mcm/images/land/2B/6752_2f7566023fd1.jpg","landname":"2"},{"id":281474980904963,"level":3,"status":1,"posx":16,"posy":5,"cityid":64,"townid":163,"tokenid":"f65c0c636cf152a711061e4828780e7f","tokenurl":"/mcm/api/land?token=f65c0c636cf152a711061e4828780e7f","imageurl":"/mcm/images/land/2B/6753_1d87d8de4fca.jpg","landname":"3"},{"id":281474980904964,"level":1,"status":1,"posx":17,"posy":5,"cityid":64,"townid":163,"tokenid":"12bcb2c9d38c1fbc392a566113e858fc","tokenurl":"/mcm/api/land?token=12bcb2c9d38c1fbc392a566113e858fc","imageurl":"/mcm/images/land/2S/2702_166079a61eff.jpg","landname":"4"},{"id":281474980904965,"level":2,"status":1,"posx":20,"posy":5,"cityid":64,"townid":163,"tokenid":"c7812a427047b102b430b691e321f50f","tokenurl":"/mcm/api/land?token=c7812a427047b102b430b691e321f50f","imageurl":"/mcm/images/land/2A/4053_4f7098f2a972.jpg","landname":"5"},{"id":281474980904966,"level":3,"status":0,"posx":21,"posy":5,"cityid":64,"townid":163,"tokenid":"86ca231485168547ab7b22f41b75d011","tokenurl":"/mcm/api/land?token=86ca231485168547ab7b22f41b75d011","imageurl":"/mcm/images/land/2B/6754_420d18d2031a.jpg","landname":"6"},{"id":281474980904967,"level":2,"status":0,"posx":7,"posy":6,"cityid":64,"townid":163,"tokenid":"0919c7e292d7dbab641f12a793f25d54","tokenurl":"/mcm/api/land?token=0919c7e292d7dbab641f12a793f25d54","imageurl":"/mcm/images/land/2A/4054_4194c2171bc8.jpg","landname":"7"},{"id":281474980904968,"level":3,"status":0,"posx":8,"posy":6,"cityid":64,"townid":163,"tokenid":"2c31f66a899f9ef01535b49fbe1fab23","tokenurl":"/mcm/api/land?token=2c31f66a899f9ef01535b49fbe1fab23","imageurl":"/mcm/images/land/2B/6755_2755a5c5a4c0.jpg","landname":"8"},{"id":281474980904969,"level":3,"status":0,"posx":16,"posy":6,"cityid":64,"townid":163,"tokenid":"55fc91bec15db20093adadca95e9fcb8","tokenurl":"/mcm/api/land?token=55fc91bec15db20093adadca95e9fcb8","imageurl":"/mcm/images/land/2B/6756_c1635350590.jpg","landname":"9"},{"id":281474980904970,"level":3,"status":0,"posx":17,"posy":6,"cityid":64,"townid":163,"tokenid":"83044410285b3646a3f89c910b7988a8","tokenurl":"/mcm/api/land?token=83044410285b3646a3f89c910b7988a8","imageurl":"/mcm/images/land/2B/6757_12fa8f631403.jpg","landname":"10"},{"id":281474980904971,"level":3,"status":0,"posx":20,"posy":6,"cityid":64,"townid":163,"tokenid":"07603dfcfad9a88bbc8db9516a7a694f","tokenurl":"/mcm/api/land?token=07603dfcfad9a88bbc8db9516a7a694f","imageurl":"/mcm/images/land/2B/6758_19518c24dc3d.jpg","landname":"11"},{"id":281474980904972,"level":3,"status":0,"posx":21,"posy":6,"cityid":64,"townid":163,"tokenid":"2cd2261857896b9fad34474ed9142c18","tokenurl":"/mcm/api/land?token=2cd2261857896b9fad34474ed9142c18","imageurl":"/mcm/images/land/2B/6759_b53a03f746b.jpg","landname":"12"},{"id":281474980904973,"level":1,"status":0,"posx":7,"posy":7,"cityid":64,"townid":163,"tokenid":"24edcc6e51051aa24ce9e6b1cbd647f2","tokenurl":"/mcm/api/land?token=24edcc6e51051aa24ce9e6b1cbd647f2","imageurl":"/mcm/images/land/2S/2703_130822a903fe.jpg","landname":"13"},{"id":281474980904974,"level":2,"status":1,"posx":8,"posy":7,"cityid":64,"townid":163,"tokenid":"d85c87d084f3797c729f218cf12f8518","tokenurl":"/mcm/api/land?token=d85c87d084f3797c729f218cf12f8518","imageurl":"/mcm/images/land/2A/4055_4602fc2750fe.jpg","landname":"14"},{"id":281474980904975,"level":2,"status":1,"posx":16,"posy":7,"cityid":64,"townid":163,"tokenid":"253014fe8c40d2ef1d4def0a57c3cad3","tokenurl":"/mcm/api/land?token=253014fe8c40d2ef1d4def0a57c3cad3","imageurl":"/mcm/images/land/2A/4056_51f20b4db05f.jpg","landname":"15"},{"id":281474980904976,"level":3,"status":1,"posx":17,"posy":7,"cityid":64,"townid":163,"tokenid":"a715f79906ae232af64add7283ef630c","tokenurl":"/mcm/api/land?token=a715f79906ae232af64add7283ef630c","imageurl":"/mcm/images/land/2B/6760_3fb2d741bca2.jpg","landname":"16"},{"id":281474980904977,"level":3,"status":0,"posx":20,"posy":7,"cityid":64,"townid":163,"tokenid":"de82016c80718bbf0457304ff2545e14","tokenurl":"/mcm/api/land?token=de82016c80718bbf0457304ff2545e14","imageurl":"/mcm/images/land/2B/6761_1743cbcca15.jpg","landname":"17"},{"id":281474980904978,"level":2,"status":0,"posx":21,"posy":7,"cityid":64,"townid":163,"tokenid":"f4c113eeeb0278b9ab2d40ae0a3e228d","tokenurl":"/mcm/api/land?token=f4c113eeeb0278b9ab2d40ae0a3e228d","imageurl":"/mcm/images/land/2A/4057_1a3169e295bd.jpg","landname":"18"},{"id":281474980904979,"level":2,"status":1,"posx":7,"posy":8,"cityid":64,"townid":163,"tokenid":"4844d562dc4c1275add0457faec49c85","tokenurl":"/mcm/api/land?token=4844d562dc4c1275add0457faec49c85","imageurl":"/mcm/images/land/2A/4058_1fbe70b493d2.jpg","landname":"19"},{"id":281474980904980,"level":3,"status":0,"posx":8,"posy":8,"cityid":64,"townid":163,"tokenid":"9fcd2f803d9c1941ba062afaf5b98ba7","tokenurl":"/mcm/api/land?token=9fcd2f803d9c1941ba062afaf5b98ba7","imageurl":"/mcm/images/land/2B/6762_59a3a60b4d0.jpg","landname":"20"},{"id":281474980904981,"level":2,"status":1,"posx":16,"posy":8,"cityid":64,"townid":163,"tokenid":"93579903439aa25f0fa3da6625d011a4","tokenurl":"/mcm/api/land?token=93579903439aa25f0fa3da6625d011a4","imageurl":"/mcm/images/land/2A/4059_154a27121494.jpg","landname":"21"},{"id":281474980904982,"level":2,"status":0,"posx":17,"posy":8,"cityid":64,"townid":163,"tokenid":"706adc23abe8573515a5d8b66063ac2c","tokenurl":"/mcm/api/land?token=706adc23abe8573515a5d8b66063ac2c","imageurl":"/mcm/images/land/2A/4060_1bfc6ffebeb9.jpg","landname":"22"},{"id":281474980904983,"level":3,"status":1,"posx":20,"posy":8,"cityid":64,"townid":163,"tokenid":"564c401bc19d9950ccda741baae2dcaa","tokenurl":"/mcm/api/land?token=564c401bc19d9950ccda741baae2dcaa","imageurl":"/mcm/images/land/2B/6763_5129799a3d89.jpg","landname":"23"},{"id":281474980904984,"level":3,"status":0,"posx":21,"posy":8,"cityid":64,"townid":163,"tokenid":"bbe5a7798b2cab7889e85f4a21d278e6","tokenurl":"/mcm/api/land?token=bbe5a7798b2cab7889e85f4a21d278e6","imageurl":"/mcm/images/land/2B/6764_2de0538ee997.jpg","landname":"24"},{"id":281474980904985,"level":2,"status":0,"posx":28,"posy":8,"cityid":64,"townid":163,"tokenid":"ef9f59666d908c61153abf0aeac890fc","tokenurl":"/mcm/api/land?token=ef9f59666d908c61153abf0aeac890fc","imageurl":"/mcm/images/land/2A/4061_130a4a279b4c.jpg","landname":"25"},{"id":281474980904986,"level":2,"status":0,"posx":29,"posy":8,"cityid":64,"townid":163,"tokenid":"3ff27ad11576993c1ab12b7b543369dd","tokenurl":"/mcm/api/land?token=3ff27ad11576993c1ab12b7b543369dd","imageurl":"/mcm/images/land/2A/4062_400d72893d6e.jpg","landname":"26"},{"id":281474980904987,"level":2,"status":0,"posx":32,"posy":8,"cityid":64,"townid":163,"tokenid":"59d3b01cc2b64184af69f10e30157311","tokenurl":"/mcm/api/land?token=59d3b01cc2b64184af69f10e30157311","imageurl":"/mcm/images/land/2A/4063_350bb6e3ee6b.jpg","landname":"27"},{"id":281474980904988,"level":2,"status":0,"posx":33,"posy":8,"cityid":64,"townid":163,"tokenid":"872777fb7f3dcf8be87acf09eea766a9","tokenurl":"/mcm/api/land?token=872777fb7f3dcf8be87acf09eea766a9","imageurl":"/mcm/images/land/2A/4064_324ab2ee13e6.jpg","landname":"28"},{"id":281474980904989,"level":3,"status":0,"posx":7,"posy":9,"cityid":64,"townid":163,"tokenid":"f21f726de750eed4ded1942d6f53e6ee","tokenurl":"/mcm/api/land?token=f21f726de750eed4ded1942d6f53e6ee","imageurl":"/mcm/images/land/2B/6765_10495db2e607.jpg","landname":"29"},{"id":281474980904990,"level":1,"status":1,"posx":8,"posy":9,"cityid":64,"townid":163,"tokenid":"cce5152db2e040696b32b4e8a6f774d4","tokenurl":"/mcm/api/land?token=cce5152db2e040696b32b4e8a6f774d4","imageurl":"/mcm/images/land/2S/2704_85fcdaf6efe.jpg","landname":"30"},{"id":281474980904991,"level":3,"status":1,"posx":16,"posy":9,"cityid":64,"townid":163,"tokenid":"93d19a3718de5e8a3639c7d3534224b1","tokenurl":"/mcm/api/land?token=93d19a3718de5e8a3639c7d3534224b1","imageurl":"/mcm/images/land/2B/6766_1ce1d5a69f89.jpg","landname":"31"},{"id":281474980904992,"level":2,"status":1,"posx":17,"posy":9,"cityid":64,"townid":163,"tokenid":"121db700841940678099e79ac11ceef8","tokenurl":"/mcm/api/land?token=121db700841940678099e79ac11ceef8","imageurl":"/mcm/images/land/2A/4065_4fb2150540c7.jpg","landname":"32"},{"id":281474980904993,"level":2,"status":0,"posx":20,"posy":9,"cityid":64,"townid":163,"tokenid":"3ca682d40747f07264f8b6633cf29d7a","tokenurl":"/mcm/api/land?token=3ca682d40747f07264f8b6633cf29d7a","imageurl":"/mcm/images/land/2A/4066_a175c659d12.jpg","landname":"33"},{"id":281474980904994,"level":3,"status":1,"posx":21,"posy":9,"cityid":64,"townid":163,"tokenid":"e82de2c5a3f24301f9fc0e95e0b74fda","tokenurl":"/mcm/api/land?token=e82de2c5a3f24301f9fc0e95e0b74fda","imageurl":"/mcm/images/land/2B/6767_22429d7bdc27.jpg","landname":"34"},{"id":281474980904995,"level":1,"status":0,"posx":28,"posy":9,"cityid":64,"townid":163,"tokenid":"e6d3b5d26c3a6bdee54587ae55d243d2","tokenurl":"/mcm/api/land?token=e6d3b5d26c3a6bdee54587ae55d243d2","imageurl":"/mcm/images/land/2S/2705_4248efba5164.jpg","landname":"35"},{"id":281474980904996,"level":3,"status":1,"posx":29,"posy":9,"cityid":64,"townid":163,"tokenid":"e394a2821be87111220e586d5a8a2f6f","tokenurl":"/mcm/api/land?token=e394a2821be87111220e586d5a8a2f6f","imageurl":"/mcm/images/land/2B/6768_422e88226879.jpg","landname":"36"},{"id":281474980904997,"level":1,"status":1,"posx":32,"posy":9,"cityid":64,"townid":163,"tokenid":"1d5fc2707c5d8b3f12db6bfe075d7215","tokenurl":"/mcm/api/land?token=1d5fc2707c5d8b3f12db6bfe075d7215","imageurl":"/mcm/images/land/2S/2706_100db46e1eb.jpg","landname":"37"},{"id":281474980904998,"level":2,"status":0,"posx":33,"posy":9,"cityid":64,"townid":163,"tokenid":"49c1c974bb4472a93f43e7c735dc3acd","tokenurl":"/mcm/api/land?token=49c1c974bb4472a93f43e7c735dc3acd","imageurl":"/mcm/images/land/2A/4067_12cfac5cd9dc.jpg","landname":"38"},{"id":281474980904999,"level":2,"status":1,"posx":28,"posy":10,"cityid":64,"townid":163,"tokenid":"2345d4c75ad3ec08e361f8dc198155c5","tokenurl":"/mcm/api/land?token=2345d4c75ad3ec08e361f8dc198155c5","imageurl":"/mcm/images/land/2A/4068_532eab9cc9eb.jpg","landname":"39"},{"id":281474980905000,"level":3,"status":0,"posx":29,"posy":10,"cityid":64,"townid":163,"tokenid":"43292b37b8a5a8cb12871020ac2a24d9","tokenurl":"/mcm/api/land?token=43292b37b8a5a8cb12871020ac2a24d9","imageurl":"/mcm/images/land/2B/6769_e8fd84f1a6b.jpg","landname":"40"},{"id":281474980905001,"level":2,"status":0,"posx":32,"posy":10,"cityid":64,"townid":163,"tokenid":"e485883a1d27616bfcae09d06990644a","tokenurl":"/mcm/api/land?token=e485883a1d27616bfcae09d06990644a","imageurl":"/mcm/images/land/2A/4069_557dceb41404.jpg","landname":"41"},{"id":281474980905002,"level":2,"status":0,"posx":33,"posy":10,"cityid":64,"townid":163,"tokenid":"91520dd21f6ea51df3c1ce5c427be0f5","tokenurl":"/mcm/api/land?token=91520dd21f6ea51df3c1ce5c427be0f5","imageurl":"/mcm/images/land/2A/4070_23cb7de7ae01.jpg","landname":"42"},{"id":281474980905003,"level":1,"status":0,"posx":28,"posy":11,"cityid":64,"townid":163,"tokenid":"0a3fc5b62170571785e4a39918787bad","tokenurl":"/mcm/api/land?token=0a3fc5b62170571785e4a39918787bad","imageurl":"/mcm/images/land/2S/2707_21f469917f16.jpg","landname":"43"},{"id":281474980905004,"level":3,"status":1,"posx":29,"posy":11,"cityid":64,"townid":163,"tokenid":"71a725794d2bcc0742dfe06049f411ed","tokenurl":"/mcm/api/land?token=71a725794d2bcc0742dfe06049f411ed","imageurl":"/mcm/images/land/2B/6770_1d89809dd94d.jpg","landname":"44"},{"id":281474980905005,"level":3,"status":1,"posx":32,"posy":11,"cityid":64,"townid":163,"tokenid":"954d9bc274e1db492ad811958cecc44b","tokenurl":"/mcm/api/land?token=954d9bc274e1db492ad811958cecc44b","imageurl":"/mcm/images/land/2B/6771_a7d990fc510.jpg","landname":"45"},{"id":281474980905006,"level":3,"status":1,"posx":33,"posy":11,"cityid":64,"townid":163,"tokenid":"f24dbe797fdfe16b722172bae99dddbb","tokenurl":"/mcm/api/land?token=f24dbe797fdfe16b722172bae99dddbb","imageurl":"/mcm/images/land/2B/6772_1b698df297e3.jpg","landname":"46"},{"id":281474980905007,"level":3,"status":0,"posx":28,"posy":12,"cityid":64,"townid":163,"tokenid":"aa63f1a0910222c13cc58d70e5bedbc1","tokenurl":"/mcm/api/land?token=aa63f1a0910222c13cc58d70e5bedbc1","imageurl":"/mcm/images/land/2B/6773_337e1de5f8b1.jpg","landname":"47"},{"id":281474980905008,"level":3,"status":0,"posx":29,"posy":12,"cityid":64,"townid":163,"tokenid":"cc9949ea3e37a983a9ecb222da6c4f7e","tokenurl":"/mcm/api/land?token=cc9949ea3e37a983a9ecb222da6c4f7e","imageurl":"/mcm/images/land/2B/6774_57ebd00b1710.jpg","landname":"48"},{"id":281474980905009,"level":3,"status":0,"posx":32,"posy":12,"cityid":64,"townid":163,"tokenid":"6a9f2421ec0b2bf3eb0db845197df70f","tokenurl":"/mcm/api/land?token=6a9f2421ec0b2bf3eb0db845197df70f","imageurl":"/mcm/images/land/2B/6775_59ece30b34ad.jpg","landname":"49"},{"id":281474980905010,"level":2,"status":1,"posx":33,"posy":12,"cityid":64,"townid":163,"tokenid":"2b9aab0a38c3231b8319bbbb7ece6cfb","tokenurl":"/mcm/api/land?token=2b9aab0a38c3231b8319bbbb7ece6cfb","imageurl":"/mcm/images/land/2A/4071_48efdf12cc07.jpg","landname":"50"},{"id":281474980905011,"level":3,"status":0,"posx":23,"posy":14,"cityid":64,"townid":163,"tokenid":"79203ce47076adeb947ac2d5cab743b6","tokenurl":"/mcm/api/land?token=79203ce47076adeb947ac2d5cab743b6","imageurl":"/mcm/images/land/2B/6776_45411b8ea138.jpg","landname":"51"},{"id":281474980905012,"level":1,"status":0,"posx":24,"posy":14,"cityid":64,"townid":163,"tokenid":"00cd4d2dd5b7d1e3040d1abc751bc7c3","tokenurl":"/mcm/api/land?token=00cd4d2dd5b7d1e3040d1abc751bc7c3","imageurl":"/mcm/images/land/2S/2708_5adb1382418c.jpg","landname":"52"},{"id":281474980905013,"level":2,"status":1,"posx":23,"posy":15,"cityid":64,"townid":163,"tokenid":"e98fb9cf38df9558198216f9b0e52aa8","tokenurl":"/mcm/api/land?token=e98fb9cf38df9558198216f9b0e52aa8","imageurl":"/mcm/images/land/2A/4072_443d011ba381.jpg","landname":"53"},{"id":281474980905014,"level":2,"status":0,"posx":24,"posy":15,"cityid":64,"townid":163,"tokenid":"f3c80bb6b7a06150322cc583d72a9166","tokenurl":"/mcm/api/land?token=f3c80bb6b7a06150322cc583d72a9166","imageurl":"/mcm/images/land/2A/4073_4c2ecf2f99a3.jpg","landname":"54"},{"id":281474980905015,"level":3,"status":1,"posx":33,"posy":15,"cityid":64,"townid":163,"tokenid":"4dc479b8dfbccc7c896c64b0c5a6de4c","tokenurl":"/mcm/api/land?token=4dc479b8dfbccc7c896c64b0c5a6de4c","imageurl":"/mcm/images/land/2B/6777_52d4cf42385d.jpg","landname":"55"},{"id":281474980905016,"level":3,"status":0,"posx":34,"posy":15,"cityid":64,"townid":163,"tokenid":"c63498acd1bc04ff64353dd952a71bf2","tokenurl":"/mcm/api/land?token=c63498acd1bc04ff64353dd952a71bf2","imageurl":"/mcm/images/land/2B/6778_31ab203b926c.jpg","landname":"56"},{"id":281474980905017,"level":3,"status":1,"posx":11,"posy":16,"cityid":64,"townid":163,"tokenid":"ae475b195933217fdb4ef3c8cd58d66c","tokenurl":"/mcm/api/land?token=ae475b195933217fdb4ef3c8cd58d66c","imageurl":"/mcm/images/land/2B/6779_4c1abba96c62.jpg","landname":"57"},{"id":281474980905018,"level":2,"status":1,"posx":12,"posy":16,"cityid":64,"townid":163,"tokenid":"9ce93c21886def3a9e4fc4032520837b","tokenurl":"/mcm/api/land?token=9ce93c21886def3a9e4fc4032520837b","imageurl":"/mcm/images/land/2A/4074_1c90af6a8a6.jpg","landname":"58"},{"id":281474980905019,"level":2,"status":0,"posx":23,"posy":16,"cityid":64,"townid":163,"tokenid":"2e7df07241ccc42cf663cf54685911ce","tokenurl":"/mcm/api/land?token=2e7df07241ccc42cf663cf54685911ce","imageurl":"/mcm/images/land/2A/4075_56761d0294c7.jpg","landname":"59"},{"id":281474980905020,"level":3,"status":1,"posx":24,"posy":16,"cityid":64,"townid":163,"tokenid":"583a99fb483f067b696689dba624e291","tokenurl":"/mcm/api/land?token=583a99fb483f067b696689dba624e291","imageurl":"/mcm/images/land/2B/6780_3371fd402b0.jpg","landname":"60"},{"id":281474980905021,"level":3,"status":0,"posx":33,"posy":16,"cityid":64,"townid":163,"tokenid":"6feda94d137d084445eb38b8928cbb91","tokenurl":"/mcm/api/land?token=6feda94d137d084445eb38b8928cbb91","imageurl":"/mcm/images/land/2B/6781_28abe15e5fa9.jpg","landname":"61"},{"id":281474980905022,"level":1,"status":0,"posx":34,"posy":16,"cityid":64,"townid":163,"tokenid":"ee2b5095f00a547669f5c65a09e44643","tokenurl":"/mcm/api/land?token=ee2b5095f00a547669f5c65a09e44643","imageurl":"/mcm/images/land/2S/2709_40168d459c77.jpg","landname":"62"},{"id":281474980905023,"level":3,"status":1,"posx":11,"posy":17,"cityid":64,"townid":163,"tokenid":"cc3b61c75d5e360785f14b07017fe2d1","tokenurl":"/mcm/api/land?token=cc3b61c75d5e360785f14b07017fe2d1","imageurl":"/mcm/images/land/2B/6782_3ad5f647aa19.jpg","landname":"63"},{"id":281474980905024,"level":2,"status":1,"posx":12,"posy":17,"cityid":64,"townid":163,"tokenid":"1a80685b12fe4089217dbb205c73c1ae","tokenurl":"/mcm/api/land?token=1a80685b12fe4089217dbb205c73c1ae","imageurl":"/mcm/images/land/2A/4076_223ef44a9e04.jpg","landname":"64"},{"id":281474980905025,"level":3,"status":1,"posx":23,"posy":17,"cityid":64,"townid":163,"tokenid":"643883a2eae11b0a0c26ecac8dd02ee8","tokenurl":"/mcm/api/land?token=643883a2eae11b0a0c26ecac8dd02ee8","imageurl":"/mcm/images/land/2B/6783_b01f2b9c74.jpg","landname":"65"},{"id":281474980905026,"level":3,"status":1,"posx":24,"posy":17,"cityid":64,"townid":163,"tokenid":"799f4cf2e15304b04128e3911f0d8571","tokenurl":"/mcm/api/land?token=799f4cf2e15304b04128e3911f0d8571","imageurl":"/mcm/images/land/2B/6784_52df04a3cd2a.jpg","landname":"66"},{"id":281474980905027,"level":3,"status":1,"posx":33,"posy":17,"cityid":64,"townid":163,"tokenid":"b5d8a6351bcfc833d1e594357ad74bc5","tokenurl":"/mcm/api/land?token=b5d8a6351bcfc833d1e594357ad74bc5","imageurl":"/mcm/images/land/2B/6785_19148ec8943e.jpg","landname":"67"},{"id":281474980905028,"level":3,"status":0,"posx":34,"posy":17,"cityid":64,"townid":163,"tokenid":"3093573e5ca056a56e12af4c99c17f45","tokenurl":"/mcm/api/land?token=3093573e5ca056a56e12af4c99c17f45","imageurl":"/mcm/images/land/2B/6786_266dcac614ba.jpg","landname":"68"},{"id":281474980905029,"level":2,"status":1,"posx":7,"posy":18,"cityid":64,"townid":163,"tokenid":"08fee8788a73a65803e718d2439c7445","tokenurl":"/mcm/api/land?token=08fee8788a73a65803e718d2439c7445","imageurl":"/mcm/images/land/2A/4077_60cd9ad46d0.jpg","landname":"69"},{"id":281474980905030,"level":3,"status":1,"posx":8,"posy":18,"cityid":64,"townid":163,"tokenid":"8de50008784cc1593e9d4702ea7a2c1d","tokenurl":"/mcm/api/land?token=8de50008784cc1593e9d4702ea7a2c1d","imageurl":"/mcm/images/land/2B/6787_14426bf2e623.jpg","landname":"70"},{"id":281474980905031,"level":3,"status":0,"posx":11,"posy":18,"cityid":64,"townid":163,"tokenid":"edc7f345c53d21b61b866f3ef7d4f271","tokenurl":"/mcm/api/land?token=edc7f345c53d21b61b866f3ef7d4f271","imageurl":"/mcm/images/land/2B/6788_34cc04f0d165.jpg","landname":"71"},{"id":281474980905032,"level":3,"status":0,"posx":12,"posy":18,"cityid":64,"townid":163,"tokenid":"dce192cb84088d7d36520c3b69373c80","tokenurl":"/mcm/api/land?token=dce192cb84088d7d36520c3b69373c80","imageurl":"/mcm/images/land/2B/6789_14a0866fb080.jpg","landname":"72"},{"id":281474980905033,"level":3,"status":1,"posx":23,"posy":18,"cityid":64,"townid":163,"tokenid":"60e2dc3f7e0a8b97dbe1d36075b62579","tokenurl":"/mcm/api/land?token=60e2dc3f7e0a8b97dbe1d36075b62579","imageurl":"/mcm/images/land/2B/6790_3336f745b583.jpg","landname":"73"},{"id":281474980905034,"level":3,"status":0,"posx":24,"posy":18,"cityid":64,"townid":163,"tokenid":"a7cd44329c403713b61fb36e57fcfe1c","tokenurl":"/mcm/api/land?token=a7cd44329c403713b61fb36e57fcfe1c","imageurl":"/mcm/images/land/2B/6791_4a9b2808753c.jpg","landname":"74"},{"id":281474980905035,"level":3,"status":1,"posx":33,"posy":18,"cityid":64,"townid":163,"tokenid":"e71597d99b7215996fa5dc76380df804","tokenurl":"/mcm/api/land?token=e71597d99b7215996fa5dc76380df804","imageurl":"/mcm/images/land/2B/6792_4c6974eb96ad.jpg","landname":"75"},{"id":281474980905036,"level":2,"status":1,"posx":34,"posy":18,"cityid":64,"townid":163,"tokenid":"9d5433c51eb161064452566648ffdcd6","tokenurl":"/mcm/api/land?token=9d5433c51eb161064452566648ffdcd6","imageurl":"/mcm/images/land/2A/4078_1a49c5eb0982.jpg","landname":"76"},{"id":281474980905037,"level":1,"status":0,"posx":7,"posy":19,"cityid":64,"townid":163,"tokenid":"652d5affc52daca05c8ff9b89e423a3c","tokenurl":"/mcm/api/land?token=652d5affc52daca05c8ff9b89e423a3c","imageurl":"/mcm/images/land/2S/2710_45546f7d7b66.jpg","landname":"77"},{"id":281474980905038,"level":3,"status":1,"posx":8,"posy":19,"cityid":64,"townid":163,"tokenid":"0f8763e2e69232c3308c9d295beb8a83","tokenurl":"/mcm/api/land?token=0f8763e2e69232c3308c9d295beb8a83","imageurl":"/mcm/images/land/2B/6793_2adb6da33d7b.jpg","landname":"78"},{"id":281474980905039,"level":2,"status":1,"posx":11,"posy":19,"cityid":64,"townid":163,"tokenid":"e2b151891aad03b2097677f0ea47e5ff","tokenurl":"/mcm/api/land?token=e2b151891aad03b2097677f0ea47e5ff","imageurl":"/mcm/images/land/2A/4079_34412d0b5b4d.jpg","landname":"79"},{"id":281474980905040,"level":2,"status":1,"posx":12,"posy":19,"cityid":64,"townid":163,"tokenid":"ecfbc1b599e656c3bedaceff01f74fc2","tokenurl":"/mcm/api/land?token=ecfbc1b599e656c3bedaceff01f74fc2","imageurl":"/mcm/images/land/2A/4080_1672a9a9bcc1.jpg","landname":"80"},{"id":281474980905041,"level":3,"status":1,"posx":33,"posy":19,"cityid":64,"townid":163,"tokenid":"9a041ad10e14ec6aa1e1d96cc50ccc53","tokenurl":"/mcm/api/land?token=9a041ad10e14ec6aa1e1d96cc50ccc53","imageurl":"/mcm/images/land/2B/6794_28b5dc2997fd.jpg","landname":"81"},{"id":281474980905042,"level":3,"status":0,"posx":34,"posy":19,"cityid":64,"townid":163,"tokenid":"6331310b15124c28978ee84f63a3e9b3","tokenurl":"/mcm/api/land?token=6331310b15124c28978ee84f63a3e9b3","imageurl":"/mcm/images/land/2B/6795_54ba2a5acce8.jpg","landname":"82"},{"id":281474980905043,"level":3,"status":0,"posx":7,"posy":20,"cityid":64,"townid":163,"tokenid":"e592928ae494bb4ccfb3bbe55acd7407","tokenurl":"/mcm/api/land?token=e592928ae494bb4ccfb3bbe55acd7407","imageurl":"/mcm/images/land/2B/6796_15dd147cff4f.jpg","landname":"83"},{"id":281474980905044,"level":3,"status":1,"posx":8,"posy":20,"cityid":64,"townid":163,"tokenid":"5f6305983979bcad71442e9d5dbe5613","tokenurl":"/mcm/api/land?token=5f6305983979bcad71442e9d5dbe5613","imageurl":"/mcm/images/land/2B/6797_588f8b12be4d.jpg","landname":"84"},{"id":281474980905045,"level":3,"status":1,"posx":11,"posy":20,"cityid":64,"townid":163,"tokenid":"8c31b7459aed5ec3874f1050e69e567d","tokenurl":"/mcm/api/land?token=8c31b7459aed5ec3874f1050e69e567d","imageurl":"/mcm/images/land/2B/6798_11c2867c3704.jpg","landname":"85"},{"id":281474980905046,"level":1,"status":0,"posx":12,"posy":20,"cityid":64,"townid":163,"tokenid":"01f912a022a698f9cb3ee0589466aa9a","tokenurl":"/mcm/api/land?token=01f912a022a698f9cb3ee0589466aa9a","imageurl":"/mcm/images/land/2S/2711_5a35f33b5b77.jpg","landname":"86"},{"id":281474980905047,"level":1,"status":1,"posx":7,"posy":21,"cityid":64,"townid":163,"tokenid":"e5dedd98cbd244ad88748e77bbb7520f","tokenurl":"/mcm/api/land?token=e5dedd98cbd244ad88748e77bbb7520f","imageurl":"/mcm/images/land/2S/2712_35cf3494dc51.jpg","landname":"87"},{"id":281474980905048,"level":2,"status":0,"posx":8,"posy":21,"cityid":64,"townid":163,"tokenid":"4c00e2eecf8d55b1f92ab853ddbf4f37","tokenurl":"/mcm/api/land?token=4c00e2eecf8d55b1f92ab853ddbf4f37","imageurl":"/mcm/images/land/2A/4081_2d3df774687f.jpg","landname":"88"},{"id":281474980905049,"level":3,"status":0,"posx":26,"posy":21,"cityid":64,"townid":163,"tokenid":"4d93a71cc63fb227b95d9b48d95b8a2e","tokenurl":"/mcm/api/land?token=4d93a71cc63fb227b95d9b48d95b8a2e","imageurl":"/mcm/images/land/2B/6799_41abbc405ee3.jpg","landname":"89"},{"id":281474980905050,"level":3,"status":1,"posx":27,"posy":21,"cityid":64,"townid":163,"tokenid":"5567c96b5b90cf4c7de856685c714812","tokenurl":"/mcm/api/land?token=5567c96b5b90cf4c7de856685c714812","imageurl":"/mcm/images/land/2B/6800_1a5f4ed37e83.jpg","landname":"90"},{"id":281474980905051,"level":1,"status":0,"posx":7,"posy":22,"cityid":64,"townid":163,"tokenid":"20f0d1bae2f39621eb6594c4ff3ad1a8","tokenurl":"/mcm/api/land?token=20f0d1bae2f39621eb6594c4ff3ad1a8","imageurl":"/mcm/images/land/2S/2713_485a3e081bb0.jpg","landname":"91"},{"id":281474980905052,"level":3,"status":0,"posx":8,"posy":22,"cityid":64,"townid":163,"tokenid":"a72cb8f0a962e88b19ae030a4b41bf50","tokenurl":"/mcm/api/land?token=a72cb8f0a962e88b19ae030a4b41bf50","imageurl":"/mcm/images/land/2B/6801_55d6eb9a0ae.jpg","landname":"92"},{"id":281474980905053,"level":2,"status":1,"posx":23,"posy":22,"cityid":64,"townid":163,"tokenid":"2adc73bb833a3550e76ae33b1d6aba00","tokenurl":"/mcm/api/land?token=2adc73bb833a3550e76ae33b1d6aba00","imageurl":"/mcm/images/land/2A/4082_3f7a76636e3c.jpg","landname":"93"},{"id":281474980905054,"level":3,"status":0,"posx":24,"posy":22,"cityid":64,"townid":163,"tokenid":"c3fb40514787dbb6796f9efc9c971e2f","tokenurl":"/mcm/api/land?token=c3fb40514787dbb6796f9efc9c971e2f","imageurl":"/mcm/images/land/2B/6802_16d74aca13e6.jpg","landname":"94"},{"id":281474980905055,"level":1,"status":0,"posx":26,"posy":22,"cityid":64,"townid":163,"tokenid":"3f848d4703171a9504cc3d8076fff108","tokenurl":"/mcm/api/land?token=3f848d4703171a9504cc3d8076fff108","imageurl":"/mcm/images/land/2S/2714_3d3d4ec2b2e7.jpg","landname":"95"},{"id":281474980905056,"level":2,"status":1,"posx":27,"posy":22,"cityid":64,"townid":163,"tokenid":"6878a3de2dc64b10e27b2a6e604a6cdd","tokenurl":"/mcm/api/land?token=6878a3de2dc64b10e27b2a6e604a6cdd","imageurl":"/mcm/images/land/2A/4083_5f8adb8af6c.jpg","landname":"96"},{"id":281474980905057,"level":3,"status":1,"posx":33,"posy":22,"cityid":64,"townid":163,"tokenid":"69ca70fd69e26bb17d3887ff61ad28a0","tokenurl":"/mcm/api/land?token=69ca70fd69e26bb17d3887ff61ad28a0","imageurl":"/mcm/images/land/2B/6803_ffc8be92b27.jpg","landname":"97"},{"id":281474980905058,"level":3,"status":1,"posx":34,"posy":22,"cityid":64,"townid":163,"tokenid":"4ec717f0f4d572806fb46a52c05f62b2","tokenurl":"/mcm/api/land?token=4ec717f0f4d572806fb46a52c05f62b2","imageurl":"/mcm/images/land/2B/6804_4597d00d4fcb.jpg","landname":"98"},{"id":281474980905059,"level":1,"status":0,"posx":23,"posy":23,"cityid":64,"townid":163,"tokenid":"ef986536abbfdcfe23bc3be375ebe829","tokenurl":"/mcm/api/land?token=ef986536abbfdcfe23bc3be375ebe829","imageurl":"/mcm/images/land/2S/2715_cdd6d192317.jpg","landname":"99"},{"id":281474980905060,"level":2,"status":1,"posx":24,"posy":23,"cityid":64,"townid":163,"tokenid":"8efe559abd9228707a3aaea149a8d8e0","tokenurl":"/mcm/api/land?token=8efe559abd9228707a3aaea149a8d8e0","imageurl":"/mcm/images/land/2A/4084_2d03b8c376df.jpg","landname":"100"},{"id":281474980905061,"level":1,"status":0,"posx":26,"posy":23,"cityid":64,"townid":163,"tokenid":"42a4545ada31cfb36678f15ff618327d","tokenurl":"/mcm/api/land?token=42a4545ada31cfb36678f15ff618327d","imageurl":"/mcm/images/land/2S/2716_4355ac815fa5.jpg","landname":"101"},{"id":281474980905062,"level":1,"status":1,"posx":27,"posy":23,"cityid":64,"townid":163,"tokenid":"bba4bd6bfa6c1b1ff0241ab56200320a","tokenurl":"/mcm/api/land?token=bba4bd6bfa6c1b1ff0241ab56200320a","imageurl":"/mcm/images/land/2S/2717_2d8550b3a16a.jpg","landname":"102"},{"id":281474980905063,"level":3,"status":1,"posx":33,"posy":23,"cityid":64,"townid":163,"tokenid":"c7565a3866073cbe0920fb74c6a6f794","tokenurl":"/mcm/api/land?token=c7565a3866073cbe0920fb74c6a6f794","imageurl":"/mcm/images/land/2B/6805_1a51990989ec.jpg","landname":"103"},{"id":281474980905064,"level":3,"status":1,"posx":34,"posy":23,"cityid":64,"townid":163,"tokenid":"3a452da6c1660bb5f3e0c23f033fabff","tokenurl":"/mcm/api/land?token=3a452da6c1660bb5f3e0c23f033fabff","imageurl":"/mcm/images/land/2B/6806_41e27fd0360c.jpg","landname":"104"},{"id":281474980905065,"level":3,"status":0,"posx":23,"posy":24,"cityid":64,"townid":163,"tokenid":"c9e7b4bef78e46b25bc88c63ca93da75","tokenurl":"/mcm/api/land?token=c9e7b4bef78e46b25bc88c63ca93da75","imageurl":"/mcm/images/land/2B/6807_22ce1d346706.jpg","landname":"105"},{"id":281474980905066,"level":1,"status":1,"posx":24,"posy":24,"cityid":64,"townid":163,"tokenid":"441d27823b2699874f9759fdcbd9f7b4","tokenurl":"/mcm/api/land?token=441d27823b2699874f9759fdcbd9f7b4","imageurl":"/mcm/images/land/2S/2718_502ecf7702ca.jpg","landname":"106"},{"id":281474980905067,"level":1,"status":1,"posx":26,"posy":24,"cityid":64,"townid":163,"tokenid":"1358b889947b199f5f17c53b51f67bc5","tokenurl":"/mcm/api/land?token=1358b889947b199f5f17c53b51f67bc5","imageurl":"/mcm/images/land/2S/2719_2f9450fc5319.jpg","landname":"107"},{"id":281474980905068,"level":2,"status":0,"posx":27,"posy":24,"cityid":64,"townid":163,"tokenid":"d9d6e70ebfc393b9fa6394b5575096fe","tokenurl":"/mcm/api/land?token=d9d6e70ebfc393b9fa6394b5575096fe","imageurl":"/mcm/images/land/2A/4085_126a6dc21ed.jpg","landname":"108"},{"id":281474980905069,"level":3,"status":1,"posx":33,"posy":24,"cityid":64,"townid":163,"tokenid":"ec73864c26d712f65c118638400b556a","tokenurl":"/mcm/api/land?token=ec73864c26d712f65c118638400b556a","imageurl":"/mcm/images/land/2B/6808_1dc71e0e31a.jpg","landname":"109"},{"id":281474980905070,"level":1,"status":1,"posx":34,"posy":24,"cityid":64,"townid":163,"tokenid":"0708c38509397f0e6898fb023254e7b5","tokenurl":"/mcm/api/land?token=0708c38509397f0e6898fb023254e7b5","imageurl":"/mcm/images/land/2S/2720_1f1e17adf66c.jpg","landname":"110"},{"id":281474980905071,"level":3,"status":0,"posx":23,"posy":25,"cityid":64,"townid":163,"tokenid":"f123ffcab16efda9ac5b1bc0b9b707be","tokenurl":"/mcm/api/land?token=f123ffcab16efda9ac5b1bc0b9b707be","imageurl":"/mcm/images/land/2B/6809_4aa5a93ba7ca.jpg","landname":"111"},{"id":281474980905072,"level":2,"status":0,"posx":24,"posy":25,"cityid":64,"townid":163,"tokenid":"12fab5c5ffa65999ece1168fbe9667fe","tokenurl":"/mcm/api/land?token=12fab5c5ffa65999ece1168fbe9667fe","imageurl":"/mcm/images/land/2A/4086_530c180ee970.jpg","landname":"112"},{"id":281474980905073,"level":3,"status":0,"posx":26,"posy":25,"cityid":64,"townid":163,"tokenid":"cf0378c502497c87929295943d83f619","tokenurl":"/mcm/api/land?token=cf0378c502497c87929295943d83f619","imageurl":"/mcm/images/land/2B/6810_458a1ea208d3.jpg","landname":"113"},{"id":281474980905074,"level":3,"status":1,"posx":27,"posy":25,"cityid":64,"townid":163,"tokenid":"e57fbe65b46bf34da4ee3f5c76ea938f","tokenurl":"/mcm/api/land?token=e57fbe65b46bf34da4ee3f5c76ea938f","imageurl":"/mcm/images/land/2B/6811_127897b4c7b3.jpg","landname":"114"},{"id":281474980905075,"level":1,"status":1,"posx":33,"posy":25,"cityid":64,"townid":163,"tokenid":"f6046fa224efd395edc51cab0d102cc9","tokenurl":"/mcm/api/land?token=f6046fa224efd395edc51cab0d102cc9","imageurl":"/mcm/images/land/2S/2721_475e528e5471.jpg","landname":"115"},{"id":281474980905076,"level":2,"status":0,"posx":34,"posy":25,"cityid":64,"townid":163,"tokenid":"89efd6c0ad18263c43e037c0313f3c89","tokenurl":"/mcm/api/land?token=89efd6c0ad18263c43e037c0313f3c89","imageurl":"/mcm/images/land/2A/4087_4332d2841e0d.jpg","landname":"116"},{"id":281474980905077,"level":3,"status":0,"posx":23,"posy":26,"cityid":64,"townid":163,"tokenid":"2b75bd399d12fcfdb16e28555970e131","tokenurl":"/mcm/api/land?token=2b75bd399d12fcfdb16e28555970e131","imageurl":"/mcm/images/land/2B/6812_a2fd9233ffc.jpg","landname":"117"},{"id":281474980905078,"level":1,"status":1,"posx":24,"posy":26,"cityid":64,"townid":163,"tokenid":"333c02b19e88decbcbdfcde4c9d262d6","tokenurl":"/mcm/api/land?token=333c02b19e88decbcbdfcde4c9d262d6","imageurl":"/mcm/images/land/2S/2722_421d9d24c68c.jpg","landname":"118"},{"id":281474980905079,"level":3,"status":0,"posx":33,"posy":26,"cityid":64,"townid":163,"tokenid":"5d80c6eed6813a1aec6393a89c64a5aa","tokenurl":"/mcm/api/land?token=5d80c6eed6813a1aec6393a89c64a5aa","imageurl":"/mcm/images/land/2B/6813_4cbbbf56a224.jpg","landname":"119"},{"id":281474980905080,"level":3,"status":1,"posx":34,"posy":26,"cityid":64,"townid":163,"tokenid":"a833d2bc8975bbc485ae9c86e00000ec","tokenurl":"/mcm/api/land?token=a833d2bc8975bbc485ae9c86e00000ec","imageurl":"/mcm/images/land/2B/6814_ec0e7297e2b.jpg","landname":"120"},{"id":281474980905081,"level":1,"status":0,"posx":31,"posy":27,"cityid":64,"townid":163,"tokenid":"cd99be2518d27baff4aa3ca508fec3ad","tokenurl":"/mcm/api/land?token=cd99be2518d27baff4aa3ca508fec3ad","imageurl":"/mcm/images/land/2S/2723_1a142677195.jpg","landname":"121"},{"id":281474980905082,"level":3,"status":0,"posx":32,"posy":27,"cityid":64,"townid":163,"tokenid":"96ba1ec125edc1e99f8fd16b8139e39d","tokenurl":"/mcm/api/land?token=96ba1ec125edc1e99f8fd16b8139e39d","imageurl":"/mcm/images/land/2B/6815_4672a30a45c6.jpg","landname":"122"},{"id":281474980905083,"level":2,"status":1,"posx":6,"posy":28,"cityid":64,"townid":163,"tokenid":"e67b41f4d52365cd4303e5e4d330179c","tokenurl":"/mcm/api/land?token=e67b41f4d52365cd4303e5e4d330179c","imageurl":"/mcm/images/land/2A/4088_134daab494c9.jpg","landname":"123"},{"id":281474980905084,"level":2,"status":1,"posx":7,"posy":28,"cityid":64,"townid":163,"tokenid":"03298d1a36a4a864cd6a82c3c504aec7","tokenurl":"/mcm/api/land?token=03298d1a36a4a864cd6a82c3c504aec7","imageurl":"/mcm/images/land/2A/4089_297f3becc4a.jpg","landname":"124"},{"id":281474980905085,"level":3,"status":1,"posx":9,"posy":28,"cityid":64,"townid":163,"tokenid":"4cd113279b047704095d4faf2d644146","tokenurl":"/mcm/api/land?token=4cd113279b047704095d4faf2d644146","imageurl":"/mcm/images/land/2B/6816_68e8063b55a.jpg","landname":"125"},{"id":281474980905086,"level":2,"status":0,"posx":10,"posy":28,"cityid":64,"townid":163,"tokenid":"60a734c9c2ee7948c9b80ba47a6be846","tokenurl":"/mcm/api/land?token=60a734c9c2ee7948c9b80ba47a6be846","imageurl":"/mcm/images/land/2A/4090_3613c756ad7.jpg","landname":"126"},{"id":281474980905087,"level":1,"status":1,"posx":31,"posy":28,"cityid":64,"townid":163,"tokenid":"5732421ba4ac66b9408ab2ad4eb6c3bb","tokenurl":"/mcm/api/land?token=5732421ba4ac66b9408ab2ad4eb6c3bb","imageurl":"/mcm/images/land/2S/2724_3850f023ebcd.jpg","landname":"127"},{"id":281474980905088,"level":1,"status":1,"posx":32,"posy":28,"cityid":64,"townid":163,"tokenid":"d03f8a192c123eb413cfe713850acca1","tokenurl":"/mcm/api/land?token=d03f8a192c123eb413cfe713850acca1","imageurl":"/mcm/images/land/2S/2725_97147361084.jpg","landname":"128"},{"id":281474980905089,"level":2,"status":0,"posx":6,"posy":29,"cityid":64,"townid":163,"tokenid":"c2740e468c1d4b61e53d8d057ae9026d","tokenurl":"/mcm/api/land?token=c2740e468c1d4b61e53d8d057ae9026d","imageurl":"/mcm/images/land/2A/4091_340bacd9d10c.jpg","landname":"129"},{"id":281474980905090,"level":2,"status":0,"posx":7,"posy":29,"cityid":64,"townid":163,"tokenid":"94e1949cfb9cfc85ef1eb108f988c035","tokenurl":"/mcm/api/land?token=94e1949cfb9cfc85ef1eb108f988c035","imageurl":"/mcm/images/land/2A/4092_3ffe9086374f.jpg","landname":"130"},{"id":281474980905091,"level":3,"status":0,"posx":9,"posy":29,"cityid":64,"townid":163,"tokenid":"90c6c3578fbd6b4293e9dfb37b8b34cf","tokenurl":"/mcm/api/land?token=90c6c3578fbd6b4293e9dfb37b8b34cf","imageurl":"/mcm/images/land/2B/6817_440b2736b9b9.jpg","landname":"131"},{"id":281474980905092,"level":3,"status":1,"posx":10,"posy":29,"cityid":64,"townid":163,"tokenid":"0d38e995ce726e9b9176c92b9aab62f1","tokenurl":"/mcm/api/land?token=0d38e995ce726e9b9176c92b9aab62f1","imageurl":"/mcm/images/land/2B/6818_1af51218e32e.jpg","landname":"132"},{"id":281474980905093,"level":1,"status":0,"posx":31,"posy":29,"cityid":64,"townid":163,"tokenid":"22ce388370e1f814378832795f5e723b","tokenurl":"/mcm/api/land?token=22ce388370e1f814378832795f5e723b","imageurl":"/mcm/images/land/2S/2726_c185c7c1db0.jpg","landname":"133"},{"id":281474980905094,"level":1,"status":1,"posx":32,"posy":29,"cityid":64,"townid":163,"tokenid":"add27ab0465979a7cf42603db5661485","tokenurl":"/mcm/api/land?token=add27ab0465979a7cf42603db5661485","imageurl":"/mcm/images/land/2S/2727_5aeef8fa144f.jpg","landname":"134"},{"id":281474980905095,"level":2,"status":0,"posx":6,"posy":30,"cityid":64,"townid":163,"tokenid":"20b06c90483f3a2ec7689f17b057d622","tokenurl":"/mcm/api/land?token=20b06c90483f3a2ec7689f17b057d622","imageurl":"/mcm/images/land/2A/4093_3d0187f24123.jpg","landname":"135"},{"id":281474980905096,"level":1,"status":1,"posx":7,"posy":30,"cityid":64,"townid":163,"tokenid":"cc66c418389b74e3d7f7c242e5040e9e","tokenurl":"/mcm/api/land?token=cc66c418389b74e3d7f7c242e5040e9e","imageurl":"/mcm/images/land/2S/2728_1d0dd3b2238d.jpg","landname":"136"},{"id":281474980905097,"level":3,"status":1,"posx":9,"posy":30,"cityid":64,"townid":163,"tokenid":"626eb62f05ee9f59ddf04bc1f761e8a2","tokenurl":"/mcm/api/land?token=626eb62f05ee9f59ddf04bc1f761e8a2","imageurl":"/mcm/images/land/2B/6819_17ab1d75053c.jpg","landname":"137"},{"id":281474980905098,"level":3,"status":1,"posx":10,"posy":30,"cityid":64,"townid":163,"tokenid":"890303d17efa0347f0744bd529bd896d","tokenurl":"/mcm/api/land?token=890303d17efa0347f0744bd529bd896d","imageurl":"/mcm/images/land/2B/6820_3a42e635f7af.jpg","landname":"138"},{"id":281474980905099,"level":3,"status":1,"posx":31,"posy":30,"cityid":64,"townid":163,"tokenid":"eb40d3a1a7bec6c1791a17363ce65f92","tokenurl":"/mcm/api/land?token=eb40d3a1a7bec6c1791a17363ce65f92","imageurl":"/mcm/images/land/2B/6821_489dddbefeee.jpg","landname":"139"},{"id":281474980905100,"level":1,"status":0,"posx":32,"posy":30,"cityid":64,"townid":163,"tokenid":"a24aa574449d72942b350c639616dfa9","tokenurl":"/mcm/api/land?token=a24aa574449d72942b350c639616dfa9","imageurl":"/mcm/images/land/2S/2729_3f5584096674.jpg","landname":"140"},{"id":281474980905101,"level":3,"status":0,"posx":6,"posy":31,"cityid":64,"townid":163,"tokenid":"fd89551fb09ed87a9a6f009efb09ce24","tokenurl":"/mcm/api/land?token=fd89551fb09ed87a9a6f009efb09ce24","imageurl":"/mcm/images/land/2B/6822_3fa2fc992e3d.jpg","landname":"141"},{"id":281474980905102,"level":2,"status":1,"posx":7,"posy":31,"cityid":64,"townid":163,"tokenid":"f7a44c847444aa247bb61d270afe1759","tokenurl":"/mcm/api/land?token=f7a44c847444aa247bb61d270afe1759","imageurl":"/mcm/images/land/2A/4094_e7f1fd17715.jpg","landname":"142"},{"id":281474980905103,"level":3,"status":0,"posx":9,"posy":31,"cityid":64,"townid":163,"tokenid":"4212199c284d5cde5608843ede10a985","tokenurl":"/mcm/api/land?token=4212199c284d5cde5608843ede10a985","imageurl":"/mcm/images/land/2B/6823_47e1a132ac25.jpg","landname":"143"},{"id":281474980905104,"level":2,"status":1,"posx":10,"posy":31,"cityid":64,"townid":163,"tokenid":"ffc5feac3987848ecd739d89eb64d99e","tokenurl":"/mcm/api/land?token=ffc5feac3987848ecd739d89eb64d99e","imageurl":"/mcm/images/land/2A/4095_115bc9e27bb.jpg","landname":"144"},{"id":281474980905105,"level":1,"status":0,"posx":31,"posy":31,"cityid":64,"townid":163,"tokenid":"e1b94fa65343de8fc81a055f7575ef48","tokenurl":"/mcm/api/land?token=e1b94fa65343de8fc81a055f7575ef48","imageurl":"/mcm/images/land/2S/2730_41a88c13db44.jpg","landname":"145"},{"id":281474980905106,"level":1,"status":1,"posx":32,"posy":31,"cityid":64,"townid":163,"tokenid":"93616903aae2828308f04b1f1888bb8f","tokenurl":"/mcm/api/land?token=93616903aae2828308f04b1f1888bb8f","imageurl":"/mcm/images/land/2S/2731_7870ffeb80b.jpg","landname":"146"},{"id":281474980905107,"level":3,"status":1,"posx":6,"posy":32,"cityid":64,"townid":163,"tokenid":"e07ca92738b0c02772d977724a4d2c88","tokenurl":"/mcm/api/land?token=e07ca92738b0c02772d977724a4d2c88","imageurl":"/mcm/images/land/2B/6824_21f4434235bb.jpg","landname":"147"},{"id":281474980905108,"level":3,"status":1,"posx":7,"posy":32,"cityid":64,"townid":163,"tokenid":"a84719fbf38fdb023f28d49583a5bfcc","tokenurl":"/mcm/api/land?token=a84719fbf38fdb023f28d49583a5bfcc","imageurl":"/mcm/images/land/2B/6825_19037b313e34.jpg","landname":"148"},{"id":281474980905109,"level":2,"status":0,"posx":9,"posy":32,"cityid":64,"townid":163,"tokenid":"af71f1205a8eb6c9806cf3f0b3caab19","tokenurl":"/mcm/api/land?token=af71f1205a8eb6c9806cf3f0b3caab19","imageurl":"/mcm/images/land/2A/4096_af895805991.jpg","landname":"149"},{"id":281474980905110,"level":3,"status":0,"posx":10,"posy":32,"cityid":64,"townid":163,"tokenid":"d661077444654367a78a3ae73872cf0c","tokenurl":"/mcm/api/land?token=d661077444654367a78a3ae73872cf0c","imageurl":"/mcm/images/land/2B/6826_5a4edfa6bfe9.jpg","landname":"150"}]]],0,0,[],[],[]]
