[1,0,0,[["cc.JsonAsset",["_name","json"],1]],[[0,0,1,3]],[[0,"1412",[{"id":281475019571651,"level":1,"status":1,"posx":15,"posy":5,"cityid":654,"townid":1412,"tokenid":"fabb634c389371641f35f1006e86b6c3","tokenurl":"/mcm/api/land?token=fabb634c389371641f35f1006e86b6c3","imageurl":"/mcm/images/land/1S/5672_5a9117c56393.jpg","landname":"1"},{"id":281475019571652,"level":2,"status":1,"posx":16,"posy":5,"cityid":654,"townid":1412,"tokenid":"ad9e31768baa5a060b104af5271a8349","tokenurl":"/mcm/api/land?token=ad9e31768baa5a060b104af5271a8349","imageurl":"/mcm/images/land/1A/2837_2e83d01a2e05.jpg","landname":"2"},{"id":281475019571653,"level":1,"status":1,"posx":25,"posy":5,"cityid":654,"townid":1412,"tokenid":"929c6f57d730c185829f4d5a3979f3fd","tokenurl":"/mcm/api/land?token=929c6f57d730c185829f4d5a3979f3fd","imageurl":"/mcm/images/land/1S/5673_482b2eac5ce1.jpg","landname":"3"},{"id":281475019571654,"level":2,"status":0,"posx":26,"posy":5,"cityid":654,"townid":1412,"tokenid":"eff006a1991ed3e634360bf425dafd4a","tokenurl":"/mcm/api/land?token=eff006a1991ed3e634360bf425dafd4a","imageurl":"/mcm/images/land/1A/2838_82334971f9a.jpg","landname":"4"},{"id":281475019571655,"level":1,"status":0,"posx":6,"posy":6,"cityid":654,"townid":1412,"tokenid":"0b2149ffbce28a5751bd868d08119f85","tokenurl":"/mcm/api/land?token=0b2149ffbce28a5751bd868d08119f85","imageurl":"/mcm/images/land/1S/5674_18c41ce0c694.jpg","landname":"5"},{"id":281475019571656,"level":1,"status":1,"posx":7,"posy":6,"cityid":654,"townid":1412,"tokenid":"e1108bfe7c92c78f6a8f0e16885394cc","tokenurl":"/mcm/api/land?token=e1108bfe7c92c78f6a8f0e16885394cc","imageurl":"/mcm/images/land/1S/5675_10b2f93673b1.jpg","landname":"6"},{"id":281475019571657,"level":1,"status":1,"posx":15,"posy":6,"cityid":654,"townid":1412,"tokenid":"b254349776922230958eee28a3bfc157","tokenurl":"/mcm/api/land?token=b254349776922230958eee28a3bfc157","imageurl":"/mcm/images/land/1S/5676_51d98470c7b8.jpg","landname":"7"},{"id":281475019571658,"level":3,"status":1,"posx":16,"posy":6,"cityid":654,"townid":1412,"tokenid":"f6f432fa05915941056c3e6ca24ac3cb","tokenurl":"/mcm/api/land?token=f6f432fa05915941056c3e6ca24ac3cb","imageurl":"/mcm/images/land/1B/947_16081c82419e.jpg","landname":"8"},{"id":281475019571659,"level":2,"status":0,"posx":25,"posy":6,"cityid":654,"townid":1412,"tokenid":"1475e8c4e0a3018c53ea56bdd1c2cc35","tokenurl":"/mcm/api/land?token=1475e8c4e0a3018c53ea56bdd1c2cc35","imageurl":"/mcm/images/land/1A/2839_54cb1b733947.jpg","landname":"9"},{"id":281475019571660,"level":1,"status":1,"posx":26,"posy":6,"cityid":654,"townid":1412,"tokenid":"30634dea9e4571e7868ea4abca61331b","tokenurl":"/mcm/api/land?token=30634dea9e4571e7868ea4abca61331b","imageurl":"/mcm/images/land/1S/5677_1fcf6860f217.jpg","landname":"10"},{"id":281475019571661,"level":2,"status":1,"posx":30,"posy":6,"cityid":654,"townid":1412,"tokenid":"546a485cc57ec7608c1fb72e069c174d","tokenurl":"/mcm/api/land?token=546a485cc57ec7608c1fb72e069c174d","imageurl":"/mcm/images/land/1A/2840_123741700a1.jpg","landname":"11"},{"id":281475019571662,"level":3,"status":0,"posx":31,"posy":6,"cityid":654,"townid":1412,"tokenid":"b594b7d77bf0d4599de40b32df8eda8f","tokenurl":"/mcm/api/land?token=b594b7d77bf0d4599de40b32df8eda8f","imageurl":"/mcm/images/land/1B/948_30ba32c08c90.jpg","landname":"12"},{"id":281475019571663,"level":1,"status":0,"posx":33,"posy":6,"cityid":654,"townid":1412,"tokenid":"6547e6693cf9aac5ef2dbd2fb95ed5a7","tokenurl":"/mcm/api/land?token=6547e6693cf9aac5ef2dbd2fb95ed5a7","imageurl":"/mcm/images/land/1S/5678_556ce224e2b8.jpg","landname":"13"},{"id":281475019571664,"level":2,"status":1,"posx":34,"posy":6,"cityid":654,"townid":1412,"tokenid":"d91a026007c59f3c1f7e2dbc2b9fe529","tokenurl":"/mcm/api/land?token=d91a026007c59f3c1f7e2dbc2b9fe529","imageurl":"/mcm/images/land/1A/2841_56979a17a60c.jpg","landname":"14"},{"id":281475019571665,"level":1,"status":0,"posx":6,"posy":7,"cityid":654,"townid":1412,"tokenid":"4ab42e1ecdbc335028d237fd26c51c1e","tokenurl":"/mcm/api/land?token=4ab42e1ecdbc335028d237fd26c51c1e","imageurl":"/mcm/images/land/1S/5679_2a62727824f7.jpg","landname":"15"},{"id":281475019571666,"level":1,"status":0,"posx":7,"posy":7,"cityid":654,"townid":1412,"tokenid":"71c3e082dc6c8ffda5a75103ce6ac34d","tokenurl":"/mcm/api/land?token=71c3e082dc6c8ffda5a75103ce6ac34d","imageurl":"/mcm/images/land/1S/5680_322a92ad3b76.jpg","landname":"16"},{"id":281475019571667,"level":1,"status":1,"posx":15,"posy":7,"cityid":654,"townid":1412,"tokenid":"d68b5be662ff5695ccd6ad78ad3afccb","tokenurl":"/mcm/api/land?token=d68b5be662ff5695ccd6ad78ad3afccb","imageurl":"/mcm/images/land/1S/5681_36696317c8cd.jpg","landname":"17"},{"id":281475019571668,"level":2,"status":1,"posx":16,"posy":7,"cityid":654,"townid":1412,"tokenid":"16218b93add386af04eaf87e0195fb29","tokenurl":"/mcm/api/land?token=16218b93add386af04eaf87e0195fb29","imageurl":"/mcm/images/land/1A/2842_186ff5bc3b8b.jpg","landname":"18"},{"id":281475019571669,"level":3,"status":1,"posx":21,"posy":7,"cityid":654,"townid":1412,"tokenid":"c192b427c327b4988b92810971c52352","tokenurl":"/mcm/api/land?token=c192b427c327b4988b92810971c52352","imageurl":"/mcm/images/land/1B/949_503dfefaa437.jpg","landname":"19"},{"id":281475019571670,"level":2,"status":0,"posx":22,"posy":7,"cityid":654,"townid":1412,"tokenid":"053535fb35b2ae339f2ee6621f417686","tokenurl":"/mcm/api/land?token=053535fb35b2ae339f2ee6621f417686","imageurl":"/mcm/images/land/1A/2843_4ea75512f793.jpg","landname":"20"},{"id":281475019571671,"level":1,"status":1,"posx":25,"posy":7,"cityid":654,"townid":1412,"tokenid":"473687f884d065acedcdd979c398ccaa","tokenurl":"/mcm/api/land?token=473687f884d065acedcdd979c398ccaa","imageurl":"/mcm/images/land/1S/5682_3b6294fba704.jpg","landname":"21"},{"id":281475019571672,"level":2,"status":0,"posx":26,"posy":7,"cityid":654,"townid":1412,"tokenid":"4ccf8ff4d48308e8fb9e757ed59aa2dc","tokenurl":"/mcm/api/land?token=4ccf8ff4d48308e8fb9e757ed59aa2dc","imageurl":"/mcm/images/land/1A/2844_381d1ccc7b0a.jpg","landname":"22"},{"id":281475019571673,"level":1,"status":0,"posx":30,"posy":7,"cityid":654,"townid":1412,"tokenid":"959cf737a315345d3b7dc0f6b2a5311d","tokenurl":"/mcm/api/land?token=959cf737a315345d3b7dc0f6b2a5311d","imageurl":"/mcm/images/land/1S/5683_519613b56442.jpg","landname":"23"},{"id":281475019571674,"level":1,"status":1,"posx":31,"posy":7,"cityid":654,"townid":1412,"tokenid":"056a2e20bfb1930f714b1809defa328b","tokenurl":"/mcm/api/land?token=056a2e20bfb1930f714b1809defa328b","imageurl":"/mcm/images/land/1S/5684_28a2aa300c72.jpg","landname":"24"},{"id":281475019571675,"level":2,"status":1,"posx":33,"posy":7,"cityid":654,"townid":1412,"tokenid":"b536a3d300ca89997cdc18204229ef92","tokenurl":"/mcm/api/land?token=b536a3d300ca89997cdc18204229ef92","imageurl":"/mcm/images/land/1A/2845_6950f079677.jpg","landname":"25"},{"id":281475019571676,"level":1,"status":0,"posx":34,"posy":7,"cityid":654,"townid":1412,"tokenid":"f107b6d243affa4e4db31279a8280702","tokenurl":"/mcm/api/land?token=f107b6d243affa4e4db31279a8280702","imageurl":"/mcm/images/land/1S/5685_574eadb56fc7.jpg","landname":"26"},{"id":281475019571677,"level":2,"status":1,"posx":6,"posy":8,"cityid":654,"townid":1412,"tokenid":"26049c7e18535124720b3d2913b9f090","tokenurl":"/mcm/api/land?token=26049c7e18535124720b3d2913b9f090","imageurl":"/mcm/images/land/1A/2846_1d75d885ba87.jpg","landname":"27"},{"id":281475019571678,"level":1,"status":1,"posx":7,"posy":8,"cityid":654,"townid":1412,"tokenid":"1517c5faf3ad3e8bdc2e5de34f3326b3","tokenurl":"/mcm/api/land?token=1517c5faf3ad3e8bdc2e5de34f3326b3","imageurl":"/mcm/images/land/1S/5686_52bbe75df1a3.jpg","landname":"28"},{"id":281475019571679,"level":2,"status":0,"posx":15,"posy":8,"cityid":654,"townid":1412,"tokenid":"4e76b69d5502b26ce7b82a50d628d1fe","tokenurl":"/mcm/api/land?token=4e76b69d5502b26ce7b82a50d628d1fe","imageurl":"/mcm/images/land/1A/2847_310ca93fe567.jpg","landname":"29"},{"id":281475019571680,"level":1,"status":0,"posx":16,"posy":8,"cityid":654,"townid":1412,"tokenid":"fdf0c35eaa0fed1c86402c98804541ea","tokenurl":"/mcm/api/land?token=fdf0c35eaa0fed1c86402c98804541ea","imageurl":"/mcm/images/land/1S/5687_4d7746c58f6d.jpg","landname":"30"},{"id":281475019571681,"level":1,"status":0,"posx":21,"posy":8,"cityid":654,"townid":1412,"tokenid":"a3bb4ebd1b6ac0b88b5582982293ea18","tokenurl":"/mcm/api/land?token=a3bb4ebd1b6ac0b88b5582982293ea18","imageurl":"/mcm/images/land/1S/5688_4c96b93b5924.jpg","landname":"31"},{"id":281475019571682,"level":1,"status":1,"posx":22,"posy":8,"cityid":654,"townid":1412,"tokenid":"d568722ddfb75a22e033ac858438e240","tokenurl":"/mcm/api/land?token=d568722ddfb75a22e033ac858438e240","imageurl":"/mcm/images/land/1S/5689_d61b76a6525.jpg","landname":"32"},{"id":281475019571683,"level":3,"status":1,"posx":25,"posy":8,"cityid":654,"townid":1412,"tokenid":"9c20cde90aea1bd3bf27d41f01c39c31","tokenurl":"/mcm/api/land?token=9c20cde90aea1bd3bf27d41f01c39c31","imageurl":"/mcm/images/land/1B/950_459f82ab8591.jpg","landname":"33"},{"id":281475019571684,"level":1,"status":0,"posx":26,"posy":8,"cityid":654,"townid":1412,"tokenid":"fe2cf4537a3a6365879c513c9f94f600","tokenurl":"/mcm/api/land?token=fe2cf4537a3a6365879c513c9f94f600","imageurl":"/mcm/images/land/1S/5690_232b6badf860.jpg","landname":"34"},{"id":281475019571685,"level":2,"status":1,"posx":30,"posy":8,"cityid":654,"townid":1412,"tokenid":"316403a6c7522f98ddbedb557554aad4","tokenurl":"/mcm/api/land?token=316403a6c7522f98ddbedb557554aad4","imageurl":"/mcm/images/land/1A/2848_2d3329ad481.jpg","landname":"35"},{"id":281475019571686,"level":2,"status":1,"posx":31,"posy":8,"cityid":654,"townid":1412,"tokenid":"e36c4e0db527717cc14934bc911e5ec6","tokenurl":"/mcm/api/land?token=e36c4e0db527717cc14934bc911e5ec6","imageurl":"/mcm/images/land/1A/2849_4b5e68b0e007.jpg","landname":"36"},{"id":281475019571687,"level":1,"status":0,"posx":33,"posy":8,"cityid":654,"townid":1412,"tokenid":"d78d5156bfc972a90535cbde49660a8e","tokenurl":"/mcm/api/land?token=d78d5156bfc972a90535cbde49660a8e","imageurl":"/mcm/images/land/1S/5691_4542a8b974ac.jpg","landname":"37"},{"id":281475019571688,"level":1,"status":1,"posx":34,"posy":8,"cityid":654,"townid":1412,"tokenid":"c7af66582bc5a0e100e94a6f508f749e","tokenurl":"/mcm/api/land?token=c7af66582bc5a0e100e94a6f508f749e","imageurl":"/mcm/images/land/1S/5692_387d3b6ea36f.jpg","landname":"38"},{"id":281475019571689,"level":1,"status":1,"posx":6,"posy":9,"cityid":654,"townid":1412,"tokenid":"5953913638ea67392446f8cd629cf3e5","tokenurl":"/mcm/api/land?token=5953913638ea67392446f8cd629cf3e5","imageurl":"/mcm/images/land/1S/5693_57121d591815.jpg","landname":"39"},{"id":281475019571690,"level":1,"status":0,"posx":7,"posy":9,"cityid":654,"townid":1412,"tokenid":"e9db3a8aee3eaed30a4b73b20d5b85ec","tokenurl":"/mcm/api/land?token=e9db3a8aee3eaed30a4b73b20d5b85ec","imageurl":"/mcm/images/land/1S/5694_145e9a8adbbf.jpg","landname":"40"},{"id":281475019571691,"level":1,"status":1,"posx":15,"posy":9,"cityid":654,"townid":1412,"tokenid":"762b00eb17389d0e32b19c977ea6a21c","tokenurl":"/mcm/api/land?token=762b00eb17389d0e32b19c977ea6a21c","imageurl":"/mcm/images/land/1S/5695_4b2bf567e315.jpg","landname":"41"},{"id":281475019571692,"level":2,"status":0,"posx":16,"posy":9,"cityid":654,"townid":1412,"tokenid":"094521ac587695d982fcb422d48413a6","tokenurl":"/mcm/api/land?token=094521ac587695d982fcb422d48413a6","imageurl":"/mcm/images/land/1A/2850_5685a6ddb031.jpg","landname":"42"},{"id":281475019571693,"level":1,"status":1,"posx":21,"posy":9,"cityid":654,"townid":1412,"tokenid":"1cea40291d0db01bf5956eff686aeedd","tokenurl":"/mcm/api/land?token=1cea40291d0db01bf5956eff686aeedd","imageurl":"/mcm/images/land/1S/5696_449fd9e5784.jpg","landname":"43"},{"id":281475019571694,"level":2,"status":1,"posx":22,"posy":9,"cityid":654,"townid":1412,"tokenid":"0abd12f6ed1d68a1dd762dad925276d3","tokenurl":"/mcm/api/land?token=0abd12f6ed1d68a1dd762dad925276d3","imageurl":"/mcm/images/land/1A/2851_3d154beffca8.jpg","landname":"44"},{"id":281475019571695,"level":2,"status":0,"posx":25,"posy":9,"cityid":654,"townid":1412,"tokenid":"89d0823d18e53856b4ed3c684149f56f","tokenurl":"/mcm/api/land?token=89d0823d18e53856b4ed3c684149f56f","imageurl":"/mcm/images/land/1A/2852_32be3098cb0a.jpg","landname":"45"},{"id":281475019571696,"level":2,"status":0,"posx":26,"posy":9,"cityid":654,"townid":1412,"tokenid":"637bec58487e138593fc04e9f26b191c","tokenurl":"/mcm/api/land?token=637bec58487e138593fc04e9f26b191c","imageurl":"/mcm/images/land/1A/2853_57c1186f03df.jpg","landname":"46"},{"id":281475019571697,"level":3,"status":1,"posx":30,"posy":9,"cityid":654,"townid":1412,"tokenid":"623056afebed751cd6ed0a4fb95130a3","tokenurl":"/mcm/api/land?token=623056afebed751cd6ed0a4fb95130a3","imageurl":"/mcm/images/land/1B/951_240004be805d.jpg","landname":"47"},{"id":281475019571698,"level":2,"status":0,"posx":31,"posy":9,"cityid":654,"townid":1412,"tokenid":"6a7d5df930d1a6ca54e9c7a4a480d2a6","tokenurl":"/mcm/api/land?token=6a7d5df930d1a6ca54e9c7a4a480d2a6","imageurl":"/mcm/images/land/1A/2854_237b235d257b.jpg","landname":"48"},{"id":281475019571699,"level":1,"status":1,"posx":33,"posy":9,"cityid":654,"townid":1412,"tokenid":"59171081298790172288cf9fa9b41adc","tokenurl":"/mcm/api/land?token=59171081298790172288cf9fa9b41adc","imageurl":"/mcm/images/land/1S/5697_4f0d3215a9bf.jpg","landname":"49"},{"id":281475019571700,"level":1,"status":0,"posx":34,"posy":9,"cityid":654,"townid":1412,"tokenid":"77ede7bb82b593d4e648d75be6e5bc9c","tokenurl":"/mcm/api/land?token=77ede7bb82b593d4e648d75be6e5bc9c","imageurl":"/mcm/images/land/1S/5698_2043f65eeeb7.jpg","landname":"50"},{"id":281475019571701,"level":1,"status":1,"posx":6,"posy":10,"cityid":654,"townid":1412,"tokenid":"aae8cc8333440ef27a89732a277ddaa7","tokenurl":"/mcm/api/land?token=aae8cc8333440ef27a89732a277ddaa7","imageurl":"/mcm/images/land/1S/5699_52870a36203f.jpg","landname":"51"},{"id":281475019571702,"level":1,"status":0,"posx":7,"posy":10,"cityid":654,"townid":1412,"tokenid":"c40513f3806652d7451163230566f746","tokenurl":"/mcm/api/land?token=c40513f3806652d7451163230566f746","imageurl":"/mcm/images/land/1S/5700_145f8518f0fb.jpg","landname":"52"},{"id":281475019571703,"level":1,"status":0,"posx":11,"posy":10,"cityid":654,"townid":1412,"tokenid":"09dbbbdfc36d15aac10ed32c1893180a","tokenurl":"/mcm/api/land?token=09dbbbdfc36d15aac10ed32c1893180a","imageurl":"/mcm/images/land/1S/5701_4c79bd6c0a63.jpg","landname":"53"},{"id":281475019571704,"level":1,"status":0,"posx":12,"posy":10,"cityid":654,"townid":1412,"tokenid":"8b0e9930ecb28068da6898031c5fed6b","tokenurl":"/mcm/api/land?token=8b0e9930ecb28068da6898031c5fed6b","imageurl":"/mcm/images/land/1S/5702_485fbfd1b60b.jpg","landname":"54"},{"id":281475019571705,"level":1,"status":1,"posx":21,"posy":10,"cityid":654,"townid":1412,"tokenid":"2438e9a6f68cda75471c0c57139d13e6","tokenurl":"/mcm/api/land?token=2438e9a6f68cda75471c0c57139d13e6","imageurl":"/mcm/images/land/1S/5703_4efa0e5a74b7.jpg","landname":"55"},{"id":281475019571706,"level":2,"status":1,"posx":22,"posy":10,"cityid":654,"townid":1412,"tokenid":"43a3cc35301265b0abb5d39caf14489d","tokenurl":"/mcm/api/land?token=43a3cc35301265b0abb5d39caf14489d","imageurl":"/mcm/images/land/1A/2855_34e0316bfe4b.jpg","landname":"56"},{"id":281475019571707,"level":1,"status":1,"posx":30,"posy":10,"cityid":654,"townid":1412,"tokenid":"461d4d6024b866f7f0d339ab93a6d164","tokenurl":"/mcm/api/land?token=461d4d6024b866f7f0d339ab93a6d164","imageurl":"/mcm/images/land/1S/5704_47cf5ba950b9.jpg","landname":"57"},{"id":281475019571708,"level":1,"status":1,"posx":31,"posy":10,"cityid":654,"townid":1412,"tokenid":"0e299ad919a11e4e5218194ae0b22059","tokenurl":"/mcm/api/land?token=0e299ad919a11e4e5218194ae0b22059","imageurl":"/mcm/images/land/1S/5705_170c4dc408a1.jpg","landname":"58"},{"id":281475019571709,"level":3,"status":1,"posx":33,"posy":10,"cityid":654,"townid":1412,"tokenid":"8e7f8171300f2cf5176c60e6d15bdec3","tokenurl":"/mcm/api/land?token=8e7f8171300f2cf5176c60e6d15bdec3","imageurl":"/mcm/images/land/1B/952_350075aefd70.jpg","landname":"59"},{"id":281475019571710,"level":1,"status":1,"posx":34,"posy":10,"cityid":654,"townid":1412,"tokenid":"f0222b581a11f2ea51a04eee01339204","tokenurl":"/mcm/api/land?token=f0222b581a11f2ea51a04eee01339204","imageurl":"/mcm/images/land/1S/5706_102c561569e7.jpg","landname":"60"},{"id":281475019571711,"level":2,"status":0,"posx":11,"posy":11,"cityid":654,"townid":1412,"tokenid":"71d9b1bc82e147e30788492c97b499c8","tokenurl":"/mcm/api/land?token=71d9b1bc82e147e30788492c97b499c8","imageurl":"/mcm/images/land/1A/2856_10dc58f4e4f4.jpg","landname":"61"},{"id":281475019571712,"level":2,"status":1,"posx":12,"posy":11,"cityid":654,"townid":1412,"tokenid":"bdcdba5a07c966ff93af07e00b2bff5c","tokenurl":"/mcm/api/land?token=bdcdba5a07c966ff93af07e00b2bff5c","imageurl":"/mcm/images/land/1A/2857_374b376766d2.jpg","landname":"62"},{"id":281475019571713,"level":2,"status":0,"posx":21,"posy":11,"cityid":654,"townid":1412,"tokenid":"6254aabb2282d2b5f194aeab9ec3f838","tokenurl":"/mcm/api/land?token=6254aabb2282d2b5f194aeab9ec3f838","imageurl":"/mcm/images/land/1A/2858_3cdb11d94b98.jpg","landname":"63"},{"id":281475019571714,"level":3,"status":1,"posx":22,"posy":11,"cityid":654,"townid":1412,"tokenid":"643c5d2ff8a176fb2cb6f4651db2aae4","tokenurl":"/mcm/api/land?token=643c5d2ff8a176fb2cb6f4651db2aae4","imageurl":"/mcm/images/land/1B/953_46a5e9c147e8.jpg","landname":"64"},{"id":281475019571715,"level":1,"status":1,"posx":11,"posy":12,"cityid":654,"townid":1412,"tokenid":"604ef24e493eadf9884144c6d498244b","tokenurl":"/mcm/api/land?token=604ef24e493eadf9884144c6d498244b","imageurl":"/mcm/images/land/1S/5707_48057d139c51.jpg","landname":"65"},{"id":281475019571716,"level":1,"status":0,"posx":12,"posy":12,"cityid":654,"townid":1412,"tokenid":"eca8812878f25a105a0188b610cf75e9","tokenurl":"/mcm/api/land?token=eca8812878f25a105a0188b610cf75e9","imageurl":"/mcm/images/land/1S/5708_2991609d1e2e.jpg","landname":"66"},{"id":281475019571717,"level":1,"status":0,"posx":11,"posy":13,"cityid":654,"townid":1412,"tokenid":"6f3376b77ade80a0a781ec8e754dbec9","tokenurl":"/mcm/api/land?token=6f3376b77ade80a0a781ec8e754dbec9","imageurl":"/mcm/images/land/1S/5709_34bc5aec8bf2.jpg","landname":"67"},{"id":281475019571718,"level":1,"status":1,"posx":12,"posy":13,"cityid":654,"townid":1412,"tokenid":"57d36c500d5ccfebccc35dcc292a8d01","tokenurl":"/mcm/api/land?token=57d36c500d5ccfebccc35dcc292a8d01","imageurl":"/mcm/images/land/1S/5710_e23b23e330a.jpg","landname":"68"},{"id":281475019571719,"level":2,"status":1,"posx":11,"posy":14,"cityid":654,"townid":1412,"tokenid":"9a63fbaa7c2b8fa1fa758ca4c50a9e1a","tokenurl":"/mcm/api/land?token=9a63fbaa7c2b8fa1fa758ca4c50a9e1a","imageurl":"/mcm/images/land/1A/2859_da21eed2a53.jpg","landname":"69"},{"id":281475019571720,"level":1,"status":1,"posx":12,"posy":14,"cityid":654,"townid":1412,"tokenid":"ea14469cade19a9bdbbe6aa299beda30","tokenurl":"/mcm/api/land?token=ea14469cade19a9bdbbe6aa299beda30","imageurl":"/mcm/images/land/1S/5711_988bff3e7b8.jpg","landname":"70"},{"id":281475019571721,"level":1,"status":0,"posx":8,"posy":20,"cityid":654,"townid":1412,"tokenid":"7cc9b48ed4332a8e0b75fabe8de289b2","tokenurl":"/mcm/api/land?token=7cc9b48ed4332a8e0b75fabe8de289b2","imageurl":"/mcm/images/land/1S/5712_3c0c10898f22.jpg","landname":"71"},{"id":281475019571722,"level":1,"status":1,"posx":9,"posy":20,"cityid":654,"townid":1412,"tokenid":"087cd4c631a1e6586c4a0b8b46f06171","tokenurl":"/mcm/api/land?token=087cd4c631a1e6586c4a0b8b46f06171","imageurl":"/mcm/images/land/1S/5713_1a83793c6305.jpg","landname":"72"},{"id":281475019571723,"level":2,"status":1,"posx":10,"posy":20,"cityid":654,"townid":1412,"tokenid":"190222ef76113f881a1e6b4398d86cde","tokenurl":"/mcm/api/land?token=190222ef76113f881a1e6b4398d86cde","imageurl":"/mcm/images/land/1A/2860_56e6cb71a445.jpg","landname":"73"},{"id":281475019571724,"level":1,"status":0,"posx":11,"posy":20,"cityid":654,"townid":1412,"tokenid":"c8a50bc823453b3c9ecabb47d3ccf498","tokenurl":"/mcm/api/land?token=c8a50bc823453b3c9ecabb47d3ccf498","imageurl":"/mcm/images/land/1S/5714_125bc8294b6.jpg","landname":"74"},{"id":281475019571725,"level":1,"status":0,"posx":12,"posy":20,"cityid":654,"townid":1412,"tokenid":"7e0d2ab3fd39b36c033982e7f496259e","tokenurl":"/mcm/api/land?token=7e0d2ab3fd39b36c033982e7f496259e","imageurl":"/mcm/images/land/1S/5715_27360ef6b227.jpg","landname":"75"},{"id":281475019571726,"level":1,"status":1,"posx":8,"posy":21,"cityid":654,"townid":1412,"tokenid":"64480adc920995bd9cfcb7cd23afd06c","tokenurl":"/mcm/api/land?token=64480adc920995bd9cfcb7cd23afd06c","imageurl":"/mcm/images/land/1S/5716_1bebac54c27b.jpg","landname":"76"},{"id":281475019571727,"level":2,"status":0,"posx":9,"posy":21,"cityid":654,"townid":1412,"tokenid":"73cb91ab6985372d3b6520abf440e069","tokenurl":"/mcm/api/land?token=73cb91ab6985372d3b6520abf440e069","imageurl":"/mcm/images/land/1A/2861_2836bfe21b65.jpg","landname":"77"},{"id":281475019571728,"level":3,"status":0,"posx":10,"posy":21,"cityid":654,"townid":1412,"tokenid":"7afcf4b03646359b7074435598c97deb","tokenurl":"/mcm/api/land?token=7afcf4b03646359b7074435598c97deb","imageurl":"/mcm/images/land/1B/954_16ae0e6cef1f.jpg","landname":"78"},{"id":281475019571729,"level":1,"status":1,"posx":11,"posy":21,"cityid":654,"townid":1412,"tokenid":"772e39c14a0c24fc97559e3c5e5cc397","tokenurl":"/mcm/api/land?token=772e39c14a0c24fc97559e3c5e5cc397","imageurl":"/mcm/images/land/1S/5717_29d1164a274.jpg","landname":"79"},{"id":281475019571730,"level":1,"status":0,"posx":12,"posy":21,"cityid":654,"townid":1412,"tokenid":"3b424edcaab87448bf18932d0ac46e1c","tokenurl":"/mcm/api/land?token=3b424edcaab87448bf18932d0ac46e1c","imageurl":"/mcm/images/land/1S/5718_407fb4947c0b.jpg","landname":"80"},{"id":281475019571731,"level":1,"status":1,"posx":27,"posy":22,"cityid":654,"townid":1412,"tokenid":"f9dd06110f0a5444692bdde35815160b","tokenurl":"/mcm/api/land?token=f9dd06110f0a5444692bdde35815160b","imageurl":"/mcm/images/land/1S/5719_170b837a2c7e.jpg","landname":"81"},{"id":281475019571732,"level":2,"status":1,"posx":28,"posy":22,"cityid":654,"townid":1412,"tokenid":"b0651d94b429746a88bc1d6dceacfb3b","tokenurl":"/mcm/api/land?token=b0651d94b429746a88bc1d6dceacfb3b","imageurl":"/mcm/images/land/1A/2862_7cae6ab7b8.jpg","landname":"82"},{"id":281475019571733,"level":1,"status":1,"posx":29,"posy":22,"cityid":654,"townid":1412,"tokenid":"1494ab5cec0878d4b0fc7f12fb036406","tokenurl":"/mcm/api/land?token=1494ab5cec0878d4b0fc7f12fb036406","imageurl":"/mcm/images/land/1S/5720_75bee3e9c0d.jpg","landname":"83"},{"id":281475019571734,"level":1,"status":0,"posx":30,"posy":22,"cityid":654,"townid":1412,"tokenid":"d910d710c7aced5491b2bcf76ee3608a","tokenurl":"/mcm/api/land?token=d910d710c7aced5491b2bcf76ee3608a","imageurl":"/mcm/images/land/1S/5721_268ced4a32a4.jpg","landname":"84"},{"id":281475019571735,"level":1,"status":1,"posx":31,"posy":22,"cityid":654,"townid":1412,"tokenid":"b6632b949479f61b70a4f5e282a52c9d","tokenurl":"/mcm/api/land?token=b6632b949479f61b70a4f5e282a52c9d","imageurl":"/mcm/images/land/1S/5722_4ba9c1dde967.jpg","landname":"85"},{"id":281475019571736,"level":1,"status":1,"posx":27,"posy":23,"cityid":654,"townid":1412,"tokenid":"680daa60fead3ad365db3e076784c44d","tokenurl":"/mcm/api/land?token=680daa60fead3ad365db3e076784c44d","imageurl":"/mcm/images/land/1S/5723_37ecbb3578e7.jpg","landname":"86"},{"id":281475019571737,"level":2,"status":0,"posx":28,"posy":23,"cityid":654,"townid":1412,"tokenid":"a5d0bbd2108ef7c45b030cd8b34de06b","tokenurl":"/mcm/api/land?token=a5d0bbd2108ef7c45b030cd8b34de06b","imageurl":"/mcm/images/land/1A/2863_e78602e0191.jpg","landname":"87"},{"id":281475019571738,"level":1,"status":1,"posx":29,"posy":23,"cityid":654,"townid":1412,"tokenid":"7d005d420231ab61eb24563eeb23954f","tokenurl":"/mcm/api/land?token=7d005d420231ab61eb24563eeb23954f","imageurl":"/mcm/images/land/1S/5724_3a3f2b60e38a.jpg","landname":"88"},{"id":281475019571739,"level":1,"status":0,"posx":30,"posy":23,"cityid":654,"townid":1412,"tokenid":"843ed54e969778b742dc6bbe8b7e3455","tokenurl":"/mcm/api/land?token=843ed54e969778b742dc6bbe8b7e3455","imageurl":"/mcm/images/land/1S/5725_12524d095c3a.jpg","landname":"89"},{"id":281475019571740,"level":1,"status":0,"posx":31,"posy":23,"cityid":654,"townid":1412,"tokenid":"108150c09b8e283b08101d4f70ffdb77","tokenurl":"/mcm/api/land?token=108150c09b8e283b08101d4f70ffdb77","imageurl":"/mcm/images/land/1S/5726_35f0bc856dfb.jpg","landname":"90"},{"id":281475019571741,"level":1,"status":0,"posx":8,"posy":24,"cityid":654,"townid":1412,"tokenid":"3ef97f7f0976f80119ac8b077ac72eb5","tokenurl":"/mcm/api/land?token=3ef97f7f0976f80119ac8b077ac72eb5","imageurl":"/mcm/images/land/1S/5727_cd2e9c118f3.jpg","landname":"91"},{"id":281475019571742,"level":1,"status":0,"posx":9,"posy":24,"cityid":654,"townid":1412,"tokenid":"c3d89eaf295874107ec11ebc6962cea5","tokenurl":"/mcm/api/land?token=c3d89eaf295874107ec11ebc6962cea5","imageurl":"/mcm/images/land/1S/5728_4e476d9e60ed.jpg","landname":"92"},{"id":281475019571743,"level":1,"status":0,"posx":10,"posy":24,"cityid":654,"townid":1412,"tokenid":"f630afab5a89628091855b539d876989","tokenurl":"/mcm/api/land?token=f630afab5a89628091855b539d876989","imageurl":"/mcm/images/land/1S/5729_10a9514d5170.jpg","landname":"93"},{"id":281475019571744,"level":1,"status":1,"posx":11,"posy":24,"cityid":654,"townid":1412,"tokenid":"ba1403f8fe4286db846b8d1db64f77a1","tokenurl":"/mcm/api/land?token=ba1403f8fe4286db846b8d1db64f77a1","imageurl":"/mcm/images/land/1S/5730_f83d551f4b5.jpg","landname":"94"},{"id":281475019571745,"level":1,"status":1,"posx":12,"posy":24,"cityid":654,"townid":1412,"tokenid":"938367f7a0031b04a937a1e09424ac38","tokenurl":"/mcm/api/land?token=938367f7a0031b04a937a1e09424ac38","imageurl":"/mcm/images/land/1S/5731_2c59a754b04f.jpg","landname":"95"},{"id":281475019571746,"level":1,"status":0,"posx":17,"posy":24,"cityid":654,"townid":1412,"tokenid":"a33ea8fadd302192e90964414164ba9a","tokenurl":"/mcm/api/land?token=a33ea8fadd302192e90964414164ba9a","imageurl":"/mcm/images/land/1S/5732_af3b988df98.jpg","landname":"96"},{"id":281475019571747,"level":1,"status":0,"posx":18,"posy":24,"cityid":654,"townid":1412,"tokenid":"674ff339ff2adb7b6f9fb4daef228da6","tokenurl":"/mcm/api/land?token=674ff339ff2adb7b6f9fb4daef228da6","imageurl":"/mcm/images/land/1S/5733_298750f9ab64.jpg","landname":"97"},{"id":281475019571748,"level":2,"status":0,"posx":19,"posy":24,"cityid":654,"townid":1412,"tokenid":"9f8a38ab93cbf523da358fd3fb4c1c8a","tokenurl":"/mcm/api/land?token=9f8a38ab93cbf523da358fd3fb4c1c8a","imageurl":"/mcm/images/land/1A/2864_4ffdfbacdbb2.jpg","landname":"98"},{"id":281475019571749,"level":2,"status":1,"posx":20,"posy":24,"cityid":654,"townid":1412,"tokenid":"9e156b6e534d686973ad17f829a58490","tokenurl":"/mcm/api/land?token=9e156b6e534d686973ad17f829a58490","imageurl":"/mcm/images/land/1A/2865_48408f9fdd8.jpg","landname":"99"},{"id":281475019571750,"level":3,"status":0,"posx":21,"posy":24,"cityid":654,"townid":1412,"tokenid":"10b3dc17b5d8b0dd3c5ec3cf7e5ff334","tokenurl":"/mcm/api/land?token=10b3dc17b5d8b0dd3c5ec3cf7e5ff334","imageurl":"/mcm/images/land/1B/955_504369233f28.jpg","landname":"100"},{"id":281475019571751,"level":1,"status":0,"posx":8,"posy":25,"cityid":654,"townid":1412,"tokenid":"c608039e47680e66f71d6cfd1c897af8","tokenurl":"/mcm/api/land?token=c608039e47680e66f71d6cfd1c897af8","imageurl":"/mcm/images/land/1S/5734_494f4ef2ae00.jpg","landname":"101"},{"id":281475019571752,"level":1,"status":0,"posx":9,"posy":25,"cityid":654,"townid":1412,"tokenid":"3da043bc21e5d284ff5ec9516c2fbd87","tokenurl":"/mcm/api/land?token=3da043bc21e5d284ff5ec9516c2fbd87","imageurl":"/mcm/images/land/1S/5735_589a2d1acde9.jpg","landname":"102"},{"id":281475019571753,"level":1,"status":0,"posx":10,"posy":25,"cityid":654,"townid":1412,"tokenid":"0599638c6645416fb4abf116dc187685","tokenurl":"/mcm/api/land?token=0599638c6645416fb4abf116dc187685","imageurl":"/mcm/images/land/1S/5736_1773248c37da.jpg","landname":"103"},{"id":281475019571754,"level":3,"status":0,"posx":11,"posy":25,"cityid":654,"townid":1412,"tokenid":"1f5dcb93a319915a58f55b391af34d26","tokenurl":"/mcm/api/land?token=1f5dcb93a319915a58f55b391af34d26","imageurl":"/mcm/images/land/1B/956_446961c034d.jpg","landname":"104"},{"id":281475019571755,"level":3,"status":0,"posx":12,"posy":25,"cityid":654,"townid":1412,"tokenid":"7b2c1f568e4aa5e2c943e5bf6ad44a4d","tokenurl":"/mcm/api/land?token=7b2c1f568e4aa5e2c943e5bf6ad44a4d","imageurl":"/mcm/images/land/1B/957_1d0c32d0448.jpg","landname":"105"},{"id":281475019571756,"level":3,"status":0,"posx":17,"posy":25,"cityid":654,"townid":1412,"tokenid":"5bf67886f9b23688421823a90b4228e8","tokenurl":"/mcm/api/land?token=5bf67886f9b23688421823a90b4228e8","imageurl":"/mcm/images/land/1B/958_5483a5c6cabf.jpg","landname":"106"},{"id":281475019571757,"level":2,"status":0,"posx":18,"posy":25,"cityid":654,"townid":1412,"tokenid":"6e999537b1e6c6b12bb8e20aee8fa46d","tokenurl":"/mcm/api/land?token=6e999537b1e6c6b12bb8e20aee8fa46d","imageurl":"/mcm/images/land/1A/2866_340fc9be362c.jpg","landname":"107"},{"id":281475019571758,"level":1,"status":1,"posx":19,"posy":25,"cityid":654,"townid":1412,"tokenid":"86970667bb89c409c4b6a99e65d55e16","tokenurl":"/mcm/api/land?token=86970667bb89c409c4b6a99e65d55e16","imageurl":"/mcm/images/land/1S/5737_35578c62e195.jpg","landname":"108"},{"id":281475019571759,"level":2,"status":1,"posx":20,"posy":25,"cityid":654,"townid":1412,"tokenid":"fd4736423593fc7aed9fdebead76d653","tokenurl":"/mcm/api/land?token=fd4736423593fc7aed9fdebead76d653","imageurl":"/mcm/images/land/1A/2867_4a88383f7c4e.jpg","landname":"109"},{"id":281475019571760,"level":3,"status":0,"posx":21,"posy":25,"cityid":654,"townid":1412,"tokenid":"13a0c14ce8299f707ada9c205a114112","tokenurl":"/mcm/api/land?token=13a0c14ce8299f707ada9c205a114112","imageurl":"/mcm/images/land/1B/959_3f691d2741d8.jpg","landname":"110"},{"id":281475019571761,"level":1,"status":1,"posx":27,"posy":26,"cityid":654,"townid":1412,"tokenid":"c0fef3a22065fddee3fd05de08186a03","tokenurl":"/mcm/api/land?token=c0fef3a22065fddee3fd05de08186a03","imageurl":"/mcm/images/land/1S/5738_59f53827500e.jpg","landname":"111"},{"id":281475019571762,"level":1,"status":1,"posx":28,"posy":26,"cityid":654,"townid":1412,"tokenid":"526ba06292ef6ef1cb847cb5605d729a","tokenurl":"/mcm/api/land?token=526ba06292ef6ef1cb847cb5605d729a","imageurl":"/mcm/images/land/1S/5739_194e4657eb29.jpg","landname":"112"},{"id":281475019571763,"level":2,"status":1,"posx":27,"posy":27,"cityid":654,"townid":1412,"tokenid":"2171827abe48e0608672ec2c515dace9","tokenurl":"/mcm/api/land?token=2171827abe48e0608672ec2c515dace9","imageurl":"/mcm/images/land/1A/2868_493e78be537d.jpg","landname":"113"},{"id":281475019571764,"level":2,"status":0,"posx":28,"posy":27,"cityid":654,"townid":1412,"tokenid":"0ba7d54a998a12d7b6b21e95c66cad92","tokenurl":"/mcm/api/land?token=0ba7d54a998a12d7b6b21e95c66cad92","imageurl":"/mcm/images/land/1A/2869_3197dbc8ef49.jpg","landname":"114"},{"id":281475019571765,"level":1,"status":0,"posx":32,"posy":27,"cityid":654,"townid":1412,"tokenid":"06fe9c4a99fc93af316d00e9428c40c4","tokenurl":"/mcm/api/land?token=06fe9c4a99fc93af316d00e9428c40c4","imageurl":"/mcm/images/land/1S/5740_1920fde3723d.jpg","landname":"115"},{"id":281475019571766,"level":2,"status":0,"posx":33,"posy":27,"cityid":654,"townid":1412,"tokenid":"48ea36e21c2574317f88aaea3f0270f8","tokenurl":"/mcm/api/land?token=48ea36e21c2574317f88aaea3f0270f8","imageurl":"/mcm/images/land/1A/2870_33ddb1d64f69.jpg","landname":"116"},{"id":281475019571767,"level":2,"status":0,"posx":8,"posy":28,"cityid":654,"townid":1412,"tokenid":"efb1e4c3314dbd46a5c57512b77953e2","tokenurl":"/mcm/api/land?token=efb1e4c3314dbd46a5c57512b77953e2","imageurl":"/mcm/images/land/1A/2871_adba0eee473.jpg","landname":"117"},{"id":281475019571768,"level":2,"status":0,"posx":9,"posy":28,"cityid":654,"townid":1412,"tokenid":"fa7ee072aecde7c5801e821d39188acb","tokenurl":"/mcm/api/land?token=fa7ee072aecde7c5801e821d39188acb","imageurl":"/mcm/images/land/1A/2872_20f11a0efa3c.jpg","landname":"118"},{"id":281475019571769,"level":2,"status":0,"posx":10,"posy":28,"cityid":654,"townid":1412,"tokenid":"f3a35cc5caebe2ac91009bf34ab6f9f0","tokenurl":"/mcm/api/land?token=f3a35cc5caebe2ac91009bf34ab6f9f0","imageurl":"/mcm/images/land/1A/2873_3f6564c9eb15.jpg","landname":"119"},{"id":281475019571770,"level":1,"status":1,"posx":11,"posy":28,"cityid":654,"townid":1412,"tokenid":"04589c04fef5da1296a113c11140065b","tokenurl":"/mcm/api/land?token=04589c04fef5da1296a113c11140065b","imageurl":"/mcm/images/land/1S/5741_593302c116e1.jpg","landname":"120"},{"id":281475019571771,"level":2,"status":0,"posx":12,"posy":28,"cityid":654,"townid":1412,"tokenid":"a1544fb33a818d51b79622b5b4326a49","tokenurl":"/mcm/api/land?token=a1544fb33a818d51b79622b5b4326a49","imageurl":"/mcm/images/land/1A/2874_10e28f309573.jpg","landname":"121"},{"id":281475019571772,"level":1,"status":1,"posx":17,"posy":28,"cityid":654,"townid":1412,"tokenid":"1b199eb37ad1188e347903ee3dafd6ea","tokenurl":"/mcm/api/land?token=1b199eb37ad1188e347903ee3dafd6ea","imageurl":"/mcm/images/land/1S/5742_36eb6166cf84.jpg","landname":"122"},{"id":281475019571773,"level":1,"status":1,"posx":18,"posy":28,"cityid":654,"townid":1412,"tokenid":"794d0123c3ede820b3716cd49de6255e","tokenurl":"/mcm/api/land?token=794d0123c3ede820b3716cd49de6255e","imageurl":"/mcm/images/land/1S/5743_4fc337a4fd8a.jpg","landname":"123"},{"id":281475019571774,"level":2,"status":1,"posx":19,"posy":28,"cityid":654,"townid":1412,"tokenid":"a6e370543a9b1c84a1c46fba6c50adbd","tokenurl":"/mcm/api/land?token=a6e370543a9b1c84a1c46fba6c50adbd","imageurl":"/mcm/images/land/1A/2875_13b6c092028b.jpg","landname":"124"},{"id":281475019571775,"level":1,"status":0,"posx":20,"posy":28,"cityid":654,"townid":1412,"tokenid":"8be8b9568cc895d40799405f22c8189e","tokenurl":"/mcm/api/land?token=8be8b9568cc895d40799405f22c8189e","imageurl":"/mcm/images/land/1S/5744_52ed43ff7010.jpg","landname":"125"},{"id":281475019571776,"level":1,"status":0,"posx":21,"posy":28,"cityid":654,"townid":1412,"tokenid":"21709202ca2013a01563c39a3adc1eea","tokenurl":"/mcm/api/land?token=21709202ca2013a01563c39a3adc1eea","imageurl":"/mcm/images/land/1S/5745_3e0125af4d2.jpg","landname":"126"},{"id":281475019571777,"level":1,"status":0,"posx":27,"posy":28,"cityid":654,"townid":1412,"tokenid":"dacbbdb27e13206df425c3638d04cf20","tokenurl":"/mcm/api/land?token=dacbbdb27e13206df425c3638d04cf20","imageurl":"/mcm/images/land/1S/5746_2e8353523f64.jpg","landname":"127"},{"id":281475019571778,"level":2,"status":1,"posx":28,"posy":28,"cityid":654,"townid":1412,"tokenid":"ca364d1832a9a3c29cf67d7fc647971c","tokenurl":"/mcm/api/land?token=ca364d1832a9a3c29cf67d7fc647971c","imageurl":"/mcm/images/land/1A/2876_2dfdf95cf1be.jpg","landname":"128"},{"id":281475019571779,"level":1,"status":0,"posx":32,"posy":28,"cityid":654,"townid":1412,"tokenid":"f9cc5eecf6bee313221334ce432f229e","tokenurl":"/mcm/api/land?token=f9cc5eecf6bee313221334ce432f229e","imageurl":"/mcm/images/land/1S/5747_58bff61d6fa7.jpg","landname":"129"},{"id":281475019571780,"level":1,"status":0,"posx":33,"posy":28,"cityid":654,"townid":1412,"tokenid":"3d86e681a3f9364d9444d5223cb8fdba","tokenurl":"/mcm/api/land?token=3d86e681a3f9364d9444d5223cb8fdba","imageurl":"/mcm/images/land/1S/5748_212625ae2c17.jpg","landname":"130"},{"id":281475019571781,"level":3,"status":1,"posx":8,"posy":29,"cityid":654,"townid":1412,"tokenid":"8f0d5dbb9bb9affd8b8de520164f1063","tokenurl":"/mcm/api/land?token=8f0d5dbb9bb9affd8b8de520164f1063","imageurl":"/mcm/images/land/1B/960_f08b3408c5e.jpg","landname":"131"},{"id":281475019571782,"level":2,"status":1,"posx":9,"posy":29,"cityid":654,"townid":1412,"tokenid":"b39f131e4ed2969837ecbc42a325e66d","tokenurl":"/mcm/api/land?token=b39f131e4ed2969837ecbc42a325e66d","imageurl":"/mcm/images/land/1A/2877_d9005341466.jpg","landname":"132"},{"id":281475019571783,"level":2,"status":0,"posx":10,"posy":29,"cityid":654,"townid":1412,"tokenid":"c2bf430ee9062936628ee1bd6f713de7","tokenurl":"/mcm/api/land?token=c2bf430ee9062936628ee1bd6f713de7","imageurl":"/mcm/images/land/1A/2878_1f1d9b004195.jpg","landname":"133"},{"id":281475019571784,"level":1,"status":0,"posx":11,"posy":29,"cityid":654,"townid":1412,"tokenid":"f49c68c26451fd9f65f9bcc0ad83cef4","tokenurl":"/mcm/api/land?token=f49c68c26451fd9f65f9bcc0ad83cef4","imageurl":"/mcm/images/land/1S/5749_162a7b34d6bf.jpg","landname":"134"},{"id":281475019571785,"level":1,"status":1,"posx":12,"posy":29,"cityid":654,"townid":1412,"tokenid":"ce936c6598f8055651ca8b1ed33a80a7","tokenurl":"/mcm/api/land?token=ce936c6598f8055651ca8b1ed33a80a7","imageurl":"/mcm/images/land/1S/5750_29933138cf8b.jpg","landname":"135"},{"id":281475019571786,"level":1,"status":0,"posx":17,"posy":29,"cityid":654,"townid":1412,"tokenid":"fbe9f20a4bda222e48194c3b3e8c55ea","tokenurl":"/mcm/api/land?token=fbe9f20a4bda222e48194c3b3e8c55ea","imageurl":"/mcm/images/land/1S/5751_446db1bf1b3b.jpg","landname":"136"},{"id":281475019571787,"level":1,"status":1,"posx":18,"posy":29,"cityid":654,"townid":1412,"tokenid":"415fadc1c61869f822fb5452c748094d","tokenurl":"/mcm/api/land?token=415fadc1c61869f822fb5452c748094d","imageurl":"/mcm/images/land/1S/5752_4aef4c748693.jpg","landname":"137"},{"id":281475019571788,"level":1,"status":0,"posx":19,"posy":29,"cityid":654,"townid":1412,"tokenid":"6de643614f36ed5729984be0e730ec6a","tokenurl":"/mcm/api/land?token=6de643614f36ed5729984be0e730ec6a","imageurl":"/mcm/images/land/1S/5753_1f7b74517c50.jpg","landname":"138"},{"id":281475019571789,"level":3,"status":1,"posx":20,"posy":29,"cityid":654,"townid":1412,"tokenid":"43821d540419dc6bae23a9c2de188c7a","tokenurl":"/mcm/api/land?token=43821d540419dc6bae23a9c2de188c7a","imageurl":"/mcm/images/land/1B/961_5680f0c50f58.jpg","landname":"139"},{"id":281475019571790,"level":1,"status":0,"posx":21,"posy":29,"cityid":654,"townid":1412,"tokenid":"c402c666b2e9f6814d523304592c0778","tokenurl":"/mcm/api/land?token=c402c666b2e9f6814d523304592c0778","imageurl":"/mcm/images/land/1S/5754_f52146dbd7c.jpg","landname":"140"},{"id":281475019571791,"level":1,"status":1,"posx":27,"posy":29,"cityid":654,"townid":1412,"tokenid":"958272cdf96fffc97f643a1ca937a1af","tokenurl":"/mcm/api/land?token=958272cdf96fffc97f643a1ca937a1af","imageurl":"/mcm/images/land/1S/5755_2222ba6027e9.jpg","landname":"141"},{"id":281475019571792,"level":2,"status":1,"posx":28,"posy":29,"cityid":654,"townid":1412,"tokenid":"7d73514ebf0442fdf10b0283ad406683","tokenurl":"/mcm/api/land?token=7d73514ebf0442fdf10b0283ad406683","imageurl":"/mcm/images/land/1A/2879_f1c5f1d81a6.jpg","landname":"142"},{"id":281475019571793,"level":1,"status":0,"posx":32,"posy":29,"cityid":654,"townid":1412,"tokenid":"04475857af8427e85bae4d9888d793ac","tokenurl":"/mcm/api/land?token=04475857af8427e85bae4d9888d793ac","imageurl":"/mcm/images/land/1S/5756_1f65d75dde1b.jpg","landname":"143"},{"id":281475019571794,"level":1,"status":1,"posx":33,"posy":29,"cityid":654,"townid":1412,"tokenid":"8badec0670125c51e02c14a014a298c4","tokenurl":"/mcm/api/land?token=8badec0670125c51e02c14a014a298c4","imageurl":"/mcm/images/land/1S/5757_5379f7aefcd9.jpg","landname":"144"},{"id":281475019571795,"level":2,"status":0,"posx":27,"posy":30,"cityid":654,"townid":1412,"tokenid":"85d5d17802fdcbe4044b7287d4091fc9","tokenurl":"/mcm/api/land?token=85d5d17802fdcbe4044b7287d4091fc9","imageurl":"/mcm/images/land/1A/2880_2e5b4dcbc9ce.jpg","landname":"145"},{"id":281475019571796,"level":1,"status":1,"posx":28,"posy":30,"cityid":654,"townid":1412,"tokenid":"041aab293e06efce62f01adfa9958653","tokenurl":"/mcm/api/land?token=041aab293e06efce62f01adfa9958653","imageurl":"/mcm/images/land/1S/5758_28c4a96dcbe1.jpg","landname":"146"},{"id":281475019571797,"level":1,"status":0,"posx":32,"posy":30,"cityid":654,"townid":1412,"tokenid":"e2dcb862fad840d2e264a4a33f444ce8","tokenurl":"/mcm/api/land?token=e2dcb862fad840d2e264a4a33f444ce8","imageurl":"/mcm/images/land/1S/5759_29f6b06d441a.jpg","landname":"147"},{"id":281475019571798,"level":1,"status":0,"posx":33,"posy":30,"cityid":654,"townid":1412,"tokenid":"3cd6624d4838be465794667ce387be78","tokenurl":"/mcm/api/land?token=3cd6624d4838be465794667ce387be78","imageurl":"/mcm/images/land/1S/5760_18e5b7b4834c.jpg","landname":"148"},{"id":281475019571799,"level":2,"status":1,"posx":32,"posy":31,"cityid":654,"townid":1412,"tokenid":"5f763caf5013fe8f5646c6b45941c552","tokenurl":"/mcm/api/land?token=5f763caf5013fe8f5646c6b45941c552","imageurl":"/mcm/images/land/1A/2881_59ae320c8d76.jpg","landname":"149"},{"id":281475019571800,"level":1,"status":1,"posx":33,"posy":31,"cityid":654,"townid":1412,"tokenid":"171c86c4d10ad598ee3e0d239db55810","tokenurl":"/mcm/api/land?token=171c86c4d10ad598ee3e0d239db55810","imageurl":"/mcm/images/land/1S/5761_4cb7dbf63eaf.jpg","landname":"150"}]]],0,0,[],[],[]]
