[1,0,0,[["cc.JsonAsset",["_name","json"],1]],[[0,0,1,3]],[[0,"1540",[{"id":281475023569047,"level":2,"status":1,"posx":32,"posy":5,"cityid":715,"townid":1540,"tokenid":"4923d3450e9b99060f6e2d4a024d92fe","tokenurl":"/mcm/api/land?token=4923d3450e9b99060f6e2d4a024d92fe","imageurl":"/mcm/images/land/2A/4277_35a10b6d097e.jpg","landname":"1"},{"id":281475023569048,"level":2,"status":0,"posx":33,"posy":5,"cityid":715,"townid":1540,"tokenid":"2d9037336d70acd29228bbdfcb5dcab7","tokenurl":"/mcm/api/land?token=2d9037336d70acd29228bbdfcb5dcab7","imageurl":"/mcm/images/land/2A/4278_2c86cb506ee0.jpg","landname":"2"},{"id":281475023569049,"level":2,"status":1,"posx":5,"posy":6,"cityid":715,"townid":1540,"tokenid":"c899ac613c0bfd18a1b4877ac3496be2","tokenurl":"/mcm/api/land?token=c899ac613c0bfd18a1b4877ac3496be2","imageurl":"/mcm/images/land/2A/4279_18e75e2bf445.jpg","landname":"3"},{"id":281475023569050,"level":3,"status":0,"posx":6,"posy":6,"cityid":715,"townid":1540,"tokenid":"d5ca9efc4e21aa6a3e3e842483bf410f","tokenurl":"/mcm/api/land?token=d5ca9efc4e21aa6a3e3e842483bf410f","imageurl":"/mcm/images/land/2B/7127_16988016b801.jpg","landname":"4"},{"id":281475023569051,"level":2,"status":0,"posx":21,"posy":6,"cityid":715,"townid":1540,"tokenid":"98426b41f53ca140135b9f9d4b9965a3","tokenurl":"/mcm/api/land?token=98426b41f53ca140135b9f9d4b9965a3","imageurl":"/mcm/images/land/2A/4280_50529c3cc181.jpg","landname":"5"},{"id":281475023569052,"level":2,"status":0,"posx":22,"posy":6,"cityid":715,"townid":1540,"tokenid":"564b47b4408057a7f57d561bcb0e2fc2","tokenurl":"/mcm/api/land?token=564b47b4408057a7f57d561bcb0e2fc2","imageurl":"/mcm/images/land/2A/4281_57e4231a0b42.jpg","landname":"6"},{"id":281475023569053,"level":1,"status":0,"posx":23,"posy":6,"cityid":715,"townid":1540,"tokenid":"17082989fbad2203a506cba665517cd7","tokenurl":"/mcm/api/land?token=17082989fbad2203a506cba665517cd7","imageurl":"/mcm/images/land/2S/2852_1bf7d01ad2da.jpg","landname":"7"},{"id":281475023569054,"level":2,"status":1,"posx":24,"posy":6,"cityid":715,"townid":1540,"tokenid":"bf577d60a0421fc5b24079d111506393","tokenurl":"/mcm/api/land?token=bf577d60a0421fc5b24079d111506393","imageurl":"/mcm/images/land/2A/4282_40cafd06fc84.jpg","landname":"8"},{"id":281475023569055,"level":2,"status":1,"posx":25,"posy":6,"cityid":715,"townid":1540,"tokenid":"ee7874d7428dd8969cb200f23b62b7b0","tokenurl":"/mcm/api/land?token=ee7874d7428dd8969cb200f23b62b7b0","imageurl":"/mcm/images/land/2A/4283_7be31f5b8cd.jpg","landname":"9"},{"id":281475023569056,"level":1,"status":0,"posx":32,"posy":6,"cityid":715,"townid":1540,"tokenid":"8b1335c65e9cfe2433664aaab74a6489","tokenurl":"/mcm/api/land?token=8b1335c65e9cfe2433664aaab74a6489","imageurl":"/mcm/images/land/2S/2853_2d1e294bcc19.jpg","landname":"10"},{"id":281475023569057,"level":3,"status":0,"posx":33,"posy":6,"cityid":715,"townid":1540,"tokenid":"e7e03ee48adb78fccd3e838ab54b1f81","tokenurl":"/mcm/api/land?token=e7e03ee48adb78fccd3e838ab54b1f81","imageurl":"/mcm/images/land/2B/7128_4bd6edf92b13.jpg","landname":"11"},{"id":281475023569058,"level":1,"status":1,"posx":5,"posy":7,"cityid":715,"townid":1540,"tokenid":"354154313a094a8b9d53cda8930d684f","tokenurl":"/mcm/api/land?token=354154313a094a8b9d53cda8930d684f","imageurl":"/mcm/images/land/2S/2854_9ba0c25ca62.jpg","landname":"12"},{"id":281475023569059,"level":2,"status":1,"posx":6,"posy":7,"cityid":715,"townid":1540,"tokenid":"10d80d11674467ea0c487abe77ef9c60","tokenurl":"/mcm/api/land?token=10d80d11674467ea0c487abe77ef9c60","imageurl":"/mcm/images/land/2A/4284_2e3564546200.jpg","landname":"13"},{"id":281475023569060,"level":3,"status":0,"posx":21,"posy":7,"cityid":715,"townid":1540,"tokenid":"12efa0c4220e25aa69b193cd02dcae61","tokenurl":"/mcm/api/land?token=12efa0c4220e25aa69b193cd02dcae61","imageurl":"/mcm/images/land/2B/7129_18730a125321.jpg","landname":"14"},{"id":281475023569061,"level":2,"status":0,"posx":22,"posy":7,"cityid":715,"townid":1540,"tokenid":"e6d13ae3a0778fe455d4a7b00421493c","tokenurl":"/mcm/api/land?token=e6d13ae3a0778fe455d4a7b00421493c","imageurl":"/mcm/images/land/2A/4285_5f6c541418.jpg","landname":"15"},{"id":281475023569062,"level":3,"status":1,"posx":23,"posy":7,"cityid":715,"townid":1540,"tokenid":"25902c6ff9d92545fda306fdf7ca11ce","tokenurl":"/mcm/api/land?token=25902c6ff9d92545fda306fdf7ca11ce","imageurl":"/mcm/images/land/2B/7130_47f88f2dce72.jpg","landname":"16"},{"id":281475023569063,"level":1,"status":0,"posx":24,"posy":7,"cityid":715,"townid":1540,"tokenid":"f438be897484d422d4786b76b7fd8e23","tokenurl":"/mcm/api/land?token=f438be897484d422d4786b76b7fd8e23","imageurl":"/mcm/images/land/2S/2855_5d92df34fb6.jpg","landname":"17"},{"id":281475023569064,"level":3,"status":0,"posx":25,"posy":7,"cityid":715,"townid":1540,"tokenid":"83a2e7a5b8ede9f8cd6a4267ea4c3f46","tokenurl":"/mcm/api/land?token=83a2e7a5b8ede9f8cd6a4267ea4c3f46","imageurl":"/mcm/images/land/2B/7131_5326496b6178.jpg","landname":"18"},{"id":281475023569065,"level":2,"status":0,"posx":32,"posy":7,"cityid":715,"townid":1540,"tokenid":"7b49fcf2090b229510296a9878d4a6d3","tokenurl":"/mcm/api/land?token=7b49fcf2090b229510296a9878d4a6d3","imageurl":"/mcm/images/land/2A/4286_30d82d0ca01d.jpg","landname":"19"},{"id":281475023569066,"level":1,"status":1,"posx":33,"posy":7,"cityid":715,"townid":1540,"tokenid":"53beb1014426d089baaa970750fe48d3","tokenurl":"/mcm/api/land?token=53beb1014426d089baaa970750fe48d3","imageurl":"/mcm/images/land/2S/2856_56c48ec74864.jpg","landname":"20"},{"id":281475023569067,"level":1,"status":0,"posx":5,"posy":8,"cityid":715,"townid":1540,"tokenid":"51260397c657ac8f2de0587b3ce79b88","tokenurl":"/mcm/api/land?token=51260397c657ac8f2de0587b3ce79b88","imageurl":"/mcm/images/land/2S/2857_57e90f69ee1f.jpg","landname":"21"},{"id":281475023569068,"level":3,"status":1,"posx":6,"posy":8,"cityid":715,"townid":1540,"tokenid":"b8001a78b4ffae33ea540cb5be3cdccb","tokenurl":"/mcm/api/land?token=b8001a78b4ffae33ea540cb5be3cdccb","imageurl":"/mcm/images/land/2B/7132_41f0af1ca2a7.jpg","landname":"22"},{"id":281475023569069,"level":1,"status":1,"posx":32,"posy":8,"cityid":715,"townid":1540,"tokenid":"6448166f4b9856a3398efe4bb79920b8","tokenurl":"/mcm/api/land?token=6448166f4b9856a3398efe4bb79920b8","imageurl":"/mcm/images/land/2S/2858_34621517829a.jpg","landname":"23"},{"id":281475023569070,"level":3,"status":1,"posx":33,"posy":8,"cityid":715,"townid":1540,"tokenid":"dbc01f0b327a2a2355a2cf27d4287616","tokenurl":"/mcm/api/land?token=dbc01f0b327a2a2355a2cf27d4287616","imageurl":"/mcm/images/land/2B/7133_53c3eb242efb.jpg","landname":"24"},{"id":281475023569071,"level":1,"status":1,"posx":5,"posy":9,"cityid":715,"townid":1540,"tokenid":"d38d3fce3df4f1437fb07be90a8d574c","tokenurl":"/mcm/api/land?token=d38d3fce3df4f1437fb07be90a8d574c","imageurl":"/mcm/images/land/2S/2859_37d4533b0af3.jpg","landname":"25"},{"id":281475023569072,"level":2,"status":0,"posx":6,"posy":9,"cityid":715,"townid":1540,"tokenid":"490cfc2404fad73bb5801e1e73271a0d","tokenurl":"/mcm/api/land?token=490cfc2404fad73bb5801e1e73271a0d","imageurl":"/mcm/images/land/2A/4287_347fd9bd049c.jpg","landname":"26"},{"id":281475023569073,"level":1,"status":1,"posx":32,"posy":9,"cityid":715,"townid":1540,"tokenid":"39d204fa96b9f80ef9aebd6e1111c66b","tokenurl":"/mcm/api/land?token=39d204fa96b9f80ef9aebd6e1111c66b","imageurl":"/mcm/images/land/2S/2860_51d77be795bc.jpg","landname":"27"},{"id":281475023569074,"level":3,"status":1,"posx":33,"posy":9,"cityid":715,"townid":1540,"tokenid":"41e50d3d5f06855a34261d28c2d403b4","tokenurl":"/mcm/api/land?token=41e50d3d5f06855a34261d28c2d403b4","imageurl":"/mcm/images/land/2B/7134_5664907940fc.jpg","landname":"28"},{"id":281475023569075,"level":3,"status":1,"posx":5,"posy":10,"cityid":715,"townid":1540,"tokenid":"33a889c74dfb590f867618609b5383f3","tokenurl":"/mcm/api/land?token=33a889c74dfb590f867618609b5383f3","imageurl":"/mcm/images/land/2B/7135_280b9d1b13a2.jpg","landname":"29"},{"id":281475023569076,"level":2,"status":0,"posx":6,"posy":10,"cityid":715,"townid":1540,"tokenid":"0268f55eb215ddaa8fbbe71b9bf3861a","tokenurl":"/mcm/api/land?token=0268f55eb215ddaa8fbbe71b9bf3861a","imageurl":"/mcm/images/land/2A/4288_15661f5daab5.jpg","landname":"30"},{"id":281475023569077,"level":3,"status":1,"posx":8,"posy":10,"cityid":715,"townid":1540,"tokenid":"ca0113524c02ddf21f42cd21db36fb01","tokenurl":"/mcm/api/land?token=ca0113524c02ddf21f42cd21db36fb01","imageurl":"/mcm/images/land/2B/7136_140dc4b245de.jpg","landname":"31"},{"id":281475023569078,"level":1,"status":0,"posx":9,"posy":10,"cityid":715,"townid":1540,"tokenid":"c629676a01c51edbb88aa3838f40c38b","tokenurl":"/mcm/api/land?token=c629676a01c51edbb88aa3838f40c38b","imageurl":"/mcm/images/land/2S/2861_20ad261b1755.jpg","landname":"32"},{"id":281475023569079,"level":2,"status":0,"posx":23,"posy":10,"cityid":715,"townid":1540,"tokenid":"dfcc5d3eb6541a6b1fe490152901dc95","tokenurl":"/mcm/api/land?token=dfcc5d3eb6541a6b1fe490152901dc95","imageurl":"/mcm/images/land/2A/4289_549d4c0dfbc3.jpg","landname":"33"},{"id":281475023569080,"level":3,"status":1,"posx":24,"posy":10,"cityid":715,"townid":1540,"tokenid":"febb00eebf3de282ff040e0914ded0cd","tokenurl":"/mcm/api/land?token=febb00eebf3de282ff040e0914ded0cd","imageurl":"/mcm/images/land/2B/7137_3399dcf84dce.jpg","landname":"34"},{"id":281475023569081,"level":2,"status":1,"posx":8,"posy":11,"cityid":715,"townid":1540,"tokenid":"02bec3aabd46e21b942ae6a34406968d","tokenurl":"/mcm/api/land?token=02bec3aabd46e21b942ae6a34406968d","imageurl":"/mcm/images/land/2A/4290_335e1d5cd540.jpg","landname":"35"},{"id":281475023569082,"level":2,"status":1,"posx":9,"posy":11,"cityid":715,"townid":1540,"tokenid":"fd781ca4a85a80368529baf7dba3c64c","tokenurl":"/mcm/api/land?token=fd781ca4a85a80368529baf7dba3c64c","imageurl":"/mcm/images/land/2A/4291_25913801b4c4.jpg","landname":"36"},{"id":281475023569083,"level":3,"status":1,"posx":23,"posy":11,"cityid":715,"townid":1540,"tokenid":"88a2e7b1c88a0d29cf4f439a45126765","tokenurl":"/mcm/api/land?token=88a2e7b1c88a0d29cf4f439a45126765","imageurl":"/mcm/images/land/2B/7138_143038f32851.jpg","landname":"37"},{"id":281475023569084,"level":2,"status":0,"posx":24,"posy":11,"cityid":715,"townid":1540,"tokenid":"dbab947f51938af28bea8c02d41098a4","tokenurl":"/mcm/api/land?token=dbab947f51938af28bea8c02d41098a4","imageurl":"/mcm/images/land/2A/4292_24e5eb23dfc9.jpg","landname":"38"},{"id":281475023569085,"level":3,"status":0,"posx":8,"posy":12,"cityid":715,"townid":1540,"tokenid":"3a26a0e42fb29176f0153036a74114b9","tokenurl":"/mcm/api/land?token=3a26a0e42fb29176f0153036a74114b9","imageurl":"/mcm/images/land/2B/7139_11c29ca90f5d.jpg","landname":"39"},{"id":281475023569086,"level":3,"status":0,"posx":9,"posy":12,"cityid":715,"townid":1540,"tokenid":"a02c341bc53f401b4ba8963571932b40","tokenurl":"/mcm/api/land?token=a02c341bc53f401b4ba8963571932b40","imageurl":"/mcm/images/land/2B/7140_1aaea10031b5.jpg","landname":"40"},{"id":281475023569087,"level":2,"status":1,"posx":23,"posy":12,"cityid":715,"townid":1540,"tokenid":"777e041d8fd18da38dc9f0a2ace4d558","tokenurl":"/mcm/api/land?token=777e041d8fd18da38dc9f0a2ace4d558","imageurl":"/mcm/images/land/2A/4293_29d9f2c3f11.jpg","landname":"41"},{"id":281475023569088,"level":3,"status":0,"posx":24,"posy":12,"cityid":715,"townid":1540,"tokenid":"7b64d559e77525fdd7454e6cca8f21c6","tokenurl":"/mcm/api/land?token=7b64d559e77525fdd7454e6cca8f21c6","imageurl":"/mcm/images/land/2B/7141_2e1965f811c1.jpg","landname":"42"},{"id":281475023569089,"level":3,"status":0,"posx":32,"posy":12,"cityid":715,"townid":1540,"tokenid":"93e184a7ab550781fa6ab34a17e1d0d9","tokenurl":"/mcm/api/land?token=93e184a7ab550781fa6ab34a17e1d0d9","imageurl":"/mcm/images/land/2B/7142_149dcd7d3c38.jpg","landname":"43"},{"id":281475023569090,"level":3,"status":0,"posx":33,"posy":12,"cityid":715,"townid":1540,"tokenid":"d60e43794f31e37d9259a378eae73ce7","tokenurl":"/mcm/api/land?token=d60e43794f31e37d9259a378eae73ce7","imageurl":"/mcm/images/land/2B/7143_2f2fd089d0a5.jpg","landname":"44"},{"id":281475023569091,"level":3,"status":1,"posx":8,"posy":13,"cityid":715,"townid":1540,"tokenid":"708a6f3b3acc4033f3af4ca1004ddac5","tokenurl":"/mcm/api/land?token=708a6f3b3acc4033f3af4ca1004ddac5","imageurl":"/mcm/images/land/2B/7144_ad35eee85b5.jpg","landname":"45"},{"id":281475023569092,"level":3,"status":0,"posx":9,"posy":13,"cityid":715,"townid":1540,"tokenid":"0a69436cb28b7816e9af33b35174015c","tokenurl":"/mcm/api/land?token=0a69436cb28b7816e9af33b35174015c","imageurl":"/mcm/images/land/2B/7145_4415ba4619a7.jpg","landname":"46"},{"id":281475023569093,"level":2,"status":1,"posx":23,"posy":13,"cityid":715,"townid":1540,"tokenid":"26bd6f09d35316c596404e23782d3103","tokenurl":"/mcm/api/land?token=26bd6f09d35316c596404e23782d3103","imageurl":"/mcm/images/land/2A/4294_3eac3684b94f.jpg","landname":"47"},{"id":281475023569094,"level":2,"status":1,"posx":24,"posy":13,"cityid":715,"townid":1540,"tokenid":"398d5cea142cfa26ee3eebc3d8612344","tokenurl":"/mcm/api/land?token=398d5cea142cfa26ee3eebc3d8612344","imageurl":"/mcm/images/land/2A/4295_5a66dd9fda81.jpg","landname":"48"},{"id":281475023569095,"level":1,"status":0,"posx":32,"posy":13,"cityid":715,"townid":1540,"tokenid":"d47f9ccf7d7a18d0b98bc517c264ac71","tokenurl":"/mcm/api/land?token=d47f9ccf7d7a18d0b98bc517c264ac71","imageurl":"/mcm/images/land/2S/2862_48ad338f2b7.jpg","landname":"49"},{"id":281475023569096,"level":2,"status":1,"posx":33,"posy":13,"cityid":715,"townid":1540,"tokenid":"5005b0e5cdb915513f4c39a54faaa0e4","tokenurl":"/mcm/api/land?token=5005b0e5cdb915513f4c39a54faaa0e4","imageurl":"/mcm/images/land/2A/4296_47e09d5b076.jpg","landname":"50"},{"id":281475023569097,"level":1,"status":0,"posx":8,"posy":14,"cityid":715,"townid":1540,"tokenid":"c4afdda1a058694e241aa556b430f0ef","tokenurl":"/mcm/api/land?token=c4afdda1a058694e241aa556b430f0ef","imageurl":"/mcm/images/land/2S/2863_dad3a3cf12d.jpg","landname":"51"},{"id":281475023569098,"level":3,"status":1,"posx":9,"posy":14,"cityid":715,"townid":1540,"tokenid":"b736acd2d0528a83ffb34d5f56c1e905","tokenurl":"/mcm/api/land?token=b736acd2d0528a83ffb34d5f56c1e905","imageurl":"/mcm/images/land/2B/7146_355a12ad4071.jpg","landname":"52"},{"id":281475023569099,"level":3,"status":1,"posx":23,"posy":14,"cityid":715,"townid":1540,"tokenid":"0692969813ca175a1868096dbfd0b192","tokenurl":"/mcm/api/land?token=0692969813ca175a1868096dbfd0b192","imageurl":"/mcm/images/land/2B/7147_2acabc0ce271.jpg","landname":"53"},{"id":281475023569100,"level":3,"status":1,"posx":24,"posy":14,"cityid":715,"townid":1540,"tokenid":"866dabb08ef89d794192d1c1626d37fb","tokenurl":"/mcm/api/land?token=866dabb08ef89d794192d1c1626d37fb","imageurl":"/mcm/images/land/2B/7148_7a29f0d49c9.jpg","landname":"54"},{"id":281475023569101,"level":3,"status":1,"posx":32,"posy":14,"cityid":715,"townid":1540,"tokenid":"203ccb4827bcf1a6e9ff070cc5a9d25f","tokenurl":"/mcm/api/land?token=203ccb4827bcf1a6e9ff070cc5a9d25f","imageurl":"/mcm/images/land/2B/7149_2d2c86ef9e58.jpg","landname":"55"},{"id":281475023569102,"level":3,"status":0,"posx":33,"posy":14,"cityid":715,"townid":1540,"tokenid":"5f1b2f11ebddc075456025fcc19ef9e7","tokenurl":"/mcm/api/land?token=5f1b2f11ebddc075456025fcc19ef9e7","imageurl":"/mcm/images/land/2B/7150_389ac8a8abd0.jpg","landname":"56"},{"id":281475023569103,"level":1,"status":0,"posx":32,"posy":15,"cityid":715,"townid":1540,"tokenid":"4b232ac6b7f3bf23ddd49da7e8d4aca8","tokenurl":"/mcm/api/land?token=4b232ac6b7f3bf23ddd49da7e8d4aca8","imageurl":"/mcm/images/land/2S/2864_14d2b1e8782c.jpg","landname":"57"},{"id":281475023569104,"level":2,"status":1,"posx":33,"posy":15,"cityid":715,"townid":1540,"tokenid":"85ab7fc0b82a74008b453590b3bae722","tokenurl":"/mcm/api/land?token=85ab7fc0b82a74008b453590b3bae722","imageurl":"/mcm/images/land/2A/4297_32d0bc9b17d3.jpg","landname":"58"},{"id":281475023569105,"level":3,"status":1,"posx":8,"posy":16,"cityid":715,"townid":1540,"tokenid":"cd14492de14ad2740f8bb668608716c1","tokenurl":"/mcm/api/land?token=cd14492de14ad2740f8bb668608716c1","imageurl":"/mcm/images/land/2B/7151_55d1383911cb.jpg","landname":"59"},{"id":281475023569106,"level":1,"status":1,"posx":9,"posy":16,"cityid":715,"townid":1540,"tokenid":"cefb9d761e19280adfe8336dd31f8d78","tokenurl":"/mcm/api/land?token=cefb9d761e19280adfe8336dd31f8d78","imageurl":"/mcm/images/land/2S/2865_25a792548e4c.jpg","landname":"60"},{"id":281475023569107,"level":3,"status":0,"posx":32,"posy":16,"cityid":715,"townid":1540,"tokenid":"d31255edf6eb1ad764f22c9832428791","tokenurl":"/mcm/api/land?token=d31255edf6eb1ad764f22c9832428791","imageurl":"/mcm/images/land/2B/7152_3c3cf47d6656.jpg","landname":"61"},{"id":281475023569108,"level":3,"status":0,"posx":33,"posy":16,"cityid":715,"townid":1540,"tokenid":"f05dc8d732d9f59406106c39564b378c","tokenurl":"/mcm/api/land?token=f05dc8d732d9f59406106c39564b378c","imageurl":"/mcm/images/land/2B/7153_2fd088e88001.jpg","landname":"62"},{"id":281475023569109,"level":3,"status":0,"posx":8,"posy":17,"cityid":715,"townid":1540,"tokenid":"521743925b6cc7678e549de81402d9c9","tokenurl":"/mcm/api/land?token=521743925b6cc7678e549de81402d9c9","imageurl":"/mcm/images/land/2B/7154_24562c9dcab0.jpg","landname":"63"},{"id":281475023569110,"level":2,"status":0,"posx":9,"posy":17,"cityid":715,"townid":1540,"tokenid":"99d7644898dfb94144e855285a2a4efc","tokenurl":"/mcm/api/land?token=99d7644898dfb94144e855285a2a4efc","imageurl":"/mcm/images/land/2A/4298_280f522b5529.jpg","landname":"64"},{"id":281475023569111,"level":2,"status":0,"posx":8,"posy":18,"cityid":715,"townid":1540,"tokenid":"671865023c7361345ca32642b4868095","tokenurl":"/mcm/api/land?token=671865023c7361345ca32642b4868095","imageurl":"/mcm/images/land/2A/4299_23ff0a667133.jpg","landname":"65"},{"id":281475023569112,"level":3,"status":1,"posx":9,"posy":18,"cityid":715,"townid":1540,"tokenid":"d2fe22e68a59828ff128dd1ae22c6ce5","tokenurl":"/mcm/api/land?token=d2fe22e68a59828ff128dd1ae22c6ce5","imageurl":"/mcm/images/land/2B/7155_27d7e703b9d3.jpg","landname":"66"},{"id":281475023569113,"level":1,"status":1,"posx":20,"posy":18,"cityid":715,"townid":1540,"tokenid":"58a088aa16993295bc7ac901371acdd2","tokenurl":"/mcm/api/land?token=58a088aa16993295bc7ac901371acdd2","imageurl":"/mcm/images/land/2S/2866_35ffd868532d.jpg","landname":"67"},{"id":281475023569114,"level":2,"status":1,"posx":21,"posy":18,"cityid":715,"townid":1540,"tokenid":"1f6756e8308e564eb654975d1538f46c","tokenurl":"/mcm/api/land?token=1f6756e8308e564eb654975d1538f46c","imageurl":"/mcm/images/land/2A/4300_739d389b191.jpg","landname":"68"},{"id":281475023569115,"level":3,"status":1,"posx":25,"posy":18,"cityid":715,"townid":1540,"tokenid":"f14f7301580be1712c849963c9d39b50","tokenurl":"/mcm/api/land?token=f14f7301580be1712c849963c9d39b50","imageurl":"/mcm/images/land/2B/7156_106c52269c7e.jpg","landname":"69"},{"id":281475023569116,"level":3,"status":1,"posx":26,"posy":18,"cityid":715,"townid":1540,"tokenid":"cf4b12358dac81c7c75239df04e6eea6","tokenurl":"/mcm/api/land?token=cf4b12358dac81c7c75239df04e6eea6","imageurl":"/mcm/images/land/2B/7157_51bf0d7bc41f.jpg","landname":"70"},{"id":281475023569117,"level":3,"status":0,"posx":8,"posy":19,"cityid":715,"townid":1540,"tokenid":"fd594b89bde956241eedbe9625dcd7ef","tokenurl":"/mcm/api/land?token=fd594b89bde956241eedbe9625dcd7ef","imageurl":"/mcm/images/land/2B/7158_239942c951cd.jpg","landname":"71"},{"id":281475023569118,"level":2,"status":0,"posx":9,"posy":19,"cityid":715,"townid":1540,"tokenid":"5b7d19e2f25e13d4fd942d855c15020c","tokenurl":"/mcm/api/land?token=5b7d19e2f25e13d4fd942d855c15020c","imageurl":"/mcm/images/land/2A/4301_51589c169ceb.jpg","landname":"72"},{"id":281475023569119,"level":3,"status":1,"posx":20,"posy":19,"cityid":715,"townid":1540,"tokenid":"b9bfedefdc4abef02e3e79e9ec6f04fd","tokenurl":"/mcm/api/land?token=b9bfedefdc4abef02e3e79e9ec6f04fd","imageurl":"/mcm/images/land/2B/7159_40876f13e5c7.jpg","landname":"73"},{"id":281475023569120,"level":3,"status":1,"posx":21,"posy":19,"cityid":715,"townid":1540,"tokenid":"5f1d9fd0d61d833c126fa5ac9b2e6110","tokenurl":"/mcm/api/land?token=5f1d9fd0d61d833c126fa5ac9b2e6110","imageurl":"/mcm/images/land/2B/7160_27898299c49.jpg","landname":"74"},{"id":281475023569121,"level":1,"status":0,"posx":25,"posy":19,"cityid":715,"townid":1540,"tokenid":"ec6d0b4aaa2215ec7b819f6a0b2bffe9","tokenurl":"/mcm/api/land?token=ec6d0b4aaa2215ec7b819f6a0b2bffe9","imageurl":"/mcm/images/land/2S/2867_52ca01409fe0.jpg","landname":"75"},{"id":281475023569122,"level":1,"status":1,"posx":26,"posy":19,"cityid":715,"townid":1540,"tokenid":"fd6b180b139dad9a9a50023958c11f95","tokenurl":"/mcm/api/land?token=fd6b180b139dad9a9a50023958c11f95","imageurl":"/mcm/images/land/2S/2868_57e94c33ac20.jpg","landname":"76"},{"id":281475023569123,"level":3,"status":0,"posx":8,"posy":20,"cityid":715,"townid":1540,"tokenid":"6904ee68847d257f898be2f64b74e9b1","tokenurl":"/mcm/api/land?token=6904ee68847d257f898be2f64b74e9b1","imageurl":"/mcm/images/land/2B/7161_bb816a95bbc.jpg","landname":"77"},{"id":281475023569124,"level":3,"status":0,"posx":9,"posy":20,"cityid":715,"townid":1540,"tokenid":"c85d7aab7383b52ce7932969dad56f12","tokenurl":"/mcm/api/land?token=c85d7aab7383b52ce7932969dad56f12","imageurl":"/mcm/images/land/2B/7162_1e0cc13ff063.jpg","landname":"78"},{"id":281475023569125,"level":3,"status":0,"posx":20,"posy":20,"cityid":715,"townid":1540,"tokenid":"a71fc1a1a2f562642f5900dacdaa9d96","tokenurl":"/mcm/api/land?token=a71fc1a1a2f562642f5900dacdaa9d96","imageurl":"/mcm/images/land/2B/7163_57619c4658c3.jpg","landname":"79"},{"id":281475023569126,"level":3,"status":0,"posx":21,"posy":20,"cityid":715,"townid":1540,"tokenid":"6d038308be87aa89af99edc55754a04e","tokenurl":"/mcm/api/land?token=6d038308be87aa89af99edc55754a04e","imageurl":"/mcm/images/land/2B/7164_42e38547c59f.jpg","landname":"80"},{"id":281475023569127,"level":3,"status":1,"posx":25,"posy":20,"cityid":715,"townid":1540,"tokenid":"3f6dfcd2e64dc7e03d3246c8b0f70b40","tokenurl":"/mcm/api/land?token=3f6dfcd2e64dc7e03d3246c8b0f70b40","imageurl":"/mcm/images/land/2B/7165_8bb86e45f1f.jpg","landname":"81"},{"id":281475023569128,"level":2,"status":1,"posx":26,"posy":20,"cityid":715,"townid":1540,"tokenid":"b30a3fb9c0cab1600dee7e3e2a930b68","tokenurl":"/mcm/api/land?token=b30a3fb9c0cab1600dee7e3e2a930b68","imageurl":"/mcm/images/land/2A/4302_56afde9f7b98.jpg","landname":"82"},{"id":281475023569129,"level":3,"status":0,"posx":31,"posy":20,"cityid":715,"townid":1540,"tokenid":"154c436d8de251607b7dbcac0b8759a5","tokenurl":"/mcm/api/land?token=154c436d8de251607b7dbcac0b8759a5","imageurl":"/mcm/images/land/2B/7166_2f3fd97bf8d9.jpg","landname":"83"},{"id":281475023569130,"level":3,"status":1,"posx":32,"posy":20,"cityid":715,"townid":1540,"tokenid":"c885d1ecb976736f195f123995c5498b","tokenurl":"/mcm/api/land?token=c885d1ecb976736f195f123995c5498b","imageurl":"/mcm/images/land/2B/7167_53dc58b9081d.jpg","landname":"84"},{"id":281475023569131,"level":2,"status":0,"posx":20,"posy":21,"cityid":715,"townid":1540,"tokenid":"1a96d7f62c5f53d4b316de18387b966a","tokenurl":"/mcm/api/land?token=1a96d7f62c5f53d4b316de18387b966a","imageurl":"/mcm/images/land/2A/4303_26feed41598e.jpg","landname":"85"},{"id":281475023569132,"level":3,"status":0,"posx":21,"posy":21,"cityid":715,"townid":1540,"tokenid":"1bc5c403f5ceb539d00d1e7dae1c7659","tokenurl":"/mcm/api/land?token=1bc5c403f5ceb539d00d1e7dae1c7659","imageurl":"/mcm/images/land/2B/7168_214e76a8fb13.jpg","landname":"86"},{"id":281475023569133,"level":1,"status":0,"posx":25,"posy":21,"cityid":715,"townid":1540,"tokenid":"e6536d0322cbfbd31206fa19e12bd9fc","tokenurl":"/mcm/api/land?token=e6536d0322cbfbd31206fa19e12bd9fc","imageurl":"/mcm/images/land/2S/2869_2585615e2bb8.jpg","landname":"87"},{"id":281475023569134,"level":3,"status":1,"posx":26,"posy":21,"cityid":715,"townid":1540,"tokenid":"345a6eea5a9b09e3ff9ade52de905152","tokenurl":"/mcm/api/land?token=345a6eea5a9b09e3ff9ade52de905152","imageurl":"/mcm/images/land/2B/7169_46afc2f47bd.jpg","landname":"88"},{"id":281475023569135,"level":3,"status":0,"posx":31,"posy":21,"cityid":715,"townid":1540,"tokenid":"08fbddbd42f7eaa366a5adc7655c8c69","tokenurl":"/mcm/api/land?token=08fbddbd42f7eaa366a5adc7655c8c69","imageurl":"/mcm/images/land/2B/7170_2e6df17c3c3.jpg","landname":"89"},{"id":281475023569136,"level":1,"status":0,"posx":32,"posy":21,"cityid":715,"townid":1540,"tokenid":"6006c7200c09bd8eaa704b5035a86a92","tokenurl":"/mcm/api/land?token=6006c7200c09bd8eaa704b5035a86a92","imageurl":"/mcm/images/land/2S/2870_408e2461495a.jpg","landname":"90"},{"id":281475023569137,"level":3,"status":1,"posx":12,"posy":22,"cityid":715,"townid":1540,"tokenid":"3cbc98a985421c76c575ad18b9b49436","tokenurl":"/mcm/api/land?token=3cbc98a985421c76c575ad18b9b49436","imageurl":"/mcm/images/land/2B/7171_2ecf8dee0530.jpg","landname":"91"},{"id":281475023569138,"level":3,"status":0,"posx":13,"posy":22,"cityid":715,"townid":1540,"tokenid":"fcbbf467bb8f6119d8870e6678d35cf2","tokenurl":"/mcm/api/land?token=fcbbf467bb8f6119d8870e6678d35cf2","imageurl":"/mcm/images/land/2B/7172_2a9eaaa93096.jpg","landname":"92"},{"id":281475023569139,"level":2,"status":1,"posx":20,"posy":22,"cityid":715,"townid":1540,"tokenid":"019492a76c3c501072105ceb706844e7","tokenurl":"/mcm/api/land?token=019492a76c3c501072105ceb706844e7","imageurl":"/mcm/images/land/2A/4304_5729fb59f7bc.jpg","landname":"93"},{"id":281475023569140,"level":3,"status":0,"posx":21,"posy":22,"cityid":715,"townid":1540,"tokenid":"baf608617b0513c6718b3fd0757f6ec2","tokenurl":"/mcm/api/land?token=baf608617b0513c6718b3fd0757f6ec2","imageurl":"/mcm/images/land/2B/7173_352dc8473313.jpg","landname":"94"},{"id":281475023569141,"level":1,"status":0,"posx":25,"posy":22,"cityid":715,"townid":1540,"tokenid":"26a03a593d826e6b36135c9174bbb4b3","tokenurl":"/mcm/api/land?token=26a03a593d826e6b36135c9174bbb4b3","imageurl":"/mcm/images/land/2S/2871_1d13e65c0e8a.jpg","landname":"95"},{"id":281475023569142,"level":3,"status":0,"posx":26,"posy":22,"cityid":715,"townid":1540,"tokenid":"b06d9bf9cedababce906b7f07c4bb485","tokenurl":"/mcm/api/land?token=b06d9bf9cedababce906b7f07c4bb485","imageurl":"/mcm/images/land/2B/7174_5aba0b7a003f.jpg","landname":"96"},{"id":281475023569143,"level":3,"status":0,"posx":31,"posy":22,"cityid":715,"townid":1540,"tokenid":"7e21d5d66b09bf830e323fa2644c025f","tokenurl":"/mcm/api/land?token=7e21d5d66b09bf830e323fa2644c025f","imageurl":"/mcm/images/land/2B/7175_12691d4cd0e3.jpg","landname":"97"},{"id":281475023569144,"level":3,"status":1,"posx":32,"posy":22,"cityid":715,"townid":1540,"tokenid":"8e02461746d891431395c8d9cf72e8b6","tokenurl":"/mcm/api/land?token=8e02461746d891431395c8d9cf72e8b6","imageurl":"/mcm/images/land/2B/7176_530dd9b2e71c.jpg","landname":"98"},{"id":281475023569145,"level":3,"status":1,"posx":12,"posy":23,"cityid":715,"townid":1540,"tokenid":"05e493314da73199d15555534851e7eb","tokenurl":"/mcm/api/land?token=05e493314da73199d15555534851e7eb","imageurl":"/mcm/images/land/2B/7177_489d50b068b1.jpg","landname":"99"},{"id":281475023569146,"level":2,"status":0,"posx":13,"posy":23,"cityid":715,"townid":1540,"tokenid":"f65fb469d9aa4397e9d47a89b8ba3713","tokenurl":"/mcm/api/land?token=f65fb469d9aa4397e9d47a89b8ba3713","imageurl":"/mcm/images/land/2A/4305_10dfb352720f.jpg","landname":"100"},{"id":281475023569147,"level":3,"status":0,"posx":31,"posy":23,"cityid":715,"townid":1540,"tokenid":"f76866b1658d8e7e3ae1cbd8d4a1889a","tokenurl":"/mcm/api/land?token=f76866b1658d8e7e3ae1cbd8d4a1889a","imageurl":"/mcm/images/land/2B/7178_30515e56a691.jpg","landname":"101"},{"id":281475023569148,"level":3,"status":0,"posx":32,"posy":23,"cityid":715,"townid":1540,"tokenid":"e7ce30b3ec2f9837ac6bc1f6cb726b23","tokenurl":"/mcm/api/land?token=e7ce30b3ec2f9837ac6bc1f6cb726b23","imageurl":"/mcm/images/land/2B/7179_4e69618780a8.jpg","landname":"102"},{"id":281475023569149,"level":1,"status":1,"posx":12,"posy":24,"cityid":715,"townid":1540,"tokenid":"4b2307f89951ecd6101540cbada22c78","tokenurl":"/mcm/api/land?token=4b2307f89951ecd6101540cbada22c78","imageurl":"/mcm/images/land/2S/2872_4bff5b2054da.jpg","landname":"103"},{"id":281475023569150,"level":3,"status":0,"posx":13,"posy":24,"cityid":715,"townid":1540,"tokenid":"013c439943376ff684e3603f3f486f01","tokenurl":"/mcm/api/land?token=013c439943376ff684e3603f3f486f01","imageurl":"/mcm/images/land/2B/7180_462909b4cd08.jpg","landname":"104"},{"id":281475023569151,"level":3,"status":0,"posx":31,"posy":24,"cityid":715,"townid":1540,"tokenid":"4a4a7d4b56686c9aaf64b7646e1c02cc","tokenurl":"/mcm/api/land?token=4a4a7d4b56686c9aaf64b7646e1c02cc","imageurl":"/mcm/images/land/2B/7181_469e5e6f5645.jpg","landname":"105"},{"id":281475023569152,"level":2,"status":0,"posx":32,"posy":24,"cityid":715,"townid":1540,"tokenid":"659e4ca417d7cae3807db3065a001f0a","tokenurl":"/mcm/api/land?token=659e4ca417d7cae3807db3065a001f0a","imageurl":"/mcm/images/land/2A/4306_57a90c65e53d.jpg","landname":"106"},{"id":281475023569153,"level":1,"status":1,"posx":12,"posy":25,"cityid":715,"townid":1540,"tokenid":"8b6118ced0d322c087b76ce84159a733","tokenurl":"/mcm/api/land?token=8b6118ced0d322c087b76ce84159a733","imageurl":"/mcm/images/land/2S/2873_29f9f26da2a9.jpg","landname":"107"},{"id":281475023569154,"level":2,"status":1,"posx":13,"posy":25,"cityid":715,"townid":1540,"tokenid":"90cbb26eb6f43ff76cfaa2f69b9b6790","tokenurl":"/mcm/api/land?token=90cbb26eb6f43ff76cfaa2f69b9b6790","imageurl":"/mcm/images/land/2A/4307_431bd911d14d.jpg","landname":"108"},{"id":281475023569155,"level":3,"status":1,"posx":6,"posy":26,"cityid":715,"townid":1540,"tokenid":"e83e34a2acce69d97e0ded3141041fe2","tokenurl":"/mcm/api/land?token=e83e34a2acce69d97e0ded3141041fe2","imageurl":"/mcm/images/land/2B/7182_343ce2893ce8.jpg","landname":"109"},{"id":281475023569156,"level":2,"status":1,"posx":7,"posy":26,"cityid":715,"townid":1540,"tokenid":"1e6c155775f436d37561ed80db927ea8","tokenurl":"/mcm/api/land?token=1e6c155775f436d37561ed80db927ea8","imageurl":"/mcm/images/land/2A/4308_34c5c2ebd611.jpg","landname":"110"},{"id":281475023569157,"level":1,"status":0,"posx":9,"posy":26,"cityid":715,"townid":1540,"tokenid":"9310085b2cf551f154fcae0e0e88cf0c","tokenurl":"/mcm/api/land?token=9310085b2cf551f154fcae0e0e88cf0c","imageurl":"/mcm/images/land/2S/2874_25e7cd609a85.jpg","landname":"111"},{"id":281475023569158,"level":1,"status":1,"posx":10,"posy":26,"cityid":715,"townid":1540,"tokenid":"fc387478e0592a530987f3db5dcae76b","tokenurl":"/mcm/api/land?token=fc387478e0592a530987f3db5dcae76b","imageurl":"/mcm/images/land/2S/2875_1d7e52e4950f.jpg","landname":"112"},{"id":281475023569159,"level":2,"status":0,"posx":12,"posy":26,"cityid":715,"townid":1540,"tokenid":"0fea0ae155aa5bb808cc5af7abd163fc","tokenurl":"/mcm/api/land?token=0fea0ae155aa5bb808cc5af7abd163fc","imageurl":"/mcm/images/land/2A/4309_3a169b98b2b4.jpg","landname":"113"},{"id":281475023569160,"level":2,"status":0,"posx":13,"posy":26,"cityid":715,"townid":1540,"tokenid":"e0b2c8b6a59ee38b8bcb811a6b4398fa","tokenurl":"/mcm/api/land?token=e0b2c8b6a59ee38b8bcb811a6b4398fa","imageurl":"/mcm/images/land/2A/4310_448ce6dc78a6.jpg","landname":"114"},{"id":281475023569161,"level":2,"status":0,"posx":6,"posy":27,"cityid":715,"townid":1540,"tokenid":"0a90c300bd6abad69e157e554735b111","tokenurl":"/mcm/api/land?token=0a90c300bd6abad69e157e554735b111","imageurl":"/mcm/images/land/2A/4311_310b56bc90f2.jpg","landname":"115"},{"id":281475023569162,"level":3,"status":0,"posx":7,"posy":27,"cityid":715,"townid":1540,"tokenid":"e042f2aa878733eaf0e4589f259113fb","tokenurl":"/mcm/api/land?token=e042f2aa878733eaf0e4589f259113fb","imageurl":"/mcm/images/land/2B/7183_3afa9fcced6a.jpg","landname":"116"},{"id":281475023569163,"level":2,"status":0,"posx":9,"posy":27,"cityid":715,"townid":1540,"tokenid":"47e45d7b7309b117d071c8910e2997ca","tokenurl":"/mcm/api/land?token=47e45d7b7309b117d071c8910e2997ca","imageurl":"/mcm/images/land/2A/4312_3e8ba6694c1d.jpg","landname":"117"},{"id":281475023569164,"level":3,"status":1,"posx":10,"posy":27,"cityid":715,"townid":1540,"tokenid":"52d3e0ce83d81822e829ccd4a91127f7","tokenurl":"/mcm/api/land?token=52d3e0ce83d81822e829ccd4a91127f7","imageurl":"/mcm/images/land/2B/7184_20fc139ac707.jpg","landname":"118"},{"id":281475023569165,"level":3,"status":0,"posx":23,"posy":27,"cityid":715,"townid":1540,"tokenid":"03eb1ebbaf6eb6c26c376a432c7811d0","tokenurl":"/mcm/api/land?token=03eb1ebbaf6eb6c26c376a432c7811d0","imageurl":"/mcm/images/land/2B/7185_1874370d695b.jpg","landname":"119"},{"id":281475023569166,"level":2,"status":0,"posx":24,"posy":27,"cityid":715,"townid":1540,"tokenid":"9803f1c98f72b0d9aebff779064f8935","tokenurl":"/mcm/api/land?token=9803f1c98f72b0d9aebff779064f8935","imageurl":"/mcm/images/land/2A/4313_e98ba3459f4.jpg","landname":"120"},{"id":281475023569167,"level":1,"status":0,"posx":6,"posy":28,"cityid":715,"townid":1540,"tokenid":"51931fb1de37257d84f60f77f357cc1e","tokenurl":"/mcm/api/land?token=51931fb1de37257d84f60f77f357cc1e","imageurl":"/mcm/images/land/2S/2876_57fe8e501e45.jpg","landname":"121"},{"id":281475023569168,"level":2,"status":0,"posx":7,"posy":28,"cityid":715,"townid":1540,"tokenid":"dbb2f5d08cf6a9445de5d127aec5255f","tokenurl":"/mcm/api/land?token=dbb2f5d08cf6a9445de5d127aec5255f","imageurl":"/mcm/images/land/2A/4314_3c5caa6e1b95.jpg","landname":"122"},{"id":281475023569169,"level":2,"status":1,"posx":9,"posy":28,"cityid":715,"townid":1540,"tokenid":"79c0dfa20ae68f07e8a4295c1d2a597d","tokenurl":"/mcm/api/land?token=79c0dfa20ae68f07e8a4295c1d2a597d","imageurl":"/mcm/images/land/2A/4315_55a728ab957d.jpg","landname":"123"},{"id":281475023569170,"level":3,"status":0,"posx":10,"posy":28,"cityid":715,"townid":1540,"tokenid":"4b4839dc85442b5947227b28c5a36247","tokenurl":"/mcm/api/land?token=4b4839dc85442b5947227b28c5a36247","imageurl":"/mcm/images/land/2B/7186_36710627e596.jpg","landname":"124"},{"id":281475023569171,"level":1,"status":1,"posx":23,"posy":28,"cityid":715,"townid":1540,"tokenid":"5f6e4cf45c37ed9bcc71048c6fa23cca","tokenurl":"/mcm/api/land?token=5f6e4cf45c37ed9bcc71048c6fa23cca","imageurl":"/mcm/images/land/2S/2877_dde205fd17a.jpg","landname":"125"},{"id":281475023569172,"level":3,"status":1,"posx":24,"posy":28,"cityid":715,"townid":1540,"tokenid":"3ccb0bf2ddb11366316c31ea6288b2ea","tokenurl":"/mcm/api/land?token=3ccb0bf2ddb11366316c31ea6288b2ea","imageurl":"/mcm/images/land/2B/7187_1ac28a1493b8.jpg","landname":"126"},{"id":281475023569173,"level":1,"status":1,"posx":32,"posy":28,"cityid":715,"townid":1540,"tokenid":"ce1737eed94afb320fc657e0c923e95d","tokenurl":"/mcm/api/land?token=ce1737eed94afb320fc657e0c923e95d","imageurl":"/mcm/images/land/2S/2878_2e66d7026ab2.jpg","landname":"127"},{"id":281475023569174,"level":2,"status":0,"posx":33,"posy":28,"cityid":715,"townid":1540,"tokenid":"7c3c85b46cee722b2dc67c6f6a00892b","tokenurl":"/mcm/api/land?token=7c3c85b46cee722b2dc67c6f6a00892b","imageurl":"/mcm/images/land/2A/4316_47dff14347af.jpg","landname":"128"},{"id":281475023569175,"level":2,"status":1,"posx":6,"posy":29,"cityid":715,"townid":1540,"tokenid":"9554baaf212d896158e516bf12f849a6","tokenurl":"/mcm/api/land?token=9554baaf212d896158e516bf12f849a6","imageurl":"/mcm/images/land/2A/4317_31968531033e.jpg","landname":"129"},{"id":281475023569176,"level":2,"status":0,"posx":7,"posy":29,"cityid":715,"townid":1540,"tokenid":"7cbe2b83c807000976f14fb487c8a70f","tokenurl":"/mcm/api/land?token=7cbe2b83c807000976f14fb487c8a70f","imageurl":"/mcm/images/land/2A/4318_36a52f61986f.jpg","landname":"130"},{"id":281475023569177,"level":3,"status":1,"posx":9,"posy":29,"cityid":715,"townid":1540,"tokenid":"c00430c555b468663ce5cb2a184c7d9a","tokenurl":"/mcm/api/land?token=c00430c555b468663ce5cb2a184c7d9a","imageurl":"/mcm/images/land/2B/7188_56eac4febaf5.jpg","landname":"131"},{"id":281475023569178,"level":3,"status":1,"posx":10,"posy":29,"cityid":715,"townid":1540,"tokenid":"b4b4b467554c56ec9d58a3db75871a93","tokenurl":"/mcm/api/land?token=b4b4b467554c56ec9d58a3db75871a93","imageurl":"/mcm/images/land/2B/7189_314e6cf4b9fd.jpg","landname":"132"},{"id":281475023569179,"level":3,"status":1,"posx":23,"posy":29,"cityid":715,"townid":1540,"tokenid":"05fcec72e9f1ce6334a22f4a386ee003","tokenurl":"/mcm/api/land?token=05fcec72e9f1ce6334a22f4a386ee003","imageurl":"/mcm/images/land/2B/7190_456407a1c345.jpg","landname":"133"},{"id":281475023569180,"level":2,"status":1,"posx":24,"posy":29,"cityid":715,"townid":1540,"tokenid":"76e29b0cb23d0e43daf989a5a30f6c71","tokenurl":"/mcm/api/land?token=76e29b0cb23d0e43daf989a5a30f6c71","imageurl":"/mcm/images/land/2A/4319_1c511a96e89e.jpg","landname":"134"},{"id":281475023569181,"level":3,"status":0,"posx":32,"posy":29,"cityid":715,"townid":1540,"tokenid":"6f4fb21ddd184cda67892ada55105cea","tokenurl":"/mcm/api/land?token=6f4fb21ddd184cda67892ada55105cea","imageurl":"/mcm/images/land/2B/7191_56eb81fad2a5.jpg","landname":"135"},{"id":281475023569182,"level":3,"status":1,"posx":33,"posy":29,"cityid":715,"townid":1540,"tokenid":"02db89f361290e592f56330069ddfd79","tokenurl":"/mcm/api/land?token=02db89f361290e592f56330069ddfd79","imageurl":"/mcm/images/land/2B/7192_55b650d1749d.jpg","landname":"136"},{"id":281475023569183,"level":3,"status":1,"posx":6,"posy":30,"cityid":715,"townid":1540,"tokenid":"dcb4c2df20bdbbafc47950ac43c0a9eb","tokenurl":"/mcm/api/land?token=dcb4c2df20bdbbafc47950ac43c0a9eb","imageurl":"/mcm/images/land/2B/7193_3cf1fdf2c8e2.jpg","landname":"137"},{"id":281475023569184,"level":1,"status":0,"posx":7,"posy":30,"cityid":715,"townid":1540,"tokenid":"32447b71999fa3f6646f5bc72914db48","tokenurl":"/mcm/api/land?token=32447b71999fa3f6646f5bc72914db48","imageurl":"/mcm/images/land/2S/2879_5845e4d995b0.jpg","landname":"138"},{"id":281475023569185,"level":3,"status":1,"posx":9,"posy":30,"cityid":715,"townid":1540,"tokenid":"9d33f809d709a8e54c9cbb807ba5ecff","tokenurl":"/mcm/api/land?token=9d33f809d709a8e54c9cbb807ba5ecff","imageurl":"/mcm/images/land/2B/7194_408a0f57e7b1.jpg","landname":"139"},{"id":281475023569186,"level":3,"status":0,"posx":10,"posy":30,"cityid":715,"townid":1540,"tokenid":"4c69f6dc1a0a9d3a12690b50bb0b8e53","tokenurl":"/mcm/api/land?token=4c69f6dc1a0a9d3a12690b50bb0b8e53","imageurl":"/mcm/images/land/2B/7195_38fb2e5b5509.jpg","landname":"140"},{"id":281475023569187,"level":3,"status":0,"posx":23,"posy":30,"cityid":715,"townid":1540,"tokenid":"2a5adcaff27b68f0daa623367f5b866e","tokenurl":"/mcm/api/land?token=2a5adcaff27b68f0daa623367f5b866e","imageurl":"/mcm/images/land/2B/7196_99d3a6a8a11.jpg","landname":"141"},{"id":281475023569188,"level":3,"status":1,"posx":24,"posy":30,"cityid":715,"townid":1540,"tokenid":"0547b20b51d24124aaad18a28a837773","tokenurl":"/mcm/api/land?token=0547b20b51d24124aaad18a28a837773","imageurl":"/mcm/images/land/2B/7197_2a4b40c4773b.jpg","landname":"142"},{"id":281475023569189,"level":2,"status":1,"posx":32,"posy":30,"cityid":715,"townid":1540,"tokenid":"3d71177c71fec7cfbf0d623a351f24e9","tokenurl":"/mcm/api/land?token=3d71177c71fec7cfbf0d623a351f24e9","imageurl":"/mcm/images/land/2A/4320_31ec6526930e.jpg","landname":"143"},{"id":281475023569190,"level":3,"status":1,"posx":33,"posy":30,"cityid":715,"townid":1540,"tokenid":"98eb641af53051ab6fcf3b8be30f5d87","tokenurl":"/mcm/api/land?token=98eb641af53051ab6fcf3b8be30f5d87","imageurl":"/mcm/images/land/2B/7198_1dba71b0cf65.jpg","landname":"144"},{"id":281475023569191,"level":1,"status":1,"posx":23,"posy":31,"cityid":715,"townid":1540,"tokenid":"0f6390e9f7e3372c44d3b1f1899ae86e","tokenurl":"/mcm/api/land?token=0f6390e9f7e3372c44d3b1f1899ae86e","imageurl":"/mcm/images/land/2S/2880_1b43402cf194.jpg","landname":"145"},{"id":281475023569192,"level":2,"status":1,"posx":24,"posy":31,"cityid":715,"townid":1540,"tokenid":"76396fbac10cb3609dfa1f959e9c7458","tokenurl":"/mcm/api/land?token=76396fbac10cb3609dfa1f959e9c7458","imageurl":"/mcm/images/land/2A/4321_4a14bc3ce445.jpg","landname":"146"},{"id":281475023569193,"level":3,"status":1,"posx":32,"posy":31,"cityid":715,"townid":1540,"tokenid":"88cb3684476922247247c9e42f718ce7","tokenurl":"/mcm/api/land?token=88cb3684476922247247c9e42f718ce7","imageurl":"/mcm/images/land/2B/7199_2a5cf1820e98.jpg","landname":"147"},{"id":281475023569194,"level":3,"status":1,"posx":33,"posy":31,"cityid":715,"townid":1540,"tokenid":"c1999f33af8db0223273b45566d6909f","tokenurl":"/mcm/api/land?token=c1999f33af8db0223273b45566d6909f","imageurl":"/mcm/images/land/2B/7200_2c97a71bbc31.jpg","landname":"148"},{"id":281475023569195,"level":1,"status":1,"posx":32,"posy":32,"cityid":715,"townid":1540,"tokenid":"33b102964527e0fbf015daedd6e5e075","tokenurl":"/mcm/api/land?token=33b102964527e0fbf015daedd6e5e075","imageurl":"/mcm/images/land/2S/2881_18a67721c73b.jpg","landname":"149"},{"id":281475023569196,"level":3,"status":0,"posx":33,"posy":32,"cityid":715,"townid":1540,"tokenid":"071e07fb147f580b33a27a1ced6bd98c","tokenurl":"/mcm/api/land?token=071e07fb147f580b33a27a1ced6bd98c","imageurl":"/mcm/images/land/2B/7201_26f60f61599d.jpg","landname":"150"}]]],0,0,[],[],[]]
