[1,0,0,[["cc.JsonAsset",["_name","json"],1]],[[0,0,1,3]],[[0,"1504",[{"id":281475022389399,"level":2,"status":0,"posx":15,"posy":5,"cityid":697,"townid":1504,"tokenid":"12c859ab47ac45ada6cfbfb22d7576d6","tokenurl":"/mcm/api/land?token=12c859ab47ac45ada6cfbfb22d7576d6","imageurl":"/mcm/images/land/2A/2657_336055651226.jpg","landname":"1"},{"id":281475022389400,"level":1,"status":1,"posx":16,"posy":5,"cityid":697,"townid":1504,"tokenid":"9a1f3a6ede1adea473cb564cc8271689","tokenurl":"/mcm/api/land?token=9a1f3a6ede1adea473cb564cc8271689","imageurl":"/mcm/images/land/2S/1772_1776b0d08d48.jpg","landname":"2"},{"id":281475022389401,"level":3,"status":1,"posx":25,"posy":5,"cityid":697,"townid":1504,"tokenid":"057243499bfcc3bad6ba21f42c5a2f01","tokenurl":"/mcm/api/land?token=057243499bfcc3bad6ba21f42c5a2f01","imageurl":"/mcm/images/land/2B/4427_47b587e4ba5f.jpg","landname":"3"},{"id":281475022389402,"level":1,"status":1,"posx":26,"posy":5,"cityid":697,"townid":1504,"tokenid":"1fdec60c972a4ceb4c3ceba549b57c4d","tokenurl":"/mcm/api/land?token=1fdec60c972a4ceb4c3ceba549b57c4d","imageurl":"/mcm/images/land/2S/1773_31ed512a0a0d.jpg","landname":"4"},{"id":281475022389403,"level":1,"status":0,"posx":6,"posy":6,"cityid":697,"townid":1504,"tokenid":"8ede047660df0b646abe03d3242109b5","tokenurl":"/mcm/api/land?token=8ede047660df0b646abe03d3242109b5","imageurl":"/mcm/images/land/2S/1774_2010c32b1f2b.jpg","landname":"5"},{"id":281475022389404,"level":1,"status":0,"posx":7,"posy":6,"cityid":697,"townid":1504,"tokenid":"08993674e789042383a05c2d1519ceee","tokenurl":"/mcm/api/land?token=08993674e789042383a05c2d1519ceee","imageurl":"/mcm/images/land/2S/1775_468371334c09.jpg","landname":"6"},{"id":281475022389405,"level":3,"status":1,"posx":15,"posy":6,"cityid":697,"townid":1504,"tokenid":"a9a6707ab13c757765da48913741efb7","tokenurl":"/mcm/api/land?token=a9a6707ab13c757765da48913741efb7","imageurl":"/mcm/images/land/2B/4428_1fc03459b72e.jpg","landname":"7"},{"id":281475022389406,"level":2,"status":1,"posx":16,"posy":6,"cityid":697,"townid":1504,"tokenid":"6fe9329710b4cada22b535941981f616","tokenurl":"/mcm/api/land?token=6fe9329710b4cada22b535941981f616","imageurl":"/mcm/images/land/2A/2658_34548fa50160.jpg","landname":"8"},{"id":281475022389407,"level":3,"status":0,"posx":25,"posy":6,"cityid":697,"townid":1504,"tokenid":"472a363ebf3e96a959e75ca9e11ed724","tokenurl":"/mcm/api/land?token=472a363ebf3e96a959e75ca9e11ed724","imageurl":"/mcm/images/land/2B/4429_4275168579e5.jpg","landname":"9"},{"id":281475022389408,"level":1,"status":1,"posx":26,"posy":6,"cityid":697,"townid":1504,"tokenid":"41aea9b8a15152f899db15c9f2808178","tokenurl":"/mcm/api/land?token=41aea9b8a15152f899db15c9f2808178","imageurl":"/mcm/images/land/2S/1776_342519ae286c.jpg","landname":"10"},{"id":281475022389409,"level":3,"status":0,"posx":30,"posy":6,"cityid":697,"townid":1504,"tokenid":"e58c0fcecaf389e0a3eb196ca3fb21a5","tokenurl":"/mcm/api/land?token=e58c0fcecaf389e0a3eb196ca3fb21a5","imageurl":"/mcm/images/land/2B/4430_25d7183e7366.jpg","landname":"11"},{"id":281475022389410,"level":3,"status":1,"posx":31,"posy":6,"cityid":697,"townid":1504,"tokenid":"681439b13a1cd4b44b1f53edae1f1299","tokenurl":"/mcm/api/land?token=681439b13a1cd4b44b1f53edae1f1299","imageurl":"/mcm/images/land/2B/4431_9b43db68cd4.jpg","landname":"12"},{"id":281475022389411,"level":3,"status":1,"posx":33,"posy":6,"cityid":697,"townid":1504,"tokenid":"346d035ef785277f8b7f950de5429865","tokenurl":"/mcm/api/land?token=346d035ef785277f8b7f950de5429865","imageurl":"/mcm/images/land/2B/4432_122c87ddfb0.jpg","landname":"13"},{"id":281475022389412,"level":3,"status":0,"posx":34,"posy":6,"cityid":697,"townid":1504,"tokenid":"a4a26a8ce626e8c6c6e049b9425bb6e1","tokenurl":"/mcm/api/land?token=a4a26a8ce626e8c6c6e049b9425bb6e1","imageurl":"/mcm/images/land/2B/4433_342e974071a7.jpg","landname":"14"},{"id":281475022389413,"level":2,"status":0,"posx":6,"posy":7,"cityid":697,"townid":1504,"tokenid":"26888f51a9d0e530b99b26f0d902ae2a","tokenurl":"/mcm/api/land?token=26888f51a9d0e530b99b26f0d902ae2a","imageurl":"/mcm/images/land/2A/2659_2465c6fbaad9.jpg","landname":"15"},{"id":281475022389414,"level":3,"status":1,"posx":7,"posy":7,"cityid":697,"townid":1504,"tokenid":"af1e8f3b50bead163ffb03e721caada5","tokenurl":"/mcm/api/land?token=af1e8f3b50bead163ffb03e721caada5","imageurl":"/mcm/images/land/2B/4434_5337ad8bb7f7.jpg","landname":"16"},{"id":281475022389415,"level":2,"status":0,"posx":15,"posy":7,"cityid":697,"townid":1504,"tokenid":"f4553f508a04c30a99462275435c3d6a","tokenurl":"/mcm/api/land?token=f4553f508a04c30a99462275435c3d6a","imageurl":"/mcm/images/land/2A/2660_4e868df7ec24.jpg","landname":"17"},{"id":281475022389416,"level":2,"status":1,"posx":16,"posy":7,"cityid":697,"townid":1504,"tokenid":"6d54c6a4b49e315494a939c5c8a791c3","tokenurl":"/mcm/api/land?token=6d54c6a4b49e315494a939c5c8a791c3","imageurl":"/mcm/images/land/2A/2661_4de1975167e4.jpg","landname":"18"},{"id":281475022389417,"level":1,"status":1,"posx":21,"posy":7,"cityid":697,"townid":1504,"tokenid":"d85aff736ccd03d99c1389422ee500ee","tokenurl":"/mcm/api/land?token=d85aff736ccd03d99c1389422ee500ee","imageurl":"/mcm/images/land/2S/1777_18fab1aee220.jpg","landname":"19"},{"id":281475022389418,"level":3,"status":1,"posx":22,"posy":7,"cityid":697,"townid":1504,"tokenid":"b3fc5a7c8de0c3825c002a8052986ce7","tokenurl":"/mcm/api/land?token=b3fc5a7c8de0c3825c002a8052986ce7","imageurl":"/mcm/images/land/2B/4435_276e8a5ebfad.jpg","landname":"20"},{"id":281475022389419,"level":1,"status":0,"posx":25,"posy":7,"cityid":697,"townid":1504,"tokenid":"cb441a1d4666148bbdd8b24cc705e360","tokenurl":"/mcm/api/land?token=cb441a1d4666148bbdd8b24cc705e360","imageurl":"/mcm/images/land/2S/1778_4907b5c35e05.jpg","landname":"21"},{"id":281475022389420,"level":3,"status":1,"posx":26,"posy":7,"cityid":697,"townid":1504,"tokenid":"6f77ecceb7b4d2b4df60a47425ced29d","tokenurl":"/mcm/api/land?token=6f77ecceb7b4d2b4df60a47425ced29d","imageurl":"/mcm/images/land/2B/4436_4c74967627d.jpg","landname":"22"},{"id":281475022389421,"level":3,"status":0,"posx":30,"posy":7,"cityid":697,"townid":1504,"tokenid":"ee7d4c33108840c7bf79274e438705ef","tokenurl":"/mcm/api/land?token=ee7d4c33108840c7bf79274e438705ef","imageurl":"/mcm/images/land/2B/4437_d4ffba244cb.jpg","landname":"23"},{"id":281475022389422,"level":2,"status":1,"posx":31,"posy":7,"cityid":697,"townid":1504,"tokenid":"a8db756808d8567e6c38ad0854ea3b51","tokenurl":"/mcm/api/land?token=a8db756808d8567e6c38ad0854ea3b51","imageurl":"/mcm/images/land/2A/2662_3e6ba87037d3.jpg","landname":"24"},{"id":281475022389423,"level":3,"status":1,"posx":33,"posy":7,"cityid":697,"townid":1504,"tokenid":"9d9ff7f88d2eaf3d03e57f0467c90aac","tokenurl":"/mcm/api/land?token=9d9ff7f88d2eaf3d03e57f0467c90aac","imageurl":"/mcm/images/land/2B/4438_157b1de90f20.jpg","landname":"25"},{"id":281475022389424,"level":1,"status":0,"posx":34,"posy":7,"cityid":697,"townid":1504,"tokenid":"3cb3536244de8068c744f9250c653258","tokenurl":"/mcm/api/land?token=3cb3536244de8068c744f9250c653258","imageurl":"/mcm/images/land/2S/1779_2c5c292176d.jpg","landname":"26"},{"id":281475022389425,"level":1,"status":1,"posx":6,"posy":8,"cityid":697,"townid":1504,"tokenid":"10a45d64fb81c56cf5ed877e6198b3a9","tokenurl":"/mcm/api/land?token=10a45d64fb81c56cf5ed877e6198b3a9","imageurl":"/mcm/images/land/2S/1780_9c8d93d7c7b.jpg","landname":"27"},{"id":281475022389426,"level":3,"status":0,"posx":7,"posy":8,"cityid":697,"townid":1504,"tokenid":"15150bb6967e3a05a9131a910f978a95","tokenurl":"/mcm/api/land?token=15150bb6967e3a05a9131a910f978a95","imageurl":"/mcm/images/land/2B/4439_1ccf67676c47.jpg","landname":"28"},{"id":281475022389427,"level":3,"status":0,"posx":15,"posy":8,"cityid":697,"townid":1504,"tokenid":"2d0999a279f23d0d70d3f0db4c15c88b","tokenurl":"/mcm/api/land?token=2d0999a279f23d0d70d3f0db4c15c88b","imageurl":"/mcm/images/land/2B/4440_4adae08971bc.jpg","landname":"29"},{"id":281475022389428,"level":3,"status":0,"posx":16,"posy":8,"cityid":697,"townid":1504,"tokenid":"c4275b739f05cf57bae0c360d42e8bfb","tokenurl":"/mcm/api/land?token=c4275b739f05cf57bae0c360d42e8bfb","imageurl":"/mcm/images/land/2B/4441_531661077321.jpg","landname":"30"},{"id":281475022389429,"level":3,"status":1,"posx":21,"posy":8,"cityid":697,"townid":1504,"tokenid":"2f519df7740fb2fa4dc4610a2f1f1030","tokenurl":"/mcm/api/land?token=2f519df7740fb2fa4dc4610a2f1f1030","imageurl":"/mcm/images/land/2B/4442_868d402fa86.jpg","landname":"31"},{"id":281475022389430,"level":1,"status":0,"posx":22,"posy":8,"cityid":697,"townid":1504,"tokenid":"e971ee3d32faff47ae0c93dc078d0006","tokenurl":"/mcm/api/land?token=e971ee3d32faff47ae0c93dc078d0006","imageurl":"/mcm/images/land/2S/1781_3d780a0fc009.jpg","landname":"32"},{"id":281475022389431,"level":3,"status":1,"posx":25,"posy":8,"cityid":697,"townid":1504,"tokenid":"f37cea9258107ba6234d697dadccd592","tokenurl":"/mcm/api/land?token=f37cea9258107ba6234d697dadccd592","imageurl":"/mcm/images/land/2B/4443_35f558288cea.jpg","landname":"33"},{"id":281475022389432,"level":1,"status":1,"posx":26,"posy":8,"cityid":697,"townid":1504,"tokenid":"5b5ec324dab0fccf23f7d7ce11963a11","tokenurl":"/mcm/api/land?token=5b5ec324dab0fccf23f7d7ce11963a11","imageurl":"/mcm/images/land/2S/1782_4e6ede657fd4.jpg","landname":"34"},{"id":281475022389433,"level":1,"status":0,"posx":30,"posy":8,"cityid":697,"townid":1504,"tokenid":"fd1f3d903e3f6300e46bfffa1f981863","tokenurl":"/mcm/api/land?token=fd1f3d903e3f6300e46bfffa1f981863","imageurl":"/mcm/images/land/2S/1783_54e381cd13fe.jpg","landname":"35"},{"id":281475022389434,"level":3,"status":1,"posx":31,"posy":8,"cityid":697,"townid":1504,"tokenid":"5f89e2beb6d7a10b93842ce4e6bf2c97","tokenurl":"/mcm/api/land?token=5f89e2beb6d7a10b93842ce4e6bf2c97","imageurl":"/mcm/images/land/2B/4444_16d9a5bc44b1.jpg","landname":"36"},{"id":281475022389435,"level":3,"status":0,"posx":33,"posy":8,"cityid":697,"townid":1504,"tokenid":"fb7513ad6ff6b377f6cd4d54ee2a5229","tokenurl":"/mcm/api/land?token=fb7513ad6ff6b377f6cd4d54ee2a5229","imageurl":"/mcm/images/land/2B/4445_383e4e3e341f.jpg","landname":"37"},{"id":281475022389436,"level":1,"status":0,"posx":34,"posy":8,"cityid":697,"townid":1504,"tokenid":"4657a3ffcf472bcf1036d233df41f584","tokenurl":"/mcm/api/land?token=4657a3ffcf472bcf1036d233df41f584","imageurl":"/mcm/images/land/2S/1784_23e6ca2d58ab.jpg","landname":"38"},{"id":281475022389437,"level":3,"status":1,"posx":6,"posy":9,"cityid":697,"townid":1504,"tokenid":"8fc74efa8326ef18fabe80e711e0f16e","tokenurl":"/mcm/api/land?token=8fc74efa8326ef18fabe80e711e0f16e","imageurl":"/mcm/images/land/2B/4446_5053c5b9ab73.jpg","landname":"39"},{"id":281475022389438,"level":3,"status":0,"posx":7,"posy":9,"cityid":697,"townid":1504,"tokenid":"442c682f32efeec389120bd49a95fc46","tokenurl":"/mcm/api/land?token=442c682f32efeec389120bd49a95fc46","imageurl":"/mcm/images/land/2B/4447_1a30cdd5c999.jpg","landname":"40"},{"id":281475022389439,"level":3,"status":0,"posx":15,"posy":9,"cityid":697,"townid":1504,"tokenid":"e3a52349fc3ca6a6bc0395d5081a5444","tokenurl":"/mcm/api/land?token=e3a52349fc3ca6a6bc0395d5081a5444","imageurl":"/mcm/images/land/2B/4448_5995f5aa8754.jpg","landname":"41"},{"id":281475022389440,"level":3,"status":1,"posx":16,"posy":9,"cityid":697,"townid":1504,"tokenid":"e1242fae6c7f6d716678438a16d503e3","tokenurl":"/mcm/api/land?token=e1242fae6c7f6d716678438a16d503e3","imageurl":"/mcm/images/land/2B/4449_1da913e12f90.jpg","landname":"42"},{"id":281475022389441,"level":3,"status":0,"posx":21,"posy":9,"cityid":697,"townid":1504,"tokenid":"f8d6660644727c057d11a02915059d2d","tokenurl":"/mcm/api/land?token=f8d6660644727c057d11a02915059d2d","imageurl":"/mcm/images/land/2B/4450_57b72143bf4e.jpg","landname":"43"},{"id":281475022389442,"level":3,"status":1,"posx":22,"posy":9,"cityid":697,"townid":1504,"tokenid":"3413a3296f0b26f7c31c93ba53d42905","tokenurl":"/mcm/api/land?token=3413a3296f0b26f7c31c93ba53d42905","imageurl":"/mcm/images/land/2B/4451_66d7b8284e0.jpg","landname":"44"},{"id":281475022389443,"level":3,"status":0,"posx":25,"posy":9,"cityid":697,"townid":1504,"tokenid":"1a527cc86df71f2a9b0faa6da0e0878c","tokenurl":"/mcm/api/land?token=1a527cc86df71f2a9b0faa6da0e0878c","imageurl":"/mcm/images/land/2B/4452_473a24592ec7.jpg","landname":"45"},{"id":281475022389444,"level":3,"status":1,"posx":26,"posy":9,"cityid":697,"townid":1504,"tokenid":"1eb99780894e032cf9aa5f65bf35c5de","tokenurl":"/mcm/api/land?token=1eb99780894e032cf9aa5f65bf35c5de","imageurl":"/mcm/images/land/2B/4453_32e04d090f49.jpg","landname":"46"},{"id":281475022389445,"level":1,"status":0,"posx":30,"posy":9,"cityid":697,"townid":1504,"tokenid":"92a102be38e09dd7d48d38ba880bd339","tokenurl":"/mcm/api/land?token=92a102be38e09dd7d48d38ba880bd339","imageurl":"/mcm/images/land/2S/1785_336300e3b02f.jpg","landname":"47"},{"id":281475022389446,"level":1,"status":0,"posx":31,"posy":9,"cityid":697,"townid":1504,"tokenid":"d8a8a34c46869aac4d89b7f1bb5df2c5","tokenurl":"/mcm/api/land?token=d8a8a34c46869aac4d89b7f1bb5df2c5","imageurl":"/mcm/images/land/2S/1786_4dcc21a36d87.jpg","landname":"48"},{"id":281475022389447,"level":1,"status":0,"posx":33,"posy":9,"cityid":697,"townid":1504,"tokenid":"dcd63b385440bad9a76180ca09ac50b4","tokenurl":"/mcm/api/land?token=dcd63b385440bad9a76180ca09ac50b4","imageurl":"/mcm/images/land/2S/1787_353c30262e33.jpg","landname":"49"},{"id":281475022389448,"level":2,"status":0,"posx":34,"posy":9,"cityid":697,"townid":1504,"tokenid":"c6566f164c8c70fa520b86040f0765f2","tokenurl":"/mcm/api/land?token=c6566f164c8c70fa520b86040f0765f2","imageurl":"/mcm/images/land/2A/2663_50fc67547ad8.jpg","landname":"50"},{"id":281475022389449,"level":3,"status":0,"posx":6,"posy":10,"cityid":697,"townid":1504,"tokenid":"0282419d18c61fadd9af5592e8a7fb06","tokenurl":"/mcm/api/land?token=0282419d18c61fadd9af5592e8a7fb06","imageurl":"/mcm/images/land/2B/4454_4caabfad25b9.jpg","landname":"51"},{"id":281475022389450,"level":3,"status":0,"posx":7,"posy":10,"cityid":697,"townid":1504,"tokenid":"2595277df5ae7ff51994eb7250b317cc","tokenurl":"/mcm/api/land?token=2595277df5ae7ff51994eb7250b317cc","imageurl":"/mcm/images/land/2B/4455_3431914cfb76.jpg","landname":"52"},{"id":281475022389451,"level":3,"status":1,"posx":11,"posy":10,"cityid":697,"townid":1504,"tokenid":"0dea6020fa02279532d529d545f0fd5d","tokenurl":"/mcm/api/land?token=0dea6020fa02279532d529d545f0fd5d","imageurl":"/mcm/images/land/2B/4456_131953ea4830.jpg","landname":"53"},{"id":281475022389452,"level":2,"status":1,"posx":12,"posy":10,"cityid":697,"townid":1504,"tokenid":"a5fed6cea7d33ce67598514bab787a01","tokenurl":"/mcm/api/land?token=a5fed6cea7d33ce67598514bab787a01","imageurl":"/mcm/images/land/2A/2664_4bec526486ad.jpg","landname":"54"},{"id":281475022389453,"level":3,"status":0,"posx":21,"posy":10,"cityid":697,"townid":1504,"tokenid":"664c926e8eeeb70a18e357f08ec2d1a8","tokenurl":"/mcm/api/land?token=664c926e8eeeb70a18e357f08ec2d1a8","imageurl":"/mcm/images/land/2B/4457_5997995af81f.jpg","landname":"55"},{"id":281475022389454,"level":2,"status":1,"posx":22,"posy":10,"cityid":697,"townid":1504,"tokenid":"de88f49227c656b27dabb01fb43bc600","tokenurl":"/mcm/api/land?token=de88f49227c656b27dabb01fb43bc600","imageurl":"/mcm/images/land/2A/2665_1cfb9ab2142c.jpg","landname":"56"},{"id":281475022389455,"level":3,"status":0,"posx":30,"posy":10,"cityid":697,"townid":1504,"tokenid":"731f44b373d0dd62fbb48839ef43ebf9","tokenurl":"/mcm/api/land?token=731f44b373d0dd62fbb48839ef43ebf9","imageurl":"/mcm/images/land/2B/4458_58865e287781.jpg","landname":"57"},{"id":281475022389456,"level":2,"status":1,"posx":31,"posy":10,"cityid":697,"townid":1504,"tokenid":"e49add73acdfbd3969b126bc62ddf0d6","tokenurl":"/mcm/api/land?token=e49add73acdfbd3969b126bc62ddf0d6","imageurl":"/mcm/images/land/2A/2666_1fead32cebfe.jpg","landname":"58"},{"id":281475022389457,"level":3,"status":0,"posx":33,"posy":10,"cityid":697,"townid":1504,"tokenid":"b7a8abc78a579d1603031896ed18740d","tokenurl":"/mcm/api/land?token=b7a8abc78a579d1603031896ed18740d","imageurl":"/mcm/images/land/2B/4459_261962fe8b33.jpg","landname":"59"},{"id":281475022389458,"level":3,"status":1,"posx":34,"posy":10,"cityid":697,"townid":1504,"tokenid":"830fae58e728351540bfe5a21f74a3dd","tokenurl":"/mcm/api/land?token=830fae58e728351540bfe5a21f74a3dd","imageurl":"/mcm/images/land/2B/4460_40caafd1a7d3.jpg","landname":"60"},{"id":281475022389459,"level":1,"status":1,"posx":11,"posy":11,"cityid":697,"townid":1504,"tokenid":"4e02d12dbccf9a6f8568fa20d6b18991","tokenurl":"/mcm/api/land?token=4e02d12dbccf9a6f8568fa20d6b18991","imageurl":"/mcm/images/land/2S/1788_36911af26ade.jpg","landname":"61"},{"id":281475022389460,"level":2,"status":0,"posx":12,"posy":11,"cityid":697,"townid":1504,"tokenid":"e44719990b5551f019d1681cc9ec95a4","tokenurl":"/mcm/api/land?token=e44719990b5551f019d1681cc9ec95a4","imageurl":"/mcm/images/land/2A/2667_20c2c6cc2399.jpg","landname":"62"},{"id":281475022389461,"level":1,"status":1,"posx":21,"posy":11,"cityid":697,"townid":1504,"tokenid":"9ca497cb545b18a059c83fe527273cda","tokenurl":"/mcm/api/land?token=9ca497cb545b18a059c83fe527273cda","imageurl":"/mcm/images/land/2S/1789_1d44cc3373a0.jpg","landname":"63"},{"id":281475022389462,"level":2,"status":0,"posx":22,"posy":11,"cityid":697,"townid":1504,"tokenid":"d892bb4f01bf615621dc0edc499b534d","tokenurl":"/mcm/api/land?token=d892bb4f01bf615621dc0edc499b534d","imageurl":"/mcm/images/land/2A/2668_b8f238b6473.jpg","landname":"64"},{"id":281475022389463,"level":2,"status":0,"posx":11,"posy":12,"cityid":697,"townid":1504,"tokenid":"bfe30f235212e08623ed538d2dc503f2","tokenurl":"/mcm/api/land?token=bfe30f235212e08623ed538d2dc503f2","imageurl":"/mcm/images/land/2A/2669_4390de587a5c.jpg","landname":"65"},{"id":281475022389464,"level":3,"status":1,"posx":12,"posy":12,"cityid":697,"townid":1504,"tokenid":"c25344b7afeeb8297a726dbe8e58a0f3","tokenurl":"/mcm/api/land?token=c25344b7afeeb8297a726dbe8e58a0f3","imageurl":"/mcm/images/land/2B/4461_240ab3b3f0f0.jpg","landname":"66"},{"id":281475022389465,"level":2,"status":1,"posx":11,"posy":13,"cityid":697,"townid":1504,"tokenid":"2553ba3c231715d85d19a8aac17f9fb5","tokenurl":"/mcm/api/land?token=2553ba3c231715d85d19a8aac17f9fb5","imageurl":"/mcm/images/land/2A/2670_480f89d02229.jpg","landname":"67"},{"id":281475022389466,"level":3,"status":0,"posx":12,"posy":13,"cityid":697,"townid":1504,"tokenid":"c92a78f482f5520646b24124650f3faf","tokenurl":"/mcm/api/land?token=c92a78f482f5520646b24124650f3faf","imageurl":"/mcm/images/land/2B/4462_282f66a80d66.jpg","landname":"68"},{"id":281475022389467,"level":2,"status":1,"posx":11,"posy":14,"cityid":697,"townid":1504,"tokenid":"3f6763a3eab73e7d041dcb2be6c98f03","tokenurl":"/mcm/api/land?token=3f6763a3eab73e7d041dcb2be6c98f03","imageurl":"/mcm/images/land/2A/2671_20911d771341.jpg","landname":"69"},{"id":281475022389468,"level":2,"status":1,"posx":12,"posy":14,"cityid":697,"townid":1504,"tokenid":"44e819195c9de70e70ba8ff145a5c0ab","tokenurl":"/mcm/api/land?token=44e819195c9de70e70ba8ff145a5c0ab","imageurl":"/mcm/images/land/2A/2672_da95546120b.jpg","landname":"70"},{"id":281475022389469,"level":3,"status":0,"posx":8,"posy":20,"cityid":697,"townid":1504,"tokenid":"89bc0bb3ad5cf1daf482bebfc395604e","tokenurl":"/mcm/api/land?token=89bc0bb3ad5cf1daf482bebfc395604e","imageurl":"/mcm/images/land/2B/4463_4452ef2478c5.jpg","landname":"71"},{"id":281475022389470,"level":3,"status":0,"posx":9,"posy":20,"cityid":697,"townid":1504,"tokenid":"09cf88e4bdbd430f299259e70dcae6fe","tokenurl":"/mcm/api/land?token=09cf88e4bdbd430f299259e70dcae6fe","imageurl":"/mcm/images/land/2B/4464_2999dcde1248.jpg","landname":"72"},{"id":281475022389471,"level":3,"status":1,"posx":10,"posy":20,"cityid":697,"townid":1504,"tokenid":"18a4093ea02ab7e4982e39afd714fc10","tokenurl":"/mcm/api/land?token=18a4093ea02ab7e4982e39afd714fc10","imageurl":"/mcm/images/land/2B/4465_24dc9369aa4e.jpg","landname":"73"},{"id":281475022389472,"level":2,"status":1,"posx":11,"posy":20,"cityid":697,"townid":1504,"tokenid":"9233e9b910eda34c2b16f405756a83da","tokenurl":"/mcm/api/land?token=9233e9b910eda34c2b16f405756a83da","imageurl":"/mcm/images/land/2A/2673_2fb61ee8bb55.jpg","landname":"74"},{"id":281475022389473,"level":1,"status":0,"posx":12,"posy":20,"cityid":697,"townid":1504,"tokenid":"b03822435ac89d22f1c9771b19c3759c","tokenurl":"/mcm/api/land?token=b03822435ac89d22f1c9771b19c3759c","imageurl":"/mcm/images/land/2S/1790_4bf7a3aebe35.jpg","landname":"75"},{"id":281475022389474,"level":2,"status":0,"posx":8,"posy":21,"cityid":697,"townid":1504,"tokenid":"365f249ca7d52e86925a7949ac965e02","tokenurl":"/mcm/api/land?token=365f249ca7d52e86925a7949ac965e02","imageurl":"/mcm/images/land/2A/2674_1e529ee071e8.jpg","landname":"76"},{"id":281475022389475,"level":2,"status":1,"posx":9,"posy":21,"cityid":697,"townid":1504,"tokenid":"3c5a4ccab7845a5b66ac3d0a23d4e763","tokenurl":"/mcm/api/land?token=3c5a4ccab7845a5b66ac3d0a23d4e763","imageurl":"/mcm/images/land/2A/2675_352afb706058.jpg","landname":"77"},{"id":281475022389476,"level":3,"status":1,"posx":10,"posy":21,"cityid":697,"townid":1504,"tokenid":"1f696c2e8f7d14cce279eed40a2e6287","tokenurl":"/mcm/api/land?token=1f696c2e8f7d14cce279eed40a2e6287","imageurl":"/mcm/images/land/2B/4466_469c8fd327c1.jpg","landname":"78"},{"id":281475022389477,"level":2,"status":1,"posx":11,"posy":21,"cityid":697,"townid":1504,"tokenid":"97d549ea0f3dcb39f32a72da18c71bdf","tokenurl":"/mcm/api/land?token=97d549ea0f3dcb39f32a72da18c71bdf","imageurl":"/mcm/images/land/2A/2676_4e091c52ea52.jpg","landname":"79"},{"id":281475022389478,"level":3,"status":1,"posx":12,"posy":21,"cityid":697,"townid":1504,"tokenid":"9dd4286fbe68befb6a6ded38a9fd7ac1","tokenurl":"/mcm/api/land?token=9dd4286fbe68befb6a6ded38a9fd7ac1","imageurl":"/mcm/images/land/2B/4467_13b85885f6ff.jpg","landname":"80"},{"id":281475022389479,"level":2,"status":0,"posx":27,"posy":22,"cityid":697,"townid":1504,"tokenid":"ffbdfb58c6726b47356370d576ddc842","tokenurl":"/mcm/api/land?token=ffbdfb58c6726b47356370d576ddc842","imageurl":"/mcm/images/land/2A/2677_53f83da9ee30.jpg","landname":"81"},{"id":281475022389480,"level":3,"status":1,"posx":28,"posy":22,"cityid":697,"townid":1504,"tokenid":"30cfb75f8db022356a28a93ca1851238","tokenurl":"/mcm/api/land?token=30cfb75f8db022356a28a93ca1851238","imageurl":"/mcm/images/land/2B/4468_50c94c76fa6e.jpg","landname":"82"},{"id":281475022389481,"level":2,"status":1,"posx":29,"posy":22,"cityid":697,"townid":1504,"tokenid":"4bba8c5842ef9f37edce0a8758e72f09","tokenurl":"/mcm/api/land?token=4bba8c5842ef9f37edce0a8758e72f09","imageurl":"/mcm/images/land/2A/2678_7d99af1e5e2.jpg","landname":"83"},{"id":281475022389482,"level":2,"status":1,"posx":30,"posy":22,"cityid":697,"townid":1504,"tokenid":"924e9c27acdfd1dceac6a0a1ad033c15","tokenurl":"/mcm/api/land?token=924e9c27acdfd1dceac6a0a1ad033c15","imageurl":"/mcm/images/land/2A/2679_3e3d9052752d.jpg","landname":"84"},{"id":281475022389483,"level":3,"status":0,"posx":31,"posy":22,"cityid":697,"townid":1504,"tokenid":"62427a8f34d34b92e4a7a55e9874205d","tokenurl":"/mcm/api/land?token=62427a8f34d34b92e4a7a55e9874205d","imageurl":"/mcm/images/land/2B/4469_4c56af6d5592.jpg","landname":"85"},{"id":281475022389484,"level":1,"status":0,"posx":27,"posy":23,"cityid":697,"townid":1504,"tokenid":"b1ef3c82579dc38d3d79f70319dae0ce","tokenurl":"/mcm/api/land?token=b1ef3c82579dc38d3d79f70319dae0ce","imageurl":"/mcm/images/land/2S/1791_527fc9ddba1a.jpg","landname":"86"},{"id":281475022389485,"level":3,"status":1,"posx":28,"posy":23,"cityid":697,"townid":1504,"tokenid":"9cfddf926615cab9c5da7560c8501603","tokenurl":"/mcm/api/land?token=9cfddf926615cab9c5da7560c8501603","imageurl":"/mcm/images/land/2B/4470_4bf9c97440db.jpg","landname":"87"},{"id":281475022389486,"level":2,"status":0,"posx":29,"posy":23,"cityid":697,"townid":1504,"tokenid":"2e6fb9644064800f0d47b57d7c8547ab","tokenurl":"/mcm/api/land?token=2e6fb9644064800f0d47b57d7c8547ab","imageurl":"/mcm/images/land/2A/2680_196b3b7d6864.jpg","landname":"88"},{"id":281475022389487,"level":2,"status":0,"posx":30,"posy":23,"cityid":697,"townid":1504,"tokenid":"e4f1e32866e3145563645397e035fe09","tokenurl":"/mcm/api/land?token=e4f1e32866e3145563645397e035fe09","imageurl":"/mcm/images/land/2A/2681_421b22c89872.jpg","landname":"89"},{"id":281475022389488,"level":1,"status":1,"posx":31,"posy":23,"cityid":697,"townid":1504,"tokenid":"d51e6edcf89c733f83d4c8950e15a909","tokenurl":"/mcm/api/land?token=d51e6edcf89c733f83d4c8950e15a909","imageurl":"/mcm/images/land/2S/1792_4caf6a0b1738.jpg","landname":"90"},{"id":281475022389489,"level":3,"status":1,"posx":8,"posy":24,"cityid":697,"townid":1504,"tokenid":"5d7854021ad1bafd468e3dbbeffaef9b","tokenurl":"/mcm/api/land?token=5d7854021ad1bafd468e3dbbeffaef9b","imageurl":"/mcm/images/land/2B/4471_3b3025a7c6d5.jpg","landname":"91"},{"id":281475022389490,"level":1,"status":0,"posx":9,"posy":24,"cityid":697,"townid":1504,"tokenid":"b65454498947248d2aa0c8984ad21aab","tokenurl":"/mcm/api/land?token=b65454498947248d2aa0c8984ad21aab","imageurl":"/mcm/images/land/2S/1793_7185c664122.jpg","landname":"92"},{"id":281475022389491,"level":3,"status":0,"posx":10,"posy":24,"cityid":697,"townid":1504,"tokenid":"1cd62b44de5238d89677fa5cb5071fc3","tokenurl":"/mcm/api/land?token=1cd62b44de5238d89677fa5cb5071fc3","imageurl":"/mcm/images/land/2B/4472_247c3ff559bf.jpg","landname":"93"},{"id":281475022389492,"level":2,"status":0,"posx":11,"posy":24,"cityid":697,"townid":1504,"tokenid":"482681533f2ba53003a3d7a8c41c642d","tokenurl":"/mcm/api/land?token=482681533f2ba53003a3d7a8c41c642d","imageurl":"/mcm/images/land/2A/2682_2f6b03537c48.jpg","landname":"94"},{"id":281475022389493,"level":3,"status":1,"posx":12,"posy":24,"cityid":697,"townid":1504,"tokenid":"3b7cb449ce99559d9b515e09173a6807","tokenurl":"/mcm/api/land?token=3b7cb449ce99559d9b515e09173a6807","imageurl":"/mcm/images/land/2B/4473_842ae3d9c96.jpg","landname":"95"},{"id":281475022389494,"level":1,"status":1,"posx":17,"posy":24,"cityid":697,"townid":1504,"tokenid":"d6dea2bf8b72e9abd8abd56761836cae","tokenurl":"/mcm/api/land?token=d6dea2bf8b72e9abd8abd56761836cae","imageurl":"/mcm/images/land/2S/1794_5ae31d373389.jpg","landname":"96"},{"id":281475022389495,"level":2,"status":0,"posx":18,"posy":24,"cityid":697,"townid":1504,"tokenid":"c9003add427004fa4e4f2c547022a763","tokenurl":"/mcm/api/land?token=c9003add427004fa4e4f2c547022a763","imageurl":"/mcm/images/land/2A/2683_168a03864448.jpg","landname":"97"},{"id":281475022389496,"level":3,"status":1,"posx":19,"posy":24,"cityid":697,"townid":1504,"tokenid":"a51ee7b61230ced16bafb32d0b41e276","tokenurl":"/mcm/api/land?token=a51ee7b61230ced16bafb32d0b41e276","imageurl":"/mcm/images/land/2B/4474_38b5a0e256e4.jpg","landname":"98"},{"id":281475022389497,"level":3,"status":1,"posx":20,"posy":24,"cityid":697,"townid":1504,"tokenid":"ce1481bfacbf8b35c43c83471d52cc60","tokenurl":"/mcm/api/land?token=ce1481bfacbf8b35c43c83471d52cc60","imageurl":"/mcm/images/land/2B/4475_5a0c7f458121.jpg","landname":"99"},{"id":281475022389498,"level":2,"status":0,"posx":21,"posy":24,"cityid":697,"townid":1504,"tokenid":"fb2fac0d0be452cdb2e33c15c8ebfe9f","tokenurl":"/mcm/api/land?token=fb2fac0d0be452cdb2e33c15c8ebfe9f","imageurl":"/mcm/images/land/2A/2684_288445aa4680.jpg","landname":"100"},{"id":281475022389499,"level":3,"status":0,"posx":8,"posy":25,"cityid":697,"townid":1504,"tokenid":"0ab781dbe5382084e49a2300ff6d200e","tokenurl":"/mcm/api/land?token=0ab781dbe5382084e49a2300ff6d200e","imageurl":"/mcm/images/land/2B/4476_18f3fc73a08f.jpg","landname":"101"},{"id":281475022389500,"level":1,"status":1,"posx":9,"posy":25,"cityid":697,"townid":1504,"tokenid":"de7343c1301ecead7233a2a3fba20a63","tokenurl":"/mcm/api/land?token=de7343c1301ecead7233a2a3fba20a63","imageurl":"/mcm/images/land/2S/1795_2eada2798bd0.jpg","landname":"102"},{"id":281475022389501,"level":2,"status":1,"posx":10,"posy":25,"cityid":697,"townid":1504,"tokenid":"af74b0ed201cc32a5a844d52eaa4e832","tokenurl":"/mcm/api/land?token=af74b0ed201cc32a5a844d52eaa4e832","imageurl":"/mcm/images/land/2A/2685_137cf7afa26f.jpg","landname":"103"},{"id":281475022389502,"level":2,"status":0,"posx":11,"posy":25,"cityid":697,"townid":1504,"tokenid":"1a58d3f1af1f7abc8752df531ffb1dd7","tokenurl":"/mcm/api/land?token=1a58d3f1af1f7abc8752df531ffb1dd7","imageurl":"/mcm/images/land/2A/2686_550880d3865a.jpg","landname":"104"},{"id":281475022389503,"level":3,"status":0,"posx":12,"posy":25,"cityid":697,"townid":1504,"tokenid":"a447ee3e6375694711f37086c582ae92","tokenurl":"/mcm/api/land?token=a447ee3e6375694711f37086c582ae92","imageurl":"/mcm/images/land/2B/4477_4e2a86c8a4cd.jpg","landname":"105"},{"id":281475022389504,"level":3,"status":1,"posx":17,"posy":25,"cityid":697,"townid":1504,"tokenid":"b520550232c2a81087d0b105c6554a30","tokenurl":"/mcm/api/land?token=b520550232c2a81087d0b105c6554a30","imageurl":"/mcm/images/land/2B/4478_fc65eecdcfc.jpg","landname":"106"},{"id":281475022389505,"level":2,"status":1,"posx":18,"posy":25,"cityid":697,"townid":1504,"tokenid":"3b44fe92c32899ff74c7a0645d25c14e","tokenurl":"/mcm/api/land?token=3b44fe92c32899ff74c7a0645d25c14e","imageurl":"/mcm/images/land/2A/2687_431176a3d4e4.jpg","landname":"107"},{"id":281475022389506,"level":3,"status":0,"posx":19,"posy":25,"cityid":697,"townid":1504,"tokenid":"dc4aa77e1f55367e316421ed3a6832ea","tokenurl":"/mcm/api/land?token=dc4aa77e1f55367e316421ed3a6832ea","imageurl":"/mcm/images/land/2B/4479_1dbf2d0b6fe5.jpg","landname":"108"},{"id":281475022389507,"level":2,"status":0,"posx":20,"posy":25,"cityid":697,"townid":1504,"tokenid":"e395122d0a4b986f4a3e86685e45593d","tokenurl":"/mcm/api/land?token=e395122d0a4b986f4a3e86685e45593d","imageurl":"/mcm/images/land/2A/2688_599d0b195023.jpg","landname":"109"},{"id":281475022389508,"level":1,"status":0,"posx":21,"posy":25,"cityid":697,"townid":1504,"tokenid":"56be0160e9c0b18ed107cb8380613338","tokenurl":"/mcm/api/land?token=56be0160e9c0b18ed107cb8380613338","imageurl":"/mcm/images/land/2S/1796_2fea391047c3.jpg","landname":"110"},{"id":281475022389509,"level":3,"status":1,"posx":27,"posy":26,"cityid":697,"townid":1504,"tokenid":"43fd203236bb49e25300b3efaee4c61d","tokenurl":"/mcm/api/land?token=43fd203236bb49e25300b3efaee4c61d","imageurl":"/mcm/images/land/2B/4480_2be6ca9a0e3f.jpg","landname":"111"},{"id":281475022389510,"level":1,"status":0,"posx":28,"posy":26,"cityid":697,"townid":1504,"tokenid":"e8854a660b49c57568d9124cfe61ea1c","tokenurl":"/mcm/api/land?token=e8854a660b49c57568d9124cfe61ea1c","imageurl":"/mcm/images/land/2S/1797_3b94ac2b4b68.jpg","landname":"112"},{"id":281475022389511,"level":2,"status":1,"posx":27,"posy":27,"cityid":697,"townid":1504,"tokenid":"7fd26a85d2e5008f7ad33a6e0a470cc6","tokenurl":"/mcm/api/land?token=7fd26a85d2e5008f7ad33a6e0a470cc6","imageurl":"/mcm/images/land/2A/2689_512912ece057.jpg","landname":"113"},{"id":281475022389512,"level":2,"status":1,"posx":28,"posy":27,"cityid":697,"townid":1504,"tokenid":"ea8417cc6003ebccfeaecd6be7812992","tokenurl":"/mcm/api/land?token=ea8417cc6003ebccfeaecd6be7812992","imageurl":"/mcm/images/land/2A/2690_34fbd0a87463.jpg","landname":"114"},{"id":281475022389513,"level":1,"status":1,"posx":32,"posy":27,"cityid":697,"townid":1504,"tokenid":"e9a6faada878fc9b0d923d39358e76a0","tokenurl":"/mcm/api/land?token=e9a6faada878fc9b0d923d39358e76a0","imageurl":"/mcm/images/land/2S/1798_17db9be7eb31.jpg","landname":"115"},{"id":281475022389514,"level":3,"status":0,"posx":33,"posy":27,"cityid":697,"townid":1504,"tokenid":"6910ca2432dad29648d2e1ed5a8c5e2d","tokenurl":"/mcm/api/land?token=6910ca2432dad29648d2e1ed5a8c5e2d","imageurl":"/mcm/images/land/2B/4481_581a1e337a32.jpg","landname":"116"},{"id":281475022389515,"level":3,"status":0,"posx":8,"posy":28,"cityid":697,"townid":1504,"tokenid":"1cfa0257b1e16f10dba95dccbb780845","tokenurl":"/mcm/api/land?token=1cfa0257b1e16f10dba95dccbb780845","imageurl":"/mcm/images/land/2B/4482_53f3dc7f30c.jpg","landname":"117"},{"id":281475022389516,"level":3,"status":0,"posx":9,"posy":28,"cityid":697,"townid":1504,"tokenid":"8bb1644664279c3236d5c7adc8d34a0a","tokenurl":"/mcm/api/land?token=8bb1644664279c3236d5c7adc8d34a0a","imageurl":"/mcm/images/land/2B/4483_d73da40adf7.jpg","landname":"118"},{"id":281475022389517,"level":1,"status":1,"posx":10,"posy":28,"cityid":697,"townid":1504,"tokenid":"b70474fc351d7f5628cf5ae57cb2fbc0","tokenurl":"/mcm/api/land?token=b70474fc351d7f5628cf5ae57cb2fbc0","imageurl":"/mcm/images/land/2S/1799_7f0aea593b2.jpg","landname":"119"},{"id":281475022389518,"level":3,"status":0,"posx":11,"posy":28,"cityid":697,"townid":1504,"tokenid":"f31607e5e4712a959e2e5414be124fec","tokenurl":"/mcm/api/land?token=f31607e5e4712a959e2e5414be124fec","imageurl":"/mcm/images/land/2B/4484_30f64bfdaf57.jpg","landname":"120"},{"id":281475022389519,"level":2,"status":0,"posx":12,"posy":28,"cityid":697,"townid":1504,"tokenid":"72c5a5852284960b87c877476d334b51","tokenurl":"/mcm/api/land?token=72c5a5852284960b87c877476d334b51","imageurl":"/mcm/images/land/2A/2691_5a97531175b6.jpg","landname":"121"},{"id":281475022389520,"level":3,"status":1,"posx":17,"posy":28,"cityid":697,"townid":1504,"tokenid":"3c5c17a99bd9bd21510edca85a93540d","tokenurl":"/mcm/api/land?token=3c5c17a99bd9bd21510edca85a93540d","imageurl":"/mcm/images/land/2B/4485_10785f9d4c42.jpg","landname":"122"},{"id":281475022389521,"level":2,"status":1,"posx":18,"posy":28,"cityid":697,"townid":1504,"tokenid":"e30e790aa72cb75293254dafcba301a3","tokenurl":"/mcm/api/land?token=e30e790aa72cb75293254dafcba301a3","imageurl":"/mcm/images/land/2A/2692_540f788ffddd.jpg","landname":"123"},{"id":281475022389522,"level":3,"status":0,"posx":19,"posy":28,"cityid":697,"townid":1504,"tokenid":"1a9bcdff71f390624b155f4876781b63","tokenurl":"/mcm/api/land?token=1a9bcdff71f390624b155f4876781b63","imageurl":"/mcm/images/land/2B/4486_366f653c6975.jpg","landname":"124"},{"id":281475022389523,"level":2,"status":1,"posx":20,"posy":28,"cityid":697,"townid":1504,"tokenid":"ef50e23879fe82d14b80486d43ff1bc6","tokenurl":"/mcm/api/land?token=ef50e23879fe82d14b80486d43ff1bc6","imageurl":"/mcm/images/land/2A/2693_157c8a28356e.jpg","landname":"125"},{"id":281475022389524,"level":3,"status":1,"posx":21,"posy":28,"cityid":697,"townid":1504,"tokenid":"12b86eedc90199a9cbc78fa81b7ce8f4","tokenurl":"/mcm/api/land?token=12b86eedc90199a9cbc78fa81b7ce8f4","imageurl":"/mcm/images/land/2B/4487_59f572687d4a.jpg","landname":"126"},{"id":281475022389525,"level":3,"status":1,"posx":27,"posy":28,"cityid":697,"townid":1504,"tokenid":"dcc1ab27e4ce97258ad24fe2d5ca3eda","tokenurl":"/mcm/api/land?token=dcc1ab27e4ce97258ad24fe2d5ca3eda","imageurl":"/mcm/images/land/2B/4488_4730b1a631f4.jpg","landname":"127"},{"id":281475022389526,"level":3,"status":0,"posx":28,"posy":28,"cityid":697,"townid":1504,"tokenid":"193ec5494f6e535ddf815bac7d32dd48","tokenurl":"/mcm/api/land?token=193ec5494f6e535ddf815bac7d32dd48","imageurl":"/mcm/images/land/2B/4489_4edcf6c08028.jpg","landname":"128"},{"id":281475022389527,"level":2,"status":0,"posx":32,"posy":28,"cityid":697,"townid":1504,"tokenid":"40a72a39e12fff52b8d97a60c29dca9d","tokenurl":"/mcm/api/land?token=40a72a39e12fff52b8d97a60c29dca9d","imageurl":"/mcm/images/land/2A/2694_2faf20cb4fe3.jpg","landname":"129"},{"id":281475022389528,"level":3,"status":0,"posx":33,"posy":28,"cityid":697,"townid":1504,"tokenid":"d49f639097811f0405950c4e39e4111b","tokenurl":"/mcm/api/land?token=d49f639097811f0405950c4e39e4111b","imageurl":"/mcm/images/land/2B/4490_408dee1c25cd.jpg","landname":"130"},{"id":281475022389529,"level":2,"status":1,"posx":8,"posy":29,"cityid":697,"townid":1504,"tokenid":"89f921c19b473b47877b70a4103e5341","tokenurl":"/mcm/api/land?token=89f921c19b473b47877b70a4103e5341","imageurl":"/mcm/images/land/2A/2695_4d76e8b9f826.jpg","landname":"131"},{"id":281475022389530,"level":3,"status":1,"posx":9,"posy":29,"cityid":697,"townid":1504,"tokenid":"5751daa1ae87b58c2eb77cd4aba4cc43","tokenurl":"/mcm/api/land?token=5751daa1ae87b58c2eb77cd4aba4cc43","imageurl":"/mcm/images/land/2B/4491_3e78d6cfbdcc.jpg","landname":"132"},{"id":281475022389531,"level":2,"status":1,"posx":10,"posy":29,"cityid":697,"townid":1504,"tokenid":"c8a7ee396737e5bc692dd6a8ba9aaaeb","tokenurl":"/mcm/api/land?token=c8a7ee396737e5bc692dd6a8ba9aaaeb","imageurl":"/mcm/images/land/2A/2696_558bbf9447db.jpg","landname":"133"},{"id":281475022389532,"level":1,"status":1,"posx":11,"posy":29,"cityid":697,"townid":1504,"tokenid":"fbf473a747fe93299f919010de808bfd","tokenurl":"/mcm/api/land?token=fbf473a747fe93299f919010de808bfd","imageurl":"/mcm/images/land/2S/1800_4409384a87c2.jpg","landname":"134"},{"id":281475022389533,"level":3,"status":1,"posx":12,"posy":29,"cityid":697,"townid":1504,"tokenid":"5cfdc856696419974b681c22384fbc87","tokenurl":"/mcm/api/land?token=5cfdc856696419974b681c22384fbc87","imageurl":"/mcm/images/land/2B/4492_5acc31db58b7.jpg","landname":"135"},{"id":281475022389534,"level":2,"status":0,"posx":17,"posy":29,"cityid":697,"townid":1504,"tokenid":"fedf67df12c4dd83399af5a23abc2b53","tokenurl":"/mcm/api/land?token=fedf67df12c4dd83399af5a23abc2b53","imageurl":"/mcm/images/land/2A/2697_9a8bf131651.jpg","landname":"136"},{"id":281475022389535,"level":3,"status":1,"posx":18,"posy":29,"cityid":697,"townid":1504,"tokenid":"cbc0d59ff7c6040db6a2776bef692a74","tokenurl":"/mcm/api/land?token=cbc0d59ff7c6040db6a2776bef692a74","imageurl":"/mcm/images/land/2B/4493_45310525ae08.jpg","landname":"137"},{"id":281475022389536,"level":2,"status":0,"posx":19,"posy":29,"cityid":697,"townid":1504,"tokenid":"7d80962d3b472020919122cc30ce93c4","tokenurl":"/mcm/api/land?token=7d80962d3b472020919122cc30ce93c4","imageurl":"/mcm/images/land/2A/2698_1f3877c8feef.jpg","landname":"138"},{"id":281475022389537,"level":2,"status":0,"posx":20,"posy":29,"cityid":697,"townid":1504,"tokenid":"6374b96c3cfc218cb95ab00ae6900a8f","tokenurl":"/mcm/api/land?token=6374b96c3cfc218cb95ab00ae6900a8f","imageurl":"/mcm/images/land/2A/2699_540fceb20fef.jpg","landname":"139"},{"id":281475022389538,"level":1,"status":1,"posx":21,"posy":29,"cityid":697,"townid":1504,"tokenid":"281cd4d5ff115147828947b4fa84db26","tokenurl":"/mcm/api/land?token=281cd4d5ff115147828947b4fa84db26","imageurl":"/mcm/images/land/2S/1801_56c206cff835.jpg","landname":"140"},{"id":281475022389539,"level":3,"status":1,"posx":27,"posy":29,"cityid":697,"townid":1504,"tokenid":"bca08ef11206f894dc165675585043c7","tokenurl":"/mcm/api/land?token=bca08ef11206f894dc165675585043c7","imageurl":"/mcm/images/land/2B/4494_c019f51bb87.jpg","landname":"141"},{"id":281475022389540,"level":3,"status":1,"posx":28,"posy":29,"cityid":697,"townid":1504,"tokenid":"9ee2d35d6a81252da296648786568ea2","tokenurl":"/mcm/api/land?token=9ee2d35d6a81252da296648786568ea2","imageurl":"/mcm/images/land/2B/4495_5a200094a7b5.jpg","landname":"142"},{"id":281475022389541,"level":3,"status":0,"posx":32,"posy":29,"cityid":697,"townid":1504,"tokenid":"aa912bc41ec93714456885ea42a60f70","tokenurl":"/mcm/api/land?token=aa912bc41ec93714456885ea42a60f70","imageurl":"/mcm/images/land/2B/4496_43de0a0d7f5d.jpg","landname":"143"},{"id":281475022389542,"level":3,"status":1,"posx":33,"posy":29,"cityid":697,"townid":1504,"tokenid":"963150089bb1accb86f66f42ae7adc8c","tokenurl":"/mcm/api/land?token=963150089bb1accb86f66f42ae7adc8c","imageurl":"/mcm/images/land/2B/4497_479e149584ef.jpg","landname":"144"},{"id":281475022389543,"level":3,"status":0,"posx":27,"posy":30,"cityid":697,"townid":1504,"tokenid":"e1be9fbfab2e97344a70087cb8485fe6","tokenurl":"/mcm/api/land?token=e1be9fbfab2e97344a70087cb8485fe6","imageurl":"/mcm/images/land/2B/4498_4e1030d9d361.jpg","landname":"145"},{"id":281475022389544,"level":3,"status":0,"posx":28,"posy":30,"cityid":697,"townid":1504,"tokenid":"04da70f22d7a461096107fb9d63ba655","tokenurl":"/mcm/api/land?token=04da70f22d7a461096107fb9d63ba655","imageurl":"/mcm/images/land/2B/4499_1322ca728465.jpg","landname":"146"},{"id":281475022389545,"level":2,"status":0,"posx":32,"posy":30,"cityid":697,"townid":1504,"tokenid":"e7aa72576b9891ad06c38b83f769e65c","tokenurl":"/mcm/api/land?token=e7aa72576b9891ad06c38b83f769e65c","imageurl":"/mcm/images/land/2A/2700_3d399be6b481.jpg","landname":"147"},{"id":281475022389546,"level":3,"status":0,"posx":33,"posy":30,"cityid":697,"townid":1504,"tokenid":"a7b368559c22c155b15fd0beff2eb8a5","tokenurl":"/mcm/api/land?token=a7b368559c22c155b15fd0beff2eb8a5","imageurl":"/mcm/images/land/2B/4500_59f7acc46edb.jpg","landname":"148"},{"id":281475022389547,"level":2,"status":0,"posx":32,"posy":31,"cityid":697,"townid":1504,"tokenid":"a69e544f958f3f7b2406d5c38c87ca6c","tokenurl":"/mcm/api/land?token=a69e544f958f3f7b2406d5c38c87ca6c","imageurl":"/mcm/images/land/2A/2701_a09dd028167.jpg","landname":"149"},{"id":281475022389548,"level":3,"status":0,"posx":33,"posy":31,"cityid":697,"townid":1504,"tokenid":"8d96abd5d3921cba48a5c06b16043ae5","tokenurl":"/mcm/api/land?token=8d96abd5d3921cba48a5c06b16043ae5","imageurl":"/mcm/images/land/2B/4501_4be45ef6ffca.jpg","landname":"150"}]]],0,0,[],[],[]]
