[1,0,0,[["cc.JsonAsset",["_name","json"],1]],[[0,0,1,3]],[[0,"380",[{"id":281474986672279,"level":3,"status":0,"posx":15,"posy":5,"cityid":152,"townid":380,"tokenid":"70df5691bf6e63d2229449a446840584","tokenurl":"/mcm/api/land?token=70df5691bf6e63d2229449a446840584","imageurl":"/mcm/images/land/2B/17027_38dc6aec2588.jpg","landname":"1"},{"id":281474986672280,"level":2,"status":1,"posx":16,"posy":5,"cityid":152,"townid":380,"tokenid":"985c0cdd77b3268341a57a2228756b93","tokenurl":"/mcm/api/land?token=985c0cdd77b3268341a57a2228756b93","imageurl":"/mcm/images/land/2A/10217_46255b2a7cb0.jpg","landname":"2"},{"id":281474986672281,"level":2,"status":0,"posx":25,"posy":5,"cityid":152,"townid":380,"tokenid":"60661ac422f78a748a398308707b1c35","tokenurl":"/mcm/api/land?token=60661ac422f78a748a398308707b1c35","imageurl":"/mcm/images/land/2A/10218_5ad428dd802c.jpg","landname":"3"},{"id":281474986672282,"level":1,"status":0,"posx":26,"posy":5,"cityid":152,"townid":380,"tokenid":"2a38799db277f91eaf6c664d8978a022","tokenurl":"/mcm/api/land?token=2a38799db277f91eaf6c664d8978a022","imageurl":"/mcm/images/land/2S/6812_3678fc2537ad.jpg","landname":"4"},{"id":281474986672283,"level":3,"status":1,"posx":6,"posy":6,"cityid":152,"townid":380,"tokenid":"d15f9adce7885ebece4a313aceb0a212","tokenurl":"/mcm/api/land?token=d15f9adce7885ebece4a313aceb0a212","imageurl":"/mcm/images/land/2B/17028_2365e40f8ac4.jpg","landname":"5"},{"id":281474986672284,"level":3,"status":0,"posx":7,"posy":6,"cityid":152,"townid":380,"tokenid":"6c5c9e491c05a9a62c29c77bce0da948","tokenurl":"/mcm/api/land?token=6c5c9e491c05a9a62c29c77bce0da948","imageurl":"/mcm/images/land/2B/17029_18ab6c79104d.jpg","landname":"6"},{"id":281474986672285,"level":3,"status":0,"posx":15,"posy":6,"cityid":152,"townid":380,"tokenid":"78cb2033b01617793229c210b7b62088","tokenurl":"/mcm/api/land?token=78cb2033b01617793229c210b7b62088","imageurl":"/mcm/images/land/2B/17030_57b421b433bd.jpg","landname":"7"},{"id":281474986672286,"level":2,"status":1,"posx":16,"posy":6,"cityid":152,"townid":380,"tokenid":"8c8144cff68c3fbb003f21104f96c23c","tokenurl":"/mcm/api/land?token=8c8144cff68c3fbb003f21104f96c23c","imageurl":"/mcm/images/land/2A/10219_2cd63a567ea.jpg","landname":"8"},{"id":281474986672287,"level":3,"status":1,"posx":25,"posy":6,"cityid":152,"townid":380,"tokenid":"b6ece3bebd0e9d95619454cdd87263c7","tokenurl":"/mcm/api/land?token=b6ece3bebd0e9d95619454cdd87263c7","imageurl":"/mcm/images/land/2B/17031_863efbecc39.jpg","landname":"9"},{"id":281474986672288,"level":1,"status":0,"posx":26,"posy":6,"cityid":152,"townid":380,"tokenid":"a224843166acfa13aa7947d309b0c79e","tokenurl":"/mcm/api/land?token=a224843166acfa13aa7947d309b0c79e","imageurl":"/mcm/images/land/2S/6813_4c8331f766f6.jpg","landname":"10"},{"id":281474986672289,"level":2,"status":0,"posx":30,"posy":6,"cityid":152,"townid":380,"tokenid":"3ea99cb7347f3d76adccb6eddd515419","tokenurl":"/mcm/api/land?token=3ea99cb7347f3d76adccb6eddd515419","imageurl":"/mcm/images/land/2A/10220_2362ae8eb5b8.jpg","landname":"11"},{"id":281474986672290,"level":3,"status":0,"posx":31,"posy":6,"cityid":152,"townid":380,"tokenid":"ddf6e2eab1c1983cdea4487d776bd7e4","tokenurl":"/mcm/api/land?token=ddf6e2eab1c1983cdea4487d776bd7e4","imageurl":"/mcm/images/land/2B/17032_4b5d49b48fa0.jpg","landname":"12"},{"id":281474986672291,"level":3,"status":0,"posx":33,"posy":6,"cityid":152,"townid":380,"tokenid":"92d08c36876063dcb76ade9e52e22b7b","tokenurl":"/mcm/api/land?token=92d08c36876063dcb76ade9e52e22b7b","imageurl":"/mcm/images/land/2B/17033_e2f19b9825c.jpg","landname":"13"},{"id":281474986672292,"level":3,"status":0,"posx":34,"posy":6,"cityid":152,"townid":380,"tokenid":"39d6d74a152bb03b560f5eadf2fd43ed","tokenurl":"/mcm/api/land?token=39d6d74a152bb03b560f5eadf2fd43ed","imageurl":"/mcm/images/land/2B/17034_4a64eddaa06a.jpg","landname":"14"},{"id":281474986672293,"level":1,"status":1,"posx":6,"posy":7,"cityid":152,"townid":380,"tokenid":"bfcf27e572394455d812c0aafbd09296","tokenurl":"/mcm/api/land?token=bfcf27e572394455d812c0aafbd09296","imageurl":"/mcm/images/land/2S/6814_13f089472d61.jpg","landname":"15"},{"id":281474986672294,"level":3,"status":1,"posx":7,"posy":7,"cityid":152,"townid":380,"tokenid":"1f9606c2608880414a836312a0ec24c8","tokenurl":"/mcm/api/land?token=1f9606c2608880414a836312a0ec24c8","imageurl":"/mcm/images/land/2B/17035_25f8b926bf80.jpg","landname":"16"},{"id":281474986672295,"level":3,"status":0,"posx":15,"posy":7,"cityid":152,"townid":380,"tokenid":"7925e4f2d362c856b431424ce76afe72","tokenurl":"/mcm/api/land?token=7925e4f2d362c856b431424ce76afe72","imageurl":"/mcm/images/land/2B/17036_316e0163ce8a.jpg","landname":"17"},{"id":281474986672296,"level":2,"status":1,"posx":16,"posy":7,"cityid":152,"townid":380,"tokenid":"954cefa5e1fc947ba6a9969394731942","tokenurl":"/mcm/api/land?token=954cefa5e1fc947ba6a9969394731942","imageurl":"/mcm/images/land/2A/10221_20624da4747c.jpg","landname":"18"},{"id":281474986672297,"level":1,"status":1,"posx":21,"posy":7,"cityid":152,"townid":380,"tokenid":"6d84feacdddf9a9a220c1ad1960f45dc","tokenurl":"/mcm/api/land?token=6d84feacdddf9a9a220c1ad1960f45dc","imageurl":"/mcm/images/land/2S/6815_2a6b0f3def16.jpg","landname":"19"},{"id":281474986672298,"level":3,"status":1,"posx":22,"posy":7,"cityid":152,"townid":380,"tokenid":"151beb7e08666fe44da91c01333e41ef","tokenurl":"/mcm/api/land?token=151beb7e08666fe44da91c01333e41ef","imageurl":"/mcm/images/land/2B/17037_2666b5a5817a.jpg","landname":"20"},{"id":281474986672299,"level":1,"status":0,"posx":25,"posy":7,"cityid":152,"townid":380,"tokenid":"3d5ebfc32e332a5404faaa411778e31e","tokenurl":"/mcm/api/land?token=3d5ebfc32e332a5404faaa411778e31e","imageurl":"/mcm/images/land/2S/6816_69973dc875f.jpg","landname":"21"},{"id":281474986672300,"level":1,"status":1,"posx":26,"posy":7,"cityid":152,"townid":380,"tokenid":"9f0a58192602f77bfb00ff7c78e16e3c","tokenurl":"/mcm/api/land?token=9f0a58192602f77bfb00ff7c78e16e3c","imageurl":"/mcm/images/land/2S/6817_30d470007bbe.jpg","landname":"22"},{"id":281474986672301,"level":3,"status":1,"posx":30,"posy":7,"cityid":152,"townid":380,"tokenid":"418baf2eb315a1481c11ff6d6acacf9f","tokenurl":"/mcm/api/land?token=418baf2eb315a1481c11ff6d6acacf9f","imageurl":"/mcm/images/land/2B/17038_1aadddfa436e.jpg","landname":"23"},{"id":281474986672302,"level":3,"status":1,"posx":31,"posy":7,"cityid":152,"townid":380,"tokenid":"12822ba9d4bb8a171112f0d4de7fbf8f","tokenurl":"/mcm/api/land?token=12822ba9d4bb8a171112f0d4de7fbf8f","imageurl":"/mcm/images/land/2B/17039_30adc100ab97.jpg","landname":"24"},{"id":281474986672303,"level":2,"status":1,"posx":33,"posy":7,"cityid":152,"townid":380,"tokenid":"04d77bb5ec46c668effd83e60e3e8c9c","tokenurl":"/mcm/api/land?token=04d77bb5ec46c668effd83e60e3e8c9c","imageurl":"/mcm/images/land/2A/10222_164999724eb0.jpg","landname":"25"},{"id":281474986672304,"level":1,"status":1,"posx":34,"posy":7,"cityid":152,"townid":380,"tokenid":"e875158407cacb6b5bfc130dfca1b321","tokenurl":"/mcm/api/land?token=e875158407cacb6b5bfc130dfca1b321","imageurl":"/mcm/images/land/2S/6818_13c02ad5a6d8.jpg","landname":"26"},{"id":281474986672305,"level":2,"status":0,"posx":6,"posy":8,"cityid":152,"townid":380,"tokenid":"db24b9d4bcb3093fe7575ba95923007d","tokenurl":"/mcm/api/land?token=db24b9d4bcb3093fe7575ba95923007d","imageurl":"/mcm/images/land/2A/10223_2b3b6f3aa640.jpg","landname":"27"},{"id":281474986672306,"level":1,"status":0,"posx":7,"posy":8,"cityid":152,"townid":380,"tokenid":"b5f75f6138a0ea0ab4f490cd292e071d","tokenurl":"/mcm/api/land?token=b5f75f6138a0ea0ab4f490cd292e071d","imageurl":"/mcm/images/land/2S/6819_1a8ce2819952.jpg","landname":"28"},{"id":281474986672307,"level":3,"status":1,"posx":15,"posy":8,"cityid":152,"townid":380,"tokenid":"4dea86de34d31a8332135123db79b511","tokenurl":"/mcm/api/land?token=4dea86de34d31a8332135123db79b511","imageurl":"/mcm/images/land/2B/17040_9478952f07d.jpg","landname":"29"},{"id":281474986672308,"level":2,"status":1,"posx":16,"posy":8,"cityid":152,"townid":380,"tokenid":"9fdf706ac5687257318297ecd7a08d7c","tokenurl":"/mcm/api/land?token=9fdf706ac5687257318297ecd7a08d7c","imageurl":"/mcm/images/land/2A/10224_2d03b1910f43.jpg","landname":"30"},{"id":281474986672309,"level":3,"status":0,"posx":21,"posy":8,"cityid":152,"townid":380,"tokenid":"32fc4d07cda3607ad495e71d2b44c4a8","tokenurl":"/mcm/api/land?token=32fc4d07cda3607ad495e71d2b44c4a8","imageurl":"/mcm/images/land/2B/17041_266f72447ef2.jpg","landname":"31"},{"id":281474986672310,"level":2,"status":0,"posx":22,"posy":8,"cityid":152,"townid":380,"tokenid":"4bf9e7c8c00723ef7e735a245bed8a04","tokenurl":"/mcm/api/land?token=4bf9e7c8c00723ef7e735a245bed8a04","imageurl":"/mcm/images/land/2A/10225_29e136449960.jpg","landname":"32"},{"id":281474986672311,"level":2,"status":1,"posx":25,"posy":8,"cityid":152,"townid":380,"tokenid":"fa2b1435fdf29299e0dd14abc1c5300c","tokenurl":"/mcm/api/land?token=fa2b1435fdf29299e0dd14abc1c5300c","imageurl":"/mcm/images/land/2A/10226_5a8ed1ae04e3.jpg","landname":"33"},{"id":281474986672312,"level":3,"status":0,"posx":26,"posy":8,"cityid":152,"townid":380,"tokenid":"dafc94661ef7502387a90288f6f33927","tokenurl":"/mcm/api/land?token=dafc94661ef7502387a90288f6f33927","imageurl":"/mcm/images/land/2B/17042_45c41ae23378.jpg","landname":"34"},{"id":281474986672313,"level":3,"status":1,"posx":30,"posy":8,"cityid":152,"townid":380,"tokenid":"a5f6f9de4616d7097484699b87c45a87","tokenurl":"/mcm/api/land?token=a5f6f9de4616d7097484699b87c45a87","imageurl":"/mcm/images/land/2B/17043_356df1905d12.jpg","landname":"35"},{"id":281474986672314,"level":3,"status":1,"posx":31,"posy":8,"cityid":152,"townid":380,"tokenid":"9412c8a023b32145abbcc05140ce2c6f","tokenurl":"/mcm/api/land?token=9412c8a023b32145abbcc05140ce2c6f","imageurl":"/mcm/images/land/2B/17044_5f9a7f73c22.jpg","landname":"36"},{"id":281474986672315,"level":1,"status":0,"posx":33,"posy":8,"cityid":152,"townid":380,"tokenid":"8fa65505f7836fc3f71cbcc258b3c7ed","tokenurl":"/mcm/api/land?token=8fa65505f7836fc3f71cbcc258b3c7ed","imageurl":"/mcm/images/land/2S/6820_17095a02da52.jpg","landname":"37"},{"id":281474986672316,"level":3,"status":0,"posx":34,"posy":8,"cityid":152,"townid":380,"tokenid":"4f493fc8b5dfa146cb5eac48e5db98db","tokenurl":"/mcm/api/land?token=4f493fc8b5dfa146cb5eac48e5db98db","imageurl":"/mcm/images/land/2B/17045_4adecccfb655.jpg","landname":"38"},{"id":281474986672317,"level":2,"status":0,"posx":6,"posy":9,"cityid":152,"townid":380,"tokenid":"68e18813af8eb89170162484b856250d","tokenurl":"/mcm/api/land?token=68e18813af8eb89170162484b856250d","imageurl":"/mcm/images/land/2A/10227_1a95563b2b48.jpg","landname":"39"},{"id":281474986672318,"level":3,"status":1,"posx":7,"posy":9,"cityid":152,"townid":380,"tokenid":"322273b95257b1a4c5279a09d4951fb7","tokenurl":"/mcm/api/land?token=322273b95257b1a4c5279a09d4951fb7","imageurl":"/mcm/images/land/2B/17046_24af56482e36.jpg","landname":"40"},{"id":281474986672319,"level":3,"status":0,"posx":15,"posy":9,"cityid":152,"townid":380,"tokenid":"d6a430d9bcff668810b4a2c3b373d4c2","tokenurl":"/mcm/api/land?token=d6a430d9bcff668810b4a2c3b373d4c2","imageurl":"/mcm/images/land/2B/17047_2a339550ce1c.jpg","landname":"41"},{"id":281474986672320,"level":2,"status":1,"posx":16,"posy":9,"cityid":152,"townid":380,"tokenid":"3a46136c406619590cda07ce70384a9e","tokenurl":"/mcm/api/land?token=3a46136c406619590cda07ce70384a9e","imageurl":"/mcm/images/land/2A/10228_3dc41df092a.jpg","landname":"42"},{"id":281474986672321,"level":2,"status":0,"posx":21,"posy":9,"cityid":152,"townid":380,"tokenid":"4d3eb00480d938dce995af56f8cd6cfa","tokenurl":"/mcm/api/land?token=4d3eb00480d938dce995af56f8cd6cfa","imageurl":"/mcm/images/land/2A/10229_44a904aa1482.jpg","landname":"43"},{"id":281474986672322,"level":2,"status":1,"posx":22,"posy":9,"cityid":152,"townid":380,"tokenid":"a4c2f341121ee99b1c951a059e983054","tokenurl":"/mcm/api/land?token=a4c2f341121ee99b1c951a059e983054","imageurl":"/mcm/images/land/2A/10230_e0d5d55b13e.jpg","landname":"44"},{"id":281474986672323,"level":3,"status":1,"posx":25,"posy":9,"cityid":152,"townid":380,"tokenid":"213e55353ef45c916cb79f45c93581c4","tokenurl":"/mcm/api/land?token=213e55353ef45c916cb79f45c93581c4","imageurl":"/mcm/images/land/2B/17048_526ba167016a.jpg","landname":"45"},{"id":281474986672324,"level":2,"status":0,"posx":26,"posy":9,"cityid":152,"townid":380,"tokenid":"4162f48c79c813ebe7ad5346ee7d5216","tokenurl":"/mcm/api/land?token=4162f48c79c813ebe7ad5346ee7d5216","imageurl":"/mcm/images/land/2A/10231_53d640aa4031.jpg","landname":"46"},{"id":281474986672325,"level":2,"status":1,"posx":30,"posy":9,"cityid":152,"townid":380,"tokenid":"a763564d3d184992adfc657a8249603c","tokenurl":"/mcm/api/land?token=a763564d3d184992adfc657a8249603c","imageurl":"/mcm/images/land/2A/10232_1cdd417aab94.jpg","landname":"47"},{"id":281474986672326,"level":3,"status":1,"posx":31,"posy":9,"cityid":152,"townid":380,"tokenid":"e1bca2c3f3f198c2b1a5f49d212c1d58","tokenurl":"/mcm/api/land?token=e1bca2c3f3f198c2b1a5f49d212c1d58","imageurl":"/mcm/images/land/2B/17049_13a69ad587e7.jpg","landname":"48"},{"id":281474986672327,"level":3,"status":1,"posx":33,"posy":9,"cityid":152,"townid":380,"tokenid":"613c453e504513d63c2458eb3008b2a8","tokenurl":"/mcm/api/land?token=613c453e504513d63c2458eb3008b2a8","imageurl":"/mcm/images/land/2B/17050_593cf9d6106a.jpg","landname":"49"},{"id":281474986672328,"level":2,"status":1,"posx":34,"posy":9,"cityid":152,"townid":380,"tokenid":"59837033d6a25d4a74a01118f74e32e8","tokenurl":"/mcm/api/land?token=59837033d6a25d4a74a01118f74e32e8","imageurl":"/mcm/images/land/2A/10233_380b6cc33ffc.jpg","landname":"50"},{"id":281474986672329,"level":3,"status":1,"posx":6,"posy":10,"cityid":152,"townid":380,"tokenid":"63e3bb3b68b077c609aeee8e0c5ad04e","tokenurl":"/mcm/api/land?token=63e3bb3b68b077c609aeee8e0c5ad04e","imageurl":"/mcm/images/land/2B/17051_4ac0dd1543d3.jpg","landname":"51"},{"id":281474986672330,"level":1,"status":1,"posx":7,"posy":10,"cityid":152,"townid":380,"tokenid":"bed7bed19c3c0db28d0614ce21063781","tokenurl":"/mcm/api/land?token=bed7bed19c3c0db28d0614ce21063781","imageurl":"/mcm/images/land/2S/6821_105850e7fb7d.jpg","landname":"52"},{"id":281474986672331,"level":2,"status":1,"posx":11,"posy":10,"cityid":152,"townid":380,"tokenid":"c53bdef7b721ad1e76d115b2ac04cd56","tokenurl":"/mcm/api/land?token=c53bdef7b721ad1e76d115b2ac04cd56","imageurl":"/mcm/images/land/2A/10234_573113d5d323.jpg","landname":"53"},{"id":281474986672332,"level":2,"status":1,"posx":12,"posy":10,"cityid":152,"townid":380,"tokenid":"e415ab05efb83747888cf9e83a6beff0","tokenurl":"/mcm/api/land?token=e415ab05efb83747888cf9e83a6beff0","imageurl":"/mcm/images/land/2A/10235_2618a3658065.jpg","landname":"54"},{"id":281474986672333,"level":1,"status":1,"posx":21,"posy":10,"cityid":152,"townid":380,"tokenid":"7111b5c201e81b9f8d7bdc804c9e629a","tokenurl":"/mcm/api/land?token=7111b5c201e81b9f8d7bdc804c9e629a","imageurl":"/mcm/images/land/2S/6822_137cfaed41cd.jpg","landname":"55"},{"id":281474986672334,"level":3,"status":1,"posx":22,"posy":10,"cityid":152,"townid":380,"tokenid":"b60a0a3f58f11f666ac2aefaaa4943b5","tokenurl":"/mcm/api/land?token=b60a0a3f58f11f666ac2aefaaa4943b5","imageurl":"/mcm/images/land/2B/17052_27753bcdeccf.jpg","landname":"56"},{"id":281474986672335,"level":3,"status":1,"posx":30,"posy":10,"cityid":152,"townid":380,"tokenid":"1a271176ba148b7bc65cee2793ce491f","tokenurl":"/mcm/api/land?token=1a271176ba148b7bc65cee2793ce491f","imageurl":"/mcm/images/land/2B/17053_4ddde5bd6037.jpg","landname":"57"},{"id":281474986672336,"level":2,"status":1,"posx":31,"posy":10,"cityid":152,"townid":380,"tokenid":"ad57d964635ed6ae115e1651aee3cf70","tokenurl":"/mcm/api/land?token=ad57d964635ed6ae115e1651aee3cf70","imageurl":"/mcm/images/land/2A/10236_1218837188fb.jpg","landname":"58"},{"id":281474986672337,"level":1,"status":0,"posx":33,"posy":10,"cityid":152,"townid":380,"tokenid":"2ccc2a93dddf01b183f0f6ae6162dcbf","tokenurl":"/mcm/api/land?token=2ccc2a93dddf01b183f0f6ae6162dcbf","imageurl":"/mcm/images/land/2S/6823_abc83e25a13.jpg","landname":"59"},{"id":281474986672338,"level":1,"status":0,"posx":34,"posy":10,"cityid":152,"townid":380,"tokenid":"68842758c75643c14899a0b88c03b0f1","tokenurl":"/mcm/api/land?token=68842758c75643c14899a0b88c03b0f1","imageurl":"/mcm/images/land/2S/6824_3ecb17aaf0c6.jpg","landname":"60"},{"id":281474986672339,"level":2,"status":0,"posx":11,"posy":11,"cityid":152,"townid":380,"tokenid":"d2ccfcc11ae97154c8b225e7cdd5170c","tokenurl":"/mcm/api/land?token=d2ccfcc11ae97154c8b225e7cdd5170c","imageurl":"/mcm/images/land/2A/10237_5507bf237e52.jpg","landname":"61"},{"id":281474986672340,"level":3,"status":0,"posx":12,"posy":11,"cityid":152,"townid":380,"tokenid":"783ac45650d9df156b6c3f776b09a69a","tokenurl":"/mcm/api/land?token=783ac45650d9df156b6c3f776b09a69a","imageurl":"/mcm/images/land/2B/17054_13389d4ef648.jpg","landname":"62"},{"id":281474986672341,"level":3,"status":0,"posx":21,"posy":11,"cityid":152,"townid":380,"tokenid":"caa5d98d2608c4fa41ef3fc3efde5395","tokenurl":"/mcm/api/land?token=caa5d98d2608c4fa41ef3fc3efde5395","imageurl":"/mcm/images/land/2B/17055_1d988939c5e3.jpg","landname":"63"},{"id":281474986672342,"level":1,"status":0,"posx":22,"posy":11,"cityid":152,"townid":380,"tokenid":"4b9f6a6b5f5fc7067e159a8d8038ec31","tokenurl":"/mcm/api/land?token=4b9f6a6b5f5fc7067e159a8d8038ec31","imageurl":"/mcm/images/land/2S/6825_56a5a5719e0d.jpg","landname":"64"},{"id":281474986672343,"level":2,"status":1,"posx":11,"posy":12,"cityid":152,"townid":380,"tokenid":"62aec822b35dd9c70607bc6db35ad9ea","tokenurl":"/mcm/api/land?token=62aec822b35dd9c70607bc6db35ad9ea","imageurl":"/mcm/images/land/2A/10238_5c84f216442.jpg","landname":"65"},{"id":281474986672344,"level":3,"status":1,"posx":12,"posy":12,"cityid":152,"townid":380,"tokenid":"95bc6adf064bdeaadab4a26871bf299b","tokenurl":"/mcm/api/land?token=95bc6adf064bdeaadab4a26871bf299b","imageurl":"/mcm/images/land/2B/17056_1984a4c196c.jpg","landname":"66"},{"id":281474986672345,"level":1,"status":0,"posx":11,"posy":13,"cityid":152,"townid":380,"tokenid":"03300510f2aa0c0fe5f25e005987f641","tokenurl":"/mcm/api/land?token=03300510f2aa0c0fe5f25e005987f641","imageurl":"/mcm/images/land/2S/6826_2dd7e4446cbd.jpg","landname":"67"},{"id":281474986672346,"level":3,"status":1,"posx":12,"posy":13,"cityid":152,"townid":380,"tokenid":"02c51c702c11975bb6226738d70aaa7b","tokenurl":"/mcm/api/land?token=02c51c702c11975bb6226738d70aaa7b","imageurl":"/mcm/images/land/2B/17057_3baa37082b3c.jpg","landname":"68"},{"id":281474986672347,"level":1,"status":0,"posx":11,"posy":14,"cityid":152,"townid":380,"tokenid":"749c020a1289cb3139018045744f82ef","tokenurl":"/mcm/api/land?token=749c020a1289cb3139018045744f82ef","imageurl":"/mcm/images/land/2S/6827_66ec519bc98.jpg","landname":"69"},{"id":281474986672348,"level":1,"status":0,"posx":12,"posy":14,"cityid":152,"townid":380,"tokenid":"548596c0420283eb3fcc84031589f481","tokenurl":"/mcm/api/land?token=548596c0420283eb3fcc84031589f481","imageurl":"/mcm/images/land/2S/6828_2fc16755401e.jpg","landname":"70"},{"id":281474986672349,"level":3,"status":1,"posx":8,"posy":20,"cityid":152,"townid":380,"tokenid":"a4424d75d235e090b76d72e59df0866f","tokenurl":"/mcm/api/land?token=a4424d75d235e090b76d72e59df0866f","imageurl":"/mcm/images/land/2B/17058_16884b7fa260.jpg","landname":"71"},{"id":281474986672350,"level":3,"status":1,"posx":9,"posy":20,"cityid":152,"townid":380,"tokenid":"64f68437ba1ebe283ff086b78d9275ba","tokenurl":"/mcm/api/land?token=64f68437ba1ebe283ff086b78d9275ba","imageurl":"/mcm/images/land/2B/17059_4c2e63dab01f.jpg","landname":"72"},{"id":281474986672351,"level":1,"status":1,"posx":10,"posy":20,"cityid":152,"townid":380,"tokenid":"a09e1b1ca23b731b0f2ffb9811c4473c","tokenurl":"/mcm/api/land?token=a09e1b1ca23b731b0f2ffb9811c4473c","imageurl":"/mcm/images/land/2S/6829_411596a2b46c.jpg","landname":"73"},{"id":281474986672352,"level":2,"status":1,"posx":11,"posy":20,"cityid":152,"townid":380,"tokenid":"ceff7816c48b6c20d828f83ecfe7008c","tokenurl":"/mcm/api/land?token=ceff7816c48b6c20d828f83ecfe7008c","imageurl":"/mcm/images/land/2A/10239_1da59eb4df79.jpg","landname":"74"},{"id":281474986672353,"level":2,"status":0,"posx":12,"posy":20,"cityid":152,"townid":380,"tokenid":"ad6b0a531668cbf1101f16aaaf3c803d","tokenurl":"/mcm/api/land?token=ad6b0a531668cbf1101f16aaaf3c803d","imageurl":"/mcm/images/land/2A/10240_4662d95327bf.jpg","landname":"75"},{"id":281474986672354,"level":3,"status":0,"posx":8,"posy":21,"cityid":152,"townid":380,"tokenid":"2143601a52f384e00ade645f51b2e3fe","tokenurl":"/mcm/api/land?token=2143601a52f384e00ade645f51b2e3fe","imageurl":"/mcm/images/land/2B/17060_15aac19ddde.jpg","landname":"76"},{"id":281474986672355,"level":3,"status":1,"posx":9,"posy":21,"cityid":152,"townid":380,"tokenid":"73732e04b7fb413211c37d8a006a59da","tokenurl":"/mcm/api/land?token=73732e04b7fb413211c37d8a006a59da","imageurl":"/mcm/images/land/2B/17061_3be46387a4a4.jpg","landname":"77"},{"id":281474986672356,"level":1,"status":1,"posx":10,"posy":21,"cityid":152,"townid":380,"tokenid":"d68005f49ec48b6fafb10900be2eba0c","tokenurl":"/mcm/api/land?token=d68005f49ec48b6fafb10900be2eba0c","imageurl":"/mcm/images/land/2S/6830_49ea4cef802d.jpg","landname":"78"},{"id":281474986672357,"level":2,"status":0,"posx":11,"posy":21,"cityid":152,"townid":380,"tokenid":"6ac3c4d286245dada6da4e26a906492b","tokenurl":"/mcm/api/land?token=6ac3c4d286245dada6da4e26a906492b","imageurl":"/mcm/images/land/2A/10241_107afbb9b3ff.jpg","landname":"79"},{"id":281474986672358,"level":3,"status":0,"posx":12,"posy":21,"cityid":152,"townid":380,"tokenid":"14af9e0e82b01db32de1ecf83807b30e","tokenurl":"/mcm/api/land?token=14af9e0e82b01db32de1ecf83807b30e","imageurl":"/mcm/images/land/2B/17062_182641d0c3ee.jpg","landname":"80"},{"id":281474986672359,"level":2,"status":0,"posx":27,"posy":22,"cityid":152,"townid":380,"tokenid":"f71f9fe9fb1c0f75fcebb908e2a13251","tokenurl":"/mcm/api/land?token=f71f9fe9fb1c0f75fcebb908e2a13251","imageurl":"/mcm/images/land/2A/10242_29b3441d18f7.jpg","landname":"81"},{"id":281474986672360,"level":3,"status":0,"posx":28,"posy":22,"cityid":152,"townid":380,"tokenid":"fe6865e235c17659a1a6effc4b4da660","tokenurl":"/mcm/api/land?token=fe6865e235c17659a1a6effc4b4da660","imageurl":"/mcm/images/land/2B/17063_2f153925ff7e.jpg","landname":"82"},{"id":281474986672361,"level":3,"status":0,"posx":29,"posy":22,"cityid":152,"townid":380,"tokenid":"5be7d3289b3ba79998832f9d1d1750d4","tokenurl":"/mcm/api/land?token=5be7d3289b3ba79998832f9d1d1750d4","imageurl":"/mcm/images/land/2B/17064_5123f117dc98.jpg","landname":"83"},{"id":281474986672362,"level":3,"status":1,"posx":30,"posy":22,"cityid":152,"townid":380,"tokenid":"ceefcc2b70bc056e5a3df3963a04d38a","tokenurl":"/mcm/api/land?token=ceefcc2b70bc056e5a3df3963a04d38a","imageurl":"/mcm/images/land/2B/17065_4eb5ba26eff.jpg","landname":"84"},{"id":281474986672363,"level":3,"status":1,"posx":31,"posy":22,"cityid":152,"townid":380,"tokenid":"07d702a0ca5b19aa7574aee0a3dff46f","tokenurl":"/mcm/api/land?token=07d702a0ca5b19aa7574aee0a3dff46f","imageurl":"/mcm/images/land/2B/17066_3865fdca6cd1.jpg","landname":"85"},{"id":281474986672364,"level":1,"status":1,"posx":27,"posy":23,"cityid":152,"townid":380,"tokenid":"5b78c4d4c5b5598846e361709786e6fb","tokenurl":"/mcm/api/land?token=5b78c4d4c5b5598846e361709786e6fb","imageurl":"/mcm/images/land/2S/6831_e5d2168bcce.jpg","landname":"86"},{"id":281474986672365,"level":2,"status":0,"posx":28,"posy":23,"cityid":152,"townid":380,"tokenid":"de590ea9b5264b9d568ce91bf981ccf8","tokenurl":"/mcm/api/land?token=de590ea9b5264b9d568ce91bf981ccf8","imageurl":"/mcm/images/land/2A/10243_56938244f85f.jpg","landname":"87"},{"id":281474986672366,"level":3,"status":0,"posx":29,"posy":23,"cityid":152,"townid":380,"tokenid":"5c964f366e8c3a2e1bbc621f1a89405a","tokenurl":"/mcm/api/land?token=5c964f366e8c3a2e1bbc621f1a89405a","imageurl":"/mcm/images/land/2B/17067_14eed3a09999.jpg","landname":"88"},{"id":281474986672367,"level":3,"status":0,"posx":30,"posy":23,"cityid":152,"townid":380,"tokenid":"13098359f8028b24702f0ef8b3591ec8","tokenurl":"/mcm/api/land?token=13098359f8028b24702f0ef8b3591ec8","imageurl":"/mcm/images/land/2B/17068_400ff862412c.jpg","landname":"89"},{"id":281474986672368,"level":2,"status":1,"posx":31,"posy":23,"cityid":152,"townid":380,"tokenid":"2380bf940ea2f2cc609f42a63fe0213b","tokenurl":"/mcm/api/land?token=2380bf940ea2f2cc609f42a63fe0213b","imageurl":"/mcm/images/land/2A/10244_383ac9731ad1.jpg","landname":"90"},{"id":281474986672369,"level":2,"status":0,"posx":8,"posy":24,"cityid":152,"townid":380,"tokenid":"878c08b00a3c6a3606bc91fcb0507036","tokenurl":"/mcm/api/land?token=878c08b00a3c6a3606bc91fcb0507036","imageurl":"/mcm/images/land/2A/10245_3309eeefc485.jpg","landname":"91"},{"id":281474986672370,"level":3,"status":0,"posx":9,"posy":24,"cityid":152,"townid":380,"tokenid":"eac18faf874f57cf6e26a6d8b023ede8","tokenurl":"/mcm/api/land?token=eac18faf874f57cf6e26a6d8b023ede8","imageurl":"/mcm/images/land/2B/17069_19428afd0679.jpg","landname":"92"},{"id":281474986672371,"level":3,"status":1,"posx":10,"posy":24,"cityid":152,"townid":380,"tokenid":"f0ade70d2212e2ec5be6d62de60fef81","tokenurl":"/mcm/api/land?token=f0ade70d2212e2ec5be6d62de60fef81","imageurl":"/mcm/images/land/2B/17070_35b8d097c075.jpg","landname":"93"},{"id":281474986672372,"level":3,"status":0,"posx":11,"posy":24,"cityid":152,"townid":380,"tokenid":"8dffa1ea479b77ac355f90aca7a287fd","tokenurl":"/mcm/api/land?token=8dffa1ea479b77ac355f90aca7a287fd","imageurl":"/mcm/images/land/2B/17071_319dfe9af759.jpg","landname":"94"},{"id":281474986672373,"level":2,"status":1,"posx":12,"posy":24,"cityid":152,"townid":380,"tokenid":"e6b5ed3a22d3e81561ef33abf8ec9f0d","tokenurl":"/mcm/api/land?token=e6b5ed3a22d3e81561ef33abf8ec9f0d","imageurl":"/mcm/images/land/2A/10246_3c9f94d77193.jpg","landname":"95"},{"id":281474986672374,"level":1,"status":0,"posx":17,"posy":24,"cityid":152,"townid":380,"tokenid":"97e6c03c9ae6909508176fa3c743b3df","tokenurl":"/mcm/api/land?token=97e6c03c9ae6909508176fa3c743b3df","imageurl":"/mcm/images/land/2S/6832_3e98cdb7557e.jpg","landname":"96"},{"id":281474986672375,"level":2,"status":0,"posx":18,"posy":24,"cityid":152,"townid":380,"tokenid":"a6983f4f110941c146948176209b60bd","tokenurl":"/mcm/api/land?token=a6983f4f110941c146948176209b60bd","imageurl":"/mcm/images/land/2A/10247_5641cc77d2f.jpg","landname":"97"},{"id":281474986672376,"level":1,"status":1,"posx":19,"posy":24,"cityid":152,"townid":380,"tokenid":"3386f2fba0be7a50aa5bde84f4a5cee4","tokenurl":"/mcm/api/land?token=3386f2fba0be7a50aa5bde84f4a5cee4","imageurl":"/mcm/images/land/2S/6833_2f7e6809d748.jpg","landname":"98"},{"id":281474986672377,"level":3,"status":1,"posx":20,"posy":24,"cityid":152,"townid":380,"tokenid":"0c591f55c93834fe9cdd3305f64553d8","tokenurl":"/mcm/api/land?token=0c591f55c93834fe9cdd3305f64553d8","imageurl":"/mcm/images/land/2B/17072_47436e832fe3.jpg","landname":"99"},{"id":281474986672378,"level":1,"status":0,"posx":21,"posy":24,"cityid":152,"townid":380,"tokenid":"e7dcd186ad0b91206b8983dbdb346deb","tokenurl":"/mcm/api/land?token=e7dcd186ad0b91206b8983dbdb346deb","imageurl":"/mcm/images/land/2S/6834_44f1ae494439.jpg","landname":"100"},{"id":281474986672379,"level":2,"status":0,"posx":8,"posy":25,"cityid":152,"townid":380,"tokenid":"035eaeaf78b141165758bcc18686c285","tokenurl":"/mcm/api/land?token=035eaeaf78b141165758bcc18686c285","imageurl":"/mcm/images/land/2A/10248_4a9ec209049.jpg","landname":"101"},{"id":281474986672380,"level":3,"status":1,"posx":9,"posy":25,"cityid":152,"townid":380,"tokenid":"8cb6849ab2f65a27b22393161faf4686","tokenurl":"/mcm/api/land?token=8cb6849ab2f65a27b22393161faf4686","imageurl":"/mcm/images/land/2B/17073_3979cb07b988.jpg","landname":"102"},{"id":281474986672381,"level":2,"status":0,"posx":10,"posy":25,"cityid":152,"townid":380,"tokenid":"8ae087cf7614844afe5c7880367092ae","tokenurl":"/mcm/api/land?token=8ae087cf7614844afe5c7880367092ae","imageurl":"/mcm/images/land/2A/10249_1815edd632f9.jpg","landname":"103"},{"id":281474986672382,"level":2,"status":1,"posx":11,"posy":25,"cityid":152,"townid":380,"tokenid":"dc49e0cbc45ac78f37aa4f190813ad47","tokenurl":"/mcm/api/land?token=dc49e0cbc45ac78f37aa4f190813ad47","imageurl":"/mcm/images/land/2A/10250_420f33511e38.jpg","landname":"104"},{"id":281474986672383,"level":3,"status":1,"posx":12,"posy":25,"cityid":152,"townid":380,"tokenid":"91b2d64b4500dc36ac706503bff770f0","tokenurl":"/mcm/api/land?token=91b2d64b4500dc36ac706503bff770f0","imageurl":"/mcm/images/land/2B/17074_4dcdd9533ffc.jpg","landname":"105"},{"id":281474986672384,"level":3,"status":0,"posx":17,"posy":25,"cityid":152,"townid":380,"tokenid":"1ab516b4097395ce3556b2c365748279","tokenurl":"/mcm/api/land?token=1ab516b4097395ce3556b2c365748279","imageurl":"/mcm/images/land/2B/17075_2cc096e0a77c.jpg","landname":"106"},{"id":281474986672385,"level":3,"status":0,"posx":18,"posy":25,"cityid":152,"townid":380,"tokenid":"d22623fc16358aafddbc6f94028f19b3","tokenurl":"/mcm/api/land?token=d22623fc16358aafddbc6f94028f19b3","imageurl":"/mcm/images/land/2B/17076_4e96f09ec276.jpg","landname":"107"},{"id":281474986672386,"level":3,"status":1,"posx":19,"posy":25,"cityid":152,"townid":380,"tokenid":"cc3fb97a91c5d8333d40162854012040","tokenurl":"/mcm/api/land?token=cc3fb97a91c5d8333d40162854012040","imageurl":"/mcm/images/land/2B/17077_29257ae67ac2.jpg","landname":"108"},{"id":281474986672387,"level":2,"status":1,"posx":20,"posy":25,"cityid":152,"townid":380,"tokenid":"35164c7940bfdb309e1fe792fa52223e","tokenurl":"/mcm/api/land?token=35164c7940bfdb309e1fe792fa52223e","imageurl":"/mcm/images/land/2A/10251_e68e7bf06fa.jpg","landname":"109"},{"id":281474986672388,"level":3,"status":1,"posx":21,"posy":25,"cityid":152,"townid":380,"tokenid":"0a1dc8f1681aab6b9c69ecfbc4b03581","tokenurl":"/mcm/api/land?token=0a1dc8f1681aab6b9c69ecfbc4b03581","imageurl":"/mcm/images/land/2B/17078_13dfc8fef09c.jpg","landname":"110"},{"id":281474986672389,"level":3,"status":1,"posx":27,"posy":26,"cityid":152,"townid":380,"tokenid":"382a3e7d741bc9db0c4d1beeae4d1194","tokenurl":"/mcm/api/land?token=382a3e7d741bc9db0c4d1beeae4d1194","imageurl":"/mcm/images/land/2B/17079_552ecef10792.jpg","landname":"111"},{"id":281474986672390,"level":3,"status":1,"posx":28,"posy":26,"cityid":152,"townid":380,"tokenid":"ff4e6929758d191498166c422a70e12a","tokenurl":"/mcm/api/land?token=ff4e6929758d191498166c422a70e12a","imageurl":"/mcm/images/land/2B/17080_1e6916a5f80c.jpg","landname":"112"},{"id":281474986672391,"level":3,"status":1,"posx":27,"posy":27,"cityid":152,"townid":380,"tokenid":"b7ff8ca94b3e53077dbb662f05904f47","tokenurl":"/mcm/api/land?token=b7ff8ca94b3e53077dbb662f05904f47","imageurl":"/mcm/images/land/2B/17081_5a20c4dbfb0d.jpg","landname":"113"},{"id":281474986672392,"level":2,"status":0,"posx":28,"posy":27,"cityid":152,"townid":380,"tokenid":"d6fe34ffeb60b32f14cf9239af457530","tokenurl":"/mcm/api/land?token=d6fe34ffeb60b32f14cf9239af457530","imageurl":"/mcm/images/land/2A/10252_1e0afef558ab.jpg","landname":"114"},{"id":281474986672393,"level":3,"status":0,"posx":32,"posy":27,"cityid":152,"townid":380,"tokenid":"c1189c7cc6d6a7273f2be8764a584a25","tokenurl":"/mcm/api/land?token=c1189c7cc6d6a7273f2be8764a584a25","imageurl":"/mcm/images/land/2B/17082_42cfc1ffaf1.jpg","landname":"115"},{"id":281474986672394,"level":3,"status":0,"posx":33,"posy":27,"cityid":152,"townid":380,"tokenid":"9740642de8696208eb84cc7a71248761","tokenurl":"/mcm/api/land?token=9740642de8696208eb84cc7a71248761","imageurl":"/mcm/images/land/2B/17083_4c929416cc95.jpg","landname":"116"},{"id":281474986672395,"level":1,"status":1,"posx":8,"posy":28,"cityid":152,"townid":380,"tokenid":"dffa190d277a173a3eef46ad73de1f44","tokenurl":"/mcm/api/land?token=dffa190d277a173a3eef46ad73de1f44","imageurl":"/mcm/images/land/2S/6835_2928e8365dbe.jpg","landname":"117"},{"id":281474986672396,"level":3,"status":0,"posx":9,"posy":28,"cityid":152,"townid":380,"tokenid":"a79acbba842ba4df9e4898c4e6c5ecb2","tokenurl":"/mcm/api/land?token=a79acbba842ba4df9e4898c4e6c5ecb2","imageurl":"/mcm/images/land/2B/17084_3a739bce6ff.jpg","landname":"118"},{"id":281474986672397,"level":3,"status":0,"posx":10,"posy":28,"cityid":152,"townid":380,"tokenid":"333ded3df157a9c51205cde0c8d1f59c","tokenurl":"/mcm/api/land?token=333ded3df157a9c51205cde0c8d1f59c","imageurl":"/mcm/images/land/2B/17085_3d18f437693f.jpg","landname":"119"},{"id":281474986672398,"level":3,"status":0,"posx":11,"posy":28,"cityid":152,"townid":380,"tokenid":"e2f22beee89333e220eba00a4374c0b1","tokenurl":"/mcm/api/land?token=e2f22beee89333e220eba00a4374c0b1","imageurl":"/mcm/images/land/2B/17086_4ede6273ec04.jpg","landname":"120"},{"id":281474986672399,"level":3,"status":1,"posx":12,"posy":28,"cityid":152,"townid":380,"tokenid":"4eecc9f9bb5bac4782be409a4d18d11e","tokenurl":"/mcm/api/land?token=4eecc9f9bb5bac4782be409a4d18d11e","imageurl":"/mcm/images/land/2B/17087_4a3e42120003.jpg","landname":"121"},{"id":281474986672400,"level":3,"status":0,"posx":17,"posy":28,"cityid":152,"townid":380,"tokenid":"e88bb9f5c4325ae8eb11aa5b0187c8f9","tokenurl":"/mcm/api/land?token=e88bb9f5c4325ae8eb11aa5b0187c8f9","imageurl":"/mcm/images/land/2B/17088_289125636397.jpg","landname":"122"},{"id":281474986672401,"level":3,"status":1,"posx":18,"posy":28,"cityid":152,"townid":380,"tokenid":"16b3a72cde4a6275edbe05cb2fb9b3c5","tokenurl":"/mcm/api/land?token=16b3a72cde4a6275edbe05cb2fb9b3c5","imageurl":"/mcm/images/land/2B/17089_9c044c9ce41.jpg","landname":"123"},{"id":281474986672402,"level":3,"status":1,"posx":19,"posy":28,"cityid":152,"townid":380,"tokenid":"fe952999b3356fe3ebc998b50a909ef5","tokenurl":"/mcm/api/land?token=fe952999b3356fe3ebc998b50a909ef5","imageurl":"/mcm/images/land/2B/17090_41308334ab26.jpg","landname":"124"},{"id":281474986672403,"level":3,"status":0,"posx":20,"posy":28,"cityid":152,"townid":380,"tokenid":"8fe3fa0c018be4ce83ba689b88c951dc","tokenurl":"/mcm/api/land?token=8fe3fa0c018be4ce83ba689b88c951dc","imageurl":"/mcm/images/land/2B/17091_5124c4339511.jpg","landname":"125"},{"id":281474986672404,"level":2,"status":0,"posx":21,"posy":28,"cityid":152,"townid":380,"tokenid":"676fa18cc57c9ddc916ca5119f9533ae","tokenurl":"/mcm/api/land?token=676fa18cc57c9ddc916ca5119f9533ae","imageurl":"/mcm/images/land/2A/10253_38b1b93d9307.jpg","landname":"126"},{"id":281474986672405,"level":3,"status":0,"posx":27,"posy":28,"cityid":152,"townid":380,"tokenid":"0be3f11af163991be60a3bd1e3196525","tokenurl":"/mcm/api/land?token=0be3f11af163991be60a3bd1e3196525","imageurl":"/mcm/images/land/2B/17092_4f5251b1fe2a.jpg","landname":"127"},{"id":281474986672406,"level":2,"status":1,"posx":28,"posy":28,"cityid":152,"townid":380,"tokenid":"629d1847353d6b6059da9720844e7ee3","tokenurl":"/mcm/api/land?token=629d1847353d6b6059da9720844e7ee3","imageurl":"/mcm/images/land/2A/10254_20a6320f43ce.jpg","landname":"128"},{"id":281474986672407,"level":2,"status":1,"posx":32,"posy":28,"cityid":152,"townid":380,"tokenid":"ec9dd7c44181bfbc205b9f488957b74c","tokenurl":"/mcm/api/land?token=ec9dd7c44181bfbc205b9f488957b74c","imageurl":"/mcm/images/land/2A/10255_46d6599fcb13.jpg","landname":"129"},{"id":281474986672408,"level":3,"status":1,"posx":33,"posy":28,"cityid":152,"townid":380,"tokenid":"c42ddb30a578cc0f3f90795179bd40da","tokenurl":"/mcm/api/land?token=c42ddb30a578cc0f3f90795179bd40da","imageurl":"/mcm/images/land/2B/17093_2fb6b50947c1.jpg","landname":"130"},{"id":281474986672409,"level":2,"status":0,"posx":8,"posy":29,"cityid":152,"townid":380,"tokenid":"e59e0d08dedd8f1cd872aca9144b56e5","tokenurl":"/mcm/api/land?token=e59e0d08dedd8f1cd872aca9144b56e5","imageurl":"/mcm/images/land/2A/10256_464b37bc001e.jpg","landname":"131"},{"id":281474986672410,"level":2,"status":0,"posx":9,"posy":29,"cityid":152,"townid":380,"tokenid":"0b134259f21796dc10a50b4630b0bc5e","tokenurl":"/mcm/api/land?token=0b134259f21796dc10a50b4630b0bc5e","imageurl":"/mcm/images/land/2A/10257_6349673e4cd.jpg","landname":"132"},{"id":281474986672411,"level":3,"status":1,"posx":10,"posy":29,"cityid":152,"townid":380,"tokenid":"96a48b13f3551a4bb5c99349f316bf7b","tokenurl":"/mcm/api/land?token=96a48b13f3551a4bb5c99349f316bf7b","imageurl":"/mcm/images/land/2B/17094_24924c7a89de.jpg","landname":"133"},{"id":281474986672412,"level":2,"status":0,"posx":11,"posy":29,"cityid":152,"townid":380,"tokenid":"9ec51b498c2b6b238cdd091fc0a729ea","tokenurl":"/mcm/api/land?token=9ec51b498c2b6b238cdd091fc0a729ea","imageurl":"/mcm/images/land/2A/10258_7e00a0e6d57.jpg","landname":"134"},{"id":281474986672413,"level":3,"status":0,"posx":12,"posy":29,"cityid":152,"townid":380,"tokenid":"569f3586563047d63818faf9ec6b192a","tokenurl":"/mcm/api/land?token=569f3586563047d63818faf9ec6b192a","imageurl":"/mcm/images/land/2B/17095_2794006f03fe.jpg","landname":"135"},{"id":281474986672414,"level":1,"status":1,"posx":17,"posy":29,"cityid":152,"townid":380,"tokenid":"a64be6a89e7c879c53285418f1c4db74","tokenurl":"/mcm/api/land?token=a64be6a89e7c879c53285418f1c4db74","imageurl":"/mcm/images/land/2S/6836_f3752058ae2.jpg","landname":"136"},{"id":281474986672415,"level":3,"status":0,"posx":18,"posy":29,"cityid":152,"townid":380,"tokenid":"1621f84e70480f735ab7af532295d048","tokenurl":"/mcm/api/land?token=1621f84e70480f735ab7af532295d048","imageurl":"/mcm/images/land/2B/17096_50af154a0d8.jpg","landname":"137"},{"id":281474986672416,"level":1,"status":1,"posx":19,"posy":29,"cityid":152,"townid":380,"tokenid":"e592a3e5308d425beb62f10ca2c05b70","tokenurl":"/mcm/api/land?token=e592a3e5308d425beb62f10ca2c05b70","imageurl":"/mcm/images/land/2S/6837_4c516f0fcfab.jpg","landname":"138"},{"id":281474986672417,"level":1,"status":1,"posx":20,"posy":29,"cityid":152,"townid":380,"tokenid":"d8c9f7b118fc1af5a3d10d7435af5c7f","tokenurl":"/mcm/api/land?token=d8c9f7b118fc1af5a3d10d7435af5c7f","imageurl":"/mcm/images/land/2S/6838_97a76b42c80.jpg","landname":"139"},{"id":281474986672418,"level":2,"status":0,"posx":21,"posy":29,"cityid":152,"townid":380,"tokenid":"49837d1ef2e098a08cf4f32d4428c8eb","tokenurl":"/mcm/api/land?token=49837d1ef2e098a08cf4f32d4428c8eb","imageurl":"/mcm/images/land/2A/10259_30fbeba61bf6.jpg","landname":"140"},{"id":281474986672419,"level":2,"status":1,"posx":27,"posy":29,"cityid":152,"townid":380,"tokenid":"c7e1b8f5b771f85cfbbf61a4d9d16a3e","tokenurl":"/mcm/api/land?token=c7e1b8f5b771f85cfbbf61a4d9d16a3e","imageurl":"/mcm/images/land/2A/10260_7ff70986f68.jpg","landname":"141"},{"id":281474986672420,"level":1,"status":0,"posx":28,"posy":29,"cityid":152,"townid":380,"tokenid":"ea38c85f306bebcd8d32774d90ce82ba","tokenurl":"/mcm/api/land?token=ea38c85f306bebcd8d32774d90ce82ba","imageurl":"/mcm/images/land/2S/6839_4d00f6b23e8a.jpg","landname":"142"},{"id":281474986672421,"level":3,"status":1,"posx":32,"posy":29,"cityid":152,"townid":380,"tokenid":"426c3f4d1648a435a7c9ba3f66c0da2f","tokenurl":"/mcm/api/land?token=426c3f4d1648a435a7c9ba3f66c0da2f","imageurl":"/mcm/images/land/2B/17097_23851a88c498.jpg","landname":"143"},{"id":281474986672422,"level":3,"status":0,"posx":33,"posy":29,"cityid":152,"townid":380,"tokenid":"8d84904b1dd4438fa563e5282837df1a","tokenurl":"/mcm/api/land?token=8d84904b1dd4438fa563e5282837df1a","imageurl":"/mcm/images/land/2B/17098_3c0b3ab692ea.jpg","landname":"144"},{"id":281474986672423,"level":3,"status":0,"posx":27,"posy":30,"cityid":152,"townid":380,"tokenid":"588eb411ee5b194a199c18879a4b7e47","tokenurl":"/mcm/api/land?token=588eb411ee5b194a199c18879a4b7e47","imageurl":"/mcm/images/land/2B/17099_2a30026345c5.jpg","landname":"145"},{"id":281474986672424,"level":3,"status":0,"posx":28,"posy":30,"cityid":152,"townid":380,"tokenid":"ceb25babe2614b9df75e4cdeffa797ce","tokenurl":"/mcm/api/land?token=ceb25babe2614b9df75e4cdeffa797ce","imageurl":"/mcm/images/land/2B/17100_208c0aa5be8c.jpg","landname":"146"},{"id":281474986672425,"level":1,"status":0,"posx":32,"posy":30,"cityid":152,"townid":380,"tokenid":"fad9ac5b1adae61ac6cc51589e1ab9cf","tokenurl":"/mcm/api/land?token=fad9ac5b1adae61ac6cc51589e1ab9cf","imageurl":"/mcm/images/land/2S/6840_3e00e024b852.jpg","landname":"147"},{"id":281474986672426,"level":1,"status":1,"posx":33,"posy":30,"cityid":152,"townid":380,"tokenid":"8c67a0f1f3e2da0da67943c1122a8299","tokenurl":"/mcm/api/land?token=8c67a0f1f3e2da0da67943c1122a8299","imageurl":"/mcm/images/land/2S/6841_2b5f00cffff6.jpg","landname":"148"},{"id":281474986672427,"level":3,"status":0,"posx":32,"posy":31,"cityid":152,"townid":380,"tokenid":"5a2a08d82c8e2b2099e7fc1b783db0b6","tokenurl":"/mcm/api/land?token=5a2a08d82c8e2b2099e7fc1b783db0b6","imageurl":"/mcm/images/land/2B/17101_2b40d8214c37.jpg","landname":"149"},{"id":281474986672428,"level":2,"status":0,"posx":33,"posy":31,"cityid":152,"townid":380,"tokenid":"2b0db628cd196585264bdd1e28af9aa0","tokenurl":"/mcm/api/land?token=2b0db628cd196585264bdd1e28af9aa0","imageurl":"/mcm/images/land/2A/10261_2a7aa984fe2f.jpg","landname":"150"}]]],0,0,[],[],[]]
