[1,0,0,[["cc.JsonAsset",["_name","json"],1]],[[0,0,1,3]],[[0,"1326",[{"id":281475016818839,"level":2,"status":1,"posx":7,"posy":5,"cityid":612,"townid":1326,"tokenid":"a7bf365790d014757f7dbe9e8bd72c7b","tokenurl":"/mcm/api/land?token=a7bf365790d014757f7dbe9e8bd72c7b","imageurl":"/mcm/images/land/2A/13727_34dc22af1354.jpg","landname":"1"},{"id":281475016818840,"level":2,"status":1,"posx":8,"posy":5,"cityid":612,"townid":1326,"tokenid":"56f0fbbbb04435743288d9053596f6c4","tokenurl":"/mcm/api/land?token=56f0fbbbb04435743288d9053596f6c4","imageurl":"/mcm/images/land/2A/13728_93795eba37d.jpg","landname":"2"},{"id":281475016818841,"level":3,"status":1,"posx":16,"posy":5,"cityid":612,"townid":1326,"tokenid":"96a9e1c5dfef90e58c849a48d7f8d018","tokenurl":"/mcm/api/land?token=96a9e1c5dfef90e58c849a48d7f8d018","imageurl":"/mcm/images/land/2B/22877_ca97704500d.jpg","landname":"3"},{"id":281475016818842,"level":1,"status":0,"posx":17,"posy":5,"cityid":612,"townid":1326,"tokenid":"3c392b971faecfb271c6d2017db0e816","tokenurl":"/mcm/api/land?token=3c392b971faecfb271c6d2017db0e816","imageurl":"/mcm/images/land/2S/9152_4adc6b2c8061.jpg","landname":"4"},{"id":281475016818843,"level":1,"status":0,"posx":20,"posy":5,"cityid":612,"townid":1326,"tokenid":"0277415e9dc20bdd3a17236c3509d069","tokenurl":"/mcm/api/land?token=0277415e9dc20bdd3a17236c3509d069","imageurl":"/mcm/images/land/2S/9153_51a15c8591f8.jpg","landname":"5"},{"id":281475016818844,"level":2,"status":0,"posx":21,"posy":5,"cityid":612,"townid":1326,"tokenid":"6e98a25ab8fee0d74f6e0ddba67ed713","tokenurl":"/mcm/api/land?token=6e98a25ab8fee0d74f6e0ddba67ed713","imageurl":"/mcm/images/land/2A/13729_441a7add1584.jpg","landname":"6"},{"id":281475016818845,"level":1,"status":0,"posx":7,"posy":6,"cityid":612,"townid":1326,"tokenid":"690f5870b85e8bd28d3f5a645efef068","tokenurl":"/mcm/api/land?token=690f5870b85e8bd28d3f5a645efef068","imageurl":"/mcm/images/land/2S/9154_3816efc91362.jpg","landname":"7"},{"id":281475016818846,"level":3,"status":1,"posx":8,"posy":6,"cityid":612,"townid":1326,"tokenid":"614c8f45e21cbc50dd78eade16898a18","tokenurl":"/mcm/api/land?token=614c8f45e21cbc50dd78eade16898a18","imageurl":"/mcm/images/land/2B/22878_444320ae929e.jpg","landname":"8"},{"id":281475016818847,"level":3,"status":0,"posx":16,"posy":6,"cityid":612,"townid":1326,"tokenid":"5e9ae64340113da63f1a331f7e1d7084","tokenurl":"/mcm/api/land?token=5e9ae64340113da63f1a331f7e1d7084","imageurl":"/mcm/images/land/2B/22879_247057bd0e74.jpg","landname":"9"},{"id":281475016818848,"level":3,"status":1,"posx":17,"posy":6,"cityid":612,"townid":1326,"tokenid":"9eb60edc465429f5a3ace4b22d2234c4","tokenurl":"/mcm/api/land?token=9eb60edc465429f5a3ace4b22d2234c4","imageurl":"/mcm/images/land/2B/22880_4931f3d8bf57.jpg","landname":"10"},{"id":281475016818849,"level":1,"status":0,"posx":20,"posy":6,"cityid":612,"townid":1326,"tokenid":"a4298e35191d6962fe44bac3acb5b022","tokenurl":"/mcm/api/land?token=a4298e35191d6962fe44bac3acb5b022","imageurl":"/mcm/images/land/2S/9155_2d806a505046.jpg","landname":"11"},{"id":281475016818850,"level":3,"status":1,"posx":21,"posy":6,"cityid":612,"townid":1326,"tokenid":"fa3183939d074c27f6d71453e45edd3f","tokenurl":"/mcm/api/land?token=fa3183939d074c27f6d71453e45edd3f","imageurl":"/mcm/images/land/2B/22881_56ec59bb12cd.jpg","landname":"12"},{"id":281475016818851,"level":2,"status":0,"posx":7,"posy":7,"cityid":612,"townid":1326,"tokenid":"ad2bba8249efb6e33bda8768b1a4872f","tokenurl":"/mcm/api/land?token=ad2bba8249efb6e33bda8768b1a4872f","imageurl":"/mcm/images/land/2A/13730_272cb81d32b7.jpg","landname":"13"},{"id":281475016818852,"level":1,"status":1,"posx":8,"posy":7,"cityid":612,"townid":1326,"tokenid":"fe1a528c14a48686edd3e3252c437db2","tokenurl":"/mcm/api/land?token=fe1a528c14a48686edd3e3252c437db2","imageurl":"/mcm/images/land/2S/9156_25f432a004ef.jpg","landname":"14"},{"id":281475016818853,"level":3,"status":0,"posx":16,"posy":7,"cityid":612,"townid":1326,"tokenid":"b3d12ee361cf15039bd14df8d25786c7","tokenurl":"/mcm/api/land?token=b3d12ee361cf15039bd14df8d25786c7","imageurl":"/mcm/images/land/2B/22882_3000e73bd9e6.jpg","landname":"15"},{"id":281475016818854,"level":3,"status":0,"posx":17,"posy":7,"cityid":612,"townid":1326,"tokenid":"0d55b00290cbc8471e2d3fa5f7eab83b","tokenurl":"/mcm/api/land?token=0d55b00290cbc8471e2d3fa5f7eab83b","imageurl":"/mcm/images/land/2B/22883_2b9b6e81adec.jpg","landname":"16"},{"id":281475016818855,"level":3,"status":1,"posx":20,"posy":7,"cityid":612,"townid":1326,"tokenid":"2a6f498f892eddde121860b48d4b0cc5","tokenurl":"/mcm/api/land?token=2a6f498f892eddde121860b48d4b0cc5","imageurl":"/mcm/images/land/2B/22884_154797a9980f.jpg","landname":"17"},{"id":281475016818856,"level":3,"status":1,"posx":21,"posy":7,"cityid":612,"townid":1326,"tokenid":"d9b3e37679c8c4303d6927911dd547d0","tokenurl":"/mcm/api/land?token=d9b3e37679c8c4303d6927911dd547d0","imageurl":"/mcm/images/land/2B/22885_419f92be3d85.jpg","landname":"18"},{"id":281475016818857,"level":3,"status":1,"posx":7,"posy":8,"cityid":612,"townid":1326,"tokenid":"4661753edf17a418b1a898b6caefb3ab","tokenurl":"/mcm/api/land?token=4661753edf17a418b1a898b6caefb3ab","imageurl":"/mcm/images/land/2B/22886_37101c2bcb14.jpg","landname":"19"},{"id":281475016818858,"level":3,"status":1,"posx":8,"posy":8,"cityid":612,"townid":1326,"tokenid":"476153d793fead9c33528f524239eedb","tokenurl":"/mcm/api/land?token=476153d793fead9c33528f524239eedb","imageurl":"/mcm/images/land/2B/22887_4685d7083c9c.jpg","landname":"20"},{"id":281475016818859,"level":1,"status":1,"posx":16,"posy":8,"cityid":612,"townid":1326,"tokenid":"e14b4a337bc26c57e05e3a8a1b595a4a","tokenurl":"/mcm/api/land?token=e14b4a337bc26c57e05e3a8a1b595a4a","imageurl":"/mcm/images/land/2S/9157_2a09bc39e892.jpg","landname":"21"},{"id":281475016818860,"level":1,"status":0,"posx":17,"posy":8,"cityid":612,"townid":1326,"tokenid":"c2fedb4a2d82e16e098493236ac322ef","tokenurl":"/mcm/api/land?token=c2fedb4a2d82e16e098493236ac322ef","imageurl":"/mcm/images/land/2S/9158_f2dbdb26a62.jpg","landname":"22"},{"id":281475016818861,"level":3,"status":0,"posx":20,"posy":8,"cityid":612,"townid":1326,"tokenid":"a80456485f3575f16c6a06b40844f7da","tokenurl":"/mcm/api/land?token=a80456485f3575f16c6a06b40844f7da","imageurl":"/mcm/images/land/2B/22888_f4ff7d90265.jpg","landname":"23"},{"id":281475016818862,"level":3,"status":0,"posx":21,"posy":8,"cityid":612,"townid":1326,"tokenid":"3582e94e3b6266392dc1383ae99119e7","tokenurl":"/mcm/api/land?token=3582e94e3b6266392dc1383ae99119e7","imageurl":"/mcm/images/land/2B/22889_3654ad7677d9.jpg","landname":"24"},{"id":281475016818863,"level":3,"status":0,"posx":28,"posy":8,"cityid":612,"townid":1326,"tokenid":"cc0faa079a6376c3f95536608ec558e5","tokenurl":"/mcm/api/land?token=cc0faa079a6376c3f95536608ec558e5","imageurl":"/mcm/images/land/2B/22890_6965c88d839.jpg","landname":"25"},{"id":281475016818864,"level":2,"status":1,"posx":29,"posy":8,"cityid":612,"townid":1326,"tokenid":"05cb6fa9ed8ee4d4eb084992647e7cad","tokenurl":"/mcm/api/land?token=05cb6fa9ed8ee4d4eb084992647e7cad","imageurl":"/mcm/images/land/2A/13731_56cf48164791.jpg","landname":"26"},{"id":281475016818865,"level":2,"status":0,"posx":32,"posy":8,"cityid":612,"townid":1326,"tokenid":"74e1672dcce42ba171e97d61da4cc9de","tokenurl":"/mcm/api/land?token=74e1672dcce42ba171e97d61da4cc9de","imageurl":"/mcm/images/land/2A/13732_2c6de9ba2c6b.jpg","landname":"27"},{"id":281475016818866,"level":3,"status":0,"posx":33,"posy":8,"cityid":612,"townid":1326,"tokenid":"784da3f286c3a404031922c7098ddd0c","tokenurl":"/mcm/api/land?token=784da3f286c3a404031922c7098ddd0c","imageurl":"/mcm/images/land/2B/22891_3486f5a44cf3.jpg","landname":"28"},{"id":281475016818867,"level":3,"status":1,"posx":7,"posy":9,"cityid":612,"townid":1326,"tokenid":"3d24ccb49e48abf04c855728e3d61fe2","tokenurl":"/mcm/api/land?token=3d24ccb49e48abf04c855728e3d61fe2","imageurl":"/mcm/images/land/2B/22892_17ace4b86e09.jpg","landname":"29"},{"id":281475016818868,"level":3,"status":0,"posx":8,"posy":9,"cityid":612,"townid":1326,"tokenid":"bff2412fca62b59c1cb639d9cd06ef6e","tokenurl":"/mcm/api/land?token=bff2412fca62b59c1cb639d9cd06ef6e","imageurl":"/mcm/images/land/2B/22893_1309d56b2a0f.jpg","landname":"30"},{"id":281475016818869,"level":2,"status":0,"posx":16,"posy":9,"cityid":612,"townid":1326,"tokenid":"b82f41b5e09aff4812f969fc7eec41dd","tokenurl":"/mcm/api/land?token=b82f41b5e09aff4812f969fc7eec41dd","imageurl":"/mcm/images/land/2A/13733_363c01e48c3a.jpg","landname":"31"},{"id":281475016818870,"level":2,"status":1,"posx":17,"posy":9,"cityid":612,"townid":1326,"tokenid":"f8df0e046dcbb64a64cd06e6710f58e5","tokenurl":"/mcm/api/land?token=f8df0e046dcbb64a64cd06e6710f58e5","imageurl":"/mcm/images/land/2A/13734_124b27be203e.jpg","landname":"32"},{"id":281475016818871,"level":3,"status":0,"posx":20,"posy":9,"cityid":612,"townid":1326,"tokenid":"ab462eb5a28025e64b7f8a820bed23b5","tokenurl":"/mcm/api/land?token=ab462eb5a28025e64b7f8a820bed23b5","imageurl":"/mcm/images/land/2B/22894_497926f1af3.jpg","landname":"33"},{"id":281475016818872,"level":1,"status":1,"posx":21,"posy":9,"cityid":612,"townid":1326,"tokenid":"bff18cdb259996f0265d0453af5351fe","tokenurl":"/mcm/api/land?token=bff18cdb259996f0265d0453af5351fe","imageurl":"/mcm/images/land/2S/9159_5597551ab2b5.jpg","landname":"34"},{"id":281475016818873,"level":2,"status":0,"posx":28,"posy":9,"cityid":612,"townid":1326,"tokenid":"386c0ce8586f5280a7c390893f9dab0f","tokenurl":"/mcm/api/land?token=386c0ce8586f5280a7c390893f9dab0f","imageurl":"/mcm/images/land/2A/13735_50fb7553247b.jpg","landname":"35"},{"id":281475016818874,"level":2,"status":0,"posx":29,"posy":9,"cityid":612,"townid":1326,"tokenid":"206e5c197bbf09f23f64c2f8f7df665d","tokenurl":"/mcm/api/land?token=206e5c197bbf09f23f64c2f8f7df665d","imageurl":"/mcm/images/land/2A/13736_409d269690e4.jpg","landname":"36"},{"id":281475016818875,"level":2,"status":1,"posx":32,"posy":9,"cityid":612,"townid":1326,"tokenid":"31fb03d203b2b06bee191bced9ebf15b","tokenurl":"/mcm/api/land?token=31fb03d203b2b06bee191bced9ebf15b","imageurl":"/mcm/images/land/2A/13737_3bb69a688691.jpg","landname":"37"},{"id":281475016818876,"level":3,"status":1,"posx":33,"posy":9,"cityid":612,"townid":1326,"tokenid":"ad60fa4498931c2ed20429756b2a7f4d","tokenurl":"/mcm/api/land?token=ad60fa4498931c2ed20429756b2a7f4d","imageurl":"/mcm/images/land/2B/22895_5816a8c7179e.jpg","landname":"38"},{"id":281475016818877,"level":1,"status":1,"posx":28,"posy":10,"cityid":612,"townid":1326,"tokenid":"d8e42b3d1e8c057909409e6c68d5b3ff","tokenurl":"/mcm/api/land?token=d8e42b3d1e8c057909409e6c68d5b3ff","imageurl":"/mcm/images/land/2S/9160_49dd003400a7.jpg","landname":"39"},{"id":281475016818878,"level":3,"status":1,"posx":29,"posy":10,"cityid":612,"townid":1326,"tokenid":"0172f2cad4fd114bc92883a6f51277c0","tokenurl":"/mcm/api/land?token=0172f2cad4fd114bc92883a6f51277c0","imageurl":"/mcm/images/land/2B/22896_1813c21effe.jpg","landname":"40"},{"id":281475016818879,"level":1,"status":0,"posx":32,"posy":10,"cityid":612,"townid":1326,"tokenid":"84ffb8accf0e0a93e1e92b299ef981ee","tokenurl":"/mcm/api/land?token=84ffb8accf0e0a93e1e92b299ef981ee","imageurl":"/mcm/images/land/2S/9161_1f4b50e5bcf.jpg","landname":"41"},{"id":281475016818880,"level":1,"status":1,"posx":33,"posy":10,"cityid":612,"townid":1326,"tokenid":"adf01e692ef37cc27663a428df911874","tokenurl":"/mcm/api/land?token=adf01e692ef37cc27663a428df911874","imageurl":"/mcm/images/land/2S/9162_3ba567a8601a.jpg","landname":"42"},{"id":281475016818881,"level":1,"status":0,"posx":28,"posy":11,"cityid":612,"townid":1326,"tokenid":"2298274750723302298078d683c3ed3d","tokenurl":"/mcm/api/land?token=2298274750723302298078d683c3ed3d","imageurl":"/mcm/images/land/2S/9163_3d8ff38ee26a.jpg","landname":"43"},{"id":281475016818882,"level":3,"status":1,"posx":29,"posy":11,"cityid":612,"townid":1326,"tokenid":"34be8aec0ff3dbabe2c15a338b1b4530","tokenurl":"/mcm/api/land?token=34be8aec0ff3dbabe2c15a338b1b4530","imageurl":"/mcm/images/land/2B/22897_7425c0cdc1e.jpg","landname":"44"},{"id":281475016818883,"level":3,"status":0,"posx":32,"posy":11,"cityid":612,"townid":1326,"tokenid":"5118b3fd97d71c27c5b356b1a2e785b1","tokenurl":"/mcm/api/land?token=5118b3fd97d71c27c5b356b1a2e785b1","imageurl":"/mcm/images/land/2B/22898_2f564be33c50.jpg","landname":"45"},{"id":281475016818884,"level":3,"status":1,"posx":33,"posy":11,"cityid":612,"townid":1326,"tokenid":"34cf0f24d11fe1aa9d1e409b7b96e11c","tokenurl":"/mcm/api/land?token=34cf0f24d11fe1aa9d1e409b7b96e11c","imageurl":"/mcm/images/land/2B/22899_3eb6348a72b2.jpg","landname":"46"},{"id":281475016818885,"level":1,"status":0,"posx":28,"posy":12,"cityid":612,"townid":1326,"tokenid":"6ba9916789be9ecee7d6a5f88715cdbf","tokenurl":"/mcm/api/land?token=6ba9916789be9ecee7d6a5f88715cdbf","imageurl":"/mcm/images/land/2S/9164_48706a9763c9.jpg","landname":"47"},{"id":281475016818886,"level":3,"status":1,"posx":29,"posy":12,"cityid":612,"townid":1326,"tokenid":"670f8d6b983d37942d13476b4abddbf1","tokenurl":"/mcm/api/land?token=670f8d6b983d37942d13476b4abddbf1","imageurl":"/mcm/images/land/2B/22900_a3f1c5b31d9.jpg","landname":"48"},{"id":281475016818887,"level":2,"status":1,"posx":32,"posy":12,"cityid":612,"townid":1326,"tokenid":"3e34e750f065ead041d34a45cb2f3733","tokenurl":"/mcm/api/land?token=3e34e750f065ead041d34a45cb2f3733","imageurl":"/mcm/images/land/2A/13738_3b9739da1ec5.jpg","landname":"49"},{"id":281475016818888,"level":2,"status":1,"posx":33,"posy":12,"cityid":612,"townid":1326,"tokenid":"51c16bf1b24ffee0e6beede36e1764c3","tokenurl":"/mcm/api/land?token=51c16bf1b24ffee0e6beede36e1764c3","imageurl":"/mcm/images/land/2A/13739_1e4d243c7aee.jpg","landname":"50"},{"id":281475016818889,"level":1,"status":1,"posx":23,"posy":14,"cityid":612,"townid":1326,"tokenid":"62f1beea9d62acf0994932424d8f2bfd","tokenurl":"/mcm/api/land?token=62f1beea9d62acf0994932424d8f2bfd","imageurl":"/mcm/images/land/2S/9165_ae313d10899.jpg","landname":"51"},{"id":281475016818890,"level":3,"status":1,"posx":24,"posy":14,"cityid":612,"townid":1326,"tokenid":"e69b5bc11729f53940dd1a38b6a0a150","tokenurl":"/mcm/api/land?token=e69b5bc11729f53940dd1a38b6a0a150","imageurl":"/mcm/images/land/2B/22901_1cb8ab82d6d7.jpg","landname":"52"},{"id":281475016818891,"level":3,"status":0,"posx":23,"posy":15,"cityid":612,"townid":1326,"tokenid":"aa5a11643cd44f8ac71eca9370011558","tokenurl":"/mcm/api/land?token=aa5a11643cd44f8ac71eca9370011558","imageurl":"/mcm/images/land/2B/22902_562fc1e05424.jpg","landname":"53"},{"id":281475016818892,"level":1,"status":1,"posx":24,"posy":15,"cityid":612,"townid":1326,"tokenid":"d540cd3281ca90ba5a3ec85db7d0118e","tokenurl":"/mcm/api/land?token=d540cd3281ca90ba5a3ec85db7d0118e","imageurl":"/mcm/images/land/2S/9166_251264d205d6.jpg","landname":"54"},{"id":281475016818893,"level":3,"status":0,"posx":33,"posy":15,"cityid":612,"townid":1326,"tokenid":"4684239cf2a0af831aa49f1d8288f81c","tokenurl":"/mcm/api/land?token=4684239cf2a0af831aa49f1d8288f81c","imageurl":"/mcm/images/land/2B/22903_40519f9dd8dd.jpg","landname":"55"},{"id":281475016818894,"level":2,"status":1,"posx":34,"posy":15,"cityid":612,"townid":1326,"tokenid":"9b4efae444738b4bd5bc72dd7baeeef3","tokenurl":"/mcm/api/land?token=9b4efae444738b4bd5bc72dd7baeeef3","imageurl":"/mcm/images/land/2A/13740_19d7d75d22a2.jpg","landname":"56"},{"id":281475016818895,"level":3,"status":0,"posx":11,"posy":16,"cityid":612,"townid":1326,"tokenid":"f6580299557d69affde77667ee7f4c64","tokenurl":"/mcm/api/land?token=f6580299557d69affde77667ee7f4c64","imageurl":"/mcm/images/land/2B/22904_5040fe660a41.jpg","landname":"57"},{"id":281475016818896,"level":3,"status":0,"posx":12,"posy":16,"cityid":612,"townid":1326,"tokenid":"e0049609d3efa2353c89cc7a276b78f4","tokenurl":"/mcm/api/land?token=e0049609d3efa2353c89cc7a276b78f4","imageurl":"/mcm/images/land/2B/22905_1ebeca83b503.jpg","landname":"58"},{"id":281475016818897,"level":2,"status":1,"posx":23,"posy":16,"cityid":612,"townid":1326,"tokenid":"5b65b81901e40e1d1654c7d4a00f9bed","tokenurl":"/mcm/api/land?token=5b65b81901e40e1d1654c7d4a00f9bed","imageurl":"/mcm/images/land/2A/13741_388790401929.jpg","landname":"59"},{"id":281475016818898,"level":2,"status":0,"posx":24,"posy":16,"cityid":612,"townid":1326,"tokenid":"56b5c9bf565b065ae4ffb302653dc52f","tokenurl":"/mcm/api/land?token=56b5c9bf565b065ae4ffb302653dc52f","imageurl":"/mcm/images/land/2A/13742_2e0f2dc7d476.jpg","landname":"60"},{"id":281475016818899,"level":3,"status":1,"posx":33,"posy":16,"cityid":612,"townid":1326,"tokenid":"fa631a43908ad90adfb9fb13b8922f06","tokenurl":"/mcm/api/land?token=fa631a43908ad90adfb9fb13b8922f06","imageurl":"/mcm/images/land/2B/22906_53924b49569c.jpg","landname":"61"},{"id":281475016818900,"level":3,"status":1,"posx":34,"posy":16,"cityid":612,"townid":1326,"tokenid":"79b81dbeb803217c8a0fca4fc5b6db9a","tokenurl":"/mcm/api/land?token=79b81dbeb803217c8a0fca4fc5b6db9a","imageurl":"/mcm/images/land/2B/22907_3c0620ba568d.jpg","landname":"62"},{"id":281475016818901,"level":3,"status":0,"posx":11,"posy":17,"cityid":612,"townid":1326,"tokenid":"113925dd6ad32f68632d9040613c9b39","tokenurl":"/mcm/api/land?token=113925dd6ad32f68632d9040613c9b39","imageurl":"/mcm/images/land/2B/22908_356b85e873d2.jpg","landname":"63"},{"id":281475016818902,"level":3,"status":1,"posx":12,"posy":17,"cityid":612,"townid":1326,"tokenid":"8968c9dec11bb06774c63310d5233061","tokenurl":"/mcm/api/land?token=8968c9dec11bb06774c63310d5233061","imageurl":"/mcm/images/land/2B/22909_246d3bc058b0.jpg","landname":"64"},{"id":281475016818903,"level":2,"status":1,"posx":23,"posy":17,"cityid":612,"townid":1326,"tokenid":"4c690b0683a046651b42c8e15d6e6564","tokenurl":"/mcm/api/land?token=4c690b0683a046651b42c8e15d6e6564","imageurl":"/mcm/images/land/2A/13743_3a2772414c6d.jpg","landname":"65"},{"id":281475016818904,"level":2,"status":0,"posx":24,"posy":17,"cityid":612,"townid":1326,"tokenid":"c7044def309902e27980ef16084309bd","tokenurl":"/mcm/api/land?token=c7044def309902e27980ef16084309bd","imageurl":"/mcm/images/land/2A/13744_2342372442c1.jpg","landname":"66"},{"id":281475016818905,"level":2,"status":0,"posx":33,"posy":17,"cityid":612,"townid":1326,"tokenid":"b051a36f1d0ab1fcc3e9b9e91754da31","tokenurl":"/mcm/api/land?token=b051a36f1d0ab1fcc3e9b9e91754da31","imageurl":"/mcm/images/land/2A/13745_1515f57af39.jpg","landname":"67"},{"id":281475016818906,"level":3,"status":0,"posx":34,"posy":17,"cityid":612,"townid":1326,"tokenid":"8cd44b0516d605853996078cf50c6604","tokenurl":"/mcm/api/land?token=8cd44b0516d605853996078cf50c6604","imageurl":"/mcm/images/land/2B/22910_2c2658af899e.jpg","landname":"68"},{"id":281475016818907,"level":2,"status":0,"posx":7,"posy":18,"cityid":612,"townid":1326,"tokenid":"fabf69af1dbdeefa6c5c4771e4252d0d","tokenurl":"/mcm/api/land?token=fabf69af1dbdeefa6c5c4771e4252d0d","imageurl":"/mcm/images/land/2A/13746_50cd5d4a29be.jpg","landname":"69"},{"id":281475016818908,"level":1,"status":0,"posx":8,"posy":18,"cityid":612,"townid":1326,"tokenid":"13e6d9ac916b57d54d586f526d10b285","tokenurl":"/mcm/api/land?token=13e6d9ac916b57d54d586f526d10b285","imageurl":"/mcm/images/land/2S/9167_3a9e7ffc27a1.jpg","landname":"70"},{"id":281475016818909,"level":3,"status":1,"posx":11,"posy":18,"cityid":612,"townid":1326,"tokenid":"9520c1b6228edfc1af174081521475e1","tokenurl":"/mcm/api/land?token=9520c1b6228edfc1af174081521475e1","imageurl":"/mcm/images/land/2B/22911_489024990c93.jpg","landname":"71"},{"id":281475016818910,"level":1,"status":0,"posx":12,"posy":18,"cityid":612,"townid":1326,"tokenid":"6004aef5c1937a42e7834f2ac283a561","tokenurl":"/mcm/api/land?token=6004aef5c1937a42e7834f2ac283a561","imageurl":"/mcm/images/land/2S/9168_83acad2ad50.jpg","landname":"72"},{"id":281475016818911,"level":2,"status":1,"posx":23,"posy":18,"cityid":612,"townid":1326,"tokenid":"69b6d89102be32c1668040a491ce56b3","tokenurl":"/mcm/api/land?token=69b6d89102be32c1668040a491ce56b3","imageurl":"/mcm/images/land/2A/13747_4473d68b734.jpg","landname":"73"},{"id":281475016818912,"level":3,"status":1,"posx":24,"posy":18,"cityid":612,"townid":1326,"tokenid":"9c81875229e21fcb2fd1b1d2b7455ca8","tokenurl":"/mcm/api/land?token=9c81875229e21fcb2fd1b1d2b7455ca8","imageurl":"/mcm/images/land/2B/22912_48c3a5397941.jpg","landname":"74"},{"id":281475016818913,"level":1,"status":1,"posx":33,"posy":18,"cityid":612,"townid":1326,"tokenid":"ff7c9253192efd8c6f53f141f06c78f9","tokenurl":"/mcm/api/land?token=ff7c9253192efd8c6f53f141f06c78f9","imageurl":"/mcm/images/land/2S/9169_31bd9a7628e.jpg","landname":"75"},{"id":281475016818914,"level":3,"status":0,"posx":34,"posy":18,"cityid":612,"townid":1326,"tokenid":"bf66793f27bdbe99c12ecb04f83c825e","tokenurl":"/mcm/api/land?token=bf66793f27bdbe99c12ecb04f83c825e","imageurl":"/mcm/images/land/2B/22913_366b59e20eec.jpg","landname":"76"},{"id":281475016818915,"level":3,"status":0,"posx":7,"posy":19,"cityid":612,"townid":1326,"tokenid":"83b8cea5463f48bb60846db4c89afe78","tokenurl":"/mcm/api/land?token=83b8cea5463f48bb60846db4c89afe78","imageurl":"/mcm/images/land/2B/22914_352325a6528.jpg","landname":"77"},{"id":281475016818916,"level":3,"status":0,"posx":8,"posy":19,"cityid":612,"townid":1326,"tokenid":"0e6a67fc1574b959fec1ad330870d4cc","tokenurl":"/mcm/api/land?token=0e6a67fc1574b959fec1ad330870d4cc","imageurl":"/mcm/images/land/2B/22915_304d6cd773f8.jpg","landname":"78"},{"id":281475016818917,"level":3,"status":1,"posx":11,"posy":19,"cityid":612,"townid":1326,"tokenid":"1a916ee768a1e5990cbf1b7cb44c5722","tokenurl":"/mcm/api/land?token=1a916ee768a1e5990cbf1b7cb44c5722","imageurl":"/mcm/images/land/2B/22916_4fa089b2a331.jpg","landname":"79"},{"id":281475016818918,"level":3,"status":1,"posx":12,"posy":19,"cityid":612,"townid":1326,"tokenid":"6f6958514cfa70c7fce39033f9d7f0a3","tokenurl":"/mcm/api/land?token=6f6958514cfa70c7fce39033f9d7f0a3","imageurl":"/mcm/images/land/2B/22917_11e91063e48f.jpg","landname":"80"},{"id":281475016818919,"level":3,"status":1,"posx":33,"posy":19,"cityid":612,"townid":1326,"tokenid":"b68c42150bb7a3acf87029e591eda361","tokenurl":"/mcm/api/land?token=b68c42150bb7a3acf87029e591eda361","imageurl":"/mcm/images/land/2B/22918_2f4eff132304.jpg","landname":"81"},{"id":281475016818920,"level":1,"status":0,"posx":34,"posy":19,"cityid":612,"townid":1326,"tokenid":"88c482cc8a6c9e9a84ee9b030e4a7a00","tokenurl":"/mcm/api/land?token=88c482cc8a6c9e9a84ee9b030e4a7a00","imageurl":"/mcm/images/land/2S/9170_207216dad2d0.jpg","landname":"82"},{"id":281475016818921,"level":3,"status":0,"posx":7,"posy":20,"cityid":612,"townid":1326,"tokenid":"f8c6b047edccf33b297fedd261a86f1c","tokenurl":"/mcm/api/land?token=f8c6b047edccf33b297fedd261a86f1c","imageurl":"/mcm/images/land/2B/22919_2bc3614f2812.jpg","landname":"83"},{"id":281475016818922,"level":1,"status":1,"posx":8,"posy":20,"cityid":612,"townid":1326,"tokenid":"9f219468939965485a6c360caabddfa1","tokenurl":"/mcm/api/land?token=9f219468939965485a6c360caabddfa1","imageurl":"/mcm/images/land/2S/9171_14b8f267761f.jpg","landname":"84"},{"id":281475016818923,"level":2,"status":0,"posx":11,"posy":20,"cityid":612,"townid":1326,"tokenid":"9eb117c3a5bb3a36b4675f0b0a0736fa","tokenurl":"/mcm/api/land?token=9eb117c3a5bb3a36b4675f0b0a0736fa","imageurl":"/mcm/images/land/2A/13748_2aecadaa1eff.jpg","landname":"85"},{"id":281475016818924,"level":3,"status":1,"posx":12,"posy":20,"cityid":612,"townid":1326,"tokenid":"00e420a165da1b8508e31e53b2090069","tokenurl":"/mcm/api/land?token=00e420a165da1b8508e31e53b2090069","imageurl":"/mcm/images/land/2B/22920_20d2c396fa5e.jpg","landname":"86"},{"id":281475016818925,"level":2,"status":0,"posx":7,"posy":21,"cityid":612,"townid":1326,"tokenid":"b3d3bdad9534081e6ea671122a3ef327","tokenurl":"/mcm/api/land?token=b3d3bdad9534081e6ea671122a3ef327","imageurl":"/mcm/images/land/2A/13749_1d530c4e093f.jpg","landname":"87"},{"id":281475016818926,"level":2,"status":1,"posx":8,"posy":21,"cityid":612,"townid":1326,"tokenid":"d0bf6fc2b47a636a57f4c760cab94f0a","tokenurl":"/mcm/api/land?token=d0bf6fc2b47a636a57f4c760cab94f0a","imageurl":"/mcm/images/land/2A/13750_4357ea77377b.jpg","landname":"88"},{"id":281475016818927,"level":2,"status":0,"posx":26,"posy":21,"cityid":612,"townid":1326,"tokenid":"a9f4827eaf02ad31a89317c2aca427a1","tokenurl":"/mcm/api/land?token=a9f4827eaf02ad31a89317c2aca427a1","imageurl":"/mcm/images/land/2A/13751_470f238cdb1d.jpg","landname":"89"},{"id":281475016818928,"level":3,"status":0,"posx":27,"posy":21,"cityid":612,"townid":1326,"tokenid":"d83149ef4af31f98545c9ee3cd2eacd4","tokenurl":"/mcm/api/land?token=d83149ef4af31f98545c9ee3cd2eacd4","imageurl":"/mcm/images/land/2B/22921_b1088106790.jpg","landname":"90"},{"id":281475016818929,"level":3,"status":0,"posx":7,"posy":22,"cityid":612,"townid":1326,"tokenid":"f22e4b2d3c95269dfbc356e2663ac2db","tokenurl":"/mcm/api/land?token=f22e4b2d3c95269dfbc356e2663ac2db","imageurl":"/mcm/images/land/2B/22922_3320b63fb0e2.jpg","landname":"91"},{"id":281475016818930,"level":3,"status":0,"posx":8,"posy":22,"cityid":612,"townid":1326,"tokenid":"67cebffc434109e15d93e972d23fc84f","tokenurl":"/mcm/api/land?token=67cebffc434109e15d93e972d23fc84f","imageurl":"/mcm/images/land/2B/22923_ebfb05ffd54.jpg","landname":"92"},{"id":281475016818931,"level":2,"status":0,"posx":23,"posy":22,"cityid":612,"townid":1326,"tokenid":"6a9c6f5145cbdcc2fb426c7868b534fd","tokenurl":"/mcm/api/land?token=6a9c6f5145cbdcc2fb426c7868b534fd","imageurl":"/mcm/images/land/2A/13752_3e3632ad762e.jpg","landname":"93"},{"id":281475016818932,"level":3,"status":1,"posx":24,"posy":22,"cityid":612,"townid":1326,"tokenid":"cc873a53b5eb60ece35815d00099aa77","tokenurl":"/mcm/api/land?token=cc873a53b5eb60ece35815d00099aa77","imageurl":"/mcm/images/land/2B/22924_5163647a8557.jpg","landname":"94"},{"id":281475016818933,"level":3,"status":1,"posx":26,"posy":22,"cityid":612,"townid":1326,"tokenid":"46103d201c6df4b7d0742eba7037e234","tokenurl":"/mcm/api/land?token=46103d201c6df4b7d0742eba7037e234","imageurl":"/mcm/images/land/2B/22925_558d31c4faa2.jpg","landname":"95"},{"id":281475016818934,"level":2,"status":1,"posx":27,"posy":22,"cityid":612,"townid":1326,"tokenid":"3af2ca89a8404f4d99cb5a3e90f9736f","tokenurl":"/mcm/api/land?token=3af2ca89a8404f4d99cb5a3e90f9736f","imageurl":"/mcm/images/land/2A/13753_e0ef9c3ee1a.jpg","landname":"96"},{"id":281475016818935,"level":2,"status":1,"posx":33,"posy":22,"cityid":612,"townid":1326,"tokenid":"f659d8422e84323d9d9614010a97a6f3","tokenurl":"/mcm/api/land?token=f659d8422e84323d9d9614010a97a6f3","imageurl":"/mcm/images/land/2A/13754_3fd40b0e00c6.jpg","landname":"97"},{"id":281475016818936,"level":3,"status":0,"posx":34,"posy":22,"cityid":612,"townid":1326,"tokenid":"21eb489c67973db305fe384040ca364b","tokenurl":"/mcm/api/land?token=21eb489c67973db305fe384040ca364b","imageurl":"/mcm/images/land/2B/22926_3b696acbe6fb.jpg","landname":"98"},{"id":281475016818937,"level":1,"status":1,"posx":23,"posy":23,"cityid":612,"townid":1326,"tokenid":"8a9b94816171f90ccd2b41466303a501","tokenurl":"/mcm/api/land?token=8a9b94816171f90ccd2b41466303a501","imageurl":"/mcm/images/land/2S/9172_2ad046aa96e4.jpg","landname":"99"},{"id":281475016818938,"level":1,"status":0,"posx":24,"posy":23,"cityid":612,"townid":1326,"tokenid":"60ef8aefdcad0655f8e182b3d15e83c9","tokenurl":"/mcm/api/land?token=60ef8aefdcad0655f8e182b3d15e83c9","imageurl":"/mcm/images/land/2S/9173_4104ffd535e7.jpg","landname":"100"},{"id":281475016818939,"level":3,"status":1,"posx":26,"posy":23,"cityid":612,"townid":1326,"tokenid":"508e0b6f975399beebc2f7a53eb1e531","tokenurl":"/mcm/api/land?token=508e0b6f975399beebc2f7a53eb1e531","imageurl":"/mcm/images/land/2B/22927_2612b82848b9.jpg","landname":"101"},{"id":281475016818940,"level":2,"status":0,"posx":27,"posy":23,"cityid":612,"townid":1326,"tokenid":"a9ab9e8408a600a7b16055ab23c43897","tokenurl":"/mcm/api/land?token=a9ab9e8408a600a7b16055ab23c43897","imageurl":"/mcm/images/land/2A/13755_52e7f9b73fb1.jpg","landname":"102"},{"id":281475016818941,"level":3,"status":1,"posx":33,"posy":23,"cityid":612,"townid":1326,"tokenid":"a8f82ef0f61aeaaa197c4aa54ade7f4d","tokenurl":"/mcm/api/land?token=a8f82ef0f61aeaaa197c4aa54ade7f4d","imageurl":"/mcm/images/land/2B/22928_2a0d0567d341.jpg","landname":"103"},{"id":281475016818942,"level":2,"status":0,"posx":34,"posy":23,"cityid":612,"townid":1326,"tokenid":"d57999c492e06f4cd8038e7a3a3b1211","tokenurl":"/mcm/api/land?token=d57999c492e06f4cd8038e7a3a3b1211","imageurl":"/mcm/images/land/2A/13756_14cbd0b79f5.jpg","landname":"104"},{"id":281475016818943,"level":3,"status":0,"posx":23,"posy":24,"cityid":612,"townid":1326,"tokenid":"e3e831740ab55a5abe3ea3d805854b75","tokenurl":"/mcm/api/land?token=e3e831740ab55a5abe3ea3d805854b75","imageurl":"/mcm/images/land/2B/22929_4568f23c0437.jpg","landname":"105"},{"id":281475016818944,"level":3,"status":0,"posx":24,"posy":24,"cityid":612,"townid":1326,"tokenid":"1cb4b8a934fe75cb6bc4a81b4b633f51","tokenurl":"/mcm/api/land?token=1cb4b8a934fe75cb6bc4a81b4b633f51","imageurl":"/mcm/images/land/2B/22930_4ded4ee73a3c.jpg","landname":"106"},{"id":281475016818945,"level":2,"status":1,"posx":26,"posy":24,"cityid":612,"townid":1326,"tokenid":"85397bcf1caf98737d5dcaa6228d10aa","tokenurl":"/mcm/api/land?token=85397bcf1caf98737d5dcaa6228d10aa","imageurl":"/mcm/images/land/2A/13757_428aab7c6010.jpg","landname":"107"},{"id":281475016818946,"level":1,"status":0,"posx":27,"posy":24,"cityid":612,"townid":1326,"tokenid":"3422623148a7940af2d57252bf344bd8","tokenurl":"/mcm/api/land?token=3422623148a7940af2d57252bf344bd8","imageurl":"/mcm/images/land/2S/9174_4ea5fd960485.jpg","landname":"108"},{"id":281475016818947,"level":3,"status":1,"posx":33,"posy":24,"cityid":612,"townid":1326,"tokenid":"9a2a7b27c32ff672ff7128085210e311","tokenurl":"/mcm/api/land?token=9a2a7b27c32ff672ff7128085210e311","imageurl":"/mcm/images/land/2B/22931_38950eb8559b.jpg","landname":"109"},{"id":281475016818948,"level":2,"status":0,"posx":34,"posy":24,"cityid":612,"townid":1326,"tokenid":"a8a1dc6079b50b6f4fb1b861a811105f","tokenurl":"/mcm/api/land?token=a8a1dc6079b50b6f4fb1b861a811105f","imageurl":"/mcm/images/land/2A/13758_1473b73dbffc.jpg","landname":"110"},{"id":281475016818949,"level":1,"status":0,"posx":23,"posy":25,"cityid":612,"townid":1326,"tokenid":"c34ebfd5eda0cb33005910bc08c0db35","tokenurl":"/mcm/api/land?token=c34ebfd5eda0cb33005910bc08c0db35","imageurl":"/mcm/images/land/2S/9175_583ecba13d8f.jpg","landname":"111"},{"id":281475016818950,"level":3,"status":1,"posx":24,"posy":25,"cityid":612,"townid":1326,"tokenid":"c2c9b9d3b8e8556693d8fac2d5ef5824","tokenurl":"/mcm/api/land?token=c2c9b9d3b8e8556693d8fac2d5ef5824","imageurl":"/mcm/images/land/2B/22932_5820f3885fac.jpg","landname":"112"},{"id":281475016818951,"level":3,"status":1,"posx":26,"posy":25,"cityid":612,"townid":1326,"tokenid":"702c90436f9fce39bbfd6d0398e03ac7","tokenurl":"/mcm/api/land?token=702c90436f9fce39bbfd6d0398e03ac7","imageurl":"/mcm/images/land/2B/22933_1771c5c8a802.jpg","landname":"113"},{"id":281475016818952,"level":1,"status":1,"posx":27,"posy":25,"cityid":612,"townid":1326,"tokenid":"3dc4b920dc0d16c84806e5996ede6785","tokenurl":"/mcm/api/land?token=3dc4b920dc0d16c84806e5996ede6785","imageurl":"/mcm/images/land/2S/9176_26b8a18ce6ed.jpg","landname":"114"},{"id":281475016818953,"level":3,"status":0,"posx":33,"posy":25,"cityid":612,"townid":1326,"tokenid":"91339c664a26cb0e0937277d7293514e","tokenurl":"/mcm/api/land?token=91339c664a26cb0e0937277d7293514e","imageurl":"/mcm/images/land/2B/22934_54ff8706a4da.jpg","landname":"115"},{"id":281475016818954,"level":2,"status":0,"posx":34,"posy":25,"cityid":612,"townid":1326,"tokenid":"40fa36b60b485d2ecdab27521f2c0182","tokenurl":"/mcm/api/land?token=40fa36b60b485d2ecdab27521f2c0182","imageurl":"/mcm/images/land/2A/13759_563b6392fae.jpg","landname":"116"},{"id":281475016818955,"level":2,"status":1,"posx":23,"posy":26,"cityid":612,"townid":1326,"tokenid":"053ce8039a9ffaa0bcb756c56c9889bd","tokenurl":"/mcm/api/land?token=053ce8039a9ffaa0bcb756c56c9889bd","imageurl":"/mcm/images/land/2A/13760_176a87636dda.jpg","landname":"117"},{"id":281475016818956,"level":1,"status":0,"posx":24,"posy":26,"cityid":612,"townid":1326,"tokenid":"66aab9f5d7207dc47ca0283de4383172","tokenurl":"/mcm/api/land?token=66aab9f5d7207dc47ca0283de4383172","imageurl":"/mcm/images/land/2S/9177_23493973b2af.jpg","landname":"118"},{"id":281475016818957,"level":3,"status":0,"posx":33,"posy":26,"cityid":612,"townid":1326,"tokenid":"4f31fdff3ca3be516dbdd5fd3a1fbc23","tokenurl":"/mcm/api/land?token=4f31fdff3ca3be516dbdd5fd3a1fbc23","imageurl":"/mcm/images/land/2B/22935_30e85f08e4d9.jpg","landname":"119"},{"id":281475016818958,"level":2,"status":0,"posx":34,"posy":26,"cityid":612,"townid":1326,"tokenid":"42adf58b2a2303d2d861ce40719e2179","tokenurl":"/mcm/api/land?token=42adf58b2a2303d2d861ce40719e2179","imageurl":"/mcm/images/land/2A/13761_2b4757e770d6.jpg","landname":"120"},{"id":281475016818959,"level":3,"status":1,"posx":31,"posy":27,"cityid":612,"townid":1326,"tokenid":"e60c230c2c2a51002491182f97a2289a","tokenurl":"/mcm/api/land?token=e60c230c2c2a51002491182f97a2289a","imageurl":"/mcm/images/land/2B/22936_36dd2dcee7f4.jpg","landname":"121"},{"id":281475016818960,"level":2,"status":1,"posx":32,"posy":27,"cityid":612,"townid":1326,"tokenid":"c0692a7ff864448aff503127ac69b804","tokenurl":"/mcm/api/land?token=c0692a7ff864448aff503127ac69b804","imageurl":"/mcm/images/land/2A/13762_152b0e091f6e.jpg","landname":"122"},{"id":281475016818961,"level":2,"status":0,"posx":6,"posy":28,"cityid":612,"townid":1326,"tokenid":"7244de9cff926a38e83e3c02e7482c93","tokenurl":"/mcm/api/land?token=7244de9cff926a38e83e3c02e7482c93","imageurl":"/mcm/images/land/2A/13763_51347fb275bd.jpg","landname":"123"},{"id":281475016818962,"level":3,"status":0,"posx":7,"posy":28,"cityid":612,"townid":1326,"tokenid":"bf650e37fac73f405f55f18dbe970f25","tokenurl":"/mcm/api/land?token=bf650e37fac73f405f55f18dbe970f25","imageurl":"/mcm/images/land/2B/22937_7304bdf4bb2.jpg","landname":"124"},{"id":281475016818963,"level":3,"status":0,"posx":9,"posy":28,"cityid":612,"townid":1326,"tokenid":"aeadbd55b28251714f2ceb20c3df8b43","tokenurl":"/mcm/api/land?token=aeadbd55b28251714f2ceb20c3df8b43","imageurl":"/mcm/images/land/2B/22938_4800ffaaeca8.jpg","landname":"125"},{"id":281475016818964,"level":3,"status":0,"posx":10,"posy":28,"cityid":612,"townid":1326,"tokenid":"2516d3935bbeb2ccaae8af9ad67865d5","tokenurl":"/mcm/api/land?token=2516d3935bbeb2ccaae8af9ad67865d5","imageurl":"/mcm/images/land/2B/22939_5ac26882279d.jpg","landname":"126"},{"id":281475016818965,"level":2,"status":1,"posx":31,"posy":28,"cityid":612,"townid":1326,"tokenid":"a0e0b9a77bfb6e283ba77551c003e9d4","tokenurl":"/mcm/api/land?token=a0e0b9a77bfb6e283ba77551c003e9d4","imageurl":"/mcm/images/land/2A/13764_548369663757.jpg","landname":"127"},{"id":281475016818966,"level":3,"status":0,"posx":32,"posy":28,"cityid":612,"townid":1326,"tokenid":"a2bc1ed1c1ff143990363dac7a852ec5","tokenurl":"/mcm/api/land?token=a2bc1ed1c1ff143990363dac7a852ec5","imageurl":"/mcm/images/land/2B/22940_2cee94512e27.jpg","landname":"128"},{"id":281475016818967,"level":3,"status":0,"posx":6,"posy":29,"cityid":612,"townid":1326,"tokenid":"64c573991e3252e2e77213d0eb13dd1f","tokenurl":"/mcm/api/land?token=64c573991e3252e2e77213d0eb13dd1f","imageurl":"/mcm/images/land/2B/22941_49e4ad846b12.jpg","landname":"129"},{"id":281475016818968,"level":3,"status":1,"posx":7,"posy":29,"cityid":612,"townid":1326,"tokenid":"f7c54508561d523c5d08e1d17f134e45","tokenurl":"/mcm/api/land?token=f7c54508561d523c5d08e1d17f134e45","imageurl":"/mcm/images/land/2B/22942_55e5d5f01ef4.jpg","landname":"130"},{"id":281475016818969,"level":2,"status":1,"posx":9,"posy":29,"cityid":612,"townid":1326,"tokenid":"a191bb62572cb24a15669ceb207cac38","tokenurl":"/mcm/api/land?token=a191bb62572cb24a15669ceb207cac38","imageurl":"/mcm/images/land/2A/13765_c50ce976bfc.jpg","landname":"131"},{"id":281475016818970,"level":2,"status":1,"posx":10,"posy":29,"cityid":612,"townid":1326,"tokenid":"6524733f990f6aa849ccc71c5683ed31","tokenurl":"/mcm/api/land?token=6524733f990f6aa849ccc71c5683ed31","imageurl":"/mcm/images/land/2A/13766_48b75bf85c5b.jpg","landname":"132"},{"id":281475016818971,"level":2,"status":1,"posx":31,"posy":29,"cityid":612,"townid":1326,"tokenid":"bc3a43adaf9b543c1117f28fe8385dd1","tokenurl":"/mcm/api/land?token=bc3a43adaf9b543c1117f28fe8385dd1","imageurl":"/mcm/images/land/2A/13767_24c56e0e3448.jpg","landname":"133"},{"id":281475016818972,"level":1,"status":1,"posx":32,"posy":29,"cityid":612,"townid":1326,"tokenid":"23d199bd0af12e6302386c3af094f8c4","tokenurl":"/mcm/api/land?token=23d199bd0af12e6302386c3af094f8c4","imageurl":"/mcm/images/land/2S/9178_3b4f248f5b5e.jpg","landname":"134"},{"id":281475016818973,"level":3,"status":1,"posx":6,"posy":30,"cityid":612,"townid":1326,"tokenid":"e98b1800f141281d3780a14984170f38","tokenurl":"/mcm/api/land?token=e98b1800f141281d3780a14984170f38","imageurl":"/mcm/images/land/2B/22943_13927160748c.jpg","landname":"135"},{"id":281475016818974,"level":2,"status":1,"posx":7,"posy":30,"cityid":612,"townid":1326,"tokenid":"0c294e1ce0d4ffacabd828e17d907cca","tokenurl":"/mcm/api/land?token=0c294e1ce0d4ffacabd828e17d907cca","imageurl":"/mcm/images/land/2A/13768_4a6c1fd47b59.jpg","landname":"136"},{"id":281475016818975,"level":1,"status":1,"posx":9,"posy":30,"cityid":612,"townid":1326,"tokenid":"3025a5eb12a9da23911664929ed7ff07","tokenurl":"/mcm/api/land?token=3025a5eb12a9da23911664929ed7ff07","imageurl":"/mcm/images/land/2S/9179_32e8b40b1aca.jpg","landname":"137"},{"id":281475016818976,"level":1,"status":1,"posx":10,"posy":30,"cityid":612,"townid":1326,"tokenid":"7c530c5175d1e5ac06629c401542f2bd","tokenurl":"/mcm/api/land?token=7c530c5175d1e5ac06629c401542f2bd","imageurl":"/mcm/images/land/2S/9180_3081e036abe0.jpg","landname":"138"},{"id":281475016818977,"level":3,"status":1,"posx":31,"posy":30,"cityid":612,"townid":1326,"tokenid":"cfedbfacedb2ff4885f3448b381ac399","tokenurl":"/mcm/api/land?token=cfedbfacedb2ff4885f3448b381ac399","imageurl":"/mcm/images/land/2B/22944_4b849fd3a241.jpg","landname":"139"},{"id":281475016818978,"level":3,"status":0,"posx":32,"posy":30,"cityid":612,"townid":1326,"tokenid":"0793c442317908e3c091b910f4c6bc5a","tokenurl":"/mcm/api/land?token=0793c442317908e3c091b910f4c6bc5a","imageurl":"/mcm/images/land/2B/22945_506c54340e4f.jpg","landname":"140"},{"id":281475016818979,"level":2,"status":0,"posx":6,"posy":31,"cityid":612,"townid":1326,"tokenid":"e85591f4f537a2c22ac20bded03287e2","tokenurl":"/mcm/api/land?token=e85591f4f537a2c22ac20bded03287e2","imageurl":"/mcm/images/land/2A/13769_af5d31959ea.jpg","landname":"141"},{"id":281475016818980,"level":1,"status":1,"posx":7,"posy":31,"cityid":612,"townid":1326,"tokenid":"a2a2591279c21c1c14d478e0888e525c","tokenurl":"/mcm/api/land?token=a2a2591279c21c1c14d478e0888e525c","imageurl":"/mcm/images/land/2S/9181_10627cb6d194.jpg","landname":"142"},{"id":281475016818981,"level":3,"status":0,"posx":9,"posy":31,"cityid":612,"townid":1326,"tokenid":"5928244d43c8d77e73e1a28d0966874b","tokenurl":"/mcm/api/land?token=5928244d43c8d77e73e1a28d0966874b","imageurl":"/mcm/images/land/2B/22946_2bd817c4f266.jpg","landname":"143"},{"id":281475016818982,"level":2,"status":0,"posx":10,"posy":31,"cityid":612,"townid":1326,"tokenid":"48eeb1e7d77748f72ca48275fe1b0b4a","tokenurl":"/mcm/api/land?token=48eeb1e7d77748f72ca48275fe1b0b4a","imageurl":"/mcm/images/land/2A/13770_2361fc818aaa.jpg","landname":"144"},{"id":281475016818983,"level":3,"status":1,"posx":31,"posy":31,"cityid":612,"townid":1326,"tokenid":"842545e85f109485515d1630facd8d5f","tokenurl":"/mcm/api/land?token=842545e85f109485515d1630facd8d5f","imageurl":"/mcm/images/land/2B/22947_49d81179fedf.jpg","landname":"145"},{"id":281475016818984,"level":3,"status":0,"posx":32,"posy":31,"cityid":612,"townid":1326,"tokenid":"09f008519d381a6316fdd9b0e912fd8e","tokenurl":"/mcm/api/land?token=09f008519d381a6316fdd9b0e912fd8e","imageurl":"/mcm/images/land/2B/22948_163a51f424a2.jpg","landname":"146"},{"id":281475016818985,"level":2,"status":0,"posx":6,"posy":32,"cityid":612,"townid":1326,"tokenid":"f053ab44d3bd528ad35e6a3e9d264a6e","tokenurl":"/mcm/api/land?token=f053ab44d3bd528ad35e6a3e9d264a6e","imageurl":"/mcm/images/land/2A/13771_4a899287874b.jpg","landname":"147"},{"id":281475016818986,"level":3,"status":1,"posx":7,"posy":32,"cityid":612,"townid":1326,"tokenid":"c3f06a6b6eb5ae0b3b29c05d8df56158","tokenurl":"/mcm/api/land?token=c3f06a6b6eb5ae0b3b29c05d8df56158","imageurl":"/mcm/images/land/2B/22949_8695e7d6a00.jpg","landname":"148"},{"id":281475016818987,"level":3,"status":0,"posx":9,"posy":32,"cityid":612,"townid":1326,"tokenid":"f2ff2f6ce11231de701fdd6f96b66638","tokenurl":"/mcm/api/land?token=f2ff2f6ce11231de701fdd6f96b66638","imageurl":"/mcm/images/land/2B/22950_22b80f4315b6.jpg","landname":"149"},{"id":281475016818988,"level":3,"status":1,"posx":10,"posy":32,"cityid":612,"townid":1326,"tokenid":"4eec3b8db7f4a29af001ac8a07ec3655","tokenurl":"/mcm/api/land?token=4eec3b8db7f4a29af001ac8a07ec3655","imageurl":"/mcm/images/land/2B/22951_5d600dceb74.jpg","landname":"150"}]]],0,0,[],[],[]]
