[1,0,0,[["cc.JsonAsset",["_name","json"],1]],[[0,0,1,3]],[[0,"831",[{"id":281475001483265,"level":1,"status":1,"posx":7,"posy":5,"cityid":378,"townid":831,"tokenid":"4045715930f7e2f3fa2c911c34aff726","tokenurl":"/mcm/api/land?token=4045715930f7e2f3fa2c911c34aff726","imageurl":"/mcm/images/land/2S/8102_2a41f00f168.jpg","landname":"1"},{"id":281475001483266,"level":3,"status":0,"posx":8,"posy":5,"cityid":378,"townid":831,"tokenid":"832f37babcca817e03a3b87d46831d2c","tokenurl":"/mcm/api/land?token=832f37babcca817e03a3b87d46831d2c","imageurl":"/mcm/images/land/2B/20252_3c3e1923d11f.jpg","landname":"2"},{"id":281475001483267,"level":3,"status":1,"posx":16,"posy":5,"cityid":378,"townid":831,"tokenid":"c822b73da3043ec9a9c211835e940f40","tokenurl":"/mcm/api/land?token=c822b73da3043ec9a9c211835e940f40","imageurl":"/mcm/images/land/2B/20253_154485445d3c.jpg","landname":"3"},{"id":281475001483268,"level":3,"status":0,"posx":17,"posy":5,"cityid":378,"townid":831,"tokenid":"38a75457a8d1cfa3196f6967c01097f0","tokenurl":"/mcm/api/land?token=38a75457a8d1cfa3196f6967c01097f0","imageurl":"/mcm/images/land/2B/20254_134c20c7c106.jpg","landname":"4"},{"id":281475001483269,"level":3,"status":1,"posx":20,"posy":5,"cityid":378,"townid":831,"tokenid":"a6ceb682358da9451799d18c83adced2","tokenurl":"/mcm/api/land?token=a6ceb682358da9451799d18c83adced2","imageurl":"/mcm/images/land/2B/20255_455007ad96c0.jpg","landname":"5"},{"id":281475001483270,"level":3,"status":1,"posx":21,"posy":5,"cityid":378,"townid":831,"tokenid":"78b571c3c4df0f0338f38bdca4bebc51","tokenurl":"/mcm/api/land?token=78b571c3c4df0f0338f38bdca4bebc51","imageurl":"/mcm/images/land/2B/20256_46a69787102c.jpg","landname":"6"},{"id":281475001483271,"level":1,"status":1,"posx":7,"posy":6,"cityid":378,"townid":831,"tokenid":"4652ba1dac7106b6555954f90198df8a","tokenurl":"/mcm/api/land?token=4652ba1dac7106b6555954f90198df8a","imageurl":"/mcm/images/land/2S/8103_1ff55820ac7a.jpg","landname":"7"},{"id":281475001483272,"level":3,"status":0,"posx":8,"posy":6,"cityid":378,"townid":831,"tokenid":"255734dd58754ec40df612690757bf00","tokenurl":"/mcm/api/land?token=255734dd58754ec40df612690757bf00","imageurl":"/mcm/images/land/2B/20257_30fedb040a6d.jpg","landname":"8"},{"id":281475001483273,"level":2,"status":1,"posx":16,"posy":6,"cityid":378,"townid":831,"tokenid":"5ec899315f7805692b31807aeef6db50","tokenurl":"/mcm/api/land?token=5ec899315f7805692b31807aeef6db50","imageurl":"/mcm/images/land/2A/12152_150d9c99a463.jpg","landname":"9"},{"id":281475001483274,"level":3,"status":1,"posx":17,"posy":6,"cityid":378,"townid":831,"tokenid":"849153ec5c9f71e76f5f36bd7c9b2100","tokenurl":"/mcm/api/land?token=849153ec5c9f71e76f5f36bd7c9b2100","imageurl":"/mcm/images/land/2B/20258_279619d6fa69.jpg","landname":"10"},{"id":281475001483275,"level":2,"status":0,"posx":20,"posy":6,"cityid":378,"townid":831,"tokenid":"f831cfead1f11304751f3e3e71baf86a","tokenurl":"/mcm/api/land?token=f831cfead1f11304751f3e3e71baf86a","imageurl":"/mcm/images/land/2A/12153_38b031f62bd5.jpg","landname":"11"},{"id":281475001483276,"level":2,"status":0,"posx":21,"posy":6,"cityid":378,"townid":831,"tokenid":"48e6161e496cd90ebe2e1eb4cff6e451","tokenurl":"/mcm/api/land?token=48e6161e496cd90ebe2e1eb4cff6e451","imageurl":"/mcm/images/land/2A/12154_39f5f93bd28b.jpg","landname":"12"},{"id":281475001483277,"level":3,"status":1,"posx":7,"posy":7,"cityid":378,"townid":831,"tokenid":"0751a6519c127a6be9ffa1fa3a084e54","tokenurl":"/mcm/api/land?token=0751a6519c127a6be9ffa1fa3a084e54","imageurl":"/mcm/images/land/2B/20259_2069e6490195.jpg","landname":"13"},{"id":281475001483278,"level":3,"status":0,"posx":8,"posy":7,"cityid":378,"townid":831,"tokenid":"df5e71061cf54a7899fe7fe2b362900e","tokenurl":"/mcm/api/land?token=df5e71061cf54a7899fe7fe2b362900e","imageurl":"/mcm/images/land/2B/20260_2612fe74302c.jpg","landname":"14"},{"id":281475001483279,"level":3,"status":0,"posx":16,"posy":7,"cityid":378,"townid":831,"tokenid":"821020d9e8c88a25e1e958c36f6a0e8c","tokenurl":"/mcm/api/land?token=821020d9e8c88a25e1e958c36f6a0e8c","imageurl":"/mcm/images/land/2B/20261_20395a0dc92.jpg","landname":"15"},{"id":281475001483280,"level":2,"status":1,"posx":17,"posy":7,"cityid":378,"townid":831,"tokenid":"4db159d01dbfb345e80e99cc3ebd8aed","tokenurl":"/mcm/api/land?token=4db159d01dbfb345e80e99cc3ebd8aed","imageurl":"/mcm/images/land/2A/12155_3386ef4b518e.jpg","landname":"16"},{"id":281475001483281,"level":1,"status":0,"posx":20,"posy":7,"cityid":378,"townid":831,"tokenid":"51882880611d1abd158291a85dc36736","tokenurl":"/mcm/api/land?token=51882880611d1abd158291a85dc36736","imageurl":"/mcm/images/land/2S/8104_16e37cd73f99.jpg","landname":"17"},{"id":281475001483282,"level":1,"status":0,"posx":21,"posy":7,"cityid":378,"townid":831,"tokenid":"00bd9f4c5bddfa98f60dc7628ef90715","tokenurl":"/mcm/api/land?token=00bd9f4c5bddfa98f60dc7628ef90715","imageurl":"/mcm/images/land/2S/8105_7731250e91f.jpg","landname":"18"},{"id":281475001483283,"level":1,"status":1,"posx":7,"posy":8,"cityid":378,"townid":831,"tokenid":"ae9eac3d2b7d39c0211aaf3c542889c0","tokenurl":"/mcm/api/land?token=ae9eac3d2b7d39c0211aaf3c542889c0","imageurl":"/mcm/images/land/2S/8106_43813d2b0f8.jpg","landname":"19"},{"id":281475001483284,"level":3,"status":1,"posx":8,"posy":8,"cityid":378,"townid":831,"tokenid":"70bf13679b6779caac2b6fed4199f419","tokenurl":"/mcm/api/land?token=70bf13679b6779caac2b6fed4199f419","imageurl":"/mcm/images/land/2B/20262_448cf764b386.jpg","landname":"20"},{"id":281475001483285,"level":3,"status":1,"posx":16,"posy":8,"cityid":378,"townid":831,"tokenid":"9d39ceebbc58fafa75b25b9a506f775d","tokenurl":"/mcm/api/land?token=9d39ceebbc58fafa75b25b9a506f775d","imageurl":"/mcm/images/land/2B/20263_510f308c0414.jpg","landname":"21"},{"id":281475001483286,"level":2,"status":1,"posx":17,"posy":8,"cityid":378,"townid":831,"tokenid":"b4cea1d4c5f741fa97b29eedd6d6fe59","tokenurl":"/mcm/api/land?token=b4cea1d4c5f741fa97b29eedd6d6fe59","imageurl":"/mcm/images/land/2A/12156_1df250d521d1.jpg","landname":"22"},{"id":281475001483287,"level":3,"status":0,"posx":20,"posy":8,"cityid":378,"townid":831,"tokenid":"769f2277b3aa1d7b5f8ae65f0f126096","tokenurl":"/mcm/api/land?token=769f2277b3aa1d7b5f8ae65f0f126096","imageurl":"/mcm/images/land/2B/20264_56d13655eba1.jpg","landname":"23"},{"id":281475001483288,"level":2,"status":0,"posx":21,"posy":8,"cityid":378,"townid":831,"tokenid":"fc8113ebde67d4dcc6e3e759d7709722","tokenurl":"/mcm/api/land?token=fc8113ebde67d4dcc6e3e759d7709722","imageurl":"/mcm/images/land/2A/12157_421326ffe69f.jpg","landname":"24"},{"id":281475001483289,"level":2,"status":0,"posx":28,"posy":8,"cityid":378,"townid":831,"tokenid":"8e4754392a1e5743eb00c96f27240c61","tokenurl":"/mcm/api/land?token=8e4754392a1e5743eb00c96f27240c61","imageurl":"/mcm/images/land/2A/12158_4449d17d8b09.jpg","landname":"25"},{"id":281475001483290,"level":1,"status":1,"posx":29,"posy":8,"cityid":378,"townid":831,"tokenid":"d62adb788c418365d31b59df536e75f6","tokenurl":"/mcm/api/land?token=d62adb788c418365d31b59df536e75f6","imageurl":"/mcm/images/land/2S/8107_54e63f66a1cd.jpg","landname":"26"},{"id":281475001483291,"level":3,"status":0,"posx":32,"posy":8,"cityid":378,"townid":831,"tokenid":"4ddbeb1886124ce01a74bc96f57571b6","tokenurl":"/mcm/api/land?token=4ddbeb1886124ce01a74bc96f57571b6","imageurl":"/mcm/images/land/2B/20265_19f9cd2dd9f9.jpg","landname":"27"},{"id":281475001483292,"level":1,"status":0,"posx":33,"posy":8,"cityid":378,"townid":831,"tokenid":"9c6792b02f3b98715d9796655ebb2984","tokenurl":"/mcm/api/land?token=9c6792b02f3b98715d9796655ebb2984","imageurl":"/mcm/images/land/2S/8108_3cf34d2a2e01.jpg","landname":"28"},{"id":281475001483293,"level":3,"status":0,"posx":7,"posy":9,"cityid":378,"townid":831,"tokenid":"792650451ec03a4c58c917cb6317d383","tokenurl":"/mcm/api/land?token=792650451ec03a4c58c917cb6317d383","imageurl":"/mcm/images/land/2B/20266_82fa5fc2c7c.jpg","landname":"29"},{"id":281475001483294,"level":3,"status":0,"posx":8,"posy":9,"cityid":378,"townid":831,"tokenid":"99f72dc100a7f446e077dcfc6a389828","tokenurl":"/mcm/api/land?token=99f72dc100a7f446e077dcfc6a389828","imageurl":"/mcm/images/land/2B/20267_54968dabbc8b.jpg","landname":"30"},{"id":281475001483295,"level":3,"status":0,"posx":16,"posy":9,"cityid":378,"townid":831,"tokenid":"1f750196dec3d4eefe35e306c974eaf3","tokenurl":"/mcm/api/land?token=1f750196dec3d4eefe35e306c974eaf3","imageurl":"/mcm/images/land/2B/20268_4e2d60fb8fcc.jpg","landname":"31"},{"id":281475001483296,"level":2,"status":1,"posx":17,"posy":9,"cityid":378,"townid":831,"tokenid":"fbc1e3ec9fec1802ea105f7b447c15cd","tokenurl":"/mcm/api/land?token=fbc1e3ec9fec1802ea105f7b447c15cd","imageurl":"/mcm/images/land/2A/12159_330d8eee72d3.jpg","landname":"32"},{"id":281475001483297,"level":3,"status":0,"posx":20,"posy":9,"cityid":378,"townid":831,"tokenid":"68049a79c05b4a247da44c9e87531bda","tokenurl":"/mcm/api/land?token=68049a79c05b4a247da44c9e87531bda","imageurl":"/mcm/images/land/2B/20269_23cca7e3a244.jpg","landname":"33"},{"id":281475001483298,"level":2,"status":1,"posx":21,"posy":9,"cityid":378,"townid":831,"tokenid":"52878e7de891723bb87f7369b018a52d","tokenurl":"/mcm/api/land?token=52878e7de891723bb87f7369b018a52d","imageurl":"/mcm/images/land/2A/12160_4eaec603e157.jpg","landname":"34"},{"id":281475001483299,"level":2,"status":1,"posx":28,"posy":9,"cityid":378,"townid":831,"tokenid":"67080d502e2fa730f460c0c6978e4ffe","tokenurl":"/mcm/api/land?token=67080d502e2fa730f460c0c6978e4ffe","imageurl":"/mcm/images/land/2A/12161_21b9e164ce8a.jpg","landname":"35"},{"id":281475001483300,"level":2,"status":1,"posx":29,"posy":9,"cityid":378,"townid":831,"tokenid":"1dcaecb693bd95c07f9d99dad784c666","tokenurl":"/mcm/api/land?token=1dcaecb693bd95c07f9d99dad784c666","imageurl":"/mcm/images/land/2A/12162_253a68b7ac0e.jpg","landname":"36"},{"id":281475001483301,"level":3,"status":1,"posx":32,"posy":9,"cityid":378,"townid":831,"tokenid":"7caf7a578d0c51f56b607205a597175f","tokenurl":"/mcm/api/land?token=7caf7a578d0c51f56b607205a597175f","imageurl":"/mcm/images/land/2B/20270_4ff1ac1adcb6.jpg","landname":"37"},{"id":281475001483302,"level":2,"status":1,"posx":33,"posy":9,"cityid":378,"townid":831,"tokenid":"456580c40acd594c1af269af7d252f70","tokenurl":"/mcm/api/land?token=456580c40acd594c1af269af7d252f70","imageurl":"/mcm/images/land/2A/12163_3c2eb024e812.jpg","landname":"38"},{"id":281475001483303,"level":1,"status":0,"posx":28,"posy":10,"cityid":378,"townid":831,"tokenid":"b3f22eba9491d9e94477f150cd1897ec","tokenurl":"/mcm/api/land?token=b3f22eba9491d9e94477f150cd1897ec","imageurl":"/mcm/images/land/2S/8109_7677a7dbed3.jpg","landname":"39"},{"id":281475001483304,"level":2,"status":1,"posx":29,"posy":10,"cityid":378,"townid":831,"tokenid":"89e65ca576b744dbdbedf25b999b5570","tokenurl":"/mcm/api/land?token=89e65ca576b744dbdbedf25b999b5570","imageurl":"/mcm/images/land/2A/12164_33c7ce190e62.jpg","landname":"40"},{"id":281475001483305,"level":3,"status":0,"posx":32,"posy":10,"cityid":378,"townid":831,"tokenid":"6ac0df8d2a99e2451e95943b2c345cb3","tokenurl":"/mcm/api/land?token=6ac0df8d2a99e2451e95943b2c345cb3","imageurl":"/mcm/images/land/2B/20271_31796e2a4a09.jpg","landname":"41"},{"id":281475001483306,"level":2,"status":1,"posx":33,"posy":10,"cityid":378,"townid":831,"tokenid":"2cea0fdcda9d5df3a531f793108a7a75","tokenurl":"/mcm/api/land?token=2cea0fdcda9d5df3a531f793108a7a75","imageurl":"/mcm/images/land/2A/12165_40c33135afbe.jpg","landname":"42"},{"id":281475001483307,"level":2,"status":1,"posx":28,"posy":11,"cityid":378,"townid":831,"tokenid":"6cff2666daaf32964c718ad074f8ce8a","tokenurl":"/mcm/api/land?token=6cff2666daaf32964c718ad074f8ce8a","imageurl":"/mcm/images/land/2A/12166_406bc48fc85e.jpg","landname":"43"},{"id":281475001483308,"level":2,"status":0,"posx":29,"posy":11,"cityid":378,"townid":831,"tokenid":"886d364f1dee88b2dab7558642fe5af2","tokenurl":"/mcm/api/land?token=886d364f1dee88b2dab7558642fe5af2","imageurl":"/mcm/images/land/2A/12167_27a43a9fe75b.jpg","landname":"44"},{"id":281475001483309,"level":3,"status":1,"posx":32,"posy":11,"cityid":378,"townid":831,"tokenid":"f9e25c24573ddc28af1aeec2ff794667","tokenurl":"/mcm/api/land?token=f9e25c24573ddc28af1aeec2ff794667","imageurl":"/mcm/images/land/2B/20272_271966ee6ca6.jpg","landname":"45"},{"id":281475001483310,"level":2,"status":0,"posx":33,"posy":11,"cityid":378,"townid":831,"tokenid":"b9587ab4b3171ea216e07a40ff43a016","tokenurl":"/mcm/api/land?token=b9587ab4b3171ea216e07a40ff43a016","imageurl":"/mcm/images/land/2A/12168_21a29c9b1398.jpg","landname":"46"},{"id":281475001483311,"level":1,"status":1,"posx":28,"posy":12,"cityid":378,"townid":831,"tokenid":"029e20c67861a7f1ffcaf13cc9a35983","tokenurl":"/mcm/api/land?token=029e20c67861a7f1ffcaf13cc9a35983","imageurl":"/mcm/images/land/2S/8110_4e7cdf3a5a0c.jpg","landname":"47"},{"id":281475001483312,"level":3,"status":1,"posx":29,"posy":12,"cityid":378,"townid":831,"tokenid":"3822e826f01a4c655c8af2a6ae0f4f3e","tokenurl":"/mcm/api/land?token=3822e826f01a4c655c8af2a6ae0f4f3e","imageurl":"/mcm/images/land/2B/20273_50b2a32456f0.jpg","landname":"48"},{"id":281475001483313,"level":3,"status":0,"posx":32,"posy":12,"cityid":378,"townid":831,"tokenid":"ed0ccd6e3e97ff13e405765ddfbfaa8b","tokenurl":"/mcm/api/land?token=ed0ccd6e3e97ff13e405765ddfbfaa8b","imageurl":"/mcm/images/land/2B/20274_1ed12b8ea3f3.jpg","landname":"49"},{"id":281475001483314,"level":3,"status":1,"posx":33,"posy":12,"cityid":378,"townid":831,"tokenid":"93665a755c9d6703038a8a0d42e71549","tokenurl":"/mcm/api/land?token=93665a755c9d6703038a8a0d42e71549","imageurl":"/mcm/images/land/2B/20275_57a2bc5db9ab.jpg","landname":"50"},{"id":281475001483315,"level":3,"status":1,"posx":23,"posy":14,"cityid":378,"townid":831,"tokenid":"83b2224d6ab91e812afa5e2c560badc4","tokenurl":"/mcm/api/land?token=83b2224d6ab91e812afa5e2c560badc4","imageurl":"/mcm/images/land/2B/20276_345e6990d632.jpg","landname":"51"},{"id":281475001483316,"level":2,"status":1,"posx":24,"posy":14,"cityid":378,"townid":831,"tokenid":"7b23d440d981d1790655fc3fe5a67ba1","tokenurl":"/mcm/api/land?token=7b23d440d981d1790655fc3fe5a67ba1","imageurl":"/mcm/images/land/2A/12169_312f341b865f.jpg","landname":"52"},{"id":281475001483317,"level":2,"status":0,"posx":23,"posy":15,"cityid":378,"townid":831,"tokenid":"d7fc526edd8ec03522611823cdb5c185","tokenurl":"/mcm/api/land?token=d7fc526edd8ec03522611823cdb5c185","imageurl":"/mcm/images/land/2A/12170_d902286d536.jpg","landname":"53"},{"id":281475001483318,"level":1,"status":1,"posx":24,"posy":15,"cityid":378,"townid":831,"tokenid":"be28e795418034686006d249cc6a1941","tokenurl":"/mcm/api/land?token=be28e795418034686006d249cc6a1941","imageurl":"/mcm/images/land/2S/8111_2f996e77c908.jpg","landname":"54"},{"id":281475001483319,"level":3,"status":0,"posx":33,"posy":15,"cityid":378,"townid":831,"tokenid":"fff1c0f43bc7db636d5d9661f16cad04","tokenurl":"/mcm/api/land?token=fff1c0f43bc7db636d5d9661f16cad04","imageurl":"/mcm/images/land/2B/20277_4b8e09f05a33.jpg","landname":"55"},{"id":281475001483320,"level":1,"status":1,"posx":34,"posy":15,"cityid":378,"townid":831,"tokenid":"31803a7d45d7ad0458679bead036f6ef","tokenurl":"/mcm/api/land?token=31803a7d45d7ad0458679bead036f6ef","imageurl":"/mcm/images/land/2S/8112_2524709a82f9.jpg","landname":"56"},{"id":281475001483321,"level":3,"status":1,"posx":11,"posy":16,"cityid":378,"townid":831,"tokenid":"6993096c56d543884c160302b61cbc7d","tokenurl":"/mcm/api/land?token=6993096c56d543884c160302b61cbc7d","imageurl":"/mcm/images/land/2B/20278_2fb2423dc790.jpg","landname":"57"},{"id":281475001483322,"level":2,"status":1,"posx":12,"posy":16,"cityid":378,"townid":831,"tokenid":"fdae237f0a5fed692dd74744788097c2","tokenurl":"/mcm/api/land?token=fdae237f0a5fed692dd74744788097c2","imageurl":"/mcm/images/land/2A/12171_5287faf7391.jpg","landname":"58"},{"id":281475001483323,"level":2,"status":0,"posx":23,"posy":16,"cityid":378,"townid":831,"tokenid":"e0a385427730c0d8ab9a2652f1b396d4","tokenurl":"/mcm/api/land?token=e0a385427730c0d8ab9a2652f1b396d4","imageurl":"/mcm/images/land/2A/12172_3b854d8b600d.jpg","landname":"59"},{"id":281475001483324,"level":3,"status":1,"posx":24,"posy":16,"cityid":378,"townid":831,"tokenid":"0e5be47785b65794ebdbabb28da2a114","tokenurl":"/mcm/api/land?token=0e5be47785b65794ebdbabb28da2a114","imageurl":"/mcm/images/land/2B/20279_281897e2ac4e.jpg","landname":"60"},{"id":281475001483325,"level":3,"status":1,"posx":33,"posy":16,"cityid":378,"townid":831,"tokenid":"bdf2a5f5efc11c84a796b0e338b2dab7","tokenurl":"/mcm/api/land?token=bdf2a5f5efc11c84a796b0e338b2dab7","imageurl":"/mcm/images/land/2B/20280_4540c1f6ee71.jpg","landname":"61"},{"id":281475001483326,"level":3,"status":0,"posx":34,"posy":16,"cityid":378,"townid":831,"tokenid":"3619a27e86df2a1799ed764c0c146217","tokenurl":"/mcm/api/land?token=3619a27e86df2a1799ed764c0c146217","imageurl":"/mcm/images/land/2B/20281_58c00ac85e8a.jpg","landname":"62"},{"id":281475001483327,"level":3,"status":1,"posx":11,"posy":17,"cityid":378,"townid":831,"tokenid":"73fc71f28f2f9e88c05911ec279d61c3","tokenurl":"/mcm/api/land?token=73fc71f28f2f9e88c05911ec279d61c3","imageurl":"/mcm/images/land/2B/20282_493e0d9d3e14.jpg","landname":"63"},{"id":281475001483328,"level":1,"status":0,"posx":12,"posy":17,"cityid":378,"townid":831,"tokenid":"5839dc32801881633b02c5a1d3023dc0","tokenurl":"/mcm/api/land?token=5839dc32801881633b02c5a1d3023dc0","imageurl":"/mcm/images/land/2S/8113_56a80ebe302f.jpg","landname":"64"},{"id":281475001483329,"level":3,"status":0,"posx":23,"posy":17,"cityid":378,"townid":831,"tokenid":"52da32b65341a75ee979ccc014dca08d","tokenurl":"/mcm/api/land?token=52da32b65341a75ee979ccc014dca08d","imageurl":"/mcm/images/land/2B/20283_16f2b98b51cf.jpg","landname":"65"},{"id":281475001483330,"level":2,"status":0,"posx":24,"posy":17,"cityid":378,"townid":831,"tokenid":"5b88767bb3d1dcbb9e8a1f98d1e0c85e","tokenurl":"/mcm/api/land?token=5b88767bb3d1dcbb9e8a1f98d1e0c85e","imageurl":"/mcm/images/land/2A/12173_3bcf096df75f.jpg","landname":"66"},{"id":281475001483331,"level":3,"status":0,"posx":33,"posy":17,"cityid":378,"townid":831,"tokenid":"c43761c4ddb3584237046c37e37338e2","tokenurl":"/mcm/api/land?token=c43761c4ddb3584237046c37e37338e2","imageurl":"/mcm/images/land/2B/20284_527dab297ce2.jpg","landname":"67"},{"id":281475001483332,"level":2,"status":1,"posx":34,"posy":17,"cityid":378,"townid":831,"tokenid":"42615d7e3cca783131b0437cd8dca674","tokenurl":"/mcm/api/land?token=42615d7e3cca783131b0437cd8dca674","imageurl":"/mcm/images/land/2A/12174_204faca33791.jpg","landname":"68"},{"id":281475001483333,"level":1,"status":0,"posx":7,"posy":18,"cityid":378,"townid":831,"tokenid":"f76300a68fae32a82b9e949135594bb9","tokenurl":"/mcm/api/land?token=f76300a68fae32a82b9e949135594bb9","imageurl":"/mcm/images/land/2S/8114_1bc3cabb7721.jpg","landname":"69"},{"id":281475001483334,"level":3,"status":0,"posx":8,"posy":18,"cityid":378,"townid":831,"tokenid":"7bcdc26f2ab9a1f2e5b96fb63f57c540","tokenurl":"/mcm/api/land?token=7bcdc26f2ab9a1f2e5b96fb63f57c540","imageurl":"/mcm/images/land/2B/20285_32bc84077a1e.jpg","landname":"70"},{"id":281475001483335,"level":3,"status":1,"posx":11,"posy":18,"cityid":378,"townid":831,"tokenid":"39cb044c938732f196c5befa2ab7c175","tokenurl":"/mcm/api/land?token=39cb044c938732f196c5befa2ab7c175","imageurl":"/mcm/images/land/2B/20286_12be1a552fc0.jpg","landname":"71"},{"id":281475001483336,"level":3,"status":0,"posx":12,"posy":18,"cityid":378,"townid":831,"tokenid":"f78963e8c1dad1ca8b99f46caba1c71f","tokenurl":"/mcm/api/land?token=f78963e8c1dad1ca8b99f46caba1c71f","imageurl":"/mcm/images/land/2B/20287_30c721412090.jpg","landname":"72"},{"id":281475001483337,"level":1,"status":0,"posx":23,"posy":18,"cityid":378,"townid":831,"tokenid":"c92d42aa5143b7e30f52c20b82af43d4","tokenurl":"/mcm/api/land?token=c92d42aa5143b7e30f52c20b82af43d4","imageurl":"/mcm/images/land/2S/8115_3ff82213b44b.jpg","landname":"73"},{"id":281475001483338,"level":2,"status":1,"posx":24,"posy":18,"cityid":378,"townid":831,"tokenid":"cb81a5d97589ecef0d6ca43da53d8870","tokenurl":"/mcm/api/land?token=cb81a5d97589ecef0d6ca43da53d8870","imageurl":"/mcm/images/land/2A/12175_55c85a1d6dae.jpg","landname":"74"},{"id":281475001483339,"level":2,"status":0,"posx":33,"posy":18,"cityid":378,"townid":831,"tokenid":"c430e8f6402c6355b93b1b837b682fad","tokenurl":"/mcm/api/land?token=c430e8f6402c6355b93b1b837b682fad","imageurl":"/mcm/images/land/2A/12176_d4004b64e08.jpg","landname":"75"},{"id":281475001483340,"level":1,"status":0,"posx":34,"posy":18,"cityid":378,"townid":831,"tokenid":"000816929c32ff17011beaba270badf8","tokenurl":"/mcm/api/land?token=000816929c32ff17011beaba270badf8","imageurl":"/mcm/images/land/2S/8116_57ed4655bb9.jpg","landname":"76"},{"id":281475001483341,"level":3,"status":1,"posx":7,"posy":19,"cityid":378,"townid":831,"tokenid":"0171f5484f9bec01505c934dacb2a7c0","tokenurl":"/mcm/api/land?token=0171f5484f9bec01505c934dacb2a7c0","imageurl":"/mcm/images/land/2B/20288_75a13cbe78.jpg","landname":"77"},{"id":281475001483342,"level":3,"status":0,"posx":8,"posy":19,"cityid":378,"townid":831,"tokenid":"b2f0bf03e015ec2b0de25b7521e695df","tokenurl":"/mcm/api/land?token=b2f0bf03e015ec2b0de25b7521e695df","imageurl":"/mcm/images/land/2B/20289_59b34b66ff6a.jpg","landname":"78"},{"id":281475001483343,"level":1,"status":1,"posx":11,"posy":19,"cityid":378,"townid":831,"tokenid":"f2b6421f9e02a52500d179682c9d4cf2","tokenurl":"/mcm/api/land?token=f2b6421f9e02a52500d179682c9d4cf2","imageurl":"/mcm/images/land/2S/8117_9139475669d.jpg","landname":"79"},{"id":281475001483344,"level":3,"status":0,"posx":12,"posy":19,"cityid":378,"townid":831,"tokenid":"b1d707aa7e5fb8e38f6ed5fc6b77a3b5","tokenurl":"/mcm/api/land?token=b1d707aa7e5fb8e38f6ed5fc6b77a3b5","imageurl":"/mcm/images/land/2B/20290_34843553e188.jpg","landname":"80"},{"id":281475001483345,"level":1,"status":0,"posx":33,"posy":19,"cityid":378,"townid":831,"tokenid":"a6cbcfadf85e01593f5b8cf324bc66e7","tokenurl":"/mcm/api/land?token=a6cbcfadf85e01593f5b8cf324bc66e7","imageurl":"/mcm/images/land/2S/8118_3ea5a2c7c514.jpg","landname":"81"},{"id":281475001483346,"level":2,"status":1,"posx":34,"posy":19,"cityid":378,"townid":831,"tokenid":"d9cbf6722b8f77ac12687636912fd70d","tokenurl":"/mcm/api/land?token=d9cbf6722b8f77ac12687636912fd70d","imageurl":"/mcm/images/land/2A/12177_3f111447beb.jpg","landname":"82"},{"id":281475001483347,"level":1,"status":1,"posx":7,"posy":20,"cityid":378,"townid":831,"tokenid":"8c90f954960dfe73180a3246a3bf0f40","tokenurl":"/mcm/api/land?token=8c90f954960dfe73180a3246a3bf0f40","imageurl":"/mcm/images/land/2S/8119_22947f79317f.jpg","landname":"83"},{"id":281475001483348,"level":1,"status":1,"posx":8,"posy":20,"cityid":378,"townid":831,"tokenid":"dbc35695ec20134ddd9b538cdd2b6044","tokenurl":"/mcm/api/land?token=dbc35695ec20134ddd9b538cdd2b6044","imageurl":"/mcm/images/land/2S/8120_28c1dba44a84.jpg","landname":"84"},{"id":281475001483349,"level":3,"status":1,"posx":11,"posy":20,"cityid":378,"townid":831,"tokenid":"0df38b148ef0066487f4ec200e4f8ff8","tokenurl":"/mcm/api/land?token=0df38b148ef0066487f4ec200e4f8ff8","imageurl":"/mcm/images/land/2B/20291_52a95d4fcf57.jpg","landname":"85"},{"id":281475001483350,"level":3,"status":1,"posx":12,"posy":20,"cityid":378,"townid":831,"tokenid":"433eaf4b6aeb82d698bc5a9f48d7f9df","tokenurl":"/mcm/api/land?token=433eaf4b6aeb82d698bc5a9f48d7f9df","imageurl":"/mcm/images/land/2B/20292_25d8a6903451.jpg","landname":"86"},{"id":281475001483351,"level":1,"status":0,"posx":7,"posy":21,"cityid":378,"townid":831,"tokenid":"956b799dfc495a82b3f0c57487246b6e","tokenurl":"/mcm/api/land?token=956b799dfc495a82b3f0c57487246b6e","imageurl":"/mcm/images/land/2S/8121_10d32b7d497b.jpg","landname":"87"},{"id":281475001483352,"level":3,"status":1,"posx":8,"posy":21,"cityid":378,"townid":831,"tokenid":"d8caf455467c4855cddcc955d47f56b8","tokenurl":"/mcm/api/land?token=d8caf455467c4855cddcc955d47f56b8","imageurl":"/mcm/images/land/2B/20293_7c81f5673c9.jpg","landname":"88"},{"id":281475001483353,"level":1,"status":1,"posx":26,"posy":21,"cityid":378,"townid":831,"tokenid":"6ee69279bfca56da63d8561ca8634d7f","tokenurl":"/mcm/api/land?token=6ee69279bfca56da63d8561ca8634d7f","imageurl":"/mcm/images/land/2S/8122_8284ac8d0b.jpg","landname":"89"},{"id":281475001483354,"level":2,"status":1,"posx":27,"posy":21,"cityid":378,"townid":831,"tokenid":"6a0b7e0477775ae6b94b5d5b9745d116","tokenurl":"/mcm/api/land?token=6a0b7e0477775ae6b94b5d5b9745d116","imageurl":"/mcm/images/land/2A/12178_30e7078f919d.jpg","landname":"90"},{"id":281475001483355,"level":3,"status":0,"posx":7,"posy":22,"cityid":378,"townid":831,"tokenid":"cf5ea5ea66be6eeb98b1d49cd2ffaa05","tokenurl":"/mcm/api/land?token=cf5ea5ea66be6eeb98b1d49cd2ffaa05","imageurl":"/mcm/images/land/2B/20294_3e9e73276bc1.jpg","landname":"91"},{"id":281475001483356,"level":2,"status":1,"posx":8,"posy":22,"cityid":378,"townid":831,"tokenid":"1b8c51890f3a1aa0bfc0629066001ce5","tokenurl":"/mcm/api/land?token=1b8c51890f3a1aa0bfc0629066001ce5","imageurl":"/mcm/images/land/2A/12179_1c5c937ae9ce.jpg","landname":"92"},{"id":281475001483357,"level":2,"status":0,"posx":23,"posy":22,"cityid":378,"townid":831,"tokenid":"4abbff1af47f01a0e2f42ffda70fc9fd","tokenurl":"/mcm/api/land?token=4abbff1af47f01a0e2f42ffda70fc9fd","imageurl":"/mcm/images/land/2A/12180_4583ab3b8003.jpg","landname":"93"},{"id":281475001483358,"level":2,"status":0,"posx":24,"posy":22,"cityid":378,"townid":831,"tokenid":"074bd60c64cd7b1d04240e0f05e6c1f4","tokenurl":"/mcm/api/land?token=074bd60c64cd7b1d04240e0f05e6c1f4","imageurl":"/mcm/images/land/2A/12181_3d7401e32314.jpg","landname":"94"},{"id":281475001483359,"level":1,"status":1,"posx":26,"posy":22,"cityid":378,"townid":831,"tokenid":"df90f7e8215c72afa8402c5e1720f089","tokenurl":"/mcm/api/land?token=df90f7e8215c72afa8402c5e1720f089","imageurl":"/mcm/images/land/2S/8123_150dc72254d8.jpg","landname":"95"},{"id":281475001483360,"level":2,"status":0,"posx":27,"posy":22,"cityid":378,"townid":831,"tokenid":"33b42369a0bb3a6335f89d41581b99eb","tokenurl":"/mcm/api/land?token=33b42369a0bb3a6335f89d41581b99eb","imageurl":"/mcm/images/land/2A/12182_4666503b2ce5.jpg","landname":"96"},{"id":281475001483361,"level":2,"status":0,"posx":33,"posy":22,"cityid":378,"townid":831,"tokenid":"e68bf95567afbf32f1493e6f59319647","tokenurl":"/mcm/api/land?token=e68bf95567afbf32f1493e6f59319647","imageurl":"/mcm/images/land/2A/12183_591f57961235.jpg","landname":"97"},{"id":281475001483362,"level":3,"status":1,"posx":34,"posy":22,"cityid":378,"townid":831,"tokenid":"34da518844ea3ce9676bf5d03d33f053","tokenurl":"/mcm/api/land?token=34da518844ea3ce9676bf5d03d33f053","imageurl":"/mcm/images/land/2B/20295_3eedb404a847.jpg","landname":"98"},{"id":281475001483363,"level":1,"status":0,"posx":23,"posy":23,"cityid":378,"townid":831,"tokenid":"bffba23c8ab4a98f11f4f69511483c14","tokenurl":"/mcm/api/land?token=bffba23c8ab4a98f11f4f69511483c14","imageurl":"/mcm/images/land/2S/8124_318722878c1f.jpg","landname":"99"},{"id":281475001483364,"level":2,"status":1,"posx":24,"posy":23,"cityid":378,"townid":831,"tokenid":"16f6a50e5b80d15dceaefaeb9679e8d1","tokenurl":"/mcm/api/land?token=16f6a50e5b80d15dceaefaeb9679e8d1","imageurl":"/mcm/images/land/2A/12184_4818064e4828.jpg","landname":"100"},{"id":281475001483365,"level":3,"status":0,"posx":26,"posy":23,"cityid":378,"townid":831,"tokenid":"eaef748f60968b3b2775711835a714c8","tokenurl":"/mcm/api/land?token=eaef748f60968b3b2775711835a714c8","imageurl":"/mcm/images/land/2B/20296_567d2d09cfc0.jpg","landname":"101"},{"id":281475001483366,"level":3,"status":1,"posx":27,"posy":23,"cityid":378,"townid":831,"tokenid":"6197c1cee4a35f251a9d1c0816eece75","tokenurl":"/mcm/api/land?token=6197c1cee4a35f251a9d1c0816eece75","imageurl":"/mcm/images/land/2B/20297_4d6dc5cca0e5.jpg","landname":"102"},{"id":281475001483367,"level":3,"status":0,"posx":33,"posy":23,"cityid":378,"townid":831,"tokenid":"59f0eef60ac27e02e7413cbb1ec1ba75","tokenurl":"/mcm/api/land?token=59f0eef60ac27e02e7413cbb1ec1ba75","imageurl":"/mcm/images/land/2B/20298_218a21ddddf1.jpg","landname":"103"},{"id":281475001483368,"level":3,"status":1,"posx":34,"posy":23,"cityid":378,"townid":831,"tokenid":"42d5b1b893cc2773e8cc3c74fcf55284","tokenurl":"/mcm/api/land?token=42d5b1b893cc2773e8cc3c74fcf55284","imageurl":"/mcm/images/land/2B/20299_35406a7733d8.jpg","landname":"104"},{"id":281475001483369,"level":2,"status":0,"posx":23,"posy":24,"cityid":378,"townid":831,"tokenid":"e0086d7b81d93f21dbe04d8ff80e7580","tokenurl":"/mcm/api/land?token=e0086d7b81d93f21dbe04d8ff80e7580","imageurl":"/mcm/images/land/2A/12185_26701dfe9696.jpg","landname":"105"},{"id":281475001483370,"level":2,"status":1,"posx":24,"posy":24,"cityid":378,"townid":831,"tokenid":"4374d7505bbdbbf086e5e68f8ac4d7cc","tokenurl":"/mcm/api/land?token=4374d7505bbdbbf086e5e68f8ac4d7cc","imageurl":"/mcm/images/land/2A/12186_197ae11d1c13.jpg","landname":"106"},{"id":281475001483371,"level":3,"status":0,"posx":26,"posy":24,"cityid":378,"townid":831,"tokenid":"790ae153a875b4996d4e6ec6db0eb9a5","tokenurl":"/mcm/api/land?token=790ae153a875b4996d4e6ec6db0eb9a5","imageurl":"/mcm/images/land/2B/20300_11a3e09ac0c2.jpg","landname":"107"},{"id":281475001483372,"level":3,"status":0,"posx":27,"posy":24,"cityid":378,"townid":831,"tokenid":"0f8ca1c9f05c2e3bba5d8e54fe829754","tokenurl":"/mcm/api/land?token=0f8ca1c9f05c2e3bba5d8e54fe829754","imageurl":"/mcm/images/land/2B/20301_51652601478b.jpg","landname":"108"},{"id":281475001483373,"level":3,"status":0,"posx":33,"posy":24,"cityid":378,"townid":831,"tokenid":"cb601d287012a3a52ace5dcbffb7537c","tokenurl":"/mcm/api/land?token=cb601d287012a3a52ace5dcbffb7537c","imageurl":"/mcm/images/land/2B/20302_1b865be59f9e.jpg","landname":"109"},{"id":281475001483374,"level":1,"status":0,"posx":34,"posy":24,"cityid":378,"townid":831,"tokenid":"255593ec03a700f59c79f256aa9a8307","tokenurl":"/mcm/api/land?token=255593ec03a700f59c79f256aa9a8307","imageurl":"/mcm/images/land/2S/8125_516052b8b33.jpg","landname":"110"},{"id":281475001483375,"level":3,"status":0,"posx":23,"posy":25,"cityid":378,"townid":831,"tokenid":"cb2c14dd08e08274b2a1e255c6a71bf0","tokenurl":"/mcm/api/land?token=cb2c14dd08e08274b2a1e255c6a71bf0","imageurl":"/mcm/images/land/2B/20303_c0810b03759.jpg","landname":"111"},{"id":281475001483376,"level":1,"status":0,"posx":24,"posy":25,"cityid":378,"townid":831,"tokenid":"f22ec7dc69ac6c2d3cb54298016573bf","tokenurl":"/mcm/api/land?token=f22ec7dc69ac6c2d3cb54298016573bf","imageurl":"/mcm/images/land/2S/8126_553564a9af13.jpg","landname":"112"},{"id":281475001483377,"level":2,"status":0,"posx":26,"posy":25,"cityid":378,"townid":831,"tokenid":"5e7660e0c3c25d7edb5f8b5937bcae70","tokenurl":"/mcm/api/land?token=5e7660e0c3c25d7edb5f8b5937bcae70","imageurl":"/mcm/images/land/2A/12187_114eb00de8cd.jpg","landname":"113"},{"id":281475001483378,"level":1,"status":1,"posx":27,"posy":25,"cityid":378,"townid":831,"tokenid":"1ec33186dada9bec75820885b2ed1ff7","tokenurl":"/mcm/api/land?token=1ec33186dada9bec75820885b2ed1ff7","imageurl":"/mcm/images/land/2S/8127_44892ffdcaaf.jpg","landname":"114"},{"id":281475001483379,"level":2,"status":0,"posx":33,"posy":25,"cityid":378,"townid":831,"tokenid":"b822dc7db197cf6b4eecd83077cffd5d","tokenurl":"/mcm/api/land?token=b822dc7db197cf6b4eecd83077cffd5d","imageurl":"/mcm/images/land/2A/12188_39e790375557.jpg","landname":"115"},{"id":281475001483380,"level":3,"status":1,"posx":34,"posy":25,"cityid":378,"townid":831,"tokenid":"594cf37028f69f2845ba9daf67d3eea4","tokenurl":"/mcm/api/land?token=594cf37028f69f2845ba9daf67d3eea4","imageurl":"/mcm/images/land/2B/20304_5514dde61da5.jpg","landname":"116"},{"id":281475001483381,"level":2,"status":0,"posx":23,"posy":26,"cityid":378,"townid":831,"tokenid":"06d62afaae2abfca47669521664bec35","tokenurl":"/mcm/api/land?token=06d62afaae2abfca47669521664bec35","imageurl":"/mcm/images/land/2A/12189_3db1656bfdf9.jpg","landname":"117"},{"id":281475001483382,"level":2,"status":0,"posx":24,"posy":26,"cityid":378,"townid":831,"tokenid":"b5f42187e69fa8eb86ba724cdccaee83","tokenurl":"/mcm/api/land?token=b5f42187e69fa8eb86ba724cdccaee83","imageurl":"/mcm/images/land/2A/12190_b42e77d8ae9.jpg","landname":"118"},{"id":281475001483383,"level":3,"status":1,"posx":33,"posy":26,"cityid":378,"townid":831,"tokenid":"9729ca2161d5e9af217020cd92920842","tokenurl":"/mcm/api/land?token=9729ca2161d5e9af217020cd92920842","imageurl":"/mcm/images/land/2B/20305_2143cac264a5.jpg","landname":"119"},{"id":281475001483384,"level":3,"status":1,"posx":34,"posy":26,"cityid":378,"townid":831,"tokenid":"419534889d915ca088c27838b00ddc22","tokenurl":"/mcm/api/land?token=419534889d915ca088c27838b00ddc22","imageurl":"/mcm/images/land/2B/20306_4ef4581920be.jpg","landname":"120"},{"id":281475001483385,"level":3,"status":1,"posx":31,"posy":27,"cityid":378,"townid":831,"tokenid":"b45aa9f15fd69db01fcfd0d78acec003","tokenurl":"/mcm/api/land?token=b45aa9f15fd69db01fcfd0d78acec003","imageurl":"/mcm/images/land/2B/20307_31b5661af684.jpg","landname":"121"},{"id":281475001483386,"level":3,"status":1,"posx":32,"posy":27,"cityid":378,"townid":831,"tokenid":"5fc4f38f79ea70216e8ce3196d05342e","tokenurl":"/mcm/api/land?token=5fc4f38f79ea70216e8ce3196d05342e","imageurl":"/mcm/images/land/2B/20308_e251cdfcc21.jpg","landname":"122"},{"id":281475001483387,"level":2,"status":0,"posx":6,"posy":28,"cityid":378,"townid":831,"tokenid":"3c5bb19e78af002f0f027d7bed833955","tokenurl":"/mcm/api/land?token=3c5bb19e78af002f0f027d7bed833955","imageurl":"/mcm/images/land/2A/12191_1562c0e9ddc2.jpg","landname":"123"},{"id":281475001483388,"level":2,"status":0,"posx":7,"posy":28,"cityid":378,"townid":831,"tokenid":"7806d958511291710917eca322aa9834","tokenurl":"/mcm/api/land?token=7806d958511291710917eca322aa9834","imageurl":"/mcm/images/land/2A/12192_24fb405b7bf7.jpg","landname":"124"},{"id":281475001483389,"level":2,"status":1,"posx":9,"posy":28,"cityid":378,"townid":831,"tokenid":"a3c711b2576baec02e885f3686f12f93","tokenurl":"/mcm/api/land?token=a3c711b2576baec02e885f3686f12f93","imageurl":"/mcm/images/land/2A/12193_22f11967f6d9.jpg","landname":"125"},{"id":281475001483390,"level":3,"status":1,"posx":10,"posy":28,"cityid":378,"townid":831,"tokenid":"028291206b5fad81a1ef34fad0c3275e","tokenurl":"/mcm/api/land?token=028291206b5fad81a1ef34fad0c3275e","imageurl":"/mcm/images/land/2B/20309_f9a61b94d0d.jpg","landname":"126"},{"id":281475001483391,"level":1,"status":1,"posx":31,"posy":28,"cityid":378,"townid":831,"tokenid":"49995741dfbbbfa7e5363674c6fcb49a","tokenurl":"/mcm/api/land?token=49995741dfbbbfa7e5363674c6fcb49a","imageurl":"/mcm/images/land/2S/8128_2b2c7e78d124.jpg","landname":"127"},{"id":281475001483392,"level":3,"status":0,"posx":32,"posy":28,"cityid":378,"townid":831,"tokenid":"d34ca1c6f8cd046727ec1e0147dbef40","tokenurl":"/mcm/api/land?token=d34ca1c6f8cd046727ec1e0147dbef40","imageurl":"/mcm/images/land/2B/20310_122d2f1a7df.jpg","landname":"128"},{"id":281475001483393,"level":3,"status":0,"posx":6,"posy":29,"cityid":378,"townid":831,"tokenid":"ec2ff7f8f97d6124938d75fb753d8ced","tokenurl":"/mcm/api/land?token=ec2ff7f8f97d6124938d75fb753d8ced","imageurl":"/mcm/images/land/2B/20311_75dca743fd5.jpg","landname":"129"},{"id":281475001483394,"level":3,"status":0,"posx":7,"posy":29,"cityid":378,"townid":831,"tokenid":"ef7149653e06ee1d1303faa8fa8cbf4b","tokenurl":"/mcm/api/land?token=ef7149653e06ee1d1303faa8fa8cbf4b","imageurl":"/mcm/images/land/2B/20312_565a2fedd0c3.jpg","landname":"130"},{"id":281475001483395,"level":3,"status":0,"posx":9,"posy":29,"cityid":378,"townid":831,"tokenid":"58588f918f7a9c0bba9c9ecacb03ab90","tokenurl":"/mcm/api/land?token=58588f918f7a9c0bba9c9ecacb03ab90","imageurl":"/mcm/images/land/2B/20313_1c8451fc74ce.jpg","landname":"131"},{"id":281475001483396,"level":2,"status":0,"posx":10,"posy":29,"cityid":378,"townid":831,"tokenid":"9cb066580bd12b2526128e429b6e4377","tokenurl":"/mcm/api/land?token=9cb066580bd12b2526128e429b6e4377","imageurl":"/mcm/images/land/2A/12194_1e19f5cd22d7.jpg","landname":"132"},{"id":281475001483397,"level":3,"status":0,"posx":31,"posy":29,"cityid":378,"townid":831,"tokenid":"b67b76ebd6397841e2a844ac2f37a2d4","tokenurl":"/mcm/api/land?token=b67b76ebd6397841e2a844ac2f37a2d4","imageurl":"/mcm/images/land/2B/20314_324128651da.jpg","landname":"133"},{"id":281475001483398,"level":3,"status":0,"posx":32,"posy":29,"cityid":378,"townid":831,"tokenid":"d520c9b790c17f589feedcbd8f7e1432","tokenurl":"/mcm/api/land?token=d520c9b790c17f589feedcbd8f7e1432","imageurl":"/mcm/images/land/2B/20315_3c7d9870c48b.jpg","landname":"134"},{"id":281475001483399,"level":2,"status":1,"posx":6,"posy":30,"cityid":378,"townid":831,"tokenid":"f302763409a0fcc47680627446ed21ed","tokenurl":"/mcm/api/land?token=f302763409a0fcc47680627446ed21ed","imageurl":"/mcm/images/land/2A/12195_1a5bcfc322f5.jpg","landname":"135"},{"id":281475001483400,"level":3,"status":0,"posx":7,"posy":30,"cityid":378,"townid":831,"tokenid":"a8f91846faed2359348a8f193de6abfb","tokenurl":"/mcm/api/land?token=a8f91846faed2359348a8f193de6abfb","imageurl":"/mcm/images/land/2B/20316_f81d85a7c01.jpg","landname":"136"},{"id":281475001483401,"level":1,"status":0,"posx":9,"posy":30,"cityid":378,"townid":831,"tokenid":"17c2744665e03b75d0fe5aef8bbcf6ec","tokenurl":"/mcm/api/land?token=17c2744665e03b75d0fe5aef8bbcf6ec","imageurl":"/mcm/images/land/2S/8129_4d7ae9ba9f1c.jpg","landname":"137"},{"id":281475001483402,"level":3,"status":1,"posx":10,"posy":30,"cityid":378,"townid":831,"tokenid":"7cc10343737802a2b288a252eb3b3ef0","tokenurl":"/mcm/api/land?token=7cc10343737802a2b288a252eb3b3ef0","imageurl":"/mcm/images/land/2B/20317_580ade25ba8c.jpg","landname":"138"},{"id":281475001483403,"level":3,"status":1,"posx":31,"posy":30,"cityid":378,"townid":831,"tokenid":"279734626a384ccf1d39e944ef5a79cc","tokenurl":"/mcm/api/land?token=279734626a384ccf1d39e944ef5a79cc","imageurl":"/mcm/images/land/2B/20318_995fa7e6b69.jpg","landname":"139"},{"id":281475001483404,"level":3,"status":1,"posx":32,"posy":30,"cityid":378,"townid":831,"tokenid":"b9361ab3c48cb310db78b6d8c2ecd16c","tokenurl":"/mcm/api/land?token=b9361ab3c48cb310db78b6d8c2ecd16c","imageurl":"/mcm/images/land/2B/20319_5a02a1343107.jpg","landname":"140"},{"id":281475001483405,"level":1,"status":1,"posx":6,"posy":31,"cityid":378,"townid":831,"tokenid":"9a897d411b31d69a136607bce2c12390","tokenurl":"/mcm/api/land?token=9a897d411b31d69a136607bce2c12390","imageurl":"/mcm/images/land/2S/8130_37ca6a7d2c17.jpg","landname":"141"},{"id":281475001483406,"level":3,"status":1,"posx":7,"posy":31,"cityid":378,"townid":831,"tokenid":"5d7f3f29e1882078bc3f2bcb15bcc753","tokenurl":"/mcm/api/land?token=5d7f3f29e1882078bc3f2bcb15bcc753","imageurl":"/mcm/images/land/2B/20320_2cf35c5c078.jpg","landname":"142"},{"id":281475001483407,"level":3,"status":0,"posx":9,"posy":31,"cityid":378,"townid":831,"tokenid":"5867afb9ee9fe07ed736aeb105b487ff","tokenurl":"/mcm/api/land?token=5867afb9ee9fe07ed736aeb105b487ff","imageurl":"/mcm/images/land/2B/20321_2f92bcd9d7ce.jpg","landname":"143"},{"id":281475001483408,"level":3,"status":1,"posx":10,"posy":31,"cityid":378,"townid":831,"tokenid":"650ef317cb951e727e1eb9ca31de6b31","tokenurl":"/mcm/api/land?token=650ef317cb951e727e1eb9ca31de6b31","imageurl":"/mcm/images/land/2B/20322_215200135304.jpg","landname":"144"},{"id":281475001483409,"level":2,"status":0,"posx":31,"posy":31,"cityid":378,"townid":831,"tokenid":"5fccd8bead95333cb3e38b046b701490","tokenurl":"/mcm/api/land?token=5fccd8bead95333cb3e38b046b701490","imageurl":"/mcm/images/land/2A/12196_51c771817717.jpg","landname":"145"},{"id":281475001483410,"level":1,"status":0,"posx":32,"posy":31,"cityid":378,"townid":831,"tokenid":"d34dd2225b8b58f537355f7346778c18","tokenurl":"/mcm/api/land?token=d34dd2225b8b58f537355f7346778c18","imageurl":"/mcm/images/land/2S/8131_1a4d93698187.jpg","landname":"146"},{"id":281475001483411,"level":3,"status":1,"posx":6,"posy":32,"cityid":378,"townid":831,"tokenid":"9d5d2901ff5191a27a397da90a1c81b7","tokenurl":"/mcm/api/land?token=9d5d2901ff5191a27a397da90a1c81b7","imageurl":"/mcm/images/land/2B/20323_4203901ebe4f.jpg","landname":"147"},{"id":281475001483412,"level":3,"status":0,"posx":7,"posy":32,"cityid":378,"townid":831,"tokenid":"8cc004d5f9efd78703d07705fd83238e","tokenurl":"/mcm/api/land?token=8cc004d5f9efd78703d07705fd83238e","imageurl":"/mcm/images/land/2B/20324_360763a73868.jpg","landname":"148"},{"id":281475001483413,"level":3,"status":1,"posx":9,"posy":32,"cityid":378,"townid":831,"tokenid":"dd230b04963574c06fa178b2a914d46f","tokenurl":"/mcm/api/land?token=dd230b04963574c06fa178b2a914d46f","imageurl":"/mcm/images/land/2B/20325_374dd4c421ba.jpg","landname":"149"},{"id":281475001483414,"level":3,"status":1,"posx":10,"posy":32,"cityid":378,"townid":831,"tokenid":"08f9679e8db34f187866d4830332208a","tokenurl":"/mcm/api/land?token=08f9679e8db34f187866d4830332208a","imageurl":"/mcm/images/land/2B/20326_2fc381763db6.jpg","landname":"150"}]]],0,0,[],[],[]]
