[1,0,0,[["cc.JsonAsset",["_name","json"],1]],[[0,0,1,3]],[[0,"1247",[{"id":281475014262785,"level":1,"status":0,"posx":23,"posy":5,"cityid":573,"townid":1247,"tokenid":"6a97051af93dd33820fdf2076ed3ffd0","tokenurl":"/mcm/api/land?token=6a97051af93dd33820fdf2076ed3ffd0","imageurl":"/mcm/images/land/2S/6782_3d45fd61155a.jpg","landname":"1"},{"id":281475014262786,"level":2,"status":1,"posx":24,"posy":5,"cityid":573,"townid":1247,"tokenid":"83f85f2c404bae3f41e942e426d53612","tokenurl":"/mcm/api/land?token=83f85f2c404bae3f41e942e426d53612","imageurl":"/mcm/images/land/2A/10172_4d770a8b4ec.jpg","landname":"2"},{"id":281475014262787,"level":2,"status":1,"posx":23,"posy":6,"cityid":573,"townid":1247,"tokenid":"1bd6dc52fd84c4adafde82e0350d8e46","tokenurl":"/mcm/api/land?token=1bd6dc52fd84c4adafde82e0350d8e46","imageurl":"/mcm/images/land/2A/10173_1c0cd2177f7c.jpg","landname":"3"},{"id":281475014262788,"level":3,"status":0,"posx":24,"posy":6,"cityid":573,"townid":1247,"tokenid":"3ec592ae5cdb05ead8d13b1a40009d44","tokenurl":"/mcm/api/land?token=3ec592ae5cdb05ead8d13b1a40009d44","imageurl":"/mcm/images/land/2B/16952_53a2b7b56db5.jpg","landname":"4"},{"id":281475014262789,"level":3,"status":0,"posx":28,"posy":6,"cityid":573,"townid":1247,"tokenid":"e06c332f5a6e2cc61f330c672b18fb9d","tokenurl":"/mcm/api/land?token=e06c332f5a6e2cc61f330c672b18fb9d","imageurl":"/mcm/images/land/2B/16953_2cfb84439bb7.jpg","landname":"5"},{"id":281475014262790,"level":2,"status":1,"posx":29,"posy":6,"cityid":573,"townid":1247,"tokenid":"e93aefd4301149dd56c573a65538e41a","tokenurl":"/mcm/api/land?token=e93aefd4301149dd56c573a65538e41a","imageurl":"/mcm/images/land/2A/10174_5ab088c6de0a.jpg","landname":"6"},{"id":281475014262791,"level":3,"status":1,"posx":23,"posy":7,"cityid":573,"townid":1247,"tokenid":"a5cc3199c537b5821e6356cefcc9cac9","tokenurl":"/mcm/api/land?token=a5cc3199c537b5821e6356cefcc9cac9","imageurl":"/mcm/images/land/2B/16954_57bef67aba28.jpg","landname":"7"},{"id":281475014262792,"level":3,"status":1,"posx":24,"posy":7,"cityid":573,"townid":1247,"tokenid":"9dee451a72ce2b3258e80cdd5af4dffb","tokenurl":"/mcm/api/land?token=9dee451a72ce2b3258e80cdd5af4dffb","imageurl":"/mcm/images/land/2B/16955_43def4e18d01.jpg","landname":"8"},{"id":281475014262793,"level":3,"status":1,"posx":28,"posy":7,"cityid":573,"townid":1247,"tokenid":"0f59a7910fab8024fb5cdc36f7c5eea7","tokenurl":"/mcm/api/land?token=0f59a7910fab8024fb5cdc36f7c5eea7","imageurl":"/mcm/images/land/2B/16956_1e7e4e33368.jpg","landname":"9"},{"id":281475014262794,"level":3,"status":0,"posx":29,"posy":7,"cityid":573,"townid":1247,"tokenid":"08ef0d70fbde014ea57e6827515c029d","tokenurl":"/mcm/api/land?token=08ef0d70fbde014ea57e6827515c029d","imageurl":"/mcm/images/land/2B/16957_40c5a58489d.jpg","landname":"10"},{"id":281475014262795,"level":1,"status":0,"posx":32,"posy":7,"cityid":573,"townid":1247,"tokenid":"6d73921795ea44bfbecf05df03d9eedc","tokenurl":"/mcm/api/land?token=6d73921795ea44bfbecf05df03d9eedc","imageurl":"/mcm/images/land/2S/6783_153bda04a6cd.jpg","landname":"11"},{"id":281475014262796,"level":3,"status":1,"posx":33,"posy":7,"cityid":573,"townid":1247,"tokenid":"e92c1ded88e23b8f19e798ac59019c4e","tokenurl":"/mcm/api/land?token=e92c1ded88e23b8f19e798ac59019c4e","imageurl":"/mcm/images/land/2B/16958_37168dcc9353.jpg","landname":"12"},{"id":281475014262797,"level":1,"status":1,"posx":23,"posy":8,"cityid":573,"townid":1247,"tokenid":"a3a7776f2ca9337422b0482161a5cf66","tokenurl":"/mcm/api/land?token=a3a7776f2ca9337422b0482161a5cf66","imageurl":"/mcm/images/land/2S/6784_4e8f6c220c77.jpg","landname":"13"},{"id":281475014262798,"level":3,"status":1,"posx":24,"posy":8,"cityid":573,"townid":1247,"tokenid":"1b75741a06ffc3c0727701411d291972","tokenurl":"/mcm/api/land?token=1b75741a06ffc3c0727701411d291972","imageurl":"/mcm/images/land/2B/16959_78ad6c30c54.jpg","landname":"14"},{"id":281475014262799,"level":3,"status":1,"posx":28,"posy":8,"cityid":573,"townid":1247,"tokenid":"ac19674f3f4fa61853b6e54b6b078e67","tokenurl":"/mcm/api/land?token=ac19674f3f4fa61853b6e54b6b078e67","imageurl":"/mcm/images/land/2B/16960_52bda5005551.jpg","landname":"15"},{"id":281475014262800,"level":2,"status":1,"posx":29,"posy":8,"cityid":573,"townid":1247,"tokenid":"5259419b9012b3cb7ee89b78e6c734c1","tokenurl":"/mcm/api/land?token=5259419b9012b3cb7ee89b78e6c734c1","imageurl":"/mcm/images/land/2A/10175_1e24a9b08ba6.jpg","landname":"16"},{"id":281475014262801,"level":3,"status":1,"posx":32,"posy":8,"cityid":573,"townid":1247,"tokenid":"3a9f94aceea0ad713ae6c43a277edfb0","tokenurl":"/mcm/api/land?token=3a9f94aceea0ad713ae6c43a277edfb0","imageurl":"/mcm/images/land/2B/16961_b5c07e9802a.jpg","landname":"17"},{"id":281475014262802,"level":3,"status":1,"posx":33,"posy":8,"cityid":573,"townid":1247,"tokenid":"d6f2318994d9e187b08644ac76687831","tokenurl":"/mcm/api/land?token=d6f2318994d9e187b08644ac76687831","imageurl":"/mcm/images/land/2B/16962_261bd103c3b6.jpg","landname":"18"},{"id":281475014262803,"level":2,"status":0,"posx":23,"posy":9,"cityid":573,"townid":1247,"tokenid":"a0146637a7355742d6cad7b44b1d2e91","tokenurl":"/mcm/api/land?token=a0146637a7355742d6cad7b44b1d2e91","imageurl":"/mcm/images/land/2A/10176_fd3c40620cc.jpg","landname":"19"},{"id":281475014262804,"level":1,"status":1,"posx":24,"posy":9,"cityid":573,"townid":1247,"tokenid":"8e6ed7e6526561674d38d95a77264d3c","tokenurl":"/mcm/api/land?token=8e6ed7e6526561674d38d95a77264d3c","imageurl":"/mcm/images/land/2S/6785_44f570795e35.jpg","landname":"20"},{"id":281475014262805,"level":2,"status":0,"posx":28,"posy":9,"cityid":573,"townid":1247,"tokenid":"ce84aed2dc4b2cfea3528b24c3f16044","tokenurl":"/mcm/api/land?token=ce84aed2dc4b2cfea3528b24c3f16044","imageurl":"/mcm/images/land/2A/10177_4a98af21fae.jpg","landname":"21"},{"id":281475014262806,"level":2,"status":0,"posx":29,"posy":9,"cityid":573,"townid":1247,"tokenid":"6e405553e9a8589b28f375cbc1ad87a2","tokenurl":"/mcm/api/land?token=6e405553e9a8589b28f375cbc1ad87a2","imageurl":"/mcm/images/land/2A/10178_242ad5d2eec.jpg","landname":"22"},{"id":281475014262807,"level":2,"status":0,"posx":32,"posy":9,"cityid":573,"townid":1247,"tokenid":"46748d56059c546e878052f6fc32c90d","tokenurl":"/mcm/api/land?token=46748d56059c546e878052f6fc32c90d","imageurl":"/mcm/images/land/2A/10179_545f2601148e.jpg","landname":"23"},{"id":281475014262808,"level":3,"status":0,"posx":33,"posy":9,"cityid":573,"townid":1247,"tokenid":"171f1d401cfd885e94530ca5d921d8d7","tokenurl":"/mcm/api/land?token=171f1d401cfd885e94530ca5d921d8d7","imageurl":"/mcm/images/land/2B/16963_38760abac886.jpg","landname":"24"},{"id":281475014262809,"level":1,"status":0,"posx":6,"posy":10,"cityid":573,"townid":1247,"tokenid":"2fa62d88d398e197b7af96c7e33dda36","tokenurl":"/mcm/api/land?token=2fa62d88d398e197b7af96c7e33dda36","imageurl":"/mcm/images/land/2S/6786_1749bcf46cf6.jpg","landname":"25"},{"id":281475014262810,"level":3,"status":1,"posx":7,"posy":10,"cityid":573,"townid":1247,"tokenid":"51d9932703725044b4b254ba3bf5899f","tokenurl":"/mcm/api/land?token=51d9932703725044b4b254ba3bf5899f","imageurl":"/mcm/images/land/2B/16964_3d5f4d0ff759.jpg","landname":"26"},{"id":281475014262811,"level":3,"status":0,"posx":28,"posy":10,"cityid":573,"townid":1247,"tokenid":"32461387d479d10b6ece34c07cb0d84a","tokenurl":"/mcm/api/land?token=32461387d479d10b6ece34c07cb0d84a","imageurl":"/mcm/images/land/2B/16965_2ea5fce2d83d.jpg","landname":"27"},{"id":281475014262812,"level":1,"status":1,"posx":29,"posy":10,"cityid":573,"townid":1247,"tokenid":"c6b654dab902855a04b6d481ac7dfc2d","tokenurl":"/mcm/api/land?token=c6b654dab902855a04b6d481ac7dfc2d","imageurl":"/mcm/images/land/2S/6787_246401bb2b59.jpg","landname":"28"},{"id":281475014262813,"level":3,"status":0,"posx":32,"posy":10,"cityid":573,"townid":1247,"tokenid":"797ec374a218ae455ec1c285a96e3e09","tokenurl":"/mcm/api/land?token=797ec374a218ae455ec1c285a96e3e09","imageurl":"/mcm/images/land/2B/16966_468ad03715f4.jpg","landname":"29"},{"id":281475014262814,"level":3,"status":1,"posx":33,"posy":10,"cityid":573,"townid":1247,"tokenid":"43968cfca508be73544cd16d70a5b7f8","tokenurl":"/mcm/api/land?token=43968cfca508be73544cd16d70a5b7f8","imageurl":"/mcm/images/land/2B/16967_43b64bd78408.jpg","landname":"30"},{"id":281475014262815,"level":3,"status":1,"posx":6,"posy":11,"cityid":573,"townid":1247,"tokenid":"d73f0f9534a48e68fff50f3a129e4f34","tokenurl":"/mcm/api/land?token=d73f0f9534a48e68fff50f3a129e4f34","imageurl":"/mcm/images/land/2B/16968_1c1cf4a0e337.jpg","landname":"31"},{"id":281475014262816,"level":3,"status":1,"posx":7,"posy":11,"cityid":573,"townid":1247,"tokenid":"7cd58dc9944f9fa6e81d3dde36b9632c","tokenurl":"/mcm/api/land?token=7cd58dc9944f9fa6e81d3dde36b9632c","imageurl":"/mcm/images/land/2B/16969_4eecd4e3e830.jpg","landname":"32"},{"id":281475014262817,"level":3,"status":0,"posx":9,"posy":11,"cityid":573,"townid":1247,"tokenid":"8ec5ed87f7f1c3152e0cbc61c552e901","tokenurl":"/mcm/api/land?token=8ec5ed87f7f1c3152e0cbc61c552e901","imageurl":"/mcm/images/land/2B/16970_174543b75015.jpg","landname":"33"},{"id":281475014262818,"level":3,"status":0,"posx":10,"posy":11,"cityid":573,"townid":1247,"tokenid":"0719458fc8520a780f1930235008dec2","tokenurl":"/mcm/api/land?token=0719458fc8520a780f1930235008dec2","imageurl":"/mcm/images/land/2B/16971_1336600d3994.jpg","landname":"34"},{"id":281475014262819,"level":3,"status":1,"posx":11,"posy":11,"cityid":573,"townid":1247,"tokenid":"e3806dc20a640ffa3b300f99ea8db2ce","tokenurl":"/mcm/api/land?token=e3806dc20a640ffa3b300f99ea8db2ce","imageurl":"/mcm/images/land/2B/16972_442c8330b03e.jpg","landname":"35"},{"id":281475014262820,"level":1,"status":1,"posx":12,"posy":11,"cityid":573,"townid":1247,"tokenid":"6da95a8543dc8f882152e5a418473269","tokenurl":"/mcm/api/land?token=6da95a8543dc8f882152e5a418473269","imageurl":"/mcm/images/land/2S/6788_342706fba4f9.jpg","landname":"36"},{"id":281475014262821,"level":3,"status":1,"posx":13,"posy":11,"cityid":573,"townid":1247,"tokenid":"4c73f947c53858eadee708c1d96f6091","tokenurl":"/mcm/api/land?token=4c73f947c53858eadee708c1d96f6091","imageurl":"/mcm/images/land/2B/16973_4a3b3cc58452.jpg","landname":"37"},{"id":281475014262822,"level":3,"status":1,"posx":32,"posy":11,"cityid":573,"townid":1247,"tokenid":"c03ca6363727b14b14e3a5e4427ef825","tokenurl":"/mcm/api/land?token=c03ca6363727b14b14e3a5e4427ef825","imageurl":"/mcm/images/land/2B/16974_77498f43fb8.jpg","landname":"38"},{"id":281475014262823,"level":3,"status":1,"posx":33,"posy":11,"cityid":573,"townid":1247,"tokenid":"9ae7bb930427822bf0c337491bf6e839","tokenurl":"/mcm/api/land?token=9ae7bb930427822bf0c337491bf6e839","imageurl":"/mcm/images/land/2B/16975_4d94f492c8ff.jpg","landname":"39"},{"id":281475014262824,"level":3,"status":0,"posx":6,"posy":12,"cityid":573,"townid":1247,"tokenid":"a6ed7d9b3481f316f04fedc7ab538eff","tokenurl":"/mcm/api/land?token=a6ed7d9b3481f316f04fedc7ab538eff","imageurl":"/mcm/images/land/2B/16976_1e4abee0b9e0.jpg","landname":"40"},{"id":281475014262825,"level":3,"status":0,"posx":7,"posy":12,"cityid":573,"townid":1247,"tokenid":"2e07723633b0b4ae84ad7518ecac78e9","tokenurl":"/mcm/api/land?token=2e07723633b0b4ae84ad7518ecac78e9","imageurl":"/mcm/images/land/2B/16977_218f71efe5f5.jpg","landname":"41"},{"id":281475014262826,"level":3,"status":0,"posx":9,"posy":12,"cityid":573,"townid":1247,"tokenid":"9c9417e80b3d7f9f942477677b46a2bf","tokenurl":"/mcm/api/land?token=9c9417e80b3d7f9f942477677b46a2bf","imageurl":"/mcm/images/land/2B/16978_327cf00515fa.jpg","landname":"42"},{"id":281475014262827,"level":3,"status":1,"posx":10,"posy":12,"cityid":573,"townid":1247,"tokenid":"a12efc6364f157435740ebd69248c3df","tokenurl":"/mcm/api/land?token=a12efc6364f157435740ebd69248c3df","imageurl":"/mcm/images/land/2B/16979_21cf55be2a1c.jpg","landname":"43"},{"id":281475014262828,"level":1,"status":1,"posx":11,"posy":12,"cityid":573,"townid":1247,"tokenid":"14ce53c78b69802ad3ebb73d6300ce02","tokenurl":"/mcm/api/land?token=14ce53c78b69802ad3ebb73d6300ce02","imageurl":"/mcm/images/land/2S/6789_53f7ffbeb10.jpg","landname":"44"},{"id":281475014262829,"level":2,"status":0,"posx":12,"posy":12,"cityid":573,"townid":1247,"tokenid":"f7a79c1753a2424a3ace54861b2f132e","tokenurl":"/mcm/api/land?token=f7a79c1753a2424a3ace54861b2f132e","imageurl":"/mcm/images/land/2A/10180_196d36616209.jpg","landname":"45"},{"id":281475014262830,"level":2,"status":0,"posx":13,"posy":12,"cityid":573,"townid":1247,"tokenid":"9a25b68174f746e9fe2fc10418ab145a","tokenurl":"/mcm/api/land?token=9a25b68174f746e9fe2fc10418ab145a","imageurl":"/mcm/images/land/2A/10181_1c56f62e9116.jpg","landname":"46"},{"id":281475014262831,"level":1,"status":1,"posx":6,"posy":13,"cityid":573,"townid":1247,"tokenid":"7bee8ae671110d1462e5fa04e2f3b3eb","tokenurl":"/mcm/api/land?token=7bee8ae671110d1462e5fa04e2f3b3eb","imageurl":"/mcm/images/land/2S/6790_511b2513305d.jpg","landname":"47"},{"id":281475014262832,"level":3,"status":1,"posx":7,"posy":13,"cityid":573,"townid":1247,"tokenid":"675f373a55ab2f246bd0eb1e0ad72185","tokenurl":"/mcm/api/land?token=675f373a55ab2f246bd0eb1e0ad72185","imageurl":"/mcm/images/land/2B/16980_1ed83052d32a.jpg","landname":"48"},{"id":281475014262833,"level":3,"status":0,"posx":6,"posy":14,"cityid":573,"townid":1247,"tokenid":"73f6f674ac11ed14947929d61b2945cb","tokenurl":"/mcm/api/land?token=73f6f674ac11ed14947929d61b2945cb","imageurl":"/mcm/images/land/2B/16981_32bdbb7cabeb.jpg","landname":"49"},{"id":281475014262834,"level":2,"status":0,"posx":7,"posy":14,"cityid":573,"townid":1247,"tokenid":"272b4f4ee8e8e3a4fa1ac540212820a1","tokenurl":"/mcm/api/land?token=272b4f4ee8e8e3a4fa1ac540212820a1","imageurl":"/mcm/images/land/2A/10182_3b31b6fabecc.jpg","landname":"50"},{"id":281475014262835,"level":1,"status":0,"posx":10,"posy":15,"cityid":573,"townid":1247,"tokenid":"18ce3dd382e088505b2c9e95af0c1a86","tokenurl":"/mcm/api/land?token=18ce3dd382e088505b2c9e95af0c1a86","imageurl":"/mcm/images/land/2S/6791_1d6ed6c06279.jpg","landname":"51"},{"id":281475014262836,"level":2,"status":1,"posx":11,"posy":15,"cityid":573,"townid":1247,"tokenid":"305dc7f543391206bd8503bb82a2c7d0","tokenurl":"/mcm/api/land?token=305dc7f543391206bd8503bb82a2c7d0","imageurl":"/mcm/images/land/2A/10183_229e47057b96.jpg","landname":"52"},{"id":281475014262837,"level":2,"status":1,"posx":12,"posy":15,"cityid":573,"townid":1247,"tokenid":"ac2e851a7c21648022c9a461c3d19f97","tokenurl":"/mcm/api/land?token=ac2e851a7c21648022c9a461c3d19f97","imageurl":"/mcm/images/land/2A/10184_22f25342d3cd.jpg","landname":"53"},{"id":281475014262838,"level":2,"status":1,"posx":13,"posy":15,"cityid":573,"townid":1247,"tokenid":"09dd8b0193de27484e334f16bbe7b51a","tokenurl":"/mcm/api/land?token=09dd8b0193de27484e334f16bbe7b51a","imageurl":"/mcm/images/land/2A/10185_33d14433daf8.jpg","landname":"54"},{"id":281475014262839,"level":3,"status":1,"posx":14,"posy":15,"cityid":573,"townid":1247,"tokenid":"5b68a6835c15619847eb2b4cf371edaa","tokenurl":"/mcm/api/land?token=5b68a6835c15619847eb2b4cf371edaa","imageurl":"/mcm/images/land/2B/16982_248d4919f313.jpg","landname":"55"},{"id":281475014262840,"level":3,"status":0,"posx":10,"posy":16,"cityid":573,"townid":1247,"tokenid":"ee3c7cb08caaef22e9becc4c7ef613b8","tokenurl":"/mcm/api/land?token=ee3c7cb08caaef22e9becc4c7ef613b8","imageurl":"/mcm/images/land/2B/16983_4fba2b439631.jpg","landname":"56"},{"id":281475014262841,"level":3,"status":0,"posx":11,"posy":16,"cityid":573,"townid":1247,"tokenid":"437e92660e55bb1fd7bb7cef3929cf57","tokenurl":"/mcm/api/land?token=437e92660e55bb1fd7bb7cef3929cf57","imageurl":"/mcm/images/land/2B/16984_465be16e13a2.jpg","landname":"57"},{"id":281475014262842,"level":1,"status":1,"posx":12,"posy":16,"cityid":573,"townid":1247,"tokenid":"9fa8e8a11e2778e5aaef9046b240d7e8","tokenurl":"/mcm/api/land?token=9fa8e8a11e2778e5aaef9046b240d7e8","imageurl":"/mcm/images/land/2S/6792_35a5981c23d6.jpg","landname":"58"},{"id":281475014262843,"level":3,"status":0,"posx":13,"posy":16,"cityid":573,"townid":1247,"tokenid":"e635679d7327ebc2d1ce94588ebd45f7","tokenurl":"/mcm/api/land?token=e635679d7327ebc2d1ce94588ebd45f7","imageurl":"/mcm/images/land/2B/16985_14977efe1d6a.jpg","landname":"59"},{"id":281475014262844,"level":2,"status":0,"posx":14,"posy":16,"cityid":573,"townid":1247,"tokenid":"9dd68d680e331626036508fec93baf38","tokenurl":"/mcm/api/land?token=9dd68d680e331626036508fec93baf38","imageurl":"/mcm/images/land/2A/10186_509f39d2dda6.jpg","landname":"60"},{"id":281475014262845,"level":1,"status":1,"posx":5,"posy":17,"cityid":573,"townid":1247,"tokenid":"107a67f1782bfad337c041a634a2bf48","tokenurl":"/mcm/api/land?token=107a67f1782bfad337c041a634a2bf48","imageurl":"/mcm/images/land/2S/6793_194bed3bdc4d.jpg","landname":"61"},{"id":281475014262846,"level":3,"status":1,"posx":6,"posy":17,"cityid":573,"townid":1247,"tokenid":"6692450b3d9ffe4c7b16cdfa5547dc7e","tokenurl":"/mcm/api/land?token=6692450b3d9ffe4c7b16cdfa5547dc7e","imageurl":"/mcm/images/land/2B/16986_556e87b89d49.jpg","landname":"62"},{"id":281475014262847,"level":3,"status":1,"posx":7,"posy":17,"cityid":573,"townid":1247,"tokenid":"f0117ad71a7e388d0b98f3cafdf99dba","tokenurl":"/mcm/api/land?token=f0117ad71a7e388d0b98f3cafdf99dba","imageurl":"/mcm/images/land/2B/16987_f8459de805b.jpg","landname":"63"},{"id":281475014262848,"level":2,"status":1,"posx":8,"posy":17,"cityid":573,"townid":1247,"tokenid":"61e4ce59016c5727e974e548a81d114f","tokenurl":"/mcm/api/land?token=61e4ce59016c5727e974e548a81d114f","imageurl":"/mcm/images/land/2A/10187_1046710d90ce.jpg","landname":"64"},{"id":281475014262849,"level":2,"status":0,"posx":9,"posy":17,"cityid":573,"townid":1247,"tokenid":"1a88ce8ce2af742d939911e4eafa8b13","tokenurl":"/mcm/api/land?token=1a88ce8ce2af742d939911e4eafa8b13","imageurl":"/mcm/images/land/2A/10188_a968919f9eb.jpg","landname":"65"},{"id":281475014262850,"level":2,"status":1,"posx":5,"posy":18,"cityid":573,"townid":1247,"tokenid":"7701d7f8c13302be26fd8ecb6fd08015","tokenurl":"/mcm/api/land?token=7701d7f8c13302be26fd8ecb6fd08015","imageurl":"/mcm/images/land/2A/10189_409a08ee31b6.jpg","landname":"66"},{"id":281475014262851,"level":2,"status":1,"posx":6,"posy":18,"cityid":573,"townid":1247,"tokenid":"bb2a83e289311e25ab31829bf726cbc1","tokenurl":"/mcm/api/land?token=bb2a83e289311e25ab31829bf726cbc1","imageurl":"/mcm/images/land/2A/10190_3a28491424c5.jpg","landname":"67"},{"id":281475014262852,"level":1,"status":0,"posx":7,"posy":18,"cityid":573,"townid":1247,"tokenid":"34658aa9cd78c6059f1787c5a8e25463","tokenurl":"/mcm/api/land?token=34658aa9cd78c6059f1787c5a8e25463","imageurl":"/mcm/images/land/2S/6794_34fec96175aa.jpg","landname":"68"},{"id":281475014262853,"level":1,"status":0,"posx":8,"posy":18,"cityid":573,"townid":1247,"tokenid":"467f5e8c0152d8ab2d59728d0856cbff","tokenurl":"/mcm/api/land?token=467f5e8c0152d8ab2d59728d0856cbff","imageurl":"/mcm/images/land/2S/6795_25b43efaed6c.jpg","landname":"69"},{"id":281475014262854,"level":3,"status":1,"posx":9,"posy":18,"cityid":573,"townid":1247,"tokenid":"f89736f6c767b909be2cfc648dbbf76c","tokenurl":"/mcm/api/land?token=f89736f6c767b909be2cfc648dbbf76c","imageurl":"/mcm/images/land/2B/16988_43d6c8141989.jpg","landname":"70"},{"id":281475014262855,"level":3,"status":1,"posx":28,"posy":20,"cityid":573,"townid":1247,"tokenid":"ea4c45346d280021b96f9f9a717fe846","tokenurl":"/mcm/api/land?token=ea4c45346d280021b96f9f9a717fe846","imageurl":"/mcm/images/land/2B/16989_2042e6b4160a.jpg","landname":"71"},{"id":281475014262856,"level":2,"status":1,"posx":29,"posy":20,"cityid":573,"townid":1247,"tokenid":"007ececbbcc9b83cf2693470c539df15","tokenurl":"/mcm/api/land?token=007ececbbcc9b83cf2693470c539df15","imageurl":"/mcm/images/land/2A/10191_1651e32197a9.jpg","landname":"72"},{"id":281475014262857,"level":3,"status":1,"posx":32,"posy":20,"cityid":573,"townid":1247,"tokenid":"6856a790c8466b2ea0b42eb9b79357d2","tokenurl":"/mcm/api/land?token=6856a790c8466b2ea0b42eb9b79357d2","imageurl":"/mcm/images/land/2B/16990_259cdea49140.jpg","landname":"73"},{"id":281475014262858,"level":3,"status":1,"posx":33,"posy":20,"cityid":573,"townid":1247,"tokenid":"c673fcd0f68cad783fca6c581a0162cf","tokenurl":"/mcm/api/land?token=c673fcd0f68cad783fca6c581a0162cf","imageurl":"/mcm/images/land/2B/16991_19db16e194a5.jpg","landname":"74"},{"id":281475014262859,"level":2,"status":0,"posx":28,"posy":21,"cityid":573,"townid":1247,"tokenid":"087364808be9ea5167db49718dabd07d","tokenurl":"/mcm/api/land?token=087364808be9ea5167db49718dabd07d","imageurl":"/mcm/images/land/2A/10192_1c7bfdca464e.jpg","landname":"75"},{"id":281475014262860,"level":1,"status":0,"posx":29,"posy":21,"cityid":573,"townid":1247,"tokenid":"bf98a922e7afbf6728ff2c372164f572","tokenurl":"/mcm/api/land?token=bf98a922e7afbf6728ff2c372164f572","imageurl":"/mcm/images/land/2S/6796_769e46bfe01.jpg","landname":"76"},{"id":281475014262861,"level":3,"status":1,"posx":32,"posy":21,"cityid":573,"townid":1247,"tokenid":"8e057ffec88bd156fbc46fb6ae94be28","tokenurl":"/mcm/api/land?token=8e057ffec88bd156fbc46fb6ae94be28","imageurl":"/mcm/images/land/2B/16992_4688d17d68ad.jpg","landname":"77"},{"id":281475014262862,"level":3,"status":0,"posx":33,"posy":21,"cityid":573,"townid":1247,"tokenid":"e34c54a5628e3e32fc661c7832c5154d","tokenurl":"/mcm/api/land?token=e34c54a5628e3e32fc661c7832c5154d","imageurl":"/mcm/images/land/2B/16993_29a02e04bf0e.jpg","landname":"78"},{"id":281475014262863,"level":3,"status":0,"posx":28,"posy":22,"cityid":573,"townid":1247,"tokenid":"08c9915ee993d708ff9aeb5f295e27fe","tokenurl":"/mcm/api/land?token=08c9915ee993d708ff9aeb5f295e27fe","imageurl":"/mcm/images/land/2B/16994_4fe7d9074b37.jpg","landname":"79"},{"id":281475014262864,"level":3,"status":1,"posx":29,"posy":22,"cityid":573,"townid":1247,"tokenid":"f44a066d1d5aa913cdf2dbf02558feac","tokenurl":"/mcm/api/land?token=f44a066d1d5aa913cdf2dbf02558feac","imageurl":"/mcm/images/land/2B/16995_13efa68a21de.jpg","landname":"80"},{"id":281475014262865,"level":2,"status":0,"posx":32,"posy":22,"cityid":573,"townid":1247,"tokenid":"808cb851bed12b6cacd701907cd78508","tokenurl":"/mcm/api/land?token=808cb851bed12b6cacd701907cd78508","imageurl":"/mcm/images/land/2A/10193_570567436eed.jpg","landname":"81"},{"id":281475014262866,"level":2,"status":0,"posx":33,"posy":22,"cityid":573,"townid":1247,"tokenid":"b224628934ac8603f04fbf817ce84f08","tokenurl":"/mcm/api/land?token=b224628934ac8603f04fbf817ce84f08","imageurl":"/mcm/images/land/2A/10194_4966f90be1eb.jpg","landname":"82"},{"id":281475014262867,"level":1,"status":0,"posx":15,"posy":23,"cityid":573,"townid":1247,"tokenid":"0b0c6cdbb3270de6b1daf6cba7e5eb2a","tokenurl":"/mcm/api/land?token=0b0c6cdbb3270de6b1daf6cba7e5eb2a","imageurl":"/mcm/images/land/2S/6797_572c8491410b.jpg","landname":"83"},{"id":281475014262868,"level":3,"status":1,"posx":16,"posy":23,"cityid":573,"townid":1247,"tokenid":"868f7a1450c648e028188bc6927beeb8","tokenurl":"/mcm/api/land?token=868f7a1450c648e028188bc6927beeb8","imageurl":"/mcm/images/land/2B/16996_5a14c1ac00bb.jpg","landname":"84"},{"id":281475014262869,"level":3,"status":1,"posx":17,"posy":23,"cityid":573,"townid":1247,"tokenid":"8f38411db7b03ff7aa9f992480292e0d","tokenurl":"/mcm/api/land?token=8f38411db7b03ff7aa9f992480292e0d","imageurl":"/mcm/images/land/2B/16997_4d03254c50f8.jpg","landname":"85"},{"id":281475014262870,"level":3,"status":1,"posx":18,"posy":23,"cityid":573,"townid":1247,"tokenid":"62f582e4980f0c69c64634a0fe279d30","tokenurl":"/mcm/api/land?token=62f582e4980f0c69c64634a0fe279d30","imageurl":"/mcm/images/land/2B/16998_27d8e9e2727e.jpg","landname":"86"},{"id":281475014262871,"level":2,"status":0,"posx":19,"posy":23,"cityid":573,"townid":1247,"tokenid":"20e4b0084a98b1205b36d95bfcda8882","tokenurl":"/mcm/api/land?token=20e4b0084a98b1205b36d95bfcda8882","imageurl":"/mcm/images/land/2A/10195_2e03eee61a4c.jpg","landname":"87"},{"id":281475014262872,"level":3,"status":0,"posx":28,"posy":23,"cityid":573,"townid":1247,"tokenid":"60f055c1a9e97fab828190a8a62dda6b","tokenurl":"/mcm/api/land?token=60f055c1a9e97fab828190a8a62dda6b","imageurl":"/mcm/images/land/2B/16999_1c1aa93bc916.jpg","landname":"88"},{"id":281475014262873,"level":3,"status":0,"posx":29,"posy":23,"cityid":573,"townid":1247,"tokenid":"a250ad02f4c91a8099e048ee8fae0fd6","tokenurl":"/mcm/api/land?token=a250ad02f4c91a8099e048ee8fae0fd6","imageurl":"/mcm/images/land/2B/17000_4a7d3b518bd9.jpg","landname":"89"},{"id":281475014262874,"level":2,"status":0,"posx":32,"posy":23,"cityid":573,"townid":1247,"tokenid":"74260b6338e6d9b360daf12dde2b12a3","tokenurl":"/mcm/api/land?token=74260b6338e6d9b360daf12dde2b12a3","imageurl":"/mcm/images/land/2A/10196_16a4c0cfb325.jpg","landname":"90"},{"id":281475014262875,"level":3,"status":0,"posx":33,"posy":23,"cityid":573,"townid":1247,"tokenid":"0baaf97568f928eacc8d4d230c445a72","tokenurl":"/mcm/api/land?token=0baaf97568f928eacc8d4d230c445a72","imageurl":"/mcm/images/land/2B/17001_83423ab4c89.jpg","landname":"91"},{"id":281475014262876,"level":2,"status":1,"posx":15,"posy":24,"cityid":573,"townid":1247,"tokenid":"26037f416e3204fb08b04c9b15b76b4f","tokenurl":"/mcm/api/land?token=26037f416e3204fb08b04c9b15b76b4f","imageurl":"/mcm/images/land/2A/10197_1e2cf8bfb5d8.jpg","landname":"92"},{"id":281475014262877,"level":2,"status":1,"posx":16,"posy":24,"cityid":573,"townid":1247,"tokenid":"224102d5bb02da5c6e3b6bcb01f411da","tokenurl":"/mcm/api/land?token=224102d5bb02da5c6e3b6bcb01f411da","imageurl":"/mcm/images/land/2A/10198_4ac058ce57b2.jpg","landname":"93"},{"id":281475014262878,"level":1,"status":0,"posx":17,"posy":24,"cityid":573,"townid":1247,"tokenid":"46630ff329aadaa0cd92ddb845ecbd82","tokenurl":"/mcm/api/land?token=46630ff329aadaa0cd92ddb845ecbd82","imageurl":"/mcm/images/land/2S/6798_32f70c26abe6.jpg","landname":"94"},{"id":281475014262879,"level":2,"status":0,"posx":18,"posy":24,"cityid":573,"townid":1247,"tokenid":"2190cae3b2a0e7f9c3d2ed6525e72614","tokenurl":"/mcm/api/land?token=2190cae3b2a0e7f9c3d2ed6525e72614","imageurl":"/mcm/images/land/2A/10199_42245e00cdee.jpg","landname":"95"},{"id":281475014262880,"level":2,"status":1,"posx":19,"posy":24,"cityid":573,"townid":1247,"tokenid":"16e83ef00e18d0be9c1f8050dde906c4","tokenurl":"/mcm/api/land?token=16e83ef00e18d0be9c1f8050dde906c4","imageurl":"/mcm/images/land/2A/10200_584eaae10a4c.jpg","landname":"96"},{"id":281475014262881,"level":2,"status":1,"posx":28,"posy":24,"cityid":573,"townid":1247,"tokenid":"a3ab916de8685649fc55f9d7c6d1b40e","tokenurl":"/mcm/api/land?token=a3ab916de8685649fc55f9d7c6d1b40e","imageurl":"/mcm/images/land/2A/10201_333bf6a52e90.jpg","landname":"97"},{"id":281475014262882,"level":2,"status":0,"posx":29,"posy":24,"cityid":573,"townid":1247,"tokenid":"84168fbcf5e6b7b59b519e83a43ceb4f","tokenurl":"/mcm/api/land?token=84168fbcf5e6b7b59b519e83a43ceb4f","imageurl":"/mcm/images/land/2A/10202_254ed783bf53.jpg","landname":"98"},{"id":281475014262883,"level":3,"status":0,"posx":32,"posy":24,"cityid":573,"townid":1247,"tokenid":"36f07b2767d82004b5bcace7ffa94883","tokenurl":"/mcm/api/land?token=36f07b2767d82004b5bcace7ffa94883","imageurl":"/mcm/images/land/2B/17002_258429f34594.jpg","landname":"99"},{"id":281475014262884,"level":3,"status":1,"posx":33,"posy":24,"cityid":573,"townid":1247,"tokenid":"d773cfb2e5d4fbbcb16068e3ad09b127","tokenurl":"/mcm/api/land?token=d773cfb2e5d4fbbcb16068e3ad09b127","imageurl":"/mcm/images/land/2B/17003_1a57fb89876c.jpg","landname":"100"},{"id":281475014262885,"level":3,"status":0,"posx":6,"posy":25,"cityid":573,"townid":1247,"tokenid":"33338936808b822f852ba3489ef2dcef","tokenurl":"/mcm/api/land?token=33338936808b822f852ba3489ef2dcef","imageurl":"/mcm/images/land/2B/17004_373d75163b86.jpg","landname":"101"},{"id":281475014262886,"level":3,"status":1,"posx":7,"posy":25,"cityid":573,"townid":1247,"tokenid":"8e56ea6b4d30b40b64cb0cc8bdb37c74","tokenurl":"/mcm/api/land?token=8e56ea6b4d30b40b64cb0cc8bdb37c74","imageurl":"/mcm/images/land/2B/17005_49bc563032bf.jpg","landname":"102"},{"id":281475014262887,"level":3,"status":1,"posx":6,"posy":26,"cityid":573,"townid":1247,"tokenid":"063f4fb2392a65f7b7cded7f4c3efecb","tokenurl":"/mcm/api/land?token=063f4fb2392a65f7b7cded7f4c3efecb","imageurl":"/mcm/images/land/2B/17006_364fac0f0319.jpg","landname":"103"},{"id":281475014262888,"level":1,"status":1,"posx":7,"posy":26,"cityid":573,"townid":1247,"tokenid":"560d94ea251346660accf89432274cae","tokenurl":"/mcm/api/land?token=560d94ea251346660accf89432274cae","imageurl":"/mcm/images/land/2S/6799_4c1c00194a70.jpg","landname":"104"},{"id":281475014262889,"level":2,"status":1,"posx":21,"posy":26,"cityid":573,"townid":1247,"tokenid":"4cc1f8f3f07ec0b3081ea161aad090f9","tokenurl":"/mcm/api/land?token=4cc1f8f3f07ec0b3081ea161aad090f9","imageurl":"/mcm/images/land/2A/10203_e3b0f8f65b7.jpg","landname":"105"},{"id":281475014262890,"level":3,"status":1,"posx":22,"posy":26,"cityid":573,"townid":1247,"tokenid":"030aa2ccaa43c8c7dec22092c38f8de2","tokenurl":"/mcm/api/land?token=030aa2ccaa43c8c7dec22092c38f8de2","imageurl":"/mcm/images/land/2B/17007_1c1016833abb.jpg","landname":"106"},{"id":281475014262891,"level":1,"status":1,"posx":24,"posy":26,"cityid":573,"townid":1247,"tokenid":"07a5c77334d7329fbd4844751a6b304b","tokenurl":"/mcm/api/land?token=07a5c77334d7329fbd4844751a6b304b","imageurl":"/mcm/images/land/2S/6800_1469f7596490.jpg","landname":"107"},{"id":281475014262892,"level":3,"status":0,"posx":25,"posy":26,"cityid":573,"townid":1247,"tokenid":"4d3d751a39fa9c949fc749d2c0cefdcb","tokenurl":"/mcm/api/land?token=4d3d751a39fa9c949fc749d2c0cefdcb","imageurl":"/mcm/images/land/2B/17008_305da63255ce.jpg","landname":"108"},{"id":281475014262893,"level":1,"status":0,"posx":28,"posy":26,"cityid":573,"townid":1247,"tokenid":"fb9830d99bac4cb72f4a3aa0c3968c1e","tokenurl":"/mcm/api/land?token=fb9830d99bac4cb72f4a3aa0c3968c1e","imageurl":"/mcm/images/land/2S/6801_58975ef6d9f8.jpg","landname":"109"},{"id":281475014262894,"level":2,"status":1,"posx":29,"posy":26,"cityid":573,"townid":1247,"tokenid":"2d17df06d8c7cdc0e13b092c4e986e43","tokenurl":"/mcm/api/land?token=2d17df06d8c7cdc0e13b092c4e986e43","imageurl":"/mcm/images/land/2A/10204_5560b879d387.jpg","landname":"110"},{"id":281475014262895,"level":2,"status":0,"posx":32,"posy":26,"cityid":573,"townid":1247,"tokenid":"b1aefb1774d214affa14acd9f1f153d9","tokenurl":"/mcm/api/land?token=b1aefb1774d214affa14acd9f1f153d9","imageurl":"/mcm/images/land/2A/10205_268a3f8f2d2a.jpg","landname":"111"},{"id":281475014262896,"level":2,"status":0,"posx":33,"posy":26,"cityid":573,"townid":1247,"tokenid":"fbad32a7411f9085189546dd43b5568b","tokenurl":"/mcm/api/land?token=fbad32a7411f9085189546dd43b5568b","imageurl":"/mcm/images/land/2A/10206_1d0ec4c29e35.jpg","landname":"112"},{"id":281475014262897,"level":2,"status":1,"posx":6,"posy":27,"cityid":573,"townid":1247,"tokenid":"39c7c582b013fea7bcafb571bd1325e9","tokenurl":"/mcm/api/land?token=39c7c582b013fea7bcafb571bd1325e9","imageurl":"/mcm/images/land/2A/10207_4b1ca2be874a.jpg","landname":"113"},{"id":281475014262898,"level":1,"status":1,"posx":7,"posy":27,"cityid":573,"townid":1247,"tokenid":"05964a9abda5b7d1e64f5d796dd6973c","tokenurl":"/mcm/api/land?token=05964a9abda5b7d1e64f5d796dd6973c","imageurl":"/mcm/images/land/2S/6802_56a4626ede56.jpg","landname":"114"},{"id":281475014262899,"level":2,"status":1,"posx":21,"posy":27,"cityid":573,"townid":1247,"tokenid":"95a85ce52825edb061b0b6949bb27ee8","tokenurl":"/mcm/api/land?token=95a85ce52825edb061b0b6949bb27ee8","imageurl":"/mcm/images/land/2A/10208_45f6f09f5ae6.jpg","landname":"115"},{"id":281475014262900,"level":3,"status":0,"posx":22,"posy":27,"cityid":573,"townid":1247,"tokenid":"2ee32745e11e263a7afd23ccf896a10a","tokenurl":"/mcm/api/land?token=2ee32745e11e263a7afd23ccf896a10a","imageurl":"/mcm/images/land/2B/17009_3bcc24376117.jpg","landname":"116"},{"id":281475014262901,"level":1,"status":1,"posx":24,"posy":27,"cityid":573,"townid":1247,"tokenid":"b062328af23e8994ac70d432c13df2e4","tokenurl":"/mcm/api/land?token=b062328af23e8994ac70d432c13df2e4","imageurl":"/mcm/images/land/2S/6803_34ca22c58510.jpg","landname":"117"},{"id":281475014262902,"level":3,"status":0,"posx":25,"posy":27,"cityid":573,"townid":1247,"tokenid":"8e160a44e4e32f9e6e5c82635aec3fe9","tokenurl":"/mcm/api/land?token=8e160a44e4e32f9e6e5c82635aec3fe9","imageurl":"/mcm/images/land/2B/17010_195bde0110c0.jpg","landname":"118"},{"id":281475014262903,"level":1,"status":0,"posx":28,"posy":27,"cityid":573,"townid":1247,"tokenid":"e88588a2d4e844878d069d43c3b9c04c","tokenurl":"/mcm/api/land?token=e88588a2d4e844878d069d43c3b9c04c","imageurl":"/mcm/images/land/2S/6804_e3c4b45e079.jpg","landname":"119"},{"id":281475014262904,"level":3,"status":1,"posx":29,"posy":27,"cityid":573,"townid":1247,"tokenid":"fe30c64db39394632c51d931d1719312","tokenurl":"/mcm/api/land?token=fe30c64db39394632c51d931d1719312","imageurl":"/mcm/images/land/2B/17011_20d40001953d.jpg","landname":"120"},{"id":281475014262905,"level":2,"status":0,"posx":32,"posy":27,"cityid":573,"townid":1247,"tokenid":"2eb187fefbee6392cbabfaa67fbdeffa","tokenurl":"/mcm/api/land?token=2eb187fefbee6392cbabfaa67fbdeffa","imageurl":"/mcm/images/land/2A/10209_10838445cc50.jpg","landname":"121"},{"id":281475014262906,"level":1,"status":0,"posx":33,"posy":27,"cityid":573,"townid":1247,"tokenid":"4d7b13ef49b62fc97beccc86fe0ff882","tokenurl":"/mcm/api/land?token=4d7b13ef49b62fc97beccc86fe0ff882","imageurl":"/mcm/images/land/2S/6805_45d9d3007ddc.jpg","landname":"122"},{"id":281475014262907,"level":1,"status":1,"posx":6,"posy":28,"cityid":573,"townid":1247,"tokenid":"5d8f2163cb95984f2953ae166e8d4933","tokenurl":"/mcm/api/land?token=5d8f2163cb95984f2953ae166e8d4933","imageurl":"/mcm/images/land/2S/6806_327853d36d5e.jpg","landname":"123"},{"id":281475014262908,"level":1,"status":1,"posx":7,"posy":28,"cityid":573,"townid":1247,"tokenid":"1987dc3a446a101d24ffefc399e5b80f","tokenurl":"/mcm/api/land?token=1987dc3a446a101d24ffefc399e5b80f","imageurl":"/mcm/images/land/2S/6807_48ca5d84e176.jpg","landname":"124"},{"id":281475014262909,"level":3,"status":1,"posx":21,"posy":28,"cityid":573,"townid":1247,"tokenid":"e5e5a48cec0f48125952ab11a8e86d8a","tokenurl":"/mcm/api/land?token=e5e5a48cec0f48125952ab11a8e86d8a","imageurl":"/mcm/images/land/2B/17012_27e50a0c258e.jpg","landname":"125"},{"id":281475014262910,"level":2,"status":0,"posx":22,"posy":28,"cityid":573,"townid":1247,"tokenid":"55933d77dc5d140c71a34106d224db7b","tokenurl":"/mcm/api/land?token=55933d77dc5d140c71a34106d224db7b","imageurl":"/mcm/images/land/2A/10210_2605be5a1cd6.jpg","landname":"126"},{"id":281475014262911,"level":3,"status":0,"posx":24,"posy":28,"cityid":573,"townid":1247,"tokenid":"8196465ee84ab992557b840a7ded692a","tokenurl":"/mcm/api/land?token=8196465ee84ab992557b840a7ded692a","imageurl":"/mcm/images/land/2B/17013_46d165fb9965.jpg","landname":"127"},{"id":281475014262912,"level":2,"status":1,"posx":25,"posy":28,"cityid":573,"townid":1247,"tokenid":"6ba96d5a98ff4bec887ba4978a448860","tokenurl":"/mcm/api/land?token=6ba96d5a98ff4bec887ba4978a448860","imageurl":"/mcm/images/land/2A/10211_2504ea59c7d8.jpg","landname":"128"},{"id":281475014262913,"level":3,"status":0,"posx":28,"posy":28,"cityid":573,"townid":1247,"tokenid":"203e1ca173a5ca486f22082e9c27d347","tokenurl":"/mcm/api/land?token=203e1ca173a5ca486f22082e9c27d347","imageurl":"/mcm/images/land/2B/17014_1ade82d46a66.jpg","landname":"129"},{"id":281475014262914,"level":3,"status":0,"posx":29,"posy":28,"cityid":573,"townid":1247,"tokenid":"765d9663a3e1f2c6c2148759ea20dcab","tokenurl":"/mcm/api/land?token=765d9663a3e1f2c6c2148759ea20dcab","imageurl":"/mcm/images/land/2B/17015_31de6b00dbc2.jpg","landname":"130"},{"id":281475014262915,"level":1,"status":0,"posx":32,"posy":28,"cityid":573,"townid":1247,"tokenid":"dd9f4c46cce4c4d727d6db7bd7226e21","tokenurl":"/mcm/api/land?token=dd9f4c46cce4c4d727d6db7bd7226e21","imageurl":"/mcm/images/land/2S/6808_d39b6dcbbf8.jpg","landname":"131"},{"id":281475014262916,"level":3,"status":0,"posx":33,"posy":28,"cityid":573,"townid":1247,"tokenid":"adb46c932fd0df183b9d0c4832a017a4","tokenurl":"/mcm/api/land?token=adb46c932fd0df183b9d0c4832a017a4","imageurl":"/mcm/images/land/2B/17016_b17a6bed22c.jpg","landname":"132"},{"id":281475014262917,"level":2,"status":0,"posx":6,"posy":29,"cityid":573,"townid":1247,"tokenid":"71ffee52061f4dd41c8162f94bb1ff9d","tokenurl":"/mcm/api/land?token=71ffee52061f4dd41c8162f94bb1ff9d","imageurl":"/mcm/images/land/2A/10212_3cac1948929b.jpg","landname":"133"},{"id":281475014262918,"level":2,"status":1,"posx":7,"posy":29,"cityid":573,"townid":1247,"tokenid":"7946358288ddd3f12642af2f7a3fd6bc","tokenurl":"/mcm/api/land?token=7946358288ddd3f12642af2f7a3fd6bc","imageurl":"/mcm/images/land/2A/10213_f3b61a605b1.jpg","landname":"134"},{"id":281475014262919,"level":2,"status":0,"posx":21,"posy":29,"cityid":573,"townid":1247,"tokenid":"39572fe930552b49902bb97108af7b14","tokenurl":"/mcm/api/land?token=39572fe930552b49902bb97108af7b14","imageurl":"/mcm/images/land/2A/10214_1abe6806f26.jpg","landname":"135"},{"id":281475014262920,"level":3,"status":1,"posx":22,"posy":29,"cityid":573,"townid":1247,"tokenid":"1a9ba25ce237080ed34499c5c2b34cab","tokenurl":"/mcm/api/land?token=1a9ba25ce237080ed34499c5c2b34cab","imageurl":"/mcm/images/land/2B/17017_4336abdb741f.jpg","landname":"136"},{"id":281475014262921,"level":2,"status":0,"posx":24,"posy":29,"cityid":573,"townid":1247,"tokenid":"c992301329ea2dadde3ac3f9fe1fd306","tokenurl":"/mcm/api/land?token=c992301329ea2dadde3ac3f9fe1fd306","imageurl":"/mcm/images/land/2A/10215_3c272bc3e138.jpg","landname":"137"},{"id":281475014262922,"level":3,"status":0,"posx":25,"posy":29,"cityid":573,"townid":1247,"tokenid":"210fd72eea080de65c0a2d42f52b96ee","tokenurl":"/mcm/api/land?token=210fd72eea080de65c0a2d42f52b96ee","imageurl":"/mcm/images/land/2B/17018_11241401ed6d.jpg","landname":"138"},{"id":281475014262923,"level":2,"status":1,"posx":28,"posy":29,"cityid":573,"townid":1247,"tokenid":"6acbdb5b2046773cb6c97525ba856a34","tokenurl":"/mcm/api/land?token=6acbdb5b2046773cb6c97525ba856a34","imageurl":"/mcm/images/land/2A/10216_15b6cbf3ef3e.jpg","landname":"139"},{"id":281475014262924,"level":3,"status":0,"posx":29,"posy":29,"cityid":573,"townid":1247,"tokenid":"838d07709781ea78d8ea3337b8422915","tokenurl":"/mcm/api/land?token=838d07709781ea78d8ea3337b8422915","imageurl":"/mcm/images/land/2B/17019_168ac68a7b09.jpg","landname":"140"},{"id":281475014262925,"level":3,"status":0,"posx":32,"posy":29,"cityid":573,"townid":1247,"tokenid":"0e1898642ddab0c2007613494007e697","tokenurl":"/mcm/api/land?token=0e1898642ddab0c2007613494007e697","imageurl":"/mcm/images/land/2B/17020_1081ef7f5f4e.jpg","landname":"141"},{"id":281475014262926,"level":3,"status":0,"posx":33,"posy":29,"cityid":573,"townid":1247,"tokenid":"6f82a0448f06ccd8a8ec15a6fcf00fa3","tokenurl":"/mcm/api/land?token=6f82a0448f06ccd8a8ec15a6fcf00fa3","imageurl":"/mcm/images/land/2B/17021_507a6d8b0c54.jpg","landname":"142"},{"id":281475014262927,"level":1,"status":1,"posx":21,"posy":30,"cityid":573,"townid":1247,"tokenid":"36dbda24d2db1a0d1422790ba9f6a5cf","tokenurl":"/mcm/api/land?token=36dbda24d2db1a0d1422790ba9f6a5cf","imageurl":"/mcm/images/land/2S/6809_367835046315.jpg","landname":"143"},{"id":281475014262928,"level":1,"status":0,"posx":22,"posy":30,"cityid":573,"townid":1247,"tokenid":"14ee64fb0ee563e12e33a0b3c8d0362d","tokenurl":"/mcm/api/land?token=14ee64fb0ee563e12e33a0b3c8d0362d","imageurl":"/mcm/images/land/2S/6810_2f9dccb90433.jpg","landname":"144"},{"id":281475014262929,"level":3,"status":0,"posx":24,"posy":30,"cityid":573,"townid":1247,"tokenid":"b761d3779482324389c2f3499ea72048","tokenurl":"/mcm/api/land?token=b761d3779482324389c2f3499ea72048","imageurl":"/mcm/images/land/2B/17022_3bc38ad05038.jpg","landname":"145"},{"id":281475014262930,"level":3,"status":1,"posx":25,"posy":30,"cityid":573,"townid":1247,"tokenid":"b0f8bc9c2b7aca5dd2421acab623defb","tokenurl":"/mcm/api/land?token=b0f8bc9c2b7aca5dd2421acab623defb","imageurl":"/mcm/images/land/2B/17023_55930c65bd6a.jpg","landname":"146"},{"id":281475014262931,"level":1,"status":0,"posx":28,"posy":30,"cityid":573,"townid":1247,"tokenid":"206c3d470952950e0b96aefa593aad80","tokenurl":"/mcm/api/land?token=206c3d470952950e0b96aefa593aad80","imageurl":"/mcm/images/land/2S/6811_1d06d452b22.jpg","landname":"147"},{"id":281475014262932,"level":3,"status":0,"posx":29,"posy":30,"cityid":573,"townid":1247,"tokenid":"f59109feb0cc37bf7bc7144acd69b4c4","tokenurl":"/mcm/api/land?token=f59109feb0cc37bf7bc7144acd69b4c4","imageurl":"/mcm/images/land/2B/17024_2e77352016b7.jpg","landname":"148"},{"id":281475014262933,"level":3,"status":0,"posx":32,"posy":30,"cityid":573,"townid":1247,"tokenid":"decb83483965049bb1fd7a5895bcbb88","tokenurl":"/mcm/api/land?token=decb83483965049bb1fd7a5895bcbb88","imageurl":"/mcm/images/land/2B/17025_47dd91d4d722.jpg","landname":"149"},{"id":281475014262934,"level":3,"status":0,"posx":33,"posy":30,"cityid":573,"townid":1247,"tokenid":"dd3952f411168bd01c28d1d10d0cf9a5","tokenurl":"/mcm/api/land?token=dd3952f411168bd01c28d1d10d0cf9a5","imageurl":"/mcm/images/land/2B/17026_3b7b207873c0.jpg","landname":"150"}]]],0,0,[],[],[]]
