[1,0,0,[["cc.JsonAsset",["_name","json"],1]],[[0,0,1,3]],[[0,"145",[{"id":281474980315137,"level":3,"status":1,"posx":32,"posy":5,"cityid":55,"townid":145,"tokenid":"ce3642451ebe768ec0ec1498fdb6533f","tokenurl":"/mcm/api/land?token=ce3642451ebe768ec0ec1498fdb6533f","imageurl":"/mcm/images/land/2B/5402_22f7a6007bbe.jpg","landname":"1"},{"id":281474980315138,"level":2,"status":1,"posx":33,"posy":5,"cityid":55,"townid":145,"tokenid":"c385ca64d0a8c9a9cc2fad9f211b6ac5","tokenurl":"/mcm/api/land?token=c385ca64d0a8c9a9cc2fad9f211b6ac5","imageurl":"/mcm/images/land/2A/3242_1e3489806b71.jpg","landname":"2"},{"id":281474980315139,"level":3,"status":1,"posx":5,"posy":6,"cityid":55,"townid":145,"tokenid":"2c0b1a26187f18a87ad0135e6b183007","tokenurl":"/mcm/api/land?token=2c0b1a26187f18a87ad0135e6b183007","imageurl":"/mcm/images/land/2B/5403_51d4a6750f03.jpg","landname":"3"},{"id":281474980315140,"level":1,"status":0,"posx":6,"posy":6,"cityid":55,"townid":145,"tokenid":"0225366af167c9c2eb79222906cdcf17","tokenurl":"/mcm/api/land?token=0225366af167c9c2eb79222906cdcf17","imageurl":"/mcm/images/land/2S/2162_427f644f61b5.jpg","landname":"4"},{"id":281474980315141,"level":3,"status":0,"posx":21,"posy":6,"cityid":55,"townid":145,"tokenid":"3398f7181d6d793474583ad5b7462bf9","tokenurl":"/mcm/api/land?token=3398f7181d6d793474583ad5b7462bf9","imageurl":"/mcm/images/land/2B/5404_22822a1bb4ba.jpg","landname":"5"},{"id":281474980315142,"level":2,"status":0,"posx":22,"posy":6,"cityid":55,"townid":145,"tokenid":"b1d51ca43d601e2543c84357b48bca97","tokenurl":"/mcm/api/land?token=b1d51ca43d601e2543c84357b48bca97","imageurl":"/mcm/images/land/2A/3243_498db69c11c1.jpg","landname":"6"},{"id":281474980315143,"level":3,"status":1,"posx":23,"posy":6,"cityid":55,"townid":145,"tokenid":"5c8108171eee555c3ef8c0fa847fe0b3","tokenurl":"/mcm/api/land?token=5c8108171eee555c3ef8c0fa847fe0b3","imageurl":"/mcm/images/land/2B/5405_8df4efc3ea4.jpg","landname":"7"},{"id":281474980315144,"level":2,"status":1,"posx":24,"posy":6,"cityid":55,"townid":145,"tokenid":"2926232b49c4673b44b893deeed06917","tokenurl":"/mcm/api/land?token=2926232b49c4673b44b893deeed06917","imageurl":"/mcm/images/land/2A/3244_44f452596485.jpg","landname":"8"},{"id":281474980315145,"level":3,"status":1,"posx":25,"posy":6,"cityid":55,"townid":145,"tokenid":"78072a75d10e19948f6bc4a2361fc100","tokenurl":"/mcm/api/land?token=78072a75d10e19948f6bc4a2361fc100","imageurl":"/mcm/images/land/2B/5406_56d2d0a13bf9.jpg","landname":"9"},{"id":281474980315146,"level":1,"status":0,"posx":32,"posy":6,"cityid":55,"townid":145,"tokenid":"071056d19b939a4924e848c69a48f067","tokenurl":"/mcm/api/land?token=071056d19b939a4924e848c69a48f067","imageurl":"/mcm/images/land/2S/2163_5507f8a4a3fc.jpg","landname":"10"},{"id":281474980315147,"level":2,"status":0,"posx":33,"posy":6,"cityid":55,"townid":145,"tokenid":"8d7b94732415a909506bcc24325998cc","tokenurl":"/mcm/api/land?token=8d7b94732415a909506bcc24325998cc","imageurl":"/mcm/images/land/2A/3245_38486d1d9a20.jpg","landname":"11"},{"id":281474980315148,"level":3,"status":0,"posx":5,"posy":7,"cityid":55,"townid":145,"tokenid":"7eef5c6180ea02aa00d146722a784011","tokenurl":"/mcm/api/land?token=7eef5c6180ea02aa00d146722a784011","imageurl":"/mcm/images/land/2B/5407_17cb5467cccb.jpg","landname":"12"},{"id":281474980315149,"level":1,"status":0,"posx":6,"posy":7,"cityid":55,"townid":145,"tokenid":"41e58f3d3f973568fd0e8685fb64cbdb","tokenurl":"/mcm/api/land?token=41e58f3d3f973568fd0e8685fb64cbdb","imageurl":"/mcm/images/land/2S/2164_42cfd36bda81.jpg","landname":"13"},{"id":281474980315150,"level":2,"status":1,"posx":21,"posy":7,"cityid":55,"townid":145,"tokenid":"b493772eec7b05133b0dcb61528efe63","tokenurl":"/mcm/api/land?token=b493772eec7b05133b0dcb61528efe63","imageurl":"/mcm/images/land/2A/3246_276df6700d47.jpg","landname":"14"},{"id":281474980315151,"level":3,"status":1,"posx":22,"posy":7,"cityid":55,"townid":145,"tokenid":"bea9a4ad3d5ba3041a0eb78bd231f7e3","tokenurl":"/mcm/api/land?token=bea9a4ad3d5ba3041a0eb78bd231f7e3","imageurl":"/mcm/images/land/2B/5408_2dac71b1fc59.jpg","landname":"15"},{"id":281474980315152,"level":3,"status":1,"posx":23,"posy":7,"cityid":55,"townid":145,"tokenid":"2e8e915df88c6ef48cdb5c2b7eedd09e","tokenurl":"/mcm/api/land?token=2e8e915df88c6ef48cdb5c2b7eedd09e","imageurl":"/mcm/images/land/2B/5409_2924574b4c8.jpg","landname":"16"},{"id":281474980315153,"level":2,"status":0,"posx":24,"posy":7,"cityid":55,"townid":145,"tokenid":"c4be039e00978c416c31be61b9dc2e19","tokenurl":"/mcm/api/land?token=c4be039e00978c416c31be61b9dc2e19","imageurl":"/mcm/images/land/2A/3247_1473fbcc5f7b.jpg","landname":"17"},{"id":281474980315154,"level":3,"status":1,"posx":25,"posy":7,"cityid":55,"townid":145,"tokenid":"db1a3d9fd53c35a1cbf06d53899f5493","tokenurl":"/mcm/api/land?token=db1a3d9fd53c35a1cbf06d53899f5493","imageurl":"/mcm/images/land/2B/5410_8052f01abb9.jpg","landname":"18"},{"id":281474980315155,"level":2,"status":0,"posx":32,"posy":7,"cityid":55,"townid":145,"tokenid":"5e72a4b35225a1a5ede8088f6afec257","tokenurl":"/mcm/api/land?token=5e72a4b35225a1a5ede8088f6afec257","imageurl":"/mcm/images/land/2A/3248_707a2e8f633.jpg","landname":"19"},{"id":281474980315156,"level":2,"status":1,"posx":33,"posy":7,"cityid":55,"townid":145,"tokenid":"165a3ed949ad0b3b2e9c67078d36181b","tokenurl":"/mcm/api/land?token=165a3ed949ad0b3b2e9c67078d36181b","imageurl":"/mcm/images/land/2A/3249_fd56ee193ff.jpg","landname":"20"},{"id":281474980315157,"level":2,"status":0,"posx":5,"posy":8,"cityid":55,"townid":145,"tokenid":"8f31ddf9436e89afa85899113b488321","tokenurl":"/mcm/api/land?token=8f31ddf9436e89afa85899113b488321","imageurl":"/mcm/images/land/2A/3250_2e374c945288.jpg","landname":"21"},{"id":281474980315158,"level":2,"status":0,"posx":6,"posy":8,"cityid":55,"townid":145,"tokenid":"0641f4f6d6c0ba50bdf6a1e0021e2d3b","tokenurl":"/mcm/api/land?token=0641f4f6d6c0ba50bdf6a1e0021e2d3b","imageurl":"/mcm/images/land/2A/3251_41ac484b9f66.jpg","landname":"22"},{"id":281474980315159,"level":3,"status":0,"posx":32,"posy":8,"cityid":55,"townid":145,"tokenid":"808cadd171c38a792acb00b5b65a43ea","tokenurl":"/mcm/api/land?token=808cadd171c38a792acb00b5b65a43ea","imageurl":"/mcm/images/land/2B/5411_53984e6ad6d5.jpg","landname":"23"},{"id":281474980315160,"level":1,"status":1,"posx":33,"posy":8,"cityid":55,"townid":145,"tokenid":"1e0025bb8b628686986490f2770da1e3","tokenurl":"/mcm/api/land?token=1e0025bb8b628686986490f2770da1e3","imageurl":"/mcm/images/land/2S/2165_2f3cf1dd1105.jpg","landname":"24"},{"id":281474980315161,"level":3,"status":1,"posx":5,"posy":9,"cityid":55,"townid":145,"tokenid":"a220448091c43583c9db2ca54a214829","tokenurl":"/mcm/api/land?token=a220448091c43583c9db2ca54a214829","imageurl":"/mcm/images/land/2B/5412_ec1b4dd0771.jpg","landname":"25"},{"id":281474980315162,"level":2,"status":0,"posx":6,"posy":9,"cityid":55,"townid":145,"tokenid":"4a26163978dcaeda5f14b7f2dd73b550","tokenurl":"/mcm/api/land?token=4a26163978dcaeda5f14b7f2dd73b550","imageurl":"/mcm/images/land/2A/3252_988e5883ba3.jpg","landname":"26"},{"id":281474980315163,"level":3,"status":1,"posx":32,"posy":9,"cityid":55,"townid":145,"tokenid":"b411bfa82c64da673ef6b4f456404e65","tokenurl":"/mcm/api/land?token=b411bfa82c64da673ef6b4f456404e65","imageurl":"/mcm/images/land/2B/5413_1a12d4caf28.jpg","landname":"27"},{"id":281474980315164,"level":3,"status":1,"posx":33,"posy":9,"cityid":55,"townid":145,"tokenid":"0e34ea39ebe9b482072be803085df4ca","tokenurl":"/mcm/api/land?token=0e34ea39ebe9b482072be803085df4ca","imageurl":"/mcm/images/land/2B/5414_52111a64671c.jpg","landname":"28"},{"id":281474980315165,"level":3,"status":0,"posx":5,"posy":10,"cityid":55,"townid":145,"tokenid":"4d331262b65f0c44d1d0497e7d0b9f37","tokenurl":"/mcm/api/land?token=4d331262b65f0c44d1d0497e7d0b9f37","imageurl":"/mcm/images/land/2B/5415_597043b9967e.jpg","landname":"29"},{"id":281474980315166,"level":1,"status":1,"posx":6,"posy":10,"cityid":55,"townid":145,"tokenid":"adcc687628f54b341bd29fc6030b4158","tokenurl":"/mcm/api/land?token=adcc687628f54b341bd29fc6030b4158","imageurl":"/mcm/images/land/2S/2166_1472b23b21a6.jpg","landname":"30"},{"id":281474980315167,"level":1,"status":1,"posx":8,"posy":10,"cityid":55,"townid":145,"tokenid":"fd97570f7509730a1c0e9057caa52cae","tokenurl":"/mcm/api/land?token=fd97570f7509730a1c0e9057caa52cae","imageurl":"/mcm/images/land/2S/2167_4a5d897c699c.jpg","landname":"31"},{"id":281474980315168,"level":3,"status":1,"posx":9,"posy":10,"cityid":55,"townid":145,"tokenid":"b5abd31b969adc9e8476ddf5c43cf9c9","tokenurl":"/mcm/api/land?token=b5abd31b969adc9e8476ddf5c43cf9c9","imageurl":"/mcm/images/land/2B/5416_4378a064eac3.jpg","landname":"32"},{"id":281474980315169,"level":1,"status":1,"posx":23,"posy":10,"cityid":55,"townid":145,"tokenid":"82206f0e5adf512d47ff1387ac98b2c2","tokenurl":"/mcm/api/land?token=82206f0e5adf512d47ff1387ac98b2c2","imageurl":"/mcm/images/land/2S/2168_2e9a6eb74f64.jpg","landname":"33"},{"id":281474980315170,"level":3,"status":0,"posx":24,"posy":10,"cityid":55,"townid":145,"tokenid":"88f26969786099bdacb5e6a93ff142e7","tokenurl":"/mcm/api/land?token=88f26969786099bdacb5e6a93ff142e7","imageurl":"/mcm/images/land/2B/5417_2040a32c76f7.jpg","landname":"34"},{"id":281474980315171,"level":3,"status":0,"posx":8,"posy":11,"cityid":55,"townid":145,"tokenid":"b7e60bdbb7ee8a8fbd1691169a659943","tokenurl":"/mcm/api/land?token=b7e60bdbb7ee8a8fbd1691169a659943","imageurl":"/mcm/images/land/2B/5418_26c27c63897e.jpg","landname":"35"},{"id":281474980315172,"level":3,"status":1,"posx":9,"posy":11,"cityid":55,"townid":145,"tokenid":"99fe22a3c1b3edd89ec611daee08699d","tokenurl":"/mcm/api/land?token=99fe22a3c1b3edd89ec611daee08699d","imageurl":"/mcm/images/land/2B/5419_1381805c9b79.jpg","landname":"36"},{"id":281474980315173,"level":3,"status":1,"posx":23,"posy":11,"cityid":55,"townid":145,"tokenid":"422204431d2faa2cba1f20835b6eba7b","tokenurl":"/mcm/api/land?token=422204431d2faa2cba1f20835b6eba7b","imageurl":"/mcm/images/land/2B/5420_1db0ae68d0d.jpg","landname":"37"},{"id":281474980315174,"level":3,"status":1,"posx":24,"posy":11,"cityid":55,"townid":145,"tokenid":"79b25b7aad8f7c2aef0bb7e80d25e704","tokenurl":"/mcm/api/land?token=79b25b7aad8f7c2aef0bb7e80d25e704","imageurl":"/mcm/images/land/2B/5421_4211d368f317.jpg","landname":"38"},{"id":281474980315175,"level":3,"status":0,"posx":8,"posy":12,"cityid":55,"townid":145,"tokenid":"9374293c857a55748c03bb6760fd50f4","tokenurl":"/mcm/api/land?token=9374293c857a55748c03bb6760fd50f4","imageurl":"/mcm/images/land/2B/5422_55ca9431726f.jpg","landname":"39"},{"id":281474980315176,"level":3,"status":0,"posx":9,"posy":12,"cityid":55,"townid":145,"tokenid":"8a95e1e2d6c6011210b666444d69d5ed","tokenurl":"/mcm/api/land?token=8a95e1e2d6c6011210b666444d69d5ed","imageurl":"/mcm/images/land/2B/5423_ce83ad43c02.jpg","landname":"40"},{"id":281474980315177,"level":3,"status":1,"posx":23,"posy":12,"cityid":55,"townid":145,"tokenid":"dad14cd5b687fe6965bfab34ed28f983","tokenurl":"/mcm/api/land?token=dad14cd5b687fe6965bfab34ed28f983","imageurl":"/mcm/images/land/2B/5424_7ec8a1a82b.jpg","landname":"41"},{"id":281474980315178,"level":1,"status":0,"posx":24,"posy":12,"cityid":55,"townid":145,"tokenid":"76f25308879e0b338ab7625bd8b2e072","tokenurl":"/mcm/api/land?token=76f25308879e0b338ab7625bd8b2e072","imageurl":"/mcm/images/land/2S/2169_2b5accf5aafa.jpg","landname":"42"},{"id":281474980315179,"level":1,"status":1,"posx":32,"posy":12,"cityid":55,"townid":145,"tokenid":"8f7041d843772c830bc02755a7e91319","tokenurl":"/mcm/api/land?token=8f7041d843772c830bc02755a7e91319","imageurl":"/mcm/images/land/2S/2170_1096bc7f7c65.jpg","landname":"43"},{"id":281474980315180,"level":1,"status":0,"posx":33,"posy":12,"cityid":55,"townid":145,"tokenid":"541621ec49aa3894d4a30c7c719975c3","tokenurl":"/mcm/api/land?token=541621ec49aa3894d4a30c7c719975c3","imageurl":"/mcm/images/land/2S/2171_2bacf4f6afcf.jpg","landname":"44"},{"id":281474980315181,"level":3,"status":1,"posx":8,"posy":13,"cityid":55,"townid":145,"tokenid":"d6f70a265b3ecac27c24149f43a29d42","tokenurl":"/mcm/api/land?token=d6f70a265b3ecac27c24149f43a29d42","imageurl":"/mcm/images/land/2B/5425_1bb477b4b2ec.jpg","landname":"45"},{"id":281474980315182,"level":3,"status":1,"posx":9,"posy":13,"cityid":55,"townid":145,"tokenid":"21fd7bc09cfc0675a5ff348511e00a08","tokenurl":"/mcm/api/land?token=21fd7bc09cfc0675a5ff348511e00a08","imageurl":"/mcm/images/land/2B/5426_26ee73207270.jpg","landname":"46"},{"id":281474980315183,"level":1,"status":0,"posx":23,"posy":13,"cityid":55,"townid":145,"tokenid":"d54dc135e20ec0a143a4c6db0fb3275c","tokenurl":"/mcm/api/land?token=d54dc135e20ec0a143a4c6db0fb3275c","imageurl":"/mcm/images/land/2S/2172_42fb4845fe0.jpg","landname":"47"},{"id":281474980315184,"level":2,"status":0,"posx":24,"posy":13,"cityid":55,"townid":145,"tokenid":"7e4043833aeee98e358334307f88a6be","tokenurl":"/mcm/api/land?token=7e4043833aeee98e358334307f88a6be","imageurl":"/mcm/images/land/2A/3253_a952c8a3b17.jpg","landname":"48"},{"id":281474980315185,"level":2,"status":1,"posx":32,"posy":13,"cityid":55,"townid":145,"tokenid":"949c0c983abb4eb1f61ec02fb4a95b21","tokenurl":"/mcm/api/land?token=949c0c983abb4eb1f61ec02fb4a95b21","imageurl":"/mcm/images/land/2A/3254_3f03f110d7da.jpg","landname":"49"},{"id":281474980315186,"level":3,"status":1,"posx":33,"posy":13,"cityid":55,"townid":145,"tokenid":"84fcf9648bcf91090fdac8dd2dabe4b0","tokenurl":"/mcm/api/land?token=84fcf9648bcf91090fdac8dd2dabe4b0","imageurl":"/mcm/images/land/2B/5427_561887b0c79a.jpg","landname":"50"},{"id":281474980315187,"level":2,"status":1,"posx":8,"posy":14,"cityid":55,"townid":145,"tokenid":"12003bdb6e4698aeebba6cf56f167c2c","tokenurl":"/mcm/api/land?token=12003bdb6e4698aeebba6cf56f167c2c","imageurl":"/mcm/images/land/2A/3255_1b378167c93b.jpg","landname":"51"},{"id":281474980315188,"level":2,"status":1,"posx":9,"posy":14,"cityid":55,"townid":145,"tokenid":"68274ef289c126bc55afc4830e5700af","tokenurl":"/mcm/api/land?token=68274ef289c126bc55afc4830e5700af","imageurl":"/mcm/images/land/2A/3256_1f407b3db757.jpg","landname":"52"},{"id":281474980315189,"level":1,"status":0,"posx":23,"posy":14,"cityid":55,"townid":145,"tokenid":"21b321f122e99b00913d11aacacffef7","tokenurl":"/mcm/api/land?token=21b321f122e99b00913d11aacacffef7","imageurl":"/mcm/images/land/2S/2173_1357ea69c5c2.jpg","landname":"53"},{"id":281474980315190,"level":3,"status":0,"posx":24,"posy":14,"cityid":55,"townid":145,"tokenid":"e0c9ff2bd502983c75295b8da55501d6","tokenurl":"/mcm/api/land?token=e0c9ff2bd502983c75295b8da55501d6","imageurl":"/mcm/images/land/2B/5428_1067ecca50a4.jpg","landname":""},{"id":281474980315191,"level":3,"status":0,"posx":32,"posy":14,"cityid":55,"townid":145,"tokenid":"c0472bdb851534b60ba73dd4ed95d56f","tokenurl":"/mcm/api/land?token=c0472bdb851534b60ba73dd4ed95d56f","imageurl":"/mcm/images/land/2B/5429_8dec70c5af7.jpg","landname":""},{"id":281474980315192,"level":3,"status":0,"posx":33,"posy":14,"cityid":55,"townid":145,"tokenid":"48799ff1e07076d35df3025658f7037e","tokenurl":"/mcm/api/land?token=48799ff1e07076d35df3025658f7037e","imageurl":"/mcm/images/land/2B/5430_3d8abbe2c2a1.jpg","landname":""},{"id":281474980315193,"level":3,"status":0,"posx":32,"posy":15,"cityid":55,"townid":145,"tokenid":"b042e6d954d67ae15a75cc76def7d775","tokenurl":"/mcm/api/land?token=b042e6d954d67ae15a75cc76def7d775","imageurl":"/mcm/images/land/2B/5431_24440ee7771d.jpg","landname":""},{"id":281474980315194,"level":3,"status":1,"posx":33,"posy":15,"cityid":55,"townid":145,"tokenid":"63ac2fbd47864b906d950e0155988b61","tokenurl":"/mcm/api/land?token=63ac2fbd47864b906d950e0155988b61","imageurl":"/mcm/images/land/2B/5432_4401e2b96ac7.jpg","landname":""},{"id":281474980315195,"level":2,"status":0,"posx":8,"posy":16,"cityid":55,"townid":145,"tokenid":"ee9e8af1657df7e47b6b5ba3e5fe4d39","tokenurl":"/mcm/api/land?token=ee9e8af1657df7e47b6b5ba3e5fe4d39","imageurl":"/mcm/images/land/2A/3257_11aa20d05dac.jpg","landname":""},{"id":281474980315196,"level":1,"status":0,"posx":9,"posy":16,"cityid":55,"townid":145,"tokenid":"9d311cfca209211f129f337d7341c6d9","tokenurl":"/mcm/api/land?token=9d311cfca209211f129f337d7341c6d9","imageurl":"/mcm/images/land/2S/2174_3e516e9413f.jpg","landname":""},{"id":281474980315197,"level":3,"status":0,"posx":32,"posy":16,"cityid":55,"townid":145,"tokenid":"cb7dd83b6b3b6d56f5ddb77d1f35dabb","tokenurl":"/mcm/api/land?token=cb7dd83b6b3b6d56f5ddb77d1f35dabb","imageurl":"/mcm/images/land/2B/5433_176d008bb0c3.jpg","landname":""},{"id":281474980315198,"level":3,"status":1,"posx":33,"posy":16,"cityid":55,"townid":145,"tokenid":"0ca6e36b6096536b7685a40b7d3ec51e","tokenurl":"/mcm/api/land?token=0ca6e36b6096536b7685a40b7d3ec51e","imageurl":"/mcm/images/land/2B/5434_413bee2b5a15.jpg","landname":""},{"id":281474980315199,"level":2,"status":0,"posx":8,"posy":17,"cityid":55,"townid":145,"tokenid":"2f26e0076150a775b94988bcc6ed09c4","tokenurl":"/mcm/api/land?token=2f26e0076150a775b94988bcc6ed09c4","imageurl":"/mcm/images/land/2A/3258_1c5ec85fe168.jpg","landname":"63"},{"id":281474980315200,"level":3,"status":1,"posx":9,"posy":17,"cityid":55,"townid":145,"tokenid":"b5dd74f61219b0068ea665dff7971b31","tokenurl":"/mcm/api/land?token=b5dd74f61219b0068ea665dff7971b31","imageurl":"/mcm/images/land/2B/5435_1293194231e4.jpg","landname":"64"},{"id":281474980315201,"level":3,"status":0,"posx":8,"posy":18,"cityid":55,"townid":145,"tokenid":"6c2720c0d4f455ba6f9fe1b17e413609","tokenurl":"/mcm/api/land?token=6c2720c0d4f455ba6f9fe1b17e413609","imageurl":"/mcm/images/land/2B/5436_1e1414d44175.jpg","landname":"65"},{"id":281474980315202,"level":1,"status":0,"posx":9,"posy":18,"cityid":55,"townid":145,"tokenid":"d503a325ec710cf1a2ded716cfa59616","tokenurl":"/mcm/api/land?token=d503a325ec710cf1a2ded716cfa59616","imageurl":"/mcm/images/land/2S/2175_1ca64cfb8c08.jpg","landname":"66"},{"id":281474980315203,"level":2,"status":0,"posx":20,"posy":18,"cityid":55,"townid":145,"tokenid":"d23ad6b2d0f970d0eaf6a99756e22e49","tokenurl":"/mcm/api/land?token=d23ad6b2d0f970d0eaf6a99756e22e49","imageurl":"/mcm/images/land/2A/3259_23f8f0d8b6f1.jpg","landname":"67"},{"id":281474980315204,"level":2,"status":1,"posx":21,"posy":18,"cityid":55,"townid":145,"tokenid":"807b36e806ffe4ed4a78f07cb5ece351","tokenurl":"/mcm/api/land?token=807b36e806ffe4ed4a78f07cb5ece351","imageurl":"/mcm/images/land/2A/3260_583d756fd1bd.jpg","landname":"68"},{"id":281474980315205,"level":2,"status":0,"posx":25,"posy":18,"cityid":55,"townid":145,"tokenid":"07b74923c7a8ae2133120e3a424dee02","tokenurl":"/mcm/api/land?token=07b74923c7a8ae2133120e3a424dee02","imageurl":"/mcm/images/land/2A/3261_563426103133.jpg","landname":"69"},{"id":281474980315206,"level":3,"status":0,"posx":26,"posy":18,"cityid":55,"townid":145,"tokenid":"f2556fe96987483e3c221c03b1adaafa","tokenurl":"/mcm/api/land?token=f2556fe96987483e3c221c03b1adaafa","imageurl":"/mcm/images/land/2B/5437_304c466dfa10.jpg","landname":"70"},{"id":281474980315207,"level":1,"status":1,"posx":8,"posy":19,"cityid":55,"townid":145,"tokenid":"e01819ec9b0df07e48c0b53e7ad55a1a","tokenurl":"/mcm/api/land?token=e01819ec9b0df07e48c0b53e7ad55a1a","imageurl":"/mcm/images/land/2S/2176_12cb60886fe7.jpg","landname":"71"},{"id":281474980315208,"level":1,"status":1,"posx":9,"posy":19,"cityid":55,"townid":145,"tokenid":"8efa0b079df3c21ea79101be88782f01","tokenurl":"/mcm/api/land?token=8efa0b079df3c21ea79101be88782f01","imageurl":"/mcm/images/land/2S/2177_488412f26c09.jpg","landname":"72"},{"id":281474980315209,"level":2,"status":0,"posx":20,"posy":19,"cityid":55,"townid":145,"tokenid":"7c4126c6bb0c80afca81b4a6f9a8c9c7","tokenurl":"/mcm/api/land?token=7c4126c6bb0c80afca81b4a6f9a8c9c7","imageurl":"/mcm/images/land/2A/3262_35617f57558c.jpg","landname":"73"},{"id":281474980315210,"level":1,"status":1,"posx":21,"posy":19,"cityid":55,"townid":145,"tokenid":"6fd2ef1e2f5b9682731ece6cbd6d5985","tokenurl":"/mcm/api/land?token=6fd2ef1e2f5b9682731ece6cbd6d5985","imageurl":"/mcm/images/land/2S/2178_31073b0b89e3.jpg","landname":"74"},{"id":281474980315211,"level":3,"status":0,"posx":25,"posy":19,"cityid":55,"townid":145,"tokenid":"7b70b204720d9ca8674e19a373a05f47","tokenurl":"/mcm/api/land?token=7b70b204720d9ca8674e19a373a05f47","imageurl":"/mcm/images/land/2B/5438_1a983c5e4d82.jpg","landname":"75"},{"id":281474980315212,"level":3,"status":1,"posx":26,"posy":19,"cityid":55,"townid":145,"tokenid":"a562099dc188e3c8b4828ab84ea26792","tokenurl":"/mcm/api/land?token=a562099dc188e3c8b4828ab84ea26792","imageurl":"/mcm/images/land/2B/5439_53d164fa4eef.jpg","landname":"76"},{"id":281474980315213,"level":3,"status":1,"posx":8,"posy":20,"cityid":55,"townid":145,"tokenid":"64d5dbcabaa1bf746d4893487e206864","tokenurl":"/mcm/api/land?token=64d5dbcabaa1bf746d4893487e206864","imageurl":"/mcm/images/land/2B/5440_57bc2e0cfc47.jpg","landname":"77"},{"id":281474980315214,"level":3,"status":1,"posx":9,"posy":20,"cityid":55,"townid":145,"tokenid":"e2f3ed021adbdfd6c3d3110a40ef86c7","tokenurl":"/mcm/api/land?token=e2f3ed021adbdfd6c3d3110a40ef86c7","imageurl":"/mcm/images/land/2B/5441_157e71e2c371.jpg","landname":"78"},{"id":281474980315215,"level":3,"status":0,"posx":20,"posy":20,"cityid":55,"townid":145,"tokenid":"0ed0955f257688173b1880a183368507","tokenurl":"/mcm/api/land?token=0ed0955f257688173b1880a183368507","imageurl":"/mcm/images/land/2B/5442_3e83a4a6766.jpg","landname":"79"},{"id":281474980315216,"level":2,"status":0,"posx":21,"posy":20,"cityid":55,"townid":145,"tokenid":"d65861031c4f9b899cd8f58445851f7e","tokenurl":"/mcm/api/land?token=d65861031c4f9b899cd8f58445851f7e","imageurl":"/mcm/images/land/2A/3263_14af4e036520.jpg","landname":"80"},{"id":281474980315217,"level":3,"status":0,"posx":25,"posy":20,"cityid":55,"townid":145,"tokenid":"7955b44a0166fa5b9d887fa62e5acec4","tokenurl":"/mcm/api/land?token=7955b44a0166fa5b9d887fa62e5acec4","imageurl":"/mcm/images/land/2B/5443_3ce601814e5f.jpg","landname":"81"},{"id":281474980315218,"level":3,"status":1,"posx":26,"posy":20,"cityid":55,"townid":145,"tokenid":"fe8285bc76019ef57ada80bff4b7e14d","tokenurl":"/mcm/api/land?token=fe8285bc76019ef57ada80bff4b7e14d","imageurl":"/mcm/images/land/2B/5444_39a1421eb174.jpg","landname":"82"},{"id":281474980315219,"level":3,"status":0,"posx":31,"posy":20,"cityid":55,"townid":145,"tokenid":"e271552b2be4cd292b015943726ba817","tokenurl":"/mcm/api/land?token=e271552b2be4cd292b015943726ba817","imageurl":"/mcm/images/land/2B/5445_cf8ad3e3655.jpg","landname":"83"},{"id":281474980315220,"level":3,"status":1,"posx":32,"posy":20,"cityid":55,"townid":145,"tokenid":"552d1d232e4974f959d372a08f54a91e","tokenurl":"/mcm/api/land?token=552d1d232e4974f959d372a08f54a91e","imageurl":"/mcm/images/land/2B/5446_2dd648f1f1be.jpg","landname":"84"},{"id":281474980315221,"level":2,"status":1,"posx":20,"posy":21,"cityid":55,"townid":145,"tokenid":"7428a62b66025ca837ff20ea49171074","tokenurl":"/mcm/api/land?token=7428a62b66025ca837ff20ea49171074","imageurl":"/mcm/images/land/2A/3264_2fce27b8cf4a.jpg","landname":"85"},{"id":281474980315222,"level":1,"status":0,"posx":21,"posy":21,"cityid":55,"townid":145,"tokenid":"048cc5c113c49f1d9b48246ba1e32174","tokenurl":"/mcm/api/land?token=048cc5c113c49f1d9b48246ba1e32174","imageurl":"/mcm/images/land/2S/2179_5824e2ff0865.jpg","landname":"86"},{"id":281474980315223,"level":1,"status":0,"posx":25,"posy":21,"cityid":55,"townid":145,"tokenid":"b5a7b050b2c0a7fc2044fc48eaae63d1","tokenurl":"/mcm/api/land?token=b5a7b050b2c0a7fc2044fc48eaae63d1","imageurl":"/mcm/images/land/2S/2180_138213abde69.jpg","landname":"87"},{"id":281474980315224,"level":3,"status":0,"posx":26,"posy":21,"cityid":55,"townid":145,"tokenid":"22f330377ac041c6655aac73daf3a2cd","tokenurl":"/mcm/api/land?token=22f330377ac041c6655aac73daf3a2cd","imageurl":"/mcm/images/land/2B/5447_366fae760f69.jpg","landname":"88"},{"id":281474980315225,"level":2,"status":0,"posx":31,"posy":21,"cityid":55,"townid":145,"tokenid":"cd92cebdb2c6d1dbaad7256593c7d43a","tokenurl":"/mcm/api/land?token=cd92cebdb2c6d1dbaad7256593c7d43a","imageurl":"/mcm/images/land/2A/3265_2aeed3d0cdbf.jpg","landname":"89"},{"id":281474980315226,"level":2,"status":0,"posx":32,"posy":21,"cityid":55,"townid":145,"tokenid":"a5f471a2555892e2a88e111b268e18ce","tokenurl":"/mcm/api/land?token=a5f471a2555892e2a88e111b268e18ce","imageurl":"/mcm/images/land/2A/3266_4d31d8e4cd7d.jpg","landname":"90"},{"id":281474980315227,"level":3,"status":1,"posx":12,"posy":22,"cityid":55,"townid":145,"tokenid":"407d158d127a16f9ba6ba73162a47459","tokenurl":"/mcm/api/land?token=407d158d127a16f9ba6ba73162a47459","imageurl":"/mcm/images/land/2B/5448_d7981f7adc0.jpg","landname":"91"},{"id":281474980315228,"level":1,"status":1,"posx":13,"posy":22,"cityid":55,"townid":145,"tokenid":"39b4dbe489746baf8e7e5a32b107d395","tokenurl":"/mcm/api/land?token=39b4dbe489746baf8e7e5a32b107d395","imageurl":"/mcm/images/land/2S/2181_4209533a651e.jpg","landname":"92"},{"id":281474980315229,"level":3,"status":1,"posx":20,"posy":22,"cityid":55,"townid":145,"tokenid":"1377493dad0df5f98c9983f949b2babd","tokenurl":"/mcm/api/land?token=1377493dad0df5f98c9983f949b2babd","imageurl":"/mcm/images/land/2B/5449_d3b065e0267.jpg","landname":"93"},{"id":281474980315230,"level":3,"status":0,"posx":21,"posy":22,"cityid":55,"townid":145,"tokenid":"f495019603d7cd8009077d8e530915e4","tokenurl":"/mcm/api/land?token=f495019603d7cd8009077d8e530915e4","imageurl":"/mcm/images/land/2B/5450_47ce0daea7af.jpg","landname":"94"},{"id":281474980315231,"level":2,"status":1,"posx":25,"posy":22,"cityid":55,"townid":145,"tokenid":"262aa7c6e20f6a155b6a1fdb269a2090","tokenurl":"/mcm/api/land?token=262aa7c6e20f6a155b6a1fdb269a2090","imageurl":"/mcm/images/land/2A/3267_dae489cbf8d.jpg","landname":"95"},{"id":281474980315232,"level":3,"status":0,"posx":26,"posy":22,"cityid":55,"townid":145,"tokenid":"504c8cf45f4592916e91502e103dd896","tokenurl":"/mcm/api/land?token=504c8cf45f4592916e91502e103dd896","imageurl":"/mcm/images/land/2B/5451_bb44d1a8fcd.jpg","landname":"96"},{"id":281474980315233,"level":2,"status":1,"posx":31,"posy":22,"cityid":55,"townid":145,"tokenid":"5fc246c8093e15113de828dc69ae81ac","tokenurl":"/mcm/api/land?token=5fc246c8093e15113de828dc69ae81ac","imageurl":"/mcm/images/land/2A/3268_1b72d0b0638d.jpg","landname":"97"},{"id":281474980315234,"level":2,"status":0,"posx":32,"posy":22,"cityid":55,"townid":145,"tokenid":"4df393d2a717947b771ef7a1a34fc42f","tokenurl":"/mcm/api/land?token=4df393d2a717947b771ef7a1a34fc42f","imageurl":"/mcm/images/land/2A/3269_51fc332de869.jpg","landname":"98"},{"id":281474980315235,"level":3,"status":0,"posx":12,"posy":23,"cityid":55,"townid":145,"tokenid":"4f4a22c389e779c512376f9e5c11265b","tokenurl":"/mcm/api/land?token=4f4a22c389e779c512376f9e5c11265b","imageurl":"/mcm/images/land/2B/5452_5934e7c25ea9.jpg","landname":"99"},{"id":281474980315236,"level":2,"status":1,"posx":13,"posy":23,"cityid":55,"townid":145,"tokenid":"7f6e384ec95dd275446e3accaf4c2e18","tokenurl":"/mcm/api/land?token=7f6e384ec95dd275446e3accaf4c2e18","imageurl":"/mcm/images/land/2A/3270_1f33eb749cd5.jpg","landname":"100"},{"id":281474980315237,"level":2,"status":0,"posx":31,"posy":23,"cityid":55,"townid":145,"tokenid":"a68f5ef1c1839c0df0b40304f988b39a","tokenurl":"/mcm/api/land?token=a68f5ef1c1839c0df0b40304f988b39a","imageurl":"/mcm/images/land/2A/3271_1131674fafc9.jpg","landname":"101"},{"id":281474980315238,"level":1,"status":1,"posx":32,"posy":23,"cityid":55,"townid":145,"tokenid":"8e8c3c0dc66727b48ce539a85bbcf254","tokenurl":"/mcm/api/land?token=8e8c3c0dc66727b48ce539a85bbcf254","imageurl":"/mcm/images/land/2S/2182_4ad91b0818ab.jpg","landname":"102"},{"id":281474980315239,"level":3,"status":1,"posx":12,"posy":24,"cityid":55,"townid":145,"tokenid":"9ce86a614d56c534112911744521ba43","tokenurl":"/mcm/api/land?token=9ce86a614d56c534112911744521ba43","imageurl":"/mcm/images/land/2B/5453_4046eab1b982.jpg","landname":"103"},{"id":281474980315240,"level":3,"status":0,"posx":13,"posy":24,"cityid":55,"townid":145,"tokenid":"5d932afaabe2f3f4d34b1980a15932b5","tokenurl":"/mcm/api/land?token=5d932afaabe2f3f4d34b1980a15932b5","imageurl":"/mcm/images/land/2B/5454_6ae04a8110.jpg","landname":"104"},{"id":281474980315241,"level":3,"status":0,"posx":31,"posy":24,"cityid":55,"townid":145,"tokenid":"777da20936595d6388311bf10563d6f3","tokenurl":"/mcm/api/land?token=777da20936595d6388311bf10563d6f3","imageurl":"/mcm/images/land/2B/5455_29ec188d532d.jpg","landname":"105"},{"id":281474980315242,"level":3,"status":1,"posx":32,"posy":24,"cityid":55,"townid":145,"tokenid":"cbb75fcc7ae8c876cb164a4312570f0a","tokenurl":"/mcm/api/land?token=cbb75fcc7ae8c876cb164a4312570f0a","imageurl":"/mcm/images/land/2B/5456_5780db07d096.jpg","landname":"106"},{"id":281474980315243,"level":1,"status":0,"posx":12,"posy":25,"cityid":55,"townid":145,"tokenid":"c399d9280a95f3932cb49a2c5482bd17","tokenurl":"/mcm/api/land?token=c399d9280a95f3932cb49a2c5482bd17","imageurl":"/mcm/images/land/2S/2183_28432c2c2379.jpg","landname":"107"},{"id":281474980315244,"level":1,"status":1,"posx":13,"posy":25,"cityid":55,"townid":145,"tokenid":"fd6681e93597c301cbf8177159960bb7","tokenurl":"/mcm/api/land?token=fd6681e93597c301cbf8177159960bb7","imageurl":"/mcm/images/land/2S/2184_1b54f51cc821.jpg","landname":"108"},{"id":281474980315245,"level":3,"status":1,"posx":6,"posy":26,"cityid":55,"townid":145,"tokenid":"eb42a2ac6c834eabd5bb481cc2336910","tokenurl":"/mcm/api/land?token=eb42a2ac6c834eabd5bb481cc2336910","imageurl":"/mcm/images/land/2B/5457_2621634d7ecc.jpg","landname":"109"},{"id":281474980315246,"level":3,"status":1,"posx":7,"posy":26,"cityid":55,"townid":145,"tokenid":"7d2822bf83038124ce8883bee5db10e9","tokenurl":"/mcm/api/land?token=7d2822bf83038124ce8883bee5db10e9","imageurl":"/mcm/images/land/2B/5458_44ff92626c59.jpg","landname":"110"},{"id":281474980315247,"level":2,"status":1,"posx":9,"posy":26,"cityid":55,"townid":145,"tokenid":"de3a47f3ecf71ec17d6254ab13689f2b","tokenurl":"/mcm/api/land?token=de3a47f3ecf71ec17d6254ab13689f2b","imageurl":"/mcm/images/land/2A/3272_39ee1115dd25.jpg","landname":"111"},{"id":281474980315248,"level":3,"status":0,"posx":10,"posy":26,"cityid":55,"townid":145,"tokenid":"dc5559664ed954bf56b7a26159c50a54","tokenurl":"/mcm/api/land?token=dc5559664ed954bf56b7a26159c50a54","imageurl":"/mcm/images/land/2B/5459_ed04a373e83.jpg","landname":"112"},{"id":281474980315249,"level":2,"status":1,"posx":12,"posy":26,"cityid":55,"townid":145,"tokenid":"26da28b6b4af7376e7d3bf45f8413d46","tokenurl":"/mcm/api/land?token=26da28b6b4af7376e7d3bf45f8413d46","imageurl":"/mcm/images/land/2A/3273_29364dec8908.jpg","landname":"113"},{"id":281474980315250,"level":2,"status":1,"posx":13,"posy":26,"cityid":55,"townid":145,"tokenid":"ea308fa856972a0e43e86a1026dca165","tokenurl":"/mcm/api/land?token=ea308fa856972a0e43e86a1026dca165","imageurl":"/mcm/images/land/2A/3274_52f182909a7a.jpg","landname":"114"},{"id":281474980315251,"level":3,"status":1,"posx":6,"posy":27,"cityid":55,"townid":145,"tokenid":"955fe63a5836b242da10bfbf43f9d1f2","tokenurl":"/mcm/api/land?token=955fe63a5836b242da10bfbf43f9d1f2","imageurl":"/mcm/images/land/2B/5460_1d2627f9bf3b.jpg","landname":"115"},{"id":281474980315252,"level":3,"status":1,"posx":7,"posy":27,"cityid":55,"townid":145,"tokenid":"2346a076de0e38dc1ca1334f15fed87c","tokenurl":"/mcm/api/land?token=2346a076de0e38dc1ca1334f15fed87c","imageurl":"/mcm/images/land/2B/5461_3755081a5cd2.jpg","landname":"116"},{"id":281474980315253,"level":2,"status":1,"posx":9,"posy":27,"cityid":55,"townid":145,"tokenid":"caedacc2629ab955a9f1e3c8f6e58c5a","tokenurl":"/mcm/api/land?token=caedacc2629ab955a9f1e3c8f6e58c5a","imageurl":"/mcm/images/land/2A/3275_5e9911a4642.jpg","landname":"117"},{"id":281474980315254,"level":3,"status":1,"posx":10,"posy":27,"cityid":55,"townid":145,"tokenid":"cbbd7031cbe93720dd3809589e8eae7c","tokenurl":"/mcm/api/land?token=cbbd7031cbe93720dd3809589e8eae7c","imageurl":"/mcm/images/land/2B/5462_222588952e74.jpg","landname":"118"},{"id":281474980315255,"level":1,"status":0,"posx":23,"posy":27,"cityid":55,"townid":145,"tokenid":"a6e6350f5a8741a07b8461cb4ee3b5e3","tokenurl":"/mcm/api/land?token=a6e6350f5a8741a07b8461cb4ee3b5e3","imageurl":"/mcm/images/land/2S/2185_4808f50c79fb.jpg","landname":"119"},{"id":281474980315256,"level":3,"status":1,"posx":24,"posy":27,"cityid":55,"townid":145,"tokenid":"ee0c782f1b603618a6b7e49d37297abd","tokenurl":"/mcm/api/land?token=ee0c782f1b603618a6b7e49d37297abd","imageurl":"/mcm/images/land/2B/5463_1450cebbf4ba.jpg","landname":"120"},{"id":281474980315257,"level":3,"status":0,"posx":6,"posy":28,"cityid":55,"townid":145,"tokenid":"3b181824bf7dcdf2ac7fdc57d06a9f03","tokenurl":"/mcm/api/land?token=3b181824bf7dcdf2ac7fdc57d06a9f03","imageurl":"/mcm/images/land/2B/5464_4a38315ebedd.jpg","landname":"121"},{"id":281474980315258,"level":1,"status":1,"posx":7,"posy":28,"cityid":55,"townid":145,"tokenid":"d5b42263169cb19c12bfb31ad9078a68","tokenurl":"/mcm/api/land?token=d5b42263169cb19c12bfb31ad9078a68","imageurl":"/mcm/images/land/2S/2186_49319d18a47c.jpg","landname":"122"},{"id":281474980315259,"level":2,"status":0,"posx":9,"posy":28,"cityid":55,"townid":145,"tokenid":"dc6b8e7213ac4a42baf96ccd335d96df","tokenurl":"/mcm/api/land?token=dc6b8e7213ac4a42baf96ccd335d96df","imageurl":"/mcm/images/land/2A/3276_3147a657c43a.jpg","landname":"123"},{"id":281474980315260,"level":2,"status":1,"posx":10,"posy":28,"cityid":55,"townid":145,"tokenid":"3a0b6523cdbcb9492a1c87922163b099","tokenurl":"/mcm/api/land?token=3a0b6523cdbcb9492a1c87922163b099","imageurl":"/mcm/images/land/2A/3277_1e2a5352c244.jpg","landname":"124"},{"id":281474980315261,"level":1,"status":0,"posx":23,"posy":28,"cityid":55,"townid":145,"tokenid":"fb439050fb4e4edaf583bbe40b34b951","tokenurl":"/mcm/api/land?token=fb439050fb4e4edaf583bbe40b34b951","imageurl":"/mcm/images/land/2S/2187_4e0b1f89b518.jpg","landname":"125"},{"id":281474980315262,"level":2,"status":1,"posx":24,"posy":28,"cityid":55,"townid":145,"tokenid":"ec1048b279641ec1dfbb0aeee74940a3","tokenurl":"/mcm/api/land?token=ec1048b279641ec1dfbb0aeee74940a3","imageurl":"/mcm/images/land/2A/3278_555716f8c576.jpg","landname":"126"},{"id":281474980315263,"level":3,"status":0,"posx":32,"posy":28,"cityid":55,"townid":145,"tokenid":"d79d90ac3ac8c0e915d6814df3db0838","tokenurl":"/mcm/api/land?token=d79d90ac3ac8c0e915d6814df3db0838","imageurl":"/mcm/images/land/2B/5465_1a31cb617bce.jpg","landname":"127"},{"id":281474980315264,"level":3,"status":0,"posx":33,"posy":28,"cityid":55,"townid":145,"tokenid":"83de47e59686da983e0d46d383d81f98","tokenurl":"/mcm/api/land?token=83de47e59686da983e0d46d383d81f98","imageurl":"/mcm/images/land/2B/5466_48f1dc3a2c74.jpg","landname":"128"},{"id":281474980315265,"level":2,"status":0,"posx":6,"posy":29,"cityid":55,"townid":145,"tokenid":"36475540f5c4b26d5c2a734b587e301e","tokenurl":"/mcm/api/land?token=36475540f5c4b26d5c2a734b587e301e","imageurl":"/mcm/images/land/2A/3279_372095c38ea0.jpg","landname":"129"},{"id":281474980315266,"level":2,"status":1,"posx":7,"posy":29,"cityid":55,"townid":145,"tokenid":"4fce23a973b9e8ae3e6e008ea429e6f0","tokenurl":"/mcm/api/land?token=4fce23a973b9e8ae3e6e008ea429e6f0","imageurl":"/mcm/images/land/2A/3280_23642792053a.jpg","landname":"130"},{"id":281474980315267,"level":2,"status":0,"posx":9,"posy":29,"cityid":55,"townid":145,"tokenid":"dc296e43d7fa97abcedde76443031f05","tokenurl":"/mcm/api/land?token=dc296e43d7fa97abcedde76443031f05","imageurl":"/mcm/images/land/2A/3281_510e6ba0924f.jpg","landname":"131"},{"id":281474980315268,"level":3,"status":0,"posx":10,"posy":29,"cityid":55,"townid":145,"tokenid":"3c6dab187fae7bbe74532bd2324a8ec3","tokenurl":"/mcm/api/land?token=3c6dab187fae7bbe74532bd2324a8ec3","imageurl":"/mcm/images/land/2B/5467_1a021c0d31de.jpg","landname":"132"},{"id":281474980315269,"level":2,"status":1,"posx":23,"posy":29,"cityid":55,"townid":145,"tokenid":"90e2418fa64d162044dcc9ddf797493a","tokenurl":"/mcm/api/land?token=90e2418fa64d162044dcc9ddf797493a","imageurl":"/mcm/images/land/2A/3282_20a9012d04f2.jpg","landname":"133"},{"id":281474980315270,"level":1,"status":1,"posx":24,"posy":29,"cityid":55,"townid":145,"tokenid":"7901c936ff3458d8e4a9126e2309977e","tokenurl":"/mcm/api/land?token=7901c936ff3458d8e4a9126e2309977e","imageurl":"/mcm/images/land/2S/2188_20543f2a5f8.jpg","landname":"134"},{"id":281474980315271,"level":3,"status":0,"posx":32,"posy":29,"cityid":55,"townid":145,"tokenid":"8a3f670f3292bed4ec0f57bf1ec6583b","tokenurl":"/mcm/api/land?token=8a3f670f3292bed4ec0f57bf1ec6583b","imageurl":"/mcm/images/land/2B/5468_57e9e9544d26.jpg","landname":"135"},{"id":281474980315272,"level":3,"status":1,"posx":33,"posy":29,"cityid":55,"townid":145,"tokenid":"aa4ccd41b3b393c23b962139d037c531","tokenurl":"/mcm/api/land?token=aa4ccd41b3b393c23b962139d037c531","imageurl":"/mcm/images/land/2B/5469_165a522f5a86.jpg","landname":"136"},{"id":281474980315273,"level":2,"status":0,"posx":6,"posy":30,"cityid":55,"townid":145,"tokenid":"bb4a697564baddee8cd0d5a017dbd320","tokenurl":"/mcm/api/land?token=bb4a697564baddee8cd0d5a017dbd320","imageurl":"/mcm/images/land/2A/3283_393bb138d1be.jpg","landname":"137"},{"id":281474980315274,"level":3,"status":0,"posx":7,"posy":30,"cityid":55,"townid":145,"tokenid":"109064177d94315573bd9ebf0c405779","tokenurl":"/mcm/api/land?token=109064177d94315573bd9ebf0c405779","imageurl":"/mcm/images/land/2B/5470_58861fc167f5.jpg","landname":"138"},{"id":281474980315275,"level":3,"status":0,"posx":9,"posy":30,"cityid":55,"townid":145,"tokenid":"95b60a425cbe1ba06428b57574202da3","tokenurl":"/mcm/api/land?token=95b60a425cbe1ba06428b57574202da3","imageurl":"/mcm/images/land/2B/5471_43846fd7030c.jpg","landname":"139"},{"id":281474980315276,"level":3,"status":0,"posx":10,"posy":30,"cityid":55,"townid":145,"tokenid":"0af104dba4c35b05298a4202ee45538f","tokenurl":"/mcm/api/land?token=0af104dba4c35b05298a4202ee45538f","imageurl":"/mcm/images/land/2B/5472_11ddd96a595c.jpg","landname":"140"},{"id":281474980315277,"level":2,"status":1,"posx":23,"posy":30,"cityid":55,"townid":145,"tokenid":"f9b56af2220f44b9ced2003d306aa521","tokenurl":"/mcm/api/land?token=f9b56af2220f44b9ced2003d306aa521","imageurl":"/mcm/images/land/2A/3284_364861ff823d.jpg","landname":"141"},{"id":281474980315278,"level":2,"status":1,"posx":24,"posy":30,"cityid":55,"townid":145,"tokenid":"4c6b8012ae3daaf28efbc260da084851","tokenurl":"/mcm/api/land?token=4c6b8012ae3daaf28efbc260da084851","imageurl":"/mcm/images/land/2A/3285_473276f1f976.jpg","landname":"142"},{"id":281474980315279,"level":1,"status":1,"posx":32,"posy":30,"cityid":55,"townid":145,"tokenid":"0ca4743a6e8cb8e888de8e02e2c602e3","tokenurl":"/mcm/api/land?token=0ca4743a6e8cb8e888de8e02e2c602e3","imageurl":"/mcm/images/land/2S/2189_151b06ceb0a4.jpg","landname":"143"},{"id":281474980315280,"level":3,"status":1,"posx":33,"posy":30,"cityid":55,"townid":145,"tokenid":"a355adc3c739501322a4853231fd5bb4","tokenurl":"/mcm/api/land?token=a355adc3c739501322a4853231fd5bb4","imageurl":"/mcm/images/land/2B/5473_160989e908fa.jpg","landname":"144"},{"id":281474980315281,"level":3,"status":0,"posx":23,"posy":31,"cityid":55,"townid":145,"tokenid":"be750dc82e028e06e58048a63c31386e","tokenurl":"/mcm/api/land?token=be750dc82e028e06e58048a63c31386e","imageurl":"/mcm/images/land/2B/5474_be52503f332.jpg","landname":"145"},{"id":281474980315282,"level":1,"status":1,"posx":24,"posy":31,"cityid":55,"townid":145,"tokenid":"6b2594da8642a8bd82880c9b9d0066c2","tokenurl":"/mcm/api/land?token=6b2594da8642a8bd82880c9b9d0066c2","imageurl":"/mcm/images/land/2S/2190_365add7438e3.jpg","landname":"146"},{"id":281474980315283,"level":2,"status":0,"posx":32,"posy":31,"cityid":55,"townid":145,"tokenid":"b68fca0521f1d7b6c7457885494a8a52","tokenurl":"/mcm/api/land?token=b68fca0521f1d7b6c7457885494a8a52","imageurl":"/mcm/images/land/2A/3286_1cdbe1a60671.jpg","landname":"147"},{"id":281474980315284,"level":3,"status":0,"posx":33,"posy":31,"cityid":55,"townid":145,"tokenid":"6beae139e7f24085f5dad0bfa69f75b6","tokenurl":"/mcm/api/land?token=6beae139e7f24085f5dad0bfa69f75b6","imageurl":"/mcm/images/land/2B/5475_4720aa5e1323.jpg","landname":"148"},{"id":281474980315285,"level":3,"status":0,"posx":32,"posy":32,"cityid":55,"townid":145,"tokenid":"8d7592bbb019d79a515afc3cce5acaa6","tokenurl":"/mcm/api/land?token=8d7592bbb019d79a515afc3cce5acaa6","imageurl":"/mcm/images/land/2B/5476_4c479e298cb9.jpg","landname":"149"},{"id":281474980315286,"level":1,"status":0,"posx":33,"posy":32,"cityid":55,"townid":145,"tokenid":"2a58822c4fe48ccba807ed85db5c967f","tokenurl":"/mcm/api/land?token=2a58822c4fe48ccba807ed85db5c967f","imageurl":"/mcm/images/land/2S/2191_187eb7a10998.jpg","landname":"150"}]]],0,0,[],[],[]]
