[1,0,0,[["cc.JsonAsset",["_name","json"],1]],[[0,0,1,3]],[[0,"820",[{"id":281475001090199,"level":3,"status":1,"posx":32,"posy":5,"cityid":372,"townid":820,"tokenid":"0473955173738f9d62ecb8b28096d20c","tokenurl":"/mcm/api/land?token=0473955173738f9d62ecb8b28096d20c","imageurl":"/mcm/images/land/2B/19427_96824648a72.jpg","landname":"1"},{"id":281475001090200,"level":3,"status":0,"posx":33,"posy":5,"cityid":372,"townid":820,"tokenid":"1975c1a26374b4f35861e8dadb71e260","tokenurl":"/mcm/api/land?token=1975c1a26374b4f35861e8dadb71e260","imageurl":"/mcm/images/land/2B/19428_5674f823e988.jpg","landname":"2"},{"id":281475001090201,"level":2,"status":1,"posx":5,"posy":6,"cityid":372,"townid":820,"tokenid":"4fbf66999460c71942ccb50adb4cd08d","tokenurl":"/mcm/api/land?token=4fbf66999460c71942ccb50adb4cd08d","imageurl":"/mcm/images/land/2A/11657_561b646f247.jpg","landname":"3"},{"id":281475001090202,"level":1,"status":0,"posx":6,"posy":6,"cityid":372,"townid":820,"tokenid":"875a5e595a41445b1fd89fe47bcbfd96","tokenurl":"/mcm/api/land?token=875a5e595a41445b1fd89fe47bcbfd96","imageurl":"/mcm/images/land/2S/7772_550a541fd5df.jpg","landname":"4"},{"id":281475001090203,"level":1,"status":0,"posx":21,"posy":6,"cityid":372,"townid":820,"tokenid":"a0d20d7db1678e3403cdf149ba33af9a","tokenurl":"/mcm/api/land?token=a0d20d7db1678e3403cdf149ba33af9a","imageurl":"/mcm/images/land/2S/7773_37d322168c76.jpg","landname":"5"},{"id":281475001090204,"level":1,"status":1,"posx":22,"posy":6,"cityid":372,"townid":820,"tokenid":"d4d82113d245646dbe7888cf2a12aa2e","tokenurl":"/mcm/api/land?token=d4d82113d245646dbe7888cf2a12aa2e","imageurl":"/mcm/images/land/2S/7774_2d5da5d0a821.jpg","landname":"6"},{"id":281475001090205,"level":3,"status":1,"posx":23,"posy":6,"cityid":372,"townid":820,"tokenid":"6bff1c01d125f6e0380efaee92fd946e","tokenurl":"/mcm/api/land?token=6bff1c01d125f6e0380efaee92fd946e","imageurl":"/mcm/images/land/2B/19429_4a46a289e488.jpg","landname":"7"},{"id":281475001090206,"level":3,"status":0,"posx":24,"posy":6,"cityid":372,"townid":820,"tokenid":"0473d53704dfa445bc41172ae6bb0cfa","tokenurl":"/mcm/api/land?token=0473d53704dfa445bc41172ae6bb0cfa","imageurl":"/mcm/images/land/2B/19430_173fb4122c9.jpg","landname":"8"},{"id":281475001090207,"level":2,"status":0,"posx":25,"posy":6,"cityid":372,"townid":820,"tokenid":"cfac144bdaf35a4f8af576715214a4c3","tokenurl":"/mcm/api/land?token=cfac144bdaf35a4f8af576715214a4c3","imageurl":"/mcm/images/land/2A/11658_437030bac5e2.jpg","landname":"9"},{"id":281475001090208,"level":1,"status":1,"posx":32,"posy":6,"cityid":372,"townid":820,"tokenid":"ab3649a979853f4724742a52cc751797","tokenurl":"/mcm/api/land?token=ab3649a979853f4724742a52cc751797","imageurl":"/mcm/images/land/2S/7775_4f2e5abaf170.jpg","landname":"10"},{"id":281475001090209,"level":1,"status":0,"posx":33,"posy":6,"cityid":372,"townid":820,"tokenid":"f53df7b804d67ef5e39200c2b6ac2ab8","tokenurl":"/mcm/api/land?token=f53df7b804d67ef5e39200c2b6ac2ab8","imageurl":"/mcm/images/land/2S/7776_47237c859d67.jpg","landname":"11"},{"id":281475001090210,"level":1,"status":1,"posx":5,"posy":7,"cityid":372,"townid":820,"tokenid":"10547bc7fd96ec739ab2a91a4ed9c84a","tokenurl":"/mcm/api/land?token=10547bc7fd96ec739ab2a91a4ed9c84a","imageurl":"/mcm/images/land/2S/7777_54a07e1d3345.jpg","landname":"12"},{"id":281475001090211,"level":3,"status":0,"posx":6,"posy":7,"cityid":372,"townid":820,"tokenid":"14b5c878ddc1b2028ab26d8ae2c6014d","tokenurl":"/mcm/api/land?token=14b5c878ddc1b2028ab26d8ae2c6014d","imageurl":"/mcm/images/land/2B/19431_4a926eac9532.jpg","landname":"13"},{"id":281475001090212,"level":3,"status":1,"posx":21,"posy":7,"cityid":372,"townid":820,"tokenid":"230849981ee5acef0a44555261f471b6","tokenurl":"/mcm/api/land?token=230849981ee5acef0a44555261f471b6","imageurl":"/mcm/images/land/2B/19432_142cd2ca133d.jpg","landname":"14"},{"id":281475001090213,"level":1,"status":0,"posx":22,"posy":7,"cityid":372,"townid":820,"tokenid":"577f33dcbb5b09fcc347707010852ea8","tokenurl":"/mcm/api/land?token=577f33dcbb5b09fcc347707010852ea8","imageurl":"/mcm/images/land/2S/7778_33647463b077.jpg","landname":"15"},{"id":281475001090214,"level":3,"status":0,"posx":23,"posy":7,"cityid":372,"townid":820,"tokenid":"57411d80daf70a41223e110830d1cf6d","tokenurl":"/mcm/api/land?token=57411d80daf70a41223e110830d1cf6d","imageurl":"/mcm/images/land/2B/19433_47b7e9d1129c.jpg","landname":"16"},{"id":281475001090215,"level":2,"status":0,"posx":24,"posy":7,"cityid":372,"townid":820,"tokenid":"11ccf07d1871a1d8a461aa1f4a08003f","tokenurl":"/mcm/api/land?token=11ccf07d1871a1d8a461aa1f4a08003f","imageurl":"/mcm/images/land/2A/11659_10d34e0319ac.jpg","landname":"17"},{"id":281475001090216,"level":2,"status":1,"posx":25,"posy":7,"cityid":372,"townid":820,"tokenid":"b817c7a5ae5c8aeea4943e83ba683dc9","tokenurl":"/mcm/api/land?token=b817c7a5ae5c8aeea4943e83ba683dc9","imageurl":"/mcm/images/land/2A/11660_5023bc636dde.jpg","landname":"18"},{"id":281475001090217,"level":3,"status":0,"posx":32,"posy":7,"cityid":372,"townid":820,"tokenid":"6d7300d0d4d8280f0470f457157d55ef","tokenurl":"/mcm/api/land?token=6d7300d0d4d8280f0470f457157d55ef","imageurl":"/mcm/images/land/2B/19434_2041699dd90e.jpg","landname":"19"},{"id":281475001090218,"level":3,"status":1,"posx":33,"posy":7,"cityid":372,"townid":820,"tokenid":"d0081b1b8ab78b14884777211542689e","tokenurl":"/mcm/api/land?token=d0081b1b8ab78b14884777211542689e","imageurl":"/mcm/images/land/2B/19435_3fd67c8be20c.jpg","landname":"20"},{"id":281475001090219,"level":3,"status":0,"posx":5,"posy":8,"cityid":372,"townid":820,"tokenid":"8e017db5505c5282a9d7823573e06762","tokenurl":"/mcm/api/land?token=8e017db5505c5282a9d7823573e06762","imageurl":"/mcm/images/land/2B/19436_16af96ac9b19.jpg","landname":"21"},{"id":281475001090220,"level":3,"status":0,"posx":6,"posy":8,"cityid":372,"townid":820,"tokenid":"b7c96b5c308a821687bde880a912b7e1","tokenurl":"/mcm/api/land?token=b7c96b5c308a821687bde880a912b7e1","imageurl":"/mcm/images/land/2B/19437_446e82c9664b.jpg","landname":"22"},{"id":281475001090221,"level":3,"status":1,"posx":32,"posy":8,"cityid":372,"townid":820,"tokenid":"ff8e98193c1f80863953686606395b6f","tokenurl":"/mcm/api/land?token=ff8e98193c1f80863953686606395b6f","imageurl":"/mcm/images/land/2B/19438_106d1034f7e9.jpg","landname":"23"},{"id":281475001090222,"level":2,"status":0,"posx":33,"posy":8,"cityid":372,"townid":820,"tokenid":"778e3356b78f8169ef687f086e7540f1","tokenurl":"/mcm/api/land?token=778e3356b78f8169ef687f086e7540f1","imageurl":"/mcm/images/land/2A/11661_5a735f3607c2.jpg","landname":"24"},{"id":281475001090223,"level":3,"status":1,"posx":5,"posy":9,"cityid":372,"townid":820,"tokenid":"3ab9c79892fbc870d690fdbf36ba5219","tokenurl":"/mcm/api/land?token=3ab9c79892fbc870d690fdbf36ba5219","imageurl":"/mcm/images/land/2B/19439_48acb695778e.jpg","landname":"25"},{"id":281475001090224,"level":3,"status":1,"posx":6,"posy":9,"cityid":372,"townid":820,"tokenid":"aef880670d44ace1fd53c5fd6f138897","tokenurl":"/mcm/api/land?token=aef880670d44ace1fd53c5fd6f138897","imageurl":"/mcm/images/land/2B/19440_26272cec1486.jpg","landname":"26"},{"id":281475001090225,"level":3,"status":0,"posx":32,"posy":9,"cityid":372,"townid":820,"tokenid":"c421f24474252bf5b12ff90b4b1d120d","tokenurl":"/mcm/api/land?token=c421f24474252bf5b12ff90b4b1d120d","imageurl":"/mcm/images/land/2B/19441_1817cbd6fffe.jpg","landname":"27"},{"id":281475001090226,"level":3,"status":0,"posx":33,"posy":9,"cityid":372,"townid":820,"tokenid":"3c8f450425f24aae9f98d7f067d2b995","tokenurl":"/mcm/api/land?token=3c8f450425f24aae9f98d7f067d2b995","imageurl":"/mcm/images/land/2B/19442_5a33ef0ae290.jpg","landname":"28"},{"id":281475001090227,"level":2,"status":1,"posx":5,"posy":10,"cityid":372,"townid":820,"tokenid":"1044eb0c28ac19d7258de066fc9ea91d","tokenurl":"/mcm/api/land?token=1044eb0c28ac19d7258de066fc9ea91d","imageurl":"/mcm/images/land/2A/11662_3e5922ee2dd7.jpg","landname":"29"},{"id":281475001090228,"level":3,"status":1,"posx":6,"posy":10,"cityid":372,"townid":820,"tokenid":"aec4701132c4a4980aad09eee87567db","tokenurl":"/mcm/api/land?token=aec4701132c4a4980aad09eee87567db","imageurl":"/mcm/images/land/2B/19443_1eb177857599.jpg","landname":"30"},{"id":281475001090229,"level":3,"status":0,"posx":8,"posy":10,"cityid":372,"townid":820,"tokenid":"68c741dfdb16f1a17309a9a839255a47","tokenurl":"/mcm/api/land?token=68c741dfdb16f1a17309a9a839255a47","imageurl":"/mcm/images/land/2B/19444_1663797631dd.jpg","landname":"31"},{"id":281475001090230,"level":3,"status":0,"posx":9,"posy":10,"cityid":372,"townid":820,"tokenid":"4197e8ed6af32629d5f9ba4896e9d5d8","tokenurl":"/mcm/api/land?token=4197e8ed6af32629d5f9ba4896e9d5d8","imageurl":"/mcm/images/land/2B/19445_20fb644862f1.jpg","landname":"32"},{"id":281475001090231,"level":3,"status":1,"posx":23,"posy":10,"cityid":372,"townid":820,"tokenid":"4ec64e3767208cc61bbaa531f28c67ba","tokenurl":"/mcm/api/land?token=4ec64e3767208cc61bbaa531f28c67ba","imageurl":"/mcm/images/land/2B/19446_9f644aa3e1.jpg","landname":"33"},{"id":281475001090232,"level":2,"status":0,"posx":24,"posy":10,"cityid":372,"townid":820,"tokenid":"3bc8b3bac9cb348d595bf6b3ec4bc7ad","tokenurl":"/mcm/api/land?token=3bc8b3bac9cb348d595bf6b3ec4bc7ad","imageurl":"/mcm/images/land/2A/11663_c16fdef4d05.jpg","landname":"34"},{"id":281475001090233,"level":2,"status":0,"posx":8,"posy":11,"cityid":372,"townid":820,"tokenid":"b43f570d61c4b7c5181ebf520a0ef035","tokenurl":"/mcm/api/land?token=b43f570d61c4b7c5181ebf520a0ef035","imageurl":"/mcm/images/land/2A/11664_d59b4138052.jpg","landname":"35"},{"id":281475001090234,"level":3,"status":0,"posx":9,"posy":11,"cityid":372,"townid":820,"tokenid":"a1d5f9ac70b6344f85db65706d2f2545","tokenurl":"/mcm/api/land?token=a1d5f9ac70b6344f85db65706d2f2545","imageurl":"/mcm/images/land/2B/19447_3efce486c31c.jpg","landname":"36"},{"id":281475001090235,"level":3,"status":1,"posx":23,"posy":11,"cityid":372,"townid":820,"tokenid":"e2ba3ab7d97eed442997abbb4fb7f409","tokenurl":"/mcm/api/land?token=e2ba3ab7d97eed442997abbb4fb7f409","imageurl":"/mcm/images/land/2B/19448_3e5a285648a9.jpg","landname":"37"},{"id":281475001090236,"level":3,"status":1,"posx":24,"posy":11,"cityid":372,"townid":820,"tokenid":"2e8efe78509f590245367e0d8b418fc7","tokenurl":"/mcm/api/land?token=2e8efe78509f590245367e0d8b418fc7","imageurl":"/mcm/images/land/2B/19449_220c77a21ae9.jpg","landname":"38"},{"id":281475001090237,"level":2,"status":1,"posx":8,"posy":12,"cityid":372,"townid":820,"tokenid":"35ed40194a4f8589eaccfd9d539d0181","tokenurl":"/mcm/api/land?token=35ed40194a4f8589eaccfd9d539d0181","imageurl":"/mcm/images/land/2A/11665_fa7c3d7e30.jpg","landname":"39"},{"id":281475001090238,"level":1,"status":0,"posx":9,"posy":12,"cityid":372,"townid":820,"tokenid":"a344e6aaa0b74479613800b64f70791b","tokenurl":"/mcm/api/land?token=a344e6aaa0b74479613800b64f70791b","imageurl":"/mcm/images/land/2S/7779_185ef59f6bbf.jpg","landname":"40"},{"id":281475001090239,"level":2,"status":0,"posx":23,"posy":12,"cityid":372,"townid":820,"tokenid":"dde4861109ea7b7b5fd4a736d84da8b1","tokenurl":"/mcm/api/land?token=dde4861109ea7b7b5fd4a736d84da8b1","imageurl":"/mcm/images/land/2A/11666_553dc1266789.jpg","landname":"41"},{"id":281475001090240,"level":3,"status":1,"posx":24,"posy":12,"cityid":372,"townid":820,"tokenid":"eb2d71a673c09a18382efc538a03347d","tokenurl":"/mcm/api/land?token=eb2d71a673c09a18382efc538a03347d","imageurl":"/mcm/images/land/2B/19450_4a2c96ad8d0f.jpg","landname":"42"},{"id":281475001090241,"level":2,"status":0,"posx":32,"posy":12,"cityid":372,"townid":820,"tokenid":"a54906e6a4f17a991094e1b7c6ff0bc0","tokenurl":"/mcm/api/land?token=a54906e6a4f17a991094e1b7c6ff0bc0","imageurl":"/mcm/images/land/2A/11667_596761613dfc.jpg","landname":"43"},{"id":281475001090242,"level":2,"status":0,"posx":33,"posy":12,"cityid":372,"townid":820,"tokenid":"cc3930475bb3b0335e8bff0b99f8afcd","tokenurl":"/mcm/api/land?token=cc3930475bb3b0335e8bff0b99f8afcd","imageurl":"/mcm/images/land/2A/11668_51e631759dbc.jpg","landname":"44"},{"id":281475001090243,"level":3,"status":1,"posx":8,"posy":13,"cityid":372,"townid":820,"tokenid":"549701f721bc95511336e7009c46f2c6","tokenurl":"/mcm/api/land?token=549701f721bc95511336e7009c46f2c6","imageurl":"/mcm/images/land/2B/19451_d9651647295.jpg","landname":"45"},{"id":281475001090244,"level":2,"status":1,"posx":9,"posy":13,"cityid":372,"townid":820,"tokenid":"1d21b2abb4918a98f83e85de5e80b452","tokenurl":"/mcm/api/land?token=1d21b2abb4918a98f83e85de5e80b452","imageurl":"/mcm/images/land/2A/11669_14f9dee57515.jpg","landname":"46"},{"id":281475001090245,"level":3,"status":0,"posx":23,"posy":13,"cityid":372,"townid":820,"tokenid":"0def8790e176df5ce5fc28e21f8c3bd2","tokenurl":"/mcm/api/land?token=0def8790e176df5ce5fc28e21f8c3bd2","imageurl":"/mcm/images/land/2B/19452_46f9cf211fef.jpg","landname":"47"},{"id":281475001090246,"level":2,"status":1,"posx":24,"posy":13,"cityid":372,"townid":820,"tokenid":"dc2701a29d6edd6eef9458ecd377e973","tokenurl":"/mcm/api/land?token=dc2701a29d6edd6eef9458ecd377e973","imageurl":"/mcm/images/land/2A/11670_1f99641b38d3.jpg","landname":"48"},{"id":281475001090247,"level":3,"status":1,"posx":32,"posy":13,"cityid":372,"townid":820,"tokenid":"ce94676be1586591fc7f9e2b582b8533","tokenurl":"/mcm/api/land?token=ce94676be1586591fc7f9e2b582b8533","imageurl":"/mcm/images/land/2B/19453_1f886551d42b.jpg","landname":"49"},{"id":281475001090248,"level":2,"status":1,"posx":33,"posy":13,"cityid":372,"townid":820,"tokenid":"0a7fc9f07740d95e6b4daceacb9a4387","tokenurl":"/mcm/api/land?token=0a7fc9f07740d95e6b4daceacb9a4387","imageurl":"/mcm/images/land/2A/11671_25970768f37f.jpg","landname":"50"},{"id":281475001090249,"level":3,"status":0,"posx":8,"posy":14,"cityid":372,"townid":820,"tokenid":"80bf7c457d655514881c5a49f0aa0a2a","tokenurl":"/mcm/api/land?token=80bf7c457d655514881c5a49f0aa0a2a","imageurl":"/mcm/images/land/2B/19454_3425413c28e6.jpg","landname":"51"},{"id":281475001090250,"level":3,"status":1,"posx":9,"posy":14,"cityid":372,"townid":820,"tokenid":"ca7fa2d0ebde8c1b4af881f90bc1a792","tokenurl":"/mcm/api/land?token=ca7fa2d0ebde8c1b4af881f90bc1a792","imageurl":"/mcm/images/land/2B/19455_4c54ac7fcdf5.jpg","landname":"52"},{"id":281475001090251,"level":3,"status":0,"posx":23,"posy":14,"cityid":372,"townid":820,"tokenid":"b530622ebd9b35cbc1f68cb1f124f669","tokenurl":"/mcm/api/land?token=b530622ebd9b35cbc1f68cb1f124f669","imageurl":"/mcm/images/land/2B/19456_2ffb510023ec.jpg","landname":"53"},{"id":281475001090252,"level":3,"status":0,"posx":24,"posy":14,"cityid":372,"townid":820,"tokenid":"0a034d34a85252175905a20ab15cdba4","tokenurl":"/mcm/api/land?token=0a034d34a85252175905a20ab15cdba4","imageurl":"/mcm/images/land/2B/19457_10c212a1115f.jpg","landname":"54"},{"id":281475001090253,"level":3,"status":0,"posx":32,"posy":14,"cityid":372,"townid":820,"tokenid":"a47310407019d8da9e83c99e198ecbb6","tokenurl":"/mcm/api/land?token=a47310407019d8da9e83c99e198ecbb6","imageurl":"/mcm/images/land/2B/19458_26309853385e.jpg","landname":"55"},{"id":281475001090254,"level":1,"status":1,"posx":33,"posy":14,"cityid":372,"townid":820,"tokenid":"6cb8e86a6908dc2e80504db42e545f57","tokenurl":"/mcm/api/land?token=6cb8e86a6908dc2e80504db42e545f57","imageurl":"/mcm/images/land/2S/7780_59f334187e6.jpg","landname":"56"},{"id":281475001090255,"level":2,"status":0,"posx":32,"posy":15,"cityid":372,"townid":820,"tokenid":"5bea041932d6c1b1f5008977841bfdc8","tokenurl":"/mcm/api/land?token=5bea041932d6c1b1f5008977841bfdc8","imageurl":"/mcm/images/land/2A/11672_32336a9fd733.jpg","landname":"57"},{"id":281475001090256,"level":3,"status":0,"posx":33,"posy":15,"cityid":372,"townid":820,"tokenid":"183a15b682dfc1689f6f3fd48b8f5bb7","tokenurl":"/mcm/api/land?token=183a15b682dfc1689f6f3fd48b8f5bb7","imageurl":"/mcm/images/land/2B/19459_48d305119606.jpg","landname":"58"},{"id":281475001090257,"level":3,"status":1,"posx":8,"posy":16,"cityid":372,"townid":820,"tokenid":"9ebe49ce0dead4a3ab8ad4a3b026b22f","tokenurl":"/mcm/api/land?token=9ebe49ce0dead4a3ab8ad4a3b026b22f","imageurl":"/mcm/images/land/2B/19460_3f743dfffafc.jpg","landname":"59"},{"id":281475001090258,"level":2,"status":0,"posx":9,"posy":16,"cityid":372,"townid":820,"tokenid":"f311a0b2e46949cadcbaa6dd90916415","tokenurl":"/mcm/api/land?token=f311a0b2e46949cadcbaa6dd90916415","imageurl":"/mcm/images/land/2A/11673_808f6c416d5.jpg","landname":"60"},{"id":281475001090259,"level":1,"status":1,"posx":32,"posy":16,"cityid":372,"townid":820,"tokenid":"0545e65e5aa53b16d2287be016cb504a","tokenurl":"/mcm/api/land?token=0545e65e5aa53b16d2287be016cb504a","imageurl":"/mcm/images/land/2S/7781_13067adb6d93.jpg","landname":"61"},{"id":281475001090260,"level":3,"status":1,"posx":33,"posy":16,"cityid":372,"townid":820,"tokenid":"88d258fa1c6a3d8cd6972df18c6a78bc","tokenurl":"/mcm/api/land?token=88d258fa1c6a3d8cd6972df18c6a78bc","imageurl":"/mcm/images/land/2B/19461_3fb429dc18c.jpg","landname":"62"},{"id":281475001090261,"level":1,"status":0,"posx":8,"posy":17,"cityid":372,"townid":820,"tokenid":"db110d389e4b69dd44cd1b89871d2ee4","tokenurl":"/mcm/api/land?token=db110d389e4b69dd44cd1b89871d2ee4","imageurl":"/mcm/images/land/2S/7782_2b6d7d1ccc22.jpg","landname":"63"},{"id":281475001090262,"level":1,"status":1,"posx":9,"posy":17,"cityid":372,"townid":820,"tokenid":"b5a6b24e6b0d747d75aac88dc61f9f13","tokenurl":"/mcm/api/land?token=b5a6b24e6b0d747d75aac88dc61f9f13","imageurl":"/mcm/images/land/2S/7783_274d16bedcfb.jpg","landname":"64"},{"id":281475001090263,"level":2,"status":0,"posx":8,"posy":18,"cityid":372,"townid":820,"tokenid":"b31a5c4d45f0937074e821d679d8665f","tokenurl":"/mcm/api/land?token=b31a5c4d45f0937074e821d679d8665f","imageurl":"/mcm/images/land/2A/11674_404cb7d24ef0.jpg","landname":"65"},{"id":281475001090264,"level":3,"status":1,"posx":9,"posy":18,"cityid":372,"townid":820,"tokenid":"dfe6f730c35129cc94c32a776f576554","tokenurl":"/mcm/api/land?token=dfe6f730c35129cc94c32a776f576554","imageurl":"/mcm/images/land/2B/19462_e6e95e0488.jpg","landname":"66"},{"id":281475001090265,"level":3,"status":0,"posx":20,"posy":18,"cityid":372,"townid":820,"tokenid":"232ea2d8fa6363457f7e93021385e6e7","tokenurl":"/mcm/api/land?token=232ea2d8fa6363457f7e93021385e6e7","imageurl":"/mcm/images/land/2B/19463_465db213f729.jpg","landname":"67"},{"id":281475001090266,"level":2,"status":0,"posx":21,"posy":18,"cityid":372,"townid":820,"tokenid":"076cd77d46ba8edc6f34c8a29b3b231a","tokenurl":"/mcm/api/land?token=076cd77d46ba8edc6f34c8a29b3b231a","imageurl":"/mcm/images/land/2A/11675_3607d4299e6f.jpg","landname":"68"},{"id":281475001090267,"level":1,"status":0,"posx":25,"posy":18,"cityid":372,"townid":820,"tokenid":"c571b233f4b2b170e475e047d1d8119f","tokenurl":"/mcm/api/land?token=c571b233f4b2b170e475e047d1d8119f","imageurl":"/mcm/images/land/2S/7784_5376ffa3d112.jpg","landname":"69"},{"id":281475001090268,"level":1,"status":0,"posx":26,"posy":18,"cityid":372,"townid":820,"tokenid":"73cc381c85d045b50b557d01af1c169d","tokenurl":"/mcm/api/land?token=73cc381c85d045b50b557d01af1c169d","imageurl":"/mcm/images/land/2S/7785_42c7878da598.jpg","landname":"70"},{"id":281475001090269,"level":3,"status":1,"posx":8,"posy":19,"cityid":372,"townid":820,"tokenid":"6b8ea868cca5248c34eee95da9808f20","tokenurl":"/mcm/api/land?token=6b8ea868cca5248c34eee95da9808f20","imageurl":"/mcm/images/land/2B/19464_2ac1d7f8f3d1.jpg","landname":"71"},{"id":281475001090270,"level":3,"status":0,"posx":9,"posy":19,"cityid":372,"townid":820,"tokenid":"ce687bc7c8e5ad51d13d855f494b135a","tokenurl":"/mcm/api/land?token=ce687bc7c8e5ad51d13d855f494b135a","imageurl":"/mcm/images/land/2B/19465_2b0bd109d7b6.jpg","landname":"72"},{"id":281475001090271,"level":2,"status":1,"posx":20,"posy":19,"cityid":372,"townid":820,"tokenid":"febb7577252d5403e7820b05d4eb733a","tokenurl":"/mcm/api/land?token=febb7577252d5403e7820b05d4eb733a","imageurl":"/mcm/images/land/2A/11676_4d824585e77a.jpg","landname":"73"},{"id":281475001090272,"level":2,"status":1,"posx":21,"posy":19,"cityid":372,"townid":820,"tokenid":"6c7850a003bf81ff5ab313de637feee2","tokenurl":"/mcm/api/land?token=6c7850a003bf81ff5ab313de637feee2","imageurl":"/mcm/images/land/2A/11677_5b69ee7c272.jpg","landname":"74"},{"id":281475001090273,"level":2,"status":0,"posx":25,"posy":19,"cityid":372,"townid":820,"tokenid":"cb28355e2099e75f232a0752ac5fd4d9","tokenurl":"/mcm/api/land?token=cb28355e2099e75f232a0752ac5fd4d9","imageurl":"/mcm/images/land/2A/11678_37027f9ee9dc.jpg","landname":"75"},{"id":281475001090274,"level":3,"status":1,"posx":26,"posy":19,"cityid":372,"townid":820,"tokenid":"b78d933482cc5636490fc5b298b00b95","tokenurl":"/mcm/api/land?token=b78d933482cc5636490fc5b298b00b95","imageurl":"/mcm/images/land/2B/19466_3e02394f9888.jpg","landname":"76"},{"id":281475001090275,"level":3,"status":0,"posx":8,"posy":20,"cityid":372,"townid":820,"tokenid":"2539d8c4134090310b95a0acc1faae4a","tokenurl":"/mcm/api/land?token=2539d8c4134090310b95a0acc1faae4a","imageurl":"/mcm/images/land/2B/19467_5372e873a4d.jpg","landname":"77"},{"id":281475001090276,"level":3,"status":1,"posx":9,"posy":20,"cityid":372,"townid":820,"tokenid":"cffb839dcbfb1bed3384396c2e7708b9","tokenurl":"/mcm/api/land?token=cffb839dcbfb1bed3384396c2e7708b9","imageurl":"/mcm/images/land/2B/19468_11df1fbc178b.jpg","landname":"78"},{"id":281475001090277,"level":2,"status":0,"posx":20,"posy":20,"cityid":372,"townid":820,"tokenid":"630049a8c0d33d094fc45dfc82640b72","tokenurl":"/mcm/api/land?token=630049a8c0d33d094fc45dfc82640b72","imageurl":"/mcm/images/land/2A/11679_4af426d0881.jpg","landname":"79"},{"id":281475001090278,"level":3,"status":1,"posx":21,"posy":20,"cityid":372,"townid":820,"tokenid":"8c67db2d37b427a24512d72394ce70af","tokenurl":"/mcm/api/land?token=8c67db2d37b427a24512d72394ce70af","imageurl":"/mcm/images/land/2B/19469_217e8488580.jpg","landname":"80"},{"id":281475001090279,"level":3,"status":0,"posx":25,"posy":20,"cityid":372,"townid":820,"tokenid":"6112652990c436e43a8eab45996b74b5","tokenurl":"/mcm/api/land?token=6112652990c436e43a8eab45996b74b5","imageurl":"/mcm/images/land/2B/19470_39bfdd66baa5.jpg","landname":"81"},{"id":281475001090280,"level":1,"status":0,"posx":26,"posy":20,"cityid":372,"townid":820,"tokenid":"8760c4946442dfdc4779d1b2b219701e","tokenurl":"/mcm/api/land?token=8760c4946442dfdc4779d1b2b219701e","imageurl":"/mcm/images/land/2S/7786_423b9be3c9ec.jpg","landname":"82"},{"id":281475001090281,"level":1,"status":1,"posx":31,"posy":20,"cityid":372,"townid":820,"tokenid":"8440e4f91e9d19ca779632717424bd61","tokenurl":"/mcm/api/land?token=8440e4f91e9d19ca779632717424bd61","imageurl":"/mcm/images/land/2S/7787_597ba6322ae7.jpg","landname":"83"},{"id":281475001090282,"level":1,"status":1,"posx":32,"posy":20,"cityid":372,"townid":820,"tokenid":"ec263999f24db13e16b34d8927d54c67","tokenurl":"/mcm/api/land?token=ec263999f24db13e16b34d8927d54c67","imageurl":"/mcm/images/land/2S/7788_56ed9ae91be2.jpg","landname":"84"},{"id":281475001090283,"level":2,"status":0,"posx":20,"posy":21,"cityid":372,"townid":820,"tokenid":"fca0d35c9ad4a27399d23e25b3cfd472","tokenurl":"/mcm/api/land?token=fca0d35c9ad4a27399d23e25b3cfd472","imageurl":"/mcm/images/land/2A/11680_39e8ba82e4d5.jpg","landname":"85"},{"id":281475001090284,"level":2,"status":1,"posx":21,"posy":21,"cityid":372,"townid":820,"tokenid":"26012a87ce7357a61a624721599025b6","tokenurl":"/mcm/api/land?token=26012a87ce7357a61a624721599025b6","imageurl":"/mcm/images/land/2A/11681_b5083b9f6e2.jpg","landname":"86"},{"id":281475001090285,"level":2,"status":1,"posx":25,"posy":21,"cityid":372,"townid":820,"tokenid":"fa316086d680283a5cdf9005fedd0d57","tokenurl":"/mcm/api/land?token=fa316086d680283a5cdf9005fedd0d57","imageurl":"/mcm/images/land/2A/11682_5a1bc8ceabe2.jpg","landname":"87"},{"id":281475001090286,"level":3,"status":1,"posx":26,"posy":21,"cityid":372,"townid":820,"tokenid":"b4ac8a4c3ff861a5c60c35d6aa5df735","tokenurl":"/mcm/api/land?token=b4ac8a4c3ff861a5c60c35d6aa5df735","imageurl":"/mcm/images/land/2B/19471_51148b537c80.jpg","landname":"88"},{"id":281475001090287,"level":1,"status":1,"posx":31,"posy":21,"cityid":372,"townid":820,"tokenid":"0957365aac85f05e38772dc49d08c43a","tokenurl":"/mcm/api/land?token=0957365aac85f05e38772dc49d08c43a","imageurl":"/mcm/images/land/2S/7789_1fb9b1514129.jpg","landname":"89"},{"id":281475001090288,"level":1,"status":1,"posx":32,"posy":21,"cityid":372,"townid":820,"tokenid":"725bc56408d9ccc43cbf3408c3a768a7","tokenurl":"/mcm/api/land?token=725bc56408d9ccc43cbf3408c3a768a7","imageurl":"/mcm/images/land/2S/7790_22d485794998.jpg","landname":"90"},{"id":281475001090289,"level":3,"status":1,"posx":12,"posy":22,"cityid":372,"townid":820,"tokenid":"2126b809a672b10421bb65ef665ab18e","tokenurl":"/mcm/api/land?token=2126b809a672b10421bb65ef665ab18e","imageurl":"/mcm/images/land/2B/19472_570ffd6be2ab.jpg","landname":"91"},{"id":281475001090290,"level":2,"status":1,"posx":13,"posy":22,"cityid":372,"townid":820,"tokenid":"a28cb05b52aa5d28af4f8d6a483737eb","tokenurl":"/mcm/api/land?token=a28cb05b52aa5d28af4f8d6a483737eb","imageurl":"/mcm/images/land/2A/11683_44508c76b180.jpg","landname":"92"},{"id":281475001090291,"level":1,"status":1,"posx":20,"posy":22,"cityid":372,"townid":820,"tokenid":"5aabf22e1d802559f8de83433c61e7f2","tokenurl":"/mcm/api/land?token=5aabf22e1d802559f8de83433c61e7f2","imageurl":"/mcm/images/land/2S/7791_44d341405a39.jpg","landname":"93"},{"id":281475001090292,"level":3,"status":0,"posx":21,"posy":22,"cityid":372,"townid":820,"tokenid":"dfcc3ac8b4b914a115d98818b776deea","tokenurl":"/mcm/api/land?token=dfcc3ac8b4b914a115d98818b776deea","imageurl":"/mcm/images/land/2B/19473_3fc67c53188b.jpg","landname":"94"},{"id":281475001090293,"level":3,"status":1,"posx":25,"posy":22,"cityid":372,"townid":820,"tokenid":"29efd9fedf441b2ae13220927cd3e812","tokenurl":"/mcm/api/land?token=29efd9fedf441b2ae13220927cd3e812","imageurl":"/mcm/images/land/2B/19474_55bb06271e4b.jpg","landname":"95"},{"id":281475001090294,"level":1,"status":0,"posx":26,"posy":22,"cityid":372,"townid":820,"tokenid":"fd8043f442396dff5886c43bfc8f7c57","tokenurl":"/mcm/api/land?token=fd8043f442396dff5886c43bfc8f7c57","imageurl":"/mcm/images/land/2S/7792_280613887d78.jpg","landname":"96"},{"id":281475001090295,"level":3,"status":1,"posx":31,"posy":22,"cityid":372,"townid":820,"tokenid":"3686e60f00648e27d78c53db8b2bea5e","tokenurl":"/mcm/api/land?token=3686e60f00648e27d78c53db8b2bea5e","imageurl":"/mcm/images/land/2B/19475_34a30e0feb69.jpg","landname":"97"},{"id":281475001090296,"level":3,"status":1,"posx":32,"posy":22,"cityid":372,"townid":820,"tokenid":"ae29701ab1dc999981ccc90c6080b9b7","tokenurl":"/mcm/api/land?token=ae29701ab1dc999981ccc90c6080b9b7","imageurl":"/mcm/images/land/2B/19476_551df38ca2fa.jpg","landname":"98"},{"id":281475001090297,"level":3,"status":1,"posx":12,"posy":23,"cityid":372,"townid":820,"tokenid":"075d287ed506ab583488ab8e5180fd4b","tokenurl":"/mcm/api/land?token=075d287ed506ab583488ab8e5180fd4b","imageurl":"/mcm/images/land/2B/19477_409a4a317f0e.jpg","landname":"99"},{"id":281475001090298,"level":2,"status":1,"posx":13,"posy":23,"cityid":372,"townid":820,"tokenid":"4b96d65c5eb6b3368c23d78b52ea790f","tokenurl":"/mcm/api/land?token=4b96d65c5eb6b3368c23d78b52ea790f","imageurl":"/mcm/images/land/2A/11684_2e4fe46dc418.jpg","landname":"100"},{"id":281475001090299,"level":3,"status":0,"posx":31,"posy":23,"cityid":372,"townid":820,"tokenid":"0cc0aa5998db76737ac5350900584868","tokenurl":"/mcm/api/land?token=0cc0aa5998db76737ac5350900584868","imageurl":"/mcm/images/land/2B/19478_161b45f22995.jpg","landname":"101"},{"id":281475001090300,"level":2,"status":1,"posx":32,"posy":23,"cityid":372,"townid":820,"tokenid":"2b5e8b252cd031217ae5a9bf677fd07b","tokenurl":"/mcm/api/land?token=2b5e8b252cd031217ae5a9bf677fd07b","imageurl":"/mcm/images/land/2A/11685_36d65febdf6f.jpg","landname":"102"},{"id":281475001090301,"level":3,"status":0,"posx":12,"posy":24,"cityid":372,"townid":820,"tokenid":"bca2fabcbcaefa766e456fb6add7bcbb","tokenurl":"/mcm/api/land?token=bca2fabcbcaefa766e456fb6add7bcbb","imageurl":"/mcm/images/land/2B/19479_1e141c0be44a.jpg","landname":"103"},{"id":281475001090302,"level":1,"status":0,"posx":13,"posy":24,"cityid":372,"townid":820,"tokenid":"d188e4cd097f8e2b44d859484148f912","tokenurl":"/mcm/api/land?token=d188e4cd097f8e2b44d859484148f912","imageurl":"/mcm/images/land/2S/7793_27ed55550486.jpg","landname":"104"},{"id":281475001090303,"level":3,"status":0,"posx":31,"posy":24,"cityid":372,"townid":820,"tokenid":"b2df0feae1c87759a4621f895bde0a03","tokenurl":"/mcm/api/land?token=b2df0feae1c87759a4621f895bde0a03","imageurl":"/mcm/images/land/2B/19480_41c36ceb785a.jpg","landname":"105"},{"id":281475001090304,"level":3,"status":0,"posx":32,"posy":24,"cityid":372,"townid":820,"tokenid":"49e15dac55a01524691d857b4b700878","tokenurl":"/mcm/api/land?token=49e15dac55a01524691d857b4b700878","imageurl":"/mcm/images/land/2B/19481_25d8729f5c72.jpg","landname":"106"},{"id":281475001090305,"level":3,"status":1,"posx":12,"posy":25,"cityid":372,"townid":820,"tokenid":"8433b99722bc1938f332ee2f65460542","tokenurl":"/mcm/api/land?token=8433b99722bc1938f332ee2f65460542","imageurl":"/mcm/images/land/2B/19482_3281f7810efc.jpg","landname":"107"},{"id":281475001090306,"level":2,"status":0,"posx":13,"posy":25,"cityid":372,"townid":820,"tokenid":"816bc6fbc013927f7a5f23bbb7eb478e","tokenurl":"/mcm/api/land?token=816bc6fbc013927f7a5f23bbb7eb478e","imageurl":"/mcm/images/land/2A/11686_4352c6f11537.jpg","landname":"108"},{"id":281475001090307,"level":1,"status":1,"posx":6,"posy":26,"cityid":372,"townid":820,"tokenid":"09563618eb2849445c65c3a30b95dfb7","tokenurl":"/mcm/api/land?token=09563618eb2849445c65c3a30b95dfb7","imageurl":"/mcm/images/land/2S/7794_426dfc3eb68a.jpg","landname":"109"},{"id":281475001090308,"level":2,"status":1,"posx":7,"posy":26,"cityid":372,"townid":820,"tokenid":"47014ea10bff75549d95a7e80f1a2781","tokenurl":"/mcm/api/land?token=47014ea10bff75549d95a7e80f1a2781","imageurl":"/mcm/images/land/2A/11687_1a9c44aec89d.jpg","landname":"110"},{"id":281475001090309,"level":2,"status":0,"posx":9,"posy":26,"cityid":372,"townid":820,"tokenid":"079d1498aecdcf6024f0206a2c8a40f6","tokenurl":"/mcm/api/land?token=079d1498aecdcf6024f0206a2c8a40f6","imageurl":"/mcm/images/land/2A/11688_271374c9e3d5.jpg","landname":"111"},{"id":281475001090310,"level":3,"status":0,"posx":10,"posy":26,"cityid":372,"townid":820,"tokenid":"a451f9d0bb8c7f45124142602a3d03e5","tokenurl":"/mcm/api/land?token=a451f9d0bb8c7f45124142602a3d03e5","imageurl":"/mcm/images/land/2B/19483_24d7591647f7.jpg","landname":"112"},{"id":281475001090311,"level":2,"status":0,"posx":12,"posy":26,"cityid":372,"townid":820,"tokenid":"a5aa8fd3c47c11091b0b3be8a03a9c45","tokenurl":"/mcm/api/land?token=a5aa8fd3c47c11091b0b3be8a03a9c45","imageurl":"/mcm/images/land/2A/11689_10807c92085d.jpg","landname":"113"},{"id":281475001090312,"level":1,"status":1,"posx":13,"posy":26,"cityid":372,"townid":820,"tokenid":"5e7ecc97428553d5253b554bdc9117e9","tokenurl":"/mcm/api/land?token=5e7ecc97428553d5253b554bdc9117e9","imageurl":"/mcm/images/land/2S/7795_6da736e6758.jpg","landname":"114"},{"id":281475001090313,"level":2,"status":0,"posx":6,"posy":27,"cityid":372,"townid":820,"tokenid":"2b5c6ca4dea972d1efebbf56da21ef49","tokenurl":"/mcm/api/land?token=2b5c6ca4dea972d1efebbf56da21ef49","imageurl":"/mcm/images/land/2A/11690_1db22132096.jpg","landname":"115"},{"id":281475001090314,"level":3,"status":0,"posx":7,"posy":27,"cityid":372,"townid":820,"tokenid":"acfc51f77585e061b14e7c94f9c43858","tokenurl":"/mcm/api/land?token=acfc51f77585e061b14e7c94f9c43858","imageurl":"/mcm/images/land/2B/19484_43dfe11a54eb.jpg","landname":"116"},{"id":281475001090315,"level":2,"status":0,"posx":9,"posy":27,"cityid":372,"townid":820,"tokenid":"4b0052589b287151d746b5fab37f520f","tokenurl":"/mcm/api/land?token=4b0052589b287151d746b5fab37f520f","imageurl":"/mcm/images/land/2A/11691_3a86bd599b9a.jpg","landname":"117"},{"id":281475001090316,"level":3,"status":1,"posx":10,"posy":27,"cityid":372,"townid":820,"tokenid":"4b69886890b9cdb95ab3a0da8a221b89","tokenurl":"/mcm/api/land?token=4b69886890b9cdb95ab3a0da8a221b89","imageurl":"/mcm/images/land/2B/19485_f38a593160a.jpg","landname":"118"},{"id":281475001090317,"level":3,"status":0,"posx":23,"posy":27,"cityid":372,"townid":820,"tokenid":"cd0b09d61254843a945306d12b894f91","tokenurl":"/mcm/api/land?token=cd0b09d61254843a945306d12b894f91","imageurl":"/mcm/images/land/2B/19486_d11c629639e.jpg","landname":"119"},{"id":281475001090318,"level":1,"status":0,"posx":24,"posy":27,"cityid":372,"townid":820,"tokenid":"524b1363e51edd288d39a511bfa0faec","tokenurl":"/mcm/api/land?token=524b1363e51edd288d39a511bfa0faec","imageurl":"/mcm/images/land/2S/7796_bb2eb44008c.jpg","landname":"120"},{"id":281475001090319,"level":3,"status":0,"posx":6,"posy":28,"cityid":372,"townid":820,"tokenid":"04def9451cde7ed7949ba95b113e1f72","tokenurl":"/mcm/api/land?token=04def9451cde7ed7949ba95b113e1f72","imageurl":"/mcm/images/land/2B/19487_34583d6a4fc0.jpg","landname":"121"},{"id":281475001090320,"level":1,"status":0,"posx":7,"posy":28,"cityid":372,"townid":820,"tokenid":"68f8d1ae37d0a787af78e3bbfec9985f","tokenurl":"/mcm/api/land?token=68f8d1ae37d0a787af78e3bbfec9985f","imageurl":"/mcm/images/land/2S/7797_5386ec5b70a0.jpg","landname":"122"},{"id":281475001090321,"level":1,"status":1,"posx":9,"posy":28,"cityid":372,"townid":820,"tokenid":"82365f2336db07e2f3058f606c1c47ae","tokenurl":"/mcm/api/land?token=82365f2336db07e2f3058f606c1c47ae","imageurl":"/mcm/images/land/2S/7798_21530c6c6fcd.jpg","landname":"123"},{"id":281475001090322,"level":2,"status":1,"posx":10,"posy":28,"cityid":372,"townid":820,"tokenid":"88f28997d516830cc27538bf3c680917","tokenurl":"/mcm/api/land?token=88f28997d516830cc27538bf3c680917","imageurl":"/mcm/images/land/2A/11692_35ee2c36f141.jpg","landname":"124"},{"id":281475001090323,"level":3,"status":0,"posx":23,"posy":28,"cityid":372,"townid":820,"tokenid":"c7ca179623ff8cbfeffab8de35bcaef4","tokenurl":"/mcm/api/land?token=c7ca179623ff8cbfeffab8de35bcaef4","imageurl":"/mcm/images/land/2B/19488_5641e6ca4ac4.jpg","landname":"125"},{"id":281475001090324,"level":3,"status":1,"posx":24,"posy":28,"cityid":372,"townid":820,"tokenid":"3697117219d620c66ad525afa0c66dda","tokenurl":"/mcm/api/land?token=3697117219d620c66ad525afa0c66dda","imageurl":"/mcm/images/land/2B/19489_2a9ea1acb7ea.jpg","landname":"126"},{"id":281475001090325,"level":1,"status":0,"posx":32,"posy":28,"cityid":372,"townid":820,"tokenid":"2afd04d0bc7bdeee80e7575ce47386cd","tokenurl":"/mcm/api/land?token=2afd04d0bc7bdeee80e7575ce47386cd","imageurl":"/mcm/images/land/2S/7799_9532264300d.jpg","landname":"127"},{"id":281475001090326,"level":1,"status":1,"posx":33,"posy":28,"cityid":372,"townid":820,"tokenid":"e1766c2d4b773e256082dca11ab70952","tokenurl":"/mcm/api/land?token=e1766c2d4b773e256082dca11ab70952","imageurl":"/mcm/images/land/2S/7800_1ab1a8fc7f91.jpg","landname":"128"},{"id":281475001090327,"level":3,"status":1,"posx":6,"posy":29,"cityid":372,"townid":820,"tokenid":"52f55bce337ed9927a7362baaa5fcffd","tokenurl":"/mcm/api/land?token=52f55bce337ed9927a7362baaa5fcffd","imageurl":"/mcm/images/land/2B/19490_cc83c9efe38.jpg","landname":"129"},{"id":281475001090328,"level":3,"status":1,"posx":7,"posy":29,"cityid":372,"townid":820,"tokenid":"c8eeda7c382d2f92c57d2b600517930b","tokenurl":"/mcm/api/land?token=c8eeda7c382d2f92c57d2b600517930b","imageurl":"/mcm/images/land/2B/19491_33446c84906f.jpg","landname":"130"},{"id":281475001090329,"level":3,"status":1,"posx":9,"posy":29,"cityid":372,"townid":820,"tokenid":"79a1cddc96df33685a952da67bf5e78b","tokenurl":"/mcm/api/land?token=79a1cddc96df33685a952da67bf5e78b","imageurl":"/mcm/images/land/2B/19492_25eccd5195bf.jpg","landname":"131"},{"id":281475001090330,"level":2,"status":1,"posx":10,"posy":29,"cityid":372,"townid":820,"tokenid":"3c1c630093fdf9484a35723e8dd828ba","tokenurl":"/mcm/api/land?token=3c1c630093fdf9484a35723e8dd828ba","imageurl":"/mcm/images/land/2A/11693_1eaf50520340.jpg","landname":"132"},{"id":281475001090331,"level":2,"status":1,"posx":23,"posy":29,"cityid":372,"townid":820,"tokenid":"afc83973faba8af48e07cd47abc72007","tokenurl":"/mcm/api/land?token=afc83973faba8af48e07cd47abc72007","imageurl":"/mcm/images/land/2A/11694_1a1812e5f69a.jpg","landname":"133"},{"id":281475001090332,"level":3,"status":0,"posx":24,"posy":29,"cityid":372,"townid":820,"tokenid":"2944568601d762bcd8a420863b57db74","tokenurl":"/mcm/api/land?token=2944568601d762bcd8a420863b57db74","imageurl":"/mcm/images/land/2B/19493_1daf3d185e20.jpg","landname":"134"},{"id":281475001090333,"level":2,"status":0,"posx":32,"posy":29,"cityid":372,"townid":820,"tokenid":"79dab0b43a13ebd16a5e4e60cc42bbdf","tokenurl":"/mcm/api/land?token=79dab0b43a13ebd16a5e4e60cc42bbdf","imageurl":"/mcm/images/land/2A/11695_594d9e4ce649.jpg","landname":"135"},{"id":281475001090334,"level":2,"status":1,"posx":33,"posy":29,"cityid":372,"townid":820,"tokenid":"fe4d78dd7e38d99dd8788304837abc53","tokenurl":"/mcm/api/land?token=fe4d78dd7e38d99dd8788304837abc53","imageurl":"/mcm/images/land/2A/11696_31f207bef636.jpg","landname":"136"},{"id":281475001090335,"level":2,"status":1,"posx":6,"posy":30,"cityid":372,"townid":820,"tokenid":"54fe99e71568acd61be3aedcebb68668","tokenurl":"/mcm/api/land?token=54fe99e71568acd61be3aedcebb68668","imageurl":"/mcm/images/land/2A/11697_3d224b91ec55.jpg","landname":"137"},{"id":281475001090336,"level":3,"status":0,"posx":7,"posy":30,"cityid":372,"townid":820,"tokenid":"4206f99ce138393be02de039349e9d69","tokenurl":"/mcm/api/land?token=4206f99ce138393be02de039349e9d69","imageurl":"/mcm/images/land/2B/19494_1b9b4372bfb3.jpg","landname":"138"},{"id":281475001090337,"level":2,"status":0,"posx":9,"posy":30,"cityid":372,"townid":820,"tokenid":"e74961e9c834d40573e378a0e887a2e9","tokenurl":"/mcm/api/land?token=e74961e9c834d40573e378a0e887a2e9","imageurl":"/mcm/images/land/2A/11698_436de3192e85.jpg","landname":"139"},{"id":281475001090338,"level":3,"status":1,"posx":10,"posy":30,"cityid":372,"townid":820,"tokenid":"50612918e1f1f3379caf05cc32d9c7a7","tokenurl":"/mcm/api/land?token=50612918e1f1f3379caf05cc32d9c7a7","imageurl":"/mcm/images/land/2B/19495_1fb5341807d9.jpg","landname":"140"},{"id":281475001090339,"level":3,"status":0,"posx":23,"posy":30,"cityid":372,"townid":820,"tokenid":"b4f2d0734deabc65819b85650c900267","tokenurl":"/mcm/api/land?token=b4f2d0734deabc65819b85650c900267","imageurl":"/mcm/images/land/2B/19496_17554e66210b.jpg","landname":"141"},{"id":281475001090340,"level":3,"status":1,"posx":24,"posy":30,"cityid":372,"townid":820,"tokenid":"761e98a855048fbcb30443354acf292e","tokenurl":"/mcm/api/land?token=761e98a855048fbcb30443354acf292e","imageurl":"/mcm/images/land/2B/19497_1551474dcd0e.jpg","landname":"142"},{"id":281475001090341,"level":2,"status":1,"posx":32,"posy":30,"cityid":372,"townid":820,"tokenid":"e72692036bed6329ce88daa2ce279568","tokenurl":"/mcm/api/land?token=e72692036bed6329ce88daa2ce279568","imageurl":"/mcm/images/land/2A/11699_1c8069639ddd.jpg","landname":"143"},{"id":281475001090342,"level":3,"status":0,"posx":33,"posy":30,"cityid":372,"townid":820,"tokenid":"bc42e5e91ee4191ff2867bef70e51f6f","tokenurl":"/mcm/api/land?token=bc42e5e91ee4191ff2867bef70e51f6f","imageurl":"/mcm/images/land/2B/19498_4b2639713816.jpg","landname":"144"},{"id":281475001090343,"level":3,"status":0,"posx":23,"posy":31,"cityid":372,"townid":820,"tokenid":"c471d0c0d7d7c575c0f09609f4ea2754","tokenurl":"/mcm/api/land?token=c471d0c0d7d7c575c0f09609f4ea2754","imageurl":"/mcm/images/land/2B/19499_244adff8a1a0.jpg","landname":"145"},{"id":281475001090344,"level":2,"status":0,"posx":24,"posy":31,"cityid":372,"townid":820,"tokenid":"7ca22a6cff8fe20f11da684b57a5bc30","tokenurl":"/mcm/api/land?token=7ca22a6cff8fe20f11da684b57a5bc30","imageurl":"/mcm/images/land/2A/11700_1d3c50e8865f.jpg","landname":"146"},{"id":281475001090345,"level":2,"status":1,"posx":32,"posy":31,"cityid":372,"townid":820,"tokenid":"5e805f60e8d6a8f7fe23a53a25dcf44f","tokenurl":"/mcm/api/land?token=5e805f60e8d6a8f7fe23a53a25dcf44f","imageurl":"/mcm/images/land/2A/11701_1699b3c22016.jpg","landname":"147"},{"id":281475001090346,"level":3,"status":1,"posx":33,"posy":31,"cityid":372,"townid":820,"tokenid":"29119eb9f5654bca307bb1cbfcc9b47b","tokenurl":"/mcm/api/land?token=29119eb9f5654bca307bb1cbfcc9b47b","imageurl":"/mcm/images/land/2B/19500_4d1871ad8ad1.jpg","landname":"148"},{"id":281475001090347,"level":1,"status":0,"posx":32,"posy":32,"cityid":372,"townid":820,"tokenid":"6310c62bb4ac0c427dfaf4cb17f81086","tokenurl":"/mcm/api/land?token=6310c62bb4ac0c427dfaf4cb17f81086","imageurl":"/mcm/images/land/2S/7801_5582435b8447.jpg","landname":"149"},{"id":281475001090348,"level":3,"status":1,"posx":33,"posy":32,"cityid":372,"townid":820,"tokenid":"ebfb07076438d24949821e92e0edbc08","tokenurl":"/mcm/api/land?token=ebfb07076438d24949821e92e0edbc08","imageurl":"/mcm/images/land/2B/19501_1c541de8ba5f.jpg","landname":"150"}]]],0,0,[],[],[]]
