[1,0,0,[["cc.JsonAsset",["_name","json"],1]],[[0,0,1,3]],[[0,"118",[{"id":281474979397783,"level":2,"status":0,"posx":23,"posy":5,"cityid":41,"townid":118,"tokenid":"9e3afb268d2deef3a3f6134080a1a8ba","tokenurl":"/mcm/api/land?token=9e3afb268d2deef3a3f6134080a1a8ba","imageurl":"/mcm/images/land/2A/2027_21851e69128b.jpg","landname":"1"},{"id":281474979397784,"level":3,"status":0,"posx":24,"posy":5,"cityid":41,"townid":118,"tokenid":"220803c79f5d043dd6214f6c688cd23e","tokenurl":"/mcm/api/land?token=220803c79f5d043dd6214f6c688cd23e","imageurl":"/mcm/images/land/2B/3377_fb92fe24fe6.jpg","landname":"2"},{"id":281474979397785,"level":1,"status":0,"posx":23,"posy":6,"cityid":41,"townid":118,"tokenid":"8c4dd5e560896439e662cfec79692b67","tokenurl":"/mcm/api/land?token=8c4dd5e560896439e662cfec79692b67","imageurl":"/mcm/images/land/2S/1352_51610afe97f3.jpg","landname":"3"},{"id":281474979397786,"level":1,"status":1,"posx":24,"posy":6,"cityid":41,"townid":118,"tokenid":"7cc96a80ef425bbfe779e2733dc64ceb","tokenurl":"/mcm/api/land?token=7cc96a80ef425bbfe779e2733dc64ceb","imageurl":"/mcm/images/land/2S/1353_3f2534efa5b6.jpg","landname":"4"},{"id":281474979397787,"level":2,"status":0,"posx":28,"posy":6,"cityid":41,"townid":118,"tokenid":"8814886e4658812aaf33cc648261e26b","tokenurl":"/mcm/api/land?token=8814886e4658812aaf33cc648261e26b","imageurl":"/mcm/images/land/2A/2028_4180962ae7ce.jpg","landname":"5"},{"id":281474979397788,"level":3,"status":1,"posx":29,"posy":6,"cityid":41,"townid":118,"tokenid":"64174e4aaa6e2d50e3a5875e3e073914","tokenurl":"/mcm/api/land?token=64174e4aaa6e2d50e3a5875e3e073914","imageurl":"/mcm/images/land/2B/3378_d8328dc3ac.jpg","landname":"6"},{"id":281474979397789,"level":2,"status":0,"posx":23,"posy":7,"cityid":41,"townid":118,"tokenid":"0552863153f59774e1a496ef6ff3d07b","tokenurl":"/mcm/api/land?token=0552863153f59774e1a496ef6ff3d07b","imageurl":"/mcm/images/land/2A/2029_37ae8621eac2.jpg","landname":"7"},{"id":281474979397790,"level":1,"status":0,"posx":24,"posy":7,"cityid":41,"townid":118,"tokenid":"65e2f535a421495d107ec598b54eaf51","tokenurl":"/mcm/api/land?token=65e2f535a421495d107ec598b54eaf51","imageurl":"/mcm/images/land/2S/1354_4de83802ea64.jpg","landname":"8"},{"id":281474979397791,"level":2,"status":0,"posx":28,"posy":7,"cityid":41,"townid":118,"tokenid":"04153418c6ba18c72150292e7bcf4f25","tokenurl":"/mcm/api/land?token=04153418c6ba18c72150292e7bcf4f25","imageurl":"/mcm/images/land/2A/2030_470f248d06ed.jpg","landname":"9"},{"id":281474979397792,"level":2,"status":1,"posx":29,"posy":7,"cityid":41,"townid":118,"tokenid":"4b241839748ec1242c47b3a41227df16","tokenurl":"/mcm/api/land?token=4b241839748ec1242c47b3a41227df16","imageurl":"/mcm/images/land/2A/2031_2c3abd6ab6ea.jpg","landname":"10"},{"id":281474979397793,"level":3,"status":1,"posx":32,"posy":7,"cityid":41,"townid":118,"tokenid":"53e15fb86f6bc2c2b44587a757a3ea0c","tokenurl":"/mcm/api/land?token=53e15fb86f6bc2c2b44587a757a3ea0c","imageurl":"/mcm/images/land/2B/3379_21d871b440a3.jpg","landname":"11"},{"id":281474979397794,"level":3,"status":1,"posx":33,"posy":7,"cityid":41,"townid":118,"tokenid":"d8644823870f3de7588c1c23414588f3","tokenurl":"/mcm/api/land?token=d8644823870f3de7588c1c23414588f3","imageurl":"/mcm/images/land/2B/3380_131d1729bfcb.jpg","landname":"12"},{"id":281474979397795,"level":3,"status":1,"posx":23,"posy":8,"cityid":41,"townid":118,"tokenid":"71a632d6aedf2ba0c84fbdb94a6218fe","tokenurl":"/mcm/api/land?token=71a632d6aedf2ba0c84fbdb94a6218fe","imageurl":"/mcm/images/land/2B/3381_131342a82480.jpg","landname":"13"},{"id":281474979397796,"level":1,"status":1,"posx":24,"posy":8,"cityid":41,"townid":118,"tokenid":"95731e3098e5c2f0fa60e6361a3ca77d","tokenurl":"/mcm/api/land?token=95731e3098e5c2f0fa60e6361a3ca77d","imageurl":"/mcm/images/land/2S/1355_164bccee341b.jpg","landname":"14"},{"id":281474979397797,"level":1,"status":0,"posx":28,"posy":8,"cityid":41,"townid":118,"tokenid":"774b8d8e9c82ffb8537c49b59bc9628d","tokenurl":"/mcm/api/land?token=774b8d8e9c82ffb8537c49b59bc9628d","imageurl":"/mcm/images/land/2S/1356_400546df1a5d.jpg","landname":"15"},{"id":281474979397798,"level":3,"status":0,"posx":29,"posy":8,"cityid":41,"townid":118,"tokenid":"76fb140f7996fac273369daeac728e87","tokenurl":"/mcm/api/land?token=76fb140f7996fac273369daeac728e87","imageurl":"/mcm/images/land/2B/3382_507666d4efa9.jpg","landname":"16"},{"id":281474979397799,"level":2,"status":0,"posx":32,"posy":8,"cityid":41,"townid":118,"tokenid":"6661569ce01c7632c8c20a121b38d919","tokenurl":"/mcm/api/land?token=6661569ce01c7632c8c20a121b38d919","imageurl":"/mcm/images/land/2A/2032_31c9cfc7ebe0.jpg","landname":"17"},{"id":281474979397800,"level":1,"status":1,"posx":33,"posy":8,"cityid":41,"townid":118,"tokenid":"8d64e0c00f1db08efa1927c8aeb925ae","tokenurl":"/mcm/api/land?token=8d64e0c00f1db08efa1927c8aeb925ae","imageurl":"/mcm/images/land/2S/1357_2be7ff22d4db.jpg","landname":"18"},{"id":281474979397801,"level":1,"status":1,"posx":23,"posy":9,"cityid":41,"townid":118,"tokenid":"742886586171c3105a4343ca7377982c","tokenurl":"/mcm/api/land?token=742886586171c3105a4343ca7377982c","imageurl":"/mcm/images/land/2S/1358_4b67ece94a13.jpg","landname":"19"},{"id":281474979397802,"level":2,"status":1,"posx":24,"posy":9,"cityid":41,"townid":118,"tokenid":"6f6013f2158c93d9560da6b6318a2b54","tokenurl":"/mcm/api/land?token=6f6013f2158c93d9560da6b6318a2b54","imageurl":"/mcm/images/land/2A/2033_4467b33f7bd5.jpg","landname":"20"},{"id":281474979397803,"level":1,"status":0,"posx":28,"posy":9,"cityid":41,"townid":118,"tokenid":"ff8414c80561328d5129e827188b20a1","tokenurl":"/mcm/api/land?token=ff8414c80561328d5129e827188b20a1","imageurl":"/mcm/images/land/2S/1359_3d543d1fda1e.jpg","landname":"21"},{"id":281474979397804,"level":3,"status":1,"posx":29,"posy":9,"cityid":41,"townid":118,"tokenid":"426a2e7ee54e0444feba342def4d98d5","tokenurl":"/mcm/api/land?token=426a2e7ee54e0444feba342def4d98d5","imageurl":"/mcm/images/land/2B/3383_392322c66641.jpg","landname":"22"},{"id":281474979397805,"level":3,"status":1,"posx":32,"posy":9,"cityid":41,"townid":118,"tokenid":"994dfa714a6cef0fb86a87008cd2b51a","tokenurl":"/mcm/api/land?token=994dfa714a6cef0fb86a87008cd2b51a","imageurl":"/mcm/images/land/2B/3384_a1314cd8346.jpg","landname":"23"},{"id":281474979397806,"level":3,"status":0,"posx":33,"posy":9,"cityid":41,"townid":118,"tokenid":"152e3d4967d523bddd4b41003d3e15d5","tokenurl":"/mcm/api/land?token=152e3d4967d523bddd4b41003d3e15d5","imageurl":"/mcm/images/land/2B/3385_2415a512906f.jpg","landname":"24"},{"id":281474979397807,"level":3,"status":0,"posx":6,"posy":10,"cityid":41,"townid":118,"tokenid":"65f9af732fb5529a83caf165ef20c314","tokenurl":"/mcm/api/land?token=65f9af732fb5529a83caf165ef20c314","imageurl":"/mcm/images/land/2B/3386_25a7b232ce53.jpg","landname":"25"},{"id":281474979397808,"level":2,"status":1,"posx":7,"posy":10,"cityid":41,"townid":118,"tokenid":"e386c13fe8bdabd66afb725c2edfc5a9","tokenurl":"/mcm/api/land?token=e386c13fe8bdabd66afb725c2edfc5a9","imageurl":"/mcm/images/land/2A/2034_51f699fc9014.jpg","landname":"26"},{"id":281474979397809,"level":3,"status":1,"posx":28,"posy":10,"cityid":41,"townid":118,"tokenid":"d81c136631c39b76336e506aa1dd59cf","tokenurl":"/mcm/api/land?token=d81c136631c39b76336e506aa1dd59cf","imageurl":"/mcm/images/land/2B/3387_315d8904b3ca.jpg","landname":"27"},{"id":281474979397810,"level":3,"status":0,"posx":29,"posy":10,"cityid":41,"townid":118,"tokenid":"041dbd4f0671463073b25cf13838be62","tokenurl":"/mcm/api/land?token=041dbd4f0671463073b25cf13838be62","imageurl":"/mcm/images/land/2B/3388_40fd0cffdfee.jpg","landname":"28"},{"id":281474979397811,"level":3,"status":0,"posx":32,"posy":10,"cityid":41,"townid":118,"tokenid":"29814f17e0bc1902badfb8a5b476ebe7","tokenurl":"/mcm/api/land?token=29814f17e0bc1902badfb8a5b476ebe7","imageurl":"/mcm/images/land/2B/3389_ae94586a992.jpg","landname":"29"},{"id":281474979397812,"level":1,"status":1,"posx":33,"posy":10,"cityid":41,"townid":118,"tokenid":"cc21b0d5a85ebe4bb8c719c7b3e4e1ef","tokenurl":"/mcm/api/land?token=cc21b0d5a85ebe4bb8c719c7b3e4e1ef","imageurl":"/mcm/images/land/2S/1360_13e08294c383.jpg","landname":"30"},{"id":281474979397813,"level":3,"status":0,"posx":6,"posy":11,"cityid":41,"townid":118,"tokenid":"98130f3bb5167929afd8e0ae0216166b","tokenurl":"/mcm/api/land?token=98130f3bb5167929afd8e0ae0216166b","imageurl":"/mcm/images/land/2B/3390_33e2d8accfa3.jpg","landname":"31"},{"id":281474979397814,"level":3,"status":1,"posx":7,"posy":11,"cityid":41,"townid":118,"tokenid":"1e10dc09474641666303ab01351ce359","tokenurl":"/mcm/api/land?token=1e10dc09474641666303ab01351ce359","imageurl":"/mcm/images/land/2B/3391_2c8ea2b5e211.jpg","landname":"32"},{"id":281474979397815,"level":3,"status":0,"posx":9,"posy":11,"cityid":41,"townid":118,"tokenid":"9aa125afe37abc2ac7841098630c07ea","tokenurl":"/mcm/api/land?token=9aa125afe37abc2ac7841098630c07ea","imageurl":"/mcm/images/land/2B/3392_298cd04add5c.jpg","landname":"33"},{"id":281474979397816,"level":3,"status":1,"posx":10,"posy":11,"cityid":41,"townid":118,"tokenid":"e1705133ce1f3aa45575fab80adc59c6","tokenurl":"/mcm/api/land?token=e1705133ce1f3aa45575fab80adc59c6","imageurl":"/mcm/images/land/2B/3393_5753a85d71e.jpg","landname":"34"},{"id":281474979397817,"level":3,"status":0,"posx":11,"posy":11,"cityid":41,"townid":118,"tokenid":"23061c0a9eed0a9cc4c14ce2f6b4941a","tokenurl":"/mcm/api/land?token=23061c0a9eed0a9cc4c14ce2f6b4941a","imageurl":"/mcm/images/land/2B/3394_7f5d3512200.jpg","landname":"35"},{"id":281474979397818,"level":1,"status":1,"posx":12,"posy":11,"cityid":41,"townid":118,"tokenid":"aad964ba36a6874e18cc88147fae3f65","tokenurl":"/mcm/api/land?token=aad964ba36a6874e18cc88147fae3f65","imageurl":"/mcm/images/land/2S/1361_2795424e9175.jpg","landname":"36"},{"id":281474979397819,"level":2,"status":0,"posx":13,"posy":11,"cityid":41,"townid":118,"tokenid":"73b61872187a210b210f56da3176ec3e","tokenurl":"/mcm/api/land?token=73b61872187a210b210f56da3176ec3e","imageurl":"/mcm/images/land/2A/2035_20363cfdc7ae.jpg","landname":"37"},{"id":281474979397820,"level":2,"status":0,"posx":32,"posy":11,"cityid":41,"townid":118,"tokenid":"0a5543c741d40877ad6ed9630893bd8c","tokenurl":"/mcm/api/land?token=0a5543c741d40877ad6ed9630893bd8c","imageurl":"/mcm/images/land/2A/2036_58a8bbade828.jpg","landname":"38"},{"id":281474979397821,"level":3,"status":1,"posx":33,"posy":11,"cityid":41,"townid":118,"tokenid":"189fc66dbb30cb43ec6dbf4316a7ca39","tokenurl":"/mcm/api/land?token=189fc66dbb30cb43ec6dbf4316a7ca39","imageurl":"/mcm/images/land/2B/3395_3900da45c127.jpg","landname":"39"},{"id":281474979397822,"level":3,"status":0,"posx":6,"posy":12,"cityid":41,"townid":118,"tokenid":"d18b99339dcd5f466ee5c0f389bc2e02","tokenurl":"/mcm/api/land?token=d18b99339dcd5f466ee5c0f389bc2e02","imageurl":"/mcm/images/land/2B/3396_1d178277fc83.jpg","landname":"40"},{"id":281474979397823,"level":2,"status":1,"posx":7,"posy":12,"cityid":41,"townid":118,"tokenid":"aa1d91ced9d81df53191410798752ecc","tokenurl":"/mcm/api/land?token=aa1d91ced9d81df53191410798752ecc","imageurl":"/mcm/images/land/2A/2037_1f44b2e6acb9.jpg","landname":"41"},{"id":281474979397824,"level":3,"status":0,"posx":9,"posy":12,"cityid":41,"townid":118,"tokenid":"6fa3ad724b84fe1ebe1c5f061b9b3439","tokenurl":"/mcm/api/land?token=6fa3ad724b84fe1ebe1c5f061b9b3439","imageurl":"/mcm/images/land/2B/3397_5905e46eebc.jpg","landname":"42"},{"id":281474979397825,"level":1,"status":1,"posx":10,"posy":12,"cityid":41,"townid":118,"tokenid":"1685eda372310d8e884a5e05c3020a4c","tokenurl":"/mcm/api/land?token=1685eda372310d8e884a5e05c3020a4c","imageurl":"/mcm/images/land/2S/1362_44c3aa91dc03.jpg","landname":"43"},{"id":281474979397826,"level":3,"status":0,"posx":11,"posy":12,"cityid":41,"townid":118,"tokenid":"9d14b36280a5a9363fd1ca5385ad0c25","tokenurl":"/mcm/api/land?token=9d14b36280a5a9363fd1ca5385ad0c25","imageurl":"/mcm/images/land/2B/3398_1fa809ec77b1.jpg","landname":"44"},{"id":281474979397827,"level":3,"status":0,"posx":12,"posy":12,"cityid":41,"townid":118,"tokenid":"fc07c3feaf8a65bbffcd1c6edd774310","tokenurl":"/mcm/api/land?token=fc07c3feaf8a65bbffcd1c6edd774310","imageurl":"/mcm/images/land/2B/3399_4dbe832d3ae5.jpg","landname":"45"},{"id":281474979397828,"level":2,"status":1,"posx":13,"posy":12,"cityid":41,"townid":118,"tokenid":"f805ff0d9f4c525a8ca05850fbed87bb","tokenurl":"/mcm/api/land?token=f805ff0d9f4c525a8ca05850fbed87bb","imageurl":"/mcm/images/land/2A/2038_4f59d18e6754.jpg","landname":"46"},{"id":281474979397829,"level":2,"status":0,"posx":6,"posy":13,"cityid":41,"townid":118,"tokenid":"47db498a8200da14eaa7960a49a4f973","tokenurl":"/mcm/api/land?token=47db498a8200da14eaa7960a49a4f973","imageurl":"/mcm/images/land/2A/2039_428aa027294e.jpg","landname":"47"},{"id":281474979397830,"level":3,"status":1,"posx":7,"posy":13,"cityid":41,"townid":118,"tokenid":"2d5981ca5c5381acce75355c2d08bddb","tokenurl":"/mcm/api/land?token=2d5981ca5c5381acce75355c2d08bddb","imageurl":"/mcm/images/land/2B/3400_308b8b807bd3.jpg","landname":"48"},{"id":281474979397831,"level":3,"status":1,"posx":6,"posy":14,"cityid":41,"townid":118,"tokenid":"945764a92d48db80701ad42b1fcdaff8","tokenurl":"/mcm/api/land?token=945764a92d48db80701ad42b1fcdaff8","imageurl":"/mcm/images/land/2B/3401_17710280d2d8.jpg","landname":"49"},{"id":281474979397832,"level":3,"status":1,"posx":7,"posy":14,"cityid":41,"townid":118,"tokenid":"f1ebd38c400714b34ff0f134af00914b","tokenurl":"/mcm/api/land?token=f1ebd38c400714b34ff0f134af00914b","imageurl":"/mcm/images/land/2B/3402_18b50bd9b22a.jpg","landname":"50"},{"id":281474979397833,"level":3,"status":0,"posx":10,"posy":15,"cityid":41,"townid":118,"tokenid":"0c57fe1ed3c177824b5972ddb6abf46b","tokenurl":"/mcm/api/land?token=0c57fe1ed3c177824b5972ddb6abf46b","imageurl":"/mcm/images/land/2B/3403_d388e083c03.jpg","landname":"51"},{"id":281474979397834,"level":2,"status":1,"posx":11,"posy":15,"cityid":41,"townid":118,"tokenid":"e29d89e900043fad0cb25ed9f8a7ecc2","tokenurl":"/mcm/api/land?token=e29d89e900043fad0cb25ed9f8a7ecc2","imageurl":"/mcm/images/land/2A/2040_34009398382d.jpg","landname":"52"},{"id":281474979397835,"level":3,"status":1,"posx":12,"posy":15,"cityid":41,"townid":118,"tokenid":"2ef1faba8582ac6246cf1d688eb24e6e","tokenurl":"/mcm/api/land?token=2ef1faba8582ac6246cf1d688eb24e6e","imageurl":"/mcm/images/land/2B/3404_3c9ed93f6dfc.jpg","landname":"53"},{"id":281474979397836,"level":2,"status":0,"posx":13,"posy":15,"cityid":41,"townid":118,"tokenid":"79445377cc80d3edd3e83993380d2be8","tokenurl":"/mcm/api/land?token=79445377cc80d3edd3e83993380d2be8","imageurl":"/mcm/images/land/2A/2041_57189ac84f97.jpg","landname":"54"},{"id":281474979397837,"level":2,"status":1,"posx":14,"posy":15,"cityid":41,"townid":118,"tokenid":"665771cb07b36b485edb8aa2dd4c83ed","tokenurl":"/mcm/api/land?token=665771cb07b36b485edb8aa2dd4c83ed","imageurl":"/mcm/images/land/2A/2042_bfdeb27dfe7.jpg","landname":"55"},{"id":281474979397838,"level":3,"status":0,"posx":10,"posy":16,"cityid":41,"townid":118,"tokenid":"f27ab383ae43f6134e28966cedddf935","tokenurl":"/mcm/api/land?token=f27ab383ae43f6134e28966cedddf935","imageurl":"/mcm/images/land/2B/3405_1f45fb6de7c.jpg","landname":"56"},{"id":281474979397839,"level":3,"status":1,"posx":11,"posy":16,"cityid":41,"townid":118,"tokenid":"c2a3a10b8c3861bc87c9e09b6a6acd44","tokenurl":"/mcm/api/land?token=c2a3a10b8c3861bc87c9e09b6a6acd44","imageurl":"/mcm/images/land/2B/3406_4ef949675f20.jpg","landname":"57"},{"id":281474979397840,"level":3,"status":1,"posx":12,"posy":16,"cityid":41,"townid":118,"tokenid":"2cc97c858a3cfaaa0fe16c530542aa63","tokenurl":"/mcm/api/land?token=2cc97c858a3cfaaa0fe16c530542aa63","imageurl":"/mcm/images/land/2B/3407_13e1bcce1396.jpg","landname":"58"},{"id":281474979397841,"level":3,"status":1,"posx":13,"posy":16,"cityid":41,"townid":118,"tokenid":"16e8e298be30a0bf9f9f76194b19ba90","tokenurl":"/mcm/api/land?token=16e8e298be30a0bf9f9f76194b19ba90","imageurl":"/mcm/images/land/2B/3408_1835c37c8dcf.jpg","landname":"59"},{"id":281474979397842,"level":3,"status":0,"posx":14,"posy":16,"cityid":41,"townid":118,"tokenid":"e57c133dae73ab3d41a366613cbe2c84","tokenurl":"/mcm/api/land?token=e57c133dae73ab3d41a366613cbe2c84","imageurl":"/mcm/images/land/2B/3409_5dfe99a283e.jpg","landname":"60"},{"id":281474979397843,"level":2,"status":0,"posx":5,"posy":17,"cityid":41,"townid":118,"tokenid":"47a4279e463fb7090f1cd0951773258f","tokenurl":"/mcm/api/land?token=47a4279e463fb7090f1cd0951773258f","imageurl":"/mcm/images/land/2A/2043_50cf684a2537.jpg","landname":"61"},{"id":281474979397844,"level":2,"status":0,"posx":6,"posy":17,"cityid":41,"townid":118,"tokenid":"0be647312a4ace4f39c009c828c1f20d","tokenurl":"/mcm/api/land?token=0be647312a4ace4f39c009c828c1f20d","imageurl":"/mcm/images/land/2A/2044_2184bde08e85.jpg","landname":"62"},{"id":281474979397845,"level":3,"status":0,"posx":7,"posy":17,"cityid":41,"townid":118,"tokenid":"b13407d22afe6cd7fb1d8104c2845a01","tokenurl":"/mcm/api/land?token=b13407d22afe6cd7fb1d8104c2845a01","imageurl":"/mcm/images/land/2B/3410_4228ab0dd3a6.jpg","landname":"63"},{"id":281474979397846,"level":3,"status":1,"posx":8,"posy":17,"cityid":41,"townid":118,"tokenid":"ac7564a12abb0a5d00ffe50aea8a8da0","tokenurl":"/mcm/api/land?token=ac7564a12abb0a5d00ffe50aea8a8da0","imageurl":"/mcm/images/land/2B/3411_4e69156d1b59.jpg","landname":"64"},{"id":281474979397847,"level":3,"status":0,"posx":9,"posy":17,"cityid":41,"townid":118,"tokenid":"e12a5da431abe8c3b4a03337051bd09c","tokenurl":"/mcm/api/land?token=e12a5da431abe8c3b4a03337051bd09c","imageurl":"/mcm/images/land/2B/3412_82b041d21da.jpg","landname":"65"},{"id":281474979397848,"level":2,"status":0,"posx":5,"posy":18,"cityid":41,"townid":118,"tokenid":"830d5845855cfe38bb1acbebe1a071fe","tokenurl":"/mcm/api/land?token=830d5845855cfe38bb1acbebe1a071fe","imageurl":"/mcm/images/land/2A/2045_47d0452d808f.jpg","landname":"66"},{"id":281474979397849,"level":3,"status":0,"posx":6,"posy":18,"cityid":41,"townid":118,"tokenid":"b2ed8a551ba9f86c4ec335b236d86349","tokenurl":"/mcm/api/land?token=b2ed8a551ba9f86c4ec335b236d86349","imageurl":"/mcm/images/land/2B/3413_401853c3a27.jpg","landname":"67"},{"id":281474979397850,"level":1,"status":1,"posx":7,"posy":18,"cityid":41,"townid":118,"tokenid":"b3e9c857e69e764b890e6516db40bc05","tokenurl":"/mcm/api/land?token=b3e9c857e69e764b890e6516db40bc05","imageurl":"/mcm/images/land/2S/1363_2dbef3282005.jpg","landname":"68"},{"id":281474979397851,"level":2,"status":0,"posx":8,"posy":18,"cityid":41,"townid":118,"tokenid":"b921a700e5e868c02e81088ed3e11de5","tokenurl":"/mcm/api/land?token=b921a700e5e868c02e81088ed3e11de5","imageurl":"/mcm/images/land/2A/2046_6401c0d2e2c.jpg","landname":"69"},{"id":281474979397852,"level":3,"status":1,"posx":9,"posy":18,"cityid":41,"townid":118,"tokenid":"ea5a6b45f51831b1b3682ea765ab261c","tokenurl":"/mcm/api/land?token=ea5a6b45f51831b1b3682ea765ab261c","imageurl":"/mcm/images/land/2B/3414_14bc5a5f52.jpg","landname":"70"},{"id":281474979397853,"level":2,"status":1,"posx":28,"posy":20,"cityid":41,"townid":118,"tokenid":"95864a58ee64d2e5b3048c9bf01a82db","tokenurl":"/mcm/api/land?token=95864a58ee64d2e5b3048c9bf01a82db","imageurl":"/mcm/images/land/2A/2047_4c2784f5b91f.jpg","landname":"71"},{"id":281474979397854,"level":1,"status":1,"posx":29,"posy":20,"cityid":41,"townid":118,"tokenid":"f1cd2d38e486a9398a0491b65a1323f7","tokenurl":"/mcm/api/land?token=f1cd2d38e486a9398a0491b65a1323f7","imageurl":"/mcm/images/land/2S/1364_547376a06f9c.jpg","landname":"72"},{"id":281474979397855,"level":3,"status":1,"posx":32,"posy":20,"cityid":41,"townid":118,"tokenid":"e6fb6b7aca40938ecc3e5a0b4d4dcde1","tokenurl":"/mcm/api/land?token=e6fb6b7aca40938ecc3e5a0b4d4dcde1","imageurl":"/mcm/images/land/2B/3415_31a91edb8a41.jpg","landname":"73"},{"id":281474979397856,"level":2,"status":0,"posx":33,"posy":20,"cityid":41,"townid":118,"tokenid":"bbc1d32fd04573159ca03e87eb9dd2d2","tokenurl":"/mcm/api/land?token=bbc1d32fd04573159ca03e87eb9dd2d2","imageurl":"/mcm/images/land/2A/2048_3d6a3289aecf.jpg","landname":"74"},{"id":281474979397857,"level":3,"status":1,"posx":28,"posy":21,"cityid":41,"townid":118,"tokenid":"3d99a81f59755341b73510d98d903a3e","tokenurl":"/mcm/api/land?token=3d99a81f59755341b73510d98d903a3e","imageurl":"/mcm/images/land/2B/3416_18d3330af843.jpg","landname":"75"},{"id":281474979397858,"level":2,"status":0,"posx":29,"posy":21,"cityid":41,"townid":118,"tokenid":"94c5aa141dba555eeff25b4f0aee12ec","tokenurl":"/mcm/api/land?token=94c5aa141dba555eeff25b4f0aee12ec","imageurl":"/mcm/images/land/2A/2049_21b151bacc4e.jpg","landname":"76"},{"id":281474979397859,"level":1,"status":0,"posx":32,"posy":21,"cityid":41,"townid":118,"tokenid":"c0503f4d1aa93b22765816ed00907293","tokenurl":"/mcm/api/land?token=c0503f4d1aa93b22765816ed00907293","imageurl":"/mcm/images/land/2S/1365_1a189422b083.jpg","landname":"77"},{"id":281474979397860,"level":2,"status":1,"posx":33,"posy":21,"cityid":41,"townid":118,"tokenid":"5c12b177787c73f9d9dd2d95c5ca00c0","tokenurl":"/mcm/api/land?token=5c12b177787c73f9d9dd2d95c5ca00c0","imageurl":"/mcm/images/land/2A/2050_456c401ea0b4.jpg","landname":"78"},{"id":281474979397861,"level":1,"status":0,"posx":28,"posy":22,"cityid":41,"townid":118,"tokenid":"419c5d08565601f32112865fd9844759","tokenurl":"/mcm/api/land?token=419c5d08565601f32112865fd9844759","imageurl":"/mcm/images/land/2S/1366_ee5a4103212.jpg","landname":"79"},{"id":281474979397862,"level":2,"status":0,"posx":29,"posy":22,"cityid":41,"townid":118,"tokenid":"e008ef8f9212dfdbadf772f468f02d0c","tokenurl":"/mcm/api/land?token=e008ef8f9212dfdbadf772f468f02d0c","imageurl":"/mcm/images/land/2A/2051_24f7e710e2.jpg","landname":"80"},{"id":281474979397863,"level":1,"status":0,"posx":32,"posy":22,"cityid":41,"townid":118,"tokenid":"cc5c8f602b2c02eb18ddd6b365a1a513","tokenurl":"/mcm/api/land?token=cc5c8f602b2c02eb18ddd6b365a1a513","imageurl":"/mcm/images/land/2S/1367_42d1445cae7.jpg","landname":"81"},{"id":281474979397864,"level":3,"status":1,"posx":33,"posy":22,"cityid":41,"townid":118,"tokenid":"09becdb1ae5f81aad203fe997db7d5db","tokenurl":"/mcm/api/land?token=09becdb1ae5f81aad203fe997db7d5db","imageurl":"/mcm/images/land/2B/3417_292231150b12.jpg","landname":"82"},{"id":281474979397865,"level":3,"status":0,"posx":15,"posy":23,"cityid":41,"townid":118,"tokenid":"47747caae596c449951ee136217b7708","tokenurl":"/mcm/api/land?token=47747caae596c449951ee136217b7708","imageurl":"/mcm/images/land/2B/3418_1c22e9b1bcd6.jpg","landname":"83"},{"id":281474979397866,"level":3,"status":0,"posx":16,"posy":23,"cityid":41,"townid":118,"tokenid":"cc1437fdef73b5bc9e02f8a3f875d3f1","tokenurl":"/mcm/api/land?token=cc1437fdef73b5bc9e02f8a3f875d3f1","imageurl":"/mcm/images/land/2B/3419_468052a7eaa4.jpg","landname":"84"},{"id":281474979397867,"level":2,"status":1,"posx":17,"posy":23,"cityid":41,"townid":118,"tokenid":"4db1118e595c7eab9d3742629dc69053","tokenurl":"/mcm/api/land?token=4db1118e595c7eab9d3742629dc69053","imageurl":"/mcm/images/land/2A/2052_1d427a383edb.jpg","landname":"85"},{"id":281474979397868,"level":1,"status":0,"posx":18,"posy":23,"cityid":41,"townid":118,"tokenid":"13edc083c901b0cf9b353be895606f0b","tokenurl":"/mcm/api/land?token=13edc083c901b0cf9b353be895606f0b","imageurl":"/mcm/images/land/2S/1368_1bc9b6e98fce.jpg","landname":"86"},{"id":281474979397869,"level":3,"status":0,"posx":19,"posy":23,"cityid":41,"townid":118,"tokenid":"b6abd0691a3b079211e305c761fd47db","tokenurl":"/mcm/api/land?token=b6abd0691a3b079211e305c761fd47db","imageurl":"/mcm/images/land/2B/3420_2b6f2bea961a.jpg","landname":"87"},{"id":281474979397870,"level":3,"status":0,"posx":28,"posy":23,"cityid":41,"townid":118,"tokenid":"308bfaef70b109b00bc8a73b74cb4fb9","tokenurl":"/mcm/api/land?token=308bfaef70b109b00bc8a73b74cb4fb9","imageurl":"/mcm/images/land/2B/3421_1d5a4b1ffcc5.jpg","landname":"88"},{"id":281474979397871,"level":2,"status":1,"posx":29,"posy":23,"cityid":41,"townid":118,"tokenid":"2741962689ff5f0c563a7144231e639b","tokenurl":"/mcm/api/land?token=2741962689ff5f0c563a7144231e639b","imageurl":"/mcm/images/land/2A/2053_ae61e724a5d.jpg","landname":"89"},{"id":281474979397872,"level":3,"status":1,"posx":32,"posy":23,"cityid":41,"townid":118,"tokenid":"26a4230783b257a2dce14c9029bf65ff","tokenurl":"/mcm/api/land?token=26a4230783b257a2dce14c9029bf65ff","imageurl":"/mcm/images/land/2B/3422_3fcc30f89578.jpg","landname":"90"},{"id":281474979397873,"level":3,"status":0,"posx":33,"posy":23,"cityid":41,"townid":118,"tokenid":"64196a02476b83ffcaf000fa6303ca2e","tokenurl":"/mcm/api/land?token=64196a02476b83ffcaf000fa6303ca2e","imageurl":"/mcm/images/land/2B/3423_2daf47af5d72.jpg","landname":"91"},{"id":281474979397874,"level":3,"status":0,"posx":15,"posy":24,"cityid":41,"townid":118,"tokenid":"0008d110aa42a8d220cd50207ecaedc0","tokenurl":"/mcm/api/land?token=0008d110aa42a8d220cd50207ecaedc0","imageurl":"/mcm/images/land/2B/3424_2206e57649ef.jpg","landname":"92"},{"id":281474979397875,"level":3,"status":1,"posx":16,"posy":24,"cityid":41,"townid":118,"tokenid":"3c3cdbe1d72c3bd1c00c003ddde1dda4","tokenurl":"/mcm/api/land?token=3c3cdbe1d72c3bd1c00c003ddde1dda4","imageurl":"/mcm/images/land/2B/3425_21f3815a82f9.jpg","landname":"93"},{"id":281474979397876,"level":3,"status":0,"posx":17,"posy":24,"cityid":41,"townid":118,"tokenid":"012336124a24b236f40b82120ffecd16","tokenurl":"/mcm/api/land?token=012336124a24b236f40b82120ffecd16","imageurl":"/mcm/images/land/2B/3426_25fa1d987557.jpg","landname":"94"},{"id":281474979397877,"level":1,"status":0,"posx":18,"posy":24,"cityid":41,"townid":118,"tokenid":"06ff431dad5990adc5d5cbe14ed07efe","tokenurl":"/mcm/api/land?token=06ff431dad5990adc5d5cbe14ed07efe","imageurl":"/mcm/images/land/2S/1369_50970d1c8d21.jpg","landname":"95"},{"id":281474979397878,"level":1,"status":1,"posx":19,"posy":24,"cityid":41,"townid":118,"tokenid":"326edfe22933fbdd73bcef614a2f5c29","tokenurl":"/mcm/api/land?token=326edfe22933fbdd73bcef614a2f5c29","imageurl":"/mcm/images/land/2S/1370_303c8f363bd5.jpg","landname":"96"},{"id":281474979397879,"level":1,"status":1,"posx":28,"posy":24,"cityid":41,"townid":118,"tokenid":"b81fa46c7e4ce627a69554367f3a8ddb","tokenurl":"/mcm/api/land?token=b81fa46c7e4ce627a69554367f3a8ddb","imageurl":"/mcm/images/land/2S/1371_5a855ab66d2e.jpg","landname":"97"},{"id":281474979397880,"level":1,"status":1,"posx":29,"posy":24,"cityid":41,"townid":118,"tokenid":"bbd5b1dc53ddb2745243f9e29b3a9415","tokenurl":"/mcm/api/land?token=bbd5b1dc53ddb2745243f9e29b3a9415","imageurl":"/mcm/images/land/2S/1372_276be9d9734.jpg","landname":"98"},{"id":281474979397881,"level":3,"status":0,"posx":32,"posy":24,"cityid":41,"townid":118,"tokenid":"671e2bb600b47b220ad33e71968aada3","tokenurl":"/mcm/api/land?token=671e2bb600b47b220ad33e71968aada3","imageurl":"/mcm/images/land/2B/3427_3ee7b7731730.jpg","landname":"99"},{"id":281474979397882,"level":1,"status":0,"posx":33,"posy":24,"cityid":41,"townid":118,"tokenid":"67268ff8ef2f5859f95fbcbf259372d0","tokenurl":"/mcm/api/land?token=67268ff8ef2f5859f95fbcbf259372d0","imageurl":"/mcm/images/land/2S/1373_27ee11980e64.jpg","landname":"100"},{"id":281474979397883,"level":3,"status":0,"posx":6,"posy":25,"cityid":41,"townid":118,"tokenid":"9b15bf659be6c7ea114747a4ec5d658a","tokenurl":"/mcm/api/land?token=9b15bf659be6c7ea114747a4ec5d658a","imageurl":"/mcm/images/land/2B/3428_167ba55c4540.jpg","landname":"101"},{"id":281474979397884,"level":1,"status":1,"posx":7,"posy":25,"cityid":41,"townid":118,"tokenid":"e985c3bd31d58fcaef464d2ddcc4b7fb","tokenurl":"/mcm/api/land?token=e985c3bd31d58fcaef464d2ddcc4b7fb","imageurl":"/mcm/images/land/2S/1374_28e09e1d58b8.jpg","landname":"102"},{"id":281474979397885,"level":3,"status":0,"posx":6,"posy":26,"cityid":41,"townid":118,"tokenid":"a86f48571541bbbb1dc6b84dee14c7a3","tokenurl":"/mcm/api/land?token=a86f48571541bbbb1dc6b84dee14c7a3","imageurl":"/mcm/images/land/2B/3429_4aa846cfd336.jpg","landname":"103"},{"id":281474979397886,"level":2,"status":1,"posx":7,"posy":26,"cityid":41,"townid":118,"tokenid":"e4ecf21e5d947ef155d9637ca0ea81ba","tokenurl":"/mcm/api/land?token=e4ecf21e5d947ef155d9637ca0ea81ba","imageurl":"/mcm/images/land/2A/2054_eb19ebbeaf0.jpg","landname":"104"},{"id":281474979397887,"level":3,"status":0,"posx":21,"posy":26,"cityid":41,"townid":118,"tokenid":"1f8b220c083bccd7760c50fc41de02b7","tokenurl":"/mcm/api/land?token=1f8b220c083bccd7760c50fc41de02b7","imageurl":"/mcm/images/land/2B/3430_1efa21f48f12.jpg","landname":"105"},{"id":281474979397888,"level":1,"status":1,"posx":22,"posy":26,"cityid":41,"townid":118,"tokenid":"fe465acfcade352b4e3d5afb1bcfc8f7","tokenurl":"/mcm/api/land?token=fe465acfcade352b4e3d5afb1bcfc8f7","imageurl":"/mcm/images/land/2S/1375_481a78fbcbec.jpg","landname":"106"},{"id":281474979397889,"level":3,"status":1,"posx":24,"posy":26,"cityid":41,"townid":118,"tokenid":"300056e337e6fec0eaad10712baad975","tokenurl":"/mcm/api/land?token=300056e337e6fec0eaad10712baad975","imageurl":"/mcm/images/land/2B/3431_e9ab5dc6afe.jpg","landname":"107"},{"id":281474979397890,"level":2,"status":0,"posx":25,"posy":26,"cityid":41,"townid":118,"tokenid":"edcd999b0d9dee2a810cb5166b794fc4","tokenurl":"/mcm/api/land?token=edcd999b0d9dee2a810cb5166b794fc4","imageurl":"/mcm/images/land/2A/2055_c732b45182f.jpg","landname":"108"},{"id":281474979397891,"level":2,"status":0,"posx":28,"posy":26,"cityid":41,"townid":118,"tokenid":"194e5651c8e7350a25653341ece3a464","tokenurl":"/mcm/api/land?token=194e5651c8e7350a25653341ece3a464","imageurl":"/mcm/images/land/2A/2056_28a3f769e9fc.jpg","landname":"109"},{"id":281474979397892,"level":2,"status":1,"posx":29,"posy":26,"cityid":41,"townid":118,"tokenid":"22464fcd75146b84f2eff2c7f94e6d5a","tokenurl":"/mcm/api/land?token=22464fcd75146b84f2eff2c7f94e6d5a","imageurl":"/mcm/images/land/2A/2057_51cdf8ef5a60.jpg","landname":"110"},{"id":281474979397893,"level":2,"status":1,"posx":32,"posy":26,"cityid":41,"townid":118,"tokenid":"77f82101e095e55b791651c9d306f116","tokenurl":"/mcm/api/land?token=77f82101e095e55b791651c9d306f116","imageurl":"/mcm/images/land/2A/2058_58b2fa035703.jpg","landname":"111"},{"id":281474979397894,"level":3,"status":1,"posx":33,"posy":26,"cityid":41,"townid":118,"tokenid":"4440222fa31694fa654f6681b4b086a6","tokenurl":"/mcm/api/land?token=4440222fa31694fa654f6681b4b086a6","imageurl":"/mcm/images/land/2B/3432_2c99db4f20a4.jpg","landname":"112"},{"id":281474979397895,"level":2,"status":0,"posx":6,"posy":27,"cityid":41,"townid":118,"tokenid":"b2feac4793c79add806ccc318a1b3f34","tokenurl":"/mcm/api/land?token=b2feac4793c79add806ccc318a1b3f34","imageurl":"/mcm/images/land/2A/2059_ff862f57439.jpg","landname":"113"},{"id":281474979397896,"level":3,"status":1,"posx":7,"posy":27,"cityid":41,"townid":118,"tokenid":"c6378a9d86bfe4a6ecfc8706c3d4e0e6","tokenurl":"/mcm/api/land?token=c6378a9d86bfe4a6ecfc8706c3d4e0e6","imageurl":"/mcm/images/land/2B/3433_1bac99b51827.jpg","landname":"114"},{"id":281474979397897,"level":2,"status":0,"posx":21,"posy":27,"cityid":41,"townid":118,"tokenid":"0607ba84e18f25106e59b853d2116f2a","tokenurl":"/mcm/api/land?token=0607ba84e18f25106e59b853d2116f2a","imageurl":"/mcm/images/land/2A/2060_4ba1f437bdbd.jpg","landname":"115"},{"id":281474979397898,"level":3,"status":1,"posx":22,"posy":27,"cityid":41,"townid":118,"tokenid":"7fc19e6502bd841dbd9e6b824216b200","tokenurl":"/mcm/api/land?token=7fc19e6502bd841dbd9e6b824216b200","imageurl":"/mcm/images/land/2B/3434_53305a1894d5.jpg","landname":"116"},{"id":281474979397899,"level":3,"status":1,"posx":24,"posy":27,"cityid":41,"townid":118,"tokenid":"330d7fec0b0562be2bb7eddff93cbad4","tokenurl":"/mcm/api/land?token=330d7fec0b0562be2bb7eddff93cbad4","imageurl":"/mcm/images/land/2B/3435_a5877ccf40a.jpg","landname":"117"},{"id":281474979397900,"level":1,"status":0,"posx":25,"posy":27,"cityid":41,"townid":118,"tokenid":"f8e173b86626bcd7982ea2bcf3086f36","tokenurl":"/mcm/api/land?token=f8e173b86626bcd7982ea2bcf3086f36","imageurl":"/mcm/images/land/2S/1376_53b0f270d8f0.jpg","landname":"118"},{"id":281474979397901,"level":3,"status":1,"posx":28,"posy":27,"cityid":41,"townid":118,"tokenid":"6d81b3503c1e79394d40344b4ab9c975","tokenurl":"/mcm/api/land?token=6d81b3503c1e79394d40344b4ab9c975","imageurl":"/mcm/images/land/2B/3436_5159a1c019e4.jpg","landname":"119"},{"id":281474979397902,"level":3,"status":1,"posx":29,"posy":27,"cityid":41,"townid":118,"tokenid":"5d69603a41f5282cb8c102243a6a7973","tokenurl":"/mcm/api/land?token=5d69603a41f5282cb8c102243a6a7973","imageurl":"/mcm/images/land/2B/3437_bd4cfd41ca2.jpg","landname":"120"},{"id":281474979397903,"level":3,"status":1,"posx":32,"posy":27,"cityid":41,"townid":118,"tokenid":"c1fe8caa0e71ac0a61d582b49a2db22e","tokenurl":"/mcm/api/land?token=c1fe8caa0e71ac0a61d582b49a2db22e","imageurl":"/mcm/images/land/2B/3438_4fc2da03881.jpg","landname":"121"},{"id":281474979397904,"level":3,"status":0,"posx":33,"posy":27,"cityid":41,"townid":118,"tokenid":"12e8e3428093825fbc9e03ae65c9c855","tokenurl":"/mcm/api/land?token=12e8e3428093825fbc9e03ae65c9c855","imageurl":"/mcm/images/land/2B/3439_1a0dcd804de5.jpg","landname":"122"},{"id":281474979397905,"level":3,"status":0,"posx":6,"posy":28,"cityid":41,"townid":118,"tokenid":"48b3c68e7ec92324d48e6965dfd17ea1","tokenurl":"/mcm/api/land?token=48b3c68e7ec92324d48e6965dfd17ea1","imageurl":"/mcm/images/land/2B/3440_59b116dbec94.jpg","landname":"123"},{"id":281474979397906,"level":2,"status":1,"posx":7,"posy":28,"cityid":41,"townid":118,"tokenid":"0012bba571fe15830d959f6b4f2f22a1","tokenurl":"/mcm/api/land?token=0012bba571fe15830d959f6b4f2f22a1","imageurl":"/mcm/images/land/2A/2061_56c6671522df.jpg","landname":"124"},{"id":281474979397907,"level":3,"status":1,"posx":21,"posy":28,"cityid":41,"townid":118,"tokenid":"376aaed137b2aab153923a19d7bef616","tokenurl":"/mcm/api/land?token=376aaed137b2aab153923a19d7bef616","imageurl":"/mcm/images/land/2B/3441_203bc9ce8544.jpg","landname":"125"},{"id":281474979397908,"level":3,"status":0,"posx":22,"posy":28,"cityid":41,"townid":118,"tokenid":"ad4c56e2481b4bf7ff7f182954c63c61","tokenurl":"/mcm/api/land?token=ad4c56e2481b4bf7ff7f182954c63c61","imageurl":"/mcm/images/land/2B/3442_526646c87bc0.jpg","landname":"126"},{"id":281474979397909,"level":2,"status":1,"posx":24,"posy":28,"cityid":41,"townid":118,"tokenid":"83d06a5b999bcc76947b7222665e4e4c","tokenurl":"/mcm/api/land?token=83d06a5b999bcc76947b7222665e4e4c","imageurl":"/mcm/images/land/2A/2062_18704d90df3a.jpg","landname":"127"},{"id":281474979397910,"level":1,"status":0,"posx":25,"posy":28,"cityid":41,"townid":118,"tokenid":"76e3c2a47986e245a5429e291cf1d2f9","tokenurl":"/mcm/api/land?token=76e3c2a47986e245a5429e291cf1d2f9","imageurl":"/mcm/images/land/2S/1377_177ae35b590c.jpg","landname":"128"},{"id":281474979397911,"level":2,"status":0,"posx":28,"posy":28,"cityid":41,"townid":118,"tokenid":"6e0eb0ad0f97e2fdc1310c154b15969b","tokenurl":"/mcm/api/land?token=6e0eb0ad0f97e2fdc1310c154b15969b","imageurl":"/mcm/images/land/2A/2063_349fb773de19.jpg","landname":"129"},{"id":281474979397912,"level":2,"status":1,"posx":29,"posy":28,"cityid":41,"townid":118,"tokenid":"e4abd4435a2cfbb2ea45f8228874b61a","tokenurl":"/mcm/api/land?token=e4abd4435a2cfbb2ea45f8228874b61a","imageurl":"/mcm/images/land/2A/2064_277e127a21b6.jpg","landname":"130"},{"id":281474979397913,"level":3,"status":1,"posx":32,"posy":28,"cityid":41,"townid":118,"tokenid":"51b8f764e15235c24f1491587677d85d","tokenurl":"/mcm/api/land?token=51b8f764e15235c24f1491587677d85d","imageurl":"/mcm/images/land/2B/3443_1dd14798f8a.jpg","landname":"131"},{"id":281474979397914,"level":2,"status":0,"posx":33,"posy":28,"cityid":41,"townid":118,"tokenid":"8d5c720decc949e9023992c4e2547e1b","tokenurl":"/mcm/api/land?token=8d5c720decc949e9023992c4e2547e1b","imageurl":"/mcm/images/land/2A/2065_100ee5d48458.jpg","landname":"132"},{"id":281474979397915,"level":1,"status":0,"posx":6,"posy":29,"cityid":41,"townid":118,"tokenid":"d4e818cdecf61a1e613029dc52f27039","tokenurl":"/mcm/api/land?token=d4e818cdecf61a1e613029dc52f27039","imageurl":"/mcm/images/land/2S/1378_4d57c2eaf6e1.jpg","landname":"133"},{"id":281474979397916,"level":3,"status":1,"posx":7,"posy":29,"cityid":41,"townid":118,"tokenid":"734be138f5a92fd1e5dd6c8e6be6484e","tokenurl":"/mcm/api/land?token=734be138f5a92fd1e5dd6c8e6be6484e","imageurl":"/mcm/images/land/2B/3444_2d642a213ed8.jpg","landname":"134"},{"id":281474979397917,"level":2,"status":0,"posx":21,"posy":29,"cityid":41,"townid":118,"tokenid":"5af9727d7c53a19f13da440ce9f5f867","tokenurl":"/mcm/api/land?token=5af9727d7c53a19f13da440ce9f5f867","imageurl":"/mcm/images/land/2A/2066_decacce67.jpg","landname":"135"},{"id":281474979397918,"level":3,"status":0,"posx":22,"posy":29,"cityid":41,"townid":118,"tokenid":"805b95b0745387df50263f29d49bd30f","tokenurl":"/mcm/api/land?token=805b95b0745387df50263f29d49bd30f","imageurl":"/mcm/images/land/2B/3445_17f9d59f130.jpg","landname":"136"},{"id":281474979397919,"level":2,"status":1,"posx":24,"posy":29,"cityid":41,"townid":118,"tokenid":"729f20b1ed63ca8970f082315e364fdf","tokenurl":"/mcm/api/land?token=729f20b1ed63ca8970f082315e364fdf","imageurl":"/mcm/images/land/2A/2067_5a2c1f0d94cf.jpg","landname":"137"},{"id":281474979397920,"level":2,"status":1,"posx":25,"posy":29,"cityid":41,"townid":118,"tokenid":"a23858efc6f3d91997017c9ca79c49b5","tokenurl":"/mcm/api/land?token=a23858efc6f3d91997017c9ca79c49b5","imageurl":"/mcm/images/land/2A/2068_392ca0cd3646.jpg","landname":"138"},{"id":281474979397921,"level":3,"status":0,"posx":28,"posy":29,"cityid":41,"townid":118,"tokenid":"d60b479e132ae2f4f8316939e968b30e","tokenurl":"/mcm/api/land?token=d60b479e132ae2f4f8316939e968b30e","imageurl":"/mcm/images/land/2B/3446_ec8e8005f7e.jpg","landname":"139"},{"id":281474979397922,"level":3,"status":0,"posx":29,"posy":29,"cityid":41,"townid":118,"tokenid":"f84e1a2a528630d1c1b0eb9f24daefe8","tokenurl":"/mcm/api/land?token=f84e1a2a528630d1c1b0eb9f24daefe8","imageurl":"/mcm/images/land/2B/3447_3435d5ae2ccd.jpg","landname":"140"},{"id":281474979397923,"level":1,"status":1,"posx":32,"posy":29,"cityid":41,"townid":118,"tokenid":"79738d8dc44c936813644cd228894a7f","tokenurl":"/mcm/api/land?token=79738d8dc44c936813644cd228894a7f","imageurl":"/mcm/images/land/2S/1379_1f91d0539def.jpg","landname":"141"},{"id":281474979397924,"level":2,"status":1,"posx":33,"posy":29,"cityid":41,"townid":118,"tokenid":"2582437f08d5ee4e2153d9c7e1632b47","tokenurl":"/mcm/api/land?token=2582437f08d5ee4e2153d9c7e1632b47","imageurl":"/mcm/images/land/2A/2069_522401814123.jpg","landname":"142"},{"id":281474979397925,"level":1,"status":0,"posx":21,"posy":30,"cityid":41,"townid":118,"tokenid":"672a9c41f076a95bd186c1bc893ce911","tokenurl":"/mcm/api/land?token=672a9c41f076a95bd186c1bc893ce911","imageurl":"/mcm/images/land/2S/1380_d262b6b5176.jpg","landname":"143"},{"id":281474979397926,"level":3,"status":1,"posx":22,"posy":30,"cityid":41,"townid":118,"tokenid":"dbde152b381b8f4a5b5392707e976734","tokenurl":"/mcm/api/land?token=dbde152b381b8f4a5b5392707e976734","imageurl":"/mcm/images/land/2B/3448_a4f19ef371b.jpg","landname":"144"},{"id":281474979397927,"level":3,"status":1,"posx":24,"posy":30,"cityid":41,"townid":118,"tokenid":"01b255855037683d6eda2f95c22decbd","tokenurl":"/mcm/api/land?token=01b255855037683d6eda2f95c22decbd","imageurl":"/mcm/images/land/2B/3449_48011e12dca7.jpg","landname":"145"},{"id":281474979397928,"level":2,"status":1,"posx":25,"posy":30,"cityid":41,"townid":118,"tokenid":"cd0eb531d931da83f9570bfe057cbc22","tokenurl":"/mcm/api/land?token=cd0eb531d931da83f9570bfe057cbc22","imageurl":"/mcm/images/land/2A/2070_45bdcd7e346a.jpg","landname":"146"},{"id":281474979397929,"level":3,"status":1,"posx":28,"posy":30,"cityid":41,"townid":118,"tokenid":"0b86b5207ebc276f467ab7ac09b1f049","tokenurl":"/mcm/api/land?token=0b86b5207ebc276f467ab7ac09b1f049","imageurl":"/mcm/images/land/2B/3450_3cb3ad250975.jpg","landname":"147"},{"id":281474979397930,"level":3,"status":0,"posx":29,"posy":30,"cityid":41,"townid":118,"tokenid":"05c3059837fb99c26ef1acf73d62cb3c","tokenurl":"/mcm/api/land?token=05c3059837fb99c26ef1acf73d62cb3c","imageurl":"/mcm/images/land/2B/3451_37e3c7551006.jpg","landname":"148"},{"id":281474979397931,"level":2,"status":1,"posx":32,"posy":30,"cityid":41,"townid":118,"tokenid":"8ebd94b3076bd958202f5b92e56d48e1","tokenurl":"/mcm/api/land?token=8ebd94b3076bd958202f5b92e56d48e1","imageurl":"/mcm/images/land/2A/2071_407ce6af4c5e.jpg","landname":"149"},{"id":281474979397932,"level":1,"status":0,"posx":33,"posy":30,"cityid":41,"townid":118,"tokenid":"fff159ed895b7d9d4a286e4341d0c39a","tokenurl":"/mcm/api/land?token=fff159ed895b7d9d4a286e4341d0c39a","imageurl":"/mcm/images/land/2S/1381_1b3f0f564508.jpg","landname":"150"}]]],0,0,[],[],[]]
