[1,0,0,[["cc.JsonAsset",["_name","json"],1]],[[0,0,1,3]],[[0,"781",[{"id":281474999844865,"level":3,"status":1,"posx":32,"posy":5,"cityid":353,"townid":781,"tokenid":"d2be03b369490778357b3c22d36f3a7d","tokenurl":"/mcm/api/land?token=d2be03b369490778357b3c22d36f3a7d","imageurl":"/mcm/images/land/2B/16502_2d07a6aa4ecd.jpg","landname":"1"},{"id":281474999844866,"level":3,"status":1,"posx":33,"posy":5,"cityid":353,"townid":781,"tokenid":"3d1ec96f4ac2fa0db3d362efe013ec0a","tokenurl":"/mcm/api/land?token=3d1ec96f4ac2fa0db3d362efe013ec0a","imageurl":"/mcm/images/land/2B/16503_22b15f4e317e.jpg","landname":"2"},{"id":281474999844867,"level":1,"status":1,"posx":5,"posy":6,"cityid":353,"townid":781,"tokenid":"99050d54b8a30211659edd00bd5b1117","tokenurl":"/mcm/api/land?token=99050d54b8a30211659edd00bd5b1117","imageurl":"/mcm/images/land/2S/6602_22c39e74cd01.jpg","landname":"3"},{"id":281474999844868,"level":2,"status":1,"posx":6,"posy":6,"cityid":353,"townid":781,"tokenid":"a70dc1b00a3c67b638d6efc6f10ede58","tokenurl":"/mcm/api/land?token=a70dc1b00a3c67b638d6efc6f10ede58","imageurl":"/mcm/images/land/2A/9902_3df0c99711bf.jpg","landname":"4"},{"id":281474999844869,"level":3,"status":0,"posx":21,"posy":6,"cityid":353,"townid":781,"tokenid":"c532d46ef56b5f5e312d05a4ef095dd2","tokenurl":"/mcm/api/land?token=c532d46ef56b5f5e312d05a4ef095dd2","imageurl":"/mcm/images/land/2B/16504_448b61dc4e38.jpg","landname":"5"},{"id":281474999844870,"level":1,"status":1,"posx":22,"posy":6,"cityid":353,"townid":781,"tokenid":"4d1a30164c71c4b02a3eb44e3280213a","tokenurl":"/mcm/api/land?token=4d1a30164c71c4b02a3eb44e3280213a","imageurl":"/mcm/images/land/2S/6603_4d6be191e30b.jpg","landname":"6"},{"id":281474999844871,"level":2,"status":1,"posx":23,"posy":6,"cityid":353,"townid":781,"tokenid":"2e2b79af651ae4081245b1981dda7bfe","tokenurl":"/mcm/api/land?token=2e2b79af651ae4081245b1981dda7bfe","imageurl":"/mcm/images/land/2A/9903_20a4209f8f4a.jpg","landname":"7"},{"id":281474999844872,"level":1,"status":0,"posx":24,"posy":6,"cityid":353,"townid":781,"tokenid":"2f9c85573b6002d20c2856a95a7c1d4c","tokenurl":"/mcm/api/land?token=2f9c85573b6002d20c2856a95a7c1d4c","imageurl":"/mcm/images/land/2S/6604_1447dc7d1bd8.jpg","landname":"8"},{"id":281474999844873,"level":1,"status":0,"posx":25,"posy":6,"cityid":353,"townid":781,"tokenid":"472f0c208ada2a21359fae9d0940ad82","tokenurl":"/mcm/api/land?token=472f0c208ada2a21359fae9d0940ad82","imageurl":"/mcm/images/land/2S/6605_2b38bf624bd4.jpg","landname":"9"},{"id":281474999844874,"level":2,"status":0,"posx":32,"posy":6,"cityid":353,"townid":781,"tokenid":"c22a86c68d7ed870a9b1dba92531f4a1","tokenurl":"/mcm/api/land?token=c22a86c68d7ed870a9b1dba92531f4a1","imageurl":"/mcm/images/land/2A/9904_10d7a86765cd.jpg","landname":"10"},{"id":281474999844875,"level":3,"status":1,"posx":33,"posy":6,"cityid":353,"townid":781,"tokenid":"d12a94ac8df125e97ebfa8e03b24e4dd","tokenurl":"/mcm/api/land?token=d12a94ac8df125e97ebfa8e03b24e4dd","imageurl":"/mcm/images/land/2B/16505_28924b345999.jpg","landname":"11"},{"id":281474999844876,"level":3,"status":0,"posx":5,"posy":7,"cityid":353,"townid":781,"tokenid":"6915b06f495c2d4f4bb4601d8ddff323","tokenurl":"/mcm/api/land?token=6915b06f495c2d4f4bb4601d8ddff323","imageurl":"/mcm/images/land/2B/16506_38c072750a9d.jpg","landname":"12"},{"id":281474999844877,"level":1,"status":1,"posx":6,"posy":7,"cityid":353,"townid":781,"tokenid":"a9244e2997d1755123e96488649e3ed6","tokenurl":"/mcm/api/land?token=a9244e2997d1755123e96488649e3ed6","imageurl":"/mcm/images/land/2S/6606_305a1d282d98.jpg","landname":"13"},{"id":281474999844878,"level":3,"status":1,"posx":21,"posy":7,"cityid":353,"townid":781,"tokenid":"207b7bd5e9c2f98e9ebca015dc75ede2","tokenurl":"/mcm/api/land?token=207b7bd5e9c2f98e9ebca015dc75ede2","imageurl":"/mcm/images/land/2B/16507_514511f3deb9.jpg","landname":"14"},{"id":281474999844879,"level":2,"status":0,"posx":22,"posy":7,"cityid":353,"townid":781,"tokenid":"a4edd9ed9cf8f22eb886dfc44c7edd64","tokenurl":"/mcm/api/land?token=a4edd9ed9cf8f22eb886dfc44c7edd64","imageurl":"/mcm/images/land/2A/9905_36e1cdc496ca.jpg","landname":"15"},{"id":281474999844880,"level":1,"status":1,"posx":23,"posy":7,"cityid":353,"townid":781,"tokenid":"b15d9621a03bd5a7a8c1e1f82654b7f8","tokenurl":"/mcm/api/land?token=b15d9621a03bd5a7a8c1e1f82654b7f8","imageurl":"/mcm/images/land/2S/6607_27035fab3665.jpg","landname":"16"},{"id":281474999844881,"level":3,"status":1,"posx":24,"posy":7,"cityid":353,"townid":781,"tokenid":"0ca08d93fe6947d8c91ebc7e07b89767","tokenurl":"/mcm/api/land?token=0ca08d93fe6947d8c91ebc7e07b89767","imageurl":"/mcm/images/land/2B/16508_16c062022de1.jpg","landname":"17"},{"id":281474999844882,"level":1,"status":0,"posx":25,"posy":7,"cityid":353,"townid":781,"tokenid":"ccc2296bcfc96c5eb6197e84b1153971","tokenurl":"/mcm/api/land?token=ccc2296bcfc96c5eb6197e84b1153971","imageurl":"/mcm/images/land/2S/6608_340ef8c26c6.jpg","landname":"18"},{"id":281474999844883,"level":3,"status":1,"posx":32,"posy":7,"cityid":353,"townid":781,"tokenid":"3122496bdfea2c88be68c7538077eb98","tokenurl":"/mcm/api/land?token=3122496bdfea2c88be68c7538077eb98","imageurl":"/mcm/images/land/2B/16509_3a698165234f.jpg","landname":"19"},{"id":281474999844884,"level":3,"status":1,"posx":33,"posy":7,"cityid":353,"townid":781,"tokenid":"8e9c0c2ea438c23ceceb42e5ae806948","tokenurl":"/mcm/api/land?token=8e9c0c2ea438c23ceceb42e5ae806948","imageurl":"/mcm/images/land/2B/16510_52521e51e3d.jpg","landname":"20"},{"id":281474999844885,"level":2,"status":1,"posx":5,"posy":8,"cityid":353,"townid":781,"tokenid":"ed692581d2cc955a93a7c26a2cd7785e","tokenurl":"/mcm/api/land?token=ed692581d2cc955a93a7c26a2cd7785e","imageurl":"/mcm/images/land/2A/9906_31b05c9810cd.jpg","landname":"21"},{"id":281474999844886,"level":3,"status":1,"posx":6,"posy":8,"cityid":353,"townid":781,"tokenid":"5e5e32d9e5f845981a4f38ae5aa7c71a","tokenurl":"/mcm/api/land?token=5e5e32d9e5f845981a4f38ae5aa7c71a","imageurl":"/mcm/images/land/2B/16511_2a0e83b4a0e5.jpg","landname":"22"},{"id":281474999844887,"level":2,"status":0,"posx":32,"posy":8,"cityid":353,"townid":781,"tokenid":"451cc967c0b52220bf3d552733000220","tokenurl":"/mcm/api/land?token=451cc967c0b52220bf3d552733000220","imageurl":"/mcm/images/land/2A/9907_97b7aea3912.jpg","landname":"23"},{"id":281474999844888,"level":3,"status":0,"posx":33,"posy":8,"cityid":353,"townid":781,"tokenid":"c05ca944dfa456c2a221e8b2244567e2","tokenurl":"/mcm/api/land?token=c05ca944dfa456c2a221e8b2244567e2","imageurl":"/mcm/images/land/2B/16512_370ca9b71bf1.jpg","landname":"24"},{"id":281474999844889,"level":3,"status":0,"posx":5,"posy":9,"cityid":353,"townid":781,"tokenid":"6cebf55f26e04e83409ffa6fc5413d95","tokenurl":"/mcm/api/land?token=6cebf55f26e04e83409ffa6fc5413d95","imageurl":"/mcm/images/land/2B/16513_28f7e6b77aab.jpg","landname":"25"},{"id":281474999844890,"level":3,"status":1,"posx":6,"posy":9,"cityid":353,"townid":781,"tokenid":"a164ed27218ee2457bd94712ec2e9cc3","tokenurl":"/mcm/api/land?token=a164ed27218ee2457bd94712ec2e9cc3","imageurl":"/mcm/images/land/2B/16514_e9cbe487e65.jpg","landname":"26"},{"id":281474999844891,"level":1,"status":1,"posx":32,"posy":9,"cityid":353,"townid":781,"tokenid":"6b11d80eebd1aa52f9ef8d91e239f829","tokenurl":"/mcm/api/land?token=6b11d80eebd1aa52f9ef8d91e239f829","imageurl":"/mcm/images/land/2S/6609_2ed876f42918.jpg","landname":"27"},{"id":281474999844892,"level":3,"status":1,"posx":33,"posy":9,"cityid":353,"townid":781,"tokenid":"4a2795455bf4769bfadab3aa016a8663","tokenurl":"/mcm/api/land?token=4a2795455bf4769bfadab3aa016a8663","imageurl":"/mcm/images/land/2B/16515_5201e7de09d3.jpg","landname":"28"},{"id":281474999844893,"level":2,"status":0,"posx":5,"posy":10,"cityid":353,"townid":781,"tokenid":"bd6dd182754034458a25332ea5f2e035","tokenurl":"/mcm/api/land?token=bd6dd182754034458a25332ea5f2e035","imageurl":"/mcm/images/land/2A/9908_1bd0af9ca8d8.jpg","landname":"29"},{"id":281474999844894,"level":2,"status":0,"posx":6,"posy":10,"cityid":353,"townid":781,"tokenid":"b32d76effe8730f949232a4363372550","tokenurl":"/mcm/api/land?token=b32d76effe8730f949232a4363372550","imageurl":"/mcm/images/land/2A/9909_2b0861ce6c1d.jpg","landname":"30"},{"id":281474999844895,"level":2,"status":0,"posx":8,"posy":10,"cityid":353,"townid":781,"tokenid":"266886870e583630535732e3d1cc2a45","tokenurl":"/mcm/api/land?token=266886870e583630535732e3d1cc2a45","imageurl":"/mcm/images/land/2A/9910_2c9b626ef774.jpg","landname":"31"},{"id":281474999844896,"level":1,"status":1,"posx":9,"posy":10,"cityid":353,"townid":781,"tokenid":"cd8d6c3e7ee24ce6866eeedc9dc16c59","tokenurl":"/mcm/api/land?token=cd8d6c3e7ee24ce6866eeedc9dc16c59","imageurl":"/mcm/images/land/2S/6610_592ac1cbff25.jpg","landname":"32"},{"id":281474999844897,"level":3,"status":1,"posx":23,"posy":10,"cityid":353,"townid":781,"tokenid":"2a53e1e91f272a866ecd11280d90a96a","tokenurl":"/mcm/api/land?token=2a53e1e91f272a866ecd11280d90a96a","imageurl":"/mcm/images/land/2B/16516_586b17bf36db.jpg","landname":"33"},{"id":281474999844898,"level":2,"status":0,"posx":24,"posy":10,"cityid":353,"townid":781,"tokenid":"23508f2b4ff849d857d7261d7a62207a","tokenurl":"/mcm/api/land?token=23508f2b4ff849d857d7261d7a62207a","imageurl":"/mcm/images/land/2A/9911_2ae419aa8eec.jpg","landname":"34"},{"id":281474999844899,"level":3,"status":0,"posx":8,"posy":11,"cityid":353,"townid":781,"tokenid":"1c723ee327221f5f9114e5857b11749b","tokenurl":"/mcm/api/land?token=1c723ee327221f5f9114e5857b11749b","imageurl":"/mcm/images/land/2B/16517_298d3be499bf.jpg","landname":"35"},{"id":281474999844900,"level":3,"status":0,"posx":9,"posy":11,"cityid":353,"townid":781,"tokenid":"7b67e0887efb65685771c136462c5076","tokenurl":"/mcm/api/land?token=7b67e0887efb65685771c136462c5076","imageurl":"/mcm/images/land/2B/16518_4f005705775a.jpg","landname":"36"},{"id":281474999844901,"level":3,"status":1,"posx":23,"posy":11,"cityid":353,"townid":781,"tokenid":"747c1f099ad16d2627ba38ff25785141","tokenurl":"/mcm/api/land?token=747c1f099ad16d2627ba38ff25785141","imageurl":"/mcm/images/land/2B/16519_1612a377c53e.jpg","landname":"37"},{"id":281474999844902,"level":2,"status":0,"posx":24,"posy":11,"cityid":353,"townid":781,"tokenid":"c32a1809bc5286fdd8cb35018935436f","tokenurl":"/mcm/api/land?token=c32a1809bc5286fdd8cb35018935436f","imageurl":"/mcm/images/land/2A/9912_30e51cf358d8.jpg","landname":"38"},{"id":281474999844903,"level":1,"status":1,"posx":8,"posy":12,"cityid":353,"townid":781,"tokenid":"2a2120107b531440e39fcacaf8a353ca","tokenurl":"/mcm/api/land?token=2a2120107b531440e39fcacaf8a353ca","imageurl":"/mcm/images/land/2S/6611_2af25a36a87c.jpg","landname":"39"},{"id":281474999844904,"level":2,"status":1,"posx":9,"posy":12,"cityid":353,"townid":781,"tokenid":"4d0355c47c7af77e8dc112be87650cee","tokenurl":"/mcm/api/land?token=4d0355c47c7af77e8dc112be87650cee","imageurl":"/mcm/images/land/2A/9913_1158528fc8f.jpg","landname":"40"},{"id":281474999844905,"level":3,"status":0,"posx":23,"posy":12,"cityid":353,"townid":781,"tokenid":"f088cb0aa2bd64f8a8e34302eafaab29","tokenurl":"/mcm/api/land?token=f088cb0aa2bd64f8a8e34302eafaab29","imageurl":"/mcm/images/land/2B/16520_1b0c8d62cbf0.jpg","landname":"41"},{"id":281474999844906,"level":3,"status":0,"posx":24,"posy":12,"cityid":353,"townid":781,"tokenid":"4a10e0312a99f51fa713397d5a766455","tokenurl":"/mcm/api/land?token=4a10e0312a99f51fa713397d5a766455","imageurl":"/mcm/images/land/2B/16521_f58905dc1a7.jpg","landname":"42"},{"id":281474999844907,"level":3,"status":0,"posx":32,"posy":12,"cityid":353,"townid":781,"tokenid":"1ab20cffbe0ade84d6de19464921805a","tokenurl":"/mcm/api/land?token=1ab20cffbe0ade84d6de19464921805a","imageurl":"/mcm/images/land/2B/16522_1c55079b2241.jpg","landname":"43"},{"id":281474999844908,"level":3,"status":0,"posx":33,"posy":12,"cityid":353,"townid":781,"tokenid":"7929c929382cc2ff97b45984c07c782c","tokenurl":"/mcm/api/land?token=7929c929382cc2ff97b45984c07c782c","imageurl":"/mcm/images/land/2B/16523_bd11f7607dc.jpg","landname":"44"},{"id":281474999844909,"level":3,"status":1,"posx":8,"posy":13,"cityid":353,"townid":781,"tokenid":"ee4e76ce9e41a7e3f28cb5c7b4aaa205","tokenurl":"/mcm/api/land?token=ee4e76ce9e41a7e3f28cb5c7b4aaa205","imageurl":"/mcm/images/land/2B/16524_37461abb254f.jpg","landname":"45"},{"id":281474999844910,"level":3,"status":0,"posx":9,"posy":13,"cityid":353,"townid":781,"tokenid":"b12f4974d1ec79bb1dcfe272c444f05d","tokenurl":"/mcm/api/land?token=b12f4974d1ec79bb1dcfe272c444f05d","imageurl":"/mcm/images/land/2B/16525_40fa7fc94757.jpg","landname":"46"},{"id":281474999844911,"level":2,"status":1,"posx":23,"posy":13,"cityid":353,"townid":781,"tokenid":"495a2322d393fdf55023987586be6c3b","tokenurl":"/mcm/api/land?token=495a2322d393fdf55023987586be6c3b","imageurl":"/mcm/images/land/2A/9914_19330fe79086.jpg","landname":"47"},{"id":281474999844912,"level":2,"status":1,"posx":24,"posy":13,"cityid":353,"townid":781,"tokenid":"a683d32d98fc769e6b0c9f48d1237e29","tokenurl":"/mcm/api/land?token=a683d32d98fc769e6b0c9f48d1237e29","imageurl":"/mcm/images/land/2A/9915_286ece1e1ee8.jpg","landname":"48"},{"id":281474999844913,"level":2,"status":0,"posx":32,"posy":13,"cityid":353,"townid":781,"tokenid":"da70453e64c3ecfe3b7ed7d7ffd38625","tokenurl":"/mcm/api/land?token=da70453e64c3ecfe3b7ed7d7ffd38625","imageurl":"/mcm/images/land/2A/9916_40d07c0cae7c.jpg","landname":"49"},{"id":281474999844914,"level":3,"status":0,"posx":33,"posy":13,"cityid":353,"townid":781,"tokenid":"9b0c42901fbfd28ccbab29f32fce0aed","tokenurl":"/mcm/api/land?token=9b0c42901fbfd28ccbab29f32fce0aed","imageurl":"/mcm/images/land/2B/16526_543b938e0cb.jpg","landname":"50"},{"id":281474999844915,"level":2,"status":0,"posx":8,"posy":14,"cityid":353,"townid":781,"tokenid":"88e534b9d490d72b4dbaf820b593baa7","tokenurl":"/mcm/api/land?token=88e534b9d490d72b4dbaf820b593baa7","imageurl":"/mcm/images/land/2A/9917_1b8987ccf4c9.jpg","landname":"51"},{"id":281474999844916,"level":3,"status":0,"posx":9,"posy":14,"cityid":353,"townid":781,"tokenid":"0b46d1f7fdb23a0e5479da767ba2541c","tokenurl":"/mcm/api/land?token=0b46d1f7fdb23a0e5479da767ba2541c","imageurl":"/mcm/images/land/2B/16527_4a9f2bab055f.jpg","landname":"52"},{"id":281474999844917,"level":3,"status":1,"posx":23,"posy":14,"cityid":353,"townid":781,"tokenid":"f942e460bc38a109c433967404190103","tokenurl":"/mcm/api/land?token=f942e460bc38a109c433967404190103","imageurl":"/mcm/images/land/2B/16528_10fd75d7c357.jpg","landname":"53"},{"id":281474999844918,"level":3,"status":1,"posx":24,"posy":14,"cityid":353,"townid":781,"tokenid":"385817f0e2eeab053c2a88cd25c3478e","tokenurl":"/mcm/api/land?token=385817f0e2eeab053c2a88cd25c3478e","imageurl":"/mcm/images/land/2B/16529_3d60494e0757.jpg","landname":"54"},{"id":281474999844919,"level":2,"status":0,"posx":32,"posy":14,"cityid":353,"townid":781,"tokenid":"0185d758260f2632bd8204ff622ac9df","tokenurl":"/mcm/api/land?token=0185d758260f2632bd8204ff622ac9df","imageurl":"/mcm/images/land/2A/9918_372a4b8130e5.jpg","landname":"55"},{"id":281474999844920,"level":3,"status":0,"posx":33,"posy":14,"cityid":353,"townid":781,"tokenid":"9aacbde2801fe8f422985ca696be7a1f","tokenurl":"/mcm/api/land?token=9aacbde2801fe8f422985ca696be7a1f","imageurl":"/mcm/images/land/2B/16530_cc61769cf3b.jpg","landname":"56"},{"id":281474999844921,"level":2,"status":1,"posx":32,"posy":15,"cityid":353,"townid":781,"tokenid":"30b1738a1e65518648ff37933612ea7d","tokenurl":"/mcm/api/land?token=30b1738a1e65518648ff37933612ea7d","imageurl":"/mcm/images/land/2A/9919_32a49055d260.jpg","landname":"57"},{"id":281474999844922,"level":3,"status":1,"posx":33,"posy":15,"cityid":353,"townid":781,"tokenid":"489051055aaabbdca1ec6ed6a8c937aa","tokenurl":"/mcm/api/land?token=489051055aaabbdca1ec6ed6a8c937aa","imageurl":"/mcm/images/land/2B/16531_18550eceaf82.jpg","landname":"58"},{"id":281474999844923,"level":2,"status":1,"posx":8,"posy":16,"cityid":353,"townid":781,"tokenid":"d3e39ff6527c7fdd533536e2e32aeefa","tokenurl":"/mcm/api/land?token=d3e39ff6527c7fdd533536e2e32aeefa","imageurl":"/mcm/images/land/2A/9920_164a47813109.jpg","landname":"59"},{"id":281474999844924,"level":3,"status":1,"posx":9,"posy":16,"cityid":353,"townid":781,"tokenid":"72c72e760a7c249b6801d64961ccabe2","tokenurl":"/mcm/api/land?token=72c72e760a7c249b6801d64961ccabe2","imageurl":"/mcm/images/land/2B/16532_408f432b3ebc.jpg","landname":"60"},{"id":281474999844925,"level":3,"status":0,"posx":32,"posy":16,"cityid":353,"townid":781,"tokenid":"47eadf18c8a921054da5ab9d0e60641a","tokenurl":"/mcm/api/land?token=47eadf18c8a921054da5ab9d0e60641a","imageurl":"/mcm/images/land/2B/16533_1e1cefabb17f.jpg","landname":"61"},{"id":281474999844926,"level":2,"status":0,"posx":33,"posy":16,"cityid":353,"townid":781,"tokenid":"dc6142e08e9e360f9a53325621c24a44","tokenurl":"/mcm/api/land?token=dc6142e08e9e360f9a53325621c24a44","imageurl":"/mcm/images/land/2A/9921_d9d3c01b2f4.jpg","landname":"62"},{"id":281474999844927,"level":2,"status":0,"posx":8,"posy":17,"cityid":353,"townid":781,"tokenid":"03a671f1c8293bea268d7565a5d62bfd","tokenurl":"/mcm/api/land?token=03a671f1c8293bea268d7565a5d62bfd","imageurl":"/mcm/images/land/2A/9922_623648e157b.jpg","landname":"63"},{"id":281474999844928,"level":3,"status":1,"posx":9,"posy":17,"cityid":353,"townid":781,"tokenid":"4931d85e413f04ee1ec3a6bda7136a73","tokenurl":"/mcm/api/land?token=4931d85e413f04ee1ec3a6bda7136a73","imageurl":"/mcm/images/land/2B/16534_3631731e48a4.jpg","landname":"64"},{"id":281474999844929,"level":2,"status":0,"posx":8,"posy":18,"cityid":353,"townid":781,"tokenid":"bf059c735846892c162a9efa7d5198cd","tokenurl":"/mcm/api/land?token=bf059c735846892c162a9efa7d5198cd","imageurl":"/mcm/images/land/2A/9923_4089e23fd8de.jpg","landname":"65"},{"id":281474999844930,"level":1,"status":1,"posx":9,"posy":18,"cityid":353,"townid":781,"tokenid":"d900d1ecb7f46105eb5d7836579ac627","tokenurl":"/mcm/api/land?token=d900d1ecb7f46105eb5d7836579ac627","imageurl":"/mcm/images/land/2S/6612_1629d0a338a7.jpg","landname":"66"},{"id":281474999844931,"level":1,"status":1,"posx":20,"posy":18,"cityid":353,"townid":781,"tokenid":"8c6aec8d72f997f056a03d3d3f115c01","tokenurl":"/mcm/api/land?token=8c6aec8d72f997f056a03d3d3f115c01","imageurl":"/mcm/images/land/2S/6613_3ea408c895.jpg","landname":"67"},{"id":281474999844932,"level":3,"status":1,"posx":21,"posy":18,"cityid":353,"townid":781,"tokenid":"5f0d9610dd190e2439b9b17bdacea1ca","tokenurl":"/mcm/api/land?token=5f0d9610dd190e2439b9b17bdacea1ca","imageurl":"/mcm/images/land/2B/16535_9a7c2587f7a.jpg","landname":"68"},{"id":281474999844933,"level":1,"status":0,"posx":25,"posy":18,"cityid":353,"townid":781,"tokenid":"40e9ef56f443b2b62a0de6564a3d3361","tokenurl":"/mcm/api/land?token=40e9ef56f443b2b62a0de6564a3d3361","imageurl":"/mcm/images/land/2S/6614_202fa9a35f0e.jpg","landname":"69"},{"id":281474999844934,"level":3,"status":0,"posx":26,"posy":18,"cityid":353,"townid":781,"tokenid":"a9d93c2dfccf01843f9d2e8b3bd3caf5","tokenurl":"/mcm/api/land?token=a9d93c2dfccf01843f9d2e8b3bd3caf5","imageurl":"/mcm/images/land/2B/16536_266d78731c0a.jpg","landname":"70"},{"id":281474999844935,"level":2,"status":0,"posx":8,"posy":19,"cityid":353,"townid":781,"tokenid":"ecad0b1f97c474f7aeee41bdb8ea635b","tokenurl":"/mcm/api/land?token=ecad0b1f97c474f7aeee41bdb8ea635b","imageurl":"/mcm/images/land/2A/9924_28b519c572c5.jpg","landname":"71"},{"id":281474999844936,"level":3,"status":0,"posx":9,"posy":19,"cityid":353,"townid":781,"tokenid":"c0d5c53365fa00d8004c8b9bd402ab1c","tokenurl":"/mcm/api/land?token=c0d5c53365fa00d8004c8b9bd402ab1c","imageurl":"/mcm/images/land/2B/16537_519e64c0dc84.jpg","landname":"72"},{"id":281474999844937,"level":1,"status":0,"posx":20,"posy":19,"cityid":353,"townid":781,"tokenid":"1ebd6d6c0ef0d537f48c73818ddea2ac","tokenurl":"/mcm/api/land?token=1ebd6d6c0ef0d537f48c73818ddea2ac","imageurl":"/mcm/images/land/2S/6615_1a5410104d54.jpg","landname":"73"},{"id":281474999844938,"level":1,"status":0,"posx":21,"posy":19,"cityid":353,"townid":781,"tokenid":"df3df0aff4b2d26858261c7f54ff255b","tokenurl":"/mcm/api/land?token=df3df0aff4b2d26858261c7f54ff255b","imageurl":"/mcm/images/land/2S/6616_327259fe5fd3.jpg","landname":"74"},{"id":281474999844939,"level":1,"status":0,"posx":25,"posy":19,"cityid":353,"townid":781,"tokenid":"5a7852c66439f6d8a63a974514091bac","tokenurl":"/mcm/api/land?token=5a7852c66439f6d8a63a974514091bac","imageurl":"/mcm/images/land/2S/6617_35c499b4fb2c.jpg","landname":"75"},{"id":281474999844940,"level":2,"status":1,"posx":26,"posy":19,"cityid":353,"townid":781,"tokenid":"f6b9082dfa2ee349204375154c2bd003","tokenurl":"/mcm/api/land?token=f6b9082dfa2ee349204375154c2bd003","imageurl":"/mcm/images/land/2A/9925_1bdd310c4d4a.jpg","landname":"76"},{"id":281474999844941,"level":1,"status":0,"posx":8,"posy":20,"cityid":353,"townid":781,"tokenid":"1f31aa24804ff7757a9af066ccd30dd5","tokenurl":"/mcm/api/land?token=1f31aa24804ff7757a9af066ccd30dd5","imageurl":"/mcm/images/land/2S/6618_d73cdd14b6a.jpg","landname":"77"},{"id":281474999844942,"level":3,"status":1,"posx":9,"posy":20,"cityid":353,"townid":781,"tokenid":"9e0a14dbc013fbb2a68d5a1df95aedc1","tokenurl":"/mcm/api/land?token=9e0a14dbc013fbb2a68d5a1df95aedc1","imageurl":"/mcm/images/land/2B/16538_1dc2280dcd93.jpg","landname":"78"},{"id":281474999844943,"level":2,"status":1,"posx":20,"posy":20,"cityid":353,"townid":781,"tokenid":"b7548215b89e3a55f3b9bc592d651f83","tokenurl":"/mcm/api/land?token=b7548215b89e3a55f3b9bc592d651f83","imageurl":"/mcm/images/land/2A/9926_546c0d6a61.jpg","landname":"79"},{"id":281474999844944,"level":3,"status":1,"posx":21,"posy":20,"cityid":353,"townid":781,"tokenid":"6a223c58bb75a2ad19928c0fa723a978","tokenurl":"/mcm/api/land?token=6a223c58bb75a2ad19928c0fa723a978","imageurl":"/mcm/images/land/2B/16539_1feb385b9e64.jpg","landname":"80"},{"id":281474999844945,"level":1,"status":1,"posx":25,"posy":20,"cityid":353,"townid":781,"tokenid":"907f500d596c76a19900b8faebd3c201","tokenurl":"/mcm/api/land?token=907f500d596c76a19900b8faebd3c201","imageurl":"/mcm/images/land/2S/6619_4ee9d5dda1df.jpg","landname":"81"},{"id":281474999844946,"level":3,"status":1,"posx":26,"posy":20,"cityid":353,"townid":781,"tokenid":"88ff056083a4b9c4bb50a7dc1042d0f4","tokenurl":"/mcm/api/land?token=88ff056083a4b9c4bb50a7dc1042d0f4","imageurl":"/mcm/images/land/2B/16540_456f582359ac.jpg","landname":"82"},{"id":281474999844947,"level":1,"status":0,"posx":31,"posy":20,"cityid":353,"townid":781,"tokenid":"5acff8f725c9d5ea9a816552fd222ab6","tokenurl":"/mcm/api/land?token=5acff8f725c9d5ea9a816552fd222ab6","imageurl":"/mcm/images/land/2S/6620_3fb8cf7ace91.jpg","landname":"83"},{"id":281474999844948,"level":3,"status":0,"posx":32,"posy":20,"cityid":353,"townid":781,"tokenid":"9b522338d07116be33047056590ba1e1","tokenurl":"/mcm/api/land?token=9b522338d07116be33047056590ba1e1","imageurl":"/mcm/images/land/2B/16541_4dd8a69986ee.jpg","landname":"84"},{"id":281474999844949,"level":1,"status":1,"posx":20,"posy":21,"cityid":353,"townid":781,"tokenid":"979d52e6eb8f351fc4a9b3b5b4b9bec8","tokenurl":"/mcm/api/land?token=979d52e6eb8f351fc4a9b3b5b4b9bec8","imageurl":"/mcm/images/land/2S/6621_5436e534bde4.jpg","landname":"85"},{"id":281474999844950,"level":3,"status":0,"posx":21,"posy":21,"cityid":353,"townid":781,"tokenid":"985fa6a47f6c92434cbbf94594c8303f","tokenurl":"/mcm/api/land?token=985fa6a47f6c92434cbbf94594c8303f","imageurl":"/mcm/images/land/2B/16542_32e136f8fd45.jpg","landname":"86"},{"id":281474999844951,"level":2,"status":0,"posx":25,"posy":21,"cityid":353,"townid":781,"tokenid":"f35aba352767cb22f59eb9383252e555","tokenurl":"/mcm/api/land?token=f35aba352767cb22f59eb9383252e555","imageurl":"/mcm/images/land/2A/9927_136d75fcf32b.jpg","landname":"87"},{"id":281474999844952,"level":3,"status":1,"posx":26,"posy":21,"cityid":353,"townid":781,"tokenid":"75628d349fa8faf1ddc2ae1bc5f09104","tokenurl":"/mcm/api/land?token=75628d349fa8faf1ddc2ae1bc5f09104","imageurl":"/mcm/images/land/2B/16543_3724db528f82.jpg","landname":"88"},{"id":281474999844953,"level":3,"status":1,"posx":31,"posy":21,"cityid":353,"townid":781,"tokenid":"23e671138b96447539c596997e80c308","tokenurl":"/mcm/api/land?token=23e671138b96447539c596997e80c308","imageurl":"/mcm/images/land/2B/16544_375c135d9ce4.jpg","landname":"89"},{"id":281474999844954,"level":2,"status":1,"posx":32,"posy":21,"cityid":353,"townid":781,"tokenid":"f5a60a1ed90fd3ed3eb32854d356b21b","tokenurl":"/mcm/api/land?token=f5a60a1ed90fd3ed3eb32854d356b21b","imageurl":"/mcm/images/land/2A/9928_2b49fb82adb1.jpg","landname":"90"},{"id":281474999844955,"level":2,"status":1,"posx":12,"posy":22,"cityid":353,"townid":781,"tokenid":"2c9e703b2da636217986b75550d30b17","tokenurl":"/mcm/api/land?token=2c9e703b2da636217986b75550d30b17","imageurl":"/mcm/images/land/2A/9929_3d63aa691418.jpg","landname":"91"},{"id":281474999844956,"level":3,"status":1,"posx":13,"posy":22,"cityid":353,"townid":781,"tokenid":"4c9bf494454ececd651e1280cf817b1d","tokenurl":"/mcm/api/land?token=4c9bf494454ececd651e1280cf817b1d","imageurl":"/mcm/images/land/2B/16545_155ac11ea5d3.jpg","landname":"92"},{"id":281474999844957,"level":3,"status":0,"posx":20,"posy":22,"cityid":353,"townid":781,"tokenid":"52d1a8473b61ecf5387bec3e7d17a96c","tokenurl":"/mcm/api/land?token=52d1a8473b61ecf5387bec3e7d17a96c","imageurl":"/mcm/images/land/2B/16546_108766ad9725.jpg","landname":"93"},{"id":281474999844958,"level":2,"status":1,"posx":21,"posy":22,"cityid":353,"townid":781,"tokenid":"cea38c671a4e3d830ea180900a1fbe01","tokenurl":"/mcm/api/land?token=cea38c671a4e3d830ea180900a1fbe01","imageurl":"/mcm/images/land/2A/9930_571b3a67a12.jpg","landname":"94"},{"id":281474999844959,"level":3,"status":1,"posx":25,"posy":22,"cityid":353,"townid":781,"tokenid":"26edb06b4ab70d442e84a53550d8215a","tokenurl":"/mcm/api/land?token=26edb06b4ab70d442e84a53550d8215a","imageurl":"/mcm/images/land/2B/16547_50a1016d18ed.jpg","landname":"95"},{"id":281474999844960,"level":3,"status":1,"posx":26,"posy":22,"cityid":353,"townid":781,"tokenid":"d00de199c58bfb91fc273676117188ea","tokenurl":"/mcm/api/land?token=d00de199c58bfb91fc273676117188ea","imageurl":"/mcm/images/land/2B/16548_50012fc12e3c.jpg","landname":"96"},{"id":281474999844961,"level":3,"status":0,"posx":31,"posy":22,"cityid":353,"townid":781,"tokenid":"ae208b20aef60a08f6526511cb50acfb","tokenurl":"/mcm/api/land?token=ae208b20aef60a08f6526511cb50acfb","imageurl":"/mcm/images/land/2B/16549_4c7244840e74.jpg","landname":"97"},{"id":281474999844962,"level":3,"status":0,"posx":32,"posy":22,"cityid":353,"townid":781,"tokenid":"26755bd16811ef1286dd9bc3ac7cffe8","tokenurl":"/mcm/api/land?token=26755bd16811ef1286dd9bc3ac7cffe8","imageurl":"/mcm/images/land/2B/16550_48dbb2c6674c.jpg","landname":"98"},{"id":281474999844963,"level":3,"status":1,"posx":12,"posy":23,"cityid":353,"townid":781,"tokenid":"c72b696526b0f2b451b0ad9ef295c70f","tokenurl":"/mcm/api/land?token=c72b696526b0f2b451b0ad9ef295c70f","imageurl":"/mcm/images/land/2B/16551_5269091033cb.jpg","landname":"99"},{"id":281474999844964,"level":3,"status":1,"posx":13,"posy":23,"cityid":353,"townid":781,"tokenid":"6700851bc2da2487f855b17bfd42c7e2","tokenurl":"/mcm/api/land?token=6700851bc2da2487f855b17bfd42c7e2","imageurl":"/mcm/images/land/2B/16552_9ac566c3ea2.jpg","landname":"100"},{"id":281474999844965,"level":3,"status":1,"posx":31,"posy":23,"cityid":353,"townid":781,"tokenid":"65b951f0e90bed5e7d9f30213ca4ab2c","tokenurl":"/mcm/api/land?token=65b951f0e90bed5e7d9f30213ca4ab2c","imageurl":"/mcm/images/land/2B/16553_2be6e1c09fd7.jpg","landname":"101"},{"id":281474999844966,"level":3,"status":1,"posx":32,"posy":23,"cityid":353,"townid":781,"tokenid":"51ce79ae7518cd9eac71b5731155a516","tokenurl":"/mcm/api/land?token=51ce79ae7518cd9eac71b5731155a516","imageurl":"/mcm/images/land/2B/16554_43ad1fa3d891.jpg","landname":"102"},{"id":281474999844967,"level":2,"status":0,"posx":12,"posy":24,"cityid":353,"townid":781,"tokenid":"9867c1cc81c7f3c9d2f9c9374a7a2378","tokenurl":"/mcm/api/land?token=9867c1cc81c7f3c9d2f9c9374a7a2378","imageurl":"/mcm/images/land/2A/9931_2d516fd2c17e.jpg","landname":"103"},{"id":281474999844968,"level":3,"status":1,"posx":13,"posy":24,"cityid":353,"townid":781,"tokenid":"301e598257ed603cccffbcbcbf94e4a8","tokenurl":"/mcm/api/land?token=301e598257ed603cccffbcbcbf94e4a8","imageurl":"/mcm/images/land/2B/16555_38bbe7321ca9.jpg","landname":"104"},{"id":281474999844969,"level":3,"status":0,"posx":31,"posy":24,"cityid":353,"townid":781,"tokenid":"320604fe3bf503b8652c1883bf756ac6","tokenurl":"/mcm/api/land?token=320604fe3bf503b8652c1883bf756ac6","imageurl":"/mcm/images/land/2B/16556_433d07f102cf.jpg","landname":"105"},{"id":281474999844970,"level":2,"status":1,"posx":32,"posy":24,"cityid":353,"townid":781,"tokenid":"37c33f4df4f68983f047384ef39c4f0d","tokenurl":"/mcm/api/land?token=37c33f4df4f68983f047384ef39c4f0d","imageurl":"/mcm/images/land/2A/9932_39621d86cea2.jpg","landname":"106"},{"id":281474999844971,"level":3,"status":1,"posx":12,"posy":25,"cityid":353,"townid":781,"tokenid":"4aa82df160030e7261dcb69ddb2a99cb","tokenurl":"/mcm/api/land?token=4aa82df160030e7261dcb69ddb2a99cb","imageurl":"/mcm/images/land/2B/16557_51007af6a7a1.jpg","landname":"107"},{"id":281474999844972,"level":2,"status":0,"posx":13,"posy":25,"cityid":353,"townid":781,"tokenid":"664460788d5b3f3aa81d837c1d952776","tokenurl":"/mcm/api/land?token=664460788d5b3f3aa81d837c1d952776","imageurl":"/mcm/images/land/2A/9933_2a72d7f6fe82.jpg","landname":"108"},{"id":281474999844973,"level":1,"status":0,"posx":6,"posy":26,"cityid":353,"townid":781,"tokenid":"51b4c80638fb0c9c9876170a144c2604","tokenurl":"/mcm/api/land?token=51b4c80638fb0c9c9876170a144c2604","imageurl":"/mcm/images/land/2S/6622_23fc1bfea1c8.jpg","landname":"109"},{"id":281474999844974,"level":3,"status":0,"posx":7,"posy":26,"cityid":353,"townid":781,"tokenid":"c26e5fc05577ce6a2b816d414a791311","tokenurl":"/mcm/api/land?token=c26e5fc05577ce6a2b816d414a791311","imageurl":"/mcm/images/land/2B/16558_1b9e4c26a4d0.jpg","landname":"110"},{"id":281474999844975,"level":2,"status":1,"posx":9,"posy":26,"cityid":353,"townid":781,"tokenid":"2b7bd9986b638266472a2e85f44a4251","tokenurl":"/mcm/api/land?token=2b7bd9986b638266472a2e85f44a4251","imageurl":"/mcm/images/land/2A/9934_465ea46a518b.jpg","landname":"111"},{"id":281474999844976,"level":2,"status":1,"posx":10,"posy":26,"cityid":353,"townid":781,"tokenid":"5591da4a080c450afef61025e0a4d48a","tokenurl":"/mcm/api/land?token=5591da4a080c450afef61025e0a4d48a","imageurl":"/mcm/images/land/2A/9935_45e44009e187.jpg","landname":"112"},{"id":281474999844977,"level":2,"status":1,"posx":12,"posy":26,"cityid":353,"townid":781,"tokenid":"1bf54cf7b9add15d60bf21e14633390e","tokenurl":"/mcm/api/land?token=1bf54cf7b9add15d60bf21e14633390e","imageurl":"/mcm/images/land/2A/9936_343c3ade1ce3.jpg","landname":"113"},{"id":281474999844978,"level":3,"status":1,"posx":13,"posy":26,"cityid":353,"townid":781,"tokenid":"355367345e39bd1b20a7d16b415f39b9","tokenurl":"/mcm/api/land?token=355367345e39bd1b20a7d16b415f39b9","imageurl":"/mcm/images/land/2B/16559_311a33569e21.jpg","landname":"114"},{"id":281474999844979,"level":1,"status":0,"posx":6,"posy":27,"cityid":353,"townid":781,"tokenid":"fe1008235651e5a1477d03953718e73b","tokenurl":"/mcm/api/land?token=fe1008235651e5a1477d03953718e73b","imageurl":"/mcm/images/land/2S/6623_31a2f066c2ea.jpg","landname":"115"},{"id":281474999844980,"level":2,"status":0,"posx":7,"posy":27,"cityid":353,"townid":781,"tokenid":"8e729d226f9fbe9c1d24e77f96f7b881","tokenurl":"/mcm/api/land?token=8e729d226f9fbe9c1d24e77f96f7b881","imageurl":"/mcm/images/land/2A/9937_575334a300a5.jpg","landname":"116"},{"id":281474999844981,"level":3,"status":1,"posx":9,"posy":27,"cityid":353,"townid":781,"tokenid":"0d54b2d4b631b06efa8a4170e8f882a1","tokenurl":"/mcm/api/land?token=0d54b2d4b631b06efa8a4170e8f882a1","imageurl":"/mcm/images/land/2B/16560_58110a150b89.jpg","landname":"117"},{"id":281474999844982,"level":2,"status":0,"posx":10,"posy":27,"cityid":353,"townid":781,"tokenid":"9e5583da4b4aa3c03fd2f86553256368","tokenurl":"/mcm/api/land?token=9e5583da4b4aa3c03fd2f86553256368","imageurl":"/mcm/images/land/2A/9938_2ab52ab165e1.jpg","landname":"118"},{"id":281474999844983,"level":1,"status":0,"posx":23,"posy":27,"cityid":353,"townid":781,"tokenid":"1c2ce536c16d0d86d63383e03221daeb","tokenurl":"/mcm/api/land?token=1c2ce536c16d0d86d63383e03221daeb","imageurl":"/mcm/images/land/2S/6624_22205714e0bc.jpg","landname":"119"},{"id":281474999844984,"level":2,"status":1,"posx":24,"posy":27,"cityid":353,"townid":781,"tokenid":"d55276b75502057f6eb4d567c24243ad","tokenurl":"/mcm/api/land?token=d55276b75502057f6eb4d567c24243ad","imageurl":"/mcm/images/land/2A/9939_1bf20ed12eaa.jpg","landname":"120"},{"id":281474999844985,"level":3,"status":0,"posx":6,"posy":28,"cityid":353,"townid":781,"tokenid":"8e39a33bc208d22145696aefd39046ee","tokenurl":"/mcm/api/land?token=8e39a33bc208d22145696aefd39046ee","imageurl":"/mcm/images/land/2B/16561_47efa78d6758.jpg","landname":"121"},{"id":281474999844986,"level":3,"status":1,"posx":7,"posy":28,"cityid":353,"townid":781,"tokenid":"8a77f22a3565e75c089de199d17dffca","tokenurl":"/mcm/api/land?token=8a77f22a3565e75c089de199d17dffca","imageurl":"/mcm/images/land/2B/16562_bd9212cf002.jpg","landname":"122"},{"id":281474999844987,"level":2,"status":0,"posx":9,"posy":28,"cityid":353,"townid":781,"tokenid":"ab0b0cfbe6444b484797ac6cca606e00","tokenurl":"/mcm/api/land?token=ab0b0cfbe6444b484797ac6cca606e00","imageurl":"/mcm/images/land/2A/9940_531ffa8753c2.jpg","landname":"123"},{"id":281474999844988,"level":3,"status":0,"posx":10,"posy":28,"cityid":353,"townid":781,"tokenid":"6fb691720c607d3ecf485a48d1b505dc","tokenurl":"/mcm/api/land?token=6fb691720c607d3ecf485a48d1b505dc","imageurl":"/mcm/images/land/2B/16563_17df54257053.jpg","landname":"124"},{"id":281474999844989,"level":3,"status":0,"posx":23,"posy":28,"cityid":353,"townid":781,"tokenid":"ffbc2532c61da2790a4408e738a2c4a9","tokenurl":"/mcm/api/land?token=ffbc2532c61da2790a4408e738a2c4a9","imageurl":"/mcm/images/land/2B/16564_1324e82f718c.jpg","landname":"125"},{"id":281474999844990,"level":3,"status":0,"posx":24,"posy":28,"cityid":353,"townid":781,"tokenid":"34fb2b348145ea05123331702e9eff1a","tokenurl":"/mcm/api/land?token=34fb2b348145ea05123331702e9eff1a","imageurl":"/mcm/images/land/2B/16565_1d4d50c7aa8a.jpg","landname":"126"},{"id":281474999844991,"level":1,"status":1,"posx":32,"posy":28,"cityid":353,"townid":781,"tokenid":"528f6ad7b4b74db9d1ca72ceb195958f","tokenurl":"/mcm/api/land?token=528f6ad7b4b74db9d1ca72ceb195958f","imageurl":"/mcm/images/land/2S/6625_5740ea8ad547.jpg","landname":"127"},{"id":281474999844992,"level":1,"status":0,"posx":33,"posy":28,"cityid":353,"townid":781,"tokenid":"f0aa97ef9b9c37d34cd6459fd30a92d4","tokenurl":"/mcm/api/land?token=f0aa97ef9b9c37d34cd6459fd30a92d4","imageurl":"/mcm/images/land/2S/6626_4456310f8887.jpg","landname":"128"},{"id":281474999844993,"level":3,"status":0,"posx":6,"posy":29,"cityid":353,"townid":781,"tokenid":"3f4f76313f4c67ed75edc3743be77cd2","tokenurl":"/mcm/api/land?token=3f4f76313f4c67ed75edc3743be77cd2","imageurl":"/mcm/images/land/2B/16566_4425fe3e13ce.jpg","landname":"129"},{"id":281474999844994,"level":1,"status":1,"posx":7,"posy":29,"cityid":353,"townid":781,"tokenid":"d324253cb003af8d6ca25ea356c31b88","tokenurl":"/mcm/api/land?token=d324253cb003af8d6ca25ea356c31b88","imageurl":"/mcm/images/land/2S/6627_26d35215810c.jpg","landname":"130"},{"id":281474999844995,"level":3,"status":1,"posx":9,"posy":29,"cityid":353,"townid":781,"tokenid":"80bc57887299ddf75b47204f57f7c081","tokenurl":"/mcm/api/land?token=80bc57887299ddf75b47204f57f7c081","imageurl":"/mcm/images/land/2B/16567_544460cf50c4.jpg","landname":"131"},{"id":281474999844996,"level":2,"status":1,"posx":10,"posy":29,"cityid":353,"townid":781,"tokenid":"7b3b7e76953953376cb46d7d4a88d104","tokenurl":"/mcm/api/land?token=7b3b7e76953953376cb46d7d4a88d104","imageurl":"/mcm/images/land/2A/9941_56d1ec619db5.jpg","landname":"132"},{"id":281474999844997,"level":2,"status":0,"posx":23,"posy":29,"cityid":353,"townid":781,"tokenid":"b7d561ffdb9804f4b27526948cb1d6a3","tokenurl":"/mcm/api/land?token=b7d561ffdb9804f4b27526948cb1d6a3","imageurl":"/mcm/images/land/2A/9942_9e6efb3188.jpg","landname":"133"},{"id":281474999844998,"level":2,"status":0,"posx":24,"posy":29,"cityid":353,"townid":781,"tokenid":"8edc59215b2de688be2fb07a051ae89c","tokenurl":"/mcm/api/land?token=8edc59215b2de688be2fb07a051ae89c","imageurl":"/mcm/images/land/2A/9943_1c382738b2c9.jpg","landname":"134"},{"id":281474999844999,"level":2,"status":1,"posx":32,"posy":29,"cityid":353,"townid":781,"tokenid":"103db996ff3255d9ff7eb887163fbc66","tokenurl":"/mcm/api/land?token=103db996ff3255d9ff7eb887163fbc66","imageurl":"/mcm/images/land/2A/9944_297f66016d4d.jpg","landname":"135"},{"id":281474999845000,"level":2,"status":1,"posx":33,"posy":29,"cityid":353,"townid":781,"tokenid":"0dcf2c2bd9de2e74a43911dd74830a9b","tokenurl":"/mcm/api/land?token=0dcf2c2bd9de2e74a43911dd74830a9b","imageurl":"/mcm/images/land/2A/9945_dc0d7e6f1c2.jpg","landname":"136"},{"id":281474999845001,"level":3,"status":0,"posx":6,"posy":30,"cityid":353,"townid":781,"tokenid":"667f6fa93c89ee2dac022963a8b587fb","tokenurl":"/mcm/api/land?token=667f6fa93c89ee2dac022963a8b587fb","imageurl":"/mcm/images/land/2B/16568_2792a130ccc8.jpg","landname":"137"},{"id":281474999845002,"level":1,"status":1,"posx":7,"posy":30,"cityid":353,"townid":781,"tokenid":"400f05077710572877730f886e75bb17","tokenurl":"/mcm/api/land?token=400f05077710572877730f886e75bb17","imageurl":"/mcm/images/land/2S/6628_2e77646831ca.jpg","landname":"138"},{"id":281474999845003,"level":3,"status":0,"posx":9,"posy":30,"cityid":353,"townid":781,"tokenid":"a7e0c6a9d7e766e767a600c16a0f7d7f","tokenurl":"/mcm/api/land?token=a7e0c6a9d7e766e767a600c16a0f7d7f","imageurl":"/mcm/images/land/2B/16569_3a7832c9a00c.jpg","landname":"139"},{"id":281474999845004,"level":3,"status":0,"posx":10,"posy":30,"cityid":353,"townid":781,"tokenid":"5b743a53925324d5242c8d24cbadfb84","tokenurl":"/mcm/api/land?token=5b743a53925324d5242c8d24cbadfb84","imageurl":"/mcm/images/land/2B/16570_1418dd82b0af.jpg","landname":"140"},{"id":281474999845005,"level":1,"status":0,"posx":23,"posy":30,"cityid":353,"townid":781,"tokenid":"8d62ac15e56c4117da6b1f8c53dc9aa8","tokenurl":"/mcm/api/land?token=8d62ac15e56c4117da6b1f8c53dc9aa8","imageurl":"/mcm/images/land/2S/6629_2be277161303.jpg","landname":"141"},{"id":281474999845006,"level":3,"status":0,"posx":24,"posy":30,"cityid":353,"townid":781,"tokenid":"0e8cc8e6065052b0682e10bc7a8588f0","tokenurl":"/mcm/api/land?token=0e8cc8e6065052b0682e10bc7a8588f0","imageurl":"/mcm/images/land/2B/16571_3981e47e51ec.jpg","landname":"142"},{"id":281474999845007,"level":3,"status":0,"posx":32,"posy":30,"cityid":353,"townid":781,"tokenid":"e7f4355a1c774454172052f59e288fc3","tokenurl":"/mcm/api/land?token=e7f4355a1c774454172052f59e288fc3","imageurl":"/mcm/images/land/2B/16572_34fa1d498a09.jpg","landname":"143"},{"id":281474999845008,"level":3,"status":0,"posx":33,"posy":30,"cityid":353,"townid":781,"tokenid":"22884e76e9f852a10111364b6cdef83c","tokenurl":"/mcm/api/land?token=22884e76e9f852a10111364b6cdef83c","imageurl":"/mcm/images/land/2B/16573_57402875a252.jpg","landname":"144"},{"id":281474999845009,"level":2,"status":1,"posx":23,"posy":31,"cityid":353,"townid":781,"tokenid":"9197067de994cf59d6b26d9c1ee2aa57","tokenurl":"/mcm/api/land?token=9197067de994cf59d6b26d9c1ee2aa57","imageurl":"/mcm/images/land/2A/9946_5a254f22d92f.jpg","landname":"145"},{"id":281474999845010,"level":1,"status":1,"posx":24,"posy":31,"cityid":353,"townid":781,"tokenid":"d69c1809b0e3127e426b631acba45f0b","tokenurl":"/mcm/api/land?token=d69c1809b0e3127e426b631acba45f0b","imageurl":"/mcm/images/land/2S/6630_2cffaa873bf9.jpg","landname":"146"},{"id":281474999845011,"level":3,"status":0,"posx":32,"posy":31,"cityid":353,"townid":781,"tokenid":"aa1cfac6135a5d3d8ec8665c9fc2ceba","tokenurl":"/mcm/api/land?token=aa1cfac6135a5d3d8ec8665c9fc2ceba","imageurl":"/mcm/images/land/2B/16574_4ada7d7db85d.jpg","landname":"147"},{"id":281474999845012,"level":3,"status":0,"posx":33,"posy":31,"cityid":353,"townid":781,"tokenid":"d15dde12e9f939b224e9f075b3271053","tokenurl":"/mcm/api/land?token=d15dde12e9f939b224e9f075b3271053","imageurl":"/mcm/images/land/2B/16575_7d04909a204.jpg","landname":"148"},{"id":281474999845013,"level":1,"status":0,"posx":32,"posy":32,"cityid":353,"townid":781,"tokenid":"c033c772de9d6b7a48f49eebd6dea93b","tokenurl":"/mcm/api/land?token=c033c772de9d6b7a48f49eebd6dea93b","imageurl":"/mcm/images/land/2S/6631_589dae546e0b.jpg","landname":"149"},{"id":281474999845014,"level":3,"status":1,"posx":33,"posy":32,"cityid":353,"townid":781,"tokenid":"dc92a36a33f48c138cd069b8869b9cee","tokenurl":"/mcm/api/land?token=dc92a36a33f48c138cd069b8869b9cee","imageurl":"/mcm/images/land/2B/16576_10ea702eb79a.jpg","landname":"150"}]]],0,0,[],[],[]]
