[1,0,0,[["cc.JsonAsset",["_name","json"],1]],[[0,0,1,3]],[[0,"764",[{"id":281474999255191,"level":1,"status":1,"posx":15,"posy":5,"cityid":344,"townid":764,"tokenid":"ce5986d3de6baaccc3a16fd8b9c54506","tokenurl":"/mcm/api/land?token=ce5986d3de6baaccc3a16fd8b9c54506","imageurl":"/mcm/images/land/2S/6092_4cfcfe2ba5b7.jpg","landname":"1"},{"id":281474999255192,"level":3,"status":1,"posx":16,"posy":5,"cityid":344,"townid":764,"tokenid":"2c32fa2f9426d736b1bec237ff0307e1","tokenurl":"/mcm/api/land?token=2c32fa2f9426d736b1bec237ff0307e1","imageurl":"/mcm/images/land/2B/15227_3d38d2138998.jpg","landname":"2"},{"id":281474999255193,"level":3,"status":1,"posx":25,"posy":5,"cityid":344,"townid":764,"tokenid":"55730735b70d8527b3387d161487b616","tokenurl":"/mcm/api/land?token=55730735b70d8527b3387d161487b616","imageurl":"/mcm/images/land/2B/15228_148d9a584313.jpg","landname":"3"},{"id":281474999255194,"level":3,"status":0,"posx":26,"posy":5,"cityid":344,"townid":764,"tokenid":"575e02ecebfb441d8908e41a3c798a7c","tokenurl":"/mcm/api/land?token=575e02ecebfb441d8908e41a3c798a7c","imageurl":"/mcm/images/land/2B/15229_33f473f8273.jpg","landname":"4"},{"id":281474999255195,"level":3,"status":0,"posx":6,"posy":6,"cityid":344,"townid":764,"tokenid":"1bdae22b9263bd64ac0583c3e279b4ba","tokenurl":"/mcm/api/land?token=1bdae22b9263bd64ac0583c3e279b4ba","imageurl":"/mcm/images/land/2B/15230_4e73bb9f71db.jpg","landname":"5"},{"id":281474999255196,"level":2,"status":1,"posx":7,"posy":6,"cityid":344,"townid":764,"tokenid":"30fd9b8e05d3e3cd153a42eba2cdfe5b","tokenurl":"/mcm/api/land?token=30fd9b8e05d3e3cd153a42eba2cdfe5b","imageurl":"/mcm/images/land/2A/9137_288ab25658d6.jpg","landname":"6"},{"id":281474999255197,"level":2,"status":0,"posx":15,"posy":6,"cityid":344,"townid":764,"tokenid":"ffdc229a24f3d9e21498bd5372985a3c","tokenurl":"/mcm/api/land?token=ffdc229a24f3d9e21498bd5372985a3c","imageurl":"/mcm/images/land/2A/9138_184b283d0a33.jpg","landname":"7"},{"id":281474999255198,"level":3,"status":0,"posx":16,"posy":6,"cityid":344,"townid":764,"tokenid":"37f202994b86a4c0e37bf26713d1eac4","tokenurl":"/mcm/api/land?token=37f202994b86a4c0e37bf26713d1eac4","imageurl":"/mcm/images/land/2B/15231_598262df9783.jpg","landname":"8"},{"id":281474999255199,"level":3,"status":1,"posx":25,"posy":6,"cityid":344,"townid":764,"tokenid":"1b9526b4c6973f52d9684cfdcfcc8d42","tokenurl":"/mcm/api/land?token=1b9526b4c6973f52d9684cfdcfcc8d42","imageurl":"/mcm/images/land/2B/15232_20525ce565d5.jpg","landname":"9"},{"id":281474999255200,"level":1,"status":1,"posx":26,"posy":6,"cityid":344,"townid":764,"tokenid":"91355c3fbbd8e6c37277016e31b514f2","tokenurl":"/mcm/api/land?token=91355c3fbbd8e6c37277016e31b514f2","imageurl":"/mcm/images/land/2S/6093_509435cb631e.jpg","landname":"10"},{"id":281474999255201,"level":3,"status":0,"posx":30,"posy":6,"cityid":344,"townid":764,"tokenid":"4c9d46bbd3b267f229753ab50f052aaa","tokenurl":"/mcm/api/land?token=4c9d46bbd3b267f229753ab50f052aaa","imageurl":"/mcm/images/land/2B/15233_32857eed5939.jpg","landname":"11"},{"id":281474999255202,"level":2,"status":0,"posx":31,"posy":6,"cityid":344,"townid":764,"tokenid":"02fd38a2763f415e5d2f44f61d29b91b","tokenurl":"/mcm/api/land?token=02fd38a2763f415e5d2f44f61d29b91b","imageurl":"/mcm/images/land/2A/9139_263a0996b994.jpg","landname":"12"},{"id":281474999255203,"level":2,"status":1,"posx":33,"posy":6,"cityid":344,"townid":764,"tokenid":"edf7cd70a352fadc146c25300f6194be","tokenurl":"/mcm/api/land?token=edf7cd70a352fadc146c25300f6194be","imageurl":"/mcm/images/land/2A/9140_20ec93265aa6.jpg","landname":"13"},{"id":281474999255204,"level":2,"status":1,"posx":34,"posy":6,"cityid":344,"townid":764,"tokenid":"42d9ec6fec1db6b4836c858e1428c2e3","tokenurl":"/mcm/api/land?token=42d9ec6fec1db6b4836c858e1428c2e3","imageurl":"/mcm/images/land/2A/9141_5ad6d5c0586.jpg","landname":"14"},{"id":281474999255205,"level":1,"status":0,"posx":6,"posy":7,"cityid":344,"townid":764,"tokenid":"47de67132f279b7838dec34ca6eb6a67","tokenurl":"/mcm/api/land?token=47de67132f279b7838dec34ca6eb6a67","imageurl":"/mcm/images/land/2S/6094_422b036cb7c9.jpg","landname":"15"},{"id":281474999255206,"level":2,"status":0,"posx":7,"posy":7,"cityid":344,"townid":764,"tokenid":"184f54003ecd0b43a06035cd7e5477d9","tokenurl":"/mcm/api/land?token=184f54003ecd0b43a06035cd7e5477d9","imageurl":"/mcm/images/land/2A/9142_4ee151481ce3.jpg","landname":"16"},{"id":281474999255207,"level":3,"status":1,"posx":15,"posy":7,"cityid":344,"townid":764,"tokenid":"2340dced2b6c4d78d1c889b487e2075c","tokenurl":"/mcm/api/land?token=2340dced2b6c4d78d1c889b487e2075c","imageurl":"/mcm/images/land/2B/15234_525f56503002.jpg","landname":"17"},{"id":281474999255208,"level":3,"status":1,"posx":16,"posy":7,"cityid":344,"townid":764,"tokenid":"8dcdb379da04d4e1e93e56850c499ff3","tokenurl":"/mcm/api/land?token=8dcdb379da04d4e1e93e56850c499ff3","imageurl":"/mcm/images/land/2B/15235_4f78622df866.jpg","landname":"18"},{"id":281474999255209,"level":2,"status":1,"posx":21,"posy":7,"cityid":344,"townid":764,"tokenid":"e71a26450d642273298f2c24007e303b","tokenurl":"/mcm/api/land?token=e71a26450d642273298f2c24007e303b","imageurl":"/mcm/images/land/2A/9143_3fa9f2eee70c.jpg","landname":"19"},{"id":281474999255210,"level":2,"status":1,"posx":22,"posy":7,"cityid":344,"townid":764,"tokenid":"8d88deb65b9056690ba3bd27a39f1ec5","tokenurl":"/mcm/api/land?token=8d88deb65b9056690ba3bd27a39f1ec5","imageurl":"/mcm/images/land/2A/9144_21985094a1b1.jpg","landname":"20"},{"id":281474999255211,"level":2,"status":0,"posx":25,"posy":7,"cityid":344,"townid":764,"tokenid":"dcf31ca971742fcf322ba5e6ad1c6b59","tokenurl":"/mcm/api/land?token=dcf31ca971742fcf322ba5e6ad1c6b59","imageurl":"/mcm/images/land/2A/9145_191b27eaeb3a.jpg","landname":"21"},{"id":281474999255212,"level":3,"status":0,"posx":26,"posy":7,"cityid":344,"townid":764,"tokenid":"d60f03ccd92ada7e2017dfdbb3f425d2","tokenurl":"/mcm/api/land?token=d60f03ccd92ada7e2017dfdbb3f425d2","imageurl":"/mcm/images/land/2B/15236_4cd5c3d3421a.jpg","landname":"22"},{"id":281474999255213,"level":3,"status":0,"posx":30,"posy":7,"cityid":344,"townid":764,"tokenid":"51471e0c0dfff6c8125c0119496bc188","tokenurl":"/mcm/api/land?token=51471e0c0dfff6c8125c0119496bc188","imageurl":"/mcm/images/land/2B/15237_196ed77043cb.jpg","landname":"23"},{"id":281474999255214,"level":3,"status":0,"posx":31,"posy":7,"cityid":344,"townid":764,"tokenid":"ad495b8743ecffd365a53639783480fb","tokenurl":"/mcm/api/land?token=ad495b8743ecffd365a53639783480fb","imageurl":"/mcm/images/land/2B/15238_a50f75da48d.jpg","landname":"24"},{"id":281474999255215,"level":2,"status":1,"posx":33,"posy":7,"cityid":344,"townid":764,"tokenid":"15873417546097f5555fa4ab4030bb96","tokenurl":"/mcm/api/land?token=15873417546097f5555fa4ab4030bb96","imageurl":"/mcm/images/land/2A/9146_166d3229d425.jpg","landname":"25"},{"id":281474999255216,"level":2,"status":0,"posx":34,"posy":7,"cityid":344,"townid":764,"tokenid":"060159ca8e76059c140dc8076b59f5d5","tokenurl":"/mcm/api/land?token=060159ca8e76059c140dc8076b59f5d5","imageurl":"/mcm/images/land/2A/9147_148535dbaa2c.jpg","landname":"26"},{"id":281474999255217,"level":3,"status":1,"posx":6,"posy":8,"cityid":344,"townid":764,"tokenid":"87ac58467ca8651bd28c12a4a124da6d","tokenurl":"/mcm/api/land?token=87ac58467ca8651bd28c12a4a124da6d","imageurl":"/mcm/images/land/2B/15239_a8bef31fb05.jpg","landname":"27"},{"id":281474999255218,"level":1,"status":0,"posx":7,"posy":8,"cityid":344,"townid":764,"tokenid":"bb2ce2c6f09df513289ea8f7f524fe87","tokenurl":"/mcm/api/land?token=bb2ce2c6f09df513289ea8f7f524fe87","imageurl":"/mcm/images/land/2S/6095_2871d3658e9.jpg","landname":"28"},{"id":281474999255219,"level":2,"status":1,"posx":15,"posy":8,"cityid":344,"townid":764,"tokenid":"4ce0d76c4be0f74c30dfa26397864883","tokenurl":"/mcm/api/land?token=4ce0d76c4be0f74c30dfa26397864883","imageurl":"/mcm/images/land/2A/9148_d092d87c70c.jpg","landname":"29"},{"id":281474999255220,"level":3,"status":0,"posx":16,"posy":8,"cityid":344,"townid":764,"tokenid":"e9973a23defeeb0a9beb7764f93bbb1f","tokenurl":"/mcm/api/land?token=e9973a23defeeb0a9beb7764f93bbb1f","imageurl":"/mcm/images/land/2B/15240_46e6d9a4027c.jpg","landname":"30"},{"id":281474999255221,"level":1,"status":1,"posx":21,"posy":8,"cityid":344,"townid":764,"tokenid":"d7baea98ea92897c9f045f35f6d4b492","tokenurl":"/mcm/api/land?token=d7baea98ea92897c9f045f35f6d4b492","imageurl":"/mcm/images/land/2S/6096_2aa4e2bbcfc9.jpg","landname":"31"},{"id":281474999255222,"level":1,"status":0,"posx":22,"posy":8,"cityid":344,"townid":764,"tokenid":"bccbaf4f53719bf009a36bf2a97e775e","tokenurl":"/mcm/api/land?token=bccbaf4f53719bf009a36bf2a97e775e","imageurl":"/mcm/images/land/2S/6097_d7b6a24d859.jpg","landname":"32"},{"id":281474999255223,"level":3,"status":1,"posx":25,"posy":8,"cityid":344,"townid":764,"tokenid":"586e3833fea8c2108d3bc81e2438be98","tokenurl":"/mcm/api/land?token=586e3833fea8c2108d3bc81e2438be98","imageurl":"/mcm/images/land/2B/15241_5612d5e4ec50.jpg","landname":"33"},{"id":281474999255224,"level":1,"status":1,"posx":26,"posy":8,"cityid":344,"townid":764,"tokenid":"f1f8b73393c2e55ef37fd301cd4b8dc3","tokenurl":"/mcm/api/land?token=f1f8b73393c2e55ef37fd301cd4b8dc3","imageurl":"/mcm/images/land/2S/6098_3a9e18c25aa1.jpg","landname":"34"},{"id":281474999255225,"level":2,"status":1,"posx":30,"posy":8,"cityid":344,"townid":764,"tokenid":"60f905347198a1d17d13df2c634350c9","tokenurl":"/mcm/api/land?token=60f905347198a1d17d13df2c634350c9","imageurl":"/mcm/images/land/2A/9149_39eb9e8bc999.jpg","landname":"35"},{"id":281474999255226,"level":3,"status":1,"posx":31,"posy":8,"cityid":344,"townid":764,"tokenid":"ac98c07eb6859911c3572b19ec5dd336","tokenurl":"/mcm/api/land?token=ac98c07eb6859911c3572b19ec5dd336","imageurl":"/mcm/images/land/2B/15242_37733605db42.jpg","landname":"36"},{"id":281474999255227,"level":2,"status":1,"posx":33,"posy":8,"cityid":344,"townid":764,"tokenid":"acfe62960cb24b129f2bdfb1c5117789","tokenurl":"/mcm/api/land?token=acfe62960cb24b129f2bdfb1c5117789","imageurl":"/mcm/images/land/2A/9150_152665ac1bc4.jpg","landname":"37"},{"id":281474999255228,"level":3,"status":1,"posx":34,"posy":8,"cityid":344,"townid":764,"tokenid":"cdad6d3e87d15da13d55fed22f7d8752","tokenurl":"/mcm/api/land?token=cdad6d3e87d15da13d55fed22f7d8752","imageurl":"/mcm/images/land/2B/15243_38ffbbd58838.jpg","landname":"38"},{"id":281474999255229,"level":2,"status":1,"posx":6,"posy":9,"cityid":344,"townid":764,"tokenid":"66cb14925c4a804debcc0fe0c788eaa4","tokenurl":"/mcm/api/land?token=66cb14925c4a804debcc0fe0c788eaa4","imageurl":"/mcm/images/land/2A/9151_2ffca2d9e3f0.jpg","landname":"39"},{"id":281474999255230,"level":2,"status":0,"posx":7,"posy":9,"cityid":344,"townid":764,"tokenid":"22dc2ad2a437ef0beb8039f36b113bce","tokenurl":"/mcm/api/land?token=22dc2ad2a437ef0beb8039f36b113bce","imageurl":"/mcm/images/land/2A/9152_223fedebdf1d.jpg","landname":"40"},{"id":281474999255231,"level":2,"status":0,"posx":15,"posy":9,"cityid":344,"townid":764,"tokenid":"77662d916702dc131d3ec26c9a126dae","tokenurl":"/mcm/api/land?token=77662d916702dc131d3ec26c9a126dae","imageurl":"/mcm/images/land/2A/9153_1ba427e22988.jpg","landname":"41"},{"id":281474999255232,"level":2,"status":1,"posx":16,"posy":9,"cityid":344,"townid":764,"tokenid":"165b4d6bb7a734c8d4858e87384d3ce3","tokenurl":"/mcm/api/land?token=165b4d6bb7a734c8d4858e87384d3ce3","imageurl":"/mcm/images/land/2A/9154_534120aee8ec.jpg","landname":"42"},{"id":281474999255233,"level":2,"status":0,"posx":21,"posy":9,"cityid":344,"townid":764,"tokenid":"60c6a78368963ad2508fc8e363b70109","tokenurl":"/mcm/api/land?token=60c6a78368963ad2508fc8e363b70109","imageurl":"/mcm/images/land/2A/9155_2bb653e5bbfb.jpg","landname":"43"},{"id":281474999255234,"level":3,"status":1,"posx":22,"posy":9,"cityid":344,"townid":764,"tokenid":"d88a63dc517b4869f84e6c1ce38072c4","tokenurl":"/mcm/api/land?token=d88a63dc517b4869f84e6c1ce38072c4","imageurl":"/mcm/images/land/2B/15244_152991198a68.jpg","landname":"44"},{"id":281474999255235,"level":1,"status":1,"posx":25,"posy":9,"cityid":344,"townid":764,"tokenid":"2e3cc37d05fa7c0e5fe00a49ab83695d","tokenurl":"/mcm/api/land?token=2e3cc37d05fa7c0e5fe00a49ab83695d","imageurl":"/mcm/images/land/2S/6099_59d6bc5bb671.jpg","landname":"45"},{"id":281474999255236,"level":3,"status":0,"posx":26,"posy":9,"cityid":344,"townid":764,"tokenid":"a566993c5fc090fad880721185fff4dd","tokenurl":"/mcm/api/land?token=a566993c5fc090fad880721185fff4dd","imageurl":"/mcm/images/land/2B/15245_385d1c261401.jpg","landname":"46"},{"id":281474999255237,"level":3,"status":1,"posx":30,"posy":9,"cityid":344,"townid":764,"tokenid":"e944d7671f0d36d85a2bb0bae62394ba","tokenurl":"/mcm/api/land?token=e944d7671f0d36d85a2bb0bae62394ba","imageurl":"/mcm/images/land/2B/15246_28f34cda8573.jpg","landname":"47"},{"id":281474999255238,"level":2,"status":1,"posx":31,"posy":9,"cityid":344,"townid":764,"tokenid":"1bc3470cc42a9b3bcf6b21f4a933d517","tokenurl":"/mcm/api/land?token=1bc3470cc42a9b3bcf6b21f4a933d517","imageurl":"/mcm/images/land/2A/9156_40221f86d1c4.jpg","landname":"48"},{"id":281474999255239,"level":3,"status":0,"posx":33,"posy":9,"cityid":344,"townid":764,"tokenid":"9376c9031533d789c4d8a07d9f738716","tokenurl":"/mcm/api/land?token=9376c9031533d789c4d8a07d9f738716","imageurl":"/mcm/images/land/2B/15247_296987c166bf.jpg","landname":"49"},{"id":281474999255240,"level":3,"status":0,"posx":34,"posy":9,"cityid":344,"townid":764,"tokenid":"f5cde33ccf961dc74dc1f6626c63e09b","tokenurl":"/mcm/api/land?token=f5cde33ccf961dc74dc1f6626c63e09b","imageurl":"/mcm/images/land/2B/15248_53e1605245e9.jpg","landname":"50"},{"id":281474999255241,"level":3,"status":0,"posx":6,"posy":10,"cityid":344,"townid":764,"tokenid":"fa5819963083d0c8f108c97ea0f04608","tokenurl":"/mcm/api/land?token=fa5819963083d0c8f108c97ea0f04608","imageurl":"/mcm/images/land/2B/15249_4f2ab6a44734.jpg","landname":"51"},{"id":281474999255242,"level":1,"status":0,"posx":7,"posy":10,"cityid":344,"townid":764,"tokenid":"c1d36caa5026c678665c04f7d33eca21","tokenurl":"/mcm/api/land?token=c1d36caa5026c678665c04f7d33eca21","imageurl":"/mcm/images/land/2S/6100_d02f8bce5b7.jpg","landname":"52"},{"id":281474999255243,"level":1,"status":1,"posx":11,"posy":10,"cityid":344,"townid":764,"tokenid":"c9869d1eef5982cc0c697e7443567e88","tokenurl":"/mcm/api/land?token=c9869d1eef5982cc0c697e7443567e88","imageurl":"/mcm/images/land/2S/6101_157a944c2f7c.jpg","landname":"53"},{"id":281474999255244,"level":1,"status":0,"posx":12,"posy":10,"cityid":344,"townid":764,"tokenid":"c74b6c085ed00bd7adc2f2b16e10184f","tokenurl":"/mcm/api/land?token=c74b6c085ed00bd7adc2f2b16e10184f","imageurl":"/mcm/images/land/2S/6102_37554798771b.jpg","landname":"54"},{"id":281474999255245,"level":3,"status":1,"posx":21,"posy":10,"cityid":344,"townid":764,"tokenid":"7948baa7933a41159677b41a4762fd53","tokenurl":"/mcm/api/land?token=7948baa7933a41159677b41a4762fd53","imageurl":"/mcm/images/land/2B/15250_155524718910.jpg","landname":"55"},{"id":281474999255246,"level":1,"status":0,"posx":22,"posy":10,"cityid":344,"townid":764,"tokenid":"56b02cb1b9028be3b410c13e063464cf","tokenurl":"/mcm/api/land?token=56b02cb1b9028be3b410c13e063464cf","imageurl":"/mcm/images/land/2S/6103_4b394b7f66d6.jpg","landname":"56"},{"id":281474999255247,"level":1,"status":0,"posx":30,"posy":10,"cityid":344,"townid":764,"tokenid":"55b8de3fb17d2d8995e9ecd5fbabcc61","tokenurl":"/mcm/api/land?token=55b8de3fb17d2d8995e9ecd5fbabcc61","imageurl":"/mcm/images/land/2S/6104_18bbe28015f2.jpg","landname":"57"},{"id":281474999255248,"level":3,"status":1,"posx":31,"posy":10,"cityid":344,"townid":764,"tokenid":"3bde3ec979336db5c428a9f7331e24cf","tokenurl":"/mcm/api/land?token=3bde3ec979336db5c428a9f7331e24cf","imageurl":"/mcm/images/land/2B/15251_391b33777fb7.jpg","landname":"58"},{"id":281474999255249,"level":1,"status":0,"posx":33,"posy":10,"cityid":344,"townid":764,"tokenid":"5870ca08a22e52101c2478d186244244","tokenurl":"/mcm/api/land?token=5870ca08a22e52101c2478d186244244","imageurl":"/mcm/images/land/2S/6105_554e8191d0c5.jpg","landname":"59"},{"id":281474999255250,"level":3,"status":0,"posx":34,"posy":10,"cityid":344,"townid":764,"tokenid":"a3f55d12bdcdfd495ee31e4836d3bf49","tokenurl":"/mcm/api/land?token=a3f55d12bdcdfd495ee31e4836d3bf49","imageurl":"/mcm/images/land/2B/15252_2fe0d5d200e1.jpg","landname":"60"},{"id":281474999255251,"level":2,"status":0,"posx":11,"posy":11,"cityid":344,"townid":764,"tokenid":"df9d8f6ed72b4fcd1f5f14c93d90911c","tokenurl":"/mcm/api/land?token=df9d8f6ed72b4fcd1f5f14c93d90911c","imageurl":"/mcm/images/land/2A/9157_3a00f3701c09.jpg","landname":"61"},{"id":281474999255252,"level":2,"status":1,"posx":12,"posy":11,"cityid":344,"townid":764,"tokenid":"e3ca038b16cd048769d060334c5764ad","tokenurl":"/mcm/api/land?token=e3ca038b16cd048769d060334c5764ad","imageurl":"/mcm/images/land/2A/9158_2d85807bdff7.jpg","landname":"62"},{"id":281474999255253,"level":3,"status":0,"posx":21,"posy":11,"cityid":344,"townid":764,"tokenid":"c68b13b619b55953a01c3ba7623e0b47","tokenurl":"/mcm/api/land?token=c68b13b619b55953a01c3ba7623e0b47","imageurl":"/mcm/images/land/2B/15253_4b6f98da5524.jpg","landname":"63"},{"id":281474999255254,"level":1,"status":1,"posx":22,"posy":11,"cityid":344,"townid":764,"tokenid":"0f446f0b08f8788f6fd97ac1ed9a5251","tokenurl":"/mcm/api/land?token=0f446f0b08f8788f6fd97ac1ed9a5251","imageurl":"/mcm/images/land/2S/6106_53ed268a0b49.jpg","landname":"64"},{"id":281474999255255,"level":2,"status":0,"posx":11,"posy":12,"cityid":344,"townid":764,"tokenid":"33434578b46f61788b0586be2e874c6b","tokenurl":"/mcm/api/land?token=33434578b46f61788b0586be2e874c6b","imageurl":"/mcm/images/land/2A/9159_4b1de53e8b46.jpg","landname":"65"},{"id":281474999255256,"level":1,"status":1,"posx":12,"posy":12,"cityid":344,"townid":764,"tokenid":"0d41005d852b2e6872f44e9e993a5c2f","tokenurl":"/mcm/api/land?token=0d41005d852b2e6872f44e9e993a5c2f","imageurl":"/mcm/images/land/2S/6107_28fcb0182859.jpg","landname":"66"},{"id":281474999255257,"level":2,"status":1,"posx":11,"posy":13,"cityid":344,"townid":764,"tokenid":"15aa58736d9988987ffbbd84df6ff5ef","tokenurl":"/mcm/api/land?token=15aa58736d9988987ffbbd84df6ff5ef","imageurl":"/mcm/images/land/2A/9160_1b70fb35db6d.jpg","landname":"67"},{"id":281474999255258,"level":3,"status":1,"posx":12,"posy":13,"cityid":344,"townid":764,"tokenid":"3627c1e4a48b21536c2af8718dc553b9","tokenurl":"/mcm/api/land?token=3627c1e4a48b21536c2af8718dc553b9","imageurl":"/mcm/images/land/2B/15254_5f36240c76.jpg","landname":"68"},{"id":281474999255259,"level":2,"status":1,"posx":11,"posy":14,"cityid":344,"townid":764,"tokenid":"105753fae8115108c5f663061f811381","tokenurl":"/mcm/api/land?token=105753fae8115108c5f663061f811381","imageurl":"/mcm/images/land/2A/9161_1209ad196030.jpg","landname":"69"},{"id":281474999255260,"level":2,"status":1,"posx":12,"posy":14,"cityid":344,"townid":764,"tokenid":"20e3fd2245e921dfb179a2e783719356","tokenurl":"/mcm/api/land?token=20e3fd2245e921dfb179a2e783719356","imageurl":"/mcm/images/land/2A/9162_29e8fa9a2e4c.jpg","landname":"70"},{"id":281474999255261,"level":2,"status":0,"posx":8,"posy":20,"cityid":344,"townid":764,"tokenid":"740b3cc410dc633ffe57ab9272a7a19e","tokenurl":"/mcm/api/land?token=740b3cc410dc633ffe57ab9272a7a19e","imageurl":"/mcm/images/land/2A/9163_22e58461a97e.jpg","landname":"71"},{"id":281474999255262,"level":2,"status":0,"posx":9,"posy":20,"cityid":344,"townid":764,"tokenid":"b0ef0b199ed60d6d6f0f00fcc8fc411d","tokenurl":"/mcm/api/land?token=b0ef0b199ed60d6d6f0f00fcc8fc411d","imageurl":"/mcm/images/land/2A/9164_100d365a9462.jpg","landname":"72"},{"id":281474999255263,"level":3,"status":1,"posx":10,"posy":20,"cityid":344,"townid":764,"tokenid":"52a213cd60602b827481886ddbf1f939","tokenurl":"/mcm/api/land?token=52a213cd60602b827481886ddbf1f939","imageurl":"/mcm/images/land/2B/15255_19b28a17304d.jpg","landname":"73"},{"id":281474999255264,"level":3,"status":1,"posx":11,"posy":20,"cityid":344,"townid":764,"tokenid":"2ac1a7d61b7cc5f9799c7ed3086cad8d","tokenurl":"/mcm/api/land?token=2ac1a7d61b7cc5f9799c7ed3086cad8d","imageurl":"/mcm/images/land/2B/15256_48729e081faf.jpg","landname":"74"},{"id":281474999255265,"level":3,"status":0,"posx":12,"posy":20,"cityid":344,"townid":764,"tokenid":"bc948489a1abd917f3c8b38998f38bef","tokenurl":"/mcm/api/land?token=bc948489a1abd917f3c8b38998f38bef","imageurl":"/mcm/images/land/2B/15257_1dd323d35572.jpg","landname":"75"},{"id":281474999255266,"level":2,"status":0,"posx":8,"posy":21,"cityid":344,"townid":764,"tokenid":"462c3bd1a8cbb4b9451a9685c0c08c09","tokenurl":"/mcm/api/land?token=462c3bd1a8cbb4b9451a9685c0c08c09","imageurl":"/mcm/images/land/2A/9165_4dbff887f6e4.jpg","landname":"76"},{"id":281474999255267,"level":1,"status":1,"posx":9,"posy":21,"cityid":344,"townid":764,"tokenid":"3730fa58b5fad61acfb57ef6c5447221","tokenurl":"/mcm/api/land?token=3730fa58b5fad61acfb57ef6c5447221","imageurl":"/mcm/images/land/2S/6108_1d95df4916c.jpg","landname":"77"},{"id":281474999255268,"level":1,"status":0,"posx":10,"posy":21,"cityid":344,"townid":764,"tokenid":"b60d8be16a65efe26da61e2f0dcda40e","tokenurl":"/mcm/api/land?token=b60d8be16a65efe26da61e2f0dcda40e","imageurl":"/mcm/images/land/2S/6109_57a0503c766b.jpg","landname":"78"},{"id":281474999255269,"level":1,"status":0,"posx":11,"posy":21,"cityid":344,"townid":764,"tokenid":"781bcd7ce1c04f376b2d0766e9be958b","tokenurl":"/mcm/api/land?token=781bcd7ce1c04f376b2d0766e9be958b","imageurl":"/mcm/images/land/2S/6110_4665335edea7.jpg","landname":"79"},{"id":281474999255270,"level":2,"status":1,"posx":12,"posy":21,"cityid":344,"townid":764,"tokenid":"2033a81dadf310fbb2af677169fa0b29","tokenurl":"/mcm/api/land?token=2033a81dadf310fbb2af677169fa0b29","imageurl":"/mcm/images/land/2A/9166_2fcc8705a3f.jpg","landname":"80"},{"id":281474999255271,"level":2,"status":0,"posx":27,"posy":22,"cityid":344,"townid":764,"tokenid":"f0f6c2cb01adae530d9980529a0ffd13","tokenurl":"/mcm/api/land?token=f0f6c2cb01adae530d9980529a0ffd13","imageurl":"/mcm/images/land/2A/9167_2a36d21b5078.jpg","landname":"81"},{"id":281474999255272,"level":2,"status":1,"posx":28,"posy":22,"cityid":344,"townid":764,"tokenid":"f094e8df9041221f6cf435310971e353","tokenurl":"/mcm/api/land?token=f094e8df9041221f6cf435310971e353","imageurl":"/mcm/images/land/2A/9168_1913e61ca581.jpg","landname":"82"},{"id":281474999255273,"level":3,"status":0,"posx":29,"posy":22,"cityid":344,"townid":764,"tokenid":"4053974e09e57a0ea1e1ffc93877652b","tokenurl":"/mcm/api/land?token=4053974e09e57a0ea1e1ffc93877652b","imageurl":"/mcm/images/land/2B/15258_2fb1970628cd.jpg","landname":"83"},{"id":281474999255274,"level":3,"status":1,"posx":30,"posy":22,"cityid":344,"townid":764,"tokenid":"0ceac4b7616f043856db243eb9ba9ae0","tokenurl":"/mcm/api/land?token=0ceac4b7616f043856db243eb9ba9ae0","imageurl":"/mcm/images/land/2B/15259_2d593921192c.jpg","landname":"84"},{"id":281474999255275,"level":3,"status":0,"posx":31,"posy":22,"cityid":344,"townid":764,"tokenid":"9eea0f54bbc0b7e3b842b3751c2518c0","tokenurl":"/mcm/api/land?token=9eea0f54bbc0b7e3b842b3751c2518c0","imageurl":"/mcm/images/land/2B/15260_500357ec62c9.jpg","landname":"85"},{"id":281474999255276,"level":1,"status":0,"posx":27,"posy":23,"cityid":344,"townid":764,"tokenid":"8681a59b5e2ac1af4426c163890e2177","tokenurl":"/mcm/api/land?token=8681a59b5e2ac1af4426c163890e2177","imageurl":"/mcm/images/land/2S/6111_3d774a94b51f.jpg","landname":"86"},{"id":281474999255277,"level":3,"status":0,"posx":28,"posy":23,"cityid":344,"townid":764,"tokenid":"bc4b86c4e286575e45af323089552616","tokenurl":"/mcm/api/land?token=bc4b86c4e286575e45af323089552616","imageurl":"/mcm/images/land/2B/15261_3b3627fa7200.jpg","landname":"87"},{"id":281474999255278,"level":2,"status":1,"posx":29,"posy":23,"cityid":344,"townid":764,"tokenid":"74ce8c83f6ac25e62a57272b3ff03362","tokenurl":"/mcm/api/land?token=74ce8c83f6ac25e62a57272b3ff03362","imageurl":"/mcm/images/land/2A/9169_2193c2f2d659.jpg","landname":"88"},{"id":281474999255279,"level":3,"status":0,"posx":30,"posy":23,"cityid":344,"townid":764,"tokenid":"e4a1f38f480e4bb7f428615946386dee","tokenurl":"/mcm/api/land?token=e4a1f38f480e4bb7f428615946386dee","imageurl":"/mcm/images/land/2B/15262_19fb7fca1d1e.jpg","landname":"89"},{"id":281474999255280,"level":1,"status":1,"posx":31,"posy":23,"cityid":344,"townid":764,"tokenid":"5bb499b6bca9a663f094629d79b098d9","tokenurl":"/mcm/api/land?token=5bb499b6bca9a663f094629d79b098d9","imageurl":"/mcm/images/land/2S/6112_57797b6f8954.jpg","landname":"90"},{"id":281474999255281,"level":3,"status":0,"posx":8,"posy":24,"cityid":344,"townid":764,"tokenid":"28d47a20f85004c8cb9d9158ace138e1","tokenurl":"/mcm/api/land?token=28d47a20f85004c8cb9d9158ace138e1","imageurl":"/mcm/images/land/2B/15263_33d507128f5a.jpg","landname":"91"},{"id":281474999255282,"level":2,"status":0,"posx":9,"posy":24,"cityid":344,"townid":764,"tokenid":"5f3fbf06cbb48198ddafa460cb3189a2","tokenurl":"/mcm/api/land?token=5f3fbf06cbb48198ddafa460cb3189a2","imageurl":"/mcm/images/land/2A/9170_39f311802e60.jpg","landname":"92"},{"id":281474999255283,"level":3,"status":0,"posx":10,"posy":24,"cityid":344,"townid":764,"tokenid":"7f1f5f2da0c6d669e67aeb53f15c660c","tokenurl":"/mcm/api/land?token=7f1f5f2da0c6d669e67aeb53f15c660c","imageurl":"/mcm/images/land/2B/15264_4972daa5bddd.jpg","landname":"93"},{"id":281474999255284,"level":3,"status":0,"posx":11,"posy":24,"cityid":344,"townid":764,"tokenid":"955e1eef720564cc021a59a4f7a78473","tokenurl":"/mcm/api/land?token=955e1eef720564cc021a59a4f7a78473","imageurl":"/mcm/images/land/2B/15265_28ea8464617.jpg","landname":"94"},{"id":281474999255285,"level":3,"status":0,"posx":12,"posy":24,"cityid":344,"townid":764,"tokenid":"ddbf7057c4d7e58aa908934ecf57cbe6","tokenurl":"/mcm/api/land?token=ddbf7057c4d7e58aa908934ecf57cbe6","imageurl":"/mcm/images/land/2B/15266_5819ff5d900.jpg","landname":"95"},{"id":281474999255286,"level":1,"status":1,"posx":17,"posy":24,"cityid":344,"townid":764,"tokenid":"579528a147b9a514d4aaa4abe27cea03","tokenurl":"/mcm/api/land?token=579528a147b9a514d4aaa4abe27cea03","imageurl":"/mcm/images/land/2S/6113_1d73a3ed8f89.jpg","landname":"96"},{"id":281474999255287,"level":3,"status":0,"posx":18,"posy":24,"cityid":344,"townid":764,"tokenid":"0b9f59cfa3a7145a3c524dd8179a820c","tokenurl":"/mcm/api/land?token=0b9f59cfa3a7145a3c524dd8179a820c","imageurl":"/mcm/images/land/2B/15267_4fecc887c5b2.jpg","landname":"97"},{"id":281474999255288,"level":2,"status":0,"posx":19,"posy":24,"cityid":344,"townid":764,"tokenid":"adfc5c6bb72a1626a150d083efcafdad","tokenurl":"/mcm/api/land?token=adfc5c6bb72a1626a150d083efcafdad","imageurl":"/mcm/images/land/2A/9171_f903cac689a.jpg","landname":"98"},{"id":281474999255289,"level":3,"status":1,"posx":20,"posy":24,"cityid":344,"townid":764,"tokenid":"3dac57979413752eb24e692ea21d9769","tokenurl":"/mcm/api/land?token=3dac57979413752eb24e692ea21d9769","imageurl":"/mcm/images/land/2B/15268_8a8f4c38ddb.jpg","landname":"99"},{"id":281474999255290,"level":3,"status":0,"posx":21,"posy":24,"cityid":344,"townid":764,"tokenid":"28f39148978f8afac56ca3d2968543ee","tokenurl":"/mcm/api/land?token=28f39148978f8afac56ca3d2968543ee","imageurl":"/mcm/images/land/2B/15269_5a5ba5f0602e.jpg","landname":"100"},{"id":281474999255291,"level":3,"status":1,"posx":8,"posy":25,"cityid":344,"townid":764,"tokenid":"daba870d8c5b970c53dec31a20174cb0","tokenurl":"/mcm/api/land?token=daba870d8c5b970c53dec31a20174cb0","imageurl":"/mcm/images/land/2B/15270_5a7b240355b.jpg","landname":"101"},{"id":281474999255292,"level":2,"status":0,"posx":9,"posy":25,"cityid":344,"townid":764,"tokenid":"ce8e00e83fa651e142b35035b8d64b93","tokenurl":"/mcm/api/land?token=ce8e00e83fa651e142b35035b8d64b93","imageurl":"/mcm/images/land/2A/9172_2cb46a342ef0.jpg","landname":"102"},{"id":281474999255293,"level":3,"status":0,"posx":10,"posy":25,"cityid":344,"townid":764,"tokenid":"228fbf9e26232e6f60468f2cdaf73929","tokenurl":"/mcm/api/land?token=228fbf9e26232e6f60468f2cdaf73929","imageurl":"/mcm/images/land/2B/15271_3c5996874266.jpg","landname":"103"},{"id":281474999255294,"level":2,"status":0,"posx":11,"posy":25,"cityid":344,"townid":764,"tokenid":"39075e4eb7d21792ac93bf6e2a9f6fd1","tokenurl":"/mcm/api/land?token=39075e4eb7d21792ac93bf6e2a9f6fd1","imageurl":"/mcm/images/land/2A/9173_38fc6f49d7c5.jpg","landname":"104"},{"id":281474999255295,"level":1,"status":0,"posx":12,"posy":25,"cityid":344,"townid":764,"tokenid":"7c042e060940979290dc2e798fd69325","tokenurl":"/mcm/api/land?token=7c042e060940979290dc2e798fd69325","imageurl":"/mcm/images/land/2S/6114_29e2306589e4.jpg","landname":"105"},{"id":281474999255296,"level":2,"status":0,"posx":17,"posy":25,"cityid":344,"townid":764,"tokenid":"43843c58c846137600e06d5894a72153","tokenurl":"/mcm/api/land?token=43843c58c846137600e06d5894a72153","imageurl":"/mcm/images/land/2A/9174_52dad3b6874b.jpg","landname":"106"},{"id":281474999255297,"level":3,"status":0,"posx":18,"posy":25,"cityid":344,"townid":764,"tokenid":"fc5f971787742710ac8d2a839f05f5d1","tokenurl":"/mcm/api/land?token=fc5f971787742710ac8d2a839f05f5d1","imageurl":"/mcm/images/land/2B/15272_12dde61d07d7.jpg","landname":"107"},{"id":281474999255298,"level":2,"status":0,"posx":19,"posy":25,"cityid":344,"townid":764,"tokenid":"5319faaf1f18dff5d426fd77dabea3d1","tokenurl":"/mcm/api/land?token=5319faaf1f18dff5d426fd77dabea3d1","imageurl":"/mcm/images/land/2A/9175_582dcd77d30c.jpg","landname":"108"},{"id":281474999255299,"level":3,"status":0,"posx":20,"posy":25,"cityid":344,"townid":764,"tokenid":"77a162423547b3aedc3dc4c490dcfbb9","tokenurl":"/mcm/api/land?token=77a162423547b3aedc3dc4c490dcfbb9","imageurl":"/mcm/images/land/2B/15273_589cc9644806.jpg","landname":"109"},{"id":281474999255300,"level":3,"status":1,"posx":21,"posy":25,"cityid":344,"townid":764,"tokenid":"b4c129586c100e65e027e9e67d7b9b49","tokenurl":"/mcm/api/land?token=b4c129586c100e65e027e9e67d7b9b49","imageurl":"/mcm/images/land/2B/15274_3ce16e77f90b.jpg","landname":"110"},{"id":281474999255301,"level":3,"status":1,"posx":27,"posy":26,"cityid":344,"townid":764,"tokenid":"25b0ae79c52993cfbf31b2e6aff0a6b6","tokenurl":"/mcm/api/land?token=25b0ae79c52993cfbf31b2e6aff0a6b6","imageurl":"/mcm/images/land/2B/15275_2bd9f62db315.jpg","landname":"111"},{"id":281474999255302,"level":3,"status":1,"posx":28,"posy":26,"cityid":344,"townid":764,"tokenid":"f4e6771698c9e3f1cce7e42d12897f4e","tokenurl":"/mcm/api/land?token=f4e6771698c9e3f1cce7e42d12897f4e","imageurl":"/mcm/images/land/2B/15276_44fd949bcaa3.jpg","landname":"112"},{"id":281474999255303,"level":2,"status":1,"posx":27,"posy":27,"cityid":344,"townid":764,"tokenid":"78c130dd9205dd46a20e4dbd104daf94","tokenurl":"/mcm/api/land?token=78c130dd9205dd46a20e4dbd104daf94","imageurl":"/mcm/images/land/2A/9176_24fe46f4b637.jpg","landname":"113"},{"id":281474999255304,"level":3,"status":0,"posx":28,"posy":27,"cityid":344,"townid":764,"tokenid":"de3f04941354bf59ceeba501737cd541","tokenurl":"/mcm/api/land?token=de3f04941354bf59ceeba501737cd541","imageurl":"/mcm/images/land/2B/15277_1ae72e77e64d.jpg","landname":"114"},{"id":281474999255305,"level":1,"status":0,"posx":32,"posy":27,"cityid":344,"townid":764,"tokenid":"485c8bd00fd223ff65f950fd589c06df","tokenurl":"/mcm/api/land?token=485c8bd00fd223ff65f950fd589c06df","imageurl":"/mcm/images/land/2S/6115_2da503417a14.jpg","landname":"115"},{"id":281474999255306,"level":2,"status":0,"posx":33,"posy":27,"cityid":344,"townid":764,"tokenid":"5db72462a938eb92629bcdd2ddd510d6","tokenurl":"/mcm/api/land?token=5db72462a938eb92629bcdd2ddd510d6","imageurl":"/mcm/images/land/2A/9177_28121cc7d15a.jpg","landname":"116"},{"id":281474999255307,"level":1,"status":1,"posx":8,"posy":28,"cityid":344,"townid":764,"tokenid":"5770bce44e61a26c208fff9a2cdcdc7c","tokenurl":"/mcm/api/land?token=5770bce44e61a26c208fff9a2cdcdc7c","imageurl":"/mcm/images/land/2S/6116_95032d4005f.jpg","landname":"117"},{"id":281474999255308,"level":3,"status":0,"posx":9,"posy":28,"cityid":344,"townid":764,"tokenid":"72f4f25a90a5285c64e8cb76a403acb8","tokenurl":"/mcm/api/land?token=72f4f25a90a5285c64e8cb76a403acb8","imageurl":"/mcm/images/land/2B/15278_48e7bdcc6e60.jpg","landname":"118"},{"id":281474999255309,"level":3,"status":0,"posx":10,"posy":28,"cityid":344,"townid":764,"tokenid":"016c9ebed0d379dbd72a09f3f848e4b3","tokenurl":"/mcm/api/land?token=016c9ebed0d379dbd72a09f3f848e4b3","imageurl":"/mcm/images/land/2B/15279_4e02b543cf6e.jpg","landname":"119"},{"id":281474999255310,"level":2,"status":0,"posx":11,"posy":28,"cityid":344,"townid":764,"tokenid":"8dd2d0a97583b09c7ce580f22790bff9","tokenurl":"/mcm/api/land?token=8dd2d0a97583b09c7ce580f22790bff9","imageurl":"/mcm/images/land/2A/9178_3750338b3c8b.jpg","landname":"120"},{"id":281474999255311,"level":3,"status":1,"posx":12,"posy":28,"cityid":344,"townid":764,"tokenid":"c05e49e274cd81e9b8a5fb913240e175","tokenurl":"/mcm/api/land?token=c05e49e274cd81e9b8a5fb913240e175","imageurl":"/mcm/images/land/2B/15280_267314fb66fa.jpg","landname":"121"},{"id":281474999255312,"level":3,"status":1,"posx":17,"posy":28,"cityid":344,"townid":764,"tokenid":"1d46af0f05f6ce953fb2318d62a9bac0","tokenurl":"/mcm/api/land?token=1d46af0f05f6ce953fb2318d62a9bac0","imageurl":"/mcm/images/land/2B/15281_12a30acd8680.jpg","landname":"122"},{"id":281474999255313,"level":2,"status":1,"posx":18,"posy":28,"cityid":344,"townid":764,"tokenid":"81107ecb0a1207859d0cf707e54a93c9","tokenurl":"/mcm/api/land?token=81107ecb0a1207859d0cf707e54a93c9","imageurl":"/mcm/images/land/2A/9179_37540c55a1d0.jpg","landname":"123"},{"id":281474999255314,"level":3,"status":1,"posx":19,"posy":28,"cityid":344,"townid":764,"tokenid":"c40c41b7d4901e59798df2e97975e5b9","tokenurl":"/mcm/api/land?token=c40c41b7d4901e59798df2e97975e5b9","imageurl":"/mcm/images/land/2B/15282_231fc76fb456.jpg","landname":"124"},{"id":281474999255315,"level":3,"status":0,"posx":20,"posy":28,"cityid":344,"townid":764,"tokenid":"bc919328795c2feb7d0f7630298b5477","tokenurl":"/mcm/api/land?token=bc919328795c2feb7d0f7630298b5477","imageurl":"/mcm/images/land/2B/15283_80c447ce5de.jpg","landname":"125"},{"id":281474999255316,"level":2,"status":1,"posx":21,"posy":28,"cityid":344,"townid":764,"tokenid":"72c105e4cec4b48ee4e6f21b22e0ba9e","tokenurl":"/mcm/api/land?token=72c105e4cec4b48ee4e6f21b22e0ba9e","imageurl":"/mcm/images/land/2A/9180_8671cf6cbc.jpg","landname":"126"},{"id":281474999255317,"level":3,"status":1,"posx":27,"posy":28,"cityid":344,"townid":764,"tokenid":"daee525b34032a975a3c075885435ccd","tokenurl":"/mcm/api/land?token=daee525b34032a975a3c075885435ccd","imageurl":"/mcm/images/land/2B/15284_272637dff3c2.jpg","landname":"127"},{"id":281474999255318,"level":2,"status":0,"posx":28,"posy":28,"cityid":344,"townid":764,"tokenid":"2407be24ea9ac8884d31f85c8ee0a4db","tokenurl":"/mcm/api/land?token=2407be24ea9ac8884d31f85c8ee0a4db","imageurl":"/mcm/images/land/2A/9181_65095376097.jpg","landname":"128"},{"id":281474999255319,"level":3,"status":1,"posx":32,"posy":28,"cityid":344,"townid":764,"tokenid":"be3ea3329d357c141f53b58adcee2fe6","tokenurl":"/mcm/api/land?token=be3ea3329d357c141f53b58adcee2fe6","imageurl":"/mcm/images/land/2B/15285_827dc5dd9ef.jpg","landname":"129"},{"id":281474999255320,"level":3,"status":1,"posx":33,"posy":28,"cityid":344,"townid":764,"tokenid":"e5b1487abc7678f439351c146b28227f","tokenurl":"/mcm/api/land?token=e5b1487abc7678f439351c146b28227f","imageurl":"/mcm/images/land/2B/15286_3ef41a596389.jpg","landname":"130"},{"id":281474999255321,"level":3,"status":1,"posx":8,"posy":29,"cityid":344,"townid":764,"tokenid":"caf9cd4eafc06ba2637c154043dbabaf","tokenurl":"/mcm/api/land?token=caf9cd4eafc06ba2637c154043dbabaf","imageurl":"/mcm/images/land/2B/15287_2c0e4a996ef9.jpg","landname":"131"},{"id":281474999255322,"level":3,"status":1,"posx":9,"posy":29,"cityid":344,"townid":764,"tokenid":"924e52848cbc7031db675261058dfc22","tokenurl":"/mcm/api/land?token=924e52848cbc7031db675261058dfc22","imageurl":"/mcm/images/land/2B/15288_57a78437434.jpg","landname":"132"},{"id":281474999255323,"level":1,"status":0,"posx":10,"posy":29,"cityid":344,"townid":764,"tokenid":"bcb9d2c0671c4e28953c73ba13deb471","tokenurl":"/mcm/api/land?token=bcb9d2c0671c4e28953c73ba13deb471","imageurl":"/mcm/images/land/2S/6117_22e02bab75d6.jpg","landname":"133"},{"id":281474999255324,"level":3,"status":1,"posx":11,"posy":29,"cityid":344,"townid":764,"tokenid":"88c0fd92bfdbafdb0885bfa806d229b3","tokenurl":"/mcm/api/land?token=88c0fd92bfdbafdb0885bfa806d229b3","imageurl":"/mcm/images/land/2B/15289_c23a3e958cb.jpg","landname":"134"},{"id":281474999255325,"level":3,"status":1,"posx":12,"posy":29,"cityid":344,"townid":764,"tokenid":"4e7dee5b718ba144b79d57ac52152377","tokenurl":"/mcm/api/land?token=4e7dee5b718ba144b79d57ac52152377","imageurl":"/mcm/images/land/2B/15290_4d41b442cbf8.jpg","landname":"135"},{"id":281474999255326,"level":3,"status":1,"posx":17,"posy":29,"cityid":344,"townid":764,"tokenid":"32024ed60240a1c296da453b43c8583d","tokenurl":"/mcm/api/land?token=32024ed60240a1c296da453b43c8583d","imageurl":"/mcm/images/land/2B/15291_dfec28c22d3.jpg","landname":"136"},{"id":281474999255327,"level":1,"status":1,"posx":18,"posy":29,"cityid":344,"townid":764,"tokenid":"de28c4f52f2bd8b270baf049dfe4c458","tokenurl":"/mcm/api/land?token=de28c4f52f2bd8b270baf049dfe4c458","imageurl":"/mcm/images/land/2S/6118_393e045d838d.jpg","landname":"137"},{"id":281474999255328,"level":1,"status":0,"posx":19,"posy":29,"cityid":344,"townid":764,"tokenid":"78ce89a710d36201de53e0432ba5982c","tokenurl":"/mcm/api/land?token=78ce89a710d36201de53e0432ba5982c","imageurl":"/mcm/images/land/2S/6119_461a69efe2.jpg","landname":"138"},{"id":281474999255329,"level":3,"status":1,"posx":20,"posy":29,"cityid":344,"townid":764,"tokenid":"875b9d38c5fa762942c84aaec31a877b","tokenurl":"/mcm/api/land?token=875b9d38c5fa762942c84aaec31a877b","imageurl":"/mcm/images/land/2B/15292_fbc0d0a5fec.jpg","landname":"139"},{"id":281474999255330,"level":3,"status":0,"posx":21,"posy":29,"cityid":344,"townid":764,"tokenid":"811b491ffc69e6640e35927e92e4a446","tokenurl":"/mcm/api/land?token=811b491ffc69e6640e35927e92e4a446","imageurl":"/mcm/images/land/2B/15293_1531b7e8b371.jpg","landname":"140"},{"id":281474999255331,"level":3,"status":1,"posx":27,"posy":29,"cityid":344,"townid":764,"tokenid":"9a26bc3e0fc5962b498a13931548f78a","tokenurl":"/mcm/api/land?token=9a26bc3e0fc5962b498a13931548f78a","imageurl":"/mcm/images/land/2B/15294_3c73de20efc5.jpg","landname":"141"},{"id":281474999255332,"level":3,"status":0,"posx":28,"posy":29,"cityid":344,"townid":764,"tokenid":"dfc9253b0a084721840a68bb873459ae","tokenurl":"/mcm/api/land?token=dfc9253b0a084721840a68bb873459ae","imageurl":"/mcm/images/land/2B/15295_1e7a8367fefc.jpg","landname":"142"},{"id":281474999255333,"level":3,"status":0,"posx":32,"posy":29,"cityid":344,"townid":764,"tokenid":"50c77791da67fc8fe672cd001f3ca150","tokenurl":"/mcm/api/land?token=50c77791da67fc8fe672cd001f3ca150","imageurl":"/mcm/images/land/2B/15296_b1da16e6c57.jpg","landname":"143"},{"id":281474999255334,"level":3,"status":1,"posx":33,"posy":29,"cityid":344,"townid":764,"tokenid":"8c0d1ee052f0e774c3c0134c9595217e","tokenurl":"/mcm/api/land?token=8c0d1ee052f0e774c3c0134c9595217e","imageurl":"/mcm/images/land/2B/15297_135960e3671.jpg","landname":"144"},{"id":281474999255335,"level":1,"status":1,"posx":27,"posy":30,"cityid":344,"townid":764,"tokenid":"37669bc2882a213bfe8d0c6ee79f9cc9","tokenurl":"/mcm/api/land?token=37669bc2882a213bfe8d0c6ee79f9cc9","imageurl":"/mcm/images/land/2S/6120_4fa58a0cbe44.jpg","landname":"145"},{"id":281474999255336,"level":3,"status":0,"posx":28,"posy":30,"cityid":344,"townid":764,"tokenid":"d163fa966d0ab86b09f23a4714e3d76e","tokenurl":"/mcm/api/land?token=d163fa966d0ab86b09f23a4714e3d76e","imageurl":"/mcm/images/land/2B/15298_49a0578a88c2.jpg","landname":"146"},{"id":281474999255337,"level":1,"status":1,"posx":32,"posy":30,"cityid":344,"townid":764,"tokenid":"a3808e0afa49121cc2c343ee6f4cb4aa","tokenurl":"/mcm/api/land?token=a3808e0afa49121cc2c343ee6f4cb4aa","imageurl":"/mcm/images/land/2S/6121_51a3a8fa2ad3.jpg","landname":"147"},{"id":281474999255338,"level":3,"status":1,"posx":33,"posy":30,"cityid":344,"townid":764,"tokenid":"a23c1f8489d7939b10ce12d490b641b9","tokenurl":"/mcm/api/land?token=a23c1f8489d7939b10ce12d490b641b9","imageurl":"/mcm/images/land/2B/15299_1b27014666f9.jpg","landname":"148"},{"id":281474999255339,"level":3,"status":0,"posx":32,"posy":31,"cityid":344,"townid":764,"tokenid":"97a07d2bf085f8025a66da2d67279265","tokenurl":"/mcm/api/land?token=97a07d2bf085f8025a66da2d67279265","imageurl":"/mcm/images/land/2B/15300_b97db8ad689.jpg","landname":"149"},{"id":281474999255340,"level":3,"status":1,"posx":33,"posy":31,"cityid":344,"townid":764,"tokenid":"29b99779c0f71c2c4bdc9a028ba452b4","tokenurl":"/mcm/api/land?token=29b99779c0f71c2c4bdc9a028ba452b4","imageurl":"/mcm/images/land/2B/15301_1e85968c0c1f.jpg","landname":"150"}]]],0,0,[],[],[]]
