[1,0,0,[["cc.JsonAsset",["_name","json"],1]],[[0,0,1,3]],[[0,"521",[{"id":281474991325185,"level":3,"status":0,"posx":7,"posy":5,"cityid":223,"townid":521,"tokenid":"ca18c761102c3b42c67b201ee7c6b179","tokenurl":"/mcm/api/land?token=ca18c761102c3b42c67b201ee7c6b179","imageurl":"/mcm/images/land/2B/27602_16bc3e06903c.jpg","landname":"1"},{"id":281474991325186,"level":3,"status":1,"posx":8,"posy":5,"cityid":223,"townid":521,"tokenid":"99c3c84e59981ac17dd44844cd6201cd","tokenurl":"/mcm/api/land?token=99c3c84e59981ac17dd44844cd6201cd","imageurl":"/mcm/images/land/2B/27603_337b44a7a76d.jpg","landname":"2"},{"id":281474991325187,"level":2,"status":0,"posx":16,"posy":5,"cityid":223,"townid":521,"tokenid":"3ef5a8c11f173b7c18939a150ce762bb","tokenurl":"/mcm/api/land?token=3ef5a8c11f173b7c18939a150ce762bb","imageurl":"/mcm/images/land/2A/16562_44de37a7d944.jpg","landname":"3"},{"id":281474991325188,"level":2,"status":0,"posx":17,"posy":5,"cityid":223,"townid":521,"tokenid":"23cfbf97f03c04032727a74d489618f5","tokenurl":"/mcm/api/land?token=23cfbf97f03c04032727a74d489618f5","imageurl":"/mcm/images/land/2A/16563_5230c4da36bb.jpg","landname":"4"},{"id":281474991325189,"level":2,"status":1,"posx":20,"posy":5,"cityid":223,"townid":521,"tokenid":"2356fdfac9982169e8e30fe53e6bc058","tokenurl":"/mcm/api/land?token=2356fdfac9982169e8e30fe53e6bc058","imageurl":"/mcm/images/land/2A/16564_48ecd70b30aa.jpg","landname":"5"},{"id":281474991325190,"level":1,"status":1,"posx":21,"posy":5,"cityid":223,"townid":521,"tokenid":"32d5703d8eb966679fbfe9fcbc611d5b","tokenurl":"/mcm/api/land?token=32d5703d8eb966679fbfe9fcbc611d5b","imageurl":"/mcm/images/land/2S/11042_99dafe85b6b.jpg","landname":"6"},{"id":281474991325191,"level":2,"status":0,"posx":7,"posy":6,"cityid":223,"townid":521,"tokenid":"1c0b5403a56576a0e351f6e9bcbb8938","tokenurl":"/mcm/api/land?token=1c0b5403a56576a0e351f6e9bcbb8938","imageurl":"/mcm/images/land/2A/16565_566c59262871.jpg","landname":"7"},{"id":281474991325192,"level":3,"status":0,"posx":8,"posy":6,"cityid":223,"townid":521,"tokenid":"ae0ad44d9b338e31c2d40abbed061e3c","tokenurl":"/mcm/api/land?token=ae0ad44d9b338e31c2d40abbed061e3c","imageurl":"/mcm/images/land/2B/27604_53fb9eb8340c.jpg","landname":"8"},{"id":281474991325193,"level":2,"status":1,"posx":16,"posy":6,"cityid":223,"townid":521,"tokenid":"598e0048460cc311113a395138d5ceca","tokenurl":"/mcm/api/land?token=598e0048460cc311113a395138d5ceca","imageurl":"/mcm/images/land/2A/16566_4af4079ca0f4.jpg","landname":"9"},{"id":281474991325194,"level":3,"status":1,"posx":17,"posy":6,"cityid":223,"townid":521,"tokenid":"87f89bcaff1519dbfe205b1d4f0a5e43","tokenurl":"/mcm/api/land?token=87f89bcaff1519dbfe205b1d4f0a5e43","imageurl":"/mcm/images/land/2B/27605_8d983a9c491.jpg","landname":"10"},{"id":281474991325195,"level":1,"status":0,"posx":20,"posy":6,"cityid":223,"townid":521,"tokenid":"27e0846dfd7c98eb7c99e016247f74d0","tokenurl":"/mcm/api/land?token=27e0846dfd7c98eb7c99e016247f74d0","imageurl":"/mcm/images/land/2S/11043_1a4222406f07.jpg","landname":"11"},{"id":281474991325196,"level":2,"status":0,"posx":21,"posy":6,"cityid":223,"townid":521,"tokenid":"bde3f542f833ad49ef3c11dd5abba143","tokenurl":"/mcm/api/land?token=bde3f542f833ad49ef3c11dd5abba143","imageurl":"/mcm/images/land/2A/16567_e8536e844ff.jpg","landname":"12"},{"id":281474991325197,"level":3,"status":1,"posx":7,"posy":7,"cityid":223,"townid":521,"tokenid":"2ef1d6df3100f91b1a2bb7d57e22219b","tokenurl":"/mcm/api/land?token=2ef1d6df3100f91b1a2bb7d57e22219b","imageurl":"/mcm/images/land/2B/27606_8ecf2d6d66a.jpg","landname":"13"},{"id":281474991325198,"level":3,"status":1,"posx":8,"posy":7,"cityid":223,"townid":521,"tokenid":"8d3fc0856f047c0e13c0574e25924456","tokenurl":"/mcm/api/land?token=8d3fc0856f047c0e13c0574e25924456","imageurl":"/mcm/images/land/2B/27607_db4ae903f5e.jpg","landname":"14"},{"id":281474991325199,"level":2,"status":1,"posx":16,"posy":7,"cityid":223,"townid":521,"tokenid":"03426a7f84c7aee81a9dbefe82d5909e","tokenurl":"/mcm/api/land?token=03426a7f84c7aee81a9dbefe82d5909e","imageurl":"/mcm/images/land/2A/16568_27587af8cbd7.jpg","landname":"15"},{"id":281474991325200,"level":3,"status":1,"posx":17,"posy":7,"cityid":223,"townid":521,"tokenid":"51a88a82a3dcabdec951410cd2954a0c","tokenurl":"/mcm/api/land?token=51a88a82a3dcabdec951410cd2954a0c","imageurl":"/mcm/images/land/2B/27608_43b91bbb242e.jpg","landname":"16"},{"id":281474991325201,"level":2,"status":1,"posx":20,"posy":7,"cityid":223,"townid":521,"tokenid":"d154340f0f6ff947899851dbc7db3c29","tokenurl":"/mcm/api/land?token=d154340f0f6ff947899851dbc7db3c29","imageurl":"/mcm/images/land/2A/16569_2f08bfbd6904.jpg","landname":"17"},{"id":281474991325202,"level":3,"status":0,"posx":21,"posy":7,"cityid":223,"townid":521,"tokenid":"c6c0d2d9e2515cfb1a4902f05a0a461b","tokenurl":"/mcm/api/land?token=c6c0d2d9e2515cfb1a4902f05a0a461b","imageurl":"/mcm/images/land/2B/27609_4e5ed9db3cfa.jpg","landname":"18"},{"id":281474991325203,"level":2,"status":1,"posx":7,"posy":8,"cityid":223,"townid":521,"tokenid":"823aaf8a9063f8d41a374419c20b2398","tokenurl":"/mcm/api/land?token=823aaf8a9063f8d41a374419c20b2398","imageurl":"/mcm/images/land/2A/16570_3077b7884685.jpg","landname":"19"},{"id":281474991325204,"level":2,"status":1,"posx":8,"posy":8,"cityid":223,"townid":521,"tokenid":"e1821746fd7d04f18a036befa8e6e945","tokenurl":"/mcm/api/land?token=e1821746fd7d04f18a036befa8e6e945","imageurl":"/mcm/images/land/2A/16571_39fe9cbdb9a3.jpg","landname":"20"},{"id":281474991325205,"level":3,"status":0,"posx":16,"posy":8,"cityid":223,"townid":521,"tokenid":"10dbfc352447c532c414d00ea5029428","tokenurl":"/mcm/api/land?token=10dbfc352447c532c414d00ea5029428","imageurl":"/mcm/images/land/2B/27610_416d907af38b.jpg","landname":"21"},{"id":281474991325206,"level":2,"status":0,"posx":17,"posy":8,"cityid":223,"townid":521,"tokenid":"cf63d15ddbe2ae7523685ee3393292d4","tokenurl":"/mcm/api/land?token=cf63d15ddbe2ae7523685ee3393292d4","imageurl":"/mcm/images/land/2A/16572_3b9e13e788d6.jpg","landname":"22"},{"id":281474991325207,"level":3,"status":1,"posx":20,"posy":8,"cityid":223,"townid":521,"tokenid":"008ddd8e1ff0fc2ce70728f40d6ffc45","tokenurl":"/mcm/api/land?token=008ddd8e1ff0fc2ce70728f40d6ffc45","imageurl":"/mcm/images/land/2B/27611_1ec086f9744b.jpg","landname":"23"},{"id":281474991325208,"level":2,"status":0,"posx":21,"posy":8,"cityid":223,"townid":521,"tokenid":"809e4352355b8b1dab81b23d9830f0aa","tokenurl":"/mcm/api/land?token=809e4352355b8b1dab81b23d9830f0aa","imageurl":"/mcm/images/land/2A/16573_166412b7688d.jpg","landname":"24"},{"id":281474991325209,"level":3,"status":1,"posx":28,"posy":8,"cityid":223,"townid":521,"tokenid":"7714e0dc1f093a82c0166ff68eca485c","tokenurl":"/mcm/api/land?token=7714e0dc1f093a82c0166ff68eca485c","imageurl":"/mcm/images/land/2B/27612_31fce4c30c6d.jpg","landname":"25"},{"id":281474991325210,"level":2,"status":1,"posx":29,"posy":8,"cityid":223,"townid":521,"tokenid":"047dbea9cb12c9439065c85cfb0eba7b","tokenurl":"/mcm/api/land?token=047dbea9cb12c9439065c85cfb0eba7b","imageurl":"/mcm/images/land/2A/16574_40214c1f35eb.jpg","landname":"26"},{"id":281474991325211,"level":1,"status":1,"posx":32,"posy":8,"cityid":223,"townid":521,"tokenid":"29a2ff1d051c6cf8eeefc41d6847a605","tokenurl":"/mcm/api/land?token=29a2ff1d051c6cf8eeefc41d6847a605","imageurl":"/mcm/images/land/2S/11044_502be997ec3b.jpg","landname":"27"},{"id":281474991325212,"level":2,"status":1,"posx":33,"posy":8,"cityid":223,"townid":521,"tokenid":"3127671e33c7b4e3178016ccaf6a18f0","tokenurl":"/mcm/api/land?token=3127671e33c7b4e3178016ccaf6a18f0","imageurl":"/mcm/images/land/2A/16575_38a552055c94.jpg","landname":"28"},{"id":281474991325213,"level":2,"status":1,"posx":7,"posy":9,"cityid":223,"townid":521,"tokenid":"8a080065f79d652bf30b41e0af270ae9","tokenurl":"/mcm/api/land?token=8a080065f79d652bf30b41e0af270ae9","imageurl":"/mcm/images/land/2A/16576_15b26680ae4f.jpg","landname":"29"},{"id":281474991325214,"level":1,"status":0,"posx":8,"posy":9,"cityid":223,"townid":521,"tokenid":"45a434974ec369636ecce02ee4958682","tokenurl":"/mcm/api/land?token=45a434974ec369636ecce02ee4958682","imageurl":"/mcm/images/land/2S/11045_4cee4f49e76b.jpg","landname":"30"},{"id":281474991325215,"level":3,"status":1,"posx":16,"posy":9,"cityid":223,"townid":521,"tokenid":"b6fcd3869a37d97165a79b1ac59f73f0","tokenurl":"/mcm/api/land?token=b6fcd3869a37d97165a79b1ac59f73f0","imageurl":"/mcm/images/land/2B/27613_43fe46de28ae.jpg","landname":"31"},{"id":281474991325216,"level":2,"status":0,"posx":17,"posy":9,"cityid":223,"townid":521,"tokenid":"9e7aa55b6cd7c2fbba023ed6ce871935","tokenurl":"/mcm/api/land?token=9e7aa55b6cd7c2fbba023ed6ce871935","imageurl":"/mcm/images/land/2A/16577_59e3b955bd74.jpg","landname":"32"},{"id":281474991325217,"level":3,"status":0,"posx":20,"posy":9,"cityid":223,"townid":521,"tokenid":"7c00b3dcc1b30e081e103f92069c4c46","tokenurl":"/mcm/api/land?token=7c00b3dcc1b30e081e103f92069c4c46","imageurl":"/mcm/images/land/2B/27614_1fc2918eb954.jpg","landname":"33"},{"id":281474991325218,"level":2,"status":1,"posx":21,"posy":9,"cityid":223,"townid":521,"tokenid":"4f6676b1f23f0c2de5986c4b8da3fb3f","tokenurl":"/mcm/api/land?token=4f6676b1f23f0c2de5986c4b8da3fb3f","imageurl":"/mcm/images/land/2A/16578_36dbabea4e47.jpg","landname":"34"},{"id":281474991325219,"level":1,"status":0,"posx":28,"posy":9,"cityid":223,"townid":521,"tokenid":"3f36296107b0e6b734756ea78efe54a0","tokenurl":"/mcm/api/land?token=3f36296107b0e6b734756ea78efe54a0","imageurl":"/mcm/images/land/2S/11046_10758bd0103e.jpg","landname":"35"},{"id":281474991325220,"level":2,"status":0,"posx":29,"posy":9,"cityid":223,"townid":521,"tokenid":"d6b0cd150a8a6323d62cb82693078b41","tokenurl":"/mcm/api/land?token=d6b0cd150a8a6323d62cb82693078b41","imageurl":"/mcm/images/land/2A/16579_1a2e9ca33756.jpg","landname":"36"},{"id":281474991325221,"level":1,"status":1,"posx":32,"posy":9,"cityid":223,"townid":521,"tokenid":"73c42a563ac3ee29d06c3fe10499dae0","tokenurl":"/mcm/api/land?token=73c42a563ac3ee29d06c3fe10499dae0","imageurl":"/mcm/images/land/2S/11047_37971d2c39b5.jpg","landname":"37"},{"id":281474991325222,"level":3,"status":0,"posx":33,"posy":9,"cityid":223,"townid":521,"tokenid":"9c88c07fcde6374bec5c895f31bb90b9","tokenurl":"/mcm/api/land?token=9c88c07fcde6374bec5c895f31bb90b9","imageurl":"/mcm/images/land/2B/27615_1608d3d2505.jpg","landname":"38"},{"id":281474991325223,"level":3,"status":1,"posx":28,"posy":10,"cityid":223,"townid":521,"tokenid":"822b74a4ff5f27d4cd37d01a039d64b6","tokenurl":"/mcm/api/land?token=822b74a4ff5f27d4cd37d01a039d64b6","imageurl":"/mcm/images/land/2B/27616_23c1530f6d8a.jpg","landname":"39"},{"id":281474991325224,"level":3,"status":1,"posx":29,"posy":10,"cityid":223,"townid":521,"tokenid":"fdc57cac8916cfaac28a60c17b72dad6","tokenurl":"/mcm/api/land?token=fdc57cac8916cfaac28a60c17b72dad6","imageurl":"/mcm/images/land/2B/27617_4d0d8fc1baa0.jpg","landname":"40"},{"id":281474991325225,"level":3,"status":0,"posx":32,"posy":10,"cityid":223,"townid":521,"tokenid":"01697255e20b2c66645e5837a2c457b1","tokenurl":"/mcm/api/land?token=01697255e20b2c66645e5837a2c457b1","imageurl":"/mcm/images/land/2B/27618_5c7523206a6.jpg","landname":"41"},{"id":281474991325226,"level":3,"status":0,"posx":33,"posy":10,"cityid":223,"townid":521,"tokenid":"14a5ed9bb7a599885d206bcd18c30ae4","tokenurl":"/mcm/api/land?token=14a5ed9bb7a599885d206bcd18c30ae4","imageurl":"/mcm/images/land/2B/27619_514af525427c.jpg","landname":"42"},{"id":281474991325227,"level":1,"status":1,"posx":28,"posy":11,"cityid":223,"townid":521,"tokenid":"f360fd02c7ecd76592b73fef0359f499","tokenurl":"/mcm/api/land?token=f360fd02c7ecd76592b73fef0359f499","imageurl":"/mcm/images/land/2S/11048_1ab7cb32e3cf.jpg","landname":"43"},{"id":281474991325228,"level":3,"status":1,"posx":29,"posy":11,"cityid":223,"townid":521,"tokenid":"841eef1387719dbee9c8a101b8fa7951","tokenurl":"/mcm/api/land?token=841eef1387719dbee9c8a101b8fa7951","imageurl":"/mcm/images/land/2B/27620_580192f5b2e9.jpg","landname":"44"},{"id":281474991325229,"level":1,"status":1,"posx":32,"posy":11,"cityid":223,"townid":521,"tokenid":"5980defada61f9958533f29fe84e2792","tokenurl":"/mcm/api/land?token=5980defada61f9958533f29fe84e2792","imageurl":"/mcm/images/land/2S/11049_52e0bb7a6793.jpg","landname":"45"},{"id":281474991325230,"level":1,"status":1,"posx":33,"posy":11,"cityid":223,"townid":521,"tokenid":"3f05b5e387283bf07da74bee79fa213e","tokenurl":"/mcm/api/land?token=3f05b5e387283bf07da74bee79fa213e","imageurl":"/mcm/images/land/2S/11050_2b615228ef03.jpg","landname":"46"},{"id":281474991325231,"level":1,"status":1,"posx":28,"posy":12,"cityid":223,"townid":521,"tokenid":"9190f58042aa5fa7cb9e13c4ac6e8314","tokenurl":"/mcm/api/land?token=9190f58042aa5fa7cb9e13c4ac6e8314","imageurl":"/mcm/images/land/2S/11051_447448943f41.jpg","landname":"47"},{"id":281474991325232,"level":3,"status":0,"posx":29,"posy":12,"cityid":223,"townid":521,"tokenid":"757f2f88dd34a812587cae6809d08f69","tokenurl":"/mcm/api/land?token=757f2f88dd34a812587cae6809d08f69","imageurl":"/mcm/images/land/2B/27621_54d99eacc261.jpg","landname":"48"},{"id":281474991325233,"level":3,"status":1,"posx":32,"posy":12,"cityid":223,"townid":521,"tokenid":"10ba46e278504231e4e5b0df07b5f55f","tokenurl":"/mcm/api/land?token=10ba46e278504231e4e5b0df07b5f55f","imageurl":"/mcm/images/land/2B/27622_36df84bab910.jpg","landname":"49"},{"id":281474991325234,"level":3,"status":1,"posx":33,"posy":12,"cityid":223,"townid":521,"tokenid":"bceb1c444e93269aad3b7aa60f9d466f","tokenurl":"/mcm/api/land?token=bceb1c444e93269aad3b7aa60f9d466f","imageurl":"/mcm/images/land/2B/27623_3356d6df51e5.jpg","landname":"50"},{"id":281474991325235,"level":1,"status":0,"posx":23,"posy":14,"cityid":223,"townid":521,"tokenid":"e6889c27eaee3b5abc9acaf04228e950","tokenurl":"/mcm/api/land?token=e6889c27eaee3b5abc9acaf04228e950","imageurl":"/mcm/images/land/2S/11052_4c39d22c829c.jpg","landname":"51"},{"id":281474991325236,"level":3,"status":0,"posx":24,"posy":14,"cityid":223,"townid":521,"tokenid":"cf09d53a27ab1e508b8cd6709ed5de30","tokenurl":"/mcm/api/land?token=cf09d53a27ab1e508b8cd6709ed5de30","imageurl":"/mcm/images/land/2B/27624_431e73671513.jpg","landname":"52"},{"id":281474991325237,"level":1,"status":1,"posx":23,"posy":15,"cityid":223,"townid":521,"tokenid":"1dd2632fd36f7f9d7f7c2bbe35fdbba4","tokenurl":"/mcm/api/land?token=1dd2632fd36f7f9d7f7c2bbe35fdbba4","imageurl":"/mcm/images/land/2S/11053_298f4dca5283.jpg","landname":"53"},{"id":281474991325238,"level":2,"status":0,"posx":24,"posy":15,"cityid":223,"townid":521,"tokenid":"0ccfd7bf04134c00e41e61be059152f7","tokenurl":"/mcm/api/land?token=0ccfd7bf04134c00e41e61be059152f7","imageurl":"/mcm/images/land/2A/16580_432b982b9c41.jpg","landname":"54"},{"id":281474991325239,"level":3,"status":1,"posx":33,"posy":15,"cityid":223,"townid":521,"tokenid":"8a0f6134daf4faab638eadadc4e2c780","tokenurl":"/mcm/api/land?token=8a0f6134daf4faab638eadadc4e2c780","imageurl":"/mcm/images/land/2B/27625_33e1e8b691e6.jpg","landname":"55"},{"id":281474991325240,"level":2,"status":1,"posx":34,"posy":15,"cityid":223,"townid":521,"tokenid":"304b1a25be323c61c583dfa090f6cad1","tokenurl":"/mcm/api/land?token=304b1a25be323c61c583dfa090f6cad1","imageurl":"/mcm/images/land/2A/16581_4b5d44819865.jpg","landname":"56"},{"id":281474991325241,"level":2,"status":0,"posx":11,"posy":16,"cityid":223,"townid":521,"tokenid":"9ca081f8842aa9b1b726ea850b9aacad","tokenurl":"/mcm/api/land?token=9ca081f8842aa9b1b726ea850b9aacad","imageurl":"/mcm/images/land/2A/16582_541047ba5ce6.jpg","landname":"57"},{"id":281474991325242,"level":1,"status":0,"posx":12,"posy":16,"cityid":223,"townid":521,"tokenid":"15eebab0fb4cbe8a7b2ac1a0e2b01b58","tokenurl":"/mcm/api/land?token=15eebab0fb4cbe8a7b2ac1a0e2b01b58","imageurl":"/mcm/images/land/2S/11054_51f2e4755726.jpg","landname":"58"},{"id":281474991325243,"level":3,"status":1,"posx":23,"posy":16,"cityid":223,"townid":521,"tokenid":"60b958dc3c406724113d9e85f449eea2","tokenurl":"/mcm/api/land?token=60b958dc3c406724113d9e85f449eea2","imageurl":"/mcm/images/land/2B/27626_5749f3a19172.jpg","landname":"59"},{"id":281474991325244,"level":3,"status":1,"posx":24,"posy":16,"cityid":223,"townid":521,"tokenid":"f6eaebd63448b238d67d157a5f8bec55","tokenurl":"/mcm/api/land?token=f6eaebd63448b238d67d157a5f8bec55","imageurl":"/mcm/images/land/2B/27627_19c253a3427c.jpg","landname":"60"},{"id":281474991325245,"level":3,"status":0,"posx":33,"posy":16,"cityid":223,"townid":521,"tokenid":"8ceec3a8561adb8c1ed6e9c8817e2a8d","tokenurl":"/mcm/api/land?token=8ceec3a8561adb8c1ed6e9c8817e2a8d","imageurl":"/mcm/images/land/2B/27628_506cb8e2ae4b.jpg","landname":"61"},{"id":281474991325246,"level":3,"status":0,"posx":34,"posy":16,"cityid":223,"townid":521,"tokenid":"0e29574bf676e7b8833349f0ae8aed7a","tokenurl":"/mcm/api/land?token=0e29574bf676e7b8833349f0ae8aed7a","imageurl":"/mcm/images/land/2B/27629_1a53ba604e74.jpg","landname":"62"},{"id":281474991325247,"level":3,"status":0,"posx":11,"posy":17,"cityid":223,"townid":521,"tokenid":"2bdf7928e1fc577a3bfba62185a40c57","tokenurl":"/mcm/api/land?token=2bdf7928e1fc577a3bfba62185a40c57","imageurl":"/mcm/images/land/2B/27630_47807d6f1693.jpg","landname":"63"},{"id":281474991325248,"level":3,"status":0,"posx":12,"posy":17,"cityid":223,"townid":521,"tokenid":"e95b450be2471834f4c80f930f3703f9","tokenurl":"/mcm/api/land?token=e95b450be2471834f4c80f930f3703f9","imageurl":"/mcm/images/land/2B/27631_3a72c772308c.jpg","landname":"64"},{"id":281474991325249,"level":3,"status":0,"posx":23,"posy":17,"cityid":223,"townid":521,"tokenid":"c1ec25c0481415c212fe0951e6c5bec0","tokenurl":"/mcm/api/land?token=c1ec25c0481415c212fe0951e6c5bec0","imageurl":"/mcm/images/land/2B/27632_585e1383cd24.jpg","landname":"65"},{"id":281474991325250,"level":3,"status":1,"posx":24,"posy":17,"cityid":223,"townid":521,"tokenid":"3a14f777c28f4374e689d67947e0bc62","tokenurl":"/mcm/api/land?token=3a14f777c28f4374e689d67947e0bc62","imageurl":"/mcm/images/land/2B/27633_35f42b270e9.jpg","landname":"66"},{"id":281474991325251,"level":1,"status":1,"posx":33,"posy":17,"cityid":223,"townid":521,"tokenid":"7bb4b29319613104b79172d5d7b69bc8","tokenurl":"/mcm/api/land?token=7bb4b29319613104b79172d5d7b69bc8","imageurl":"/mcm/images/land/2S/11055_124a7ea399c7.jpg","landname":"67"},{"id":281474991325252,"level":3,"status":0,"posx":34,"posy":17,"cityid":223,"townid":521,"tokenid":"b59d6055862d73d237028bd5a4bd8d07","tokenurl":"/mcm/api/land?token=b59d6055862d73d237028bd5a4bd8d07","imageurl":"/mcm/images/land/2B/27634_28c94c4a29fa.jpg","landname":"68"},{"id":281474991325253,"level":1,"status":1,"posx":7,"posy":18,"cityid":223,"townid":521,"tokenid":"fe9e7343ff6161e9d18862f704249298","tokenurl":"/mcm/api/land?token=fe9e7343ff6161e9d18862f704249298","imageurl":"/mcm/images/land/2S/11056_3846fa256492.jpg","landname":"69"},{"id":281474991325254,"level":2,"status":1,"posx":8,"posy":18,"cityid":223,"townid":521,"tokenid":"dc5936fc1c24f0fda51964959de1280b","tokenurl":"/mcm/api/land?token=dc5936fc1c24f0fda51964959de1280b","imageurl":"/mcm/images/land/2A/16583_589201f08e69.jpg","landname":"70"},{"id":281474991325255,"level":1,"status":1,"posx":11,"posy":18,"cityid":223,"townid":521,"tokenid":"262dd6d03b405499ee243e4c18ecb0b8","tokenurl":"/mcm/api/land?token=262dd6d03b405499ee243e4c18ecb0b8","imageurl":"/mcm/images/land/2S/11057_9f06408864d.jpg","landname":"71"},{"id":281474991325256,"level":3,"status":0,"posx":12,"posy":18,"cityid":223,"townid":521,"tokenid":"5e4aee78e2e8f9b4554354437d5e038a","tokenurl":"/mcm/api/land?token=5e4aee78e2e8f9b4554354437d5e038a","imageurl":"/mcm/images/land/2B/27635_42772cbaf5a0.jpg","landname":"72"},{"id":281474991325257,"level":1,"status":1,"posx":23,"posy":18,"cityid":223,"townid":521,"tokenid":"f80244b1b25886316aabe91780d1e4d8","tokenurl":"/mcm/api/land?token=f80244b1b25886316aabe91780d1e4d8","imageurl":"/mcm/images/land/2S/11058_4d9e7435156f.jpg","landname":"73"},{"id":281474991325258,"level":3,"status":1,"posx":24,"posy":18,"cityid":223,"townid":521,"tokenid":"5f581f3bd834e7e75b8d8cdb99a01387","tokenurl":"/mcm/api/land?token=5f581f3bd834e7e75b8d8cdb99a01387","imageurl":"/mcm/images/land/2B/27636_51048bc07404.jpg","landname":"74"},{"id":281474991325259,"level":1,"status":0,"posx":33,"posy":18,"cityid":223,"townid":521,"tokenid":"095a4e352101be4f17709e50035838d6","tokenurl":"/mcm/api/land?token=095a4e352101be4f17709e50035838d6","imageurl":"/mcm/images/land/2S/11059_465f018705a5.jpg","landname":"75"},{"id":281474991325260,"level":3,"status":0,"posx":34,"posy":18,"cityid":223,"townid":521,"tokenid":"b2d00a98ff8699dd6000594c26339e7a","tokenurl":"/mcm/api/land?token=b2d00a98ff8699dd6000594c26339e7a","imageurl":"/mcm/images/land/2B/27637_194376559095.jpg","landname":"76"},{"id":281474991325261,"level":3,"status":0,"posx":7,"posy":19,"cityid":223,"townid":521,"tokenid":"204c14d0fd3275bdcf212fa86cbf4233","tokenurl":"/mcm/api/land?token=204c14d0fd3275bdcf212fa86cbf4233","imageurl":"/mcm/images/land/2B/27638_1b974faab483.jpg","landname":"77"},{"id":281474991325262,"level":3,"status":0,"posx":8,"posy":19,"cityid":223,"townid":521,"tokenid":"f12ee57577ec33c10b40cb3919a63e2c","tokenurl":"/mcm/api/land?token=f12ee57577ec33c10b40cb3919a63e2c","imageurl":"/mcm/images/land/2B/27639_34f4f0a1036a.jpg","landname":"78"},{"id":281474991325263,"level":3,"status":1,"posx":11,"posy":19,"cityid":223,"townid":521,"tokenid":"71cc023063050bd33898eb8c295c23e3","tokenurl":"/mcm/api/land?token=71cc023063050bd33898eb8c295c23e3","imageurl":"/mcm/images/land/2B/27640_274d5eb99cd5.jpg","landname":"79"},{"id":281474991325264,"level":3,"status":1,"posx":12,"posy":19,"cityid":223,"townid":521,"tokenid":"857639419c8db7ddf3281af898674db7","tokenurl":"/mcm/api/land?token=857639419c8db7ddf3281af898674db7","imageurl":"/mcm/images/land/2B/27641_3dcabbb5a5e9.jpg","landname":"80"},{"id":281474991325265,"level":3,"status":0,"posx":33,"posy":19,"cityid":223,"townid":521,"tokenid":"5834c3ae7d1f2ef4a1f7068bfa9ffb56","tokenurl":"/mcm/api/land?token=5834c3ae7d1f2ef4a1f7068bfa9ffb56","imageurl":"/mcm/images/land/2B/27642_41e44d922e8f.jpg","landname":"81"},{"id":281474991325266,"level":3,"status":1,"posx":34,"posy":19,"cityid":223,"townid":521,"tokenid":"69c65b460430ff85f3e52a380d8e6105","tokenurl":"/mcm/api/land?token=69c65b460430ff85f3e52a380d8e6105","imageurl":"/mcm/images/land/2B/27643_23df1a116533.jpg","landname":"82"},{"id":281474991325267,"level":1,"status":1,"posx":7,"posy":20,"cityid":223,"townid":521,"tokenid":"ebce5d5e68c8898ce268e39193543be3","tokenurl":"/mcm/api/land?token=ebce5d5e68c8898ce268e39193543be3","imageurl":"/mcm/images/land/2S/11060_33f32e047534.jpg","landname":"83"},{"id":281474991325268,"level":1,"status":0,"posx":8,"posy":20,"cityid":223,"townid":521,"tokenid":"c8d057a65e91913ebc12cf785d5209de","tokenurl":"/mcm/api/land?token=c8d057a65e91913ebc12cf785d5209de","imageurl":"/mcm/images/land/2S/11061_3e4dc334a2b6.jpg","landname":"84"},{"id":281474991325269,"level":1,"status":1,"posx":11,"posy":20,"cityid":223,"townid":521,"tokenid":"a5d7c0b030a9e1e4ad8389998593f1b2","tokenurl":"/mcm/api/land?token=a5d7c0b030a9e1e4ad8389998593f1b2","imageurl":"/mcm/images/land/2S/11062_b185373a32e.jpg","landname":"85"},{"id":281474991325270,"level":3,"status":0,"posx":12,"posy":20,"cityid":223,"townid":521,"tokenid":"40738420d52188897179d58f3225ee53","tokenurl":"/mcm/api/land?token=40738420d52188897179d58f3225ee53","imageurl":"/mcm/images/land/2B/27644_4b88cddc23df.jpg","landname":"86"},{"id":281474991325271,"level":3,"status":1,"posx":7,"posy":21,"cityid":223,"townid":521,"tokenid":"029e55c9b47595295a6af55ca614626c","tokenurl":"/mcm/api/land?token=029e55c9b47595295a6af55ca614626c","imageurl":"/mcm/images/land/2B/27645_24916d5bea4d.jpg","landname":"87"},{"id":281474991325272,"level":1,"status":0,"posx":8,"posy":21,"cityid":223,"townid":521,"tokenid":"73bac2120076d54a4fe1caf547bc2e3c","tokenurl":"/mcm/api/land?token=73bac2120076d54a4fe1caf547bc2e3c","imageurl":"/mcm/images/land/2S/11063_44b2c6d7e594.jpg","landname":"88"},{"id":281474991325273,"level":3,"status":1,"posx":26,"posy":21,"cityid":223,"townid":521,"tokenid":"02742fd5bdd06cc5c094162cd24d8719","tokenurl":"/mcm/api/land?token=02742fd5bdd06cc5c094162cd24d8719","imageurl":"/mcm/images/land/2B/27646_75aa0dd53b.jpg","landname":"89"},{"id":281474991325274,"level":2,"status":0,"posx":27,"posy":21,"cityid":223,"townid":521,"tokenid":"c5fe32d885b7af055b19a40699c390db","tokenurl":"/mcm/api/land?token=c5fe32d885b7af055b19a40699c390db","imageurl":"/mcm/images/land/2A/16584_88824c2849c.jpg","landname":"90"},{"id":281474991325275,"level":3,"status":1,"posx":7,"posy":22,"cityid":223,"townid":521,"tokenid":"418c2331ceb5b600ea4dadc6c28a56ba","tokenurl":"/mcm/api/land?token=418c2331ceb5b600ea4dadc6c28a56ba","imageurl":"/mcm/images/land/2B/27647_3ade3023e9e6.jpg","landname":"91"},{"id":281474991325276,"level":2,"status":1,"posx":8,"posy":22,"cityid":223,"townid":521,"tokenid":"d095f405c4c2dd8bb91f48fef43d7aa4","tokenurl":"/mcm/api/land?token=d095f405c4c2dd8bb91f48fef43d7aa4","imageurl":"/mcm/images/land/2A/16585_ab9975f0581.jpg","landname":"92"},{"id":281474991325277,"level":2,"status":0,"posx":23,"posy":22,"cityid":223,"townid":521,"tokenid":"62e7ea7f2aab54633b38db09d3ae2cb9","tokenurl":"/mcm/api/land?token=62e7ea7f2aab54633b38db09d3ae2cb9","imageurl":"/mcm/images/land/2A/16586_335c99e4baed.jpg","landname":"93"},{"id":281474991325278,"level":3,"status":0,"posx":24,"posy":22,"cityid":223,"townid":521,"tokenid":"f066240954df3d809fb9330f86417e0d","tokenurl":"/mcm/api/land?token=f066240954df3d809fb9330f86417e0d","imageurl":"/mcm/images/land/2B/27648_2b3c75d3b860.jpg","landname":"94"},{"id":281474991325279,"level":1,"status":0,"posx":26,"posy":22,"cityid":223,"townid":521,"tokenid":"c34dcf63ad601d627831a4b931dce1f1","tokenurl":"/mcm/api/land?token=c34dcf63ad601d627831a4b931dce1f1","imageurl":"/mcm/images/land/2S/11064_16289defd1a9.jpg","landname":"95"},{"id":281474991325280,"level":3,"status":1,"posx":27,"posy":22,"cityid":223,"townid":521,"tokenid":"3861a08a72749d75b1fc2239c60f220a","tokenurl":"/mcm/api/land?token=3861a08a72749d75b1fc2239c60f220a","imageurl":"/mcm/images/land/2B/27649_71182111f08.jpg","landname":"96"},{"id":281474991325281,"level":2,"status":0,"posx":33,"posy":22,"cityid":223,"townid":521,"tokenid":"e0f3d94ea508f430eeaab96a21666df9","tokenurl":"/mcm/api/land?token=e0f3d94ea508f430eeaab96a21666df9","imageurl":"/mcm/images/land/2A/16587_168e43baf8da.jpg","landname":"97"},{"id":281474991325282,"level":3,"status":1,"posx":34,"posy":22,"cityid":223,"townid":521,"tokenid":"4ed0db6f2776496ad8a117887a889ce9","tokenurl":"/mcm/api/land?token=4ed0db6f2776496ad8a117887a889ce9","imageurl":"/mcm/images/land/2B/27650_292e4c7512e4.jpg","landname":"98"},{"id":281474991325283,"level":3,"status":0,"posx":23,"posy":23,"cityid":223,"townid":521,"tokenid":"9c88ef38d4088f79bc74edb576b4390a","tokenurl":"/mcm/api/land?token=9c88ef38d4088f79bc74edb576b4390a","imageurl":"/mcm/images/land/2B/27651_40b338b475c0.jpg","landname":"99"},{"id":281474991325284,"level":3,"status":1,"posx":24,"posy":23,"cityid":223,"townid":521,"tokenid":"e2f0375e9866316aafd62b5888fbddf9","tokenurl":"/mcm/api/land?token=e2f0375e9866316aafd62b5888fbddf9","imageurl":"/mcm/images/land/2B/27652_42c689f55a31.jpg","landname":"100"},{"id":281474991325285,"level":2,"status":1,"posx":26,"posy":23,"cityid":223,"townid":521,"tokenid":"5f1aa71b1e11a51c9497e68e180f9cd2","tokenurl":"/mcm/api/land?token=5f1aa71b1e11a51c9497e68e180f9cd2","imageurl":"/mcm/images/land/2A/16588_de9ddfc1d18.jpg","landname":"101"},{"id":281474991325286,"level":3,"status":0,"posx":27,"posy":23,"cityid":223,"townid":521,"tokenid":"dc9580915c9a05e4d70ae0225ae7cdbb","tokenurl":"/mcm/api/land?token=dc9580915c9a05e4d70ae0225ae7cdbb","imageurl":"/mcm/images/land/2B/27653_182227186cb.jpg","landname":"102"},{"id":281474991325287,"level":2,"status":0,"posx":33,"posy":23,"cityid":223,"townid":521,"tokenid":"2dfc28d3450a689575aceba13e57df2d","tokenurl":"/mcm/api/land?token=2dfc28d3450a689575aceba13e57df2d","imageurl":"/mcm/images/land/2A/16589_f694524e24b.jpg","landname":"103"},{"id":281474991325288,"level":3,"status":0,"posx":34,"posy":23,"cityid":223,"townid":521,"tokenid":"76d5ad0526b75342b6867c307b723f5b","tokenurl":"/mcm/api/land?token=76d5ad0526b75342b6867c307b723f5b","imageurl":"/mcm/images/land/2B/27654_57c9ffa975f9.jpg","landname":"104"},{"id":281474991325289,"level":2,"status":1,"posx":23,"posy":24,"cityid":223,"townid":521,"tokenid":"0c1463d8c01ec2cc4049f82ee1f3d5d8","tokenurl":"/mcm/api/land?token=0c1463d8c01ec2cc4049f82ee1f3d5d8","imageurl":"/mcm/images/land/2A/16590_58e4f6f8fb0a.jpg","landname":"105"},{"id":281474991325290,"level":3,"status":1,"posx":24,"posy":24,"cityid":223,"townid":521,"tokenid":"66d8b3848b42dc7479db3c132bb33b8d","tokenurl":"/mcm/api/land?token=66d8b3848b42dc7479db3c132bb33b8d","imageurl":"/mcm/images/land/2B/27655_4c5980d2f1d0.jpg","landname":"106"},{"id":281474991325291,"level":3,"status":0,"posx":26,"posy":24,"cityid":223,"townid":521,"tokenid":"28c3d0b7063e7b097429a8fc0f9dda71","tokenurl":"/mcm/api/land?token=28c3d0b7063e7b097429a8fc0f9dda71","imageurl":"/mcm/images/land/2B/27656_38d65cb0fc0f.jpg","landname":"107"},{"id":281474991325292,"level":3,"status":1,"posx":27,"posy":24,"cityid":223,"townid":521,"tokenid":"e55fd8bf237f15f1ccaa8f02e1af1563","tokenurl":"/mcm/api/land?token=e55fd8bf237f15f1ccaa8f02e1af1563","imageurl":"/mcm/images/land/2B/27657_2e1e062a17fb.jpg","landname":"108"},{"id":281474991325293,"level":2,"status":0,"posx":33,"posy":24,"cityid":223,"townid":521,"tokenid":"8ce3bfb82c83d575cd6e15f2dfdb93f4","tokenurl":"/mcm/api/land?token=8ce3bfb82c83d575cd6e15f2dfdb93f4","imageurl":"/mcm/images/land/2A/16591_425e5bb80747.jpg","landname":"109"},{"id":281474991325294,"level":1,"status":0,"posx":34,"posy":24,"cityid":223,"townid":521,"tokenid":"10ab7ed6de13bfb7841b000969383e4a","tokenurl":"/mcm/api/land?token=10ab7ed6de13bfb7841b000969383e4a","imageurl":"/mcm/images/land/2S/11065_352046e0751f.jpg","landname":"110"},{"id":281474991325295,"level":3,"status":1,"posx":23,"posy":25,"cityid":223,"townid":521,"tokenid":"ac8fa9afcc7246fa4fe9a6d3bf0bd3eb","tokenurl":"/mcm/api/land?token=ac8fa9afcc7246fa4fe9a6d3bf0bd3eb","imageurl":"/mcm/images/land/2B/27658_3f92730f7689.jpg","landname":"111"},{"id":281474991325296,"level":1,"status":0,"posx":24,"posy":25,"cityid":223,"townid":521,"tokenid":"d53e7f56654f03115b821bc6b963e299","tokenurl":"/mcm/api/land?token=d53e7f56654f03115b821bc6b963e299","imageurl":"/mcm/images/land/2S/11066_17f56c22dcf0.jpg","landname":"112"},{"id":281474991325297,"level":1,"status":0,"posx":26,"posy":25,"cityid":223,"townid":521,"tokenid":"39c8f10d3e456f25e1119f965dcc44de","tokenurl":"/mcm/api/land?token=39c8f10d3e456f25e1119f965dcc44de","imageurl":"/mcm/images/land/2S/11067_334bf597785f.jpg","landname":"113"},{"id":281474991325298,"level":3,"status":0,"posx":27,"posy":25,"cityid":223,"townid":521,"tokenid":"ea316c1eba80cfc5975ff306222042ae","tokenurl":"/mcm/api/land?token=ea316c1eba80cfc5975ff306222042ae","imageurl":"/mcm/images/land/2B/27659_398399e12916.jpg","landname":"114"},{"id":281474991325299,"level":2,"status":1,"posx":33,"posy":25,"cityid":223,"townid":521,"tokenid":"2ad424d11609c5fe4e067482f8ced9c7","tokenurl":"/mcm/api/land?token=2ad424d11609c5fe4e067482f8ced9c7","imageurl":"/mcm/images/land/2A/16592_ebae8372631.jpg","landname":"115"},{"id":281474991325300,"level":3,"status":1,"posx":34,"posy":25,"cityid":223,"townid":521,"tokenid":"a2fe9f5972f3fe9b8b4487def3906f3d","tokenurl":"/mcm/api/land?token=a2fe9f5972f3fe9b8b4487def3906f3d","imageurl":"/mcm/images/land/2B/27660_551e8a4045a8.jpg","landname":"116"},{"id":281474991325301,"level":1,"status":0,"posx":23,"posy":26,"cityid":223,"townid":521,"tokenid":"f4bd8eddeb5c4639cd2b5d436d42580d","tokenurl":"/mcm/api/land?token=f4bd8eddeb5c4639cd2b5d436d42580d","imageurl":"/mcm/images/land/2S/11068_242865fa6050.jpg","landname":"117"},{"id":281474991325302,"level":3,"status":1,"posx":24,"posy":26,"cityid":223,"townid":521,"tokenid":"1dbd8bdeda783134ca3b93551395f452","tokenurl":"/mcm/api/land?token=1dbd8bdeda783134ca3b93551395f452","imageurl":"/mcm/images/land/2B/27661_4f5d7bf87e10.jpg","landname":"118"},{"id":281474991325303,"level":3,"status":0,"posx":33,"posy":26,"cityid":223,"townid":521,"tokenid":"f96b84f8e7bddf198fed2268940a474f","tokenurl":"/mcm/api/land?token=f96b84f8e7bddf198fed2268940a474f","imageurl":"/mcm/images/land/2B/27662_19416c1b73dd.jpg","landname":"119"},{"id":281474991325304,"level":2,"status":0,"posx":34,"posy":26,"cityid":223,"townid":521,"tokenid":"9b9c17ed5c61ffc8187379b551dfed28","tokenurl":"/mcm/api/land?token=9b9c17ed5c61ffc8187379b551dfed28","imageurl":"/mcm/images/land/2A/16593_20e384ff2777.jpg","landname":"120"},{"id":281474991325305,"level":2,"status":0,"posx":31,"posy":27,"cityid":223,"townid":521,"tokenid":"2c3241c9b9535915ba21083d4ab1d416","tokenurl":"/mcm/api/land?token=2c3241c9b9535915ba21083d4ab1d416","imageurl":"/mcm/images/land/2A/16594_c120bf84892.jpg","landname":"121"},{"id":281474991325306,"level":2,"status":0,"posx":32,"posy":27,"cityid":223,"townid":521,"tokenid":"c1e54bb710b2645f501316edc0f92bd0","tokenurl":"/mcm/api/land?token=c1e54bb710b2645f501316edc0f92bd0","imageurl":"/mcm/images/land/2A/16595_eab7d2a0a9b.jpg","landname":"122"},{"id":281474991325307,"level":3,"status":1,"posx":6,"posy":28,"cityid":223,"townid":521,"tokenid":"42e393996ac41c49dac508ff97c9089d","tokenurl":"/mcm/api/land?token=42e393996ac41c49dac508ff97c9089d","imageurl":"/mcm/images/land/2B/27663_31caf3b92db6.jpg","landname":"123"},{"id":281474991325308,"level":3,"status":1,"posx":7,"posy":28,"cityid":223,"townid":521,"tokenid":"b18aa004f91bec9e3a1d37ec9e022bc3","tokenurl":"/mcm/api/land?token=b18aa004f91bec9e3a1d37ec9e022bc3","imageurl":"/mcm/images/land/2B/27664_4775b50975d1.jpg","landname":"124"},{"id":281474991325309,"level":1,"status":1,"posx":9,"posy":28,"cityid":223,"townid":521,"tokenid":"ef28835a28ffabcd306fc182882189de","tokenurl":"/mcm/api/land?token=ef28835a28ffabcd306fc182882189de","imageurl":"/mcm/images/land/2S/11069_2243828a6ee4.jpg","landname":"125"},{"id":281474991325310,"level":2,"status":1,"posx":10,"posy":28,"cityid":223,"townid":521,"tokenid":"bd5ae72c3eb1dc98b00815809d68a1da","tokenurl":"/mcm/api/land?token=bd5ae72c3eb1dc98b00815809d68a1da","imageurl":"/mcm/images/land/2A/16596_54df661ecd57.jpg","landname":"126"},{"id":281474991325311,"level":2,"status":1,"posx":31,"posy":28,"cityid":223,"townid":521,"tokenid":"2a31342372eb242b11e54926b841d88f","tokenurl":"/mcm/api/land?token=2a31342372eb242b11e54926b841d88f","imageurl":"/mcm/images/land/2A/16597_fb8061d4349.jpg","landname":"127"},{"id":281474991325312,"level":3,"status":0,"posx":32,"posy":28,"cityid":223,"townid":521,"tokenid":"b35dde0a227cb40895011a091fe52f13","tokenurl":"/mcm/api/land?token=b35dde0a227cb40895011a091fe52f13","imageurl":"/mcm/images/land/2B/27665_cd62cc37640.jpg","landname":"128"},{"id":281474991325313,"level":3,"status":0,"posx":6,"posy":29,"cityid":223,"townid":521,"tokenid":"fcce6b523e402e3158007ef070a484ed","tokenurl":"/mcm/api/land?token=fcce6b523e402e3158007ef070a484ed","imageurl":"/mcm/images/land/2B/27666_51e72051cb8f.jpg","landname":"129"},{"id":281474991325314,"level":3,"status":0,"posx":7,"posy":29,"cityid":223,"townid":521,"tokenid":"b58904b6d92398b4de0dcb34b4a85430","tokenurl":"/mcm/api/land?token=b58904b6d92398b4de0dcb34b4a85430","imageurl":"/mcm/images/land/2B/27667_56df528cd76.jpg","landname":"130"},{"id":281474991325315,"level":2,"status":0,"posx":9,"posy":29,"cityid":223,"townid":521,"tokenid":"cb90476a9a5a39e62a447e8778e06fe4","tokenurl":"/mcm/api/land?token=cb90476a9a5a39e62a447e8778e06fe4","imageurl":"/mcm/images/land/2A/16598_e74f4ccff0e.jpg","landname":"131"},{"id":281474991325316,"level":3,"status":0,"posx":10,"posy":29,"cityid":223,"townid":521,"tokenid":"9b4323bbcef7aa5b1f490b2cad901c21","tokenurl":"/mcm/api/land?token=9b4323bbcef7aa5b1f490b2cad901c21","imageurl":"/mcm/images/land/2B/27668_4c08ea5aaa8d.jpg","landname":"132"},{"id":281474991325317,"level":3,"status":1,"posx":31,"posy":29,"cityid":223,"townid":521,"tokenid":"adfec659eaf45b267cdcbdecc4885d8b","tokenurl":"/mcm/api/land?token=adfec659eaf45b267cdcbdecc4885d8b","imageurl":"/mcm/images/land/2B/27669_1aa7209a0e4a.jpg","landname":"133"},{"id":281474991325318,"level":1,"status":0,"posx":32,"posy":29,"cityid":223,"townid":521,"tokenid":"565b748849ebba53a905df289f4a8ec2","tokenurl":"/mcm/api/land?token=565b748849ebba53a905df289f4a8ec2","imageurl":"/mcm/images/land/2S/11070_1d79f9f612ff.jpg","landname":"134"},{"id":281474991325319,"level":1,"status":0,"posx":6,"posy":30,"cityid":223,"townid":521,"tokenid":"f0043f5ecbc0e0160b59de90e868737f","tokenurl":"/mcm/api/land?token=f0043f5ecbc0e0160b59de90e868737f","imageurl":"/mcm/images/land/2S/11071_245383679629.jpg","landname":"135"},{"id":281474991325320,"level":2,"status":1,"posx":7,"posy":30,"cityid":223,"townid":521,"tokenid":"662005d09ea44b8666654f7c3a4bc15a","tokenurl":"/mcm/api/land?token=662005d09ea44b8666654f7c3a4bc15a","imageurl":"/mcm/images/land/2A/16599_3544432969ff.jpg","landname":"136"},{"id":281474991325321,"level":2,"status":1,"posx":9,"posy":30,"cityid":223,"townid":521,"tokenid":"f17f3b10dab0dc878de200ce7019b711","tokenurl":"/mcm/api/land?token=f17f3b10dab0dc878de200ce7019b711","imageurl":"/mcm/images/land/2A/16600_4feefaeae943.jpg","landname":"137"},{"id":281474991325322,"level":3,"status":1,"posx":10,"posy":30,"cityid":223,"townid":521,"tokenid":"eba19ae39cf9b443840ccaebde7e2dc2","tokenurl":"/mcm/api/land?token=eba19ae39cf9b443840ccaebde7e2dc2","imageurl":"/mcm/images/land/2B/27670_3fb9f1ac73d1.jpg","landname":"138"},{"id":281474991325323,"level":2,"status":0,"posx":31,"posy":30,"cityid":223,"townid":521,"tokenid":"b732b08748875eb52c8e679aa8d5d665","tokenurl":"/mcm/api/land?token=b732b08748875eb52c8e679aa8d5d665","imageurl":"/mcm/images/land/2A/16601_80f81c1a512.jpg","landname":"139"},{"id":281474991325324,"level":2,"status":0,"posx":32,"posy":30,"cityid":223,"townid":521,"tokenid":"0b140e6f32f2f4e6a2d5d4e9c835862a","tokenurl":"/mcm/api/land?token=0b140e6f32f2f4e6a2d5d4e9c835862a","imageurl":"/mcm/images/land/2A/16602_340b65443910.jpg","landname":"140"},{"id":281474991325325,"level":3,"status":1,"posx":6,"posy":31,"cityid":223,"townid":521,"tokenid":"6c6534f4ee1979d495de51f3d852e799","tokenurl":"/mcm/api/land?token=6c6534f4ee1979d495de51f3d852e799","imageurl":"/mcm/images/land/2B/27671_47a627fe2583.jpg","landname":"141"},{"id":281474991325326,"level":2,"status":0,"posx":7,"posy":31,"cityid":223,"townid":521,"tokenid":"c06908311eafbc7934da99177f1d725f","tokenurl":"/mcm/api/land?token=c06908311eafbc7934da99177f1d725f","imageurl":"/mcm/images/land/2A/16603_2d00cf79a63f.jpg","landname":"142"},{"id":281474991325327,"level":3,"status":0,"posx":9,"posy":31,"cityid":223,"townid":521,"tokenid":"6e9a4046e59f970c15cc7d8f65c47772","tokenurl":"/mcm/api/land?token=6e9a4046e59f970c15cc7d8f65c47772","imageurl":"/mcm/images/land/2B/27672_5a72b8b297c5.jpg","landname":"143"},{"id":281474991325328,"level":2,"status":0,"posx":10,"posy":31,"cityid":223,"townid":521,"tokenid":"fcb49140a8292d20348039704e46c42b","tokenurl":"/mcm/api/land?token=fcb49140a8292d20348039704e46c42b","imageurl":"/mcm/images/land/2A/16604_4d14fb214d5a.jpg","landname":"144"},{"id":281474991325329,"level":3,"status":0,"posx":31,"posy":31,"cityid":223,"townid":521,"tokenid":"09056683eabeef286e57bd7cfc5c6493","tokenurl":"/mcm/api/land?token=09056683eabeef286e57bd7cfc5c6493","imageurl":"/mcm/images/land/2B/27673_2945d4ea1c13.jpg","landname":"145"},{"id":281474991325330,"level":2,"status":1,"posx":32,"posy":31,"cityid":223,"townid":521,"tokenid":"902d820bdd3bc6dfb70bfd952d9e3c1f","tokenurl":"/mcm/api/land?token=902d820bdd3bc6dfb70bfd952d9e3c1f","imageurl":"/mcm/images/land/2A/16605_37f74fcfecf0.jpg","landname":"146"},{"id":281474991325331,"level":2,"status":1,"posx":6,"posy":32,"cityid":223,"townid":521,"tokenid":"bc5e0d33c4cea8d083775f8d7f2836a5","tokenurl":"/mcm/api/land?token=bc5e0d33c4cea8d083775f8d7f2836a5","imageurl":"/mcm/images/land/2A/16606_85bcd1e22df.jpg","landname":"147"},{"id":281474991325332,"level":3,"status":0,"posx":7,"posy":32,"cityid":223,"townid":521,"tokenid":"7602ca920bfb5df2714f451eaa8bc4ea","tokenurl":"/mcm/api/land?token=7602ca920bfb5df2714f451eaa8bc4ea","imageurl":"/mcm/images/land/2B/27674_54109c4f3b6b.jpg","landname":"148"},{"id":281474991325333,"level":3,"status":1,"posx":9,"posy":32,"cityid":223,"townid":521,"tokenid":"2a1641e003c0dacd8305129594843832","tokenurl":"/mcm/api/land?token=2a1641e003c0dacd8305129594843832","imageurl":"/mcm/images/land/2B/27675_3cff03477aa8.jpg","landname":"149"},{"id":281474991325334,"level":3,"status":0,"posx":10,"posy":32,"cityid":223,"townid":521,"tokenid":"ba60b5465ba88efeac4e5e20d6c76d6c","tokenurl":"/mcm/api/land?token=ba60b5465ba88efeac4e5e20d6c76d6c","imageurl":"/mcm/images/land/2B/27676_d82e06e7a18.jpg","landname":"150"}]]],0,0,[],[],[]]
