[1,0,0,[["cc.JsonAsset",["_name","json"],1]],[[0,0,1,3]],[[0,"1205",[{"id":281475012886529,"level":3,"status":1,"posx":15,"posy":5,"cityid":552,"townid":1205,"tokenid":"11189851006e24125d192361bd7bc3a8","tokenurl":"/mcm/api/land?token=11189851006e24125d192361bd7bc3a8","imageurl":"/mcm/images/land/2B/13802_15e31a1455d9.jpg","landname":"1"},{"id":281475012886530,"level":3,"status":0,"posx":16,"posy":5,"cityid":552,"townid":1205,"tokenid":"334cc10a0976dbc945c06da1b51bf345","tokenurl":"/mcm/api/land?token=334cc10a0976dbc945c06da1b51bf345","imageurl":"/mcm/images/land/2B/13803_2a61059493c0.jpg","landname":"2"},{"id":281475012886531,"level":2,"status":0,"posx":25,"posy":5,"cityid":552,"townid":1205,"tokenid":"992a1e41c583d3b3d2d91d6fbb2a835b","tokenurl":"/mcm/api/land?token=992a1e41c583d3b3d2d91d6fbb2a835b","imageurl":"/mcm/images/land/2A/8282_2942d00af6c3.jpg","landname":"3"},{"id":281475012886532,"level":3,"status":0,"posx":26,"posy":5,"cityid":552,"townid":1205,"tokenid":"474491016c4c5be9533d74e824431e38","tokenurl":"/mcm/api/land?token=474491016c4c5be9533d74e824431e38","imageurl":"/mcm/images/land/2B/13804_440441c63dfe.jpg","landname":"4"},{"id":281475012886533,"level":2,"status":1,"posx":6,"posy":6,"cityid":552,"townid":1205,"tokenid":"b357600800ea8fcd2408f4f5980374d0","tokenurl":"/mcm/api/land?token=b357600800ea8fcd2408f4f5980374d0","imageurl":"/mcm/images/land/2A/8283_2ddccb1feb7b.jpg","landname":"5"},{"id":281475012886534,"level":2,"status":0,"posx":7,"posy":6,"cityid":552,"townid":1205,"tokenid":"edba851071f14eda6f4f137854acb2e3","tokenurl":"/mcm/api/land?token=edba851071f14eda6f4f137854acb2e3","imageurl":"/mcm/images/land/2A/8284_495d52cc0b09.jpg","landname":"6"},{"id":281475012886535,"level":3,"status":0,"posx":15,"posy":6,"cityid":552,"townid":1205,"tokenid":"262bc9692146e15e939fc9ece0e69613","tokenurl":"/mcm/api/land?token=262bc9692146e15e939fc9ece0e69613","imageurl":"/mcm/images/land/2B/13805_2212dc41a62e.jpg","landname":"7"},{"id":281475012886536,"level":2,"status":0,"posx":16,"posy":6,"cityid":552,"townid":1205,"tokenid":"8d8b1a8b4119dea0497e6e3fecd0e4e8","tokenurl":"/mcm/api/land?token=8d8b1a8b4119dea0497e6e3fecd0e4e8","imageurl":"/mcm/images/land/2A/8285_439c7c01ff11.jpg","landname":"8"},{"id":281475012886537,"level":3,"status":0,"posx":25,"posy":6,"cityid":552,"townid":1205,"tokenid":"41e5386d506f3a5289a386b32b4bb278","tokenurl":"/mcm/api/land?token=41e5386d506f3a5289a386b32b4bb278","imageurl":"/mcm/images/land/2B/13806_2111d662f55f.jpg","landname":"9"},{"id":281475012886538,"level":2,"status":0,"posx":26,"posy":6,"cityid":552,"townid":1205,"tokenid":"12b3ee8d437809a4ef1d27998d0cbbbe","tokenurl":"/mcm/api/land?token=12b3ee8d437809a4ef1d27998d0cbbbe","imageurl":"/mcm/images/land/2A/8286_db70b489377.jpg","landname":"10"},{"id":281475012886539,"level":3,"status":1,"posx":30,"posy":6,"cityid":552,"townid":1205,"tokenid":"2469eb673821b5247119d065563e9ca9","tokenurl":"/mcm/api/land?token=2469eb673821b5247119d065563e9ca9","imageurl":"/mcm/images/land/2B/13807_570c089d63a.jpg","landname":"11"},{"id":281475012886540,"level":1,"status":1,"posx":31,"posy":6,"cityid":552,"townid":1205,"tokenid":"9e36e1cff514f415905e3e405e297b2d","tokenurl":"/mcm/api/land?token=9e36e1cff514f415905e3e405e297b2d","imageurl":"/mcm/images/land/2S/5522_100682c132d9.jpg","landname":"12"},{"id":281475012886541,"level":2,"status":0,"posx":33,"posy":6,"cityid":552,"townid":1205,"tokenid":"09d00146100c0f2656437998cd9e9114","tokenurl":"/mcm/api/land?token=09d00146100c0f2656437998cd9e9114","imageurl":"/mcm/images/land/2A/8287_45ab8fbcb7c7.jpg","landname":"13"},{"id":281475012886542,"level":1,"status":1,"posx":34,"posy":6,"cityid":552,"townid":1205,"tokenid":"23b7bc5a7bbd8a7f34c6c1ef91379fd1","tokenurl":"/mcm/api/land?token=23b7bc5a7bbd8a7f34c6c1ef91379fd1","imageurl":"/mcm/images/land/2S/5523_3ebc1d859282.jpg","landname":"14"},{"id":281475012886543,"level":2,"status":0,"posx":6,"posy":7,"cityid":552,"townid":1205,"tokenid":"7045d36687e31f7a60e42e40d0c9e509","tokenurl":"/mcm/api/land?token=7045d36687e31f7a60e42e40d0c9e509","imageurl":"/mcm/images/land/2A/8288_7f3729d7461.jpg","landname":"15"},{"id":281475012886544,"level":1,"status":1,"posx":7,"posy":7,"cityid":552,"townid":1205,"tokenid":"25ef0a6506924ea3909e5683ce8a417a","tokenurl":"/mcm/api/land?token=25ef0a6506924ea3909e5683ce8a417a","imageurl":"/mcm/images/land/2S/5524_3e4844bc9090.jpg","landname":"16"},{"id":281475012886545,"level":3,"status":1,"posx":15,"posy":7,"cityid":552,"townid":1205,"tokenid":"a6e680cbd1c212e5b41883ce2c183a21","tokenurl":"/mcm/api/land?token=a6e680cbd1c212e5b41883ce2c183a21","imageurl":"/mcm/images/land/2B/13808_387ecc2abb88.jpg","landname":"17"},{"id":281475012886546,"level":1,"status":1,"posx":16,"posy":7,"cityid":552,"townid":1205,"tokenid":"916767998c68cec51101cacb3a2921a7","tokenurl":"/mcm/api/land?token=916767998c68cec51101cacb3a2921a7","imageurl":"/mcm/images/land/2S/5525_1561d589d345.jpg","landname":"18"},{"id":281475012886547,"level":2,"status":0,"posx":21,"posy":7,"cityid":552,"townid":1205,"tokenid":"514066d8edd783a3b42e813016045714","tokenurl":"/mcm/api/land?token=514066d8edd783a3b42e813016045714","imageurl":"/mcm/images/land/2A/8289_542492d9e96e.jpg","landname":"19"},{"id":281475012886548,"level":3,"status":0,"posx":22,"posy":7,"cityid":552,"townid":1205,"tokenid":"d64abe1941e9f18424528e077d51f5d2","tokenurl":"/mcm/api/land?token=d64abe1941e9f18424528e077d51f5d2","imageurl":"/mcm/images/land/2B/13809_671b3fe0d4f.jpg","landname":"20"},{"id":281475012886549,"level":3,"status":1,"posx":25,"posy":7,"cityid":552,"townid":1205,"tokenid":"ce745e260b06e286ac20c6b516259597","tokenurl":"/mcm/api/land?token=ce745e260b06e286ac20c6b516259597","imageurl":"/mcm/images/land/2B/13810_2be0a047ab33.jpg","landname":"21"},{"id":281475012886550,"level":3,"status":0,"posx":26,"posy":7,"cityid":552,"townid":1205,"tokenid":"e6c50ad6886e53582be1366bf8035cfd","tokenurl":"/mcm/api/land?token=e6c50ad6886e53582be1366bf8035cfd","imageurl":"/mcm/images/land/2B/13811_2124f0b5102a.jpg","landname":"22"},{"id":281475012886551,"level":3,"status":0,"posx":30,"posy":7,"cityid":552,"townid":1205,"tokenid":"860ccdaf5354aac04bffcce9de990c11","tokenurl":"/mcm/api/land?token=860ccdaf5354aac04bffcce9de990c11","imageurl":"/mcm/images/land/2B/13812_3ad1388aedb0.jpg","landname":"23"},{"id":281475012886552,"level":3,"status":1,"posx":31,"posy":7,"cityid":552,"townid":1205,"tokenid":"71c3d98915a2191a1b121a702db45b9c","tokenurl":"/mcm/api/land?token=71c3d98915a2191a1b121a702db45b9c","imageurl":"/mcm/images/land/2B/13813_36e869cb1c6a.jpg","landname":"24"},{"id":281475012886553,"level":1,"status":1,"posx":33,"posy":7,"cityid":552,"townid":1205,"tokenid":"d1fde02e57dd196310a707e36b4cf0c7","tokenurl":"/mcm/api/land?token=d1fde02e57dd196310a707e36b4cf0c7","imageurl":"/mcm/images/land/2S/5526_427ed77b417b.jpg","landname":"25"},{"id":281475012886554,"level":3,"status":0,"posx":34,"posy":7,"cityid":552,"townid":1205,"tokenid":"265c25af8b3c94aaa44dffeedfebe0e2","tokenurl":"/mcm/api/land?token=265c25af8b3c94aaa44dffeedfebe0e2","imageurl":"/mcm/images/land/2B/13814_3f9731844899.jpg","landname":"26"},{"id":281475012886555,"level":2,"status":1,"posx":6,"posy":8,"cityid":552,"townid":1205,"tokenid":"dc0b53819b65f96a852c34304172901d","tokenurl":"/mcm/api/land?token=dc0b53819b65f96a852c34304172901d","imageurl":"/mcm/images/land/2A/8290_5a930cdc4774.jpg","landname":"27"},{"id":281475012886556,"level":3,"status":1,"posx":7,"posy":8,"cityid":552,"townid":1205,"tokenid":"094effb8e7766f2593c83678e50be1e2","tokenurl":"/mcm/api/land?token=094effb8e7766f2593c83678e50be1e2","imageurl":"/mcm/images/land/2B/13815_50027a996b1c.jpg","landname":"28"},{"id":281475012886557,"level":3,"status":1,"posx":15,"posy":8,"cityid":552,"townid":1205,"tokenid":"7f0a36672dc7aee07a33a9bd715e0011","tokenurl":"/mcm/api/land?token=7f0a36672dc7aee07a33a9bd715e0011","imageurl":"/mcm/images/land/2B/13816_4138b96bf3d0.jpg","landname":"29"},{"id":281475012886558,"level":3,"status":0,"posx":16,"posy":8,"cityid":552,"townid":1205,"tokenid":"5f831d0d7f04fbc6f97a3b2e4548ea4c","tokenurl":"/mcm/api/land?token=5f831d0d7f04fbc6f97a3b2e4548ea4c","imageurl":"/mcm/images/land/2B/13817_3e5327a95f3f.jpg","landname":"30"},{"id":281475012886559,"level":1,"status":0,"posx":21,"posy":8,"cityid":552,"townid":1205,"tokenid":"255f710ab4e1d1e3781192bd8c07dadb","tokenurl":"/mcm/api/land?token=255f710ab4e1d1e3781192bd8c07dadb","imageurl":"/mcm/images/land/2S/5527_ea48d21985f.jpg","landname":"31"},{"id":281475012886560,"level":3,"status":1,"posx":22,"posy":8,"cityid":552,"townid":1205,"tokenid":"1c24dfc5d7754e9bf053fa20949ed0e1","tokenurl":"/mcm/api/land?token=1c24dfc5d7754e9bf053fa20949ed0e1","imageurl":"/mcm/images/land/2B/13818_458e16d07f7f.jpg","landname":"32"},{"id":281475012886561,"level":1,"status":0,"posx":25,"posy":8,"cityid":552,"townid":1205,"tokenid":"6ee9e14138a649f7d2d4e41232057d3f","tokenurl":"/mcm/api/land?token=6ee9e14138a649f7d2d4e41232057d3f","imageurl":"/mcm/images/land/2S/5528_18a120cb8426.jpg","landname":"33"},{"id":281475012886562,"level":1,"status":0,"posx":26,"posy":8,"cityid":552,"townid":1205,"tokenid":"aa845bd520fa2084afcf0c32df6f87a0","tokenurl":"/mcm/api/land?token=aa845bd520fa2084afcf0c32df6f87a0","imageurl":"/mcm/images/land/2S/5529_1296a566a78f.jpg","landname":"34"},{"id":281475012886563,"level":2,"status":1,"posx":30,"posy":8,"cityid":552,"townid":1205,"tokenid":"c759ec8b8064f8944e598739af35950c","tokenurl":"/mcm/api/land?token=c759ec8b8064f8944e598739af35950c","imageurl":"/mcm/images/land/2A/8291_4feba4a48e0e.jpg","landname":"35"},{"id":281475012886564,"level":2,"status":0,"posx":31,"posy":8,"cityid":552,"townid":1205,"tokenid":"e623c4d59a4f89636554c2e2197c24af","tokenurl":"/mcm/api/land?token=e623c4d59a4f89636554c2e2197c24af","imageurl":"/mcm/images/land/2A/8292_3c57b7dff7b6.jpg","landname":"36"},{"id":281475012886565,"level":3,"status":0,"posx":33,"posy":8,"cityid":552,"townid":1205,"tokenid":"21caed7e74adbb5641852e7294233921","tokenurl":"/mcm/api/land?token=21caed7e74adbb5641852e7294233921","imageurl":"/mcm/images/land/2B/13819_3f369aebcf92.jpg","landname":"37"},{"id":281475012886566,"level":2,"status":1,"posx":34,"posy":8,"cityid":552,"townid":1205,"tokenid":"dfd969f88417afc890a62e7e0f907be9","tokenurl":"/mcm/api/land?token=dfd969f88417afc890a62e7e0f907be9","imageurl":"/mcm/images/land/2A/8293_2e40a5676202.jpg","landname":"38"},{"id":281475012886567,"level":2,"status":1,"posx":6,"posy":9,"cityid":552,"townid":1205,"tokenid":"959ae50239cd41a2e105486be3ac0f1a","tokenurl":"/mcm/api/land?token=959ae50239cd41a2e105486be3ac0f1a","imageurl":"/mcm/images/land/2A/8294_ad7865232d1.jpg","landname":"39"},{"id":281475012886568,"level":2,"status":1,"posx":7,"posy":9,"cityid":552,"townid":1205,"tokenid":"6cec43dee46c775e8c28d55e4bbdd441","tokenurl":"/mcm/api/land?token=6cec43dee46c775e8c28d55e4bbdd441","imageurl":"/mcm/images/land/2A/8295_43f9c48845de.jpg","landname":"40"},{"id":281475012886569,"level":2,"status":1,"posx":15,"posy":9,"cityid":552,"townid":1205,"tokenid":"b6b8ba4e798912fafddc3673ac47d830","tokenurl":"/mcm/api/land?token=b6b8ba4e798912fafddc3673ac47d830","imageurl":"/mcm/images/land/2A/8296_41a4bc44821f.jpg","landname":"41"},{"id":281475012886570,"level":3,"status":1,"posx":16,"posy":9,"cityid":552,"townid":1205,"tokenid":"89b52ca4311e934c8b051adf9f10db5d","tokenurl":"/mcm/api/land?token=89b52ca4311e934c8b051adf9f10db5d","imageurl":"/mcm/images/land/2B/13820_582836961a08.jpg","landname":"42"},{"id":281475012886571,"level":1,"status":0,"posx":21,"posy":9,"cityid":552,"townid":1205,"tokenid":"372157efed41753631b88ff0f16c67e5","tokenurl":"/mcm/api/land?token=372157efed41753631b88ff0f16c67e5","imageurl":"/mcm/images/land/2S/5530_1b830ea4cce1.jpg","landname":"43"},{"id":281475012886572,"level":3,"status":1,"posx":22,"posy":9,"cityid":552,"townid":1205,"tokenid":"74dcd5c0ea45f38dadcc9996e471fd06","tokenurl":"/mcm/api/land?token=74dcd5c0ea45f38dadcc9996e471fd06","imageurl":"/mcm/images/land/2B/13821_19fd3ce726e6.jpg","landname":"44"},{"id":281475012886573,"level":3,"status":1,"posx":25,"posy":9,"cityid":552,"townid":1205,"tokenid":"19860e5c04e61df57744cc85662bd33c","tokenurl":"/mcm/api/land?token=19860e5c04e61df57744cc85662bd33c","imageurl":"/mcm/images/land/2B/13822_4509aa5f9a6d.jpg","landname":"45"},{"id":281475012886574,"level":2,"status":0,"posx":26,"posy":9,"cityid":552,"townid":1205,"tokenid":"6625589d683fce79262677287f2b6d4c","tokenurl":"/mcm/api/land?token=6625589d683fce79262677287f2b6d4c","imageurl":"/mcm/images/land/2A/8297_2d4ac6bcff1a.jpg","landname":"46"},{"id":281475012886575,"level":3,"status":0,"posx":30,"posy":9,"cityid":552,"townid":1205,"tokenid":"6e60c66c697c0422cb3085b747cb1ce7","tokenurl":"/mcm/api/land?token=6e60c66c697c0422cb3085b747cb1ce7","imageurl":"/mcm/images/land/2B/13823_40affa8c0764.jpg","landname":"47"},{"id":281475012886576,"level":3,"status":0,"posx":31,"posy":9,"cityid":552,"townid":1205,"tokenid":"4f0dfd57492d6b1a2c3561a661719299","tokenurl":"/mcm/api/land?token=4f0dfd57492d6b1a2c3561a661719299","imageurl":"/mcm/images/land/2B/13824_21434e9e74fc.jpg","landname":"48"},{"id":281475012886577,"level":3,"status":0,"posx":33,"posy":9,"cityid":552,"townid":1205,"tokenid":"6147629bd37b98d9fe08917cb28337e6","tokenurl":"/mcm/api/land?token=6147629bd37b98d9fe08917cb28337e6","imageurl":"/mcm/images/land/2B/13825_40312b6acc61.jpg","landname":"49"},{"id":281475012886578,"level":3,"status":0,"posx":34,"posy":9,"cityid":552,"townid":1205,"tokenid":"2b3ba48cb80713a0efe668b0edc59dc9","tokenurl":"/mcm/api/land?token=2b3ba48cb80713a0efe668b0edc59dc9","imageurl":"/mcm/images/land/2B/13826_1d0d7ef19904.jpg","landname":"50"},{"id":281475012886579,"level":2,"status":1,"posx":6,"posy":10,"cityid":552,"townid":1205,"tokenid":"8885ee4683fc6e0f0d6ab143a0b9f723","tokenurl":"/mcm/api/land?token=8885ee4683fc6e0f0d6ab143a0b9f723","imageurl":"/mcm/images/land/2A/8298_3f6c927340c6.jpg","landname":"51"},{"id":281475012886580,"level":3,"status":0,"posx":7,"posy":10,"cityid":552,"townid":1205,"tokenid":"fa887713b08097665df3a8b6b6a8868e","tokenurl":"/mcm/api/land?token=fa887713b08097665df3a8b6b6a8868e","imageurl":"/mcm/images/land/2B/13827_88a0c04be0f.jpg","landname":"52"},{"id":281475012886581,"level":3,"status":1,"posx":11,"posy":10,"cityid":552,"townid":1205,"tokenid":"e5ffcb52b26f57f50aa4ab0feb1d5f0e","tokenurl":"/mcm/api/land?token=e5ffcb52b26f57f50aa4ab0feb1d5f0e","imageurl":"/mcm/images/land/2B/13828_26d6e19158d2.jpg","landname":"53"},{"id":281475012886582,"level":2,"status":1,"posx":12,"posy":10,"cityid":552,"townid":1205,"tokenid":"e8154a07b933aec74dacfceffa15e7b0","tokenurl":"/mcm/api/land?token=e8154a07b933aec74dacfceffa15e7b0","imageurl":"/mcm/images/land/2A/8299_550def4566be.jpg","landname":"54"},{"id":281475012886583,"level":3,"status":1,"posx":21,"posy":10,"cityid":552,"townid":1205,"tokenid":"b76e4bc2989175b1e0011dae7714a8f1","tokenurl":"/mcm/api/land?token=b76e4bc2989175b1e0011dae7714a8f1","imageurl":"/mcm/images/land/2B/13829_50bd0281174a.jpg","landname":"55"},{"id":281475012886584,"level":3,"status":1,"posx":22,"posy":10,"cityid":552,"townid":1205,"tokenid":"c309e3ef6705ee6556d934bcaeedd1b4","tokenurl":"/mcm/api/land?token=c309e3ef6705ee6556d934bcaeedd1b4","imageurl":"/mcm/images/land/2B/13830_357194426d49.jpg","landname":"56"},{"id":281475012886585,"level":3,"status":1,"posx":30,"posy":10,"cityid":552,"townid":1205,"tokenid":"7d4c08a1ec70d492fb085e73684ed823","tokenurl":"/mcm/api/land?token=7d4c08a1ec70d492fb085e73684ed823","imageurl":"/mcm/images/land/2B/13831_56c93f1ea405.jpg","landname":"57"},{"id":281475012886586,"level":1,"status":0,"posx":31,"posy":10,"cityid":552,"townid":1205,"tokenid":"9eef5eeb2c9b5e96219de3ae720eb79b","tokenurl":"/mcm/api/land?token=9eef5eeb2c9b5e96219de3ae720eb79b","imageurl":"/mcm/images/land/2S/5531_593c90c65fb5.jpg","landname":"58"},{"id":281475012886587,"level":3,"status":1,"posx":33,"posy":10,"cityid":552,"townid":1205,"tokenid":"d004abfa7eef8a82ca3d9bedc322b0d5","tokenurl":"/mcm/api/land?token=d004abfa7eef8a82ca3d9bedc322b0d5","imageurl":"/mcm/images/land/2B/13832_4298cf252599.jpg","landname":"59"},{"id":281475012886588,"level":3,"status":0,"posx":34,"posy":10,"cityid":552,"townid":1205,"tokenid":"d2725489e5cb0c82656ef148e29513ac","tokenurl":"/mcm/api/land?token=d2725489e5cb0c82656ef148e29513ac","imageurl":"/mcm/images/land/2B/13833_341dacc20718.jpg","landname":"60"},{"id":281475012886589,"level":2,"status":1,"posx":11,"posy":11,"cityid":552,"townid":1205,"tokenid":"8e528cd941b897b5c8d8d6097bfb4ae4","tokenurl":"/mcm/api/land?token=8e528cd941b897b5c8d8d6097bfb4ae4","imageurl":"/mcm/images/land/2A/8300_1b73e19408bc.jpg","landname":"61"},{"id":281475012886590,"level":2,"status":1,"posx":12,"posy":11,"cityid":552,"townid":1205,"tokenid":"5d4ce77742d0e35a7948da51a49275b1","tokenurl":"/mcm/api/land?token=5d4ce77742d0e35a7948da51a49275b1","imageurl":"/mcm/images/land/2A/8301_456ffcc09b00.jpg","landname":"62"},{"id":281475012886591,"level":3,"status":1,"posx":21,"posy":11,"cityid":552,"townid":1205,"tokenid":"d34e8df33eb2756c23bbbd83bc68edd5","tokenurl":"/mcm/api/land?token=d34e8df33eb2756c23bbbd83bc68edd5","imageurl":"/mcm/images/land/2B/13834_2bb9f9272bea.jpg","landname":"63"},{"id":281475012886592,"level":1,"status":0,"posx":22,"posy":11,"cityid":552,"townid":1205,"tokenid":"adffc0335ce15c7954e72ad6dd104db9","tokenurl":"/mcm/api/land?token=adffc0335ce15c7954e72ad6dd104db9","imageurl":"/mcm/images/land/2S/5532_f5dc69b8753.jpg","landname":"64"},{"id":281475012886593,"level":3,"status":1,"posx":11,"posy":12,"cityid":552,"townid":1205,"tokenid":"4f24f35160c9f59f56675e12d3df0b79","tokenurl":"/mcm/api/land?token=4f24f35160c9f59f56675e12d3df0b79","imageurl":"/mcm/images/land/2B/13835_259594b74662.jpg","landname":"65"},{"id":281475012886594,"level":3,"status":1,"posx":12,"posy":12,"cityid":552,"townid":1205,"tokenid":"4758eb2ddf4d216660780a36c7f9e471","tokenurl":"/mcm/api/land?token=4758eb2ddf4d216660780a36c7f9e471","imageurl":"/mcm/images/land/2B/13836_49d95cbeef79.jpg","landname":"66"},{"id":281475012886595,"level":2,"status":0,"posx":11,"posy":13,"cityid":552,"townid":1205,"tokenid":"17e97999dc91a0e66fe123cb30ecb77c","tokenurl":"/mcm/api/land?token=17e97999dc91a0e66fe123cb30ecb77c","imageurl":"/mcm/images/land/2A/8302_50c1d0c6a54d.jpg","landname":"67"},{"id":281475012886596,"level":3,"status":1,"posx":12,"posy":13,"cityid":552,"townid":1205,"tokenid":"c16d8f6241fc2add963ea12531621176","tokenurl":"/mcm/api/land?token=c16d8f6241fc2add963ea12531621176","imageurl":"/mcm/images/land/2B/13837_32c0ead2ca1d.jpg","landname":"68"},{"id":281475012886597,"level":3,"status":1,"posx":11,"posy":14,"cityid":552,"townid":1205,"tokenid":"388c59e65992bae8cc004cffe474840f","tokenurl":"/mcm/api/land?token=388c59e65992bae8cc004cffe474840f","imageurl":"/mcm/images/land/2B/13838_97e8c86a20d.jpg","landname":"69"},{"id":281475012886598,"level":1,"status":0,"posx":12,"posy":14,"cityid":552,"townid":1205,"tokenid":"1cd1e75964f09a50bcd811e9d224f24c","tokenurl":"/mcm/api/land?token=1cd1e75964f09a50bcd811e9d224f24c","imageurl":"/mcm/images/land/2S/5533_b3a66d5f970.jpg","landname":"70"},{"id":281475012886599,"level":2,"status":0,"posx":8,"posy":20,"cityid":552,"townid":1205,"tokenid":"6c7eaac5f9a3dd27244f600cb7055f1c","tokenurl":"/mcm/api/land?token=6c7eaac5f9a3dd27244f600cb7055f1c","imageurl":"/mcm/images/land/2A/8303_42adbd02f6a6.jpg","landname":"71"},{"id":281475012886600,"level":3,"status":1,"posx":9,"posy":20,"cityid":552,"townid":1205,"tokenid":"f54fc64fcd09548e7f02d74f372d6108","tokenurl":"/mcm/api/land?token=f54fc64fcd09548e7f02d74f372d6108","imageurl":"/mcm/images/land/2B/13839_103259583381.jpg","landname":"72"},{"id":281475012886601,"level":2,"status":0,"posx":10,"posy":20,"cityid":552,"townid":1205,"tokenid":"a7433aa6dd51626bd62caf6204a4ebce","tokenurl":"/mcm/api/land?token=a7433aa6dd51626bd62caf6204a4ebce","imageurl":"/mcm/images/land/2A/8304_4deafcff8606.jpg","landname":"73"},{"id":281475012886602,"level":3,"status":1,"posx":11,"posy":20,"cityid":552,"townid":1205,"tokenid":"35b763c36cc8781b503e47cd814b6df2","tokenurl":"/mcm/api/land?token=35b763c36cc8781b503e47cd814b6df2","imageurl":"/mcm/images/land/2B/13840_369d34bee3de.jpg","landname":"74"},{"id":281475012886603,"level":2,"status":1,"posx":12,"posy":20,"cityid":552,"townid":1205,"tokenid":"6ad98ca782741f6eeabd8fdf4f952123","tokenurl":"/mcm/api/land?token=6ad98ca782741f6eeabd8fdf4f952123","imageurl":"/mcm/images/land/2A/8305_24509d4127c2.jpg","landname":"75"},{"id":281475012886604,"level":3,"status":0,"posx":8,"posy":21,"cityid":552,"townid":1205,"tokenid":"2df87e4d401a05e913dc76601a0250df","tokenurl":"/mcm/api/land?token=2df87e4d401a05e913dc76601a0250df","imageurl":"/mcm/images/land/2B/13841_96a8863f4f4.jpg","landname":"76"},{"id":281475012886605,"level":3,"status":1,"posx":9,"posy":21,"cityid":552,"townid":1205,"tokenid":"386ed70e8aaf058389a9f1f41e595c60","tokenurl":"/mcm/api/land?token=386ed70e8aaf058389a9f1f41e595c60","imageurl":"/mcm/images/land/2B/13842_280661078571.jpg","landname":"77"},{"id":281475012886606,"level":1,"status":1,"posx":10,"posy":21,"cityid":552,"townid":1205,"tokenid":"91b2fb482e236a97ee2d39929dbdc7b9","tokenurl":"/mcm/api/land?token=91b2fb482e236a97ee2d39929dbdc7b9","imageurl":"/mcm/images/land/2S/5534_4d138108493.jpg","landname":"78"},{"id":281475012886607,"level":2,"status":1,"posx":11,"posy":21,"cityid":552,"townid":1205,"tokenid":"3c65949287465ca74b9c08460a9b2a4a","tokenurl":"/mcm/api/land?token=3c65949287465ca74b9c08460a9b2a4a","imageurl":"/mcm/images/land/2A/8306_128534648693.jpg","landname":"79"},{"id":281475012886608,"level":1,"status":0,"posx":12,"posy":21,"cityid":552,"townid":1205,"tokenid":"c65edf0fd2062797519d019e575a783b","tokenurl":"/mcm/api/land?token=c65edf0fd2062797519d019e575a783b","imageurl":"/mcm/images/land/2S/5535_2a369deb76c2.jpg","landname":"80"},{"id":281475012886609,"level":1,"status":0,"posx":27,"posy":22,"cityid":552,"townid":1205,"tokenid":"04b3674c6f627d937d33d208aa6225bb","tokenurl":"/mcm/api/land?token=04b3674c6f627d937d33d208aa6225bb","imageurl":"/mcm/images/land/2S/5536_55de9b06d0ec.jpg","landname":"81"},{"id":281475012886610,"level":3,"status":0,"posx":28,"posy":22,"cityid":552,"townid":1205,"tokenid":"895b419a64ded1607fe353a892d7d54b","tokenurl":"/mcm/api/land?token=895b419a64ded1607fe353a892d7d54b","imageurl":"/mcm/images/land/2B/13843_2d69d48f6f6.jpg","landname":"82"},{"id":281475012886611,"level":2,"status":1,"posx":29,"posy":22,"cityid":552,"townid":1205,"tokenid":"462edecab83da77c49d0d838756203a8","tokenurl":"/mcm/api/land?token=462edecab83da77c49d0d838756203a8","imageurl":"/mcm/images/land/2A/8307_4a8d908a07b4.jpg","landname":"83"},{"id":281475012886612,"level":1,"status":1,"posx":30,"posy":22,"cityid":552,"townid":1205,"tokenid":"e6f14f0708cdffa75a254aa0b0d758e6","tokenurl":"/mcm/api/land?token=e6f14f0708cdffa75a254aa0b0d758e6","imageurl":"/mcm/images/land/2S/5537_41a9873c00fa.jpg","landname":"84"},{"id":281475012886613,"level":2,"status":1,"posx":31,"posy":22,"cityid":552,"townid":1205,"tokenid":"52ef9ba7ece1ddc468d92ed36dd475ad","tokenurl":"/mcm/api/land?token=52ef9ba7ece1ddc468d92ed36dd475ad","imageurl":"/mcm/images/land/2A/8308_5a3adaf82bc9.jpg","landname":"85"},{"id":281475012886614,"level":2,"status":0,"posx":27,"posy":23,"cityid":552,"townid":1205,"tokenid":"c98e25a08a501407b362818773ea2022","tokenurl":"/mcm/api/land?token=c98e25a08a501407b362818773ea2022","imageurl":"/mcm/images/land/2A/8309_119f263e6446.jpg","landname":"86"},{"id":281475012886615,"level":3,"status":0,"posx":28,"posy":23,"cityid":552,"townid":1205,"tokenid":"210aaaa240daadf1cba099d4c7d46079","tokenurl":"/mcm/api/land?token=210aaaa240daadf1cba099d4c7d46079","imageurl":"/mcm/images/land/2B/13844_5537e6bf7dae.jpg","landname":"87"},{"id":281475012886616,"level":2,"status":1,"posx":29,"posy":23,"cityid":552,"townid":1205,"tokenid":"e9474afecd5bd98201bdb67f24cdd5a0","tokenurl":"/mcm/api/land?token=e9474afecd5bd98201bdb67f24cdd5a0","imageurl":"/mcm/images/land/2A/8310_3b70bf22d761.jpg","landname":"88"},{"id":281475012886617,"level":3,"status":0,"posx":30,"posy":23,"cityid":552,"townid":1205,"tokenid":"3176f277eb7c0b8b1463206eb22b29a5","tokenurl":"/mcm/api/land?token=3176f277eb7c0b8b1463206eb22b29a5","imageurl":"/mcm/images/land/2B/13845_4cdebba1d2d5.jpg","landname":"89"},{"id":281475012886618,"level":1,"status":0,"posx":31,"posy":23,"cityid":552,"townid":1205,"tokenid":"29ef6f36b286d63dcef11b967724dedf","tokenurl":"/mcm/api/land?token=29ef6f36b286d63dcef11b967724dedf","imageurl":"/mcm/images/land/2S/5538_6e1d2d8446e.jpg","landname":"90"},{"id":281475012886619,"level":2,"status":1,"posx":8,"posy":24,"cityid":552,"townid":1205,"tokenid":"8c783adae14b963256330d8cfb191031","tokenurl":"/mcm/api/land?token=8c783adae14b963256330d8cfb191031","imageurl":"/mcm/images/land/2A/8311_b8fcd713184.jpg","landname":"91"},{"id":281475012886620,"level":1,"status":0,"posx":9,"posy":24,"cityid":552,"townid":1205,"tokenid":"bc689ef96d126bf86bd575b682bb5169","tokenurl":"/mcm/api/land?token=bc689ef96d126bf86bd575b682bb5169","imageurl":"/mcm/images/land/2S/5539_e9aa3a989cc.jpg","landname":"92"},{"id":281475012886621,"level":3,"status":1,"posx":10,"posy":24,"cityid":552,"townid":1205,"tokenid":"96715727a461aafe374389eadedf8ae7","tokenurl":"/mcm/api/land?token=96715727a461aafe374389eadedf8ae7","imageurl":"/mcm/images/land/2B/13846_2929cafadb86.jpg","landname":"93"},{"id":281475012886622,"level":3,"status":1,"posx":11,"posy":24,"cityid":552,"townid":1205,"tokenid":"57ab6c8a385a46fad3b02cc367f8ac3e","tokenurl":"/mcm/api/land?token=57ab6c8a385a46fad3b02cc367f8ac3e","imageurl":"/mcm/images/land/2B/13847_239c51ccaad1.jpg","landname":"94"},{"id":281475012886623,"level":1,"status":0,"posx":12,"posy":24,"cityid":552,"townid":1205,"tokenid":"c7a15f51e1eb69859b56d792092a3b15","tokenurl":"/mcm/api/land?token=c7a15f51e1eb69859b56d792092a3b15","imageurl":"/mcm/images/land/2S/5540_13cffe3c613d.jpg","landname":"95"},{"id":281475012886624,"level":3,"status":0,"posx":17,"posy":24,"cityid":552,"townid":1205,"tokenid":"42db608a9850f1c943dd1ecf46c9b153","tokenurl":"/mcm/api/land?token=42db608a9850f1c943dd1ecf46c9b153","imageurl":"/mcm/images/land/2B/13848_555ba2f58e08.jpg","landname":"96"},{"id":281475012886625,"level":3,"status":0,"posx":18,"posy":24,"cityid":552,"townid":1205,"tokenid":"ce6554384b4738d1241ab8826cdf2ae7","tokenurl":"/mcm/api/land?token=ce6554384b4738d1241ab8826cdf2ae7","imageurl":"/mcm/images/land/2B/13849_4470ce7f759b.jpg","landname":"97"},{"id":281475012886626,"level":2,"status":1,"posx":19,"posy":24,"cityid":552,"townid":1205,"tokenid":"52d3c13fa628d0cb2ddf680cafcef9df","tokenurl":"/mcm/api/land?token=52d3c13fa628d0cb2ddf680cafcef9df","imageurl":"/mcm/images/land/2A/8312_4173000a2cae.jpg","landname":"98"},{"id":281475012886627,"level":3,"status":0,"posx":20,"posy":24,"cityid":552,"townid":1205,"tokenid":"404d65bd3a554b61dac4ac9d097bd410","tokenurl":"/mcm/api/land?token=404d65bd3a554b61dac4ac9d097bd410","imageurl":"/mcm/images/land/2B/13850_5d3ce6c4115.jpg","landname":"99"},{"id":281475012886628,"level":3,"status":1,"posx":21,"posy":24,"cityid":552,"townid":1205,"tokenid":"bd444a63bb2fd006abbc0fbc481798b6","tokenurl":"/mcm/api/land?token=bd444a63bb2fd006abbc0fbc481798b6","imageurl":"/mcm/images/land/2B/13851_416aec0b1592.jpg","landname":"100"},{"id":281475012886629,"level":3,"status":0,"posx":8,"posy":25,"cityid":552,"townid":1205,"tokenid":"0c22f1b05be423207d8bde70a69a390a","tokenurl":"/mcm/api/land?token=0c22f1b05be423207d8bde70a69a390a","imageurl":"/mcm/images/land/2B/13852_576bd028a562.jpg","landname":"101"},{"id":281475012886630,"level":2,"status":0,"posx":9,"posy":25,"cityid":552,"townid":1205,"tokenid":"00fa3569c18418dd4e86f48dd534b1c1","tokenurl":"/mcm/api/land?token=00fa3569c18418dd4e86f48dd534b1c1","imageurl":"/mcm/images/land/2A/8313_3855aa33d2ed.jpg","landname":"102"},{"id":281475012886631,"level":1,"status":0,"posx":10,"posy":25,"cityid":552,"townid":1205,"tokenid":"5c013bd7e66574e587affc292a3cd26f","tokenurl":"/mcm/api/land?token=5c013bd7e66574e587affc292a3cd26f","imageurl":"/mcm/images/land/2S/5541_2cfd83064f4d.jpg","landname":"103"},{"id":281475012886632,"level":1,"status":1,"posx":11,"posy":25,"cityid":552,"townid":1205,"tokenid":"90272a0f640d2e609319207fae9a7462","tokenurl":"/mcm/api/land?token=90272a0f640d2e609319207fae9a7462","imageurl":"/mcm/images/land/2S/5542_19ebcb851ce7.jpg","landname":"104"},{"id":281475012886633,"level":3,"status":1,"posx":12,"posy":25,"cityid":552,"townid":1205,"tokenid":"b28dcc444b213ccdfe84171a6e8e5448","tokenurl":"/mcm/api/land?token=b28dcc444b213ccdfe84171a6e8e5448","imageurl":"/mcm/images/land/2B/13853_c700cb802e3.jpg","landname":"105"},{"id":281475012886634,"level":3,"status":1,"posx":17,"posy":25,"cityid":552,"townid":1205,"tokenid":"9a786bf1a2cf874fdc06a2374d3ee50d","tokenurl":"/mcm/api/land?token=9a786bf1a2cf874fdc06a2374d3ee50d","imageurl":"/mcm/images/land/2B/13854_bca50820507.jpg","landname":"106"},{"id":281475012886635,"level":3,"status":1,"posx":18,"posy":25,"cityid":552,"townid":1205,"tokenid":"dae5611b55748a3fad680e0e24d190ae","tokenurl":"/mcm/api/land?token=dae5611b55748a3fad680e0e24d190ae","imageurl":"/mcm/images/land/2B/13855_572b05c5c8b6.jpg","landname":"107"},{"id":281475012886636,"level":2,"status":0,"posx":19,"posy":25,"cityid":552,"townid":1205,"tokenid":"e265247552c2f6504e0aa64a2a8bb8c3","tokenurl":"/mcm/api/land?token=e265247552c2f6504e0aa64a2a8bb8c3","imageurl":"/mcm/images/land/2A/8314_5432f6f16b51.jpg","landname":"108"},{"id":281475012886637,"level":1,"status":0,"posx":20,"posy":25,"cityid":552,"townid":1205,"tokenid":"d2c4f53b9c1422be0685ae6ce9262e38","tokenurl":"/mcm/api/land?token=d2c4f53b9c1422be0685ae6ce9262e38","imageurl":"/mcm/images/land/2S/5543_15d426d54e13.jpg","landname":"109"},{"id":281475012886638,"level":3,"status":0,"posx":21,"posy":25,"cityid":552,"townid":1205,"tokenid":"6becefca3ff9ca7d06cdd099c62b74e1","tokenurl":"/mcm/api/land?token=6becefca3ff9ca7d06cdd099c62b74e1","imageurl":"/mcm/images/land/2B/13856_f0e5c31d9a2.jpg","landname":"110"},{"id":281475012886639,"level":2,"status":0,"posx":27,"posy":26,"cityid":552,"townid":1205,"tokenid":"8641951a09ad8a8d3ed710f9119290fb","tokenurl":"/mcm/api/land?token=8641951a09ad8a8d3ed710f9119290fb","imageurl":"/mcm/images/land/2A/8315_28d60bfa8b0f.jpg","landname":"111"},{"id":281475012886640,"level":3,"status":1,"posx":28,"posy":26,"cityid":552,"townid":1205,"tokenid":"70fbb6931f628e95b007c32c4e4cd7cf","tokenurl":"/mcm/api/land?token=70fbb6931f628e95b007c32c4e4cd7cf","imageurl":"/mcm/images/land/2B/13857_1c10a0f588d0.jpg","landname":"112"},{"id":281475012886641,"level":1,"status":1,"posx":27,"posy":27,"cityid":552,"townid":1205,"tokenid":"ede3408114492b228f83d74ee48de7c9","tokenurl":"/mcm/api/land?token=ede3408114492b228f83d74ee48de7c9","imageurl":"/mcm/images/land/2S/5544_22f803c54d11.jpg","landname":"113"},{"id":281475012886642,"level":2,"status":0,"posx":28,"posy":27,"cityid":552,"townid":1205,"tokenid":"4175151c4f9788b6fd65fb2f73c3b1ef","tokenurl":"/mcm/api/land?token=4175151c4f9788b6fd65fb2f73c3b1ef","imageurl":"/mcm/images/land/2A/8316_38e8e3bd1429.jpg","landname":"114"},{"id":281475012886643,"level":3,"status":0,"posx":32,"posy":27,"cityid":552,"townid":1205,"tokenid":"1f0db01025b6af6db3fc1f0358999357","tokenurl":"/mcm/api/land?token=1f0db01025b6af6db3fc1f0358999357","imageurl":"/mcm/images/land/2B/13858_5180392fe548.jpg","landname":"115"},{"id":281475012886644,"level":1,"status":1,"posx":33,"posy":27,"cityid":552,"townid":1205,"tokenid":"13777a6c22e9c6e60a5a206f7e8da9db","tokenurl":"/mcm/api/land?token=13777a6c22e9c6e60a5a206f7e8da9db","imageurl":"/mcm/images/land/2S/5545_1fdff5803943.jpg","landname":"116"},{"id":281475012886645,"level":1,"status":1,"posx":8,"posy":28,"cityid":552,"townid":1205,"tokenid":"f08467f07e272c95ef8e125e1b714635","tokenurl":"/mcm/api/land?token=f08467f07e272c95ef8e125e1b714635","imageurl":"/mcm/images/land/2S/5546_311b1475a982.jpg","landname":"117"},{"id":281475012886646,"level":3,"status":0,"posx":9,"posy":28,"cityid":552,"townid":1205,"tokenid":"90106b541a68bd001a5c7f9e8632cab0","tokenurl":"/mcm/api/land?token=90106b541a68bd001a5c7f9e8632cab0","imageurl":"/mcm/images/land/2B/13859_3b27bc94963a.jpg","landname":"118"},{"id":281475012886647,"level":1,"status":1,"posx":10,"posy":28,"cityid":552,"townid":1205,"tokenid":"8507d79a2becd7ef6b174e5f98d0e6af","tokenurl":"/mcm/api/land?token=8507d79a2becd7ef6b174e5f98d0e6af","imageurl":"/mcm/images/land/2S/5547_50a455c60e4c.jpg","landname":"119"},{"id":281475012886648,"level":2,"status":1,"posx":11,"posy":28,"cityid":552,"townid":1205,"tokenid":"2e87ae90c9f795c8a0e590988bb72f43","tokenurl":"/mcm/api/land?token=2e87ae90c9f795c8a0e590988bb72f43","imageurl":"/mcm/images/land/2A/8317_4d846120c288.jpg","landname":"120"},{"id":281475012886649,"level":1,"status":1,"posx":12,"posy":28,"cityid":552,"townid":1205,"tokenid":"87570cdad74b356d2537732e77938a45","tokenurl":"/mcm/api/land?token=87570cdad74b356d2537732e77938a45","imageurl":"/mcm/images/land/2S/5548_3c10c464e368.jpg","landname":"121"},{"id":281475012886650,"level":3,"status":1,"posx":17,"posy":28,"cityid":552,"townid":1205,"tokenid":"250f08469fc444ff48f58456d5a247d4","tokenurl":"/mcm/api/land?token=250f08469fc444ff48f58456d5a247d4","imageurl":"/mcm/images/land/2B/13860_4c5e5629c8e1.jpg","landname":"122"},{"id":281475012886651,"level":3,"status":1,"posx":18,"posy":28,"cityid":552,"townid":1205,"tokenid":"fd3075ecaec1b0dc569f96709fbce800","tokenurl":"/mcm/api/land?token=fd3075ecaec1b0dc569f96709fbce800","imageurl":"/mcm/images/land/2B/13861_521cf65e546c.jpg","landname":"123"},{"id":281475012886652,"level":3,"status":0,"posx":19,"posy":28,"cityid":552,"townid":1205,"tokenid":"99351397b0f897a49264a2f130c2206a","tokenurl":"/mcm/api/land?token=99351397b0f897a49264a2f130c2206a","imageurl":"/mcm/images/land/2B/13862_2b48d097693b.jpg","landname":"124"},{"id":281475012886653,"level":1,"status":0,"posx":20,"posy":28,"cityid":552,"townid":1205,"tokenid":"69bc34cbdf85a787183dda2f71566de0","tokenurl":"/mcm/api/land?token=69bc34cbdf85a787183dda2f71566de0","imageurl":"/mcm/images/land/2S/5549_d0e025c81fe.jpg","landname":"125"},{"id":281475012886654,"level":3,"status":0,"posx":21,"posy":28,"cityid":552,"townid":1205,"tokenid":"5bde489d60b045cdbeeb7dcd64fdf5b0","tokenurl":"/mcm/api/land?token=5bde489d60b045cdbeeb7dcd64fdf5b0","imageurl":"/mcm/images/land/2B/13863_4d187ea1bd4b.jpg","landname":"126"},{"id":281475012886655,"level":1,"status":1,"posx":27,"posy":28,"cityid":552,"townid":1205,"tokenid":"92d745b3efc7c6a73af66a954b2698d8","tokenurl":"/mcm/api/land?token=92d745b3efc7c6a73af66a954b2698d8","imageurl":"/mcm/images/land/2S/5550_227c0d0d3925.jpg","landname":"127"},{"id":281475012886656,"level":3,"status":0,"posx":28,"posy":28,"cityid":552,"townid":1205,"tokenid":"c3fdb955050c844d4d9d43db1c9f641d","tokenurl":"/mcm/api/land?token=c3fdb955050c844d4d9d43db1c9f641d","imageurl":"/mcm/images/land/2B/13864_598bc8b2bc7a.jpg","landname":"128"},{"id":281475012886657,"level":3,"status":0,"posx":32,"posy":28,"cityid":552,"townid":1205,"tokenid":"3c965ca18e05d85380bf9f9ca10bab21","tokenurl":"/mcm/api/land?token=3c965ca18e05d85380bf9f9ca10bab21","imageurl":"/mcm/images/land/2B/13865_4790d84885e3.jpg","landname":"129"},{"id":281475012886658,"level":2,"status":0,"posx":33,"posy":28,"cityid":552,"townid":1205,"tokenid":"6dc7e5acce29cf0f8fc3eb9eb56d13cf","tokenurl":"/mcm/api/land?token=6dc7e5acce29cf0f8fc3eb9eb56d13cf","imageurl":"/mcm/images/land/2A/8318_4071ad9737b1.jpg","landname":"130"},{"id":281475012886659,"level":3,"status":1,"posx":8,"posy":29,"cityid":552,"townid":1205,"tokenid":"7df54bd4c07f1a842e5c79fb73bd1f63","tokenurl":"/mcm/api/land?token=7df54bd4c07f1a842e5c79fb73bd1f63","imageurl":"/mcm/images/land/2B/13866_183c3b63456e.jpg","landname":"131"},{"id":281475012886660,"level":3,"status":0,"posx":9,"posy":29,"cityid":552,"townid":1205,"tokenid":"5da887ba214327ccaea834a8f6840d98","tokenurl":"/mcm/api/land?token=5da887ba214327ccaea834a8f6840d98","imageurl":"/mcm/images/land/2B/13867_2c3e4d20fcbd.jpg","landname":"132"},{"id":281475012886661,"level":3,"status":0,"posx":10,"posy":29,"cityid":552,"townid":1205,"tokenid":"9e5978330b12d5badfcd50d5be16f17a","tokenurl":"/mcm/api/land?token=9e5978330b12d5badfcd50d5be16f17a","imageurl":"/mcm/images/land/2B/13868_2306df39683c.jpg","landname":"133"},{"id":281475012886662,"level":3,"status":0,"posx":11,"posy":29,"cityid":552,"townid":1205,"tokenid":"73e3e4f7f363634a7dde0d95fb23f6f9","tokenurl":"/mcm/api/land?token=73e3e4f7f363634a7dde0d95fb23f6f9","imageurl":"/mcm/images/land/2B/13869_547c1d26cdfb.jpg","landname":"134"},{"id":281475012886663,"level":3,"status":1,"posx":12,"posy":29,"cityid":552,"townid":1205,"tokenid":"8b27e5d45bd1d3a8f6da44cd1e22ed95","tokenurl":"/mcm/api/land?token=8b27e5d45bd1d3a8f6da44cd1e22ed95","imageurl":"/mcm/images/land/2B/13870_2bef500b124b.jpg","landname":"135"},{"id":281475012886664,"level":3,"status":1,"posx":17,"posy":29,"cityid":552,"townid":1205,"tokenid":"afabd6a1512d7f290b88a5725ab61669","tokenurl":"/mcm/api/land?token=afabd6a1512d7f290b88a5725ab61669","imageurl":"/mcm/images/land/2B/13871_32ed008dbc21.jpg","landname":"136"},{"id":281475012886665,"level":3,"status":0,"posx":18,"posy":29,"cityid":552,"townid":1205,"tokenid":"4b07c44a0663da0a9c818f8c4f062bc2","tokenurl":"/mcm/api/land?token=4b07c44a0663da0a9c818f8c4f062bc2","imageurl":"/mcm/images/land/2B/13872_341a557b4ee7.jpg","landname":"137"},{"id":281475012886666,"level":2,"status":0,"posx":19,"posy":29,"cityid":552,"townid":1205,"tokenid":"00198906d9bd4c2c8a31e97572143eb1","tokenurl":"/mcm/api/land?token=00198906d9bd4c2c8a31e97572143eb1","imageurl":"/mcm/images/land/2A/8319_426a903c9803.jpg","landname":"138"},{"id":281475012886667,"level":3,"status":0,"posx":20,"posy":29,"cityid":552,"townid":1205,"tokenid":"d561311e161f6e9065184cf2069be14c","tokenurl":"/mcm/api/land?token=d561311e161f6e9065184cf2069be14c","imageurl":"/mcm/images/land/2B/13873_3cae6cb03c87.jpg","landname":"139"},{"id":281475012886668,"level":3,"status":1,"posx":21,"posy":29,"cityid":552,"townid":1205,"tokenid":"bbe062c2e4f44dc0d1f68da814e4a183","tokenurl":"/mcm/api/land?token=bbe062c2e4f44dc0d1f68da814e4a183","imageurl":"/mcm/images/land/2B/13874_363d64a7a31c.jpg","landname":"140"},{"id":281475012886669,"level":2,"status":0,"posx":27,"posy":29,"cityid":552,"townid":1205,"tokenid":"954c3f6c6993888218a878cfa40f1718","tokenurl":"/mcm/api/land?token=954c3f6c6993888218a878cfa40f1718","imageurl":"/mcm/images/land/2A/8320_4ccaf2c8d439.jpg","landname":"141"},{"id":281475012886670,"level":2,"status":1,"posx":28,"posy":29,"cityid":552,"townid":1205,"tokenid":"3f20df55c99e07204d8b19d122ae6c99","tokenurl":"/mcm/api/land?token=3f20df55c99e07204d8b19d122ae6c99","imageurl":"/mcm/images/land/2A/8321_3f2ec3a4c47d.jpg","landname":"142"},{"id":281475012886671,"level":2,"status":0,"posx":32,"posy":29,"cityid":552,"townid":1205,"tokenid":"1d8fd54dc7bc2f44ece1d54648781155","tokenurl":"/mcm/api/land?token=1d8fd54dc7bc2f44ece1d54648781155","imageurl":"/mcm/images/land/2A/8322_2c496cad1b26.jpg","landname":"143"},{"id":281475012886672,"level":3,"status":1,"posx":33,"posy":29,"cityid":552,"townid":1205,"tokenid":"4efb6548bc2b806f1a10d3f34888c4f1","tokenurl":"/mcm/api/land?token=4efb6548bc2b806f1a10d3f34888c4f1","imageurl":"/mcm/images/land/2B/13875_23c12eeb6a21.jpg","landname":"144"},{"id":281475012886673,"level":2,"status":0,"posx":27,"posy":30,"cityid":552,"townid":1205,"tokenid":"770e37e176261629200d30032cd3b2cb","tokenurl":"/mcm/api/land?token=770e37e176261629200d30032cd3b2cb","imageurl":"/mcm/images/land/2A/8323_491e69520676.jpg","landname":"145"},{"id":281475012886674,"level":2,"status":1,"posx":28,"posy":30,"cityid":552,"townid":1205,"tokenid":"1ecb7d9692f5566e1b1d1b03bc488520","tokenurl":"/mcm/api/land?token=1ecb7d9692f5566e1b1d1b03bc488520","imageurl":"/mcm/images/land/2A/8324_3ae0f577a260.jpg","landname":"146"},{"id":281475012886675,"level":1,"status":1,"posx":32,"posy":30,"cityid":552,"townid":1205,"tokenid":"5ca4145c4dd89c2ed50fe00522d67dcf","tokenurl":"/mcm/api/land?token=5ca4145c4dd89c2ed50fe00522d67dcf","imageurl":"/mcm/images/land/2S/5551_127d85dabcd0.jpg","landname":"147"},{"id":281475012886676,"level":2,"status":0,"posx":33,"posy":30,"cityid":552,"townid":1205,"tokenid":"7d0cbc086846395bd369e77b53b1d797","tokenurl":"/mcm/api/land?token=7d0cbc086846395bd369e77b53b1d797","imageurl":"/mcm/images/land/2A/8325_4d865b1763e3.jpg","landname":"148"},{"id":281475012886677,"level":2,"status":1,"posx":32,"posy":31,"cityid":552,"townid":1205,"tokenid":"c5095d43460e98f14fe601172e1ba32e","tokenurl":"/mcm/api/land?token=c5095d43460e98f14fe601172e1ba32e","imageurl":"/mcm/images/land/2A/8326_b54709b0686.jpg","landname":"149"},{"id":281475012886678,"level":3,"status":0,"posx":33,"posy":31,"cityid":552,"townid":1205,"tokenid":"2bcbbe4f448b0f91852d402de6de8da4","tokenurl":"/mcm/api/land?token=2bcbbe4f448b0f91852d402de6de8da4","imageurl":"/mcm/images/land/2B/13876_54613b037f06.jpg","landname":"150"}]]],0,0,[],[],[]]
