[1,0,0,[["cc.JsonAsset",["_name","json"],1]],[[0,0,1,3]],[[0,"1382",[{"id":281475018653847,"level":3,"status":0,"posx":32,"posy":5,"cityid":640,"townid":1382,"tokenid":"7e7520a89dfd202fd0796699de8bcb6e","tokenurl":"/mcm/api/land?token=7e7520a89dfd202fd0796699de8bcb6e","imageurl":"/mcm/images/land/2B/27077_5a71820dd325.jpg","landname":"1"},{"id":281475018653848,"level":3,"status":0,"posx":33,"posy":5,"cityid":640,"townid":1382,"tokenid":"1bc2790cb6161dd4b71acfea5ff49c28","tokenurl":"/mcm/api/land?token=1bc2790cb6161dd4b71acfea5ff49c28","imageurl":"/mcm/images/land/2B/27078_3c8db9a6c1ea.jpg","landname":"2"},{"id":281475018653849,"level":1,"status":1,"posx":5,"posy":6,"cityid":640,"townid":1382,"tokenid":"ba964b4b2d208f1d0bc415a7099133e2","tokenurl":"/mcm/api/land?token=ba964b4b2d208f1d0bc415a7099133e2","imageurl":"/mcm/images/land/2S/10832_36b2400329c3.jpg","landname":"3"},{"id":281475018653850,"level":1,"status":0,"posx":6,"posy":6,"cityid":640,"townid":1382,"tokenid":"3f95bc10a02d785d2268cd7a95e7c66e","tokenurl":"/mcm/api/land?token=3f95bc10a02d785d2268cd7a95e7c66e","imageurl":"/mcm/images/land/2S/10833_2dafbf19b077.jpg","landname":"4"},{"id":281475018653851,"level":1,"status":1,"posx":21,"posy":6,"cityid":640,"townid":1382,"tokenid":"5e60a5be79b471efbd73fb478009a225","tokenurl":"/mcm/api/land?token=5e60a5be79b471efbd73fb478009a225","imageurl":"/mcm/images/land/2S/10834_2bdad48f99b0.jpg","landname":"5"},{"id":281475018653852,"level":3,"status":1,"posx":22,"posy":6,"cityid":640,"townid":1382,"tokenid":"dac4bb19ee2814811baef696d5f29294","tokenurl":"/mcm/api/land?token=dac4bb19ee2814811baef696d5f29294","imageurl":"/mcm/images/land/2B/27079_3a8aec5da197.jpg","landname":"6"},{"id":281475018653853,"level":3,"status":0,"posx":23,"posy":6,"cityid":640,"townid":1382,"tokenid":"abdab036e554740d897ca97fbf90ad1c","tokenurl":"/mcm/api/land?token=abdab036e554740d897ca97fbf90ad1c","imageurl":"/mcm/images/land/2B/27080_4b5682a92f0c.jpg","landname":"7"},{"id":281475018653854,"level":3,"status":1,"posx":24,"posy":6,"cityid":640,"townid":1382,"tokenid":"38c23a19387ccb50a657f9f927d7db73","tokenurl":"/mcm/api/land?token=38c23a19387ccb50a657f9f927d7db73","imageurl":"/mcm/images/land/2B/27081_4930f26d8076.jpg","landname":"8"},{"id":281475018653855,"level":1,"status":1,"posx":25,"posy":6,"cityid":640,"townid":1382,"tokenid":"c31bbb85d215ad6ef6609268676bbc0d","tokenurl":"/mcm/api/land?token=c31bbb85d215ad6ef6609268676bbc0d","imageurl":"/mcm/images/land/2S/10835_3384cc48b362.jpg","landname":"9"},{"id":281475018653856,"level":3,"status":0,"posx":32,"posy":6,"cityid":640,"townid":1382,"tokenid":"e9050afb6ab6d7b4f1afc4700e09f0e0","tokenurl":"/mcm/api/land?token=e9050afb6ab6d7b4f1afc4700e09f0e0","imageurl":"/mcm/images/land/2B/27082_4c73fb55df82.jpg","landname":"10"},{"id":281475018653857,"level":2,"status":0,"posx":33,"posy":6,"cityid":640,"townid":1382,"tokenid":"f99c13d7693828a4a7f2c68de58b320a","tokenurl":"/mcm/api/land?token=f99c13d7693828a4a7f2c68de58b320a","imageurl":"/mcm/images/land/2A/16247_3fac86d8afc6.jpg","landname":"11"},{"id":281475018653858,"level":3,"status":0,"posx":5,"posy":7,"cityid":640,"townid":1382,"tokenid":"02073fe5d2f381d5c3eb959eb92a4c9f","tokenurl":"/mcm/api/land?token=02073fe5d2f381d5c3eb959eb92a4c9f","imageurl":"/mcm/images/land/2B/27083_312ab8161d2b.jpg","landname":"12"},{"id":281475018653859,"level":2,"status":1,"posx":6,"posy":7,"cityid":640,"townid":1382,"tokenid":"78b48f80ce4ea003770ec6a3a67e838c","tokenurl":"/mcm/api/land?token=78b48f80ce4ea003770ec6a3a67e838c","imageurl":"/mcm/images/land/2A/16248_363298a407cc.jpg","landname":"13"},{"id":281475018653860,"level":2,"status":0,"posx":21,"posy":7,"cityid":640,"townid":1382,"tokenid":"7ef100cb8cc6a0ec6acfdb93df8d66fb","tokenurl":"/mcm/api/land?token=7ef100cb8cc6a0ec6acfdb93df8d66fb","imageurl":"/mcm/images/land/2A/16249_1f0048b35fc6.jpg","landname":"14"},{"id":281475018653861,"level":2,"status":1,"posx":22,"posy":7,"cityid":640,"townid":1382,"tokenid":"197b19aa9fdd4f5036ca3a03f4831906","tokenurl":"/mcm/api/land?token=197b19aa9fdd4f5036ca3a03f4831906","imageurl":"/mcm/images/land/2A/16250_214f057d1662.jpg","landname":"15"},{"id":281475018653862,"level":3,"status":0,"posx":23,"posy":7,"cityid":640,"townid":1382,"tokenid":"2bfa16f607d6047e26c5025e785bdc9a","tokenurl":"/mcm/api/land?token=2bfa16f607d6047e26c5025e785bdc9a","imageurl":"/mcm/images/land/2B/27084_20a4e47bd58b.jpg","landname":"16"},{"id":281475018653863,"level":2,"status":1,"posx":24,"posy":7,"cityid":640,"townid":1382,"tokenid":"04412362bde06ec9edff20fb844b7f99","tokenurl":"/mcm/api/land?token=04412362bde06ec9edff20fb844b7f99","imageurl":"/mcm/images/land/2A/16251_49221df3168e.jpg","landname":"17"},{"id":281475018653864,"level":1,"status":0,"posx":25,"posy":7,"cityid":640,"townid":1382,"tokenid":"1f86860fcb27ba99c7ac5bf65007819d","tokenurl":"/mcm/api/land?token=1f86860fcb27ba99c7ac5bf65007819d","imageurl":"/mcm/images/land/2S/10836_24d686449a57.jpg","landname":"18"},{"id":281475018653865,"level":3,"status":0,"posx":32,"posy":7,"cityid":640,"townid":1382,"tokenid":"8ceadca57a74bb4930c28cb68165e824","tokenurl":"/mcm/api/land?token=8ceadca57a74bb4930c28cb68165e824","imageurl":"/mcm/images/land/2B/27085_5455a6f8be75.jpg","landname":"19"},{"id":281475018653866,"level":3,"status":1,"posx":33,"posy":7,"cityid":640,"townid":1382,"tokenid":"8007a308e05e973041483244e42118ab","tokenurl":"/mcm/api/land?token=8007a308e05e973041483244e42118ab","imageurl":"/mcm/images/land/2B/27086_20bffe855553.jpg","landname":"20"},{"id":281475018653867,"level":3,"status":1,"posx":5,"posy":8,"cityid":640,"townid":1382,"tokenid":"61db9d9f0734a0a411f86d083c2d2f48","tokenurl":"/mcm/api/land?token=61db9d9f0734a0a411f86d083c2d2f48","imageurl":"/mcm/images/land/2B/27087_4cb36c88a728.jpg","landname":"21"},{"id":281475018653868,"level":3,"status":1,"posx":6,"posy":8,"cityid":640,"townid":1382,"tokenid":"1fe89ec96b681910806d3578c2fc2551","tokenurl":"/mcm/api/land?token=1fe89ec96b681910806d3578c2fc2551","imageurl":"/mcm/images/land/2B/27088_9c71a5f4d0.jpg","landname":"22"},{"id":281475018653869,"level":2,"status":0,"posx":32,"posy":8,"cityid":640,"townid":1382,"tokenid":"c1680ea200c9b9834f61c369a3bb115b","tokenurl":"/mcm/api/land?token=c1680ea200c9b9834f61c369a3bb115b","imageurl":"/mcm/images/land/2A/16252_3424293ac791.jpg","landname":"23"},{"id":281475018653870,"level":3,"status":0,"posx":33,"posy":8,"cityid":640,"townid":1382,"tokenid":"6c673a221b563d19778d59a6f9d0218c","tokenurl":"/mcm/api/land?token=6c673a221b563d19778d59a6f9d0218c","imageurl":"/mcm/images/land/2B/27089_22ffef00e3d2.jpg","landname":"24"},{"id":281475018653871,"level":1,"status":1,"posx":5,"posy":9,"cityid":640,"townid":1382,"tokenid":"5c9d16f8e10c82885043e68b289eb058","tokenurl":"/mcm/api/land?token=5c9d16f8e10c82885043e68b289eb058","imageurl":"/mcm/images/land/2S/10837_58752d011978.jpg","landname":"25"},{"id":281475018653872,"level":3,"status":0,"posx":6,"posy":9,"cityid":640,"townid":1382,"tokenid":"0b09f8fdcf6ee1501082a46909b39fd7","tokenurl":"/mcm/api/land?token=0b09f8fdcf6ee1501082a46909b39fd7","imageurl":"/mcm/images/land/2B/27090_3abcde9113a8.jpg","landname":"26"},{"id":281475018653873,"level":3,"status":1,"posx":32,"posy":9,"cityid":640,"townid":1382,"tokenid":"a3abcc8b5bcab376469fde75d770bf5f","tokenurl":"/mcm/api/land?token=a3abcc8b5bcab376469fde75d770bf5f","imageurl":"/mcm/images/land/2B/27091_ea926ea7f39.jpg","landname":"27"},{"id":281475018653874,"level":3,"status":0,"posx":33,"posy":9,"cityid":640,"townid":1382,"tokenid":"9648129272250acb4abd2dc4fc8b7978","tokenurl":"/mcm/api/land?token=9648129272250acb4abd2dc4fc8b7978","imageurl":"/mcm/images/land/2B/27092_1e29c18e01c1.jpg","landname":"28"},{"id":281475018653875,"level":2,"status":1,"posx":5,"posy":10,"cityid":640,"townid":1382,"tokenid":"6f880a29aea84a5e5e0803ea5457040b","tokenurl":"/mcm/api/land?token=6f880a29aea84a5e5e0803ea5457040b","imageurl":"/mcm/images/land/2A/16253_177e7ad77b90.jpg","landname":"29"},{"id":281475018653876,"level":2,"status":0,"posx":6,"posy":10,"cityid":640,"townid":1382,"tokenid":"f512ec835f0b732c33f7ab6f84994e74","tokenurl":"/mcm/api/land?token=f512ec835f0b732c33f7ab6f84994e74","imageurl":"/mcm/images/land/2A/16254_4a929225a7a8.jpg","landname":"30"},{"id":281475018653877,"level":3,"status":0,"posx":8,"posy":10,"cityid":640,"townid":1382,"tokenid":"a5a7d2fe63105d7375546ea309724b5e","tokenurl":"/mcm/api/land?token=a5a7d2fe63105d7375546ea309724b5e","imageurl":"/mcm/images/land/2B/27093_3ff0b430fdd8.jpg","landname":"31"},{"id":281475018653878,"level":1,"status":0,"posx":9,"posy":10,"cityid":640,"townid":1382,"tokenid":"ec36f8afc71d85018d52f0b5d9fa3491","tokenurl":"/mcm/api/land?token=ec36f8afc71d85018d52f0b5d9fa3491","imageurl":"/mcm/images/land/2S/10838_493876ec0cef.jpg","landname":"32"},{"id":281475018653879,"level":1,"status":0,"posx":23,"posy":10,"cityid":640,"townid":1382,"tokenid":"64865e663630d22e709509915e7ad02e","tokenurl":"/mcm/api/land?token=64865e663630d22e709509915e7ad02e","imageurl":"/mcm/images/land/2S/10839_37d730147926.jpg","landname":"33"},{"id":281475018653880,"level":3,"status":1,"posx":24,"posy":10,"cityid":640,"townid":1382,"tokenid":"5795993ad13e8331080a8483d50903f9","tokenurl":"/mcm/api/land?token=5795993ad13e8331080a8483d50903f9","imageurl":"/mcm/images/land/2B/27094_22d86389854c.jpg","landname":"34"},{"id":281475018653881,"level":2,"status":0,"posx":8,"posy":11,"cityid":640,"townid":1382,"tokenid":"0104d398855effa344d82b952087c76c","tokenurl":"/mcm/api/land?token=0104d398855effa344d82b952087c76c","imageurl":"/mcm/images/land/2A/16255_2bf9572108b8.jpg","landname":"35"},{"id":281475018653882,"level":1,"status":1,"posx":9,"posy":11,"cityid":640,"townid":1382,"tokenid":"124de4f946e30643c09f7c81c239125e","tokenurl":"/mcm/api/land?token=124de4f946e30643c09f7c81c239125e","imageurl":"/mcm/images/land/2S/10840_4e5c8087c548.jpg","landname":"36"},{"id":281475018653883,"level":1,"status":0,"posx":23,"posy":11,"cityid":640,"townid":1382,"tokenid":"77d0f7478b935416b26ad13d92c669ff","tokenurl":"/mcm/api/land?token=77d0f7478b935416b26ad13d92c669ff","imageurl":"/mcm/images/land/2S/10841_271e2a2f5114.jpg","landname":"37"},{"id":281475018653884,"level":1,"status":0,"posx":24,"posy":11,"cityid":640,"townid":1382,"tokenid":"78df26e364ca07b777c6ac39ca105cac","tokenurl":"/mcm/api/land?token=78df26e364ca07b777c6ac39ca105cac","imageurl":"/mcm/images/land/2S/10842_47db585f9f20.jpg","landname":"38"},{"id":281475018653885,"level":3,"status":1,"posx":8,"posy":12,"cityid":640,"townid":1382,"tokenid":"da0170e866a627cdf9859136218a6dd1","tokenurl":"/mcm/api/land?token=da0170e866a627cdf9859136218a6dd1","imageurl":"/mcm/images/land/2B/27095_5374b3b3f0f1.jpg","landname":"39"},{"id":281475018653886,"level":1,"status":0,"posx":9,"posy":12,"cityid":640,"townid":1382,"tokenid":"01402f970edbc108b5d4f3cc8eb93941","tokenurl":"/mcm/api/land?token=01402f970edbc108b5d4f3cc8eb93941","imageurl":"/mcm/images/land/2S/10843_4bf285abc404.jpg","landname":"40"},{"id":281475018653887,"level":2,"status":0,"posx":23,"posy":12,"cityid":640,"townid":1382,"tokenid":"8626545f5413d5c484c40e995cb06ce0","tokenurl":"/mcm/api/land?token=8626545f5413d5c484c40e995cb06ce0","imageurl":"/mcm/images/land/2A/16256_3033b5beb3ed.jpg","landname":"41"},{"id":281475018653888,"level":1,"status":1,"posx":24,"posy":12,"cityid":640,"townid":1382,"tokenid":"446316775c2b16030e3e81484b391c47","tokenurl":"/mcm/api/land?token=446316775c2b16030e3e81484b391c47","imageurl":"/mcm/images/land/2S/10844_2b08fc7bb64d.jpg","landname":"42"},{"id":281475018653889,"level":2,"status":1,"posx":32,"posy":12,"cityid":640,"townid":1382,"tokenid":"103d82170ea60f3b641f52729ea5934f","tokenurl":"/mcm/api/land?token=103d82170ea60f3b641f52729ea5934f","imageurl":"/mcm/images/land/2A/16257_45c6b8f16297.jpg","landname":"43"},{"id":281475018653890,"level":3,"status":1,"posx":33,"posy":12,"cityid":640,"townid":1382,"tokenid":"e950e581fbf1e676bad4a7c2d6e34bb7","tokenurl":"/mcm/api/land?token=e950e581fbf1e676bad4a7c2d6e34bb7","imageurl":"/mcm/images/land/2B/27096_1973fbcaaada.jpg","landname":"44"},{"id":281475018653891,"level":3,"status":1,"posx":8,"posy":13,"cityid":640,"townid":1382,"tokenid":"f257ed6d81d150587aff6dd34a46812a","tokenurl":"/mcm/api/land?token=f257ed6d81d150587aff6dd34a46812a","imageurl":"/mcm/images/land/2B/27097_47fa2ac79996.jpg","landname":"45"},{"id":281475018653892,"level":3,"status":1,"posx":9,"posy":13,"cityid":640,"townid":1382,"tokenid":"dd58f2639b5db81854a4a75fd84ba828","tokenurl":"/mcm/api/land?token=dd58f2639b5db81854a4a75fd84ba828","imageurl":"/mcm/images/land/2B/27098_3294e286b2f1.jpg","landname":"46"},{"id":281475018653893,"level":2,"status":0,"posx":23,"posy":13,"cityid":640,"townid":1382,"tokenid":"8f6b049d7b8047e185e5816319e13841","tokenurl":"/mcm/api/land?token=8f6b049d7b8047e185e5816319e13841","imageurl":"/mcm/images/land/2A/16258_43333b650db7.jpg","landname":"47"},{"id":281475018653894,"level":3,"status":0,"posx":24,"posy":13,"cityid":640,"townid":1382,"tokenid":"dfe27ad3c40483bd821ce3cfcb9de33c","tokenurl":"/mcm/api/land?token=dfe27ad3c40483bd821ce3cfcb9de33c","imageurl":"/mcm/images/land/2B/27099_3571316cd072.jpg","landname":"48"},{"id":281475018653895,"level":2,"status":1,"posx":32,"posy":13,"cityid":640,"townid":1382,"tokenid":"96e40bd01a4f186cfe0641f114e87b00","tokenurl":"/mcm/api/land?token=96e40bd01a4f186cfe0641f114e87b00","imageurl":"/mcm/images/land/2A/16259_54b959932809.jpg","landname":"49"},{"id":281475018653896,"level":1,"status":0,"posx":33,"posy":13,"cityid":640,"townid":1382,"tokenid":"83871155ddc247d84d7e00e79dbbb6e8","tokenurl":"/mcm/api/land?token=83871155ddc247d84d7e00e79dbbb6e8","imageurl":"/mcm/images/land/2S/10845_492a038c890b.jpg","landname":"50"},{"id":281475018653897,"level":2,"status":0,"posx":8,"posy":14,"cityid":640,"townid":1382,"tokenid":"c67f5b4b1885309f602e337046ab15cf","tokenurl":"/mcm/api/land?token=c67f5b4b1885309f602e337046ab15cf","imageurl":"/mcm/images/land/2A/16260_5f64c37c406.jpg","landname":"51"},{"id":281475018653898,"level":2,"status":0,"posx":9,"posy":14,"cityid":640,"townid":1382,"tokenid":"21c89ba16e1ca09f1ad3f847292ecbc3","tokenurl":"/mcm/api/land?token=21c89ba16e1ca09f1ad3f847292ecbc3","imageurl":"/mcm/images/land/2A/16261_48a76e3915e3.jpg","landname":"52"},{"id":281475018653899,"level":3,"status":0,"posx":23,"posy":14,"cityid":640,"townid":1382,"tokenid":"6bf50d7e81467d5dd41365852de9b663","tokenurl":"/mcm/api/land?token=6bf50d7e81467d5dd41365852de9b663","imageurl":"/mcm/images/land/2B/27100_5764cd401dbd.jpg","landname":"53"},{"id":281475018653900,"level":3,"status":0,"posx":24,"posy":14,"cityid":640,"townid":1382,"tokenid":"0f0c290f4f306c4d20a0701ebf544888","tokenurl":"/mcm/api/land?token=0f0c290f4f306c4d20a0701ebf544888","imageurl":"/mcm/images/land/2B/27101_1aad913ee9ef.jpg","landname":"54"},{"id":281475018653901,"level":3,"status":0,"posx":32,"posy":14,"cityid":640,"townid":1382,"tokenid":"22cfd3035f72fe432fa8e3f108b40fc9","tokenurl":"/mcm/api/land?token=22cfd3035f72fe432fa8e3f108b40fc9","imageurl":"/mcm/images/land/2B/27102_4bbce8b10973.jpg","landname":"55"},{"id":281475018653902,"level":1,"status":0,"posx":33,"posy":14,"cityid":640,"townid":1382,"tokenid":"77233b498adb9c4a676d0789803509cd","tokenurl":"/mcm/api/land?token=77233b498adb9c4a676d0789803509cd","imageurl":"/mcm/images/land/2S/10846_2cb76ae616.jpg","landname":"56"},{"id":281475018653903,"level":2,"status":0,"posx":32,"posy":15,"cityid":640,"townid":1382,"tokenid":"4bc7a23c78a3d8c1cf3fbff1faa0b1c4","tokenurl":"/mcm/api/land?token=4bc7a23c78a3d8c1cf3fbff1faa0b1c4","imageurl":"/mcm/images/land/2A/16262_a1d7dcce5a5.jpg","landname":"57"},{"id":281475018653904,"level":1,"status":0,"posx":33,"posy":15,"cityid":640,"townid":1382,"tokenid":"177ea7ac5a273c8eeb2ca45f0318079e","tokenurl":"/mcm/api/land?token=177ea7ac5a273c8eeb2ca45f0318079e","imageurl":"/mcm/images/land/2S/10847_87b38f6478b.jpg","landname":"58"},{"id":281475018653905,"level":1,"status":0,"posx":8,"posy":16,"cityid":640,"townid":1382,"tokenid":"860abb65314e087755ffc5095f9dbc1d","tokenurl":"/mcm/api/land?token=860abb65314e087755ffc5095f9dbc1d","imageurl":"/mcm/images/land/2S/10848_3d637cab4a9a.jpg","landname":"59"},{"id":281475018653906,"level":2,"status":0,"posx":9,"posy":16,"cityid":640,"townid":1382,"tokenid":"1d67b72f2919f3e49f51ac6fd4cfa109","tokenurl":"/mcm/api/land?token=1d67b72f2919f3e49f51ac6fd4cfa109","imageurl":"/mcm/images/land/2A/16263_2c74d68bac30.jpg","landname":"60"},{"id":281475018653907,"level":1,"status":1,"posx":32,"posy":16,"cityid":640,"townid":1382,"tokenid":"7f338b6b1b2d1664723a26171f3772a5","tokenurl":"/mcm/api/land?token=7f338b6b1b2d1664723a26171f3772a5","imageurl":"/mcm/images/land/2S/10849_1887d151ec0f.jpg","landname":"61"},{"id":281475018653908,"level":3,"status":1,"posx":33,"posy":16,"cityid":640,"townid":1382,"tokenid":"3d4aa514657f4ac705062437e9944524","tokenurl":"/mcm/api/land?token=3d4aa514657f4ac705062437e9944524","imageurl":"/mcm/images/land/2B/27103_174721a2a650.jpg","landname":"62"},{"id":281475018653909,"level":1,"status":1,"posx":8,"posy":17,"cityid":640,"townid":1382,"tokenid":"1c8439953d8eccde270884c6a1dca2fb","tokenurl":"/mcm/api/land?token=1c8439953d8eccde270884c6a1dca2fb","imageurl":"/mcm/images/land/2S/10850_1ad3e35274cc.jpg","landname":"63"},{"id":281475018653910,"level":1,"status":1,"posx":9,"posy":17,"cityid":640,"townid":1382,"tokenid":"ae99b2615a37c47b6df4b7fd50417f95","tokenurl":"/mcm/api/land?token=ae99b2615a37c47b6df4b7fd50417f95","imageurl":"/mcm/images/land/2S/10851_ff1e4e1f8b6.jpg","landname":"64"},{"id":281475018653911,"level":3,"status":1,"posx":8,"posy":18,"cityid":640,"townid":1382,"tokenid":"e5a4afc92ec5a00b41206bc2a4a66199","tokenurl":"/mcm/api/land?token=e5a4afc92ec5a00b41206bc2a4a66199","imageurl":"/mcm/images/land/2B/27104_2542078beb6e.jpg","landname":"65"},{"id":281475018653912,"level":3,"status":1,"posx":9,"posy":18,"cityid":640,"townid":1382,"tokenid":"159bb665f254567d9ad3fcbfa5e50810","tokenurl":"/mcm/api/land?token=159bb665f254567d9ad3fcbfa5e50810","imageurl":"/mcm/images/land/2B/27105_4198e0887cbf.jpg","landname":"66"},{"id":281475018653913,"level":2,"status":1,"posx":20,"posy":18,"cityid":640,"townid":1382,"tokenid":"f0ecc708c0b938ffc773ee5cf818c183","tokenurl":"/mcm/api/land?token=f0ecc708c0b938ffc773ee5cf818c183","imageurl":"/mcm/images/land/2A/16264_14f0a76e04ea.jpg","landname":"67"},{"id":281475018653914,"level":3,"status":1,"posx":21,"posy":18,"cityid":640,"townid":1382,"tokenid":"07fb31e189c1e947ca2dc4040aa4ea8e","tokenurl":"/mcm/api/land?token=07fb31e189c1e947ca2dc4040aa4ea8e","imageurl":"/mcm/images/land/2B/27106_4412afbdcb81.jpg","landname":"68"},{"id":281475018653915,"level":3,"status":1,"posx":25,"posy":18,"cityid":640,"townid":1382,"tokenid":"ec0d6ea57a2861e4268ce4da247141e9","tokenurl":"/mcm/api/land?token=ec0d6ea57a2861e4268ce4da247141e9","imageurl":"/mcm/images/land/2B/27107_246e62cdc955.jpg","landname":"69"},{"id":281475018653916,"level":3,"status":0,"posx":26,"posy":18,"cityid":640,"townid":1382,"tokenid":"d58578c1bbd97cc37d10e65cc5fa1345","tokenurl":"/mcm/api/land?token=d58578c1bbd97cc37d10e65cc5fa1345","imageurl":"/mcm/images/land/2B/27108_580f2a152ebb.jpg","landname":"70"},{"id":281475018653917,"level":2,"status":1,"posx":8,"posy":19,"cityid":640,"townid":1382,"tokenid":"f6b22346cf5d0bec198ef2a76ff0258e","tokenurl":"/mcm/api/land?token=f6b22346cf5d0bec198ef2a76ff0258e","imageurl":"/mcm/images/land/2A/16265_57ac7d185375.jpg","landname":"71"},{"id":281475018653918,"level":2,"status":0,"posx":9,"posy":19,"cityid":640,"townid":1382,"tokenid":"c63347fdd06ff62e89a17c3ca668a284","tokenurl":"/mcm/api/land?token=c63347fdd06ff62e89a17c3ca668a284","imageurl":"/mcm/images/land/2A/16266_4242885252db.jpg","landname":"72"},{"id":281475018653919,"level":3,"status":0,"posx":20,"posy":19,"cityid":640,"townid":1382,"tokenid":"b427feabfd3eafa4e90c319cec0c8171","tokenurl":"/mcm/api/land?token=b427feabfd3eafa4e90c319cec0c8171","imageurl":"/mcm/images/land/2B/27109_218b1290c78a.jpg","landname":"73"},{"id":281475018653920,"level":2,"status":0,"posx":21,"posy":19,"cityid":640,"townid":1382,"tokenid":"ace4d344a6e116a0a991de962a71008e","tokenurl":"/mcm/api/land?token=ace4d344a6e116a0a991de962a71008e","imageurl":"/mcm/images/land/2A/16267_49c7425c0389.jpg","landname":"74"},{"id":281475018653921,"level":2,"status":1,"posx":25,"posy":19,"cityid":640,"townid":1382,"tokenid":"dcbd10a38e4d2202bf63e10be61e63e2","tokenurl":"/mcm/api/land?token=dcbd10a38e4d2202bf63e10be61e63e2","imageurl":"/mcm/images/land/2A/16268_5fba554bb82.jpg","landname":"75"},{"id":281475018653922,"level":2,"status":1,"posx":26,"posy":19,"cityid":640,"townid":1382,"tokenid":"12da00fe8059d4526a13be7cc0928e6b","tokenurl":"/mcm/api/land?token=12da00fe8059d4526a13be7cc0928e6b","imageurl":"/mcm/images/land/2A/16269_12a7e1458018.jpg","landname":"76"},{"id":281475018653923,"level":3,"status":0,"posx":8,"posy":20,"cityid":640,"townid":1382,"tokenid":"8441f048aec837e75dbe452834aad8e2","tokenurl":"/mcm/api/land?token=8441f048aec837e75dbe452834aad8e2","imageurl":"/mcm/images/land/2B/27110_3af72e2329be.jpg","landname":"77"},{"id":281475018653924,"level":2,"status":1,"posx":9,"posy":20,"cityid":640,"townid":1382,"tokenid":"f63369e518d6f3d65a3f570e5c8769be","tokenurl":"/mcm/api/land?token=f63369e518d6f3d65a3f570e5c8769be","imageurl":"/mcm/images/land/2A/16270_4ff318827dd2.jpg","landname":"78"},{"id":281475018653925,"level":3,"status":1,"posx":20,"posy":20,"cityid":640,"townid":1382,"tokenid":"e6d71b96a3ba8851cd6193f68149dd96","tokenurl":"/mcm/api/land?token=e6d71b96a3ba8851cd6193f68149dd96","imageurl":"/mcm/images/land/2B/27111_486eb6fd17f0.jpg","landname":"79"},{"id":281475018653926,"level":3,"status":1,"posx":21,"posy":20,"cityid":640,"townid":1382,"tokenid":"10f12d93e1fc86a794aa84cfdd1ee9d7","tokenurl":"/mcm/api/land?token=10f12d93e1fc86a794aa84cfdd1ee9d7","imageurl":"/mcm/images/land/2B/27112_2a3da62a7e6d.jpg","landname":"80"},{"id":281475018653927,"level":2,"status":0,"posx":25,"posy":20,"cityid":640,"townid":1382,"tokenid":"814915d62ecc177d62a685e208bafdfa","tokenurl":"/mcm/api/land?token=814915d62ecc177d62a685e208bafdfa","imageurl":"/mcm/images/land/2A/16271_c20891195d6.jpg","landname":"81"},{"id":281475018653928,"level":3,"status":0,"posx":26,"posy":20,"cityid":640,"townid":1382,"tokenid":"7d5beb7f9f937efd2f841da8ab6e03ca","tokenurl":"/mcm/api/land?token=7d5beb7f9f937efd2f841da8ab6e03ca","imageurl":"/mcm/images/land/2B/27113_17c84f7fbb09.jpg","landname":"82"},{"id":281475018653929,"level":3,"status":1,"posx":31,"posy":20,"cityid":640,"townid":1382,"tokenid":"1473865f6961cf7b9915c37408c9bb41","tokenurl":"/mcm/api/land?token=1473865f6961cf7b9915c37408c9bb41","imageurl":"/mcm/images/land/2B/27114_1aebbbf73c69.jpg","landname":"83"},{"id":281475018653930,"level":3,"status":0,"posx":32,"posy":20,"cityid":640,"townid":1382,"tokenid":"d7bec5d64b750e224d6caf63209e85af","tokenurl":"/mcm/api/land?token=d7bec5d64b750e224d6caf63209e85af","imageurl":"/mcm/images/land/2B/27115_4e3a3767bc47.jpg","landname":"84"},{"id":281475018653931,"level":3,"status":0,"posx":20,"posy":21,"cityid":640,"townid":1382,"tokenid":"8b3ee901eb354d6570ed1ad08dd7234c","tokenurl":"/mcm/api/land?token=8b3ee901eb354d6570ed1ad08dd7234c","imageurl":"/mcm/images/land/2B/27116_5997da4efc20.jpg","landname":"85"},{"id":281475018653932,"level":2,"status":1,"posx":21,"posy":21,"cityid":640,"townid":1382,"tokenid":"877c9abca860d5de67cc94e9318e4356","tokenurl":"/mcm/api/land?token=877c9abca860d5de67cc94e9318e4356","imageurl":"/mcm/images/land/2A/16272_283ac7cfa397.jpg","landname":"86"},{"id":281475018653933,"level":3,"status":0,"posx":25,"posy":21,"cityid":640,"townid":1382,"tokenid":"889ed4a875afba8ac598f9311e4d94f2","tokenurl":"/mcm/api/land?token=889ed4a875afba8ac598f9311e4d94f2","imageurl":"/mcm/images/land/2B/27117_1865a578efe5.jpg","landname":"87"},{"id":281475018653934,"level":3,"status":1,"posx":26,"posy":21,"cityid":640,"townid":1382,"tokenid":"0cbd01c10016c0886b973727e8831101","tokenurl":"/mcm/api/land?token=0cbd01c10016c0886b973727e8831101","imageurl":"/mcm/images/land/2B/27118_491b9aa9ca08.jpg","landname":"88"},{"id":281475018653935,"level":2,"status":1,"posx":31,"posy":21,"cityid":640,"townid":1382,"tokenid":"5d7d0335c9caca916bbcf491730cb0f6","tokenurl":"/mcm/api/land?token=5d7d0335c9caca916bbcf491730cb0f6","imageurl":"/mcm/images/land/2A/16273_1de5cc3c648c.jpg","landname":"89"},{"id":281475018653936,"level":2,"status":1,"posx":32,"posy":21,"cityid":640,"townid":1382,"tokenid":"873c3e9ac85743ef9af21690e69c92bc","tokenurl":"/mcm/api/land?token=873c3e9ac85743ef9af21690e69c92bc","imageurl":"/mcm/images/land/2A/16274_46c32378547.jpg","landname":"90"},{"id":281475018653937,"level":2,"status":0,"posx":12,"posy":22,"cityid":640,"townid":1382,"tokenid":"6c949cebffd219bf62ac01c2e6fb4e6c","tokenurl":"/mcm/api/land?token=6c949cebffd219bf62ac01c2e6fb4e6c","imageurl":"/mcm/images/land/2A/16275_22a4ca66a8d9.jpg","landname":"91"},{"id":281475018653938,"level":3,"status":1,"posx":13,"posy":22,"cityid":640,"townid":1382,"tokenid":"e6697f2c922ca07e862b7a36a7952f09","tokenurl":"/mcm/api/land?token=e6697f2c922ca07e862b7a36a7952f09","imageurl":"/mcm/images/land/2B/27119_1ceae97f5d15.jpg","landname":"92"},{"id":281475018653939,"level":3,"status":0,"posx":20,"posy":22,"cityid":640,"townid":1382,"tokenid":"ff829ede9da8fa956e90397bb2ad1b39","tokenurl":"/mcm/api/land?token=ff829ede9da8fa956e90397bb2ad1b39","imageurl":"/mcm/images/land/2B/27120_16eb257097be.jpg","landname":"93"},{"id":281475018653940,"level":3,"status":1,"posx":21,"posy":22,"cityid":640,"townid":1382,"tokenid":"1442f623464dcc9efdf50226adf36006","tokenurl":"/mcm/api/land?token=1442f623464dcc9efdf50226adf36006","imageurl":"/mcm/images/land/2B/27121_30d52b40bbe1.jpg","landname":"94"},{"id":281475018653941,"level":2,"status":1,"posx":25,"posy":22,"cityid":640,"townid":1382,"tokenid":"299c1676bd3951a456eeb41ebd1f4382","tokenurl":"/mcm/api/land?token=299c1676bd3951a456eeb41ebd1f4382","imageurl":"/mcm/images/land/2A/16276_21011a11db3d.jpg","landname":"95"},{"id":281475018653942,"level":1,"status":0,"posx":26,"posy":22,"cityid":640,"townid":1382,"tokenid":"ffb197bc9ea2177ce50ea76f974478eb","tokenurl":"/mcm/api/land?token=ffb197bc9ea2177ce50ea76f974478eb","imageurl":"/mcm/images/land/2S/10852_4d7e825c7fd0.jpg","landname":"96"},{"id":281475018653943,"level":3,"status":0,"posx":31,"posy":22,"cityid":640,"townid":1382,"tokenid":"f3c171f831a85f92a1dcde27f60ce73f","tokenurl":"/mcm/api/land?token=f3c171f831a85f92a1dcde27f60ce73f","imageurl":"/mcm/images/land/2B/27122_1815a524157d.jpg","landname":"97"},{"id":281475018653944,"level":3,"status":1,"posx":32,"posy":22,"cityid":640,"townid":1382,"tokenid":"67fd2846895a17e87446ab2f3cd4799f","tokenurl":"/mcm/api/land?token=67fd2846895a17e87446ab2f3cd4799f","imageurl":"/mcm/images/land/2B/27123_48069e4a360f.jpg","landname":"98"},{"id":281475018653945,"level":2,"status":0,"posx":12,"posy":23,"cityid":640,"townid":1382,"tokenid":"96890dba37ce72fd8ebb6d76436cf587","tokenurl":"/mcm/api/land?token=96890dba37ce72fd8ebb6d76436cf587","imageurl":"/mcm/images/land/2A/16277_edd5426bc38.jpg","landname":"99"},{"id":281475018653946,"level":2,"status":1,"posx":13,"posy":23,"cityid":640,"townid":1382,"tokenid":"556dd8c847a43a04974fe47022db16a3","tokenurl":"/mcm/api/land?token=556dd8c847a43a04974fe47022db16a3","imageurl":"/mcm/images/land/2A/16278_32cd05b68c9c.jpg","landname":"100"},{"id":281475018653947,"level":2,"status":1,"posx":31,"posy":23,"cityid":640,"townid":1382,"tokenid":"3cb943f14e0b12f25d7928ba79f83b67","tokenurl":"/mcm/api/land?token=3cb943f14e0b12f25d7928ba79f83b67","imageurl":"/mcm/images/land/2A/16279_49afec48e09e.jpg","landname":"101"},{"id":281475018653948,"level":2,"status":1,"posx":32,"posy":23,"cityid":640,"townid":1382,"tokenid":"99f27ba11306bea0c65f6c6aef6b1f7e","tokenurl":"/mcm/api/land?token=99f27ba11306bea0c65f6c6aef6b1f7e","imageurl":"/mcm/images/land/2A/16280_3cb4b9035f32.jpg","landname":"102"},{"id":281475018653949,"level":2,"status":0,"posx":12,"posy":24,"cityid":640,"townid":1382,"tokenid":"ecc3bc2f07761606efe5e39acb29ccbc","tokenurl":"/mcm/api/land?token=ecc3bc2f07761606efe5e39acb29ccbc","imageurl":"/mcm/images/land/2A/16281_3bc681fb15c6.jpg","landname":"103"},{"id":281475018653950,"level":2,"status":0,"posx":13,"posy":24,"cityid":640,"townid":1382,"tokenid":"3ff8925f284dc9c63fb07c1f6c09acf7","tokenurl":"/mcm/api/land?token=3ff8925f284dc9c63fb07c1f6c09acf7","imageurl":"/mcm/images/land/2A/16282_3e609b9cb2f0.jpg","landname":"104"},{"id":281475018653951,"level":3,"status":1,"posx":31,"posy":24,"cityid":640,"townid":1382,"tokenid":"703957383204952621b7e91c7f03b5b6","tokenurl":"/mcm/api/land?token=703957383204952621b7e91c7f03b5b6","imageurl":"/mcm/images/land/2B/27124_24c3dce1b137.jpg","landname":"105"},{"id":281475018653952,"level":3,"status":0,"posx":32,"posy":24,"cityid":640,"townid":1382,"tokenid":"d0c82d9f886f957281f39521af409391","tokenurl":"/mcm/api/land?token=d0c82d9f886f957281f39521af409391","imageurl":"/mcm/images/land/2B/27125_391174eafd51.jpg","landname":"106"},{"id":281475018653953,"level":3,"status":0,"posx":12,"posy":25,"cityid":640,"townid":1382,"tokenid":"9eaf41530ecd0456338ba18f79bbdebf","tokenurl":"/mcm/api/land?token=9eaf41530ecd0456338ba18f79bbdebf","imageurl":"/mcm/images/land/2B/27126_49a9218cb941.jpg","landname":"107"},{"id":281475018653954,"level":3,"status":1,"posx":13,"posy":25,"cityid":640,"townid":1382,"tokenid":"537a2e5b7039c17d51f96b4683e8942f","tokenurl":"/mcm/api/land?token=537a2e5b7039c17d51f96b4683e8942f","imageurl":"/mcm/images/land/2B/27127_1666b2f85c87.jpg","landname":"108"},{"id":281475018653955,"level":3,"status":1,"posx":6,"posy":26,"cityid":640,"townid":1382,"tokenid":"2cef391b73b135476e425e7fc1a28991","tokenurl":"/mcm/api/land?token=2cef391b73b135476e425e7fc1a28991","imageurl":"/mcm/images/land/2B/27128_5aa29705cacd.jpg","landname":"109"},{"id":281475018653956,"level":1,"status":1,"posx":7,"posy":26,"cityid":640,"townid":1382,"tokenid":"d01dd65992949732efd07ae2d008ec15","tokenurl":"/mcm/api/land?token=d01dd65992949732efd07ae2d008ec15","imageurl":"/mcm/images/land/2S/10853_2ee424bf1e61.jpg","landname":"110"},{"id":281475018653957,"level":3,"status":0,"posx":9,"posy":26,"cityid":640,"townid":1382,"tokenid":"0944e7102e73724ff7e2af428d68e113","tokenurl":"/mcm/api/land?token=0944e7102e73724ff7e2af428d68e113","imageurl":"/mcm/images/land/2B/27129_39cb350ae031.jpg","landname":"111"},{"id":281475018653958,"level":1,"status":1,"posx":10,"posy":26,"cityid":640,"townid":1382,"tokenid":"8b166bd758d10f64340746f25d10ebb1","tokenurl":"/mcm/api/land?token=8b166bd758d10f64340746f25d10ebb1","imageurl":"/mcm/images/land/2S/10854_57f45e3bee20.jpg","landname":"112"},{"id":281475018653959,"level":2,"status":0,"posx":12,"posy":26,"cityid":640,"townid":1382,"tokenid":"0575e406647531971168af59459add63","tokenurl":"/mcm/api/land?token=0575e406647531971168af59459add63","imageurl":"/mcm/images/land/2A/16283_431bbcf6ce5b.jpg","landname":"113"},{"id":281475018653960,"level":3,"status":1,"posx":13,"posy":26,"cityid":640,"townid":1382,"tokenid":"c9a96e996611f0c771f1f07e2b260152","tokenurl":"/mcm/api/land?token=c9a96e996611f0c771f1f07e2b260152","imageurl":"/mcm/images/land/2B/27130_40ce76a796d0.jpg","landname":"114"},{"id":281475018653961,"level":2,"status":1,"posx":6,"posy":27,"cityid":640,"townid":1382,"tokenid":"2713ab348d88fb8c29c4442f1d80178b","tokenurl":"/mcm/api/land?token=2713ab348d88fb8c29c4442f1d80178b","imageurl":"/mcm/images/land/2A/16284_3a2ef157a0c2.jpg","landname":"115"},{"id":281475018653962,"level":2,"status":1,"posx":7,"posy":27,"cityid":640,"townid":1382,"tokenid":"6bed7b892e83a3f76e7728ff997d1673","tokenurl":"/mcm/api/land?token=6bed7b892e83a3f76e7728ff997d1673","imageurl":"/mcm/images/land/2A/16285_490e1482d73b.jpg","landname":"116"},{"id":281475018653963,"level":2,"status":1,"posx":9,"posy":27,"cityid":640,"townid":1382,"tokenid":"b96b652d1b55b78f8d89c52194136079","tokenurl":"/mcm/api/land?token=b96b652d1b55b78f8d89c52194136079","imageurl":"/mcm/images/land/2A/16286_3dbc74418bbd.jpg","landname":"117"},{"id":281475018653964,"level":3,"status":1,"posx":10,"posy":27,"cityid":640,"townid":1382,"tokenid":"112ff54c1676a5ca4f5ea5571f355e52","tokenurl":"/mcm/api/land?token=112ff54c1676a5ca4f5ea5571f355e52","imageurl":"/mcm/images/land/2B/27131_2c03f9f4fa68.jpg","landname":"118"},{"id":281475018653965,"level":3,"status":0,"posx":23,"posy":27,"cityid":640,"townid":1382,"tokenid":"feb8f96a9bff028789040b886849288e","tokenurl":"/mcm/api/land?token=feb8f96a9bff028789040b886849288e","imageurl":"/mcm/images/land/2B/27132_16611f13b56d.jpg","landname":"119"},{"id":281475018653966,"level":3,"status":1,"posx":24,"posy":27,"cityid":640,"townid":1382,"tokenid":"4d27f45f73915118f948c45234388c4b","tokenurl":"/mcm/api/land?token=4d27f45f73915118f948c45234388c4b","imageurl":"/mcm/images/land/2B/27133_4bc257bc8fd3.jpg","landname":"120"},{"id":281475018653967,"level":3,"status":0,"posx":6,"posy":28,"cityid":640,"townid":1382,"tokenid":"cde07f5e56365d9028b9be513b52f276","tokenurl":"/mcm/api/land?token=cde07f5e56365d9028b9be513b52f276","imageurl":"/mcm/images/land/2B/27134_483fe5654da9.jpg","landname":"121"},{"id":281475018653968,"level":3,"status":1,"posx":7,"posy":28,"cityid":640,"townid":1382,"tokenid":"dc3bfe888a5c6a68d7cec1332be73b48","tokenurl":"/mcm/api/land?token=dc3bfe888a5c6a68d7cec1332be73b48","imageurl":"/mcm/images/land/2B/27135_7ba465c0431.jpg","landname":"122"},{"id":281475018653969,"level":3,"status":0,"posx":9,"posy":28,"cityid":640,"townid":1382,"tokenid":"14628ab9d1eed00b4cd48a6667037954","tokenurl":"/mcm/api/land?token=14628ab9d1eed00b4cd48a6667037954","imageurl":"/mcm/images/land/2B/27136_17e99ef1ce05.jpg","landname":"123"},{"id":281475018653970,"level":3,"status":0,"posx":10,"posy":28,"cityid":640,"townid":1382,"tokenid":"af1d3c85a010c8a93d6f92f6080a1d55","tokenurl":"/mcm/api/land?token=af1d3c85a010c8a93d6f92f6080a1d55","imageurl":"/mcm/images/land/2B/27137_3cf8abb5a45b.jpg","landname":"124"},{"id":281475018653971,"level":3,"status":0,"posx":23,"posy":28,"cityid":640,"townid":1382,"tokenid":"fc499e457ada8ae5166d259269f466c6","tokenurl":"/mcm/api/land?token=fc499e457ada8ae5166d259269f466c6","imageurl":"/mcm/images/land/2B/27138_1bb916e38334.jpg","landname":"125"},{"id":281475018653972,"level":1,"status":0,"posx":24,"posy":28,"cityid":640,"townid":1382,"tokenid":"1b246062a47ffad1aba81e7535725dac","tokenurl":"/mcm/api/land?token=1b246062a47ffad1aba81e7535725dac","imageurl":"/mcm/images/land/2S/10855_4abd9c22c418.jpg","landname":"126"},{"id":281475018653973,"level":3,"status":0,"posx":32,"posy":28,"cityid":640,"townid":1382,"tokenid":"7aff30085cd594d3b3e0b21e511a691b","tokenurl":"/mcm/api/land?token=7aff30085cd594d3b3e0b21e511a691b","imageurl":"/mcm/images/land/2B/27139_2ae812ab4313.jpg","landname":"127"},{"id":281475018653974,"level":3,"status":0,"posx":33,"posy":28,"cityid":640,"townid":1382,"tokenid":"48ad2b08df99de246e963f2d0faf7d58","tokenurl":"/mcm/api/land?token=48ad2b08df99de246e963f2d0faf7d58","imageurl":"/mcm/images/land/2B/27140_50ebf6155478.jpg","landname":"128"},{"id":281475018653975,"level":1,"status":1,"posx":6,"posy":29,"cityid":640,"townid":1382,"tokenid":"bf50d4064869a625b59e4385cbd417bc","tokenurl":"/mcm/api/land?token=bf50d4064869a625b59e4385cbd417bc","imageurl":"/mcm/images/land/2S/10856_36bcec138b8d.jpg","landname":"129"},{"id":281475018653976,"level":3,"status":1,"posx":7,"posy":29,"cityid":640,"townid":1382,"tokenid":"1f821d1edcaf04fb82e79c01fe7cebc4","tokenurl":"/mcm/api/land?token=1f821d1edcaf04fb82e79c01fe7cebc4","imageurl":"/mcm/images/land/2B/27141_d5fa307adef.jpg","landname":"130"},{"id":281475018653977,"level":2,"status":0,"posx":9,"posy":29,"cityid":640,"townid":1382,"tokenid":"4cf659ef00055aec8e3096df8ec804d2","tokenurl":"/mcm/api/land?token=4cf659ef00055aec8e3096df8ec804d2","imageurl":"/mcm/images/land/2A/16287_fbb7898356d.jpg","landname":"131"},{"id":281475018653978,"level":3,"status":0,"posx":10,"posy":29,"cityid":640,"townid":1382,"tokenid":"f39d972fc1d0ed54c8571cb7f2cd098c","tokenurl":"/mcm/api/land?token=f39d972fc1d0ed54c8571cb7f2cd098c","imageurl":"/mcm/images/land/2B/27142_3153cabcb168.jpg","landname":"132"},{"id":281475018653979,"level":3,"status":1,"posx":23,"posy":29,"cityid":640,"townid":1382,"tokenid":"61db928ec684e03892003c37e878a680","tokenurl":"/mcm/api/land?token=61db928ec684e03892003c37e878a680","imageurl":"/mcm/images/land/2B/27143_46cc4dcfe782.jpg","landname":"133"},{"id":281475018653980,"level":1,"status":0,"posx":24,"posy":29,"cityid":640,"townid":1382,"tokenid":"24922cbf32cc3da424e88740d7c3d31a","tokenurl":"/mcm/api/land?token=24922cbf32cc3da424e88740d7c3d31a","imageurl":"/mcm/images/land/2S/10857_e567f7ba75a.jpg","landname":"134"},{"id":281475018653981,"level":3,"status":1,"posx":32,"posy":29,"cityid":640,"townid":1382,"tokenid":"fcbd16660cb4972658e13141e6f5df2a","tokenurl":"/mcm/api/land?token=fcbd16660cb4972658e13141e6f5df2a","imageurl":"/mcm/images/land/2B/27144_14f12e91d614.jpg","landname":"135"},{"id":281475018653982,"level":3,"status":1,"posx":33,"posy":29,"cityid":640,"townid":1382,"tokenid":"3748e70ce42b1eb6ef3af4f87f2cf758","tokenurl":"/mcm/api/land?token=3748e70ce42b1eb6ef3af4f87f2cf758","imageurl":"/mcm/images/land/2B/27145_456b17afd3cb.jpg","landname":"136"},{"id":281475018653983,"level":2,"status":1,"posx":6,"posy":30,"cityid":640,"townid":1382,"tokenid":"e2832126d8e4ce894c07af10f5cb7764","tokenurl":"/mcm/api/land?token=e2832126d8e4ce894c07af10f5cb7764","imageurl":"/mcm/images/land/2A/16288_284bdf186897.jpg","landname":"137"},{"id":281475018653984,"level":1,"status":0,"posx":7,"posy":30,"cityid":640,"townid":1382,"tokenid":"6b46d80a20a145b38be95ebac1cfb1d2","tokenurl":"/mcm/api/land?token=6b46d80a20a145b38be95ebac1cfb1d2","imageurl":"/mcm/images/land/2S/10858_162b6d02fd74.jpg","landname":"138"},{"id":281475018653985,"level":3,"status":1,"posx":9,"posy":30,"cityid":640,"townid":1382,"tokenid":"81067cf0cd1824b7701f937146e354f0","tokenurl":"/mcm/api/land?token=81067cf0cd1824b7701f937146e354f0","imageurl":"/mcm/images/land/2B/27146_d4de7630f30.jpg","landname":"139"},{"id":281475018653986,"level":2,"status":0,"posx":10,"posy":30,"cityid":640,"townid":1382,"tokenid":"2f4c6f8cac8a83bd02f28642a2136e14","tokenurl":"/mcm/api/land?token=2f4c6f8cac8a83bd02f28642a2136e14","imageurl":"/mcm/images/land/2A/16289_180283204f4d.jpg","landname":"140"},{"id":281475018653987,"level":2,"status":0,"posx":23,"posy":30,"cityid":640,"townid":1382,"tokenid":"ee6690d124baac0250433ad81e3a7ada","tokenurl":"/mcm/api/land?token=ee6690d124baac0250433ad81e3a7ada","imageurl":"/mcm/images/land/2A/16290_3dc23132caa8.jpg","landname":"141"},{"id":281475018653988,"level":3,"status":1,"posx":24,"posy":30,"cityid":640,"townid":1382,"tokenid":"c3a6fb285c223490d80a4781e5259076","tokenurl":"/mcm/api/land?token=c3a6fb285c223490d80a4781e5259076","imageurl":"/mcm/images/land/2B/27147_17023c89154d.jpg","landname":"142"},{"id":281475018653989,"level":1,"status":1,"posx":32,"posy":30,"cityid":640,"townid":1382,"tokenid":"d0961d5f1f442d7a3cece3180fe7a00a","tokenurl":"/mcm/api/land?token=d0961d5f1f442d7a3cece3180fe7a00a","imageurl":"/mcm/images/land/2S/10859_1e0d9d5aa044.jpg","landname":"143"},{"id":281475018653990,"level":3,"status":1,"posx":33,"posy":30,"cityid":640,"townid":1382,"tokenid":"a9d543933e11e27754b91d67146d5119","tokenurl":"/mcm/api/land?token=a9d543933e11e27754b91d67146d5119","imageurl":"/mcm/images/land/2B/27148_2bd37d6989eb.jpg","landname":"144"},{"id":281475018653991,"level":3,"status":0,"posx":23,"posy":31,"cityid":640,"townid":1382,"tokenid":"c5a5ee06bae9717a7e68a078e648a25d","tokenurl":"/mcm/api/land?token=c5a5ee06bae9717a7e68a078e648a25d","imageurl":"/mcm/images/land/2B/27149_2f084fd393e1.jpg","landname":"145"},{"id":281475018653992,"level":3,"status":0,"posx":24,"posy":31,"cityid":640,"townid":1382,"tokenid":"a554e07fc008d786138e0576da52e6eb","tokenurl":"/mcm/api/land?token=a554e07fc008d786138e0576da52e6eb","imageurl":"/mcm/images/land/2B/27150_37fa464cefd7.jpg","landname":"146"},{"id":281475018653993,"level":1,"status":1,"posx":32,"posy":31,"cityid":640,"townid":1382,"tokenid":"e060c6c5df03c073650da89ead0e927c","tokenurl":"/mcm/api/land?token=e060c6c5df03c073650da89ead0e927c","imageurl":"/mcm/images/land/2S/10860_4f58cd40fe88.jpg","landname":"147"},{"id":281475018653994,"level":3,"status":1,"posx":33,"posy":31,"cityid":640,"townid":1382,"tokenid":"399adb6eb337d06204e19cfd51e39e60","tokenurl":"/mcm/api/land?token=399adb6eb337d06204e19cfd51e39e60","imageurl":"/mcm/images/land/2B/27151_20977cced83e.jpg","landname":"148"},{"id":281475018653995,"level":2,"status":0,"posx":32,"posy":32,"cityid":640,"townid":1382,"tokenid":"4ffdb5c945a3ff38399afbcbfec969cb","tokenurl":"/mcm/api/land?token=4ffdb5c945a3ff38399afbcbfec969cb","imageurl":"/mcm/images/land/2A/16291_3af60f49b9c7.jpg","landname":"149"},{"id":281475018653996,"level":1,"status":1,"posx":33,"posy":32,"cityid":640,"townid":1382,"tokenid":"2fc3a75a6e0fd9778cbbe4c12035e0a8","tokenurl":"/mcm/api/land?token=2fc3a75a6e0fd9778cbbe4c12035e0a8","imageurl":"/mcm/images/land/2S/10861_241b23b87970.jpg","landname":"150"}]]],0,0,[],[],[]]
