[1,0,0,[["cc.JsonAsset",["_name","json"],1]],[[0,0,1,3]],[[0,"1306",[{"id":281475016163479,"level":1,"status":0,"posx":7,"posy":5,"cityid":602,"townid":1306,"tokenid":"e152f18d9b1b9db12b40a5666849160e","tokenurl":"/mcm/api/land?token=e152f18d9b1b9db12b40a5666849160e","imageurl":"/mcm/images/land/2S/8552_1f1cfed9b7a5.jpg","landname":"1"},{"id":281475016163480,"level":3,"status":0,"posx":8,"posy":5,"cityid":602,"townid":1306,"tokenid":"b4ec61868592f63582a6bd6296e97150","tokenurl":"/mcm/api/land?token=b4ec61868592f63582a6bd6296e97150","imageurl":"/mcm/images/land/2B/21377_388dd8d7b240.jpg","landname":"2"},{"id":281475016163481,"level":2,"status":1,"posx":16,"posy":5,"cityid":602,"townid":1306,"tokenid":"38428031d5de3d7f0d12e95fd9631e9e","tokenurl":"/mcm/api/land?token=38428031d5de3d7f0d12e95fd9631e9e","imageurl":"/mcm/images/land/2A/12827_beb463eda3c.jpg","landname":"3"},{"id":281475016163482,"level":3,"status":0,"posx":17,"posy":5,"cityid":602,"townid":1306,"tokenid":"73b0b951fc99f7bc32241bbbc4d7ca52","tokenurl":"/mcm/api/land?token=73b0b951fc99f7bc32241bbbc4d7ca52","imageurl":"/mcm/images/land/2B/21378_30297a4ba13d.jpg","landname":"4"},{"id":281475016163483,"level":3,"status":0,"posx":20,"posy":5,"cityid":602,"townid":1306,"tokenid":"ed9908e9763b2ddbd858499b8c11a21a","tokenurl":"/mcm/api/land?token=ed9908e9763b2ddbd858499b8c11a21a","imageurl":"/mcm/images/land/2B/21379_264accb99708.jpg","landname":"5"},{"id":281475016163484,"level":3,"status":1,"posx":21,"posy":5,"cityid":602,"townid":1306,"tokenid":"04b46e9d7c3fdc97f52c93e23d978cfc","tokenurl":"/mcm/api/land?token=04b46e9d7c3fdc97f52c93e23d978cfc","imageurl":"/mcm/images/land/2B/21380_29b06a958140.jpg","landname":"6"},{"id":281475016163485,"level":3,"status":0,"posx":7,"posy":6,"cityid":602,"townid":1306,"tokenid":"8411045e822e8585839f40cbffd23a7f","tokenurl":"/mcm/api/land?token=8411045e822e8585839f40cbffd23a7f","imageurl":"/mcm/images/land/2B/21381_1833f34fd391.jpg","landname":"7"},{"id":281475016163486,"level":3,"status":0,"posx":8,"posy":6,"cityid":602,"townid":1306,"tokenid":"2e701a49f7cf9aa09d0fcb3559a39eb5","tokenurl":"/mcm/api/land?token=2e701a49f7cf9aa09d0fcb3559a39eb5","imageurl":"/mcm/images/land/2B/21382_58a44798c8f2.jpg","landname":"8"},{"id":281475016163487,"level":3,"status":0,"posx":16,"posy":6,"cityid":602,"townid":1306,"tokenid":"2563a6158a4abcb3b53f390a43e0b6e6","tokenurl":"/mcm/api/land?token=2563a6158a4abcb3b53f390a43e0b6e6","imageurl":"/mcm/images/land/2B/21383_260fddb1b9ab.jpg","landname":"9"},{"id":281475016163488,"level":2,"status":0,"posx":17,"posy":6,"cityid":602,"townid":1306,"tokenid":"7e945d8f9017cc20a86b1d3289c666ff","tokenurl":"/mcm/api/land?token=7e945d8f9017cc20a86b1d3289c666ff","imageurl":"/mcm/images/land/2A/12828_4b2f85656c6d.jpg","landname":"10"},{"id":281475016163489,"level":2,"status":0,"posx":20,"posy":6,"cityid":602,"townid":1306,"tokenid":"c51ef23abf8b8f2db8417b2d93684451","tokenurl":"/mcm/api/land?token=c51ef23abf8b8f2db8417b2d93684451","imageurl":"/mcm/images/land/2A/12829_30e0e2ea9627.jpg","landname":"11"},{"id":281475016163490,"level":3,"status":1,"posx":21,"posy":6,"cityid":602,"townid":1306,"tokenid":"45976fbb861cfcfda6f12d3089e8308b","tokenurl":"/mcm/api/land?token=45976fbb861cfcfda6f12d3089e8308b","imageurl":"/mcm/images/land/2B/21384_1aebc874e168.jpg","landname":"12"},{"id":281475016163491,"level":3,"status":0,"posx":7,"posy":7,"cityid":602,"townid":1306,"tokenid":"baf13939c84f55337e2e79494e3f0e22","tokenurl":"/mcm/api/land?token=baf13939c84f55337e2e79494e3f0e22","imageurl":"/mcm/images/land/2B/21385_50a651b477af.jpg","landname":"13"},{"id":281475016163492,"level":3,"status":0,"posx":8,"posy":7,"cityid":602,"townid":1306,"tokenid":"f2ceac6effa8cdd14df4a81f0d85e077","tokenurl":"/mcm/api/land?token=f2ceac6effa8cdd14df4a81f0d85e077","imageurl":"/mcm/images/land/2B/21386_4adae99fdf00.jpg","landname":"14"},{"id":281475016163493,"level":2,"status":0,"posx":16,"posy":7,"cityid":602,"townid":1306,"tokenid":"17d87c12e1469890b069b348dc84452f","tokenurl":"/mcm/api/land?token=17d87c12e1469890b069b348dc84452f","imageurl":"/mcm/images/land/2A/12830_1e8e7ad6b3af.jpg","landname":"15"},{"id":281475016163494,"level":3,"status":1,"posx":17,"posy":7,"cityid":602,"townid":1306,"tokenid":"64c76378dcb54681cb03e9154fa08f3c","tokenurl":"/mcm/api/land?token=64c76378dcb54681cb03e9154fa08f3c","imageurl":"/mcm/images/land/2B/21387_3454ea21bd9f.jpg","landname":"16"},{"id":281475016163495,"level":2,"status":0,"posx":20,"posy":7,"cityid":602,"townid":1306,"tokenid":"0346728a0f6fa0a88892f5e68f4627e6","tokenurl":"/mcm/api/land?token=0346728a0f6fa0a88892f5e68f4627e6","imageurl":"/mcm/images/land/2A/12831_51c7a5f409a3.jpg","landname":"17"},{"id":281475016163496,"level":2,"status":1,"posx":21,"posy":7,"cityid":602,"townid":1306,"tokenid":"a5f5a3f65381e3af9b656efe84bb31d0","tokenurl":"/mcm/api/land?token=a5f5a3f65381e3af9b656efe84bb31d0","imageurl":"/mcm/images/land/2A/12832_355227d01350.jpg","landname":"18"},{"id":281475016163497,"level":2,"status":1,"posx":7,"posy":8,"cityid":602,"townid":1306,"tokenid":"6d78bd7f96adad5b22e1d45d9b84decc","tokenurl":"/mcm/api/land?token=6d78bd7f96adad5b22e1d45d9b84decc","imageurl":"/mcm/images/land/2A/12833_319227f2efce.jpg","landname":"19"},{"id":281475016163498,"level":1,"status":0,"posx":8,"posy":8,"cityid":602,"townid":1306,"tokenid":"794ad4be34f37a73b7028213adf580b7","tokenurl":"/mcm/api/land?token=794ad4be34f37a73b7028213adf580b7","imageurl":"/mcm/images/land/2S/8553_407216654504.jpg","landname":"20"},{"id":281475016163499,"level":1,"status":0,"posx":16,"posy":8,"cityid":602,"townid":1306,"tokenid":"4e7733b7f51d5b93483884c04fbce93c","tokenurl":"/mcm/api/land?token=4e7733b7f51d5b93483884c04fbce93c","imageurl":"/mcm/images/land/2S/8554_56bd2d7a1d5e.jpg","landname":"21"},{"id":281475016163500,"level":2,"status":1,"posx":17,"posy":8,"cityid":602,"townid":1306,"tokenid":"2266e0378b0a0fa813f45e58a36b69d5","tokenurl":"/mcm/api/land?token=2266e0378b0a0fa813f45e58a36b69d5","imageurl":"/mcm/images/land/2A/12834_79937383abd.jpg","landname":"22"},{"id":281475016163501,"level":3,"status":1,"posx":20,"posy":8,"cityid":602,"townid":1306,"tokenid":"5e1715c0e81ecc1d45bea9a5a407b3f7","tokenurl":"/mcm/api/land?token=5e1715c0e81ecc1d45bea9a5a407b3f7","imageurl":"/mcm/images/land/2B/21388_32cd5c959a30.jpg","landname":"23"},{"id":281475016163502,"level":1,"status":1,"posx":21,"posy":8,"cityid":602,"townid":1306,"tokenid":"d656d645acc8b1df151e582cf44189ef","tokenurl":"/mcm/api/land?token=d656d645acc8b1df151e582cf44189ef","imageurl":"/mcm/images/land/2S/8555_9aa8dd8a04b.jpg","landname":"24"},{"id":281475016163503,"level":3,"status":1,"posx":28,"posy":8,"cityid":602,"townid":1306,"tokenid":"532171ee0384dfb9b8322703e4e6fda6","tokenurl":"/mcm/api/land?token=532171ee0384dfb9b8322703e4e6fda6","imageurl":"/mcm/images/land/2B/21389_c10b6a133f7.jpg","landname":"25"},{"id":281475016163504,"level":3,"status":1,"posx":29,"posy":8,"cityid":602,"townid":1306,"tokenid":"5fe4335bd721b0403572bf02dabf429a","tokenurl":"/mcm/api/land?token=5fe4335bd721b0403572bf02dabf429a","imageurl":"/mcm/images/land/2B/21390_43754b3b0cc.jpg","landname":"26"},{"id":281475016163505,"level":2,"status":1,"posx":32,"posy":8,"cityid":602,"townid":1306,"tokenid":"0397e0823520fb0c1ea4dca22a9e0841","tokenurl":"/mcm/api/land?token=0397e0823520fb0c1ea4dca22a9e0841","imageurl":"/mcm/images/land/2A/12835_189263806c2.jpg","landname":"27"},{"id":281475016163506,"level":3,"status":0,"posx":33,"posy":8,"cityid":602,"townid":1306,"tokenid":"2318c6257e3053ac50e1c18780b10695","tokenurl":"/mcm/api/land?token=2318c6257e3053ac50e1c18780b10695","imageurl":"/mcm/images/land/2B/21391_2995844920d6.jpg","landname":"28"},{"id":281475016163507,"level":2,"status":0,"posx":7,"posy":9,"cityid":602,"townid":1306,"tokenid":"f1d308772a37de3b8f42bef186b34b7b","tokenurl":"/mcm/api/land?token=f1d308772a37de3b8f42bef186b34b7b","imageurl":"/mcm/images/land/2A/12836_3e67737e4f4e.jpg","landname":"29"},{"id":281475016163508,"level":3,"status":0,"posx":8,"posy":9,"cityid":602,"townid":1306,"tokenid":"d1125017686cadf0398cea4a173b8d4e","tokenurl":"/mcm/api/land?token=d1125017686cadf0398cea4a173b8d4e","imageurl":"/mcm/images/land/2B/21392_5302a7fd9afc.jpg","landname":"30"},{"id":281475016163509,"level":2,"status":1,"posx":16,"posy":9,"cityid":602,"townid":1306,"tokenid":"fafeae5b8ed53d2f0c708597d94b2a2a","tokenurl":"/mcm/api/land?token=fafeae5b8ed53d2f0c708597d94b2a2a","imageurl":"/mcm/images/land/2A/12837_3af4eabd7f62.jpg","landname":"31"},{"id":281475016163510,"level":2,"status":1,"posx":17,"posy":9,"cityid":602,"townid":1306,"tokenid":"a3ae185038c47c387bf2687b6254c144","tokenurl":"/mcm/api/land?token=a3ae185038c47c387bf2687b6254c144","imageurl":"/mcm/images/land/2A/12838_240b56f86ac.jpg","landname":"32"},{"id":281475016163511,"level":1,"status":0,"posx":20,"posy":9,"cityid":602,"townid":1306,"tokenid":"d7daa1c8d94dc7de303823ad744d760f","tokenurl":"/mcm/api/land?token=d7daa1c8d94dc7de303823ad744d760f","imageurl":"/mcm/images/land/2S/8556_1e688d7a10c1.jpg","landname":"33"},{"id":281475016163512,"level":1,"status":1,"posx":21,"posy":9,"cityid":602,"townid":1306,"tokenid":"4d4e42c527c17b82a3f945e391070a26","tokenurl":"/mcm/api/land?token=4d4e42c527c17b82a3f945e391070a26","imageurl":"/mcm/images/land/2S/8557_3aabd15bbabd.jpg","landname":"34"},{"id":281475016163513,"level":1,"status":0,"posx":28,"posy":9,"cityid":602,"townid":1306,"tokenid":"ab86869db4031c6455e3b8a22468f96a","tokenurl":"/mcm/api/land?token=ab86869db4031c6455e3b8a22468f96a","imageurl":"/mcm/images/land/2S/8558_3a8bd64219fc.jpg","landname":"35"},{"id":281475016163514,"level":2,"status":1,"posx":29,"posy":9,"cityid":602,"townid":1306,"tokenid":"b225164aaf6108020b5551499224d0ba","tokenurl":"/mcm/api/land?token=b225164aaf6108020b5551499224d0ba","imageurl":"/mcm/images/land/2A/12839_3344f7b18bc9.jpg","landname":"36"},{"id":281475016163515,"level":2,"status":0,"posx":32,"posy":9,"cityid":602,"townid":1306,"tokenid":"a2337ec1a68432675803caf714adb00c","tokenurl":"/mcm/api/land?token=a2337ec1a68432675803caf714adb00c","imageurl":"/mcm/images/land/2A/12840_3b4735add952.jpg","landname":"37"},{"id":281475016163516,"level":1,"status":1,"posx":33,"posy":9,"cityid":602,"townid":1306,"tokenid":"2fb2326fb087731107eec762a8021d00","tokenurl":"/mcm/api/land?token=2fb2326fb087731107eec762a8021d00","imageurl":"/mcm/images/land/2S/8559_4a5ca4607300.jpg","landname":"38"},{"id":281475016163517,"level":2,"status":0,"posx":28,"posy":10,"cityid":602,"townid":1306,"tokenid":"cd4220d60e78a260fd7abc3b626672ba","tokenurl":"/mcm/api/land?token=cd4220d60e78a260fd7abc3b626672ba","imageurl":"/mcm/images/land/2A/12841_24bba9dfd00a.jpg","landname":"39"},{"id":281475016163518,"level":3,"status":1,"posx":29,"posy":10,"cityid":602,"townid":1306,"tokenid":"3c21973a761c06cc07b653ffa71627fe","tokenurl":"/mcm/api/land?token=3c21973a761c06cc07b653ffa71627fe","imageurl":"/mcm/images/land/2B/21393_504a6b8389de.jpg","landname":"40"},{"id":281475016163519,"level":2,"status":1,"posx":32,"posy":10,"cityid":602,"townid":1306,"tokenid":"00f0e61a05e45487882321c5bdd25a7b","tokenurl":"/mcm/api/land?token=00f0e61a05e45487882321c5bdd25a7b","imageurl":"/mcm/images/land/2A/12842_c7746f2e6fd.jpg","landname":"41"},{"id":281475016163520,"level":3,"status":1,"posx":33,"posy":10,"cityid":602,"townid":1306,"tokenid":"0e6abf7ea7ef0e47e44132b1be2da29b","tokenurl":"/mcm/api/land?token=0e6abf7ea7ef0e47e44132b1be2da29b","imageurl":"/mcm/images/land/2B/21394_34f0c8a6aa3e.jpg","landname":"42"},{"id":281475016163521,"level":3,"status":1,"posx":28,"posy":11,"cityid":602,"townid":1306,"tokenid":"fff15385db6a40360df08970024084d1","tokenurl":"/mcm/api/land?token=fff15385db6a40360df08970024084d1","imageurl":"/mcm/images/land/2B/21395_400f17040ae0.jpg","landname":"43"},{"id":281475016163522,"level":3,"status":1,"posx":29,"posy":11,"cityid":602,"townid":1306,"tokenid":"084556ead71fca40aaff58890c84a162","tokenurl":"/mcm/api/land?token=084556ead71fca40aaff58890c84a162","imageurl":"/mcm/images/land/2B/21396_2fa32b212df8.jpg","landname":"44"},{"id":281475016163523,"level":2,"status":0,"posx":32,"posy":11,"cityid":602,"townid":1306,"tokenid":"6453f752ba282869fe3f1bcad43bdbe4","tokenurl":"/mcm/api/land?token=6453f752ba282869fe3f1bcad43bdbe4","imageurl":"/mcm/images/land/2A/12843_2e7062933af4.jpg","landname":"45"},{"id":281475016163524,"level":1,"status":1,"posx":33,"posy":11,"cityid":602,"townid":1306,"tokenid":"9aa065ac7e193204f73551c82dea7cfc","tokenurl":"/mcm/api/land?token=9aa065ac7e193204f73551c82dea7cfc","imageurl":"/mcm/images/land/2S/8560_3ba14c93cb7b.jpg","landname":"46"},{"id":281475016163525,"level":3,"status":1,"posx":28,"posy":12,"cityid":602,"townid":1306,"tokenid":"cc2147979a95583fa620deadc0e40731","tokenurl":"/mcm/api/land?token=cc2147979a95583fa620deadc0e40731","imageurl":"/mcm/images/land/2B/21397_2eb109e44d2b.jpg","landname":"47"},{"id":281475016163526,"level":1,"status":0,"posx":29,"posy":12,"cityid":602,"townid":1306,"tokenid":"7966305bb50559e2f8d8e3c85fd01f8b","tokenurl":"/mcm/api/land?token=7966305bb50559e2f8d8e3c85fd01f8b","imageurl":"/mcm/images/land/2S/8561_1860b1478d27.jpg","landname":"48"},{"id":281475016163527,"level":2,"status":0,"posx":32,"posy":12,"cityid":602,"townid":1306,"tokenid":"5e134b5ca0a6366fc9a98c93f0c64f13","tokenurl":"/mcm/api/land?token=5e134b5ca0a6366fc9a98c93f0c64f13","imageurl":"/mcm/images/land/2A/12844_561b1b171169.jpg","landname":"49"},{"id":281475016163528,"level":1,"status":1,"posx":33,"posy":12,"cityid":602,"townid":1306,"tokenid":"37337c93cbf0428c06bf6e7be1b80019","tokenurl":"/mcm/api/land?token=37337c93cbf0428c06bf6e7be1b80019","imageurl":"/mcm/images/land/2S/8562_1ce537a2c24c.jpg","landname":"50"},{"id":281475016163529,"level":3,"status":1,"posx":23,"posy":14,"cityid":602,"townid":1306,"tokenid":"1c895893fd0dc24c791e24b933110f99","tokenurl":"/mcm/api/land?token=1c895893fd0dc24c791e24b933110f99","imageurl":"/mcm/images/land/2B/21398_23aea162a245.jpg","landname":"51"},{"id":281475016163530,"level":3,"status":0,"posx":24,"posy":14,"cityid":602,"townid":1306,"tokenid":"f5725fb6245e2709864dd56eef68aa62","tokenurl":"/mcm/api/land?token=f5725fb6245e2709864dd56eef68aa62","imageurl":"/mcm/images/land/2B/21399_1e36746c60a0.jpg","landname":"52"},{"id":281475016163531,"level":1,"status":1,"posx":23,"posy":15,"cityid":602,"townid":1306,"tokenid":"73d99feef295c7512b356e3c902b327c","tokenurl":"/mcm/api/land?token=73d99feef295c7512b356e3c902b327c","imageurl":"/mcm/images/land/2S/8563_2be3cefc9a0b.jpg","landname":"53"},{"id":281475016163532,"level":2,"status":0,"posx":24,"posy":15,"cityid":602,"townid":1306,"tokenid":"592c6759be029ec5046c0f085287e2c6","tokenurl":"/mcm/api/land?token=592c6759be029ec5046c0f085287e2c6","imageurl":"/mcm/images/land/2A/12845_e150cc12678.jpg","landname":"54"},{"id":281475016163533,"level":2,"status":0,"posx":33,"posy":15,"cityid":602,"townid":1306,"tokenid":"4421405e8b185179fa088e45f9332b29","tokenurl":"/mcm/api/land?token=4421405e8b185179fa088e45f9332b29","imageurl":"/mcm/images/land/2A/12846_3c903666e48c.jpg","landname":"55"},{"id":281475016163534,"level":3,"status":1,"posx":34,"posy":15,"cityid":602,"townid":1306,"tokenid":"da27444f46d3fc0e9f07c22caf3f57f0","tokenurl":"/mcm/api/land?token=da27444f46d3fc0e9f07c22caf3f57f0","imageurl":"/mcm/images/land/2B/21400_191db9d57b8e.jpg","landname":"56"},{"id":281475016163535,"level":3,"status":0,"posx":11,"posy":16,"cityid":602,"townid":1306,"tokenid":"e6e6783a9b8e443d67389c2eb6c7e75a","tokenurl":"/mcm/api/land?token=e6e6783a9b8e443d67389c2eb6c7e75a","imageurl":"/mcm/images/land/2B/21401_30df596dbb98.jpg","landname":"57"},{"id":281475016163536,"level":3,"status":1,"posx":12,"posy":16,"cityid":602,"townid":1306,"tokenid":"0a8a022185ca8ac1485e54359f5635cc","tokenurl":"/mcm/api/land?token=0a8a022185ca8ac1485e54359f5635cc","imageurl":"/mcm/images/land/2B/21402_3d871d785025.jpg","landname":"58"},{"id":281475016163537,"level":3,"status":0,"posx":23,"posy":16,"cityid":602,"townid":1306,"tokenid":"6b0276b2005e8f53d6c28a74a32222a1","tokenurl":"/mcm/api/land?token=6b0276b2005e8f53d6c28a74a32222a1","imageurl":"/mcm/images/land/2B/21403_2a5fda808209.jpg","landname":"59"},{"id":281475016163538,"level":3,"status":1,"posx":24,"posy":16,"cityid":602,"townid":1306,"tokenid":"4009ed53f5f713798a8b61a7d5519a25","tokenurl":"/mcm/api/land?token=4009ed53f5f713798a8b61a7d5519a25","imageurl":"/mcm/images/land/2B/21404_46473c6f172.jpg","landname":"60"},{"id":281475016163539,"level":2,"status":1,"posx":33,"posy":16,"cityid":602,"townid":1306,"tokenid":"b864c782d5257d12c8c937a349b1c5ac","tokenurl":"/mcm/api/land?token=b864c782d5257d12c8c937a349b1c5ac","imageurl":"/mcm/images/land/2A/12847_17a90684dac1.jpg","landname":"61"},{"id":281475016163540,"level":3,"status":0,"posx":34,"posy":16,"cityid":602,"townid":1306,"tokenid":"884ae644037ec515c5ab8c705559d3c2","tokenurl":"/mcm/api/land?token=884ae644037ec515c5ab8c705559d3c2","imageurl":"/mcm/images/land/2B/21405_1bf99e4a4aba.jpg","landname":"62"},{"id":281475016163541,"level":2,"status":0,"posx":11,"posy":17,"cityid":602,"townid":1306,"tokenid":"ee594883be18a84837f54bcca7b80afe","tokenurl":"/mcm/api/land?token=ee594883be18a84837f54bcca7b80afe","imageurl":"/mcm/images/land/2A/12848_3ac7e373dd6c.jpg","landname":"63"},{"id":281475016163542,"level":3,"status":0,"posx":12,"posy":17,"cityid":602,"townid":1306,"tokenid":"26276e8521c6e426d1fe6454e6a52d54","tokenurl":"/mcm/api/land?token=26276e8521c6e426d1fe6454e6a52d54","imageurl":"/mcm/images/land/2B/21406_2de9476b46de.jpg","landname":"64"},{"id":281475016163543,"level":3,"status":0,"posx":23,"posy":17,"cityid":602,"townid":1306,"tokenid":"a64b853a1372b67e24984757a0b15865","tokenurl":"/mcm/api/land?token=a64b853a1372b67e24984757a0b15865","imageurl":"/mcm/images/land/2B/21407_1b8c130b37d.jpg","landname":"65"},{"id":281475016163544,"level":2,"status":1,"posx":24,"posy":17,"cityid":602,"townid":1306,"tokenid":"c73adf95c2bf1add06ebb9de43cce966","tokenurl":"/mcm/api/land?token=c73adf95c2bf1add06ebb9de43cce966","imageurl":"/mcm/images/land/2A/12849_44ae1671eb77.jpg","landname":"66"},{"id":281475016163545,"level":3,"status":0,"posx":33,"posy":17,"cityid":602,"townid":1306,"tokenid":"27f79d03c0e3ab903ba4f56e2d266100","tokenurl":"/mcm/api/land?token=27f79d03c0e3ab903ba4f56e2d266100","imageurl":"/mcm/images/land/2B/21408_56af03590caa.jpg","landname":"67"},{"id":281475016163546,"level":1,"status":1,"posx":34,"posy":17,"cityid":602,"townid":1306,"tokenid":"a22c553ad92b056b818a953252a90c6c","tokenurl":"/mcm/api/land?token=a22c553ad92b056b818a953252a90c6c","imageurl":"/mcm/images/land/2S/8564_33eb5040c5f5.jpg","landname":"68"},{"id":281475016163547,"level":1,"status":1,"posx":7,"posy":18,"cityid":602,"townid":1306,"tokenid":"858cceaf5cdcb59016943b89738f9e1b","tokenurl":"/mcm/api/land?token=858cceaf5cdcb59016943b89738f9e1b","imageurl":"/mcm/images/land/2S/8565_dd816c3d4c8.jpg","landname":"69"},{"id":281475016163548,"level":3,"status":0,"posx":8,"posy":18,"cityid":602,"townid":1306,"tokenid":"4cedb1ff268923ff75e21be00c1fa4b5","tokenurl":"/mcm/api/land?token=4cedb1ff268923ff75e21be00c1fa4b5","imageurl":"/mcm/images/land/2B/21409_55e87dcb405b.jpg","landname":"70"},{"id":281475016163549,"level":3,"status":0,"posx":11,"posy":18,"cityid":602,"townid":1306,"tokenid":"f8ff4ac82a9150e9320c66257439684b","tokenurl":"/mcm/api/land?token=f8ff4ac82a9150e9320c66257439684b","imageurl":"/mcm/images/land/2B/21410_33d112664bb1.jpg","landname":"71"},{"id":281475016163550,"level":2,"status":1,"posx":12,"posy":18,"cityid":602,"townid":1306,"tokenid":"f50159a9318d43408af9610ef6841a2e","tokenurl":"/mcm/api/land?token=f50159a9318d43408af9610ef6841a2e","imageurl":"/mcm/images/land/2A/12850_2d764b1c66be.jpg","landname":"72"},{"id":281475016163551,"level":2,"status":1,"posx":23,"posy":18,"cityid":602,"townid":1306,"tokenid":"45cbd59079fdd7cf79cbdf581fabeec5","tokenurl":"/mcm/api/land?token=45cbd59079fdd7cf79cbdf581fabeec5","imageurl":"/mcm/images/land/2A/12851_2290389441a0.jpg","landname":"73"},{"id":281475016163552,"level":3,"status":1,"posx":24,"posy":18,"cityid":602,"townid":1306,"tokenid":"be0118e506f02a5b6208ef487c0d512e","tokenurl":"/mcm/api/land?token=be0118e506f02a5b6208ef487c0d512e","imageurl":"/mcm/images/land/2B/21411_33f4dc5c888.jpg","landname":"74"},{"id":281475016163553,"level":3,"status":0,"posx":33,"posy":18,"cityid":602,"townid":1306,"tokenid":"9d8461e9fe71169d13ba758e6087e48c","tokenurl":"/mcm/api/land?token=9d8461e9fe71169d13ba758e6087e48c","imageurl":"/mcm/images/land/2B/21412_3f87b34e6020.jpg","landname":"75"},{"id":281475016163554,"level":3,"status":1,"posx":34,"posy":18,"cityid":602,"townid":1306,"tokenid":"71d8e8c8f220ccdc2dcf805dfbde228e","tokenurl":"/mcm/api/land?token=71d8e8c8f220ccdc2dcf805dfbde228e","imageurl":"/mcm/images/land/2B/21413_333818c7d765.jpg","landname":"76"},{"id":281475016163555,"level":3,"status":1,"posx":7,"posy":19,"cityid":602,"townid":1306,"tokenid":"8448abf02e871b3c8a944e2b14b50d0e","tokenurl":"/mcm/api/land?token=8448abf02e871b3c8a944e2b14b50d0e","imageurl":"/mcm/images/land/2B/21414_194e76e65de5.jpg","landname":"77"},{"id":281475016163556,"level":3,"status":1,"posx":8,"posy":19,"cityid":602,"townid":1306,"tokenid":"1d5a59eea3394a6a7621c67f466a0065","tokenurl":"/mcm/api/land?token=1d5a59eea3394a6a7621c67f466a0065","imageurl":"/mcm/images/land/2B/21415_1728431c23c0.jpg","landname":"78"},{"id":281475016163557,"level":2,"status":0,"posx":11,"posy":19,"cityid":602,"townid":1306,"tokenid":"7b3bede40a95b923ea1d17f5e1776c5b","tokenurl":"/mcm/api/land?token=7b3bede40a95b923ea1d17f5e1776c5b","imageurl":"/mcm/images/land/2A/12852_1a3e824564bb.jpg","landname":"79"},{"id":281475016163558,"level":1,"status":1,"posx":12,"posy":19,"cityid":602,"townid":1306,"tokenid":"c2badbd555f4a93d6e34a7011c1edf0c","tokenurl":"/mcm/api/land?token=c2badbd555f4a93d6e34a7011c1edf0c","imageurl":"/mcm/images/land/2S/8566_214f796a13ab.jpg","landname":"80"},{"id":281475016163559,"level":2,"status":1,"posx":33,"posy":19,"cityid":602,"townid":1306,"tokenid":"7521d0cadac1967fb840b916eeb43b5d","tokenurl":"/mcm/api/land?token=7521d0cadac1967fb840b916eeb43b5d","imageurl":"/mcm/images/land/2A/12853_5968d7263a4.jpg","landname":"81"},{"id":281475016163560,"level":3,"status":0,"posx":34,"posy":19,"cityid":602,"townid":1306,"tokenid":"2fb2888ae7a5e3b530ec524afed550d7","tokenurl":"/mcm/api/land?token=2fb2888ae7a5e3b530ec524afed550d7","imageurl":"/mcm/images/land/2B/21416_16ab2556afa8.jpg","landname":"82"},{"id":281475016163561,"level":2,"status":0,"posx":7,"posy":20,"cityid":602,"townid":1306,"tokenid":"449cd57222508b3b8654ccd836a52643","tokenurl":"/mcm/api/land?token=449cd57222508b3b8654ccd836a52643","imageurl":"/mcm/images/land/2A/12854_3e1a113e0895.jpg","landname":"83"},{"id":281475016163562,"level":3,"status":1,"posx":8,"posy":20,"cityid":602,"townid":1306,"tokenid":"ced334b2df03f2a1c8b71e629d51ae0a","tokenurl":"/mcm/api/land?token=ced334b2df03f2a1c8b71e629d51ae0a","imageurl":"/mcm/images/land/2B/21417_fd1adace530.jpg","landname":"84"},{"id":281475016163563,"level":3,"status":0,"posx":11,"posy":20,"cityid":602,"townid":1306,"tokenid":"1b9672ae6b3171715e403d1e380a5253","tokenurl":"/mcm/api/land?token=1b9672ae6b3171715e403d1e380a5253","imageurl":"/mcm/images/land/2B/21418_49982f86919c.jpg","landname":"85"},{"id":281475016163564,"level":1,"status":0,"posx":12,"posy":20,"cityid":602,"townid":1306,"tokenid":"29b47c673ef200a573498bfde3758845","tokenurl":"/mcm/api/land?token=29b47c673ef200a573498bfde3758845","imageurl":"/mcm/images/land/2S/8567_1c890c02cc44.jpg","landname":"86"},{"id":281475016163565,"level":3,"status":1,"posx":7,"posy":21,"cityid":602,"townid":1306,"tokenid":"8ba9e46e49c1eff8d6ac4079c42012f5","tokenurl":"/mcm/api/land?token=8ba9e46e49c1eff8d6ac4079c42012f5","imageurl":"/mcm/images/land/2B/21419_afa720a894d.jpg","landname":"87"},{"id":281475016163566,"level":3,"status":0,"posx":8,"posy":21,"cityid":602,"townid":1306,"tokenid":"9714689397c661382a2434e0347be836","tokenurl":"/mcm/api/land?token=9714689397c661382a2434e0347be836","imageurl":"/mcm/images/land/2B/21420_214fb52993.jpg","landname":"88"},{"id":281475016163567,"level":1,"status":0,"posx":26,"posy":21,"cityid":602,"townid":1306,"tokenid":"285496ae671c217695fcb34442b4fb69","tokenurl":"/mcm/api/land?token=285496ae671c217695fcb34442b4fb69","imageurl":"/mcm/images/land/2S/8568_37d4b451b67.jpg","landname":"89"},{"id":281475016163568,"level":3,"status":1,"posx":27,"posy":21,"cityid":602,"townid":1306,"tokenid":"e0167c4fedd343d218d951ae65b1c9ce","tokenurl":"/mcm/api/land?token=e0167c4fedd343d218d951ae65b1c9ce","imageurl":"/mcm/images/land/2B/21421_1d477535224e.jpg","landname":"90"},{"id":281475016163569,"level":3,"status":0,"posx":7,"posy":22,"cityid":602,"townid":1306,"tokenid":"5fd68718625568d8a880f3136aaaeaa8","tokenurl":"/mcm/api/land?token=5fd68718625568d8a880f3136aaaeaa8","imageurl":"/mcm/images/land/2B/21422_19599162cbf.jpg","landname":"91"},{"id":281475016163570,"level":1,"status":1,"posx":8,"posy":22,"cityid":602,"townid":1306,"tokenid":"fd886daade4feeac66d3ebd3bb5b67e3","tokenurl":"/mcm/api/land?token=fd886daade4feeac66d3ebd3bb5b67e3","imageurl":"/mcm/images/land/2S/8569_3e734df33ee6.jpg","landname":"92"},{"id":281475016163571,"level":3,"status":0,"posx":23,"posy":22,"cityid":602,"townid":1306,"tokenid":"ff614adeaa6b081851963cee18031727","tokenurl":"/mcm/api/land?token=ff614adeaa6b081851963cee18031727","imageurl":"/mcm/images/land/2B/21423_32923f18092a.jpg","landname":"93"},{"id":281475016163572,"level":2,"status":0,"posx":24,"posy":22,"cityid":602,"townid":1306,"tokenid":"408ac87beb4822ac6cfe0a0d847af95e","tokenurl":"/mcm/api/land?token=408ac87beb4822ac6cfe0a0d847af95e","imageurl":"/mcm/images/land/2A/12855_47ca74b7792b.jpg","landname":"94"},{"id":281475016163573,"level":2,"status":1,"posx":26,"posy":22,"cityid":602,"townid":1306,"tokenid":"a86bbc4ecbf76d3011bdc149fb86083c","tokenurl":"/mcm/api/land?token=a86bbc4ecbf76d3011bdc149fb86083c","imageurl":"/mcm/images/land/2A/12856_43b2525cccef.jpg","landname":"95"},{"id":281475016163574,"level":3,"status":0,"posx":27,"posy":22,"cityid":602,"townid":1306,"tokenid":"98f1e6d400a5fac7361eca8ecaec2b98","tokenurl":"/mcm/api/land?token=98f1e6d400a5fac7361eca8ecaec2b98","imageurl":"/mcm/images/land/2B/21424_5679b2fa0e47.jpg","landname":"96"},{"id":281475016163575,"level":1,"status":1,"posx":33,"posy":22,"cityid":602,"townid":1306,"tokenid":"76f9c832a520a388b689e30e48c09268","tokenurl":"/mcm/api/land?token=76f9c832a520a388b689e30e48c09268","imageurl":"/mcm/images/land/2S/8570_2512ed036ed0.jpg","landname":"97"},{"id":281475016163576,"level":3,"status":0,"posx":34,"posy":22,"cityid":602,"townid":1306,"tokenid":"8bcbd0cf8986fb0d8d80091435bb9d0e","tokenurl":"/mcm/api/land?token=8bcbd0cf8986fb0d8d80091435bb9d0e","imageurl":"/mcm/images/land/2B/21425_3f57f22126b3.jpg","landname":"98"},{"id":281475016163577,"level":3,"status":1,"posx":23,"posy":23,"cityid":602,"townid":1306,"tokenid":"735b94b7767e60b1ade2e8128a3f9765","tokenurl":"/mcm/api/land?token=735b94b7767e60b1ade2e8128a3f9765","imageurl":"/mcm/images/land/2B/21426_49b60735c4f7.jpg","landname":"99"},{"id":281475016163578,"level":2,"status":1,"posx":24,"posy":23,"cityid":602,"townid":1306,"tokenid":"3a85a87469d48909f52495cf2a556870","tokenurl":"/mcm/api/land?token=3a85a87469d48909f52495cf2a556870","imageurl":"/mcm/images/land/2A/12857_1b9bc26f0a1a.jpg","landname":"100"},{"id":281475016163579,"level":1,"status":1,"posx":26,"posy":23,"cityid":602,"townid":1306,"tokenid":"936df37d943fc3f2a6063e7eabfdf642","tokenurl":"/mcm/api/land?token=936df37d943fc3f2a6063e7eabfdf642","imageurl":"/mcm/images/land/2S/8571_1287ceb3017.jpg","landname":"101"},{"id":281475016163580,"level":3,"status":1,"posx":27,"posy":23,"cityid":602,"townid":1306,"tokenid":"396e4be336b1a0303c33aab353b4d59e","tokenurl":"/mcm/api/land?token=396e4be336b1a0303c33aab353b4d59e","imageurl":"/mcm/images/land/2B/21427_58e450114ca5.jpg","landname":"102"},{"id":281475016163581,"level":3,"status":0,"posx":33,"posy":23,"cityid":602,"townid":1306,"tokenid":"ae53663a3834775a90759775f3643ee4","tokenurl":"/mcm/api/land?token=ae53663a3834775a90759775f3643ee4","imageurl":"/mcm/images/land/2B/21428_16f40d10701d.jpg","landname":"103"},{"id":281475016163582,"level":2,"status":0,"posx":34,"posy":23,"cityid":602,"townid":1306,"tokenid":"ac506667d2fc0e7969034b449882a5f8","tokenurl":"/mcm/api/land?token=ac506667d2fc0e7969034b449882a5f8","imageurl":"/mcm/images/land/2A/12858_35458f897ce5.jpg","landname":"104"},{"id":281475016163583,"level":3,"status":0,"posx":23,"posy":24,"cityid":602,"townid":1306,"tokenid":"43a83ce0db4d0689f2b33e18141b2d04","tokenurl":"/mcm/api/land?token=43a83ce0db4d0689f2b33e18141b2d04","imageurl":"/mcm/images/land/2B/21429_4d2eea1d2aa4.jpg","landname":"105"},{"id":281475016163584,"level":1,"status":1,"posx":24,"posy":24,"cityid":602,"townid":1306,"tokenid":"5527fe11acc91a64d4e988dc0064b869","tokenurl":"/mcm/api/land?token=5527fe11acc91a64d4e988dc0064b869","imageurl":"/mcm/images/land/2S/8572_4db74f4ddfbc.jpg","landname":"106"},{"id":281475016163585,"level":1,"status":0,"posx":26,"posy":24,"cityid":602,"townid":1306,"tokenid":"bd8bb05c5c69a148dd73723a2ddf6abe","tokenurl":"/mcm/api/land?token=bd8bb05c5c69a148dd73723a2ddf6abe","imageurl":"/mcm/images/land/2S/8573_4f00df12fe39.jpg","landname":"107"},{"id":281475016163586,"level":3,"status":1,"posx":27,"posy":24,"cityid":602,"townid":1306,"tokenid":"0e9474c5d29a5f16b797b90cb06dadb9","tokenurl":"/mcm/api/land?token=0e9474c5d29a5f16b797b90cb06dadb9","imageurl":"/mcm/images/land/2B/21430_53a9d83354c4.jpg","landname":"108"},{"id":281475016163587,"level":3,"status":0,"posx":33,"posy":24,"cityid":602,"townid":1306,"tokenid":"fcf3517d4699abf65b98e49c7c3c237f","tokenurl":"/mcm/api/land?token=fcf3517d4699abf65b98e49c7c3c237f","imageurl":"/mcm/images/land/2B/21431_daf6f39b3ac.jpg","landname":"109"},{"id":281475016163588,"level":3,"status":0,"posx":34,"posy":24,"cityid":602,"townid":1306,"tokenid":"5d4fb4bb6ee49cc408a41948798583e3","tokenurl":"/mcm/api/land?token=5d4fb4bb6ee49cc408a41948798583e3","imageurl":"/mcm/images/land/2B/21432_22f9ccf1e415.jpg","landname":"110"},{"id":281475016163589,"level":3,"status":0,"posx":23,"posy":25,"cityid":602,"townid":1306,"tokenid":"c6ef99260ed2abb2a4026463e10562ba","tokenurl":"/mcm/api/land?token=c6ef99260ed2abb2a4026463e10562ba","imageurl":"/mcm/images/land/2B/21433_1061b35eeb48.jpg","landname":"111"},{"id":281475016163590,"level":1,"status":0,"posx":24,"posy":25,"cityid":602,"townid":1306,"tokenid":"e1d89fb073ef31604b8016c58e7c826e","tokenurl":"/mcm/api/land?token=e1d89fb073ef31604b8016c58e7c826e","imageurl":"/mcm/images/land/2S/8574_48a0ee505ff8.jpg","landname":"112"},{"id":281475016163591,"level":3,"status":1,"posx":26,"posy":25,"cityid":602,"townid":1306,"tokenid":"5e45e6d40cb2d69e1d4eb928abf4489a","tokenurl":"/mcm/api/land?token=5e45e6d40cb2d69e1d4eb928abf4489a","imageurl":"/mcm/images/land/2B/21434_598fd223e4d4.jpg","landname":"113"},{"id":281475016163592,"level":3,"status":0,"posx":27,"posy":25,"cityid":602,"townid":1306,"tokenid":"bb8a16d63886c3344902b5ab01b6b27c","tokenurl":"/mcm/api/land?token=bb8a16d63886c3344902b5ab01b6b27c","imageurl":"/mcm/images/land/2B/21435_488c1a50ec7b.jpg","landname":"114"},{"id":281475016163593,"level":1,"status":0,"posx":33,"posy":25,"cityid":602,"townid":1306,"tokenid":"d05514dd4c6cf49253903241db95081c","tokenurl":"/mcm/api/land?token=d05514dd4c6cf49253903241db95081c","imageurl":"/mcm/images/land/2S/8575_523c990fd253.jpg","landname":"115"},{"id":281475016163594,"level":2,"status":1,"posx":34,"posy":25,"cityid":602,"townid":1306,"tokenid":"093dce8f09cbbf0c7b409ce8288e033b","tokenurl":"/mcm/api/land?token=093dce8f09cbbf0c7b409ce8288e033b","imageurl":"/mcm/images/land/2A/12859_3285f89cf3f.jpg","landname":"116"},{"id":281475016163595,"level":3,"status":1,"posx":23,"posy":26,"cityid":602,"townid":1306,"tokenid":"d5c25be079f3155d2444f66cc23d5192","tokenurl":"/mcm/api/land?token=d5c25be079f3155d2444f66cc23d5192","imageurl":"/mcm/images/land/2B/21436_50a14bdb9c23.jpg","landname":"117"},{"id":281475016163596,"level":2,"status":0,"posx":24,"posy":26,"cityid":602,"townid":1306,"tokenid":"faad88ae653cd2f39fb1bf5e89a4de9d","tokenurl":"/mcm/api/land?token=faad88ae653cd2f39fb1bf5e89a4de9d","imageurl":"/mcm/images/land/2A/12860_138a6fa324ce.jpg","landname":"118"},{"id":281475016163597,"level":1,"status":0,"posx":33,"posy":26,"cityid":602,"townid":1306,"tokenid":"5c717bff8a6e8450b889ec642f0354b8","tokenurl":"/mcm/api/land?token=5c717bff8a6e8450b889ec642f0354b8","imageurl":"/mcm/images/land/2S/8576_14c6133e81dc.jpg","landname":"119"},{"id":281475016163598,"level":2,"status":1,"posx":34,"posy":26,"cityid":602,"townid":1306,"tokenid":"834369a57fd1aa8162e4fb7725b8d801","tokenurl":"/mcm/api/land?token=834369a57fd1aa8162e4fb7725b8d801","imageurl":"/mcm/images/land/2A/12861_10f235c88788.jpg","landname":"120"},{"id":281475016163599,"level":2,"status":1,"posx":31,"posy":27,"cityid":602,"townid":1306,"tokenid":"42bdb716d22397940229e044dd06415f","tokenurl":"/mcm/api/land?token=42bdb716d22397940229e044dd06415f","imageurl":"/mcm/images/land/2A/12862_466466fdc1aa.jpg","landname":"121"},{"id":281475016163600,"level":3,"status":1,"posx":32,"posy":27,"cityid":602,"townid":1306,"tokenid":"fbdd8dfb6c3b50bd8d4caafa3282e5bc","tokenurl":"/mcm/api/land?token=fbdd8dfb6c3b50bd8d4caafa3282e5bc","imageurl":"/mcm/images/land/2B/21437_1768d139d679.jpg","landname":"122"},{"id":281475016163601,"level":3,"status":1,"posx":6,"posy":28,"cityid":602,"townid":1306,"tokenid":"5a78ff23fe647e05f7869d2af28ff44e","tokenurl":"/mcm/api/land?token=5a78ff23fe647e05f7869d2af28ff44e","imageurl":"/mcm/images/land/2B/21438_1d7d7abbffe4.jpg","landname":"123"},{"id":281475016163602,"level":2,"status":0,"posx":7,"posy":28,"cityid":602,"townid":1306,"tokenid":"c5ac5cd0cd5f8a7340c3d4408e5e1aeb","tokenurl":"/mcm/api/land?token=c5ac5cd0cd5f8a7340c3d4408e5e1aeb","imageurl":"/mcm/images/land/2A/12863_331cc4c4dcf3.jpg","landname":"124"},{"id":281475016163603,"level":1,"status":0,"posx":9,"posy":28,"cityid":602,"townid":1306,"tokenid":"e0f1cb715c98e1c965a3fc8e0a1a1a64","tokenurl":"/mcm/api/land?token=e0f1cb715c98e1c965a3fc8e0a1a1a64","imageurl":"/mcm/images/land/2S/8577_19e0292257d6.jpg","landname":"125"},{"id":281475016163604,"level":3,"status":1,"posx":10,"posy":28,"cityid":602,"townid":1306,"tokenid":"540aab75a5b5e3c539dcb37f94dd45ab","tokenurl":"/mcm/api/land?token=540aab75a5b5e3c539dcb37f94dd45ab","imageurl":"/mcm/images/land/2B/21439_1c41968c5ee.jpg","landname":"126"},{"id":281475016163605,"level":2,"status":0,"posx":31,"posy":28,"cityid":602,"townid":1306,"tokenid":"cc3403ae55762b5db6c624f9f30a68e4","tokenurl":"/mcm/api/land?token=cc3403ae55762b5db6c624f9f30a68e4","imageurl":"/mcm/images/land/2A/12864_41d4592fb533.jpg","landname":"127"},{"id":281475016163606,"level":3,"status":0,"posx":32,"posy":28,"cityid":602,"townid":1306,"tokenid":"3085880d2bac82c4d7e3abbfe1366b67","tokenurl":"/mcm/api/land?token=3085880d2bac82c4d7e3abbfe1366b67","imageurl":"/mcm/images/land/2B/21440_caf7dcbecbe.jpg","landname":"128"},{"id":281475016163607,"level":3,"status":0,"posx":6,"posy":29,"cityid":602,"townid":1306,"tokenid":"ed15cb036293cb4fe4c1e21f94a3596f","tokenurl":"/mcm/api/land?token=ed15cb036293cb4fe4c1e21f94a3596f","imageurl":"/mcm/images/land/2B/21441_24a486646d04.jpg","landname":"129"},{"id":281475016163608,"level":3,"status":1,"posx":7,"posy":29,"cityid":602,"townid":1306,"tokenid":"bc45d94f1108a4c3648c42dd9b3b7a11","tokenurl":"/mcm/api/land?token=bc45d94f1108a4c3648c42dd9b3b7a11","imageurl":"/mcm/images/land/2B/21442_2174ef623dd0.jpg","landname":"130"},{"id":281475016163609,"level":3,"status":1,"posx":9,"posy":29,"cityid":602,"townid":1306,"tokenid":"e538ebbfb9daf5481b898a0eaf46fb5b","tokenurl":"/mcm/api/land?token=e538ebbfb9daf5481b898a0eaf46fb5b","imageurl":"/mcm/images/land/2B/21443_1693a8f43671.jpg","landname":"131"},{"id":281475016163610,"level":3,"status":0,"posx":10,"posy":29,"cityid":602,"townid":1306,"tokenid":"e907952e70209ee26074985d63da7f29","tokenurl":"/mcm/api/land?token=e907952e70209ee26074985d63da7f29","imageurl":"/mcm/images/land/2B/21444_5947279ad872.jpg","landname":"132"},{"id":281475016163611,"level":3,"status":1,"posx":31,"posy":29,"cityid":602,"townid":1306,"tokenid":"3837e3990174490ddb4846fbf95f0b0f","tokenurl":"/mcm/api/land?token=3837e3990174490ddb4846fbf95f0b0f","imageurl":"/mcm/images/land/2B/21445_394e78fc3ceb.jpg","landname":"133"},{"id":281475016163612,"level":3,"status":1,"posx":32,"posy":29,"cityid":602,"townid":1306,"tokenid":"0e27e884c02aad303302d3718198082e","tokenurl":"/mcm/api/land?token=0e27e884c02aad303302d3718198082e","imageurl":"/mcm/images/land/2B/21446_455212b5542c.jpg","landname":"134"},{"id":281475016163613,"level":2,"status":1,"posx":6,"posy":30,"cityid":602,"townid":1306,"tokenid":"950c3d4c15695bee38e936d969b4d6fd","tokenurl":"/mcm/api/land?token=950c3d4c15695bee38e936d969b4d6fd","imageurl":"/mcm/images/land/2A/12865_594402b61782.jpg","landname":"135"},{"id":281475016163614,"level":2,"status":0,"posx":7,"posy":30,"cityid":602,"townid":1306,"tokenid":"a6cffca28e70e5ed10aa21d532a79ca7","tokenurl":"/mcm/api/land?token=a6cffca28e70e5ed10aa21d532a79ca7","imageurl":"/mcm/images/land/2A/12866_273f7605446.jpg","landname":"136"},{"id":281475016163615,"level":2,"status":0,"posx":9,"posy":30,"cityid":602,"townid":1306,"tokenid":"a6818d40d4040ffe829969ffa0fcc8fc","tokenurl":"/mcm/api/land?token=a6818d40d4040ffe829969ffa0fcc8fc","imageurl":"/mcm/images/land/2A/12867_52eb2e807c66.jpg","landname":"137"},{"id":281475016163616,"level":3,"status":1,"posx":10,"posy":30,"cityid":602,"townid":1306,"tokenid":"a6486f08eb56b249691059e94467dec2","tokenurl":"/mcm/api/land?token=a6486f08eb56b249691059e94467dec2","imageurl":"/mcm/images/land/2B/21447_4f3fb6357bd6.jpg","landname":"138"},{"id":281475016163617,"level":1,"status":1,"posx":31,"posy":30,"cityid":602,"townid":1306,"tokenid":"659811a4682523b9e5b66ace766a4ef3","tokenurl":"/mcm/api/land?token=659811a4682523b9e5b66ace766a4ef3","imageurl":"/mcm/images/land/2S/8578_a838772293d.jpg","landname":"139"},{"id":281475016163618,"level":1,"status":1,"posx":32,"posy":30,"cityid":602,"townid":1306,"tokenid":"38799f8f69dcc1593c11081a977bb602","tokenurl":"/mcm/api/land?token=38799f8f69dcc1593c11081a977bb602","imageurl":"/mcm/images/land/2S/8579_3d268b74b718.jpg","landname":"140"},{"id":281475016163619,"level":3,"status":1,"posx":6,"posy":31,"cityid":602,"townid":1306,"tokenid":"c9ed5682cbcafdaffdcc8d9719387686","tokenurl":"/mcm/api/land?token=c9ed5682cbcafdaffdcc8d9719387686","imageurl":"/mcm/images/land/2B/21448_4ee66d0a8a78.jpg","landname":"141"},{"id":281475016163620,"level":2,"status":0,"posx":7,"posy":31,"cityid":602,"townid":1306,"tokenid":"9bb3c78b98c2f61f404e4fa21bf16cbd","tokenurl":"/mcm/api/land?token=9bb3c78b98c2f61f404e4fa21bf16cbd","imageurl":"/mcm/images/land/2A/12868_1d8ec71ce9c6.jpg","landname":"142"},{"id":281475016163621,"level":1,"status":0,"posx":9,"posy":31,"cityid":602,"townid":1306,"tokenid":"7b45b47ca82f9a478c656eb67dc20b7a","tokenurl":"/mcm/api/land?token=7b45b47ca82f9a478c656eb67dc20b7a","imageurl":"/mcm/images/land/2S/8580_2bf228d6df00.jpg","landname":"143"},{"id":281475016163622,"level":3,"status":1,"posx":10,"posy":31,"cityid":602,"townid":1306,"tokenid":"e521a8285c83ec9a7f8513779b430d9f","tokenurl":"/mcm/api/land?token=e521a8285c83ec9a7f8513779b430d9f","imageurl":"/mcm/images/land/2B/21449_553e853be771.jpg","landname":"144"},{"id":281475016163623,"level":2,"status":0,"posx":31,"posy":31,"cityid":602,"townid":1306,"tokenid":"a3a15a399b41840ff7b907a32d6da562","tokenurl":"/mcm/api/land?token=a3a15a399b41840ff7b907a32d6da562","imageurl":"/mcm/images/land/2A/12869_ee54210e5d8.jpg","landname":"145"},{"id":281475016163624,"level":2,"status":1,"posx":32,"posy":31,"cityid":602,"townid":1306,"tokenid":"661d5e7d555c596111b676025a207cb7","tokenurl":"/mcm/api/land?token=661d5e7d555c596111b676025a207cb7","imageurl":"/mcm/images/land/2A/12870_4c117a75b2d9.jpg","landname":"146"},{"id":281475016163625,"level":1,"status":0,"posx":6,"posy":32,"cityid":602,"townid":1306,"tokenid":"a7e1580a836c4ebf874707c682d8c5f8","tokenurl":"/mcm/api/land?token=a7e1580a836c4ebf874707c682d8c5f8","imageurl":"/mcm/images/land/2S/8581_a58a9d90c64.jpg","landname":"147"},{"id":281475016163626,"level":3,"status":0,"posx":7,"posy":32,"cityid":602,"townid":1306,"tokenid":"a2432bc33cada5ed32c61f9a34f24294","tokenurl":"/mcm/api/land?token=a2432bc33cada5ed32c61f9a34f24294","imageurl":"/mcm/images/land/2B/21450_b9512924a2d.jpg","landname":"148"},{"id":281475016163627,"level":3,"status":1,"posx":9,"posy":32,"cityid":602,"townid":1306,"tokenid":"bf0c62686ae281abbf3e332adbb5fb8f","tokenurl":"/mcm/api/land?token=bf0c62686ae281abbf3e332adbb5fb8f","imageurl":"/mcm/images/land/2B/21451_364253a432ac.jpg","landname":"149"},{"id":281475016163628,"level":2,"status":1,"posx":10,"posy":32,"cityid":602,"townid":1306,"tokenid":"4351d1184c25155406c7027d40dd1790","tokenurl":"/mcm/api/land?token=4351d1184c25155406c7027d40dd1790","imageurl":"/mcm/images/land/2A/12871_495baee0b8da.jpg","landname":"150"}]]],0,0,[],[],[]]
