[1,0,0,[["cc.JsonAsset",["_name","json"],1]],[[0,0,1,3]],[[0,"149",[{"id":281474980446209,"level":2,"status":0,"posx":6,"posy":5,"cityid":57,"townid":149,"tokenid":"8010fb81421dd459a08c52f4465ede60","tokenurl":"/mcm/api/land?token=8010fb81421dd459a08c52f4465ede60","imageurl":"/mcm/images/land/2A/3422_5420053aa509.jpg","landname":"1"},{"id":281474980446210,"level":2,"status":1,"posx":7,"posy":5,"cityid":57,"townid":149,"tokenid":"9246410106bf8df19b4ae108a948ef7e","tokenurl":"/mcm/api/land?token=9246410106bf8df19b4ae108a948ef7e","imageurl":"/mcm/images/land/2A/3423_1ff3722ccb0a.jpg","landname":"2"},{"id":281474980446211,"level":1,"status":0,"posx":6,"posy":6,"cityid":57,"townid":149,"tokenid":"357dff3111c77022fd72d86dc0ccd12d","tokenurl":"/mcm/api/land?token=357dff3111c77022fd72d86dc0ccd12d","imageurl":"/mcm/images/land/2S/2282_462635b115ea.jpg","landname":"3"},{"id":281474980446212,"level":1,"status":0,"posx":7,"posy":6,"cityid":57,"townid":149,"tokenid":"e80465a7a075c54dcbf3a45a802dfe57","tokenurl":"/mcm/api/land?token=e80465a7a075c54dcbf3a45a802dfe57","imageurl":"/mcm/images/land/2S/2283_747e7b9b64.jpg","landname":"4"},{"id":281474980446213,"level":1,"status":0,"posx":18,"posy":6,"cityid":57,"townid":149,"tokenid":"f191813a0520cedbfba8502517f428e5","tokenurl":"/mcm/api/land?token=f191813a0520cedbfba8502517f428e5","imageurl":"/mcm/images/land/2S/2284_196430cb572.jpg","landname":"5"},{"id":281474980446214,"level":3,"status":1,"posx":19,"posy":6,"cityid":57,"townid":149,"tokenid":"56cf07e161dda0d6ed4bad2f84b173b8","tokenurl":"/mcm/api/land?token=56cf07e161dda0d6ed4bad2f84b173b8","imageurl":"/mcm/images/land/2B/5702_3f5256da37f4.jpg","landname":"6"},{"id":281474980446215,"level":3,"status":0,"posx":20,"posy":6,"cityid":57,"townid":149,"tokenid":"c0728a5076f50ba0ecb683761137a9d6","tokenurl":"/mcm/api/land?token=c0728a5076f50ba0ecb683761137a9d6","imageurl":"/mcm/images/land/2B/5703_55252e2c8cfd.jpg","landname":"7"},{"id":281474980446216,"level":3,"status":0,"posx":21,"posy":6,"cityid":57,"townid":149,"tokenid":"67af9ae61052868dc6e678a1a55b060e","tokenurl":"/mcm/api/land?token=67af9ae61052868dc6e678a1a55b060e","imageurl":"/mcm/images/land/2B/5704_3e434cb3228f.jpg","landname":"8"},{"id":281474980446217,"level":1,"status":1,"posx":22,"posy":6,"cityid":57,"townid":149,"tokenid":"5047d2d1b5091973a2663bcf05fb4e71","tokenurl":"/mcm/api/land?token=5047d2d1b5091973a2663bcf05fb4e71","imageurl":"/mcm/images/land/2S/2285_e53efdfd808.jpg","landname":"9"},{"id":281474980446218,"level":3,"status":0,"posx":28,"posy":6,"cityid":57,"townid":149,"tokenid":"a62396df8c19040d218a502b6512483d","tokenurl":"/mcm/api/land?token=a62396df8c19040d218a502b6512483d","imageurl":"/mcm/images/land/2B/5705_1d5838ed43da.jpg","landname":"10"},{"id":281474980446219,"level":2,"status":1,"posx":29,"posy":6,"cityid":57,"townid":149,"tokenid":"1123f1bbf9a2f335d4c5b503b0a0078d","tokenurl":"/mcm/api/land?token=1123f1bbf9a2f335d4c5b503b0a0078d","imageurl":"/mcm/images/land/2A/3424_4e234c3e61cb.jpg","landname":"11"},{"id":281474980446220,"level":2,"status":1,"posx":31,"posy":6,"cityid":57,"townid":149,"tokenid":"6cfac57d9131c6f45774e9ec0e290db4","tokenurl":"/mcm/api/land?token=6cfac57d9131c6f45774e9ec0e290db4","imageurl":"/mcm/images/land/2A/3425_23ff031dfa0e.jpg","landname":"12"},{"id":281474980446221,"level":3,"status":0,"posx":32,"posy":6,"cityid":57,"townid":149,"tokenid":"c4460726182e4baaf9b220a906bbd51a","tokenurl":"/mcm/api/land?token=c4460726182e4baaf9b220a906bbd51a","imageurl":"/mcm/images/land/2B/5706_1df0f30a54f5.jpg","landname":"13"},{"id":281474980446222,"level":2,"status":1,"posx":6,"posy":7,"cityid":57,"townid":149,"tokenid":"d02a8085cdf7222f38ba0db2b3fd140d","tokenurl":"/mcm/api/land?token=d02a8085cdf7222f38ba0db2b3fd140d","imageurl":"/mcm/images/land/2A/3426_47bde5c50afe.jpg","landname":"14"},{"id":281474980446223,"level":2,"status":1,"posx":7,"posy":7,"cityid":57,"townid":149,"tokenid":"23951dd2a657570eaeef80c29d75e717","tokenurl":"/mcm/api/land?token=23951dd2a657570eaeef80c29d75e717","imageurl":"/mcm/images/land/2A/3427_34f489f605f4.jpg","landname":"15"},{"id":281474980446224,"level":3,"status":1,"posx":18,"posy":7,"cityid":57,"townid":149,"tokenid":"7568f4dd5307b378f54a24386f45aef4","tokenurl":"/mcm/api/land?token=7568f4dd5307b378f54a24386f45aef4","imageurl":"/mcm/images/land/2B/5707_35f4090fc022.jpg","landname":"16"},{"id":281474980446225,"level":2,"status":1,"posx":19,"posy":7,"cityid":57,"townid":149,"tokenid":"1409e19e916c030aa24eaf8fd305dbec","tokenurl":"/mcm/api/land?token=1409e19e916c030aa24eaf8fd305dbec","imageurl":"/mcm/images/land/2A/3428_1a8708c1a058.jpg","landname":"17"},{"id":281474980446226,"level":3,"status":0,"posx":20,"posy":7,"cityid":57,"townid":149,"tokenid":"da8541a40c0258bfdaa17b793cac57cd","tokenurl":"/mcm/api/land?token=da8541a40c0258bfdaa17b793cac57cd","imageurl":"/mcm/images/land/2B/5708_2b039228feab.jpg","landname":"18"},{"id":281474980446227,"level":3,"status":1,"posx":21,"posy":7,"cityid":57,"townid":149,"tokenid":"19d969dcdc1f0f33b4ea5cd64481f092","tokenurl":"/mcm/api/land?token=19d969dcdc1f0f33b4ea5cd64481f092","imageurl":"/mcm/images/land/2B/5709_4c091ce850.jpg","landname":"19"},{"id":281474980446228,"level":3,"status":1,"posx":22,"posy":7,"cityid":57,"townid":149,"tokenid":"1275a811e29fa666e179151ac7af9288","tokenurl":"/mcm/api/land?token=1275a811e29fa666e179151ac7af9288","imageurl":"/mcm/images/land/2B/5710_4fdc9a74e35e.jpg","landname":"20"},{"id":281474980446229,"level":1,"status":0,"posx":28,"posy":7,"cityid":57,"townid":149,"tokenid":"900309627a24c244c18fd31ddcd9f602","tokenurl":"/mcm/api/land?token=900309627a24c244c18fd31ddcd9f602","imageurl":"/mcm/images/land/2S/2286_1eaa337a48d0.jpg","landname":"21"},{"id":281474980446230,"level":3,"status":1,"posx":29,"posy":7,"cityid":57,"townid":149,"tokenid":"baa6e94fb02ea6754a7168b2e93178fb","tokenurl":"/mcm/api/land?token=baa6e94fb02ea6754a7168b2e93178fb","imageurl":"/mcm/images/land/2B/5711_121a12a62d50.jpg","landname":"22"},{"id":281474980446231,"level":2,"status":0,"posx":31,"posy":7,"cityid":57,"townid":149,"tokenid":"23d54bc6bcef41176ab1571fd58ff7d5","tokenurl":"/mcm/api/land?token=23d54bc6bcef41176ab1571fd58ff7d5","imageurl":"/mcm/images/land/2A/3429_2b66db2d1ee4.jpg","landname":"23"},{"id":281474980446232,"level":2,"status":0,"posx":32,"posy":7,"cityid":57,"townid":149,"tokenid":"136ba0647432ae59db45e2c304ab885d","tokenurl":"/mcm/api/land?token=136ba0647432ae59db45e2c304ab885d","imageurl":"/mcm/images/land/2A/3430_50152097fab7.jpg","landname":"24"},{"id":281474980446233,"level":1,"status":0,"posx":6,"posy":8,"cityid":57,"townid":149,"tokenid":"46dc955ed9b066eb253ac13d2c1c090e","tokenurl":"/mcm/api/land?token=46dc955ed9b066eb253ac13d2c1c090e","imageurl":"/mcm/images/land/2S/2287_477f7012039f.jpg","landname":"25"},{"id":281474980446234,"level":3,"status":0,"posx":7,"posy":8,"cityid":57,"townid":149,"tokenid":"9b1a016cdab3a0c9fa4c3bd753290505","tokenurl":"/mcm/api/land?token=9b1a016cdab3a0c9fa4c3bd753290505","imageurl":"/mcm/images/land/2B/5712_15a6595508a2.jpg","landname":"26"},{"id":281474980446235,"level":2,"status":0,"posx":28,"posy":8,"cityid":57,"townid":149,"tokenid":"151fb74bec4d07aa8229f1ddc045a2dd","tokenurl":"/mcm/api/land?token=151fb74bec4d07aa8229f1ddc045a2dd","imageurl":"/mcm/images/land/2A/3431_29ef8c42216a.jpg","landname":"27"},{"id":281474980446236,"level":2,"status":1,"posx":29,"posy":8,"cityid":57,"townid":149,"tokenid":"12f739c2ea1670f48443c90676f4582b","tokenurl":"/mcm/api/land?token=12f739c2ea1670f48443c90676f4582b","imageurl":"/mcm/images/land/2A/3432_3cd7cd3d5116.jpg","landname":"28"},{"id":281474980446237,"level":3,"status":1,"posx":31,"posy":8,"cityid":57,"townid":149,"tokenid":"506797b482fa3793f49cf8662b0395a5","tokenurl":"/mcm/api/land?token=506797b482fa3793f49cf8662b0395a5","imageurl":"/mcm/images/land/2B/5713_28581f8bfb4e.jpg","landname":"29"},{"id":281474980446238,"level":3,"status":0,"posx":32,"posy":8,"cityid":57,"townid":149,"tokenid":"29658c3dc69352b511011213dd34ae0e","tokenurl":"/mcm/api/land?token=29658c3dc69352b511011213dd34ae0e","imageurl":"/mcm/images/land/2B/5714_d4527682535.jpg","landname":"30"},{"id":281474980446239,"level":2,"status":0,"posx":6,"posy":9,"cityid":57,"townid":149,"tokenid":"5ed4d1cbf0b9a11f25d302a3c2661cb9","tokenurl":"/mcm/api/land?token=5ed4d1cbf0b9a11f25d302a3c2661cb9","imageurl":"/mcm/images/land/2A/3433_383340429edf.jpg","landname":"31"},{"id":281474980446240,"level":3,"status":1,"posx":7,"posy":9,"cityid":57,"townid":149,"tokenid":"ff397d47c3f3395f44f0b4ea787212b0","tokenurl":"/mcm/api/land?token=ff397d47c3f3395f44f0b4ea787212b0","imageurl":"/mcm/images/land/2B/5715_547022ca029e.jpg","landname":"32"},{"id":281474980446241,"level":3,"status":1,"posx":28,"posy":9,"cityid":57,"townid":149,"tokenid":"4b67a80ac37b7893625c804718ac43d6","tokenurl":"/mcm/api/land?token=4b67a80ac37b7893625c804718ac43d6","imageurl":"/mcm/images/land/2B/5716_7ea8d1299fd.jpg","landname":"33"},{"id":281474980446242,"level":3,"status":0,"posx":29,"posy":9,"cityid":57,"townid":149,"tokenid":"44659b108b207605aca013fb115b770a","tokenurl":"/mcm/api/land?token=44659b108b207605aca013fb115b770a","imageurl":"/mcm/images/land/2B/5717_3a4e05770160.jpg","landname":"34"},{"id":281474980446243,"level":1,"status":0,"posx":31,"posy":9,"cityid":57,"townid":149,"tokenid":"8e6c4d25882424ebae0703d9319d111c","tokenurl":"/mcm/api/land?token=8e6c4d25882424ebae0703d9319d111c","imageurl":"/mcm/images/land/2S/2288_226361837f04.jpg","landname":"35"},{"id":281474980446244,"level":3,"status":0,"posx":32,"posy":9,"cityid":57,"townid":149,"tokenid":"ac8670cf99aedb7d7706b17c422250b7","tokenurl":"/mcm/api/land?token=ac8670cf99aedb7d7706b17c422250b7","imageurl":"/mcm/images/land/2B/5718_16b465a5e579.jpg","landname":"36"},{"id":281474980446245,"level":2,"status":0,"posx":28,"posy":10,"cityid":57,"townid":149,"tokenid":"27b66b10cb93f32af3b5912339e94301","tokenurl":"/mcm/api/land?token=27b66b10cb93f32af3b5912339e94301","imageurl":"/mcm/images/land/2A/3434_3f32fcf8438f.jpg","landname":"37"},{"id":281474980446246,"level":2,"status":0,"posx":29,"posy":10,"cityid":57,"townid":149,"tokenid":"c3493060f721322d12006ff64a37b0f0","tokenurl":"/mcm/api/land?token=c3493060f721322d12006ff64a37b0f0","imageurl":"/mcm/images/land/2A/3435_42af5cc389da.jpg","landname":"38"},{"id":281474980446247,"level":3,"status":0,"posx":31,"posy":10,"cityid":57,"townid":149,"tokenid":"bdb04070e82f90a542a9e33c1627d77a","tokenurl":"/mcm/api/land?token=bdb04070e82f90a542a9e33c1627d77a","imageurl":"/mcm/images/land/2B/5719_559b83b4f92b.jpg","landname":"39"},{"id":281474980446248,"level":3,"status":0,"posx":32,"posy":10,"cityid":57,"townid":149,"tokenid":"606aad5ac14dd99df5dfb3671a5cc925","tokenurl":"/mcm/api/land?token=606aad5ac14dd99df5dfb3671a5cc925","imageurl":"/mcm/images/land/2B/5720_2c008ad386bb.jpg","landname":"40"},{"id":281474980446249,"level":1,"status":1,"posx":9,"posy":14,"cityid":57,"townid":149,"tokenid":"44a494d25b7bf4087d33abc471fa3b1e","tokenurl":"/mcm/api/land?token=44a494d25b7bf4087d33abc471fa3b1e","imageurl":"/mcm/images/land/2S/2289_137f30ac1da.jpg","landname":"41"},{"id":281474980446250,"level":1,"status":1,"posx":10,"posy":14,"cityid":57,"townid":149,"tokenid":"b5f9b4cec68f42cb940d297e47f61be5","tokenurl":"/mcm/api/land?token=b5f9b4cec68f42cb940d297e47f61be5","imageurl":"/mcm/images/land/2S/2290_14f0700d64e9.jpg","landname":"42"},{"id":281474980446251,"level":2,"status":1,"posx":13,"posy":14,"cityid":57,"townid":149,"tokenid":"7385493e9530e9fe7e76886b845998ed","tokenurl":"/mcm/api/land?token=7385493e9530e9fe7e76886b845998ed","imageurl":"/mcm/images/land/2A/3436_339290655333.jpg","landname":"43"},{"id":281474980446252,"level":3,"status":1,"posx":14,"posy":14,"cityid":57,"townid":149,"tokenid":"1eb0bac29685081014bc71d779d69148","tokenurl":"/mcm/api/land?token=1eb0bac29685081014bc71d779d69148","imageurl":"/mcm/images/land/2B/5721_5985e5163df7.jpg","landname":"44"},{"id":281474980446253,"level":3,"status":0,"posx":17,"posy":14,"cityid":57,"townid":149,"tokenid":"6e159105446e2688166d15a4032cbf30","tokenurl":"/mcm/api/land?token=6e159105446e2688166d15a4032cbf30","imageurl":"/mcm/images/land/2B/5722_477e43399576.jpg","landname":"45"},{"id":281474980446254,"level":3,"status":1,"posx":18,"posy":14,"cityid":57,"townid":149,"tokenid":"9ebb60cd7d41585a1bebee67fab18cc8","tokenurl":"/mcm/api/land?token=9ebb60cd7d41585a1bebee67fab18cc8","imageurl":"/mcm/images/land/2B/5723_3df2857ba80b.jpg","landname":"46"},{"id":281474980446255,"level":1,"status":0,"posx":9,"posy":15,"cityid":57,"townid":149,"tokenid":"8bd75f0d6815f8dcd777675fab68ff46","tokenurl":"/mcm/api/land?token=8bd75f0d6815f8dcd777675fab68ff46","imageurl":"/mcm/images/land/2S/2291_3973cdec692c.jpg","landname":"47"},{"id":281474980446256,"level":2,"status":0,"posx":10,"posy":15,"cityid":57,"townid":149,"tokenid":"db8659382a0cb7d61991dc6d3d0ac426","tokenurl":"/mcm/api/land?token=db8659382a0cb7d61991dc6d3d0ac426","imageurl":"/mcm/images/land/2A/3437_239682c3994.jpg","landname":"48"},{"id":281474980446257,"level":2,"status":0,"posx":13,"posy":15,"cityid":57,"townid":149,"tokenid":"db2f4c7bc9d7815264f7e74c1ca88297","tokenurl":"/mcm/api/land?token=db2f4c7bc9d7815264f7e74c1ca88297","imageurl":"/mcm/images/land/2A/3438_17e3d9af16e9.jpg","landname":"49"},{"id":281474980446258,"level":3,"status":0,"posx":14,"posy":15,"cityid":57,"townid":149,"tokenid":"91c9c7c4598981347e2f40bd142ad430","tokenurl":"/mcm/api/land?token=91c9c7c4598981347e2f40bd142ad430","imageurl":"/mcm/images/land/2B/5724_4735aeab888.jpg","landname":"50"},{"id":281474980446259,"level":3,"status":1,"posx":17,"posy":15,"cityid":57,"townid":149,"tokenid":"eaec84a830a68dfd3834c2b775623d7b","tokenurl":"/mcm/api/land?token=eaec84a830a68dfd3834c2b775623d7b","imageurl":"/mcm/images/land/2B/5725_17126fc21161.jpg","landname":"51"},{"id":281474980446260,"level":2,"status":1,"posx":18,"posy":15,"cityid":57,"townid":149,"tokenid":"77a44e5365ab843883845f3d18178866","tokenurl":"/mcm/api/land?token=77a44e5365ab843883845f3d18178866","imageurl":"/mcm/images/land/2A/3439_4668796bee96.jpg","landname":"52"},{"id":281474980446261,"level":2,"status":0,"posx":9,"posy":16,"cityid":57,"townid":149,"tokenid":"5f6780bde56b163e2ca36114fe73d047","tokenurl":"/mcm/api/land?token=5f6780bde56b163e2ca36114fe73d047","imageurl":"/mcm/images/land/2A/3440_4105a499b258.jpg","landname":"53"},{"id":281474980446262,"level":2,"status":0,"posx":10,"posy":16,"cityid":57,"townid":149,"tokenid":"d963b7f490f2e4cf2a4a568da277446f","tokenurl":"/mcm/api/land?token=d963b7f490f2e4cf2a4a568da277446f","imageurl":"/mcm/images/land/2A/3441_276b92b57d4b.jpg","landname":"54"},{"id":281474980446263,"level":3,"status":1,"posx":13,"posy":16,"cityid":57,"townid":149,"tokenid":"4257190551334f263ce26df77f02419b","tokenurl":"/mcm/api/land?token=4257190551334f263ce26df77f02419b","imageurl":"/mcm/images/land/2B/5726_ad73f94c8f2.jpg","landname":"55"},{"id":281474980446264,"level":3,"status":0,"posx":14,"posy":16,"cityid":57,"townid":149,"tokenid":"8140a30542fc9465c74405af9e13005f","tokenurl":"/mcm/api/land?token=8140a30542fc9465c74405af9e13005f","imageurl":"/mcm/images/land/2B/5727_40beb9f8a438.jpg","landname":"56"},{"id":281474980446265,"level":2,"status":1,"posx":17,"posy":16,"cityid":57,"townid":149,"tokenid":"787887e2caca02ba7f2899402d52d8ff","tokenurl":"/mcm/api/land?token=787887e2caca02ba7f2899402d52d8ff","imageurl":"/mcm/images/land/2A/3442_2ad22479bc44.jpg","landname":"57"},{"id":281474980446266,"level":3,"status":1,"posx":18,"posy":16,"cityid":57,"townid":149,"tokenid":"163288f2f19371e46099812dab780917","tokenurl":"/mcm/api/land?token=163288f2f19371e46099812dab780917","imageurl":"/mcm/images/land/2B/5728_19a91c7cdd4c.jpg","landname":"58"},{"id":281474980446267,"level":3,"status":1,"posx":29,"posy":16,"cityid":57,"townid":149,"tokenid":"86793cc828bd1929166833366337b43d","tokenurl":"/mcm/api/land?token=86793cc828bd1929166833366337b43d","imageurl":"/mcm/images/land/2B/5729_c3ac490f916.jpg","landname":"59"},{"id":281474980446268,"level":3,"status":0,"posx":30,"posy":16,"cityid":57,"townid":149,"tokenid":"4369b149eb0861291f8a264ed384c2b7","tokenurl":"/mcm/api/land?token=4369b149eb0861291f8a264ed384c2b7","imageurl":"/mcm/images/land/2B/5730_6ee9e6221a9.jpg","landname":"60"},{"id":281474980446269,"level":3,"status":1,"posx":33,"posy":16,"cityid":57,"townid":149,"tokenid":"3ff96878e8a554cf11534342a5e7c703","tokenurl":"/mcm/api/land?token=3ff96878e8a554cf11534342a5e7c703","imageurl":"/mcm/images/land/2B/5731_1839500ba138.jpg","landname":"61"},{"id":281474980446270,"level":3,"status":1,"posx":34,"posy":16,"cityid":57,"townid":149,"tokenid":"463199368f7e6e7c0af2a8b3dab36d0b","tokenurl":"/mcm/api/land?token=463199368f7e6e7c0af2a8b3dab36d0b","imageurl":"/mcm/images/land/2B/5732_119c9a3fba7b.jpg","landname":"62"},{"id":281474980446271,"level":3,"status":0,"posx":9,"posy":17,"cityid":57,"townid":149,"tokenid":"ad9d21c32577af209cc258ddfbe7618b","tokenurl":"/mcm/api/land?token=ad9d21c32577af209cc258ddfbe7618b","imageurl":"/mcm/images/land/2B/5733_1194f0c1dd89.jpg","landname":"63"},{"id":281474980446272,"level":3,"status":1,"posx":10,"posy":17,"cityid":57,"townid":149,"tokenid":"7c9b1b616df6dcb745267a856b3c9417","tokenurl":"/mcm/api/land?token=7c9b1b616df6dcb745267a856b3c9417","imageurl":"/mcm/images/land/2B/5734_1292fbd7e1c3.jpg","landname":"64"},{"id":281474980446273,"level":3,"status":1,"posx":13,"posy":17,"cityid":57,"townid":149,"tokenid":"50eaa3e9576862bdda59f9125e254f6b","tokenurl":"/mcm/api/land?token=50eaa3e9576862bdda59f9125e254f6b","imageurl":"/mcm/images/land/2B/5735_557748381950.jpg","landname":"65"},{"id":281474980446274,"level":3,"status":0,"posx":14,"posy":17,"cityid":57,"townid":149,"tokenid":"91615630edaba9fd1b7cc74e7a3989f5","tokenurl":"/mcm/api/land?token=91615630edaba9fd1b7cc74e7a3989f5","imageurl":"/mcm/images/land/2B/5736_ddc5ba34a1f.jpg","landname":"66"},{"id":281474980446275,"level":2,"status":0,"posx":17,"posy":17,"cityid":57,"townid":149,"tokenid":"22095622d49fc794d0fbfc63a4bf3e12","tokenurl":"/mcm/api/land?token=22095622d49fc794d0fbfc63a4bf3e12","imageurl":"/mcm/images/land/2A/3443_35d8ea122a18.jpg","landname":"67"},{"id":281474980446276,"level":1,"status":0,"posx":18,"posy":17,"cityid":57,"townid":149,"tokenid":"2a199ee4aa403588587ba51d290f1363","tokenurl":"/mcm/api/land?token=2a199ee4aa403588587ba51d290f1363","imageurl":"/mcm/images/land/2S/2292_4b58ae40001f.jpg","landname":"68"},{"id":281474980446277,"level":3,"status":1,"posx":29,"posy":17,"cityid":57,"townid":149,"tokenid":"382e524e787b424fc9a2c51bc8e8cc60","tokenurl":"/mcm/api/land?token=382e524e787b424fc9a2c51bc8e8cc60","imageurl":"/mcm/images/land/2B/5737_1d8d1cf030c2.jpg","landname":"69"},{"id":281474980446278,"level":3,"status":0,"posx":30,"posy":17,"cityid":57,"townid":149,"tokenid":"8fdb98582bace80238743fba03bd603c","tokenurl":"/mcm/api/land?token=8fdb98582bace80238743fba03bd603c","imageurl":"/mcm/images/land/2B/5738_18fbc60eae7.jpg","landname":"70"},{"id":281474980446279,"level":1,"status":1,"posx":33,"posy":17,"cityid":57,"townid":149,"tokenid":"293f725c42597f8618aedc0fd53e5930","tokenurl":"/mcm/api/land?token=293f725c42597f8618aedc0fd53e5930","imageurl":"/mcm/images/land/2S/2293_44b4bf05c418.jpg","landname":"71"},{"id":281474980446280,"level":2,"status":0,"posx":34,"posy":17,"cityid":57,"townid":149,"tokenid":"e7b480f4d5fd3ca0c37fdbf1621a0b34","tokenurl":"/mcm/api/land?token=e7b480f4d5fd3ca0c37fdbf1621a0b34","imageurl":"/mcm/images/land/2A/3444_1ed36c3c919.jpg","landname":"72"},{"id":281474980446281,"level":1,"status":1,"posx":3,"posy":18,"cityid":57,"townid":149,"tokenid":"7ffecffbf0b7ca84461bafc7dcdfe2f0","tokenurl":"/mcm/api/land?token=7ffecffbf0b7ca84461bafc7dcdfe2f0","imageurl":"/mcm/images/land/2S/2294_29efba173d03.jpg","landname":"73"},{"id":281474980446282,"level":1,"status":1,"posx":4,"posy":18,"cityid":57,"townid":149,"tokenid":"dd521f56194b95274c81e8f3e2e0ad51","tokenurl":"/mcm/api/land?token=dd521f56194b95274c81e8f3e2e0ad51","imageurl":"/mcm/images/land/2S/2295_50ac88d87da2.jpg","landname":"74"},{"id":281474980446283,"level":3,"status":1,"posx":9,"posy":18,"cityid":57,"townid":149,"tokenid":"8f297902cf1758ec392d7440a3e4a87a","tokenurl":"/mcm/api/land?token=8f297902cf1758ec392d7440a3e4a87a","imageurl":"/mcm/images/land/2B/5739_1c7a1a7a2bc2.jpg","landname":"75"},{"id":281474980446284,"level":3,"status":0,"posx":10,"posy":18,"cityid":57,"townid":149,"tokenid":"d7bca0208229f8d6f8de9be1945fee3f","tokenurl":"/mcm/api/land?token=d7bca0208229f8d6f8de9be1945fee3f","imageurl":"/mcm/images/land/2B/5740_c720b48fb5a.jpg","landname":"76"},{"id":281474980446285,"level":2,"status":1,"posx":13,"posy":18,"cityid":57,"townid":149,"tokenid":"364cb0319b0a4c462d4ecbb6177d3169","tokenurl":"/mcm/api/land?token=364cb0319b0a4c462d4ecbb6177d3169","imageurl":"/mcm/images/land/2A/3445_fe9b5547260.jpg","landname":"77"},{"id":281474980446286,"level":2,"status":0,"posx":14,"posy":18,"cityid":57,"townid":149,"tokenid":"465ce8ecf29a53e0407cdabc6fe606ea","tokenurl":"/mcm/api/land?token=465ce8ecf29a53e0407cdabc6fe606ea","imageurl":"/mcm/images/land/2A/3446_37103205d548.jpg","landname":"78"},{"id":281474980446287,"level":3,"status":1,"posx":17,"posy":18,"cityid":57,"townid":149,"tokenid":"ca6569b77f547bbcfefd59dfbcc0da1d","tokenurl":"/mcm/api/land?token=ca6569b77f547bbcfefd59dfbcc0da1d","imageurl":"/mcm/images/land/2B/5741_21cf6805fa3b.jpg","landname":"79"},{"id":281474980446288,"level":3,"status":1,"posx":18,"posy":18,"cityid":57,"townid":149,"tokenid":"0bd5adfbfb78911f9a66e4ef8735a8c9","tokenurl":"/mcm/api/land?token=0bd5adfbfb78911f9a66e4ef8735a8c9","imageurl":"/mcm/images/land/2B/5742_4a8833aa5ba4.jpg","landname":"80"},{"id":281474980446289,"level":2,"status":0,"posx":29,"posy":18,"cityid":57,"townid":149,"tokenid":"2f168f88398ab3a728cd4b4c2ec5a1db","tokenurl":"/mcm/api/land?token=2f168f88398ab3a728cd4b4c2ec5a1db","imageurl":"/mcm/images/land/2A/3447_90d2b56475b.jpg","landname":"81"},{"id":281474980446290,"level":1,"status":0,"posx":30,"posy":18,"cityid":57,"townid":149,"tokenid":"bc56955e782a8bf34774792282901458","tokenurl":"/mcm/api/land?token=bc56955e782a8bf34774792282901458","imageurl":"/mcm/images/land/2S/2296_1c4f8145d1b1.jpg","landname":"82"},{"id":281474980446291,"level":3,"status":1,"posx":33,"posy":18,"cityid":57,"townid":149,"tokenid":"bf3bfcd93b7a6b713b5762150b6f956d","tokenurl":"/mcm/api/land?token=bf3bfcd93b7a6b713b5762150b6f956d","imageurl":"/mcm/images/land/2B/5743_45e91dad2d1d.jpg","landname":"83"},{"id":281474980446292,"level":2,"status":1,"posx":34,"posy":18,"cityid":57,"townid":149,"tokenid":"e8ae77dc69e8b8e26e9606d84a4ed3d9","tokenurl":"/mcm/api/land?token=e8ae77dc69e8b8e26e9606d84a4ed3d9","imageurl":"/mcm/images/land/2A/3448_13afc06590e3.jpg","landname":"84"},{"id":281474980446293,"level":1,"status":1,"posx":3,"posy":19,"cityid":57,"townid":149,"tokenid":"a7c2a6ef1fecf4b1d069dff2f892f979","tokenurl":"/mcm/api/land?token=a7c2a6ef1fecf4b1d069dff2f892f979","imageurl":"/mcm/images/land/2S/2297_188538762e48.jpg","landname":"85"},{"id":281474980446294,"level":3,"status":1,"posx":4,"posy":19,"cityid":57,"townid":149,"tokenid":"3da675a27785b3bfc67900c7c30b52ef","tokenurl":"/mcm/api/land?token=3da675a27785b3bfc67900c7c30b52ef","imageurl":"/mcm/images/land/2B/5744_57b34e66e0a7.jpg","landname":"86"},{"id":281474980446295,"level":3,"status":0,"posx":29,"posy":19,"cityid":57,"townid":149,"tokenid":"6aadfa47e5efa3e094ebb5ab16e0f39c","tokenurl":"/mcm/api/land?token=6aadfa47e5efa3e094ebb5ab16e0f39c","imageurl":"/mcm/images/land/2B/5745_cae90fbeb3e.jpg","landname":"87"},{"id":281474980446296,"level":2,"status":0,"posx":30,"posy":19,"cityid":57,"townid":149,"tokenid":"8f65b058a3a936d4738c71c69c2d1134","tokenurl":"/mcm/api/land?token=8f65b058a3a936d4738c71c69c2d1134","imageurl":"/mcm/images/land/2A/3449_c6472bde28a.jpg","landname":"88"},{"id":281474980446297,"level":3,"status":0,"posx":33,"posy":19,"cityid":57,"townid":149,"tokenid":"5d44b452d6a8f8db221f2313c651b347","tokenurl":"/mcm/api/land?token=5d44b452d6a8f8db221f2313c651b347","imageurl":"/mcm/images/land/2B/5746_51656764c70c.jpg","landname":"89"},{"id":281474980446298,"level":2,"status":1,"posx":34,"posy":19,"cityid":57,"townid":149,"tokenid":"55b7853e88fdec99eecf2177ab75fd28","tokenurl":"/mcm/api/land?token=55b7853e88fdec99eecf2177ab75fd28","imageurl":"/mcm/images/land/2A/3450_24e854995e81.jpg","landname":"90"},{"id":281474980446299,"level":2,"status":1,"posx":3,"posy":20,"cityid":57,"townid":149,"tokenid":"7a35528da739334d2fbdb9f48fdaa5f2","tokenurl":"/mcm/api/land?token=7a35528da739334d2fbdb9f48fdaa5f2","imageurl":"/mcm/images/land/2A/3451_20ac4e73115c.jpg","landname":"91"},{"id":281474980446300,"level":1,"status":1,"posx":4,"posy":20,"cityid":57,"townid":149,"tokenid":"85c38762bf788da1ec39f5b2516deb24","tokenurl":"/mcm/api/land?token=85c38762bf788da1ec39f5b2516deb24","imageurl":"/mcm/images/land/2S/2298_44fc8fa63670.jpg","landname":"92"},{"id":281474980446301,"level":3,"status":0,"posx":9,"posy":20,"cityid":57,"townid":149,"tokenid":"2e28bd7b69064f61891a56612f659a0c","tokenurl":"/mcm/api/land?token=2e28bd7b69064f61891a56612f659a0c","imageurl":"/mcm/images/land/2B/5747_54a6d81fa782.jpg","landname":"93"},{"id":281474980446302,"level":1,"status":1,"posx":10,"posy":20,"cityid":57,"townid":149,"tokenid":"ef85431eebc8ccd5c9abe3a33942b33a","tokenurl":"/mcm/api/land?token=ef85431eebc8ccd5c9abe3a33942b33a","imageurl":"/mcm/images/land/2S/2299_5139d88dd5c.jpg","landname":"94"},{"id":281474980446303,"level":2,"status":0,"posx":13,"posy":20,"cityid":57,"townid":149,"tokenid":"a6ff793416fa19d02be7027b4f7ca951","tokenurl":"/mcm/api/land?token=a6ff793416fa19d02be7027b4f7ca951","imageurl":"/mcm/images/land/2A/3452_167d0e5ab57a.jpg","landname":"95"},{"id":281474980446304,"level":3,"status":1,"posx":14,"posy":20,"cityid":57,"townid":149,"tokenid":"fbc696b589a9741239835f11a943b78a","tokenurl":"/mcm/api/land?token=fbc696b589a9741239835f11a943b78a","imageurl":"/mcm/images/land/2B/5748_4562179ba4b6.jpg","landname":"96"},{"id":281474980446305,"level":2,"status":0,"posx":17,"posy":20,"cityid":57,"townid":149,"tokenid":"ce67448bfeb88ea3eefa0bc4b80eb334","tokenurl":"/mcm/api/land?token=ce67448bfeb88ea3eefa0bc4b80eb334","imageurl":"/mcm/images/land/2A/3453_546c58579a40.jpg","landname":"97"},{"id":281474980446306,"level":3,"status":0,"posx":18,"posy":20,"cityid":57,"townid":149,"tokenid":"bf5ba5afc983bcff8b7d6ccc4b463ee2","tokenurl":"/mcm/api/land?token=bf5ba5afc983bcff8b7d6ccc4b463ee2","imageurl":"/mcm/images/land/2B/5749_25d974954b72.jpg","landname":"98"},{"id":281474980446307,"level":2,"status":1,"posx":29,"posy":20,"cityid":57,"townid":149,"tokenid":"fd9a7893e6941e7651dcfd0f7f3efe46","tokenurl":"/mcm/api/land?token=fd9a7893e6941e7651dcfd0f7f3efe46","imageurl":"/mcm/images/land/2A/3454_53a817b8a595.jpg","landname":"99"},{"id":281474980446308,"level":1,"status":1,"posx":30,"posy":20,"cityid":57,"townid":149,"tokenid":"fdd341c647f1daeed452f0280da45464","tokenurl":"/mcm/api/land?token=fdd341c647f1daeed452f0280da45464","imageurl":"/mcm/images/land/2S/2300_2ef2c1fc3edb.jpg","landname":"100"},{"id":281474980446309,"level":3,"status":1,"posx":33,"posy":20,"cityid":57,"townid":149,"tokenid":"bc3f1e5e88f9e87ec523ff822b24c113","tokenurl":"/mcm/api/land?token=bc3f1e5e88f9e87ec523ff822b24c113","imageurl":"/mcm/images/land/2B/5750_5a6e6824e788.jpg","landname":"101"},{"id":281474980446310,"level":2,"status":1,"posx":34,"posy":20,"cityid":57,"townid":149,"tokenid":"94b567a147e76081020f15ae4c68ecd8","tokenurl":"/mcm/api/land?token=94b567a147e76081020f15ae4c68ecd8","imageurl":"/mcm/images/land/2A/3455_2607f4b2dead.jpg","landname":"102"},{"id":281474980446311,"level":1,"status":1,"posx":3,"posy":21,"cityid":57,"townid":149,"tokenid":"5dc4ea03f16016906525fc27b355f049","tokenurl":"/mcm/api/land?token=5dc4ea03f16016906525fc27b355f049","imageurl":"/mcm/images/land/2S/2301_240a4f6b2717.jpg","landname":"103"},{"id":281474980446312,"level":3,"status":0,"posx":4,"posy":21,"cityid":57,"townid":149,"tokenid":"fd27c9aea6dda4e17c4a7db367da61cc","tokenurl":"/mcm/api/land?token=fd27c9aea6dda4e17c4a7db367da61cc","imageurl":"/mcm/images/land/2B/5751_47988cbc9437.jpg","landname":"104"},{"id":281474980446313,"level":2,"status":0,"posx":9,"posy":21,"cityid":57,"townid":149,"tokenid":"417cfda83a5445d0651b589be2ff3a4e","tokenurl":"/mcm/api/land?token=417cfda83a5445d0651b589be2ff3a4e","imageurl":"/mcm/images/land/2A/3456_1876780d7368.jpg","landname":"105"},{"id":281474980446314,"level":1,"status":1,"posx":10,"posy":21,"cityid":57,"townid":149,"tokenid":"2c931f050bd6fc9331342098a79a2f26","tokenurl":"/mcm/api/land?token=2c931f050bd6fc9331342098a79a2f26","imageurl":"/mcm/images/land/2S/2302_1e2c1f7c08e4.jpg","landname":"106"},{"id":281474980446315,"level":2,"status":0,"posx":13,"posy":21,"cityid":57,"townid":149,"tokenid":"54d6288157d086e0d61aafc00d44804d","tokenurl":"/mcm/api/land?token=54d6288157d086e0d61aafc00d44804d","imageurl":"/mcm/images/land/2A/3457_23f5b0aeabbf.jpg","landname":"107"},{"id":281474980446316,"level":1,"status":0,"posx":14,"posy":21,"cityid":57,"townid":149,"tokenid":"70a494d6b00f20e5eb36a8dc1429f371","tokenurl":"/mcm/api/land?token=70a494d6b00f20e5eb36a8dc1429f371","imageurl":"/mcm/images/land/2S/2303_5add2c09f05c.jpg","landname":"108"},{"id":281474980446317,"level":1,"status":1,"posx":17,"posy":21,"cityid":57,"townid":149,"tokenid":"547fc4e92c1760ce2c7229f406fc2d3b","tokenurl":"/mcm/api/land?token=547fc4e92c1760ce2c7229f406fc2d3b","imageurl":"/mcm/images/land/2S/2304_286c0b109181.jpg","landname":"109"},{"id":281474980446318,"level":3,"status":1,"posx":18,"posy":21,"cityid":57,"townid":149,"tokenid":"5cc1432ea746e661403c3b330ff7d142","tokenurl":"/mcm/api/land?token=5cc1432ea746e661403c3b330ff7d142","imageurl":"/mcm/images/land/2B/5752_57dd86ab4b7a.jpg","landname":"110"},{"id":281474980446319,"level":1,"status":0,"posx":3,"posy":22,"cityid":57,"townid":149,"tokenid":"e15e6d91c9fd556364e31a1dd848ff37","tokenurl":"/mcm/api/land?token=e15e6d91c9fd556364e31a1dd848ff37","imageurl":"/mcm/images/land/2S/2305_5919a2bfe404.jpg","landname":"111"},{"id":281474980446320,"level":3,"status":0,"posx":4,"posy":22,"cityid":57,"townid":149,"tokenid":"ee3001c4d4469d60a2bec646973e7089","tokenurl":"/mcm/api/land?token=ee3001c4d4469d60a2bec646973e7089","imageurl":"/mcm/images/land/2B/5753_36cf51fa9231.jpg","landname":"112"},{"id":281474980446321,"level":3,"status":1,"posx":9,"posy":22,"cityid":57,"townid":149,"tokenid":"8adb47ddfa9362e77a43e2461878befd","tokenurl":"/mcm/api/land?token=8adb47ddfa9362e77a43e2461878befd","imageurl":"/mcm/images/land/2B/5754_17becec7a118.jpg","landname":"113"},{"id":281474980446322,"level":3,"status":1,"posx":10,"posy":22,"cityid":57,"townid":149,"tokenid":"06a4e360af842e3928725c6a720b9fe5","tokenurl":"/mcm/api/land?token=06a4e360af842e3928725c6a720b9fe5","imageurl":"/mcm/images/land/2B/5755_3f72bbb34094.jpg","landname":"114"},{"id":281474980446323,"level":2,"status":0,"posx":13,"posy":22,"cityid":57,"townid":149,"tokenid":"18efbe82e6daf972978dd0b10e5dcb54","tokenurl":"/mcm/api/land?token=18efbe82e6daf972978dd0b10e5dcb54","imageurl":"/mcm/images/land/2A/3458_1ac1e81ecb3d.jpg","landname":"115"},{"id":281474980446324,"level":1,"status":0,"posx":14,"posy":22,"cityid":57,"townid":149,"tokenid":"4ed789ce961deecdefa71f2cd7ed8466","tokenurl":"/mcm/api/land?token=4ed789ce961deecdefa71f2cd7ed8466","imageurl":"/mcm/images/land/2S/2306_3fc1d83e3441.jpg","landname":"116"},{"id":281474980446325,"level":3,"status":0,"posx":17,"posy":22,"cityid":57,"townid":149,"tokenid":"fd3ca7fc24f00b93d1b389b7df89e9aa","tokenurl":"/mcm/api/land?token=fd3ca7fc24f00b93d1b389b7df89e9aa","imageurl":"/mcm/images/land/2B/5756_345647740935.jpg","landname":"117"},{"id":281474980446326,"level":1,"status":0,"posx":18,"posy":22,"cityid":57,"townid":149,"tokenid":"8089764a823a7f25e229360a4c71a3d8","tokenurl":"/mcm/api/land?token=8089764a823a7f25e229360a4c71a3d8","imageurl":"/mcm/images/land/2S/2307_34908b2e3afe.jpg","landname":"118"},{"id":281474980446327,"level":3,"status":0,"posx":9,"posy":23,"cityid":57,"townid":149,"tokenid":"b4cef3ecd42dd3016158498e4292a990","tokenurl":"/mcm/api/land?token=b4cef3ecd42dd3016158498e4292a990","imageurl":"/mcm/images/land/2B/5757_7640b235967.jpg","landname":"119"},{"id":281474980446328,"level":3,"status":0,"posx":10,"posy":23,"cityid":57,"townid":149,"tokenid":"2b65bd050f5c160574708090f98f20eb","tokenurl":"/mcm/api/land?token=2b65bd050f5c160574708090f98f20eb","imageurl":"/mcm/images/land/2B/5758_99a2257d8f8.jpg","landname":"120"},{"id":281474980446329,"level":1,"status":1,"posx":13,"posy":23,"cityid":57,"townid":149,"tokenid":"96e4edaafa977bf1a77487ec117645cf","tokenurl":"/mcm/api/land?token=96e4edaafa977bf1a77487ec117645cf","imageurl":"/mcm/images/land/2S/2308_3e5729dce7ea.jpg","landname":"121"},{"id":281474980446330,"level":3,"status":0,"posx":14,"posy":23,"cityid":57,"townid":149,"tokenid":"f188032e5b58b4757066cef3e5d28527","tokenurl":"/mcm/api/land?token=f188032e5b58b4757066cef3e5d28527","imageurl":"/mcm/images/land/2B/5759_567d64a26a20.jpg","landname":"122"},{"id":281474980446331,"level":3,"status":0,"posx":17,"posy":23,"cityid":57,"townid":149,"tokenid":"84b9e9e947f4a7fe6614d39902f53706","tokenurl":"/mcm/api/land?token=84b9e9e947f4a7fe6614d39902f53706","imageurl":"/mcm/images/land/2B/5760_12d97105fa74.jpg","landname":"123"},{"id":281474980446332,"level":2,"status":0,"posx":18,"posy":23,"cityid":57,"townid":149,"tokenid":"bb81d78761a6f5705efa54e943af6a49","tokenurl":"/mcm/api/land?token=bb81d78761a6f5705efa54e943af6a49","imageurl":"/mcm/images/land/2A/3459_3349e5e92946.jpg","landname":"124"},{"id":281474980446333,"level":2,"status":0,"posx":9,"posy":24,"cityid":57,"townid":149,"tokenid":"3638ea89c99f9e9898dde25f8dbdd752","tokenurl":"/mcm/api/land?token=3638ea89c99f9e9898dde25f8dbdd752","imageurl":"/mcm/images/land/2A/3460_496f98077777.jpg","landname":"125"},{"id":281474980446334,"level":2,"status":1,"posx":10,"posy":24,"cityid":57,"townid":149,"tokenid":"e7cb91174be38feb5f7312189e4d09b2","tokenurl":"/mcm/api/land?token=e7cb91174be38feb5f7312189e4d09b2","imageurl":"/mcm/images/land/2A/3461_458a9b839d0c.jpg","landname":"126"},{"id":281474980446335,"level":3,"status":1,"posx":13,"posy":24,"cityid":57,"townid":149,"tokenid":"4446607561908bd0bb78b757fcdc5216","tokenurl":"/mcm/api/land?token=4446607561908bd0bb78b757fcdc5216","imageurl":"/mcm/images/land/2B/5761_40c96860ee2f.jpg","landname":"127"},{"id":281474980446336,"level":3,"status":1,"posx":14,"posy":24,"cityid":57,"townid":149,"tokenid":"45bf6089ee1a27039c2f0d002e16d752","tokenurl":"/mcm/api/land?token=45bf6089ee1a27039c2f0d002e16d752","imageurl":"/mcm/images/land/2B/5762_b14d2564288.jpg","landname":"128"},{"id":281474980446337,"level":2,"status":1,"posx":17,"posy":24,"cityid":57,"townid":149,"tokenid":"27e77655b6b4d667f420c66cb841d304","tokenurl":"/mcm/api/land?token=27e77655b6b4d667f420c66cb841d304","imageurl":"/mcm/images/land/2A/3462_4fcdf85bcc15.jpg","landname":"129"},{"id":281474980446338,"level":3,"status":0,"posx":18,"posy":24,"cityid":57,"townid":149,"tokenid":"117868c8b270a0d99a7fee6e1e295b21","tokenurl":"/mcm/api/land?token=117868c8b270a0d99a7fee6e1e295b21","imageurl":"/mcm/images/land/2B/5763_2d63221a1fdf.jpg","landname":"130"},{"id":281474980446339,"level":2,"status":1,"posx":30,"posy":25,"cityid":57,"townid":149,"tokenid":"e4925572a0c0e7f49345cc6abed1eee0","tokenurl":"/mcm/api/land?token=e4925572a0c0e7f49345cc6abed1eee0","imageurl":"/mcm/images/land/2A/3463_38d90f5c553e.jpg","landname":"131"},{"id":281474980446340,"level":3,"status":0,"posx":31,"posy":25,"cityid":57,"townid":149,"tokenid":"e3b063972d0a62b0f4923ca1aa63a216","tokenurl":"/mcm/api/land?token=e3b063972d0a62b0f4923ca1aa63a216","imageurl":"/mcm/images/land/2B/5764_85fcfb94633.jpg","landname":"132"},{"id":281474980446341,"level":1,"status":0,"posx":30,"posy":26,"cityid":57,"townid":149,"tokenid":"391b845e3a6b08f8921b8bf2c44e7787","tokenurl":"/mcm/api/land?token=391b845e3a6b08f8921b8bf2c44e7787","imageurl":"/mcm/images/land/2S/2309_d2d4b26a404.jpg","landname":"133"},{"id":281474980446342,"level":3,"status":1,"posx":31,"posy":26,"cityid":57,"townid":149,"tokenid":"f38f451a3f5db0cb4edc8dc457745c7d","tokenurl":"/mcm/api/land?token=f38f451a3f5db0cb4edc8dc457745c7d","imageurl":"/mcm/images/land/2B/5765_3da684a9f749.jpg","landname":"134"},{"id":281474980446343,"level":3,"status":0,"posx":30,"posy":27,"cityid":57,"townid":149,"tokenid":"745409733ce72816b5714dbd0d6171c7","tokenurl":"/mcm/api/land?token=745409733ce72816b5714dbd0d6171c7","imageurl":"/mcm/images/land/2B/5766_57cf1259af50.jpg","landname":"135"},{"id":281474980446344,"level":2,"status":1,"posx":31,"posy":27,"cityid":57,"townid":149,"tokenid":"e91822539ae7ec2ce23e3bc188501b15","tokenurl":"/mcm/api/land?token=e91822539ae7ec2ce23e3bc188501b15","imageurl":"/mcm/images/land/2A/3464_4611af721886.jpg","landname":"136"},{"id":281474980446345,"level":3,"status":1,"posx":30,"posy":28,"cityid":57,"townid":149,"tokenid":"585a609ae89915d1f0a7d1725d83f23b","tokenurl":"/mcm/api/land?token=585a609ae89915d1f0a7d1725d83f23b","imageurl":"/mcm/images/land/2B/5767_25c922e889fc.jpg","landname":"137"},{"id":281474980446346,"level":3,"status":0,"posx":31,"posy":28,"cityid":57,"townid":149,"tokenid":"ebf7739270d56c462b498a32b0e07576","tokenurl":"/mcm/api/land?token=ebf7739270d56c462b498a32b0e07576","imageurl":"/mcm/images/land/2B/5768_49bb70d93531.jpg","landname":"138"},{"id":281474980446347,"level":3,"status":0,"posx":30,"posy":29,"cityid":57,"townid":149,"tokenid":"83da3906ebe81e53005f6db28d4de7e7","tokenurl":"/mcm/api/land?token=83da3906ebe81e53005f6db28d4de7e7","imageurl":"/mcm/images/land/2B/5769_26b92c973912.jpg","landname":"139"},{"id":281474980446348,"level":2,"status":1,"posx":31,"posy":29,"cityid":57,"townid":149,"tokenid":"a43c28ed5f7ccc53758dc6142a9fb73c","tokenurl":"/mcm/api/land?token=a43c28ed5f7ccc53758dc6142a9fb73c","imageurl":"/mcm/images/land/2A/3465_528462dcd09b.jpg","landname":"140"},{"id":281474980446349,"level":3,"status":1,"posx":10,"posy":30,"cityid":57,"townid":149,"tokenid":"32e61f76bea031f43017bbba42ec4059","tokenurl":"/mcm/api/land?token=32e61f76bea031f43017bbba42ec4059","imageurl":"/mcm/images/land/2B/5770_483fd828d67d.jpg","landname":"141"},{"id":281474980446350,"level":1,"status":1,"posx":11,"posy":30,"cityid":57,"townid":149,"tokenid":"17577b755dfdfaed7fcfc3faaff5a3af","tokenurl":"/mcm/api/land?token=17577b755dfdfaed7fcfc3faaff5a3af","imageurl":"/mcm/images/land/2S/2310_858003ceb81.jpg","landname":"142"},{"id":281474980446351,"level":3,"status":0,"posx":12,"posy":30,"cityid":57,"townid":149,"tokenid":"9aff3d8b453b51184971b9859c9f63d2","tokenurl":"/mcm/api/land?token=9aff3d8b453b51184971b9859c9f63d2","imageurl":"/mcm/images/land/2B/5771_250a31eb5a.jpg","landname":"143"},{"id":281474980446352,"level":2,"status":1,"posx":13,"posy":30,"cityid":57,"townid":149,"tokenid":"2eeca3c36f7115e361d9b81114037fa2","tokenurl":"/mcm/api/land?token=2eeca3c36f7115e361d9b81114037fa2","imageurl":"/mcm/images/land/2A/3466_5078db63f7bc.jpg","landname":"144"},{"id":281474980446353,"level":3,"status":0,"posx":14,"posy":30,"cityid":57,"townid":149,"tokenid":"14be2466f4f5f27934ceae70ac43bcd6","tokenurl":"/mcm/api/land?token=14be2466f4f5f27934ceae70ac43bcd6","imageurl":"/mcm/images/land/2B/5772_284688a924da.jpg","landname":"145"},{"id":281474980446354,"level":3,"status":1,"posx":10,"posy":31,"cityid":57,"townid":149,"tokenid":"5e43cdf4e25a4628e18c0913cea7ab4b","tokenurl":"/mcm/api/land?token=5e43cdf4e25a4628e18c0913cea7ab4b","imageurl":"/mcm/images/land/2B/5773_30bda1bd181c.jpg","landname":"146"},{"id":281474980446355,"level":1,"status":0,"posx":11,"posy":31,"cityid":57,"townid":149,"tokenid":"1d5f91012003e0c161fec5796a2b3b19","tokenurl":"/mcm/api/land?token=1d5f91012003e0c161fec5796a2b3b19","imageurl":"/mcm/images/land/2S/2311_243afcf4681b.jpg","landname":"147"},{"id":281474980446356,"level":3,"status":1,"posx":12,"posy":31,"cityid":57,"townid":149,"tokenid":"9f44d4e434b6bc30eaf4bf2a0971a249","tokenurl":"/mcm/api/land?token=9f44d4e434b6bc30eaf4bf2a0971a249","imageurl":"/mcm/images/land/2B/5774_2b8018c349ad.jpg","landname":"148"},{"id":281474980446357,"level":3,"status":1,"posx":13,"posy":31,"cityid":57,"townid":149,"tokenid":"fa299098ba1f69176dea1935e3a9377f","tokenurl":"/mcm/api/land?token=fa299098ba1f69176dea1935e3a9377f","imageurl":"/mcm/images/land/2B/5775_859dac90be9.jpg","landname":"149"},{"id":281474980446358,"level":3,"status":1,"posx":14,"posy":31,"cityid":57,"townid":149,"tokenid":"48af9ad7630458070565822fea04de8b","tokenurl":"/mcm/api/land?token=48af9ad7630458070565822fea04de8b","imageurl":"/mcm/images/land/2B/5776_29d3e6730922.jpg","landname":"150"}]]],0,0,[],[],[]]
