[1,0,0,[["cc.JsonAsset",["_name","json"],1]],[[0,0,1,3]],[[0,"232",[{"id":281474982609347,"level":2,"status":1,"posx":15,"posy":5,"cityid":90,"townid":232,"tokenid":"70cdaa69f9938c8b6e96e7aec802c180","tokenurl":"/mcm/api/land?token=70cdaa69f9938c8b6e96e7aec802c180","imageurl":"/mcm/images/land/1A/1397_5381a95450d0.jpg","landname":"1"},{"id":281474982609348,"level":1,"status":0,"posx":16,"posy":5,"cityid":90,"townid":232,"tokenid":"2a6d6256fffe8f8c558f2bca882ad84d","tokenurl":"/mcm/api/land?token=2a6d6256fffe8f8c558f2bca882ad84d","imageurl":"/mcm/images/land/1S/2792_f0d014c5d0d.jpg","landname":"2"},{"id":281474982609349,"level":3,"status":1,"posx":25,"posy":5,"cityid":90,"townid":232,"tokenid":"282ca0aa259f20897d155ecbfacee907","tokenurl":"/mcm/api/land?token=282ca0aa259f20897d155ecbfacee907","imageurl":"/mcm/images/land/1B/467_37a49bb9a217.jpg","landname":"3"},{"id":281474982609350,"level":1,"status":1,"posx":26,"posy":5,"cityid":90,"townid":232,"tokenid":"93f61a314f189bca74e64c9857b52d1a","tokenurl":"/mcm/api/land?token=93f61a314f189bca74e64c9857b52d1a","imageurl":"/mcm/images/land/1S/2793_147dcbcc4e97.jpg","landname":"4"},{"id":281474982609351,"level":2,"status":1,"posx":6,"posy":6,"cityid":90,"townid":232,"tokenid":"aeb09b8c291ec52fe147224ebd568134","tokenurl":"/mcm/api/land?token=aeb09b8c291ec52fe147224ebd568134","imageurl":"/mcm/images/land/1A/1398_2b5705042351.jpg","landname":"5"},{"id":281474982609352,"level":1,"status":1,"posx":7,"posy":6,"cityid":90,"townid":232,"tokenid":"1267cee318f312c0e114f939251ab301","tokenurl":"/mcm/api/land?token=1267cee318f312c0e114f939251ab301","imageurl":"/mcm/images/land/1S/2794_3f6b261d660.jpg","landname":"6"},{"id":281474982609353,"level":1,"status":0,"posx":15,"posy":6,"cityid":90,"townid":232,"tokenid":"a0617720c5d4cb59c067dc2ba239187a","tokenurl":"/mcm/api/land?token=a0617720c5d4cb59c067dc2ba239187a","imageurl":"/mcm/images/land/1S/2795_9f51bdc948a.jpg","landname":"7"},{"id":281474982609354,"level":1,"status":0,"posx":16,"posy":6,"cityid":90,"townid":232,"tokenid":"5cd9494eb96d3a078153d39be738e4d0","tokenurl":"/mcm/api/land?token=5cd9494eb96d3a078153d39be738e4d0","imageurl":"/mcm/images/land/1S/2796_49cf9a2e0484.jpg","landname":"8"},{"id":281474982609355,"level":3,"status":0,"posx":25,"posy":6,"cityid":90,"townid":232,"tokenid":"d05b56374f46f2bdf7579a2df481dfcf","tokenurl":"/mcm/api/land?token=d05b56374f46f2bdf7579a2df481dfcf","imageurl":"/mcm/images/land/1B/468_33e6c5db93fa.jpg","landname":"9"},{"id":281474982609356,"level":1,"status":0,"posx":26,"posy":6,"cityid":90,"townid":232,"tokenid":"1f5db53fdaf244dbae98367083cbedb5","tokenurl":"/mcm/api/land?token=1f5db53fdaf244dbae98367083cbedb5","imageurl":"/mcm/images/land/1S/2797_40f97f04bfb5.jpg","landname":"10"},{"id":281474982609357,"level":1,"status":0,"posx":30,"posy":6,"cityid":90,"townid":232,"tokenid":"125b3d89a6ec0f9956607fc09e47d6fe","tokenurl":"/mcm/api/land?token=125b3d89a6ec0f9956607fc09e47d6fe","imageurl":"/mcm/images/land/1S/2798_1605ce8e9c31.jpg","landname":"11"},{"id":281474982609358,"level":2,"status":0,"posx":31,"posy":6,"cityid":90,"townid":232,"tokenid":"d66f1603883365a4c69ebcf3daabe9c1","tokenurl":"/mcm/api/land?token=d66f1603883365a4c69ebcf3daabe9c1","imageurl":"/mcm/images/land/1A/1399_3d5ab5a9178a.jpg","landname":"12"},{"id":281474982609359,"level":1,"status":1,"posx":33,"posy":6,"cityid":90,"townid":232,"tokenid":"202e80528bf16a69e320a02a0002be3b","tokenurl":"/mcm/api/land?token=202e80528bf16a69e320a02a0002be3b","imageurl":"/mcm/images/land/1S/2799_1e7d84d95e8.jpg","landname":"13"},{"id":281474982609360,"level":1,"status":0,"posx":34,"posy":6,"cityid":90,"townid":232,"tokenid":"722815c0355be4b882b6c2bc91b3285a","tokenurl":"/mcm/api/land?token=722815c0355be4b882b6c2bc91b3285a","imageurl":"/mcm/images/land/1S/2800_52c2f47c0a6d.jpg","landname":"14"},{"id":281474982609361,"level":1,"status":0,"posx":6,"posy":7,"cityid":90,"townid":232,"tokenid":"8ce1780cfef2cdb6d5e5898d04a341ff","tokenurl":"/mcm/api/land?token=8ce1780cfef2cdb6d5e5898d04a341ff","imageurl":"/mcm/images/land/1S/2801_3d26eee7abf1.jpg","landname":"15"},{"id":281474982609362,"level":2,"status":1,"posx":7,"posy":7,"cityid":90,"townid":232,"tokenid":"0d862223f195f803da4dc52e1cce02f1","tokenurl":"/mcm/api/land?token=0d862223f195f803da4dc52e1cce02f1","imageurl":"/mcm/images/land/1A/1400_3aae3d0f5dc2.jpg","landname":"16"},{"id":281474982609363,"level":3,"status":1,"posx":15,"posy":7,"cityid":90,"townid":232,"tokenid":"b8ddc699dddc845c1d80ebc80517a9bb","tokenurl":"/mcm/api/land?token=b8ddc699dddc845c1d80ebc80517a9bb","imageurl":"/mcm/images/land/1B/469_3032e8d0b673.jpg","landname":"17"},{"id":281474982609364,"level":1,"status":1,"posx":16,"posy":7,"cityid":90,"townid":232,"tokenid":"ead62dcc00c01a2050508e4840c0d138","tokenurl":"/mcm/api/land?token=ead62dcc00c01a2050508e4840c0d138","imageurl":"/mcm/images/land/1S/2802_16eba7592736.jpg","landname":"18"},{"id":281474982609365,"level":1,"status":1,"posx":21,"posy":7,"cityid":90,"townid":232,"tokenid":"9291fc76ced47337c549d98c4e956711","tokenurl":"/mcm/api/land?token=9291fc76ced47337c549d98c4e956711","imageurl":"/mcm/images/land/1S/2803_2aed2d5238a9.jpg","landname":"19"},{"id":281474982609366,"level":1,"status":0,"posx":22,"posy":7,"cityid":90,"townid":232,"tokenid":"254ef4773ba5fcd096ea2290cb7634d9","tokenurl":"/mcm/api/land?token=254ef4773ba5fcd096ea2290cb7634d9","imageurl":"/mcm/images/land/1S/2804_195c2c7aec9d.jpg","landname":"20"},{"id":281474982609367,"level":1,"status":0,"posx":25,"posy":7,"cityid":90,"townid":232,"tokenid":"67d07aa319c3b44742e20c4d0b40922c","tokenurl":"/mcm/api/land?token=67d07aa319c3b44742e20c4d0b40922c","imageurl":"/mcm/images/land/1S/2805_2ff94dfb06ba.jpg","landname":"21"},{"id":281474982609368,"level":1,"status":0,"posx":26,"posy":7,"cityid":90,"townid":232,"tokenid":"465a428dfc2d31d3b85d79d836c3dacd","tokenurl":"/mcm/api/land?token=465a428dfc2d31d3b85d79d836c3dacd","imageurl":"/mcm/images/land/1S/2806_59e76b2e9c1e.jpg","landname":"22"},{"id":281474982609369,"level":1,"status":0,"posx":30,"posy":7,"cityid":90,"townid":232,"tokenid":"80213efe3bc59b3471a384b27c479026","tokenurl":"/mcm/api/land?token=80213efe3bc59b3471a384b27c479026","imageurl":"/mcm/images/land/1S/2807_4288d7ef3226.jpg","landname":"23"},{"id":281474982609370,"level":1,"status":0,"posx":31,"posy":7,"cityid":90,"townid":232,"tokenid":"5d859d40076bda7d3a6285d1993d8fa2","tokenurl":"/mcm/api/land?token=5d859d40076bda7d3a6285d1993d8fa2","imageurl":"/mcm/images/land/1S/2808_4f46fe6113bf.jpg","landname":"24"},{"id":281474982609371,"level":1,"status":0,"posx":33,"posy":7,"cityid":90,"townid":232,"tokenid":"8c8416eed9608e8d34d50fd185343e56","tokenurl":"/mcm/api/land?token=8c8416eed9608e8d34d50fd185343e56","imageurl":"/mcm/images/land/1S/2809_476cee232787.jpg","landname":"25"},{"id":281474982609372,"level":2,"status":0,"posx":34,"posy":7,"cityid":90,"townid":232,"tokenid":"b294b9343269406282f39d4a5db5f5bc","tokenurl":"/mcm/api/land?token=b294b9343269406282f39d4a5db5f5bc","imageurl":"/mcm/images/land/1A/1401_d78af8c5b4a.jpg","landname":"26"},{"id":281474982609373,"level":1,"status":1,"posx":6,"posy":8,"cityid":90,"townid":232,"tokenid":"f689c62a7d76ba4a6ccc562bc22a391d","tokenurl":"/mcm/api/land?token=f689c62a7d76ba4a6ccc562bc22a391d","imageurl":"/mcm/images/land/1S/2810_17a4a1190687.jpg","landname":"27"},{"id":281474982609374,"level":2,"status":1,"posx":7,"posy":8,"cityid":90,"townid":232,"tokenid":"c4acef9ccdafffe251d90c578fcc54cf","tokenurl":"/mcm/api/land?token=c4acef9ccdafffe251d90c578fcc54cf","imageurl":"/mcm/images/land/1A/1402_41877aa719df.jpg","landname":"28"},{"id":281474982609375,"level":1,"status":1,"posx":15,"posy":8,"cityid":90,"townid":232,"tokenid":"242422ece264a64acb6dfd975ac8b954","tokenurl":"/mcm/api/land?token=242422ece264a64acb6dfd975ac8b954","imageurl":"/mcm/images/land/1S/2811_503f9f53b1.jpg","landname":"29"},{"id":281474982609376,"level":1,"status":0,"posx":16,"posy":8,"cityid":90,"townid":232,"tokenid":"257c76e9f907b2e929654de8acce43bb","tokenurl":"/mcm/api/land?token=257c76e9f907b2e929654de8acce43bb","imageurl":"/mcm/images/land/1S/2812_44961499627e.jpg","landname":"30"},{"id":281474982609377,"level":1,"status":1,"posx":21,"posy":8,"cityid":90,"townid":232,"tokenid":"20639e8210173ae44ff2df5a7dc462a6","tokenurl":"/mcm/api/land?token=20639e8210173ae44ff2df5a7dc462a6","imageurl":"/mcm/images/land/1S/2813_504de459e298.jpg","landname":"31"},{"id":281474982609378,"level":1,"status":1,"posx":22,"posy":8,"cityid":90,"townid":232,"tokenid":"f3252dfb690bc2e8ebb6c87288423bfd","tokenurl":"/mcm/api/land?token=f3252dfb690bc2e8ebb6c87288423bfd","imageurl":"/mcm/images/land/1S/2814_1e1ade99713b.jpg","landname":"32"},{"id":281474982609379,"level":2,"status":1,"posx":25,"posy":8,"cityid":90,"townid":232,"tokenid":"645740ae8f6470ca9a985417a0eeb496","tokenurl":"/mcm/api/land?token=645740ae8f6470ca9a985417a0eeb496","imageurl":"/mcm/images/land/1A/1403_4dc23e2d311.jpg","landname":"33"},{"id":281474982609380,"level":2,"status":1,"posx":26,"posy":8,"cityid":90,"townid":232,"tokenid":"52bc7b023ba2960f0943f67fb8683c18","tokenurl":"/mcm/api/land?token=52bc7b023ba2960f0943f67fb8683c18","imageurl":"/mcm/images/land/1A/1404_295c8b161307.jpg","landname":"34"},{"id":281474982609381,"level":1,"status":1,"posx":30,"posy":8,"cityid":90,"townid":232,"tokenid":"08b5750de9d7bca2d65c5f21da75fdaf","tokenurl":"/mcm/api/land?token=08b5750de9d7bca2d65c5f21da75fdaf","imageurl":"/mcm/images/land/1S/2815_d4952f088a6.jpg","landname":"35"},{"id":281474982609382,"level":1,"status":1,"posx":31,"posy":8,"cityid":90,"townid":232,"tokenid":"baad1a5796d7c1c03b74a654427b334d","tokenurl":"/mcm/api/land?token=baad1a5796d7c1c03b74a654427b334d","imageurl":"/mcm/images/land/1S/2816_45fd7b33970e.jpg","landname":"36"},{"id":281474982609383,"level":1,"status":1,"posx":33,"posy":8,"cityid":90,"townid":232,"tokenid":"910f8f632c44d15fe2383c4d01663799","tokenurl":"/mcm/api/land?token=910f8f632c44d15fe2383c4d01663799","imageurl":"/mcm/images/land/1S/2817_41e91e96b32d.jpg","landname":"37"},{"id":281474982609384,"level":1,"status":1,"posx":34,"posy":8,"cityid":90,"townid":232,"tokenid":"5008841a542091fbc1bf6f63adc19d22","tokenurl":"/mcm/api/land?token=5008841a542091fbc1bf6f63adc19d22","imageurl":"/mcm/images/land/1S/2818_1ae72e75023f.jpg","landname":"38"},{"id":281474982609385,"level":1,"status":1,"posx":6,"posy":9,"cityid":90,"townid":232,"tokenid":"6d936e0cf62a42aae8842e744b57e2ab","tokenurl":"/mcm/api/land?token=6d936e0cf62a42aae8842e744b57e2ab","imageurl":"/mcm/images/land/1S/2819_ab54559499c.jpg","landname":"39"},{"id":281474982609386,"level":1,"status":1,"posx":7,"posy":9,"cityid":90,"townid":232,"tokenid":"500edb7455b99daffdf974dff51bdc79","tokenurl":"/mcm/api/land?token=500edb7455b99daffdf974dff51bdc79","imageurl":"/mcm/images/land/1S/2820_464315f1544b.jpg","landname":"40"},{"id":281474982609387,"level":2,"status":0,"posx":15,"posy":9,"cityid":90,"townid":232,"tokenid":"981b162439463c9d12d0968a4ea70b70","tokenurl":"/mcm/api/land?token=981b162439463c9d12d0968a4ea70b70","imageurl":"/mcm/images/land/1A/1405_40ff46d85a94.jpg","landname":"41"},{"id":281474982609388,"level":2,"status":0,"posx":16,"posy":9,"cityid":90,"townid":232,"tokenid":"2b63666e54c3cd5e8d3899294b876f23","tokenurl":"/mcm/api/land?token=2b63666e54c3cd5e8d3899294b876f23","imageurl":"/mcm/images/land/1A/1406_22d0f5bbf735.jpg","landname":"42"},{"id":281474982609389,"level":2,"status":1,"posx":21,"posy":9,"cityid":90,"townid":232,"tokenid":"1b6c5e1fa0fd65176ca6be5166c52cf7","tokenurl":"/mcm/api/land?token=1b6c5e1fa0fd65176ca6be5166c52cf7","imageurl":"/mcm/images/land/1A/1407_591293f4516f.jpg","landname":"43"},{"id":281474982609390,"level":3,"status":1,"posx":22,"posy":9,"cityid":90,"townid":232,"tokenid":"ba277fcf51c4b5fdaa3cb2049446e45d","tokenurl":"/mcm/api/land?token=ba277fcf51c4b5fdaa3cb2049446e45d","imageurl":"/mcm/images/land/1B/470_49980ab0685.jpg","landname":"44"},{"id":281474982609391,"level":2,"status":1,"posx":25,"posy":9,"cityid":90,"townid":232,"tokenid":"4d948a692f10f634cd6b831b61b97f41","tokenurl":"/mcm/api/land?token=4d948a692f10f634cd6b831b61b97f41","imageurl":"/mcm/images/land/1A/1408_3c99948defa9.jpg","landname":"45"},{"id":281474982609392,"level":1,"status":0,"posx":26,"posy":9,"cityid":90,"townid":232,"tokenid":"80f9d8c1a401a10ead387acd37b8c66a","tokenurl":"/mcm/api/land?token=80f9d8c1a401a10ead387acd37b8c66a","imageurl":"/mcm/images/land/1S/2821_4d3195b77771.jpg","landname":"46"},{"id":281474982609393,"level":1,"status":0,"posx":30,"posy":9,"cityid":90,"townid":232,"tokenid":"21d15e9511db592154e1c36a0d80bacd","tokenurl":"/mcm/api/land?token=21d15e9511db592154e1c36a0d80bacd","imageurl":"/mcm/images/land/1S/2822_43397f777123.jpg","landname":"47"},{"id":281474982609394,"level":1,"status":0,"posx":31,"posy":9,"cityid":90,"townid":232,"tokenid":"75bea3ab4e0bc2124170f5959e123f52","tokenurl":"/mcm/api/land?token=75bea3ab4e0bc2124170f5959e123f52","imageurl":"/mcm/images/land/1S/2823_45b9258b05cd.jpg","landname":"48"},{"id":281474982609395,"level":1,"status":0,"posx":33,"posy":9,"cityid":90,"townid":232,"tokenid":"3448a46bcc9c3674c9a2afeff1fd8948","tokenurl":"/mcm/api/land?token=3448a46bcc9c3674c9a2afeff1fd8948","imageurl":"/mcm/images/land/1S/2824_4ae257619d66.jpg","landname":"49"},{"id":281474982609396,"level":1,"status":1,"posx":34,"posy":9,"cityid":90,"townid":232,"tokenid":"ef391d7305f56f0dec17a5fb3fafa62c","tokenurl":"/mcm/api/land?token=ef391d7305f56f0dec17a5fb3fafa62c","imageurl":"/mcm/images/land/1S/2825_5804f5d0fc09.jpg","landname":"50"},{"id":281474982609397,"level":3,"status":1,"posx":6,"posy":10,"cityid":90,"townid":232,"tokenid":"618dee1f56ebeb3b198d29f4878b4b35","tokenurl":"/mcm/api/land?token=618dee1f56ebeb3b198d29f4878b4b35","imageurl":"/mcm/images/land/1B/471_379e673a745a.jpg","landname":"51"},{"id":281474982609398,"level":1,"status":1,"posx":7,"posy":10,"cityid":90,"townid":232,"tokenid":"84b174bb5f1fd37a27cacfeed3c21a35","tokenurl":"/mcm/api/land?token=84b174bb5f1fd37a27cacfeed3c21a35","imageurl":"/mcm/images/land/1S/2826_5a51a38869db.jpg","landname":"52"},{"id":281474982609399,"level":3,"status":0,"posx":11,"posy":10,"cityid":90,"townid":232,"tokenid":"07ab4abd709149a4f898e619189c09ee","tokenurl":"/mcm/api/land?token=07ab4abd709149a4f898e619189c09ee","imageurl":"/mcm/images/land/1B/472_24930c6c3f1f.jpg","landname":"53"},{"id":281474982609400,"level":1,"status":1,"posx":12,"posy":10,"cityid":90,"townid":232,"tokenid":"dab16634f9f3436b628f876832b2636e","tokenurl":"/mcm/api/land?token=dab16634f9f3436b628f876832b2636e","imageurl":"/mcm/images/land/1S/2827_622f5502c03.jpg","landname":"54"},{"id":281474982609401,"level":1,"status":0,"posx":21,"posy":10,"cityid":90,"townid":232,"tokenid":"d1a6f9425b14bce8e3a5240c043c3a7f","tokenurl":"/mcm/api/land?token=d1a6f9425b14bce8e3a5240c043c3a7f","imageurl":"/mcm/images/land/1S/2828_4cf740f5cdd7.jpg","landname":"55"},{"id":281474982609402,"level":3,"status":0,"posx":22,"posy":10,"cityid":90,"townid":232,"tokenid":"7b681af1b1f14d8ae04f6ea13e48c4a4","tokenurl":"/mcm/api/land?token=7b681af1b1f14d8ae04f6ea13e48c4a4","imageurl":"/mcm/images/land/1B/473_5542a435ad56.jpg","landname":"56"},{"id":281474982609403,"level":2,"status":1,"posx":30,"posy":10,"cityid":90,"townid":232,"tokenid":"71ecdf9957279a27e27d5650a7dd742e","tokenurl":"/mcm/api/land?token=71ecdf9957279a27e27d5650a7dd742e","imageurl":"/mcm/images/land/1A/1409_38ba4f361929.jpg","landname":"57"},{"id":281474982609404,"level":1,"status":0,"posx":31,"posy":10,"cityid":90,"townid":232,"tokenid":"bc551c02db3637162f60a39036f4dd29","tokenurl":"/mcm/api/land?token=bc551c02db3637162f60a39036f4dd29","imageurl":"/mcm/images/land/1S/2829_10ae342677ef.jpg","landname":"58"},{"id":281474982609405,"level":1,"status":1,"posx":33,"posy":10,"cityid":90,"townid":232,"tokenid":"55e20f0a55a7631ab2ab4bdb7ac6bf5d","tokenurl":"/mcm/api/land?token=55e20f0a55a7631ab2ab4bdb7ac6bf5d","imageurl":"/mcm/images/land/1S/2830_b920a72517d.jpg","landname":"59"},{"id":281474982609406,"level":1,"status":1,"posx":34,"posy":10,"cityid":90,"townid":232,"tokenid":"87cf44fe65e84cc3a10e394f09adcbfc","tokenurl":"/mcm/api/land?token=87cf44fe65e84cc3a10e394f09adcbfc","imageurl":"/mcm/images/land/1S/2831_b342a76a52e.jpg","landname":"60"},{"id":281474982609407,"level":1,"status":1,"posx":11,"posy":11,"cityid":90,"townid":232,"tokenid":"a1e32ec049668ff1f8c0bded862c5bcf","tokenurl":"/mcm/api/land?token=a1e32ec049668ff1f8c0bded862c5bcf","imageurl":"/mcm/images/land/1S/2832_523c8595f00c.jpg","landname":"61"},{"id":281474982609408,"level":1,"status":1,"posx":12,"posy":11,"cityid":90,"townid":232,"tokenid":"d1a3318a036acf4efda2a7019414b650","tokenurl":"/mcm/api/land?token=d1a3318a036acf4efda2a7019414b650","imageurl":"/mcm/images/land/1S/2833_d134476ca6.jpg","landname":"62"},{"id":281474982609409,"level":2,"status":1,"posx":21,"posy":11,"cityid":90,"townid":232,"tokenid":"e1650856065b2470d56a6a9ec260135f","tokenurl":"/mcm/api/land?token=e1650856065b2470d56a6a9ec260135f","imageurl":"/mcm/images/land/1A/1410_37f46c4b577d.jpg","landname":"63"},{"id":281474982609410,"level":1,"status":0,"posx":22,"posy":11,"cityid":90,"townid":232,"tokenid":"48c2c1c61262e5444c77fcb4974746fd","tokenurl":"/mcm/api/land?token=48c2c1c61262e5444c77fcb4974746fd","imageurl":"/mcm/images/land/1S/2834_32dda6435604.jpg","landname":"64"},{"id":281474982609411,"level":1,"status":0,"posx":11,"posy":12,"cityid":90,"townid":232,"tokenid":"56124649088c820793504dbb7ccd69c7","tokenurl":"/mcm/api/land?token=56124649088c820793504dbb7ccd69c7","imageurl":"/mcm/images/land/1S/2835_3ef6855e56e8.jpg","landname":"65"},{"id":281474982609412,"level":2,"status":0,"posx":12,"posy":12,"cityid":90,"townid":232,"tokenid":"80496448d8db0d5708b3d17e97b03c49","tokenurl":"/mcm/api/land?token=80496448d8db0d5708b3d17e97b03c49","imageurl":"/mcm/images/land/1A/1411_1d8c9159079b.jpg","landname":"66"},{"id":281474982609413,"level":3,"status":0,"posx":11,"posy":13,"cityid":90,"townid":232,"tokenid":"3c7c70c71ec431a3d90bebe5ea355d0b","tokenurl":"/mcm/api/land?token=3c7c70c71ec431a3d90bebe5ea355d0b","imageurl":"/mcm/images/land/1B/474_aa6ee6f3106.jpg","landname":"67"},{"id":281474982609414,"level":1,"status":0,"posx":12,"posy":13,"cityid":90,"townid":232,"tokenid":"ee3a9698bea6afd7fe7c03bfe39cb1ef","tokenurl":"/mcm/api/land?token=ee3a9698bea6afd7fe7c03bfe39cb1ef","imageurl":"/mcm/images/land/1S/2836_351d35e9cd7d.jpg","landname":"68"},{"id":281474982609415,"level":2,"status":0,"posx":11,"posy":14,"cityid":90,"townid":232,"tokenid":"f923cc435fb727ce1f4a5b9a43f00c0f","tokenurl":"/mcm/api/land?token=f923cc435fb727ce1f4a5b9a43f00c0f","imageurl":"/mcm/images/land/1A/1412_d7a9ef8f60.jpg","landname":"69"},{"id":281474982609416,"level":1,"status":0,"posx":12,"posy":14,"cityid":90,"townid":232,"tokenid":"1091768fa3a55d4eee926f6b8a1ffe54","tokenurl":"/mcm/api/land?token=1091768fa3a55d4eee926f6b8a1ffe54","imageurl":"/mcm/images/land/1S/2837_5010980c0e85.jpg","landname":"70"},{"id":281474982609417,"level":1,"status":0,"posx":8,"posy":20,"cityid":90,"townid":232,"tokenid":"4f10d39239ee373f101b04521b4a625f","tokenurl":"/mcm/api/land?token=4f10d39239ee373f101b04521b4a625f","imageurl":"/mcm/images/land/1S/2838_2180ca250284.jpg","landname":"71"},{"id":281474982609418,"level":2,"status":0,"posx":9,"posy":20,"cityid":90,"townid":232,"tokenid":"1395877d66cda4edd2472411b64d1b12","tokenurl":"/mcm/api/land?token=1395877d66cda4edd2472411b64d1b12","imageurl":"/mcm/images/land/1A/1413_4488787e15c5.jpg","landname":"72"},{"id":281474982609419,"level":1,"status":1,"posx":10,"posy":20,"cityid":90,"townid":232,"tokenid":"decdba9de770fb2777256646bf214b43","tokenurl":"/mcm/api/land?token=decdba9de770fb2777256646bf214b43","imageurl":"/mcm/images/land/1S/2839_30df9dc3d78d.jpg","landname":"73"},{"id":281474982609420,"level":1,"status":0,"posx":11,"posy":20,"cityid":90,"townid":232,"tokenid":"707db4da1307f4988bf042f9f9d61140","tokenurl":"/mcm/api/land?token=707db4da1307f4988bf042f9f9d61140","imageurl":"/mcm/images/land/1S/2840_a8702b36c80.jpg","landname":"74"},{"id":281474982609421,"level":2,"status":1,"posx":12,"posy":20,"cityid":90,"townid":232,"tokenid":"81f1b11b240ffba7be2cc2f9e7c1bced","tokenurl":"/mcm/api/land?token=81f1b11b240ffba7be2cc2f9e7c1bced","imageurl":"/mcm/images/land/1A/1414_123c5d40ca14.jpg","landname":"75"},{"id":281474982609422,"level":1,"status":1,"posx":8,"posy":21,"cityid":90,"townid":232,"tokenid":"bee86ef420231093fad86355a4152fe1","tokenurl":"/mcm/api/land?token=bee86ef420231093fad86355a4152fe1","imageurl":"/mcm/images/land/1S/2841_1b54a8111c0a.jpg","landname":"76"},{"id":281474982609423,"level":1,"status":0,"posx":9,"posy":21,"cityid":90,"townid":232,"tokenid":"c7e69bd38f9ae67d2773673ee9e69ce9","tokenurl":"/mcm/api/land?token=c7e69bd38f9ae67d2773673ee9e69ce9","imageurl":"/mcm/images/land/1S/2842_4c94cf50cf06.jpg","landname":"77"},{"id":281474982609424,"level":1,"status":1,"posx":10,"posy":21,"cityid":90,"townid":232,"tokenid":"5fd3ee2b2bcc42183b3816a7a51e7cfe","tokenurl":"/mcm/api/land?token=5fd3ee2b2bcc42183b3816a7a51e7cfe","imageurl":"/mcm/images/land/1S/2843_6a5b41a4d71.jpg","landname":"78"},{"id":281474982609425,"level":1,"status":1,"posx":11,"posy":21,"cityid":90,"townid":232,"tokenid":"1df8e81e4d94b17299df8c77db48f4e1","tokenurl":"/mcm/api/land?token=1df8e81e4d94b17299df8c77db48f4e1","imageurl":"/mcm/images/land/1S/2844_2d2c8b8a888b.jpg","landname":"79"},{"id":281474982609426,"level":2,"status":1,"posx":12,"posy":21,"cityid":90,"townid":232,"tokenid":"e0912ca545004168de959616e2dcf3a2","tokenurl":"/mcm/api/land?token=e0912ca545004168de959616e2dcf3a2","imageurl":"/mcm/images/land/1A/1415_2176de41b4f1.jpg","landname":"80"},{"id":281474982609427,"level":2,"status":0,"posx":27,"posy":22,"cityid":90,"townid":232,"tokenid":"c0e8c6a66d924281bebf01f5bf37b2ec","tokenurl":"/mcm/api/land?token=c0e8c6a66d924281bebf01f5bf37b2ec","imageurl":"/mcm/images/land/1A/1416_f8fb1868af1.jpg","landname":"81"},{"id":281474982609428,"level":1,"status":1,"posx":28,"posy":22,"cityid":90,"townid":232,"tokenid":"32c873dbf779898d018234e5cc45c234","tokenurl":"/mcm/api/land?token=32c873dbf779898d018234e5cc45c234","imageurl":"/mcm/images/land/1S/2845_31e698c9b199.jpg","landname":"82"},{"id":281474982609429,"level":1,"status":1,"posx":29,"posy":22,"cityid":90,"townid":232,"tokenid":"8ee9f010d10a70a9a9eb8bc5909a3680","tokenurl":"/mcm/api/land?token=8ee9f010d10a70a9a9eb8bc5909a3680","imageurl":"/mcm/images/land/1S/2846_8d08e089837.jpg","landname":"83"},{"id":281474982609430,"level":1,"status":0,"posx":30,"posy":22,"cityid":90,"townid":232,"tokenid":"d7c9423509f74fcfc44c77962cc42054","tokenurl":"/mcm/api/land?token=d7c9423509f74fcfc44c77962cc42054","imageurl":"/mcm/images/land/1S/2847_e33b044cac8.jpg","landname":"84"},{"id":281474982609431,"level":2,"status":0,"posx":31,"posy":22,"cityid":90,"townid":232,"tokenid":"7bc0ae8c1d8b06261ea84c138723863e","tokenurl":"/mcm/api/land?token=7bc0ae8c1d8b06261ea84c138723863e","imageurl":"/mcm/images/land/1A/1417_4b59a6b7047a.jpg","landname":"85"},{"id":281474982609432,"level":2,"status":1,"posx":27,"posy":23,"cityid":90,"townid":232,"tokenid":"5dd95fff4d47755407deb922dd3c0a49","tokenurl":"/mcm/api/land?token=5dd95fff4d47755407deb922dd3c0a49","imageurl":"/mcm/images/land/1A/1418_28cb7a7041f5.jpg","landname":"86"},{"id":281474982609433,"level":3,"status":0,"posx":28,"posy":23,"cityid":90,"townid":232,"tokenid":"df953ee12f9b9540e0f7f08780b5b593","tokenurl":"/mcm/api/land?token=df953ee12f9b9540e0f7f08780b5b593","imageurl":"/mcm/images/land/1B/475_20fe992015d0.jpg","landname":"87"},{"id":281474982609434,"level":1,"status":0,"posx":29,"posy":23,"cityid":90,"townid":232,"tokenid":"52ab4f6d0f86b90175339ba6bda70dd0","tokenurl":"/mcm/api/land?token=52ab4f6d0f86b90175339ba6bda70dd0","imageurl":"/mcm/images/land/1S/2848_2395f77cbfe1.jpg","landname":"88"},{"id":281474982609435,"level":2,"status":0,"posx":30,"posy":23,"cityid":90,"townid":232,"tokenid":"3eebce2117551944ce255400e1a800cf","tokenurl":"/mcm/api/land?token=3eebce2117551944ce255400e1a800cf","imageurl":"/mcm/images/land/1A/1419_46a87a73ad75.jpg","landname":"89"},{"id":281474982609436,"level":1,"status":0,"posx":31,"posy":23,"cityid":90,"townid":232,"tokenid":"f3daafacbb6fd02d6fec03e2fc0491df","tokenurl":"/mcm/api/land?token=f3daafacbb6fd02d6fec03e2fc0491df","imageurl":"/mcm/images/land/1S/2849_59a0bd95b651.jpg","landname":"90"},{"id":281474982609437,"level":1,"status":0,"posx":8,"posy":24,"cityid":90,"townid":232,"tokenid":"f17b54f1e3389cc23ee431de0168ec91","tokenurl":"/mcm/api/land?token=f17b54f1e3389cc23ee431de0168ec91","imageurl":"/mcm/images/land/1S/2850_2082b67efde6.jpg","landname":"91"},{"id":281474982609438,"level":1,"status":1,"posx":9,"posy":24,"cityid":90,"townid":232,"tokenid":"5a2255184cb91b3d189c07eda9d545ed","tokenurl":"/mcm/api/land?token=5a2255184cb91b3d189c07eda9d545ed","imageurl":"/mcm/images/land/1S/2851_3a7a52dc2f05.jpg","landname":"92"},{"id":281474982609439,"level":1,"status":0,"posx":10,"posy":24,"cityid":90,"townid":232,"tokenid":"49d4d25efe49f63e46727f359c7e8014","tokenurl":"/mcm/api/land?token=49d4d25efe49f63e46727f359c7e8014","imageurl":"/mcm/images/land/1S/2852_3c130976eae4.jpg","landname":"93"},{"id":281474982609440,"level":2,"status":0,"posx":11,"posy":24,"cityid":90,"townid":232,"tokenid":"f12ee1875fd9a839bd1384c3f5112d0f","tokenurl":"/mcm/api/land?token=f12ee1875fd9a839bd1384c3f5112d0f","imageurl":"/mcm/images/land/1A/1420_4ecaeaec55c6.jpg","landname":"94"},{"id":281474982609441,"level":1,"status":0,"posx":12,"posy":24,"cityid":90,"townid":232,"tokenid":"9c78660b3bb467ff51445f014b92ca96","tokenurl":"/mcm/api/land?token=9c78660b3bb467ff51445f014b92ca96","imageurl":"/mcm/images/land/1S/2853_160b05bb0011.jpg","landname":"95"},{"id":281474982609442,"level":1,"status":0,"posx":17,"posy":24,"cityid":90,"townid":232,"tokenid":"3857661138921c220a54223c098704ae","tokenurl":"/mcm/api/land?token=3857661138921c220a54223c098704ae","imageurl":"/mcm/images/land/1S/2854_50c16e553bcb.jpg","landname":"96"},{"id":281474982609443,"level":2,"status":1,"posx":18,"posy":24,"cityid":90,"townid":232,"tokenid":"c1b1554aebf1ba342ae54231dc22813d","tokenurl":"/mcm/api/land?token=c1b1554aebf1ba342ae54231dc22813d","imageurl":"/mcm/images/land/1A/1421_7865a535d41.jpg","landname":"97"},{"id":281474982609444,"level":2,"status":1,"posx":19,"posy":24,"cityid":90,"townid":232,"tokenid":"f2bf23008d25c397c3157547cc0d1a8a","tokenurl":"/mcm/api/land?token=f2bf23008d25c397c3157547cc0d1a8a","imageurl":"/mcm/images/land/1A/1422_4c2890190e00.jpg","landname":"98"},{"id":281474982609445,"level":2,"status":0,"posx":20,"posy":24,"cityid":90,"townid":232,"tokenid":"6e456a81663b2962fb7d41f3babb466c","tokenurl":"/mcm/api/land?token=6e456a81663b2962fb7d41f3babb466c","imageurl":"/mcm/images/land/1A/1423_4dd2b127bea1.jpg","landname":"99"},{"id":281474982609446,"level":1,"status":1,"posx":21,"posy":24,"cityid":90,"townid":232,"tokenid":"a1d31cbfaf4152e82ab7f6232d5da10c","tokenurl":"/mcm/api/land?token=a1d31cbfaf4152e82ab7f6232d5da10c","imageurl":"/mcm/images/land/1S/2855_792e6217141.jpg","landname":"100"},{"id":281474982609447,"level":1,"status":0,"posx":8,"posy":25,"cityid":90,"townid":232,"tokenid":"1a05853a8c31ce0e284de919051a4ae8","tokenurl":"/mcm/api/land?token=1a05853a8c31ce0e284de919051a4ae8","imageurl":"/mcm/images/land/1S/2856_1ecbba5ef0b2.jpg","landname":"101"},{"id":281474982609448,"level":3,"status":1,"posx":9,"posy":25,"cityid":90,"townid":232,"tokenid":"4c1894c3bc62183ef114ec5843442a98","tokenurl":"/mcm/api/land?token=4c1894c3bc62183ef114ec5843442a98","imageurl":"/mcm/images/land/1B/476_336bb6d9742.jpg","landname":"102"},{"id":281474982609449,"level":2,"status":0,"posx":10,"posy":25,"cityid":90,"townid":232,"tokenid":"2c968924aedbae89893686d5d6fa7965","tokenurl":"/mcm/api/land?token=2c968924aedbae89893686d5d6fa7965","imageurl":"/mcm/images/land/1A/1424_1d1147215bab.jpg","landname":"103"},{"id":281474982609450,"level":2,"status":1,"posx":11,"posy":25,"cityid":90,"townid":232,"tokenid":"cff71db2ca2f455bacc39bd7e235b718","tokenurl":"/mcm/api/land?token=cff71db2ca2f455bacc39bd7e235b718","imageurl":"/mcm/images/land/1A/1425_2513c7f12be2.jpg","landname":"104"},{"id":281474982609451,"level":1,"status":1,"posx":12,"posy":25,"cityid":90,"townid":232,"tokenid":"778692d895fbc8412a538af76cf7ae2d","tokenurl":"/mcm/api/land?token=778692d895fbc8412a538af76cf7ae2d","imageurl":"/mcm/images/land/1S/2857_201d59140082.jpg","landname":"105"},{"id":281474982609452,"level":2,"status":0,"posx":17,"posy":25,"cityid":90,"townid":232,"tokenid":"311dc5bd40d1bc2c1111ec0e368ee21e","tokenurl":"/mcm/api/land?token=311dc5bd40d1bc2c1111ec0e368ee21e","imageurl":"/mcm/images/land/1A/1426_2880a59c90c0.jpg","landname":"106"},{"id":281474982609453,"level":2,"status":1,"posx":18,"posy":25,"cityid":90,"townid":232,"tokenid":"1e2d70b85372c449f36eb11fa8da5fdc","tokenurl":"/mcm/api/land?token=1e2d70b85372c449f36eb11fa8da5fdc","imageurl":"/mcm/images/land/1A/1427_4d845842e4bd.jpg","landname":"107"},{"id":281474982609454,"level":2,"status":1,"posx":19,"posy":25,"cityid":90,"townid":232,"tokenid":"b9b9f3bfb50dba0ae1c60da9731bf859","tokenurl":"/mcm/api/land?token=b9b9f3bfb50dba0ae1c60da9731bf859","imageurl":"/mcm/images/land/1A/1428_113a29c063a.jpg","landname":"108"},{"id":281474982609455,"level":1,"status":0,"posx":20,"posy":25,"cityid":90,"townid":232,"tokenid":"ac91068bc5f972e0bfecbe7408d9213c","tokenurl":"/mcm/api/land?token=ac91068bc5f972e0bfecbe7408d9213c","imageurl":"/mcm/images/land/1S/2858_af7d37e48aa.jpg","landname":"109"},{"id":281474982609456,"level":2,"status":0,"posx":21,"posy":25,"cityid":90,"townid":232,"tokenid":"f35bc033b521a60873d15a658045bf52","tokenurl":"/mcm/api/land?token=f35bc033b521a60873d15a658045bf52","imageurl":"/mcm/images/land/1A/1429_3a50427dbe2b.jpg","landname":"110"},{"id":281474982609457,"level":2,"status":1,"posx":27,"posy":26,"cityid":90,"townid":232,"tokenid":"472aabfd32cf41729630eed92eac1449","tokenurl":"/mcm/api/land?token=472aabfd32cf41729630eed92eac1449","imageurl":"/mcm/images/land/1A/1430_d33c22f2052.jpg","landname":"111"},{"id":281474982609458,"level":1,"status":1,"posx":28,"posy":26,"cityid":90,"townid":232,"tokenid":"8d021061767be7e91522ed4f0abfcf6b","tokenurl":"/mcm/api/land?token=8d021061767be7e91522ed4f0abfcf6b","imageurl":"/mcm/images/land/1S/2859_14bfbc366719.jpg","landname":"112"},{"id":281474982609459,"level":1,"status":1,"posx":27,"posy":27,"cityid":90,"townid":232,"tokenid":"2469154f339df5cfcd2dd78408d12cda","tokenurl":"/mcm/api/land?token=2469154f339df5cfcd2dd78408d12cda","imageurl":"/mcm/images/land/1S/2860_50b933d31647.jpg","landname":"113"},{"id":281474982609460,"level":3,"status":0,"posx":28,"posy":27,"cityid":90,"townid":232,"tokenid":"e7f18df1876b953087c26183693a34fd","tokenurl":"/mcm/api/land?token=e7f18df1876b953087c26183693a34fd","imageurl":"/mcm/images/land/1B/477_569150140607.jpg","landname":"114"},{"id":281474982609461,"level":3,"status":0,"posx":32,"posy":27,"cityid":90,"townid":232,"tokenid":"0a3a6ce72755c719dfa18bc0e7c853b4","tokenurl":"/mcm/api/land?token=0a3a6ce72755c719dfa18bc0e7c853b4","imageurl":"/mcm/images/land/1B/478_325c680ea03a.jpg","landname":"115"},{"id":281474982609462,"level":2,"status":0,"posx":33,"posy":27,"cityid":90,"townid":232,"tokenid":"c35d538db4793dbbd478829b19ac1798","tokenurl":"/mcm/api/land?token=c35d538db4793dbbd478829b19ac1798","imageurl":"/mcm/images/land/1A/1431_245e30c1dd3e.jpg","landname":"116"},{"id":281474982609463,"level":2,"status":1,"posx":8,"posy":28,"cityid":90,"townid":232,"tokenid":"999948c56f0286ad505dffa3a0418434","tokenurl":"/mcm/api/land?token=999948c56f0286ad505dffa3a0418434","imageurl":"/mcm/images/land/1A/1432_2011bfbf137c.jpg","landname":"117"},{"id":281474982609464,"level":3,"status":1,"posx":9,"posy":28,"cityid":90,"townid":232,"tokenid":"0927f2f84876bd1969278a851a6996f2","tokenurl":"/mcm/api/land?token=0927f2f84876bd1969278a851a6996f2","imageurl":"/mcm/images/land/1B/479_4048fa3f80a6.jpg","landname":"118"},{"id":281474982609465,"level":3,"status":1,"posx":10,"posy":28,"cityid":90,"townid":232,"tokenid":"5f00c477b7bd5c7a7843fdc3a3a6f118","tokenurl":"/mcm/api/land?token=5f00c477b7bd5c7a7843fdc3a3a6f118","imageurl":"/mcm/images/land/1B/480_1d77c674a6b5.jpg","landname":"119"},{"id":281474982609466,"level":2,"status":0,"posx":11,"posy":28,"cityid":90,"townid":232,"tokenid":"3ee4aa4a765eb61cf8f114ac0dc19690","tokenurl":"/mcm/api/land?token=3ee4aa4a765eb61cf8f114ac0dc19690","imageurl":"/mcm/images/land/1A/1433_25a3f4d7ad48.jpg","landname":"120"},{"id":281474982609467,"level":1,"status":1,"posx":12,"posy":28,"cityid":90,"townid":232,"tokenid":"8891017623dd7fb2ead30b3edb25b7fa","tokenurl":"/mcm/api/land?token=8891017623dd7fb2ead30b3edb25b7fa","imageurl":"/mcm/images/land/1S/2861_29007bb12f70.jpg","landname":"121"},{"id":281474982609468,"level":1,"status":1,"posx":17,"posy":28,"cityid":90,"townid":232,"tokenid":"7fef5fe43b2fb01886c09f6873db286c","tokenurl":"/mcm/api/land?token=7fef5fe43b2fb01886c09f6873db286c","imageurl":"/mcm/images/land/1S/2862_24c2b832a122.jpg","landname":"122"},{"id":281474982609469,"level":1,"status":1,"posx":18,"posy":28,"cityid":90,"townid":232,"tokenid":"86e2902e3b851d5d61142691df2c776b","tokenurl":"/mcm/api/land?token=86e2902e3b851d5d61142691df2c776b","imageurl":"/mcm/images/land/1S/2863_26b146453c15.jpg","landname":"123"},{"id":281474982609470,"level":2,"status":0,"posx":19,"posy":28,"cityid":90,"townid":232,"tokenid":"e734f0980cd49c2df3ab807f55830fa4","tokenurl":"/mcm/api/land?token=e734f0980cd49c2df3ab807f55830fa4","imageurl":"/mcm/images/land/1A/1434_4a12e4c52ce3.jpg","landname":"124"},{"id":281474982609471,"level":1,"status":0,"posx":20,"posy":28,"cityid":90,"townid":232,"tokenid":"8f06a0793e5781881e541227edae9421","tokenurl":"/mcm/api/land?token=8f06a0793e5781881e541227edae9421","imageurl":"/mcm/images/land/1S/2864_4b6663d62c51.jpg","landname":"125"},{"id":281474982609472,"level":1,"status":0,"posx":21,"posy":28,"cityid":90,"townid":232,"tokenid":"a65f783903249a9c8f379a71bd1a7957","tokenurl":"/mcm/api/land?token=a65f783903249a9c8f379a71bd1a7957","imageurl":"/mcm/images/land/1S/2865_3976844f333d.jpg","landname":"126"},{"id":281474982609473,"level":1,"status":0,"posx":27,"posy":28,"cityid":90,"townid":232,"tokenid":"021c312b81ab2593e5834fd96b938f3f","tokenurl":"/mcm/api/land?token=021c312b81ab2593e5834fd96b938f3f","imageurl":"/mcm/images/land/1S/2866_3abcaa42f89a.jpg","landname":"127"},{"id":281474982609474,"level":1,"status":1,"posx":28,"posy":28,"cityid":90,"townid":232,"tokenid":"32bd6d6b77e8cbed4b35b990b049954d","tokenurl":"/mcm/api/land?token=32bd6d6b77e8cbed4b35b990b049954d","imageurl":"/mcm/images/land/1S/2867_2b8564f8b879.jpg","landname":"128"},{"id":281474982609475,"level":1,"status":0,"posx":32,"posy":28,"cityid":90,"townid":232,"tokenid":"6065220c9472aa822205d5818db2c445","tokenurl":"/mcm/api/land?token=6065220c9472aa822205d5818db2c445","imageurl":"/mcm/images/land/1S/2868_33574e478e0c.jpg","landname":"129"},{"id":281474982609476,"level":2,"status":0,"posx":33,"posy":28,"cityid":90,"townid":232,"tokenid":"374693ca79ccef4c473afc02350291d1","tokenurl":"/mcm/api/land?token=374693ca79ccef4c473afc02350291d1","imageurl":"/mcm/images/land/1A/1435_b3c62f78c54.jpg","landname":"130"},{"id":281474982609477,"level":2,"status":0,"posx":8,"posy":29,"cityid":90,"townid":232,"tokenid":"52577c27c5bb042fed698eccc843fe91","tokenurl":"/mcm/api/land?token=52577c27c5bb042fed698eccc843fe91","imageurl":"/mcm/images/land/1A/1436_2dd196fc43fe.jpg","landname":"131"},{"id":281474982609478,"level":1,"status":1,"posx":9,"posy":29,"cityid":90,"townid":232,"tokenid":"d6f55011a985797a81e3a120292b7df6","tokenurl":"/mcm/api/land?token=d6f55011a985797a81e3a120292b7df6","imageurl":"/mcm/images/land/1S/2869_2bfe8924f43e.jpg","landname":"132"},{"id":281474982609479,"level":2,"status":0,"posx":10,"posy":29,"cityid":90,"townid":232,"tokenid":"7970424cd4ba052163b9c976a0851832","tokenurl":"/mcm/api/land?token=7970424cd4ba052163b9c976a0851832","imageurl":"/mcm/images/land/1A/1437_3cb3836522d1.jpg","landname":"133"},{"id":281474982609480,"level":1,"status":1,"posx":11,"posy":29,"cityid":90,"townid":232,"tokenid":"673cb0edcd734a01d4826b4bd00edb29","tokenurl":"/mcm/api/land?token=673cb0edcd734a01d4826b4bd00edb29","imageurl":"/mcm/images/land/1S/2870_425d2aeb9f66.jpg","landname":"134"},{"id":281474982609481,"level":1,"status":1,"posx":12,"posy":29,"cityid":90,"townid":232,"tokenid":"799a6a147c0e06abdb037fe653279e2f","tokenurl":"/mcm/api/land?token=799a6a147c0e06abdb037fe653279e2f","imageurl":"/mcm/images/land/1S/2871_23fddddfd2c7.jpg","landname":"135"},{"id":281474982609482,"level":1,"status":0,"posx":17,"posy":29,"cityid":90,"townid":232,"tokenid":"f1ca4f801a6069b9e6bfd586fd604bdb","tokenurl":"/mcm/api/land?token=f1ca4f801a6069b9e6bfd586fd604bdb","imageurl":"/mcm/images/land/1S/2872_1cde920a8a34.jpg","landname":"136"},{"id":281474982609483,"level":1,"status":1,"posx":18,"posy":29,"cityid":90,"townid":232,"tokenid":"c6c1fbb5783feed5254f8c8bd9191257","tokenurl":"/mcm/api/land?token=c6c1fbb5783feed5254f8c8bd9191257","imageurl":"/mcm/images/land/1S/2873_28e2b5b5c93f.jpg","landname":"137"},{"id":281474982609484,"level":1,"status":1,"posx":19,"posy":29,"cityid":90,"townid":232,"tokenid":"b604cbf534b0056db41732aefce73c20","tokenurl":"/mcm/api/land?token=b604cbf534b0056db41732aefce73c20","imageurl":"/mcm/images/land/1S/2874_516a8c7e2acd.jpg","landname":"138"},{"id":281474982609485,"level":1,"status":0,"posx":20,"posy":29,"cityid":90,"townid":232,"tokenid":"5d054b2e8e48b5e5151d09637a7e2575","tokenurl":"/mcm/api/land?token=5d054b2e8e48b5e5151d09637a7e2575","imageurl":"/mcm/images/land/1S/2875_79b0711e019.jpg","landname":"139"},{"id":281474982609486,"level":2,"status":0,"posx":21,"posy":29,"cityid":90,"townid":232,"tokenid":"741a6d35ae3c3dfc9705b7f5d00582c0","tokenurl":"/mcm/api/land?token=741a6d35ae3c3dfc9705b7f5d00582c0","imageurl":"/mcm/images/land/1A/1438_234f53809c63.jpg","landname":"140"},{"id":281474982609487,"level":1,"status":1,"posx":27,"posy":29,"cityid":90,"townid":232,"tokenid":"e74c94d2592006c60638fdbc33818e05","tokenurl":"/mcm/api/land?token=e74c94d2592006c60638fdbc33818e05","imageurl":"/mcm/images/land/1S/2876_37b8a5c2d728.jpg","landname":"141"},{"id":281474982609488,"level":1,"status":0,"posx":28,"posy":29,"cityid":90,"townid":232,"tokenid":"d644c0551ac8493658b28d1372b6c4e0","tokenurl":"/mcm/api/land?token=d644c0551ac8493658b28d1372b6c4e0","imageurl":"/mcm/images/land/1S/2877_59c12289cd4f.jpg","landname":"142"},{"id":281474982609489,"level":1,"status":1,"posx":32,"posy":29,"cityid":90,"townid":232,"tokenid":"620e270f7805b5a61513e75c39bc3568","tokenurl":"/mcm/api/land?token=620e270f7805b5a61513e75c39bc3568","imageurl":"/mcm/images/land/1S/2878_556cd3a3a481.jpg","landname":"143"},{"id":281474982609490,"level":2,"status":1,"posx":33,"posy":29,"cityid":90,"townid":232,"tokenid":"1846a82c5b87194bac789aafb1f0a92a","tokenurl":"/mcm/api/land?token=1846a82c5b87194bac789aafb1f0a92a","imageurl":"/mcm/images/land/1A/1439_1cf6cb11a55c.jpg","landname":"144"},{"id":281474982609491,"level":1,"status":0,"posx":27,"posy":30,"cityid":90,"townid":232,"tokenid":"ee8098891307f52bb7775c9afc505841","tokenurl":"/mcm/api/land?token=ee8098891307f52bb7775c9afc505841","imageurl":"/mcm/images/land/1S/2879_59f8de44ce2e.jpg","landname":"145"},{"id":281474982609492,"level":1,"status":1,"posx":28,"posy":30,"cityid":90,"townid":232,"tokenid":"3fd548093afe30996ac6dcf053178d97","tokenurl":"/mcm/api/land?token=3fd548093afe30996ac6dcf053178d97","imageurl":"/mcm/images/land/1S/2880_557edbdb1cb9.jpg","landname":"146"},{"id":281474982609493,"level":2,"status":1,"posx":32,"posy":30,"cityid":90,"townid":232,"tokenid":"5d52018560b31f72f7d37332fca5d568","tokenurl":"/mcm/api/land?token=5d52018560b31f72f7d37332fca5d568","imageurl":"/mcm/images/land/1A/1440_14b32a7bc8d2.jpg","landname":"147"},{"id":281474982609494,"level":3,"status":1,"posx":33,"posy":30,"cityid":90,"townid":232,"tokenid":"66c3e1c82d6753b76e78520a5a4c7d02","tokenurl":"/mcm/api/land?token=66c3e1c82d6753b76e78520a5a4c7d02","imageurl":"/mcm/images/land/1B/481_55f09d89415d.jpg","landname":"148"},{"id":281474982609495,"level":1,"status":0,"posx":32,"posy":31,"cityid":90,"townid":232,"tokenid":"25ac6b0d2f59370cf0c2efde291145c1","tokenurl":"/mcm/api/land?token=25ac6b0d2f59370cf0c2efde291145c1","imageurl":"/mcm/images/land/1S/2881_1a904c3f6f88.jpg","landname":"149"},{"id":281474982609496,"level":2,"status":0,"posx":33,"posy":31,"cityid":90,"townid":232,"tokenid":"9f802e542b341acf97d0213f7f4fbe9d","tokenurl":"/mcm/api/land?token=9f802e542b341acf97d0213f7f4fbe9d","imageurl":"/mcm/images/land/1A/1441_55e9de954572.jpg","landname":"150"}]]],0,0,[],[],[]]
