[1,0,0,[["cc.JsonAsset",["_name","json"],1]],[[0,0,1,3]],[[0,"314",[{"id":281474984509591,"level":1,"status":1,"posx":32,"posy":5,"cityid":119,"townid":314,"tokenid":"2cb2d5238299db5d54dfc70c407d7074","tokenurl":"/mcm/api/land?token=2cb2d5238299db5d54dfc70c407d7074","imageurl":"/mcm/images/land/2S/4832_6bfede89195.jpg","landname":"1"},{"id":281474984509592,"level":1,"status":0,"posx":33,"posy":5,"cityid":119,"townid":314,"tokenid":"037de35efc60e6a2f3386551053ad5a4","tokenurl":"/mcm/api/land?token=037de35efc60e6a2f3386551053ad5a4","imageurl":"/mcm/images/land/2S/4833_bd764232f3a.jpg","landname":"2"},{"id":281474984509593,"level":1,"status":1,"posx":5,"posy":6,"cityid":119,"townid":314,"tokenid":"e3047d301ce6728b8eda94956f1dcd6e","tokenurl":"/mcm/api/land?token=e3047d301ce6728b8eda94956f1dcd6e","imageurl":"/mcm/images/land/2S/4834_1c7fec1b9f2d.jpg","landname":"3"},{"id":281474984509594,"level":1,"status":0,"posx":6,"posy":6,"cityid":119,"townid":314,"tokenid":"937602b83a28f524ac2c3c29cdc91967","tokenurl":"/mcm/api/land?token=937602b83a28f524ac2c3c29cdc91967","imageurl":"/mcm/images/land/2S/4835_cd9041bc2f5.jpg","landname":"4"},{"id":281474984509595,"level":3,"status":0,"posx":21,"posy":6,"cityid":119,"townid":314,"tokenid":"4a433b7845455711bd369eb99308da42","tokenurl":"/mcm/api/land?token=4a433b7845455711bd369eb99308da42","imageurl":"/mcm/images/land/2B/12077_31d18c24228d.jpg","landname":"5"},{"id":281474984509596,"level":2,"status":0,"posx":22,"posy":6,"cityid":119,"townid":314,"tokenid":"81adbad5194392dab03bdf024f858ce3","tokenurl":"/mcm/api/land?token=81adbad5194392dab03bdf024f858ce3","imageurl":"/mcm/images/land/2A/7247_500d85c3a49.jpg","landname":"6"},{"id":281474984509597,"level":3,"status":1,"posx":23,"posy":6,"cityid":119,"townid":314,"tokenid":"ecd5221a20d9796e5f27f11158a18f9b","tokenurl":"/mcm/api/land?token=ecd5221a20d9796e5f27f11158a18f9b","imageurl":"/mcm/images/land/2B/12078_5894454d8292.jpg","landname":"7"},{"id":281474984509598,"level":1,"status":0,"posx":24,"posy":6,"cityid":119,"townid":314,"tokenid":"26774afdad437ac1273bd3217ec484c9","tokenurl":"/mcm/api/land?token=26774afdad437ac1273bd3217ec484c9","imageurl":"/mcm/images/land/2S/4836_16ad7877fe5.jpg","landname":"8"},{"id":281474984509599,"level":3,"status":0,"posx":25,"posy":6,"cityid":119,"townid":314,"tokenid":"49a6364287f75a91019d02debdf80abc","tokenurl":"/mcm/api/land?token=49a6364287f75a91019d02debdf80abc","imageurl":"/mcm/images/land/2B/12079_34c802e6eb27.jpg","landname":"9"},{"id":281474984509600,"level":2,"status":0,"posx":32,"posy":6,"cityid":119,"townid":314,"tokenid":"4f97d205a08c12bfa3e20e80a52bb15e","tokenurl":"/mcm/api/land?token=4f97d205a08c12bfa3e20e80a52bb15e","imageurl":"/mcm/images/land/2A/7248_4fc3d90a80e5.jpg","landname":"10"},{"id":281474984509601,"level":1,"status":1,"posx":33,"posy":6,"cityid":119,"townid":314,"tokenid":"082f538c4a2974d52ca54a8207f36ffd","tokenurl":"/mcm/api/land?token=082f538c4a2974d52ca54a8207f36ffd","imageurl":"/mcm/images/land/2S/4837_39cc4e053dd7.jpg","landname":"11"},{"id":281474984509602,"level":1,"status":0,"posx":5,"posy":7,"cityid":119,"townid":314,"tokenid":"d62f8680652f2e83881c2a7cbfb8b19d","tokenurl":"/mcm/api/land?token=d62f8680652f2e83881c2a7cbfb8b19d","imageurl":"/mcm/images/land/2S/4838_312cab8b8b77.jpg","landname":"12"},{"id":281474984509603,"level":3,"status":1,"posx":6,"posy":7,"cityid":119,"townid":314,"tokenid":"76b951bf72ff7e806e896eed92cf6699","tokenurl":"/mcm/api/land?token=76b951bf72ff7e806e896eed92cf6699","imageurl":"/mcm/images/land/2B/12080_3d456ec5f954.jpg","landname":"13"},{"id":281474984509604,"level":2,"status":1,"posx":21,"posy":7,"cityid":119,"townid":314,"tokenid":"c5bd782e8afe3406aff62de1b712bf5d","tokenurl":"/mcm/api/land?token=c5bd782e8afe3406aff62de1b712bf5d","imageurl":"/mcm/images/land/2A/7249_2ac2d57b0cfb.jpg","landname":"14"},{"id":281474984509605,"level":1,"status":1,"posx":22,"posy":7,"cityid":119,"townid":314,"tokenid":"a8f36177a3ae348227aecad8939925ab","tokenurl":"/mcm/api/land?token=a8f36177a3ae348227aecad8939925ab","imageurl":"/mcm/images/land/2S/4839_10d607ace53a.jpg","landname":"15"},{"id":281474984509606,"level":2,"status":0,"posx":23,"posy":7,"cityid":119,"townid":314,"tokenid":"1a2c8a325653c8c499ab4e02edf11bb3","tokenurl":"/mcm/api/land?token=1a2c8a325653c8c499ab4e02edf11bb3","imageurl":"/mcm/images/land/2A/7250_19d20d019681.jpg","landname":"16"},{"id":281474984509607,"level":2,"status":1,"posx":24,"posy":7,"cityid":119,"townid":314,"tokenid":"eb296b1d0aa6078e87c5dbdf4be34dd9","tokenurl":"/mcm/api/land?token=eb296b1d0aa6078e87c5dbdf4be34dd9","imageurl":"/mcm/images/land/2A/7251_2873fec9d777.jpg","landname":"17"},{"id":281474984509608,"level":2,"status":1,"posx":25,"posy":7,"cityid":119,"townid":314,"tokenid":"e629ba5a287b8400088d8ca3111bfbbc","tokenurl":"/mcm/api/land?token=e629ba5a287b8400088d8ca3111bfbbc","imageurl":"/mcm/images/land/2A/7252_2e182929f562.jpg","landname":"18"},{"id":281474984509609,"level":2,"status":1,"posx":32,"posy":7,"cityid":119,"townid":314,"tokenid":"94f6847b049239168bc8eb9a8d678b8c","tokenurl":"/mcm/api/land?token=94f6847b049239168bc8eb9a8d678b8c","imageurl":"/mcm/images/land/2A/7253_535513e912af.jpg","landname":"19"},{"id":281474984509610,"level":3,"status":1,"posx":33,"posy":7,"cityid":119,"townid":314,"tokenid":"793b357ed4f75c33da1fcdd6e5d6cd57","tokenurl":"/mcm/api/land?token=793b357ed4f75c33da1fcdd6e5d6cd57","imageurl":"/mcm/images/land/2B/12081_c988d938de2.jpg","landname":"20"},{"id":281474984509611,"level":3,"status":1,"posx":5,"posy":8,"cityid":119,"townid":314,"tokenid":"58a378a9ba525e7790e9fb1bf92410b5","tokenurl":"/mcm/api/land?token=58a378a9ba525e7790e9fb1bf92410b5","imageurl":"/mcm/images/land/2B/12082_5902cf56b2e1.jpg","landname":"21"},{"id":281474984509612,"level":3,"status":0,"posx":6,"posy":8,"cityid":119,"townid":314,"tokenid":"f708f2876a8bf4c6d03708f3d6a42e72","tokenurl":"/mcm/api/land?token=f708f2876a8bf4c6d03708f3d6a42e72","imageurl":"/mcm/images/land/2B/12083_92ecaf7cf6.jpg","landname":"22"},{"id":281474984509613,"level":1,"status":0,"posx":32,"posy":8,"cityid":119,"townid":314,"tokenid":"629862d7ad1d86800325074f240e3d56","tokenurl":"/mcm/api/land?token=629862d7ad1d86800325074f240e3d56","imageurl":"/mcm/images/land/2S/4840_1c6469a53942.jpg","landname":"23"},{"id":281474984509614,"level":3,"status":0,"posx":33,"posy":8,"cityid":119,"townid":314,"tokenid":"ea381ed4309037e84725a075401db77b","tokenurl":"/mcm/api/land?token=ea381ed4309037e84725a075401db77b","imageurl":"/mcm/images/land/2B/12084_216b7a6c4dc4.jpg","landname":"24"},{"id":281474984509615,"level":1,"status":1,"posx":5,"posy":9,"cityid":119,"townid":314,"tokenid":"d51958c8705993d5a3b91ab3ff2818f4","tokenurl":"/mcm/api/land?token=d51958c8705993d5a3b91ab3ff2818f4","imageurl":"/mcm/images/land/2S/4841_3923956a0d31.jpg","landname":"25"},{"id":281474984509616,"level":3,"status":1,"posx":6,"posy":9,"cityid":119,"townid":314,"tokenid":"680f13109cff40d5813df1c7d6a5ff92","tokenurl":"/mcm/api/land?token=680f13109cff40d5813df1c7d6a5ff92","imageurl":"/mcm/images/land/2B/12085_4d35e30ee84c.jpg","landname":"26"},{"id":281474984509617,"level":3,"status":1,"posx":32,"posy":9,"cityid":119,"townid":314,"tokenid":"25ae325f6980b5a4b870a43ef6126eee","tokenurl":"/mcm/api/land?token=25ae325f6980b5a4b870a43ef6126eee","imageurl":"/mcm/images/land/2B/12086_658a6bc0e3f.jpg","landname":"27"},{"id":281474984509618,"level":3,"status":0,"posx":33,"posy":9,"cityid":119,"townid":314,"tokenid":"ced1e48eb14b8237ac8c793f8722230c","tokenurl":"/mcm/api/land?token=ced1e48eb14b8237ac8c793f8722230c","imageurl":"/mcm/images/land/2B/12087_561f24087067.jpg","landname":"28"},{"id":281474984509619,"level":3,"status":1,"posx":5,"posy":10,"cityid":119,"townid":314,"tokenid":"a5ec18636af0c9a1259f73cbcca6e3f7","tokenurl":"/mcm/api/land?token=a5ec18636af0c9a1259f73cbcca6e3f7","imageurl":"/mcm/images/land/2B/12088_2095011ea5da.jpg","landname":"29"},{"id":281474984509620,"level":1,"status":1,"posx":6,"posy":10,"cityid":119,"townid":314,"tokenid":"45720c6ba6a326c67cd0e5d2665c74e1","tokenurl":"/mcm/api/land?token=45720c6ba6a326c67cd0e5d2665c74e1","imageurl":"/mcm/images/land/2S/4842_a4dd7fcc844.jpg","landname":"30"},{"id":281474984509621,"level":3,"status":1,"posx":8,"posy":10,"cityid":119,"townid":314,"tokenid":"0288df76b6c3a9178039934e1e4528cc","tokenurl":"/mcm/api/land?token=0288df76b6c3a9178039934e1e4528cc","imageurl":"/mcm/images/land/2B/12089_29dbc308daa2.jpg","landname":"31"},{"id":281474984509622,"level":1,"status":1,"posx":9,"posy":10,"cityid":119,"townid":314,"tokenid":"64343ef80d3434e80b1c1373ead17bed","tokenurl":"/mcm/api/land?token=64343ef80d3434e80b1c1373ead17bed","imageurl":"/mcm/images/land/2S/4843_110e365ea9dc.jpg","landname":"32"},{"id":281474984509623,"level":3,"status":0,"posx":23,"posy":10,"cityid":119,"townid":314,"tokenid":"811cec652e65b15b2797c7353573c71e","tokenurl":"/mcm/api/land?token=811cec652e65b15b2797c7353573c71e","imageurl":"/mcm/images/land/2B/12090_2b421cfd88f8.jpg","landname":"33"},{"id":281474984509624,"level":3,"status":0,"posx":24,"posy":10,"cityid":119,"townid":314,"tokenid":"eeea3987328f09115e2b61d1cc952773","tokenurl":"/mcm/api/land?token=eeea3987328f09115e2b61d1cc952773","imageurl":"/mcm/images/land/2B/12091_1b69e98b4c38.jpg","landname":"34"},{"id":281474984509625,"level":3,"status":0,"posx":8,"posy":11,"cityid":119,"townid":314,"tokenid":"a76a62235bd6e3b41e9efcfb42521f26","tokenurl":"/mcm/api/land?token=a76a62235bd6e3b41e9efcfb42521f26","imageurl":"/mcm/images/land/2B/12092_2aac1f73ebdb.jpg","landname":"35"},{"id":281474984509626,"level":3,"status":1,"posx":9,"posy":11,"cityid":119,"townid":314,"tokenid":"3dc9be7557b1efc8a54daf48602248d4","tokenurl":"/mcm/api/land?token=3dc9be7557b1efc8a54daf48602248d4","imageurl":"/mcm/images/land/2B/12093_12c479d01787.jpg","landname":"36"},{"id":281474984509627,"level":2,"status":1,"posx":23,"posy":11,"cityid":119,"townid":314,"tokenid":"5e3e8c4cc598a185f0bd19c1e80118a2","tokenurl":"/mcm/api/land?token=5e3e8c4cc598a185f0bd19c1e80118a2","imageurl":"/mcm/images/land/2A/7254_29536c3b793c.jpg","landname":"37"},{"id":281474984509628,"level":2,"status":0,"posx":24,"posy":11,"cityid":119,"townid":314,"tokenid":"2c1207b6cda62b01c7e25c6dbda1ab32","tokenurl":"/mcm/api/land?token=2c1207b6cda62b01c7e25c6dbda1ab32","imageurl":"/mcm/images/land/2A/7255_3668ec7c1415.jpg","landname":"38"},{"id":281474984509629,"level":3,"status":1,"posx":8,"posy":12,"cityid":119,"townid":314,"tokenid":"5b16fe8c702ef6460862a277c12c475e","tokenurl":"/mcm/api/land?token=5b16fe8c702ef6460862a277c12c475e","imageurl":"/mcm/images/land/2B/12094_4b4e20c77e5b.jpg","landname":"39"},{"id":281474984509630,"level":3,"status":0,"posx":9,"posy":12,"cityid":119,"townid":314,"tokenid":"94f570630352df8e032a06ab4d401361","tokenurl":"/mcm/api/land?token=94f570630352df8e032a06ab4d401361","imageurl":"/mcm/images/land/2B/12095_554ec76467a3.jpg","landname":"40"},{"id":281474984509631,"level":3,"status":0,"posx":23,"posy":12,"cityid":119,"townid":314,"tokenid":"75a1607af213ee686a7c17e5d08c225e","tokenurl":"/mcm/api/land?token=75a1607af213ee686a7c17e5d08c225e","imageurl":"/mcm/images/land/2B/12096_2e9a753e75bd.jpg","landname":"41"},{"id":281474984509632,"level":3,"status":1,"posx":24,"posy":12,"cityid":119,"townid":314,"tokenid":"d6396ec0b297cd6240c04402f1fdf06c","tokenurl":"/mcm/api/land?token=d6396ec0b297cd6240c04402f1fdf06c","imageurl":"/mcm/images/land/2B/12097_cada7090fc0.jpg","landname":"42"},{"id":281474984509633,"level":3,"status":0,"posx":32,"posy":12,"cityid":119,"townid":314,"tokenid":"dd27d7b7de3cdbc9e5afaae564dda3ea","tokenurl":"/mcm/api/land?token=dd27d7b7de3cdbc9e5afaae564dda3ea","imageurl":"/mcm/images/land/2B/12098_2b19463cb69b.jpg","landname":"43"},{"id":281474984509634,"level":3,"status":1,"posx":33,"posy":12,"cityid":119,"townid":314,"tokenid":"cb6104cd80dc8ae5b811ed1e7d28c1eb","tokenurl":"/mcm/api/land?token=cb6104cd80dc8ae5b811ed1e7d28c1eb","imageurl":"/mcm/images/land/2B/12099_2f9a2c3aa63f.jpg","landname":"44"},{"id":281474984509635,"level":2,"status":1,"posx":8,"posy":13,"cityid":119,"townid":314,"tokenid":"64f9a5bdfebf6e727f96ca1fd577f1a4","tokenurl":"/mcm/api/land?token=64f9a5bdfebf6e727f96ca1fd577f1a4","imageurl":"/mcm/images/land/2A/7256_5348fc4e0150.jpg","landname":"45"},{"id":281474984509636,"level":3,"status":0,"posx":9,"posy":13,"cityid":119,"townid":314,"tokenid":"d5dc1bba5aa866cd36d70dee9fbe47b6","tokenurl":"/mcm/api/land?token=d5dc1bba5aa866cd36d70dee9fbe47b6","imageurl":"/mcm/images/land/2B/12100_22354485adf3.jpg","landname":"46"},{"id":281474984509637,"level":3,"status":0,"posx":23,"posy":13,"cityid":119,"townid":314,"tokenid":"62d7f059b829535430426a84c052e80f","tokenurl":"/mcm/api/land?token=62d7f059b829535430426a84c052e80f","imageurl":"/mcm/images/land/2B/12101_5053e5183c13.jpg","landname":"47"},{"id":281474984509638,"level":2,"status":0,"posx":24,"posy":13,"cityid":119,"townid":314,"tokenid":"5dfcd966fa7da2cb17b5e81ad654f684","tokenurl":"/mcm/api/land?token=5dfcd966fa7da2cb17b5e81ad654f684","imageurl":"/mcm/images/land/2A/7257_2d2dba572c98.jpg","landname":"48"},{"id":281474984509639,"level":2,"status":1,"posx":32,"posy":13,"cityid":119,"townid":314,"tokenid":"7545836e343a285778c5bafafceee888","tokenurl":"/mcm/api/land?token=7545836e343a285778c5bafafceee888","imageurl":"/mcm/images/land/2A/7258_4ddfde98dc76.jpg","landname":"49"},{"id":281474984509640,"level":3,"status":1,"posx":33,"posy":13,"cityid":119,"townid":314,"tokenid":"35d5c7ef5e02c2a2a7622027a1448444","tokenurl":"/mcm/api/land?token=35d5c7ef5e02c2a2a7622027a1448444","imageurl":"/mcm/images/land/2B/12102_17fa48bd40f0.jpg","landname":"50"},{"id":281474984509641,"level":1,"status":1,"posx":8,"posy":14,"cityid":119,"townid":314,"tokenid":"49fdcb14e9ff8f5b5cec984c39b080bd","tokenurl":"/mcm/api/land?token=49fdcb14e9ff8f5b5cec984c39b080bd","imageurl":"/mcm/images/land/2S/4844_2874b9acd7db.jpg","landname":"51"},{"id":281474984509642,"level":2,"status":0,"posx":9,"posy":14,"cityid":119,"townid":314,"tokenid":"a19ec306736abbc67706b86c71219e9d","tokenurl":"/mcm/api/land?token=a19ec306736abbc67706b86c71219e9d","imageurl":"/mcm/images/land/2A/7259_20639ab1e2bf.jpg","landname":"52"},{"id":281474984509643,"level":3,"status":0,"posx":23,"posy":14,"cityid":119,"townid":314,"tokenid":"bb62d2e00b556ec871096a13328a5693","tokenurl":"/mcm/api/land?token=bb62d2e00b556ec871096a13328a5693","imageurl":"/mcm/images/land/2B/12103_22dd31448902.jpg","landname":"53"},{"id":281474984509644,"level":3,"status":0,"posx":24,"posy":14,"cityid":119,"townid":314,"tokenid":"e6f97bbf83fc36c3d7109bb03b9ab5a7","tokenurl":"/mcm/api/land?token=e6f97bbf83fc36c3d7109bb03b9ab5a7","imageurl":"/mcm/images/land/2B/12104_10cd5694cce2.jpg","landname":"54"},{"id":281474984509645,"level":1,"status":0,"posx":32,"posy":14,"cityid":119,"townid":314,"tokenid":"4901522ece93126d2d4c2044e84df8ae","tokenurl":"/mcm/api/land?token=4901522ece93126d2d4c2044e84df8ae","imageurl":"/mcm/images/land/2S/4845_335f30c9d659.jpg","landname":"55"},{"id":281474984509646,"level":2,"status":1,"posx":33,"posy":14,"cityid":119,"townid":314,"tokenid":"e96bb7a4a313ad16932c471ee205729b","tokenurl":"/mcm/api/land?token=e96bb7a4a313ad16932c471ee205729b","imageurl":"/mcm/images/land/2A/7260_3b554150c6e8.jpg","landname":"56"},{"id":281474984509647,"level":2,"status":1,"posx":32,"posy":15,"cityid":119,"townid":314,"tokenid":"5742a37494eed10803ce39ff27515ca0","tokenurl":"/mcm/api/land?token=5742a37494eed10803ce39ff27515ca0","imageurl":"/mcm/images/land/2A/7261_2d6a96201d31.jpg","landname":"57"},{"id":281474984509648,"level":3,"status":1,"posx":33,"posy":15,"cityid":119,"townid":314,"tokenid":"21ad2fb5a2d04b1152732bb22de6bc53","tokenurl":"/mcm/api/land?token=21ad2fb5a2d04b1152732bb22de6bc53","imageurl":"/mcm/images/land/2B/12105_52ed484a58a3.jpg","landname":"58"},{"id":281474984509649,"level":2,"status":0,"posx":8,"posy":16,"cityid":119,"townid":314,"tokenid":"10042d212cb1e7519e4935b805688a34","tokenurl":"/mcm/api/land?token=10042d212cb1e7519e4935b805688a34","imageurl":"/mcm/images/land/2A/7262_efcc7cc09f4.jpg","landname":"59"},{"id":281474984509650,"level":3,"status":0,"posx":9,"posy":16,"cityid":119,"townid":314,"tokenid":"bdfddb5ee1e180181c3a1cf5b53c72be","tokenurl":"/mcm/api/land?token=bdfddb5ee1e180181c3a1cf5b53c72be","imageurl":"/mcm/images/land/2B/12106_53c34008f93a.jpg","landname":"60"},{"id":281474984509651,"level":3,"status":0,"posx":32,"posy":16,"cityid":119,"townid":314,"tokenid":"69ecf61d13dd785ccbfff2dd8631dce3","tokenurl":"/mcm/api/land?token=69ecf61d13dd785ccbfff2dd8631dce3","imageurl":"/mcm/images/land/2B/12107_1d12ea580f1f.jpg","landname":"61"},{"id":281474984509652,"level":3,"status":0,"posx":33,"posy":16,"cityid":119,"townid":314,"tokenid":"6306bd585b3f5b96c54551c16effc47d","tokenurl":"/mcm/api/land?token=6306bd585b3f5b96c54551c16effc47d","imageurl":"/mcm/images/land/2B/12108_46eecf752466.jpg","landname":"62"},{"id":281474984509653,"level":2,"status":1,"posx":8,"posy":17,"cityid":119,"townid":314,"tokenid":"86b32d8e57f5f0e280c120f0bcfd88ea","tokenurl":"/mcm/api/land?token=86b32d8e57f5f0e280c120f0bcfd88ea","imageurl":"/mcm/images/land/2A/7263_3428ea228aa6.jpg","landname":"63"},{"id":281474984509654,"level":3,"status":0,"posx":9,"posy":17,"cityid":119,"townid":314,"tokenid":"7b7b65925004663cfa959dcca7a1c88c","tokenurl":"/mcm/api/land?token=7b7b65925004663cfa959dcca7a1c88c","imageurl":"/mcm/images/land/2B/12109_105748fe742f.jpg","landname":"64"},{"id":281474984509655,"level":3,"status":0,"posx":8,"posy":18,"cityid":119,"townid":314,"tokenid":"c512b4ffecb7e69039767bb7994f33d6","tokenurl":"/mcm/api/land?token=c512b4ffecb7e69039767bb7994f33d6","imageurl":"/mcm/images/land/2B/12110_31d106d2acf.jpg","landname":"65"},{"id":281474984509656,"level":3,"status":0,"posx":9,"posy":18,"cityid":119,"townid":314,"tokenid":"110f5b80f108344264f964c84ad42213","tokenurl":"/mcm/api/land?token=110f5b80f108344264f964c84ad42213","imageurl":"/mcm/images/land/2B/12111_1e0c30398298.jpg","landname":"66"},{"id":281474984509657,"level":1,"status":0,"posx":20,"posy":18,"cityid":119,"townid":314,"tokenid":"4fa4cfb672842dd62a4626881a0eca44","tokenurl":"/mcm/api/land?token=4fa4cfb672842dd62a4626881a0eca44","imageurl":"/mcm/images/land/2S/4846_3af6e717db1d.jpg","landname":"67"},{"id":281474984509658,"level":3,"status":1,"posx":21,"posy":18,"cityid":119,"townid":314,"tokenid":"432caaa3f343de42e1bc751f96873afc","tokenurl":"/mcm/api/land?token=432caaa3f343de42e1bc751f96873afc","imageurl":"/mcm/images/land/2B/12112_1568804ddad9.jpg","landname":"68"},{"id":281474984509659,"level":3,"status":1,"posx":25,"posy":18,"cityid":119,"townid":314,"tokenid":"8deaae1f3d99eb4bca1cfbedb3b3c6a7","tokenurl":"/mcm/api/land?token=8deaae1f3d99eb4bca1cfbedb3b3c6a7","imageurl":"/mcm/images/land/2B/12113_128bb3262a2d.jpg","landname":"69"},{"id":281474984509660,"level":2,"status":0,"posx":26,"posy":18,"cityid":119,"townid":314,"tokenid":"4605016d6156116a87ba3a777da90c6e","tokenurl":"/mcm/api/land?token=4605016d6156116a87ba3a777da90c6e","imageurl":"/mcm/images/land/2A/7264_297b70ff8f22.jpg","landname":"70"},{"id":281474984509661,"level":2,"status":0,"posx":8,"posy":19,"cityid":119,"townid":314,"tokenid":"fe620af8e9d4ba8642d2a4bb0ae7a02d","tokenurl":"/mcm/api/land?token=fe620af8e9d4ba8642d2a4bb0ae7a02d","imageurl":"/mcm/images/land/2A/7265_1de92b110c04.jpg","landname":"71"},{"id":281474984509662,"level":3,"status":1,"posx":9,"posy":19,"cityid":119,"townid":314,"tokenid":"c8cd31132fb8186e00878b0371d7cb2b","tokenurl":"/mcm/api/land?token=c8cd31132fb8186e00878b0371d7cb2b","imageurl":"/mcm/images/land/2B/12114_4f90520a2357.jpg","landname":"72"},{"id":281474984509663,"level":2,"status":0,"posx":20,"posy":19,"cityid":119,"townid":314,"tokenid":"754c5e58d30cc771a08e317ee1bf5b12","tokenurl":"/mcm/api/land?token=754c5e58d30cc771a08e317ee1bf5b12","imageurl":"/mcm/images/land/2A/7266_310c95a3122b.jpg","landname":"73"},{"id":281474984509664,"level":1,"status":0,"posx":21,"posy":19,"cityid":119,"townid":314,"tokenid":"58ed355687791b0c0bebb692f9372e71","tokenurl":"/mcm/api/land?token=58ed355687791b0c0bebb692f9372e71","imageurl":"/mcm/images/land/2S/4847_4856fb9d8b55.jpg","landname":"74"},{"id":281474984509665,"level":3,"status":0,"posx":25,"posy":19,"cityid":119,"townid":314,"tokenid":"68d9d59f6cf413ee90d2fced7313ac70","tokenurl":"/mcm/api/land?token=68d9d59f6cf413ee90d2fced7313ac70","imageurl":"/mcm/images/land/2B/12115_382da9398e02.jpg","landname":"75"},{"id":281474984509666,"level":2,"status":1,"posx":26,"posy":19,"cityid":119,"townid":314,"tokenid":"638702562efe1fcb8bfc9f146c0c4984","tokenurl":"/mcm/api/land?token=638702562efe1fcb8bfc9f146c0c4984","imageurl":"/mcm/images/land/2A/7267_2ee204c68e36.jpg","landname":"76"},{"id":281474984509667,"level":3,"status":0,"posx":8,"posy":20,"cityid":119,"townid":314,"tokenid":"07c1fd6c33322d0aae1d73df56fa7942","tokenurl":"/mcm/api/land?token=07c1fd6c33322d0aae1d73df56fa7942","imageurl":"/mcm/images/land/2B/12116_2b11300e1c72.jpg","landname":"77"},{"id":281474984509668,"level":2,"status":1,"posx":9,"posy":20,"cityid":119,"townid":314,"tokenid":"04b2626e1ac52b3e1e0e91cc88d27d83","tokenurl":"/mcm/api/land?token=04b2626e1ac52b3e1e0e91cc88d27d83","imageurl":"/mcm/images/land/2A/7268_15af368f6491.jpg","landname":"78"},{"id":281474984509669,"level":2,"status":0,"posx":20,"posy":20,"cityid":119,"townid":314,"tokenid":"7d240166e7bcc911a63bc55debc37b6b","tokenurl":"/mcm/api/land?token=7d240166e7bcc911a63bc55debc37b6b","imageurl":"/mcm/images/land/2A/7269_3ab35c223f24.jpg","landname":"79"},{"id":281474984509670,"level":1,"status":0,"posx":21,"posy":20,"cityid":119,"townid":314,"tokenid":"a94624ee7ad81ca2549c1e279c6ad5ac","tokenurl":"/mcm/api/land?token=a94624ee7ad81ca2549c1e279c6ad5ac","imageurl":"/mcm/images/land/2S/4848_e232b96d48f.jpg","landname":"80"},{"id":281474984509671,"level":2,"status":1,"posx":25,"posy":20,"cityid":119,"townid":314,"tokenid":"0161113cb8d03f2996cd2c25ab88e2e0","tokenurl":"/mcm/api/land?token=0161113cb8d03f2996cd2c25ab88e2e0","imageurl":"/mcm/images/land/2A/7270_412beb9d2353.jpg","landname":"81"},{"id":281474984509672,"level":3,"status":1,"posx":26,"posy":20,"cityid":119,"townid":314,"tokenid":"8968f200ed47c6b6505369a862f48446","tokenurl":"/mcm/api/land?token=8968f200ed47c6b6505369a862f48446","imageurl":"/mcm/images/land/2B/12117_430e3b2e396d.jpg","landname":"82"},{"id":281474984509673,"level":2,"status":1,"posx":31,"posy":20,"cityid":119,"townid":314,"tokenid":"15e299f6dfdd71e3e856b0489b4dc2be","tokenurl":"/mcm/api/land?token=15e299f6dfdd71e3e856b0489b4dc2be","imageurl":"/mcm/images/land/2A/7271_5609cf27de13.jpg","landname":"83"},{"id":281474984509674,"level":3,"status":1,"posx":32,"posy":20,"cityid":119,"townid":314,"tokenid":"9ca64581ba8337ae2224cd62c15e8bb2","tokenurl":"/mcm/api/land?token=9ca64581ba8337ae2224cd62c15e8bb2","imageurl":"/mcm/images/land/2B/12118_2cd4d73314ac.jpg","landname":"84"},{"id":281474984509675,"level":1,"status":1,"posx":20,"posy":21,"cityid":119,"townid":314,"tokenid":"1d04244fef3b94364bdfc2fd585c9d98","tokenurl":"/mcm/api/land?token=1d04244fef3b94364bdfc2fd585c9d98","imageurl":"/mcm/images/land/2S/4849_3334279cb2d8.jpg","landname":"85"},{"id":281474984509676,"level":1,"status":1,"posx":21,"posy":21,"cityid":119,"townid":314,"tokenid":"c2ae7c0d44d875387d42c9c31ab465be","tokenurl":"/mcm/api/land?token=c2ae7c0d44d875387d42c9c31ab465be","imageurl":"/mcm/images/land/2S/4850_5899ff949a28.jpg","landname":"86"},{"id":281474984509677,"level":3,"status":1,"posx":25,"posy":21,"cityid":119,"townid":314,"tokenid":"871219e0c350a5c0c4a74533159ca7bf","tokenurl":"/mcm/api/land?token=871219e0c350a5c0c4a74533159ca7bf","imageurl":"/mcm/images/land/2B/12119_33067a68e12f.jpg","landname":"87"},{"id":281474984509678,"level":1,"status":0,"posx":26,"posy":21,"cityid":119,"townid":314,"tokenid":"d650734ee87ea8fb76754a21bb2b7bb5","tokenurl":"/mcm/api/land?token=d650734ee87ea8fb76754a21bb2b7bb5","imageurl":"/mcm/images/land/2S/4851_16c4eddc9b2c.jpg","landname":"88"},{"id":281474984509679,"level":2,"status":0,"posx":31,"posy":21,"cityid":119,"townid":314,"tokenid":"656f3495e4548a1f7263f93bf18842b8","tokenurl":"/mcm/api/land?token=656f3495e4548a1f7263f93bf18842b8","imageurl":"/mcm/images/land/2A/7272_1498000b561d.jpg","landname":"89"},{"id":281474984509680,"level":2,"status":0,"posx":32,"posy":21,"cityid":119,"townid":314,"tokenid":"357af6fb7495d1c2ebe06c95eb31f70c","tokenurl":"/mcm/api/land?token=357af6fb7495d1c2ebe06c95eb31f70c","imageurl":"/mcm/images/land/2A/7273_3c04af821d2.jpg","landname":"90"},{"id":281474984509681,"level":3,"status":1,"posx":12,"posy":22,"cityid":119,"townid":314,"tokenid":"68bbac816727c95a08b666cb8172618b","tokenurl":"/mcm/api/land?token=68bbac816727c95a08b666cb8172618b","imageurl":"/mcm/images/land/2B/12120_3582f0413b5a.jpg","landname":"91"},{"id":281474984509682,"level":2,"status":0,"posx":13,"posy":22,"cityid":119,"townid":314,"tokenid":"52dcd758cc73828778ed5a115942c854","tokenurl":"/mcm/api/land?token=52dcd758cc73828778ed5a115942c854","imageurl":"/mcm/images/land/2A/7274_39b780b46de5.jpg","landname":"92"},{"id":281474984509683,"level":2,"status":1,"posx":20,"posy":22,"cityid":119,"townid":314,"tokenid":"27b998194b1ba5bf684849e49249be67","tokenurl":"/mcm/api/land?token=27b998194b1ba5bf684849e49249be67","imageurl":"/mcm/images/land/2A/7275_1a48d18ebbcb.jpg","landname":"93"},{"id":281474984509684,"level":3,"status":0,"posx":21,"posy":22,"cityid":119,"townid":314,"tokenid":"acfe8eadeb0cf4ba5bb450925327eac5","tokenurl":"/mcm/api/land?token=acfe8eadeb0cf4ba5bb450925327eac5","imageurl":"/mcm/images/land/2B/12121_494fbe8a9fe5.jpg","landname":"94"},{"id":281474984509685,"level":3,"status":1,"posx":25,"posy":22,"cityid":119,"townid":314,"tokenid":"94b1c249b3c87fab695eccd234863619","tokenurl":"/mcm/api/land?token=94b1c249b3c87fab695eccd234863619","imageurl":"/mcm/images/land/2B/12122_548cc3b1cf4d.jpg","landname":"95"},{"id":281474984509686,"level":3,"status":1,"posx":26,"posy":22,"cityid":119,"townid":314,"tokenid":"e82b39900783592b9e3e833e7d358a27","tokenurl":"/mcm/api/land?token=e82b39900783592b9e3e833e7d358a27","imageurl":"/mcm/images/land/2B/12123_2edca918144d.jpg","landname":"96"},{"id":281474984509687,"level":2,"status":0,"posx":31,"posy":22,"cityid":119,"townid":314,"tokenid":"6bb69df726c1534896ba238f7fbbc116","tokenurl":"/mcm/api/land?token=6bb69df726c1534896ba238f7fbbc116","imageurl":"/mcm/images/land/2A/7276_40c020b86b57.jpg","landname":"97"},{"id":281474984509688,"level":3,"status":0,"posx":32,"posy":22,"cityid":119,"townid":314,"tokenid":"b7936bbb95d3477248def1b55a9c8307","tokenurl":"/mcm/api/land?token=b7936bbb95d3477248def1b55a9c8307","imageurl":"/mcm/images/land/2B/12124_40c4771c224.jpg","landname":"98"},{"id":281474984509689,"level":3,"status":0,"posx":12,"posy":23,"cityid":119,"townid":314,"tokenid":"233fac0594fe5cca06ae71ea813fab2d","tokenurl":"/mcm/api/land?token=233fac0594fe5cca06ae71ea813fab2d","imageurl":"/mcm/images/land/2B/12125_4d1a912e3786.jpg","landname":"99"},{"id":281474984509690,"level":3,"status":1,"posx":13,"posy":23,"cityid":119,"townid":314,"tokenid":"90b76892e10fb59153917a4fcf58c439","tokenurl":"/mcm/api/land?token=90b76892e10fb59153917a4fcf58c439","imageurl":"/mcm/images/land/2B/12126_3e62a3b898b4.jpg","landname":"100"},{"id":281474984509691,"level":3,"status":0,"posx":31,"posy":23,"cityid":119,"townid":314,"tokenid":"b70a79be96b0e607970f6ab730bd530d","tokenurl":"/mcm/api/land?token=b70a79be96b0e607970f6ab730bd530d","imageurl":"/mcm/images/land/2B/12127_1e0fbf9e8b62.jpg","landname":"101"},{"id":281474984509692,"level":3,"status":1,"posx":32,"posy":23,"cityid":119,"townid":314,"tokenid":"c53019b3f7cc16933dc42d30130a1185","tokenurl":"/mcm/api/land?token=c53019b3f7cc16933dc42d30130a1185","imageurl":"/mcm/images/land/2B/12128_4cd99bc1ea22.jpg","landname":"102"},{"id":281474984509693,"level":3,"status":0,"posx":12,"posy":24,"cityid":119,"townid":314,"tokenid":"be757fee19e21e0dfc3d338e691b8acb","tokenurl":"/mcm/api/land?token=be757fee19e21e0dfc3d338e691b8acb","imageurl":"/mcm/images/land/2B/12129_52ee683f61b4.jpg","landname":"103"},{"id":281474984509694,"level":3,"status":1,"posx":13,"posy":24,"cityid":119,"townid":314,"tokenid":"123cb865009dfdd6efd9c9e133ab766c","tokenurl":"/mcm/api/land?token=123cb865009dfdd6efd9c9e133ab766c","imageurl":"/mcm/images/land/2B/12130_36ba83914bd4.jpg","landname":"104"},{"id":281474984509695,"level":3,"status":1,"posx":31,"posy":24,"cityid":119,"townid":314,"tokenid":"031549b8ac297ab644d40927ccfdbf5d","tokenurl":"/mcm/api/land?token=031549b8ac297ab644d40927ccfdbf5d","imageurl":"/mcm/images/land/2B/12131_aa9a0283216.jpg","landname":"105"},{"id":281474984509696,"level":1,"status":0,"posx":32,"posy":24,"cityid":119,"townid":314,"tokenid":"fcaf8636004fe850cdb80452658395b8","tokenurl":"/mcm/api/land?token=fcaf8636004fe850cdb80452658395b8","imageurl":"/mcm/images/land/2S/4852_3d6ff99bae6c.jpg","landname":"106"},{"id":281474984509697,"level":3,"status":1,"posx":12,"posy":25,"cityid":119,"townid":314,"tokenid":"5e215edc594bc192c6ef67dfa6a43b49","tokenurl":"/mcm/api/land?token=5e215edc594bc192c6ef67dfa6a43b49","imageurl":"/mcm/images/land/2B/12132_7753a5816b2.jpg","landname":"107"},{"id":281474984509698,"level":3,"status":1,"posx":13,"posy":25,"cityid":119,"townid":314,"tokenid":"f7780bf9743400b225854ec0e491ece4","tokenurl":"/mcm/api/land?token=f7780bf9743400b225854ec0e491ece4","imageurl":"/mcm/images/land/2B/12133_36acb4a278a3.jpg","landname":"108"},{"id":281474984509699,"level":2,"status":0,"posx":6,"posy":26,"cityid":119,"townid":314,"tokenid":"8943554794c4433689e5ef12a26c560b","tokenurl":"/mcm/api/land?token=8943554794c4433689e5ef12a26c560b","imageurl":"/mcm/images/land/2A/7277_2ec7e5b2ff6b.jpg","landname":"109"},{"id":281474984509700,"level":2,"status":0,"posx":7,"posy":26,"cityid":119,"townid":314,"tokenid":"f70d7c4ac776928e82bafd280ceb2de9","tokenurl":"/mcm/api/land?token=f70d7c4ac776928e82bafd280ceb2de9","imageurl":"/mcm/images/land/2A/7278_17760d974b7a.jpg","landname":"110"},{"id":281474984509701,"level":2,"status":0,"posx":9,"posy":26,"cityid":119,"townid":314,"tokenid":"c2b7c3fd52977dd5daa83628221061f1","tokenurl":"/mcm/api/land?token=c2b7c3fd52977dd5daa83628221061f1","imageurl":"/mcm/images/land/2A/7279_4add93d85b29.jpg","landname":"111"},{"id":281474984509702,"level":3,"status":1,"posx":10,"posy":26,"cityid":119,"townid":314,"tokenid":"c91fee533ebc495daa44e3f702b69482","tokenurl":"/mcm/api/land?token=c91fee533ebc495daa44e3f702b69482","imageurl":"/mcm/images/land/2B/12134_142e00eafd86.jpg","landname":"112"},{"id":281474984509703,"level":3,"status":0,"posx":12,"posy":26,"cityid":119,"townid":314,"tokenid":"fd928f14a3bcdf58d8df214f9abb3d33","tokenurl":"/mcm/api/land?token=fd928f14a3bcdf58d8df214f9abb3d33","imageurl":"/mcm/images/land/2B/12135_4521e09183a6.jpg","landname":"113"},{"id":281474984509704,"level":2,"status":0,"posx":13,"posy":26,"cityid":119,"townid":314,"tokenid":"70a1d78d32fb2df6d43d3abf595ebfea","tokenurl":"/mcm/api/land?token=70a1d78d32fb2df6d43d3abf595ebfea","imageurl":"/mcm/images/land/2A/7280_1d9c94d102c3.jpg","landname":"114"},{"id":281474984509705,"level":2,"status":1,"posx":6,"posy":27,"cityid":119,"townid":314,"tokenid":"0c58542da2b96adcfd425bed6e98732a","tokenurl":"/mcm/api/land?token=0c58542da2b96adcfd425bed6e98732a","imageurl":"/mcm/images/land/2A/7281_434748086d5d.jpg","landname":"115"},{"id":281474984509706,"level":3,"status":1,"posx":7,"posy":27,"cityid":119,"townid":314,"tokenid":"bc4d0373e69af5953460631d13593c43","tokenurl":"/mcm/api/land?token=bc4d0373e69af5953460631d13593c43","imageurl":"/mcm/images/land/2B/12136_18f34b82abab.jpg","landname":"116"},{"id":281474984509707,"level":1,"status":0,"posx":9,"posy":27,"cityid":119,"townid":314,"tokenid":"4f2e9b77ebe12f04a76ebcc3d1aa343a","tokenurl":"/mcm/api/land?token=4f2e9b77ebe12f04a76ebcc3d1aa343a","imageurl":"/mcm/images/land/2S/4853_54e10883e026.jpg","landname":"117"},{"id":281474984509708,"level":1,"status":1,"posx":10,"posy":27,"cityid":119,"townid":314,"tokenid":"b7345bbda6fe33fc837dbed80ab03d8a","tokenurl":"/mcm/api/land?token=b7345bbda6fe33fc837dbed80ab03d8a","imageurl":"/mcm/images/land/2S/4854_a02f3767f87.jpg","landname":"118"},{"id":281474984509709,"level":3,"status":1,"posx":23,"posy":27,"cityid":119,"townid":314,"tokenid":"e38905708517e72a8b7ea2a73555ed7b","tokenurl":"/mcm/api/land?token=e38905708517e72a8b7ea2a73555ed7b","imageurl":"/mcm/images/land/2B/12137_1c6b41de7834.jpg","landname":"119"},{"id":281474984509710,"level":1,"status":1,"posx":24,"posy":27,"cityid":119,"townid":314,"tokenid":"a0a3c903ce00b1f97d08427f132ee878","tokenurl":"/mcm/api/land?token=a0a3c903ce00b1f97d08427f132ee878","imageurl":"/mcm/images/land/2S/4855_159f1682bcc0.jpg","landname":"120"},{"id":281474984509711,"level":3,"status":0,"posx":6,"posy":28,"cityid":119,"townid":314,"tokenid":"259f9591d63d905f2e9577df7ad0ddad","tokenurl":"/mcm/api/land?token=259f9591d63d905f2e9577df7ad0ddad","imageurl":"/mcm/images/land/2B/12138_26527757a887.jpg","landname":"121"},{"id":281474984509712,"level":3,"status":0,"posx":7,"posy":28,"cityid":119,"townid":314,"tokenid":"0fc99d94fa176c696f65d5497e250a4f","tokenurl":"/mcm/api/land?token=0fc99d94fa176c696f65d5497e250a4f","imageurl":"/mcm/images/land/2B/12139_47b294742ef1.jpg","landname":"122"},{"id":281474984509713,"level":3,"status":0,"posx":9,"posy":28,"cityid":119,"townid":314,"tokenid":"4e6ec1107e0a6f651be3be6277c6dca0","tokenurl":"/mcm/api/land?token=4e6ec1107e0a6f651be3be6277c6dca0","imageurl":"/mcm/images/land/2B/12140_2f70da1375f5.jpg","landname":"123"},{"id":281474984509714,"level":2,"status":0,"posx":10,"posy":28,"cityid":119,"townid":314,"tokenid":"7c0c204aeffc1383fa31de2448792096","tokenurl":"/mcm/api/land?token=7c0c204aeffc1383fa31de2448792096","imageurl":"/mcm/images/land/2A/7282_1fcec514d7a1.jpg","landname":"124"},{"id":281474984509715,"level":1,"status":1,"posx":23,"posy":28,"cityid":119,"townid":314,"tokenid":"18ab80f3002a9a360f2d9c28a57a1d59","tokenurl":"/mcm/api/land?token=18ab80f3002a9a360f2d9c28a57a1d59","imageurl":"/mcm/images/land/2S/4856_1f9eece4ef1a.jpg","landname":"125"},{"id":281474984509716,"level":3,"status":0,"posx":24,"posy":28,"cityid":119,"townid":314,"tokenid":"48be656fa62fd61e42290ef648b55c23","tokenurl":"/mcm/api/land?token=48be656fa62fd61e42290ef648b55c23","imageurl":"/mcm/images/land/2B/12141_4e44c938020d.jpg","landname":"126"},{"id":281474984509717,"level":1,"status":1,"posx":32,"posy":28,"cityid":119,"townid":314,"tokenid":"489a9f1cc8bf3ef6c00593418c9eb979","tokenurl":"/mcm/api/land?token=489a9f1cc8bf3ef6c00593418c9eb979","imageurl":"/mcm/images/land/2S/4857_5370e96241b6.jpg","landname":"127"},{"id":281474984509718,"level":3,"status":0,"posx":33,"posy":28,"cityid":119,"townid":314,"tokenid":"2ef7b9a9207d5b61a561386117829202","tokenurl":"/mcm/api/land?token=2ef7b9a9207d5b61a561386117829202","imageurl":"/mcm/images/land/2B/12142_4fc322360153.jpg","landname":"128"},{"id":281474984509719,"level":2,"status":1,"posx":6,"posy":29,"cityid":119,"townid":314,"tokenid":"d746270000b2d1b2b1a7b79b55e789e1","tokenurl":"/mcm/api/land?token=d746270000b2d1b2b1a7b79b55e789e1","imageurl":"/mcm/images/land/2A/7283_5a03610bbe4e.jpg","landname":"129"},{"id":281474984509720,"level":3,"status":1,"posx":7,"posy":29,"cityid":119,"townid":314,"tokenid":"367cf82514b1bb0c6a4b08f3204f2e27","tokenurl":"/mcm/api/land?token=367cf82514b1bb0c6a4b08f3204f2e27","imageurl":"/mcm/images/land/2B/12143_184b05866233.jpg","landname":"130"},{"id":281474984509721,"level":3,"status":0,"posx":9,"posy":29,"cityid":119,"townid":314,"tokenid":"a4e3b3f82569847f6ba9cb72e9254006","tokenurl":"/mcm/api/land?token=a4e3b3f82569847f6ba9cb72e9254006","imageurl":"/mcm/images/land/2B/12144_5289d748c883.jpg","landname":"131"},{"id":281474984509722,"level":1,"status":0,"posx":10,"posy":29,"cityid":119,"townid":314,"tokenid":"cf6789bd69b18f9c639d6ad7575bafc2","tokenurl":"/mcm/api/land?token=cf6789bd69b18f9c639d6ad7575bafc2","imageurl":"/mcm/images/land/2S/4858_1ed6bcea0386.jpg","landname":"132"},{"id":281474984509723,"level":3,"status":1,"posx":23,"posy":29,"cityid":119,"townid":314,"tokenid":"67e25538673aabc614b29e3bee36840e","tokenurl":"/mcm/api/land?token=67e25538673aabc614b29e3bee36840e","imageurl":"/mcm/images/land/2B/12145_4902cd3f516f.jpg","landname":"133"},{"id":281474984509724,"level":2,"status":0,"posx":24,"posy":29,"cityid":119,"townid":314,"tokenid":"57d7940da6595ab5be8ff7a5ff1d2a7b","tokenurl":"/mcm/api/land?token=57d7940da6595ab5be8ff7a5ff1d2a7b","imageurl":"/mcm/images/land/2A/7284_4e354b2c2755.jpg","landname":"134"},{"id":281474984509725,"level":3,"status":0,"posx":32,"posy":29,"cityid":119,"townid":314,"tokenid":"e28a5cfd449418853fb07b76518ab7b8","tokenurl":"/mcm/api/land?token=e28a5cfd449418853fb07b76518ab7b8","imageurl":"/mcm/images/land/2B/12146_46916bd3c31b.jpg","landname":"135"},{"id":281474984509726,"level":3,"status":1,"posx":33,"posy":29,"cityid":119,"townid":314,"tokenid":"a841207b0ab75b43bf40c9a93b214d54","tokenurl":"/mcm/api/land?token=a841207b0ab75b43bf40c9a93b214d54","imageurl":"/mcm/images/land/2B/12147_20f3270db634.jpg","landname":"136"},{"id":281474984509727,"level":2,"status":0,"posx":6,"posy":30,"cityid":119,"townid":314,"tokenid":"963453bc652faba64566be4b116f7f72","tokenurl":"/mcm/api/land?token=963453bc652faba64566be4b116f7f72","imageurl":"/mcm/images/land/2A/7285_950a242d9e7.jpg","landname":"137"},{"id":281474984509728,"level":1,"status":0,"posx":7,"posy":30,"cityid":119,"townid":314,"tokenid":"996cff001699d7f42210b648614fb6d0","tokenurl":"/mcm/api/land?token=996cff001699d7f42210b648614fb6d0","imageurl":"/mcm/images/land/2S/4859_38b7fd66d4a8.jpg","landname":"138"},{"id":281474984509729,"level":3,"status":1,"posx":9,"posy":30,"cityid":119,"townid":314,"tokenid":"0aa5ece2168cd88856b87a48c5d664a5","tokenurl":"/mcm/api/land?token=0aa5ece2168cd88856b87a48c5d664a5","imageurl":"/mcm/images/land/2B/12148_52e4d84ec1c0.jpg","landname":"139"},{"id":281474984509730,"level":2,"status":1,"posx":10,"posy":30,"cityid":119,"townid":314,"tokenid":"96cfef302a807c83ea875928555bc906","tokenurl":"/mcm/api/land?token=96cfef302a807c83ea875928555bc906","imageurl":"/mcm/images/land/2A/7286_4c0a4f845b8b.jpg","landname":"140"},{"id":281474984509731,"level":2,"status":1,"posx":23,"posy":30,"cityid":119,"townid":314,"tokenid":"d9c6041e34b00d44e7feeb73c7514157","tokenurl":"/mcm/api/land?token=d9c6041e34b00d44e7feeb73c7514157","imageurl":"/mcm/images/land/2A/7287_4b7d2fe95598.jpg","landname":"141"},{"id":281474984509732,"level":2,"status":0,"posx":24,"posy":30,"cityid":119,"townid":314,"tokenid":"8047f2262e7b60def969e2747ad984a4","tokenurl":"/mcm/api/land?token=8047f2262e7b60def969e2747ad984a4","imageurl":"/mcm/images/land/2A/7288_522e04c249f0.jpg","landname":"142"},{"id":281474984509733,"level":1,"status":0,"posx":32,"posy":30,"cityid":119,"townid":314,"tokenid":"72549449194d118314488a89b94cad4e","tokenurl":"/mcm/api/land?token=72549449194d118314488a89b94cad4e","imageurl":"/mcm/images/land/2S/4860_4f9693b85925.jpg","landname":"143"},{"id":281474984509734,"level":2,"status":1,"posx":33,"posy":30,"cityid":119,"townid":314,"tokenid":"7aafa2194132b0a6fb13226ad0a31367","tokenurl":"/mcm/api/land?token=7aafa2194132b0a6fb13226ad0a31367","imageurl":"/mcm/images/land/2A/7289_1c381f52de58.jpg","landname":"144"},{"id":281474984509735,"level":3,"status":1,"posx":23,"posy":31,"cityid":119,"townid":314,"tokenid":"fe8fd643c28de589a289de51a51f9a4e","tokenurl":"/mcm/api/land?token=fe8fd643c28de589a289de51a51f9a4e","imageurl":"/mcm/images/land/2B/12149_2208c2673c94.jpg","landname":"145"},{"id":281474984509736,"level":3,"status":0,"posx":24,"posy":31,"cityid":119,"townid":314,"tokenid":"e186277442bfe17cf612fb1fdeea0f5d","tokenurl":"/mcm/api/land?token=e186277442bfe17cf612fb1fdeea0f5d","imageurl":"/mcm/images/land/2B/12150_57976d8d5104.jpg","landname":"146"},{"id":281474984509737,"level":3,"status":1,"posx":32,"posy":31,"cityid":119,"townid":314,"tokenid":"7593bca68a84ed7864de1d7bd6817c8f","tokenurl":"/mcm/api/land?token=7593bca68a84ed7864de1d7bd6817c8f","imageurl":"/mcm/images/land/2B/12151_4ab91a512469.jpg","landname":"147"},{"id":281474984509738,"level":1,"status":1,"posx":33,"posy":31,"cityid":119,"townid":314,"tokenid":"823a94bd3e844cb9deda509e1174cb3d","tokenurl":"/mcm/api/land?token=823a94bd3e844cb9deda509e1174cb3d","imageurl":"/mcm/images/land/2S/4861_581135416791.jpg","landname":"148"},{"id":281474984509739,"level":2,"status":1,"posx":32,"posy":32,"cityid":119,"townid":314,"tokenid":"187a0e07f26d8958c15be8666ed19633","tokenurl":"/mcm/api/land?token=187a0e07f26d8958c15be8666ed19633","imageurl":"/mcm/images/land/2A/7290_232624ebd23e.jpg","landname":"149"},{"id":281474984509740,"level":2,"status":1,"posx":33,"posy":32,"cityid":119,"townid":314,"tokenid":"61673432b1ddcce36fcc97555eb22501","tokenurl":"/mcm/api/land?token=61673432b1ddcce36fcc97555eb22501","imageurl":"/mcm/images/land/2A/7291_42231167f793.jpg","landname":"150"}]]],0,0,[],[],[]]
