[1,0,0,[["cc.JsonAsset",["_name","json"],1]],[[0,0,1,3]],[[0,"464",[{"id":281474989424791,"level":2,"status":1,"posx":15,"posy":5,"cityid":194,"townid":464,"tokenid":"b1d7bad5dfa1d83c25937bb2467c735c","tokenurl":"/mcm/api/land?token=b1d7bad5dfa1d83c25937bb2467c735c","imageurl":"/mcm/images/land/2A/13997_3436ea7f41ff.jpg","landname":"1"},{"id":281474989424792,"level":2,"status":1,"posx":16,"posy":5,"cityid":194,"townid":464,"tokenid":"8c8019e05320a564b585254111e880aa","tokenurl":"/mcm/api/land?token=8c8019e05320a564b585254111e880aa","imageurl":"/mcm/images/land/2A/13998_12818f29d2f5.jpg","landname":"2"},{"id":281474989424793,"level":3,"status":0,"posx":25,"posy":5,"cityid":194,"townid":464,"tokenid":"8e9868387f024c4b87ea387ed8641af1","tokenurl":"/mcm/api/land?token=8e9868387f024c4b87ea387ed8641af1","imageurl":"/mcm/images/land/2B/23327_46fcad69dc64.jpg","landname":"3"},{"id":281474989424794,"level":3,"status":0,"posx":26,"posy":5,"cityid":194,"townid":464,"tokenid":"5806c4a0a5dc129d01380904d0150f25","tokenurl":"/mcm/api/land?token=5806c4a0a5dc129d01380904d0150f25","imageurl":"/mcm/images/land/2B/23328_358cb5717a79.jpg","landname":"4"},{"id":281474989424795,"level":3,"status":1,"posx":6,"posy":6,"cityid":194,"townid":464,"tokenid":"4a98ee760b8048355c71fba0dcbcdffe","tokenurl":"/mcm/api/land?token=4a98ee760b8048355c71fba0dcbcdffe","imageurl":"/mcm/images/land/2B/23329_3f6780910142.jpg","landname":"5"},{"id":281474989424796,"level":1,"status":1,"posx":7,"posy":6,"cityid":194,"townid":464,"tokenid":"de9fbab8ac485aef5269365ec3f2751a","tokenurl":"/mcm/api/land?token=de9fbab8ac485aef5269365ec3f2751a","imageurl":"/mcm/images/land/2S/9332_16d29ece88d0.jpg","landname":"6"},{"id":281474989424797,"level":3,"status":1,"posx":15,"posy":6,"cityid":194,"townid":464,"tokenid":"c2d54a6f4bd3f5216fd5977bc84c6d23","tokenurl":"/mcm/api/land?token=c2d54a6f4bd3f5216fd5977bc84c6d23","imageurl":"/mcm/images/land/2B/23330_d279f163973.jpg","landname":"7"},{"id":281474989424798,"level":3,"status":0,"posx":16,"posy":6,"cityid":194,"townid":464,"tokenid":"73c4b4cf23081149078ed5d3a296d65d","tokenurl":"/mcm/api/land?token=73c4b4cf23081149078ed5d3a296d65d","imageurl":"/mcm/images/land/2B/23331_32500b87c5a6.jpg","landname":"8"},{"id":281474989424799,"level":3,"status":0,"posx":25,"posy":6,"cityid":194,"townid":464,"tokenid":"a4bfe237a6d488aef749d4dfade67de9","tokenurl":"/mcm/api/land?token=a4bfe237a6d488aef749d4dfade67de9","imageurl":"/mcm/images/land/2B/23332_44771a0a76d6.jpg","landname":"9"},{"id":281474989424800,"level":1,"status":1,"posx":26,"posy":6,"cityid":194,"townid":464,"tokenid":"9dc48a35df79bfec733fd732eb15a3de","tokenurl":"/mcm/api/land?token=9dc48a35df79bfec733fd732eb15a3de","imageurl":"/mcm/images/land/2S/9333_295125cecc84.jpg","landname":"10"},{"id":281474989424801,"level":2,"status":0,"posx":30,"posy":6,"cityid":194,"townid":464,"tokenid":"c067aa633d322663a2063b9d0e8d65a4","tokenurl":"/mcm/api/land?token=c067aa633d322663a2063b9d0e8d65a4","imageurl":"/mcm/images/land/2A/13999_358274e4aef3.jpg","landname":"11"},{"id":281474989424802,"level":3,"status":0,"posx":31,"posy":6,"cityid":194,"townid":464,"tokenid":"32f6f58c9a99489db2ab15dc8db62329","tokenurl":"/mcm/api/land?token=32f6f58c9a99489db2ab15dc8db62329","imageurl":"/mcm/images/land/2B/23333_50506b9ba579.jpg","landname":"12"},{"id":281474989424803,"level":3,"status":1,"posx":33,"posy":6,"cityid":194,"townid":464,"tokenid":"f33c46706266435a7870e7b8310a134d","tokenurl":"/mcm/api/land?token=f33c46706266435a7870e7b8310a134d","imageurl":"/mcm/images/land/2B/23334_7d3a3869255.jpg","landname":"13"},{"id":281474989424804,"level":2,"status":0,"posx":34,"posy":6,"cityid":194,"townid":464,"tokenid":"28a000af7ea39038a160b8d7544faadd","tokenurl":"/mcm/api/land?token=28a000af7ea39038a160b8d7544faadd","imageurl":"/mcm/images/land/2A/14000_cc473833aaa.jpg","landname":"14"},{"id":281474989424805,"level":3,"status":1,"posx":6,"posy":7,"cityid":194,"townid":464,"tokenid":"a50f3f1a073bb3fa458d86e20b195064","tokenurl":"/mcm/api/land?token=a50f3f1a073bb3fa458d86e20b195064","imageurl":"/mcm/images/land/2B/23335_488c1099733f.jpg","landname":"15"},{"id":281474989424806,"level":1,"status":0,"posx":7,"posy":7,"cityid":194,"townid":464,"tokenid":"d43a2c0b1b7e7b450f3fa7a50158b868","tokenurl":"/mcm/api/land?token=d43a2c0b1b7e7b450f3fa7a50158b868","imageurl":"/mcm/images/land/2S/9334_55057c819d36.jpg","landname":"16"},{"id":281474989424807,"level":2,"status":0,"posx":15,"posy":7,"cityid":194,"townid":464,"tokenid":"8207b5f8265084d0ef0063b58df89f40","tokenurl":"/mcm/api/land?token=8207b5f8265084d0ef0063b58df89f40","imageurl":"/mcm/images/land/2A/14001_326923efd715.jpg","landname":"17"},{"id":281474989424808,"level":3,"status":1,"posx":16,"posy":7,"cityid":194,"townid":464,"tokenid":"0fa29e965c43ff69b1408f953add1db2","tokenurl":"/mcm/api/land?token=0fa29e965c43ff69b1408f953add1db2","imageurl":"/mcm/images/land/2B/23336_3ad9e6169eef.jpg","landname":"18"},{"id":281474989424809,"level":2,"status":1,"posx":21,"posy":7,"cityid":194,"townid":464,"tokenid":"f78eeda866392a4643d9109528b8058d","tokenurl":"/mcm/api/land?token=f78eeda866392a4643d9109528b8058d","imageurl":"/mcm/images/land/2A/14002_360f65d26036.jpg","landname":"19"},{"id":281474989424810,"level":2,"status":0,"posx":22,"posy":7,"cityid":194,"townid":464,"tokenid":"fda3f1eec7e502d20d93b91243bbe107","tokenurl":"/mcm/api/land?token=fda3f1eec7e502d20d93b91243bbe107","imageurl":"/mcm/images/land/2A/14003_2b847824393a.jpg","landname":"20"},{"id":281474989424811,"level":2,"status":1,"posx":25,"posy":7,"cityid":194,"townid":464,"tokenid":"434d4a2871fcf3a3c6724515962a1e0b","tokenurl":"/mcm/api/land?token=434d4a2871fcf3a3c6724515962a1e0b","imageurl":"/mcm/images/land/2A/14004_3ef519509c6c.jpg","landname":"21"},{"id":281474989424812,"level":1,"status":1,"posx":26,"posy":7,"cityid":194,"townid":464,"tokenid":"3e3cdabc370116d8c89b57f22aa6d0f5","tokenurl":"/mcm/api/land?token=3e3cdabc370116d8c89b57f22aa6d0f5","imageurl":"/mcm/images/land/2S/9335_284bb298abb2.jpg","landname":"22"},{"id":281474989424813,"level":2,"status":0,"posx":30,"posy":7,"cityid":194,"townid":464,"tokenid":"5bcf0452e4b0939fb3ea380f20c0ab98","tokenurl":"/mcm/api/land?token=5bcf0452e4b0939fb3ea380f20c0ab98","imageurl":"/mcm/images/land/2A/14005_698f3df4b82.jpg","landname":"23"},{"id":281474989424814,"level":2,"status":1,"posx":31,"posy":7,"cityid":194,"townid":464,"tokenid":"51a5828ab0dac79d9ed595fbccc7bacc","tokenurl":"/mcm/api/land?token=51a5828ab0dac79d9ed595fbccc7bacc","imageurl":"/mcm/images/land/2A/14006_4da5a56f6d2e.jpg","landname":"24"},{"id":281474989424815,"level":1,"status":1,"posx":33,"posy":7,"cityid":194,"townid":464,"tokenid":"4b0d8cb9a7a03e59aeb07405691aa402","tokenurl":"/mcm/api/land?token=4b0d8cb9a7a03e59aeb07405691aa402","imageurl":"/mcm/images/land/2S/9336_1604c3868ed7.jpg","landname":"25"},{"id":281474989424816,"level":3,"status":0,"posx":34,"posy":7,"cityid":194,"townid":464,"tokenid":"193460cd39da5649028c29c5f592c6f3","tokenurl":"/mcm/api/land?token=193460cd39da5649028c29c5f592c6f3","imageurl":"/mcm/images/land/2B/23337_547b6611d97b.jpg","landname":"26"},{"id":281474989424817,"level":3,"status":1,"posx":6,"posy":8,"cityid":194,"townid":464,"tokenid":"340e61ca369202e413b5a7da9d3fc6b8","tokenurl":"/mcm/api/land?token=340e61ca369202e413b5a7da9d3fc6b8","imageurl":"/mcm/images/land/2B/23338_241680806e35.jpg","landname":"27"},{"id":281474989424818,"level":3,"status":0,"posx":7,"posy":8,"cityid":194,"townid":464,"tokenid":"b12497d253bdafb4fac1fea481439464","tokenurl":"/mcm/api/land?token=b12497d253bdafb4fac1fea481439464","imageurl":"/mcm/images/land/2B/23339_2ae897ae8818.jpg","landname":"28"},{"id":281474989424819,"level":3,"status":1,"posx":15,"posy":8,"cityid":194,"townid":464,"tokenid":"88d363d3a61f3b135c21f09c036a45ef","tokenurl":"/mcm/api/land?token=88d363d3a61f3b135c21f09c036a45ef","imageurl":"/mcm/images/land/2B/23340_22ae64ee91ed.jpg","landname":"29"},{"id":281474989424820,"level":2,"status":1,"posx":16,"posy":8,"cityid":194,"townid":464,"tokenid":"32d5b40ee8602534dd4cbe099c21caf5","tokenurl":"/mcm/api/land?token=32d5b40ee8602534dd4cbe099c21caf5","imageurl":"/mcm/images/land/2A/14007_5a508072e2bc.jpg","landname":"30"},{"id":281474989424821,"level":2,"status":1,"posx":21,"posy":8,"cityid":194,"townid":464,"tokenid":"766e39214b64279dd788ffbe5b240004","tokenurl":"/mcm/api/land?token=766e39214b64279dd788ffbe5b240004","imageurl":"/mcm/images/land/2A/14008_5a92a19078c.jpg","landname":"31"},{"id":281474989424822,"level":2,"status":1,"posx":22,"posy":8,"cityid":194,"townid":464,"tokenid":"557d2866062a06dcf73e9de842edec43","tokenurl":"/mcm/api/land?token=557d2866062a06dcf73e9de842edec43","imageurl":"/mcm/images/land/2A/14009_dfe872a0723.jpg","landname":"32"},{"id":281474989424823,"level":2,"status":0,"posx":25,"posy":8,"cityid":194,"townid":464,"tokenid":"6e2565ebeb6178a4ed5fc95f06ce8dbd","tokenurl":"/mcm/api/land?token=6e2565ebeb6178a4ed5fc95f06ce8dbd","imageurl":"/mcm/images/land/2A/14010_33c291efc1a8.jpg","landname":"33"},{"id":281474989424824,"level":3,"status":1,"posx":26,"posy":8,"cityid":194,"townid":464,"tokenid":"cf82d882e210dca7acc4502d7367e3a9","tokenurl":"/mcm/api/land?token=cf82d882e210dca7acc4502d7367e3a9","imageurl":"/mcm/images/land/2B/23341_43fdef5e7f9f.jpg","landname":"34"},{"id":281474989424825,"level":3,"status":1,"posx":30,"posy":8,"cityid":194,"townid":464,"tokenid":"d9c2dd9eb6e6caaf360387b5890b5103","tokenurl":"/mcm/api/land?token=d9c2dd9eb6e6caaf360387b5890b5103","imageurl":"/mcm/images/land/2B/23342_59ab18712835.jpg","landname":"35"},{"id":281474989424826,"level":3,"status":1,"posx":31,"posy":8,"cityid":194,"townid":464,"tokenid":"55694fc94320b68bc4e0f52f1121565f","tokenurl":"/mcm/api/land?token=55694fc94320b68bc4e0f52f1121565f","imageurl":"/mcm/images/land/2B/23343_462b962d1a14.jpg","landname":"36"},{"id":281474989424827,"level":2,"status":1,"posx":33,"posy":8,"cityid":194,"townid":464,"tokenid":"811ae991d54f17ef0bd65b0b7949e681","tokenurl":"/mcm/api/land?token=811ae991d54f17ef0bd65b0b7949e681","imageurl":"/mcm/images/land/2A/14011_3b2ef1ab760b.jpg","landname":"37"},{"id":281474989424828,"level":3,"status":1,"posx":34,"posy":8,"cityid":194,"townid":464,"tokenid":"61097db13b6838be03dccb4320c6c6f6","tokenurl":"/mcm/api/land?token=61097db13b6838be03dccb4320c6c6f6","imageurl":"/mcm/images/land/2B/23344_3cf284eae075.jpg","landname":"38"},{"id":281474989424829,"level":1,"status":1,"posx":6,"posy":9,"cityid":194,"townid":464,"tokenid":"95ebf6d27aedbef28bfdfd510ca3f8fe","tokenurl":"/mcm/api/land?token=95ebf6d27aedbef28bfdfd510ca3f8fe","imageurl":"/mcm/images/land/2S/9337_308aa8c75ac1.jpg","landname":"39"},{"id":281474989424830,"level":2,"status":1,"posx":7,"posy":9,"cityid":194,"townid":464,"tokenid":"23a42df82e6f7e3f751423fc45d835a5","tokenurl":"/mcm/api/land?token=23a42df82e6f7e3f751423fc45d835a5","imageurl":"/mcm/images/land/2A/14012_362fabdedf20.jpg","landname":"40"},{"id":281474989424831,"level":3,"status":0,"posx":15,"posy":9,"cityid":194,"townid":464,"tokenid":"8294d6c6403f0a55e6ca95ad0e655592","tokenurl":"/mcm/api/land?token=8294d6c6403f0a55e6ca95ad0e655592","imageurl":"/mcm/images/land/2B/23345_332bcc707de8.jpg","landname":"41"},{"id":281474989424832,"level":3,"status":0,"posx":16,"posy":9,"cityid":194,"townid":464,"tokenid":"36ddbe44000e737b53e80a4cba4332d9","tokenurl":"/mcm/api/land?token=36ddbe44000e737b53e80a4cba4332d9","imageurl":"/mcm/images/land/2B/23346_4ea23ca4a3a8.jpg","landname":"42"},{"id":281474989424833,"level":1,"status":0,"posx":21,"posy":9,"cityid":194,"townid":464,"tokenid":"6f87182f3e82192add591fea307706e0","tokenurl":"/mcm/api/land?token=6f87182f3e82192add591fea307706e0","imageurl":"/mcm/images/land/2S/9338_421117bcc922.jpg","landname":"43"},{"id":281474989424834,"level":1,"status":0,"posx":22,"posy":9,"cityid":194,"townid":464,"tokenid":"8be4e14b6ae99987ec97d046e36140d3","tokenurl":"/mcm/api/land?token=8be4e14b6ae99987ec97d046e36140d3","imageurl":"/mcm/images/land/2S/9339_384c3c548348.jpg","landname":"44"},{"id":281474989424835,"level":2,"status":0,"posx":25,"posy":9,"cityid":194,"townid":464,"tokenid":"08ea6c36f54743d3e3b0c61daa29aeb4","tokenurl":"/mcm/api/land?token=08ea6c36f54743d3e3b0c61daa29aeb4","imageurl":"/mcm/images/land/2A/14013_1ec51a9c5a8a.jpg","landname":"45"},{"id":281474989424836,"level":3,"status":1,"posx":26,"posy":9,"cityid":194,"townid":464,"tokenid":"2fcac075771cc76880855dbba390e8b8","tokenurl":"/mcm/api/land?token=2fcac075771cc76880855dbba390e8b8","imageurl":"/mcm/images/land/2B/23347_496c949a25f0.jpg","landname":"46"},{"id":281474989424837,"level":1,"status":0,"posx":30,"posy":9,"cityid":194,"townid":464,"tokenid":"2a89d70f24067c0a406c54852bcf8d79","tokenurl":"/mcm/api/land?token=2a89d70f24067c0a406c54852bcf8d79","imageurl":"/mcm/images/land/2S/9340_461241ab5779.jpg","landname":"47"},{"id":281474989424838,"level":2,"status":0,"posx":31,"posy":9,"cityid":194,"townid":464,"tokenid":"1b15fb9cdce26aa60cdda3eddf2ba6de","tokenurl":"/mcm/api/land?token=1b15fb9cdce26aa60cdda3eddf2ba6de","imageurl":"/mcm/images/land/2A/14014_2afdb6da648f.jpg","landname":"48"},{"id":281474989424839,"level":2,"status":0,"posx":33,"posy":9,"cityid":194,"townid":464,"tokenid":"bcd368b91db227a84d74335d80857421","tokenurl":"/mcm/api/land?token=bcd368b91db227a84d74335d80857421","imageurl":"/mcm/images/land/2A/14015_352407614619.jpg","landname":"49"},{"id":281474989424840,"level":3,"status":1,"posx":34,"posy":9,"cityid":194,"townid":464,"tokenid":"febdd9a216207985bbad8e8217508af2","tokenurl":"/mcm/api/land?token=febdd9a216207985bbad8e8217508af2","imageurl":"/mcm/images/land/2B/23348_4b6b8d56e9e1.jpg","landname":"50"},{"id":281474989424841,"level":3,"status":1,"posx":6,"posy":10,"cityid":194,"townid":464,"tokenid":"f6ea117bf4882ee2d4542e6f99164e16","tokenurl":"/mcm/api/land?token=f6ea117bf4882ee2d4542e6f99164e16","imageurl":"/mcm/images/land/2B/23349_5440be1d037.jpg","landname":"51"},{"id":281474989424842,"level":3,"status":1,"posx":7,"posy":10,"cityid":194,"townid":464,"tokenid":"9632fbf84a6af360b9b1e67b77bd94da","tokenurl":"/mcm/api/land?token=9632fbf84a6af360b9b1e67b77bd94da","imageurl":"/mcm/images/land/2B/23350_378570fe7c8e.jpg","landname":"52"},{"id":281474989424843,"level":3,"status":1,"posx":11,"posy":10,"cityid":194,"townid":464,"tokenid":"e18ee86a1ac25a95069de8c18e65d1d0","tokenurl":"/mcm/api/land?token=e18ee86a1ac25a95069de8c18e65d1d0","imageurl":"/mcm/images/land/2B/23351_2832374864aa.jpg","landname":"53"},{"id":281474989424844,"level":1,"status":0,"posx":12,"posy":10,"cityid":194,"townid":464,"tokenid":"b5bd1f8347fcc932528eb94762295f72","tokenurl":"/mcm/api/land?token=b5bd1f8347fcc932528eb94762295f72","imageurl":"/mcm/images/land/2S/9341_1d55b635cdc5.jpg","landname":"54"},{"id":281474989424845,"level":3,"status":0,"posx":21,"posy":10,"cityid":194,"townid":464,"tokenid":"519ae4e8dcea4cdcbf4a5112482adaeb","tokenurl":"/mcm/api/land?token=519ae4e8dcea4cdcbf4a5112482adaeb","imageurl":"/mcm/images/land/2B/23352_433aed73baa1.jpg","landname":"55"},{"id":281474989424846,"level":3,"status":0,"posx":22,"posy":10,"cityid":194,"townid":464,"tokenid":"36f758df07688903aa886435047ee686","tokenurl":"/mcm/api/land?token=36f758df07688903aa886435047ee686","imageurl":"/mcm/images/land/2B/23353_23ad7381203f.jpg","landname":"56"},{"id":281474989424847,"level":3,"status":0,"posx":30,"posy":10,"cityid":194,"townid":464,"tokenid":"b24744a0ef0fd5b837a44d53d7d6b16a","tokenurl":"/mcm/api/land?token=b24744a0ef0fd5b837a44d53d7d6b16a","imageurl":"/mcm/images/land/2B/23354_4fe073573547.jpg","landname":"57"},{"id":281474989424848,"level":2,"status":1,"posx":31,"posy":10,"cityid":194,"townid":464,"tokenid":"758a96cd386fdbf92a42e2af2ef5bb58","tokenurl":"/mcm/api/land?token=758a96cd386fdbf92a42e2af2ef5bb58","imageurl":"/mcm/images/land/2A/14016_447156502f58.jpg","landname":"58"},{"id":281474989424849,"level":2,"status":1,"posx":33,"posy":10,"cityid":194,"townid":464,"tokenid":"11a7a5272ae6c701a548988e0d7077b1","tokenurl":"/mcm/api/land?token=11a7a5272ae6c701a548988e0d7077b1","imageurl":"/mcm/images/land/2A/14017_4a9a4a754911.jpg","landname":"59"},{"id":281474989424850,"level":3,"status":1,"posx":34,"posy":10,"cityid":194,"townid":464,"tokenid":"7b53c751053f49ee8e1c468421152c9c","tokenurl":"/mcm/api/land?token=7b53c751053f49ee8e1c468421152c9c","imageurl":"/mcm/images/land/2B/23355_24870c578df6.jpg","landname":"60"},{"id":281474989424851,"level":1,"status":0,"posx":11,"posy":11,"cityid":194,"townid":464,"tokenid":"7a31081c4856444e8dc2b7688c610293","tokenurl":"/mcm/api/land?token=7a31081c4856444e8dc2b7688c610293","imageurl":"/mcm/images/land/2S/9342_1346ad8a0aaf.jpg","landname":"61"},{"id":281474989424852,"level":3,"status":1,"posx":12,"posy":11,"cityid":194,"townid":464,"tokenid":"e6274711fae91bd6356d62afa475cfa5","tokenurl":"/mcm/api/land?token=e6274711fae91bd6356d62afa475cfa5","imageurl":"/mcm/images/land/2B/23356_daea6a6d0c5.jpg","landname":"62"},{"id":281474989424853,"level":2,"status":0,"posx":21,"posy":11,"cityid":194,"townid":464,"tokenid":"9e2b39df2325a375531c8fc258e89988","tokenurl":"/mcm/api/land?token=9e2b39df2325a375531c8fc258e89988","imageurl":"/mcm/images/land/2A/14018_540e5fd2ea.jpg","landname":"63"},{"id":281474989424854,"level":2,"status":0,"posx":22,"posy":11,"cityid":194,"townid":464,"tokenid":"97158ca072f2ed1301b1cebec25c2c31","tokenurl":"/mcm/api/land?token=97158ca072f2ed1301b1cebec25c2c31","imageurl":"/mcm/images/land/2A/14019_13ea4d8a42a2.jpg","landname":"64"},{"id":281474989424855,"level":2,"status":1,"posx":11,"posy":12,"cityid":194,"townid":464,"tokenid":"86773c185219494748644c7b2c335e93","tokenurl":"/mcm/api/land?token=86773c185219494748644c7b2c335e93","imageurl":"/mcm/images/land/2A/14020_1b6a968010a3.jpg","landname":"65"},{"id":281474989424856,"level":2,"status":0,"posx":12,"posy":12,"cityid":194,"townid":464,"tokenid":"f03da9b412f237f39b7a5605a1632298","tokenurl":"/mcm/api/land?token=f03da9b412f237f39b7a5605a1632298","imageurl":"/mcm/images/land/2A/14021_2186abd11bbc.jpg","landname":"66"},{"id":281474989424857,"level":2,"status":1,"posx":11,"posy":13,"cityid":194,"townid":464,"tokenid":"0749e03fee244ee5880ca70e31fa5c7b","tokenurl":"/mcm/api/land?token=0749e03fee244ee5880ca70e31fa5c7b","imageurl":"/mcm/images/land/2A/14022_2b51618e0b61.jpg","landname":"67"},{"id":281474989424858,"level":3,"status":1,"posx":12,"posy":13,"cityid":194,"townid":464,"tokenid":"1328ec1e19eb07c6ba460742a3ee1be9","tokenurl":"/mcm/api/land?token=1328ec1e19eb07c6ba460742a3ee1be9","imageurl":"/mcm/images/land/2B/23357_4d9f97281db2.jpg","landname":"68"},{"id":281474989424859,"level":1,"status":1,"posx":11,"posy":14,"cityid":194,"townid":464,"tokenid":"d6b42414dbfdf2e25ce080f0055f7688","tokenurl":"/mcm/api/land?token=d6b42414dbfdf2e25ce080f0055f7688","imageurl":"/mcm/images/land/2S/9343_1821e18fbb47.jpg","landname":"69"},{"id":281474989424860,"level":2,"status":0,"posx":12,"posy":14,"cityid":194,"townid":464,"tokenid":"06147cf68e20064b4210481a96f9d250","tokenurl":"/mcm/api/land?token=06147cf68e20064b4210481a96f9d250","imageurl":"/mcm/images/land/2A/14023_1ae4c97d5c5d.jpg","landname":"70"},{"id":281474989424861,"level":2,"status":1,"posx":8,"posy":20,"cityid":194,"townid":464,"tokenid":"b8f446bd607f123cc23515c8eae6331c","tokenurl":"/mcm/api/land?token=b8f446bd607f123cc23515c8eae6331c","imageurl":"/mcm/images/land/2A/14024_19572da48d0.jpg","landname":"71"},{"id":281474989424862,"level":1,"status":1,"posx":9,"posy":20,"cityid":194,"townid":464,"tokenid":"71b983e20811d21f86b89bf298d0e819","tokenurl":"/mcm/api/land?token=71b983e20811d21f86b89bf298d0e819","imageurl":"/mcm/images/land/2S/9344_786f764e26d.jpg","landname":"72"},{"id":281474989424863,"level":3,"status":0,"posx":10,"posy":20,"cityid":194,"townid":464,"tokenid":"05b183e1d9d373303123375b9f364f71","tokenurl":"/mcm/api/land?token=05b183e1d9d373303123375b9f364f71","imageurl":"/mcm/images/land/2B/23358_3c1b768b9ea.jpg","landname":"73"},{"id":281474989424864,"level":2,"status":0,"posx":11,"posy":20,"cityid":194,"townid":464,"tokenid":"207a91f17f80a71a36f6d4d88c149a09","tokenurl":"/mcm/api/land?token=207a91f17f80a71a36f6d4d88c149a09","imageurl":"/mcm/images/land/2A/14025_ff6e8543a0e.jpg","landname":"74"},{"id":281474989424865,"level":1,"status":0,"posx":12,"posy":20,"cityid":194,"townid":464,"tokenid":"f7f7b58d9505c68eb2648df764db4bf6","tokenurl":"/mcm/api/land?token=f7f7b58d9505c68eb2648df764db4bf6","imageurl":"/mcm/images/land/2S/9345_195e9b9411f8.jpg","landname":"75"},{"id":281474989424866,"level":2,"status":0,"posx":8,"posy":21,"cityid":194,"townid":464,"tokenid":"4fb811eab6020aa5d6f7c18bac1f85bb","tokenurl":"/mcm/api/land?token=4fb811eab6020aa5d6f7c18bac1f85bb","imageurl":"/mcm/images/land/2A/14026_21c6938e68e.jpg","landname":"76"},{"id":281474989424867,"level":1,"status":0,"posx":9,"posy":21,"cityid":194,"townid":464,"tokenid":"10c847c8d9b3237e013d5707868bcd36","tokenurl":"/mcm/api/land?token=10c847c8d9b3237e013d5707868bcd36","imageurl":"/mcm/images/land/2S/9346_53db7862d7df.jpg","landname":"77"},{"id":281474989424868,"level":3,"status":0,"posx":10,"posy":21,"cityid":194,"townid":464,"tokenid":"dbb032c93b14b7657d2ea9947c5a8a27","tokenurl":"/mcm/api/land?token=dbb032c93b14b7657d2ea9947c5a8a27","imageurl":"/mcm/images/land/2B/23359_16d5083afb78.jpg","landname":"78"},{"id":281474989424869,"level":3,"status":1,"posx":11,"posy":21,"cityid":194,"townid":464,"tokenid":"1a598ce34e924c1a47e83238dce3ad1e","tokenurl":"/mcm/api/land?token=1a598ce34e924c1a47e83238dce3ad1e","imageurl":"/mcm/images/land/2B/23360_c2f48d38cd2.jpg","landname":"79"},{"id":281474989424870,"level":3,"status":0,"posx":12,"posy":21,"cityid":194,"townid":464,"tokenid":"8dd5023aab9535524335f0e941ef5160","tokenurl":"/mcm/api/land?token=8dd5023aab9535524335f0e941ef5160","imageurl":"/mcm/images/land/2B/23361_674d7f55ab2.jpg","landname":"80"},{"id":281474989424871,"level":1,"status":0,"posx":27,"posy":22,"cityid":194,"townid":464,"tokenid":"c8d5bb1c0be5a06d163ce09fd1ac9b53","tokenurl":"/mcm/api/land?token=c8d5bb1c0be5a06d163ce09fd1ac9b53","imageurl":"/mcm/images/land/2S/9347_561dbd4cc053.jpg","landname":"81"},{"id":281474989424872,"level":2,"status":1,"posx":28,"posy":22,"cityid":194,"townid":464,"tokenid":"59b1e74fcda53cdcca57d20db2755c5a","tokenurl":"/mcm/api/land?token=59b1e74fcda53cdcca57d20db2755c5a","imageurl":"/mcm/images/land/2A/14027_25e61762a012.jpg","landname":"82"},{"id":281474989424873,"level":3,"status":0,"posx":29,"posy":22,"cityid":194,"townid":464,"tokenid":"87ada6b4a26536bc3c5295c52c0bf9f3","tokenurl":"/mcm/api/land?token=87ada6b4a26536bc3c5295c52c0bf9f3","imageurl":"/mcm/images/land/2B/23362_436c6d61b363.jpg","landname":"83"},{"id":281474989424874,"level":3,"status":0,"posx":30,"posy":22,"cityid":194,"townid":464,"tokenid":"dd8e44f7c62027bae4dd561f6c979acf","tokenurl":"/mcm/api/land?token=dd8e44f7c62027bae4dd561f6c979acf","imageurl":"/mcm/images/land/2B/23363_58ed4c18e5f8.jpg","landname":"84"},{"id":281474989424875,"level":3,"status":0,"posx":31,"posy":22,"cityid":194,"townid":464,"tokenid":"b71354975bb885ebd2765cf521c82fb8","tokenurl":"/mcm/api/land?token=b71354975bb885ebd2765cf521c82fb8","imageurl":"/mcm/images/land/2B/23364_374647dae1c3.jpg","landname":"85"},{"id":281474989424876,"level":1,"status":1,"posx":27,"posy":23,"cityid":194,"townid":464,"tokenid":"fbb4350003d7bb9b5122483f1d9017eb","tokenurl":"/mcm/api/land?token=fbb4350003d7bb9b5122483f1d9017eb","imageurl":"/mcm/images/land/2S/9348_23a17649bd14.jpg","landname":"86"},{"id":281474989424877,"level":3,"status":0,"posx":28,"posy":23,"cityid":194,"townid":464,"tokenid":"3317456f8828b4be5d254a49d3e3efa7","tokenurl":"/mcm/api/land?token=3317456f8828b4be5d254a49d3e3efa7","imageurl":"/mcm/images/land/2B/23365_8fd139336d9.jpg","landname":"87"},{"id":281474989424878,"level":2,"status":0,"posx":29,"posy":23,"cityid":194,"townid":464,"tokenid":"d977ef6bb79c9962011af69ba04660d2","tokenurl":"/mcm/api/land?token=d977ef6bb79c9962011af69ba04660d2","imageurl":"/mcm/images/land/2A/14028_ab8b223b927.jpg","landname":"88"},{"id":281474989424879,"level":2,"status":1,"posx":30,"posy":23,"cityid":194,"townid":464,"tokenid":"425027b1e1a511455f65335c6f14172d","tokenurl":"/mcm/api/land?token=425027b1e1a511455f65335c6f14172d","imageurl":"/mcm/images/land/2A/14029_1dd600292110.jpg","landname":"89"},{"id":281474989424880,"level":2,"status":0,"posx":31,"posy":23,"cityid":194,"townid":464,"tokenid":"7e1338fe15d28d76acfeadcbfd74019a","tokenurl":"/mcm/api/land?token=7e1338fe15d28d76acfeadcbfd74019a","imageurl":"/mcm/images/land/2A/14030_3b6d2719fd25.jpg","landname":"90"},{"id":281474989424881,"level":2,"status":0,"posx":8,"posy":24,"cityid":194,"townid":464,"tokenid":"baf71b1e5914d115ec2073a14c89c092","tokenurl":"/mcm/api/land?token=baf71b1e5914d115ec2073a14c89c092","imageurl":"/mcm/images/land/2A/14031_25a9624d6ab9.jpg","landname":"91"},{"id":281474989424882,"level":3,"status":1,"posx":9,"posy":24,"cityid":194,"townid":464,"tokenid":"efb0fd672cd47b6a680cecd305cc2cd6","tokenurl":"/mcm/api/land?token=efb0fd672cd47b6a680cecd305cc2cd6","imageurl":"/mcm/images/land/2B/23366_420a01a3e9dc.jpg","landname":"92"},{"id":281474989424883,"level":3,"status":1,"posx":10,"posy":24,"cityid":194,"townid":464,"tokenid":"cb6b6d45feedf82e4c757db28de56a8f","tokenurl":"/mcm/api/land?token=cb6b6d45feedf82e4c757db28de56a8f","imageurl":"/mcm/images/land/2B/23367_4b8281162f7e.jpg","landname":"93"},{"id":281474989424884,"level":1,"status":1,"posx":11,"posy":24,"cityid":194,"townid":464,"tokenid":"dcb6409e875ed95d04a60fa80a85f730","tokenurl":"/mcm/api/land?token=dcb6409e875ed95d04a60fa80a85f730","imageurl":"/mcm/images/land/2S/9349_cdd106def46.jpg","landname":"94"},{"id":281474989424885,"level":3,"status":0,"posx":12,"posy":24,"cityid":194,"townid":464,"tokenid":"53294e4267f73e052e21c4642108f36f","tokenurl":"/mcm/api/land?token=53294e4267f73e052e21c4642108f36f","imageurl":"/mcm/images/land/2B/23368_56f45198799.jpg","landname":"95"},{"id":281474989424886,"level":2,"status":0,"posx":17,"posy":24,"cityid":194,"townid":464,"tokenid":"733af9b453db8636c6ea4dbe4d294caa","tokenurl":"/mcm/api/land?token=733af9b453db8636c6ea4dbe4d294caa","imageurl":"/mcm/images/land/2A/14032_2a5514ddec55.jpg","landname":"96"},{"id":281474989424887,"level":1,"status":0,"posx":18,"posy":24,"cityid":194,"townid":464,"tokenid":"f6927974c24bc91e51237bb3b583de51","tokenurl":"/mcm/api/land?token=f6927974c24bc91e51237bb3b583de51","imageurl":"/mcm/images/land/2S/9350_58fc86383610.jpg","landname":"97"},{"id":281474989424888,"level":3,"status":0,"posx":19,"posy":24,"cityid":194,"townid":464,"tokenid":"afbae3efab7c03edc2ae84b6d2ed0de4","tokenurl":"/mcm/api/land?token=afbae3efab7c03edc2ae84b6d2ed0de4","imageurl":"/mcm/images/land/2B/23369_1280cce66f6a.jpg","landname":"98"},{"id":281474989424889,"level":2,"status":1,"posx":20,"posy":24,"cityid":194,"townid":464,"tokenid":"8ac7cdab1121273b953e9e6f6828815c","tokenurl":"/mcm/api/land?token=8ac7cdab1121273b953e9e6f6828815c","imageurl":"/mcm/images/land/2A/14033_3950718de99.jpg","landname":"99"},{"id":281474989424890,"level":1,"status":0,"posx":21,"posy":24,"cityid":194,"townid":464,"tokenid":"d2e833f2c048c5bc6c9631efe5301362","tokenurl":"/mcm/api/land?token=d2e833f2c048c5bc6c9631efe5301362","imageurl":"/mcm/images/land/2S/9351_46afac2c9668.jpg","landname":"100"},{"id":281474989424891,"level":3,"status":1,"posx":8,"posy":25,"cityid":194,"townid":464,"tokenid":"a371f592eaf5bfacf447188b2ab500c1","tokenurl":"/mcm/api/land?token=a371f592eaf5bfacf447188b2ab500c1","imageurl":"/mcm/images/land/2B/23370_16921ccffd69.jpg","landname":"101"},{"id":281474989424892,"level":3,"status":1,"posx":9,"posy":25,"cityid":194,"townid":464,"tokenid":"d48f26a48fb8ca396aae98fb1b649238","tokenurl":"/mcm/api/land?token=d48f26a48fb8ca396aae98fb1b649238","imageurl":"/mcm/images/land/2B/23371_552af08ed1ff.jpg","landname":"102"},{"id":281474989424893,"level":3,"status":1,"posx":10,"posy":25,"cityid":194,"townid":464,"tokenid":"2736a7bdab3d9e1e2e0a4d42f5127c75","tokenurl":"/mcm/api/land?token=2736a7bdab3d9e1e2e0a4d42f5127c75","imageurl":"/mcm/images/land/2B/23372_f51382f45fe.jpg","landname":"103"},{"id":281474989424894,"level":1,"status":1,"posx":11,"posy":25,"cityid":194,"townid":464,"tokenid":"01e2fc7e1d7316a9bf2cefa508b760df","tokenurl":"/mcm/api/land?token=01e2fc7e1d7316a9bf2cefa508b760df","imageurl":"/mcm/images/land/2S/9352_258c53a336a8.jpg","landname":"104"},{"id":281474989424895,"level":2,"status":1,"posx":12,"posy":25,"cityid":194,"townid":464,"tokenid":"35b6773e620cc5f2f118fca8ee23fa22","tokenurl":"/mcm/api/land?token=35b6773e620cc5f2f118fca8ee23fa22","imageurl":"/mcm/images/land/2A/14034_4e23a417c750.jpg","landname":"105"},{"id":281474989424896,"level":1,"status":1,"posx":17,"posy":25,"cityid":194,"townid":464,"tokenid":"e3eee30f2c27d819e550cda7f0e30bda","tokenurl":"/mcm/api/land?token=e3eee30f2c27d819e550cda7f0e30bda","imageurl":"/mcm/images/land/2S/9353_6b18cd863a2.jpg","landname":"106"},{"id":281474989424897,"level":2,"status":0,"posx":18,"posy":25,"cityid":194,"townid":464,"tokenid":"d04426be491ecab89d79e22f9204011f","tokenurl":"/mcm/api/land?token=d04426be491ecab89d79e22f9204011f","imageurl":"/mcm/images/land/2A/14035_4170e0351c4b.jpg","landname":"107"},{"id":281474989424898,"level":3,"status":0,"posx":19,"posy":25,"cityid":194,"townid":464,"tokenid":"251d338085451ea9c23c810123c2a750","tokenurl":"/mcm/api/land?token=251d338085451ea9c23c810123c2a750","imageurl":"/mcm/images/land/2B/23373_511b52f644c1.jpg","landname":"108"},{"id":281474989424899,"level":1,"status":0,"posx":20,"posy":25,"cityid":194,"townid":464,"tokenid":"e54cf95e047cf44f3b335664122f6e24","tokenurl":"/mcm/api/land?token=e54cf95e047cf44f3b335664122f6e24","imageurl":"/mcm/images/land/2S/9354_3a03ce86a12e.jpg","landname":"109"},{"id":281474989424900,"level":2,"status":0,"posx":21,"posy":25,"cityid":194,"townid":464,"tokenid":"93c49656f824d310d955761c4f5727db","tokenurl":"/mcm/api/land?token=93c49656f824d310d955761c4f5727db","imageurl":"/mcm/images/land/2A/14036_24299d6efd28.jpg","landname":"110"},{"id":281474989424901,"level":1,"status":1,"posx":27,"posy":26,"cityid":194,"townid":464,"tokenid":"d5da9345f617aa9a240dc49b668303c4","tokenurl":"/mcm/api/land?token=d5da9345f617aa9a240dc49b668303c4","imageurl":"/mcm/images/land/2S/9355_458057599a92.jpg","landname":"111"},{"id":281474989424902,"level":1,"status":1,"posx":28,"posy":26,"cityid":194,"townid":464,"tokenid":"f8b16d6583519321214430feea18f4c2","tokenurl":"/mcm/api/land?token=f8b16d6583519321214430feea18f4c2","imageurl":"/mcm/images/land/2S/9356_29a8760d0dd8.jpg","landname":"112"},{"id":281474989424903,"level":3,"status":0,"posx":27,"posy":27,"cityid":194,"townid":464,"tokenid":"3f4f69c152324253324b42a4fe2664c1","tokenurl":"/mcm/api/land?token=3f4f69c152324253324b42a4fe2664c1","imageurl":"/mcm/images/land/2B/23374_548855e82336.jpg","landname":"113"},{"id":281474989424904,"level":3,"status":1,"posx":28,"posy":27,"cityid":194,"townid":464,"tokenid":"e928599bb10b94703d9420d07d067635","tokenurl":"/mcm/api/land?token=e928599bb10b94703d9420d07d067635","imageurl":"/mcm/images/land/2B/23375_2bb7105eb7a0.jpg","landname":"114"},{"id":281474989424905,"level":2,"status":1,"posx":32,"posy":27,"cityid":194,"townid":464,"tokenid":"92931a59f746b00e1f5508ffa44aadf9","tokenurl":"/mcm/api/land?token=92931a59f746b00e1f5508ffa44aadf9","imageurl":"/mcm/images/land/2A/14037_f4d11d87518.jpg","landname":"115"},{"id":281474989424906,"level":1,"status":1,"posx":33,"posy":27,"cityid":194,"townid":464,"tokenid":"f778593cb0f78c433508ca20fe9c11ce","tokenurl":"/mcm/api/land?token=f778593cb0f78c433508ca20fe9c11ce","imageurl":"/mcm/images/land/2S/9357_2221c171f879.jpg","landname":"116"},{"id":281474989424907,"level":3,"status":0,"posx":8,"posy":28,"cityid":194,"townid":464,"tokenid":"d3579538dc67bbaf2a779e3fcdf36afa","tokenurl":"/mcm/api/land?token=d3579538dc67bbaf2a779e3fcdf36afa","imageurl":"/mcm/images/land/2B/23376_824f9c656bf.jpg","landname":"117"},{"id":281474989424908,"level":3,"status":0,"posx":9,"posy":28,"cityid":194,"townid":464,"tokenid":"875ca18574d1406eced540bafa5ad389","tokenurl":"/mcm/api/land?token=875ca18574d1406eced540bafa5ad389","imageurl":"/mcm/images/land/2B/23377_350176b85a12.jpg","landname":"118"},{"id":281474989424909,"level":3,"status":0,"posx":10,"posy":28,"cityid":194,"townid":464,"tokenid":"8c0e90720c93cdfda9bf0650bff62690","tokenurl":"/mcm/api/land?token=8c0e90720c93cdfda9bf0650bff62690","imageurl":"/mcm/images/land/2B/23378_374b783ace30.jpg","landname":"119"},{"id":281474989424910,"level":1,"status":0,"posx":11,"posy":28,"cityid":194,"townid":464,"tokenid":"6d7c800f757177e8aab5862091530d58","tokenurl":"/mcm/api/land?token=6d7c800f757177e8aab5862091530d58","imageurl":"/mcm/images/land/2S/9358_4cc72040f3d6.jpg","landname":"120"},{"id":281474989424911,"level":3,"status":0,"posx":12,"posy":28,"cityid":194,"townid":464,"tokenid":"ba1b8b7a1e087355f8cbe146c84c8547","tokenurl":"/mcm/api/land?token=ba1b8b7a1e087355f8cbe146c84c8547","imageurl":"/mcm/images/land/2B/23379_502893d48514.jpg","landname":"121"},{"id":281474989424912,"level":3,"status":1,"posx":17,"posy":28,"cityid":194,"townid":464,"tokenid":"c616368e9946397222872413b8ee191c","tokenurl":"/mcm/api/land?token=c616368e9946397222872413b8ee191c","imageurl":"/mcm/images/land/2B/23380_2f62bd94dc61.jpg","landname":"122"},{"id":281474989424913,"level":3,"status":1,"posx":18,"posy":28,"cityid":194,"townid":464,"tokenid":"f314ef1f1b70f5d8314bf0230e4ac5b8","tokenurl":"/mcm/api/land?token=f314ef1f1b70f5d8314bf0230e4ac5b8","imageurl":"/mcm/images/land/2B/23381_7b7c15eea9a.jpg","landname":"123"},{"id":281474989424914,"level":2,"status":0,"posx":19,"posy":28,"cityid":194,"townid":464,"tokenid":"c5f0bd9bb232eb3bd6a852771cf4cdb2","tokenurl":"/mcm/api/land?token=c5f0bd9bb232eb3bd6a852771cf4cdb2","imageurl":"/mcm/images/land/2A/14038_7336f9cd863.jpg","landname":"124"},{"id":281474989424915,"level":2,"status":1,"posx":20,"posy":28,"cityid":194,"townid":464,"tokenid":"a46dd95d7f6e014186cbaf23f17e2116","tokenurl":"/mcm/api/land?token=a46dd95d7f6e014186cbaf23f17e2116","imageurl":"/mcm/images/land/2A/14039_2e2401fb86a5.jpg","landname":"125"},{"id":281474989424916,"level":3,"status":1,"posx":21,"posy":28,"cityid":194,"townid":464,"tokenid":"a7743ab35de83b09b4c3f994d7873ba0","tokenurl":"/mcm/api/land?token=a7743ab35de83b09b4c3f994d7873ba0","imageurl":"/mcm/images/land/2B/23382_35c503905fc9.jpg","landname":"126"},{"id":281474989424917,"level":3,"status":1,"posx":27,"posy":28,"cityid":194,"townid":464,"tokenid":"94ae147797d26b6a7401d6e70db501c4","tokenurl":"/mcm/api/land?token=94ae147797d26b6a7401d6e70db501c4","imageurl":"/mcm/images/land/2B/23383_298f88e340f6.jpg","landname":"127"},{"id":281474989424918,"level":3,"status":0,"posx":28,"posy":28,"cityid":194,"townid":464,"tokenid":"c35055581c1d6e6f6294804e622c3b61","tokenurl":"/mcm/api/land?token=c35055581c1d6e6f6294804e622c3b61","imageurl":"/mcm/images/land/2B/23384_2648226004c5.jpg","landname":"128"},{"id":281474989424919,"level":3,"status":0,"posx":32,"posy":28,"cityid":194,"townid":464,"tokenid":"231873416b60778b1019f7cb56cad442","tokenurl":"/mcm/api/land?token=231873416b60778b1019f7cb56cad442","imageurl":"/mcm/images/land/2B/23385_4c260d629f67.jpg","landname":"129"},{"id":281474989424920,"level":3,"status":0,"posx":33,"posy":28,"cityid":194,"townid":464,"tokenid":"53e658608415f2e2f788a0abeeecfe2f","tokenurl":"/mcm/api/land?token=53e658608415f2e2f788a0abeeecfe2f","imageurl":"/mcm/images/land/2B/23386_1335a7007a53.jpg","landname":"130"},{"id":281474989424921,"level":2,"status":0,"posx":8,"posy":29,"cityid":194,"townid":464,"tokenid":"cb669f8da06132b35d89976d4efbe87f","tokenurl":"/mcm/api/land?token=cb669f8da06132b35d89976d4efbe87f","imageurl":"/mcm/images/land/2A/14040_593c9944bebd.jpg","landname":"131"},{"id":281474989424922,"level":3,"status":1,"posx":9,"posy":29,"cityid":194,"townid":464,"tokenid":"e04a826c1f7d6ebcdc069e4ce133870d","tokenurl":"/mcm/api/land?token=e04a826c1f7d6ebcdc069e4ce133870d","imageurl":"/mcm/images/land/2B/23387_2cf388b64691.jpg","landname":"132"},{"id":281474989424923,"level":3,"status":1,"posx":10,"posy":29,"cityid":194,"townid":464,"tokenid":"6933f1aa97df7c0c5992a89e2f83fb36","tokenurl":"/mcm/api/land?token=6933f1aa97df7c0c5992a89e2f83fb36","imageurl":"/mcm/images/land/2B/23388_541ccf0d8338.jpg","landname":"133"},{"id":281474989424924,"level":3,"status":1,"posx":11,"posy":29,"cityid":194,"townid":464,"tokenid":"bb9ee9536a7057e42b63e9e73d8722fc","tokenurl":"/mcm/api/land?token=bb9ee9536a7057e42b63e9e73d8722fc","imageurl":"/mcm/images/land/2B/23389_46f00ae7a1c4.jpg","landname":"134"},{"id":281474989424925,"level":3,"status":0,"posx":12,"posy":29,"cityid":194,"townid":464,"tokenid":"e5b6700053b9fdcbbf89f73fafb76806","tokenurl":"/mcm/api/land?token=e5b6700053b9fdcbbf89f73fafb76806","imageurl":"/mcm/images/land/2B/23390_27f67cbdb468.jpg","landname":"135"},{"id":281474989424926,"level":3,"status":0,"posx":17,"posy":29,"cityid":194,"townid":464,"tokenid":"bdff9dca4d889766691ae6c584a95c93","tokenurl":"/mcm/api/land?token=bdff9dca4d889766691ae6c584a95c93","imageurl":"/mcm/images/land/2B/23391_e282b7c64b1.jpg","landname":"136"},{"id":281474989424927,"level":1,"status":0,"posx":18,"posy":29,"cityid":194,"townid":464,"tokenid":"816036967bb5110d675e3dba1c39b04c","tokenurl":"/mcm/api/land?token=816036967bb5110d675e3dba1c39b04c","imageurl":"/mcm/images/land/2S/9359_4bd9b89596e7.jpg","landname":"137"},{"id":281474989424928,"level":3,"status":0,"posx":19,"posy":29,"cityid":194,"townid":464,"tokenid":"6dcabda6d5a2509473e4e3e6ea11052f","tokenurl":"/mcm/api/land?token=6dcabda6d5a2509473e4e3e6ea11052f","imageurl":"/mcm/images/land/2B/23392_40efc2d418f7.jpg","landname":"138"},{"id":281474989424929,"level":3,"status":1,"posx":20,"posy":29,"cityid":194,"townid":464,"tokenid":"f5e4039a6dd81e138f18b1b962bd323f","tokenurl":"/mcm/api/land?token=f5e4039a6dd81e138f18b1b962bd323f","imageurl":"/mcm/images/land/2B/23393_51e8cb1577f4.jpg","landname":"139"},{"id":281474989424930,"level":3,"status":0,"posx":21,"posy":29,"cityid":194,"townid":464,"tokenid":"67f82a727e035e41083cb0f662cae693","tokenurl":"/mcm/api/land?token=67f82a727e035e41083cb0f662cae693","imageurl":"/mcm/images/land/2B/23394_6f81f79efbb.jpg","landname":"140"},{"id":281474989424931,"level":3,"status":1,"posx":27,"posy":29,"cityid":194,"townid":464,"tokenid":"957ef6d27a4c9500b87e582232596550","tokenurl":"/mcm/api/land?token=957ef6d27a4c9500b87e582232596550","imageurl":"/mcm/images/land/2B/23395_20cd7e99564c.jpg","landname":"141"},{"id":281474989424932,"level":3,"status":0,"posx":28,"posy":29,"cityid":194,"townid":464,"tokenid":"c20afcb96aaef5c3d81250d7da518009","tokenurl":"/mcm/api/land?token=c20afcb96aaef5c3d81250d7da518009","imageurl":"/mcm/images/land/2B/23396_19a71ca875b8.jpg","landname":"142"},{"id":281474989424933,"level":2,"status":1,"posx":32,"posy":29,"cityid":194,"townid":464,"tokenid":"b738ea825b65d4668328ffe711787d66","tokenurl":"/mcm/api/land?token=b738ea825b65d4668328ffe711787d66","imageurl":"/mcm/images/land/2A/14041_5f5d620da20.jpg","landname":"143"},{"id":281474989424934,"level":3,"status":0,"posx":33,"posy":29,"cityid":194,"townid":464,"tokenid":"a9c789c9ad16863dfe48e5063ce8b5d8","tokenurl":"/mcm/api/land?token=a9c789c9ad16863dfe48e5063ce8b5d8","imageurl":"/mcm/images/land/2B/23397_239491744e01.jpg","landname":"144"},{"id":281474989424935,"level":3,"status":1,"posx":27,"posy":30,"cityid":194,"townid":464,"tokenid":"49efc53cffa67b80404b5e827f57693d","tokenurl":"/mcm/api/land?token=49efc53cffa67b80404b5e827f57693d","imageurl":"/mcm/images/land/2B/23398_4ef922554dbf.jpg","landname":"145"},{"id":281474989424936,"level":3,"status":1,"posx":28,"posy":30,"cityid":194,"townid":464,"tokenid":"c089c1b745e753b1aa92cbc18981ef81","tokenurl":"/mcm/api/land?token=c089c1b745e753b1aa92cbc18981ef81","imageurl":"/mcm/images/land/2B/23399_34084fbf8136.jpg","landname":"146"},{"id":281474989424937,"level":1,"status":0,"posx":32,"posy":30,"cityid":194,"townid":464,"tokenid":"f47d54a315dbe20ba3480815a50bcf31","tokenurl":"/mcm/api/land?token=f47d54a315dbe20ba3480815a50bcf31","imageurl":"/mcm/images/land/2S/9360_4b70cb3fc947.jpg","landname":"147"},{"id":281474989424938,"level":3,"status":1,"posx":33,"posy":30,"cityid":194,"townid":464,"tokenid":"f652c4e90883230739d6f4a8b93958fe","tokenurl":"/mcm/api/land?token=f652c4e90883230739d6f4a8b93958fe","imageurl":"/mcm/images/land/2B/23400_4bbfbbe16867.jpg","landname":"148"},{"id":281474989424939,"level":3,"status":0,"posx":32,"posy":31,"cityid":194,"townid":464,"tokenid":"4178995076c8056708b2292c27e75532","tokenurl":"/mcm/api/land?token=4178995076c8056708b2292c27e75532","imageurl":"/mcm/images/land/2B/23401_2195269751b0.jpg","landname":"149"},{"id":281474989424940,"level":1,"status":1,"posx":33,"posy":31,"cityid":194,"townid":464,"tokenid":"951d03f410ec74fcc3b8ec7ba44bee3a","tokenurl":"/mcm/api/land?token=951d03f410ec74fcc3b8ec7ba44bee3a","imageurl":"/mcm/images/land/2S/9361_106ef84f8390.jpg","landname":"150"}]]],0,0,[],[],[]]
