[1,0,0,[["cc.JsonAsset",["_name","json"],1]],[[0,0,1,3]],[[0,"69",[{"id":281474977890305,"level":1,"status":1,"posx":7,"posy":5,"cityid":18,"townid":69,"tokenid":"b8514ba65774cd787a6ebfc18688d094","tokenurl":"/mcm/api/land?token=b8514ba65774cd787a6ebfc18688d094","imageurl":"/mcm/images/land/1S/6122_3c3559b9c9a1.jpg","landname":"1"},{"id":281474977890306,"level":1,"status":0,"posx":8,"posy":5,"cityid":18,"townid":69,"tokenid":"920de9241a3960522e41f0c0c1818002","tokenurl":"/mcm/api/land?token=920de9241a3960522e41f0c0c1818002","imageurl":"/mcm/images/land/1S/6123_22193f60db84.jpg","landname":"2"},{"id":281474977890307,"level":3,"status":1,"posx":16,"posy":5,"cityid":18,"townid":69,"tokenid":"f11572b6d60cf9395c406857a4fc16ee","tokenurl":"/mcm/api/land?token=f11572b6d60cf9395c406857a4fc16ee","imageurl":"/mcm/images/land/1B/1022_4eb078f381d8.jpg","landname":"3"},{"id":281474977890308,"level":3,"status":0,"posx":17,"posy":5,"cityid":18,"townid":69,"tokenid":"1f0ccbca89c67373e5231fbbccdb4563","tokenurl":"/mcm/api/land?token=1f0ccbca89c67373e5231fbbccdb4563","imageurl":"/mcm/images/land/1B/1023_3b2a2407ea16.jpg","landname":"4"},{"id":281474977890309,"level":1,"status":1,"posx":20,"posy":5,"cityid":18,"townid":69,"tokenid":"e83aab79febac085a30deab02a70070b","tokenurl":"/mcm/api/land?token=e83aab79febac085a30deab02a70070b","imageurl":"/mcm/images/land/1S/6124_1f5e98c0fa43.jpg","landname":"5"},{"id":281474977890310,"level":1,"status":1,"posx":21,"posy":5,"cityid":18,"townid":69,"tokenid":"9a9b105efdf57be2b7edd57ac76eb92c","tokenurl":"/mcm/api/land?token=9a9b105efdf57be2b7edd57ac76eb92c","imageurl":"/mcm/images/land/1S/6125_3e1fde95d487.jpg","landname":"6"},{"id":281474977890311,"level":1,"status":1,"posx":7,"posy":6,"cityid":18,"townid":69,"tokenid":"0b90b5bb5d2610869d4074d727e56e02","tokenurl":"/mcm/api/land?token=0b90b5bb5d2610869d4074d727e56e02","imageurl":"/mcm/images/land/1S/6126_6a9ad2029e6.jpg","landname":"7"},{"id":281474977890312,"level":2,"status":0,"posx":8,"posy":6,"cityid":18,"townid":69,"tokenid":"a2866b3787518d1dd26e4c9a90ae16f1","tokenurl":"/mcm/api/land?token=a2866b3787518d1dd26e4c9a90ae16f1","imageurl":"/mcm/images/land/1A/3062_23d5c48631d7.jpg","landname":"8"},{"id":281474977890313,"level":1,"status":0,"posx":16,"posy":6,"cityid":18,"townid":69,"tokenid":"1ad71a03d2bc7e4f544dda5f7035281a","tokenurl":"/mcm/api/land?token=1ad71a03d2bc7e4f544dda5f7035281a","imageurl":"/mcm/images/land/1S/6127_2dde0ba11a00.jpg","landname":"9"},{"id":281474977890314,"level":2,"status":0,"posx":17,"posy":6,"cityid":18,"townid":69,"tokenid":"2f800b71bf3656af61c3cbc21c785d94","tokenurl":"/mcm/api/land?token=2f800b71bf3656af61c3cbc21c785d94","imageurl":"/mcm/images/land/1A/3063_2cac39ffc047.jpg","landname":"10"},{"id":281474977890315,"level":1,"status":1,"posx":20,"posy":6,"cityid":18,"townid":69,"tokenid":"10de4ee83924faa822d5f15e04592df1","tokenurl":"/mcm/api/land?token=10de4ee83924faa822d5f15e04592df1","imageurl":"/mcm/images/land/1S/6128_5797af507463.jpg","landname":"11"},{"id":281474977890316,"level":2,"status":0,"posx":21,"posy":6,"cityid":18,"townid":69,"tokenid":"11654e09fabf95a644b7e52cf8207b58","tokenurl":"/mcm/api/land?token=11654e09fabf95a644b7e52cf8207b58","imageurl":"/mcm/images/land/1A/3064_bfd23990ac2.jpg","landname":"12"},{"id":281474977890317,"level":1,"status":1,"posx":7,"posy":7,"cityid":18,"townid":69,"tokenid":"caf75f689874d7fa941b107dfd3503d6","tokenurl":"/mcm/api/land?token=caf75f689874d7fa941b107dfd3503d6","imageurl":"/mcm/images/land/1S/6129_58c18784f759.jpg","landname":"13"},{"id":281474977890318,"level":1,"status":1,"posx":8,"posy":7,"cityid":18,"townid":69,"tokenid":"9113ee5c0c574f1898e7c0a86c27e78b","tokenurl":"/mcm/api/land?token=9113ee5c0c574f1898e7c0a86c27e78b","imageurl":"/mcm/images/land/1S/6130_1d1ea65246f6.jpg","landname":"14"},{"id":281474977890319,"level":2,"status":1,"posx":16,"posy":7,"cityid":18,"townid":69,"tokenid":"ef32e0f64e706a1352443af80a03b5fb","tokenurl":"/mcm/api/land?token=ef32e0f64e706a1352443af80a03b5fb","imageurl":"/mcm/images/land/1A/3065_20a04eefec93.jpg","landname":"15"},{"id":281474977890320,"level":1,"status":1,"posx":17,"posy":7,"cityid":18,"townid":69,"tokenid":"dd4c73b809af2ec00c2a634993dbc264","tokenurl":"/mcm/api/land?token=dd4c73b809af2ec00c2a634993dbc264","imageurl":"/mcm/images/land/1S/6131_17df7c32660.jpg","landname":"16"},{"id":281474977890321,"level":1,"status":1,"posx":20,"posy":7,"cityid":18,"townid":69,"tokenid":"93ab73393ffbe56d113f68ae1d0da82d","tokenurl":"/mcm/api/land?token=93ab73393ffbe56d113f68ae1d0da82d","imageurl":"/mcm/images/land/1S/6132_2af3730664f3.jpg","landname":"17"},{"id":281474977890322,"level":1,"status":0,"posx":21,"posy":7,"cityid":18,"townid":69,"tokenid":"26708de70116de5e0af1030f6dc55afc","tokenurl":"/mcm/api/land?token=26708de70116de5e0af1030f6dc55afc","imageurl":"/mcm/images/land/1S/6133_1267ffe3dc30.jpg","landname":"18"},{"id":281474977890323,"level":1,"status":0,"posx":7,"posy":8,"cityid":18,"townid":69,"tokenid":"16c412ac18df1e71b81ef4e239f51e38","tokenurl":"/mcm/api/land?token=16c412ac18df1e71b81ef4e239f51e38","imageurl":"/mcm/images/land/1S/6134_29906c51716.jpg","landname":"19"},{"id":281474977890324,"level":3,"status":0,"posx":8,"posy":8,"cityid":18,"townid":69,"tokenid":"a7bc93c95416bb036bdd8e88d497ae05","tokenurl":"/mcm/api/land?token=a7bc93c95416bb036bdd8e88d497ae05","imageurl":"/mcm/images/land/1B/1024_14960f3639d5.jpg","landname":"20"},{"id":281474977890325,"level":2,"status":0,"posx":16,"posy":8,"cityid":18,"townid":69,"tokenid":"433b0c1e2a9ad3cea714b11b4bde0fd6","tokenurl":"/mcm/api/land?token=433b0c1e2a9ad3cea714b11b4bde0fd6","imageurl":"/mcm/images/land/1A/3066_178c7cc7d591.jpg","landname":"21"},{"id":281474977890326,"level":2,"status":0,"posx":17,"posy":8,"cityid":18,"townid":69,"tokenid":"8cf986dc064f1ed14c9164d4a7b07a98","tokenurl":"/mcm/api/land?token=8cf986dc064f1ed14c9164d4a7b07a98","imageurl":"/mcm/images/land/1A/3067_1538b9b6da0c.jpg","landname":"22"},{"id":281474977890327,"level":1,"status":0,"posx":20,"posy":8,"cityid":18,"townid":69,"tokenid":"3186cfc536496f045dd671c581335704","tokenurl":"/mcm/api/land?token=3186cfc536496f045dd671c581335704","imageurl":"/mcm/images/land/1S/6135_50e600b1f1dd.jpg","landname":"23"},{"id":281474977890328,"level":2,"status":1,"posx":21,"posy":8,"cityid":18,"townid":69,"tokenid":"65f2e578096989e254edc6034fdb48ca","tokenurl":"/mcm/api/land?token=65f2e578096989e254edc6034fdb48ca","imageurl":"/mcm/images/land/1A/3068_af69b0cb443.jpg","landname":"24"},{"id":281474977890329,"level":1,"status":0,"posx":28,"posy":8,"cityid":18,"townid":69,"tokenid":"dd2cb7d3c0f79d111544ef2523c199af","tokenurl":"/mcm/api/land?token=dd2cb7d3c0f79d111544ef2523c199af","imageurl":"/mcm/images/land/1S/6136_43af18995248.jpg","landname":"25"},{"id":281474977890330,"level":1,"status":1,"posx":29,"posy":8,"cityid":18,"townid":69,"tokenid":"a571f5139548dc280b4512596d708b64","tokenurl":"/mcm/api/land?token=a571f5139548dc280b4512596d708b64","imageurl":"/mcm/images/land/1S/6137_eaf02d6cc5f.jpg","landname":"26"},{"id":281474977890331,"level":1,"status":0,"posx":32,"posy":8,"cityid":18,"townid":69,"tokenid":"e217d64a6ebf4c5b3cd05c6e260319b1","tokenurl":"/mcm/api/land?token=e217d64a6ebf4c5b3cd05c6e260319b1","imageurl":"/mcm/images/land/1S/6138_2aebabcb0205.jpg","landname":"27"},{"id":281474977890332,"level":1,"status":0,"posx":33,"posy":8,"cityid":18,"townid":69,"tokenid":"40e36d408618d834a81b248dae99cc55","tokenurl":"/mcm/api/land?token=40e36d408618d834a81b248dae99cc55","imageurl":"/mcm/images/land/1S/6139_52757219b887.jpg","landname":"28"},{"id":281474977890333,"level":1,"status":0,"posx":7,"posy":9,"cityid":18,"townid":69,"tokenid":"6d1bac36d1277bb1397a39440b47862d","tokenurl":"/mcm/api/land?token=6d1bac36d1277bb1397a39440b47862d","imageurl":"/mcm/images/land/1S/6140_2b32af1332a0.jpg","landname":"29"},{"id":281474977890334,"level":3,"status":0,"posx":8,"posy":9,"cityid":18,"townid":69,"tokenid":"5d700602cd93422c0a6d85fd8a223d6c","tokenurl":"/mcm/api/land?token=5d700602cd93422c0a6d85fd8a223d6c","imageurl":"/mcm/images/land/1B/1025_34359ed85676.jpg","landname":"30"},{"id":281474977890335,"level":1,"status":0,"posx":16,"posy":9,"cityid":18,"townid":69,"tokenid":"c451d428a6c9fb2c4a5defe0b9ffe6c0","tokenurl":"/mcm/api/land?token=c451d428a6c9fb2c4a5defe0b9ffe6c0","imageurl":"/mcm/images/land/1S/6141_3efddd3fc0cb.jpg","landname":"31"},{"id":281474977890336,"level":2,"status":1,"posx":17,"posy":9,"cityid":18,"townid":69,"tokenid":"f39ec40dd3a2ec53d56efb42295d6fc1","tokenurl":"/mcm/api/land?token=f39ec40dd3a2ec53d56efb42295d6fc1","imageurl":"/mcm/images/land/1A/3069_30fecdeddc28.jpg","landname":"32"},{"id":281474977890337,"level":1,"status":0,"posx":20,"posy":9,"cityid":18,"townid":69,"tokenid":"6ec845d6351c54173a614baf8d3ae2dc","tokenurl":"/mcm/api/land?token=6ec845d6351c54173a614baf8d3ae2dc","imageurl":"/mcm/images/land/1S/6142_1d005f068d3b.jpg","landname":"33"},{"id":281474977890338,"level":3,"status":1,"posx":21,"posy":9,"cityid":18,"townid":69,"tokenid":"896a2f486cedfb607a74b0aaa76cca23","tokenurl":"/mcm/api/land?token=896a2f486cedfb607a74b0aaa76cca23","imageurl":"/mcm/images/land/1B/1026_db3976813f1.jpg","landname":"34"},{"id":281474977890339,"level":2,"status":0,"posx":28,"posy":9,"cityid":18,"townid":69,"tokenid":"366267c0cbccea57431e8a32ac5f9927","tokenurl":"/mcm/api/land?token=366267c0cbccea57431e8a32ac5f9927","imageurl":"/mcm/images/land/1A/3070_22462c1806cb.jpg","landname":"35"},{"id":281474977890340,"level":1,"status":1,"posx":29,"posy":9,"cityid":18,"townid":69,"tokenid":"a796f4dc38332449a64ee17d1ed6b38f","tokenurl":"/mcm/api/land?token=a796f4dc38332449a64ee17d1ed6b38f","imageurl":"/mcm/images/land/1S/6143_2b90240e56af.jpg","landname":"36"},{"id":281474977890341,"level":1,"status":0,"posx":32,"posy":9,"cityid":18,"townid":69,"tokenid":"0edbfaa0dc4de3c04085710a4a8bc556","tokenurl":"/mcm/api/land?token=0edbfaa0dc4de3c04085710a4a8bc556","imageurl":"/mcm/images/land/1S/6144_2bb1cecd0b32.jpg","landname":"37"},{"id":281474977890342,"level":2,"status":0,"posx":33,"posy":9,"cityid":18,"townid":69,"tokenid":"9bef4a61ab72fb798d4d52b6b91e2a0b","tokenurl":"/mcm/api/land?token=9bef4a61ab72fb798d4d52b6b91e2a0b","imageurl":"/mcm/images/land/1A/3071_1f0afd8b09a0.jpg","landname":"38"},{"id":281474977890343,"level":1,"status":0,"posx":28,"posy":10,"cityid":18,"townid":69,"tokenid":"b036f0365224a782a4137c26745af05f","tokenurl":"/mcm/api/land?token=b036f0365224a782a4137c26745af05f","imageurl":"/mcm/images/land/1S/6145_34e8c0f28d4b.jpg","landname":"39"},{"id":281474977890344,"level":1,"status":0,"posx":29,"posy":10,"cityid":18,"townid":69,"tokenid":"0ebf3428fc9eda83c14a9e9bae7940dd","tokenurl":"/mcm/api/land?token=0ebf3428fc9eda83c14a9e9bae7940dd","imageurl":"/mcm/images/land/1S/6146_3035f92bd01f.jpg","landname":"40"},{"id":281474977890345,"level":1,"status":1,"posx":32,"posy":10,"cityid":18,"townid":69,"tokenid":"4313eff81f3796a0e3158d473f0b58b5","tokenurl":"/mcm/api/land?token=4313eff81f3796a0e3158d473f0b58b5","imageurl":"/mcm/images/land/1S/6147_6e7dfe04811.jpg","landname":"41"},{"id":281474977890346,"level":1,"status":1,"posx":33,"posy":10,"cityid":18,"townid":69,"tokenid":"8f017960b36df1b938da4f301fc9d30f","tokenurl":"/mcm/api/land?token=8f017960b36df1b938da4f301fc9d30f","imageurl":"/mcm/images/land/1S/6148_52a7e830b30b.jpg","landname":"42"},{"id":281474977890347,"level":2,"status":0,"posx":28,"posy":11,"cityid":18,"townid":69,"tokenid":"408a63a8d12eed7ee4a26a0fbcd8f43a","tokenurl":"/mcm/api/land?token=408a63a8d12eed7ee4a26a0fbcd8f43a","imageurl":"/mcm/images/land/1A/3072_166bc49d6790.jpg","landname":"43"},{"id":281474977890348,"level":2,"status":0,"posx":29,"posy":11,"cityid":18,"townid":69,"tokenid":"0d3d2bb1a771cd6fecd2d0ef190dbaa1","tokenurl":"/mcm/api/land?token=0d3d2bb1a771cd6fecd2d0ef190dbaa1","imageurl":"/mcm/images/land/1A/3073_315cc0d0dfac.jpg","landname":"44"},{"id":281474977890349,"level":2,"status":1,"posx":32,"posy":11,"cityid":18,"townid":69,"tokenid":"eb8ae98e9c2d3965fa44248f664e6576","tokenurl":"/mcm/api/land?token=eb8ae98e9c2d3965fa44248f664e6576","imageurl":"/mcm/images/land/1A/3074_16d06d890cb1.jpg","landname":"45"},{"id":281474977890350,"level":3,"status":1,"posx":33,"posy":11,"cityid":18,"townid":69,"tokenid":"212bc4dffba2768a0a318638c17e680e","tokenurl":"/mcm/api/land?token=212bc4dffba2768a0a318638c17e680e","imageurl":"/mcm/images/land/1B/1027_221ba29acdf8.jpg","landname":"46"},{"id":281474977890351,"level":1,"status":1,"posx":28,"posy":12,"cityid":18,"townid":69,"tokenid":"0522c9e7d4554f53e0b2b9d3063c1b11","tokenurl":"/mcm/api/land?token=0522c9e7d4554f53e0b2b9d3063c1b11","imageurl":"/mcm/images/land/1S/6149_4e893ea037b6.jpg","landname":"47"},{"id":281474977890352,"level":1,"status":1,"posx":29,"posy":12,"cityid":18,"townid":69,"tokenid":"ecf1793f22952c9e0ba637379c6215ec","tokenurl":"/mcm/api/land?token=ecf1793f22952c9e0ba637379c6215ec","imageurl":"/mcm/images/land/1S/6150_1f899b54469.jpg","landname":"48"},{"id":281474977890353,"level":1,"status":1,"posx":32,"posy":12,"cityid":18,"townid":69,"tokenid":"a39106971182646afd5ce383e916006d","tokenurl":"/mcm/api/land?token=a39106971182646afd5ce383e916006d","imageurl":"/mcm/images/land/1S/6151_20171984fddf.jpg","landname":"49"},{"id":281474977890354,"level":2,"status":1,"posx":33,"posy":12,"cityid":18,"townid":69,"tokenid":"a96756ca24152dd4b8cb1dae7d7d69e4","tokenurl":"/mcm/api/land?token=a96756ca24152dd4b8cb1dae7d7d69e4","imageurl":"/mcm/images/land/1A/3075_2ddfe9d2ec8a.jpg","landname":"50"},{"id":281474977890355,"level":2,"status":0,"posx":23,"posy":14,"cityid":18,"townid":69,"tokenid":"3e9f8b3a76fbb948ddb42cf3196d2c7e","tokenurl":"/mcm/api/land?token=3e9f8b3a76fbb948ddb42cf3196d2c7e","imageurl":"/mcm/images/land/1A/3076_2e1b55dd63e2.jpg","landname":"51"},{"id":281474977890356,"level":2,"status":0,"posx":24,"posy":14,"cityid":18,"townid":69,"tokenid":"025ddc527a827a3e7834d7ca31c13265","tokenurl":"/mcm/api/land?token=025ddc527a827a3e7834d7ca31c13265","imageurl":"/mcm/images/land/1A/3077_44afe337cf55.jpg","landname":"52"},{"id":281474977890357,"level":1,"status":0,"posx":23,"posy":15,"cityid":18,"townid":69,"tokenid":"29dadd9cc6b354ff064339578e4fe825","tokenurl":"/mcm/api/land?token=29dadd9cc6b354ff064339578e4fe825","imageurl":"/mcm/images/land/1S/6152_4dba4b915de7.jpg","landname":"53"},{"id":281474977890358,"level":1,"status":0,"posx":24,"posy":15,"cityid":18,"townid":69,"tokenid":"80c9903090d47a8d73ebcabf18521f2f","tokenurl":"/mcm/api/land?token=80c9903090d47a8d73ebcabf18521f2f","imageurl":"/mcm/images/land/1S/6153_35754a46f110.jpg","landname":"54"},{"id":281474977890359,"level":3,"status":0,"posx":33,"posy":15,"cityid":18,"townid":69,"tokenid":"97545b1803dac3ff15ae58d4395b63c2","tokenurl":"/mcm/api/land?token=97545b1803dac3ff15ae58d4395b63c2","imageurl":"/mcm/images/land/1B/1028_3f15460f7f80.jpg","landname":"55"},{"id":281474977890360,"level":1,"status":1,"posx":34,"posy":15,"cityid":18,"townid":69,"tokenid":"32d356be10df5e4d10794f81eb81b8af","tokenurl":"/mcm/api/land?token=32d356be10df5e4d10794f81eb81b8af","imageurl":"/mcm/images/land/1S/6154_14d2e77349c5.jpg","landname":"56"},{"id":281474977890361,"level":2,"status":0,"posx":11,"posy":16,"cityid":18,"townid":69,"tokenid":"5b8bb9381599b76d807799e50fbd8927","tokenurl":"/mcm/api/land?token=5b8bb9381599b76d807799e50fbd8927","imageurl":"/mcm/images/land/1A/3078_407fff731601.jpg","landname":"57"},{"id":281474977890362,"level":1,"status":0,"posx":12,"posy":16,"cityid":18,"townid":69,"tokenid":"aad2c0b584b200969342a70aab65d392","tokenurl":"/mcm/api/land?token=aad2c0b584b200969342a70aab65d392","imageurl":"/mcm/images/land/1S/6155_492cd0a21786.jpg","landname":"58"},{"id":281474977890363,"level":1,"status":0,"posx":23,"posy":16,"cityid":18,"townid":69,"tokenid":"804dbd62d11b29dffe3d8ddba66b51f3","tokenurl":"/mcm/api/land?token=804dbd62d11b29dffe3d8ddba66b51f3","imageurl":"/mcm/images/land/1S/6156_51dce9904c58.jpg","landname":"59"},{"id":281474977890364,"level":2,"status":1,"posx":24,"posy":16,"cityid":18,"townid":69,"tokenid":"56c95543958e6352e3c549131fae406b","tokenurl":"/mcm/api/land?token=56c95543958e6352e3c549131fae406b","imageurl":"/mcm/images/land/1A/3079_343278c06f63.jpg","landname":"60"},{"id":281474977890365,"level":2,"status":1,"posx":33,"posy":16,"cityid":18,"townid":69,"tokenid":"e12c6d45271ba2025660c3542b9b3721","tokenurl":"/mcm/api/land?token=e12c6d45271ba2025660c3542b9b3721","imageurl":"/mcm/images/land/1A/3080_1eabf1faa979.jpg","landname":"61"},{"id":281474977890366,"level":1,"status":1,"posx":34,"posy":16,"cityid":18,"townid":69,"tokenid":"715dd5652e6177017f54c6953e625c80","tokenurl":"/mcm/api/land?token=715dd5652e6177017f54c6953e625c80","imageurl":"/mcm/images/land/1S/6157_496e680e8e76.jpg","landname":"62"},{"id":281474977890367,"level":3,"status":0,"posx":11,"posy":17,"cityid":18,"townid":69,"tokenid":"6012a0a084f08e51dd2b8cfb978f3fcd","tokenurl":"/mcm/api/land?token=6012a0a084f08e51dd2b8cfb978f3fcd","imageurl":"/mcm/images/land/1B/1029_17b9967db97d.jpg","landname":"63"},{"id":281474977890368,"level":3,"status":1,"posx":12,"posy":17,"cityid":18,"townid":69,"tokenid":"8636d0529c009698d385a36e858847df","tokenurl":"/mcm/api/land?token=8636d0529c009698d385a36e858847df","imageurl":"/mcm/images/land/1B/1030_50df0a33c3da.jpg","landname":"64"},{"id":281474977890369,"level":1,"status":1,"posx":23,"posy":17,"cityid":18,"townid":69,"tokenid":"5ff070e177004213a23acd0b47eaf1cb","tokenurl":"/mcm/api/land?token=5ff070e177004213a23acd0b47eaf1cb","imageurl":"/mcm/images/land/1S/6158_3875cfff48b9.jpg","landname":"65"},{"id":281474977890370,"level":2,"status":0,"posx":24,"posy":17,"cityid":18,"townid":69,"tokenid":"39ce1ce18bf585b3e1d39c0e7edb5e9e","tokenurl":"/mcm/api/land?token=39ce1ce18bf585b3e1d39c0e7edb5e9e","imageurl":"/mcm/images/land/1A/3081_252c3f8323ac.jpg","landname":"66"},{"id":281474977890371,"level":2,"status":1,"posx":33,"posy":17,"cityid":18,"townid":69,"tokenid":"873530128469c5cadff1323ef7e7cac9","tokenurl":"/mcm/api/land?token=873530128469c5cadff1323ef7e7cac9","imageurl":"/mcm/images/land/1A/3082_40023cc19bcc.jpg","landname":"67"},{"id":281474977890372,"level":2,"status":1,"posx":34,"posy":17,"cityid":18,"townid":69,"tokenid":"0428c506065279f7893310a75e51cbb6","tokenurl":"/mcm/api/land?token=0428c506065279f7893310a75e51cbb6","imageurl":"/mcm/images/land/1A/3083_2a192588fe2c.jpg","landname":"68"},{"id":281474977890373,"level":2,"status":1,"posx":7,"posy":18,"cityid":18,"townid":69,"tokenid":"e29d496aacdf9373aa651cf622115be9","tokenurl":"/mcm/api/land?token=e29d496aacdf9373aa651cf622115be9","imageurl":"/mcm/images/land/1A/3084_4f9c5d5be20e.jpg","landname":"69"},{"id":281474977890374,"level":3,"status":0,"posx":8,"posy":18,"cityid":18,"townid":69,"tokenid":"5a8185f3bc7e98a882ad30f2b00865c7","tokenurl":"/mcm/api/land?token=5a8185f3bc7e98a882ad30f2b00865c7","imageurl":"/mcm/images/land/1B/1031_33ee930d7f67.jpg","landname":"70"},{"id":281474977890375,"level":2,"status":1,"posx":11,"posy":18,"cityid":18,"townid":69,"tokenid":"27219dc7496e7174800cc2534db57d01","tokenurl":"/mcm/api/land?token=27219dc7496e7174800cc2534db57d01","imageurl":"/mcm/images/land/1A/3085_3f20305d5878.jpg","landname":"71"},{"id":281474977890376,"level":1,"status":0,"posx":12,"posy":18,"cityid":18,"townid":69,"tokenid":"257e866b22eb9104f131432506663818","tokenurl":"/mcm/api/land?token=257e866b22eb9104f131432506663818","imageurl":"/mcm/images/land/1S/6159_3b0bec6331ca.jpg","landname":"72"},{"id":281474977890377,"level":1,"status":0,"posx":23,"posy":18,"cityid":18,"townid":69,"tokenid":"1554646a582a29a2b5d4d219b50769bf","tokenurl":"/mcm/api/land?token=1554646a582a29a2b5d4d219b50769bf","imageurl":"/mcm/images/land/1S/6160_3fb7a8c3d28e.jpg","landname":"73"},{"id":281474977890378,"level":1,"status":1,"posx":24,"posy":18,"cityid":18,"townid":69,"tokenid":"218b1e304cc35d74d4d2102d853647cf","tokenurl":"/mcm/api/land?token=218b1e304cc35d74d4d2102d853647cf","imageurl":"/mcm/images/land/1S/6161_354997083019.jpg","landname":"74"},{"id":281474977890379,"level":1,"status":1,"posx":33,"posy":18,"cityid":18,"townid":69,"tokenid":"8e896f3bcd7345f1abdde0aff4f6caf9","tokenurl":"/mcm/api/land?token=8e896f3bcd7345f1abdde0aff4f6caf9","imageurl":"/mcm/images/land/1S/6162_6b22e5e5aef.jpg","landname":"75"},{"id":281474977890380,"level":2,"status":0,"posx":34,"posy":18,"cityid":18,"townid":69,"tokenid":"07c8b50719f3d896633f2a937f909784","tokenurl":"/mcm/api/land?token=07c8b50719f3d896633f2a937f909784","imageurl":"/mcm/images/land/1A/3086_24783ce3c51c.jpg","landname":"76"},{"id":281474977890381,"level":1,"status":1,"posx":7,"posy":19,"cityid":18,"townid":69,"tokenid":"6447b422466b047daa45120b283c7dbf","tokenurl":"/mcm/api/land?token=6447b422466b047daa45120b283c7dbf","imageurl":"/mcm/images/land/1S/6163_3f89ac201db5.jpg","landname":"77"},{"id":281474977890382,"level":2,"status":0,"posx":8,"posy":19,"cityid":18,"townid":69,"tokenid":"b0ff3fa4f1a416a165fc8fe17089126b","tokenurl":"/mcm/api/land?token=b0ff3fa4f1a416a165fc8fe17089126b","imageurl":"/mcm/images/land/1A/3087_3be04f9566f6.jpg","landname":"78"},{"id":281474977890383,"level":1,"status":0,"posx":11,"posy":19,"cityid":18,"townid":69,"tokenid":"41f65c4bc92f603e9b7d43832504764c","tokenurl":"/mcm/api/land?token=41f65c4bc92f603e9b7d43832504764c","imageurl":"/mcm/images/land/1S/6164_d184958cf52.jpg","landname":"79"},{"id":281474977890384,"level":1,"status":1,"posx":12,"posy":19,"cityid":18,"townid":69,"tokenid":"b1b3a1ff3b1adc870d7b296873de7cdf","tokenurl":"/mcm/api/land?token=b1b3a1ff3b1adc870d7b296873de7cdf","imageurl":"/mcm/images/land/1S/6165_42afd39368fd.jpg","landname":"80"},{"id":281474977890385,"level":1,"status":1,"posx":33,"posy":19,"cityid":18,"townid":69,"tokenid":"07e8d84be901f79f10cb10e7214738a8","tokenurl":"/mcm/api/land?token=07e8d84be901f79f10cb10e7214738a8","imageurl":"/mcm/images/land/1S/6166_3a85845eacf8.jpg","landname":"81"},{"id":281474977890386,"level":1,"status":0,"posx":34,"posy":19,"cityid":18,"townid":69,"tokenid":"eacdf003933a4ef36ac9477d3abd4f44","tokenurl":"/mcm/api/land?token=eacdf003933a4ef36ac9477d3abd4f44","imageurl":"/mcm/images/land/1S/6167_1402ecb2faa2.jpg","landname":"82"},{"id":281474977890387,"level":1,"status":1,"posx":7,"posy":20,"cityid":18,"townid":69,"tokenid":"a726ff7ff142779457b4cea15a517194","tokenurl":"/mcm/api/land?token=a726ff7ff142779457b4cea15a517194","imageurl":"/mcm/images/land/1S/6168_2b225255fcd8.jpg","landname":"83"},{"id":281474977890388,"level":2,"status":0,"posx":8,"posy":20,"cityid":18,"townid":69,"tokenid":"180c1f3483478a70216119b31b7a4fe8","tokenurl":"/mcm/api/land?token=180c1f3483478a70216119b31b7a4fe8","imageurl":"/mcm/images/land/1A/3088_41f771d27a84.jpg","landname":"84"},{"id":281474977890389,"level":1,"status":0,"posx":11,"posy":20,"cityid":18,"townid":69,"tokenid":"672184f56258c17678d759f0c3724a12","tokenurl":"/mcm/api/land?token=672184f56258c17678d759f0c3724a12","imageurl":"/mcm/images/land/1S/6169_491338d371db.jpg","landname":"85"},{"id":281474977890390,"level":2,"status":1,"posx":12,"posy":20,"cityid":18,"townid":69,"tokenid":"814182e4e9a2b842317f402f3c9271bf","tokenurl":"/mcm/api/land?token=814182e4e9a2b842317f402f3c9271bf","imageurl":"/mcm/images/land/1A/3089_43acad198936.jpg","landname":"86"},{"id":281474977890391,"level":2,"status":1,"posx":7,"posy":21,"cityid":18,"townid":69,"tokenid":"87a667f6654a422accb206b6d3942907","tokenurl":"/mcm/api/land?token=87a667f6654a422accb206b6d3942907","imageurl":"/mcm/images/land/1A/3090_6294b4b8e0a.jpg","landname":"87"},{"id":281474977890392,"level":2,"status":0,"posx":8,"posy":21,"cityid":18,"townid":69,"tokenid":"02e66b6139373b5a18ef9938a5205d9c","tokenurl":"/mcm/api/land?token=02e66b6139373b5a18ef9938a5205d9c","imageurl":"/mcm/images/land/1A/3091_100ce051a65.jpg","landname":"88"},{"id":281474977890393,"level":1,"status":0,"posx":26,"posy":21,"cityid":18,"townid":69,"tokenid":"4a4595b1e36c4745bb619c791f1b3209","tokenurl":"/mcm/api/land?token=4a4595b1e36c4745bb619c791f1b3209","imageurl":"/mcm/images/land/1S/6170_1223670c3cbb.jpg","landname":"89"},{"id":281474977890394,"level":2,"status":1,"posx":27,"posy":21,"cityid":18,"townid":69,"tokenid":"4e98fb8e7d6c9967c49c85011d892ae1","tokenurl":"/mcm/api/land?token=4e98fb8e7d6c9967c49c85011d892ae1","imageurl":"/mcm/images/land/1A/3092_38bd915f2de1.jpg","landname":"90"},{"id":281474977890395,"level":2,"status":0,"posx":7,"posy":22,"cityid":18,"townid":69,"tokenid":"0688e6a697826106309272d6d83bb57d","tokenurl":"/mcm/api/land?token=0688e6a697826106309272d6d83bb57d","imageurl":"/mcm/images/land/1A/3093_358d9cc17830.jpg","landname":"91"},{"id":281474977890396,"level":1,"status":0,"posx":8,"posy":22,"cityid":18,"townid":69,"tokenid":"65fd30869d2fe439de9a3982df47c559","tokenurl":"/mcm/api/land?token=65fd30869d2fe439de9a3982df47c559","imageurl":"/mcm/images/land/1S/6171_3ea695e5c1c0.jpg","landname":"92"},{"id":281474977890397,"level":1,"status":0,"posx":23,"posy":22,"cityid":18,"townid":69,"tokenid":"d6059c87b669f1c9a8dc6137516c5922","tokenurl":"/mcm/api/land?token=d6059c87b669f1c9a8dc6137516c5922","imageurl":"/mcm/images/land/1S/6172_d77181f81ad.jpg","landname":"93"},{"id":281474977890398,"level":2,"status":0,"posx":24,"posy":22,"cityid":18,"townid":69,"tokenid":"2ad9d6bc2ec3f2677a04f1fa8ce2ba8b","tokenurl":"/mcm/api/land?token=2ad9d6bc2ec3f2677a04f1fa8ce2ba8b","imageurl":"/mcm/images/land/1A/3094_87de85ada77.jpg","landname":"94"},{"id":281474977890399,"level":3,"status":1,"posx":26,"posy":22,"cityid":18,"townid":69,"tokenid":"1db2ba5a9f3cdfc3b369681f7fa09dc1","tokenurl":"/mcm/api/land?token=1db2ba5a9f3cdfc3b369681f7fa09dc1","imageurl":"/mcm/images/land/1B/1032_45bb8907cde3.jpg","landname":"95"},{"id":281474977890400,"level":1,"status":1,"posx":27,"posy":22,"cityid":18,"townid":69,"tokenid":"fefb04d204610b2f863113ee15805bf6","tokenurl":"/mcm/api/land?token=fefb04d204610b2f863113ee15805bf6","imageurl":"/mcm/images/land/1S/6173_1226d5d7dda0.jpg","landname":"96"},{"id":281474977890401,"level":1,"status":0,"posx":33,"posy":22,"cityid":18,"townid":69,"tokenid":"a1f2f7c9a62fa5f56c65750bae6c4a72","tokenurl":"/mcm/api/land?token=a1f2f7c9a62fa5f56c65750bae6c4a72","imageurl":"/mcm/images/land/1S/6174_3e9618ae190.jpg","landname":"97"},{"id":281474977890402,"level":3,"status":0,"posx":34,"posy":22,"cityid":18,"townid":69,"tokenid":"5751845d1d04cf608e2cc529da83070f","tokenurl":"/mcm/api/land?token=5751845d1d04cf608e2cc529da83070f","imageurl":"/mcm/images/land/1B/1033_340fe6ec0e40.jpg","landname":"98"},{"id":281474977890403,"level":2,"status":1,"posx":23,"posy":23,"cityid":18,"townid":69,"tokenid":"39b45a993322d8631050eb85a91eb41e","tokenurl":"/mcm/api/land?token=39b45a993322d8631050eb85a91eb41e","imageurl":"/mcm/images/land/1A/3095_4796c61a6d7.jpg","landname":"99"},{"id":281474977890404,"level":1,"status":1,"posx":24,"posy":23,"cityid":18,"townid":69,"tokenid":"4faf50bc1da52f1219ebe6ab6b7eb746","tokenurl":"/mcm/api/land?token=4faf50bc1da52f1219ebe6ab6b7eb746","imageurl":"/mcm/images/land/1S/6175_53c0898511c1.jpg","landname":"100"},{"id":281474977890405,"level":1,"status":0,"posx":26,"posy":23,"cityid":18,"townid":69,"tokenid":"e2d9669a50671db43f3a1f4cd5524a4f","tokenurl":"/mcm/api/land?token=e2d9669a50671db43f3a1f4cd5524a4f","imageurl":"/mcm/images/land/1S/6176_830442492d6.jpg","landname":"101"},{"id":281474977890406,"level":1,"status":1,"posx":27,"posy":23,"cityid":18,"townid":69,"tokenid":"af70596eadbd54737c47f2e9c503672d","tokenurl":"/mcm/api/land?token=af70596eadbd54737c47f2e9c503672d","imageurl":"/mcm/images/land/1S/6177_34947049a151.jpg","landname":"102"},{"id":281474977890407,"level":1,"status":1,"posx":33,"posy":23,"cityid":18,"townid":69,"tokenid":"471a61f0be00950b66ae3d63106ed69b","tokenurl":"/mcm/api/land?token=471a61f0be00950b66ae3d63106ed69b","imageurl":"/mcm/images/land/1S/6178_2d10b70f6259.jpg","landname":"103"},{"id":281474977890408,"level":2,"status":1,"posx":34,"posy":23,"cityid":18,"townid":69,"tokenid":"38c17b4e69ad541489f930fd713491a2","tokenurl":"/mcm/api/land?token=38c17b4e69ad541489f930fd713491a2","imageurl":"/mcm/images/land/1A/3096_52ec78adaa3f.jpg","landname":"104"},{"id":281474977890409,"level":1,"status":0,"posx":23,"posy":24,"cityid":18,"townid":69,"tokenid":"a7cee4dbed17d6dc0e8530df468d2f90","tokenurl":"/mcm/api/land?token=a7cee4dbed17d6dc0e8530df468d2f90","imageurl":"/mcm/images/land/1S/6179_49e762966226.jpg","landname":"105"},{"id":281474977890410,"level":1,"status":0,"posx":24,"posy":24,"cityid":18,"townid":69,"tokenid":"395735ded70f63b145f6cf28da6709de","tokenurl":"/mcm/api/land?token=395735ded70f63b145f6cf28da6709de","imageurl":"/mcm/images/land/1S/6180_211659027d96.jpg","landname":"106"},{"id":281474977890411,"level":1,"status":1,"posx":26,"posy":24,"cityid":18,"townid":69,"tokenid":"bfb4c4bb1430c10752d94145f7635c59","tokenurl":"/mcm/api/land?token=bfb4c4bb1430c10752d94145f7635c59","imageurl":"/mcm/images/land/1S/6181_bd87295e8d1.jpg","landname":"107"},{"id":281474977890412,"level":1,"status":1,"posx":27,"posy":24,"cityid":18,"townid":69,"tokenid":"9cd421dc790268a0d89a57eb95c0e27f","tokenurl":"/mcm/api/land?token=9cd421dc790268a0d89a57eb95c0e27f","imageurl":"/mcm/images/land/1S/6182_24c22a973f57.jpg","landname":"108"},{"id":281474977890413,"level":2,"status":1,"posx":33,"posy":24,"cityid":18,"townid":69,"tokenid":"6a868bce396dc1db9cdf9831166cb853","tokenurl":"/mcm/api/land?token=6a868bce396dc1db9cdf9831166cb853","imageurl":"/mcm/images/land/1A/3097_6a5c36a5590.jpg","landname":"109"},{"id":281474977890414,"level":1,"status":1,"posx":34,"posy":24,"cityid":18,"townid":69,"tokenid":"1425b48fd56b7c369975a792f50dee02","tokenurl":"/mcm/api/land?token=1425b48fd56b7c369975a792f50dee02","imageurl":"/mcm/images/land/1S/6183_2f2a8c699265.jpg","landname":"110"},{"id":281474977890415,"level":1,"status":0,"posx":23,"posy":25,"cityid":18,"townid":69,"tokenid":"f9a55505beeb9f57c93a4311e55e37a2","tokenurl":"/mcm/api/land?token=f9a55505beeb9f57c93a4311e55e37a2","imageurl":"/mcm/images/land/1S/6184_38b405156de4.jpg","landname":"111"},{"id":281474977890416,"level":1,"status":0,"posx":24,"posy":25,"cityid":18,"townid":69,"tokenid":"faca7a475be4435634c2834828897f36","tokenurl":"/mcm/api/land?token=faca7a475be4435634c2834828897f36","imageurl":"/mcm/images/land/1S/6185_45a0c875ecf1.jpg","landname":"112"},{"id":281474977890417,"level":1,"status":0,"posx":26,"posy":25,"cityid":18,"townid":69,"tokenid":"60d0967b3f94ce017d7b6ea1da25b77b","tokenurl":"/mcm/api/land?token=60d0967b3f94ce017d7b6ea1da25b77b","imageurl":"/mcm/images/land/1S/6186_283ee06a7c2b.jpg","landname":"113"},{"id":281474977890418,"level":1,"status":0,"posx":27,"posy":25,"cityid":18,"townid":69,"tokenid":"58ff1ea6d9805b598df62d968a8e9979","tokenurl":"/mcm/api/land?token=58ff1ea6d9805b598df62d968a8e9979","imageurl":"/mcm/images/land/1S/6187_26efd5339173.jpg","landname":"114"},{"id":281474977890419,"level":1,"status":0,"posx":33,"posy":25,"cityid":18,"townid":69,"tokenid":"79de452516fc3ec1597ada4b5cd75737","tokenurl":"/mcm/api/land?token=79de452516fc3ec1597ada4b5cd75737","imageurl":"/mcm/images/land/1S/6188_986c87fe49b.jpg","landname":"115"},{"id":281474977890420,"level":1,"status":1,"posx":34,"posy":25,"cityid":18,"townid":69,"tokenid":"68f4fe8ebcb16dc43e579ee310f14bb6","tokenurl":"/mcm/api/land?token=68f4fe8ebcb16dc43e579ee310f14bb6","imageurl":"/mcm/images/land/1S/6189_498b39b3dd1f.jpg","landname":"116"},{"id":281474977890421,"level":2,"status":0,"posx":23,"posy":26,"cityid":18,"townid":69,"tokenid":"8afac86acb4b1a22431c4ab5cb92f8a0","tokenurl":"/mcm/api/land?token=8afac86acb4b1a22431c4ab5cb92f8a0","imageurl":"/mcm/images/land/1A/3098_4180f097ee40.jpg","landname":"117"},{"id":281474977890422,"level":1,"status":1,"posx":24,"posy":26,"cityid":18,"townid":69,"tokenid":"c42df1c710160c303d584d44a5249d80","tokenurl":"/mcm/api/land?token=c42df1c710160c303d584d44a5249d80","imageurl":"/mcm/images/land/1S/6190_22fbf0d8c31b.jpg","landname":"118"},{"id":281474977890423,"level":1,"status":1,"posx":33,"posy":26,"cityid":18,"townid":69,"tokenid":"7e50a4e6ea36f277165bd2b465b26787","tokenurl":"/mcm/api/land?token=7e50a4e6ea36f277165bd2b465b26787","imageurl":"/mcm/images/land/1S/6191_35d82c2e2d7e.jpg","landname":"119"},{"id":281474977890424,"level":2,"status":1,"posx":34,"posy":26,"cityid":18,"townid":69,"tokenid":"898cff9221ebfb1b0083c4fdf87831f8","tokenurl":"/mcm/api/land?token=898cff9221ebfb1b0083c4fdf87831f8","imageurl":"/mcm/images/land/1A/3099_1c21d3d02bfe.jpg","landname":"120"},{"id":281474977890425,"level":3,"status":1,"posx":31,"posy":27,"cityid":18,"townid":69,"tokenid":"c2404fb68687fa0a99fc2aaba214f748","tokenurl":"/mcm/api/land?token=c2404fb68687fa0a99fc2aaba214f748","imageurl":"/mcm/images/land/1B/1034_bb119ea3140.jpg","landname":"121"},{"id":281474977890426,"level":1,"status":1,"posx":32,"posy":27,"cityid":18,"townid":69,"tokenid":"b2f0cbc83187f80054a2300748506dc5","tokenurl":"/mcm/api/land?token=b2f0cbc83187f80054a2300748506dc5","imageurl":"/mcm/images/land/1S/6192_38dfee9875d5.jpg","landname":"122"},{"id":281474977890427,"level":1,"status":1,"posx":6,"posy":28,"cityid":18,"townid":69,"tokenid":"cc452dfb0c3d44ca0b1895ebc472a17b","tokenurl":"/mcm/api/land?token=cc452dfb0c3d44ca0b1895ebc472a17b","imageurl":"/mcm/images/land/1S/6193_5375985fea48.jpg","landname":"123"},{"id":281474977890428,"level":3,"status":1,"posx":7,"posy":28,"cityid":18,"townid":69,"tokenid":"f38e24f51e6accabbad599cb449a636c","tokenurl":"/mcm/api/land?token=f38e24f51e6accabbad599cb449a636c","imageurl":"/mcm/images/land/1B/1035_234cc1c0ae4a.jpg","landname":"124"},{"id":281474977890429,"level":1,"status":1,"posx":9,"posy":28,"cityid":18,"townid":69,"tokenid":"bf3935c5d88028c96f0565886fd7e862","tokenurl":"/mcm/api/land?token=bf3935c5d88028c96f0565886fd7e862","imageurl":"/mcm/images/land/1S/6194_23e78a7dd93e.jpg","landname":"125"},{"id":281474977890430,"level":1,"status":0,"posx":10,"posy":28,"cityid":18,"townid":69,"tokenid":"e9450d60c8a06665e4bdb089bb776865","tokenurl":"/mcm/api/land?token=e9450d60c8a06665e4bdb089bb776865","imageurl":"/mcm/images/land/1S/6195_59953be1f729.jpg","landname":"126"},{"id":281474977890431,"level":1,"status":1,"posx":31,"posy":28,"cityid":18,"townid":69,"tokenid":"9c13857490f6e996a6dbb3cf098faf09","tokenurl":"/mcm/api/land?token=9c13857490f6e996a6dbb3cf098faf09","imageurl":"/mcm/images/land/1S/6196_25f7bb0699f5.jpg","landname":"127"},{"id":281474977890432,"level":1,"status":1,"posx":32,"posy":28,"cityid":18,"townid":69,"tokenid":"74be9caa9c8de420592e9c32437a6eb7","tokenurl":"/mcm/api/land?token=74be9caa9c8de420592e9c32437a6eb7","imageurl":"/mcm/images/land/1S/6197_26b878e94f2.jpg","landname":"128"},{"id":281474977890433,"level":1,"status":0,"posx":6,"posy":29,"cityid":18,"townid":69,"tokenid":"9edd1c7375e975bbf3d9afc6cb5ce884","tokenurl":"/mcm/api/land?token=9edd1c7375e975bbf3d9afc6cb5ce884","imageurl":"/mcm/images/land/1S/6198_3feeac1aafdb.jpg","landname":"129"},{"id":281474977890434,"level":1,"status":1,"posx":7,"posy":29,"cityid":18,"townid":69,"tokenid":"3aaa1d9e7dfcf6803a0163e6d7d7ccaf","tokenurl":"/mcm/api/land?token=3aaa1d9e7dfcf6803a0163e6d7d7ccaf","imageurl":"/mcm/images/land/1S/6199_4d0966e8f443.jpg","landname":"130"},{"id":281474977890435,"level":1,"status":0,"posx":9,"posy":29,"cityid":18,"townid":69,"tokenid":"5193bb8a06219dfbceb2d47f2746739f","tokenurl":"/mcm/api/land?token=5193bb8a06219dfbceb2d47f2746739f","imageurl":"/mcm/images/land/1S/6200_174c2bffaa8c.jpg","landname":"131"},{"id":281474977890436,"level":3,"status":1,"posx":10,"posy":29,"cityid":18,"townid":69,"tokenid":"6f6be5e82d26cd9202671790012b5593","tokenurl":"/mcm/api/land?token=6f6be5e82d26cd9202671790012b5593","imageurl":"/mcm/images/land/1B/1036_3cfe1dc0af75.jpg","landname":"132"},{"id":281474977890437,"level":2,"status":0,"posx":31,"posy":29,"cityid":18,"townid":69,"tokenid":"32ea3800248b44358a02c63fef42a232","tokenurl":"/mcm/api/land?token=32ea3800248b44358a02c63fef42a232","imageurl":"/mcm/images/land/1A/3100_56600102d92e.jpg","landname":"133"},{"id":281474977890438,"level":1,"status":0,"posx":32,"posy":29,"cityid":18,"townid":69,"tokenid":"548cdcdf649e6bd50f0bedd8d853c43e","tokenurl":"/mcm/api/land?token=548cdcdf649e6bd50f0bedd8d853c43e","imageurl":"/mcm/images/land/1S/6201_412470362469.jpg","landname":"134"},{"id":281474977890439,"level":1,"status":0,"posx":6,"posy":30,"cityid":18,"townid":69,"tokenid":"c33a3c26224d6ec5b7285610b51feebc","tokenurl":"/mcm/api/land?token=c33a3c26224d6ec5b7285610b51feebc","imageurl":"/mcm/images/land/1S/6202_29b6d3e9bee8.jpg","landname":"135"},{"id":281474977890440,"level":2,"status":0,"posx":7,"posy":30,"cityid":18,"townid":69,"tokenid":"a6145c52e4fed17542102c4419541ba8","tokenurl":"/mcm/api/land?token=a6145c52e4fed17542102c4419541ba8","imageurl":"/mcm/images/land/1A/3101_4e80b8081f36.jpg","landname":"136"},{"id":281474977890441,"level":2,"status":1,"posx":9,"posy":30,"cityid":18,"townid":69,"tokenid":"028fcf4b5fa63acf6d867e7c56d32ac5","tokenurl":"/mcm/api/land?token=028fcf4b5fa63acf6d867e7c56d32ac5","imageurl":"/mcm/images/land/1A/3102_4d6fd4ab53f2.jpg","landname":"137"},{"id":281474977890442,"level":1,"status":0,"posx":10,"posy":30,"cityid":18,"townid":69,"tokenid":"a8e440eabc66cf23bbd9a9095ce59966","tokenurl":"/mcm/api/land?token=a8e440eabc66cf23bbd9a9095ce59966","imageurl":"/mcm/images/land/1S/6203_5560bd3c9a28.jpg","landname":"138"},{"id":281474977890443,"level":2,"status":1,"posx":31,"posy":30,"cityid":18,"townid":69,"tokenid":"c6d385cb86f046c9056d220f98c23448","tokenurl":"/mcm/api/land?token=c6d385cb86f046c9056d220f98c23448","imageurl":"/mcm/images/land/1A/3103_18eb5e20365f.jpg","landname":"139"},{"id":281474977890444,"level":1,"status":0,"posx":32,"posy":30,"cityid":18,"townid":69,"tokenid":"f6721dbb912837b0299ad907e58736c9","tokenurl":"/mcm/api/land?token=f6721dbb912837b0299ad907e58736c9","imageurl":"/mcm/images/land/1S/6204_2ee43faf79ec.jpg","landname":"140"},{"id":281474977890445,"level":1,"status":0,"posx":6,"posy":31,"cityid":18,"townid":69,"tokenid":"59d4e13392b24c30bf8dc83efba175c4","tokenurl":"/mcm/api/land?token=59d4e13392b24c30bf8dc83efba175c4","imageurl":"/mcm/images/land/1S/6205_199a2728800c.jpg","landname":"141"},{"id":281474977890446,"level":2,"status":0,"posx":7,"posy":31,"cityid":18,"townid":69,"tokenid":"a3c9b33ea695db2b4b5336f142a0e2bf","tokenurl":"/mcm/api/land?token=a3c9b33ea695db2b4b5336f142a0e2bf","imageurl":"/mcm/images/land/1A/3104_3108fc5843a.jpg","landname":"142"},{"id":281474977890447,"level":1,"status":1,"posx":9,"posy":31,"cityid":18,"townid":69,"tokenid":"37b238c575c5eb6b9a9998b19ec6b12b","tokenurl":"/mcm/api/land?token=37b238c575c5eb6b9a9998b19ec6b12b","imageurl":"/mcm/images/land/1S/6206_ba698d46202.jpg","landname":"143"},{"id":281474977890448,"level":1,"status":1,"posx":10,"posy":31,"cityid":18,"townid":69,"tokenid":"cc262cb411eb6e37a629de8ca6e6768b","tokenurl":"/mcm/api/land?token=cc262cb411eb6e37a629de8ca6e6768b","imageurl":"/mcm/images/land/1S/6207_22f1677400a5.jpg","landname":"144"},{"id":281474977890449,"level":2,"status":1,"posx":31,"posy":31,"cityid":18,"townid":69,"tokenid":"717bef7e2841ef16e95a98b57f640bba","tokenurl":"/mcm/api/land?token=717bef7e2841ef16e95a98b57f640bba","imageurl":"/mcm/images/land/1A/3105_4ef0f68182f9.jpg","landname":"145"},{"id":281474977890450,"level":1,"status":1,"posx":32,"posy":31,"cityid":18,"townid":69,"tokenid":"8fa1bfb73a70fd5740c114d46c786b78","tokenurl":"/mcm/api/land?token=8fa1bfb73a70fd5740c114d46c786b78","imageurl":"/mcm/images/land/1S/6208_5a4446c2fe97.jpg","landname":"146"},{"id":281474977890451,"level":2,"status":1,"posx":6,"posy":32,"cityid":18,"townid":69,"tokenid":"7564e804974dc43fc8a47f0e416c75cc","tokenurl":"/mcm/api/land?token=7564e804974dc43fc8a47f0e416c75cc","imageurl":"/mcm/images/land/1A/3106_24f9b2e7610c.jpg","landname":"147"},{"id":281474977890452,"level":1,"status":0,"posx":7,"posy":32,"cityid":18,"townid":69,"tokenid":"c506cb19d63146f731a5faca1f25f4ea","tokenurl":"/mcm/api/land?token=c506cb19d63146f731a5faca1f25f4ea","imageurl":"/mcm/images/land/1S/6209_4c599eec21fd.jpg","landname":"148"},{"id":281474977890453,"level":1,"status":0,"posx":9,"posy":32,"cityid":18,"townid":69,"tokenid":"6c2771754ccad12ecc62a1c2fadb4b15","tokenurl":"/mcm/api/land?token=6c2771754ccad12ecc62a1c2fadb4b15","imageurl":"/mcm/images/land/1S/6210_50a33113817f.jpg","landname":"149"},{"id":281474977890454,"level":1,"status":1,"posx":10,"posy":32,"cityid":18,"townid":69,"tokenid":"729e4381cd7c7358b38813361231b18a","tokenurl":"/mcm/api/land?token=729e4381cd7c7358b38813361231b18a","imageurl":"/mcm/images/land/1S/6211_252b64cbaf78.jpg","landname":"150"}]]],0,0,[],[],[]]
