[1,0,0,[["cc.JsonAsset",["_name","json"],1]],[[0,0,1,3]],[[0,"722",[{"id":281474997878935,"level":2,"status":1,"posx":32,"posy":5,"cityid":323,"townid":722,"tokenid":"0bd40892d882d7dac18a0cb91479a5ad","tokenurl":"/mcm/api/land?token=0bd40892d882d7dac18a0cb91479a5ad","imageurl":"/mcm/images/land/2A/7247_500d85c3a49.jpg","landname":"1"},{"id":281474997878936,"level":1,"status":1,"posx":33,"posy":5,"cityid":323,"townid":722,"tokenid":"5cc400a3896cf239d6a28236925b2fc8","tokenurl":"/mcm/api/land?token=5cc400a3896cf239d6a28236925b2fc8","imageurl":"/mcm/images/land/2S/4832_6bfede89195.jpg","landname":"2"},{"id":281474997878937,"level":2,"status":1,"posx":5,"posy":6,"cityid":323,"townid":722,"tokenid":"5a3da01481b0424c3c839211ecdf9b5d","tokenurl":"/mcm/api/land?token=5a3da01481b0424c3c839211ecdf9b5d","imageurl":"/mcm/images/land/2A/7248_4fc3d90a80e5.jpg","landname":"3"},{"id":281474997878938,"level":3,"status":1,"posx":6,"posy":6,"cityid":323,"townid":722,"tokenid":"60dbdf1b79a8044a60019734bea14d9d","tokenurl":"/mcm/api/land?token=60dbdf1b79a8044a60019734bea14d9d","imageurl":"/mcm/images/land/2B/12077_31d18c24228d.jpg","landname":"4"},{"id":281474997878939,"level":1,"status":1,"posx":21,"posy":6,"cityid":323,"townid":722,"tokenid":"7842321b65250eb14ec4251c3205b496","tokenurl":"/mcm/api/land?token=7842321b65250eb14ec4251c3205b496","imageurl":"/mcm/images/land/2S/4833_bd764232f3a.jpg","landname":"5"},{"id":281474997878940,"level":3,"status":1,"posx":22,"posy":6,"cityid":323,"townid":722,"tokenid":"e2ba322c9c96f90cda3d557b866c4755","tokenurl":"/mcm/api/land?token=e2ba322c9c96f90cda3d557b866c4755","imageurl":"/mcm/images/land/2B/12078_5894454d8292.jpg","landname":"6"},{"id":281474997878941,"level":3,"status":1,"posx":23,"posy":6,"cityid":323,"townid":722,"tokenid":"726c5801be0a1114aec13cc7901ba83e","tokenurl":"/mcm/api/land?token=726c5801be0a1114aec13cc7901ba83e","imageurl":"/mcm/images/land/2B/12079_34c802e6eb27.jpg","landname":"7"},{"id":281474997878942,"level":1,"status":0,"posx":24,"posy":6,"cityid":323,"townid":722,"tokenid":"c8596cc7d715b36b674d9468eadcb509","tokenurl":"/mcm/api/land?token=c8596cc7d715b36b674d9468eadcb509","imageurl":"/mcm/images/land/2S/4834_1c7fec1b9f2d.jpg","landname":"8"},{"id":281474997878943,"level":3,"status":1,"posx":25,"posy":6,"cityid":323,"townid":722,"tokenid":"7048ea0646696e315eac48de7b89f873","tokenurl":"/mcm/api/land?token=7048ea0646696e315eac48de7b89f873","imageurl":"/mcm/images/land/2B/12080_3d456ec5f954.jpg","landname":"9"},{"id":281474997878944,"level":3,"status":1,"posx":32,"posy":6,"cityid":323,"townid":722,"tokenid":"14d0b733fb75e55862c1f410599f7c87","tokenurl":"/mcm/api/land?token=14d0b733fb75e55862c1f410599f7c87","imageurl":"/mcm/images/land/2B/12081_c988d938de2.jpg","landname":"10"},{"id":281474997878945,"level":1,"status":0,"posx":33,"posy":6,"cityid":323,"townid":722,"tokenid":"bf7dbcde8b1f7943b846bd3157ba45cb","tokenurl":"/mcm/api/land?token=bf7dbcde8b1f7943b846bd3157ba45cb","imageurl":"/mcm/images/land/2S/4835_cd9041bc2f5.jpg","landname":"11"},{"id":281474997878946,"level":3,"status":1,"posx":5,"posy":7,"cityid":323,"townid":722,"tokenid":"1f2b0c2aa046f0cd70d801bc0fb1f9c9","tokenurl":"/mcm/api/land?token=1f2b0c2aa046f0cd70d801bc0fb1f9c9","imageurl":"/mcm/images/land/2B/12082_5902cf56b2e1.jpg","landname":"12"},{"id":281474997878947,"level":1,"status":0,"posx":6,"posy":7,"cityid":323,"townid":722,"tokenid":"fccbae66ae6fe6ca83d10c83ab76d424","tokenurl":"/mcm/api/land?token=fccbae66ae6fe6ca83d10c83ab76d424","imageurl":"/mcm/images/land/2S/4836_16ad7877fe5.jpg","landname":"13"},{"id":281474997878948,"level":2,"status":1,"posx":21,"posy":7,"cityid":323,"townid":722,"tokenid":"a0b61ee359e72d78e81b6c94f2ae9a3b","tokenurl":"/mcm/api/land?token=a0b61ee359e72d78e81b6c94f2ae9a3b","imageurl":"/mcm/images/land/2A/7249_2ac2d57b0cfb.jpg","landname":"14"},{"id":281474997878949,"level":3,"status":0,"posx":22,"posy":7,"cityid":323,"townid":722,"tokenid":"c8be0856bed6cd291008d1f84862d52d","tokenurl":"/mcm/api/land?token=c8be0856bed6cd291008d1f84862d52d","imageurl":"/mcm/images/land/2B/12083_92ecaf7cf6.jpg","landname":"15"},{"id":281474997878950,"level":1,"status":1,"posx":23,"posy":7,"cityid":323,"townid":722,"tokenid":"4d57b120d50eebc364aec4902ff418a9","tokenurl":"/mcm/api/land?token=4d57b120d50eebc364aec4902ff418a9","imageurl":"/mcm/images/land/2S/4837_39cc4e053dd7.jpg","landname":"16"},{"id":281474997878951,"level":3,"status":0,"posx":24,"posy":7,"cityid":323,"townid":722,"tokenid":"cbaa75fd0f5564aab81da3b26d030912","tokenurl":"/mcm/api/land?token=cbaa75fd0f5564aab81da3b26d030912","imageurl":"/mcm/images/land/2B/12084_216b7a6c4dc4.jpg","landname":"17"},{"id":281474997878952,"level":1,"status":1,"posx":25,"posy":7,"cityid":323,"townid":722,"tokenid":"208a7b4f6e8b9f997a705a41979d2bb8","tokenurl":"/mcm/api/land?token=208a7b4f6e8b9f997a705a41979d2bb8","imageurl":"/mcm/images/land/2S/4838_312cab8b8b77.jpg","landname":"18"},{"id":281474997878953,"level":3,"status":0,"posx":32,"posy":7,"cityid":323,"townid":722,"tokenid":"73b4c87e3c2cbf74cb5ff109eb4aff18","tokenurl":"/mcm/api/land?token=73b4c87e3c2cbf74cb5ff109eb4aff18","imageurl":"/mcm/images/land/2B/12085_4d35e30ee84c.jpg","landname":"19"},{"id":281474997878954,"level":3,"status":1,"posx":33,"posy":7,"cityid":323,"townid":722,"tokenid":"2ab0c1807d0f8b76c3513e4684f5eb07","tokenurl":"/mcm/api/land?token=2ab0c1807d0f8b76c3513e4684f5eb07","imageurl":"/mcm/images/land/2B/12086_658a6bc0e3f.jpg","landname":"20"},{"id":281474997878955,"level":3,"status":1,"posx":5,"posy":8,"cityid":323,"townid":722,"tokenid":"73ea8529a206b322e1d0cc62faf3e1d2","tokenurl":"/mcm/api/land?token=73ea8529a206b322e1d0cc62faf3e1d2","imageurl":"/mcm/images/land/2B/12087_561f24087067.jpg","landname":"21"},{"id":281474997878956,"level":3,"status":0,"posx":6,"posy":8,"cityid":323,"townid":722,"tokenid":"9bb0f545439137c2e07b1fbdc2715a4c","tokenurl":"/mcm/api/land?token=9bb0f545439137c2e07b1fbdc2715a4c","imageurl":"/mcm/images/land/2B/12088_2095011ea5da.jpg","landname":"22"},{"id":281474997878957,"level":3,"status":1,"posx":32,"posy":8,"cityid":323,"townid":722,"tokenid":"f33febb24ee1ed1e00c1c8cf09c8193b","tokenurl":"/mcm/api/land?token=f33febb24ee1ed1e00c1c8cf09c8193b","imageurl":"/mcm/images/land/2B/12089_29dbc308daa2.jpg","landname":"23"},{"id":281474997878958,"level":2,"status":0,"posx":33,"posy":8,"cityid":323,"townid":722,"tokenid":"0d47a7fc24aa0c8d5c9650a82281dce4","tokenurl":"/mcm/api/land?token=0d47a7fc24aa0c8d5c9650a82281dce4","imageurl":"/mcm/images/land/2A/7250_19d20d019681.jpg","landname":"24"},{"id":281474997878959,"level":3,"status":1,"posx":5,"posy":9,"cityid":323,"townid":722,"tokenid":"df44bc63f905e68e00f6a2649c18e55e","tokenurl":"/mcm/api/land?token=df44bc63f905e68e00f6a2649c18e55e","imageurl":"/mcm/images/land/2B/12090_2b421cfd88f8.jpg","landname":"25"},{"id":281474997878960,"level":1,"status":1,"posx":6,"posy":9,"cityid":323,"townid":722,"tokenid":"45a452e2937e229074926c204fdfc520","tokenurl":"/mcm/api/land?token=45a452e2937e229074926c204fdfc520","imageurl":"/mcm/images/land/2S/4839_10d607ace53a.jpg","landname":"26"},{"id":281474997878961,"level":1,"status":1,"posx":32,"posy":9,"cityid":323,"townid":722,"tokenid":"41ad732ff3eb3e18e3fc707932291cca","tokenurl":"/mcm/api/land?token=41ad732ff3eb3e18e3fc707932291cca","imageurl":"/mcm/images/land/2S/4840_1c6469a53942.jpg","landname":"27"},{"id":281474997878962,"level":3,"status":1,"posx":33,"posy":9,"cityid":323,"townid":722,"tokenid":"9ba74aba574eafc2abcae12ef2591a1f","tokenurl":"/mcm/api/land?token=9ba74aba574eafc2abcae12ef2591a1f","imageurl":"/mcm/images/land/2B/12091_1b69e98b4c38.jpg","landname":"28"},{"id":281474997878963,"level":3,"status":0,"posx":5,"posy":10,"cityid":323,"townid":722,"tokenid":"6fc9f1a3bfcf4c1c531bd0c27dc1aa4b","tokenurl":"/mcm/api/land?token=6fc9f1a3bfcf4c1c531bd0c27dc1aa4b","imageurl":"/mcm/images/land/2B/12092_2aac1f73ebdb.jpg","landname":"29"},{"id":281474997878964,"level":2,"status":0,"posx":6,"posy":10,"cityid":323,"townid":722,"tokenid":"923de211734160456a54db4d12f88e64","tokenurl":"/mcm/api/land?token=923de211734160456a54db4d12f88e64","imageurl":"/mcm/images/land/2A/7251_2873fec9d777.jpg","landname":"30"},{"id":281474997878965,"level":2,"status":1,"posx":8,"posy":10,"cityid":323,"townid":722,"tokenid":"f8c32bbdb1ba95b654e62e0f7133c321","tokenurl":"/mcm/api/land?token=f8c32bbdb1ba95b654e62e0f7133c321","imageurl":"/mcm/images/land/2A/7252_2e182929f562.jpg","landname":"31"},{"id":281474997878966,"level":1,"status":1,"posx":9,"posy":10,"cityid":323,"townid":722,"tokenid":"356b1b281d02c4123567a66c523e8cd8","tokenurl":"/mcm/api/land?token=356b1b281d02c4123567a66c523e8cd8","imageurl":"/mcm/images/land/2S/4841_3923956a0d31.jpg","landname":"32"},{"id":281474997878967,"level":3,"status":0,"posx":23,"posy":10,"cityid":323,"townid":722,"tokenid":"6964ba2bb804869f932f99868de5c51d","tokenurl":"/mcm/api/land?token=6964ba2bb804869f932f99868de5c51d","imageurl":"/mcm/images/land/2B/12093_12c479d01787.jpg","landname":"33"},{"id":281474997878968,"level":2,"status":0,"posx":24,"posy":10,"cityid":323,"townid":722,"tokenid":"2427a6be1f0f289acc953614db757fa4","tokenurl":"/mcm/api/land?token=2427a6be1f0f289acc953614db757fa4","imageurl":"/mcm/images/land/2A/7253_535513e912af.jpg","landname":"34"},{"id":281474997878969,"level":3,"status":0,"posx":8,"posy":11,"cityid":323,"townid":722,"tokenid":"5a87ee4446512909ed8f82740ae3d190","tokenurl":"/mcm/api/land?token=5a87ee4446512909ed8f82740ae3d190","imageurl":"/mcm/images/land/2B/12094_4b4e20c77e5b.jpg","landname":"35"},{"id":281474997878970,"level":3,"status":1,"posx":9,"posy":11,"cityid":323,"townid":722,"tokenid":"f8ce0bdd1e9324f9e7ff714149f0a22c","tokenurl":"/mcm/api/land?token=f8ce0bdd1e9324f9e7ff714149f0a22c","imageurl":"/mcm/images/land/2B/12095_554ec76467a3.jpg","landname":"36"},{"id":281474997878971,"level":3,"status":0,"posx":23,"posy":11,"cityid":323,"townid":722,"tokenid":"c95f926b686a5170d8c606db449380db","tokenurl":"/mcm/api/land?token=c95f926b686a5170d8c606db449380db","imageurl":"/mcm/images/land/2B/12096_2e9a753e75bd.jpg","landname":"37"},{"id":281474997878972,"level":1,"status":0,"posx":24,"posy":11,"cityid":323,"townid":722,"tokenid":"f8205b9ed5492fe90f08fadfbf8a5462","tokenurl":"/mcm/api/land?token=f8205b9ed5492fe90f08fadfbf8a5462","imageurl":"/mcm/images/land/2S/4842_a4dd7fcc844.jpg","landname":"38"},{"id":281474997878973,"level":2,"status":0,"posx":8,"posy":12,"cityid":323,"townid":722,"tokenid":"7e83e9fa04a410956d52054d75d5b0e8","tokenurl":"/mcm/api/land?token=7e83e9fa04a410956d52054d75d5b0e8","imageurl":"/mcm/images/land/2A/7254_29536c3b793c.jpg","landname":"39"},{"id":281474997878974,"level":3,"status":0,"posx":9,"posy":12,"cityid":323,"townid":722,"tokenid":"e5de24e990775caad46cb0f32519c74d","tokenurl":"/mcm/api/land?token=e5de24e990775caad46cb0f32519c74d","imageurl":"/mcm/images/land/2B/12097_cada7090fc0.jpg","landname":"40"},{"id":281474997878975,"level":3,"status":0,"posx":23,"posy":12,"cityid":323,"townid":722,"tokenid":"28a355c61daa74207301b90e07d3f435","tokenurl":"/mcm/api/land?token=28a355c61daa74207301b90e07d3f435","imageurl":"/mcm/images/land/2B/12098_2b19463cb69b.jpg","landname":"41"},{"id":281474997878976,"level":3,"status":1,"posx":24,"posy":12,"cityid":323,"townid":722,"tokenid":"9999b1976826e2f74283ad76d6c452d0","tokenurl":"/mcm/api/land?token=9999b1976826e2f74283ad76d6c452d0","imageurl":"/mcm/images/land/2B/12099_2f9a2c3aa63f.jpg","landname":"42"},{"id":281474997878977,"level":3,"status":0,"posx":32,"posy":12,"cityid":323,"townid":722,"tokenid":"422a5448d8a877a649d64cb3e133ff38","tokenurl":"/mcm/api/land?token=422a5448d8a877a649d64cb3e133ff38","imageurl":"/mcm/images/land/2B/12100_22354485adf3.jpg","landname":"43"},{"id":281474997878978,"level":3,"status":0,"posx":33,"posy":12,"cityid":323,"townid":722,"tokenid":"cdb156ff76b29ce384525a248e74ab88","tokenurl":"/mcm/api/land?token=cdb156ff76b29ce384525a248e74ab88","imageurl":"/mcm/images/land/2B/12101_5053e5183c13.jpg","landname":"44"},{"id":281474997878979,"level":2,"status":1,"posx":8,"posy":13,"cityid":323,"townid":722,"tokenid":"48a978d7f55e5ebe1c0e17296db5748b","tokenurl":"/mcm/api/land?token=48a978d7f55e5ebe1c0e17296db5748b","imageurl":"/mcm/images/land/2A/7255_3668ec7c1415.jpg","landname":"45"},{"id":281474997878980,"level":3,"status":1,"posx":9,"posy":13,"cityid":323,"townid":722,"tokenid":"6997b39cfbb02e59e46344ab63822a04","tokenurl":"/mcm/api/land?token=6997b39cfbb02e59e46344ab63822a04","imageurl":"/mcm/images/land/2B/12102_17fa48bd40f0.jpg","landname":"46"},{"id":281474997878981,"level":2,"status":1,"posx":23,"posy":13,"cityid":323,"townid":722,"tokenid":"5eab4acc29e96ed879e1ca6d281499ec","tokenurl":"/mcm/api/land?token=5eab4acc29e96ed879e1ca6d281499ec","imageurl":"/mcm/images/land/2A/7256_5348fc4e0150.jpg","landname":"47"},{"id":281474997878982,"level":3,"status":0,"posx":24,"posy":13,"cityid":323,"townid":722,"tokenid":"1969dc81bc2b4fa66c4ad8b8b7bccb11","tokenurl":"/mcm/api/land?token=1969dc81bc2b4fa66c4ad8b8b7bccb11","imageurl":"/mcm/images/land/2B/12103_22dd31448902.jpg","landname":"48"},{"id":281474997878983,"level":3,"status":1,"posx":32,"posy":13,"cityid":323,"townid":722,"tokenid":"c5a03d52ac53ec4a24e4a99058bd1a59","tokenurl":"/mcm/api/land?token=c5a03d52ac53ec4a24e4a99058bd1a59","imageurl":"/mcm/images/land/2B/12104_10cd5694cce2.jpg","landname":"49"},{"id":281474997878984,"level":3,"status":0,"posx":33,"posy":13,"cityid":323,"townid":722,"tokenid":"a87f0005869fe2efcebf4156f11dff8b","tokenurl":"/mcm/api/land?token=a87f0005869fe2efcebf4156f11dff8b","imageurl":"/mcm/images/land/2B/12105_52ed484a58a3.jpg","landname":"50"},{"id":281474997878985,"level":2,"status":1,"posx":8,"posy":14,"cityid":323,"townid":722,"tokenid":"cb54cbfc391694a34666bc5b59dcb2d8","tokenurl":"/mcm/api/land?token=cb54cbfc391694a34666bc5b59dcb2d8","imageurl":"/mcm/images/land/2A/7257_2d2dba572c98.jpg","landname":"51"},{"id":281474997878986,"level":2,"status":0,"posx":9,"posy":14,"cityid":323,"townid":722,"tokenid":"7b3038d8bab93e64388a057c2323a98d","tokenurl":"/mcm/api/land?token=7b3038d8bab93e64388a057c2323a98d","imageurl":"/mcm/images/land/2A/7258_4ddfde98dc76.jpg","landname":"52"},{"id":281474997878987,"level":2,"status":0,"posx":23,"posy":14,"cityid":323,"townid":722,"tokenid":"9498b77f4a3f56f1e5bcae8e2437f3e4","tokenurl":"/mcm/api/land?token=9498b77f4a3f56f1e5bcae8e2437f3e4","imageurl":"/mcm/images/land/2A/7259_20639ab1e2bf.jpg","landname":"53"},{"id":281474997878988,"level":3,"status":0,"posx":24,"posy":14,"cityid":323,"townid":722,"tokenid":"747b37bf7871d06dd62765bb6331cb54","tokenurl":"/mcm/api/land?token=747b37bf7871d06dd62765bb6331cb54","imageurl":"/mcm/images/land/2B/12106_53c34008f93a.jpg","landname":"54"},{"id":281474997878989,"level":3,"status":1,"posx":32,"posy":14,"cityid":323,"townid":722,"tokenid":"291a71a1ad50b3d44fd71c7cb4530744","tokenurl":"/mcm/api/land?token=291a71a1ad50b3d44fd71c7cb4530744","imageurl":"/mcm/images/land/2B/12107_1d12ea580f1f.jpg","landname":"55"},{"id":281474997878990,"level":2,"status":0,"posx":33,"posy":14,"cityid":323,"townid":722,"tokenid":"3c86aac8cb642bef6b024da744c8f038","tokenurl":"/mcm/api/land?token=3c86aac8cb642bef6b024da744c8f038","imageurl":"/mcm/images/land/2A/7260_3b554150c6e8.jpg","landname":"56"},{"id":281474997878991,"level":3,"status":0,"posx":32,"posy":15,"cityid":323,"townid":722,"tokenid":"d6c62e1b3f36da9afbb01fcc7fd11385","tokenurl":"/mcm/api/land?token=d6c62e1b3f36da9afbb01fcc7fd11385","imageurl":"/mcm/images/land/2B/12108_46eecf752466.jpg","landname":"57"},{"id":281474997878992,"level":3,"status":0,"posx":33,"posy":15,"cityid":323,"townid":722,"tokenid":"c5777e692ac6ea7c35149dc4dde83eb1","tokenurl":"/mcm/api/land?token=c5777e692ac6ea7c35149dc4dde83eb1","imageurl":"/mcm/images/land/2B/12109_105748fe742f.jpg","landname":"58"},{"id":281474997878993,"level":2,"status":1,"posx":8,"posy":16,"cityid":323,"townid":722,"tokenid":"c5beaa01a0fa740a484fafd9f9ccedf2","tokenurl":"/mcm/api/land?token=c5beaa01a0fa740a484fafd9f9ccedf2","imageurl":"/mcm/images/land/2A/7261_2d6a96201d31.jpg","landname":"59"},{"id":281474997878994,"level":1,"status":0,"posx":9,"posy":16,"cityid":323,"townid":722,"tokenid":"abe10f1782f0bd6dbec01ca3801e6aad","tokenurl":"/mcm/api/land?token=abe10f1782f0bd6dbec01ca3801e6aad","imageurl":"/mcm/images/land/2S/4843_110e365ea9dc.jpg","landname":"60"},{"id":281474997878995,"level":3,"status":0,"posx":32,"posy":16,"cityid":323,"townid":722,"tokenid":"3e8e4bbad9ce802e4d93f8cd5f22fa14","tokenurl":"/mcm/api/land?token=3e8e4bbad9ce802e4d93f8cd5f22fa14","imageurl":"/mcm/images/land/2B/12110_31d106d2acf.jpg","landname":"61"},{"id":281474997878996,"level":2,"status":0,"posx":33,"posy":16,"cityid":323,"townid":722,"tokenid":"fcfb651a675e948538ee82de46aee15e","tokenurl":"/mcm/api/land?token=fcfb651a675e948538ee82de46aee15e","imageurl":"/mcm/images/land/2A/7262_efcc7cc09f4.jpg","landname":"62"},{"id":281474997878997,"level":1,"status":1,"posx":8,"posy":17,"cityid":323,"townid":722,"tokenid":"e042806c5dc3bf5e51bd8b46ae7facde","tokenurl":"/mcm/api/land?token=e042806c5dc3bf5e51bd8b46ae7facde","imageurl":"/mcm/images/land/2S/4844_2874b9acd7db.jpg","landname":"63"},{"id":281474997878998,"level":1,"status":0,"posx":9,"posy":17,"cityid":323,"townid":722,"tokenid":"6a98684ed1556e182e7e97a32b5c2160","tokenurl":"/mcm/api/land?token=6a98684ed1556e182e7e97a32b5c2160","imageurl":"/mcm/images/land/2S/4845_335f30c9d659.jpg","landname":"64"},{"id":281474997878999,"level":1,"status":0,"posx":8,"posy":18,"cityid":323,"townid":722,"tokenid":"a42a33711a68025a4f817f1b32f73efb","tokenurl":"/mcm/api/land?token=a42a33711a68025a4f817f1b32f73efb","imageurl":"/mcm/images/land/2S/4846_3af6e717db1d.jpg","landname":"65"},{"id":281474997879000,"level":3,"status":1,"posx":9,"posy":18,"cityid":323,"townid":722,"tokenid":"3d6a86ccbdd643c7d0d3839fe5a952d4","tokenurl":"/mcm/api/land?token=3d6a86ccbdd643c7d0d3839fe5a952d4","imageurl":"/mcm/images/land/2B/12111_1e0c30398298.jpg","landname":"66"},{"id":281474997879001,"level":3,"status":1,"posx":20,"posy":18,"cityid":323,"townid":722,"tokenid":"8038868a771a976f1782c63dadd05aff","tokenurl":"/mcm/api/land?token=8038868a771a976f1782c63dadd05aff","imageurl":"/mcm/images/land/2B/12112_1568804ddad9.jpg","landname":"67"},{"id":281474997879002,"level":3,"status":1,"posx":21,"posy":18,"cityid":323,"townid":722,"tokenid":"812a2d8b6d9966b30bf333540483ea97","tokenurl":"/mcm/api/land?token=812a2d8b6d9966b30bf333540483ea97","imageurl":"/mcm/images/land/2B/12113_128bb3262a2d.jpg","landname":"68"},{"id":281474997879003,"level":2,"status":1,"posx":25,"posy":18,"cityid":323,"townid":722,"tokenid":"bae75c1df8a06f7a463fbf0dbd6480fc","tokenurl":"/mcm/api/land?token=bae75c1df8a06f7a463fbf0dbd6480fc","imageurl":"/mcm/images/land/2A/7263_3428ea228aa6.jpg","landname":"69"},{"id":281474997879004,"level":3,"status":1,"posx":26,"posy":18,"cityid":323,"townid":722,"tokenid":"8e98ae49cff7315f0602d07c4470538b","tokenurl":"/mcm/api/land?token=8e98ae49cff7315f0602d07c4470538b","imageurl":"/mcm/images/land/2B/12114_4f90520a2357.jpg","landname":"70"},{"id":281474997879005,"level":2,"status":0,"posx":8,"posy":19,"cityid":323,"townid":722,"tokenid":"5836fa4830f0f8002a7e443708633b41","tokenurl":"/mcm/api/land?token=5836fa4830f0f8002a7e443708633b41","imageurl":"/mcm/images/land/2A/7264_297b70ff8f22.jpg","landname":"71"},{"id":281474997879006,"level":3,"status":0,"posx":9,"posy":19,"cityid":323,"townid":722,"tokenid":"e346267536cc4db3c9cab27a2cb7e80d","tokenurl":"/mcm/api/land?token=e346267536cc4db3c9cab27a2cb7e80d","imageurl":"/mcm/images/land/2B/12115_382da9398e02.jpg","landname":"72"},{"id":281474997879007,"level":1,"status":1,"posx":20,"posy":19,"cityid":323,"townid":722,"tokenid":"2ca0768d7aa78f20e3079a8c494891cf","tokenurl":"/mcm/api/land?token=2ca0768d7aa78f20e3079a8c494891cf","imageurl":"/mcm/images/land/2S/4847_4856fb9d8b55.jpg","landname":"73"},{"id":281474997879008,"level":1,"status":0,"posx":21,"posy":19,"cityid":323,"townid":722,"tokenid":"2d461e9624d30fac37eec51169357f68","tokenurl":"/mcm/api/land?token=2d461e9624d30fac37eec51169357f68","imageurl":"/mcm/images/land/2S/4848_e232b96d48f.jpg","landname":"74"},{"id":281474997879009,"level":2,"status":0,"posx":25,"posy":19,"cityid":323,"townid":722,"tokenid":"a99700258171181239e4bf736873697d","tokenurl":"/mcm/api/land?token=a99700258171181239e4bf736873697d","imageurl":"/mcm/images/land/2A/7265_1de92b110c04.jpg","landname":"75"},{"id":281474997879010,"level":3,"status":1,"posx":26,"posy":19,"cityid":323,"townid":722,"tokenid":"c4fc87f7c616eba0813a228acac1e224","tokenurl":"/mcm/api/land?token=c4fc87f7c616eba0813a228acac1e224","imageurl":"/mcm/images/land/2B/12116_2b11300e1c72.jpg","landname":"76"},{"id":281474997879011,"level":3,"status":1,"posx":8,"posy":20,"cityid":323,"townid":722,"tokenid":"bf4982d338de5ac35736bcbbf6c726e4","tokenurl":"/mcm/api/land?token=bf4982d338de5ac35736bcbbf6c726e4","imageurl":"/mcm/images/land/2B/12117_430e3b2e396d.jpg","landname":"77"},{"id":281474997879012,"level":2,"status":1,"posx":9,"posy":20,"cityid":323,"townid":722,"tokenid":"3bd2968f6603b21642ecfb8b4ac7e007","tokenurl":"/mcm/api/land?token=3bd2968f6603b21642ecfb8b4ac7e007","imageurl":"/mcm/images/land/2A/7266_310c95a3122b.jpg","landname":"78"},{"id":281474997879013,"level":2,"status":1,"posx":20,"posy":20,"cityid":323,"townid":722,"tokenid":"bb2759eb945147a18c07f86b981f9c12","tokenurl":"/mcm/api/land?token=bb2759eb945147a18c07f86b981f9c12","imageurl":"/mcm/images/land/2A/7267_2ee204c68e36.jpg","landname":"79"},{"id":281474997879014,"level":2,"status":0,"posx":21,"posy":20,"cityid":323,"townid":722,"tokenid":"753bbe003c92dc53539904f06b3e01f4","tokenurl":"/mcm/api/land?token=753bbe003c92dc53539904f06b3e01f4","imageurl":"/mcm/images/land/2A/7268_15af368f6491.jpg","landname":"80"},{"id":281474997879015,"level":2,"status":0,"posx":25,"posy":20,"cityid":323,"townid":722,"tokenid":"e1b0112ae642b234642ceb2c2e5c8378","tokenurl":"/mcm/api/land?token=e1b0112ae642b234642ceb2c2e5c8378","imageurl":"/mcm/images/land/2A/7269_3ab35c223f24.jpg","landname":"81"},{"id":281474997879016,"level":2,"status":0,"posx":26,"posy":20,"cityid":323,"townid":722,"tokenid":"67e4bf374e0cf1fbf7eab1a94fa4808d","tokenurl":"/mcm/api/land?token=67e4bf374e0cf1fbf7eab1a94fa4808d","imageurl":"/mcm/images/land/2A/7270_412beb9d2353.jpg","landname":"82"},{"id":281474997879017,"level":3,"status":1,"posx":31,"posy":20,"cityid":323,"townid":722,"tokenid":"26b2dd4f3fc7d17f0a8d3112affd721d","tokenurl":"/mcm/api/land?token=26b2dd4f3fc7d17f0a8d3112affd721d","imageurl":"/mcm/images/land/2B/12118_2cd4d73314ac.jpg","landname":"83"},{"id":281474997879018,"level":1,"status":1,"posx":32,"posy":20,"cityid":323,"townid":722,"tokenid":"33686eaa52400ea183f2b019e2be1d55","tokenurl":"/mcm/api/land?token=33686eaa52400ea183f2b019e2be1d55","imageurl":"/mcm/images/land/2S/4849_3334279cb2d8.jpg","landname":"84"},{"id":281474997879019,"level":3,"status":0,"posx":20,"posy":21,"cityid":323,"townid":722,"tokenid":"d189dbf1a43a78a3cb308380aaaeaccb","tokenurl":"/mcm/api/land?token=d189dbf1a43a78a3cb308380aaaeaccb","imageurl":"/mcm/images/land/2B/12119_33067a68e12f.jpg","landname":"85"},{"id":281474997879020,"level":3,"status":1,"posx":21,"posy":21,"cityid":323,"townid":722,"tokenid":"9d69fed2759559b8039b2fca9447d890","tokenurl":"/mcm/api/land?token=9d69fed2759559b8039b2fca9447d890","imageurl":"/mcm/images/land/2B/12120_3582f0413b5a.jpg","landname":"86"},{"id":281474997879021,"level":1,"status":0,"posx":25,"posy":21,"cityid":323,"townid":722,"tokenid":"cc0c1ec4d36cd2515db3cfeb32090e5f","tokenurl":"/mcm/api/land?token=cc0c1ec4d36cd2515db3cfeb32090e5f","imageurl":"/mcm/images/land/2S/4850_5899ff949a28.jpg","landname":"87"},{"id":281474997879022,"level":3,"status":0,"posx":26,"posy":21,"cityid":323,"townid":722,"tokenid":"591da8d4ca8338557713f2cf4c0635a7","tokenurl":"/mcm/api/land?token=591da8d4ca8338557713f2cf4c0635a7","imageurl":"/mcm/images/land/2B/12121_494fbe8a9fe5.jpg","landname":"88"},{"id":281474997879023,"level":3,"status":1,"posx":31,"posy":21,"cityid":323,"townid":722,"tokenid":"d51a3b8e0a01a1b1aaac1a950ee0eb69","tokenurl":"/mcm/api/land?token=d51a3b8e0a01a1b1aaac1a950ee0eb69","imageurl":"/mcm/images/land/2B/12122_548cc3b1cf4d.jpg","landname":"89"},{"id":281474997879024,"level":2,"status":1,"posx":32,"posy":21,"cityid":323,"townid":722,"tokenid":"f75f467772f02ee75f0d4230c1a5c6ae","tokenurl":"/mcm/api/land?token=f75f467772f02ee75f0d4230c1a5c6ae","imageurl":"/mcm/images/land/2A/7271_5609cf27de13.jpg","landname":"90"},{"id":281474997879025,"level":3,"status":0,"posx":12,"posy":22,"cityid":323,"townid":722,"tokenid":"81c011e49904c977f38fe07773e54663","tokenurl":"/mcm/api/land?token=81c011e49904c977f38fe07773e54663","imageurl":"/mcm/images/land/2B/12123_2edca918144d.jpg","landname":"91"},{"id":281474997879026,"level":3,"status":1,"posx":13,"posy":22,"cityid":323,"townid":722,"tokenid":"f2cdcd5e6bb61739617f93dd379e5f37","tokenurl":"/mcm/api/land?token=f2cdcd5e6bb61739617f93dd379e5f37","imageurl":"/mcm/images/land/2B/12124_40c4771c224.jpg","landname":"92"},{"id":281474997879027,"level":2,"status":1,"posx":20,"posy":22,"cityid":323,"townid":722,"tokenid":"39d61d818ebcc14893d5de2cf691a29b","tokenurl":"/mcm/api/land?token=39d61d818ebcc14893d5de2cf691a29b","imageurl":"/mcm/images/land/2A/7272_1498000b561d.jpg","landname":"93"},{"id":281474997879028,"level":3,"status":0,"posx":21,"posy":22,"cityid":323,"townid":722,"tokenid":"34611564de09e3024c41231179e0f4e7","tokenurl":"/mcm/api/land?token=34611564de09e3024c41231179e0f4e7","imageurl":"/mcm/images/land/2B/12125_4d1a912e3786.jpg","landname":"94"},{"id":281474997879029,"level":3,"status":0,"posx":25,"posy":22,"cityid":323,"townid":722,"tokenid":"a9e700c8941a65064a8f59f6e856a886","tokenurl":"/mcm/api/land?token=a9e700c8941a65064a8f59f6e856a886","imageurl":"/mcm/images/land/2B/12126_3e62a3b898b4.jpg","landname":"95"},{"id":281474997879030,"level":1,"status":0,"posx":26,"posy":22,"cityid":323,"townid":722,"tokenid":"a0fc9a741717fd3709389f3851981720","tokenurl":"/mcm/api/land?token=a0fc9a741717fd3709389f3851981720","imageurl":"/mcm/images/land/2S/4851_16c4eddc9b2c.jpg","landname":"96"},{"id":281474997879031,"level":1,"status":1,"posx":31,"posy":22,"cityid":323,"townid":722,"tokenid":"c3be88d7e3a676b8d2e385dbf8ca9eca","tokenurl":"/mcm/api/land?token=c3be88d7e3a676b8d2e385dbf8ca9eca","imageurl":"/mcm/images/land/2S/4852_3d6ff99bae6c.jpg","landname":"97"},{"id":281474997879032,"level":3,"status":0,"posx":32,"posy":22,"cityid":323,"townid":722,"tokenid":"2eab10b90611dae41839cbbff50796e9","tokenurl":"/mcm/api/land?token=2eab10b90611dae41839cbbff50796e9","imageurl":"/mcm/images/land/2B/12127_1e0fbf9e8b62.jpg","landname":"98"},{"id":281474997879033,"level":3,"status":1,"posx":12,"posy":23,"cityid":323,"townid":722,"tokenid":"5d826205458273fbb3372d094a10f557","tokenurl":"/mcm/api/land?token=5d826205458273fbb3372d094a10f557","imageurl":"/mcm/images/land/2B/12128_4cd99bc1ea22.jpg","landname":"99"},{"id":281474997879034,"level":3,"status":0,"posx":13,"posy":23,"cityid":323,"townid":722,"tokenid":"33fff2323d68b2f9733416c08bdff6fb","tokenurl":"/mcm/api/land?token=33fff2323d68b2f9733416c08bdff6fb","imageurl":"/mcm/images/land/2B/12129_52ee683f61b4.jpg","landname":"100"},{"id":281474997879035,"level":3,"status":1,"posx":31,"posy":23,"cityid":323,"townid":722,"tokenid":"c2093f7b50249c5156f37a5e7e3f77c8","tokenurl":"/mcm/api/land?token=c2093f7b50249c5156f37a5e7e3f77c8","imageurl":"/mcm/images/land/2B/12130_36ba83914bd4.jpg","landname":"101"},{"id":281474997879036,"level":2,"status":1,"posx":32,"posy":23,"cityid":323,"townid":722,"tokenid":"3b23c77176680d2b32a0bce64576eb7b","tokenurl":"/mcm/api/land?token=3b23c77176680d2b32a0bce64576eb7b","imageurl":"/mcm/images/land/2A/7273_3c04af821d2.jpg","landname":"102"},{"id":281474997879037,"level":2,"status":0,"posx":12,"posy":24,"cityid":323,"townid":722,"tokenid":"270f60c5ffb50b56ff362da1478f18a2","tokenurl":"/mcm/api/land?token=270f60c5ffb50b56ff362da1478f18a2","imageurl":"/mcm/images/land/2A/7274_39b780b46de5.jpg","landname":"103"},{"id":281474997879038,"level":3,"status":0,"posx":13,"posy":24,"cityid":323,"townid":722,"tokenid":"bfbcdd0d474ea5c96b2f58a633f0627c","tokenurl":"/mcm/api/land?token=bfbcdd0d474ea5c96b2f58a633f0627c","imageurl":"/mcm/images/land/2B/12131_aa9a0283216.jpg","landname":"104"},{"id":281474997879039,"level":2,"status":0,"posx":31,"posy":24,"cityid":323,"townid":722,"tokenid":"92a83669348779df9a29ee38d326d684","tokenurl":"/mcm/api/land?token=92a83669348779df9a29ee38d326d684","imageurl":"/mcm/images/land/2A/7275_1a48d18ebbcb.jpg","landname":"105"},{"id":281474997879040,"level":2,"status":0,"posx":32,"posy":24,"cityid":323,"townid":722,"tokenid":"615c077c8c9a465a0478420d48a0eb8c","tokenurl":"/mcm/api/land?token=615c077c8c9a465a0478420d48a0eb8c","imageurl":"/mcm/images/land/2A/7276_40c020b86b57.jpg","landname":"106"},{"id":281474997879041,"level":3,"status":1,"posx":12,"posy":25,"cityid":323,"townid":722,"tokenid":"3371af6a2b6a396462687c5736592f4b","tokenurl":"/mcm/api/land?token=3371af6a2b6a396462687c5736592f4b","imageurl":"/mcm/images/land/2B/12132_7753a5816b2.jpg","landname":"107"},{"id":281474997879042,"level":1,"status":0,"posx":13,"posy":25,"cityid":323,"townid":722,"tokenid":"691fe0ae0fb75ad0982b030efe48cc7e","tokenurl":"/mcm/api/land?token=691fe0ae0fb75ad0982b030efe48cc7e","imageurl":"/mcm/images/land/2S/4853_54e10883e026.jpg","landname":"108"},{"id":281474997879043,"level":2,"status":0,"posx":6,"posy":26,"cityid":323,"townid":722,"tokenid":"e7677e655d4573248e882aaa78d28f1f","tokenurl":"/mcm/api/land?token=e7677e655d4573248e882aaa78d28f1f","imageurl":"/mcm/images/land/2A/7277_2ec7e5b2ff6b.jpg","landname":"109"},{"id":281474997879044,"level":3,"status":1,"posx":7,"posy":26,"cityid":323,"townid":722,"tokenid":"83d1d5770228445d627bdc4edd740678","tokenurl":"/mcm/api/land?token=83d1d5770228445d627bdc4edd740678","imageurl":"/mcm/images/land/2B/12133_36acb4a278a3.jpg","landname":"110"},{"id":281474997879045,"level":2,"status":1,"posx":9,"posy":26,"cityid":323,"townid":722,"tokenid":"19451f6f4e6586f27406e719966dad20","tokenurl":"/mcm/api/land?token=19451f6f4e6586f27406e719966dad20","imageurl":"/mcm/images/land/2A/7278_17760d974b7a.jpg","landname":"111"},{"id":281474997879046,"level":1,"status":1,"posx":10,"posy":26,"cityid":323,"townid":722,"tokenid":"264c8db66d90988dd751af0d640dd79d","tokenurl":"/mcm/api/land?token=264c8db66d90988dd751af0d640dd79d","imageurl":"/mcm/images/land/2S/4854_a02f3767f87.jpg","landname":"112"},{"id":281474997879047,"level":3,"status":1,"posx":12,"posy":26,"cityid":323,"townid":722,"tokenid":"ed77b481a7cf51d674ad24b300722550","tokenurl":"/mcm/api/land?token=ed77b481a7cf51d674ad24b300722550","imageurl":"/mcm/images/land/2B/12134_142e00eafd86.jpg","landname":"113"},{"id":281474997879048,"level":3,"status":1,"posx":13,"posy":26,"cityid":323,"townid":722,"tokenid":"2ee9b800a19f8256679ea1c5ed6280c7","tokenurl":"/mcm/api/land?token=2ee9b800a19f8256679ea1c5ed6280c7","imageurl":"/mcm/images/land/2B/12135_4521e09183a6.jpg","landname":"114"},{"id":281474997879049,"level":1,"status":1,"posx":6,"posy":27,"cityid":323,"townid":722,"tokenid":"bae6f494eb5c5d4ea8f7f8144ccf67e9","tokenurl":"/mcm/api/land?token=bae6f494eb5c5d4ea8f7f8144ccf67e9","imageurl":"/mcm/images/land/2S/4855_159f1682bcc0.jpg","landname":"115"},{"id":281474997879050,"level":3,"status":1,"posx":7,"posy":27,"cityid":323,"townid":722,"tokenid":"9993996597462aa0eefd3f051a614b7a","tokenurl":"/mcm/api/land?token=9993996597462aa0eefd3f051a614b7a","imageurl":"/mcm/images/land/2B/12136_18f34b82abab.jpg","landname":"116"},{"id":281474997879051,"level":3,"status":0,"posx":9,"posy":27,"cityid":323,"townid":722,"tokenid":"4ca03b390733a58c131afef647c55e16","tokenurl":"/mcm/api/land?token=4ca03b390733a58c131afef647c55e16","imageurl":"/mcm/images/land/2B/12137_1c6b41de7834.jpg","landname":"117"},{"id":281474997879052,"level":2,"status":1,"posx":10,"posy":27,"cityid":323,"townid":722,"tokenid":"7fc5f50034cc945287f8383172188ec6","tokenurl":"/mcm/api/land?token=7fc5f50034cc945287f8383172188ec6","imageurl":"/mcm/images/land/2A/7279_4add93d85b29.jpg","landname":"118"},{"id":281474997879053,"level":3,"status":1,"posx":23,"posy":27,"cityid":323,"townid":722,"tokenid":"48a22eea5437eb33ee685690bc2af7b5","tokenurl":"/mcm/api/land?token=48a22eea5437eb33ee685690bc2af7b5","imageurl":"/mcm/images/land/2B/12138_26527757a887.jpg","landname":"119"},{"id":281474997879054,"level":2,"status":0,"posx":24,"posy":27,"cityid":323,"townid":722,"tokenid":"f58043413011b80e0aacf9852e6a6dd9","tokenurl":"/mcm/api/land?token=f58043413011b80e0aacf9852e6a6dd9","imageurl":"/mcm/images/land/2A/7280_1d9c94d102c3.jpg","landname":"120"},{"id":281474997879055,"level":2,"status":0,"posx":6,"posy":28,"cityid":323,"townid":722,"tokenid":"fe03fdb65cc844fd1f0ce2d34e18a602","tokenurl":"/mcm/api/land?token=fe03fdb65cc844fd1f0ce2d34e18a602","imageurl":"/mcm/images/land/2A/7281_434748086d5d.jpg","landname":"121"},{"id":281474997879056,"level":3,"status":0,"posx":7,"posy":28,"cityid":323,"townid":722,"tokenid":"db653e05a7f22163247a1280ec91e05b","tokenurl":"/mcm/api/land?token=db653e05a7f22163247a1280ec91e05b","imageurl":"/mcm/images/land/2B/12139_47b294742ef1.jpg","landname":"122"},{"id":281474997879057,"level":2,"status":1,"posx":9,"posy":28,"cityid":323,"townid":722,"tokenid":"24f10fe84c7834b707053079c28ea585","tokenurl":"/mcm/api/land?token=24f10fe84c7834b707053079c28ea585","imageurl":"/mcm/images/land/2A/7282_1fcec514d7a1.jpg","landname":"123"},{"id":281474997879058,"level":3,"status":0,"posx":10,"posy":28,"cityid":323,"townid":722,"tokenid":"29c387a4b9806ed5eeb39bd3b87fbf03","tokenurl":"/mcm/api/land?token=29c387a4b9806ed5eeb39bd3b87fbf03","imageurl":"/mcm/images/land/2B/12140_2f70da1375f5.jpg","landname":"124"},{"id":281474997879059,"level":3,"status":1,"posx":23,"posy":28,"cityid":323,"townid":722,"tokenid":"e63a4e6aa05d862579c445418a3301c9","tokenurl":"/mcm/api/land?token=e63a4e6aa05d862579c445418a3301c9","imageurl":"/mcm/images/land/2B/12141_4e44c938020d.jpg","landname":"125"},{"id":281474997879060,"level":1,"status":0,"posx":24,"posy":28,"cityid":323,"townid":722,"tokenid":"0e0112e67e11d442c7a448937a7a5513","tokenurl":"/mcm/api/land?token=0e0112e67e11d442c7a448937a7a5513","imageurl":"/mcm/images/land/2S/4856_1f9eece4ef1a.jpg","landname":"126"},{"id":281474997879061,"level":3,"status":0,"posx":32,"posy":28,"cityid":323,"townid":722,"tokenid":"4e89aac650587e66cad877d1c9320501","tokenurl":"/mcm/api/land?token=4e89aac650587e66cad877d1c9320501","imageurl":"/mcm/images/land/2B/12142_4fc322360153.jpg","landname":"127"},{"id":281474997879062,"level":2,"status":0,"posx":33,"posy":28,"cityid":323,"townid":722,"tokenid":"c6a77ee4bd39c63dd6ed214712a94a54","tokenurl":"/mcm/api/land?token=c6a77ee4bd39c63dd6ed214712a94a54","imageurl":"/mcm/images/land/2A/7283_5a03610bbe4e.jpg","landname":"128"},{"id":281474997879063,"level":3,"status":1,"posx":6,"posy":29,"cityid":323,"townid":722,"tokenid":"eedc45d846565c033db051b3ce4fb974","tokenurl":"/mcm/api/land?token=eedc45d846565c033db051b3ce4fb974","imageurl":"/mcm/images/land/2B/12143_184b05866233.jpg","landname":"129"},{"id":281474997879064,"level":2,"status":1,"posx":7,"posy":29,"cityid":323,"townid":722,"tokenid":"f23bd740880fd334e481f2de7821ff82","tokenurl":"/mcm/api/land?token=f23bd740880fd334e481f2de7821ff82","imageurl":"/mcm/images/land/2A/7284_4e354b2c2755.jpg","landname":"130"},{"id":281474997879065,"level":3,"status":0,"posx":9,"posy":29,"cityid":323,"townid":722,"tokenid":"03354734e0b3deb24adc169c768fde92","tokenurl":"/mcm/api/land?token=03354734e0b3deb24adc169c768fde92","imageurl":"/mcm/images/land/2B/12144_5289d748c883.jpg","landname":"131"},{"id":281474997879066,"level":2,"status":1,"posx":10,"posy":29,"cityid":323,"townid":722,"tokenid":"22e696426ca75521c54ff93c01a0391f","tokenurl":"/mcm/api/land?token=22e696426ca75521c54ff93c01a0391f","imageurl":"/mcm/images/land/2A/7285_950a242d9e7.jpg","landname":"132"},{"id":281474997879067,"level":1,"status":0,"posx":23,"posy":29,"cityid":323,"townid":722,"tokenid":"8ea6462568e223cac33519a5ccd36401","tokenurl":"/mcm/api/land?token=8ea6462568e223cac33519a5ccd36401","imageurl":"/mcm/images/land/2S/4857_5370e96241b6.jpg","landname":"133"},{"id":281474997879068,"level":2,"status":0,"posx":24,"posy":29,"cityid":323,"townid":722,"tokenid":"ff37162773a03b029cd1fba2430fca93","tokenurl":"/mcm/api/land?token=ff37162773a03b029cd1fba2430fca93","imageurl":"/mcm/images/land/2A/7286_4c0a4f845b8b.jpg","landname":"134"},{"id":281474997879069,"level":3,"status":0,"posx":32,"posy":29,"cityid":323,"townid":722,"tokenid":"a1f24b820a679c8e49191d4a03b978d8","tokenurl":"/mcm/api/land?token=a1f24b820a679c8e49191d4a03b978d8","imageurl":"/mcm/images/land/2B/12145_4902cd3f516f.jpg","landname":"135"},{"id":281474997879070,"level":3,"status":0,"posx":33,"posy":29,"cityid":323,"townid":722,"tokenid":"eea6b7ce3007bed68e1a66eadeb82e22","tokenurl":"/mcm/api/land?token=eea6b7ce3007bed68e1a66eadeb82e22","imageurl":"/mcm/images/land/2B/12146_46916bd3c31b.jpg","landname":"136"},{"id":281474997879071,"level":2,"status":0,"posx":6,"posy":30,"cityid":323,"townid":722,"tokenid":"7cda26500a5f2cddf109d81ec5ccdc07","tokenurl":"/mcm/api/land?token=7cda26500a5f2cddf109d81ec5ccdc07","imageurl":"/mcm/images/land/2A/7287_4b7d2fe95598.jpg","landname":"137"},{"id":281474997879072,"level":1,"status":1,"posx":7,"posy":30,"cityid":323,"townid":722,"tokenid":"faba53aa87861fe56c8725d3f5bae17d","tokenurl":"/mcm/api/land?token=faba53aa87861fe56c8725d3f5bae17d","imageurl":"/mcm/images/land/2S/4858_1ed6bcea0386.jpg","landname":"138"},{"id":281474997879073,"level":3,"status":0,"posx":9,"posy":30,"cityid":323,"townid":722,"tokenid":"5ba8a0261fa2a2bd5ae28a07f80801e1","tokenurl":"/mcm/api/land?token=5ba8a0261fa2a2bd5ae28a07f80801e1","imageurl":"/mcm/images/land/2B/12147_20f3270db634.jpg","landname":"139"},{"id":281474997879074,"level":2,"status":1,"posx":10,"posy":30,"cityid":323,"townid":722,"tokenid":"5e18e60bba96c5f9d8281828f3e66ee0","tokenurl":"/mcm/api/land?token=5e18e60bba96c5f9d8281828f3e66ee0","imageurl":"/mcm/images/land/2A/7288_522e04c249f0.jpg","landname":"140"},{"id":281474997879075,"level":1,"status":0,"posx":23,"posy":30,"cityid":323,"townid":722,"tokenid":"1051b57148748215ae135cf78e12893a","tokenurl":"/mcm/api/land?token=1051b57148748215ae135cf78e12893a","imageurl":"/mcm/images/land/2S/4859_38b7fd66d4a8.jpg","landname":"141"},{"id":281474997879076,"level":3,"status":0,"posx":24,"posy":30,"cityid":323,"townid":722,"tokenid":"47be9e11cdbab8ab5ba72fd917bbe802","tokenurl":"/mcm/api/land?token=47be9e11cdbab8ab5ba72fd917bbe802","imageurl":"/mcm/images/land/2B/12148_52e4d84ec1c0.jpg","landname":"142"},{"id":281474997879077,"level":2,"status":0,"posx":32,"posy":30,"cityid":323,"townid":722,"tokenid":"47d71aa9495298832c082092084797b5","tokenurl":"/mcm/api/land?token=47d71aa9495298832c082092084797b5","imageurl":"/mcm/images/land/2A/7289_1c381f52de58.jpg","landname":"143"},{"id":281474997879078,"level":2,"status":1,"posx":33,"posy":30,"cityid":323,"townid":722,"tokenid":"22cd47173529fd3747ae9b6ad1198cc4","tokenurl":"/mcm/api/land?token=22cd47173529fd3747ae9b6ad1198cc4","imageurl":"/mcm/images/land/2A/7290_232624ebd23e.jpg","landname":"144"},{"id":281474997879079,"level":3,"status":1,"posx":23,"posy":31,"cityid":323,"townid":722,"tokenid":"b0e503a9c92f747e7538bcc79b5c3b0c","tokenurl":"/mcm/api/land?token=b0e503a9c92f747e7538bcc79b5c3b0c","imageurl":"/mcm/images/land/2B/12149_2208c2673c94.jpg","landname":"145"},{"id":281474997879080,"level":3,"status":1,"posx":24,"posy":31,"cityid":323,"townid":722,"tokenid":"a6b5a96bd4a290b85c63224711e34b16","tokenurl":"/mcm/api/land?token=a6b5a96bd4a290b85c63224711e34b16","imageurl":"/mcm/images/land/2B/12150_57976d8d5104.jpg","landname":"146"},{"id":281474997879081,"level":2,"status":1,"posx":32,"posy":31,"cityid":323,"townid":722,"tokenid":"6954a825638ce38f373e456a08f32cc5","tokenurl":"/mcm/api/land?token=6954a825638ce38f373e456a08f32cc5","imageurl":"/mcm/images/land/2A/7291_42231167f793.jpg","landname":"147"},{"id":281474997879082,"level":1,"status":0,"posx":33,"posy":31,"cityid":323,"townid":722,"tokenid":"830488b7387dbab20040dcfb4f4f9723","tokenurl":"/mcm/api/land?token=830488b7387dbab20040dcfb4f4f9723","imageurl":"/mcm/images/land/2S/4860_4f9693b85925.jpg","landname":"148"},{"id":281474997879083,"level":3,"status":0,"posx":32,"posy":32,"cityid":323,"townid":722,"tokenid":"7a41538fc6b0b55844203f20d28a69a0","tokenurl":"/mcm/api/land?token=7a41538fc6b0b55844203f20d28a69a0","imageurl":"/mcm/images/land/2B/12151_4ab91a512469.jpg","landname":"149"},{"id":281474997879084,"level":1,"status":1,"posx":33,"posy":32,"cityid":323,"townid":722,"tokenid":"94d7b185116ab2da6c2543c17080643a","tokenurl":"/mcm/api/land?token=94d7b185116ab2da6c2543c17080643a","imageurl":"/mcm/images/land/2S/4861_581135416791.jpg","landname":"150"}]]],0,0,[],[],[]]
