[1,0,0,[["cc.JsonAsset",["_name","json"],1]],[[0,0,1,3]],[[0,"234",[{"id":281474982674583,"level":3,"status":0,"posx":23,"posy":5,"cityid":91,"townid":234,"tokenid":"8a7f65d9ea8cc8378c92f5116af154e3","tokenurl":"/mcm/api/land?token=8a7f65d9ea8cc8378c92f5116af154e3","imageurl":"/mcm/images/land/1B/497_8c7d8203e73.jpg","landname":"1"},{"id":281474982674584,"level":1,"status":1,"posx":24,"posy":5,"cityid":91,"townid":234,"tokenid":"1d46e60432ab015d35dad5e5524fefec","tokenurl":"/mcm/api/land?token=1d46e60432ab015d35dad5e5524fefec","imageurl":"/mcm/images/land/1S/2972_2df749a476eb.jpg","landname":"2"},{"id":281474982674585,"level":2,"status":0,"posx":23,"posy":6,"cityid":91,"townid":234,"tokenid":"87d1b030ed3676cc04863511f82e74f7","tokenurl":"/mcm/api/land?token=87d1b030ed3676cc04863511f82e74f7","imageurl":"/mcm/images/land/1A/1487_145402e9e915.jpg","landname":"3"},{"id":281474982674586,"level":1,"status":0,"posx":24,"posy":6,"cityid":91,"townid":234,"tokenid":"b45311d74aa769b2d4744aa870707794","tokenurl":"/mcm/api/land?token=b45311d74aa769b2d4744aa870707794","imageurl":"/mcm/images/land/1S/2973_15b60c7a123d.jpg","landname":"4"},{"id":281474982674587,"level":2,"status":0,"posx":28,"posy":6,"cityid":91,"townid":234,"tokenid":"8aed5d0a87be5494d14e3cc5b4f61020","tokenurl":"/mcm/api/land?token=8aed5d0a87be5494d14e3cc5b4f61020","imageurl":"/mcm/images/land/1A/1488_318e1de210a3.jpg","landname":"5"},{"id":281474982674588,"level":2,"status":0,"posx":29,"posy":6,"cityid":91,"townid":234,"tokenid":"8a1abd65ba26745c77f0b9c660675438","tokenurl":"/mcm/api/land?token=8a1abd65ba26745c77f0b9c660675438","imageurl":"/mcm/images/land/1A/1489_240c4699c9a7.jpg","landname":"6"},{"id":281474982674589,"level":2,"status":1,"posx":23,"posy":7,"cityid":91,"townid":234,"tokenid":"9ca1f40d0b4d383bb356f7db9c8957c0","tokenurl":"/mcm/api/land?token=9ca1f40d0b4d383bb356f7db9c8957c0","imageurl":"/mcm/images/land/1A/1490_8f760cd2ddb.jpg","landname":"7"},{"id":281474982674590,"level":1,"status":0,"posx":24,"posy":7,"cityid":91,"townid":234,"tokenid":"9fed2d68408adb4cf74176ac6809bf6e","tokenurl":"/mcm/api/land?token=9fed2d68408adb4cf74176ac6809bf6e","imageurl":"/mcm/images/land/1S/2974_224d849868a0.jpg","landname":"8"},{"id":281474982674591,"level":1,"status":0,"posx":28,"posy":7,"cityid":91,"townid":234,"tokenid":"6184e049e98c5018096bf1108de6809b","tokenurl":"/mcm/api/land?token=6184e049e98c5018096bf1108de6809b","imageurl":"/mcm/images/land/1S/2975_2cc0788a9e6d.jpg","landname":"9"},{"id":281474982674592,"level":2,"status":1,"posx":29,"posy":7,"cityid":91,"townid":234,"tokenid":"cd2ab2426da75d52a39e90a82b497314","tokenurl":"/mcm/api/land?token=cd2ab2426da75d52a39e90a82b497314","imageurl":"/mcm/images/land/1A/1491_1e7566f8400d.jpg","landname":"10"},{"id":281474982674593,"level":1,"status":1,"posx":32,"posy":7,"cityid":91,"townid":234,"tokenid":"85e81cb9db8bde2a805ed00e0876b8e0","tokenurl":"/mcm/api/land?token=85e81cb9db8bde2a805ed00e0876b8e0","imageurl":"/mcm/images/land/1S/2976_3ff5cfa17270.jpg","landname":"11"},{"id":281474982674594,"level":1,"status":0,"posx":33,"posy":7,"cityid":91,"townid":234,"tokenid":"36fcf2e134f92ce5117600745359c23c","tokenurl":"/mcm/api/land?token=36fcf2e134f92ce5117600745359c23c","imageurl":"/mcm/images/land/1S/2977_43c4589ec384.jpg","landname":"12"},{"id":281474982674595,"level":1,"status":0,"posx":23,"posy":8,"cityid":91,"townid":234,"tokenid":"c7f9c833cb11150d54c721f74c4fd43d","tokenurl":"/mcm/api/land?token=c7f9c833cb11150d54c721f74c4fd43d","imageurl":"/mcm/images/land/1S/2978_2138a58bb255.jpg","landname":"13"},{"id":281474982674596,"level":1,"status":0,"posx":24,"posy":8,"cityid":91,"townid":234,"tokenid":"bb2f0d420f464e8746bef4110d01ef25","tokenurl":"/mcm/api/land?token=bb2f0d420f464e8746bef4110d01ef25","imageurl":"/mcm/images/land/1S/2979_1cb0b01235e7.jpg","landname":"14"},{"id":281474982674597,"level":1,"status":1,"posx":28,"posy":8,"cityid":91,"townid":234,"tokenid":"869d6aef3d0755e8460255def1b04f75","tokenurl":"/mcm/api/land?token=869d6aef3d0755e8460255def1b04f75","imageurl":"/mcm/images/land/1S/2980_31f12d72c072.jpg","landname":"15"},{"id":281474982674598,"level":1,"status":1,"posx":29,"posy":8,"cityid":91,"townid":234,"tokenid":"c989bc88d9068fd15b7e31ee7df1a081","tokenurl":"/mcm/api/land?token=c989bc88d9068fd15b7e31ee7df1a081","imageurl":"/mcm/images/land/1S/2981_1f1f7cc4f01f.jpg","landname":"16"},{"id":281474982674599,"level":1,"status":1,"posx":32,"posy":8,"cityid":91,"townid":234,"tokenid":"82ee5c8196db560c176c4fe9fcac0dbc","tokenurl":"/mcm/api/land?token=82ee5c8196db560c176c4fe9fcac0dbc","imageurl":"/mcm/images/land/1S/2982_33f436a03a2c.jpg","landname":"17"},{"id":281474982674600,"level":2,"status":1,"posx":33,"posy":8,"cityid":91,"townid":234,"tokenid":"2358560b7136b8a2cb1933be0a092b8e","tokenurl":"/mcm/api/land?token=2358560b7136b8a2cb1933be0a092b8e","imageurl":"/mcm/images/land/1A/1492_4ed647dddb59.jpg","landname":"18"},{"id":281474982674601,"level":1,"status":1,"posx":23,"posy":9,"cityid":91,"townid":234,"tokenid":"e325f708fb9ffb883d528c1526777f0a","tokenurl":"/mcm/api/land?token=e325f708fb9ffb883d528c1526777f0a","imageurl":"/mcm/images/land/1S/2983_3f9ba0568f20.jpg","landname":"19"},{"id":281474982674602,"level":2,"status":1,"posx":24,"posy":9,"cityid":91,"townid":234,"tokenid":"ff15f0673f8f50d9e0b4b7fc49e85983","tokenurl":"/mcm/api/land?token=ff15f0673f8f50d9e0b4b7fc49e85983","imageurl":"/mcm/images/land/1A/1493_56d4626977e4.jpg","landname":"20"},{"id":281474982674603,"level":1,"status":0,"posx":28,"posy":9,"cityid":91,"townid":234,"tokenid":"a4556f9c04a81e5bdf5e550cd94a6016","tokenurl":"/mcm/api/land?token=a4556f9c04a81e5bdf5e550cd94a6016","imageurl":"/mcm/images/land/1S/2984_37a937379cdf.jpg","landname":"21"},{"id":281474982674604,"level":3,"status":1,"posx":29,"posy":9,"cityid":91,"townid":234,"tokenid":"549cb6889fea8f40812461b9f9f411f9","tokenurl":"/mcm/api/land?token=549cb6889fea8f40812461b9f9f411f9","imageurl":"/mcm/images/land/1B/498_3a87740db82b.jpg","landname":"22"},{"id":281474982674605,"level":1,"status":0,"posx":32,"posy":9,"cityid":91,"townid":234,"tokenid":"b465fe6a221168f2a7ad148828292ac5","tokenurl":"/mcm/api/land?token=b465fe6a221168f2a7ad148828292ac5","imageurl":"/mcm/images/land/1S/2985_1a1726f05eb4.jpg","landname":"23"},{"id":281474982674606,"level":2,"status":1,"posx":33,"posy":9,"cityid":91,"townid":234,"tokenid":"ca8ed7183371f41cc6b22e274b524765","tokenurl":"/mcm/api/land?token=ca8ed7183371f41cc6b22e274b524765","imageurl":"/mcm/images/land/1A/1494_855b3333425.jpg","landname":"24"},{"id":281474982674607,"level":1,"status":0,"posx":6,"posy":10,"cityid":91,"townid":234,"tokenid":"d97dd5d2281d5c4529a6435621c3ef2b","tokenurl":"/mcm/api/land?token=d97dd5d2281d5c4529a6435621c3ef2b","imageurl":"/mcm/images/land/1S/2986_1f510aa58922.jpg","landname":"25"},{"id":281474982674608,"level":1,"status":1,"posx":7,"posy":10,"cityid":91,"townid":234,"tokenid":"86d933f8f4977d4b6375d289b930869d","tokenurl":"/mcm/api/land?token=86d933f8f4977d4b6375d289b930869d","imageurl":"/mcm/images/land/1S/2987_25979f5a8237.jpg","landname":"26"},{"id":281474982674609,"level":1,"status":1,"posx":28,"posy":10,"cityid":91,"townid":234,"tokenid":"6e8c46354d43f9193c97fa32d421b753","tokenurl":"/mcm/api/land?token=6e8c46354d43f9193c97fa32d421b753","imageurl":"/mcm/images/land/1S/2988_46c73e797ba.jpg","landname":"27"},{"id":281474982674610,"level":1,"status":0,"posx":29,"posy":10,"cityid":91,"townid":234,"tokenid":"bbd85ef433bd215e3cc668941ebe9b4d","tokenurl":"/mcm/api/land?token=bbd85ef433bd215e3cc668941ebe9b4d","imageurl":"/mcm/images/land/1S/2989_3e023fc2a98c.jpg","landname":"28"},{"id":281474982674611,"level":2,"status":1,"posx":32,"posy":10,"cityid":91,"townid":234,"tokenid":"b13d0e030312ca63bb490e916925c933","tokenurl":"/mcm/api/land?token=b13d0e030312ca63bb490e916925c933","imageurl":"/mcm/images/land/1A/1495_3e8003b282b.jpg","landname":"29"},{"id":281474982674612,"level":1,"status":1,"posx":33,"posy":10,"cityid":91,"townid":234,"tokenid":"e6ce0b9d587501009a6c8fe970775032","tokenurl":"/mcm/api/land?token=e6ce0b9d587501009a6c8fe970775032","imageurl":"/mcm/images/land/1S/2990_64fae36396f.jpg","landname":"30"},{"id":281474982674613,"level":1,"status":0,"posx":6,"posy":11,"cityid":91,"townid":234,"tokenid":"156ea0af6df112161f9468bc8c01963c","tokenurl":"/mcm/api/land?token=156ea0af6df112161f9468bc8c01963c","imageurl":"/mcm/images/land/1S/2991_2dcfb0be7086.jpg","landname":"31"},{"id":281474982674614,"level":1,"status":0,"posx":7,"posy":11,"cityid":91,"townid":234,"tokenid":"0ac8e2adfe35a3acd3f556031f16414c","tokenurl":"/mcm/api/land?token=0ac8e2adfe35a3acd3f556031f16414c","imageurl":"/mcm/images/land/1S/2992_29b699c55893.jpg","landname":"32"},{"id":281474982674615,"level":2,"status":0,"posx":9,"posy":11,"cityid":91,"townid":234,"tokenid":"cc3c974bd8ec9832bbb992e0487f6230","tokenurl":"/mcm/api/land?token=cc3c974bd8ec9832bbb992e0487f6230","imageurl":"/mcm/images/land/1A/1496_34386a798e7f.jpg","landname":"33"},{"id":281474982674616,"level":2,"status":1,"posx":10,"posy":11,"cityid":91,"townid":234,"tokenid":"2b2f828d655e5bfe13452dabb45f6d84","tokenurl":"/mcm/api/land?token=2b2f828d655e5bfe13452dabb45f6d84","imageurl":"/mcm/images/land/1A/1497_1799651a7759.jpg","landname":"34"},{"id":281474982674617,"level":1,"status":0,"posx":11,"posy":11,"cityid":91,"townid":234,"tokenid":"7214e1965122940fc493c21ffb7033a9","tokenurl":"/mcm/api/land?token=7214e1965122940fc493c21ffb7033a9","imageurl":"/mcm/images/land/1S/2993_3085d22a3838.jpg","landname":"35"},{"id":281474982674618,"level":1,"status":1,"posx":12,"posy":11,"cityid":91,"townid":234,"tokenid":"c7d055db931da64d3270158e9bd665f4","tokenurl":"/mcm/api/land?token=c7d055db931da64d3270158e9bd665f4","imageurl":"/mcm/images/land/1S/2994_137a3c6c04ca.jpg","landname":"36"},{"id":281474982674619,"level":3,"status":0,"posx":13,"posy":11,"cityid":91,"townid":234,"tokenid":"b535299bd6a2f2a3e584c5e6acf8e70f","tokenurl":"/mcm/api/land?token=b535299bd6a2f2a3e584c5e6acf8e70f","imageurl":"/mcm/images/land/1B/499_240fd25ec6f.jpg","landname":"37"},{"id":281474982674620,"level":1,"status":1,"posx":32,"posy":11,"cityid":91,"townid":234,"tokenid":"65461dd1031a78c65642d93422f69b8c","tokenurl":"/mcm/api/land?token=65461dd1031a78c65642d93422f69b8c","imageurl":"/mcm/images/land/1S/2995_51c43ab8c2ab.jpg","landname":"38"},{"id":281474982674621,"level":1,"status":0,"posx":33,"posy":11,"cityid":91,"townid":234,"tokenid":"dddaf20bdbfe2838eb4321498337a326","tokenurl":"/mcm/api/land?token=dddaf20bdbfe2838eb4321498337a326","imageurl":"/mcm/images/land/1S/2996_63a17e8e59f.jpg","landname":"39"},{"id":281474982674622,"level":1,"status":0,"posx":6,"posy":12,"cityid":91,"townid":234,"tokenid":"a9c91e381020f9847e815f532bc4c134","tokenurl":"/mcm/api/land?token=a9c91e381020f9847e815f532bc4c134","imageurl":"/mcm/images/land/1S/2997_20e8409ec958.jpg","landname":"40"},{"id":281474982674623,"level":1,"status":1,"posx":7,"posy":12,"cityid":91,"townid":234,"tokenid":"d7e6bc6b5735b7248b26c112db7cf0ae","tokenurl":"/mcm/api/land?token=d7e6bc6b5735b7248b26c112db7cf0ae","imageurl":"/mcm/images/land/1S/2998_1fe72f2d31cf.jpg","landname":"41"},{"id":281474982674624,"level":3,"status":0,"posx":9,"posy":12,"cityid":91,"townid":234,"tokenid":"54df8f2dbcf3e6bc8c764295ef94f074","tokenurl":"/mcm/api/land?token=54df8f2dbcf3e6bc8c764295ef94f074","imageurl":"/mcm/images/land/1B/500_3457f1c371f4.jpg","landname":"42"},{"id":281474982674625,"level":3,"status":1,"posx":10,"posy":12,"cityid":91,"townid":234,"tokenid":"0477d4eb3688c2a4de11fa066695666e","tokenurl":"/mcm/api/land?token=0477d4eb3688c2a4de11fa066695666e","imageurl":"/mcm/images/land/1B/501_35f1f5052b1f.jpg","landname":"43"},{"id":281474982674626,"level":1,"status":1,"posx":11,"posy":12,"cityid":91,"townid":234,"tokenid":"e5b3a807372e035b75dc9d33030e5832","tokenurl":"/mcm/api/land?token=e5b3a807372e035b75dc9d33030e5832","imageurl":"/mcm/images/land/1S/2999_24a44f602877.jpg","landname":"44"},{"id":281474982674627,"level":1,"status":0,"posx":12,"posy":12,"cityid":91,"townid":234,"tokenid":"8c5f248c87ca7c6828a0cffb3e2db781","tokenurl":"/mcm/api/land?token=8c5f248c87ca7c6828a0cffb3e2db781","imageurl":"/mcm/images/land/1S/3000_ea2e13c328b.jpg","landname":"45"},{"id":281474982674628,"level":2,"status":0,"posx":13,"posy":12,"cityid":91,"townid":234,"tokenid":"e512f091314f2b8e545ff83c296f2300","tokenurl":"/mcm/api/land?token=e512f091314f2b8e545ff83c296f2300","imageurl":"/mcm/images/land/1A/1498_23414257c0ea.jpg","landname":"46"},{"id":281474982674629,"level":2,"status":0,"posx":6,"posy":13,"cityid":91,"townid":234,"tokenid":"a83460fc9ae80166b0166ef79cc8f05e","tokenurl":"/mcm/api/land?token=a83460fc9ae80166b0166ef79cc8f05e","imageurl":"/mcm/images/land/1A/1499_f0d2f79e3a8.jpg","landname":"47"},{"id":281474982674630,"level":2,"status":0,"posx":7,"posy":13,"cityid":91,"townid":234,"tokenid":"f66636b3cdb3a92da1964f9273f805c4","tokenurl":"/mcm/api/land?token=f66636b3cdb3a92da1964f9273f805c4","imageurl":"/mcm/images/land/1A/1500_564e3d49bc2a.jpg","landname":"48"},{"id":281474982674631,"level":1,"status":0,"posx":6,"posy":14,"cityid":91,"townid":234,"tokenid":"20930ebcdb7adde3f95ec27ea7f3d6be","tokenurl":"/mcm/api/land?token=20930ebcdb7adde3f95ec27ea7f3d6be","imageurl":"/mcm/images/land/1S/3001_32df58856b7e.jpg","landname":"49"},{"id":281474982674632,"level":2,"status":1,"posx":7,"posy":14,"cityid":91,"townid":234,"tokenid":"81d002b53312cb6bb071c67a5878cce5","tokenurl":"/mcm/api/land?token=81d002b53312cb6bb071c67a5878cce5","imageurl":"/mcm/images/land/1A/1501_392e8d60c33e.jpg","landname":"50"},{"id":281474982674633,"level":1,"status":0,"posx":10,"posy":15,"cityid":91,"townid":234,"tokenid":"ede589a3bb5c3e028c847ab6c35652f4","tokenurl":"/mcm/api/land?token=ede589a3bb5c3e028c847ab6c35652f4","imageurl":"/mcm/images/land/1S/3002_4eb79856b4d9.jpg","landname":"51"},{"id":281474982674634,"level":2,"status":1,"posx":11,"posy":15,"cityid":91,"townid":234,"tokenid":"f136e4188e09993c92bc6d98cb7f823b","tokenurl":"/mcm/api/land?token=f136e4188e09993c92bc6d98cb7f823b","imageurl":"/mcm/images/land/1A/1502_4b0e6d8aa3b.jpg","landname":"52"},{"id":281474982674635,"level":3,"status":0,"posx":12,"posy":15,"cityid":91,"townid":234,"tokenid":"c43f89812d8b6902f32fbc24300f4d6f","tokenurl":"/mcm/api/land?token=c43f89812d8b6902f32fbc24300f4d6f","imageurl":"/mcm/images/land/1B/502_8c4d72f24a5.jpg","landname":"53"},{"id":281474982674636,"level":2,"status":0,"posx":13,"posy":15,"cityid":91,"townid":234,"tokenid":"38ae9a0c95c5fe333bbc25ffc0999713","tokenurl":"/mcm/api/land?token=38ae9a0c95c5fe333bbc25ffc0999713","imageurl":"/mcm/images/land/1A/1503_413de9835e9e.jpg","landname":"54"},{"id":281474982674637,"level":1,"status":0,"posx":14,"posy":15,"cityid":91,"townid":234,"tokenid":"0b27c5d2fafcd5157dfc0692b390a872","tokenurl":"/mcm/api/land?token=0b27c5d2fafcd5157dfc0692b390a872","imageurl":"/mcm/images/land/1S/3003_379f1ca53631.jpg","landname":"55"},{"id":281474982674638,"level":2,"status":0,"posx":10,"posy":16,"cityid":91,"townid":234,"tokenid":"d1a1d3c5f9e15aa5742222a4ed7661e8","tokenurl":"/mcm/api/land?token=d1a1d3c5f9e15aa5742222a4ed7661e8","imageurl":"/mcm/images/land/1A/1504_64d1da78ba3.jpg","landname":"56"},{"id":281474982674639,"level":1,"status":0,"posx":11,"posy":16,"cityid":91,"townid":234,"tokenid":"17eb3bfe52376197ff6191a30c63709c","tokenurl":"/mcm/api/land?token=17eb3bfe52376197ff6191a30c63709c","imageurl":"/mcm/images/land/1S/3004_378fdc021979.jpg","landname":"57"},{"id":281474982674640,"level":2,"status":1,"posx":12,"posy":16,"cityid":91,"townid":234,"tokenid":"3b751ad5f1286ea9e86c51303c5c31b8","tokenurl":"/mcm/api/land?token=3b751ad5f1286ea9e86c51303c5c31b8","imageurl":"/mcm/images/land/1A/1505_30b21611596c.jpg","landname":"58"},{"id":281474982674641,"level":2,"status":0,"posx":13,"posy":16,"cityid":91,"townid":234,"tokenid":"cff02152b85ae099b6fc1bb91a59b0bf","tokenurl":"/mcm/api/land?token=cff02152b85ae099b6fc1bb91a59b0bf","imageurl":"/mcm/images/land/1A/1506_cd242d0dca7.jpg","landname":"59"},{"id":281474982674642,"level":2,"status":1,"posx":14,"posy":16,"cityid":91,"townid":234,"tokenid":"3df5f84089752feab5f1d6642d78806f","tokenurl":"/mcm/api/land?token=3df5f84089752feab5f1d6642d78806f","imageurl":"/mcm/images/land/1A/1507_4f54075dad21.jpg","landname":"60"},{"id":281474982674643,"level":1,"status":0,"posx":5,"posy":17,"cityid":91,"townid":234,"tokenid":"f44d7c88ef7543e8031b755595ef0166","tokenurl":"/mcm/api/land?token=f44d7c88ef7543e8031b755595ef0166","imageurl":"/mcm/images/land/1S/3005_53335bfe1f1d.jpg","landname":"61"},{"id":281474982674644,"level":2,"status":1,"posx":6,"posy":17,"cityid":91,"townid":234,"tokenid":"54ba0c603f61a06c3766d044284cf18a","tokenurl":"/mcm/api/land?token=54ba0c603f61a06c3766d044284cf18a","imageurl":"/mcm/images/land/1A/1508_4c5d30d426b8.jpg","landname":"62"},{"id":281474982674645,"level":1,"status":1,"posx":7,"posy":17,"cityid":91,"townid":234,"tokenid":"c7bde25923fb4dc015ecaf1bb8433192","tokenurl":"/mcm/api/land?token=c7bde25923fb4dc015ecaf1bb8433192","imageurl":"/mcm/images/land/1S/3006_ae079f587f4.jpg","landname":"63"},{"id":281474982674646,"level":1,"status":1,"posx":8,"posy":17,"cityid":91,"townid":234,"tokenid":"c14aba70ac3edda28cfb584ca56ff2a4","tokenurl":"/mcm/api/land?token=c14aba70ac3edda28cfb584ca56ff2a4","imageurl":"/mcm/images/land/1S/3007_2c49cdeb00fe.jpg","landname":"64"},{"id":281474982674647,"level":2,"status":0,"posx":9,"posy":17,"cityid":91,"townid":234,"tokenid":"68eaf3bb35656384e9ed729298ebc49f","tokenurl":"/mcm/api/land?token=68eaf3bb35656384e9ed729298ebc49f","imageurl":"/mcm/images/land/1A/1509_41e66d6fd552.jpg","landname":"65"},{"id":281474982674648,"level":1,"status":1,"posx":5,"posy":18,"cityid":91,"townid":234,"tokenid":"84d4382b6520f86d8453421c396ab6f0","tokenurl":"/mcm/api/land?token=84d4382b6520f86d8453421c396ab6f0","imageurl":"/mcm/images/land/1S/3008_4d1aa55be384.jpg","landname":"66"},{"id":281474982674649,"level":1,"status":0,"posx":6,"posy":18,"cityid":91,"townid":234,"tokenid":"00e1c9a7e621d585478934ae80448b96","tokenurl":"/mcm/api/land?token=00e1c9a7e621d585478934ae80448b96","imageurl":"/mcm/images/land/1S/3009_3e8740252bdd.jpg","landname":"67"},{"id":281474982674650,"level":1,"status":0,"posx":7,"posy":18,"cityid":91,"townid":234,"tokenid":"91e901f96dc9afc0621208417d4f6853","tokenurl":"/mcm/api/land?token=91e901f96dc9afc0621208417d4f6853","imageurl":"/mcm/images/land/1S/3010_282f0ee2104.jpg","landname":"68"},{"id":281474982674651,"level":1,"status":1,"posx":8,"posy":18,"cityid":91,"townid":234,"tokenid":"91f79358f208b4c36ecc3723e1977990","tokenurl":"/mcm/api/land?token=91f79358f208b4c36ecc3723e1977990","imageurl":"/mcm/images/land/1S/3011_3b40c68c324e.jpg","landname":"69"},{"id":281474982674652,"level":2,"status":0,"posx":9,"posy":18,"cityid":91,"townid":234,"tokenid":"c1b4efb19239c6851ac5a8eca784d800","tokenurl":"/mcm/api/land?token=c1b4efb19239c6851ac5a8eca784d800","imageurl":"/mcm/images/land/1A/1510_15f7501dd3c4.jpg","landname":"70"},{"id":281474982674653,"level":1,"status":0,"posx":28,"posy":20,"cityid":91,"townid":234,"tokenid":"050468f35bb40b564f7738a78ea4c367","tokenurl":"/mcm/api/land?token=050468f35bb40b564f7738a78ea4c367","imageurl":"/mcm/images/land/1S/3012_35536eafb6f.jpg","landname":"71"},{"id":281474982674654,"level":3,"status":0,"posx":29,"posy":20,"cityid":91,"townid":234,"tokenid":"6a2f303a898a9f360d5dc4561bcf0ebb","tokenurl":"/mcm/api/land?token=6a2f303a898a9f360d5dc4561bcf0ebb","imageurl":"/mcm/images/land/1B/503_3df19ebb1609.jpg","landname":"72"},{"id":281474982674655,"level":2,"status":1,"posx":32,"posy":20,"cityid":91,"townid":234,"tokenid":"1bdbc6eb6ffc1239790d7a5a7660e1e8","tokenurl":"/mcm/api/land?token=1bdbc6eb6ffc1239790d7a5a7660e1e8","imageurl":"/mcm/images/land/1A/1511_a36bbb758d5.jpg","landname":"73"},{"id":281474982674656,"level":1,"status":0,"posx":33,"posy":20,"cityid":91,"townid":234,"tokenid":"35ae100d5d3f594c1de7217cd55b97b6","tokenurl":"/mcm/api/land?token=35ae100d5d3f594c1de7217cd55b97b6","imageurl":"/mcm/images/land/1S/3013_39e75c1278fd.jpg","landname":"74"},{"id":281474982674657,"level":3,"status":0,"posx":28,"posy":21,"cityid":91,"townid":234,"tokenid":"278de67b37c3b8cca3333cf184a6dc71","tokenurl":"/mcm/api/land?token=278de67b37c3b8cca3333cf184a6dc71","imageurl":"/mcm/images/land/1B/504_4456282d6f87.jpg","landname":"75"},{"id":281474982674658,"level":1,"status":1,"posx":29,"posy":21,"cityid":91,"townid":234,"tokenid":"0f94fa7b77f831a536f8f45e4cea868e","tokenurl":"/mcm/api/land?token=0f94fa7b77f831a536f8f45e4cea868e","imageurl":"/mcm/images/land/1S/3014_3fe40c590d66.jpg","landname":"76"},{"id":281474982674659,"level":1,"status":1,"posx":32,"posy":21,"cityid":91,"townid":234,"tokenid":"568c4947a8f6a40743707d9163dc5fd4","tokenurl":"/mcm/api/land?token=568c4947a8f6a40743707d9163dc5fd4","imageurl":"/mcm/images/land/1S/3015_5704698b2b9e.jpg","landname":"77"},{"id":281474982674660,"level":1,"status":0,"posx":33,"posy":21,"cityid":91,"townid":234,"tokenid":"4a75fb17d0ff78de9f75294a0d73b000","tokenurl":"/mcm/api/land?token=4a75fb17d0ff78de9f75294a0d73b000","imageurl":"/mcm/images/land/1S/3016_8e7f716e061.jpg","landname":"78"},{"id":281474982674661,"level":1,"status":0,"posx":28,"posy":22,"cityid":91,"townid":234,"tokenid":"31036eddd8f2d7927687fc05a8b26c40","tokenurl":"/mcm/api/land?token=31036eddd8f2d7927687fc05a8b26c40","imageurl":"/mcm/images/land/1S/3017_53fc946632a1.jpg","landname":"79"},{"id":281474982674662,"level":1,"status":1,"posx":29,"posy":22,"cityid":91,"townid":234,"tokenid":"500803abc3af38776d88a1b1bafb466c","tokenurl":"/mcm/api/land?token=500803abc3af38776d88a1b1bafb466c","imageurl":"/mcm/images/land/1S/3018_1764286963d3.jpg","landname":"80"},{"id":281474982674663,"level":1,"status":1,"posx":32,"posy":22,"cityid":91,"townid":234,"tokenid":"0ae4f9441bd6ddbd8b8faf251e92bc38","tokenurl":"/mcm/api/land?token=0ae4f9441bd6ddbd8b8faf251e92bc38","imageurl":"/mcm/images/land/1S/3019_5711ab976799.jpg","landname":"81"},{"id":281474982674664,"level":1,"status":1,"posx":33,"posy":22,"cityid":91,"townid":234,"tokenid":"e1f769d79790e7161bf8b1b2ba43294f","tokenurl":"/mcm/api/land?token=e1f769d79790e7161bf8b1b2ba43294f","imageurl":"/mcm/images/land/1S/3020_467cd0d13b6a.jpg","landname":"82"},{"id":281474982674665,"level":1,"status":1,"posx":15,"posy":23,"cityid":91,"townid":234,"tokenid":"232ee159d1db24d71480a03dcc577442","tokenurl":"/mcm/api/land?token=232ee159d1db24d71480a03dcc577442","imageurl":"/mcm/images/land/1S/3021_387d1e5c7d8a.jpg","landname":"83"},{"id":281474982674666,"level":1,"status":0,"posx":16,"posy":23,"cityid":91,"townid":234,"tokenid":"39dd26ec3e10c167b6ae0760c72f07b9","tokenurl":"/mcm/api/land?token=39dd26ec3e10c167b6ae0760c72f07b9","imageurl":"/mcm/images/land/1S/3022_574914b647ce.jpg","landname":"84"},{"id":281474982674667,"level":3,"status":1,"posx":17,"posy":23,"cityid":91,"townid":234,"tokenid":"d334384db252ac00bd019c8d45477e87","tokenurl":"/mcm/api/land?token=d334384db252ac00bd019c8d45477e87","imageurl":"/mcm/images/land/1B/505_2d2a998d9642.jpg","landname":"85"},{"id":281474982674668,"level":3,"status":1,"posx":18,"posy":23,"cityid":91,"townid":234,"tokenid":"1688ee4a11433495254c5de56258c5c3","tokenurl":"/mcm/api/land?token=1688ee4a11433495254c5de56258c5c3","imageurl":"/mcm/images/land/1B/506_3bea944bb95d.jpg","landname":"86"},{"id":281474982674669,"level":1,"status":1,"posx":19,"posy":23,"cityid":91,"townid":234,"tokenid":"c27656adebbb2bec332b0be0554d4612","tokenurl":"/mcm/api/land?token=c27656adebbb2bec332b0be0554d4612","imageurl":"/mcm/images/land/1S/3023_2e250216aa7.jpg","landname":"87"},{"id":281474982674670,"level":1,"status":0,"posx":28,"posy":23,"cityid":91,"townid":234,"tokenid":"3f52ccc576b5c6d37565715fa3b07848","tokenurl":"/mcm/api/land?token=3f52ccc576b5c6d37565715fa3b07848","imageurl":"/mcm/images/land/1S/3024_110089b36636.jpg","landname":"88"},{"id":281474982674671,"level":1,"status":1,"posx":29,"posy":23,"cityid":91,"townid":234,"tokenid":"98b33e44bd549d4256fe7862a87b2dd3","tokenurl":"/mcm/api/land?token=98b33e44bd549d4256fe7862a87b2dd3","imageurl":"/mcm/images/land/1S/3025_27b2b8ce38a6.jpg","landname":"89"},{"id":281474982674672,"level":1,"status":0,"posx":32,"posy":23,"cityid":91,"townid":234,"tokenid":"290605eaf2376ffe5de3bbef0c397a37","tokenurl":"/mcm/api/land?token=290605eaf2376ffe5de3bbef0c397a37","imageurl":"/mcm/images/land/1S/3026_2a9164806a3a.jpg","landname":"90"},{"id":281474982674673,"level":1,"status":1,"posx":33,"posy":23,"cityid":91,"townid":234,"tokenid":"03a256dfae77ee89342a2ce9bb2dceae","tokenurl":"/mcm/api/land?token=03a256dfae77ee89342a2ce9bb2dceae","imageurl":"/mcm/images/land/1S/3027_3852a6ff4eb5.jpg","landname":"91"},{"id":281474982674674,"level":2,"status":1,"posx":15,"posy":24,"cityid":91,"townid":234,"tokenid":"cb404f617c276040d1ec8badeaa829f8","tokenurl":"/mcm/api/land?token=cb404f617c276040d1ec8badeaa829f8","imageurl":"/mcm/images/land/1A/1512_45d8edaa68fa.jpg","landname":"92"},{"id":281474982674675,"level":1,"status":1,"posx":16,"posy":24,"cityid":91,"townid":234,"tokenid":"946be918037acbec1c6f309e6ad7bbb0","tokenurl":"/mcm/api/land?token=946be918037acbec1c6f309e6ad7bbb0","imageurl":"/mcm/images/land/1S/3028_2954ba94ec89.jpg","landname":"93"},{"id":281474982674676,"level":1,"status":0,"posx":17,"posy":24,"cityid":91,"townid":234,"tokenid":"a83106085e55fe4ed2a90c4e2bf4af54","tokenurl":"/mcm/api/land?token=a83106085e55fe4ed2a90c4e2bf4af54","imageurl":"/mcm/images/land/1S/3029_11ce52ee8e0f.jpg","landname":"94"},{"id":281474982674677,"level":1,"status":1,"posx":18,"posy":24,"cityid":91,"townid":234,"tokenid":"196dcfcd00e87b47251df7825c333a45","tokenurl":"/mcm/api/land?token=196dcfcd00e87b47251df7825c333a45","imageurl":"/mcm/images/land/1S/3030_cd72e065cca.jpg","landname":"95"},{"id":281474982674678,"level":3,"status":0,"posx":19,"posy":24,"cityid":91,"townid":234,"tokenid":"5cc7088a2d4027773c539af542d0d458","tokenurl":"/mcm/api/land?token=5cc7088a2d4027773c539af542d0d458","imageurl":"/mcm/images/land/1B/507_222a6c17b8b4.jpg","landname":"96"},{"id":281474982674679,"level":1,"status":0,"posx":28,"posy":24,"cityid":91,"townid":234,"tokenid":"e6a0298cab97f20799eea5fd7fe43162","tokenurl":"/mcm/api/land?token=e6a0298cab97f20799eea5fd7fe43162","imageurl":"/mcm/images/land/1S/3031_193b89bcf72e.jpg","landname":"97"},{"id":281474982674680,"level":2,"status":0,"posx":29,"posy":24,"cityid":91,"townid":234,"tokenid":"8b1ab8a964d2ad37bdc97338f91024bd","tokenurl":"/mcm/api/land?token=8b1ab8a964d2ad37bdc97338f91024bd","imageurl":"/mcm/images/land/1A/1513_478acf31fe41.jpg","landname":"98"},{"id":281474982674681,"level":1,"status":1,"posx":32,"posy":24,"cityid":91,"townid":234,"tokenid":"4f13595c2966de14a365b543a1fb3c10","tokenurl":"/mcm/api/land?token=4f13595c2966de14a365b543a1fb3c10","imageurl":"/mcm/images/land/1S/3032_7085120776f.jpg","landname":"99"},{"id":281474982674682,"level":1,"status":1,"posx":33,"posy":24,"cityid":91,"townid":234,"tokenid":"0800ecba454a52a9d13a8a4d3ab08b4f","tokenurl":"/mcm/api/land?token=0800ecba454a52a9d13a8a4d3ab08b4f","imageurl":"/mcm/images/land/1S/3033_5a0c294a6197.jpg","landname":"100"},{"id":281474982674683,"level":1,"status":0,"posx":6,"posy":25,"cityid":91,"townid":234,"tokenid":"6f186c494c6ec251be53ec07f22f3446","tokenurl":"/mcm/api/land?token=6f186c494c6ec251be53ec07f22f3446","imageurl":"/mcm/images/land/1S/3034_2f840d79eca6.jpg","landname":"101"},{"id":281474982674684,"level":1,"status":0,"posx":7,"posy":25,"cityid":91,"townid":234,"tokenid":"6fc72c2f96de0ef5491ec0fb4693b09a","tokenurl":"/mcm/api/land?token=6fc72c2f96de0ef5491ec0fb4693b09a","imageurl":"/mcm/images/land/1S/3035_d63f2bc2885.jpg","landname":"102"},{"id":281474982674685,"level":1,"status":1,"posx":6,"posy":26,"cityid":91,"townid":234,"tokenid":"b77c5691ccfe31f129008f9284301c6f","tokenurl":"/mcm/api/land?token=b77c5691ccfe31f129008f9284301c6f","imageurl":"/mcm/images/land/1S/3036_10502fc5cb0.jpg","landname":"103"},{"id":281474982674686,"level":2,"status":0,"posx":7,"posy":26,"cityid":91,"townid":234,"tokenid":"3b92c6882ea49adbc12c49c84998bc62","tokenurl":"/mcm/api/land?token=3b92c6882ea49adbc12c49c84998bc62","imageurl":"/mcm/images/land/1A/1514_325fac126a46.jpg","landname":"104"},{"id":281474982674687,"level":2,"status":1,"posx":21,"posy":26,"cityid":91,"townid":234,"tokenid":"a1924a015a798fa0b181344d9042b0bf","tokenurl":"/mcm/api/land?token=a1924a015a798fa0b181344d9042b0bf","imageurl":"/mcm/images/land/1A/1515_4500f58df98f.jpg","landname":"105"},{"id":281474982674688,"level":1,"status":1,"posx":22,"posy":26,"cityid":91,"townid":234,"tokenid":"a13690f2f7fe0da870cca695a3605e92","tokenurl":"/mcm/api/land?token=a13690f2f7fe0da870cca695a3605e92","imageurl":"/mcm/images/land/1S/3037_28a7c315262c.jpg","landname":"106"},{"id":281474982674689,"level":1,"status":0,"posx":24,"posy":26,"cityid":91,"townid":234,"tokenid":"5889e102d60c03aa0b3472c221f66fb1","tokenurl":"/mcm/api/land?token=5889e102d60c03aa0b3472c221f66fb1","imageurl":"/mcm/images/land/1S/3038_4a4efefcb87f.jpg","landname":"107"},{"id":281474982674690,"level":2,"status":1,"posx":25,"posy":26,"cityid":91,"townid":234,"tokenid":"fbb49871141c6b0635d4813c3e973fcb","tokenurl":"/mcm/api/land?token=fbb49871141c6b0635d4813c3e973fcb","imageurl":"/mcm/images/land/1A/1516_14731a3fbaf5.jpg","landname":"108"},{"id":281474982674691,"level":2,"status":1,"posx":28,"posy":26,"cityid":91,"townid":234,"tokenid":"8177fbe083edc81f8dd13b557a7899b0","tokenurl":"/mcm/api/land?token=8177fbe083edc81f8dd13b557a7899b0","imageurl":"/mcm/images/land/1A/1517_4bcabf53d89e.jpg","landname":"109"},{"id":281474982674692,"level":1,"status":1,"posx":29,"posy":26,"cityid":91,"townid":234,"tokenid":"7b2a92178bb27a7274e3a2810140bdf8","tokenurl":"/mcm/api/land?token=7b2a92178bb27a7274e3a2810140bdf8","imageurl":"/mcm/images/land/1S/3039_4ed4fc4c73f9.jpg","landname":"110"},{"id":281474982674693,"level":2,"status":0,"posx":32,"posy":26,"cityid":91,"townid":234,"tokenid":"088813c7d8486e616995abdf7fa67012","tokenurl":"/mcm/api/land?token=088813c7d8486e616995abdf7fa67012","imageurl":"/mcm/images/land/1A/1518_e43fb02bf27.jpg","landname":"111"},{"id":281474982674694,"level":2,"status":0,"posx":33,"posy":26,"cityid":91,"townid":234,"tokenid":"fa5c27a55bb7a25dcd395a2756c23733","tokenurl":"/mcm/api/land?token=fa5c27a55bb7a25dcd395a2756c23733","imageurl":"/mcm/images/land/1A/1519_20dcbdb19327.jpg","landname":"112"},{"id":281474982674695,"level":1,"status":1,"posx":6,"posy":27,"cityid":91,"townid":234,"tokenid":"4892290971a7d447d29391efe0ee431a","tokenurl":"/mcm/api/land?token=4892290971a7d447d29391efe0ee431a","imageurl":"/mcm/images/land/1S/3040_1ce402e4e0a1.jpg","landname":"113"},{"id":281474982674696,"level":2,"status":1,"posx":7,"posy":27,"cityid":91,"townid":234,"tokenid":"6afdb261d2fbfd764f9548957b3d009a","tokenurl":"/mcm/api/land?token=6afdb261d2fbfd764f9548957b3d009a","imageurl":"/mcm/images/land/1A/1520_46cb172d66.jpg","landname":"114"},{"id":281474982674697,"level":1,"status":0,"posx":21,"posy":27,"cityid":91,"townid":234,"tokenid":"a82f179c7489b13c2609feb8ed7a21d3","tokenurl":"/mcm/api/land?token=a82f179c7489b13c2609feb8ed7a21d3","imageurl":"/mcm/images/land/1S/3041_17da20b518f2.jpg","landname":"115"},{"id":281474982674698,"level":1,"status":0,"posx":22,"posy":27,"cityid":91,"townid":234,"tokenid":"7b6b727e5a898ff9a5e933002f8998ab","tokenurl":"/mcm/api/land?token=7b6b727e5a898ff9a5e933002f8998ab","imageurl":"/mcm/images/land/1S/3042_4c5ff5c449a.jpg","landname":"116"},{"id":281474982674699,"level":1,"status":1,"posx":24,"posy":27,"cityid":91,"townid":234,"tokenid":"d9660f9d2d07887bf1553d17c49d2f15","tokenurl":"/mcm/api/land?token=d9660f9d2d07887bf1553d17c49d2f15","imageurl":"/mcm/images/land/1S/3043_ff90191d42e.jpg","landname":"117"},{"id":281474982674700,"level":1,"status":0,"posx":25,"posy":27,"cityid":91,"townid":234,"tokenid":"7b370957ce34150baae342a3ed2746e3","tokenurl":"/mcm/api/land?token=7b370957ce34150baae342a3ed2746e3","imageurl":"/mcm/images/land/1S/3044_161eafb841c8.jpg","landname":"118"},{"id":281474982674701,"level":2,"status":1,"posx":28,"posy":27,"cityid":91,"townid":234,"tokenid":"c238508c1bd0c417d558dfe2fd59b799","tokenurl":"/mcm/api/land?token=c238508c1bd0c417d558dfe2fd59b799","imageurl":"/mcm/images/land/1A/1521_56b4824e5e92.jpg","landname":"119"},{"id":281474982674702,"level":1,"status":0,"posx":29,"posy":27,"cityid":91,"townid":234,"tokenid":"cedaea05db7753c3c87b9d752da0c88d","tokenurl":"/mcm/api/land?token=cedaea05db7753c3c87b9d752da0c88d","imageurl":"/mcm/images/land/1S/3045_3e50623a6e9.jpg","landname":"120"},{"id":281474982674703,"level":1,"status":0,"posx":32,"posy":27,"cityid":91,"townid":234,"tokenid":"bd907cb83474fe99a861c5de71e99e98","tokenurl":"/mcm/api/land?token=bd907cb83474fe99a861c5de71e99e98","imageurl":"/mcm/images/land/1S/3046_14eed091a464.jpg","landname":"121"},{"id":281474982674704,"level":3,"status":1,"posx":33,"posy":27,"cityid":91,"townid":234,"tokenid":"c314fbb14787bc20653c907c8bd4cae5","tokenurl":"/mcm/api/land?token=c314fbb14787bc20653c907c8bd4cae5","imageurl":"/mcm/images/land/1B/508_5758851b2bf2.jpg","landname":"122"},{"id":281474982674705,"level":2,"status":1,"posx":6,"posy":28,"cityid":91,"townid":234,"tokenid":"a56b431f29b3a0304a243cf502bec391","tokenurl":"/mcm/api/land?token=a56b431f29b3a0304a243cf502bec391","imageurl":"/mcm/images/land/1A/1522_301adf5a75d.jpg","landname":"123"},{"id":281474982674706,"level":3,"status":1,"posx":7,"posy":28,"cityid":91,"townid":234,"tokenid":"18215c96e712cbf4ae1e2e8874b072a4","tokenurl":"/mcm/api/land?token=18215c96e712cbf4ae1e2e8874b072a4","imageurl":"/mcm/images/land/1B/509_240f5a613933.jpg","landname":"124"},{"id":281474982674707,"level":2,"status":0,"posx":21,"posy":28,"cityid":91,"townid":234,"tokenid":"b931e7a23fce6d94046c3c971d592f1e","tokenurl":"/mcm/api/land?token=b931e7a23fce6d94046c3c971d592f1e","imageurl":"/mcm/images/land/1A/1523_4d69762dc4be.jpg","landname":"125"},{"id":281474982674708,"level":1,"status":1,"posx":22,"posy":28,"cityid":91,"townid":234,"tokenid":"a5fc641feaf1ea0044dedb4b93197e78","tokenurl":"/mcm/api/land?token=a5fc641feaf1ea0044dedb4b93197e78","imageurl":"/mcm/images/land/1S/3047_11f042509577.jpg","landname":"126"},{"id":281474982674709,"level":2,"status":1,"posx":24,"posy":28,"cityid":91,"townid":234,"tokenid":"eb2949e35d2d09bb7e2030863dc7021a","tokenurl":"/mcm/api/land?token=eb2949e35d2d09bb7e2030863dc7021a","imageurl":"/mcm/images/land/1A/1524_2c7414b3eb33.jpg","landname":"127"},{"id":281474982674710,"level":2,"status":0,"posx":25,"posy":28,"cityid":91,"townid":234,"tokenid":"b0521ed96f31375e1ef33a7c8937a03a","tokenurl":"/mcm/api/land?token=b0521ed96f31375e1ef33a7c8937a03a","imageurl":"/mcm/images/land/1A/1525_4a6694fcb253.jpg","landname":"128"},{"id":281474982674711,"level":1,"status":0,"posx":28,"posy":28,"cityid":91,"townid":234,"tokenid":"a539681179bfb2148d673bdfe79106b5","tokenurl":"/mcm/api/land?token=a539681179bfb2148d673bdfe79106b5","imageurl":"/mcm/images/land/1S/3048_49bd0204b161.jpg","landname":"129"},{"id":281474982674712,"level":1,"status":1,"posx":29,"posy":28,"cityid":91,"townid":234,"tokenid":"74ed89d385388850e4365eaccd463078","tokenurl":"/mcm/api/land?token=74ed89d385388850e4365eaccd463078","imageurl":"/mcm/images/land/1S/3049_53ef078e7746.jpg","landname":"130"},{"id":281474982674713,"level":1,"status":1,"posx":32,"posy":28,"cityid":91,"townid":234,"tokenid":"9b8a8cf6ce6d4d950d9c1ef323f5bbf8","tokenurl":"/mcm/api/land?token=9b8a8cf6ce6d4d950d9c1ef323f5bbf8","imageurl":"/mcm/images/land/1S/3050_582836daff23.jpg","landname":"131"},{"id":281474982674714,"level":1,"status":1,"posx":33,"posy":28,"cityid":91,"townid":234,"tokenid":"f6a395ace8994d415c0a30958bd76e32","tokenurl":"/mcm/api/land?token=f6a395ace8994d415c0a30958bd76e32","imageurl":"/mcm/images/land/1S/3051_1d37ffcb682c.jpg","landname":"132"},{"id":281474982674715,"level":1,"status":0,"posx":6,"posy":29,"cityid":91,"townid":234,"tokenid":"2533c0b5645bebc32f7459c62b4f0021","tokenurl":"/mcm/api/land?token=2533c0b5645bebc32f7459c62b4f0021","imageurl":"/mcm/images/land/1S/3052_32764647b8c8.jpg","landname":"133"},{"id":281474982674716,"level":1,"status":1,"posx":7,"posy":29,"cityid":91,"townid":234,"tokenid":"1446edfcc75e96ab38a3b36d5c98a41b","tokenurl":"/mcm/api/land?token=1446edfcc75e96ab38a3b36d5c98a41b","imageurl":"/mcm/images/land/1S/3053_55359f290fb9.jpg","landname":"134"},{"id":281474982674717,"level":3,"status":1,"posx":21,"posy":29,"cityid":91,"townid":234,"tokenid":"f4c3efed0f08cffc18c153bb34abc81e","tokenurl":"/mcm/api/land?token=f4c3efed0f08cffc18c153bb34abc81e","imageurl":"/mcm/images/land/1B/510_11da37a9bdb.jpg","landname":"135"},{"id":281474982674718,"level":2,"status":0,"posx":22,"posy":29,"cityid":91,"townid":234,"tokenid":"e5a97dd137c09aecc2ca37cc16d7b847","tokenurl":"/mcm/api/land?token=e5a97dd137c09aecc2ca37cc16d7b847","imageurl":"/mcm/images/land/1A/1526_13522fc909a6.jpg","landname":"136"},{"id":281474982674719,"level":1,"status":0,"posx":24,"posy":29,"cityid":91,"townid":234,"tokenid":"d99edc46924ddf9bb00604bcf6b686ae","tokenurl":"/mcm/api/land?token=d99edc46924ddf9bb00604bcf6b686ae","imageurl":"/mcm/images/land/1S/3054_4e7d3f2e4b81.jpg","landname":"137"},{"id":281474982674720,"level":1,"status":1,"posx":25,"posy":29,"cityid":91,"townid":234,"tokenid":"5008f5150ecc33f28497444796517873","tokenurl":"/mcm/api/land?token=5008f5150ecc33f28497444796517873","imageurl":"/mcm/images/land/1S/3055_179b9f65848a.jpg","landname":"138"},{"id":281474982674721,"level":1,"status":1,"posx":28,"posy":29,"cityid":91,"townid":234,"tokenid":"ee7138987905b572acbe1bb8157d29a0","tokenurl":"/mcm/api/land?token=ee7138987905b572acbe1bb8157d29a0","imageurl":"/mcm/images/land/1S/3056_9205b2f519c.jpg","landname":"139"},{"id":281474982674722,"level":2,"status":0,"posx":29,"posy":29,"cityid":91,"townid":234,"tokenid":"9a5b70af54b69ea49fa554f4afd76e0c","tokenurl":"/mcm/api/land?token=9a5b70af54b69ea49fa554f4afd76e0c","imageurl":"/mcm/images/land/1A/1527_3faa8663f228.jpg","landname":"140"},{"id":281474982674723,"level":1,"status":1,"posx":32,"posy":29,"cityid":91,"townid":234,"tokenid":"c4e14a013b887b1d6872ccbc37d62522","tokenurl":"/mcm/api/land?token=c4e14a013b887b1d6872ccbc37d62522","imageurl":"/mcm/images/land/1S/3057_398b62d49b1e.jpg","landname":"141"},{"id":281474982674724,"level":2,"status":0,"posx":33,"posy":29,"cityid":91,"townid":234,"tokenid":"2d28e4bdd766aebbd91cccdece15edec","tokenurl":"/mcm/api/land?token=2d28e4bdd766aebbd91cccdece15edec","imageurl":"/mcm/images/land/1A/1528_42ba21d595d0.jpg","landname":"142"},{"id":281474982674725,"level":1,"status":0,"posx":21,"posy":30,"cityid":91,"townid":234,"tokenid":"01e58969caca1e4a4c75c1f2bca53693","tokenurl":"/mcm/api/land?token=01e58969caca1e4a4c75c1f2bca53693","imageurl":"/mcm/images/land/1S/3058_12d9833f273c.jpg","landname":"143"},{"id":281474982674726,"level":1,"status":1,"posx":22,"posy":30,"cityid":91,"townid":234,"tokenid":"aa1a257382423ff38ea7b09ddb02af76","tokenurl":"/mcm/api/land?token=aa1a257382423ff38ea7b09ddb02af76","imageurl":"/mcm/images/land/1S/3059_27853b7c03af.jpg","landname":"144"},{"id":281474982674727,"level":2,"status":1,"posx":24,"posy":30,"cityid":91,"townid":234,"tokenid":"bfb47f883adabb7525115d69b127290b","tokenurl":"/mcm/api/land?token=bfb47f883adabb7525115d69b127290b","imageurl":"/mcm/images/land/1A/1529_2eddeccf7f07.jpg","landname":"145"},{"id":281474982674728,"level":2,"status":0,"posx":25,"posy":30,"cityid":91,"townid":234,"tokenid":"debdc9977c0142b76d086fc46a942af1","tokenurl":"/mcm/api/land?token=debdc9977c0142b76d086fc46a942af1","imageurl":"/mcm/images/land/1A/1530_195e4e11530f.jpg","landname":"146"},{"id":281474982674729,"level":2,"status":0,"posx":28,"posy":30,"cityid":91,"townid":234,"tokenid":"bc703dd104acdc911a00a00b681f0ec0","tokenurl":"/mcm/api/land?token=bc703dd104acdc911a00a00b681f0ec0","imageurl":"/mcm/images/land/1A/1531_1cade29565bc.jpg","landname":"147"},{"id":281474982674730,"level":3,"status":1,"posx":29,"posy":30,"cityid":91,"townid":234,"tokenid":"c6b470d64198d76d8bc0af55e84e69a5","tokenurl":"/mcm/api/land?token=c6b470d64198d76d8bc0af55e84e69a5","imageurl":"/mcm/images/land/1B/511_3fcdb22e6190.jpg","landname":"148"},{"id":281474982674731,"level":1,"status":0,"posx":32,"posy":30,"cityid":91,"townid":234,"tokenid":"1d8f33e63128e69a368b79515c511d95","tokenurl":"/mcm/api/land?token=1d8f33e63128e69a368b79515c511d95","imageurl":"/mcm/images/land/1S/3060_1a12f3983bbe.jpg","landname":"149"},{"id":281474982674732,"level":1,"status":1,"posx":33,"posy":30,"cityid":91,"townid":234,"tokenid":"a2d11a50dcc2ba2fd9c0bbb7d6840493","tokenurl":"/mcm/api/land?token=a2d11a50dcc2ba2fd9c0bbb7d6840493","imageurl":"/mcm/images/land/1S/3061_36e9368b5262.jpg","landname":"150"}]]],0,0,[],[],[]]
