[1,0,0,[["cc.JsonAsset",["_name","json"],1]],[[0,0,1,3]],[[0,"1331",[{"id":281475017015297,"level":3,"status":1,"posx":15,"posy":5,"cityid":615,"townid":1331,"tokenid":"d7a47e87cf966b5dbb2188a371433442","tokenurl":"/mcm/api/land?token=d7a47e87cf966b5dbb2188a371433442","imageurl":"/mcm/images/land/2B/23252_12078e37499f.jpg","landname":"1"},{"id":281475017015298,"level":3,"status":1,"posx":16,"posy":5,"cityid":615,"townid":1331,"tokenid":"ed9d41c2157c909d5c75cf657fa6a297","tokenurl":"/mcm/api/land?token=ed9d41c2157c909d5c75cf657fa6a297","imageurl":"/mcm/images/land/2B/23253_24877f422638.jpg","landname":"2"},{"id":281475017015299,"level":3,"status":0,"posx":25,"posy":5,"cityid":615,"townid":1331,"tokenid":"d027f47e0cf36c46dc52e6083a8bbe66","tokenurl":"/mcm/api/land?token=d027f47e0cf36c46dc52e6083a8bbe66","imageurl":"/mcm/images/land/2B/23254_2b29983175be.jpg","landname":"3"},{"id":281475017015300,"level":1,"status":0,"posx":26,"posy":5,"cityid":615,"townid":1331,"tokenid":"3893fe9507d34054f3c245f7425a77c2","tokenurl":"/mcm/api/land?token=3893fe9507d34054f3c245f7425a77c2","imageurl":"/mcm/images/land/2S/9302_b8f9e09fc42.jpg","landname":"4"},{"id":281475017015301,"level":3,"status":0,"posx":6,"posy":6,"cityid":615,"townid":1331,"tokenid":"d0162a635be598921fc6befece6a0d02","tokenurl":"/mcm/api/land?token=d0162a635be598921fc6befece6a0d02","imageurl":"/mcm/images/land/2B/23255_25063d1d04e.jpg","landname":"5"},{"id":281475017015302,"level":1,"status":1,"posx":7,"posy":6,"cityid":615,"townid":1331,"tokenid":"cc230926d797e7d7b5c8e4a511a4ae82","tokenurl":"/mcm/api/land?token=cc230926d797e7d7b5c8e4a511a4ae82","imageurl":"/mcm/images/land/2S/9303_525f177a5e3.jpg","landname":"6"},{"id":281475017015303,"level":3,"status":1,"posx":15,"posy":6,"cityid":615,"townid":1331,"tokenid":"0e314f7217efa8e4c9cad6fa60748ab0","tokenurl":"/mcm/api/land?token=0e314f7217efa8e4c9cad6fa60748ab0","imageurl":"/mcm/images/land/2B/23256_318ec68d7531.jpg","landname":"7"},{"id":281475017015304,"level":3,"status":0,"posx":16,"posy":6,"cityid":615,"townid":1331,"tokenid":"537d65400a0e95150e6bc3e610cf354b","tokenurl":"/mcm/api/land?token=537d65400a0e95150e6bc3e610cf354b","imageurl":"/mcm/images/land/2B/23257_2709d8f9147b.jpg","landname":"8"},{"id":281475017015305,"level":1,"status":0,"posx":25,"posy":6,"cityid":615,"townid":1331,"tokenid":"411e1e8188cf5ce5328a57764ee4948f","tokenurl":"/mcm/api/land?token=411e1e8188cf5ce5328a57764ee4948f","imageurl":"/mcm/images/land/2S/9304_3c48b0fca67c.jpg","landname":"9"},{"id":281475017015306,"level":2,"status":1,"posx":26,"posy":6,"cityid":615,"townid":1331,"tokenid":"7d518a9e4e2842474e05e5aebbcb39fb","tokenurl":"/mcm/api/land?token=7d518a9e4e2842474e05e5aebbcb39fb","imageurl":"/mcm/images/land/2A/13952_365fbbbf8b8.jpg","landname":"10"},{"id":281475017015307,"level":2,"status":1,"posx":30,"posy":6,"cityid":615,"townid":1331,"tokenid":"153912eb0c2b8d862944ab7cd29d016f","tokenurl":"/mcm/api/land?token=153912eb0c2b8d862944ab7cd29d016f","imageurl":"/mcm/images/land/2A/13953_54d31a667976.jpg","landname":"11"},{"id":281475017015308,"level":1,"status":0,"posx":31,"posy":6,"cityid":615,"townid":1331,"tokenid":"05057c0575232200c3a634c60c2b17f3","tokenurl":"/mcm/api/land?token=05057c0575232200c3a634c60c2b17f3","imageurl":"/mcm/images/land/2S/9305_56caedf674ef.jpg","landname":"12"},{"id":281475017015309,"level":3,"status":0,"posx":33,"posy":6,"cityid":615,"townid":1331,"tokenid":"1a596ddce8d386767ba1084b1343ff62","tokenurl":"/mcm/api/land?token=1a596ddce8d386767ba1084b1343ff62","imageurl":"/mcm/images/land/2B/23258_295228974315.jpg","landname":"13"},{"id":281475017015310,"level":2,"status":0,"posx":34,"posy":6,"cityid":615,"townid":1331,"tokenid":"eeb7516c467d562e0144b8b258572240","tokenurl":"/mcm/api/land?token=eeb7516c467d562e0144b8b258572240","imageurl":"/mcm/images/land/2A/13954_162cfe84f97d.jpg","landname":"14"},{"id":281475017015311,"level":2,"status":1,"posx":6,"posy":7,"cityid":615,"townid":1331,"tokenid":"5a6d63a3341c179d7996a86c220f086b","tokenurl":"/mcm/api/land?token=5a6d63a3341c179d7996a86c220f086b","imageurl":"/mcm/images/land/2A/13955_1d99ac2eeb00.jpg","landname":"15"},{"id":281475017015312,"level":3,"status":1,"posx":7,"posy":7,"cityid":615,"townid":1331,"tokenid":"96ea24420e274239065828dee53bdae1","tokenurl":"/mcm/api/land?token=96ea24420e274239065828dee53bdae1","imageurl":"/mcm/images/land/2B/23259_1339c7e4c5c9.jpg","landname":"16"},{"id":281475017015313,"level":2,"status":1,"posx":15,"posy":7,"cityid":615,"townid":1331,"tokenid":"e9c23b510979268fc6c931aa123792e8","tokenurl":"/mcm/api/land?token=e9c23b510979268fc6c931aa123792e8","imageurl":"/mcm/images/land/2A/13956_35fa32f93332.jpg","landname":"17"},{"id":281475017015314,"level":3,"status":0,"posx":16,"posy":7,"cityid":615,"townid":1331,"tokenid":"007267b4cba2d58f4daf5d7ef1b468ba","tokenurl":"/mcm/api/land?token=007267b4cba2d58f4daf5d7ef1b468ba","imageurl":"/mcm/images/land/2B/23260_2ab0c90cfed.jpg","landname":"18"},{"id":281475017015315,"level":3,"status":1,"posx":21,"posy":7,"cityid":615,"townid":1331,"tokenid":"43c16b2841d7ced211d447a866719724","tokenurl":"/mcm/api/land?token=43c16b2841d7ced211d447a866719724","imageurl":"/mcm/images/land/2B/23261_1a4fd49ff51b.jpg","landname":"19"},{"id":281475017015316,"level":3,"status":0,"posx":22,"posy":7,"cityid":615,"townid":1331,"tokenid":"6335eec43c2fff52dbed9ee747cc2c05","tokenurl":"/mcm/api/land?token=6335eec43c2fff52dbed9ee747cc2c05","imageurl":"/mcm/images/land/2B/23262_ac4627e91cb.jpg","landname":"20"},{"id":281475017015317,"level":3,"status":0,"posx":25,"posy":7,"cityid":615,"townid":1331,"tokenid":"9f8b59753b5995ab2ea7155fbaa8581f","tokenurl":"/mcm/api/land?token=9f8b59753b5995ab2ea7155fbaa8581f","imageurl":"/mcm/images/land/2B/23263_3ba5eab8e609.jpg","landname":"21"},{"id":281475017015318,"level":3,"status":1,"posx":26,"posy":7,"cityid":615,"townid":1331,"tokenid":"a8b8245b8969ad56e2c7e739876dd1a5","tokenurl":"/mcm/api/land?token=a8b8245b8969ad56e2c7e739876dd1a5","imageurl":"/mcm/images/land/2B/23264_4b98c5d9b60c.jpg","landname":"22"},{"id":281475017015319,"level":3,"status":1,"posx":30,"posy":7,"cityid":615,"townid":1331,"tokenid":"720d8d0f787dee5cebbd8f89e5237e1a","tokenurl":"/mcm/api/land?token=720d8d0f787dee5cebbd8f89e5237e1a","imageurl":"/mcm/images/land/2B/23265_3fea19fcad8e.jpg","landname":"23"},{"id":281475017015320,"level":3,"status":0,"posx":31,"posy":7,"cityid":615,"townid":1331,"tokenid":"800032d554b212877a39db6fbad3f817","tokenurl":"/mcm/api/land?token=800032d554b212877a39db6fbad3f817","imageurl":"/mcm/images/land/2B/23266_119ef0e6583f.jpg","landname":"24"},{"id":281475017015321,"level":3,"status":0,"posx":33,"posy":7,"cityid":615,"townid":1331,"tokenid":"9963aa1740c0883471584bc529e75d93","tokenurl":"/mcm/api/land?token=9963aa1740c0883471584bc529e75d93","imageurl":"/mcm/images/land/2B/23267_156d373b3ca8.jpg","landname":"25"},{"id":281475017015322,"level":2,"status":0,"posx":34,"posy":7,"cityid":615,"townid":1331,"tokenid":"62427b752cd8ea32ed0845af566bc181","tokenurl":"/mcm/api/land?token=62427b752cd8ea32ed0845af566bc181","imageurl":"/mcm/images/land/2A/13957_292e8778e874.jpg","landname":"26"},{"id":281475017015323,"level":3,"status":0,"posx":6,"posy":8,"cityid":615,"townid":1331,"tokenid":"1e015e6e81bc661b5a125149be34998f","tokenurl":"/mcm/api/land?token=1e015e6e81bc661b5a125149be34998f","imageurl":"/mcm/images/land/2B/23268_20c0c09efc40.jpg","landname":"27"},{"id":281475017015324,"level":2,"status":0,"posx":7,"posy":8,"cityid":615,"townid":1331,"tokenid":"796e68c1caa699ca8b6482fea7cf322f","tokenurl":"/mcm/api/land?token=796e68c1caa699ca8b6482fea7cf322f","imageurl":"/mcm/images/land/2A/13958_2fe14c567a88.jpg","landname":"28"},{"id":281475017015325,"level":1,"status":0,"posx":15,"posy":8,"cityid":615,"townid":1331,"tokenid":"331b1896d1a594afcbcc567e5c8ed077","tokenurl":"/mcm/api/land?token=331b1896d1a594afcbcc567e5c8ed077","imageurl":"/mcm/images/land/2S/9306_478d8283f856.jpg","landname":"29"},{"id":281475017015326,"level":3,"status":0,"posx":16,"posy":8,"cityid":615,"townid":1331,"tokenid":"c344d46afa649bb22d7bad31002f6989","tokenurl":"/mcm/api/land?token=c344d46afa649bb22d7bad31002f6989","imageurl":"/mcm/images/land/2B/23269_3284c9eda60a.jpg","landname":"30"},{"id":281475017015327,"level":3,"status":0,"posx":21,"posy":8,"cityid":615,"townid":1331,"tokenid":"67da1ae94d0ca5f9de61e6027a938854","tokenurl":"/mcm/api/land?token=67da1ae94d0ca5f9de61e6027a938854","imageurl":"/mcm/images/land/2B/23270_529e08ae896f.jpg","landname":"31"},{"id":281475017015328,"level":3,"status":0,"posx":22,"posy":8,"cityid":615,"townid":1331,"tokenid":"d92b83d76eeb1db43779424c483591a6","tokenurl":"/mcm/api/land?token=d92b83d76eeb1db43779424c483591a6","imageurl":"/mcm/images/land/2B/23271_31bdef803e01.jpg","landname":"32"},{"id":281475017015329,"level":3,"status":1,"posx":25,"posy":8,"cityid":615,"townid":1331,"tokenid":"f5b2c8e5da67f32c1ee350fb8b128d2a","tokenurl":"/mcm/api/land?token=f5b2c8e5da67f32c1ee350fb8b128d2a","imageurl":"/mcm/images/land/2B/23272_84fb1cb3235.jpg","landname":"33"},{"id":281475017015330,"level":3,"status":0,"posx":26,"posy":8,"cityid":615,"townid":1331,"tokenid":"c34b645e3e0911f1efc037f1c0ea381b","tokenurl":"/mcm/api/land?token=c34b645e3e0911f1efc037f1c0ea381b","imageurl":"/mcm/images/land/2B/23273_48ccdb7d1b90.jpg","landname":"34"},{"id":281475017015331,"level":2,"status":0,"posx":30,"posy":8,"cityid":615,"townid":1331,"tokenid":"fbcd62692fe20544abcdc72e86a58274","tokenurl":"/mcm/api/land?token=fbcd62692fe20544abcdc72e86a58274","imageurl":"/mcm/images/land/2A/13959_bd75044fe90.jpg","landname":"35"},{"id":281475017015332,"level":1,"status":1,"posx":31,"posy":8,"cityid":615,"townid":1331,"tokenid":"866b17adcc14f9b375961041bf985f15","tokenurl":"/mcm/api/land?token=866b17adcc14f9b375961041bf985f15","imageurl":"/mcm/images/land/2S/9307_4103bee9aa11.jpg","landname":"36"},{"id":281475017015333,"level":3,"status":1,"posx":33,"posy":8,"cityid":615,"townid":1331,"tokenid":"f49901f8fec8c9b7575a27213b7d5f00","tokenurl":"/mcm/api/land?token=f49901f8fec8c9b7575a27213b7d5f00","imageurl":"/mcm/images/land/2B/23274_3ff07dad3852.jpg","landname":"37"},{"id":281475017015334,"level":1,"status":0,"posx":34,"posy":8,"cityid":615,"townid":1331,"tokenid":"3e7c05dae86ca0ca750c285b3aacc129","tokenurl":"/mcm/api/land?token=3e7c05dae86ca0ca750c285b3aacc129","imageurl":"/mcm/images/land/2S/9308_26c039a4235e.jpg","landname":"38"},{"id":281475017015335,"level":3,"status":0,"posx":6,"posy":9,"cityid":615,"townid":1331,"tokenid":"9f2e18b23c9bce5d9df2b89f47d22ad3","tokenurl":"/mcm/api/land?token=9f2e18b23c9bce5d9df2b89f47d22ad3","imageurl":"/mcm/images/land/2B/23275_48a6d00eef87.jpg","landname":"39"},{"id":281475017015336,"level":3,"status":1,"posx":7,"posy":9,"cityid":615,"townid":1331,"tokenid":"18089445af00601a2f100dc50d064abb","tokenurl":"/mcm/api/land?token=18089445af00601a2f100dc50d064abb","imageurl":"/mcm/images/land/2B/23276_1654008bd96e.jpg","landname":"40"},{"id":281475017015337,"level":3,"status":1,"posx":15,"posy":9,"cityid":615,"townid":1331,"tokenid":"3a804296698aca1047672efba91117c7","tokenurl":"/mcm/api/land?token=3a804296698aca1047672efba91117c7","imageurl":"/mcm/images/land/2B/23277_4fa238bcf4cf.jpg","landname":"41"},{"id":281475017015338,"level":3,"status":0,"posx":16,"posy":9,"cityid":615,"townid":1331,"tokenid":"62d15dc9ea76796f5a0b052016ff0b9c","tokenurl":"/mcm/api/land?token=62d15dc9ea76796f5a0b052016ff0b9c","imageurl":"/mcm/images/land/2B/23278_3e43c65a4298.jpg","landname":"42"},{"id":281475017015339,"level":1,"status":1,"posx":21,"posy":9,"cityid":615,"townid":1331,"tokenid":"cd0f094ae7adefa081436c2de01561b0","tokenurl":"/mcm/api/land?token=cd0f094ae7adefa081436c2de01561b0","imageurl":"/mcm/images/land/2S/9309_f4bcb5a90cd.jpg","landname":"43"},{"id":281475017015340,"level":3,"status":1,"posx":22,"posy":9,"cityid":615,"townid":1331,"tokenid":"4dff186c59b7729c5e4484a6cca03961","tokenurl":"/mcm/api/land?token=4dff186c59b7729c5e4484a6cca03961","imageurl":"/mcm/images/land/2B/23279_14f38c2dd162.jpg","landname":"44"},{"id":281475017015341,"level":2,"status":1,"posx":25,"posy":9,"cityid":615,"townid":1331,"tokenid":"69c106745a201efbb2bd2e32c410b35a","tokenurl":"/mcm/api/land?token=69c106745a201efbb2bd2e32c410b35a","imageurl":"/mcm/images/land/2A/13960_34cbeb604b86.jpg","landname":"45"},{"id":281475017015342,"level":1,"status":1,"posx":26,"posy":9,"cityid":615,"townid":1331,"tokenid":"7bb7b26c35dc31e721720a4e0adb490a","tokenurl":"/mcm/api/land?token=7bb7b26c35dc31e721720a4e0adb490a","imageurl":"/mcm/images/land/2S/9310_4c03f74b1e99.jpg","landname":"46"},{"id":281475017015343,"level":1,"status":1,"posx":30,"posy":9,"cityid":615,"townid":1331,"tokenid":"7b96dcfc2714e4ee749e7791203fc629","tokenurl":"/mcm/api/land?token=7b96dcfc2714e4ee749e7791203fc629","imageurl":"/mcm/images/land/2S/9311_39b17119c59f.jpg","landname":"47"},{"id":281475017015344,"level":2,"status":0,"posx":31,"posy":9,"cityid":615,"townid":1331,"tokenid":"6f48edfe5b7613663cff3ebd80927b9d","tokenurl":"/mcm/api/land?token=6f48edfe5b7613663cff3ebd80927b9d","imageurl":"/mcm/images/land/2A/13961_1820fbf3f4f5.jpg","landname":"48"},{"id":281475017015345,"level":1,"status":1,"posx":33,"posy":9,"cityid":615,"townid":1331,"tokenid":"424faf84905aa1a132b60c790ff351a2","tokenurl":"/mcm/api/land?token=424faf84905aa1a132b60c790ff351a2","imageurl":"/mcm/images/land/2S/9312_5510b04dc44.jpg","landname":"49"},{"id":281475017015346,"level":3,"status":0,"posx":34,"posy":9,"cityid":615,"townid":1331,"tokenid":"8431def8f970fb87fd5bbe49a8bb8aee","tokenurl":"/mcm/api/land?token=8431def8f970fb87fd5bbe49a8bb8aee","imageurl":"/mcm/images/land/2B/23280_35716022818.jpg","landname":"50"},{"id":281475017015347,"level":2,"status":0,"posx":6,"posy":10,"cityid":615,"townid":1331,"tokenid":"8ee829438ad09e7a96f913c32be7a4c7","tokenurl":"/mcm/api/land?token=8ee829438ad09e7a96f913c32be7a4c7","imageurl":"/mcm/images/land/2A/13962_47f9cb7eff7c.jpg","landname":"51"},{"id":281475017015348,"level":2,"status":1,"posx":7,"posy":10,"cityid":615,"townid":1331,"tokenid":"7f744077d2c93c18207aec99ee6348c4","tokenurl":"/mcm/api/land?token=7f744077d2c93c18207aec99ee6348c4","imageurl":"/mcm/images/land/2A/13963_1ff1ebafe12a.jpg","landname":"52"},{"id":281475017015349,"level":3,"status":0,"posx":11,"posy":10,"cityid":615,"townid":1331,"tokenid":"a3224f8b7848ea72743866d563892429","tokenurl":"/mcm/api/land?token=a3224f8b7848ea72743866d563892429","imageurl":"/mcm/images/land/2B/23281_16749eaee546.jpg","landname":"53"},{"id":281475017015350,"level":2,"status":0,"posx":12,"posy":10,"cityid":615,"townid":1331,"tokenid":"741317bc70dd4868f6820d51c1a894e8","tokenurl":"/mcm/api/land?token=741317bc70dd4868f6820d51c1a894e8","imageurl":"/mcm/images/land/2A/13964_3279de3379ba.jpg","landname":"54"},{"id":281475017015351,"level":1,"status":0,"posx":21,"posy":10,"cityid":615,"townid":1331,"tokenid":"ba2dc03c92cbbacc3980de6b2482ad6c","tokenurl":"/mcm/api/land?token=ba2dc03c92cbbacc3980de6b2482ad6c","imageurl":"/mcm/images/land/2S/9313_37ac1d3fd1e7.jpg","landname":"55"},{"id":281475017015352,"level":3,"status":0,"posx":22,"posy":10,"cityid":615,"townid":1331,"tokenid":"8fb252c41f507cba5404136ab30fcd5c","tokenurl":"/mcm/api/land?token=8fb252c41f507cba5404136ab30fcd5c","imageurl":"/mcm/images/land/2B/23282_2475ebe610f6.jpg","landname":"56"},{"id":281475017015353,"level":2,"status":0,"posx":30,"posy":10,"cityid":615,"townid":1331,"tokenid":"3b88e14c0bbf4801784c3d74f6a09cf3","tokenurl":"/mcm/api/land?token=3b88e14c0bbf4801784c3d74f6a09cf3","imageurl":"/mcm/images/land/2A/13965_28e3ce518690.jpg","landname":"57"},{"id":281475017015354,"level":2,"status":0,"posx":31,"posy":10,"cityid":615,"townid":1331,"tokenid":"13456948203fb378f874a7b02db568bb","tokenurl":"/mcm/api/land?token=13456948203fb378f874a7b02db568bb","imageurl":"/mcm/images/land/2A/13966_2f3771c03e01.jpg","landname":"58"},{"id":281475017015355,"level":2,"status":0,"posx":33,"posy":10,"cityid":615,"townid":1331,"tokenid":"b5a6591aba186b7acd500d1fe8cd2b70","tokenurl":"/mcm/api/land?token=b5a6591aba186b7acd500d1fe8cd2b70","imageurl":"/mcm/images/land/2A/13967_b409f53ab4b.jpg","landname":"59"},{"id":281475017015356,"level":1,"status":1,"posx":34,"posy":10,"cityid":615,"townid":1331,"tokenid":"41a8899cfa81de117dde4e3590e58b9f","tokenurl":"/mcm/api/land?token=41a8899cfa81de117dde4e3590e58b9f","imageurl":"/mcm/images/land/2S/9314_7e68a10b093.jpg","landname":"60"},{"id":281475017015357,"level":1,"status":0,"posx":11,"posy":11,"cityid":615,"townid":1331,"tokenid":"31587b65a84c1f014b2df0eef1d2df1d","tokenurl":"/mcm/api/land?token=31587b65a84c1f014b2df0eef1d2df1d","imageurl":"/mcm/images/land/2S/9315_64f0f2326f5.jpg","landname":"61"},{"id":281475017015358,"level":3,"status":1,"posx":12,"posy":11,"cityid":615,"townid":1331,"tokenid":"1d4f043b773be59d139c81b4202c295e","tokenurl":"/mcm/api/land?token=1d4f043b773be59d139c81b4202c295e","imageurl":"/mcm/images/land/2B/23283_2055047139bb.jpg","landname":"62"},{"id":281475017015359,"level":2,"status":0,"posx":21,"posy":11,"cityid":615,"townid":1331,"tokenid":"7039fe75d5e83a6f606e5ed22de81fe9","tokenurl":"/mcm/api/land?token=7039fe75d5e83a6f606e5ed22de81fe9","imageurl":"/mcm/images/land/2A/13968_5743b6885dca.jpg","landname":"63"},{"id":281475017015360,"level":3,"status":1,"posx":22,"posy":11,"cityid":615,"townid":1331,"tokenid":"70fe858651584b77298b01474ef78eb7","tokenurl":"/mcm/api/land?token=70fe858651584b77298b01474ef78eb7","imageurl":"/mcm/images/land/2B/23284_41176722b29f.jpg","landname":"64"},{"id":281475017015361,"level":3,"status":0,"posx":11,"posy":12,"cityid":615,"townid":1331,"tokenid":"c8c90321e46461575d1cdc93cc721a87","tokenurl":"/mcm/api/land?token=c8c90321e46461575d1cdc93cc721a87","imageurl":"/mcm/images/land/2B/23285_27925eddccd6.jpg","landname":"65"},{"id":281475017015362,"level":3,"status":0,"posx":12,"posy":12,"cityid":615,"townid":1331,"tokenid":"58692e4f46bc0d2f8e759ff25086e403","tokenurl":"/mcm/api/land?token=58692e4f46bc0d2f8e759ff25086e403","imageurl":"/mcm/images/land/2B/23286_121e843642a7.jpg","landname":"66"},{"id":281475017015363,"level":3,"status":0,"posx":11,"posy":13,"cityid":615,"townid":1331,"tokenid":"2e7f8ad4cf904604bf39aac363262367","tokenurl":"/mcm/api/land?token=2e7f8ad4cf904604bf39aac363262367","imageurl":"/mcm/images/land/2B/23287_13e310b9b740.jpg","landname":"67"},{"id":281475017015364,"level":2,"status":0,"posx":12,"posy":13,"cityid":615,"townid":1331,"tokenid":"71ff3046d0d84967e253502becb731bc","tokenurl":"/mcm/api/land?token=71ff3046d0d84967e253502becb731bc","imageurl":"/mcm/images/land/2A/13969_2fe2e13a3a2b.jpg","landname":"68"},{"id":281475017015365,"level":1,"status":0,"posx":11,"posy":14,"cityid":615,"townid":1331,"tokenid":"2d5ad352fe2b5f98eb345705704180ce","tokenurl":"/mcm/api/land?token=2d5ad352fe2b5f98eb345705704180ce","imageurl":"/mcm/images/land/2S/9316_1000276ab11d.jpg","landname":"69"},{"id":281475017015366,"level":3,"status":0,"posx":12,"posy":14,"cityid":615,"townid":1331,"tokenid":"900df8df7fa9fe5246ae9f36fb83f60c","tokenurl":"/mcm/api/land?token=900df8df7fa9fe5246ae9f36fb83f60c","imageurl":"/mcm/images/land/2B/23288_4b616f060f80.jpg","landname":"70"},{"id":281475017015367,"level":2,"status":1,"posx":8,"posy":20,"cityid":615,"townid":1331,"tokenid":"07e03e0120df371f6b66c9afdc642127","tokenurl":"/mcm/api/land?token=07e03e0120df371f6b66c9afdc642127","imageurl":"/mcm/images/land/2A/13970_49d39b0c000d.jpg","landname":"71"},{"id":281475017015368,"level":2,"status":1,"posx":9,"posy":20,"cityid":615,"townid":1331,"tokenid":"5662f76ea083a08cbb15b249903b77a4","tokenurl":"/mcm/api/land?token=5662f76ea083a08cbb15b249903b77a4","imageurl":"/mcm/images/land/2A/13971_3a841a046501.jpg","landname":"72"},{"id":281475017015369,"level":3,"status":1,"posx":10,"posy":20,"cityid":615,"townid":1331,"tokenid":"8277c2ace083aea731e28590409cbf35","tokenurl":"/mcm/api/land?token=8277c2ace083aea731e28590409cbf35","imageurl":"/mcm/images/land/2B/23289_5315f31d6eae.jpg","landname":"73"},{"id":281475017015370,"level":2,"status":0,"posx":11,"posy":20,"cityid":615,"townid":1331,"tokenid":"53074fd5e407f598d05e2e158475af03","tokenurl":"/mcm/api/land?token=53074fd5e407f598d05e2e158475af03","imageurl":"/mcm/images/land/2A/13972_52a4333afaff.jpg","landname":"74"},{"id":281475017015371,"level":3,"status":1,"posx":12,"posy":20,"cityid":615,"townid":1331,"tokenid":"f521e6fa77b3fd8426d50f2f5b4cc0f2","tokenurl":"/mcm/api/land?token=f521e6fa77b3fd8426d50f2f5b4cc0f2","imageurl":"/mcm/images/land/2B/23290_36878dcb294.jpg","landname":"75"},{"id":281475017015372,"level":1,"status":0,"posx":8,"posy":21,"cityid":615,"townid":1331,"tokenid":"7bcbfe331b3fea2e9ba06a842dfc0e7a","tokenurl":"/mcm/api/land?token=7bcbfe331b3fea2e9ba06a842dfc0e7a","imageurl":"/mcm/images/land/2S/9317_46a24162d591.jpg","landname":"76"},{"id":281475017015373,"level":1,"status":1,"posx":9,"posy":21,"cityid":615,"townid":1331,"tokenid":"b241f1c6f686d569c458bf21dd0742b5","tokenurl":"/mcm/api/land?token=b241f1c6f686d569c458bf21dd0742b5","imageurl":"/mcm/images/land/2S/9318_47dc009c0474.jpg","landname":"77"},{"id":281475017015374,"level":2,"status":0,"posx":10,"posy":21,"cityid":615,"townid":1331,"tokenid":"597649ce16b2d72140b6f1bb86432444","tokenurl":"/mcm/api/land?token=597649ce16b2d72140b6f1bb86432444","imageurl":"/mcm/images/land/2A/13973_147ba9fc0676.jpg","landname":"78"},{"id":281475017015375,"level":1,"status":1,"posx":11,"posy":21,"cityid":615,"townid":1331,"tokenid":"1374b5cf10862e24a72130a484dff77b","tokenurl":"/mcm/api/land?token=1374b5cf10862e24a72130a484dff77b","imageurl":"/mcm/images/land/2S/9319_447581e5e311.jpg","landname":"79"},{"id":281475017015376,"level":2,"status":0,"posx":12,"posy":21,"cityid":615,"townid":1331,"tokenid":"546836f2bf23a6fe608ad01715caeef4","tokenurl":"/mcm/api/land?token=546836f2bf23a6fe608ad01715caeef4","imageurl":"/mcm/images/land/2A/13974_38fe7ccf0852.jpg","landname":"80"},{"id":281475017015377,"level":2,"status":0,"posx":27,"posy":22,"cityid":615,"townid":1331,"tokenid":"2c09087cac840e9e39f64f15450fca77","tokenurl":"/mcm/api/land?token=2c09087cac840e9e39f64f15450fca77","imageurl":"/mcm/images/land/2A/13975_3342f6dcc895.jpg","landname":"81"},{"id":281475017015378,"level":2,"status":1,"posx":28,"posy":22,"cityid":615,"townid":1331,"tokenid":"28788f01b0e08c5662829cf46f0308e6","tokenurl":"/mcm/api/land?token=28788f01b0e08c5662829cf46f0308e6","imageurl":"/mcm/images/land/2A/13976_44af097dddfa.jpg","landname":"82"},{"id":281475017015379,"level":3,"status":1,"posx":29,"posy":22,"cityid":615,"townid":1331,"tokenid":"a6d2bd6622ccd8ba03a4b3be8385adea","tokenurl":"/mcm/api/land?token=a6d2bd6622ccd8ba03a4b3be8385adea","imageurl":"/mcm/images/land/2B/23291_26b32728fee1.jpg","landname":"83"},{"id":281475017015380,"level":3,"status":0,"posx":30,"posy":22,"cityid":615,"townid":1331,"tokenid":"8a17b1bead579041cd14409139434e2b","tokenurl":"/mcm/api/land?token=8a17b1bead579041cd14409139434e2b","imageurl":"/mcm/images/land/2B/23292_309958948f84.jpg","landname":"84"},{"id":281475017015381,"level":3,"status":1,"posx":31,"posy":22,"cityid":615,"townid":1331,"tokenid":"2b3aeb7ca68371cbbcf454fbd32e7c92","tokenurl":"/mcm/api/land?token=2b3aeb7ca68371cbbcf454fbd32e7c92","imageurl":"/mcm/images/land/2B/23293_92b38ee0f77.jpg","landname":"85"},{"id":281475017015382,"level":3,"status":1,"posx":27,"posy":23,"cityid":615,"townid":1331,"tokenid":"4f37ffffa7f82a70ed4284b116af7790","tokenurl":"/mcm/api/land?token=4f37ffffa7f82a70ed4284b116af7790","imageurl":"/mcm/images/land/2B/23294_458dadd655f.jpg","landname":"86"},{"id":281475017015383,"level":3,"status":0,"posx":28,"posy":23,"cityid":615,"townid":1331,"tokenid":"b2d787670ab7a1e583eade357fa3d76f","tokenurl":"/mcm/api/land?token=b2d787670ab7a1e583eade357fa3d76f","imageurl":"/mcm/images/land/2B/23295_2bd58c136744.jpg","landname":"87"},{"id":281475017015384,"level":1,"status":1,"posx":29,"posy":23,"cityid":615,"townid":1331,"tokenid":"acf5b8e0a4b6c93458bc0ac131ec95c4","tokenurl":"/mcm/api/land?token=acf5b8e0a4b6c93458bc0ac131ec95c4","imageurl":"/mcm/images/land/2S/9320_4c65f6da281e.jpg","landname":"88"},{"id":281475017015385,"level":3,"status":1,"posx":30,"posy":23,"cityid":615,"townid":1331,"tokenid":"d30a030f4597d8829bbadbff64fb0a57","tokenurl":"/mcm/api/land?token=d30a030f4597d8829bbadbff64fb0a57","imageurl":"/mcm/images/land/2B/23296_21009534aff2.jpg","landname":"89"},{"id":281475017015386,"level":2,"status":1,"posx":31,"posy":23,"cityid":615,"townid":1331,"tokenid":"8e9b985fdf3be05678bf1083a63c3306","tokenurl":"/mcm/api/land?token=8e9b985fdf3be05678bf1083a63c3306","imageurl":"/mcm/images/land/2A/13977_1721f7e398ff.jpg","landname":"90"},{"id":281475017015387,"level":1,"status":0,"posx":8,"posy":24,"cityid":615,"townid":1331,"tokenid":"246a38ab9f5e16ae847cf703f830c902","tokenurl":"/mcm/api/land?token=246a38ab9f5e16ae847cf703f830c902","imageurl":"/mcm/images/land/2S/9321_165625f099ff.jpg","landname":"91"},{"id":281475017015388,"level":3,"status":1,"posx":9,"posy":24,"cityid":615,"townid":1331,"tokenid":"2ae404aa6b8a5402a7b5d6c4986822a7","tokenurl":"/mcm/api/land?token=2ae404aa6b8a5402a7b5d6c4986822a7","imageurl":"/mcm/images/land/2B/23297_a510e56c58e.jpg","landname":"92"},{"id":281475017015389,"level":3,"status":0,"posx":10,"posy":24,"cityid":615,"townid":1331,"tokenid":"72c9c7de6c92dddab35d5871a7dc89ac","tokenurl":"/mcm/api/land?token=72c9c7de6c92dddab35d5871a7dc89ac","imageurl":"/mcm/images/land/2B/23298_63f14a886c5.jpg","landname":"93"},{"id":281475017015390,"level":3,"status":1,"posx":11,"posy":24,"cityid":615,"townid":1331,"tokenid":"17968a1e29bd5bf796592e89f366cf3a","tokenurl":"/mcm/api/land?token=17968a1e29bd5bf796592e89f366cf3a","imageurl":"/mcm/images/land/2B/23299_5032a4fb4c26.jpg","landname":"94"},{"id":281475017015391,"level":1,"status":0,"posx":12,"posy":24,"cityid":615,"townid":1331,"tokenid":"560297f62f8102d2c039b421c1a81da7","tokenurl":"/mcm/api/land?token=560297f62f8102d2c039b421c1a81da7","imageurl":"/mcm/images/land/2S/9322_3bfaeb5e262b.jpg","landname":"95"},{"id":281475017015392,"level":1,"status":1,"posx":17,"posy":24,"cityid":615,"townid":1331,"tokenid":"344297fcce9b254aeef987c21e9f018b","tokenurl":"/mcm/api/land?token=344297fcce9b254aeef987c21e9f018b","imageurl":"/mcm/images/land/2S/9323_542d3fd38751.jpg","landname":"96"},{"id":281475017015393,"level":3,"status":0,"posx":18,"posy":24,"cityid":615,"townid":1331,"tokenid":"959650f354aee4bf95de86eed4b0b222","tokenurl":"/mcm/api/land?token=959650f354aee4bf95de86eed4b0b222","imageurl":"/mcm/images/land/2B/23300_18bda46b4de.jpg","landname":"97"},{"id":281475017015394,"level":3,"status":1,"posx":19,"posy":24,"cityid":615,"townid":1331,"tokenid":"7b6b4664ce66248bd02acc42d9df36af","tokenurl":"/mcm/api/land?token=7b6b4664ce66248bd02acc42d9df36af","imageurl":"/mcm/images/land/2B/23301_3440be13a41.jpg","landname":"98"},{"id":281475017015395,"level":3,"status":0,"posx":20,"posy":24,"cityid":615,"townid":1331,"tokenid":"52ed8c2b6c0e7592d16f00acfe10d92d","tokenurl":"/mcm/api/land?token=52ed8c2b6c0e7592d16f00acfe10d92d","imageurl":"/mcm/images/land/2B/23302_25c8f0427340.jpg","landname":"99"},{"id":281475017015396,"level":3,"status":1,"posx":21,"posy":24,"cityid":615,"townid":1331,"tokenid":"e8b05664c562d0dd3f8177d06a46f1c4","tokenurl":"/mcm/api/land?token=e8b05664c562d0dd3f8177d06a46f1c4","imageurl":"/mcm/images/land/2B/23303_3574136cc937.jpg","landname":"100"},{"id":281475017015397,"level":3,"status":0,"posx":8,"posy":25,"cityid":615,"townid":1331,"tokenid":"1fa91951cf06975cef04d1d1e12bd88d","tokenurl":"/mcm/api/land?token=1fa91951cf06975cef04d1d1e12bd88d","imageurl":"/mcm/images/land/2B/23304_347894dff5e6.jpg","landname":"101"},{"id":281475017015398,"level":3,"status":0,"posx":9,"posy":25,"cityid":615,"townid":1331,"tokenid":"289f3e2a8f2c62efbb593be0957767f7","tokenurl":"/mcm/api/land?token=289f3e2a8f2c62efbb593be0957767f7","imageurl":"/mcm/images/land/2B/23305_18c763a59eda.jpg","landname":"102"},{"id":281475017015399,"level":3,"status":0,"posx":10,"posy":25,"cityid":615,"townid":1331,"tokenid":"b5666b7e0edfd7530f0b7b97314ee744","tokenurl":"/mcm/api/land?token=b5666b7e0edfd7530f0b7b97314ee744","imageurl":"/mcm/images/land/2B/23306_4e6f478b3b61.jpg","landname":"103"},{"id":281475017015400,"level":1,"status":0,"posx":11,"posy":25,"cityid":615,"townid":1331,"tokenid":"0c6d845012c66224ec4cf77f3c7ac2b4","tokenurl":"/mcm/api/land?token=0c6d845012c66224ec4cf77f3c7ac2b4","imageurl":"/mcm/images/land/2S/9324_53af9666560d.jpg","landname":"104"},{"id":281475017015401,"level":3,"status":1,"posx":12,"posy":25,"cityid":615,"townid":1331,"tokenid":"e1ad1b43aca5e3234bcc960865e65bc0","tokenurl":"/mcm/api/land?token=e1ad1b43aca5e3234bcc960865e65bc0","imageurl":"/mcm/images/land/2B/23307_414de268ebfa.jpg","landname":"105"},{"id":281475017015402,"level":1,"status":1,"posx":17,"posy":25,"cityid":615,"townid":1331,"tokenid":"8eddd664eeedad23b4f0a2c2cc43fd12","tokenurl":"/mcm/api/land?token=8eddd664eeedad23b4f0a2c2cc43fd12","imageurl":"/mcm/images/land/2S/9325_5d36a1528d.jpg","landname":"106"},{"id":281475017015403,"level":2,"status":0,"posx":18,"posy":25,"cityid":615,"townid":1331,"tokenid":"2aae3b742cb9e8da6b3c2351b43718e8","tokenurl":"/mcm/api/land?token=2aae3b742cb9e8da6b3c2351b43718e8","imageurl":"/mcm/images/land/2A/13978_17006df4f8b6.jpg","landname":"107"},{"id":281475017015404,"level":1,"status":0,"posx":19,"posy":25,"cityid":615,"townid":1331,"tokenid":"cda207076fa36a7b3fa5fedd2c5878cd","tokenurl":"/mcm/api/land?token=cda207076fa36a7b3fa5fedd2c5878cd","imageurl":"/mcm/images/land/2S/9326_315ed01c115c.jpg","landname":"108"},{"id":281475017015405,"level":2,"status":1,"posx":20,"posy":25,"cityid":615,"townid":1331,"tokenid":"5c245101eb5c102aabd6660c0c5a4fee","tokenurl":"/mcm/api/land?token=5c245101eb5c102aabd6660c0c5a4fee","imageurl":"/mcm/images/land/2A/13979_4a6bce88ddc4.jpg","landname":"109"},{"id":281475017015406,"level":3,"status":0,"posx":21,"posy":25,"cityid":615,"townid":1331,"tokenid":"7b3513c2afe592cdd20dccb8532c6e49","tokenurl":"/mcm/api/land?token=7b3513c2afe592cdd20dccb8532c6e49","imageurl":"/mcm/images/land/2B/23308_4bd61e462d9f.jpg","landname":"110"},{"id":281475017015407,"level":2,"status":0,"posx":27,"posy":26,"cityid":615,"townid":1331,"tokenid":"3adb14e2abd82fb2b2e71ce5d64a7ccd","tokenurl":"/mcm/api/land?token=3adb14e2abd82fb2b2e71ce5d64a7ccd","imageurl":"/mcm/images/land/2A/13980_55e469ad12ef.jpg","landname":"111"},{"id":281475017015408,"level":2,"status":0,"posx":28,"posy":26,"cityid":615,"townid":1331,"tokenid":"245b4d2a9989f2f4e1a685527b06c12c","tokenurl":"/mcm/api/land?token=245b4d2a9989f2f4e1a685527b06c12c","imageurl":"/mcm/images/land/2A/13981_38790b21fb96.jpg","landname":"112"},{"id":281475017015409,"level":3,"status":1,"posx":27,"posy":27,"cityid":615,"townid":1331,"tokenid":"c16c55c1a4a60fa77c97c2c9ff197a16","tokenurl":"/mcm/api/land?token=c16c55c1a4a60fa77c97c2c9ff197a16","imageurl":"/mcm/images/land/2B/23309_46e68d788773.jpg","landname":"113"},{"id":281475017015410,"level":3,"status":0,"posx":28,"posy":27,"cityid":615,"townid":1331,"tokenid":"b405ca30079bb7df034ee6e9eb5aa411","tokenurl":"/mcm/api/land?token=b405ca30079bb7df034ee6e9eb5aa411","imageurl":"/mcm/images/land/2B/23310_1f9c4f7ef637.jpg","landname":"114"},{"id":281475017015411,"level":3,"status":1,"posx":32,"posy":27,"cityid":615,"townid":1331,"tokenid":"f337b56a756f05394614209523af9a9b","tokenurl":"/mcm/api/land?token=f337b56a756f05394614209523af9a9b","imageurl":"/mcm/images/land/2B/23311_9234e2af380.jpg","landname":"115"},{"id":281475017015412,"level":1,"status":1,"posx":33,"posy":27,"cityid":615,"townid":1331,"tokenid":"1c705f886ebf80b942358c6bc7c50505","tokenurl":"/mcm/api/land?token=1c705f886ebf80b942358c6bc7c50505","imageurl":"/mcm/images/land/2S/9327_5ae44ccf1eba.jpg","landname":"116"},{"id":281475017015413,"level":3,"status":1,"posx":8,"posy":28,"cityid":615,"townid":1331,"tokenid":"08e0b3f00102902f086d1b17dd991fed","tokenurl":"/mcm/api/land?token=08e0b3f00102902f086d1b17dd991fed","imageurl":"/mcm/images/land/2B/23312_23cab344e03d.jpg","landname":"117"},{"id":281475017015414,"level":3,"status":0,"posx":9,"posy":28,"cityid":615,"townid":1331,"tokenid":"34752eb939316b4d3b6905e151ed116e","tokenurl":"/mcm/api/land?token=34752eb939316b4d3b6905e151ed116e","imageurl":"/mcm/images/land/2B/23313_260b510a06eb.jpg","landname":"118"},{"id":281475017015415,"level":2,"status":1,"posx":10,"posy":28,"cityid":615,"townid":1331,"tokenid":"72ac47d7afd4e8e25362e6f2ef037c05","tokenurl":"/mcm/api/land?token=72ac47d7afd4e8e25362e6f2ef037c05","imageurl":"/mcm/images/land/2A/13982_3b36732948a0.jpg","landname":"119"},{"id":281475017015416,"level":2,"status":1,"posx":11,"posy":28,"cityid":615,"townid":1331,"tokenid":"0366677620d64ace1895485565d0aff2","tokenurl":"/mcm/api/land?token=0366677620d64ace1895485565d0aff2","imageurl":"/mcm/images/land/2A/13983_467550c33204.jpg","landname":"120"},{"id":281475017015417,"level":1,"status":0,"posx":12,"posy":28,"cityid":615,"townid":1331,"tokenid":"a5c9c31db6832eebc19a5f03f89488d7","tokenurl":"/mcm/api/land?token=a5c9c31db6832eebc19a5f03f89488d7","imageurl":"/mcm/images/land/2S/9328_594131097eb0.jpg","landname":"121"},{"id":281475017015418,"level":3,"status":1,"posx":17,"posy":28,"cityid":615,"townid":1331,"tokenid":"3d9f69983e97030ea3695eadcfd5b59f","tokenurl":"/mcm/api/land?token=3d9f69983e97030ea3695eadcfd5b59f","imageurl":"/mcm/images/land/2B/23314_1850894921aa.jpg","landname":"122"},{"id":281475017015419,"level":2,"status":1,"posx":18,"posy":28,"cityid":615,"townid":1331,"tokenid":"8b28682791941b086aad5a6b697d4832","tokenurl":"/mcm/api/land?token=8b28682791941b086aad5a6b697d4832","imageurl":"/mcm/images/land/2A/13984_45c865dff5e5.jpg","landname":"123"},{"id":281475017015420,"level":2,"status":1,"posx":19,"posy":28,"cityid":615,"townid":1331,"tokenid":"7743bf89076d4a5e5b1f36a74c46d583","tokenurl":"/mcm/api/land?token=7743bf89076d4a5e5b1f36a74c46d583","imageurl":"/mcm/images/land/2A/13985_4e0ea98c6bde.jpg","landname":"124"},{"id":281475017015421,"level":3,"status":1,"posx":20,"posy":28,"cityid":615,"townid":1331,"tokenid":"9d4126991a2bbaea41dff6462aa2fe7d","tokenurl":"/mcm/api/land?token=9d4126991a2bbaea41dff6462aa2fe7d","imageurl":"/mcm/images/land/2B/23315_355f63a489c5.jpg","landname":"125"},{"id":281475017015422,"level":2,"status":1,"posx":21,"posy":28,"cityid":615,"townid":1331,"tokenid":"6d284bd285b760095d6c1ae3029fdfeb","tokenurl":"/mcm/api/land?token=6d284bd285b760095d6c1ae3029fdfeb","imageurl":"/mcm/images/land/2A/13986_1169f88f5a82.jpg","landname":"126"},{"id":281475017015423,"level":1,"status":1,"posx":27,"posy":28,"cityid":615,"townid":1331,"tokenid":"a453446121168ac8fdee09493ca1875f","tokenurl":"/mcm/api/land?token=a453446121168ac8fdee09493ca1875f","imageurl":"/mcm/images/land/2S/9329_1aa181ba77c3.jpg","landname":"127"},{"id":281475017015424,"level":3,"status":1,"posx":28,"posy":28,"cityid":615,"townid":1331,"tokenid":"bf1957aeda017687435197059dd2c84c","tokenurl":"/mcm/api/land?token=bf1957aeda017687435197059dd2c84c","imageurl":"/mcm/images/land/2B/23316_f7a76f7a6b3.jpg","landname":"128"},{"id":281475017015425,"level":2,"status":0,"posx":32,"posy":28,"cityid":615,"townid":1331,"tokenid":"3f5ae3477662d04cdd11561468671b71","tokenurl":"/mcm/api/land?token=3f5ae3477662d04cdd11561468671b71","imageurl":"/mcm/images/land/2A/13987_3b76713f1c33.jpg","landname":"129"},{"id":281475017015426,"level":3,"status":1,"posx":33,"posy":28,"cityid":615,"townid":1331,"tokenid":"806b06290fefd93b4526f4b11734bcc4","tokenurl":"/mcm/api/land?token=806b06290fefd93b4526f4b11734bcc4","imageurl":"/mcm/images/land/2B/23317_481add17f9d5.jpg","landname":"130"},{"id":281475017015427,"level":3,"status":0,"posx":8,"posy":29,"cityid":615,"townid":1331,"tokenid":"915f1604084e28842b832c3b7c6b3864","tokenurl":"/mcm/api/land?token=915f1604084e28842b832c3b7c6b3864","imageurl":"/mcm/images/land/2B/23318_207c51f2c0df.jpg","landname":"131"},{"id":281475017015428,"level":3,"status":1,"posx":9,"posy":29,"cityid":615,"townid":1331,"tokenid":"4f42decae560eee6eeaec61f6ba3a619","tokenurl":"/mcm/api/land?token=4f42decae560eee6eeaec61f6ba3a619","imageurl":"/mcm/images/land/2B/23319_26fe323c09a1.jpg","landname":"132"},{"id":281475017015429,"level":2,"status":0,"posx":10,"posy":29,"cityid":615,"townid":1331,"tokenid":"6878d5614463dbd7faffdf21a70f3506","tokenurl":"/mcm/api/land?token=6878d5614463dbd7faffdf21a70f3506","imageurl":"/mcm/images/land/2A/13988_2f266c9d61da.jpg","landname":"133"},{"id":281475017015430,"level":3,"status":1,"posx":11,"posy":29,"cityid":615,"townid":1331,"tokenid":"fb15cc0f8b3235a310588844ad045ca4","tokenurl":"/mcm/api/land?token=fb15cc0f8b3235a310588844ad045ca4","imageurl":"/mcm/images/land/2B/23320_534358cf0e4.jpg","landname":"134"},{"id":281475017015431,"level":3,"status":0,"posx":12,"posy":29,"cityid":615,"townid":1331,"tokenid":"fcc79a231134639112f508c0c8daeac2","tokenurl":"/mcm/api/land?token=fcc79a231134639112f508c0c8daeac2","imageurl":"/mcm/images/land/2B/23321_46e044701679.jpg","landname":"135"},{"id":281475017015432,"level":2,"status":1,"posx":17,"posy":29,"cityid":615,"townid":1331,"tokenid":"d071b2cac2b7237a9ee90f7066313c5b","tokenurl":"/mcm/api/land?token=d071b2cac2b7237a9ee90f7066313c5b","imageurl":"/mcm/images/land/2A/13989_4664aed2f810.jpg","landname":"136"},{"id":281475017015433,"level":2,"status":1,"posx":18,"posy":29,"cityid":615,"townid":1331,"tokenid":"edbf0a06a9c07893ac027ea7982bf9b4","tokenurl":"/mcm/api/land?token=edbf0a06a9c07893ac027ea7982bf9b4","imageurl":"/mcm/images/land/2A/13990_2534f1985846.jpg","landname":"137"},{"id":281475017015434,"level":3,"status":1,"posx":19,"posy":29,"cityid":615,"townid":1331,"tokenid":"5a9a7db0e75efd4adb04b865f0504726","tokenurl":"/mcm/api/land?token=5a9a7db0e75efd4adb04b865f0504726","imageurl":"/mcm/images/land/2B/23322_193a56267601.jpg","landname":"138"},{"id":281475017015435,"level":3,"status":1,"posx":20,"posy":29,"cityid":615,"townid":1331,"tokenid":"3f1849ba760377d3c5157d67aedbbb56","tokenurl":"/mcm/api/land?token=3f1849ba760377d3c5157d67aedbbb56","imageurl":"/mcm/images/land/2B/23323_c5a4cb61f92.jpg","landname":"139"},{"id":281475017015436,"level":2,"status":1,"posx":21,"posy":29,"cityid":615,"townid":1331,"tokenid":"eb88d1ed6e1206eda21421e4bf5c7c43","tokenurl":"/mcm/api/land?token=eb88d1ed6e1206eda21421e4bf5c7c43","imageurl":"/mcm/images/land/2A/13991_12650008c92d.jpg","landname":"140"},{"id":281475017015437,"level":3,"status":1,"posx":27,"posy":29,"cityid":615,"townid":1331,"tokenid":"84afd0f747e174736dcfbfa21855f842","tokenurl":"/mcm/api/land?token=84afd0f747e174736dcfbfa21855f842","imageurl":"/mcm/images/land/2B/23324_129998711f69.jpg","landname":"141"},{"id":281475017015438,"level":2,"status":1,"posx":28,"posy":29,"cityid":615,"townid":1331,"tokenid":"9d11e881bf42b462fdaf791a3bb2cf18","tokenurl":"/mcm/api/land?token=9d11e881bf42b462fdaf791a3bb2cf18","imageurl":"/mcm/images/land/2A/13992_17a1c5a6c2a2.jpg","landname":"142"},{"id":281475017015439,"level":2,"status":0,"posx":32,"posy":29,"cityid":615,"townid":1331,"tokenid":"e058afec67a9883e28515b367affae6b","tokenurl":"/mcm/api/land?token=e058afec67a9883e28515b367affae6b","imageurl":"/mcm/images/land/2A/13993_243393880dff.jpg","landname":"143"},{"id":281475017015440,"level":2,"status":1,"posx":33,"posy":29,"cityid":615,"townid":1331,"tokenid":"d4da61df18de4c1639b68ebb438ca095","tokenurl":"/mcm/api/land?token=d4da61df18de4c1639b68ebb438ca095","imageurl":"/mcm/images/land/2A/13994_74e3bfe7591.jpg","landname":"144"},{"id":281475017015441,"level":1,"status":1,"posx":27,"posy":30,"cityid":615,"townid":1331,"tokenid":"4b81bbca21dabbfce1c463feba469d91","tokenurl":"/mcm/api/land?token=4b81bbca21dabbfce1c463feba469d91","imageurl":"/mcm/images/land/2S/9330_10779c430c35.jpg","landname":"145"},{"id":281475017015442,"level":2,"status":1,"posx":28,"posy":30,"cityid":615,"townid":1331,"tokenid":"23e85a87684856fda7d2d51fc12e26ce","tokenurl":"/mcm/api/land?token=23e85a87684856fda7d2d51fc12e26ce","imageurl":"/mcm/images/land/2A/13995_527c177ea7a6.jpg","landname":"146"},{"id":281475017015443,"level":1,"status":0,"posx":32,"posy":30,"cityid":615,"townid":1331,"tokenid":"c215b5b886d3de3da468cab1d4552eba","tokenurl":"/mcm/api/land?token=c215b5b886d3de3da468cab1d4552eba","imageurl":"/mcm/images/land/2S/9331_5a0622c4387f.jpg","landname":"147"},{"id":281475017015444,"level":3,"status":1,"posx":33,"posy":30,"cityid":615,"townid":1331,"tokenid":"3fcdc153ed44c2ccf5c0d5764409c711","tokenurl":"/mcm/api/land?token=3fcdc153ed44c2ccf5c0d5764409c711","imageurl":"/mcm/images/land/2B/23325_57a7114b31a0.jpg","landname":"148"},{"id":281475017015445,"level":3,"status":0,"posx":32,"posy":31,"cityid":615,"townid":1331,"tokenid":"fc33ae9f412f25f6e19e6dc67c637e23","tokenurl":"/mcm/api/land?token=fc33ae9f412f25f6e19e6dc67c637e23","imageurl":"/mcm/images/land/2B/23326_2854046d78d.jpg","landname":"149"},{"id":281475017015446,"level":2,"status":0,"posx":33,"posy":31,"cityid":615,"townid":1331,"tokenid":"62447fff921ee42e011ee942c9c840ef","tokenurl":"/mcm/api/land?token=62447fff921ee42e011ee942c9c840ef","imageurl":"/mcm/images/land/2A/13996_421e61938264.jpg","landname":"150"}]]],0,0,[],[],[]]
