[1,0,0,[["cc.JsonAsset",["_name","json"],1]],[[0,0,1,3]],[[0,"218",[{"id":281474982412439,"level":2,"status":1,"posx":15,"posy":5,"cityid":87,"townid":218,"tokenid":"77f995d945994599fa2716320e5a0331","tokenurl":"/mcm/api/land?token=77f995d945994599fa2716320e5a0331","imageurl":"/mcm/images/land/1A/767_4ebcc225d809.jpg","landname":"1"},{"id":281474982412440,"level":1,"status":1,"posx":16,"posy":5,"cityid":87,"townid":218,"tokenid":"2d43457d9dc3bcd47a30de35a6957e75","tokenurl":"/mcm/api/land?token=2d43457d9dc3bcd47a30de35a6957e75","imageurl":"/mcm/images/land/1S/1532_5a661d9d35a9.jpg","landname":"2"},{"id":281474982412441,"level":1,"status":1,"posx":25,"posy":5,"cityid":87,"townid":218,"tokenid":"1c174f2158c6b016943969e99584e702","tokenurl":"/mcm/api/land?token=1c174f2158c6b016943969e99584e702","imageurl":"/mcm/images/land/1S/1533_2d2f2ece02c3.jpg","landname":"3"},{"id":281474982412442,"level":1,"status":0,"posx":26,"posy":5,"cityid":87,"townid":218,"tokenid":"d5deab3d10f27d0b519954a3e17bf687","tokenurl":"/mcm/api/land?token=d5deab3d10f27d0b519954a3e17bf687","imageurl":"/mcm/images/land/1S/1534_2600d8b8bf03.jpg","landname":"4"},{"id":281474982412443,"level":2,"status":1,"posx":6,"posy":6,"cityid":87,"townid":218,"tokenid":"07d9b14810083e11c9ab0bc0d9509c60","tokenurl":"/mcm/api/land?token=07d9b14810083e11c9ab0bc0d9509c60","imageurl":"/mcm/images/land/1A/768_262e6020bca7.jpg","landname":"5"},{"id":281474982412444,"level":1,"status":1,"posx":7,"posy":6,"cityid":87,"townid":218,"tokenid":"904f4856256b41c82c59cdd67dad0649","tokenurl":"/mcm/api/land?token=904f4856256b41c82c59cdd67dad0649","imageurl":"/mcm/images/land/1S/1535_3eb371a80980.jpg","landname":"6"},{"id":281474982412445,"level":1,"status":0,"posx":15,"posy":6,"cityid":87,"townid":218,"tokenid":"f03de1a88636c7e24e449100e8133f7e","tokenurl":"/mcm/api/land?token=f03de1a88636c7e24e449100e8133f7e","imageurl":"/mcm/images/land/1S/1536_39b4a269cfdf.jpg","landname":"7"},{"id":281474982412446,"level":3,"status":0,"posx":16,"posy":6,"cityid":87,"townid":218,"tokenid":"57b89df22c4bf282eed782f284453f61","tokenurl":"/mcm/api/land?token=57b89df22c4bf282eed782f284453f61","imageurl":"/mcm/images/land/1B/257_4f980777051d.jpg","landname":"8"},{"id":281474982412447,"level":3,"status":1,"posx":25,"posy":6,"cityid":87,"townid":218,"tokenid":"22d4681cb82bdf2c9477cf3deaed46f8","tokenurl":"/mcm/api/land?token=22d4681cb82bdf2c9477cf3deaed46f8","imageurl":"/mcm/images/land/1B/258_1601b1061318.jpg","landname":"9"},{"id":281474982412448,"level":1,"status":0,"posx":26,"posy":6,"cityid":87,"townid":218,"tokenid":"d4af371dcd2678c853b551c58003f048","tokenurl":"/mcm/api/land?token=d4af371dcd2678c853b551c58003f048","imageurl":"/mcm/images/land/1S/1537_c07d59e1ceb.jpg","landname":"10"},{"id":281474982412449,"level":1,"status":0,"posx":30,"posy":6,"cityid":87,"townid":218,"tokenid":"913be2f0413146c58b34b7739f76a383","tokenurl":"/mcm/api/land?token=913be2f0413146c58b34b7739f76a383","imageurl":"/mcm/images/land/1S/1538_11c7c561d19a.jpg","landname":"11"},{"id":281474982412450,"level":1,"status":0,"posx":31,"posy":6,"cityid":87,"townid":218,"tokenid":"d37a5aecc0edc5db998b9bf44a8b82fa","tokenurl":"/mcm/api/land?token=d37a5aecc0edc5db998b9bf44a8b82fa","imageurl":"/mcm/images/land/1S/1539_3f231fc2c92c.jpg","landname":"12"},{"id":281474982412451,"level":2,"status":1,"posx":33,"posy":6,"cityid":87,"townid":218,"tokenid":"8e3d9908e42398402cc64a1cdf299fd9","tokenurl":"/mcm/api/land?token=8e3d9908e42398402cc64a1cdf299fd9","imageurl":"/mcm/images/land/1A/769_d517bacb985.jpg","landname":"13"},{"id":281474982412452,"level":1,"status":1,"posx":34,"posy":6,"cityid":87,"townid":218,"tokenid":"1a86c8a7bb44d537becbdffc1a5f22f4","tokenurl":"/mcm/api/land?token=1a86c8a7bb44d537becbdffc1a5f22f4","imageurl":"/mcm/images/land/1S/1540_d8654d33ae9.jpg","landname":"14"},{"id":281474982412453,"level":1,"status":0,"posx":6,"posy":7,"cityid":87,"townid":218,"tokenid":"2d3315ea73e3dac2168f2ab08f5c0142","tokenurl":"/mcm/api/land?token=2d3315ea73e3dac2168f2ab08f5c0142","imageurl":"/mcm/images/land/1S/1541_26f27b8383b9.jpg","landname":"15"},{"id":281474982412454,"level":1,"status":0,"posx":7,"posy":7,"cityid":87,"townid":218,"tokenid":"463cf2669c86f77b80db0e360dc60119","tokenurl":"/mcm/api/land?token=463cf2669c86f77b80db0e360dc60119","imageurl":"/mcm/images/land/1S/1542_288c0c16d22b.jpg","landname":"16"},{"id":281474982412455,"level":1,"status":0,"posx":15,"posy":7,"cityid":87,"townid":218,"tokenid":"91ec94a884bc0ac217f5e7737f9f6116","tokenurl":"/mcm/api/land?token=91ec94a884bc0ac217f5e7737f9f6116","imageurl":"/mcm/images/land/1S/1543_197f4217c045.jpg","landname":"17"},{"id":281474982412456,"level":1,"status":0,"posx":16,"posy":7,"cityid":87,"townid":218,"tokenid":"215f52303b87f948dbf4e63f0982287c","tokenurl":"/mcm/api/land?token=215f52303b87f948dbf4e63f0982287c","imageurl":"/mcm/images/land/1S/1544_17f9d6f449f0.jpg","landname":"18"},{"id":281474982412457,"level":1,"status":1,"posx":21,"posy":7,"cityid":87,"townid":218,"tokenid":"b4c467be1d10d526bb8bad99b05254ae","tokenurl":"/mcm/api/land?token=b4c467be1d10d526bb8bad99b05254ae","imageurl":"/mcm/images/land/1S/1545_10cac20d48ee.jpg","landname":"19"},{"id":281474982412458,"level":1,"status":1,"posx":22,"posy":7,"cityid":87,"townid":218,"tokenid":"4e33aeaf7dc76ff4cc4fc95c2f546025","tokenurl":"/mcm/api/land?token=4e33aeaf7dc76ff4cc4fc95c2f546025","imageurl":"/mcm/images/land/1S/1546_7752020df3f.jpg","landname":"20"},{"id":281474982412459,"level":3,"status":0,"posx":25,"posy":7,"cityid":87,"townid":218,"tokenid":"9aa2853df9639b50b898a7c670b015fe","tokenurl":"/mcm/api/land?token=9aa2853df9639b50b898a7c670b015fe","imageurl":"/mcm/images/land/1B/259_258c4de4ee99.jpg","landname":"21"},{"id":281474982412460,"level":1,"status":1,"posx":26,"posy":7,"cityid":87,"townid":218,"tokenid":"b258a4e5c4b582db622ec1d1fdf7dc3f","tokenurl":"/mcm/api/land?token=b258a4e5c4b582db622ec1d1fdf7dc3f","imageurl":"/mcm/images/land/1S/1547_41ab411436c.jpg","landname":"22"},{"id":281474982412461,"level":2,"status":0,"posx":30,"posy":7,"cityid":87,"townid":218,"tokenid":"42e585bfce20da6e8d8d37f0addbe475","tokenurl":"/mcm/api/land?token=42e585bfce20da6e8d8d37f0addbe475","imageurl":"/mcm/images/land/1A/770_3cedffa5f2ce.jpg","landname":"23"},{"id":281474982412462,"level":3,"status":1,"posx":31,"posy":7,"cityid":87,"townid":218,"tokenid":"7d309f6c60fb8412b76efb77826f37dc","tokenurl":"/mcm/api/land?token=7d309f6c60fb8412b76efb77826f37dc","imageurl":"/mcm/images/land/1B/260_49c0c207df23.jpg","landname":"24"},{"id":281474982412463,"level":1,"status":1,"posx":33,"posy":7,"cityid":87,"townid":218,"tokenid":"f38c0abab75c29804b54fa57f0c46d49","tokenurl":"/mcm/api/land?token=f38c0abab75c29804b54fa57f0c46d49","imageurl":"/mcm/images/land/1S/1548_19d00ddfdda6.jpg","landname":"25"},{"id":281474982412464,"level":1,"status":1,"posx":34,"posy":7,"cityid":87,"townid":218,"tokenid":"25ad54117227e92f115178b4cd81b2b3","tokenurl":"/mcm/api/land?token=25ad54117227e92f115178b4cd81b2b3","imageurl":"/mcm/images/land/1S/1549_386f9ec73c8d.jpg","landname":"26"},{"id":281474982412465,"level":2,"status":1,"posx":6,"posy":8,"cityid":87,"townid":218,"tokenid":"808ab9fa58d160a821a9f932d8afdd86","tokenurl":"/mcm/api/land?token=808ab9fa58d160a821a9f932d8afdd86","imageurl":"/mcm/images/land/1A/771_4eff43b6b10d.jpg","landname":"27"},{"id":281474982412466,"level":2,"status":0,"posx":7,"posy":8,"cityid":87,"townid":218,"tokenid":"c37381c87af6393b333a832ccc075f7f","tokenurl":"/mcm/api/land?token=c37381c87af6393b333a832ccc075f7f","imageurl":"/mcm/images/land/1A/772_26e3607478cf.jpg","landname":"28"},{"id":281474982412467,"level":2,"status":1,"posx":15,"posy":8,"cityid":87,"townid":218,"tokenid":"17733428c118ef6c197a1fb34844a0de","tokenurl":"/mcm/api/land?token=17733428c118ef6c197a1fb34844a0de","imageurl":"/mcm/images/land/1A/773_49ba4698e11d.jpg","landname":"29"},{"id":281474982412468,"level":2,"status":0,"posx":16,"posy":8,"cityid":87,"townid":218,"tokenid":"b69392b92f66336c6fa5f3b20e22b9f7","tokenurl":"/mcm/api/land?token=b69392b92f66336c6fa5f3b20e22b9f7","imageurl":"/mcm/images/land/1A/774_42eae2cbb4be.jpg","landname":"30"},{"id":281474982412469,"level":3,"status":1,"posx":21,"posy":8,"cityid":87,"townid":218,"tokenid":"b02b98d52ba3f5171cde222e5eecd2be","tokenurl":"/mcm/api/land?token=b02b98d52ba3f5171cde222e5eecd2be","imageurl":"/mcm/images/land/1B/261_513d01aaa31e.jpg","landname":"31"},{"id":281474982412470,"level":1,"status":1,"posx":22,"posy":8,"cityid":87,"townid":218,"tokenid":"e861f7ce87f372f3df3a5dfd40df1707","tokenurl":"/mcm/api/land?token=e861f7ce87f372f3df3a5dfd40df1707","imageurl":"/mcm/images/land/1S/1550_55165473f137.jpg","landname":"32"},{"id":281474982412471,"level":2,"status":0,"posx":25,"posy":8,"cityid":87,"townid":218,"tokenid":"160a5d97d18dbd047a5b1428ccf3100c","tokenurl":"/mcm/api/land?token=160a5d97d18dbd047a5b1428ccf3100c","imageurl":"/mcm/images/land/1A/775_2fcd94df0a24.jpg","landname":"33"},{"id":281474982412472,"level":1,"status":1,"posx":26,"posy":8,"cityid":87,"townid":218,"tokenid":"4eed792cdfe7c2af708e7fff888a1d06","tokenurl":"/mcm/api/land?token=4eed792cdfe7c2af708e7fff888a1d06","imageurl":"/mcm/images/land/1S/1551_2843df15e2cd.jpg","landname":"34"},{"id":281474982412473,"level":1,"status":0,"posx":30,"posy":8,"cityid":87,"townid":218,"tokenid":"aa2a4944b9b8f1f5c633e215ff20f27e","tokenurl":"/mcm/api/land?token=aa2a4944b9b8f1f5c633e215ff20f27e","imageurl":"/mcm/images/land/1S/1552_25f935c64ea0.jpg","landname":"35"},{"id":281474982412474,"level":2,"status":0,"posx":31,"posy":8,"cityid":87,"townid":218,"tokenid":"226f1fee96c2d5c4bf9c13eb4c860c64","tokenurl":"/mcm/api/land?token=226f1fee96c2d5c4bf9c13eb4c860c64","imageurl":"/mcm/images/land/1A/776_358136c14813.jpg","landname":"36"},{"id":281474982412475,"level":1,"status":0,"posx":33,"posy":8,"cityid":87,"townid":218,"tokenid":"17c80e266bb403229eb824d53de34ed1","tokenurl":"/mcm/api/land?token=17c80e266bb403229eb824d53de34ed1","imageurl":"/mcm/images/land/1S/1553_16d4da64b623.jpg","landname":"37"},{"id":281474982412476,"level":2,"status":0,"posx":34,"posy":8,"cityid":87,"townid":218,"tokenid":"d4cec8e6ef57e2290c8333a46163786e","tokenurl":"/mcm/api/land?token=d4cec8e6ef57e2290c8333a46163786e","imageurl":"/mcm/images/land/1A/777_3a60f1e04549.jpg","landname":"38"},{"id":281474982412477,"level":1,"status":0,"posx":6,"posy":9,"cityid":87,"townid":218,"tokenid":"2968d321ad8874714f32291f802d0677","tokenurl":"/mcm/api/land?token=2968d321ad8874714f32291f802d0677","imageurl":"/mcm/images/land/1S/1554_4b5e0ebaaeec.jpg","landname":"39"},{"id":281474982412478,"level":2,"status":0,"posx":7,"posy":9,"cityid":87,"townid":218,"tokenid":"65ca3ca02054bc3210010b1c8865833c","tokenurl":"/mcm/api/land?token=65ca3ca02054bc3210010b1c8865833c","imageurl":"/mcm/images/land/1A/778_2413f309373b.jpg","landname":"40"},{"id":281474982412479,"level":1,"status":1,"posx":15,"posy":9,"cityid":87,"townid":218,"tokenid":"8bacff65662fb042418d881a4e9aabbb","tokenurl":"/mcm/api/land?token=8bacff65662fb042418d881a4e9aabbb","imageurl":"/mcm/images/land/1S/1555_4f3826ccc5ec.jpg","landname":"41"},{"id":281474982412480,"level":2,"status":0,"posx":16,"posy":9,"cityid":87,"townid":218,"tokenid":"6cbc2767d1b85c40269cdc5110fb1e67","tokenurl":"/mcm/api/land?token=6cbc2767d1b85c40269cdc5110fb1e67","imageurl":"/mcm/images/land/1A/779_1e0e91233e36.jpg","landname":"42"},{"id":281474982412481,"level":3,"status":1,"posx":21,"posy":9,"cityid":87,"townid":218,"tokenid":"eb162787da37c1b1c08c2f732d10c882","tokenurl":"/mcm/api/land?token=eb162787da37c1b1c08c2f732d10c882","imageurl":"/mcm/images/land/1B/262_2e2af4989e11.jpg","landname":"43"},{"id":281474982412482,"level":2,"status":1,"posx":22,"posy":9,"cityid":87,"townid":218,"tokenid":"a8e145688340e8c6008ce241ed4ccdc3","tokenurl":"/mcm/api/land?token=a8e145688340e8c6008ce241ed4ccdc3","imageurl":"/mcm/images/land/1A/780_2144aa06c63f.jpg","landname":"44"},{"id":281474982412483,"level":2,"status":1,"posx":25,"posy":9,"cityid":87,"townid":218,"tokenid":"887c64acd4491ce32f9f03cdc59fef62","tokenurl":"/mcm/api/land?token=887c64acd4491ce32f9f03cdc59fef62","imageurl":"/mcm/images/land/1A/781_1566e0874777.jpg","landname":"45"},{"id":281474982412484,"level":3,"status":0,"posx":26,"posy":9,"cityid":87,"townid":218,"tokenid":"d75853ae2bac03f01c8c50e952c3cc21","tokenurl":"/mcm/api/land?token=d75853ae2bac03f01c8c50e952c3cc21","imageurl":"/mcm/images/land/1B/263_328eff007f9b.jpg","landname":"46"},{"id":281474982412485,"level":1,"status":0,"posx":30,"posy":9,"cityid":87,"townid":218,"tokenid":"953698b1f8d15d61f18fb8d3e9368b62","tokenurl":"/mcm/api/land?token=953698b1f8d15d61f18fb8d3e9368b62","imageurl":"/mcm/images/land/1S/1556_1414dc78532d.jpg","landname":"47"},{"id":281474982412486,"level":1,"status":0,"posx":31,"posy":9,"cityid":87,"townid":218,"tokenid":"71152cee53cf8299ac77dccb4c405dc1","tokenurl":"/mcm/api/land?token=71152cee53cf8299ac77dccb4c405dc1","imageurl":"/mcm/images/land/1S/1557_1acda58e86ea.jpg","landname":"48"},{"id":281474982412487,"level":2,"status":1,"posx":33,"posy":9,"cityid":87,"townid":218,"tokenid":"0283de3b6c17ca215098b9b729a07583","tokenurl":"/mcm/api/land?token=0283de3b6c17ca215098b9b729a07583","imageurl":"/mcm/images/land/1A/782_3cfb7229c24e.jpg","landname":"49"},{"id":281474982412488,"level":1,"status":1,"posx":34,"posy":9,"cityid":87,"townid":218,"tokenid":"ef350bf8bb53cdffb3023424c88d6957","tokenurl":"/mcm/api/land?token=ef350bf8bb53cdffb3023424c88d6957","imageurl":"/mcm/images/land/1S/1558_15e97d0c10b2.jpg","landname":"50"},{"id":281474982412489,"level":1,"status":0,"posx":6,"posy":10,"cityid":87,"townid":218,"tokenid":"9b8e7584350d1567d81d53a0d6b73559","tokenurl":"/mcm/api/land?token=9b8e7584350d1567d81d53a0d6b73559","imageurl":"/mcm/images/land/1S/1559_187d7caf3155.jpg","landname":"51"},{"id":281474982412490,"level":3,"status":1,"posx":7,"posy":10,"cityid":87,"townid":218,"tokenid":"f35774b3112f26bc27c3f3b2f0443d76","tokenurl":"/mcm/api/land?token=f35774b3112f26bc27c3f3b2f0443d76","imageurl":"/mcm/images/land/1B/264_2e304f2fb749.jpg","landname":"52"},{"id":281474982412491,"level":1,"status":0,"posx":11,"posy":10,"cityid":87,"townid":218,"tokenid":"27bc88b95a29be173579735565310bd9","tokenurl":"/mcm/api/land?token=27bc88b95a29be173579735565310bd9","imageurl":"/mcm/images/land/1S/1560_872f7f3f4b1.jpg","landname":"53"},{"id":281474982412492,"level":2,"status":1,"posx":12,"posy":10,"cityid":87,"townid":218,"tokenid":"a8df53ce3fa051ee9e4ab3d400130616","tokenurl":"/mcm/api/land?token=a8df53ce3fa051ee9e4ab3d400130616","imageurl":"/mcm/images/land/1A/783_38d21de13402.jpg","landname":"54"},{"id":281474982412493,"level":2,"status":1,"posx":21,"posy":10,"cityid":87,"townid":218,"tokenid":"b1b53e421f7a4a95334489bc298b85a6","tokenurl":"/mcm/api/land?token=b1b53e421f7a4a95334489bc298b85a6","imageurl":"/mcm/images/land/1A/784_b80a344e81d.jpg","landname":"55"},{"id":281474982412494,"level":1,"status":1,"posx":22,"posy":10,"cityid":87,"townid":218,"tokenid":"93a954fa85fdf6bf0c2d998a79c4e5f9","tokenurl":"/mcm/api/land?token=93a954fa85fdf6bf0c2d998a79c4e5f9","imageurl":"/mcm/images/land/1S/1561_1745379559bb.jpg","landname":"56"},{"id":281474982412495,"level":1,"status":0,"posx":30,"posy":10,"cityid":87,"townid":218,"tokenid":"38f4da5884a356fc443bc3ff3d8e5a4f","tokenurl":"/mcm/api/land?token=38f4da5884a356fc443bc3ff3d8e5a4f","imageurl":"/mcm/images/land/1S/1562_3974a0e29741.jpg","landname":"57"},{"id":281474982412496,"level":3,"status":0,"posx":31,"posy":10,"cityid":87,"townid":218,"tokenid":"715643dce48ecaef1a608d0267c71289","tokenurl":"/mcm/api/land?token=715643dce48ecaef1a608d0267c71289","imageurl":"/mcm/images/land/1B/265_37365fcf6a77.jpg","landname":"58"},{"id":281474982412497,"level":1,"status":1,"posx":33,"posy":10,"cityid":87,"townid":218,"tokenid":"5924c966752e6f45cdff9d0796232069","tokenurl":"/mcm/api/land?token=5924c966752e6f45cdff9d0796232069","imageurl":"/mcm/images/land/1S/1563_16412981210d.jpg","landname":"59"},{"id":281474982412498,"level":1,"status":1,"posx":34,"posy":10,"cityid":87,"townid":218,"tokenid":"c18a0af614408e4581693170902ca36d","tokenurl":"/mcm/api/land?token=c18a0af614408e4581693170902ca36d","imageurl":"/mcm/images/land/1S/1564_5ac43b79f613.jpg","landname":"60"},{"id":281474982412499,"level":2,"status":0,"posx":11,"posy":11,"cityid":87,"townid":218,"tokenid":"2dcb90a34ca2d7ac69d654cd67e81a0d","tokenurl":"/mcm/api/land?token=2dcb90a34ca2d7ac69d654cd67e81a0d","imageurl":"/mcm/images/land/1A/785_1a7ce8105643.jpg","landname":"61"},{"id":281474982412500,"level":1,"status":1,"posx":12,"posy":11,"cityid":87,"townid":218,"tokenid":"f4e333058bfb7a897f56222bad7f5079","tokenurl":"/mcm/api/land?token=f4e333058bfb7a897f56222bad7f5079","imageurl":"/mcm/images/land/1S/1565_34b3d48ecd8c.jpg","landname":"62"},{"id":281474982412501,"level":1,"status":1,"posx":21,"posy":11,"cityid":87,"townid":218,"tokenid":"abfbcbc8af05399c09692a2d186f7dbf","tokenurl":"/mcm/api/land?token=abfbcbc8af05399c09692a2d186f7dbf","imageurl":"/mcm/images/land/1S/1566_4bfd2fd61e5f.jpg","landname":"63"},{"id":281474982412502,"level":1,"status":0,"posx":22,"posy":11,"cityid":87,"townid":218,"tokenid":"c4a5f3fd054078f10b6cd7bba22672c2","tokenurl":"/mcm/api/land?token=c4a5f3fd054078f10b6cd7bba22672c2","imageurl":"/mcm/images/land/1S/1567_1ec9aac78d8c.jpg","landname":"64"},{"id":281474982412503,"level":2,"status":0,"posx":11,"posy":12,"cityid":87,"townid":218,"tokenid":"fb20c32bd0e3d2a7942ea0e3b33423c1","tokenurl":"/mcm/api/land?token=fb20c32bd0e3d2a7942ea0e3b33423c1","imageurl":"/mcm/images/land/1A/786_4d1b44e5e798.jpg","landname":"65"},{"id":281474982412504,"level":3,"status":0,"posx":12,"posy":12,"cityid":87,"townid":218,"tokenid":"c22ef960e901b08c0f9825f0fc2d14db","tokenurl":"/mcm/api/land?token=c22ef960e901b08c0f9825f0fc2d14db","imageurl":"/mcm/images/land/1B/266_2bffd853d695.jpg","landname":"66"},{"id":281474982412505,"level":1,"status":1,"posx":11,"posy":13,"cityid":87,"townid":218,"tokenid":"ca9e6cf19516e9aae0bcfe86d7c1e3a4","tokenurl":"/mcm/api/land?token=ca9e6cf19516e9aae0bcfe86d7c1e3a4","imageurl":"/mcm/images/land/1S/1568_1ac6782f1719.jpg","landname":"67"},{"id":281474982412506,"level":3,"status":0,"posx":12,"posy":13,"cityid":87,"townid":218,"tokenid":"041a357ff2b7264e8af2cf898458cdb2","tokenurl":"/mcm/api/land?token=041a357ff2b7264e8af2cf898458cdb2","imageurl":"/mcm/images/land/1B/267_d092b47b8d6.jpg","landname":"68"},{"id":281474982412507,"level":1,"status":0,"posx":11,"posy":14,"cityid":87,"townid":218,"tokenid":"b594573f4fd5eaa81468739902978967","tokenurl":"/mcm/api/land?token=b594573f4fd5eaa81468739902978967","imageurl":"/mcm/images/land/1S/1569_4cf19b16825f.jpg","landname":"69"},{"id":281474982412508,"level":1,"status":1,"posx":12,"posy":14,"cityid":87,"townid":218,"tokenid":"d9d1408ca02322f52a01b9d1da7d4b33","tokenurl":"/mcm/api/land?token=d9d1408ca02322f52a01b9d1da7d4b33","imageurl":"/mcm/images/land/1S/1570_30b8f9d82b3a.jpg","landname":"70"},{"id":281474982412509,"level":1,"status":1,"posx":8,"posy":20,"cityid":87,"townid":218,"tokenid":"061f4693deea1ce80dff5967ea64b39a","tokenurl":"/mcm/api/land?token=061f4693deea1ce80dff5967ea64b39a","imageurl":"/mcm/images/land/1S/1571_5203261bc94d.jpg","landname":"71"},{"id":281474982412510,"level":2,"status":0,"posx":9,"posy":20,"cityid":87,"townid":218,"tokenid":"11094a2adaeb9c3ccae488565dedf78a","tokenurl":"/mcm/api/land?token=11094a2adaeb9c3ccae488565dedf78a","imageurl":"/mcm/images/land/1A/787_65c5279bab0.jpg","landname":"72"},{"id":281474982412511,"level":2,"status":1,"posx":10,"posy":20,"cityid":87,"townid":218,"tokenid":"6646b27ee53d8c6965160889471fdf98","tokenurl":"/mcm/api/land?token=6646b27ee53d8c6965160889471fdf98","imageurl":"/mcm/images/land/1A/788_284dad3a9216.jpg","landname":"73"},{"id":281474982412512,"level":1,"status":1,"posx":11,"posy":20,"cityid":87,"townid":218,"tokenid":"3c55c267b43d869dbc3b54eccad0e868","tokenurl":"/mcm/api/land?token=3c55c267b43d869dbc3b54eccad0e868","imageurl":"/mcm/images/land/1S/1572_57f34539ceaa.jpg","landname":"74"},{"id":281474982412513,"level":2,"status":1,"posx":12,"posy":20,"cityid":87,"townid":218,"tokenid":"672e00eb73835609215537314ae21b71","tokenurl":"/mcm/api/land?token=672e00eb73835609215537314ae21b71","imageurl":"/mcm/images/land/1A/789_303abfa2b12d.jpg","landname":"75"},{"id":281474982412514,"level":1,"status":0,"posx":8,"posy":21,"cityid":87,"townid":218,"tokenid":"9e70d49670fe5fb3afb6234ed61824fd","tokenurl":"/mcm/api/land?token=9e70d49670fe5fb3afb6234ed61824fd","imageurl":"/mcm/images/land/1S/1573_173979172689.jpg","landname":"76"},{"id":281474982412515,"level":1,"status":1,"posx":9,"posy":21,"cityid":87,"townid":218,"tokenid":"9e43c4642d89ab469cb12bfb5f53e1a3","tokenurl":"/mcm/api/land?token=9e43c4642d89ab469cb12bfb5f53e1a3","imageurl":"/mcm/images/land/1S/1574_1de4672325c9.jpg","landname":"77"},{"id":281474982412516,"level":1,"status":0,"posx":10,"posy":21,"cityid":87,"townid":218,"tokenid":"329a6046fc1c9ae8d8d9059710de1eb2","tokenurl":"/mcm/api/land?token=329a6046fc1c9ae8d8d9059710de1eb2","imageurl":"/mcm/images/land/1S/1575_1ad9eb6cd65.jpg","landname":"78"},{"id":281474982412517,"level":2,"status":0,"posx":11,"posy":21,"cityid":87,"townid":218,"tokenid":"04bce4b3098b25e9712e21c17a39bbd6","tokenurl":"/mcm/api/land?token=04bce4b3098b25e9712e21c17a39bbd6","imageurl":"/mcm/images/land/1A/790_1cd0a9fa543d.jpg","landname":"79"},{"id":281474982412518,"level":2,"status":1,"posx":12,"posy":21,"cityid":87,"townid":218,"tokenid":"9c71303a4a5005b2b7e1cdb989d7819a","tokenurl":"/mcm/api/land?token=9c71303a4a5005b2b7e1cdb989d7819a","imageurl":"/mcm/images/land/1A/791_2f5244bd318f.jpg","landname":"80"},{"id":281474982412519,"level":1,"status":0,"posx":27,"posy":22,"cityid":87,"townid":218,"tokenid":"4250d8e379d70d0813362fdfc5da995f","tokenurl":"/mcm/api/land?token=4250d8e379d70d0813362fdfc5da995f","imageurl":"/mcm/images/land/1S/1576_d6c1ed6140d.jpg","landname":"81"},{"id":281474982412520,"level":2,"status":0,"posx":28,"posy":22,"cityid":87,"townid":218,"tokenid":"965229f6b9940400c5e0cbed7c80d07b","tokenurl":"/mcm/api/land?token=965229f6b9940400c5e0cbed7c80d07b","imageurl":"/mcm/images/land/1A/792_557c978269f9.jpg","landname":"82"},{"id":281474982412521,"level":2,"status":1,"posx":29,"posy":22,"cityid":87,"townid":218,"tokenid":"09b482a9d2b29b254bded7eafac7bb59","tokenurl":"/mcm/api/land?token=09b482a9d2b29b254bded7eafac7bb59","imageurl":"/mcm/images/land/1A/793_203cdcd50501.jpg","landname":"83"},{"id":281474982412522,"level":1,"status":1,"posx":30,"posy":22,"cityid":87,"townid":218,"tokenid":"c9847d00fe0878a31f5c6744c9b0de64","tokenurl":"/mcm/api/land?token=c9847d00fe0878a31f5c6744c9b0de64","imageurl":"/mcm/images/land/1S/1577_4740271bb681.jpg","landname":"84"},{"id":281474982412523,"level":1,"status":1,"posx":31,"posy":22,"cityid":87,"townid":218,"tokenid":"bb7e856bd787d23884fc2cd6bd455140","tokenurl":"/mcm/api/land?token=bb7e856bd787d23884fc2cd6bd455140","imageurl":"/mcm/images/land/1S/1578_3d0f0ae34e35.jpg","landname":"85"},{"id":281474982412524,"level":1,"status":1,"posx":27,"posy":23,"cityid":87,"townid":218,"tokenid":"fd8585259f25b15c17c0570fc8e12c8e","tokenurl":"/mcm/api/land?token=fd8585259f25b15c17c0570fc8e12c8e","imageurl":"/mcm/images/land/1S/1579_3408eacdb503.jpg","landname":"86"},{"id":281474982412525,"level":1,"status":0,"posx":28,"posy":23,"cityid":87,"townid":218,"tokenid":"7d31fcf0e381a176371c331522e839d5","tokenurl":"/mcm/api/land?token=7d31fcf0e381a176371c331522e839d5","imageurl":"/mcm/images/land/1S/1580_4aecceee4531.jpg","landname":"87"},{"id":281474982412526,"level":2,"status":1,"posx":29,"posy":23,"cityid":87,"townid":218,"tokenid":"ae40d65e3a67c45bc111d959f67278f0","tokenurl":"/mcm/api/land?token=ae40d65e3a67c45bc111d959f67278f0","imageurl":"/mcm/images/land/1A/794_5f82a04b883.jpg","landname":"88"},{"id":281474982412527,"level":2,"status":0,"posx":30,"posy":23,"cityid":87,"townid":218,"tokenid":"6d6c55fe6ce6283db5875dd134ac4dd8","tokenurl":"/mcm/api/land?token=6d6c55fe6ce6283db5875dd134ac4dd8","imageurl":"/mcm/images/land/1A/795_5a93977fbcf8.jpg","landname":"89"},{"id":281474982412528,"level":1,"status":0,"posx":31,"posy":23,"cityid":87,"townid":218,"tokenid":"88c2ed4921355115e4d576dec9db0899","tokenurl":"/mcm/api/land?token=88c2ed4921355115e4d576dec9db0899","imageurl":"/mcm/images/land/1S/1581_d17618b3c48.jpg","landname":"90"},{"id":281474982412529,"level":1,"status":1,"posx":8,"posy":24,"cityid":87,"townid":218,"tokenid":"09655611718dcd585fa04d88050c4a2d","tokenurl":"/mcm/api/land?token=09655611718dcd585fa04d88050c4a2d","imageurl":"/mcm/images/land/1S/1582_367da484fa3.jpg","landname":"91"},{"id":281474982412530,"level":1,"status":0,"posx":9,"posy":24,"cityid":87,"townid":218,"tokenid":"463558720f3e928bc5a2c789ed67690c","tokenurl":"/mcm/api/land?token=463558720f3e928bc5a2c789ed67690c","imageurl":"/mcm/images/land/1S/1583_d6e3e32ecd6.jpg","landname":"92"},{"id":281474982412531,"level":1,"status":0,"posx":10,"posy":24,"cityid":87,"townid":218,"tokenid":"eeb7d26a2da923f48a15e15236dd2d29","tokenurl":"/mcm/api/land?token=eeb7d26a2da923f48a15e15236dd2d29","imageurl":"/mcm/images/land/1S/1584_4a4e6330d8c3.jpg","landname":"93"},{"id":281474982412532,"level":2,"status":0,"posx":11,"posy":24,"cityid":87,"townid":218,"tokenid":"e49570e848a3bbaf9df4e9ce4ca8d5ee","tokenurl":"/mcm/api/land?token=e49570e848a3bbaf9df4e9ce4ca8d5ee","imageurl":"/mcm/images/land/1A/796_57c7834cc487.jpg","landname":"94"},{"id":281474982412533,"level":1,"status":1,"posx":12,"posy":24,"cityid":87,"townid":218,"tokenid":"2287924a8c6014d3cd551dc55889b0ac","tokenurl":"/mcm/api/land?token=2287924a8c6014d3cd551dc55889b0ac","imageurl":"/mcm/images/land/1S/1585_475acfdd3fdf.jpg","landname":"95"},{"id":281474982412534,"level":1,"status":0,"posx":17,"posy":24,"cityid":87,"townid":218,"tokenid":"6273d877a8240b575fc9384d4d09dc69","tokenurl":"/mcm/api/land?token=6273d877a8240b575fc9384d4d09dc69","imageurl":"/mcm/images/land/1S/1586_254933d549a4.jpg","landname":"96"},{"id":281474982412535,"level":2,"status":1,"posx":18,"posy":24,"cityid":87,"townid":218,"tokenid":"75a8162e4ff07bb9857b9983c3dabefb","tokenurl":"/mcm/api/land?token=75a8162e4ff07bb9857b9983c3dabefb","imageurl":"/mcm/images/land/1A/797_5a5e0fb700f0.jpg","landname":"97"},{"id":281474982412536,"level":2,"status":0,"posx":19,"posy":24,"cityid":87,"townid":218,"tokenid":"8cdd3f7fd034a528e5c73b13cb63510c","tokenurl":"/mcm/api/land?token=8cdd3f7fd034a528e5c73b13cb63510c","imageurl":"/mcm/images/land/1A/798_57ce0806d44a.jpg","landname":"98"},{"id":281474982412537,"level":2,"status":1,"posx":20,"posy":24,"cityid":87,"townid":218,"tokenid":"7011502a5ab259f2c8e5074fa3809ae8","tokenurl":"/mcm/api/land?token=7011502a5ab259f2c8e5074fa3809ae8","imageurl":"/mcm/images/land/1A/799_222ad696b572.jpg","landname":"99"},{"id":281474982412538,"level":1,"status":1,"posx":21,"posy":24,"cityid":87,"townid":218,"tokenid":"75dfd4c57380440c201dbd01d13bd506","tokenurl":"/mcm/api/land?token=75dfd4c57380440c201dbd01d13bd506","imageurl":"/mcm/images/land/1S/1587_1d98ebd321b7.jpg","landname":"100"},{"id":281474982412539,"level":3,"status":1,"posx":8,"posy":25,"cityid":87,"townid":218,"tokenid":"0b181c561bc4d130adc347cbd41fce1c","tokenurl":"/mcm/api/land?token=0b181c561bc4d130adc347cbd41fce1c","imageurl":"/mcm/images/land/1B/268_4a39e171a26a.jpg","landname":"101"},{"id":281474982412540,"level":1,"status":1,"posx":9,"posy":25,"cityid":87,"townid":218,"tokenid":"e9bfe8b789b57c233f3413d93d8f78be","tokenurl":"/mcm/api/land?token=e9bfe8b789b57c233f3413d93d8f78be","imageurl":"/mcm/images/land/1S/1588_4a3336308b29.jpg","landname":"102"},{"id":281474982412541,"level":1,"status":1,"posx":10,"posy":25,"cityid":87,"townid":218,"tokenid":"bf9edce2f66bacba829713485c998797","tokenurl":"/mcm/api/land?token=bf9edce2f66bacba829713485c998797","imageurl":"/mcm/images/land/1S/1589_154f13b46fcb.jpg","landname":"103"},{"id":281474982412542,"level":1,"status":1,"posx":11,"posy":25,"cityid":87,"townid":218,"tokenid":"4d2236da3fea3f2283739462e0c262b6","tokenurl":"/mcm/api/land?token=4d2236da3fea3f2283739462e0c262b6","imageurl":"/mcm/images/land/1S/1590_2c2b6eab17dc.jpg","landname":"104"},{"id":281474982412543,"level":2,"status":1,"posx":12,"posy":25,"cityid":87,"townid":218,"tokenid":"ef5ff659cc964a19be843d7496ef3d28","tokenurl":"/mcm/api/land?token=ef5ff659cc964a19be843d7496ef3d28","imageurl":"/mcm/images/land/1A/800_29f0436c18cb.jpg","landname":"105"},{"id":281474982412544,"level":1,"status":0,"posx":17,"posy":25,"cityid":87,"townid":218,"tokenid":"5b9d2c261ce80ae993deb0d679c5311e","tokenurl":"/mcm/api/land?token=5b9d2c261ce80ae993deb0d679c5311e","imageurl":"/mcm/images/land/1S/1591_dc95219e911.jpg","landname":"106"},{"id":281474982412545,"level":1,"status":1,"posx":18,"posy":25,"cityid":87,"townid":218,"tokenid":"474b95ca6ca74ae6176f98e3c66e7abf","tokenurl":"/mcm/api/land?token=474b95ca6ca74ae6176f98e3c66e7abf","imageurl":"/mcm/images/land/1S/1592_3bdf2585cf99.jpg","landname":"107"},{"id":281474982412546,"level":1,"status":0,"posx":19,"posy":25,"cityid":87,"townid":218,"tokenid":"74bfa43fec3aaa2c2cd038ef87cd35f0","tokenurl":"/mcm/api/land?token=74bfa43fec3aaa2c2cd038ef87cd35f0","imageurl":"/mcm/images/land/1S/1593_3cc579c0528e.jpg","landname":"108"},{"id":281474982412547,"level":2,"status":1,"posx":20,"posy":25,"cityid":87,"townid":218,"tokenid":"b1f1eebe898c664bdbb15b54a3d7e782","tokenurl":"/mcm/api/land?token=b1f1eebe898c664bdbb15b54a3d7e782","imageurl":"/mcm/images/land/1A/801_121017f6827c.jpg","landname":"109"},{"id":281474982412548,"level":1,"status":1,"posx":21,"posy":25,"cityid":87,"townid":218,"tokenid":"1e86c4281363639d774ddd53e51032cd","tokenurl":"/mcm/api/land?token=1e86c4281363639d774ddd53e51032cd","imageurl":"/mcm/images/land/1S/1594_35658abc177d.jpg","landname":"110"},{"id":281474982412549,"level":3,"status":0,"posx":27,"posy":26,"cityid":87,"townid":218,"tokenid":"81f5c5ffa77ec4673c00caaa141ca8eb","tokenurl":"/mcm/api/land?token=81f5c5ffa77ec4673c00caaa141ca8eb","imageurl":"/mcm/images/land/1B/269_515b2d6890ef.jpg","landname":"111"},{"id":281474982412550,"level":1,"status":1,"posx":28,"posy":26,"cityid":87,"townid":218,"tokenid":"631785d4720126e0b3aaa8ab9fabc6fe","tokenurl":"/mcm/api/land?token=631785d4720126e0b3aaa8ab9fabc6fe","imageurl":"/mcm/images/land/1S/1595_2d58b3f2abaf.jpg","landname":"112"},{"id":281474982412551,"level":1,"status":0,"posx":27,"posy":27,"cityid":87,"townid":218,"tokenid":"1c400d49b6bfb20c57a2a0b7f4e7f9a9","tokenurl":"/mcm/api/land?token=1c400d49b6bfb20c57a2a0b7f4e7f9a9","imageurl":"/mcm/images/land/1S/1596_3171f390479f.jpg","landname":"113"},{"id":281474982412552,"level":1,"status":1,"posx":28,"posy":27,"cityid":87,"townid":218,"tokenid":"eabff29e81602b74636f761932b20090","tokenurl":"/mcm/api/land?token=eabff29e81602b74636f761932b20090","imageurl":"/mcm/images/land/1S/1597_4f55fda467a9.jpg","landname":"114"},{"id":281474982412553,"level":1,"status":0,"posx":32,"posy":27,"cityid":87,"townid":218,"tokenid":"6b8dda8796bd704494ee09304c7d2e06","tokenurl":"/mcm/api/land?token=6b8dda8796bd704494ee09304c7d2e06","imageurl":"/mcm/images/land/1S/1598_2b1aefc8a2b8.jpg","landname":"115"},{"id":281474982412554,"level":2,"status":0,"posx":33,"posy":27,"cityid":87,"townid":218,"tokenid":"bd21afabb1b1a525c7335b44c9cc46b7","tokenurl":"/mcm/api/land?token=bd21afabb1b1a525c7335b44c9cc46b7","imageurl":"/mcm/images/land/1A/802_433adf86b093.jpg","landname":"116"},{"id":281474982412555,"level":1,"status":0,"posx":8,"posy":28,"cityid":87,"townid":218,"tokenid":"170b1ba0edc2e69e375e1981697d946f","tokenurl":"/mcm/api/land?token=170b1ba0edc2e69e375e1981697d946f","imageurl":"/mcm/images/land/1S/1599_3735c9563dde.jpg","landname":"117"},{"id":281474982412556,"level":1,"status":1,"posx":9,"posy":28,"cityid":87,"townid":218,"tokenid":"ad49a6484c746fbfcd3fe6c0faaf072d","tokenurl":"/mcm/api/land?token=ad49a6484c746fbfcd3fe6c0faaf072d","imageurl":"/mcm/images/land/1S/1600_28ed18dbec5.jpg","landname":"118"},{"id":281474982412557,"level":1,"status":0,"posx":10,"posy":28,"cityid":87,"townid":218,"tokenid":"5cd01b11bb7878c05e0654cad9f45ba0","tokenurl":"/mcm/api/land?token=5cd01b11bb7878c05e0654cad9f45ba0","imageurl":"/mcm/images/land/1S/1601_51dea514a65f.jpg","landname":"119"},{"id":281474982412558,"level":2,"status":0,"posx":11,"posy":28,"cityid":87,"townid":218,"tokenid":"cc6c5b70b34e0867c0520f3841d671c9","tokenurl":"/mcm/api/land?token=cc6c5b70b34e0867c0520f3841d671c9","imageurl":"/mcm/images/land/1A/803_fb266507750.jpg","landname":"120"},{"id":281474982412559,"level":1,"status":0,"posx":12,"posy":28,"cityid":87,"townid":218,"tokenid":"e41aa82f7a134e6b1d930b7acc97e06c","tokenurl":"/mcm/api/land?token=e41aa82f7a134e6b1d930b7acc97e06c","imageurl":"/mcm/images/land/1S/1602_1c827d853c33.jpg","landname":"121"},{"id":281474982412560,"level":2,"status":1,"posx":17,"posy":28,"cityid":87,"townid":218,"tokenid":"4e4cb2fe35fa7809205bdbc21ad5a583","tokenurl":"/mcm/api/land?token=4e4cb2fe35fa7809205bdbc21ad5a583","imageurl":"/mcm/images/land/1A/804_52253f2a2438.jpg","landname":"122"},{"id":281474982412561,"level":1,"status":1,"posx":18,"posy":28,"cityid":87,"townid":218,"tokenid":"5557b9738de4105a82775344c43b3ffb","tokenurl":"/mcm/api/land?token=5557b9738de4105a82775344c43b3ffb","imageurl":"/mcm/images/land/1S/1603_b5b9ab6a292.jpg","landname":"123"},{"id":281474982412562,"level":1,"status":1,"posx":19,"posy":28,"cityid":87,"townid":218,"tokenid":"4bfd1e9a45a119e2f32148a502cf51d0","tokenurl":"/mcm/api/land?token=4bfd1e9a45a119e2f32148a502cf51d0","imageurl":"/mcm/images/land/1S/1604_330926873d2b.jpg","landname":"124"},{"id":281474982412563,"level":2,"status":1,"posx":20,"posy":28,"cityid":87,"townid":218,"tokenid":"9970be0e3a7c357d99e71b46761e3ee7","tokenurl":"/mcm/api/land?token=9970be0e3a7c357d99e71b46761e3ee7","imageurl":"/mcm/images/land/1A/805_525280d5d310.jpg","landname":"125"},{"id":281474982412564,"level":1,"status":0,"posx":21,"posy":28,"cityid":87,"townid":218,"tokenid":"03ac710b29196acb61d6f8d679cef83a","tokenurl":"/mcm/api/land?token=03ac710b29196acb61d6f8d679cef83a","imageurl":"/mcm/images/land/1S/1605_5796ab3f1a26.jpg","landname":"126"},{"id":281474982412565,"level":1,"status":1,"posx":27,"posy":28,"cityid":87,"townid":218,"tokenid":"0779276447a70336932568bf0e978b8d","tokenurl":"/mcm/api/land?token=0779276447a70336932568bf0e978b8d","imageurl":"/mcm/images/land/1S/1606_1af86802508c.jpg","landname":"127"},{"id":281474982412566,"level":1,"status":1,"posx":28,"posy":28,"cityid":87,"townid":218,"tokenid":"c71564943b45f652ed5ea28bf81eee4b","tokenurl":"/mcm/api/land?token=c71564943b45f652ed5ea28bf81eee4b","imageurl":"/mcm/images/land/1S/1607_579ba09a80ff.jpg","landname":"128"},{"id":281474982412567,"level":1,"status":0,"posx":32,"posy":28,"cityid":87,"townid":218,"tokenid":"5a65b36c53f96d43ed439856d2596392","tokenurl":"/mcm/api/land?token=5a65b36c53f96d43ed439856d2596392","imageurl":"/mcm/images/land/1S/1608_ce23b4beff0.jpg","landname":"129"},{"id":281474982412568,"level":2,"status":1,"posx":33,"posy":28,"cityid":87,"townid":218,"tokenid":"ac63cc2194aea6dd5e5fc02d09763ed5","tokenurl":"/mcm/api/land?token=ac63cc2194aea6dd5e5fc02d09763ed5","imageurl":"/mcm/images/land/1A/806_331f6697ff62.jpg","landname":"130"},{"id":281474982412569,"level":2,"status":0,"posx":8,"posy":29,"cityid":87,"townid":218,"tokenid":"4cbf771a4c1c6259f3207f8a806074ec","tokenurl":"/mcm/api/land?token=4cbf771a4c1c6259f3207f8a806074ec","imageurl":"/mcm/images/land/1A/807_a92189c5421.jpg","landname":"131"},{"id":281474982412570,"level":1,"status":0,"posx":9,"posy":29,"cityid":87,"townid":218,"tokenid":"090d2c6880273017fad92e64ea63b275","tokenurl":"/mcm/api/land?token=090d2c6880273017fad92e64ea63b275","imageurl":"/mcm/images/land/1S/1609_48cb5929e3d8.jpg","landname":"132"},{"id":281474982412571,"level":3,"status":1,"posx":10,"posy":29,"cityid":87,"townid":218,"tokenid":"7b709ca39209cfecfb44eb24f3921131","tokenurl":"/mcm/api/land?token=7b709ca39209cfecfb44eb24f3921131","imageurl":"/mcm/images/land/1B/270_4e057da92af.jpg","landname":"133"},{"id":281474982412572,"level":2,"status":0,"posx":11,"posy":29,"cityid":87,"townid":218,"tokenid":"5ea3c927ff52c2e5510d7e636ac2d3f1","tokenurl":"/mcm/api/land?token=5ea3c927ff52c2e5510d7e636ac2d3f1","imageurl":"/mcm/images/land/1A/808_50ffff876093.jpg","landname":"134"},{"id":281474982412573,"level":2,"status":0,"posx":12,"posy":29,"cityid":87,"townid":218,"tokenid":"886fdee411a87defa5063d3c95053a98","tokenurl":"/mcm/api/land?token=886fdee411a87defa5063d3c95053a98","imageurl":"/mcm/images/land/1A/809_719184f3a3a.jpg","landname":"135"},{"id":281474982412574,"level":1,"status":0,"posx":17,"posy":29,"cityid":87,"townid":218,"tokenid":"3e39770fa45ef44fda9ec713e2d6ee48","tokenurl":"/mcm/api/land?token=3e39770fa45ef44fda9ec713e2d6ee48","imageurl":"/mcm/images/land/1S/1610_3585b5d1609d.jpg","landname":"136"},{"id":281474982412575,"level":1,"status":1,"posx":18,"posy":29,"cityid":87,"townid":218,"tokenid":"dd7a7c9c8173bd24a313bd6460e1e537","tokenurl":"/mcm/api/land?token=dd7a7c9c8173bd24a313bd6460e1e537","imageurl":"/mcm/images/land/1S/1611_4dbd0bf11783.jpg","landname":"137"},{"id":281474982412576,"level":2,"status":0,"posx":19,"posy":29,"cityid":87,"townid":218,"tokenid":"ba98f815ef8aea7e8ed8cc8e7fc79018","tokenurl":"/mcm/api/land?token=ba98f815ef8aea7e8ed8cc8e7fc79018","imageurl":"/mcm/images/land/1A/810_2ffd9d9ca814.jpg","landname":"138"},{"id":281474982412577,"level":1,"status":1,"posx":20,"posy":29,"cityid":87,"townid":218,"tokenid":"6a39f282e8dc8defbec78c23ff334183","tokenurl":"/mcm/api/land?token=6a39f282e8dc8defbec78c23ff334183","imageurl":"/mcm/images/land/1S/1612_4fd01432ae43.jpg","landname":"139"},{"id":281474982412578,"level":1,"status":0,"posx":21,"posy":29,"cityid":87,"townid":218,"tokenid":"5b75430d0fc8aec18e3128e9e9dc0c14","tokenurl":"/mcm/api/land?token=5b75430d0fc8aec18e3128e9e9dc0c14","imageurl":"/mcm/images/land/1S/1613_1cf6fc274eec.jpg","landname":"140"},{"id":281474982412579,"level":1,"status":1,"posx":27,"posy":29,"cityid":87,"townid":218,"tokenid":"6486fb7bf9b43913eaae4b717795f487","tokenurl":"/mcm/api/land?token=6486fb7bf9b43913eaae4b717795f487","imageurl":"/mcm/images/land/1S/1614_4b35fc25378d.jpg","landname":"141"},{"id":281474982412580,"level":1,"status":0,"posx":28,"posy":29,"cityid":87,"townid":218,"tokenid":"d075cbc839c68e554040aa6fa44e526d","tokenurl":"/mcm/api/land?token=d075cbc839c68e554040aa6fa44e526d","imageurl":"/mcm/images/land/1S/1615_3fe2ecdc6130.jpg","landname":"142"},{"id":281474982412581,"level":1,"status":1,"posx":32,"posy":29,"cityid":87,"townid":218,"tokenid":"653ff1bd87aa43306b0d44020a555082","tokenurl":"/mcm/api/land?token=653ff1bd87aa43306b0d44020a555082","imageurl":"/mcm/images/land/1S/1616_412d10128fb.jpg","landname":"143"},{"id":281474982412582,"level":3,"status":1,"posx":33,"posy":29,"cityid":87,"townid":218,"tokenid":"726d03048f022c97deef93d996b22bff","tokenurl":"/mcm/api/land?token=726d03048f022c97deef93d996b22bff","imageurl":"/mcm/images/land/1B/271_2c8f131288a9.jpg","landname":"144"},{"id":281474982412583,"level":1,"status":0,"posx":27,"posy":30,"cityid":87,"townid":218,"tokenid":"9bec396cd804e5ccbb1e6f4a7054739d","tokenurl":"/mcm/api/land?token=9bec396cd804e5ccbb1e6f4a7054739d","imageurl":"/mcm/images/land/1S/1617_e53a67a78b2.jpg","landname":"145"},{"id":281474982412584,"level":1,"status":0,"posx":28,"posy":30,"cityid":87,"townid":218,"tokenid":"b5ce8543edf3f98385dce8da528adef1","tokenurl":"/mcm/api/land?token=b5ce8543edf3f98385dce8da528adef1","imageurl":"/mcm/images/land/1S/1618_76601c168ff.jpg","landname":"146"},{"id":281474982412585,"level":2,"status":0,"posx":32,"posy":30,"cityid":87,"townid":218,"tokenid":"b96aaf9d0cda58030497ffb443947a00","tokenurl":"/mcm/api/land?token=b96aaf9d0cda58030497ffb443947a00","imageurl":"/mcm/images/land/1A/811_544b01aa9843.jpg","landname":"147"},{"id":281474982412586,"level":1,"status":0,"posx":33,"posy":30,"cityid":87,"townid":218,"tokenid":"478dfb3069a3f9f731fe7831ce0ee4ba","tokenurl":"/mcm/api/land?token=478dfb3069a3f9f731fe7831ce0ee4ba","imageurl":"/mcm/images/land/1S/1619_130a76df6cf7.jpg","landname":"148"},{"id":281474982412587,"level":1,"status":0,"posx":32,"posy":31,"cityid":87,"townid":218,"tokenid":"2b8edb3d067a30aba7e2256379bc0d75","tokenurl":"/mcm/api/land?token=2b8edb3d067a30aba7e2256379bc0d75","imageurl":"/mcm/images/land/1S/1620_28bd489d2951.jpg","landname":"149"},{"id":281474982412588,"level":1,"status":0,"posx":33,"posy":31,"cityid":87,"townid":218,"tokenid":"c53e72b037ed1ac7d7e8c3fb81c617ca","tokenurl":"/mcm/api/land?token=c53e72b037ed1ac7d7e8c3fb81c617ca","imageurl":"/mcm/images/land/1S/1621_5a9544143f52.jpg","landname":"150"}]]],0,0,[],[],[]]
