[1,0,0,[["cc.JsonAsset",["_name","json"],1]],[[0,0,1,3]],[[0,"719",[{"id":281474997813249,"level":2,"status":0,"posx":32,"posy":5,"cityid":322,"townid":719,"tokenid":"c982b6a1cfdaa477c372ddc9891d6341","tokenurl":"/mcm/api/land?token=c982b6a1cfdaa477c372ddc9891d6341","imageurl":"/mcm/images/land/2A/7112_100deaa6b785.jpg","landname":"1"},{"id":281474997813250,"level":3,"status":1,"posx":33,"posy":5,"cityid":322,"townid":719,"tokenid":"3c460365a10e86b0fac192802eb1cca9","tokenurl":"/mcm/api/land?token=3c460365a10e86b0fac192802eb1cca9","imageurl":"/mcm/images/land/2B/11852_3c5b1db23fa5.jpg","landname":"2"},{"id":281474997813251,"level":3,"status":1,"posx":5,"posy":6,"cityid":322,"townid":719,"tokenid":"27861210509a1ec4f6b6c9ab868484f2","tokenurl":"/mcm/api/land?token=27861210509a1ec4f6b6c9ab868484f2","imageurl":"/mcm/images/land/2B/11853_198428ed304d.jpg","landname":"3"},{"id":281474997813252,"level":3,"status":1,"posx":6,"posy":6,"cityid":322,"townid":719,"tokenid":"47cb1aeaf31d4ed9527f2e73d7eea5ef","tokenurl":"/mcm/api/land?token=47cb1aeaf31d4ed9527f2e73d7eea5ef","imageurl":"/mcm/images/land/2B/11854_f2c58a82d45.jpg","landname":"4"},{"id":281474997813253,"level":2,"status":0,"posx":21,"posy":6,"cityid":322,"townid":719,"tokenid":"d6274e903cb9b4790c4dac9ab897b0da","tokenurl":"/mcm/api/land?token=d6274e903cb9b4790c4dac9ab897b0da","imageurl":"/mcm/images/land/2A/7113_1fbac817e92a.jpg","landname":"5"},{"id":281474997813254,"level":3,"status":1,"posx":22,"posy":6,"cityid":322,"townid":719,"tokenid":"4f5bfc7e2bc2bacac68ac079bf26081c","tokenurl":"/mcm/api/land?token=4f5bfc7e2bc2bacac68ac079bf26081c","imageurl":"/mcm/images/land/2B/11855_4345d44cf6b3.jpg","landname":"6"},{"id":281474997813255,"level":3,"status":1,"posx":23,"posy":6,"cityid":322,"townid":719,"tokenid":"d3f08488456bbf7a2a298d4a76af8ffc","tokenurl":"/mcm/api/land?token=d3f08488456bbf7a2a298d4a76af8ffc","imageurl":"/mcm/images/land/2B/11856_228d42368193.jpg","landname":"7"},{"id":281474997813256,"level":2,"status":0,"posx":24,"posy":6,"cityid":322,"townid":719,"tokenid":"9402878fc41f4e39e7e4e4d5c5b0306e","tokenurl":"/mcm/api/land?token=9402878fc41f4e39e7e4e4d5c5b0306e","imageurl":"/mcm/images/land/2A/7114_429727961ce6.jpg","landname":"8"},{"id":281474997813257,"level":3,"status":1,"posx":25,"posy":6,"cityid":322,"townid":719,"tokenid":"807b718b5de06d9a064a68ebc51a29fa","tokenurl":"/mcm/api/land?token=807b718b5de06d9a064a68ebc51a29fa","imageurl":"/mcm/images/land/2B/11857_36cad8e1b2d9.jpg","landname":"9"},{"id":281474997813258,"level":2,"status":1,"posx":32,"posy":6,"cityid":322,"townid":719,"tokenid":"c48265eceb8950fd766befce47f4dd1e","tokenurl":"/mcm/api/land?token=c48265eceb8950fd766befce47f4dd1e","imageurl":"/mcm/images/land/2A/7115_4c49bcd310de.jpg","landname":"10"},{"id":281474997813259,"level":3,"status":0,"posx":33,"posy":6,"cityid":322,"townid":719,"tokenid":"504d06c7993d69b204074eb80b612dee","tokenurl":"/mcm/api/land?token=504d06c7993d69b204074eb80b612dee","imageurl":"/mcm/images/land/2B/11858_3013ebc6c61d.jpg","landname":"11"},{"id":281474997813260,"level":2,"status":1,"posx":5,"posy":7,"cityid":322,"townid":719,"tokenid":"99318f2d94a63acbc28c1a7391684b5d","tokenurl":"/mcm/api/land?token=99318f2d94a63acbc28c1a7391684b5d","imageurl":"/mcm/images/land/2A/7116_545db0ccb184.jpg","landname":"12"},{"id":281474997813261,"level":3,"status":0,"posx":6,"posy":7,"cityid":322,"townid":719,"tokenid":"24c04f670bab1ab8db37c2342d5dba22","tokenurl":"/mcm/api/land?token=24c04f670bab1ab8db37c2342d5dba22","imageurl":"/mcm/images/land/2B/11859_4e0f4d45973c.jpg","landname":"13"},{"id":281474997813262,"level":2,"status":1,"posx":21,"posy":7,"cityid":322,"townid":719,"tokenid":"a08e3c05dcac772fd6be1e660202c3a7","tokenurl":"/mcm/api/land?token=a08e3c05dcac772fd6be1e660202c3a7","imageurl":"/mcm/images/land/2A/7117_3f59996f872.jpg","landname":"14"},{"id":281474997813263,"level":1,"status":0,"posx":22,"posy":7,"cityid":322,"townid":719,"tokenid":"9a52955d82c080bf3bf3501a8b950c8e","tokenurl":"/mcm/api/land?token=9a52955d82c080bf3bf3501a8b950c8e","imageurl":"/mcm/images/land/2S/4742_1a86aca72c37.jpg","landname":"15"},{"id":281474997813264,"level":2,"status":0,"posx":23,"posy":7,"cityid":322,"townid":719,"tokenid":"66e245797d4f21749abc1a50309a869a","tokenurl":"/mcm/api/land?token=66e245797d4f21749abc1a50309a869a","imageurl":"/mcm/images/land/2A/7118_2facff2ce6f8.jpg","landname":"16"},{"id":281474997813265,"level":3,"status":1,"posx":24,"posy":7,"cityid":322,"townid":719,"tokenid":"e28b8b323014a2dea52b0ceab594c97d","tokenurl":"/mcm/api/land?token=e28b8b323014a2dea52b0ceab594c97d","imageurl":"/mcm/images/land/2B/11860_11b3469a0ea9.jpg","landname":"17"},{"id":281474997813266,"level":3,"status":1,"posx":25,"posy":7,"cityid":322,"townid":719,"tokenid":"28943176d56ef47f87c628c0007832fa","tokenurl":"/mcm/api/land?token=28943176d56ef47f87c628c0007832fa","imageurl":"/mcm/images/land/2B/11861_21ccf7260446.jpg","landname":"18"},{"id":281474997813267,"level":3,"status":1,"posx":32,"posy":7,"cityid":322,"townid":719,"tokenid":"2c3f1f5a648f4d6f147bb76503d6ef3c","tokenurl":"/mcm/api/land?token=2c3f1f5a648f4d6f147bb76503d6ef3c","imageurl":"/mcm/images/land/2B/11862_8885a7f6320.jpg","landname":"19"},{"id":281474997813268,"level":3,"status":0,"posx":33,"posy":7,"cityid":322,"townid":719,"tokenid":"2132f0949212baf50bee1445d097e6fe","tokenurl":"/mcm/api/land?token=2132f0949212baf50bee1445d097e6fe","imageurl":"/mcm/images/land/2B/11863_2926ed5986c2.jpg","landname":"20"},{"id":281474997813269,"level":2,"status":0,"posx":5,"posy":8,"cityid":322,"townid":719,"tokenid":"80974cb9bbf2daea4b471bd87dc6c6de","tokenurl":"/mcm/api/land?token=80974cb9bbf2daea4b471bd87dc6c6de","imageurl":"/mcm/images/land/2A/7119_137566ef8849.jpg","landname":"21"},{"id":281474997813270,"level":2,"status":1,"posx":6,"posy":8,"cityid":322,"townid":719,"tokenid":"ba10c35c4b50bc9b537f222de1750e17","tokenurl":"/mcm/api/land?token=ba10c35c4b50bc9b537f222de1750e17","imageurl":"/mcm/images/land/2A/7120_2478a36007ad.jpg","landname":"22"},{"id":281474997813271,"level":3,"status":0,"posx":32,"posy":8,"cityid":322,"townid":719,"tokenid":"d0d464a32bdee3420c207c1f6a1dbf66","tokenurl":"/mcm/api/land?token=d0d464a32bdee3420c207c1f6a1dbf66","imageurl":"/mcm/images/land/2B/11864_b8a350378b0.jpg","landname":"23"},{"id":281474997813272,"level":3,"status":1,"posx":33,"posy":8,"cityid":322,"townid":719,"tokenid":"6348cfe8f1f9e784e0e2be92d07b484e","tokenurl":"/mcm/api/land?token=6348cfe8f1f9e784e0e2be92d07b484e","imageurl":"/mcm/images/land/2B/11865_b4cad0ec668.jpg","landname":"24"},{"id":281474997813273,"level":2,"status":1,"posx":5,"posy":9,"cityid":322,"townid":719,"tokenid":"70a2632fd81c83c95edce69c656d4a4b","tokenurl":"/mcm/api/land?token=70a2632fd81c83c95edce69c656d4a4b","imageurl":"/mcm/images/land/2A/7121_d0e6f1558c5.jpg","landname":"25"},{"id":281474997813274,"level":2,"status":1,"posx":6,"posy":9,"cityid":322,"townid":719,"tokenid":"93ac5b557cce4ffaf4d380422b383b55","tokenurl":"/mcm/api/land?token=93ac5b557cce4ffaf4d380422b383b55","imageurl":"/mcm/images/land/2A/7122_3130a2aa8071.jpg","landname":"26"},{"id":281474997813275,"level":3,"status":0,"posx":32,"posy":9,"cityid":322,"townid":719,"tokenid":"14bc4f62d2a4311f467c741c4bb97984","tokenurl":"/mcm/api/land?token=14bc4f62d2a4311f467c741c4bb97984","imageurl":"/mcm/images/land/2B/11866_49494cff6ae1.jpg","landname":"27"},{"id":281474997813276,"level":2,"status":0,"posx":33,"posy":9,"cityid":322,"townid":719,"tokenid":"8c33c0c63bc8c2523812def5dce6da75","tokenurl":"/mcm/api/land?token=8c33c0c63bc8c2523812def5dce6da75","imageurl":"/mcm/images/land/2A/7123_fc4fce7766c.jpg","landname":"28"},{"id":281474997813277,"level":3,"status":0,"posx":5,"posy":10,"cityid":322,"townid":719,"tokenid":"f05e1ce13d1925ac40ba1a5795acf16a","tokenurl":"/mcm/api/land?token=f05e1ce13d1925ac40ba1a5795acf16a","imageurl":"/mcm/images/land/2B/11867_4778115ebea9.jpg","landname":"29"},{"id":281474997813278,"level":3,"status":1,"posx":6,"posy":10,"cityid":322,"townid":719,"tokenid":"c6e096adb492b44ade16d26ca76ef33d","tokenurl":"/mcm/api/land?token=c6e096adb492b44ade16d26ca76ef33d","imageurl":"/mcm/images/land/2B/11868_43a1b2eec425.jpg","landname":"30"},{"id":281474997813279,"level":2,"status":1,"posx":8,"posy":10,"cityid":322,"townid":719,"tokenid":"3a8e5415dffde3b2e99889cf6360ba26","tokenurl":"/mcm/api/land?token=3a8e5415dffde3b2e99889cf6360ba26","imageurl":"/mcm/images/land/2A/7124_55e13094c8e7.jpg","landname":"31"},{"id":281474997813280,"level":3,"status":1,"posx":9,"posy":10,"cityid":322,"townid":719,"tokenid":"09a5cee8e4a22115ce1bedb4a326c9f3","tokenurl":"/mcm/api/land?token=09a5cee8e4a22115ce1bedb4a326c9f3","imageurl":"/mcm/images/land/2B/11869_28507369342c.jpg","landname":"32"},{"id":281474997813281,"level":3,"status":1,"posx":23,"posy":10,"cityid":322,"townid":719,"tokenid":"28d700ecc8bf66f712e8cc269002d042","tokenurl":"/mcm/api/land?token=28d700ecc8bf66f712e8cc269002d042","imageurl":"/mcm/images/land/2B/11870_1d1deb238e5b.jpg","landname":"33"},{"id":281474997813282,"level":3,"status":0,"posx":24,"posy":10,"cityid":322,"townid":719,"tokenid":"369af0f55b73944bdb1e53c2d7c586e9","tokenurl":"/mcm/api/land?token=369af0f55b73944bdb1e53c2d7c586e9","imageurl":"/mcm/images/land/2B/11871_2bc828f7e78.jpg","landname":"34"},{"id":281474997813283,"level":1,"status":0,"posx":8,"posy":11,"cityid":322,"townid":719,"tokenid":"fd8cfa19ab4dd133e0c70c0d3b88e3a7","tokenurl":"/mcm/api/land?token=fd8cfa19ab4dd133e0c70c0d3b88e3a7","imageurl":"/mcm/images/land/2S/4743_16832514eb2.jpg","landname":"35"},{"id":281474997813284,"level":1,"status":0,"posx":9,"posy":11,"cityid":322,"townid":719,"tokenid":"4c6dc7e23fb5cbef5a91bb2774a1cb68","tokenurl":"/mcm/api/land?token=4c6dc7e23fb5cbef5a91bb2774a1cb68","imageurl":"/mcm/images/land/2S/4744_1e7cbe0bfff.jpg","landname":"36"},{"id":281474997813285,"level":1,"status":1,"posx":23,"posy":11,"cityid":322,"townid":719,"tokenid":"aa9ae5c05c79447a4e8f1a38f4ba2711","tokenurl":"/mcm/api/land?token=aa9ae5c05c79447a4e8f1a38f4ba2711","imageurl":"/mcm/images/land/2S/4745_1ff34a16e333.jpg","landname":"37"},{"id":281474997813286,"level":1,"status":0,"posx":24,"posy":11,"cityid":322,"townid":719,"tokenid":"458318c2271cab89a5e4c69945fc7ec6","tokenurl":"/mcm/api/land?token=458318c2271cab89a5e4c69945fc7ec6","imageurl":"/mcm/images/land/2S/4746_2d403b9b10e6.jpg","landname":"38"},{"id":281474997813287,"level":1,"status":1,"posx":8,"posy":12,"cityid":322,"townid":719,"tokenid":"263fd9320fc3f44e0f4f094c0733891d","tokenurl":"/mcm/api/land?token=263fd9320fc3f44e0f4f094c0733891d","imageurl":"/mcm/images/land/2S/4747_3bddaef400c3.jpg","landname":"39"},{"id":281474997813288,"level":1,"status":0,"posx":9,"posy":12,"cityid":322,"townid":719,"tokenid":"6cebfa6a6a10f1cb31dfce2dad8efc0e","tokenurl":"/mcm/api/land?token=6cebfa6a6a10f1cb31dfce2dad8efc0e","imageurl":"/mcm/images/land/2S/4748_2e1a4e1f9334.jpg","landname":"40"},{"id":281474997813289,"level":2,"status":0,"posx":23,"posy":12,"cityid":322,"townid":719,"tokenid":"1f2e9dd75433bc75874fdd0a224e83bb","tokenurl":"/mcm/api/land?token=1f2e9dd75433bc75874fdd0a224e83bb","imageurl":"/mcm/images/land/2A/7125_7d0c82b23eb.jpg","landname":"41"},{"id":281474997813290,"level":3,"status":0,"posx":24,"posy":12,"cityid":322,"townid":719,"tokenid":"cb30c5dbd817e43bd5d961a378cd8ee6","tokenurl":"/mcm/api/land?token=cb30c5dbd817e43bd5d961a378cd8ee6","imageurl":"/mcm/images/land/2B/11872_49bd4abaa0e3.jpg","landname":"42"},{"id":281474997813291,"level":3,"status":0,"posx":32,"posy":12,"cityid":322,"townid":719,"tokenid":"7749eaa34d0a881d808ae2b96590d704","tokenurl":"/mcm/api/land?token=7749eaa34d0a881d808ae2b96590d704","imageurl":"/mcm/images/land/2B/11873_d990fc7f90f.jpg","landname":"43"},{"id":281474997813292,"level":3,"status":0,"posx":33,"posy":12,"cityid":322,"townid":719,"tokenid":"c7fa42baf2adac486570d5914600ae48","tokenurl":"/mcm/api/land?token=c7fa42baf2adac486570d5914600ae48","imageurl":"/mcm/images/land/2B/11874_b090d20408f.jpg","landname":"44"},{"id":281474997813293,"level":3,"status":0,"posx":8,"posy":13,"cityid":322,"townid":719,"tokenid":"0a7ac6c9ca8db5b7b11ec628b46e52a1","tokenurl":"/mcm/api/land?token=0a7ac6c9ca8db5b7b11ec628b46e52a1","imageurl":"/mcm/images/land/2B/11875_57e90ec42965.jpg","landname":"45"},{"id":281474997813294,"level":3,"status":0,"posx":9,"posy":13,"cityid":322,"townid":719,"tokenid":"7cf50a65c33e38d49551e71f633e1dc4","tokenurl":"/mcm/api/land?token=7cf50a65c33e38d49551e71f633e1dc4","imageurl":"/mcm/images/land/2B/11876_4d8241866d71.jpg","landname":"46"},{"id":281474997813295,"level":3,"status":0,"posx":23,"posy":13,"cityid":322,"townid":719,"tokenid":"6278b8c6fdecd8c9f012379e0034b6fa","tokenurl":"/mcm/api/land?token=6278b8c6fdecd8c9f012379e0034b6fa","imageurl":"/mcm/images/land/2B/11877_523064d689f2.jpg","landname":"47"},{"id":281474997813296,"level":3,"status":1,"posx":24,"posy":13,"cityid":322,"townid":719,"tokenid":"65bfc9f23da91d61396fdcbcbf2e6c4b","tokenurl":"/mcm/api/land?token=65bfc9f23da91d61396fdcbcbf2e6c4b","imageurl":"/mcm/images/land/2B/11878_338573ed0c9c.jpg","landname":"48"},{"id":281474997813297,"level":3,"status":1,"posx":32,"posy":13,"cityid":322,"townid":719,"tokenid":"e7ac4e535f0a96907bbf5d5282ed18e8","tokenurl":"/mcm/api/land?token=e7ac4e535f0a96907bbf5d5282ed18e8","imageurl":"/mcm/images/land/2B/11879_2ff357327eab.jpg","landname":"49"},{"id":281474997813298,"level":3,"status":1,"posx":33,"posy":13,"cityid":322,"townid":719,"tokenid":"9d1d0983c0dda246bb54d46b2178d283","tokenurl":"/mcm/api/land?token=9d1d0983c0dda246bb54d46b2178d283","imageurl":"/mcm/images/land/2B/11880_1a9d97cf845c.jpg","landname":"50"},{"id":281474997813299,"level":1,"status":1,"posx":8,"posy":14,"cityid":322,"townid":719,"tokenid":"041b045bf3f12061f061e31114dc3be6","tokenurl":"/mcm/api/land?token=041b045bf3f12061f061e31114dc3be6","imageurl":"/mcm/images/land/2S/4749_4c2b4fd28a69.jpg","landname":"51"},{"id":281474997813300,"level":3,"status":0,"posx":9,"posy":14,"cityid":322,"townid":719,"tokenid":"eef593052d4a081191188313fc9a1564","tokenurl":"/mcm/api/land?token=eef593052d4a081191188313fc9a1564","imageurl":"/mcm/images/land/2B/11881_15d6e2037a00.jpg","landname":"52"},{"id":281474997813301,"level":2,"status":0,"posx":23,"posy":14,"cityid":322,"townid":719,"tokenid":"788fd69d95812cbcc9998cb123daf997","tokenurl":"/mcm/api/land?token=788fd69d95812cbcc9998cb123daf997","imageurl":"/mcm/images/land/2A/7126_30f1e6e77572.jpg","landname":"53"},{"id":281474997813302,"level":2,"status":1,"posx":24,"posy":14,"cityid":322,"townid":719,"tokenid":"da72318202031975ee98e2dad6543691","tokenurl":"/mcm/api/land?token=da72318202031975ee98e2dad6543691","imageurl":"/mcm/images/land/2A/7127_239003560353.jpg","landname":"54"},{"id":281474997813303,"level":3,"status":1,"posx":32,"posy":14,"cityid":322,"townid":719,"tokenid":"7d6418e5d801250d54cdae5822dc7aae","tokenurl":"/mcm/api/land?token=7d6418e5d801250d54cdae5822dc7aae","imageurl":"/mcm/images/land/2B/11882_171caa84799d.jpg","landname":"55"},{"id":281474997813304,"level":3,"status":1,"posx":33,"posy":14,"cityid":322,"townid":719,"tokenid":"c3ea8c9946d17111785f33d20750389e","tokenurl":"/mcm/api/land?token=c3ea8c9946d17111785f33d20750389e","imageurl":"/mcm/images/land/2B/11883_5730a22b0968.jpg","landname":"56"},{"id":281474997813305,"level":2,"status":1,"posx":32,"posy":15,"cityid":322,"townid":719,"tokenid":"8c816918a095f6bf2282bbbbf9c324ac","tokenurl":"/mcm/api/land?token=8c816918a095f6bf2282bbbbf9c324ac","imageurl":"/mcm/images/land/2A/7128_45ab552786aa.jpg","landname":"57"},{"id":281474997813306,"level":2,"status":0,"posx":33,"posy":15,"cityid":322,"townid":719,"tokenid":"471a9cb6843d6cf5efcf93b7e2d2baf4","tokenurl":"/mcm/api/land?token=471a9cb6843d6cf5efcf93b7e2d2baf4","imageurl":"/mcm/images/land/2A/7129_3c359c3d1e35.jpg","landname":"58"},{"id":281474997813307,"level":3,"status":0,"posx":8,"posy":16,"cityid":322,"townid":719,"tokenid":"2f60388ce52a51fb6f824ccaeda90842","tokenurl":"/mcm/api/land?token=2f60388ce52a51fb6f824ccaeda90842","imageurl":"/mcm/images/land/2B/11884_9adebfc19c4.jpg","landname":"59"},{"id":281474997813308,"level":3,"status":1,"posx":9,"posy":16,"cityid":322,"townid":719,"tokenid":"97cc7646bcfe58f22c410438c41b2734","tokenurl":"/mcm/api/land?token=97cc7646bcfe58f22c410438c41b2734","imageurl":"/mcm/images/land/2B/11885_2d94c029bf5c.jpg","landname":"60"},{"id":281474997813309,"level":2,"status":1,"posx":32,"posy":16,"cityid":322,"townid":719,"tokenid":"6117b43ea7ab6598e539ac4b142ba090","tokenurl":"/mcm/api/land?token=6117b43ea7ab6598e539ac4b142ba090","imageurl":"/mcm/images/land/2A/7130_2e1a978ff788.jpg","landname":"61"},{"id":281474997813310,"level":3,"status":0,"posx":33,"posy":16,"cityid":322,"townid":719,"tokenid":"5e05a8cde3a069097ca7c9541e64019d","tokenurl":"/mcm/api/land?token=5e05a8cde3a069097ca7c9541e64019d","imageurl":"/mcm/images/land/2B/11886_100c7f4a374c.jpg","landname":"62"},{"id":281474997813311,"level":2,"status":1,"posx":8,"posy":17,"cityid":322,"townid":719,"tokenid":"24568b6aaa2383508c754d2aea7a4bd5","tokenurl":"/mcm/api/land?token=24568b6aaa2383508c754d2aea7a4bd5","imageurl":"/mcm/images/land/2A/7131_2aa9f4bbeb08.jpg","landname":"63"},{"id":281474997813312,"level":1,"status":0,"posx":9,"posy":17,"cityid":322,"townid":719,"tokenid":"2365742b310e6bd73696e3a12d5e98e7","tokenurl":"/mcm/api/land?token=2365742b310e6bd73696e3a12d5e98e7","imageurl":"/mcm/images/land/2S/4750_41061813f695.jpg","landname":"64"},{"id":281474997813313,"level":2,"status":0,"posx":8,"posy":18,"cityid":322,"townid":719,"tokenid":"bbb9ddd3296419c84f7cc9fcbb4cb554","tokenurl":"/mcm/api/land?token=bbb9ddd3296419c84f7cc9fcbb4cb554","imageurl":"/mcm/images/land/2A/7132_48d91898adfe.jpg","landname":"65"},{"id":281474997813314,"level":2,"status":0,"posx":9,"posy":18,"cityid":322,"townid":719,"tokenid":"3114e4f3c607b63035077b8dafe28faa","tokenurl":"/mcm/api/land?token=3114e4f3c607b63035077b8dafe28faa","imageurl":"/mcm/images/land/2A/7133_53ce0a9e8d4d.jpg","landname":"66"},{"id":281474997813315,"level":3,"status":0,"posx":20,"posy":18,"cityid":322,"townid":719,"tokenid":"afb6a7db8ff899d9fa004e68b7dd9df7","tokenurl":"/mcm/api/land?token=afb6a7db8ff899d9fa004e68b7dd9df7","imageurl":"/mcm/images/land/2B/11887_444f085cdbfd.jpg","landname":"67"},{"id":281474997813316,"level":3,"status":0,"posx":21,"posy":18,"cityid":322,"townid":719,"tokenid":"87df7fa6a333d448c2fe56ee12f54894","tokenurl":"/mcm/api/land?token=87df7fa6a333d448c2fe56ee12f54894","imageurl":"/mcm/images/land/2B/11888_4cf07e718885.jpg","landname":"68"},{"id":281474997813317,"level":3,"status":1,"posx":25,"posy":18,"cityid":322,"townid":719,"tokenid":"f61d6db67ec57d05597e32155893b28f","tokenurl":"/mcm/api/land?token=f61d6db67ec57d05597e32155893b28f","imageurl":"/mcm/images/land/2B/11889_12c8f917d205.jpg","landname":"69"},{"id":281474997813318,"level":3,"status":1,"posx":26,"posy":18,"cityid":322,"townid":719,"tokenid":"3acd0f88a4112e24f7800faa8d5ba888","tokenurl":"/mcm/api/land?token=3acd0f88a4112e24f7800faa8d5ba888","imageurl":"/mcm/images/land/2B/11890_25d8bd2f2253.jpg","landname":"70"},{"id":281474997813319,"level":3,"status":0,"posx":8,"posy":19,"cityid":322,"townid":719,"tokenid":"1237c1e9f6b4206902f32ed67f2c3bbf","tokenurl":"/mcm/api/land?token=1237c1e9f6b4206902f32ed67f2c3bbf","imageurl":"/mcm/images/land/2B/11891_3daf44a30ca9.jpg","landname":"71"},{"id":281474997813320,"level":3,"status":1,"posx":9,"posy":19,"cityid":322,"townid":719,"tokenid":"1dd82e751175c8f5ae3ea1704a45b750","tokenurl":"/mcm/api/land?token=1dd82e751175c8f5ae3ea1704a45b750","imageurl":"/mcm/images/land/2B/11892_1a9b377b2406.jpg","landname":"72"},{"id":281474997813321,"level":1,"status":1,"posx":20,"posy":19,"cityid":322,"townid":719,"tokenid":"1c85f6fd77f9f22c299b46548b4c3cfc","tokenurl":"/mcm/api/land?token=1c85f6fd77f9f22c299b46548b4c3cfc","imageurl":"/mcm/images/land/2S/4751_1f57a94eb4f.jpg","landname":"73"},{"id":281474997813322,"level":3,"status":0,"posx":21,"posy":19,"cityid":322,"townid":719,"tokenid":"a3360dfce05d590d0316ef62a2549d36","tokenurl":"/mcm/api/land?token=a3360dfce05d590d0316ef62a2549d36","imageurl":"/mcm/images/land/2B/11893_3116fb1eef0c.jpg","landname":"74"},{"id":281474997813323,"level":3,"status":1,"posx":25,"posy":19,"cityid":322,"townid":719,"tokenid":"1f079eb15162affb5537c82cae26de65","tokenurl":"/mcm/api/land?token=1f079eb15162affb5537c82cae26de65","imageurl":"/mcm/images/land/2B/11894_292c25125510.jpg","landname":"75"},{"id":281474997813324,"level":2,"status":1,"posx":26,"posy":19,"cityid":322,"townid":719,"tokenid":"c7cea83fe174732b91930ccf6435ba5b","tokenurl":"/mcm/api/land?token=c7cea83fe174732b91930ccf6435ba5b","imageurl":"/mcm/images/land/2A/7134_2ca550d795e.jpg","landname":"76"},{"id":281474997813325,"level":3,"status":0,"posx":8,"posy":20,"cityid":322,"townid":719,"tokenid":"cf268e72a32bbe16c60e1cc0f6aac977","tokenurl":"/mcm/api/land?token=cf268e72a32bbe16c60e1cc0f6aac977","imageurl":"/mcm/images/land/2B/11895_48f980b9ff7f.jpg","landname":"77"},{"id":281474997813326,"level":3,"status":1,"posx":9,"posy":20,"cityid":322,"townid":719,"tokenid":"931f584335c4bc8544b55be4f2df6950","tokenurl":"/mcm/api/land?token=931f584335c4bc8544b55be4f2df6950","imageurl":"/mcm/images/land/2B/11896_bb8be105c12.jpg","landname":"78"},{"id":281474997813327,"level":3,"status":1,"posx":20,"posy":20,"cityid":322,"townid":719,"tokenid":"dfdb9eb373c5f20fbc1654298bd0a54f","tokenurl":"/mcm/api/land?token=dfdb9eb373c5f20fbc1654298bd0a54f","imageurl":"/mcm/images/land/2B/11897_134f1ead1697.jpg","landname":"79"},{"id":281474997813328,"level":1,"status":0,"posx":21,"posy":20,"cityid":322,"townid":719,"tokenid":"c1878dd7bf87980a3021fff16d8ccb89","tokenurl":"/mcm/api/land?token=c1878dd7bf87980a3021fff16d8ccb89","imageurl":"/mcm/images/land/2S/4752_3bebed421c0e.jpg","landname":"80"},{"id":281474997813329,"level":3,"status":0,"posx":25,"posy":20,"cityid":322,"townid":719,"tokenid":"cb8c7e8421873b23dbefe6cc07edf2ab","tokenurl":"/mcm/api/land?token=cb8c7e8421873b23dbefe6cc07edf2ab","imageurl":"/mcm/images/land/2B/11898_35772acbd128.jpg","landname":"81"},{"id":281474997813330,"level":2,"status":0,"posx":26,"posy":20,"cityid":322,"townid":719,"tokenid":"61e4cd5fe0439601ee28f6d1a3388f8d","tokenurl":"/mcm/api/land?token=61e4cd5fe0439601ee28f6d1a3388f8d","imageurl":"/mcm/images/land/2A/7135_4ae84e081d5.jpg","landname":"82"},{"id":281474997813331,"level":1,"status":0,"posx":31,"posy":20,"cityid":322,"townid":719,"tokenid":"311af0b70af402edfc7e322c9519b580","tokenurl":"/mcm/api/land?token=311af0b70af402edfc7e322c9519b580","imageurl":"/mcm/images/land/2S/4753_154fba95db69.jpg","landname":"83"},{"id":281474997813332,"level":2,"status":1,"posx":32,"posy":20,"cityid":322,"townid":719,"tokenid":"ed468e38e31a3fff5660c877b5d3e6ba","tokenurl":"/mcm/api/land?token=ed468e38e31a3fff5660c877b5d3e6ba","imageurl":"/mcm/images/land/2A/7136_1fe9c9ff8a7c.jpg","landname":"84"},{"id":281474997813333,"level":3,"status":0,"posx":20,"posy":21,"cityid":322,"townid":719,"tokenid":"2fe756efb9403cfbb04d53fcb6c34ed8","tokenurl":"/mcm/api/land?token=2fe756efb9403cfbb04d53fcb6c34ed8","imageurl":"/mcm/images/land/2B/11899_65ca24f970e.jpg","landname":"85"},{"id":281474997813334,"level":1,"status":0,"posx":21,"posy":21,"cityid":322,"townid":719,"tokenid":"d7224c012ac9ace9f85c2ccd85ba2828","tokenurl":"/mcm/api/land?token=d7224c012ac9ace9f85c2ccd85ba2828","imageurl":"/mcm/images/land/2S/4754_78636d518b.jpg","landname":"86"},{"id":281474997813335,"level":2,"status":1,"posx":25,"posy":21,"cityid":322,"townid":719,"tokenid":"65f0a9166e7e8f7ace5ea1a76bf54112","tokenurl":"/mcm/api/land?token=65f0a9166e7e8f7ace5ea1a76bf54112","imageurl":"/mcm/images/land/2A/7137_674010c5e4b.jpg","landname":"87"},{"id":281474997813336,"level":2,"status":0,"posx":26,"posy":21,"cityid":322,"townid":719,"tokenid":"b56923ae07e41a30e15af363c70af144","tokenurl":"/mcm/api/land?token=b56923ae07e41a30e15af363c70af144","imageurl":"/mcm/images/land/2A/7138_2c577e68878c.jpg","landname":"88"},{"id":281474997813337,"level":3,"status":1,"posx":31,"posy":21,"cityid":322,"townid":719,"tokenid":"8fa78bb4678726467145c5d1eaf5a44c","tokenurl":"/mcm/api/land?token=8fa78bb4678726467145c5d1eaf5a44c","imageurl":"/mcm/images/land/2B/11900_3ff535beb607.jpg","landname":"89"},{"id":281474997813338,"level":1,"status":1,"posx":32,"posy":21,"cityid":322,"townid":719,"tokenid":"0f0456ef13f0ed32fb42d2056be0bca0","tokenurl":"/mcm/api/land?token=0f0456ef13f0ed32fb42d2056be0bca0","imageurl":"/mcm/images/land/2S/4755_e512dffe0f7.jpg","landname":"90"},{"id":281474997813339,"level":2,"status":1,"posx":12,"posy":22,"cityid":322,"townid":719,"tokenid":"25e902c8487172bf591c231cffc67ad4","tokenurl":"/mcm/api/land?token=25e902c8487172bf591c231cffc67ad4","imageurl":"/mcm/images/land/2A/7139_a46c23a1233.jpg","landname":"91"},{"id":281474997813340,"level":3,"status":0,"posx":13,"posy":22,"cityid":322,"townid":719,"tokenid":"297d1fd06f31c666eb1a6e10c9a1bdbc","tokenurl":"/mcm/api/land?token=297d1fd06f31c666eb1a6e10c9a1bdbc","imageurl":"/mcm/images/land/2B/11901_2d7957f8194b.jpg","landname":"92"},{"id":281474997813341,"level":2,"status":0,"posx":20,"posy":22,"cityid":322,"townid":719,"tokenid":"cf1748e8b6a33283fb9ca4cec4825ff4","tokenurl":"/mcm/api/land?token=cf1748e8b6a33283fb9ca4cec4825ff4","imageurl":"/mcm/images/land/2A/7140_295b9c417932.jpg","landname":"93"},{"id":281474997813342,"level":3,"status":1,"posx":21,"posy":22,"cityid":322,"townid":719,"tokenid":"ebdb9d9ed064983e0f404cc6950bc029","tokenurl":"/mcm/api/land?token=ebdb9d9ed064983e0f404cc6950bc029","imageurl":"/mcm/images/land/2B/11902_2c39255f03ba.jpg","landname":"94"},{"id":281474997813343,"level":3,"status":1,"posx":25,"posy":22,"cityid":322,"townid":719,"tokenid":"4f4964b0a4f5b8bb07ef7b05efa01213","tokenurl":"/mcm/api/land?token=4f4964b0a4f5b8bb07ef7b05efa01213","imageurl":"/mcm/images/land/2B/11903_3ad163730785.jpg","landname":"95"},{"id":281474997813344,"level":2,"status":1,"posx":26,"posy":22,"cityid":322,"townid":719,"tokenid":"7b824cd39141d8fdc153c83576bc29bb","tokenurl":"/mcm/api/land?token=7b824cd39141d8fdc153c83576bc29bb","imageurl":"/mcm/images/land/2A/7141_cdd154bd51f.jpg","landname":"96"},{"id":281474997813345,"level":3,"status":1,"posx":31,"posy":22,"cityid":322,"townid":719,"tokenid":"eb7abea32fa62c8afdfb673edc7d9786","tokenurl":"/mcm/api/land?token=eb7abea32fa62c8afdfb673edc7d9786","imageurl":"/mcm/images/land/2B/11904_46cd6309d459.jpg","landname":"97"},{"id":281474997813346,"level":3,"status":1,"posx":32,"posy":22,"cityid":322,"townid":719,"tokenid":"a47beab9d0c7eabfc6543fe33f20dc97","tokenurl":"/mcm/api/land?token=a47beab9d0c7eabfc6543fe33f20dc97","imageurl":"/mcm/images/land/2B/11905_174ba5d88eff.jpg","landname":"98"},{"id":281474997813347,"level":3,"status":0,"posx":12,"posy":23,"cityid":322,"townid":719,"tokenid":"9418e29e60934f4ae4f9ea471eb2e844","tokenurl":"/mcm/api/land?token=9418e29e60934f4ae4f9ea471eb2e844","imageurl":"/mcm/images/land/2B/11906_45e3308b8cd4.jpg","landname":"99"},{"id":281474997813348,"level":3,"status":1,"posx":13,"posy":23,"cityid":322,"townid":719,"tokenid":"90819608d51cb7ac795c53f39369c05d","tokenurl":"/mcm/api/land?token=90819608d51cb7ac795c53f39369c05d","imageurl":"/mcm/images/land/2B/11907_e89b2a2101b.jpg","landname":"100"},{"id":281474997813349,"level":3,"status":0,"posx":31,"posy":23,"cityid":322,"townid":719,"tokenid":"d319a44eb82fe66073d38e892e1c259d","tokenurl":"/mcm/api/land?token=d319a44eb82fe66073d38e892e1c259d","imageurl":"/mcm/images/land/2B/11908_44f8e7a01c37.jpg","landname":"101"},{"id":281474997813350,"level":2,"status":0,"posx":32,"posy":23,"cityid":322,"townid":719,"tokenid":"a117648554dc8f04dd6aa2a3371fd6af","tokenurl":"/mcm/api/land?token=a117648554dc8f04dd6aa2a3371fd6af","imageurl":"/mcm/images/land/2A/7142_53f21572e6ba.jpg","landname":"102"},{"id":281474997813351,"level":1,"status":1,"posx":12,"posy":24,"cityid":322,"townid":719,"tokenid":"4a348cc3cb92efe7d24fdac1efd9ede8","tokenurl":"/mcm/api/land?token=4a348cc3cb92efe7d24fdac1efd9ede8","imageurl":"/mcm/images/land/2S/4756_478b9b506df2.jpg","landname":"103"},{"id":281474997813352,"level":2,"status":0,"posx":13,"posy":24,"cityid":322,"townid":719,"tokenid":"1cb405c6130e62e51425b04f43814c23","tokenurl":"/mcm/api/land?token=1cb405c6130e62e51425b04f43814c23","imageurl":"/mcm/images/land/2A/7143_144a56adb7d5.jpg","landname":"104"},{"id":281474997813353,"level":3,"status":0,"posx":31,"posy":24,"cityid":322,"townid":719,"tokenid":"e0c7720d891aad47ba1050e445abf494","tokenurl":"/mcm/api/land?token=e0c7720d891aad47ba1050e445abf494","imageurl":"/mcm/images/land/2B/11909_7e714472aaf.jpg","landname":"105"},{"id":281474997813354,"level":1,"status":0,"posx":32,"posy":24,"cityid":322,"townid":719,"tokenid":"22dfec9015ab0f5d5017ea4fbcf63ca2","tokenurl":"/mcm/api/land?token=22dfec9015ab0f5d5017ea4fbcf63ca2","imageurl":"/mcm/images/land/2S/4757_c6eaa3fd4ee.jpg","landname":"106"},{"id":281474997813355,"level":2,"status":1,"posx":12,"posy":25,"cityid":322,"townid":719,"tokenid":"8e9d8e1b15cf6e21d113af49ea50093e","tokenurl":"/mcm/api/land?token=8e9d8e1b15cf6e21d113af49ea50093e","imageurl":"/mcm/images/land/2A/7144_56185f7bf813.jpg","landname":"107"},{"id":281474997813356,"level":3,"status":0,"posx":13,"posy":25,"cityid":322,"townid":719,"tokenid":"b82715f6f88e889206bbd594e21298b0","tokenurl":"/mcm/api/land?token=b82715f6f88e889206bbd594e21298b0","imageurl":"/mcm/images/land/2B/11910_5203ff432e8b.jpg","landname":"108"},{"id":281474997813357,"level":2,"status":0,"posx":6,"posy":26,"cityid":322,"townid":719,"tokenid":"aa796a76f19255e6f0975d52c982c5d7","tokenurl":"/mcm/api/land?token=aa796a76f19255e6f0975d52c982c5d7","imageurl":"/mcm/images/land/2A/7145_4de22016187f.jpg","landname":"109"},{"id":281474997813358,"level":3,"status":1,"posx":7,"posy":26,"cityid":322,"townid":719,"tokenid":"db78158980cd33af10127e14b5722d22","tokenurl":"/mcm/api/land?token=db78158980cd33af10127e14b5722d22","imageurl":"/mcm/images/land/2B/11911_17f373baedda.jpg","landname":"110"},{"id":281474997813359,"level":1,"status":0,"posx":9,"posy":26,"cityid":322,"townid":719,"tokenid":"90dcd61121b57a8ae4fbdee6d728401a","tokenurl":"/mcm/api/land?token=90dcd61121b57a8ae4fbdee6d728401a","imageurl":"/mcm/images/land/2S/4758_3be478ab6806.jpg","landname":"111"},{"id":281474997813360,"level":2,"status":0,"posx":10,"posy":26,"cityid":322,"townid":719,"tokenid":"1eeaff05604f473ed171788fc55505d1","tokenurl":"/mcm/api/land?token=1eeaff05604f473ed171788fc55505d1","imageurl":"/mcm/images/land/2A/7146_45c60661e0ed.jpg","landname":"112"},{"id":281474997813361,"level":1,"status":1,"posx":12,"posy":26,"cityid":322,"townid":719,"tokenid":"362a66606155de48ccbf6d3c844e5dee","tokenurl":"/mcm/api/land?token=362a66606155de48ccbf6d3c844e5dee","imageurl":"/mcm/images/land/2S/4759_916aa7650fd.jpg","landname":"113"},{"id":281474997813362,"level":2,"status":0,"posx":13,"posy":26,"cityid":322,"townid":719,"tokenid":"f4156d6627b3bb6f625f219874641e9e","tokenurl":"/mcm/api/land?token=f4156d6627b3bb6f625f219874641e9e","imageurl":"/mcm/images/land/2A/7147_29523c9d2887.jpg","landname":"114"},{"id":281474997813363,"level":3,"status":1,"posx":6,"posy":27,"cityid":322,"townid":719,"tokenid":"5a486d9ddb3d007c372e2d924b223a1b","tokenurl":"/mcm/api/land?token=5a486d9ddb3d007c372e2d924b223a1b","imageurl":"/mcm/images/land/2B/11912_52b5ab3b7766.jpg","landname":"115"},{"id":281474997813364,"level":2,"status":0,"posx":7,"posy":27,"cityid":322,"townid":719,"tokenid":"a4fe1fff918a2c7603085ab2d38af8cb","tokenurl":"/mcm/api/land?token=a4fe1fff918a2c7603085ab2d38af8cb","imageurl":"/mcm/images/land/2A/7148_4cb7de92fc9b.jpg","landname":"116"},{"id":281474997813365,"level":3,"status":0,"posx":9,"posy":27,"cityid":322,"townid":719,"tokenid":"e9551472f2e6e40fac69b3ff082ea531","tokenurl":"/mcm/api/land?token=e9551472f2e6e40fac69b3ff082ea531","imageurl":"/mcm/images/land/2B/11913_3eb3b84a2d52.jpg","landname":"117"},{"id":281474997813366,"level":2,"status":1,"posx":10,"posy":27,"cityid":322,"townid":719,"tokenid":"bf1220db4fc71199331241f69872c7d6","tokenurl":"/mcm/api/land?token=bf1220db4fc71199331241f69872c7d6","imageurl":"/mcm/images/land/2A/7149_453c2258df1f.jpg","landname":"118"},{"id":281474997813367,"level":3,"status":0,"posx":23,"posy":27,"cityid":322,"townid":719,"tokenid":"7d07d7cd568b3f4cb3f3dbdb084739b2","tokenurl":"/mcm/api/land?token=7d07d7cd568b3f4cb3f3dbdb084739b2","imageurl":"/mcm/images/land/2B/11914_2ea63f8c449a.jpg","landname":"119"},{"id":281474997813368,"level":1,"status":1,"posx":24,"posy":27,"cityid":322,"townid":719,"tokenid":"1857a9ef7340dd5a761304ab4995aaa7","tokenurl":"/mcm/api/land?token=1857a9ef7340dd5a761304ab4995aaa7","imageurl":"/mcm/images/land/2S/4760_2d5615d04c01.jpg","landname":"120"},{"id":281474997813369,"level":3,"status":0,"posx":6,"posy":28,"cityid":322,"townid":719,"tokenid":"6d80f61ff3de59a086ffdb77f6c90286","tokenurl":"/mcm/api/land?token=6d80f61ff3de59a086ffdb77f6c90286","imageurl":"/mcm/images/land/2B/11915_424f35d1cb0c.jpg","landname":"121"},{"id":281474997813370,"level":1,"status":1,"posx":7,"posy":28,"cityid":322,"townid":719,"tokenid":"332ea10c1f48487b01cfdb8e96db0174","tokenurl":"/mcm/api/land?token=332ea10c1f48487b01cfdb8e96db0174","imageurl":"/mcm/images/land/2S/4761_55f4937139e1.jpg","landname":"122"},{"id":281474997813371,"level":3,"status":0,"posx":9,"posy":28,"cityid":322,"townid":719,"tokenid":"c27256626674e19f2d4c2e2646bff848","tokenurl":"/mcm/api/land?token=c27256626674e19f2d4c2e2646bff848","imageurl":"/mcm/images/land/2B/11916_303a1f1e8369.jpg","landname":"123"},{"id":281474997813372,"level":3,"status":0,"posx":10,"posy":28,"cityid":322,"townid":719,"tokenid":"436541d615d495189f9309d740787c14","tokenurl":"/mcm/api/land?token=436541d615d495189f9309d740787c14","imageurl":"/mcm/images/land/2B/11917_304adc5d9e9a.jpg","landname":"124"},{"id":281474997813373,"level":3,"status":1,"posx":23,"posy":28,"cityid":322,"townid":719,"tokenid":"ff57b894ae13bfb6904a23aa4eab20e7","tokenurl":"/mcm/api/land?token=ff57b894ae13bfb6904a23aa4eab20e7","imageurl":"/mcm/images/land/2B/11918_517d973b888d.jpg","landname":"125"},{"id":281474997813374,"level":1,"status":0,"posx":24,"posy":28,"cityid":322,"townid":719,"tokenid":"a42041b1799e2cfd8102a6f8149e2b2c","tokenurl":"/mcm/api/land?token=a42041b1799e2cfd8102a6f8149e2b2c","imageurl":"/mcm/images/land/2S/4762_230d5a911d58.jpg","landname":"126"},{"id":281474997813375,"level":3,"status":0,"posx":32,"posy":28,"cityid":322,"townid":719,"tokenid":"ba4a676c4add80498fc692bdcdc83a99","tokenurl":"/mcm/api/land?token=ba4a676c4add80498fc692bdcdc83a99","imageurl":"/mcm/images/land/2B/11919_35f7252aa402.jpg","landname":"127"},{"id":281474997813376,"level":2,"status":1,"posx":33,"posy":28,"cityid":322,"townid":719,"tokenid":"450670d4869a21b229050290b3ff6ceb","tokenurl":"/mcm/api/land?token=450670d4869a21b229050290b3ff6ceb","imageurl":"/mcm/images/land/2A/7150_4e062a9b6b2.jpg","landname":"128"},{"id":281474997813377,"level":1,"status":0,"posx":6,"posy":29,"cityid":322,"townid":719,"tokenid":"90bad05ff79c286be660795bfe28ee4b","tokenurl":"/mcm/api/land?token=90bad05ff79c286be660795bfe28ee4b","imageurl":"/mcm/images/land/2S/4763_347b8a52ef46.jpg","landname":"129"},{"id":281474997813378,"level":2,"status":1,"posx":7,"posy":29,"cityid":322,"townid":719,"tokenid":"e5d6188c8ad12c47c452425f7e9a5cb9","tokenurl":"/mcm/api/land?token=e5d6188c8ad12c47c452425f7e9a5cb9","imageurl":"/mcm/images/land/2A/7151_3e94c2007cf8.jpg","landname":"130"},{"id":281474997813379,"level":1,"status":1,"posx":9,"posy":29,"cityid":322,"townid":719,"tokenid":"491fd1fb8841aed4d75565e95e8260b8","tokenurl":"/mcm/api/land?token=491fd1fb8841aed4d75565e95e8260b8","imageurl":"/mcm/images/land/2S/4764_57534cf785a5.jpg","landname":"131"},{"id":281474997813380,"level":2,"status":1,"posx":10,"posy":29,"cityid":322,"townid":719,"tokenid":"fba2224f58ec3309774c8eb88543f214","tokenurl":"/mcm/api/land?token=fba2224f58ec3309774c8eb88543f214","imageurl":"/mcm/images/land/2A/7152_40e2082a3747.jpg","landname":"132"},{"id":281474997813381,"level":3,"status":1,"posx":23,"posy":29,"cityid":322,"townid":719,"tokenid":"0b4fb94f24f1dd83b4524895bb9cf7e2","tokenurl":"/mcm/api/land?token=0b4fb94f24f1dd83b4524895bb9cf7e2","imageurl":"/mcm/images/land/2B/11920_481f770b6f83.jpg","landname":"133"},{"id":281474997813382,"level":3,"status":1,"posx":24,"posy":29,"cityid":322,"townid":719,"tokenid":"0085e9b58bc2d2e1935a51e139646595","tokenurl":"/mcm/api/land?token=0085e9b58bc2d2e1935a51e139646595","imageurl":"/mcm/images/land/2B/11921_184b580443ee.jpg","landname":"134"},{"id":281474997813383,"level":2,"status":1,"posx":32,"posy":29,"cityid":322,"townid":719,"tokenid":"b981f3ccc3ed7d568c6cbada7111d954","tokenurl":"/mcm/api/land?token=b981f3ccc3ed7d568c6cbada7111d954","imageurl":"/mcm/images/land/2A/7153_32350f1efb5c.jpg","landname":"135"},{"id":281474997813384,"level":1,"status":1,"posx":33,"posy":29,"cityid":322,"townid":719,"tokenid":"c7d127384b9ca0b50733c2c41fd090c0","tokenurl":"/mcm/api/land?token=c7d127384b9ca0b50733c2c41fd090c0","imageurl":"/mcm/images/land/2S/4765_70f6e169050.jpg","landname":"136"},{"id":281474997813385,"level":3,"status":0,"posx":6,"posy":30,"cityid":322,"townid":719,"tokenid":"1fad6c2a86765b32d32a308b848e693f","tokenurl":"/mcm/api/land?token=1fad6c2a86765b32d32a308b848e693f","imageurl":"/mcm/images/land/2B/11922_139b180f4b80.jpg","landname":"137"},{"id":281474997813386,"level":2,"status":0,"posx":7,"posy":30,"cityid":322,"townid":719,"tokenid":"106f80ffab0f6ae17890392498bda083","tokenurl":"/mcm/api/land?token=106f80ffab0f6ae17890392498bda083","imageurl":"/mcm/images/land/2A/7154_5551242ea6d4.jpg","landname":"138"},{"id":281474997813387,"level":1,"status":0,"posx":9,"posy":30,"cityid":322,"townid":719,"tokenid":"6ea70e3add9eccf9c0a8adfe13f3aa33","tokenurl":"/mcm/api/land?token=6ea70e3add9eccf9c0a8adfe13f3aa33","imageurl":"/mcm/images/land/2S/4766_1ebb338aaccf.jpg","landname":"139"},{"id":281474997813388,"level":2,"status":0,"posx":10,"posy":30,"cityid":322,"townid":719,"tokenid":"f8ca2c8be2af34949a2358cbcf52e979","tokenurl":"/mcm/api/land?token=f8ca2c8be2af34949a2358cbcf52e979","imageurl":"/mcm/images/land/2A/7155_435e504ba47d.jpg","landname":"140"},{"id":281474997813389,"level":1,"status":1,"posx":23,"posy":30,"cityid":322,"townid":719,"tokenid":"e0a8508baf91af5e36d300d8aeabc39d","tokenurl":"/mcm/api/land?token=e0a8508baf91af5e36d300d8aeabc39d","imageurl":"/mcm/images/land/2S/4767_34b8d5579921.jpg","landname":"141"},{"id":281474997813390,"level":1,"status":1,"posx":24,"posy":30,"cityid":322,"townid":719,"tokenid":"98047f3a4279cb80290eadc68075a432","tokenurl":"/mcm/api/land?token=98047f3a4279cb80290eadc68075a432","imageurl":"/mcm/images/land/2S/4768_261fae4fa201.jpg","landname":"142"},{"id":281474997813391,"level":3,"status":1,"posx":32,"posy":30,"cityid":322,"townid":719,"tokenid":"6bde29e39c32ae4a111133fad20c87f7","tokenurl":"/mcm/api/land?token=6bde29e39c32ae4a111133fad20c87f7","imageurl":"/mcm/images/land/2B/11923_3eb6fcf2acf7.jpg","landname":"143"},{"id":281474997813392,"level":3,"status":1,"posx":33,"posy":30,"cityid":322,"townid":719,"tokenid":"7a7ed28c61b7592b0a630274d41bb37c","tokenurl":"/mcm/api/land?token=7a7ed28c61b7592b0a630274d41bb37c","imageurl":"/mcm/images/land/2B/11924_3c8c4b977506.jpg","landname":"144"},{"id":281474997813393,"level":2,"status":0,"posx":23,"posy":31,"cityid":322,"townid":719,"tokenid":"84e38cdbf6a1e286ddd7ce7f6e465fa3","tokenurl":"/mcm/api/land?token=84e38cdbf6a1e286ddd7ce7f6e465fa3","imageurl":"/mcm/images/land/2A/7156_5438a19d801.jpg","landname":"145"},{"id":281474997813394,"level":1,"status":1,"posx":24,"posy":31,"cityid":322,"townid":719,"tokenid":"29673119fcd6112cdfe8f3e4d41aae03","tokenurl":"/mcm/api/land?token=29673119fcd6112cdfe8f3e4d41aae03","imageurl":"/mcm/images/land/2S/4769_44d51a736720.jpg","landname":"146"},{"id":281474997813395,"level":1,"status":0,"posx":32,"posy":31,"cityid":322,"townid":719,"tokenid":"c19fe47d9bc2bc3d9bbbc1b0ad1c96d9","tokenurl":"/mcm/api/land?token=c19fe47d9bc2bc3d9bbbc1b0ad1c96d9","imageurl":"/mcm/images/land/2S/4770_2fe201672ea4.jpg","landname":"147"},{"id":281474997813396,"level":3,"status":0,"posx":33,"posy":31,"cityid":322,"townid":719,"tokenid":"c27b24fc067e6e83e6ad027b6a8c936c","tokenurl":"/mcm/api/land?token=c27b24fc067e6e83e6ad027b6a8c936c","imageurl":"/mcm/images/land/2B/11925_3f5cf5ab77cb.jpg","landname":"148"},{"id":281474997813397,"level":1,"status":1,"posx":32,"posy":32,"cityid":322,"townid":719,"tokenid":"e33165c26fc39843a789fa91d0885820","tokenurl":"/mcm/api/land?token=e33165c26fc39843a789fa91d0885820","imageurl":"/mcm/images/land/2S/4771_1aea195b53b4.jpg","landname":"149"},{"id":281474997813398,"level":3,"status":0,"posx":33,"posy":32,"cityid":322,"townid":719,"tokenid":"1b9078beaa65b0f2216e57dddb7be4d8","tokenurl":"/mcm/api/land?token=1b9078beaa65b0f2216e57dddb7be4d8","imageurl":"/mcm/images/land/2B/11926_10b1d92021a1.jpg","landname":"150"}]]],0,0,[],[],[]]
