[1,0,0,[["cc.JsonAsset",["_name","json"],1]],[[0,0,1,3]],[[0,"811",[{"id":281475000827905,"level":2,"status":1,"posx":7,"posy":5,"cityid":368,"townid":811,"tokenid":"2d6bab8139719600032aedb923445852","tokenurl":"/mcm/api/land?token=2d6bab8139719600032aedb923445852","imageurl":"/mcm/images/land/2A/11252_56fbf811e545.jpg","landname":"1"},{"id":281475000827906,"level":2,"status":0,"posx":8,"posy":5,"cityid":368,"townid":811,"tokenid":"29351cf617f84c1d9d6604b47f421dc3","tokenurl":"/mcm/api/land?token=29351cf617f84c1d9d6604b47f421dc3","imageurl":"/mcm/images/land/2A/11253_3213d3112851.jpg","landname":"2"},{"id":281475000827907,"level":3,"status":0,"posx":16,"posy":5,"cityid":368,"townid":811,"tokenid":"bb0880af1594700fa5fad93d1a31beac","tokenurl":"/mcm/api/land?token=bb0880af1594700fa5fad93d1a31beac","imageurl":"/mcm/images/land/2B/18752_2ade9f7f6075.jpg","landname":"3"},{"id":281475000827908,"level":3,"status":1,"posx":17,"posy":5,"cityid":368,"townid":811,"tokenid":"5f7ad767d8e431348e75dbb2d8e8809e","tokenurl":"/mcm/api/land?token=5f7ad767d8e431348e75dbb2d8e8809e","imageurl":"/mcm/images/land/2B/18753_41ecd4557d5b.jpg","landname":"4"},{"id":281475000827909,"level":3,"status":0,"posx":20,"posy":5,"cityid":368,"townid":811,"tokenid":"52d3204afd8e118f71d590299f8daec0","tokenurl":"/mcm/api/land?token=52d3204afd8e118f71d590299f8daec0","imageurl":"/mcm/images/land/2B/18754_c94963e96e9.jpg","landname":"5"},{"id":281475000827910,"level":2,"status":1,"posx":21,"posy":5,"cityid":368,"townid":811,"tokenid":"94ff72c46ce6f9e794c711869a8abc17","tokenurl":"/mcm/api/land?token=94ff72c46ce6f9e794c711869a8abc17","imageurl":"/mcm/images/land/2A/11254_3d0c97346543.jpg","landname":"6"},{"id":281475000827911,"level":1,"status":1,"posx":7,"posy":6,"cityid":368,"townid":811,"tokenid":"a7ad99e6d51cb6b7a4d0014309386c48","tokenurl":"/mcm/api/land?token=a7ad99e6d51cb6b7a4d0014309386c48","imageurl":"/mcm/images/land/2S/7502_450a1492e1ec.jpg","landname":"7"},{"id":281475000827912,"level":3,"status":0,"posx":8,"posy":6,"cityid":368,"townid":811,"tokenid":"53dcc0314b3e3910aa864b509bbbea49","tokenurl":"/mcm/api/land?token=53dcc0314b3e3910aa864b509bbbea49","imageurl":"/mcm/images/land/2B/18755_32f0c664394b.jpg","landname":"8"},{"id":281475000827913,"level":1,"status":1,"posx":16,"posy":6,"cityid":368,"townid":811,"tokenid":"bb2797e936f80b569631ced8b2495a12","tokenurl":"/mcm/api/land?token=bb2797e936f80b569631ced8b2495a12","imageurl":"/mcm/images/land/2S/7503_3ad154e0fcd6.jpg","landname":"9"},{"id":281475000827914,"level":3,"status":0,"posx":17,"posy":6,"cityid":368,"townid":811,"tokenid":"6ee72c4dd3f7c02c6b8f51d7b7177540","tokenurl":"/mcm/api/land?token=6ee72c4dd3f7c02c6b8f51d7b7177540","imageurl":"/mcm/images/land/2B/18756_578311aba01f.jpg","landname":"10"},{"id":281475000827915,"level":1,"status":1,"posx":20,"posy":6,"cityid":368,"townid":811,"tokenid":"ee27460011e14075bab372ca7e0e9317","tokenurl":"/mcm/api/land?token=ee27460011e14075bab372ca7e0e9317","imageurl":"/mcm/images/land/2S/7504_bac57b45633.jpg","landname":"11"},{"id":281475000827916,"level":3,"status":1,"posx":21,"posy":6,"cityid":368,"townid":811,"tokenid":"5ce7a4f8bd845b48f45d182dc09c0cb2","tokenurl":"/mcm/api/land?token=5ce7a4f8bd845b48f45d182dc09c0cb2","imageurl":"/mcm/images/land/2B/18757_2f8373de2d3c.jpg","landname":"12"},{"id":281475000827917,"level":3,"status":1,"posx":7,"posy":7,"cityid":368,"townid":811,"tokenid":"759944bda7975166a2cdcf15ea94f954","tokenurl":"/mcm/api/land?token=759944bda7975166a2cdcf15ea94f954","imageurl":"/mcm/images/land/2B/18758_52c08350866a.jpg","landname":"13"},{"id":281475000827918,"level":3,"status":0,"posx":8,"posy":7,"cityid":368,"townid":811,"tokenid":"8c76419a5fc8dad40a63fbe24c329e83","tokenurl":"/mcm/api/land?token=8c76419a5fc8dad40a63fbe24c329e83","imageurl":"/mcm/images/land/2B/18759_4ad621da07f6.jpg","landname":"14"},{"id":281475000827919,"level":1,"status":0,"posx":16,"posy":7,"cityid":368,"townid":811,"tokenid":"138fa5515c2a4b2537ec1bc6f295ec12","tokenurl":"/mcm/api/land?token=138fa5515c2a4b2537ec1bc6f295ec12","imageurl":"/mcm/images/land/2S/7505_476c065c5b7e.jpg","landname":"15"},{"id":281475000827920,"level":1,"status":1,"posx":17,"posy":7,"cityid":368,"townid":811,"tokenid":"33e49bec00369d9478339913f1c40978","tokenurl":"/mcm/api/land?token=33e49bec00369d9478339913f1c40978","imageurl":"/mcm/images/land/2S/7506_4c28492a4783.jpg","landname":"16"},{"id":281475000827921,"level":1,"status":0,"posx":20,"posy":7,"cityid":368,"townid":811,"tokenid":"a21e98f63eae4678ff8238ba3e39cb5f","tokenurl":"/mcm/api/land?token=a21e98f63eae4678ff8238ba3e39cb5f","imageurl":"/mcm/images/land/2S/7507_38cb8f15c64c.jpg","landname":"17"},{"id":281475000827922,"level":3,"status":1,"posx":21,"posy":7,"cityid":368,"townid":811,"tokenid":"4d769338dbe1da6fced3cb77c6ed8f92","tokenurl":"/mcm/api/land?token=4d769338dbe1da6fced3cb77c6ed8f92","imageurl":"/mcm/images/land/2B/18760_378b54890601.jpg","landname":"18"},{"id":281475000827923,"level":3,"status":0,"posx":7,"posy":8,"cityid":368,"townid":811,"tokenid":"d2967493baf7cd6a56dc075178dc8dd7","tokenurl":"/mcm/api/land?token=d2967493baf7cd6a56dc075178dc8dd7","imageurl":"/mcm/images/land/2B/18761_4d0106978acc.jpg","landname":"19"},{"id":281475000827924,"level":2,"status":1,"posx":8,"posy":8,"cityid":368,"townid":811,"tokenid":"57ae029e4c7e153cf58399426ae5e540","tokenurl":"/mcm/api/land?token=57ae029e4c7e153cf58399426ae5e540","imageurl":"/mcm/images/land/2A/11255_40e659c9f7ba.jpg","landname":"20"},{"id":281475000827925,"level":2,"status":0,"posx":16,"posy":8,"cityid":368,"townid":811,"tokenid":"afdcdb345cfdca3c93e38ba33bde4f2e","tokenurl":"/mcm/api/land?token=afdcdb345cfdca3c93e38ba33bde4f2e","imageurl":"/mcm/images/land/2A/11256_3ec97ed1764d.jpg","landname":"21"},{"id":281475000827926,"level":3,"status":1,"posx":17,"posy":8,"cityid":368,"townid":811,"tokenid":"d098101214841d0b805f9f67cb6ff746","tokenurl":"/mcm/api/land?token=d098101214841d0b805f9f67cb6ff746","imageurl":"/mcm/images/land/2B/18762_3d65f9182e20.jpg","landname":"22"},{"id":281475000827927,"level":3,"status":1,"posx":20,"posy":8,"cityid":368,"townid":811,"tokenid":"8efff8e1e578a92e2d814589012cff9e","tokenurl":"/mcm/api/land?token=8efff8e1e578a92e2d814589012cff9e","imageurl":"/mcm/images/land/2B/18763_38eafd4c9a8a.jpg","landname":"23"},{"id":281475000827928,"level":2,"status":1,"posx":21,"posy":8,"cityid":368,"townid":811,"tokenid":"d4e6d9946d54b836845e0226befbbb23","tokenurl":"/mcm/api/land?token=d4e6d9946d54b836845e0226befbbb23","imageurl":"/mcm/images/land/2A/11257_1618c912209b.jpg","landname":"24"},{"id":281475000827929,"level":3,"status":1,"posx":28,"posy":8,"cityid":368,"townid":811,"tokenid":"308c8f2934ccbcf43ad06b3d1bb2bef4","tokenurl":"/mcm/api/land?token=308c8f2934ccbcf43ad06b3d1bb2bef4","imageurl":"/mcm/images/land/2B/18764_3fe6b1d6f66a.jpg","landname":"25"},{"id":281475000827930,"level":1,"status":1,"posx":29,"posy":8,"cityid":368,"townid":811,"tokenid":"abc7e20dfca69b2510784265ce1fbcbe","tokenurl":"/mcm/api/land?token=abc7e20dfca69b2510784265ce1fbcbe","imageurl":"/mcm/images/land/2S/7508_5a44cbd08352.jpg","landname":"26"},{"id":281475000827931,"level":3,"status":0,"posx":32,"posy":8,"cityid":368,"townid":811,"tokenid":"64dad922705da34f8350004a4c8384f9","tokenurl":"/mcm/api/land?token=64dad922705da34f8350004a4c8384f9","imageurl":"/mcm/images/land/2B/18765_3147e328bef.jpg","landname":"27"},{"id":281475000827932,"level":2,"status":1,"posx":33,"posy":8,"cityid":368,"townid":811,"tokenid":"af190d58ad060f1d35eee4b9c7d74403","tokenurl":"/mcm/api/land?token=af190d58ad060f1d35eee4b9c7d74403","imageurl":"/mcm/images/land/2A/11258_aa0109554a.jpg","landname":"28"},{"id":281475000827933,"level":1,"status":1,"posx":7,"posy":9,"cityid":368,"townid":811,"tokenid":"2f13ea11d9ba7800d293c94df2dcb1aa","tokenurl":"/mcm/api/land?token=2f13ea11d9ba7800d293c94df2dcb1aa","imageurl":"/mcm/images/land/2S/7509_2c6dd96db5e8.jpg","landname":"29"},{"id":281475000827934,"level":1,"status":1,"posx":8,"posy":9,"cityid":368,"townid":811,"tokenid":"ffe19499b1e5d43bb9c9aefc99ddafb3","tokenurl":"/mcm/api/land?token=ffe19499b1e5d43bb9c9aefc99ddafb3","imageurl":"/mcm/images/land/2S/7510_28dc7d9b5a70.jpg","landname":"30"},{"id":281475000827935,"level":3,"status":0,"posx":16,"posy":9,"cityid":368,"townid":811,"tokenid":"67adf1278c8fbf593bce4cd51ae4984c","tokenurl":"/mcm/api/land?token=67adf1278c8fbf593bce4cd51ae4984c","imageurl":"/mcm/images/land/2B/18766_3d20aeb8c443.jpg","landname":"31"},{"id":281475000827936,"level":3,"status":1,"posx":17,"posy":9,"cityid":368,"townid":811,"tokenid":"def9d4b67fadaf803dfc2e44aa4a45c0","tokenurl":"/mcm/api/land?token=def9d4b67fadaf803dfc2e44aa4a45c0","imageurl":"/mcm/images/land/2B/18767_1007cb505f71.jpg","landname":"32"},{"id":281475000827937,"level":2,"status":0,"posx":20,"posy":9,"cityid":368,"townid":811,"tokenid":"f31d696fe5a3c386efd192967af266c8","tokenurl":"/mcm/api/land?token=f31d696fe5a3c386efd192967af266c8","imageurl":"/mcm/images/land/2A/11259_32bd9bb330c9.jpg","landname":"33"},{"id":281475000827938,"level":2,"status":0,"posx":21,"posy":9,"cityid":368,"townid":811,"tokenid":"fb5eea79ba9fad27d3474fa61f1111e4","tokenurl":"/mcm/api/land?token=fb5eea79ba9fad27d3474fa61f1111e4","imageurl":"/mcm/images/land/2A/11260_45885c0ffe6b.jpg","landname":"34"},{"id":281475000827939,"level":3,"status":1,"posx":28,"posy":9,"cityid":368,"townid":811,"tokenid":"80fbbb27c6aa0a5cb68c88b6e18fb80d","tokenurl":"/mcm/api/land?token=80fbbb27c6aa0a5cb68c88b6e18fb80d","imageurl":"/mcm/images/land/2B/18768_55f11a436835.jpg","landname":"35"},{"id":281475000827940,"level":2,"status":1,"posx":29,"posy":9,"cityid":368,"townid":811,"tokenid":"a8544068625376c0b658388491712533","tokenurl":"/mcm/api/land?token=a8544068625376c0b658388491712533","imageurl":"/mcm/images/land/2A/11261_1a8133f781ac.jpg","landname":"36"},{"id":281475000827941,"level":3,"status":1,"posx":32,"posy":9,"cityid":368,"townid":811,"tokenid":"03701adeb8203ac88a7b203835695d9f","tokenurl":"/mcm/api/land?token=03701adeb8203ac88a7b203835695d9f","imageurl":"/mcm/images/land/2B/18769_497585afe150.jpg","landname":"37"},{"id":281475000827942,"level":2,"status":1,"posx":33,"posy":9,"cityid":368,"townid":811,"tokenid":"9c70a199881e46f0b8c4adf5a69ac3e8","tokenurl":"/mcm/api/land?token=9c70a199881e46f0b8c4adf5a69ac3e8","imageurl":"/mcm/images/land/2A/11262_fa5ac8e67bb.jpg","landname":"38"},{"id":281475000827943,"level":3,"status":1,"posx":28,"posy":10,"cityid":368,"townid":811,"tokenid":"1baa45fc94a69eada846e197f182c268","tokenurl":"/mcm/api/land?token=1baa45fc94a69eada846e197f182c268","imageurl":"/mcm/images/land/2B/18770_55168fcd686.jpg","landname":"39"},{"id":281475000827944,"level":3,"status":1,"posx":29,"posy":10,"cityid":368,"townid":811,"tokenid":"78fb76058b5322a55e62380080903398","tokenurl":"/mcm/api/land?token=78fb76058b5322a55e62380080903398","imageurl":"/mcm/images/land/2B/18771_35e814b2478d.jpg","landname":"40"},{"id":281475000827945,"level":2,"status":1,"posx":32,"posy":10,"cityid":368,"townid":811,"tokenid":"62dbe5ed22aaf4a7cbadf58932192590","tokenurl":"/mcm/api/land?token=62dbe5ed22aaf4a7cbadf58932192590","imageurl":"/mcm/images/land/2A/11263_2812de1f8b69.jpg","landname":"41"},{"id":281475000827946,"level":3,"status":0,"posx":33,"posy":10,"cityid":368,"townid":811,"tokenid":"981358314d1d9db39d0c8b63b1b1563a","tokenurl":"/mcm/api/land?token=981358314d1d9db39d0c8b63b1b1563a","imageurl":"/mcm/images/land/2B/18772_4e6959034c14.jpg","landname":"42"},{"id":281475000827947,"level":3,"status":0,"posx":28,"posy":11,"cityid":368,"townid":811,"tokenid":"860292a301587b269bd9d344773178b6","tokenurl":"/mcm/api/land?token=860292a301587b269bd9d344773178b6","imageurl":"/mcm/images/land/2B/18773_1c80f8f45d13.jpg","landname":"43"},{"id":281475000827948,"level":3,"status":0,"posx":29,"posy":11,"cityid":368,"townid":811,"tokenid":"59cf11ff9a009ea69e66a6ba756343f0","tokenurl":"/mcm/api/land?token=59cf11ff9a009ea69e66a6ba756343f0","imageurl":"/mcm/images/land/2B/18774_361657c34a70.jpg","landname":"44"},{"id":281475000827949,"level":2,"status":0,"posx":32,"posy":11,"cityid":368,"townid":811,"tokenid":"f7f3d94149411c3a5bde6756fb07bf0a","tokenurl":"/mcm/api/land?token=f7f3d94149411c3a5bde6756fb07bf0a","imageurl":"/mcm/images/land/2A/11264_1043f8d7ea60.jpg","landname":"45"},{"id":281475000827950,"level":3,"status":0,"posx":33,"posy":11,"cityid":368,"townid":811,"tokenid":"6a37728b0c30cf07cee64d85e988f642","tokenurl":"/mcm/api/land?token=6a37728b0c30cf07cee64d85e988f642","imageurl":"/mcm/images/land/2B/18775_506e5f19d0ac.jpg","landname":"46"},{"id":281475000827951,"level":2,"status":0,"posx":28,"posy":12,"cityid":368,"townid":811,"tokenid":"56bbff5057e7ff4ccc90d9dc13c605b1","tokenurl":"/mcm/api/land?token=56bbff5057e7ff4ccc90d9dc13c605b1","imageurl":"/mcm/images/land/2A/11265_1301d06020c8.jpg","landname":"47"},{"id":281475000827952,"level":1,"status":0,"posx":29,"posy":12,"cityid":368,"townid":811,"tokenid":"24db5d8d69ac3eeb08832a8caa97b474","tokenurl":"/mcm/api/land?token=24db5d8d69ac3eeb08832a8caa97b474","imageurl":"/mcm/images/land/2S/7511_5568f4dab6bf.jpg","landname":"48"},{"id":281475000827953,"level":3,"status":0,"posx":32,"posy":12,"cityid":368,"townid":811,"tokenid":"77bdc1753af55c82549db774c96497b3","tokenurl":"/mcm/api/land?token=77bdc1753af55c82549db774c96497b3","imageurl":"/mcm/images/land/2B/18776_13266a88d2bf.jpg","landname":"49"},{"id":281475000827954,"level":1,"status":0,"posx":33,"posy":12,"cityid":368,"townid":811,"tokenid":"c93fa0c81f266d01f558cfa9238bc1b7","tokenurl":"/mcm/api/land?token=c93fa0c81f266d01f558cfa9238bc1b7","imageurl":"/mcm/images/land/2S/7512_529d1364fe45.jpg","landname":"50"},{"id":281475000827955,"level":1,"status":0,"posx":23,"posy":14,"cityid":368,"townid":811,"tokenid":"2e26be91f0bf338ca4c5a387b4fed5b7","tokenurl":"/mcm/api/land?token=2e26be91f0bf338ca4c5a387b4fed5b7","imageurl":"/mcm/images/land/2S/7513_210c83647f99.jpg","landname":"51"},{"id":281475000827956,"level":1,"status":0,"posx":24,"posy":14,"cityid":368,"townid":811,"tokenid":"94358e4e9d857ac7ad93e3505a528abd","tokenurl":"/mcm/api/land?token=94358e4e9d857ac7ad93e3505a528abd","imageurl":"/mcm/images/land/2S/7514_222a6775386e.jpg","landname":"52"},{"id":281475000827957,"level":1,"status":0,"posx":23,"posy":15,"cityid":368,"townid":811,"tokenid":"d1be316d0d53601d000982843c1e06ff","tokenurl":"/mcm/api/land?token=d1be316d0d53601d000982843c1e06ff","imageurl":"/mcm/images/land/2S/7515_25cc55ba406d.jpg","landname":"53"},{"id":281475000827958,"level":3,"status":0,"posx":24,"posy":15,"cityid":368,"townid":811,"tokenid":"219371258cfd3b04657d97ef36e5192a","tokenurl":"/mcm/api/land?token=219371258cfd3b04657d97ef36e5192a","imageurl":"/mcm/images/land/2B/18777_4d6590c1f774.jpg","landname":"54"},{"id":281475000827959,"level":2,"status":0,"posx":33,"posy":15,"cityid":368,"townid":811,"tokenid":"d8a4788a4ea9a5b51bd0e4d44fbaf526","tokenurl":"/mcm/api/land?token=d8a4788a4ea9a5b51bd0e4d44fbaf526","imageurl":"/mcm/images/land/2A/11266_1b9980f3eee1.jpg","landname":"55"},{"id":281475000827960,"level":3,"status":1,"posx":34,"posy":15,"cityid":368,"townid":811,"tokenid":"066f40bf57db69b2d6c913baa098124d","tokenurl":"/mcm/api/land?token=066f40bf57db69b2d6c913baa098124d","imageurl":"/mcm/images/land/2B/18778_142588bea513.jpg","landname":"56"},{"id":281475000827961,"level":2,"status":1,"posx":11,"posy":16,"cityid":368,"townid":811,"tokenid":"34579aca928006765ac705b8b4959a4f","tokenurl":"/mcm/api/land?token=34579aca928006765ac705b8b4959a4f","imageurl":"/mcm/images/land/2A/11267_f9b1dda8451.jpg","landname":"57"},{"id":281475000827962,"level":3,"status":0,"posx":12,"posy":16,"cityid":368,"townid":811,"tokenid":"15f825ed6a1c8dc769c3521d8acce5e3","tokenurl":"/mcm/api/land?token=15f825ed6a1c8dc769c3521d8acce5e3","imageurl":"/mcm/images/land/2B/18779_4f87583ab27.jpg","landname":"58"},{"id":281475000827963,"level":1,"status":0,"posx":23,"posy":16,"cityid":368,"townid":811,"tokenid":"1fd958b7ea4cb1fcb6585919493623c5","tokenurl":"/mcm/api/land?token=1fd958b7ea4cb1fcb6585919493623c5","imageurl":"/mcm/images/land/2S/7516_30496eef3a19.jpg","landname":"59"},{"id":281475000827964,"level":3,"status":0,"posx":24,"posy":16,"cityid":368,"townid":811,"tokenid":"55618448a8cb94fcb9e7d2259fc84ec5","tokenurl":"/mcm/api/land?token=55618448a8cb94fcb9e7d2259fc84ec5","imageurl":"/mcm/images/land/2B/18780_34c753c87400.jpg","landname":"60"},{"id":281475000827965,"level":3,"status":0,"posx":33,"posy":16,"cityid":368,"townid":811,"tokenid":"d8fb88189c168cf1081bf8a04d006aab","tokenurl":"/mcm/api/land?token=d8fb88189c168cf1081bf8a04d006aab","imageurl":"/mcm/images/land/2B/18781_1f7c54c17dfd.jpg","landname":"61"},{"id":281475000827966,"level":1,"status":1,"posx":34,"posy":16,"cityid":368,"townid":811,"tokenid":"9c35054055f17feddee564c8cbd12e1c","tokenurl":"/mcm/api/land?token=9c35054055f17feddee564c8cbd12e1c","imageurl":"/mcm/images/land/2S/7517_597886c77347.jpg","landname":"62"},{"id":281475000827967,"level":1,"status":1,"posx":11,"posy":17,"cityid":368,"townid":811,"tokenid":"92b62504579ec810b2239fd36ab5bacd","tokenurl":"/mcm/api/land?token=92b62504579ec810b2239fd36ab5bacd","imageurl":"/mcm/images/land/2S/7518_44fdad0ac4ab.jpg","landname":"63"},{"id":281475000827968,"level":2,"status":1,"posx":12,"posy":17,"cityid":368,"townid":811,"tokenid":"7eb8bf4b6b2671b5738eca5e29b8203a","tokenurl":"/mcm/api/land?token=7eb8bf4b6b2671b5738eca5e29b8203a","imageurl":"/mcm/images/land/2A/11268_140fbe4e11d8.jpg","landname":"64"},{"id":281475000827969,"level":2,"status":0,"posx":23,"posy":17,"cityid":368,"townid":811,"tokenid":"47a863cd234dcae25cf8a1897c25ead0","tokenurl":"/mcm/api/land?token=47a863cd234dcae25cf8a1897c25ead0","imageurl":"/mcm/images/land/2A/11269_247f71da5141.jpg","landname":"65"},{"id":281475000827970,"level":3,"status":0,"posx":24,"posy":17,"cityid":368,"townid":811,"tokenid":"7ff7f8bdad3208e430ca0d207a6000f2","tokenurl":"/mcm/api/land?token=7ff7f8bdad3208e430ca0d207a6000f2","imageurl":"/mcm/images/land/2B/18782_f339f41f7de.jpg","landname":"66"},{"id":281475000827971,"level":3,"status":1,"posx":33,"posy":17,"cityid":368,"townid":811,"tokenid":"9e6700f24c7de48555ccce890be99f7f","tokenurl":"/mcm/api/land?token=9e6700f24c7de48555ccce890be99f7f","imageurl":"/mcm/images/land/2B/18783_2796ce8dd914.jpg","landname":"67"},{"id":281475000827972,"level":3,"status":1,"posx":34,"posy":17,"cityid":368,"townid":811,"tokenid":"1ffe7ea1ee2ba7ce474dbc83e2b760dd","tokenurl":"/mcm/api/land?token=1ffe7ea1ee2ba7ce474dbc83e2b760dd","imageurl":"/mcm/images/land/2B/18784_3579141b636.jpg","landname":"68"},{"id":281475000827973,"level":3,"status":1,"posx":7,"posy":18,"cityid":368,"townid":811,"tokenid":"722362696c205471bc3aa9f4486a4710","tokenurl":"/mcm/api/land?token=722362696c205471bc3aa9f4486a4710","imageurl":"/mcm/images/land/2B/18785_549370f236e.jpg","landname":"69"},{"id":281475000827974,"level":2,"status":0,"posx":8,"posy":18,"cityid":368,"townid":811,"tokenid":"8aca5e80dafb228c59e30461f1e055f8","tokenurl":"/mcm/api/land?token=8aca5e80dafb228c59e30461f1e055f8","imageurl":"/mcm/images/land/2A/11270_11c2fe34bb14.jpg","landname":"70"},{"id":281475000827975,"level":3,"status":0,"posx":11,"posy":18,"cityid":368,"townid":811,"tokenid":"62773268e70d4cebe378cd0a9dee8036","tokenurl":"/mcm/api/land?token=62773268e70d4cebe378cd0a9dee8036","imageurl":"/mcm/images/land/2B/18786_13571bccada4.jpg","landname":"71"},{"id":281475000827976,"level":2,"status":1,"posx":12,"posy":18,"cityid":368,"townid":811,"tokenid":"0f4d2214b55429ae2e5f4553c6c58598","tokenurl":"/mcm/api/land?token=0f4d2214b55429ae2e5f4553c6c58598","imageurl":"/mcm/images/land/2A/11271_45e23ef2d1.jpg","landname":"72"},{"id":281475000827977,"level":3,"status":0,"posx":23,"posy":18,"cityid":368,"townid":811,"tokenid":"f80d1f151d1b546d9fcb7b721b0ad2b9","tokenurl":"/mcm/api/land?token=f80d1f151d1b546d9fcb7b721b0ad2b9","imageurl":"/mcm/images/land/2B/18787_57bccc32102e.jpg","landname":"73"},{"id":281475000827978,"level":3,"status":1,"posx":24,"posy":18,"cityid":368,"townid":811,"tokenid":"64b2795568eab0b4334b1815f950d391","tokenurl":"/mcm/api/land?token=64b2795568eab0b4334b1815f950d391","imageurl":"/mcm/images/land/2B/18788_34b2b29f7181.jpg","landname":"74"},{"id":281475000827979,"level":3,"status":1,"posx":33,"posy":18,"cityid":368,"townid":811,"tokenid":"eebc58f06e6e0f6155300faff1fc3fde","tokenurl":"/mcm/api/land?token=eebc58f06e6e0f6155300faff1fc3fde","imageurl":"/mcm/images/land/2B/18789_62253dfa5d1.jpg","landname":"75"},{"id":281475000827980,"level":2,"status":0,"posx":34,"posy":18,"cityid":368,"townid":811,"tokenid":"9b74659879241dfb04896013e8c9d3db","tokenurl":"/mcm/api/land?token=9b74659879241dfb04896013e8c9d3db","imageurl":"/mcm/images/land/2A/11272_72253803a08.jpg","landname":"76"},{"id":281475000827981,"level":1,"status":0,"posx":7,"posy":19,"cityid":368,"townid":811,"tokenid":"1ddc54b03939d9698833be675f73bc33","tokenurl":"/mcm/api/land?token=1ddc54b03939d9698833be675f73bc33","imageurl":"/mcm/images/land/2S/7519_bf484ca80ae.jpg","landname":"77"},{"id":281475000827982,"level":1,"status":1,"posx":8,"posy":19,"cityid":368,"townid":811,"tokenid":"a31fc08a5133ef3b7550ceae5d234e21","tokenurl":"/mcm/api/land?token=a31fc08a5133ef3b7550ceae5d234e21","imageurl":"/mcm/images/land/2S/7520_27d0b7c2ca88.jpg","landname":"78"},{"id":281475000827983,"level":3,"status":1,"posx":11,"posy":19,"cityid":368,"townid":811,"tokenid":"c190da3d7b371dd1c79f6a6f244d4c54","tokenurl":"/mcm/api/land?token=c190da3d7b371dd1c79f6a6f244d4c54","imageurl":"/mcm/images/land/2B/18790_70625316b38.jpg","landname":"79"},{"id":281475000827984,"level":2,"status":0,"posx":12,"posy":19,"cityid":368,"townid":811,"tokenid":"0f1064e3503fd6183e70976ed16f5f2a","tokenurl":"/mcm/api/land?token=0f1064e3503fd6183e70976ed16f5f2a","imageurl":"/mcm/images/land/2A/11273_38fca5234750.jpg","landname":"80"},{"id":281475000827985,"level":3,"status":1,"posx":33,"posy":19,"cityid":368,"townid":811,"tokenid":"37282f22a77f57fab1399bf112e7796b","tokenurl":"/mcm/api/land?token=37282f22a77f57fab1399bf112e7796b","imageurl":"/mcm/images/land/2B/18791_1f863870fe0d.jpg","landname":"81"},{"id":281475000827986,"level":2,"status":1,"posx":34,"posy":19,"cityid":368,"townid":811,"tokenid":"7125b3533b1bc8ced1b3cd7f7f98ff58","tokenurl":"/mcm/api/land?token=7125b3533b1bc8ced1b3cd7f7f98ff58","imageurl":"/mcm/images/land/2A/11274_3f64cff0fc66.jpg","landname":"82"},{"id":281475000827987,"level":2,"status":1,"posx":7,"posy":20,"cityid":368,"townid":811,"tokenid":"26a42f165c9cb24f6ad6b294c201d6d9","tokenurl":"/mcm/api/land?token=26a42f165c9cb24f6ad6b294c201d6d9","imageurl":"/mcm/images/land/2A/11275_481f19c426e2.jpg","landname":"83"},{"id":281475000827988,"level":2,"status":0,"posx":8,"posy":20,"cityid":368,"townid":811,"tokenid":"9b1e689f4ca8d39bec931fc0a07e777d","tokenurl":"/mcm/api/land?token=9b1e689f4ca8d39bec931fc0a07e777d","imageurl":"/mcm/images/land/2A/11276_c19bb969914.jpg","landname":"84"},{"id":281475000827989,"level":1,"status":0,"posx":11,"posy":20,"cityid":368,"townid":811,"tokenid":"10f9e3f5e3a78e36055e759d58392585","tokenurl":"/mcm/api/land?token=10f9e3f5e3a78e36055e759d58392585","imageurl":"/mcm/images/land/2S/7521_3695486e4b11.jpg","landname":"85"},{"id":281475000827990,"level":2,"status":0,"posx":12,"posy":20,"cityid":368,"townid":811,"tokenid":"bf6aa825a37d225d89515b75d6723ca6","tokenurl":"/mcm/api/land?token=bf6aa825a37d225d89515b75d6723ca6","imageurl":"/mcm/images/land/2A/11277_4987a1596ff0.jpg","landname":"86"},{"id":281475000827991,"level":3,"status":1,"posx":7,"posy":21,"cityid":368,"townid":811,"tokenid":"75d6fff5640a085c273b6678e97e365a","tokenurl":"/mcm/api/land?token=75d6fff5640a085c273b6678e97e365a","imageurl":"/mcm/images/land/2B/18792_d853ecfc426.jpg","landname":"87"},{"id":281475000827992,"level":3,"status":0,"posx":8,"posy":21,"cityid":368,"townid":811,"tokenid":"ca341aa0c6b621b66c5486cf81615228","tokenurl":"/mcm/api/land?token=ca341aa0c6b621b66c5486cf81615228","imageurl":"/mcm/images/land/2B/18793_1c53ef07324f.jpg","landname":"88"},{"id":281475000827993,"level":1,"status":0,"posx":26,"posy":21,"cityid":368,"townid":811,"tokenid":"f6f976093b7bc59299f23b73fa2cfd71","tokenurl":"/mcm/api/land?token=f6f976093b7bc59299f23b73fa2cfd71","imageurl":"/mcm/images/land/2S/7522_285f39f7e3fa.jpg","landname":"89"},{"id":281475000827994,"level":3,"status":1,"posx":27,"posy":21,"cityid":368,"townid":811,"tokenid":"0c82c4729a54d71af1b552f83c94bc44","tokenurl":"/mcm/api/land?token=0c82c4729a54d71af1b552f83c94bc44","imageurl":"/mcm/images/land/2B/18794_315b095f25d4.jpg","landname":"90"},{"id":281475000827995,"level":1,"status":1,"posx":7,"posy":22,"cityid":368,"townid":811,"tokenid":"a1d4b8b2a1e56ea4cce180833dfbd8d6","tokenurl":"/mcm/api/land?token=a1d4b8b2a1e56ea4cce180833dfbd8d6","imageurl":"/mcm/images/land/2S/7523_14ac0d8cf38c.jpg","landname":"91"},{"id":281475000827996,"level":3,"status":0,"posx":8,"posy":22,"cityid":368,"townid":811,"tokenid":"7608208c94eda51a343771ec2c66444f","tokenurl":"/mcm/api/land?token=7608208c94eda51a343771ec2c66444f","imageurl":"/mcm/images/land/2B/18795_400f50e41cba.jpg","landname":"92"},{"id":281475000827997,"level":3,"status":0,"posx":23,"posy":22,"cityid":368,"townid":811,"tokenid":"285b5bb906ab0e73347473f8451a4f59","tokenurl":"/mcm/api/land?token=285b5bb906ab0e73347473f8451a4f59","imageurl":"/mcm/images/land/2B/18796_82549f87030.jpg","landname":"93"},{"id":281475000827998,"level":3,"status":0,"posx":24,"posy":22,"cityid":368,"townid":811,"tokenid":"94e8f417a5368a605ee9a48f26b32762","tokenurl":"/mcm/api/land?token=94e8f417a5368a605ee9a48f26b32762","imageurl":"/mcm/images/land/2B/18797_1ddb2236923c.jpg","landname":"94"},{"id":281475000827999,"level":2,"status":0,"posx":26,"posy":22,"cityid":368,"townid":811,"tokenid":"4edae0d42fb6cb7a96d42ffe249407e8","tokenurl":"/mcm/api/land?token=4edae0d42fb6cb7a96d42ffe249407e8","imageurl":"/mcm/images/land/2A/11278_12030acba576.jpg","landname":"95"},{"id":281475000828000,"level":1,"status":0,"posx":27,"posy":22,"cityid":368,"townid":811,"tokenid":"a75b9567049da035365e424250ec3a26","tokenurl":"/mcm/api/land?token=a75b9567049da035365e424250ec3a26","imageurl":"/mcm/images/land/2S/7524_489b7c2bc7d8.jpg","landname":"96"},{"id":281475000828001,"level":2,"status":1,"posx":33,"posy":22,"cityid":368,"townid":811,"tokenid":"7a29218014ccc53a009ba60c8ddfd01c","tokenurl":"/mcm/api/land?token=7a29218014ccc53a009ba60c8ddfd01c","imageurl":"/mcm/images/land/2A/11279_51d7feda614c.jpg","landname":"97"},{"id":281475000828002,"level":1,"status":0,"posx":34,"posy":22,"cityid":368,"townid":811,"tokenid":"e86dbbf7e8b882daf2f6a8ed4ce5a027","tokenurl":"/mcm/api/land?token=e86dbbf7e8b882daf2f6a8ed4ce5a027","imageurl":"/mcm/images/land/2S/7525_47cf51c5a3e7.jpg","landname":"98"},{"id":281475000828003,"level":3,"status":1,"posx":23,"posy":23,"cityid":368,"townid":811,"tokenid":"04193e96dca2a7824995076532a801a3","tokenurl":"/mcm/api/land?token=04193e96dca2a7824995076532a801a3","imageurl":"/mcm/images/land/2B/18798_4ca395c86847.jpg","landname":"99"},{"id":281475000828004,"level":1,"status":1,"posx":24,"posy":23,"cityid":368,"townid":811,"tokenid":"2608681c818d19049b94ed8da41364aa","tokenurl":"/mcm/api/land?token=2608681c818d19049b94ed8da41364aa","imageurl":"/mcm/images/land/2S/7526_4236369fb1ed.jpg","landname":"100"},{"id":281475000828005,"level":3,"status":1,"posx":26,"posy":23,"cityid":368,"townid":811,"tokenid":"fceb17ab99851c7a2991ac0312aa8c1e","tokenurl":"/mcm/api/land?token=fceb17ab99851c7a2991ac0312aa8c1e","imageurl":"/mcm/images/land/2B/18799_1463a246459e.jpg","landname":"101"},{"id":281475000828006,"level":3,"status":0,"posx":27,"posy":23,"cityid":368,"townid":811,"tokenid":"57ca9fac53e9c691a4778c7ecbcb439b","tokenurl":"/mcm/api/land?token=57ca9fac53e9c691a4778c7ecbcb439b","imageurl":"/mcm/images/land/2B/18800_1ad9cee771dd.jpg","landname":"102"},{"id":281475000828007,"level":3,"status":1,"posx":33,"posy":23,"cityid":368,"townid":811,"tokenid":"9b175bc1eb0a844d63c4bc9fc6a7e526","tokenurl":"/mcm/api/land?token=9b175bc1eb0a844d63c4bc9fc6a7e526","imageurl":"/mcm/images/land/2B/18801_3efdd4cbefa1.jpg","landname":"103"},{"id":281475000828008,"level":3,"status":0,"posx":34,"posy":23,"cityid":368,"townid":811,"tokenid":"09cbd4b39b3c07f826c9dde618c68b6b","tokenurl":"/mcm/api/land?token=09cbd4b39b3c07f826c9dde618c68b6b","imageurl":"/mcm/images/land/2B/18802_1c7ea0931945.jpg","landname":"104"},{"id":281475000828009,"level":3,"status":0,"posx":23,"posy":24,"cityid":368,"townid":811,"tokenid":"4120c23bfc3da03fbb733534dc202f52","tokenurl":"/mcm/api/land?token=4120c23bfc3da03fbb733534dc202f52","imageurl":"/mcm/images/land/2B/18803_4312ba7fb92.jpg","landname":"105"},{"id":281475000828010,"level":2,"status":1,"posx":24,"posy":24,"cityid":368,"townid":811,"tokenid":"37fb01552475e67793ec7c09c3cd4129","tokenurl":"/mcm/api/land?token=37fb01552475e67793ec7c09c3cd4129","imageurl":"/mcm/images/land/2A/11280_412f26ac4cba.jpg","landname":"106"},{"id":281475000828011,"level":2,"status":0,"posx":26,"posy":24,"cityid":368,"townid":811,"tokenid":"4dd8d966a86d0e76202dae619095b462","tokenurl":"/mcm/api/land?token=4dd8d966a86d0e76202dae619095b462","imageurl":"/mcm/images/land/2A/11281_14ea032c5c6d.jpg","landname":"107"},{"id":281475000828012,"level":1,"status":1,"posx":27,"posy":24,"cityid":368,"townid":811,"tokenid":"3268f4db3eaf52d07d06be4bad904a92","tokenurl":"/mcm/api/land?token=3268f4db3eaf52d07d06be4bad904a92","imageurl":"/mcm/images/land/2S/7527_35055d85117d.jpg","landname":"108"},{"id":281475000828013,"level":3,"status":1,"posx":33,"posy":24,"cityid":368,"townid":811,"tokenid":"1144dfd5486bb6d4d654e5a365c5de7d","tokenurl":"/mcm/api/land?token=1144dfd5486bb6d4d654e5a365c5de7d","imageurl":"/mcm/images/land/2B/18804_33c4b30d30b4.jpg","landname":"109"},{"id":281475000828014,"level":3,"status":0,"posx":34,"posy":24,"cityid":368,"townid":811,"tokenid":"75efa5562072d76355b24b17f84b2cde","tokenurl":"/mcm/api/land?token=75efa5562072d76355b24b17f84b2cde","imageurl":"/mcm/images/land/2B/18805_f8707a84667.jpg","landname":"110"},{"id":281475000828015,"level":2,"status":1,"posx":23,"posy":25,"cityid":368,"townid":811,"tokenid":"586daf8882dbf39919a52a7380485298","tokenurl":"/mcm/api/land?token=586daf8882dbf39919a52a7380485298","imageurl":"/mcm/images/land/2A/11282_3bd6f257e2a7.jpg","landname":"111"},{"id":281475000828016,"level":2,"status":1,"posx":24,"posy":25,"cityid":368,"townid":811,"tokenid":"09678dc61302e9d5bae20bdba035f7e8","tokenurl":"/mcm/api/land?token=09678dc61302e9d5bae20bdba035f7e8","imageurl":"/mcm/images/land/2A/11283_3124a4105c92.jpg","landname":"112"},{"id":281475000828017,"level":3,"status":1,"posx":26,"posy":25,"cityid":368,"townid":811,"tokenid":"3bf046c203bcf7b45c42b63b1d58b2db","tokenurl":"/mcm/api/land?token=3bf046c203bcf7b45c42b63b1d58b2db","imageurl":"/mcm/images/land/2B/18806_1665aadccef7.jpg","landname":"113"},{"id":281475000828018,"level":3,"status":0,"posx":27,"posy":25,"cityid":368,"townid":811,"tokenid":"c998deca25d9c30c47563eb812a3f667","tokenurl":"/mcm/api/land?token=c998deca25d9c30c47563eb812a3f667","imageurl":"/mcm/images/land/2B/18807_ded99547213.jpg","landname":"114"},{"id":281475000828019,"level":3,"status":0,"posx":33,"posy":25,"cityid":368,"townid":811,"tokenid":"d6a0cdad4702c6068ed1cc27b0992d33","tokenurl":"/mcm/api/land?token=d6a0cdad4702c6068ed1cc27b0992d33","imageurl":"/mcm/images/land/2B/18808_25b10161675e.jpg","landname":"115"},{"id":281475000828020,"level":2,"status":1,"posx":34,"posy":25,"cityid":368,"townid":811,"tokenid":"4386ed902251dbab4adac1b671a43813","tokenurl":"/mcm/api/land?token=4386ed902251dbab4adac1b671a43813","imageurl":"/mcm/images/land/2A/11284_38ba8872d6d4.jpg","landname":"116"},{"id":281475000828021,"level":3,"status":0,"posx":23,"posy":26,"cityid":368,"townid":811,"tokenid":"bdffb79c8fb672d519e509992ef2e621","tokenurl":"/mcm/api/land?token=bdffb79c8fb672d519e509992ef2e621","imageurl":"/mcm/images/land/2B/18809_59e78a1db6b9.jpg","landname":"117"},{"id":281475000828022,"level":3,"status":1,"posx":24,"posy":26,"cityid":368,"townid":811,"tokenid":"1403e80d513a125cddedc2eb4c61773c","tokenurl":"/mcm/api/land?token=1403e80d513a125cddedc2eb4c61773c","imageurl":"/mcm/images/land/2B/18810_595e874e71cc.jpg","landname":"118"},{"id":281475000828023,"level":3,"status":1,"posx":33,"posy":26,"cityid":368,"townid":811,"tokenid":"7e7220d46db2ac92723a187b181c020a","tokenurl":"/mcm/api/land?token=7e7220d46db2ac92723a187b181c020a","imageurl":"/mcm/images/land/2B/18811_23be37ab5f19.jpg","landname":"119"},{"id":281475000828024,"level":3,"status":1,"posx":34,"posy":26,"cityid":368,"townid":811,"tokenid":"0908be9f7335e89f178d4fc4654db303","tokenurl":"/mcm/api/land?token=0908be9f7335e89f178d4fc4654db303","imageurl":"/mcm/images/land/2B/18812_38aae0d54d8b.jpg","landname":"120"},{"id":281475000828025,"level":3,"status":1,"posx":31,"posy":27,"cityid":368,"townid":811,"tokenid":"ccd8afbf7a453f175389a362037ca756","tokenurl":"/mcm/api/land?token=ccd8afbf7a453f175389a362037ca756","imageurl":"/mcm/images/land/2B/18813_8fedf534c0.jpg","landname":"121"},{"id":281475000828026,"level":2,"status":1,"posx":32,"posy":27,"cityid":368,"townid":811,"tokenid":"d20fb81d9ab6a1ca4899db2bf506c140","tokenurl":"/mcm/api/land?token=d20fb81d9ab6a1ca4899db2bf506c140","imageurl":"/mcm/images/land/2A/11285_55b04442f1c4.jpg","landname":"122"},{"id":281475000828027,"level":3,"status":0,"posx":6,"posy":28,"cityid":368,"townid":811,"tokenid":"7e4cbeb6c8a72800daf6e7837a3a7e3b","tokenurl":"/mcm/api/land?token=7e4cbeb6c8a72800daf6e7837a3a7e3b","imageurl":"/mcm/images/land/2B/18814_3e9411acc6a4.jpg","landname":"123"},{"id":281475000828028,"level":2,"status":0,"posx":7,"posy":28,"cityid":368,"townid":811,"tokenid":"b5b5e792d9d3d6d469261a7769936c42","tokenurl":"/mcm/api/land?token=b5b5e792d9d3d6d469261a7769936c42","imageurl":"/mcm/images/land/2A/11286_1f6e659be8df.jpg","landname":"124"},{"id":281475000828029,"level":3,"status":0,"posx":9,"posy":28,"cityid":368,"townid":811,"tokenid":"6842d4b954983c502db6b29ce3f01ced","tokenurl":"/mcm/api/land?token=6842d4b954983c502db6b29ce3f01ced","imageurl":"/mcm/images/land/2B/18815_32601e5d5544.jpg","landname":"125"},{"id":281475000828030,"level":3,"status":0,"posx":10,"posy":28,"cityid":368,"townid":811,"tokenid":"a9d77430f9ccbc0c23fe7633e0e0ebcf","tokenurl":"/mcm/api/land?token=a9d77430f9ccbc0c23fe7633e0e0ebcf","imageurl":"/mcm/images/land/2B/18816_1e2bbd09f954.jpg","landname":"126"},{"id":281475000828031,"level":2,"status":0,"posx":31,"posy":28,"cityid":368,"townid":811,"tokenid":"a12c018c5a9ce4cf56d2f009202ae6bc","tokenurl":"/mcm/api/land?token=a12c018c5a9ce4cf56d2f009202ae6bc","imageurl":"/mcm/images/land/2A/11287_124877fa35e.jpg","landname":"127"},{"id":281475000828032,"level":1,"status":1,"posx":32,"posy":28,"cityid":368,"townid":811,"tokenid":"2f00f1f4ee72758384321ee0a43b8d2f","tokenurl":"/mcm/api/land?token=2f00f1f4ee72758384321ee0a43b8d2f","imageurl":"/mcm/images/land/2S/7528_215a7bd9bb4d.jpg","landname":"128"},{"id":281475000828033,"level":3,"status":1,"posx":6,"posy":29,"cityid":368,"townid":811,"tokenid":"a1cc07fb840ddd892aa0b91ef0e0dddb","tokenurl":"/mcm/api/land?token=a1cc07fb840ddd892aa0b91ef0e0dddb","imageurl":"/mcm/images/land/2B/18817_14f04e9bbbc6.jpg","landname":"129"},{"id":281475000828034,"level":2,"status":1,"posx":7,"posy":29,"cityid":368,"townid":811,"tokenid":"f6f6a04094235faec2b59915b81d173c","tokenurl":"/mcm/api/land?token=f6f6a04094235faec2b59915b81d173c","imageurl":"/mcm/images/land/2A/11288_3eb921b37f0c.jpg","landname":"130"},{"id":281475000828035,"level":3,"status":0,"posx":9,"posy":29,"cityid":368,"townid":811,"tokenid":"75c76bf2505e5eb4cd0f3c8d9889fcdc","tokenurl":"/mcm/api/land?token=75c76bf2505e5eb4cd0f3c8d9889fcdc","imageurl":"/mcm/images/land/2B/18818_2dbae01907cb.jpg","landname":"131"},{"id":281475000828036,"level":2,"status":0,"posx":10,"posy":29,"cityid":368,"townid":811,"tokenid":"1246925d9509d8bce24c05cd19ef282e","tokenurl":"/mcm/api/land?token=1246925d9509d8bce24c05cd19ef282e","imageurl":"/mcm/images/land/2A/11289_1d7e91037209.jpg","landname":"132"},{"id":281475000828037,"level":1,"status":0,"posx":31,"posy":29,"cityid":368,"townid":811,"tokenid":"89eb2b57f50e95da1b3eb42181f17b44","tokenurl":"/mcm/api/land?token=89eb2b57f50e95da1b3eb42181f17b44","imageurl":"/mcm/images/land/2S/7529_38f0e6697932.jpg","landname":"133"},{"id":281475000828038,"level":3,"status":0,"posx":32,"posy":29,"cityid":368,"townid":811,"tokenid":"1013b08fbf806c974ddb662f483e3e71","tokenurl":"/mcm/api/land?token=1013b08fbf806c974ddb662f483e3e71","imageurl":"/mcm/images/land/2B/18819_909c8d1f8f3.jpg","landname":"134"},{"id":281475000828039,"level":2,"status":0,"posx":6,"posy":30,"cityid":368,"townid":811,"tokenid":"705da2fd523a7d5264baccef2551c53a","tokenurl":"/mcm/api/land?token=705da2fd523a7d5264baccef2551c53a","imageurl":"/mcm/images/land/2A/11290_2c7b90e1f550.jpg","landname":"135"},{"id":281475000828040,"level":3,"status":1,"posx":7,"posy":30,"cityid":368,"townid":811,"tokenid":"c71112c97f72547b4ae2c6b1769ec8fd","tokenurl":"/mcm/api/land?token=c71112c97f72547b4ae2c6b1769ec8fd","imageurl":"/mcm/images/land/2B/18820_bba643df303.jpg","landname":"136"},{"id":281475000828041,"level":3,"status":1,"posx":9,"posy":30,"cityid":368,"townid":811,"tokenid":"0ff2c38f0a51ef97bfe999103d828871","tokenurl":"/mcm/api/land?token=0ff2c38f0a51ef97bfe999103d828871","imageurl":"/mcm/images/land/2B/18821_21a64d68be3e.jpg","landname":"137"},{"id":281475000828042,"level":3,"status":0,"posx":10,"posy":30,"cityid":368,"townid":811,"tokenid":"e9937b48f3fcd26379d4ea286a2e3e3a","tokenurl":"/mcm/api/land?token=e9937b48f3fcd26379d4ea286a2e3e3a","imageurl":"/mcm/images/land/2B/18822_70632cc115b.jpg","landname":"138"},{"id":281475000828043,"level":3,"status":1,"posx":31,"posy":30,"cityid":368,"townid":811,"tokenid":"7feef840e3504e7a796695f179ea322e","tokenurl":"/mcm/api/land?token=7feef840e3504e7a796695f179ea322e","imageurl":"/mcm/images/land/2B/18823_1898d506e2cf.jpg","landname":"139"},{"id":281475000828044,"level":3,"status":1,"posx":32,"posy":30,"cityid":368,"townid":811,"tokenid":"7ddca771369fd0b8dc18fd9ab32ad14d","tokenurl":"/mcm/api/land?token=7ddca771369fd0b8dc18fd9ab32ad14d","imageurl":"/mcm/images/land/2B/18824_273f610cae22.jpg","landname":"140"},{"id":281475000828045,"level":2,"status":0,"posx":6,"posy":31,"cityid":368,"townid":811,"tokenid":"dc478b079a559544450e243f3de5f1f2","tokenurl":"/mcm/api/land?token=dc478b079a559544450e243f3de5f1f2","imageurl":"/mcm/images/land/2A/11291_f9963057d0d.jpg","landname":"141"},{"id":281475000828046,"level":3,"status":1,"posx":7,"posy":31,"cityid":368,"townid":811,"tokenid":"406a671ea2bb4f7dd94795f4b189740c","tokenurl":"/mcm/api/land?token=406a671ea2bb4f7dd94795f4b189740c","imageurl":"/mcm/images/land/2B/18825_4117f59b06d9.jpg","landname":"142"},{"id":281475000828047,"level":2,"status":1,"posx":9,"posy":31,"cityid":368,"townid":811,"tokenid":"736fe5f1c1a33dd4f60b434a3bd6c5b2","tokenurl":"/mcm/api/land?token=736fe5f1c1a33dd4f60b434a3bd6c5b2","imageurl":"/mcm/images/land/2A/11292_37e95273b7b3.jpg","landname":"143"},{"id":281475000828048,"level":1,"status":1,"posx":10,"posy":31,"cityid":368,"townid":811,"tokenid":"0a15b84a1234570c55400958a7154678","tokenurl":"/mcm/api/land?token=0a15b84a1234570c55400958a7154678","imageurl":"/mcm/images/land/2S/7530_34e0571a19b0.jpg","landname":"144"},{"id":281475000828049,"level":2,"status":0,"posx":31,"posy":31,"cityid":368,"townid":811,"tokenid":"c0d221f25e093686de36d6bad789b043","tokenurl":"/mcm/api/land?token=c0d221f25e093686de36d6bad789b043","imageurl":"/mcm/images/land/2A/11293_3a6880d42554.jpg","landname":"145"},{"id":281475000828050,"level":2,"status":0,"posx":32,"posy":31,"cityid":368,"townid":811,"tokenid":"b0cac67772d542d41d401fd880255017","tokenurl":"/mcm/api/land?token=b0cac67772d542d41d401fd880255017","imageurl":"/mcm/images/land/2A/11294_28d90407f4f0.jpg","landname":"146"},{"id":281475000828051,"level":2,"status":0,"posx":6,"posy":32,"cityid":368,"townid":811,"tokenid":"88327dc803bc72f8e4567fdd9650e67b","tokenurl":"/mcm/api/land?token=88327dc803bc72f8e4567fdd9650e67b","imageurl":"/mcm/images/land/2A/11295_355258557ba9.jpg","landname":"147"},{"id":281475000828052,"level":2,"status":1,"posx":7,"posy":32,"cityid":368,"townid":811,"tokenid":"5ca0af21249e644bc1b9724aa75d0a41","tokenurl":"/mcm/api/land?token=5ca0af21249e644bc1b9724aa75d0a41","imageurl":"/mcm/images/land/2A/11296_51a644d31e52.jpg","landname":"148"},{"id":281475000828053,"level":1,"status":0,"posx":9,"posy":32,"cityid":368,"townid":811,"tokenid":"992c8d5415c505ddc134df413756f7de","tokenurl":"/mcm/api/land?token=992c8d5415c505ddc134df413756f7de","imageurl":"/mcm/images/land/2S/7531_14dbc5489079.jpg","landname":"149"},{"id":281475000828054,"level":3,"status":1,"posx":10,"posy":32,"cityid":368,"townid":811,"tokenid":"e118040e7ad9a1dc604a41ea28bddc0b","tokenurl":"/mcm/api/land?token=e118040e7ad9a1dc604a41ea28bddc0b","imageurl":"/mcm/images/land/2B/18826_32598db8fa0e.jpg","landname":"150"}]]],0,0,[],[],[]]
