[1,0,0,[["cc.JsonAsset",["_name","json"],1]],[[0,0,1,3]],[[0,"503",[{"id":281474990735361,"level":3,"status":1,"posx":23,"posy":5,"cityid":214,"townid":503,"tokenid":"02b94540190c3ab70a65330b7238a982","tokenurl":"/mcm/api/land?token=02b94540190c3ab70a65330b7238a982","imageurl":"/mcm/images/land/2B/26252_363dcf03193.jpg","landname":"1"},{"id":281474990735362,"level":3,"status":0,"posx":24,"posy":5,"cityid":214,"townid":503,"tokenid":"55d88e8f700ea30db3508b03daac7bf4","tokenurl":"/mcm/api/land?token=55d88e8f700ea30db3508b03daac7bf4","imageurl":"/mcm/images/land/2B/26253_4105a959723d.jpg","landname":"2"},{"id":281474990735363,"level":1,"status":0,"posx":23,"posy":6,"cityid":214,"townid":503,"tokenid":"e5a36de389a4b6c7e1d698a309fab993","tokenurl":"/mcm/api/land?token=e5a36de389a4b6c7e1d698a309fab993","imageurl":"/mcm/images/land/2S/10502_46e53a065ed0.jpg","landname":"3"},{"id":281474990735364,"level":3,"status":1,"posx":24,"posy":6,"cityid":214,"townid":503,"tokenid":"6ff9e7066fac0fb18ac364a2db7dbfca","tokenurl":"/mcm/api/land?token=6ff9e7066fac0fb18ac364a2db7dbfca","imageurl":"/mcm/images/land/2B/26254_549d870319ba.jpg","landname":"4"},{"id":281474990735365,"level":3,"status":0,"posx":28,"posy":6,"cityid":214,"townid":503,"tokenid":"4dbeb15a7821c652e8fcbf793763bae1","tokenurl":"/mcm/api/land?token=4dbeb15a7821c652e8fcbf793763bae1","imageurl":"/mcm/images/land/2B/26255_1a1c12e2643f.jpg","landname":"5"},{"id":281474990735366,"level":3,"status":1,"posx":29,"posy":6,"cityid":214,"townid":503,"tokenid":"38c4ac2a3ecebda74b761ae95b7491d9","tokenurl":"/mcm/api/land?token=38c4ac2a3ecebda74b761ae95b7491d9","imageurl":"/mcm/images/land/2B/26256_274648093c15.jpg","landname":"6"},{"id":281474990735367,"level":2,"status":1,"posx":23,"posy":7,"cityid":214,"townid":503,"tokenid":"4a8bdd2bb7658cb4cd9fb17be6506efe","tokenurl":"/mcm/api/land?token=4a8bdd2bb7658cb4cd9fb17be6506efe","imageurl":"/mcm/images/land/2A/15752_6c7bbbda002.jpg","landname":"7"},{"id":281474990735368,"level":1,"status":0,"posx":24,"posy":7,"cityid":214,"townid":503,"tokenid":"9998c955039f6ac6b1ea4d9583197424","tokenurl":"/mcm/api/land?token=9998c955039f6ac6b1ea4d9583197424","imageurl":"/mcm/images/land/2S/10503_30b481989ab2.jpg","landname":"8"},{"id":281474990735369,"level":2,"status":0,"posx":28,"posy":7,"cityid":214,"townid":503,"tokenid":"875145d680f907aac4a42c025c52020f","tokenurl":"/mcm/api/land?token=875145d680f907aac4a42c025c52020f","imageurl":"/mcm/images/land/2A/15753_3afaa567387b.jpg","landname":"9"},{"id":281474990735370,"level":3,"status":1,"posx":29,"posy":7,"cityid":214,"townid":503,"tokenid":"9a8be9f07def448edb99ac426af189bc","tokenurl":"/mcm/api/land?token=9a8be9f07def448edb99ac426af189bc","imageurl":"/mcm/images/land/2B/26257_2202986afc5c.jpg","landname":"10"},{"id":281474990735371,"level":3,"status":0,"posx":32,"posy":7,"cityid":214,"townid":503,"tokenid":"84f2885123a088bf3aade42f32ae757b","tokenurl":"/mcm/api/land?token=84f2885123a088bf3aade42f32ae757b","imageurl":"/mcm/images/land/2B/26258_4906dd56d6a6.jpg","landname":"11"},{"id":281474990735372,"level":3,"status":1,"posx":33,"posy":7,"cityid":214,"townid":503,"tokenid":"95e8fae748c90a8e396e881c68c2c925","tokenurl":"/mcm/api/land?token=95e8fae748c90a8e396e881c68c2c925","imageurl":"/mcm/images/land/2B/26259_4e23260ea3a1.jpg","landname":"12"},{"id":281474990735373,"level":2,"status":1,"posx":23,"posy":8,"cityid":214,"townid":503,"tokenid":"ed6d1f097ad734e870ab05d0f1287956","tokenurl":"/mcm/api/land?token=ed6d1f097ad734e870ab05d0f1287956","imageurl":"/mcm/images/land/2A/15754_4555bf8806db.jpg","landname":"13"},{"id":281474990735374,"level":3,"status":1,"posx":24,"posy":8,"cityid":214,"townid":503,"tokenid":"2e152058aef0faa0b4ac84543c359511","tokenurl":"/mcm/api/land?token=2e152058aef0faa0b4ac84543c359511","imageurl":"/mcm/images/land/2B/26260_dcbe9d3b381.jpg","landname":"14"},{"id":281474990735375,"level":3,"status":1,"posx":28,"posy":8,"cityid":214,"townid":503,"tokenid":"6eb50c29d21aaecda3714d0a8a06302a","tokenurl":"/mcm/api/land?token=6eb50c29d21aaecda3714d0a8a06302a","imageurl":"/mcm/images/land/2B/26261_2cf830cda047.jpg","landname":"15"},{"id":281474990735376,"level":3,"status":1,"posx":29,"posy":8,"cityid":214,"townid":503,"tokenid":"f04698b04b4e0080da4db47a0e9a316f","tokenurl":"/mcm/api/land?token=f04698b04b4e0080da4db47a0e9a316f","imageurl":"/mcm/images/land/2B/26262_4cca7a4b2f38.jpg","landname":"16"},{"id":281474990735377,"level":3,"status":1,"posx":32,"posy":8,"cityid":214,"townid":503,"tokenid":"8365f516b9e6b58548dc9bcc7812341a","tokenurl":"/mcm/api/land?token=8365f516b9e6b58548dc9bcc7812341a","imageurl":"/mcm/images/land/2B/26263_23a7a7136c14.jpg","landname":"17"},{"id":281474990735378,"level":3,"status":1,"posx":33,"posy":8,"cityid":214,"townid":503,"tokenid":"0b00e7aa5cbe8c8eca6b878358111dbd","tokenurl":"/mcm/api/land?token=0b00e7aa5cbe8c8eca6b878358111dbd","imageurl":"/mcm/images/land/2B/26264_1c07f296b4d1.jpg","landname":"18"},{"id":281474990735379,"level":2,"status":1,"posx":23,"posy":9,"cityid":214,"townid":503,"tokenid":"9bbca4fa1026acd68a98e0430cb1161e","tokenurl":"/mcm/api/land?token=9bbca4fa1026acd68a98e0430cb1161e","imageurl":"/mcm/images/land/2A/15755_42f9ed5b6166.jpg","landname":"19"},{"id":281474990735380,"level":3,"status":1,"posx":24,"posy":9,"cityid":214,"townid":503,"tokenid":"ec0ba7730735a135ea2ba3aa04dd4601","tokenurl":"/mcm/api/land?token=ec0ba7730735a135ea2ba3aa04dd4601","imageurl":"/mcm/images/land/2B/26265_257bf44216a4.jpg","landname":"20"},{"id":281474990735381,"level":3,"status":1,"posx":28,"posy":9,"cityid":214,"townid":503,"tokenid":"9f46aec783d0a584c96cf62d40e96db5","tokenurl":"/mcm/api/land?token=9f46aec783d0a584c96cf62d40e96db5","imageurl":"/mcm/images/land/2B/26266_3add909713b7.jpg","landname":"21"},{"id":281474990735382,"level":3,"status":0,"posx":29,"posy":9,"cityid":214,"townid":503,"tokenid":"84dd817512844c8d05fd6b68ef84bf36","tokenurl":"/mcm/api/land?token=84dd817512844c8d05fd6b68ef84bf36","imageurl":"/mcm/images/land/2B/26267_473404e17f.jpg","landname":"22"},{"id":281474990735383,"level":2,"status":0,"posx":32,"posy":9,"cityid":214,"townid":503,"tokenid":"cbc370991dc9c5e014432c51a616daff","tokenurl":"/mcm/api/land?token=cbc370991dc9c5e014432c51a616daff","imageurl":"/mcm/images/land/2A/15756_520854ff036a.jpg","landname":"23"},{"id":281474990735384,"level":3,"status":0,"posx":33,"posy":9,"cityid":214,"townid":503,"tokenid":"8abab08520043268ff278e8dfb451699","tokenurl":"/mcm/api/land?token=8abab08520043268ff278e8dfb451699","imageurl":"/mcm/images/land/2B/26268_3622fd26f5d2.jpg","landname":"24"},{"id":281474990735385,"level":3,"status":0,"posx":6,"posy":10,"cityid":214,"townid":503,"tokenid":"80a25bd5851d77c36b23974217a972f8","tokenurl":"/mcm/api/land?token=80a25bd5851d77c36b23974217a972f8","imageurl":"/mcm/images/land/2B/26269_2e92f1f879b5.jpg","landname":"25"},{"id":281474990735386,"level":3,"status":1,"posx":7,"posy":10,"cityid":214,"townid":503,"tokenid":"26249f97f1ed5c14fdb0ba1e82ce2eba","tokenurl":"/mcm/api/land?token=26249f97f1ed5c14fdb0ba1e82ce2eba","imageurl":"/mcm/images/land/2B/26270_4a0f05ddb34e.jpg","landname":"26"},{"id":281474990735387,"level":2,"status":0,"posx":28,"posy":10,"cityid":214,"townid":503,"tokenid":"4af90ba910970fa56c59e196d283b048","tokenurl":"/mcm/api/land?token=4af90ba910970fa56c59e196d283b048","imageurl":"/mcm/images/land/2A/15757_252aa7541bd6.jpg","landname":"27"},{"id":281474990735388,"level":2,"status":0,"posx":29,"posy":10,"cityid":214,"townid":503,"tokenid":"b212bdbc7931165019029d1eccae5f14","tokenurl":"/mcm/api/land?token=b212bdbc7931165019029d1eccae5f14","imageurl":"/mcm/images/land/2A/15758_c7de3bd6ce0.jpg","landname":"28"},{"id":281474990735389,"level":2,"status":0,"posx":32,"posy":10,"cityid":214,"townid":503,"tokenid":"a44c26fc5b3bfcf049bfbeba900ffe50","tokenurl":"/mcm/api/land?token=a44c26fc5b3bfcf049bfbeba900ffe50","imageurl":"/mcm/images/land/2A/15759_33cf216171fb.jpg","landname":"29"},{"id":281474990735390,"level":1,"status":1,"posx":33,"posy":10,"cityid":214,"townid":503,"tokenid":"da4f3c9305f6b783f03aca362bb7336b","tokenurl":"/mcm/api/land?token=da4f3c9305f6b783f03aca362bb7336b","imageurl":"/mcm/images/land/2S/10504_3df3629a1eec.jpg","landname":"30"},{"id":281474990735391,"level":3,"status":0,"posx":6,"posy":11,"cityid":214,"townid":503,"tokenid":"df0a1a5a77f918e4f035d232d9a2c5eb","tokenurl":"/mcm/api/land?token=df0a1a5a77f918e4f035d232d9a2c5eb","imageurl":"/mcm/images/land/2B/26271_56a7de3c28f1.jpg","landname":"31"},{"id":281474990735392,"level":2,"status":0,"posx":7,"posy":11,"cityid":214,"townid":503,"tokenid":"65a948f6c6a3e51d213880cd618fd655","tokenurl":"/mcm/api/land?token=65a948f6c6a3e51d213880cd618fd655","imageurl":"/mcm/images/land/2A/15760_24ab21e3e831.jpg","landname":"32"},{"id":281474990735393,"level":3,"status":0,"posx":9,"posy":11,"cityid":214,"townid":503,"tokenid":"b9d160752226f69576b70d2b1dbf32b0","tokenurl":"/mcm/api/land?token=b9d160752226f69576b70d2b1dbf32b0","imageurl":"/mcm/images/land/2B/26272_5272b632eadb.jpg","landname":"33"},{"id":281474990735394,"level":1,"status":1,"posx":10,"posy":11,"cityid":214,"townid":503,"tokenid":"1b7f0929723f8869b215f588ea7f645d","tokenurl":"/mcm/api/land?token=1b7f0929723f8869b215f588ea7f645d","imageurl":"/mcm/images/land/2S/10505_394d30f3fab6.jpg","landname":"34"},{"id":281474990735395,"level":1,"status":0,"posx":11,"posy":11,"cityid":214,"townid":503,"tokenid":"cff1303f9fa01385b9d56942ffbb1972","tokenurl":"/mcm/api/land?token=cff1303f9fa01385b9d56942ffbb1972","imageurl":"/mcm/images/land/2S/10506_1db108171fa9.jpg","landname":"35"},{"id":281474990735396,"level":2,"status":0,"posx":12,"posy":11,"cityid":214,"townid":503,"tokenid":"ff44e698aa1c79ae3ed1f2a06aa447ba","tokenurl":"/mcm/api/land?token=ff44e698aa1c79ae3ed1f2a06aa447ba","imageurl":"/mcm/images/land/2A/15761_26f674817ee2.jpg","landname":"36"},{"id":281474990735397,"level":3,"status":1,"posx":13,"posy":11,"cityid":214,"townid":503,"tokenid":"b4d74608d428ec1c42b5dcbe4d5b1430","tokenurl":"/mcm/api/land?token=b4d74608d428ec1c42b5dcbe4d5b1430","imageurl":"/mcm/images/land/2B/26273_4e31fb21185f.jpg","landname":"37"},{"id":281474990735398,"level":2,"status":1,"posx":32,"posy":11,"cityid":214,"townid":503,"tokenid":"aa1f25fb4101439368d8054fe848ee4b","tokenurl":"/mcm/api/land?token=aa1f25fb4101439368d8054fe848ee4b","imageurl":"/mcm/images/land/2A/15762_289c283270ab.jpg","landname":"38"},{"id":281474990735399,"level":1,"status":1,"posx":33,"posy":11,"cityid":214,"townid":503,"tokenid":"8f8f7e15e29801d398f0bfdad054e7a6","tokenurl":"/mcm/api/land?token=8f8f7e15e29801d398f0bfdad054e7a6","imageurl":"/mcm/images/land/2S/10507_40d8e24eec20.jpg","landname":"39"},{"id":281474990735400,"level":3,"status":0,"posx":6,"posy":12,"cityid":214,"townid":503,"tokenid":"e23a4d9e04e64cd4812f54bb083b04fb","tokenurl":"/mcm/api/land?token=e23a4d9e04e64cd4812f54bb083b04fb","imageurl":"/mcm/images/land/2B/26274_6e93d1b0dbe.jpg","landname":"40"},{"id":281474990735401,"level":1,"status":1,"posx":7,"posy":12,"cityid":214,"townid":503,"tokenid":"41429f43e4d930b70e0a2ce518914164","tokenurl":"/mcm/api/land?token=41429f43e4d930b70e0a2ce518914164","imageurl":"/mcm/images/land/2S/10508_123336772045.jpg","landname":"41"},{"id":281474990735402,"level":3,"status":1,"posx":9,"posy":12,"cityid":214,"townid":503,"tokenid":"c044c6760733b6912a3e3a829f261d48","tokenurl":"/mcm/api/land?token=c044c6760733b6912a3e3a829f261d48","imageurl":"/mcm/images/land/2B/26275_5827f9563fc4.jpg","landname":"42"},{"id":281474990735403,"level":3,"status":1,"posx":10,"posy":12,"cityid":214,"townid":503,"tokenid":"aa01a5b093bdf7c2bf9034ca9322ddf1","tokenurl":"/mcm/api/land?token=aa01a5b093bdf7c2bf9034ca9322ddf1","imageurl":"/mcm/images/land/2B/26276_184690ac8b73.jpg","landname":"43"},{"id":281474990735404,"level":2,"status":1,"posx":11,"posy":12,"cityid":214,"townid":503,"tokenid":"5d7d927d58af7737904eb298f25f914b","tokenurl":"/mcm/api/land?token=5d7d927d58af7737904eb298f25f914b","imageurl":"/mcm/images/land/2A/15763_dd037e9cbbd.jpg","landname":"44"},{"id":281474990735405,"level":1,"status":0,"posx":12,"posy":12,"cityid":214,"townid":503,"tokenid":"6b90893a8bddeb86868b1b1e013ef44d","tokenurl":"/mcm/api/land?token=6b90893a8bddeb86868b1b1e013ef44d","imageurl":"/mcm/images/land/2S/10509_518ccdcb5714.jpg","landname":"45"},{"id":281474990735406,"level":3,"status":0,"posx":13,"posy":12,"cityid":214,"townid":503,"tokenid":"2632281bbfd10bedf09a8252c47f0889","tokenurl":"/mcm/api/land?token=2632281bbfd10bedf09a8252c47f0889","imageurl":"/mcm/images/land/2B/26277_1fc9d3589526.jpg","landname":"46"},{"id":281474990735407,"level":2,"status":0,"posx":6,"posy":13,"cityid":214,"townid":503,"tokenid":"7cb587eeb28f54ffa6e890ae8142e816","tokenurl":"/mcm/api/land?token=7cb587eeb28f54ffa6e890ae8142e816","imageurl":"/mcm/images/land/2A/15764_29ef499df0a7.jpg","landname":"47"},{"id":281474990735408,"level":1,"status":1,"posx":7,"posy":13,"cityid":214,"townid":503,"tokenid":"f29a40bdeabde2cb270995578a6d787e","tokenurl":"/mcm/api/land?token=f29a40bdeabde2cb270995578a6d787e","imageurl":"/mcm/images/land/2S/10510_e7f500d9b92.jpg","landname":"48"},{"id":281474990735409,"level":2,"status":0,"posx":6,"posy":14,"cityid":214,"townid":503,"tokenid":"4de11cf242bb452103ac76197c9a0a86","tokenurl":"/mcm/api/land?token=4de11cf242bb452103ac76197c9a0a86","imageurl":"/mcm/images/land/2A/15765_5047900f4fab.jpg","landname":"49"},{"id":281474990735410,"level":3,"status":1,"posx":7,"posy":14,"cityid":214,"townid":503,"tokenid":"bc86e064f5023852208ad0f3242e955b","tokenurl":"/mcm/api/land?token=bc86e064f5023852208ad0f3242e955b","imageurl":"/mcm/images/land/2B/26278_389261e24f70.jpg","landname":"50"},{"id":281474990735411,"level":2,"status":0,"posx":10,"posy":15,"cityid":214,"townid":503,"tokenid":"3348b803a416477688a08012ea9faedd","tokenurl":"/mcm/api/land?token=3348b803a416477688a08012ea9faedd","imageurl":"/mcm/images/land/2A/15766_43bba77f8e3d.jpg","landname":"51"},{"id":281474990735412,"level":2,"status":0,"posx":11,"posy":15,"cityid":214,"townid":503,"tokenid":"175ff7d2dbd8d4520e481c474f126ed1","tokenurl":"/mcm/api/land?token=175ff7d2dbd8d4520e481c474f126ed1","imageurl":"/mcm/images/land/2A/15767_a3bafafec2f.jpg","landname":"52"},{"id":281474990735413,"level":3,"status":0,"posx":12,"posy":15,"cityid":214,"townid":503,"tokenid":"7d081c06447c4f96f337f8575de916e7","tokenurl":"/mcm/api/land?token=7d081c06447c4f96f337f8575de916e7","imageurl":"/mcm/images/land/2B/26279_5f78c76c494.jpg","landname":"53"},{"id":281474990735414,"level":3,"status":0,"posx":13,"posy":15,"cityid":214,"townid":503,"tokenid":"c35ef79f651376d37ef062a1069c6e46","tokenurl":"/mcm/api/land?token=c35ef79f651376d37ef062a1069c6e46","imageurl":"/mcm/images/land/2B/26280_12d4278d3355.jpg","landname":"54"},{"id":281474990735415,"level":2,"status":0,"posx":14,"posy":15,"cityid":214,"townid":503,"tokenid":"9437a35e85fea75894d26fb135214c1e","tokenurl":"/mcm/api/land?token=9437a35e85fea75894d26fb135214c1e","imageurl":"/mcm/images/land/2A/15768_421bdc5173cb.jpg","landname":"55"},{"id":281474990735416,"level":3,"status":1,"posx":10,"posy":16,"cityid":214,"townid":503,"tokenid":"749a5e95ba5f5a872dc9308d78b91621","tokenurl":"/mcm/api/land?token=749a5e95ba5f5a872dc9308d78b91621","imageurl":"/mcm/images/land/2B/26281_b14ccc645f9.jpg","landname":"56"},{"id":281474990735417,"level":3,"status":1,"posx":11,"posy":16,"cityid":214,"townid":503,"tokenid":"ee7cd76d6c9069877f1611a07101ea5c","tokenurl":"/mcm/api/land?token=ee7cd76d6c9069877f1611a07101ea5c","imageurl":"/mcm/images/land/2B/26282_4014bd885a9d.jpg","landname":"57"},{"id":281474990735418,"level":2,"status":0,"posx":12,"posy":16,"cityid":214,"townid":503,"tokenid":"ccb2a3f2327b89e9ab88880c6b9b3c44","tokenurl":"/mcm/api/land?token=ccb2a3f2327b89e9ab88880c6b9b3c44","imageurl":"/mcm/images/land/2A/15769_308d7462f8d0.jpg","landname":"58"},{"id":281474990735419,"level":1,"status":1,"posx":13,"posy":16,"cityid":214,"townid":503,"tokenid":"3116238e9c3c8df92ed9573b995b8c9b","tokenurl":"/mcm/api/land?token=3116238e9c3c8df92ed9573b995b8c9b","imageurl":"/mcm/images/land/2S/10511_1b7db2c89fc7.jpg","landname":"59"},{"id":281474990735420,"level":3,"status":1,"posx":14,"posy":16,"cityid":214,"townid":503,"tokenid":"0dcc9bcd1c84ce8152de6c601353a9ac","tokenurl":"/mcm/api/land?token=0dcc9bcd1c84ce8152de6c601353a9ac","imageurl":"/mcm/images/land/2B/26283_18667f0ab7f9.jpg","landname":"60"},{"id":281474990735421,"level":3,"status":0,"posx":5,"posy":17,"cityid":214,"townid":503,"tokenid":"93b42d288f568175c4de75874d1f8ac0","tokenurl":"/mcm/api/land?token=93b42d288f568175c4de75874d1f8ac0","imageurl":"/mcm/images/land/2B/26284_1050083badfe.jpg","landname":"61"},{"id":281474990735422,"level":3,"status":1,"posx":6,"posy":17,"cityid":214,"townid":503,"tokenid":"7701e36605621fb72ef8b8b1fa6bed6b","tokenurl":"/mcm/api/land?token=7701e36605621fb72ef8b8b1fa6bed6b","imageurl":"/mcm/images/land/2B/26285_1f0b82e646b.jpg","landname":"62"},{"id":281474990735423,"level":2,"status":1,"posx":7,"posy":17,"cityid":214,"townid":503,"tokenid":"21b34fd6e9550f1e487bf6c3cca775b3","tokenurl":"/mcm/api/land?token=21b34fd6e9550f1e487bf6c3cca775b3","imageurl":"/mcm/images/land/2A/15770_19d527e54524.jpg","landname":"63"},{"id":281474990735424,"level":2,"status":1,"posx":8,"posy":17,"cityid":214,"townid":503,"tokenid":"3acceb42b84cce9bf573d298cc614e3e","tokenurl":"/mcm/api/land?token=3acceb42b84cce9bf573d298cc614e3e","imageurl":"/mcm/images/land/2A/15771_4c5d060768c2.jpg","landname":"64"},{"id":281474990735425,"level":2,"status":0,"posx":9,"posy":17,"cityid":214,"townid":503,"tokenid":"71ce9c947838f84baf12d94479c5aca0","tokenurl":"/mcm/api/land?token=71ce9c947838f84baf12d94479c5aca0","imageurl":"/mcm/images/land/2A/15772_552ddc195929.jpg","landname":"65"},{"id":281474990735426,"level":2,"status":0,"posx":5,"posy":18,"cityid":214,"townid":503,"tokenid":"a9a4311d6f7e720c0f81e72038e79ba6","tokenurl":"/mcm/api/land?token=a9a4311d6f7e720c0f81e72038e79ba6","imageurl":"/mcm/images/land/2A/15773_1add2dad82e5.jpg","landname":"66"},{"id":281474990735427,"level":3,"status":0,"posx":6,"posy":18,"cityid":214,"townid":503,"tokenid":"c9ddd22843e2e94daad414c6117d7b36","tokenurl":"/mcm/api/land?token=c9ddd22843e2e94daad414c6117d7b36","imageurl":"/mcm/images/land/2B/26286_5758cfa8be1e.jpg","landname":"67"},{"id":281474990735428,"level":2,"status":1,"posx":7,"posy":18,"cityid":214,"townid":503,"tokenid":"9721bc7d8e0f874f9b294ae2bcb07a1e","tokenurl":"/mcm/api/land?token=9721bc7d8e0f874f9b294ae2bcb07a1e","imageurl":"/mcm/images/land/2A/15774_1bb6705b5d65.jpg","landname":"68"},{"id":281474990735429,"level":3,"status":0,"posx":8,"posy":18,"cityid":214,"townid":503,"tokenid":"e6fa2e36405639d08c50f77ec41d9fbb","tokenurl":"/mcm/api/land?token=e6fa2e36405639d08c50f77ec41d9fbb","imageurl":"/mcm/images/land/2B/26287_3c4fe2c125a8.jpg","landname":"69"},{"id":281474990735430,"level":1,"status":1,"posx":9,"posy":18,"cityid":214,"townid":503,"tokenid":"0b8ae2a3322135e4f2bbe53195d63774","tokenurl":"/mcm/api/land?token=0b8ae2a3322135e4f2bbe53195d63774","imageurl":"/mcm/images/land/2S/10512_1449eea5086f.jpg","landname":"70"},{"id":281474990735431,"level":3,"status":0,"posx":28,"posy":20,"cityid":214,"townid":503,"tokenid":"637a8a652e210c409b82df5a9bc806f0","tokenurl":"/mcm/api/land?token=637a8a652e210c409b82df5a9bc806f0","imageurl":"/mcm/images/land/2B/26288_32e34ef0098a.jpg","landname":"71"},{"id":281474990735432,"level":2,"status":1,"posx":29,"posy":20,"cityid":214,"townid":503,"tokenid":"287fa41b72cec3cee4c993a69303be21","tokenurl":"/mcm/api/land?token=287fa41b72cec3cee4c993a69303be21","imageurl":"/mcm/images/land/2A/15775_cf880454c91.jpg","landname":"72"},{"id":281474990735433,"level":2,"status":1,"posx":32,"posy":20,"cityid":214,"townid":503,"tokenid":"d04f4fda35b2cc1acba1e3d37370e127","tokenurl":"/mcm/api/land?token=d04f4fda35b2cc1acba1e3d37370e127","imageurl":"/mcm/images/land/2A/15776_403aab18e11.jpg","landname":"73"},{"id":281474990735434,"level":3,"status":0,"posx":33,"posy":20,"cityid":214,"townid":503,"tokenid":"d3867483be49698c0944472a251e5404","tokenurl":"/mcm/api/land?token=d3867483be49698c0944472a251e5404","imageurl":"/mcm/images/land/2B/26289_50af0934f83c.jpg","landname":"74"},{"id":281474990735435,"level":3,"status":0,"posx":28,"posy":21,"cityid":214,"townid":503,"tokenid":"6af916014308e461995e79ce020ecc64","tokenurl":"/mcm/api/land?token=6af916014308e461995e79ce020ecc64","imageurl":"/mcm/images/land/2B/26290_1f8a1a4548ff.jpg","landname":"75"},{"id":281474990735436,"level":3,"status":1,"posx":29,"posy":21,"cityid":214,"townid":503,"tokenid":"4a4eada731243ad70c5e0efca5014b1d","tokenurl":"/mcm/api/land?token=4a4eada731243ad70c5e0efca5014b1d","imageurl":"/mcm/images/land/2B/26291_5123bcf622e6.jpg","landname":"76"},{"id":281474990735437,"level":1,"status":0,"posx":32,"posy":21,"cityid":214,"townid":503,"tokenid":"adfb7c1477b6a5294a77467112866cdc","tokenurl":"/mcm/api/land?token=adfb7c1477b6a5294a77467112866cdc","imageurl":"/mcm/images/land/2S/10513_185563a0bae0.jpg","landname":"77"},{"id":281474990735438,"level":1,"status":0,"posx":33,"posy":21,"cityid":214,"townid":503,"tokenid":"26e16489cb1e350477113841742dc0b2","tokenurl":"/mcm/api/land?token=26e16489cb1e350477113841742dc0b2","imageurl":"/mcm/images/land/2S/10514_556e1fb96594.jpg","landname":"78"},{"id":281474990735439,"level":2,"status":1,"posx":28,"posy":22,"cityid":214,"townid":503,"tokenid":"315c952a1dc85cddca583cd5a2c78e61","tokenurl":"/mcm/api/land?token=315c952a1dc85cddca583cd5a2c78e61","imageurl":"/mcm/images/land/2A/15777_15630bd8d7e1.jpg","landname":"79"},{"id":281474990735440,"level":3,"status":1,"posx":29,"posy":22,"cityid":214,"townid":503,"tokenid":"586b4bb27da407bfa539f7ab7ff256c6","tokenurl":"/mcm/api/land?token=586b4bb27da407bfa539f7ab7ff256c6","imageurl":"/mcm/images/land/2B/26292_271afcbb7617.jpg","landname":"80"},{"id":281474990735441,"level":1,"status":1,"posx":32,"posy":22,"cityid":214,"townid":503,"tokenid":"d9fad0790bb840c75798886b4b3fb83f","tokenurl":"/mcm/api/land?token=d9fad0790bb840c75798886b4b3fb83f","imageurl":"/mcm/images/land/2S/10515_46f0747c6de4.jpg","landname":"81"},{"id":281474990735442,"level":3,"status":0,"posx":33,"posy":22,"cityid":214,"townid":503,"tokenid":"9f974bc9a2195fa95401ffae813eb69b","tokenurl":"/mcm/api/land?token=9f974bc9a2195fa95401ffae813eb69b","imageurl":"/mcm/images/land/2B/26293_4f5159fbeb9a.jpg","landname":"82"},{"id":281474990735443,"level":2,"status":1,"posx":15,"posy":23,"cityid":214,"townid":503,"tokenid":"a5eed65de0e73fed4ddc937240b5767f","tokenurl":"/mcm/api/land?token=a5eed65de0e73fed4ddc937240b5767f","imageurl":"/mcm/images/land/2A/15778_37e521d42539.jpg","landname":"83"},{"id":281474990735444,"level":1,"status":0,"posx":16,"posy":23,"cityid":214,"townid":503,"tokenid":"1bc55780f3bbe8837ea741f851adb37d","tokenurl":"/mcm/api/land?token=1bc55780f3bbe8837ea741f851adb37d","imageurl":"/mcm/images/land/2S/10516_58ec9d5bf503.jpg","landname":"84"},{"id":281474990735445,"level":3,"status":0,"posx":17,"posy":23,"cityid":214,"townid":503,"tokenid":"756dc9d4497aa051549691f16d91a268","tokenurl":"/mcm/api/land?token=756dc9d4497aa051549691f16d91a268","imageurl":"/mcm/images/land/2B/26294_4855e8f3f76b.jpg","landname":"85"},{"id":281474990735446,"level":3,"status":0,"posx":18,"posy":23,"cityid":214,"townid":503,"tokenid":"8e087caf28d988d1b5ae877f3645cfae","tokenurl":"/mcm/api/land?token=8e087caf28d988d1b5ae877f3645cfae","imageurl":"/mcm/images/land/2B/26295_207501325e2c.jpg","landname":"86"},{"id":281474990735447,"level":2,"status":1,"posx":19,"posy":23,"cityid":214,"townid":503,"tokenid":"ddc4a7aaa67b5fb8ed461b6b669ccc00","tokenurl":"/mcm/api/land?token=ddc4a7aaa67b5fb8ed461b6b669ccc00","imageurl":"/mcm/images/land/2A/15779_42d4f37c6a6.jpg","landname":"87"},{"id":281474990735448,"level":3,"status":1,"posx":28,"posy":23,"cityid":214,"townid":503,"tokenid":"ba2b49bf93b8e7cc600061f2ddc041d3","tokenurl":"/mcm/api/land?token=ba2b49bf93b8e7cc600061f2ddc041d3","imageurl":"/mcm/images/land/2B/26296_2a67cd1aed4d.jpg","landname":"88"},{"id":281474990735449,"level":1,"status":0,"posx":29,"posy":23,"cityid":214,"townid":503,"tokenid":"7f7ce09bf87810fdcf57d37c5d942728","tokenurl":"/mcm/api/land?token=7f7ce09bf87810fdcf57d37c5d942728","imageurl":"/mcm/images/land/2S/10517_3a0a91c29ef0.jpg","landname":"89"},{"id":281474990735450,"level":3,"status":0,"posx":32,"posy":23,"cityid":214,"townid":503,"tokenid":"3fff77c41890a0d3503725ee1f99bea7","tokenurl":"/mcm/api/land?token=3fff77c41890a0d3503725ee1f99bea7","imageurl":"/mcm/images/land/2B/26297_56289455c48e.jpg","landname":"90"},{"id":281474990735451,"level":1,"status":1,"posx":33,"posy":23,"cityid":214,"townid":503,"tokenid":"00c5787ee1504c5641cd864e09904dce","tokenurl":"/mcm/api/land?token=00c5787ee1504c5641cd864e09904dce","imageurl":"/mcm/images/land/2S/10518_1ffa07dfe270.jpg","landname":"91"},{"id":281474990735452,"level":3,"status":1,"posx":15,"posy":24,"cityid":214,"townid":503,"tokenid":"2787c512bf0d05f2912acf9215840441","tokenurl":"/mcm/api/land?token=2787c512bf0d05f2912acf9215840441","imageurl":"/mcm/images/land/2B/26298_18dd7fcfecbf.jpg","landname":"92"},{"id":281474990735453,"level":1,"status":0,"posx":16,"posy":24,"cityid":214,"townid":503,"tokenid":"54a4c13d9146a8e30c4f6cbffd96c14f","tokenurl":"/mcm/api/land?token=54a4c13d9146a8e30c4f6cbffd96c14f","imageurl":"/mcm/images/land/2S/10519_11b99ce82c69.jpg","landname":"93"},{"id":281474990735454,"level":3,"status":0,"posx":17,"posy":24,"cityid":214,"townid":503,"tokenid":"d248e772d096c65cd86af8f23285f840","tokenurl":"/mcm/api/land?token=d248e772d096c65cd86af8f23285f840","imageurl":"/mcm/images/land/2B/26299_21a08688472b.jpg","landname":"94"},{"id":281474990735455,"level":3,"status":1,"posx":18,"posy":24,"cityid":214,"townid":503,"tokenid":"9e5eec4ba2020c7b61744a58b27f5e14","tokenurl":"/mcm/api/land?token=9e5eec4ba2020c7b61744a58b27f5e14","imageurl":"/mcm/images/land/2B/26300_40e92bdfae23.jpg","landname":"95"},{"id":281474990735456,"level":2,"status":1,"posx":19,"posy":24,"cityid":214,"townid":503,"tokenid":"7a5306659f600c5a36ac18fe9aa082ce","tokenurl":"/mcm/api/land?token=7a5306659f600c5a36ac18fe9aa082ce","imageurl":"/mcm/images/land/2A/15780_3c1b7dfd0601.jpg","landname":"96"},{"id":281474990735457,"level":3,"status":1,"posx":28,"posy":24,"cityid":214,"townid":503,"tokenid":"7bd572be194e7f88be21492a72a80e61","tokenurl":"/mcm/api/land?token=7bd572be194e7f88be21492a72a80e61","imageurl":"/mcm/images/land/2B/26301_c8feb8a08e1.jpg","landname":"97"},{"id":281474990735458,"level":3,"status":0,"posx":29,"posy":24,"cityid":214,"townid":503,"tokenid":"7dd206df8db7998d5be1a6f6aa89c3d3","tokenurl":"/mcm/api/land?token=7dd206df8db7998d5be1a6f6aa89c3d3","imageurl":"/mcm/images/land/2B/26302_44b5ac74559b.jpg","landname":"98"},{"id":281474990735459,"level":2,"status":0,"posx":32,"posy":24,"cityid":214,"townid":503,"tokenid":"e2ec0b2201c6f50eaa70e2a1da404997","tokenurl":"/mcm/api/land?token=e2ec0b2201c6f50eaa70e2a1da404997","imageurl":"/mcm/images/land/2A/15781_2ed70dad778.jpg","landname":"99"},{"id":281474990735460,"level":3,"status":1,"posx":33,"posy":24,"cityid":214,"townid":503,"tokenid":"df479fbe299649e06f5b5cf9ad960d74","tokenurl":"/mcm/api/land?token=df479fbe299649e06f5b5cf9ad960d74","imageurl":"/mcm/images/land/2B/26303_b1beab80393.jpg","landname":"100"},{"id":281474990735461,"level":3,"status":1,"posx":6,"posy":25,"cityid":214,"townid":503,"tokenid":"18d614056abdaa021a8c770fd88f964f","tokenurl":"/mcm/api/land?token=18d614056abdaa021a8c770fd88f964f","imageurl":"/mcm/images/land/2B/26304_3ad2630517b2.jpg","landname":"101"},{"id":281474990735462,"level":3,"status":0,"posx":7,"posy":25,"cityid":214,"townid":503,"tokenid":"45d9dbea89770d5d18fabed1b2619e94","tokenurl":"/mcm/api/land?token=45d9dbea89770d5d18fabed1b2619e94","imageurl":"/mcm/images/land/2B/26305_3853eb268742.jpg","landname":"102"},{"id":281474990735463,"level":1,"status":0,"posx":6,"posy":26,"cityid":214,"townid":503,"tokenid":"728807a3b3df1748a14fe58dffdb4d6b","tokenurl":"/mcm/api/land?token=728807a3b3df1748a14fe58dffdb4d6b","imageurl":"/mcm/images/land/2S/10520_23bb19d67b49.jpg","landname":"103"},{"id":281474990735464,"level":3,"status":1,"posx":7,"posy":26,"cityid":214,"townid":503,"tokenid":"bed255d156186af323187a7d3ec19570","tokenurl":"/mcm/api/land?token=bed255d156186af323187a7d3ec19570","imageurl":"/mcm/images/land/2B/26306_55560de3de5a.jpg","landname":"104"},{"id":281474990735465,"level":1,"status":1,"posx":21,"posy":26,"cityid":214,"townid":503,"tokenid":"9567f536ad758e55e27abca422bf4f03","tokenurl":"/mcm/api/land?token=9567f536ad758e55e27abca422bf4f03","imageurl":"/mcm/images/land/2S/10521_3ccfb177c502.jpg","landname":"105"},{"id":281474990735466,"level":3,"status":1,"posx":22,"posy":26,"cityid":214,"townid":503,"tokenid":"df4d774916b7c43ca23835db0f920871","tokenurl":"/mcm/api/land?token=df4d774916b7c43ca23835db0f920871","imageurl":"/mcm/images/land/2B/26307_595db87a0b72.jpg","landname":"106"},{"id":281474990735467,"level":3,"status":0,"posx":24,"posy":26,"cityid":214,"townid":503,"tokenid":"01aebe835dfdf193af060ea359be7cdb","tokenurl":"/mcm/api/land?token=01aebe835dfdf193af060ea359be7cdb","imageurl":"/mcm/images/land/2B/26308_14124af0901b.jpg","landname":"107"},{"id":281474990735468,"level":3,"status":0,"posx":25,"posy":26,"cityid":214,"townid":503,"tokenid":"9cc457f591e34312ea90a5b8915b96d5","tokenurl":"/mcm/api/land?token=9cc457f591e34312ea90a5b8915b96d5","imageurl":"/mcm/images/land/2B/26309_1d6b88eb290b.jpg","landname":"108"},{"id":281474990735469,"level":2,"status":0,"posx":28,"posy":26,"cityid":214,"townid":503,"tokenid":"a9865b67d11e4049c952cab7dffefc81","tokenurl":"/mcm/api/land?token=a9865b67d11e4049c952cab7dffefc81","imageurl":"/mcm/images/land/2A/15782_521b128b84dd.jpg","landname":"109"},{"id":281474990735470,"level":3,"status":1,"posx":29,"posy":26,"cityid":214,"townid":503,"tokenid":"5c3b208f36d03b3db23e7c378073fbc9","tokenurl":"/mcm/api/land?token=5c3b208f36d03b3db23e7c378073fbc9","imageurl":"/mcm/images/land/2B/26310_19352ea2514d.jpg","landname":"110"},{"id":281474990735471,"level":3,"status":1,"posx":32,"posy":26,"cityid":214,"townid":503,"tokenid":"0a30aa63bad8da0e952afecc74518eef","tokenurl":"/mcm/api/land?token=0a30aa63bad8da0e952afecc74518eef","imageurl":"/mcm/images/land/2B/26311_1a93eb50d2a4.jpg","landname":"111"},{"id":281474990735472,"level":3,"status":0,"posx":33,"posy":26,"cityid":214,"townid":503,"tokenid":"1c1dcc87f0b879a8b476e5cd4bdef40c","tokenurl":"/mcm/api/land?token=1c1dcc87f0b879a8b476e5cd4bdef40c","imageurl":"/mcm/images/land/2B/26312_34358cfdc3cb.jpg","landname":"112"},{"id":281474990735473,"level":1,"status":0,"posx":6,"posy":27,"cityid":214,"townid":503,"tokenid":"7a11d598dd00dba78cb97a0eb75b3825","tokenurl":"/mcm/api/land?token=7a11d598dd00dba78cb97a0eb75b3825","imageurl":"/mcm/images/land/2S/10522_2ea71781f122.jpg","landname":"113"},{"id":281474990735474,"level":3,"status":0,"posx":7,"posy":27,"cityid":214,"townid":503,"tokenid":"402e1b0a9aa6867e76846870d3f49deb","tokenurl":"/mcm/api/land?token=402e1b0a9aa6867e76846870d3f49deb","imageurl":"/mcm/images/land/2B/26313_1d96c089de0e.jpg","landname":"114"},{"id":281474990735475,"level":2,"status":0,"posx":21,"posy":27,"cityid":214,"townid":503,"tokenid":"9c424cfe6cee7dac690af092f45fe1c5","tokenurl":"/mcm/api/land?token=9c424cfe6cee7dac690af092f45fe1c5","imageurl":"/mcm/images/land/2A/15783_bc0bfb7e4c5.jpg","landname":"115"},{"id":281474990735476,"level":2,"status":1,"posx":22,"posy":27,"cityid":214,"townid":503,"tokenid":"73f4478637c46cc4164e1a23df428db0","tokenurl":"/mcm/api/land?token=73f4478637c46cc4164e1a23df428db0","imageurl":"/mcm/images/land/2A/15784_4a6384d4bca6.jpg","landname":"116"},{"id":281474990735477,"level":2,"status":0,"posx":24,"posy":27,"cityid":214,"townid":503,"tokenid":"11ca631c624f7f04173996cc8dacf082","tokenurl":"/mcm/api/land?token=11ca631c624f7f04173996cc8dacf082","imageurl":"/mcm/images/land/2A/15785_4a4e301ea29d.jpg","landname":"117"},{"id":281474990735478,"level":1,"status":1,"posx":25,"posy":27,"cityid":214,"townid":503,"tokenid":"cb23c8c70b8ae0ae2698a9990603244a","tokenurl":"/mcm/api/land?token=cb23c8c70b8ae0ae2698a9990603244a","imageurl":"/mcm/images/land/2S/10523_139df070fbf0.jpg","landname":"118"},{"id":281474990735479,"level":2,"status":0,"posx":28,"posy":27,"cityid":214,"townid":503,"tokenid":"5d2e0fa9bcea53e9740b8bfcd0161de2","tokenurl":"/mcm/api/land?token=5d2e0fa9bcea53e9740b8bfcd0161de2","imageurl":"/mcm/images/land/2A/15786_4946e9066ce.jpg","landname":"119"},{"id":281474990735480,"level":2,"status":1,"posx":29,"posy":27,"cityid":214,"townid":503,"tokenid":"7a24ff47ef781a5fc43c09a1d082a844","tokenurl":"/mcm/api/land?token=7a24ff47ef781a5fc43c09a1d082a844","imageurl":"/mcm/images/land/2A/15787_5124778ba7eb.jpg","landname":"120"},{"id":281474990735481,"level":1,"status":1,"posx":32,"posy":27,"cityid":214,"townid":503,"tokenid":"fffdb061a9fcc991989ae04aa4b67971","tokenurl":"/mcm/api/land?token=fffdb061a9fcc991989ae04aa4b67971","imageurl":"/mcm/images/land/2S/10524_33d465ca9b83.jpg","landname":"121"},{"id":281474990735482,"level":2,"status":1,"posx":33,"posy":27,"cityid":214,"townid":503,"tokenid":"03b3dcd449e5e3d9e04ace2c118eb5ba","tokenurl":"/mcm/api/land?token=03b3dcd449e5e3d9e04ace2c118eb5ba","imageurl":"/mcm/images/land/2A/15788_3749dd624232.jpg","landname":"122"},{"id":281474990735483,"level":1,"status":0,"posx":6,"posy":28,"cityid":214,"townid":503,"tokenid":"030bb0e30e9a1b665903aeab0029bbe5","tokenurl":"/mcm/api/land?token=030bb0e30e9a1b665903aeab0029bbe5","imageurl":"/mcm/images/land/2S/10525_702e3f77b36.jpg","landname":"123"},{"id":281474990735484,"level":1,"status":1,"posx":7,"posy":28,"cityid":214,"townid":503,"tokenid":"4c8105089feb387fe891c884df836816","tokenurl":"/mcm/api/land?token=4c8105089feb387fe891c884df836816","imageurl":"/mcm/images/land/2S/10526_47fec7039f19.jpg","landname":"124"},{"id":281474990735485,"level":3,"status":0,"posx":21,"posy":28,"cityid":214,"townid":503,"tokenid":"5881a92e54d6d2148480eb5f364474e8","tokenurl":"/mcm/api/land?token=5881a92e54d6d2148480eb5f364474e8","imageurl":"/mcm/images/land/2B/26314_10a5c0c16e88.jpg","landname":"125"},{"id":281474990735486,"level":3,"status":1,"posx":22,"posy":28,"cityid":214,"townid":503,"tokenid":"3d8708526e4e1941b992fba0844532de","tokenurl":"/mcm/api/land?token=3d8708526e4e1941b992fba0844532de","imageurl":"/mcm/images/land/2B/26315_21ee30dd39e1.jpg","landname":"126"},{"id":281474990735487,"level":1,"status":0,"posx":24,"posy":28,"cityid":214,"townid":503,"tokenid":"9f9e87214566256899d2c9daec663587","tokenurl":"/mcm/api/land?token=9f9e87214566256899d2c9daec663587","imageurl":"/mcm/images/land/2S/10527_569f30a11e4a.jpg","landname":"127"},{"id":281474990735488,"level":3,"status":0,"posx":25,"posy":28,"cityid":214,"townid":503,"tokenid":"5891982e255c8533c0aeb9cb0f149729","tokenurl":"/mcm/api/land?token=5891982e255c8533c0aeb9cb0f149729","imageurl":"/mcm/images/land/2B/26316_1b3819b1120a.jpg","landname":"128"},{"id":281474990735489,"level":2,"status":1,"posx":28,"posy":28,"cityid":214,"townid":503,"tokenid":"51a58076208573e6001d9ce30c470b52","tokenurl":"/mcm/api/land?token=51a58076208573e6001d9ce30c470b52","imageurl":"/mcm/images/land/2A/15789_1619b8f3f634.jpg","landname":"129"},{"id":281474990735490,"level":1,"status":1,"posx":29,"posy":28,"cityid":214,"townid":503,"tokenid":"91d9485c28a7e51af1e2bd14aa0547c5","tokenurl":"/mcm/api/land?token=91d9485c28a7e51af1e2bd14aa0547c5","imageurl":"/mcm/images/land/2S/10528_1b45066d86e9.jpg","landname":"130"},{"id":281474990735491,"level":2,"status":1,"posx":32,"posy":28,"cityid":214,"townid":503,"tokenid":"c47328660d8ae589701deb88451da2a8","tokenurl":"/mcm/api/land?token=c47328660d8ae589701deb88451da2a8","imageurl":"/mcm/images/land/2A/15790_2190a5319d35.jpg","landname":"131"},{"id":281474990735492,"level":3,"status":0,"posx":33,"posy":28,"cityid":214,"townid":503,"tokenid":"454b3ac10a11020adcaf6bb06de0b4d1","tokenurl":"/mcm/api/land?token=454b3ac10a11020adcaf6bb06de0b4d1","imageurl":"/mcm/images/land/2B/26317_1f8fa486a557.jpg","landname":"132"},{"id":281474990735493,"level":3,"status":1,"posx":6,"posy":29,"cityid":214,"townid":503,"tokenid":"23d2c6a1d67d71809cad08253493bf68","tokenurl":"/mcm/api/land?token=23d2c6a1d67d71809cad08253493bf68","imageurl":"/mcm/images/land/2B/26318_377d3b306268.jpg","landname":"133"},{"id":281474990735494,"level":2,"status":0,"posx":7,"posy":29,"cityid":214,"townid":503,"tokenid":"87f75afa1306003e1981371776d1297f","tokenurl":"/mcm/api/land?token=87f75afa1306003e1981371776d1297f","imageurl":"/mcm/images/land/2A/15791_50ab6624f9e1.jpg","landname":"134"},{"id":281474990735495,"level":3,"status":0,"posx":21,"posy":29,"cityid":214,"townid":503,"tokenid":"371ea4e19c4e85f15ceaa180a76f0135","tokenurl":"/mcm/api/land?token=371ea4e19c4e85f15ceaa180a76f0135","imageurl":"/mcm/images/land/2B/26319_417422cbb793.jpg","landname":"135"},{"id":281474990735496,"level":1,"status":0,"posx":22,"posy":29,"cityid":214,"townid":503,"tokenid":"f184ac5b22f7e107450c15612f4c9bc0","tokenurl":"/mcm/api/land?token=f184ac5b22f7e107450c15612f4c9bc0","imageurl":"/mcm/images/land/2S/10529_1ae93beec36e.jpg","landname":"136"},{"id":281474990735497,"level":3,"status":0,"posx":24,"posy":29,"cityid":214,"townid":503,"tokenid":"a50ecdac6dafadcda22c15f2c3ea2560","tokenurl":"/mcm/api/land?token=a50ecdac6dafadcda22c15f2c3ea2560","imageurl":"/mcm/images/land/2B/26320_1043088d9442.jpg","landname":"137"},{"id":281474990735498,"level":3,"status":0,"posx":25,"posy":29,"cityid":214,"townid":503,"tokenid":"4ad0bb8dddf17ea0e514c4ed0827b72c","tokenurl":"/mcm/api/land?token=4ad0bb8dddf17ea0e514c4ed0827b72c","imageurl":"/mcm/images/land/2B/26321_182ae0c1e06e.jpg","landname":"138"},{"id":281474990735499,"level":3,"status":0,"posx":28,"posy":29,"cityid":214,"townid":503,"tokenid":"4ba825431c3b69f3bed5a1c64197b690","tokenurl":"/mcm/api/land?token=4ba825431c3b69f3bed5a1c64197b690","imageurl":"/mcm/images/land/2B/26322_25ac1f2c6307.jpg","landname":"139"},{"id":281474990735500,"level":2,"status":0,"posx":29,"posy":29,"cityid":214,"townid":503,"tokenid":"17e3a8076468d06b9b61cf6956850c37","tokenurl":"/mcm/api/land?token=17e3a8076468d06b9b61cf6956850c37","imageurl":"/mcm/images/land/2A/15792_3d643143237c.jpg","landname":"140"},{"id":281474990735501,"level":3,"status":1,"posx":32,"posy":29,"cityid":214,"townid":503,"tokenid":"3b3fb9d7eaa5de0f706b9692bb43884f","tokenurl":"/mcm/api/land?token=3b3fb9d7eaa5de0f706b9692bb43884f","imageurl":"/mcm/images/land/2B/26323_274c2774d19d.jpg","landname":"141"},{"id":281474990735502,"level":3,"status":0,"posx":33,"posy":29,"cityid":214,"townid":503,"tokenid":"3f46e4fc9668741268d8607f067208a2","tokenurl":"/mcm/api/land?token=3f46e4fc9668741268d8607f067208a2","imageurl":"/mcm/images/land/2B/26324_32c6a8fed78b.jpg","landname":"142"},{"id":281474990735503,"level":1,"status":0,"posx":21,"posy":30,"cityid":214,"townid":503,"tokenid":"7d0aa6d42c6ccf365195e20b51772c66","tokenurl":"/mcm/api/land?token=7d0aa6d42c6ccf365195e20b51772c66","imageurl":"/mcm/images/land/2S/10530_dbd02b1c379.jpg","landname":"143"},{"id":281474990735504,"level":2,"status":1,"posx":22,"posy":30,"cityid":214,"townid":503,"tokenid":"45f587a1d75c245cae3bfd36651e8485","tokenurl":"/mcm/api/land?token=45f587a1d75c245cae3bfd36651e8485","imageurl":"/mcm/images/land/2A/15793_20fc15005d73.jpg","landname":"144"},{"id":281474990735505,"level":1,"status":1,"posx":24,"posy":30,"cityid":214,"townid":503,"tokenid":"bb9d5b26a014993250f0ccac315e01c5","tokenurl":"/mcm/api/land?token=bb9d5b26a014993250f0ccac315e01c5","imageurl":"/mcm/images/land/2S/10531_3f2e169af1a5.jpg","landname":"145"},{"id":281474990735506,"level":2,"status":0,"posx":25,"posy":30,"cityid":214,"townid":503,"tokenid":"9bd1cafb3cc8da88a5f96a6b2bbf72d2","tokenurl":"/mcm/api/land?token=9bd1cafb3cc8da88a5f96a6b2bbf72d2","imageurl":"/mcm/images/land/2A/15794_5378899ccd49.jpg","landname":"146"},{"id":281474990735507,"level":2,"status":1,"posx":28,"posy":30,"cityid":214,"townid":503,"tokenid":"f3135951bce4e2c835a747fe409f0085","tokenurl":"/mcm/api/land?token=f3135951bce4e2c835a747fe409f0085","imageurl":"/mcm/images/land/2A/15795_43732cebfd53.jpg","landname":"147"},{"id":281474990735508,"level":3,"status":1,"posx":29,"posy":30,"cityid":214,"townid":503,"tokenid":"9bceaf55e698f13b3cef295d0ad9e1e4","tokenurl":"/mcm/api/land?token=9bceaf55e698f13b3cef295d0ad9e1e4","imageurl":"/mcm/images/land/2B/26325_2990c0604c.jpg","landname":"148"},{"id":281474990735509,"level":2,"status":1,"posx":32,"posy":30,"cityid":214,"townid":503,"tokenid":"fd6e8d27337acf60e461749cc186fa05","tokenurl":"/mcm/api/land?token=fd6e8d27337acf60e461749cc186fa05","imageurl":"/mcm/images/land/2A/15796_1f8d6ee9cb12.jpg","landname":"149"},{"id":281474990735510,"level":3,"status":1,"posx":33,"posy":30,"cityid":214,"townid":503,"tokenid":"6503dc9eccbd190cee79a1540d2747c2","tokenurl":"/mcm/api/land?token=6503dc9eccbd190cee79a1540d2747c2","imageurl":"/mcm/images/land/2B/26326_75e6f967924.jpg","landname":"150"}]]],0,0,[],[],[]]
