[1,0,0,[["cc.JsonAsset",["_name","json"],1]],[[0,0,1,3]],[[0,"1570",[{"id":281475024552087,"level":3,"status":1,"posx":7,"posy":5,"cityid":730,"townid":1570,"tokenid":"b772c0ffbd7a9ee892c9d3e71f5e2286","tokenurl":"/mcm/api/land?token=b772c0ffbd7a9ee892c9d3e71f5e2286","imageurl":"/mcm/images/land/2B/9377_3a51b8d91be8.jpg","landname":"1"},{"id":281475024552088,"level":3,"status":1,"posx":8,"posy":5,"cityid":730,"townid":1570,"tokenid":"f9135cf7c4aa01d85bbad2f16373f587","tokenurl":"/mcm/api/land?token=f9135cf7c4aa01d85bbad2f16373f587","imageurl":"/mcm/images/land/2B/9378_52ee173f1fc.jpg","landname":"2"},{"id":281475024552089,"level":1,"status":1,"posx":16,"posy":5,"cityid":730,"townid":1570,"tokenid":"defb76b29ebf615132d40f9a92d38f17","tokenurl":"/mcm/api/land?token=defb76b29ebf615132d40f9a92d38f17","imageurl":"/mcm/images/land/2S/3752_47c5737f808b.jpg","landname":"3"},{"id":281475024552090,"level":3,"status":1,"posx":17,"posy":5,"cityid":730,"townid":1570,"tokenid":"448cf6966ddb5155137f9eefc5510bcf","tokenurl":"/mcm/api/land?token=448cf6966ddb5155137f9eefc5510bcf","imageurl":"/mcm/images/land/2B/9379_3eef66af199d.jpg","landname":"4"},{"id":281475024552091,"level":2,"status":1,"posx":20,"posy":5,"cityid":730,"townid":1570,"tokenid":"2c0a539bb9128a888cd16f6b1e767b30","tokenurl":"/mcm/api/land?token=2c0a539bb9128a888cd16f6b1e767b30","imageurl":"/mcm/images/land/2A/5627_2f9a5240e43a.jpg","landname":"5"},{"id":281475024552092,"level":1,"status":1,"posx":21,"posy":5,"cityid":730,"townid":1570,"tokenid":"612ac5a6700217215f43b09c6b52d326","tokenurl":"/mcm/api/land?token=612ac5a6700217215f43b09c6b52d326","imageurl":"/mcm/images/land/2S/3753_3d94ebbe3c6f.jpg","landname":"6"},{"id":281475024552093,"level":3,"status":0,"posx":7,"posy":6,"cityid":730,"townid":1570,"tokenid":"7e7974aa320499f859ab2a642b33796d","tokenurl":"/mcm/api/land?token=7e7974aa320499f859ab2a642b33796d","imageurl":"/mcm/images/land/2B/9380_48a68fefc6d6.jpg","landname":"7"},{"id":281475024552094,"level":1,"status":1,"posx":8,"posy":6,"cityid":730,"townid":1570,"tokenid":"2c29086552c485f4d37c30721bb1ec65","tokenurl":"/mcm/api/land?token=2c29086552c485f4d37c30721bb1ec65","imageurl":"/mcm/images/land/2S/3754_4957321c4d07.jpg","landname":"8"},{"id":281475024552095,"level":1,"status":1,"posx":16,"posy":6,"cityid":730,"townid":1570,"tokenid":"41752febaf548fc3697c1e9acf71dac6","tokenurl":"/mcm/api/land?token=41752febaf548fc3697c1e9acf71dac6","imageurl":"/mcm/images/land/2S/3755_12b8182e82fe.jpg","landname":"9"},{"id":281475024552096,"level":3,"status":1,"posx":17,"posy":6,"cityid":730,"townid":1570,"tokenid":"edf29740bf0847e0a1dde1c23fb3d433","tokenurl":"/mcm/api/land?token=edf29740bf0847e0a1dde1c23fb3d433","imageurl":"/mcm/images/land/2B/9381_302f08043e5f.jpg","landname":"10"},{"id":281475024552097,"level":1,"status":0,"posx":20,"posy":6,"cityid":730,"townid":1570,"tokenid":"51c28d68a8979d2154fc4a6882f1948f","tokenurl":"/mcm/api/land?token=51c28d68a8979d2154fc4a6882f1948f","imageurl":"/mcm/images/land/2S/3756_3fdc9edd4e67.jpg","landname":"11"},{"id":281475024552098,"level":3,"status":0,"posx":21,"posy":6,"cityid":730,"townid":1570,"tokenid":"a1aab188df3a31475c9fff8ce3715e21","tokenurl":"/mcm/api/land?token=a1aab188df3a31475c9fff8ce3715e21","imageurl":"/mcm/images/land/2B/9382_513518e2add2.jpg","landname":"12"},{"id":281475024552099,"level":1,"status":0,"posx":7,"posy":7,"cityid":730,"townid":1570,"tokenid":"da36928575e11a11c200619f03d1cf1c","tokenurl":"/mcm/api/land?token=da36928575e11a11c200619f03d1cf1c","imageurl":"/mcm/images/land/2S/3757_3bd54973d23a.jpg","landname":"13"},{"id":281475024552100,"level":1,"status":1,"posx":8,"posy":7,"cityid":730,"townid":1570,"tokenid":"ec40c25b4eb31333c7291e404e48afa7","tokenurl":"/mcm/api/land?token=ec40c25b4eb31333c7291e404e48afa7","imageurl":"/mcm/images/land/2S/3758_2f907945605.jpg","landname":"14"},{"id":281475024552101,"level":3,"status":1,"posx":16,"posy":7,"cityid":730,"townid":1570,"tokenid":"26bfafc9afc927a18a3dda48085afccb","tokenurl":"/mcm/api/land?token=26bfafc9afc927a18a3dda48085afccb","imageurl":"/mcm/images/land/2B/9383_55db161bd1c0.jpg","landname":"15"},{"id":281475024552102,"level":2,"status":0,"posx":17,"posy":7,"cityid":730,"townid":1570,"tokenid":"c1532ecbc0071178d6470e5c4b2a6bee","tokenurl":"/mcm/api/land?token=c1532ecbc0071178d6470e5c4b2a6bee","imageurl":"/mcm/images/land/2A/5628_39697338d036.jpg","landname":"16"},{"id":281475024552103,"level":3,"status":1,"posx":20,"posy":7,"cityid":730,"townid":1570,"tokenid":"2cb2a86a87661db66ebea371d98319b0","tokenurl":"/mcm/api/land?token=2cb2a86a87661db66ebea371d98319b0","imageurl":"/mcm/images/land/2B/9384_274d4ecc8203.jpg","landname":"17"},{"id":281475024552104,"level":3,"status":0,"posx":21,"posy":7,"cityid":730,"townid":1570,"tokenid":"4dc5af38813deb237c1183b772183a0d","tokenurl":"/mcm/api/land?token=4dc5af38813deb237c1183b772183a0d","imageurl":"/mcm/images/land/2B/9385_19215d009eea.jpg","landname":"18"},{"id":281475024552105,"level":1,"status":0,"posx":7,"posy":8,"cityid":730,"townid":1570,"tokenid":"031b738c7346d16fdc7348ca23046bc1","tokenurl":"/mcm/api/land?token=031b738c7346d16fdc7348ca23046bc1","imageurl":"/mcm/images/land/2S/3759_54ca70c58ece.jpg","landname":"19"},{"id":281475024552106,"level":2,"status":1,"posx":8,"posy":8,"cityid":730,"townid":1570,"tokenid":"7913be25cdf268101cfe8238e8602799","tokenurl":"/mcm/api/land?token=7913be25cdf268101cfe8238e8602799","imageurl":"/mcm/images/land/2A/5629_55751761e1d7.jpg","landname":"20"},{"id":281475024552107,"level":1,"status":0,"posx":16,"posy":8,"cityid":730,"townid":1570,"tokenid":"935d9bdfe51681612e1f7b0d8a3650ed","tokenurl":"/mcm/api/land?token=935d9bdfe51681612e1f7b0d8a3650ed","imageurl":"/mcm/images/land/2S/3760_70e257ca620.jpg","landname":"21"},{"id":281475024552108,"level":3,"status":1,"posx":17,"posy":8,"cityid":730,"townid":1570,"tokenid":"fcbec7e16366f82df73290ff21b28b68","tokenurl":"/mcm/api/land?token=fcbec7e16366f82df73290ff21b28b68","imageurl":"/mcm/images/land/2B/9386_2339605d59c6.jpg","landname":"22"},{"id":281475024552109,"level":2,"status":1,"posx":20,"posy":8,"cityid":730,"townid":1570,"tokenid":"83133d4bc0e137d32f875b31113e3cf2","tokenurl":"/mcm/api/land?token=83133d4bc0e137d32f875b31113e3cf2","imageurl":"/mcm/images/land/2A/5630_5228153325c5.jpg","landname":"23"},{"id":281475024552110,"level":2,"status":0,"posx":21,"posy":8,"cityid":730,"townid":1570,"tokenid":"4e5b4426b16d697b94554135b8477dbd","tokenurl":"/mcm/api/land?token=4e5b4426b16d697b94554135b8477dbd","imageurl":"/mcm/images/land/2A/5631_4c807be50434.jpg","landname":"24"},{"id":281475024552111,"level":3,"status":0,"posx":28,"posy":8,"cityid":730,"townid":1570,"tokenid":"c80874cd8dfe2a78a00f14f477b61a44","tokenurl":"/mcm/api/land?token=c80874cd8dfe2a78a00f14f477b61a44","imageurl":"/mcm/images/land/2B/9387_22824a310615.jpg","landname":"25"},{"id":281475024552112,"level":3,"status":1,"posx":29,"posy":8,"cityid":730,"townid":1570,"tokenid":"44863d986d3785ec4202f5fe251ab307","tokenurl":"/mcm/api/land?token=44863d986d3785ec4202f5fe251ab307","imageurl":"/mcm/images/land/2B/9388_58a746e1858a.jpg","landname":"26"},{"id":281475024552113,"level":1,"status":0,"posx":32,"posy":8,"cityid":730,"townid":1570,"tokenid":"5b1569aa220c116c940d0d139ecddbe1","tokenurl":"/mcm/api/land?token=5b1569aa220c116c940d0d139ecddbe1","imageurl":"/mcm/images/land/2S/3761_4a910d6df8cf.jpg","landname":"27"},{"id":281475024552114,"level":2,"status":0,"posx":33,"posy":8,"cityid":730,"townid":1570,"tokenid":"45ec486dd7f3ecf1171a9cff26e24bd6","tokenurl":"/mcm/api/land?token=45ec486dd7f3ecf1171a9cff26e24bd6","imageurl":"/mcm/images/land/2A/5632_3405f1f842b5.jpg","landname":"28"},{"id":281475024552115,"level":3,"status":1,"posx":7,"posy":9,"cityid":730,"townid":1570,"tokenid":"17018fd7bd9cf71d2535643b2f45c487","tokenurl":"/mcm/api/land?token=17018fd7bd9cf71d2535643b2f45c487","imageurl":"/mcm/images/land/2B/9389_f9e53c017b8.jpg","landname":"29"},{"id":281475024552116,"level":3,"status":0,"posx":8,"posy":9,"cityid":730,"townid":1570,"tokenid":"19832ecc660c8fa9e303c24b7648e03c","tokenurl":"/mcm/api/land?token=19832ecc660c8fa9e303c24b7648e03c","imageurl":"/mcm/images/land/2B/9390_41fa7fa1d7d7.jpg","landname":"30"},{"id":281475024552117,"level":3,"status":1,"posx":16,"posy":9,"cityid":730,"townid":1570,"tokenid":"93be8ee6f7a3a4386f4e8c69018c87a6","tokenurl":"/mcm/api/land?token=93be8ee6f7a3a4386f4e8c69018c87a6","imageurl":"/mcm/images/land/2B/9391_25092c6137e4.jpg","landname":"31"},{"id":281475024552118,"level":3,"status":0,"posx":17,"posy":9,"cityid":730,"townid":1570,"tokenid":"c78a6240391d9b7e29db45bdafee2a32","tokenurl":"/mcm/api/land?token=c78a6240391d9b7e29db45bdafee2a32","imageurl":"/mcm/images/land/2B/9392_48c46134c82a.jpg","landname":"32"},{"id":281475024552119,"level":2,"status":0,"posx":20,"posy":9,"cityid":730,"townid":1570,"tokenid":"ce7618e4a0b5dbab0e1d2e48744afd99","tokenurl":"/mcm/api/land?token=ce7618e4a0b5dbab0e1d2e48744afd99","imageurl":"/mcm/images/land/2A/5633_2389e67ccead.jpg","landname":"33"},{"id":281475024552120,"level":2,"status":0,"posx":21,"posy":9,"cityid":730,"townid":1570,"tokenid":"a378b2f8e68e8ad73c3d98bf0ff0816a","tokenurl":"/mcm/api/land?token=a378b2f8e68e8ad73c3d98bf0ff0816a","imageurl":"/mcm/images/land/2A/5634_1158159bcc69.jpg","landname":"34"},{"id":281475024552121,"level":2,"status":1,"posx":28,"posy":9,"cityid":730,"townid":1570,"tokenid":"eb9d0f2b462d9b6e0d259be93ead725c","tokenurl":"/mcm/api/land?token=eb9d0f2b462d9b6e0d259be93ead725c","imageurl":"/mcm/images/land/2A/5635_10e1b96fc1fb.jpg","landname":"35"},{"id":281475024552122,"level":1,"status":0,"posx":29,"posy":9,"cityid":730,"townid":1570,"tokenid":"89939b0cd1598515fbd2e2d5b1d24fef","tokenurl":"/mcm/api/land?token=89939b0cd1598515fbd2e2d5b1d24fef","imageurl":"/mcm/images/land/2S/3762_37ab05604d7a.jpg","landname":"36"},{"id":281475024552123,"level":3,"status":0,"posx":32,"posy":9,"cityid":730,"townid":1570,"tokenid":"77c062e3223f2365e0e2a820b954ebdb","tokenurl":"/mcm/api/land?token=77c062e3223f2365e0e2a820b954ebdb","imageurl":"/mcm/images/land/2B/9393_b6a94f7a06f.jpg","landname":"37"},{"id":281475024552124,"level":2,"status":1,"posx":33,"posy":9,"cityid":730,"townid":1570,"tokenid":"c40722958315f51d871c6997a901dda7","tokenurl":"/mcm/api/land?token=c40722958315f51d871c6997a901dda7","imageurl":"/mcm/images/land/2A/5636_486e833655d2.jpg","landname":"38"},{"id":281475024552125,"level":3,"status":1,"posx":28,"posy":10,"cityid":730,"townid":1570,"tokenid":"ab309cdc0af925179063f3737c9f4ca7","tokenurl":"/mcm/api/land?token=ab309cdc0af925179063f3737c9f4ca7","imageurl":"/mcm/images/land/2B/9394_2e35b1d8ff5c.jpg","landname":"39"},{"id":281475024552126,"level":1,"status":1,"posx":29,"posy":10,"cityid":730,"townid":1570,"tokenid":"fa9ce2d7c051325efd1bb63c26fb6898","tokenurl":"/mcm/api/land?token=fa9ce2d7c051325efd1bb63c26fb6898","imageurl":"/mcm/images/land/2S/3763_b404b1b8263.jpg","landname":"40"},{"id":281475024552127,"level":3,"status":0,"posx":32,"posy":10,"cityid":730,"townid":1570,"tokenid":"a7f58c8585126f69a21e90f5f017b549","tokenurl":"/mcm/api/land?token=a7f58c8585126f69a21e90f5f017b549","imageurl":"/mcm/images/land/2B/9395_14b2fade41cd.jpg","landname":"41"},{"id":281475024552128,"level":3,"status":0,"posx":33,"posy":10,"cityid":730,"townid":1570,"tokenid":"aef03883574039a1a93cdc70bd9631c4","tokenurl":"/mcm/api/land?token=aef03883574039a1a93cdc70bd9631c4","imageurl":"/mcm/images/land/2B/9396_2741b02b0146.jpg","landname":"42"},{"id":281475024552129,"level":3,"status":1,"posx":28,"posy":11,"cityid":730,"townid":1570,"tokenid":"9b6ce78113ba8506259744662d636b11","tokenurl":"/mcm/api/land?token=9b6ce78113ba8506259744662d636b11","imageurl":"/mcm/images/land/2B/9397_ed3cfd73b59.jpg","landname":"43"},{"id":281475024552130,"level":3,"status":0,"posx":29,"posy":11,"cityid":730,"townid":1570,"tokenid":"fdbc95cee82f57975eeb8cbfc63b794a","tokenurl":"/mcm/api/land?token=fdbc95cee82f57975eeb8cbfc63b794a","imageurl":"/mcm/images/land/2B/9398_4438854ff86a.jpg","landname":"44"},{"id":281475024552131,"level":2,"status":0,"posx":32,"posy":11,"cityid":730,"townid":1570,"tokenid":"e31fb39b682a5ea4a0fab75de2dd3d6b","tokenurl":"/mcm/api/land?token=e31fb39b682a5ea4a0fab75de2dd3d6b","imageurl":"/mcm/images/land/2A/5637_4f0fe71db063.jpg","landname":"45"},{"id":281475024552132,"level":3,"status":0,"posx":33,"posy":11,"cityid":730,"townid":1570,"tokenid":"cabf6711e0e64cc3b790e10c6e45535f","tokenurl":"/mcm/api/land?token=cabf6711e0e64cc3b790e10c6e45535f","imageurl":"/mcm/images/land/2B/9399_4682b52f1168.jpg","landname":"46"},{"id":281475024552133,"level":3,"status":0,"posx":28,"posy":12,"cityid":730,"townid":1570,"tokenid":"7a072fc2eeb517ce6aa3c852d0479c96","tokenurl":"/mcm/api/land?token=7a072fc2eeb517ce6aa3c852d0479c96","imageurl":"/mcm/images/land/2B/9400_37ad6e0da4a5.jpg","landname":"47"},{"id":281475024552134,"level":3,"status":1,"posx":29,"posy":12,"cityid":730,"townid":1570,"tokenid":"698784993e4b4d5466fa36f53de0a889","tokenurl":"/mcm/api/land?token=698784993e4b4d5466fa36f53de0a889","imageurl":"/mcm/images/land/2B/9401_18b447babf43.jpg","landname":"48"},{"id":281475024552135,"level":2,"status":1,"posx":32,"posy":12,"cityid":730,"townid":1570,"tokenid":"56bd6f6fe4709b8f935ddad8f36ef8fb","tokenurl":"/mcm/api/land?token=56bd6f6fe4709b8f935ddad8f36ef8fb","imageurl":"/mcm/images/land/2A/5638_457ce8b981ae.jpg","landname":"49"},{"id":281475024552136,"level":3,"status":0,"posx":33,"posy":12,"cityid":730,"townid":1570,"tokenid":"fc96533097b123e5a57bb821a30e792a","tokenurl":"/mcm/api/land?token=fc96533097b123e5a57bb821a30e792a","imageurl":"/mcm/images/land/2B/9402_361ba52be8fc.jpg","landname":"50"},{"id":281475024552137,"level":1,"status":1,"posx":23,"posy":14,"cityid":730,"townid":1570,"tokenid":"3f5be4f8951b599d78aa193d0b3f8eb7","tokenurl":"/mcm/api/land?token=3f5be4f8951b599d78aa193d0b3f8eb7","imageurl":"/mcm/images/land/2S/3764_3a3f31a1d89e.jpg","landname":"51"},{"id":281475024552138,"level":3,"status":1,"posx":24,"posy":14,"cityid":730,"townid":1570,"tokenid":"aa2d67060fe5253d1fe6e6674b084ede","tokenurl":"/mcm/api/land?token=aa2d67060fe5253d1fe6e6674b084ede","imageurl":"/mcm/images/land/2B/9403_2ad4b9e7f73a.jpg","landname":"52"},{"id":281475024552139,"level":1,"status":1,"posx":23,"posy":15,"cityid":730,"townid":1570,"tokenid":"a5af7b0b752b3c725b9dd83a5d63ef8b","tokenurl":"/mcm/api/land?token=a5af7b0b752b3c725b9dd83a5d63ef8b","imageurl":"/mcm/images/land/2S/3765_2b8cb8da2bdf.jpg","landname":"53"},{"id":281475024552140,"level":3,"status":0,"posx":24,"posy":15,"cityid":730,"townid":1570,"tokenid":"97a91a2bd931f907ace1776572116c38","tokenurl":"/mcm/api/land?token=97a91a2bd931f907ace1776572116c38","imageurl":"/mcm/images/land/2B/9404_2065558e0c8b.jpg","landname":"54"},{"id":281475024552141,"level":3,"status":1,"posx":33,"posy":15,"cityid":730,"townid":1570,"tokenid":"6f34c0157d143bf5476af7de32372350","tokenurl":"/mcm/api/land?token=6f34c0157d143bf5476af7de32372350","imageurl":"/mcm/images/land/2B/9405_e833e34235c.jpg","landname":"55"},{"id":281475024552142,"level":1,"status":1,"posx":34,"posy":15,"cityid":730,"townid":1570,"tokenid":"c598bf7c5147cd70c5c06d1497877424","tokenurl":"/mcm/api/land?token=c598bf7c5147cd70c5c06d1497877424","imageurl":"/mcm/images/land/2S/3766_14c9692b6baa.jpg","landname":"56"},{"id":281475024552143,"level":3,"status":0,"posx":11,"posy":16,"cityid":730,"townid":1570,"tokenid":"d652cc67e0e61fa66ced81802ea10e0e","tokenurl":"/mcm/api/land?token=d652cc67e0e61fa66ced81802ea10e0e","imageurl":"/mcm/images/land/2B/9406_52c75b21ca0d.jpg","landname":"57"},{"id":281475024552144,"level":2,"status":0,"posx":12,"posy":16,"cityid":730,"townid":1570,"tokenid":"302e77a2867ede5c6ed830e09b781535","tokenurl":"/mcm/api/land?token=302e77a2867ede5c6ed830e09b781535","imageurl":"/mcm/images/land/2A/5639_117027979c14.jpg","landname":"58"},{"id":281475024552145,"level":3,"status":1,"posx":23,"posy":16,"cityid":730,"townid":1570,"tokenid":"1ee73aac39477bf475b835907ce12217","tokenurl":"/mcm/api/land?token=1ee73aac39477bf475b835907ce12217","imageurl":"/mcm/images/land/2B/9407_244f5816947a.jpg","landname":"59"},{"id":281475024552146,"level":3,"status":0,"posx":24,"posy":16,"cityid":730,"townid":1570,"tokenid":"67477d49969faeecdf09ba133aed3416","tokenurl":"/mcm/api/land?token=67477d49969faeecdf09ba133aed3416","imageurl":"/mcm/images/land/2B/9408_13fb8ff82f84.jpg","landname":"60"},{"id":281475024552147,"level":2,"status":0,"posx":33,"posy":16,"cityid":730,"townid":1570,"tokenid":"571aa319337bf6fa4431ee72edd4b0d4","tokenurl":"/mcm/api/land?token=571aa319337bf6fa4431ee72edd4b0d4","imageurl":"/mcm/images/land/2A/5640_2f46b686405d.jpg","landname":"61"},{"id":281475024552148,"level":3,"status":1,"posx":34,"posy":16,"cityid":730,"townid":1570,"tokenid":"6e6932f0bd82eac2374f4e84ab498327","tokenurl":"/mcm/api/land?token=6e6932f0bd82eac2374f4e84ab498327","imageurl":"/mcm/images/land/2B/9409_4b9fca3da893.jpg","landname":"62"},{"id":281475024552149,"level":3,"status":0,"posx":11,"posy":17,"cityid":730,"townid":1570,"tokenid":"78698bc4b348e339f9c7bf7e34b9b9e5","tokenurl":"/mcm/api/land?token=78698bc4b348e339f9c7bf7e34b9b9e5","imageurl":"/mcm/images/land/2B/9410_5a2c3beb40f1.jpg","landname":"63"},{"id":281475024552150,"level":2,"status":1,"posx":12,"posy":17,"cityid":730,"townid":1570,"tokenid":"f61b8ea4c4f870c642431e76dbe90fbc","tokenurl":"/mcm/api/land?token=f61b8ea4c4f870c642431e76dbe90fbc","imageurl":"/mcm/images/land/2A/5641_3b1e82e17f5c.jpg","landname":"64"},{"id":281475024552151,"level":3,"status":1,"posx":23,"posy":17,"cityid":730,"townid":1570,"tokenid":"03faee37ddf148a2e8d3b2d8b22da381","tokenurl":"/mcm/api/land?token=03faee37ddf148a2e8d3b2d8b22da381","imageurl":"/mcm/images/land/2B/9411_4683c13c605c.jpg","landname":"65"},{"id":281475024552152,"level":3,"status":1,"posx":24,"posy":17,"cityid":730,"townid":1570,"tokenid":"823ad73900265fa0c9a704d479e91640","tokenurl":"/mcm/api/land?token=823ad73900265fa0c9a704d479e91640","imageurl":"/mcm/images/land/2B/9412_1ef4e8789fa.jpg","landname":"66"},{"id":281475024552153,"level":2,"status":0,"posx":33,"posy":17,"cityid":730,"townid":1570,"tokenid":"3b9a6dad58e9ef084814dbfff7498454","tokenurl":"/mcm/api/land?token=3b9a6dad58e9ef084814dbfff7498454","imageurl":"/mcm/images/land/2A/5642_4e3646f72ecb.jpg","landname":"67"},{"id":281475024552154,"level":3,"status":1,"posx":34,"posy":17,"cityid":730,"townid":1570,"tokenid":"e8142a75b17ad2677fe9f07b1c96c34c","tokenurl":"/mcm/api/land?token=e8142a75b17ad2677fe9f07b1c96c34c","imageurl":"/mcm/images/land/2B/9413_44b4b3a9948e.jpg","landname":"68"},{"id":281475024552155,"level":3,"status":1,"posx":7,"posy":18,"cityid":730,"townid":1570,"tokenid":"655fe3dcaf24f202c1dd3f5c8a2331b1","tokenurl":"/mcm/api/land?token=655fe3dcaf24f202c1dd3f5c8a2331b1","imageurl":"/mcm/images/land/2B/9414_376dc1fff3a.jpg","landname":"69"},{"id":281475024552156,"level":3,"status":1,"posx":8,"posy":18,"cityid":730,"townid":1570,"tokenid":"31894935e364cb7d9231d9c85f93873d","tokenurl":"/mcm/api/land?token=31894935e364cb7d9231d9c85f93873d","imageurl":"/mcm/images/land/2B/9415_56196ebd4ec7.jpg","landname":"70"},{"id":281475024552157,"level":3,"status":0,"posx":11,"posy":18,"cityid":730,"townid":1570,"tokenid":"e7615124871af107425e8f4204c786cc","tokenurl":"/mcm/api/land?token=e7615124871af107425e8f4204c786cc","imageurl":"/mcm/images/land/2B/9416_2f6f557b04e3.jpg","landname":"71"},{"id":281475024552158,"level":3,"status":1,"posx":12,"posy":18,"cityid":730,"townid":1570,"tokenid":"976dc16e55661c6b6124d5f1c385fe6c","tokenurl":"/mcm/api/land?token=976dc16e55661c6b6124d5f1c385fe6c","imageurl":"/mcm/images/land/2B/9417_132708c4ee0f.jpg","landname":"72"},{"id":281475024552159,"level":3,"status":1,"posx":23,"posy":18,"cityid":730,"townid":1570,"tokenid":"9c171d68a9214a5006ea6999d5235e80","tokenurl":"/mcm/api/land?token=9c171d68a9214a5006ea6999d5235e80","imageurl":"/mcm/images/land/2B/9418_4a3c08a6664e.jpg","landname":"73"},{"id":281475024552160,"level":2,"status":1,"posx":24,"posy":18,"cityid":730,"townid":1570,"tokenid":"c1c7ec33909d2c1e75fb2b19998760d6","tokenurl":"/mcm/api/land?token=c1c7ec33909d2c1e75fb2b19998760d6","imageurl":"/mcm/images/land/2A/5643_37f18ee3c3fa.jpg","landname":"74"},{"id":281475024552161,"level":3,"status":1,"posx":33,"posy":18,"cityid":730,"townid":1570,"tokenid":"4fdf9ef51b8699a21417e21737249bfd","tokenurl":"/mcm/api/land?token=4fdf9ef51b8699a21417e21737249bfd","imageurl":"/mcm/images/land/2B/9419_2668066adaa5.jpg","landname":"75"},{"id":281475024552162,"level":3,"status":0,"posx":34,"posy":18,"cityid":730,"townid":1570,"tokenid":"1a9ac8fb0127b9f074c92630750c15f8","tokenurl":"/mcm/api/land?token=1a9ac8fb0127b9f074c92630750c15f8","imageurl":"/mcm/images/land/2B/9420_4bd886c8e614.jpg","landname":"76"},{"id":281475024552163,"level":2,"status":1,"posx":7,"posy":19,"cityid":730,"townid":1570,"tokenid":"04f283041f04e7f5a92fe00e3b93797c","tokenurl":"/mcm/api/land?token=04f283041f04e7f5a92fe00e3b93797c","imageurl":"/mcm/images/land/2A/5644_3d566fab3d86.jpg","landname":"77"},{"id":281475024552164,"level":3,"status":0,"posx":8,"posy":19,"cityid":730,"townid":1570,"tokenid":"bcde4a8d0b49f0a59c917f1fa34f6b8b","tokenurl":"/mcm/api/land?token=bcde4a8d0b49f0a59c917f1fa34f6b8b","imageurl":"/mcm/images/land/2B/9421_484aeaff188e.jpg","landname":"78"},{"id":281475024552165,"level":2,"status":0,"posx":11,"posy":19,"cityid":730,"townid":1570,"tokenid":"cc0258e96be12eabfee407d219d42ce5","tokenurl":"/mcm/api/land?token=cc0258e96be12eabfee407d219d42ce5","imageurl":"/mcm/images/land/2A/5645_146675d19f55.jpg","landname":"79"},{"id":281475024552166,"level":1,"status":0,"posx":12,"posy":19,"cityid":730,"townid":1570,"tokenid":"34550158a654eca964b787e90455c725","tokenurl":"/mcm/api/land?token=34550158a654eca964b787e90455c725","imageurl":"/mcm/images/land/2S/3767_1cf27871e1fe.jpg","landname":"80"},{"id":281475024552167,"level":2,"status":1,"posx":33,"posy":19,"cityid":730,"townid":1570,"tokenid":"34e78e40ed7aabdf8c990fbce3592663","tokenurl":"/mcm/api/land?token=34e78e40ed7aabdf8c990fbce3592663","imageurl":"/mcm/images/land/2A/5646_1f04a5fda504.jpg","landname":"81"},{"id":281475024552168,"level":2,"status":1,"posx":34,"posy":19,"cityid":730,"townid":1570,"tokenid":"1300cec1ebbe30d72299b1d067bc0979","tokenurl":"/mcm/api/land?token=1300cec1ebbe30d72299b1d067bc0979","imageurl":"/mcm/images/land/2A/5647_2a87893324b8.jpg","landname":"82"},{"id":281475024552169,"level":1,"status":1,"posx":7,"posy":20,"cityid":730,"townid":1570,"tokenid":"14e5169c86d96ebd65fd95c1484dba8c","tokenurl":"/mcm/api/land?token=14e5169c86d96ebd65fd95c1484dba8c","imageurl":"/mcm/images/land/2S/3768_521d805ab8a0.jpg","landname":"83"},{"id":281475024552170,"level":2,"status":1,"posx":8,"posy":20,"cityid":730,"townid":1570,"tokenid":"30095ba92e09c8fa9980769a2ea4b856","tokenurl":"/mcm/api/land?token=30095ba92e09c8fa9980769a2ea4b856","imageurl":"/mcm/images/land/2A/5648_51df88e0e026.jpg","landname":"84"},{"id":281475024552171,"level":3,"status":0,"posx":11,"posy":20,"cityid":730,"townid":1570,"tokenid":"93177e6961af5993b927e8018a05e006","tokenurl":"/mcm/api/land?token=93177e6961af5993b927e8018a05e006","imageurl":"/mcm/images/land/2B/9422_532fbf0cae4c.jpg","landname":"85"},{"id":281475024552172,"level":1,"status":0,"posx":12,"posy":20,"cityid":730,"townid":1570,"tokenid":"6967b0a6f165a7c17c5600aed6de62f0","tokenurl":"/mcm/api/land?token=6967b0a6f165a7c17c5600aed6de62f0","imageurl":"/mcm/images/land/2S/3769_12b64e5ea2ad.jpg","landname":"86"},{"id":281475024552173,"level":2,"status":1,"posx":7,"posy":21,"cityid":730,"townid":1570,"tokenid":"d0b5a66c23032fc9998681c5bc717f4d","tokenurl":"/mcm/api/land?token=d0b5a66c23032fc9998681c5bc717f4d","imageurl":"/mcm/images/land/2A/5649_5711e4861e1.jpg","landname":"87"},{"id":281475024552174,"level":2,"status":1,"posx":8,"posy":21,"cityid":730,"townid":1570,"tokenid":"de98e0abf417efa790d51772e122b51c","tokenurl":"/mcm/api/land?token=de98e0abf417efa790d51772e122b51c","imageurl":"/mcm/images/land/2A/5650_4ad0ccc320b5.jpg","landname":"88"},{"id":281475024552175,"level":2,"status":1,"posx":26,"posy":21,"cityid":730,"townid":1570,"tokenid":"76f7ddbeef6a415bd18875fbacec10b9","tokenurl":"/mcm/api/land?token=76f7ddbeef6a415bd18875fbacec10b9","imageurl":"/mcm/images/land/2A/5651_22d5bc0e510f.jpg","landname":"89"},{"id":281475024552176,"level":3,"status":1,"posx":27,"posy":21,"cityid":730,"townid":1570,"tokenid":"42b0b7375561e685d380a427c5fa5261","tokenurl":"/mcm/api/land?token=42b0b7375561e685d380a427c5fa5261","imageurl":"/mcm/images/land/2B/9423_2dea7cc9b0fe.jpg","landname":"90"},{"id":281475024552177,"level":2,"status":0,"posx":7,"posy":22,"cityid":730,"townid":1570,"tokenid":"95954bc99cece31dea65c1760af1c6e4","tokenurl":"/mcm/api/land?token=95954bc99cece31dea65c1760af1c6e4","imageurl":"/mcm/images/land/2A/5652_3e7b0906a6be.jpg","landname":"91"},{"id":281475024552178,"level":2,"status":0,"posx":8,"posy":22,"cityid":730,"townid":1570,"tokenid":"b8f7bacc8dd3263d47f9c0ef18b7c681","tokenurl":"/mcm/api/land?token=b8f7bacc8dd3263d47f9c0ef18b7c681","imageurl":"/mcm/images/land/2A/5653_426e455910a9.jpg","landname":"92"},{"id":281475024552179,"level":3,"status":0,"posx":23,"posy":22,"cityid":730,"townid":1570,"tokenid":"cfd5fd8a741647cfe4a6703629b44af1","tokenurl":"/mcm/api/land?token=cfd5fd8a741647cfe4a6703629b44af1","imageurl":"/mcm/images/land/2B/9424_1de28e877e41.jpg","landname":"93"},{"id":281475024552180,"level":2,"status":0,"posx":24,"posy":22,"cityid":730,"townid":1570,"tokenid":"100027809d2a288193e56df4fee4acb5","tokenurl":"/mcm/api/land?token=100027809d2a288193e56df4fee4acb5","imageurl":"/mcm/images/land/2A/5654_576e2d5304e8.jpg","landname":"94"},{"id":281475024552181,"level":2,"status":0,"posx":26,"posy":22,"cityid":730,"townid":1570,"tokenid":"811099acd4ace0fa4dd528493eb948fd","tokenurl":"/mcm/api/land?token=811099acd4ace0fa4dd528493eb948fd","imageurl":"/mcm/images/land/2A/5655_358d2dfc03da.jpg","landname":"95"},{"id":281475024552182,"level":1,"status":1,"posx":27,"posy":22,"cityid":730,"townid":1570,"tokenid":"138663fe6198e5291664a323227e0c6e","tokenurl":"/mcm/api/land?token=138663fe6198e5291664a323227e0c6e","imageurl":"/mcm/images/land/2S/3770_942b849c6ef.jpg","landname":"96"},{"id":281475024552183,"level":3,"status":1,"posx":33,"posy":22,"cityid":730,"townid":1570,"tokenid":"3c742da65315644cd5fdae791cd17ea0","tokenurl":"/mcm/api/land?token=3c742da65315644cd5fdae791cd17ea0","imageurl":"/mcm/images/land/2B/9425_2ff549f49d37.jpg","landname":"97"},{"id":281475024552184,"level":2,"status":0,"posx":34,"posy":22,"cityid":730,"townid":1570,"tokenid":"651710c045c2d845ba81cdfd2ecb6bc3","tokenurl":"/mcm/api/land?token=651710c045c2d845ba81cdfd2ecb6bc3","imageurl":"/mcm/images/land/2A/5656_fd6cffe6343.jpg","landname":"98"},{"id":281475024552185,"level":2,"status":1,"posx":23,"posy":23,"cityid":730,"townid":1570,"tokenid":"8bfb790b04fa0d2c5d029afe8fc7a9f6","tokenurl":"/mcm/api/land?token=8bfb790b04fa0d2c5d029afe8fc7a9f6","imageurl":"/mcm/images/land/2A/5657_54b7c2d7ac04.jpg","landname":"99"},{"id":281475024552186,"level":2,"status":1,"posx":24,"posy":23,"cityid":730,"townid":1570,"tokenid":"e70bfbb118a16f6ddcffb0104e70d175","tokenurl":"/mcm/api/land?token=e70bfbb118a16f6ddcffb0104e70d175","imageurl":"/mcm/images/land/2A/5658_e89495064d8.jpg","landname":"100"},{"id":281475024552187,"level":2,"status":1,"posx":26,"posy":23,"cityid":730,"townid":1570,"tokenid":"ffe7851a4903d64f4f88470af2811a6b","tokenurl":"/mcm/api/land?token=ffe7851a4903d64f4f88470af2811a6b","imageurl":"/mcm/images/land/2A/5659_3253836c46d9.jpg","landname":"101"},{"id":281475024552188,"level":1,"status":0,"posx":27,"posy":23,"cityid":730,"townid":1570,"tokenid":"9d16b2351d63b357168c6df65ce06a47","tokenurl":"/mcm/api/land?token=9d16b2351d63b357168c6df65ce06a47","imageurl":"/mcm/images/land/2S/3771_3e58885cf68b.jpg","landname":"102"},{"id":281475024552189,"level":3,"status":0,"posx":33,"posy":23,"cityid":730,"townid":1570,"tokenid":"6947e28817795f5653aa5bee26cc7267","tokenurl":"/mcm/api/land?token=6947e28817795f5653aa5bee26cc7267","imageurl":"/mcm/images/land/2B/9426_33482f0e5dec.jpg","landname":"103"},{"id":281475024552190,"level":2,"status":1,"posx":34,"posy":23,"cityid":730,"townid":1570,"tokenid":"4d70467fe8b40fcb7c7211c2676baa7a","tokenurl":"/mcm/api/land?token=4d70467fe8b40fcb7c7211c2676baa7a","imageurl":"/mcm/images/land/2A/5660_13eb2dc1e2a.jpg","landname":"104"},{"id":281475024552191,"level":1,"status":0,"posx":23,"posy":24,"cityid":730,"townid":1570,"tokenid":"5be9966e77c124714ad24c8dea8eba8f","tokenurl":"/mcm/api/land?token=5be9966e77c124714ad24c8dea8eba8f","imageurl":"/mcm/images/land/2S/3772_38efa6da75cb.jpg","landname":"105"},{"id":281475024552192,"level":2,"status":1,"posx":24,"posy":24,"cityid":730,"townid":1570,"tokenid":"bc4f357fe9ae7681ff2a4630e7b1d825","tokenurl":"/mcm/api/land?token=bc4f357fe9ae7681ff2a4630e7b1d825","imageurl":"/mcm/images/land/2A/5661_44b3163bcc19.jpg","landname":"106"},{"id":281475024552193,"level":3,"status":1,"posx":26,"posy":24,"cityid":730,"townid":1570,"tokenid":"d0a6672d0ed114c6a23d07dd58856573","tokenurl":"/mcm/api/land?token=d0a6672d0ed114c6a23d07dd58856573","imageurl":"/mcm/images/land/2B/9427_137f98c3f975.jpg","landname":"107"},{"id":281475024552194,"level":1,"status":0,"posx":27,"posy":24,"cityid":730,"townid":1570,"tokenid":"4d49370ae4c428d48158df212032fbde","tokenurl":"/mcm/api/land?token=4d49370ae4c428d48158df212032fbde","imageurl":"/mcm/images/land/2S/3773_15ad9f038141.jpg","landname":"108"},{"id":281475024552195,"level":3,"status":0,"posx":33,"posy":24,"cityid":730,"townid":1570,"tokenid":"91b3809d7a7e9066372d66c3779ebc51","tokenurl":"/mcm/api/land?token=91b3809d7a7e9066372d66c3779ebc51","imageurl":"/mcm/images/land/2B/9428_2aa8be0fc93.jpg","landname":"109"},{"id":281475024552196,"level":1,"status":1,"posx":34,"posy":24,"cityid":730,"townid":1570,"tokenid":"38a3dec21cedd7e7b6b3f9fd0e71433b","tokenurl":"/mcm/api/land?token=38a3dec21cedd7e7b6b3f9fd0e71433b","imageurl":"/mcm/images/land/2S/3774_5756244caa4b.jpg","landname":"110"},{"id":281475024552197,"level":2,"status":0,"posx":23,"posy":25,"cityid":730,"townid":1570,"tokenid":"f3c593c116d09d075483fcc97614e8dc","tokenurl":"/mcm/api/land?token=f3c593c116d09d075483fcc97614e8dc","imageurl":"/mcm/images/land/2A/5662_411373928a6a.jpg","landname":"111"},{"id":281475024552198,"level":2,"status":0,"posx":24,"posy":25,"cityid":730,"townid":1570,"tokenid":"9de4dcba214f1640e8280228a2d6b3a5","tokenurl":"/mcm/api/land?token=9de4dcba214f1640e8280228a2d6b3a5","imageurl":"/mcm/images/land/2A/5663_12cbe0744bd7.jpg","landname":"112"},{"id":281475024552199,"level":3,"status":1,"posx":26,"posy":25,"cityid":730,"townid":1570,"tokenid":"af27b503f9eb3a4cd24da8b89a71fa24","tokenurl":"/mcm/api/land?token=af27b503f9eb3a4cd24da8b89a71fa24","imageurl":"/mcm/images/land/2B/9429_2f5491ead0e4.jpg","landname":"113"},{"id":281475024552200,"level":3,"status":1,"posx":27,"posy":25,"cityid":730,"townid":1570,"tokenid":"4bf42fb10e006d862df582fe8c4ea88e","tokenurl":"/mcm/api/land?token=4bf42fb10e006d862df582fe8c4ea88e","imageurl":"/mcm/images/land/2B/9430_1c4af26ffdec.jpg","landname":"114"},{"id":281475024552201,"level":3,"status":0,"posx":33,"posy":25,"cityid":730,"townid":1570,"tokenid":"71ea84fe7b4d8f0cfb3f4fa281f90d03","tokenurl":"/mcm/api/land?token=71ea84fe7b4d8f0cfb3f4fa281f90d03","imageurl":"/mcm/images/land/2B/9431_3f417f96e13d.jpg","landname":"115"},{"id":281475024552202,"level":3,"status":0,"posx":34,"posy":25,"cityid":730,"townid":1570,"tokenid":"b7ac9615ab149f34a96448bcc870395d","tokenurl":"/mcm/api/land?token=b7ac9615ab149f34a96448bcc870395d","imageurl":"/mcm/images/land/2B/9432_404e5d662997.jpg","landname":"116"},{"id":281475024552203,"level":3,"status":0,"posx":23,"posy":26,"cityid":730,"townid":1570,"tokenid":"0e79c214a3f53b300190b7b71fdb66fa","tokenurl":"/mcm/api/land?token=0e79c214a3f53b300190b7b71fdb66fa","imageurl":"/mcm/images/land/2B/9433_51e00c1bf447.jpg","landname":"117"},{"id":281475024552204,"level":3,"status":1,"posx":24,"posy":26,"cityid":730,"townid":1570,"tokenid":"d33652b6e3ac8b4c2b691f819e017270","tokenurl":"/mcm/api/land?token=d33652b6e3ac8b4c2b691f819e017270","imageurl":"/mcm/images/land/2B/9434_3b9a706db9.jpg","landname":"118"},{"id":281475024552205,"level":2,"status":0,"posx":33,"posy":26,"cityid":730,"townid":1570,"tokenid":"7736972e77f229c5e8d8f439e7755055","tokenurl":"/mcm/api/land?token=7736972e77f229c5e8d8f439e7755055","imageurl":"/mcm/images/land/2A/5664_267198686dcb.jpg","landname":"119"},{"id":281475024552206,"level":1,"status":1,"posx":34,"posy":26,"cityid":730,"townid":1570,"tokenid":"415ef3826115be1a2a5641646591efa6","tokenurl":"/mcm/api/land?token=415ef3826115be1a2a5641646591efa6","imageurl":"/mcm/images/land/2S/3775_49fabc080696.jpg","landname":"120"},{"id":281475024552207,"level":3,"status":0,"posx":31,"posy":27,"cityid":730,"townid":1570,"tokenid":"a109d1486e2d46fec6e670508d910387","tokenurl":"/mcm/api/land?token=a109d1486e2d46fec6e670508d910387","imageurl":"/mcm/images/land/2B/9435_725f37ffb1d.jpg","landname":"121"},{"id":281475024552208,"level":3,"status":0,"posx":32,"posy":27,"cityid":730,"townid":1570,"tokenid":"ad5567c435441c984ef218b6db600b4f","tokenurl":"/mcm/api/land?token=ad5567c435441c984ef218b6db600b4f","imageurl":"/mcm/images/land/2B/9436_4ee2bf720bed.jpg","landname":"122"},{"id":281475024552209,"level":2,"status":0,"posx":6,"posy":28,"cityid":730,"townid":1570,"tokenid":"867d6ee384be28c4f0997f1c3609fc15","tokenurl":"/mcm/api/land?token=867d6ee384be28c4f0997f1c3609fc15","imageurl":"/mcm/images/land/2A/5665_710fa7b5995.jpg","landname":"123"},{"id":281475024552210,"level":3,"status":1,"posx":7,"posy":28,"cityid":730,"townid":1570,"tokenid":"51ebadf8c135df70dad54580dd1ec819","tokenurl":"/mcm/api/land?token=51ebadf8c135df70dad54580dd1ec819","imageurl":"/mcm/images/land/2B/9437_27f6d7e02235.jpg","landname":"124"},{"id":281475024552211,"level":3,"status":1,"posx":9,"posy":28,"cityid":730,"townid":1570,"tokenid":"b3be9118ce5dcc0a58369708f5750483","tokenurl":"/mcm/api/land?token=b3be9118ce5dcc0a58369708f5750483","imageurl":"/mcm/images/land/2B/9438_4d138636bab9.jpg","landname":"125"},{"id":281475024552212,"level":1,"status":0,"posx":10,"posy":28,"cityid":730,"townid":1570,"tokenid":"ca63c46aabc241c626ad19cf76cbb485","tokenurl":"/mcm/api/land?token=ca63c46aabc241c626ad19cf76cbb485","imageurl":"/mcm/images/land/2S/3776_3971770a229a.jpg","landname":"126"},{"id":281475024552213,"level":2,"status":0,"posx":31,"posy":28,"cityid":730,"townid":1570,"tokenid":"bb4179f1c2c3c7853a17da17c77fdfcf","tokenurl":"/mcm/api/land?token=bb4179f1c2c3c7853a17da17c77fdfcf","imageurl":"/mcm/images/land/2A/5666_55c0be0041a3.jpg","landname":"127"},{"id":281475024552214,"level":1,"status":0,"posx":32,"posy":28,"cityid":730,"townid":1570,"tokenid":"4b06b114951c87f1cac509ca89e7931c","tokenurl":"/mcm/api/land?token=4b06b114951c87f1cac509ca89e7931c","imageurl":"/mcm/images/land/2S/3777_3b5631c86540.jpg","landname":"128"},{"id":281475024552215,"level":3,"status":1,"posx":6,"posy":29,"cityid":730,"townid":1570,"tokenid":"e07740eba811a344eebf26a7195a1df1","tokenurl":"/mcm/api/land?token=e07740eba811a344eebf26a7195a1df1","imageurl":"/mcm/images/land/2B/9439_143a51259ac0.jpg","landname":"129"},{"id":281475024552216,"level":2,"status":1,"posx":7,"posy":29,"cityid":730,"townid":1570,"tokenid":"931e817614eb2fbbb67c122e29af4d0e","tokenurl":"/mcm/api/land?token=931e817614eb2fbbb67c122e29af4d0e","imageurl":"/mcm/images/land/2A/5667_40f6c98bb96a.jpg","landname":"130"},{"id":281475024552217,"level":3,"status":1,"posx":9,"posy":29,"cityid":730,"townid":1570,"tokenid":"2aabd659800f9c0fcc40f915b54c8717","tokenurl":"/mcm/api/land?token=2aabd659800f9c0fcc40f915b54c8717","imageurl":"/mcm/images/land/2B/9440_26c679ffca50.jpg","landname":"131"},{"id":281475024552218,"level":1,"status":0,"posx":10,"posy":29,"cityid":730,"townid":1570,"tokenid":"a981bc4f7f83fd92158397ce66af05b4","tokenurl":"/mcm/api/land?token=a981bc4f7f83fd92158397ce66af05b4","imageurl":"/mcm/images/land/2S/3778_17c9f1bbf007.jpg","landname":"132"},{"id":281475024552219,"level":3,"status":0,"posx":31,"posy":29,"cityid":730,"townid":1570,"tokenid":"0cace8c831f99b6492afca8ac3389c34","tokenurl":"/mcm/api/land?token=0cace8c831f99b6492afca8ac3389c34","imageurl":"/mcm/images/land/2B/9441_3357e6080ad9.jpg","landname":"133"},{"id":281475024552220,"level":1,"status":1,"posx":32,"posy":29,"cityid":730,"townid":1570,"tokenid":"05c6bf2c2044b9bd8621f420c0a21509","tokenurl":"/mcm/api/land?token=05c6bf2c2044b9bd8621f420c0a21509","imageurl":"/mcm/images/land/2S/3779_14186429f7b8.jpg","landname":"134"},{"id":281475024552221,"level":3,"status":0,"posx":6,"posy":30,"cityid":730,"townid":1570,"tokenid":"3a08ee085eb841b5de3312c6cc94c31d","tokenurl":"/mcm/api/land?token=3a08ee085eb841b5de3312c6cc94c31d","imageurl":"/mcm/images/land/2B/9442_27dd33626578.jpg","landname":"135"},{"id":281475024552222,"level":3,"status":0,"posx":7,"posy":30,"cityid":730,"townid":1570,"tokenid":"bb76bc98587795255c94c7c268d4a99e","tokenurl":"/mcm/api/land?token=bb76bc98587795255c94c7c268d4a99e","imageurl":"/mcm/images/land/2B/9443_108c1ea2e830.jpg","landname":"136"},{"id":281475024552223,"level":2,"status":0,"posx":9,"posy":30,"cityid":730,"townid":1570,"tokenid":"686fdbaf0455b54535ccabf7b1b416db","tokenurl":"/mcm/api/land?token=686fdbaf0455b54535ccabf7b1b416db","imageurl":"/mcm/images/land/2A/5668_65552488130.jpg","landname":"137"},{"id":281475024552224,"level":3,"status":0,"posx":10,"posy":30,"cityid":730,"townid":1570,"tokenid":"674738045cc23e350a87627e1e0dfec6","tokenurl":"/mcm/api/land?token=674738045cc23e350a87627e1e0dfec6","imageurl":"/mcm/images/land/2B/9444_23e29faf9f0.jpg","landname":"138"},{"id":281475024552225,"level":3,"status":0,"posx":31,"posy":30,"cityid":730,"townid":1570,"tokenid":"d9e033e63e87a537e3e76f0b3766273d","tokenurl":"/mcm/api/land?token=d9e033e63e87a537e3e76f0b3766273d","imageurl":"/mcm/images/land/2B/9445_47e288cf2f63.jpg","landname":"139"},{"id":281475024552226,"level":3,"status":1,"posx":32,"posy":30,"cityid":730,"townid":1570,"tokenid":"cfc906f86dd22b41853bbeb77a7c76fa","tokenurl":"/mcm/api/land?token=cfc906f86dd22b41853bbeb77a7c76fa","imageurl":"/mcm/images/land/2B/9446_128aa46ce49f.jpg","landname":"140"},{"id":281475024552227,"level":2,"status":1,"posx":6,"posy":31,"cityid":730,"townid":1570,"tokenid":"b8f9336b2f695cf34cbda5ad7119b701","tokenurl":"/mcm/api/land?token=b8f9336b2f695cf34cbda5ad7119b701","imageurl":"/mcm/images/land/2A/5669_17a61ffae121.jpg","landname":"141"},{"id":281475024552228,"level":3,"status":0,"posx":7,"posy":31,"cityid":730,"townid":1570,"tokenid":"2e2be1b020b1c887de793ee636f220eb","tokenurl":"/mcm/api/land?token=2e2be1b020b1c887de793ee636f220eb","imageurl":"/mcm/images/land/2B/9447_96c013cb515.jpg","landname":"142"},{"id":281475024552229,"level":1,"status":1,"posx":9,"posy":31,"cityid":730,"townid":1570,"tokenid":"8e36b04abb6b1a40a24a95f32dfc6cc7","tokenurl":"/mcm/api/land?token=8e36b04abb6b1a40a24a95f32dfc6cc7","imageurl":"/mcm/images/land/2S/3780_29b8f239e06d.jpg","landname":"143"},{"id":281475024552230,"level":3,"status":1,"posx":10,"posy":31,"cityid":730,"townid":1570,"tokenid":"3192c135ad6161c6448f198763a5736c","tokenurl":"/mcm/api/land?token=3192c135ad6161c6448f198763a5736c","imageurl":"/mcm/images/land/2B/9448_7f58258937c.jpg","landname":"144"},{"id":281475024552231,"level":1,"status":0,"posx":31,"posy":31,"cityid":730,"townid":1570,"tokenid":"2182af68dd3cc79b5ed868e3989a7b51","tokenurl":"/mcm/api/land?token=2182af68dd3cc79b5ed868e3989a7b51","imageurl":"/mcm/images/land/2S/3781_6a9d2f9a004.jpg","landname":"145"},{"id":281475024552232,"level":3,"status":0,"posx":32,"posy":31,"cityid":730,"townid":1570,"tokenid":"7c2d354271b39800afd8535609a353ba","tokenurl":"/mcm/api/land?token=7c2d354271b39800afd8535609a353ba","imageurl":"/mcm/images/land/2B/9449_24ea1e202f5b.jpg","landname":"146"},{"id":281475024552233,"level":2,"status":0,"posx":6,"posy":32,"cityid":730,"townid":1570,"tokenid":"0306fd4adcfd54f1930674b6005b5c3a","tokenurl":"/mcm/api/land?token=0306fd4adcfd54f1930674b6005b5c3a","imageurl":"/mcm/images/land/2A/5670_47cde929a118.jpg","landname":"147"},{"id":281475024552234,"level":3,"status":1,"posx":7,"posy":32,"cityid":730,"townid":1570,"tokenid":"ae2270c79700f332f855699dda0a894f","tokenurl":"/mcm/api/land?token=ae2270c79700f332f855699dda0a894f","imageurl":"/mcm/images/land/2B/9450_a46526a3309.jpg","landname":"148"},{"id":281475024552235,"level":3,"status":0,"posx":9,"posy":32,"cityid":730,"townid":1570,"tokenid":"cec2cada3c37e6e5972a8dd01cf84b70","tokenurl":"/mcm/api/land?token=cec2cada3c37e6e5972a8dd01cf84b70","imageurl":"/mcm/images/land/2B/9451_43265f0264f6.jpg","landname":"149"},{"id":281475024552236,"level":2,"status":0,"posx":10,"posy":32,"cityid":730,"townid":1570,"tokenid":"771356e319a5001d51ee47755cd8f8f8","tokenurl":"/mcm/api/land?token=771356e319a5001d51ee47755cd8f8f8","imageurl":"/mcm/images/land/2A/5671_27c8fbd5c0ac.jpg","landname":"150"}]]],0,0,[],[],[]]
