[1,0,0,[["cc.JsonAsset",["_name","json"],1]],[[0,0,1,3]],[[0,"1323",[{"id":281475016753153,"level":2,"status":0,"posx":6,"posy":5,"cityid":611,"townid":1323,"tokenid":"3d279b55b670c3621a1b67a539342278","tokenurl":"/mcm/api/land?token=3d279b55b670c3621a1b67a539342278","imageurl":"/mcm/images/land/2A/13592_26da5fc84c7.jpg","landname":"1"},{"id":281475016753154,"level":3,"status":1,"posx":7,"posy":5,"cityid":611,"townid":1323,"tokenid":"a338bbab1b52b440078f3e740947db4b","tokenurl":"/mcm/api/land?token=a338bbab1b52b440078f3e740947db4b","imageurl":"/mcm/images/land/2B/22652_13d2b2238c34.jpg","landname":"2"},{"id":281475016753155,"level":3,"status":0,"posx":6,"posy":6,"cityid":611,"townid":1323,"tokenid":"8b3b45a3c6911bf39861a341287fb50c","tokenurl":"/mcm/api/land?token=8b3b45a3c6911bf39861a341287fb50c","imageurl":"/mcm/images/land/2B/22653_42e0dfe8fd30.jpg","landname":"3"},{"id":281475016753156,"level":3,"status":1,"posx":7,"posy":6,"cityid":611,"townid":1323,"tokenid":"823010f8dc89d16e0b97cfd2721f06ba","tokenurl":"/mcm/api/land?token=823010f8dc89d16e0b97cfd2721f06ba","imageurl":"/mcm/images/land/2B/22654_339e80f6eeab.jpg","landname":"4"},{"id":281475016753157,"level":2,"status":1,"posx":18,"posy":6,"cityid":611,"townid":1323,"tokenid":"2b11989f7a8008f403016fbbae75c057","tokenurl":"/mcm/api/land?token=2b11989f7a8008f403016fbbae75c057","imageurl":"/mcm/images/land/2A/13593_4368f331a1c.jpg","landname":"5"},{"id":281475016753158,"level":3,"status":0,"posx":19,"posy":6,"cityid":611,"townid":1323,"tokenid":"7ff453fff92e1865f72d7330fdf625a2","tokenurl":"/mcm/api/land?token=7ff453fff92e1865f72d7330fdf625a2","imageurl":"/mcm/images/land/2B/22655_22fea5cafc37.jpg","landname":"6"},{"id":281475016753159,"level":3,"status":0,"posx":20,"posy":6,"cityid":611,"townid":1323,"tokenid":"4afd92c25280771fcbc54b11365a914b","tokenurl":"/mcm/api/land?token=4afd92c25280771fcbc54b11365a914b","imageurl":"/mcm/images/land/2B/22656_386396b5285f.jpg","landname":"7"},{"id":281475016753160,"level":3,"status":1,"posx":21,"posy":6,"cityid":611,"townid":1323,"tokenid":"084d178d6c6e9e22504777186339a7a0","tokenurl":"/mcm/api/land?token=084d178d6c6e9e22504777186339a7a0","imageurl":"/mcm/images/land/2B/22657_4a8799b75a40.jpg","landname":"8"},{"id":281475016753161,"level":1,"status":1,"posx":22,"posy":6,"cityid":611,"townid":1323,"tokenid":"f9040bb1c54798977d3cf028d63e6a0e","tokenurl":"/mcm/api/land?token=f9040bb1c54798977d3cf028d63e6a0e","imageurl":"/mcm/images/land/2S/9062_2f2a41476cda.jpg","landname":"9"},{"id":281475016753162,"level":2,"status":1,"posx":28,"posy":6,"cityid":611,"townid":1323,"tokenid":"93c31719013f00e876a05440d4469690","tokenurl":"/mcm/api/land?token=93c31719013f00e876a05440d4469690","imageurl":"/mcm/images/land/2A/13594_2ac22cf26a8.jpg","landname":"10"},{"id":281475016753163,"level":3,"status":1,"posx":29,"posy":6,"cityid":611,"townid":1323,"tokenid":"e3c4230e91c049cdffafff44c27fa637","tokenurl":"/mcm/api/land?token=e3c4230e91c049cdffafff44c27fa637","imageurl":"/mcm/images/land/2B/22658_3616d165495a.jpg","landname":"11"},{"id":281475016753164,"level":2,"status":1,"posx":31,"posy":6,"cityid":611,"townid":1323,"tokenid":"99603012583184090a2c757cc4eaed90","tokenurl":"/mcm/api/land?token=99603012583184090a2c757cc4eaed90","imageurl":"/mcm/images/land/2A/13595_33d5b7411d04.jpg","landname":"12"},{"id":281475016753165,"level":3,"status":1,"posx":32,"posy":6,"cityid":611,"townid":1323,"tokenid":"b036d6cc908ef318c6b18f61d7671f88","tokenurl":"/mcm/api/land?token=b036d6cc908ef318c6b18f61d7671f88","imageurl":"/mcm/images/land/2B/22659_52724405df72.jpg","landname":"13"},{"id":281475016753166,"level":3,"status":1,"posx":6,"posy":7,"cityid":611,"townid":1323,"tokenid":"cc8f7afba7b9bf776ec4157680f261a5","tokenurl":"/mcm/api/land?token=cc8f7afba7b9bf776ec4157680f261a5","imageurl":"/mcm/images/land/2B/22660_59d3bc83d5d0.jpg","landname":"14"},{"id":281475016753167,"level":1,"status":1,"posx":7,"posy":7,"cityid":611,"townid":1323,"tokenid":"93925ebfb079cd2b6b89ebbcc4101c38","tokenurl":"/mcm/api/land?token=93925ebfb079cd2b6b89ebbcc4101c38","imageurl":"/mcm/images/land/2S/9063_2beb7efa48de.jpg","landname":"15"},{"id":281475016753168,"level":3,"status":0,"posx":18,"posy":7,"cityid":611,"townid":1323,"tokenid":"c78b066d386d28ef6bc5c74ad4ab1abf","tokenurl":"/mcm/api/land?token=c78b066d386d28ef6bc5c74ad4ab1abf","imageurl":"/mcm/images/land/2B/22661_2f5712ce550e.jpg","landname":"16"},{"id":281475016753169,"level":1,"status":0,"posx":19,"posy":7,"cityid":611,"townid":1323,"tokenid":"8b1f494b4a099e0c63b41c02e1a1fb7a","tokenurl":"/mcm/api/land?token=8b1f494b4a099e0c63b41c02e1a1fb7a","imageurl":"/mcm/images/land/2S/9064_36259fe16efb.jpg","landname":"17"},{"id":281475016753170,"level":2,"status":1,"posx":20,"posy":7,"cityid":611,"townid":1323,"tokenid":"4b4bb8b56acd88ab4286d8b056784a62","tokenurl":"/mcm/api/land?token=4b4bb8b56acd88ab4286d8b056784a62","imageurl":"/mcm/images/land/2A/13596_5889869dfdd9.jpg","landname":"18"},{"id":281475016753171,"level":2,"status":1,"posx":21,"posy":7,"cityid":611,"townid":1323,"tokenid":"3382ece8d3abdbe312f4a8b4d926ee89","tokenurl":"/mcm/api/land?token=3382ece8d3abdbe312f4a8b4d926ee89","imageurl":"/mcm/images/land/2A/13597_4af083e5a7c7.jpg","landname":"19"},{"id":281475016753172,"level":3,"status":0,"posx":22,"posy":7,"cityid":611,"townid":1323,"tokenid":"50c21d2d7c1a6c0a4f9b6ae99bd2ac70","tokenurl":"/mcm/api/land?token=50c21d2d7c1a6c0a4f9b6ae99bd2ac70","imageurl":"/mcm/images/land/2B/22662_197d425f338c.jpg","landname":"20"},{"id":281475016753173,"level":1,"status":0,"posx":28,"posy":7,"cityid":611,"townid":1323,"tokenid":"c5382c79b36478926f28bb59179bdada","tokenurl":"/mcm/api/land?token=c5382c79b36478926f28bb59179bdada","imageurl":"/mcm/images/land/2S/9065_500c14736018.jpg","landname":"21"},{"id":281475016753174,"level":2,"status":0,"posx":29,"posy":7,"cityid":611,"townid":1323,"tokenid":"3d2dd0771a84b635122f219800348f5e","tokenurl":"/mcm/api/land?token=3d2dd0771a84b635122f219800348f5e","imageurl":"/mcm/images/land/2A/13598_550d768d6bab.jpg","landname":"22"},{"id":281475016753175,"level":3,"status":0,"posx":31,"posy":7,"cityid":611,"townid":1323,"tokenid":"48172edf3ff069b2df3973941ddc560e","tokenurl":"/mcm/api/land?token=48172edf3ff069b2df3973941ddc560e","imageurl":"/mcm/images/land/2B/22663_c629a8bcd17.jpg","landname":"23"},{"id":281475016753176,"level":3,"status":0,"posx":32,"posy":7,"cityid":611,"townid":1323,"tokenid":"d2ef3192cb86aec1050dd9ff1cc73a01","tokenurl":"/mcm/api/land?token=d2ef3192cb86aec1050dd9ff1cc73a01","imageurl":"/mcm/images/land/2B/22664_18f0cf2f047d.jpg","landname":"24"},{"id":281475016753177,"level":2,"status":0,"posx":6,"posy":8,"cityid":611,"townid":1323,"tokenid":"9dbb299720c7fd42388cbac8bf47e692","tokenurl":"/mcm/api/land?token=9dbb299720c7fd42388cbac8bf47e692","imageurl":"/mcm/images/land/2A/13599_1f99d3c8f1ea.jpg","landname":"25"},{"id":281475016753178,"level":2,"status":0,"posx":7,"posy":8,"cityid":611,"townid":1323,"tokenid":"ba1f935d77a6e1164ad469c228527396","tokenurl":"/mcm/api/land?token=ba1f935d77a6e1164ad469c228527396","imageurl":"/mcm/images/land/2A/13600_3a84a5fc556a.jpg","landname":"26"},{"id":281475016753179,"level":2,"status":0,"posx":28,"posy":8,"cityid":611,"townid":1323,"tokenid":"3fbbac863703bc27153a4448fb334b08","tokenurl":"/mcm/api/land?token=3fbbac863703bc27153a4448fb334b08","imageurl":"/mcm/images/land/2A/13601_117c2da0b71c.jpg","landname":"27"},{"id":281475016753180,"level":1,"status":0,"posx":29,"posy":8,"cityid":611,"townid":1323,"tokenid":"56aae52102e6ec0a1ca206c33dea7f42","tokenurl":"/mcm/api/land?token=56aae52102e6ec0a1ca206c33dea7f42","imageurl":"/mcm/images/land/2S/9066_4d7dea249f6c.jpg","landname":"28"},{"id":281475016753181,"level":3,"status":0,"posx":31,"posy":8,"cityid":611,"townid":1323,"tokenid":"6fc813f67a20e57aa5256fecc6cc1cb3","tokenurl":"/mcm/api/land?token=6fc813f67a20e57aa5256fecc6cc1cb3","imageurl":"/mcm/images/land/2B/22665_43ffd989eaca.jpg","landname":"29"},{"id":281475016753182,"level":3,"status":0,"posx":32,"posy":8,"cityid":611,"townid":1323,"tokenid":"84babc193aac1b3e1284441324459d37","tokenurl":"/mcm/api/land?token=84babc193aac1b3e1284441324459d37","imageurl":"/mcm/images/land/2B/22666_52f575571b45.jpg","landname":"30"},{"id":281475016753183,"level":3,"status":0,"posx":6,"posy":9,"cityid":611,"townid":1323,"tokenid":"86170e289eed91c5ba9e17c0fa952b01","tokenurl":"/mcm/api/land?token=86170e289eed91c5ba9e17c0fa952b01","imageurl":"/mcm/images/land/2B/22667_9678fdd222a.jpg","landname":"31"},{"id":281475016753184,"level":3,"status":1,"posx":7,"posy":9,"cityid":611,"townid":1323,"tokenid":"ed00efffde5d7b908e6fafcb97496eb3","tokenurl":"/mcm/api/land?token=ed00efffde5d7b908e6fafcb97496eb3","imageurl":"/mcm/images/land/2B/22668_3aa6a2a57c6f.jpg","landname":"32"},{"id":281475016753185,"level":2,"status":1,"posx":28,"posy":9,"cityid":611,"townid":1323,"tokenid":"2b5c2e0f0b18571a879ca05ee8c8fd70","tokenurl":"/mcm/api/land?token=2b5c2e0f0b18571a879ca05ee8c8fd70","imageurl":"/mcm/images/land/2A/13602_3569f583e48d.jpg","landname":"33"},{"id":281475016753186,"level":3,"status":0,"posx":29,"posy":9,"cityid":611,"townid":1323,"tokenid":"c463953d96bc41179be8a6a18b872083","tokenurl":"/mcm/api/land?token=c463953d96bc41179be8a6a18b872083","imageurl":"/mcm/images/land/2B/22669_45d04017ca9d.jpg","landname":"34"},{"id":281475016753187,"level":1,"status":1,"posx":31,"posy":9,"cityid":611,"townid":1323,"tokenid":"70431ea1df284fee0f23b0cedc78c085","tokenurl":"/mcm/api/land?token=70431ea1df284fee0f23b0cedc78c085","imageurl":"/mcm/images/land/2S/9067_328c4b9cb64b.jpg","landname":"35"},{"id":281475016753188,"level":1,"status":1,"posx":32,"posy":9,"cityid":611,"townid":1323,"tokenid":"e25206eb5254b90d8ea55e96b36f02da","tokenurl":"/mcm/api/land?token=e25206eb5254b90d8ea55e96b36f02da","imageurl":"/mcm/images/land/2S/9068_ad0da201e5e.jpg","landname":"36"},{"id":281475016753189,"level":3,"status":0,"posx":28,"posy":10,"cityid":611,"townid":1323,"tokenid":"1f5761564f40395e503111255ee7d893","tokenurl":"/mcm/api/land?token=1f5761564f40395e503111255ee7d893","imageurl":"/mcm/images/land/2B/22670_425a9feb8b67.jpg","landname":"37"},{"id":281475016753190,"level":3,"status":1,"posx":29,"posy":10,"cityid":611,"townid":1323,"tokenid":"4550323eee384fd7b649241cff69af68","tokenurl":"/mcm/api/land?token=4550323eee384fd7b649241cff69af68","imageurl":"/mcm/images/land/2B/22671_4fc4b876014d.jpg","landname":"38"},{"id":281475016753191,"level":3,"status":1,"posx":31,"posy":10,"cityid":611,"townid":1323,"tokenid":"0c6f4f321eac3182e2009a60412831a6","tokenurl":"/mcm/api/land?token=0c6f4f321eac3182e2009a60412831a6","imageurl":"/mcm/images/land/2B/22672_69044e5c87f.jpg","landname":"39"},{"id":281475016753192,"level":3,"status":1,"posx":32,"posy":10,"cityid":611,"townid":1323,"tokenid":"a5c8707b87532115e37a69bf79683cb0","tokenurl":"/mcm/api/land?token=a5c8707b87532115e37a69bf79683cb0","imageurl":"/mcm/images/land/2B/22673_23f454fb620d.jpg","landname":"40"},{"id":281475016753193,"level":3,"status":0,"posx":9,"posy":14,"cityid":611,"townid":1323,"tokenid":"126d7dcbb3740380986be5d4f8773958","tokenurl":"/mcm/api/land?token=126d7dcbb3740380986be5d4f8773958","imageurl":"/mcm/images/land/2B/22674_173658e49350.jpg","landname":"41"},{"id":281475016753194,"level":3,"status":0,"posx":10,"posy":14,"cityid":611,"townid":1323,"tokenid":"16538f13caaed869cd3006247f726576","tokenurl":"/mcm/api/land?token=16538f13caaed869cd3006247f726576","imageurl":"/mcm/images/land/2B/22675_5081d44b4789.jpg","landname":"42"},{"id":281475016753195,"level":3,"status":0,"posx":13,"posy":14,"cityid":611,"townid":1323,"tokenid":"22bd73676b4ab8cf29f79738a17b661e","tokenurl":"/mcm/api/land?token=22bd73676b4ab8cf29f79738a17b661e","imageurl":"/mcm/images/land/2B/22676_325b31ca359f.jpg","landname":"43"},{"id":281475016753196,"level":1,"status":1,"posx":14,"posy":14,"cityid":611,"townid":1323,"tokenid":"909ffd8534247798194e10707ec4b786","tokenurl":"/mcm/api/land?token=909ffd8534247798194e10707ec4b786","imageurl":"/mcm/images/land/2S/9069_168d6fafbdcc.jpg","landname":"44"},{"id":281475016753197,"level":3,"status":1,"posx":17,"posy":14,"cityid":611,"townid":1323,"tokenid":"44605c638477e17b83be3fd450a5c55d","tokenurl":"/mcm/api/land?token=44605c638477e17b83be3fd450a5c55d","imageurl":"/mcm/images/land/2B/22677_39967a4f245e.jpg","landname":"45"},{"id":281475016753198,"level":2,"status":0,"posx":18,"posy":14,"cityid":611,"townid":1323,"tokenid":"5721417cdefa769a52bcc55fc997f114","tokenurl":"/mcm/api/land?token=5721417cdefa769a52bcc55fc997f114","imageurl":"/mcm/images/land/2A/13603_2d4e5425cd4f.jpg","landname":"46"},{"id":281475016753199,"level":2,"status":1,"posx":9,"posy":15,"cityid":611,"townid":1323,"tokenid":"8024662f7fa4793dc33bc24ff06ad5d4","tokenurl":"/mcm/api/land?token=8024662f7fa4793dc33bc24ff06ad5d4","imageurl":"/mcm/images/land/2A/13604_26f6177af14b.jpg","landname":"47"},{"id":281475016753200,"level":1,"status":1,"posx":10,"posy":15,"cityid":611,"townid":1323,"tokenid":"782f128bb287846afca942e53aa68f05","tokenurl":"/mcm/api/land?token=782f128bb287846afca942e53aa68f05","imageurl":"/mcm/images/land/2S/9070_183f09658f68.jpg","landname":"48"},{"id":281475016753201,"level":2,"status":0,"posx":13,"posy":15,"cityid":611,"townid":1323,"tokenid":"f0bfc72c73878adcc6e44aad7df35bd3","tokenurl":"/mcm/api/land?token=f0bfc72c73878adcc6e44aad7df35bd3","imageurl":"/mcm/images/land/2A/13605_15aa252a604b.jpg","landname":"49"},{"id":281475016753202,"level":3,"status":0,"posx":14,"posy":15,"cityid":611,"townid":1323,"tokenid":"dd891221a889d4a51683b780203f658e","tokenurl":"/mcm/api/land?token=dd891221a889d4a51683b780203f658e","imageurl":"/mcm/images/land/2B/22678_15048ceb99d4.jpg","landname":"50"},{"id":281475016753203,"level":3,"status":0,"posx":17,"posy":15,"cityid":611,"townid":1323,"tokenid":"90191e4583d50bc15721493837966db3","tokenurl":"/mcm/api/land?token=90191e4583d50bc15721493837966db3","imageurl":"/mcm/images/land/2B/22679_448be12b2b3e.jpg","landname":"51"},{"id":281475016753204,"level":2,"status":1,"posx":18,"posy":15,"cityid":611,"townid":1323,"tokenid":"fe08efe4c4cd1f7c1c2a575afa5650f2","tokenurl":"/mcm/api/land?token=fe08efe4c4cd1f7c1c2a575afa5650f2","imageurl":"/mcm/images/land/2A/13606_53054743626.jpg","landname":"52"},{"id":281475016753205,"level":3,"status":0,"posx":9,"posy":16,"cityid":611,"townid":1323,"tokenid":"44e6e0dfd1193046e65f6090f68af847","tokenurl":"/mcm/api/land?token=44e6e0dfd1193046e65f6090f68af847","imageurl":"/mcm/images/land/2B/22680_3ff30d3c1814.jpg","landname":"53"},{"id":281475016753206,"level":3,"status":1,"posx":10,"posy":16,"cityid":611,"townid":1323,"tokenid":"d48dab2c55fb40bf5e3710bb47be79fe","tokenurl":"/mcm/api/land?token=d48dab2c55fb40bf5e3710bb47be79fe","imageurl":"/mcm/images/land/2B/22681_2eef269b0a85.jpg","landname":"54"},{"id":281475016753207,"level":1,"status":0,"posx":13,"posy":16,"cityid":611,"townid":1323,"tokenid":"b28cc772372ca3402cda5f11c3005434","tokenurl":"/mcm/api/land?token=b28cc772372ca3402cda5f11c3005434","imageurl":"/mcm/images/land/2S/9071_3b088308da69.jpg","landname":"55"},{"id":281475016753208,"level":3,"status":1,"posx":14,"posy":16,"cityid":611,"townid":1323,"tokenid":"5cf5826d12489dd7ef58f629ea5c1e80","tokenurl":"/mcm/api/land?token=5cf5826d12489dd7ef58f629ea5c1e80","imageurl":"/mcm/images/land/2B/22682_fb6c39acdc6.jpg","landname":"56"},{"id":281475016753209,"level":3,"status":0,"posx":17,"posy":16,"cityid":611,"townid":1323,"tokenid":"b17372fa69c7ad5c5e00b027caa6920c","tokenurl":"/mcm/api/land?token=b17372fa69c7ad5c5e00b027caa6920c","imageurl":"/mcm/images/land/2B/22683_525fadf74034.jpg","landname":"57"},{"id":281475016753210,"level":3,"status":0,"posx":18,"posy":16,"cityid":611,"townid":1323,"tokenid":"eb77d1fcf8c82c348306e7dc556e5bc4","tokenurl":"/mcm/api/land?token=eb77d1fcf8c82c348306e7dc556e5bc4","imageurl":"/mcm/images/land/2B/22684_3c0b0a6d8875.jpg","landname":"58"},{"id":281475016753211,"level":3,"status":0,"posx":29,"posy":16,"cityid":611,"townid":1323,"tokenid":"4d94a22219e849bf8adfbed350d31880","tokenurl":"/mcm/api/land?token=4d94a22219e849bf8adfbed350d31880","imageurl":"/mcm/images/land/2B/22685_3de383d07978.jpg","landname":"59"},{"id":281475016753212,"level":1,"status":0,"posx":30,"posy":16,"cityid":611,"townid":1323,"tokenid":"0c7ca8402ad2c8e37607c6d79a0feeea","tokenurl":"/mcm/api/land?token=0c7ca8402ad2c8e37607c6d79a0feeea","imageurl":"/mcm/images/land/2S/9072_4f8f75a93ecd.jpg","landname":"60"},{"id":281475016753213,"level":1,"status":0,"posx":33,"posy":16,"cityid":611,"townid":1323,"tokenid":"9543cfdc4d142aeab1a29918076f00cd","tokenurl":"/mcm/api/land?token=9543cfdc4d142aeab1a29918076f00cd","imageurl":"/mcm/images/land/2S/9073_3eca56d0a07b.jpg","landname":"61"},{"id":281475016753214,"level":3,"status":0,"posx":34,"posy":16,"cityid":611,"townid":1323,"tokenid":"8c71d77283543fdf8ef95f6530a7db33","tokenurl":"/mcm/api/land?token=8c71d77283543fdf8ef95f6530a7db33","imageurl":"/mcm/images/land/2B/22686_92a03b7e54e.jpg","landname":"62"},{"id":281475016753215,"level":2,"status":1,"posx":9,"posy":17,"cityid":611,"townid":1323,"tokenid":"573c6fae0cef3d1f53cb5b3aa34af182","tokenurl":"/mcm/api/land?token=573c6fae0cef3d1f53cb5b3aa34af182","imageurl":"/mcm/images/land/2A/13607_32e73741d401.jpg","landname":"63"},{"id":281475016753216,"level":1,"status":0,"posx":10,"posy":17,"cityid":611,"townid":1323,"tokenid":"3e92a77d4c15540272ec10d2947fc927","tokenurl":"/mcm/api/land?token=3e92a77d4c15540272ec10d2947fc927","imageurl":"/mcm/images/land/2S/9074_2aca5145a4ab.jpg","landname":"64"},{"id":281475016753217,"level":2,"status":0,"posx":13,"posy":17,"cityid":611,"townid":1323,"tokenid":"380a7e94a14bce89d58c66a9ac052496","tokenurl":"/mcm/api/land?token=380a7e94a14bce89d58c66a9ac052496","imageurl":"/mcm/images/land/2A/13608_156cb12f17e4.jpg","landname":"65"},{"id":281475016753218,"level":2,"status":1,"posx":14,"posy":17,"cityid":611,"townid":1323,"tokenid":"a3157223a4079c7c32c06869fc36df61","tokenurl":"/mcm/api/land?token=a3157223a4079c7c32c06869fc36df61","imageurl":"/mcm/images/land/2A/13609_16b74a45f2db.jpg","landname":"66"},{"id":281475016753219,"level":3,"status":0,"posx":17,"posy":17,"cityid":611,"townid":1323,"tokenid":"b557ccb0f161f1355413fb766e220caf","tokenurl":"/mcm/api/land?token=b557ccb0f161f1355413fb766e220caf","imageurl":"/mcm/images/land/2B/22687_56bbb18acbe3.jpg","landname":"67"},{"id":281475016753220,"level":2,"status":0,"posx":18,"posy":17,"cityid":611,"townid":1323,"tokenid":"5086097a473ceae4694d61e508a45b00","tokenurl":"/mcm/api/land?token=5086097a473ceae4694d61e508a45b00","imageurl":"/mcm/images/land/2A/13610_30b584d9c3c4.jpg","landname":"68"},{"id":281475016753221,"level":3,"status":1,"posx":29,"posy":17,"cityid":611,"townid":1323,"tokenid":"6c2c7770a2e4679d7fbbeaeab3d9c32f","tokenurl":"/mcm/api/land?token=6c2c7770a2e4679d7fbbeaeab3d9c32f","imageurl":"/mcm/images/land/2B/22688_32817f685214.jpg","landname":"69"},{"id":281475016753222,"level":2,"status":0,"posx":30,"posy":17,"cityid":611,"townid":1323,"tokenid":"ccdd7fc05d3776e7a0676f0fb7959773","tokenurl":"/mcm/api/land?token=ccdd7fc05d3776e7a0676f0fb7959773","imageurl":"/mcm/images/land/2A/13611_3106806e276a.jpg","landname":"70"},{"id":281475016753223,"level":2,"status":0,"posx":33,"posy":17,"cityid":611,"townid":1323,"tokenid":"e98a36c404c696d12d42604a25b9fa8c","tokenurl":"/mcm/api/land?token=e98a36c404c696d12d42604a25b9fa8c","imageurl":"/mcm/images/land/2A/13612_567853f4f7b9.jpg","landname":"71"},{"id":281475016753224,"level":2,"status":0,"posx":34,"posy":17,"cityid":611,"townid":1323,"tokenid":"249f7851161d2f40410e092c0b68c1bb","tokenurl":"/mcm/api/land?token=249f7851161d2f40410e092c0b68c1bb","imageurl":"/mcm/images/land/2A/13613_293c1b2ccebb.jpg","landname":"72"},{"id":281475016753225,"level":3,"status":0,"posx":3,"posy":18,"cityid":611,"townid":1323,"tokenid":"7bf2071b5fbf38fd0904e6322264cd96","tokenurl":"/mcm/api/land?token=7bf2071b5fbf38fd0904e6322264cd96","imageurl":"/mcm/images/land/2B/22689_714b364f058.jpg","landname":"73"},{"id":281475016753226,"level":2,"status":1,"posx":4,"posy":18,"cityid":611,"townid":1323,"tokenid":"6d912e9c3fd46b8c803c95714850d77f","tokenurl":"/mcm/api/land?token=6d912e9c3fd46b8c803c95714850d77f","imageurl":"/mcm/images/land/2A/13614_228cc055a472.jpg","landname":"74"},{"id":281475016753227,"level":2,"status":0,"posx":9,"posy":18,"cityid":611,"townid":1323,"tokenid":"695cff5493681240a14a84226cf9209a","tokenurl":"/mcm/api/land?token=695cff5493681240a14a84226cf9209a","imageurl":"/mcm/images/land/2A/13615_4aa495ac92e8.jpg","landname":"75"},{"id":281475016753228,"level":1,"status":0,"posx":10,"posy":18,"cityid":611,"townid":1323,"tokenid":"b808d521b9ec29ac954547bc093c4317","tokenurl":"/mcm/api/land?token=b808d521b9ec29ac954547bc093c4317","imageurl":"/mcm/images/land/2S/9075_53547ed41dbe.jpg","landname":"76"},{"id":281475016753229,"level":1,"status":1,"posx":13,"posy":18,"cityid":611,"townid":1323,"tokenid":"ae748e697bb1fc9f20cb55e9de742e0d","tokenurl":"/mcm/api/land?token=ae748e697bb1fc9f20cb55e9de742e0d","imageurl":"/mcm/images/land/2S/9076_5514e7e0a1a7.jpg","landname":"77"},{"id":281475016753230,"level":2,"status":1,"posx":14,"posy":18,"cityid":611,"townid":1323,"tokenid":"48b886475b9afc94228e78469e450379","tokenurl":"/mcm/api/land?token=48b886475b9afc94228e78469e450379","imageurl":"/mcm/images/land/2A/13616_49211af3bd78.jpg","landname":"78"},{"id":281475016753231,"level":2,"status":1,"posx":17,"posy":18,"cityid":611,"townid":1323,"tokenid":"7c3d6cca0790beb6ce6e598490f7ef95","tokenurl":"/mcm/api/land?token=7c3d6cca0790beb6ce6e598490f7ef95","imageurl":"/mcm/images/land/2A/13617_2dc739eb1dcc.jpg","landname":"79"},{"id":281475016753232,"level":2,"status":1,"posx":18,"posy":18,"cityid":611,"townid":1323,"tokenid":"2dfa7ed98b9e9b716e93cc2277b7c838","tokenurl":"/mcm/api/land?token=2dfa7ed98b9e9b716e93cc2277b7c838","imageurl":"/mcm/images/land/2A/13618_4e926ca48c77.jpg","landname":"80"},{"id":281475016753233,"level":2,"status":1,"posx":29,"posy":18,"cityid":611,"townid":1323,"tokenid":"3685cc3cb616568c6de6b422a9b078fa","tokenurl":"/mcm/api/land?token=3685cc3cb616568c6de6b422a9b078fa","imageurl":"/mcm/images/land/2A/13619_57110d00d67b.jpg","landname":"81"},{"id":281475016753234,"level":3,"status":1,"posx":30,"posy":18,"cityid":611,"townid":1323,"tokenid":"cba45d29275da5ed49efbe2f45de3b60","tokenurl":"/mcm/api/land?token=cba45d29275da5ed49efbe2f45de3b60","imageurl":"/mcm/images/land/2B/22690_255c86c6dfd0.jpg","landname":"82"},{"id":281475016753235,"level":1,"status":1,"posx":33,"posy":18,"cityid":611,"townid":1323,"tokenid":"775f20dbe2e4389bb7b17a2dcd007531","tokenurl":"/mcm/api/land?token=775f20dbe2e4389bb7b17a2dcd007531","imageurl":"/mcm/images/land/2S/9077_14b97c804f32.jpg","landname":"83"},{"id":281475016753236,"level":2,"status":0,"posx":34,"posy":18,"cityid":611,"townid":1323,"tokenid":"bd5077c9ecd5b8cb79842c9d7eaefbd5","tokenurl":"/mcm/api/land?token=bd5077c9ecd5b8cb79842c9d7eaefbd5","imageurl":"/mcm/images/land/2A/13620_5aefae53df6b.jpg","landname":"84"},{"id":281475016753237,"level":2,"status":0,"posx":3,"posy":19,"cityid":611,"townid":1323,"tokenid":"bc2fb59983a16fa4508f8f36d7e1a5c8","tokenurl":"/mcm/api/land?token=bc2fb59983a16fa4508f8f36d7e1a5c8","imageurl":"/mcm/images/land/2A/13621_1b326adab7fb.jpg","landname":"85"},{"id":281475016753238,"level":3,"status":1,"posx":4,"posy":19,"cityid":611,"townid":1323,"tokenid":"1a1797d00913913b047e329c19ae4470","tokenurl":"/mcm/api/land?token=1a1797d00913913b047e329c19ae4470","imageurl":"/mcm/images/land/2B/22691_e7dc203a099.jpg","landname":"86"},{"id":281475016753239,"level":3,"status":1,"posx":29,"posy":19,"cityid":611,"townid":1323,"tokenid":"5163b479834aba9610e618baa024365c","tokenurl":"/mcm/api/land?token=5163b479834aba9610e618baa024365c","imageurl":"/mcm/images/land/2B/22692_cd7033cbf3f.jpg","landname":"87"},{"id":281475016753240,"level":1,"status":1,"posx":30,"posy":19,"cityid":611,"townid":1323,"tokenid":"5952a84ff7e413ffcb564aca9d2881b9","tokenurl":"/mcm/api/land?token=5952a84ff7e413ffcb564aca9d2881b9","imageurl":"/mcm/images/land/2S/9078_131df0df16ca.jpg","landname":"88"},{"id":281475016753241,"level":3,"status":1,"posx":33,"posy":19,"cityid":611,"townid":1323,"tokenid":"34cf502fb5314ee4f980898563a80fa0","tokenurl":"/mcm/api/land?token=34cf502fb5314ee4f980898563a80fa0","imageurl":"/mcm/images/land/2B/22693_1a096935f5b0.jpg","landname":"89"},{"id":281475016753242,"level":1,"status":1,"posx":34,"posy":19,"cityid":611,"townid":1323,"tokenid":"e57636c0eee1554301218d1017286c10","tokenurl":"/mcm/api/land?token=e57636c0eee1554301218d1017286c10","imageurl":"/mcm/images/land/2S/9079_420c1e6bc666.jpg","landname":"90"},{"id":281475016753243,"level":1,"status":0,"posx":3,"posy":20,"cityid":611,"townid":1323,"tokenid":"e06e777960a7ee3b52518888578d5095","tokenurl":"/mcm/api/land?token=e06e777960a7ee3b52518888578d5095","imageurl":"/mcm/images/land/2S/9080_53a5cbf9ef4f.jpg","landname":"91"},{"id":281475016753244,"level":3,"status":1,"posx":4,"posy":20,"cityid":611,"townid":1323,"tokenid":"5866edd9a21accc14597e3473483d01a","tokenurl":"/mcm/api/land?token=5866edd9a21accc14597e3473483d01a","imageurl":"/mcm/images/land/2B/22694_3ed4b371ca54.jpg","landname":"92"},{"id":281475016753245,"level":1,"status":0,"posx":9,"posy":20,"cityid":611,"townid":1323,"tokenid":"46f9d62bc81320b8427fd09120022ef1","tokenurl":"/mcm/api/land?token=46f9d62bc81320b8427fd09120022ef1","imageurl":"/mcm/images/land/2S/9081_4c966923d3e7.jpg","landname":"93"},{"id":281475016753246,"level":3,"status":0,"posx":10,"posy":20,"cityid":611,"townid":1323,"tokenid":"aafc73b08a400fc2cec96d3002000219","tokenurl":"/mcm/api/land?token=aafc73b08a400fc2cec96d3002000219","imageurl":"/mcm/images/land/2B/22695_4cba75b82003.jpg","landname":"94"},{"id":281475016753247,"level":2,"status":1,"posx":13,"posy":20,"cityid":611,"townid":1323,"tokenid":"1aceebdc1096996466c39ed0e64add74","tokenurl":"/mcm/api/land?token=1aceebdc1096996466c39ed0e64add74","imageurl":"/mcm/images/land/2A/13622_594e425a0cdc.jpg","landname":"95"},{"id":281475016753248,"level":1,"status":1,"posx":14,"posy":20,"cityid":611,"townid":1323,"tokenid":"b0be0d8cef874e7c1b356f5f04307351","tokenurl":"/mcm/api/land?token=b0be0d8cef874e7c1b356f5f04307351","imageurl":"/mcm/images/land/2S/9082_3871105e03eb.jpg","landname":"96"},{"id":281475016753249,"level":3,"status":0,"posx":17,"posy":20,"cityid":611,"townid":1323,"tokenid":"2b640077555460fc36d276560545a95a","tokenurl":"/mcm/api/land?token=2b640077555460fc36d276560545a95a","imageurl":"/mcm/images/land/2B/22696_3a6c6707d1a4.jpg","landname":"97"},{"id":281475016753250,"level":2,"status":1,"posx":18,"posy":20,"cityid":611,"townid":1323,"tokenid":"872faa62a14543335ab1811076dd5db5","tokenurl":"/mcm/api/land?token=872faa62a14543335ab1811076dd5db5","imageurl":"/mcm/images/land/2A/13623_5aa10ceb9cec.jpg","landname":"98"},{"id":281475016753251,"level":3,"status":1,"posx":29,"posy":20,"cityid":611,"townid":1323,"tokenid":"fc103771bcb4c348948b5a9adc1699b8","tokenurl":"/mcm/api/land?token=fc103771bcb4c348948b5a9adc1699b8","imageurl":"/mcm/images/land/2B/22697_c213eb206d8.jpg","landname":"99"},{"id":281475016753252,"level":1,"status":0,"posx":30,"posy":20,"cityid":611,"townid":1323,"tokenid":"5c8d344e402ea680cf0cfff253ed7c10","tokenurl":"/mcm/api/land?token=5c8d344e402ea680cf0cfff253ed7c10","imageurl":"/mcm/images/land/2S/9083_2becd37eaf64.jpg","landname":"100"},{"id":281475016753253,"level":2,"status":1,"posx":33,"posy":20,"cityid":611,"townid":1323,"tokenid":"b42f8ea381b7c1fc65919766a36a3e75","tokenurl":"/mcm/api/land?token=b42f8ea381b7c1fc65919766a36a3e75","imageurl":"/mcm/images/land/2A/13624_8c4706bd61c.jpg","landname":"101"},{"id":281475016753254,"level":3,"status":1,"posx":34,"posy":20,"cityid":611,"townid":1323,"tokenid":"be275677ea96323f4382a1a16f5ffb99","tokenurl":"/mcm/api/land?token=be275677ea96323f4382a1a16f5ffb99","imageurl":"/mcm/images/land/2B/22698_203f74a6f377.jpg","landname":"102"},{"id":281475016753255,"level":2,"status":1,"posx":3,"posy":21,"cityid":611,"townid":1323,"tokenid":"537da4df3a9fbb7d9faece95284e0caa","tokenurl":"/mcm/api/land?token=537da4df3a9fbb7d9faece95284e0caa","imageurl":"/mcm/images/land/2A/13625_21f602a55550.jpg","landname":"103"},{"id":281475016753256,"level":3,"status":1,"posx":4,"posy":21,"cityid":611,"townid":1323,"tokenid":"658be87ec4e13a3cdd862efcfc909546","tokenurl":"/mcm/api/land?token=658be87ec4e13a3cdd862efcfc909546","imageurl":"/mcm/images/land/2B/22699_327bd30d138e.jpg","landname":"104"},{"id":281475016753257,"level":3,"status":1,"posx":9,"posy":21,"cityid":611,"townid":1323,"tokenid":"03bda66db6e6e4ad4cf832ed98b0c522","tokenurl":"/mcm/api/land?token=03bda66db6e6e4ad4cf832ed98b0c522","imageurl":"/mcm/images/land/2B/22700_17877440fb77.jpg","landname":"105"},{"id":281475016753258,"level":3,"status":1,"posx":10,"posy":21,"cityid":611,"townid":1323,"tokenid":"3d627868f5a453dadf300fdabf6755af","tokenurl":"/mcm/api/land?token=3d627868f5a453dadf300fdabf6755af","imageurl":"/mcm/images/land/2B/22701_1c382e77efb9.jpg","landname":"106"},{"id":281475016753259,"level":3,"status":1,"posx":13,"posy":21,"cityid":611,"townid":1323,"tokenid":"fb61a4b727a78ae2e2457806aa460d94","tokenurl":"/mcm/api/land?token=fb61a4b727a78ae2e2457806aa460d94","imageurl":"/mcm/images/land/2B/22702_2d61b93194b.jpg","landname":"107"},{"id":281475016753260,"level":2,"status":1,"posx":14,"posy":21,"cityid":611,"townid":1323,"tokenid":"29fd3236f15a24973d86df81aa2a1d6f","tokenurl":"/mcm/api/land?token=29fd3236f15a24973d86df81aa2a1d6f","imageurl":"/mcm/images/land/2A/13626_405dc25b12b1.jpg","landname":"108"},{"id":281475016753261,"level":3,"status":1,"posx":17,"posy":21,"cityid":611,"townid":1323,"tokenid":"2f022be1f4ea8b99fa31857a041da314","tokenurl":"/mcm/api/land?token=2f022be1f4ea8b99fa31857a041da314","imageurl":"/mcm/images/land/2B/22703_be7dc5a9cfb.jpg","landname":"109"},{"id":281475016753262,"level":2,"status":0,"posx":18,"posy":21,"cityid":611,"townid":1323,"tokenid":"eae0f4cc85495acbd487d2647fc808f1","tokenurl":"/mcm/api/land?token=eae0f4cc85495acbd487d2647fc808f1","imageurl":"/mcm/images/land/2A/13627_58e0d63f3bd5.jpg","landname":"110"},{"id":281475016753263,"level":3,"status":1,"posx":3,"posy":22,"cityid":611,"townid":1323,"tokenid":"6a2653703a6ea0e1d081233728951c42","tokenurl":"/mcm/api/land?token=6a2653703a6ea0e1d081233728951c42","imageurl":"/mcm/images/land/2B/22704_57b3e373baf0.jpg","landname":"111"},{"id":281475016753264,"level":2,"status":0,"posx":4,"posy":22,"cityid":611,"townid":1323,"tokenid":"f32a20624e51745e0cfffd3a72d33fa3","tokenurl":"/mcm/api/land?token=f32a20624e51745e0cfffd3a72d33fa3","imageurl":"/mcm/images/land/2A/13628_1501a0dc0dbf.jpg","landname":"112"},{"id":281475016753265,"level":2,"status":0,"posx":9,"posy":22,"cityid":611,"townid":1323,"tokenid":"53bc3716e82ddc4e80da11d18b6c4bd7","tokenurl":"/mcm/api/land?token=53bc3716e82ddc4e80da11d18b6c4bd7","imageurl":"/mcm/images/land/2A/13629_266f511e8dfe.jpg","landname":"113"},{"id":281475016753266,"level":1,"status":1,"posx":10,"posy":22,"cityid":611,"townid":1323,"tokenid":"0a518b58395570ac952afce38dc1b690","tokenurl":"/mcm/api/land?token=0a518b58395570ac952afce38dc1b690","imageurl":"/mcm/images/land/2S/9084_540c0cd41b31.jpg","landname":"114"},{"id":281475016753267,"level":3,"status":1,"posx":13,"posy":22,"cityid":611,"townid":1323,"tokenid":"5a2bfc0936e2821bf412ca547516cf7e","tokenurl":"/mcm/api/land?token=5a2bfc0936e2821bf412ca547516cf7e","imageurl":"/mcm/images/land/2B/22705_ba66d449c98.jpg","landname":"115"},{"id":281475016753268,"level":3,"status":0,"posx":14,"posy":22,"cityid":611,"townid":1323,"tokenid":"bfb5dd861a2f2ca53c516cb2ded9572a","tokenurl":"/mcm/api/land?token=bfb5dd861a2f2ca53c516cb2ded9572a","imageurl":"/mcm/images/land/2B/22706_114aa5d85251.jpg","landname":"116"},{"id":281475016753269,"level":3,"status":0,"posx":17,"posy":22,"cityid":611,"townid":1323,"tokenid":"cd563e873892cb8101e8dfc865ce429f","tokenurl":"/mcm/api/land?token=cd563e873892cb8101e8dfc865ce429f","imageurl":"/mcm/images/land/2B/22707_1326ca48f005.jpg","landname":"117"},{"id":281475016753270,"level":1,"status":1,"posx":18,"posy":22,"cityid":611,"townid":1323,"tokenid":"c748a67bcee15b4ce87637a9f9b14696","tokenurl":"/mcm/api/land?token=c748a67bcee15b4ce87637a9f9b14696","imageurl":"/mcm/images/land/2S/9085_1f59e7aebfbb.jpg","landname":"118"},{"id":281475016753271,"level":1,"status":0,"posx":9,"posy":23,"cityid":611,"townid":1323,"tokenid":"7cd08f517132dfdde6af5830dcd3cc60","tokenurl":"/mcm/api/land?token=7cd08f517132dfdde6af5830dcd3cc60","imageurl":"/mcm/images/land/2S/9086_3081970e89.jpg","landname":"119"},{"id":281475016753272,"level":2,"status":0,"posx":10,"posy":23,"cityid":611,"townid":1323,"tokenid":"5dbe39010a40931863833281e4663368","tokenurl":"/mcm/api/land?token=5dbe39010a40931863833281e4663368","imageurl":"/mcm/images/land/2A/13630_35dee9f5a367.jpg","landname":"120"},{"id":281475016753273,"level":3,"status":0,"posx":13,"posy":23,"cityid":611,"townid":1323,"tokenid":"c08d6cbe2a7e16f26f248232c4ca1f3c","tokenurl":"/mcm/api/land?token=c08d6cbe2a7e16f26f248232c4ca1f3c","imageurl":"/mcm/images/land/2B/22708_211766816aca.jpg","landname":"121"},{"id":281475016753274,"level":3,"status":0,"posx":14,"posy":23,"cityid":611,"townid":1323,"tokenid":"929713748f1468c3a202af228719d92d","tokenurl":"/mcm/api/land?token=929713748f1468c3a202af228719d92d","imageurl":"/mcm/images/land/2B/22709_271bfbbc5385.jpg","landname":"122"},{"id":281475016753275,"level":1,"status":0,"posx":17,"posy":23,"cityid":611,"townid":1323,"tokenid":"c48ee54ce9cb90f3651ef15b8a690191","tokenurl":"/mcm/api/land?token=c48ee54ce9cb90f3651ef15b8a690191","imageurl":"/mcm/images/land/2S/9087_13862307f710.jpg","landname":"123"},{"id":281475016753276,"level":3,"status":1,"posx":18,"posy":23,"cityid":611,"townid":1323,"tokenid":"aca1d37c48325ee9df68589709d25621","tokenurl":"/mcm/api/land?token=aca1d37c48325ee9df68589709d25621","imageurl":"/mcm/images/land/2B/22710_d0f28bb32a4.jpg","landname":"124"},{"id":281475016753277,"level":3,"status":0,"posx":9,"posy":24,"cityid":611,"townid":1323,"tokenid":"314170326e9a079e303493e27188c389","tokenurl":"/mcm/api/land?token=314170326e9a079e303493e27188c389","imageurl":"/mcm/images/land/2B/22711_36ee64189935.jpg","landname":"125"},{"id":281475016753278,"level":3,"status":1,"posx":10,"posy":24,"cityid":611,"townid":1323,"tokenid":"ebf233357e5012092ee3a53cc39bba20","tokenurl":"/mcm/api/land?token=ebf233357e5012092ee3a53cc39bba20","imageurl":"/mcm/images/land/2B/22712_488895327cd0.jpg","landname":"126"},{"id":281475016753279,"level":3,"status":1,"posx":13,"posy":24,"cityid":611,"townid":1323,"tokenid":"9833b5ad40fced8635f26a9ec151b1f3","tokenurl":"/mcm/api/land?token=9833b5ad40fced8635f26a9ec151b1f3","imageurl":"/mcm/images/land/2B/22713_235d8826a079.jpg","landname":"127"},{"id":281475016753280,"level":2,"status":0,"posx":14,"posy":24,"cityid":611,"townid":1323,"tokenid":"77bda41bda5d3e8a37a636b0b761f2b0","tokenurl":"/mcm/api/land?token=77bda41bda5d3e8a37a636b0b761f2b0","imageurl":"/mcm/images/land/2A/13631_4e5f7a85036e.jpg","landname":"128"},{"id":281475016753281,"level":2,"status":0,"posx":17,"posy":24,"cityid":611,"townid":1323,"tokenid":"e3d0cd7f172c0198145063f09283cf17","tokenurl":"/mcm/api/land?token=e3d0cd7f172c0198145063f09283cf17","imageurl":"/mcm/images/land/2A/13632_10f569f7ea33.jpg","landname":"129"},{"id":281475016753282,"level":3,"status":0,"posx":18,"posy":24,"cityid":611,"townid":1323,"tokenid":"ddc0ab89bfa60a1915ba5f0f598d14b0","tokenurl":"/mcm/api/land?token=ddc0ab89bfa60a1915ba5f0f598d14b0","imageurl":"/mcm/images/land/2B/22714_1a4ad808d9dc.jpg","landname":"130"},{"id":281475016753283,"level":3,"status":1,"posx":30,"posy":25,"cityid":611,"townid":1323,"tokenid":"c6e635416a9ff20976affd26f4dcd716","tokenurl":"/mcm/api/land?token=c6e635416a9ff20976affd26f4dcd716","imageurl":"/mcm/images/land/2B/22715_224284675fc5.jpg","landname":"131"},{"id":281475016753284,"level":3,"status":0,"posx":31,"posy":25,"cityid":611,"townid":1323,"tokenid":"cf3a5fba234f765cb05d6a7660654093","tokenurl":"/mcm/api/land?token=cf3a5fba234f765cb05d6a7660654093","imageurl":"/mcm/images/land/2B/22716_12f13ad41ba7.jpg","landname":"132"},{"id":281475016753285,"level":1,"status":1,"posx":30,"posy":26,"cityid":611,"townid":1323,"tokenid":"622a6990c0f64e4271f62622d889abb5","tokenurl":"/mcm/api/land?token=622a6990c0f64e4271f62622d889abb5","imageurl":"/mcm/images/land/2S/9088_137d788cbcb5.jpg","landname":"133"},{"id":281475016753286,"level":2,"status":0,"posx":31,"posy":26,"cityid":611,"townid":1323,"tokenid":"588517a8b9e3e1d7a4f07598f6aaf104","tokenurl":"/mcm/api/land?token=588517a8b9e3e1d7a4f07598f6aaf104","imageurl":"/mcm/images/land/2A/13633_12e3148ef0c7.jpg","landname":"134"},{"id":281475016753287,"level":2,"status":1,"posx":30,"posy":27,"cityid":611,"townid":1323,"tokenid":"9150c5f32ba7cb1a6bb45cd45120b350","tokenurl":"/mcm/api/land?token=9150c5f32ba7cb1a6bb45cd45120b350","imageurl":"/mcm/images/land/2A/13634_59692303059f.jpg","landname":"135"},{"id":281475016753288,"level":3,"status":0,"posx":31,"posy":27,"cityid":611,"townid":1323,"tokenid":"480e308a05f350eaee04306316c415c8","tokenurl":"/mcm/api/land?token=480e308a05f350eaee04306316c415c8","imageurl":"/mcm/images/land/2B/22717_21b2c8f2e889.jpg","landname":"136"},{"id":281475016753289,"level":2,"status":0,"posx":30,"posy":28,"cityid":611,"townid":1323,"tokenid":"c1ad706e3b4b28d219ca5d3e66fea21d","tokenurl":"/mcm/api/land?token=c1ad706e3b4b28d219ca5d3e66fea21d","imageurl":"/mcm/images/land/2A/13635_3349f54e2b2d.jpg","landname":"137"},{"id":281475016753290,"level":3,"status":1,"posx":31,"posy":28,"cityid":611,"townid":1323,"tokenid":"697d17cff04cd3c5888775c138aed581","tokenurl":"/mcm/api/land?token=697d17cff04cd3c5888775c138aed581","imageurl":"/mcm/images/land/2B/22718_1257e814e6d1.jpg","landname":"138"},{"id":281475016753291,"level":3,"status":0,"posx":30,"posy":29,"cityid":611,"townid":1323,"tokenid":"675b74aa4d5212e4ef4e34f54c0e8152","tokenurl":"/mcm/api/land?token=675b74aa4d5212e4ef4e34f54c0e8152","imageurl":"/mcm/images/land/2B/22719_2d1607fdfa4b.jpg","landname":"139"},{"id":281475016753292,"level":1,"status":0,"posx":31,"posy":29,"cityid":611,"townid":1323,"tokenid":"c88908c12cc19b18960b71de7c57962b","tokenurl":"/mcm/api/land?token=c88908c12cc19b18960b71de7c57962b","imageurl":"/mcm/images/land/2S/9089_2a7476ff19bb.jpg","landname":"140"},{"id":281475016753293,"level":3,"status":1,"posx":10,"posy":30,"cityid":611,"townid":1323,"tokenid":"f9684ed6a7684f19b22a93cab7b0078e","tokenurl":"/mcm/api/land?token=f9684ed6a7684f19b22a93cab7b0078e","imageurl":"/mcm/images/land/2B/22720_5071978f137a.jpg","landname":"141"},{"id":281475016753294,"level":3,"status":1,"posx":11,"posy":30,"cityid":611,"townid":1323,"tokenid":"5be34ec471ea0147b0781a1e237c05a6","tokenurl":"/mcm/api/land?token=5be34ec471ea0147b0781a1e237c05a6","imageurl":"/mcm/images/land/2B/22721_1d43a9aa27ac.jpg","landname":"142"},{"id":281475016753295,"level":1,"status":1,"posx":12,"posy":30,"cityid":611,"townid":1323,"tokenid":"dcc437a02d274d96c0384ca28a7caef5","tokenurl":"/mcm/api/land?token=dcc437a02d274d96c0384ca28a7caef5","imageurl":"/mcm/images/land/2S/9090_4443ebca4471.jpg","landname":"143"},{"id":281475016753296,"level":3,"status":1,"posx":13,"posy":30,"cityid":611,"townid":1323,"tokenid":"855347bc4d6958c48a16b05839498086","tokenurl":"/mcm/api/land?token=855347bc4d6958c48a16b05839498086","imageurl":"/mcm/images/land/2B/22722_2a26cf989548.jpg","landname":"144"},{"id":281475016753297,"level":3,"status":1,"posx":14,"posy":30,"cityid":611,"townid":1323,"tokenid":"ba91d2bd12a099b6b94dd5508c658b84","tokenurl":"/mcm/api/land?token=ba91d2bd12a099b6b94dd5508c658b84","imageurl":"/mcm/images/land/2B/22723_320f8754f70.jpg","landname":"145"},{"id":281475016753298,"level":3,"status":0,"posx":10,"posy":31,"cityid":611,"townid":1323,"tokenid":"9a2f83c124a6e72edee91bc08e0ffe85","tokenurl":"/mcm/api/land?token=9a2f83c124a6e72edee91bc08e0ffe85","imageurl":"/mcm/images/land/2B/22724_2623b924.jpg","landname":"146"},{"id":281475016753299,"level":3,"status":0,"posx":11,"posy":31,"cityid":611,"townid":1323,"tokenid":"3930c265fa3a7778c12fa6fad8a5ff5f","tokenurl":"/mcm/api/land?token=3930c265fa3a7778c12fa6fad8a5ff5f","imageurl":"/mcm/images/land/2B/22725_233796b970f0.jpg","landname":"147"},{"id":281475016753300,"level":2,"status":1,"posx":12,"posy":31,"cityid":611,"townid":1323,"tokenid":"f614faea4dd427f8dd3e4446f2bac963","tokenurl":"/mcm/api/land?token=f614faea4dd427f8dd3e4446f2bac963","imageurl":"/mcm/images/land/2A/13636_35667114b7f2.jpg","landname":"148"},{"id":281475016753301,"level":1,"status":0,"posx":13,"posy":31,"cityid":611,"townid":1323,"tokenid":"e661b48683a497560a795ccb5ea5e50d","tokenurl":"/mcm/api/land?token=e661b48683a497560a795ccb5ea5e50d","imageurl":"/mcm/images/land/2S/9091_444cbac9aae0.jpg","landname":"149"},{"id":281475016753302,"level":3,"status":1,"posx":14,"posy":31,"cityid":611,"townid":1323,"tokenid":"aca7c9fb028bb02dc60e57ecf584f989","tokenurl":"/mcm/api/land?token=aca7c9fb028bb02dc60e57ecf584f989","imageurl":"/mcm/images/land/2B/22726_3a62f091431b.jpg","landname":"150"}]]],0,0,[],[],[]]
