[1,0,0,[["cc.JsonAsset",["_name","json"],1]],[[0,0,1,3]],[[0,"1434",[{"id":281475020095639,"level":3,"status":0,"posx":32,"posy":5,"cityid":662,"townid":1434,"tokenid":"dbbe03dd44936763911f9d5cb086bbd7","tokenurl":"/mcm/api/land?token=dbbe03dd44936763911f9d5cb086bbd7","imageurl":"/mcm/images/land/2B/29777_1ff633a60102.jpg","landname":"1"},{"id":281475020095640,"level":3,"status":0,"posx":33,"posy":5,"cityid":662,"townid":1434,"tokenid":"fb6ba1d3c5d4efdefecc84c17b627c83","tokenurl":"/mcm/api/land?token=fb6ba1d3c5d4efdefecc84c17b627c83","imageurl":"/mcm/images/land/2B/29778_18607994abb9.jpg","landname":"2"},{"id":281475020095641,"level":2,"status":1,"posx":5,"posy":6,"cityid":662,"townid":1434,"tokenid":"2f7eb57667b32e966072142bae2dea3b","tokenurl":"/mcm/api/land?token=2f7eb57667b32e966072142bae2dea3b","imageurl":"/mcm/images/land/2A/17867_da5a133b747.jpg","landname":"3"},{"id":281475020095642,"level":2,"status":0,"posx":6,"posy":6,"cityid":662,"townid":1434,"tokenid":"f5062455fb5f464168074132a41d22eb","tokenurl":"/mcm/api/land?token=f5062455fb5f464168074132a41d22eb","imageurl":"/mcm/images/land/2A/17868_2d91515896fb.jpg","landname":"4"},{"id":281475020095643,"level":2,"status":0,"posx":21,"posy":6,"cityid":662,"townid":1434,"tokenid":"6d4adf8dd5a1203039e0989b4a147f55","tokenurl":"/mcm/api/land?token=6d4adf8dd5a1203039e0989b4a147f55","imageurl":"/mcm/images/land/2A/17869_ee5c59e654.jpg","landname":"5"},{"id":281475020095644,"level":3,"status":0,"posx":22,"posy":6,"cityid":662,"townid":1434,"tokenid":"0631a985482266aaa17c3833e736d9b6","tokenurl":"/mcm/api/land?token=0631a985482266aaa17c3833e736d9b6","imageurl":"/mcm/images/land/2B/29779_482905bd873f.jpg","landname":"6"},{"id":281475020095645,"level":1,"status":1,"posx":23,"posy":6,"cityid":662,"townid":1434,"tokenid":"ac519ff7040a6bf2bef24d9dced3a14c","tokenurl":"/mcm/api/land?token=ac519ff7040a6bf2bef24d9dced3a14c","imageurl":"/mcm/images/land/2S/11912_38b2488ed18e.jpg","landname":"7"},{"id":281475020095646,"level":2,"status":1,"posx":24,"posy":6,"cityid":662,"townid":1434,"tokenid":"fb9c09b93050eee37aacd77b846a9538","tokenurl":"/mcm/api/land?token=fb9c09b93050eee37aacd77b846a9538","imageurl":"/mcm/images/land/2A/17870_2386c868ad26.jpg","landname":"8"},{"id":281475020095647,"level":3,"status":0,"posx":25,"posy":6,"cityid":662,"townid":1434,"tokenid":"bee78851eb5c5c1aa7ba401320e6311f","tokenurl":"/mcm/api/land?token=bee78851eb5c5c1aa7ba401320e6311f","imageurl":"/mcm/images/land/2B/29780_33571ed443b2.jpg","landname":"9"},{"id":281475020095648,"level":2,"status":0,"posx":32,"posy":6,"cityid":662,"townid":1434,"tokenid":"cd81e9f01de2be4a1948807a923ee9cd","tokenurl":"/mcm/api/land?token=cd81e9f01de2be4a1948807a923ee9cd","imageurl":"/mcm/images/land/2A/17871_52eb44b91101.jpg","landname":"10"},{"id":281475020095649,"level":3,"status":0,"posx":33,"posy":6,"cityid":662,"townid":1434,"tokenid":"f7ff2442574c3da89caa92eab5ce2e11","tokenurl":"/mcm/api/land?token=f7ff2442574c3da89caa92eab5ce2e11","imageurl":"/mcm/images/land/2B/29781_3dc5710bed8f.jpg","landname":"11"},{"id":281475020095650,"level":1,"status":0,"posx":5,"posy":7,"cityid":662,"townid":1434,"tokenid":"5fba427cd95e1bf40611c6279d8e6fdf","tokenurl":"/mcm/api/land?token=5fba427cd95e1bf40611c6279d8e6fdf","imageurl":"/mcm/images/land/2S/11913_4d9f8629ccb5.jpg","landname":"12"},{"id":281475020095651,"level":3,"status":1,"posx":6,"posy":7,"cityid":662,"townid":1434,"tokenid":"d5403f272a3d7eb2ecb3644fc3cad55f","tokenurl":"/mcm/api/land?token=d5403f272a3d7eb2ecb3644fc3cad55f","imageurl":"/mcm/images/land/2B/29782_4d74a08ecb8e.jpg","landname":"13"},{"id":281475020095652,"level":1,"status":1,"posx":21,"posy":7,"cityid":662,"townid":1434,"tokenid":"3eec93ba06d082e22ed2a7136d9cd973","tokenurl":"/mcm/api/land?token=3eec93ba06d082e22ed2a7136d9cd973","imageurl":"/mcm/images/land/2S/11914_4e9cce47d424.jpg","landname":"14"},{"id":281475020095653,"level":3,"status":1,"posx":22,"posy":7,"cityid":662,"townid":1434,"tokenid":"00bd8fc82204d0007c8066fda58be581","tokenurl":"/mcm/api/land?token=00bd8fc82204d0007c8066fda58be581","imageurl":"/mcm/images/land/2B/29783_bc8218350d6.jpg","landname":"15"},{"id":281475020095654,"level":2,"status":0,"posx":23,"posy":7,"cityid":662,"townid":1434,"tokenid":"83aa55f05de0429a1c8681f348f11916","tokenurl":"/mcm/api/land?token=83aa55f05de0429a1c8681f348f11916","imageurl":"/mcm/images/land/2A/17872_2abe97dffbf6.jpg","landname":"16"},{"id":281475020095655,"level":2,"status":0,"posx":24,"posy":7,"cityid":662,"townid":1434,"tokenid":"7ba53eb7aabaf09ff9ec9fc356f70529","tokenurl":"/mcm/api/land?token=7ba53eb7aabaf09ff9ec9fc356f70529","imageurl":"/mcm/images/land/2A/17873_18720eb08b8f.jpg","landname":"17"},{"id":281475020095656,"level":3,"status":1,"posx":25,"posy":7,"cityid":662,"townid":1434,"tokenid":"a7816ccb7d06012367f7334e1c2a6bf8","tokenurl":"/mcm/api/land?token=a7816ccb7d06012367f7334e1c2a6bf8","imageurl":"/mcm/images/land/2B/29784_1fe190503dc9.jpg","landname":"18"},{"id":281475020095657,"level":3,"status":0,"posx":32,"posy":7,"cityid":662,"townid":1434,"tokenid":"d237cad57a44412fa5d181f6300ec76f","tokenurl":"/mcm/api/land?token=d237cad57a44412fa5d181f6300ec76f","imageurl":"/mcm/images/land/2B/29785_61da195d0fd.jpg","landname":"19"},{"id":281475020095658,"level":3,"status":0,"posx":33,"posy":7,"cityid":662,"townid":1434,"tokenid":"87d37d98f0906ce37eeb8d882638ff2b","tokenurl":"/mcm/api/land?token=87d37d98f0906ce37eeb8d882638ff2b","imageurl":"/mcm/images/land/2B/29786_5110c8358846.jpg","landname":"20"},{"id":281475020095659,"level":3,"status":0,"posx":5,"posy":8,"cityid":662,"townid":1434,"tokenid":"69a9a3b917b4b8bb1fb17c08d78235d4","tokenurl":"/mcm/api/land?token=69a9a3b917b4b8bb1fb17c08d78235d4","imageurl":"/mcm/images/land/2B/29787_3116f6c70692.jpg","landname":"21"},{"id":281475020095660,"level":3,"status":1,"posx":6,"posy":8,"cityid":662,"townid":1434,"tokenid":"cf3ac121fbb8f8303784369aba772cf7","tokenurl":"/mcm/api/land?token=cf3ac121fbb8f8303784369aba772cf7","imageurl":"/mcm/images/land/2B/29788_2316229cff91.jpg","landname":"22"},{"id":281475020095661,"level":2,"status":1,"posx":32,"posy":8,"cityid":662,"townid":1434,"tokenid":"4f4fc1cb0c159041af446d1956982d97","tokenurl":"/mcm/api/land?token=4f4fc1cb0c159041af446d1956982d97","imageurl":"/mcm/images/land/2A/17874_17a0bfc7515a.jpg","landname":"23"},{"id":281475020095662,"level":3,"status":1,"posx":33,"posy":8,"cityid":662,"townid":1434,"tokenid":"4eb6a0561eb8252c7dbcf429b83a7e8a","tokenurl":"/mcm/api/land?token=4eb6a0561eb8252c7dbcf429b83a7e8a","imageurl":"/mcm/images/land/2B/29789_3dfe478fe538.jpg","landname":"24"},{"id":281475020095663,"level":3,"status":1,"posx":5,"posy":9,"cityid":662,"townid":1434,"tokenid":"f6ecfd01e36940afb28864bc2c7cf059","tokenurl":"/mcm/api/land?token=f6ecfd01e36940afb28864bc2c7cf059","imageurl":"/mcm/images/land/2B/29790_23ce838cd501.jpg","landname":"25"},{"id":281475020095664,"level":3,"status":1,"posx":6,"posy":9,"cityid":662,"townid":1434,"tokenid":"cdc875359edad5f87b0aec762c4c0e54","tokenurl":"/mcm/api/land?token=cdc875359edad5f87b0aec762c4c0e54","imageurl":"/mcm/images/land/2B/29791_20ef957f0052.jpg","landname":"26"},{"id":281475020095665,"level":2,"status":1,"posx":32,"posy":9,"cityid":662,"townid":1434,"tokenid":"a6a6dccea255628b2998b67ed1850e56","tokenurl":"/mcm/api/land?token=a6a6dccea255628b2998b67ed1850e56","imageurl":"/mcm/images/land/2A/17875_84a305159da.jpg","landname":"27"},{"id":281475020095666,"level":1,"status":0,"posx":33,"posy":9,"cityid":662,"townid":1434,"tokenid":"4cce96c1e5ee22539e4cfa11e54adb79","tokenurl":"/mcm/api/land?token=4cce96c1e5ee22539e4cfa11e54adb79","imageurl":"/mcm/images/land/2S/11915_775e44f2b1a.jpg","landname":"28"},{"id":281475020095667,"level":3,"status":0,"posx":5,"posy":10,"cityid":662,"townid":1434,"tokenid":"6530fb4fc15d9f39c68d4789f7eb3acb","tokenurl":"/mcm/api/land?token=6530fb4fc15d9f39c68d4789f7eb3acb","imageurl":"/mcm/images/land/2B/29792_26e49bb1e70d.jpg","landname":"29"},{"id":281475020095668,"level":3,"status":1,"posx":6,"posy":10,"cityid":662,"townid":1434,"tokenid":"da5866bf93b0faca1b23f419929fb9da","tokenurl":"/mcm/api/land?token=da5866bf93b0faca1b23f419929fb9da","imageurl":"/mcm/images/land/2B/29793_5ab16b037ffd.jpg","landname":"30"},{"id":281475020095669,"level":3,"status":0,"posx":8,"posy":10,"cityid":662,"townid":1434,"tokenid":"916ad14c5f008812871ab84bf6abb8c2","tokenurl":"/mcm/api/land?token=916ad14c5f008812871ab84bf6abb8c2","imageurl":"/mcm/images/land/2B/29794_3015828e86d.jpg","landname":"31"},{"id":281475020095670,"level":2,"status":0,"posx":9,"posy":10,"cityid":662,"townid":1434,"tokenid":"801a0ca7b19fb7ca2acc52af71bee2b0","tokenurl":"/mcm/api/land?token=801a0ca7b19fb7ca2acc52af71bee2b0","imageurl":"/mcm/images/land/2A/17876_44e8122f531a.jpg","landname":"32"},{"id":281475020095671,"level":2,"status":1,"posx":23,"posy":10,"cityid":662,"townid":1434,"tokenid":"97da43b7c1043517727314b6414b175e","tokenurl":"/mcm/api/land?token=97da43b7c1043517727314b6414b175e","imageurl":"/mcm/images/land/2A/17877_8d69238d296.jpg","landname":"33"},{"id":281475020095672,"level":3,"status":1,"posx":24,"posy":10,"cityid":662,"townid":1434,"tokenid":"9f6cac1910a0c89298af1fb7dcf74593","tokenurl":"/mcm/api/land?token=9f6cac1910a0c89298af1fb7dcf74593","imageurl":"/mcm/images/land/2B/29795_4cd41d5ef677.jpg","landname":"34"},{"id":281475020095673,"level":1,"status":1,"posx":8,"posy":11,"cityid":662,"townid":1434,"tokenid":"0e6687d1395594772ab6e4fb06038596","tokenurl":"/mcm/api/land?token=0e6687d1395594772ab6e4fb06038596","imageurl":"/mcm/images/land/2S/11916_3412354b8e0c.jpg","landname":"35"},{"id":281475020095674,"level":1,"status":0,"posx":9,"posy":11,"cityid":662,"townid":1434,"tokenid":"4f2f476ab591cc5b4c0692c578977395","tokenurl":"/mcm/api/land?token=4f2f476ab591cc5b4c0692c578977395","imageurl":"/mcm/images/land/2S/11917_150664fe7567.jpg","landname":"36"},{"id":281475020095675,"level":2,"status":0,"posx":23,"posy":11,"cityid":662,"townid":1434,"tokenid":"d84e3b4138fd633de40cb0ed553d2257","tokenurl":"/mcm/api/land?token=d84e3b4138fd633de40cb0ed553d2257","imageurl":"/mcm/images/land/2A/17878_264155225f73.jpg","landname":"37"},{"id":281475020095676,"level":2,"status":0,"posx":24,"posy":11,"cityid":662,"townid":1434,"tokenid":"c522bf402dec11b58402d0227afe6c3d","tokenurl":"/mcm/api/land?token=c522bf402dec11b58402d0227afe6c3d","imageurl":"/mcm/images/land/2A/17879_2b6e33780a66.jpg","landname":"38"},{"id":281475020095677,"level":3,"status":0,"posx":8,"posy":12,"cityid":662,"townid":1434,"tokenid":"3d1dc2b050c74fb29d85edeee8bcf3ee","tokenurl":"/mcm/api/land?token=3d1dc2b050c74fb29d85edeee8bcf3ee","imageurl":"/mcm/images/land/2B/29796_103d18c02088.jpg","landname":"39"},{"id":281475020095678,"level":2,"status":0,"posx":9,"posy":12,"cityid":662,"townid":1434,"tokenid":"210425abede222b1269fbaa0772eeb07","tokenurl":"/mcm/api/land?token=210425abede222b1269fbaa0772eeb07","imageurl":"/mcm/images/land/2A/17880_50022e4cd7b2.jpg","landname":"40"},{"id":281475020095679,"level":3,"status":0,"posx":23,"posy":12,"cityid":662,"townid":1434,"tokenid":"10a84998e60dbc986f26694b970e0900","tokenurl":"/mcm/api/land?token=10a84998e60dbc986f26694b970e0900","imageurl":"/mcm/images/land/2B/29797_1bcd0cfc409d.jpg","landname":"41"},{"id":281475020095680,"level":2,"status":1,"posx":24,"posy":12,"cityid":662,"townid":1434,"tokenid":"c8580ff165bea3fe9c9161e88f298e05","tokenurl":"/mcm/api/land?token=c8580ff165bea3fe9c9161e88f298e05","imageurl":"/mcm/images/land/2A/17881_519ac1ea97d5.jpg","landname":"42"},{"id":281475020095681,"level":2,"status":1,"posx":32,"posy":12,"cityid":662,"townid":1434,"tokenid":"5ecdcdcfee36028cf364f99793447bfc","tokenurl":"/mcm/api/land?token=5ecdcdcfee36028cf364f99793447bfc","imageurl":"/mcm/images/land/2A/17882_47ed88937072.jpg","landname":"43"},{"id":281475020095682,"level":3,"status":0,"posx":33,"posy":12,"cityid":662,"townid":1434,"tokenid":"b29decd49c3cf77ed6cac108ed865b34","tokenurl":"/mcm/api/land?token=b29decd49c3cf77ed6cac108ed865b34","imageurl":"/mcm/images/land/2B/29798_47d21445567a.jpg","landname":"44"},{"id":281475020095683,"level":3,"status":1,"posx":8,"posy":13,"cityid":662,"townid":1434,"tokenid":"95cbe5c45444993701dd58df3fe0d8b1","tokenurl":"/mcm/api/land?token=95cbe5c45444993701dd58df3fe0d8b1","imageurl":"/mcm/images/land/2B/29799_4cfd531ed0e9.jpg","landname":"45"},{"id":281475020095684,"level":1,"status":0,"posx":9,"posy":13,"cityid":662,"townid":1434,"tokenid":"9da294357ca74944fd6ea49344dd7c1f","tokenurl":"/mcm/api/land?token=9da294357ca74944fd6ea49344dd7c1f","imageurl":"/mcm/images/land/2S/11918_35847fa32130.jpg","landname":"46"},{"id":281475020095685,"level":2,"status":0,"posx":23,"posy":13,"cityid":662,"townid":1434,"tokenid":"de6a3d9d9e61d59b2c492cc8ac68f389","tokenurl":"/mcm/api/land?token=de6a3d9d9e61d59b2c492cc8ac68f389","imageurl":"/mcm/images/land/2A/17883_1f90ba176e42.jpg","landname":"47"},{"id":281475020095686,"level":3,"status":0,"posx":24,"posy":13,"cityid":662,"townid":1434,"tokenid":"8d463fff6b9f1b95b2b2a87be60fd4ce","tokenurl":"/mcm/api/land?token=8d463fff6b9f1b95b2b2a87be60fd4ce","imageurl":"/mcm/images/land/2B/29800_1358254b69e6.jpg","landname":"48"},{"id":281475020095687,"level":3,"status":0,"posx":32,"posy":13,"cityid":662,"townid":1434,"tokenid":"4d82709afbb1a52ae473ed89157df69f","tokenurl":"/mcm/api/land?token=4d82709afbb1a52ae473ed89157df69f","imageurl":"/mcm/images/land/2B/29801_2d69ed1a7b0b.jpg","landname":"49"},{"id":281475020095688,"level":1,"status":1,"posx":33,"posy":13,"cityid":662,"townid":1434,"tokenid":"4091496a9c23617e1fd742c347fd87e4","tokenurl":"/mcm/api/land?token=4091496a9c23617e1fd742c347fd87e4","imageurl":"/mcm/images/land/2S/11919_149f72b480cb.jpg","landname":"50"},{"id":281475020095689,"level":1,"status":0,"posx":8,"posy":14,"cityid":662,"townid":1434,"tokenid":"2312ca3eaba1cc66da4dcf657473e567","tokenurl":"/mcm/api/land?token=2312ca3eaba1cc66da4dcf657473e567","imageurl":"/mcm/images/land/2S/11920_53dd90b7cf98.jpg","landname":"51"},{"id":281475020095690,"level":3,"status":1,"posx":9,"posy":14,"cityid":662,"townid":1434,"tokenid":"2fd49fca0f8ff15eceef504c01d4c784","tokenurl":"/mcm/api/land?token=2fd49fca0f8ff15eceef504c01d4c784","imageurl":"/mcm/images/land/2B/29802_3589c59083f1.jpg","landname":"52"},{"id":281475020095691,"level":3,"status":0,"posx":23,"posy":14,"cityid":662,"townid":1434,"tokenid":"9107e105357c6843eae78e75a3426791","tokenurl":"/mcm/api/land?token=9107e105357c6843eae78e75a3426791","imageurl":"/mcm/images/land/2B/29803_f3ad74f5b64.jpg","landname":"53"},{"id":281475020095692,"level":3,"status":1,"posx":24,"posy":14,"cityid":662,"townid":1434,"tokenid":"687253c097084d52c213929d19feec14","tokenurl":"/mcm/api/land?token=687253c097084d52c213929d19feec14","imageurl":"/mcm/images/land/2B/29804_1f17d61e17cd.jpg","landname":"54"},{"id":281475020095693,"level":2,"status":1,"posx":32,"posy":14,"cityid":662,"townid":1434,"tokenid":"9a34ffbf6a3f5c013e06a9e28834b4fe","tokenurl":"/mcm/api/land?token=9a34ffbf6a3f5c013e06a9e28834b4fe","imageurl":"/mcm/images/land/2A/17884_602865a82a3.jpg","landname":"55"},{"id":281475020095694,"level":3,"status":1,"posx":33,"posy":14,"cityid":662,"townid":1434,"tokenid":"b4b1d74c47c88dfec3a03f795b4c40a7","tokenurl":"/mcm/api/land?token=b4b1d74c47c88dfec3a03f795b4c40a7","imageurl":"/mcm/images/land/2B/29805_bfaf3a5f020.jpg","landname":"56"},{"id":281475020095695,"level":3,"status":1,"posx":32,"posy":15,"cityid":662,"townid":1434,"tokenid":"56ed14f4cb202ab099f2926b2e96de72","tokenurl":"/mcm/api/land?token=56ed14f4cb202ab099f2926b2e96de72","imageurl":"/mcm/images/land/2B/29806_4cbb16181c0f.jpg","landname":"57"},{"id":281475020095696,"level":2,"status":0,"posx":33,"posy":15,"cityid":662,"townid":1434,"tokenid":"c3161c4a79a778d55414d7bd4e8758af","tokenurl":"/mcm/api/land?token=c3161c4a79a778d55414d7bd4e8758af","imageurl":"/mcm/images/land/2A/17885_ace03d49aa7.jpg","landname":"58"},{"id":281475020095697,"level":3,"status":1,"posx":8,"posy":16,"cityid":662,"townid":1434,"tokenid":"3502e9083510d1bc3803915a1bbf5750","tokenurl":"/mcm/api/land?token=3502e9083510d1bc3803915a1bbf5750","imageurl":"/mcm/images/land/2B/29807_1bdfd0a0113f.jpg","landname":"59"},{"id":281475020095698,"level":2,"status":1,"posx":9,"posy":16,"cityid":662,"townid":1434,"tokenid":"7d5637b743e8700a49dd41ebf6ec2d57","tokenurl":"/mcm/api/land?token=7d5637b743e8700a49dd41ebf6ec2d57","imageurl":"/mcm/images/land/2A/17886_15eb6cfbbc6d.jpg","landname":"60"},{"id":281475020095699,"level":3,"status":0,"posx":32,"posy":16,"cityid":662,"townid":1434,"tokenid":"bba27a7a9b58b5f9a2ea4e5ed6a36c45","tokenurl":"/mcm/api/land?token=bba27a7a9b58b5f9a2ea4e5ed6a36c45","imageurl":"/mcm/images/land/2B/29808_4e25757858b5.jpg","landname":"61"},{"id":281475020095700,"level":3,"status":0,"posx":33,"posy":16,"cityid":662,"townid":1434,"tokenid":"cb076402ca0825ad5e9a07d29bc250e1","tokenurl":"/mcm/api/land?token=cb076402ca0825ad5e9a07d29bc250e1","imageurl":"/mcm/images/land/2B/29809_52e76b0a9768.jpg","landname":"62"},{"id":281475020095701,"level":1,"status":1,"posx":8,"posy":17,"cityid":662,"townid":1434,"tokenid":"c957949734426cbeba4a611ad0d75dd1","tokenurl":"/mcm/api/land?token=c957949734426cbeba4a611ad0d75dd1","imageurl":"/mcm/images/land/2S/11921_159f73a6b583.jpg","landname":"63"},{"id":281475020095702,"level":2,"status":0,"posx":9,"posy":17,"cityid":662,"townid":1434,"tokenid":"06992de5b6d240c14460a55494f2cee9","tokenurl":"/mcm/api/land?token=06992de5b6d240c14460a55494f2cee9","imageurl":"/mcm/images/land/2A/17887_44f43a4d96ec.jpg","landname":"64"},{"id":281475020095703,"level":3,"status":1,"posx":8,"posy":18,"cityid":662,"townid":1434,"tokenid":"19f50617558547fa1774b3b93486f3db","tokenurl":"/mcm/api/land?token=19f50617558547fa1774b3b93486f3db","imageurl":"/mcm/images/land/2B/29810_393886a0a714.jpg","landname":"65"},{"id":281475020095704,"level":3,"status":0,"posx":9,"posy":18,"cityid":662,"townid":1434,"tokenid":"c71bf85f7f535eafc234f7ae90e8609a","tokenurl":"/mcm/api/land?token=c71bf85f7f535eafc234f7ae90e8609a","imageurl":"/mcm/images/land/2B/29811_493682539875.jpg","landname":"66"},{"id":281475020095705,"level":1,"status":1,"posx":20,"posy":18,"cityid":662,"townid":1434,"tokenid":"387de6e1f0c9cf91567aab23a8d58e08","tokenurl":"/mcm/api/land?token=387de6e1f0c9cf91567aab23a8d58e08","imageurl":"/mcm/images/land/2S/11922_37100a83d761.jpg","landname":"67"},{"id":281475020095706,"level":1,"status":0,"posx":21,"posy":18,"cityid":662,"townid":1434,"tokenid":"4841e060af42afce462af03769715761","tokenurl":"/mcm/api/land?token=4841e060af42afce462af03769715761","imageurl":"/mcm/images/land/2S/11923_4b7e2661c417.jpg","landname":"68"},{"id":281475020095707,"level":2,"status":0,"posx":25,"posy":18,"cityid":662,"townid":1434,"tokenid":"c32bda7be63d05bfaceb07725a857066","tokenurl":"/mcm/api/land?token=c32bda7be63d05bfaceb07725a857066","imageurl":"/mcm/images/land/2A/17888_330b4abd362e.jpg","landname":"69"},{"id":281475020095708,"level":3,"status":1,"posx":26,"posy":18,"cityid":662,"townid":1434,"tokenid":"c1e043983aae454fce74dfb44d7bba29","tokenurl":"/mcm/api/land?token=c1e043983aae454fce74dfb44d7bba29","imageurl":"/mcm/images/land/2B/29812_4659277edb72.jpg","landname":"70"},{"id":281475020095709,"level":3,"status":1,"posx":8,"posy":19,"cityid":662,"townid":1434,"tokenid":"471bc835bc9828b3a9dd8d59dd02dcd0","tokenurl":"/mcm/api/land?token=471bc835bc9828b3a9dd8d59dd02dcd0","imageurl":"/mcm/images/land/2B/29813_1302b7611a04.jpg","landname":"71"},{"id":281475020095710,"level":2,"status":0,"posx":9,"posy":19,"cityid":662,"townid":1434,"tokenid":"ba8fbdc53583d0853375135d9a0cdeac","tokenurl":"/mcm/api/land?token=ba8fbdc53583d0853375135d9a0cdeac","imageurl":"/mcm/images/land/2A/17889_51e518bf8476.jpg","landname":"72"},{"id":281475020095711,"level":2,"status":1,"posx":20,"posy":19,"cityid":662,"townid":1434,"tokenid":"3b042da992b7d14adc15c67989acf430","tokenurl":"/mcm/api/land?token=3b042da992b7d14adc15c67989acf430","imageurl":"/mcm/images/land/2A/17890_ae34f53dc13.jpg","landname":"73"},{"id":281475020095712,"level":3,"status":1,"posx":21,"posy":19,"cityid":662,"townid":1434,"tokenid":"aface3fd6a7e7f3de64b1abaf02666cc","tokenurl":"/mcm/api/land?token=aface3fd6a7e7f3de64b1abaf02666cc","imageurl":"/mcm/images/land/2B/29814_3a6327cafc03.jpg","landname":"74"},{"id":281475020095713,"level":3,"status":0,"posx":25,"posy":19,"cityid":662,"townid":1434,"tokenid":"a4216148dd9f37d6dbd88fb2b7a94646","tokenurl":"/mcm/api/land?token=a4216148dd9f37d6dbd88fb2b7a94646","imageurl":"/mcm/images/land/2B/29815_5f97add2b52.jpg","landname":"75"},{"id":281475020095714,"level":2,"status":0,"posx":26,"posy":19,"cityid":662,"townid":1434,"tokenid":"28d83a9b609061d17ab70a8e97ee52b0","tokenurl":"/mcm/api/land?token=28d83a9b609061d17ab70a8e97ee52b0","imageurl":"/mcm/images/land/2A/17891_4ed11e055249.jpg","landname":"76"},{"id":281475020095715,"level":1,"status":0,"posx":8,"posy":20,"cityid":662,"townid":1434,"tokenid":"d6430034f472f67f58212ce21e27fe18","tokenurl":"/mcm/api/land?token=d6430034f472f67f58212ce21e27fe18","imageurl":"/mcm/images/land/2S/11924_1d8da049b093.jpg","landname":"77"},{"id":281475020095716,"level":1,"status":0,"posx":9,"posy":20,"cityid":662,"townid":1434,"tokenid":"57e1c2a00f10bebeb2446e651d8c57cd","tokenurl":"/mcm/api/land?token=57e1c2a00f10bebeb2446e651d8c57cd","imageurl":"/mcm/images/land/2S/11925_145f7431b469.jpg","landname":"78"},{"id":281475020095717,"level":2,"status":1,"posx":20,"posy":20,"cityid":662,"townid":1434,"tokenid":"260dff198402e754cf4d4e848970a799","tokenurl":"/mcm/api/land?token=260dff198402e754cf4d4e848970a799","imageurl":"/mcm/images/land/2A/17892_1ba99b9b0df3.jpg","landname":"79"},{"id":281475020095718,"level":3,"status":1,"posx":21,"posy":20,"cityid":662,"townid":1434,"tokenid":"929e18a222e7add664b8f249e6afdb50","tokenurl":"/mcm/api/land?token=929e18a222e7add664b8f249e6afdb50","imageurl":"/mcm/images/land/2B/29816_1125ddc9917e.jpg","landname":"80"},{"id":281475020095719,"level":1,"status":0,"posx":25,"posy":20,"cityid":662,"townid":1434,"tokenid":"0bcddfb09193385b5eed9b48435b03e6","tokenurl":"/mcm/api/land?token=0bcddfb09193385b5eed9b48435b03e6","imageurl":"/mcm/images/land/2S/11926_1e6e61153734.jpg","landname":"81"},{"id":281475020095720,"level":1,"status":1,"posx":26,"posy":20,"cityid":662,"townid":1434,"tokenid":"96f33c638841d319bafdb59919dd3bd1","tokenurl":"/mcm/api/land?token=96f33c638841d319bafdb59919dd3bd1","imageurl":"/mcm/images/land/2S/11927_357501af40e3.jpg","landname":"82"},{"id":281475020095721,"level":1,"status":1,"posx":31,"posy":20,"cityid":662,"townid":1434,"tokenid":"70f06288998c744a90c08ec5007a261d","tokenurl":"/mcm/api/land?token=70f06288998c744a90c08ec5007a261d","imageurl":"/mcm/images/land/2S/11928_185d8a0e0763.jpg","landname":"83"},{"id":281475020095722,"level":3,"status":1,"posx":32,"posy":20,"cityid":662,"townid":1434,"tokenid":"2e49a2360a67aeabc6289c0364c04b0b","tokenurl":"/mcm/api/land?token=2e49a2360a67aeabc6289c0364c04b0b","imageurl":"/mcm/images/land/2B/29817_447ee22d0bd9.jpg","landname":"84"},{"id":281475020095723,"level":3,"status":0,"posx":20,"posy":21,"cityid":662,"townid":1434,"tokenid":"5a58719e2ae00ada77f0134431d33426","tokenurl":"/mcm/api/land?token=5a58719e2ae00ada77f0134431d33426","imageurl":"/mcm/images/land/2B/29818_5adc71b3bc77.jpg","landname":"85"},{"id":281475020095724,"level":3,"status":0,"posx":21,"posy":21,"cityid":662,"townid":1434,"tokenid":"7d8a8481f85e211c13b7c70d91128d4d","tokenurl":"/mcm/api/land?token=7d8a8481f85e211c13b7c70d91128d4d","imageurl":"/mcm/images/land/2B/29819_3f77505e2b72.jpg","landname":"86"},{"id":281475020095725,"level":2,"status":1,"posx":25,"posy":21,"cityid":662,"townid":1434,"tokenid":"399187638a0f8d88263e2aae671c4693","tokenurl":"/mcm/api/land?token=399187638a0f8d88263e2aae671c4693","imageurl":"/mcm/images/land/2A/17893_453ba67e40c1.jpg","landname":"87"},{"id":281475020095726,"level":2,"status":0,"posx":26,"posy":21,"cityid":662,"townid":1434,"tokenid":"3495ad0e34eb7ee2e7018a4956de50aa","tokenurl":"/mcm/api/land?token=3495ad0e34eb7ee2e7018a4956de50aa","imageurl":"/mcm/images/land/2A/17894_378dadb8c507.jpg","landname":"88"},{"id":281475020095727,"level":2,"status":1,"posx":31,"posy":21,"cityid":662,"townid":1434,"tokenid":"bd5ec59f8dbdf6d995ddbe2eec1d3605","tokenurl":"/mcm/api/land?token=bd5ec59f8dbdf6d995ddbe2eec1d3605","imageurl":"/mcm/images/land/2A/17895_67f271c1b2c.jpg","landname":"89"},{"id":281475020095728,"level":1,"status":0,"posx":32,"posy":21,"cityid":662,"townid":1434,"tokenid":"c9dcece1f83e323fdea9cff6171fe399","tokenurl":"/mcm/api/land?token=c9dcece1f83e323fdea9cff6171fe399","imageurl":"/mcm/images/land/2S/11929_4df4ff3d004a.jpg","landname":"90"},{"id":281475020095729,"level":3,"status":0,"posx":12,"posy":22,"cityid":662,"townid":1434,"tokenid":"bf13540699b575095142ac34a56627bb","tokenurl":"/mcm/api/land?token=bf13540699b575095142ac34a56627bb","imageurl":"/mcm/images/land/2B/29820_2c07bde1b6aa.jpg","landname":"91"},{"id":281475020095730,"level":2,"status":1,"posx":13,"posy":22,"cityid":662,"townid":1434,"tokenid":"54fd60b0042be4b0f572624aee5bd398","tokenurl":"/mcm/api/land?token=54fd60b0042be4b0f572624aee5bd398","imageurl":"/mcm/images/land/2A/17896_28b73abb9bfb.jpg","landname":"92"},{"id":281475020095731,"level":3,"status":1,"posx":20,"posy":22,"cityid":662,"townid":1434,"tokenid":"2592217e0aa17b9d34d7e03b0cada25a","tokenurl":"/mcm/api/land?token=2592217e0aa17b9d34d7e03b0cada25a","imageurl":"/mcm/images/land/2B/29821_127f180dee7c.jpg","landname":"93"},{"id":281475020095732,"level":2,"status":1,"posx":21,"posy":22,"cityid":662,"townid":1434,"tokenid":"f86c2fe15369ca5f3b1359aaaa2bcdca","tokenurl":"/mcm/api/land?token=f86c2fe15369ca5f3b1359aaaa2bcdca","imageurl":"/mcm/images/land/2A/17897_5a959635990.jpg","landname":"94"},{"id":281475020095733,"level":2,"status":0,"posx":25,"posy":22,"cityid":662,"townid":1434,"tokenid":"1656b5ba0ea4c3ee8de13dc87d364081","tokenurl":"/mcm/api/land?token=1656b5ba0ea4c3ee8de13dc87d364081","imageurl":"/mcm/images/land/2A/17898_17a093c18693.jpg","landname":"95"},{"id":281475020095734,"level":3,"status":1,"posx":26,"posy":22,"cityid":662,"townid":1434,"tokenid":"56e9a0730ba13a4034d49c66a3a0103d","tokenurl":"/mcm/api/land?token=56e9a0730ba13a4034d49c66a3a0103d","imageurl":"/mcm/images/land/2B/29822_3f25f1bbdd1f.jpg","landname":"96"},{"id":281475020095735,"level":1,"status":0,"posx":31,"posy":22,"cityid":662,"townid":1434,"tokenid":"f5accc23640ce83c5ed10e34bb19de31","tokenurl":"/mcm/api/land?token=f5accc23640ce83c5ed10e34bb19de31","imageurl":"/mcm/images/land/2S/11930_3954cbf907d4.jpg","landname":"97"},{"id":281475020095736,"level":1,"status":0,"posx":32,"posy":22,"cityid":662,"townid":1434,"tokenid":"73118d2ee8d8a4dc2cc353bf52bd6f7d","tokenurl":"/mcm/api/land?token=73118d2ee8d8a4dc2cc353bf52bd6f7d","imageurl":"/mcm/images/land/2S/11931_39e9336e4096.jpg","landname":"98"},{"id":281475020095737,"level":3,"status":0,"posx":12,"posy":23,"cityid":662,"townid":1434,"tokenid":"728220774411c3e234ebbf552ab60155","tokenurl":"/mcm/api/land?token=728220774411c3e234ebbf552ab60155","imageurl":"/mcm/images/land/2B/29823_1cf83290a7c1.jpg","landname":"99"},{"id":281475020095738,"level":3,"status":1,"posx":13,"posy":23,"cityid":662,"townid":1434,"tokenid":"6c76b3fa0e88705ddec1eac3abfee33e","tokenurl":"/mcm/api/land?token=6c76b3fa0e88705ddec1eac3abfee33e","imageurl":"/mcm/images/land/2B/29824_3cd5ce9bda2a.jpg","landname":"100"},{"id":281475020095739,"level":3,"status":0,"posx":31,"posy":23,"cityid":662,"townid":1434,"tokenid":"18f9ed570ac81c89be438e330eb0120e","tokenurl":"/mcm/api/land?token=18f9ed570ac81c89be438e330eb0120e","imageurl":"/mcm/images/land/2B/29825_448a3646bc5e.jpg","landname":"101"},{"id":281475020095740,"level":3,"status":1,"posx":32,"posy":23,"cityid":662,"townid":1434,"tokenid":"4ed9ff9efe89979627df9b8f6540a05c","tokenurl":"/mcm/api/land?token=4ed9ff9efe89979627df9b8f6540a05c","imageurl":"/mcm/images/land/2B/29826_2e5ef3788155.jpg","landname":"102"},{"id":281475020095741,"level":3,"status":0,"posx":12,"posy":24,"cityid":662,"townid":1434,"tokenid":"4286e19fd587d734dc9c6dcfccde001d","tokenurl":"/mcm/api/land?token=4286e19fd587d734dc9c6dcfccde001d","imageurl":"/mcm/images/land/2B/29827_14d2161cf19.jpg","landname":"103"},{"id":281475020095742,"level":3,"status":0,"posx":13,"posy":24,"cityid":662,"townid":1434,"tokenid":"8554ba953c5315db0a120582372306e5","tokenurl":"/mcm/api/land?token=8554ba953c5315db0a120582372306e5","imageurl":"/mcm/images/land/2B/29828_1c14c521a8c1.jpg","landname":"104"},{"id":281475020095743,"level":3,"status":1,"posx":31,"posy":24,"cityid":662,"townid":1434,"tokenid":"c2ece63196a29fa4d5c4bf5b080b2ddf","tokenurl":"/mcm/api/land?token=c2ece63196a29fa4d5c4bf5b080b2ddf","imageurl":"/mcm/images/land/2B/29829_1e59d25da415.jpg","landname":"105"},{"id":281475020095744,"level":3,"status":1,"posx":32,"posy":24,"cityid":662,"townid":1434,"tokenid":"1a0be4d6d12ade54a422d58063a57bc3","tokenurl":"/mcm/api/land?token=1a0be4d6d12ade54a422d58063a57bc3","imageurl":"/mcm/images/land/2B/29830_2e3cf5296423.jpg","landname":"106"},{"id":281475020095745,"level":2,"status":1,"posx":12,"posy":25,"cityid":662,"townid":1434,"tokenid":"b7304f65acdeeb5e06c6ca5eb755b11c","tokenurl":"/mcm/api/land?token=b7304f65acdeeb5e06c6ca5eb755b11c","imageurl":"/mcm/images/land/2A/17899_474182530707.jpg","landname":"107"},{"id":281475020095746,"level":1,"status":1,"posx":13,"posy":25,"cityid":662,"townid":1434,"tokenid":"b8ba6e0983ed5246102642d677afa563","tokenurl":"/mcm/api/land?token=b8ba6e0983ed5246102642d677afa563","imageurl":"/mcm/images/land/2S/11932_54f2469cb0f8.jpg","landname":"108"},{"id":281475020095747,"level":2,"status":0,"posx":6,"posy":26,"cityid":662,"townid":1434,"tokenid":"3e7aefc974f8be1adb1d7e9682ae9993","tokenurl":"/mcm/api/land?token=3e7aefc974f8be1adb1d7e9682ae9993","imageurl":"/mcm/images/land/2A/17900_4f877d5d491e.jpg","landname":"109"},{"id":281475020095748,"level":3,"status":1,"posx":7,"posy":26,"cityid":662,"townid":1434,"tokenid":"da7a54891b4372fe4b943636e5ebb85d","tokenurl":"/mcm/api/land?token=da7a54891b4372fe4b943636e5ebb85d","imageurl":"/mcm/images/land/2B/29831_2e02e20ba936.jpg","landname":"110"},{"id":281475020095749,"level":3,"status":1,"posx":9,"posy":26,"cityid":662,"townid":1434,"tokenid":"407fdd7bc415fdd5425dbd54f2fe5e43","tokenurl":"/mcm/api/land?token=407fdd7bc415fdd5425dbd54f2fe5e43","imageurl":"/mcm/images/land/2B/29832_2fe3ef09a01f.jpg","landname":"111"},{"id":281475020095750,"level":1,"status":1,"posx":10,"posy":26,"cityid":662,"townid":1434,"tokenid":"8a619a6c19346634e28d18e30cc1d324","tokenurl":"/mcm/api/land?token=8a619a6c19346634e28d18e30cc1d324","imageurl":"/mcm/images/land/2S/11933_740cbc59fff.jpg","landname":"112"},{"id":281475020095751,"level":3,"status":0,"posx":12,"posy":26,"cityid":662,"townid":1434,"tokenid":"b2f0dd3e5518c91fc9e575b15c1c68c0","tokenurl":"/mcm/api/land?token=b2f0dd3e5518c91fc9e575b15c1c68c0","imageurl":"/mcm/images/land/2B/29833_24478520f919.jpg","landname":"113"},{"id":281475020095752,"level":2,"status":1,"posx":13,"posy":26,"cityid":662,"townid":1434,"tokenid":"95d6420b2eaf0c3700acd4ff5fe38198","tokenurl":"/mcm/api/land?token=95d6420b2eaf0c3700acd4ff5fe38198","imageurl":"/mcm/images/land/2A/17901_c66e930c373.jpg","landname":"114"},{"id":281475020095753,"level":3,"status":1,"posx":6,"posy":27,"cityid":662,"townid":1434,"tokenid":"8feccf6d527da93fcea5e36f64ff9198","tokenurl":"/mcm/api/land?token=8feccf6d527da93fcea5e36f64ff9198","imageurl":"/mcm/images/land/2B/29834_44314172f73a.jpg","landname":"115"},{"id":281475020095754,"level":2,"status":1,"posx":7,"posy":27,"cityid":662,"townid":1434,"tokenid":"a6a9d3d1473eff8727555fb90f4af330","tokenurl":"/mcm/api/land?token=a6a9d3d1473eff8727555fb90f4af330","imageurl":"/mcm/images/land/2A/17902_80719f8f552.jpg","landname":"116"},{"id":281475020095755,"level":1,"status":0,"posx":9,"posy":27,"cityid":662,"townid":1434,"tokenid":"b9745eb26a04f86d257598cbcf794f42","tokenurl":"/mcm/api/land?token=b9745eb26a04f86d257598cbcf794f42","imageurl":"/mcm/images/land/2S/11934_523da607722a.jpg","landname":"117"},{"id":281475020095756,"level":3,"status":0,"posx":10,"posy":27,"cityid":662,"townid":1434,"tokenid":"a8c5b97c9d2e9fa5ae0174e987baff07","tokenurl":"/mcm/api/land?token=a8c5b97c9d2e9fa5ae0174e987baff07","imageurl":"/mcm/images/land/2B/29835_43bc6c2aa3ee.jpg","landname":"118"},{"id":281475020095757,"level":2,"status":0,"posx":23,"posy":27,"cityid":662,"townid":1434,"tokenid":"c01cf23dc6e73ac51c0b473b60a298ad","tokenurl":"/mcm/api/land?token=c01cf23dc6e73ac51c0b473b60a298ad","imageurl":"/mcm/images/land/2A/17903_2626f31c556f.jpg","landname":"119"},{"id":281475020095758,"level":3,"status":0,"posx":24,"posy":27,"cityid":662,"townid":1434,"tokenid":"5c8397d102bb8f1b9dea2aad980c0c84","tokenurl":"/mcm/api/land?token=5c8397d102bb8f1b9dea2aad980c0c84","imageurl":"/mcm/images/land/2B/29836_293215a5ec28.jpg","landname":"120"},{"id":281475020095759,"level":3,"status":0,"posx":6,"posy":28,"cityid":662,"townid":1434,"tokenid":"24d25b3abecb216cee0b9c63de820e62","tokenurl":"/mcm/api/land?token=24d25b3abecb216cee0b9c63de820e62","imageurl":"/mcm/images/land/2B/29837_39169e2c1e5b.jpg","landname":"121"},{"id":281475020095760,"level":1,"status":0,"posx":7,"posy":28,"cityid":662,"townid":1434,"tokenid":"72471acb763818511243d640c9e14da9","tokenurl":"/mcm/api/land?token=72471acb763818511243d640c9e14da9","imageurl":"/mcm/images/land/2S/11935_314f0e7c4d38.jpg","landname":"122"},{"id":281475020095761,"level":3,"status":0,"posx":9,"posy":28,"cityid":662,"townid":1434,"tokenid":"9b7d859247d4ccdc4123139b32dc7c83","tokenurl":"/mcm/api/land?token=9b7d859247d4ccdc4123139b32dc7c83","imageurl":"/mcm/images/land/2B/29838_41d28e22fd13.jpg","landname":"123"},{"id":281475020095762,"level":1,"status":1,"posx":10,"posy":28,"cityid":662,"townid":1434,"tokenid":"fbf97d06e5508cc56a865566882ae8c9","tokenurl":"/mcm/api/land?token=fbf97d06e5508cc56a865566882ae8c9","imageurl":"/mcm/images/land/2S/11936_4d6bc4243c39.jpg","landname":"124"},{"id":281475020095763,"level":3,"status":1,"posx":23,"posy":28,"cityid":662,"townid":1434,"tokenid":"ea2773d419eb6f9142c5aaeecb3db1e0","tokenurl":"/mcm/api/land?token=ea2773d419eb6f9142c5aaeecb3db1e0","imageurl":"/mcm/images/land/2B/29839_3cdd6b130cfb.jpg","landname":"125"},{"id":281475020095764,"level":2,"status":0,"posx":24,"posy":28,"cityid":662,"townid":1434,"tokenid":"1f676a739e6b9f47faf59b0cf5d5e6e4","tokenurl":"/mcm/api/land?token=1f676a739e6b9f47faf59b0cf5d5e6e4","imageurl":"/mcm/images/land/2A/17904_49a9e63828e2.jpg","landname":"126"},{"id":281475020095765,"level":1,"status":1,"posx":32,"posy":28,"cityid":662,"townid":1434,"tokenid":"ca295be395574c5fd6feaadf204ff8b8","tokenurl":"/mcm/api/land?token=ca295be395574c5fd6feaadf204ff8b8","imageurl":"/mcm/images/land/2S/11937_3bc06bed1bb.jpg","landname":"127"},{"id":281475020095766,"level":2,"status":1,"posx":33,"posy":28,"cityid":662,"townid":1434,"tokenid":"cb307af84b2ceb89f0f0ae30381bdeb0","tokenurl":"/mcm/api/land?token=cb307af84b2ceb89f0f0ae30381bdeb0","imageurl":"/mcm/images/land/2A/17905_4ee2cd62e88d.jpg","landname":"128"},{"id":281475020095767,"level":1,"status":0,"posx":6,"posy":29,"cityid":662,"townid":1434,"tokenid":"44e500251d15c985a89d07deec4bc34e","tokenurl":"/mcm/api/land?token=44e500251d15c985a89d07deec4bc34e","imageurl":"/mcm/images/land/2S/11938_4570335cf884.jpg","landname":"129"},{"id":281475020095768,"level":3,"status":0,"posx":7,"posy":29,"cityid":662,"townid":1434,"tokenid":"e449bdb6b81701fa0e0cad9fa34092a1","tokenurl":"/mcm/api/land?token=e449bdb6b81701fa0e0cad9fa34092a1","imageurl":"/mcm/images/land/2B/29840_31b1ec9ed67e.jpg","landname":"130"},{"id":281475020095769,"level":3,"status":1,"posx":9,"posy":29,"cityid":662,"townid":1434,"tokenid":"d737e5366a360faeda620e8b26781ddf","tokenurl":"/mcm/api/land?token=d737e5366a360faeda620e8b26781ddf","imageurl":"/mcm/images/land/2B/29841_cfae3ee217f.jpg","landname":"131"},{"id":281475020095770,"level":2,"status":1,"posx":10,"posy":29,"cityid":662,"townid":1434,"tokenid":"77e929e10ca887996ca5c9c610d7157f","tokenurl":"/mcm/api/land?token=77e929e10ca887996ca5c9c610d7157f","imageurl":"/mcm/images/land/2A/17906_6a18ec1a881.jpg","landname":"132"},{"id":281475020095771,"level":2,"status":0,"posx":23,"posy":29,"cityid":662,"townid":1434,"tokenid":"d2570ccc28a91e912a3c76c00eb8f7e4","tokenurl":"/mcm/api/land?token=d2570ccc28a91e912a3c76c00eb8f7e4","imageurl":"/mcm/images/land/2A/17907_328e9ca15ad.jpg","landname":"133"},{"id":281475020095772,"level":1,"status":1,"posx":24,"posy":29,"cityid":662,"townid":1434,"tokenid":"62b74a8733b96c30967cfbabbec7e960","tokenurl":"/mcm/api/land?token=62b74a8733b96c30967cfbabbec7e960","imageurl":"/mcm/images/land/2S/11939_40a1ff8a87a5.jpg","landname":"134"},{"id":281475020095773,"level":2,"status":0,"posx":32,"posy":29,"cityid":662,"townid":1434,"tokenid":"f4ad9375321d3a66377c744e60db03ee","tokenurl":"/mcm/api/land?token=f4ad9375321d3a66377c744e60db03ee","imageurl":"/mcm/images/land/2A/17908_1ce2f0f0ad72.jpg","landname":"135"},{"id":281475020095774,"level":3,"status":1,"posx":33,"posy":29,"cityid":662,"townid":1434,"tokenid":"f37d6b74c5bc187990c5c9dd37191146","tokenurl":"/mcm/api/land?token=f37d6b74c5bc187990c5c9dd37191146","imageurl":"/mcm/images/land/2B/29842_683cd56168e.jpg","landname":"136"},{"id":281475020095775,"level":3,"status":1,"posx":6,"posy":30,"cityid":662,"townid":1434,"tokenid":"56e9fc3280ef594e048c7acf4949d9dc","tokenurl":"/mcm/api/land?token=56e9fc3280ef594e048c7acf4949d9dc","imageurl":"/mcm/images/land/2B/29843_42682d5bb72c.jpg","landname":"137"},{"id":281475020095776,"level":3,"status":1,"posx":7,"posy":30,"cityid":662,"townid":1434,"tokenid":"0127ec2659376b8264bb894b18667828","tokenurl":"/mcm/api/land?token=0127ec2659376b8264bb894b18667828","imageurl":"/mcm/images/land/2B/29844_5a724b1dc3c8.jpg","landname":"138"},{"id":281475020095777,"level":2,"status":0,"posx":9,"posy":30,"cityid":662,"townid":1434,"tokenid":"03d565c52794083b785dac9f545298dd","tokenurl":"/mcm/api/land?token=03d565c52794083b785dac9f545298dd","imageurl":"/mcm/images/land/2A/17909_41628d1f8cf3.jpg","landname":"139"},{"id":281475020095778,"level":3,"status":1,"posx":10,"posy":30,"cityid":662,"townid":1434,"tokenid":"dddba51a690759835b7385b84c1644ca","tokenurl":"/mcm/api/land?token=dddba51a690759835b7385b84c1644ca","imageurl":"/mcm/images/land/2B/29845_2575acd1b225.jpg","landname":"140"},{"id":281475020095779,"level":3,"status":1,"posx":23,"posy":30,"cityid":662,"townid":1434,"tokenid":"2a2fd85ab1386e7cf304054bed385116","tokenurl":"/mcm/api/land?token=2a2fd85ab1386e7cf304054bed385116","imageurl":"/mcm/images/land/2B/29846_4407d75b3f35.jpg","landname":"141"},{"id":281475020095780,"level":3,"status":0,"posx":24,"posy":30,"cityid":662,"townid":1434,"tokenid":"7d2fcf03a0baeb42b1a0f398b6a880b5","tokenurl":"/mcm/api/land?token=7d2fcf03a0baeb42b1a0f398b6a880b5","imageurl":"/mcm/images/land/2B/29847_1dc3f193b79d.jpg","landname":"142"},{"id":281475020095781,"level":3,"status":1,"posx":32,"posy":30,"cityid":662,"townid":1434,"tokenid":"5d57940de93e8aca83cccd655229fc71","tokenurl":"/mcm/api/land?token=5d57940de93e8aca83cccd655229fc71","imageurl":"/mcm/images/land/2B/29848_465927daa21a.jpg","landname":"143"},{"id":281475020095782,"level":1,"status":1,"posx":33,"posy":30,"cityid":662,"townid":1434,"tokenid":"590b255916bd4619a0d54a60383cdf53","tokenurl":"/mcm/api/land?token=590b255916bd4619a0d54a60383cdf53","imageurl":"/mcm/images/land/2S/11940_46691d8413.jpg","landname":"144"},{"id":281475020095783,"level":2,"status":1,"posx":23,"posy":31,"cityid":662,"townid":1434,"tokenid":"df2ff2030ecf53e99a3f456f8ad22f8e","tokenurl":"/mcm/api/land?token=df2ff2030ecf53e99a3f456f8ad22f8e","imageurl":"/mcm/images/land/2A/17910_270c62f655e7.jpg","landname":"145"},{"id":281475020095784,"level":3,"status":0,"posx":24,"posy":31,"cityid":662,"townid":1434,"tokenid":"10330ba76b6cb634fe5914c7e4710204","tokenurl":"/mcm/api/land?token=10330ba76b6cb634fe5914c7e4710204","imageurl":"/mcm/images/land/2B/29849_1de9ce77576b.jpg","landname":"146"},{"id":281475020095785,"level":3,"status":0,"posx":32,"posy":31,"cityid":662,"townid":1434,"tokenid":"5cfd2dd1414f5e9c052faf82a3e0f305","tokenurl":"/mcm/api/land?token=5cfd2dd1414f5e9c052faf82a3e0f305","imageurl":"/mcm/images/land/2B/29850_53d89add3380.jpg","landname":"147"},{"id":281475020095786,"level":1,"status":1,"posx":33,"posy":31,"cityid":662,"townid":1434,"tokenid":"1599ea6ce206f59894b37be7aa09df59","tokenurl":"/mcm/api/land?token=1599ea6ce206f59894b37be7aa09df59","imageurl":"/mcm/images/land/2S/11941_2b74dd95554c.jpg","landname":"148"},{"id":281475020095787,"level":3,"status":0,"posx":32,"posy":32,"cityid":662,"townid":1434,"tokenid":"5594fbd19f2015e18d4323d3043abdef","tokenurl":"/mcm/api/land?token=5594fbd19f2015e18d4323d3043abdef","imageurl":"/mcm/images/land/2B/29851_361ef5ebecf7.jpg","landname":"149"},{"id":281475020095788,"level":2,"status":1,"posx":33,"posy":32,"cityid":662,"townid":1434,"tokenid":"f0a24f5504c4a3637db536139d752dbb","tokenurl":"/mcm/api/land?token=f0a24f5504c4a3637db536139d752dbb","imageurl":"/mcm/images/land/2A/17911_543a281563a7.jpg","landname":"150"}]]],0,0,[],[],[]]
