[1,0,0,[["cc.JsonAsset",["_name","json"],1]],[[0,0,1,3]],[[0,"397",[{"id":281474987261953,"level":3,"status":0,"posx":32,"posy":5,"cityid":161,"townid":397,"tokenid":"e0d5f7d4a1c11596c99ce4703d0ea73c","tokenurl":"/mcm/api/land?token=e0d5f7d4a1c11596c99ce4703d0ea73c","imageurl":"/mcm/images/land/2B/18302_341bad58171e.jpg","landname":"1"},{"id":281474987261954,"level":2,"status":1,"posx":33,"posy":5,"cityid":161,"townid":397,"tokenid":"6305818dc95ac3aa50cd5e3dbd36cc7e","tokenurl":"/mcm/api/land?token=6305818dc95ac3aa50cd5e3dbd36cc7e","imageurl":"/mcm/images/land/2A/10982_524864b0cc68.jpg","landname":"2"},{"id":281474987261955,"level":3,"status":0,"posx":5,"posy":6,"cityid":161,"townid":397,"tokenid":"6bf5b7e0d80462b993fc0d0431975ca6","tokenurl":"/mcm/api/land?token=6bf5b7e0d80462b993fc0d0431975ca6","imageurl":"/mcm/images/land/2B/18303_177fba3231b0.jpg","landname":"3"},{"id":281474987261956,"level":2,"status":0,"posx":6,"posy":6,"cityid":161,"townid":397,"tokenid":"7f5634143a11088d427022ce416e97d0","tokenurl":"/mcm/api/land?token=7f5634143a11088d427022ce416e97d0","imageurl":"/mcm/images/land/2A/10983_1499a6de5344.jpg","landname":"4"},{"id":281474987261957,"level":3,"status":0,"posx":21,"posy":6,"cityid":161,"townid":397,"tokenid":"c6a535b49e034cbe6a1efb6ec459ebe9","tokenurl":"/mcm/api/land?token=c6a535b49e034cbe6a1efb6ec459ebe9","imageurl":"/mcm/images/land/2B/18304_4aaa7ac9b379.jpg","landname":"5"},{"id":281474987261958,"level":3,"status":0,"posx":22,"posy":6,"cityid":161,"townid":397,"tokenid":"b69031984608bbeeffc29e78dbd0881e","tokenurl":"/mcm/api/land?token=b69031984608bbeeffc29e78dbd0881e","imageurl":"/mcm/images/land/2B/18305_54167c23388.jpg","landname":"6"},{"id":281474987261959,"level":3,"status":0,"posx":23,"posy":6,"cityid":161,"townid":397,"tokenid":"959be686e9ae6f5d78eecf0ab337c0fb","tokenurl":"/mcm/api/land?token=959be686e9ae6f5d78eecf0ab337c0fb","imageurl":"/mcm/images/land/2B/18306_278d9ac9ed3d.jpg","landname":"7"},{"id":281474987261960,"level":2,"status":0,"posx":24,"posy":6,"cityid":161,"townid":397,"tokenid":"0aa774cb924c8acc8bbf3e11ca04e5d3","tokenurl":"/mcm/api/land?token=0aa774cb924c8acc8bbf3e11ca04e5d3","imageurl":"/mcm/images/land/2A/10984_31a5a4c70256.jpg","landname":"8"},{"id":281474987261961,"level":1,"status":1,"posx":25,"posy":6,"cityid":161,"townid":397,"tokenid":"61ded531915be4de320ee23021310cb2","tokenurl":"/mcm/api/land?token=61ded531915be4de320ee23021310cb2","imageurl":"/mcm/images/land/2S/7322_285ea08d1b84.jpg","landname":"9"},{"id":281474987261962,"level":3,"status":0,"posx":32,"posy":6,"cityid":161,"townid":397,"tokenid":"d0f12c786c5a55da64cfc9d408bd806a","tokenurl":"/mcm/api/land?token=d0f12c786c5a55da64cfc9d408bd806a","imageurl":"/mcm/images/land/2B/18307_41a658e8e0bf.jpg","landname":"10"},{"id":281474987261963,"level":2,"status":0,"posx":33,"posy":6,"cityid":161,"townid":397,"tokenid":"1bc41d6a18f6425c8669e94579c87ff6","tokenurl":"/mcm/api/land?token=1bc41d6a18f6425c8669e94579c87ff6","imageurl":"/mcm/images/land/2A/10985_f4c6957cb7c.jpg","landname":"11"},{"id":281474987261964,"level":3,"status":0,"posx":5,"posy":7,"cityid":161,"townid":397,"tokenid":"dc91594f8d5037c0956ec539a7074af4","tokenurl":"/mcm/api/land?token=dc91594f8d5037c0956ec539a7074af4","imageurl":"/mcm/images/land/2B/18308_2da6d4e72888.jpg","landname":"12"},{"id":281474987261965,"level":2,"status":1,"posx":6,"posy":7,"cityid":161,"townid":397,"tokenid":"73e8f4c4e6b4ebf3baeb71353a6af3d5","tokenurl":"/mcm/api/land?token=73e8f4c4e6b4ebf3baeb71353a6af3d5","imageurl":"/mcm/images/land/2A/10986_40900baacc48.jpg","landname":"13"},{"id":281474987261966,"level":3,"status":1,"posx":21,"posy":7,"cityid":161,"townid":397,"tokenid":"fd3873b1d25c6a1de0439696015b319a","tokenurl":"/mcm/api/land?token=fd3873b1d25c6a1de0439696015b319a","imageurl":"/mcm/images/land/2B/18309_685f4c07c0f.jpg","landname":"14"},{"id":281474987261967,"level":2,"status":1,"posx":22,"posy":7,"cityid":161,"townid":397,"tokenid":"e120108377e23be282b02b47ceea7aad","tokenurl":"/mcm/api/land?token=e120108377e23be282b02b47ceea7aad","imageurl":"/mcm/images/land/2A/10987_545b40bcb55e.jpg","landname":"15"},{"id":281474987261968,"level":2,"status":0,"posx":23,"posy":7,"cityid":161,"townid":397,"tokenid":"98592ab937deda7af91dea8d327383f0","tokenurl":"/mcm/api/land?token=98592ab937deda7af91dea8d327383f0","imageurl":"/mcm/images/land/2A/10988_36e1dc727d24.jpg","landname":"16"},{"id":281474987261969,"level":3,"status":1,"posx":24,"posy":7,"cityid":161,"townid":397,"tokenid":"13ee4793a2ddc3889b18106dd367278d","tokenurl":"/mcm/api/land?token=13ee4793a2ddc3889b18106dd367278d","imageurl":"/mcm/images/land/2B/18310_486e60ffe97f.jpg","landname":"17"},{"id":281474987261970,"level":3,"status":0,"posx":25,"posy":7,"cityid":161,"townid":397,"tokenid":"489e98723c90e41a978b4de49f5bf6c3","tokenurl":"/mcm/api/land?token=489e98723c90e41a978b4de49f5bf6c3","imageurl":"/mcm/images/land/2B/18311_4749c47f189.jpg","landname":"18"},{"id":281474987261971,"level":3,"status":1,"posx":32,"posy":7,"cityid":161,"townid":397,"tokenid":"54ce06e15a1e91dd14e4631c28ef04e0","tokenurl":"/mcm/api/land?token=54ce06e15a1e91dd14e4631c28ef04e0","imageurl":"/mcm/images/land/2B/18312_19b50b04864d.jpg","landname":"19"},{"id":281474987261972,"level":2,"status":0,"posx":33,"posy":7,"cityid":161,"townid":397,"tokenid":"901d975772847572a9373f6823d14c3e","tokenurl":"/mcm/api/land?token=901d975772847572a9373f6823d14c3e","imageurl":"/mcm/images/land/2A/10989_49b2540e71aa.jpg","landname":"20"},{"id":281474987261973,"level":1,"status":1,"posx":5,"posy":8,"cityid":161,"townid":397,"tokenid":"8135d212f5f36bd81ef14970bf57c166","tokenurl":"/mcm/api/land?token=8135d212f5f36bd81ef14970bf57c166","imageurl":"/mcm/images/land/2S/7323_237db388589b.jpg","landname":"21"},{"id":281474987261974,"level":3,"status":1,"posx":6,"posy":8,"cityid":161,"townid":397,"tokenid":"e89c921329237533e68c317e5658ca56","tokenurl":"/mcm/api/land?token=e89c921329237533e68c317e5658ca56","imageurl":"/mcm/images/land/2B/18313_45901adf53eb.jpg","landname":"22"},{"id":281474987261975,"level":1,"status":0,"posx":32,"posy":8,"cityid":161,"townid":397,"tokenid":"445900427cce4000a18a883cdc2ae404","tokenurl":"/mcm/api/land?token=445900427cce4000a18a883cdc2ae404","imageurl":"/mcm/images/land/2S/7324_2c99d25d72ed.jpg","landname":"23"},{"id":281474987261976,"level":3,"status":0,"posx":33,"posy":8,"cityid":161,"townid":397,"tokenid":"7bf7b9864b8dae9341dd1984f5c1e314","tokenurl":"/mcm/api/land?token=7bf7b9864b8dae9341dd1984f5c1e314","imageurl":"/mcm/images/land/2B/18314_39199f773770.jpg","landname":"24"},{"id":281474987261977,"level":2,"status":1,"posx":5,"posy":9,"cityid":161,"townid":397,"tokenid":"054c13c0a76e05224b40356e32e748ed","tokenurl":"/mcm/api/land?token=054c13c0a76e05224b40356e32e748ed","imageurl":"/mcm/images/land/2A/10990_4c6e4b7fd30c.jpg","landname":"25"},{"id":281474987261978,"level":3,"status":1,"posx":6,"posy":9,"cityid":161,"townid":397,"tokenid":"b018d722ed4c27b4127a8105e3ac68c2","tokenurl":"/mcm/api/land?token=b018d722ed4c27b4127a8105e3ac68c2","imageurl":"/mcm/images/land/2B/18315_215516abb9db.jpg","landname":"26"},{"id":281474987261979,"level":3,"status":0,"posx":32,"posy":9,"cityid":161,"townid":397,"tokenid":"c55f4f650e8aeeb8eb3e5952fee861d6","tokenurl":"/mcm/api/land?token=c55f4f650e8aeeb8eb3e5952fee861d6","imageurl":"/mcm/images/land/2B/18316_41d58bcfc8bb.jpg","landname":"27"},{"id":281474987261980,"level":1,"status":1,"posx":33,"posy":9,"cityid":161,"townid":397,"tokenid":"c0c108f8577d4baa535e240d10e3ade1","tokenurl":"/mcm/api/land?token=c0c108f8577d4baa535e240d10e3ade1","imageurl":"/mcm/images/land/2S/7325_3dddbcf51be3.jpg","landname":"28"},{"id":281474987261981,"level":1,"status":0,"posx":5,"posy":10,"cityid":161,"townid":397,"tokenid":"69cc6988ea8afea63719792665589226","tokenurl":"/mcm/api/land?token=69cc6988ea8afea63719792665589226","imageurl":"/mcm/images/land/2S/7326_346ea2e65b6c.jpg","landname":"29"},{"id":281474987261982,"level":2,"status":0,"posx":6,"posy":10,"cityid":161,"townid":397,"tokenid":"42134bc972e2b28a201e07e9884f78d2","tokenurl":"/mcm/api/land?token=42134bc972e2b28a201e07e9884f78d2","imageurl":"/mcm/images/land/2A/10991_3fa844f33c7c.jpg","landname":"30"},{"id":281474987261983,"level":1,"status":0,"posx":8,"posy":10,"cityid":161,"townid":397,"tokenid":"443cca237d133caf2d24ffe966ef156e","tokenurl":"/mcm/api/land?token=443cca237d133caf2d24ffe966ef156e","imageurl":"/mcm/images/land/2S/7327_1fe98993bd7.jpg","landname":"31"},{"id":281474987261984,"level":3,"status":0,"posx":9,"posy":10,"cityid":161,"townid":397,"tokenid":"d04273eeeaa84b82dd7061d040b32f4c","tokenurl":"/mcm/api/land?token=d04273eeeaa84b82dd7061d040b32f4c","imageurl":"/mcm/images/land/2B/18317_208d35749534.jpg","landname":"32"},{"id":281474987261985,"level":1,"status":1,"posx":23,"posy":10,"cityid":161,"townid":397,"tokenid":"9ca33d22eecf950405864822a4da37fa","tokenurl":"/mcm/api/land?token=9ca33d22eecf950405864822a4da37fa","imageurl":"/mcm/images/land/2S/7328_1a885dc4f3c.jpg","landname":"33"},{"id":281474987261986,"level":2,"status":1,"posx":24,"posy":10,"cityid":161,"townid":397,"tokenid":"fb0aa1f96a37899cb0973073c5461696","tokenurl":"/mcm/api/land?token=fb0aa1f96a37899cb0973073c5461696","imageurl":"/mcm/images/land/2A/10992_146d23a186d4.jpg","landname":"34"},{"id":281474987261987,"level":2,"status":1,"posx":8,"posy":11,"cityid":161,"townid":397,"tokenid":"49357a6bac8ac6a89c0d41c373533338","tokenurl":"/mcm/api/land?token=49357a6bac8ac6a89c0d41c373533338","imageurl":"/mcm/images/land/2A/10993_1eb4b86868b2.jpg","landname":"35"},{"id":281474987261988,"level":1,"status":1,"posx":9,"posy":11,"cityid":161,"townid":397,"tokenid":"df899f6fb86bebc8381d89c823bc6ffd","tokenurl":"/mcm/api/land?token=df899f6fb86bebc8381d89c823bc6ffd","imageurl":"/mcm/images/land/2S/7329_535447e87f26.jpg","landname":"36"},{"id":281474987261989,"level":2,"status":0,"posx":23,"posy":11,"cityid":161,"townid":397,"tokenid":"e7731c5d08a4d6bb8437ae15c717f096","tokenurl":"/mcm/api/land?token=e7731c5d08a4d6bb8437ae15c717f096","imageurl":"/mcm/images/land/2A/10994_f47d0d63c62.jpg","landname":"37"},{"id":281474987261990,"level":2,"status":1,"posx":24,"posy":11,"cityid":161,"townid":397,"tokenid":"532bdf1905dd8bdb47766e9cd93a74e0","tokenurl":"/mcm/api/land?token=532bdf1905dd8bdb47766e9cd93a74e0","imageurl":"/mcm/images/land/2A/10995_d4dce3c5534.jpg","landname":"38"},{"id":281474987261991,"level":1,"status":1,"posx":8,"posy":12,"cityid":161,"townid":397,"tokenid":"1fe18414eaafdb11c93963cc6c55c862","tokenurl":"/mcm/api/land?token=1fe18414eaafdb11c93963cc6c55c862","imageurl":"/mcm/images/land/2S/7330_5715b8ddca77.jpg","landname":"39"},{"id":281474987261992,"level":3,"status":0,"posx":9,"posy":12,"cityid":161,"townid":397,"tokenid":"ab43173327bc8a0e89f267c1e8f688c4","tokenurl":"/mcm/api/land?token=ab43173327bc8a0e89f267c1e8f688c4","imageurl":"/mcm/images/land/2B/18318_2af028af0965.jpg","landname":"40"},{"id":281474987261993,"level":3,"status":0,"posx":23,"posy":12,"cityid":161,"townid":397,"tokenid":"d1f90b3bba868a7ffdc2da177960239e","tokenurl":"/mcm/api/land?token=d1f90b3bba868a7ffdc2da177960239e","imageurl":"/mcm/images/land/2B/18319_14a75f45e5aa.jpg","landname":"41"},{"id":281474987261994,"level":3,"status":1,"posx":24,"posy":12,"cityid":161,"townid":397,"tokenid":"cf4fb0ce656c9d9fff174b0cf9dfce92","tokenurl":"/mcm/api/land?token=cf4fb0ce656c9d9fff174b0cf9dfce92","imageurl":"/mcm/images/land/2B/18320_b5dd76c9580.jpg","landname":"42"},{"id":281474987261995,"level":3,"status":1,"posx":32,"posy":12,"cityid":161,"townid":397,"tokenid":"40a913f799c0909b5372b23ac4aee8ea","tokenurl":"/mcm/api/land?token=40a913f799c0909b5372b23ac4aee8ea","imageurl":"/mcm/images/land/2B/18321_1608dbdeef84.jpg","landname":"43"},{"id":281474987261996,"level":2,"status":0,"posx":33,"posy":12,"cityid":161,"townid":397,"tokenid":"8c5bc21cf1b06174fcb5848302f2a371","tokenurl":"/mcm/api/land?token=8c5bc21cf1b06174fcb5848302f2a371","imageurl":"/mcm/images/land/2A/10996_6899f8797a1.jpg","landname":"44"},{"id":281474987261997,"level":1,"status":0,"posx":8,"posy":13,"cityid":161,"townid":397,"tokenid":"3bbe1dd17beeb85eafbb41bfc6177329","tokenurl":"/mcm/api/land?token=3bbe1dd17beeb85eafbb41bfc6177329","imageurl":"/mcm/images/land/2S/7331_2990bbd3584f.jpg","landname":"45"},{"id":281474987261998,"level":3,"status":1,"posx":9,"posy":13,"cityid":161,"townid":397,"tokenid":"b1baa12edd72b830e4af43df2d0a1e38","tokenurl":"/mcm/api/land?token=b1baa12edd72b830e4af43df2d0a1e38","imageurl":"/mcm/images/land/2B/18322_3e2b213e3325.jpg","landname":"46"},{"id":281474987261999,"level":2,"status":0,"posx":23,"posy":13,"cityid":161,"townid":397,"tokenid":"e5107b50e4fd3d1e34ad87df2ac361e1","tokenurl":"/mcm/api/land?token=e5107b50e4fd3d1e34ad87df2ac361e1","imageurl":"/mcm/images/land/2A/10997_41f20f3ffe7b.jpg","landname":"47"},{"id":281474987262000,"level":3,"status":1,"posx":24,"posy":13,"cityid":161,"townid":397,"tokenid":"14a7aa431b7e0c4b2c6a4e5aa30a4921","tokenurl":"/mcm/api/land?token=14a7aa431b7e0c4b2c6a4e5aa30a4921","imageurl":"/mcm/images/land/2B/18323_3bc85323fd9d.jpg","landname":"48"},{"id":281474987262001,"level":3,"status":1,"posx":32,"posy":13,"cityid":161,"townid":397,"tokenid":"eb990dea1a88f163b0cc81ce413b622b","tokenurl":"/mcm/api/land?token=eb990dea1a88f163b0cc81ce413b622b","imageurl":"/mcm/images/land/2B/18324_463ed9b4d2bf.jpg","landname":"49"},{"id":281474987262002,"level":3,"status":1,"posx":33,"posy":13,"cityid":161,"townid":397,"tokenid":"971ed966ecc8967c278fbe1ba758657e","tokenurl":"/mcm/api/land?token=971ed966ecc8967c278fbe1ba758657e","imageurl":"/mcm/images/land/2B/18325_1e8a3f4f689.jpg","landname":"50"},{"id":281474987262003,"level":3,"status":1,"posx":8,"posy":14,"cityid":161,"townid":397,"tokenid":"3dd2ec16b9c6418e52624af8a3b621e6","tokenurl":"/mcm/api/land?token=3dd2ec16b9c6418e52624af8a3b621e6","imageurl":"/mcm/images/land/2B/18326_509e833c9c7.jpg","landname":"51"},{"id":281474987262004,"level":3,"status":0,"posx":9,"posy":14,"cityid":161,"townid":397,"tokenid":"d696afa3f13f65ce7c7f96b71ee64df0","tokenurl":"/mcm/api/land?token=d696afa3f13f65ce7c7f96b71ee64df0","imageurl":"/mcm/images/land/2B/18327_22f58e129946.jpg","landname":"52"},{"id":281474987262005,"level":3,"status":0,"posx":23,"posy":14,"cityid":161,"townid":397,"tokenid":"581e571d842cf9efbab4e7be5956b8e6","tokenurl":"/mcm/api/land?token=581e571d842cf9efbab4e7be5956b8e6","imageurl":"/mcm/images/land/2B/18328_34c463f1910.jpg","landname":"53"},{"id":281474987262006,"level":3,"status":0,"posx":24,"posy":14,"cityid":161,"townid":397,"tokenid":"4e2ce7674478b175a25eb0604d706658","tokenurl":"/mcm/api/land?token=4e2ce7674478b175a25eb0604d706658","imageurl":"/mcm/images/land/2B/18329_5143ba55de79.jpg","landname":"54"},{"id":281474987262007,"level":3,"status":0,"posx":32,"posy":14,"cityid":161,"townid":397,"tokenid":"ad6c066e3d29062040b0c368fd372720","tokenurl":"/mcm/api/land?token=ad6c066e3d29062040b0c368fd372720","imageurl":"/mcm/images/land/2B/18330_165fff2c9ceb.jpg","landname":"55"},{"id":281474987262008,"level":3,"status":0,"posx":33,"posy":14,"cityid":161,"townid":397,"tokenid":"0c6460e7ad793dfe61de32324f63f1eb","tokenurl":"/mcm/api/land?token=0c6460e7ad793dfe61de32324f63f1eb","imageurl":"/mcm/images/land/2B/18331_325420f74899.jpg","landname":"56"},{"id":281474987262009,"level":3,"status":1,"posx":32,"posy":15,"cityid":161,"townid":397,"tokenid":"e12eabaa236f912b26d7cd7facce9df9","tokenurl":"/mcm/api/land?token=e12eabaa236f912b26d7cd7facce9df9","imageurl":"/mcm/images/land/2B/18332_284b7fb08176.jpg","landname":"57"},{"id":281474987262010,"level":2,"status":1,"posx":33,"posy":15,"cityid":161,"townid":397,"tokenid":"3508232bf58914ab70f5896d80d94822","tokenurl":"/mcm/api/land?token=3508232bf58914ab70f5896d80d94822","imageurl":"/mcm/images/land/2A/10998_4e5d92e2c98e.jpg","landname":"58"},{"id":281474987262011,"level":1,"status":0,"posx":8,"posy":16,"cityid":161,"townid":397,"tokenid":"24638a2d8c38c7c5c9023bcf49dc7a10","tokenurl":"/mcm/api/land?token=24638a2d8c38c7c5c9023bcf49dc7a10","imageurl":"/mcm/images/land/2S/7332_2ffdd6597e61.jpg","landname":"59"},{"id":281474987262012,"level":3,"status":1,"posx":9,"posy":16,"cityid":161,"townid":397,"tokenid":"72714b8562141097caee3ebbbc063d23","tokenurl":"/mcm/api/land?token=72714b8562141097caee3ebbbc063d23","imageurl":"/mcm/images/land/2B/18333_26c34797e286.jpg","landname":"60"},{"id":281474987262013,"level":2,"status":1,"posx":32,"posy":16,"cityid":161,"townid":397,"tokenid":"4d5c34e7eeb235c9b9cb977efbc4f744","tokenurl":"/mcm/api/land?token=4d5c34e7eeb235c9b9cb977efbc4f744","imageurl":"/mcm/images/land/2A/10999_3756af93b89b.jpg","landname":"61"},{"id":281474987262014,"level":2,"status":1,"posx":33,"posy":16,"cityid":161,"townid":397,"tokenid":"e0eb81542c798724b916d4c738957b42","tokenurl":"/mcm/api/land?token=e0eb81542c798724b916d4c738957b42","imageurl":"/mcm/images/land/2A/11000_499b85d21702.jpg","landname":"62"},{"id":281474987262015,"level":3,"status":0,"posx":8,"posy":17,"cityid":161,"townid":397,"tokenid":"a7bfef949114f442587c2f24b48cd763","tokenurl":"/mcm/api/land?token=a7bfef949114f442587c2f24b48cd763","imageurl":"/mcm/images/land/2B/18334_10d4eca0cb0a.jpg","landname":"63"},{"id":281474987262016,"level":3,"status":0,"posx":9,"posy":17,"cityid":161,"townid":397,"tokenid":"7a0f1a2634beb41676250efb98310233","tokenurl":"/mcm/api/land?token=7a0f1a2634beb41676250efb98310233","imageurl":"/mcm/images/land/2B/18335_3f1db9d078d1.jpg","landname":"64"},{"id":281474987262017,"level":2,"status":0,"posx":8,"posy":18,"cityid":161,"townid":397,"tokenid":"ae3b66b7ddc57fd75530558aae2b33cd","tokenurl":"/mcm/api/land?token=ae3b66b7ddc57fd75530558aae2b33cd","imageurl":"/mcm/images/land/2A/11001_3af528e82f91.jpg","landname":"65"},{"id":281474987262018,"level":3,"status":1,"posx":9,"posy":18,"cityid":161,"townid":397,"tokenid":"e6e6493f911010f2cdb886262fb2ff13","tokenurl":"/mcm/api/land?token=e6e6493f911010f2cdb886262fb2ff13","imageurl":"/mcm/images/land/2B/18336_28a5f7b176d9.jpg","landname":"66"},{"id":281474987262019,"level":2,"status":0,"posx":20,"posy":18,"cityid":161,"townid":397,"tokenid":"6ca1491bf592a4f5e6817c4986071bff","tokenurl":"/mcm/api/land?token=6ca1491bf592a4f5e6817c4986071bff","imageurl":"/mcm/images/land/2A/11002_18de4a6f66d1.jpg","landname":"67"},{"id":281474987262020,"level":1,"status":0,"posx":21,"posy":18,"cityid":161,"townid":397,"tokenid":"242c4fba649c24341c8a95ed8be9a448","tokenurl":"/mcm/api/land?token=242c4fba649c24341c8a95ed8be9a448","imageurl":"/mcm/images/land/2S/7333_5675b2544976.jpg","landname":"68"},{"id":281474987262021,"level":3,"status":1,"posx":25,"posy":18,"cityid":161,"townid":397,"tokenid":"49ef662ea67e2b98f6533ec6ddb3ce84","tokenurl":"/mcm/api/land?token=49ef662ea67e2b98f6533ec6ddb3ce84","imageurl":"/mcm/images/land/2B/18337_1b6c083ea64b.jpg","landname":"69"},{"id":281474987262022,"level":1,"status":1,"posx":26,"posy":18,"cityid":161,"townid":397,"tokenid":"9d77d93d2fed9224eb692d718fa76bc5","tokenurl":"/mcm/api/land?token=9d77d93d2fed9224eb692d718fa76bc5","imageurl":"/mcm/images/land/2S/7334_1655b9d9924a.jpg","landname":"70"},{"id":281474987262023,"level":3,"status":0,"posx":8,"posy":19,"cityid":161,"townid":397,"tokenid":"b52a37c4a3cfb16279585fe717887353","tokenurl":"/mcm/api/land?token=b52a37c4a3cfb16279585fe717887353","imageurl":"/mcm/images/land/2B/18338_266f4028556a.jpg","landname":"71"},{"id":281474987262024,"level":2,"status":0,"posx":9,"posy":19,"cityid":161,"townid":397,"tokenid":"22a1e25c08cda5d835858f831e7b28b9","tokenurl":"/mcm/api/land?token=22a1e25c08cda5d835858f831e7b28b9","imageurl":"/mcm/images/land/2A/11003_5b8f824ee43.jpg","landname":"72"},{"id":281474987262025,"level":3,"status":0,"posx":20,"posy":19,"cityid":161,"townid":397,"tokenid":"613b1cd55cecf20fb1fd54a120f24181","tokenurl":"/mcm/api/land?token=613b1cd55cecf20fb1fd54a120f24181","imageurl":"/mcm/images/land/2B/18339_1973e7943d8c.jpg","landname":"73"},{"id":281474987262026,"level":2,"status":1,"posx":21,"posy":19,"cityid":161,"townid":397,"tokenid":"2e8c506c18af754bbcd8da92fc71b5f5","tokenurl":"/mcm/api/land?token=2e8c506c18af754bbcd8da92fc71b5f5","imageurl":"/mcm/images/land/2A/11004_368e86133e89.jpg","landname":"74"},{"id":281474987262027,"level":3,"status":1,"posx":25,"posy":19,"cityid":161,"townid":397,"tokenid":"ee77162d6f68684d79e02825248fe520","tokenurl":"/mcm/api/land?token=ee77162d6f68684d79e02825248fe520","imageurl":"/mcm/images/land/2B/18340_c404d64962.jpg","landname":"75"},{"id":281474987262028,"level":3,"status":0,"posx":26,"posy":19,"cityid":161,"townid":397,"tokenid":"daac729f49083bdfb64a83915919cd1e","tokenurl":"/mcm/api/land?token=daac729f49083bdfb64a83915919cd1e","imageurl":"/mcm/images/land/2B/18341_14668b2d36e5.jpg","landname":"76"},{"id":281474987262029,"level":3,"status":1,"posx":8,"posy":20,"cityid":161,"townid":397,"tokenid":"8bbd351bbac0b84c3e29e599a94c4c83","tokenurl":"/mcm/api/land?token=8bbd351bbac0b84c3e29e599a94c4c83","imageurl":"/mcm/images/land/2B/18342_54528344a310.jpg","landname":"77"},{"id":281474987262030,"level":3,"status":1,"posx":9,"posy":20,"cityid":161,"townid":397,"tokenid":"5b8e7b36de998118ad912390e8df03de","tokenurl":"/mcm/api/land?token=5b8e7b36de998118ad912390e8df03de","imageurl":"/mcm/images/land/2B/18343_21c83bc15a12.jpg","landname":"78"},{"id":281474987262031,"level":2,"status":1,"posx":20,"posy":20,"cityid":161,"townid":397,"tokenid":"a39e13843c636c9d9008fe353ab230e9","tokenurl":"/mcm/api/land?token=a39e13843c636c9d9008fe353ab230e9","imageurl":"/mcm/images/land/2A/11005_2c37c30eac4b.jpg","landname":"79"},{"id":281474987262032,"level":1,"status":1,"posx":21,"posy":20,"cityid":161,"townid":397,"tokenid":"479ed0d24d3aefeeb724651c3a435583","tokenurl":"/mcm/api/land?token=479ed0d24d3aefeeb724651c3a435583","imageurl":"/mcm/images/land/2S/7335_d467e26f4c2.jpg","landname":"80"},{"id":281474987262033,"level":1,"status":1,"posx":25,"posy":20,"cityid":161,"townid":397,"tokenid":"04d749687cf6e5b5c2dc61c3230b5904","tokenurl":"/mcm/api/land?token=04d749687cf6e5b5c2dc61c3230b5904","imageurl":"/mcm/images/land/2S/7336_3dcb4767d919.jpg","landname":"81"},{"id":281474987262034,"level":3,"status":1,"posx":26,"posy":20,"cityid":161,"townid":397,"tokenid":"4c8a1b83426e46a27c4727538d7d61b6","tokenurl":"/mcm/api/land?token=4c8a1b83426e46a27c4727538d7d61b6","imageurl":"/mcm/images/land/2B/18344_15fd15c8facb.jpg","landname":"82"},{"id":281474987262035,"level":1,"status":1,"posx":31,"posy":20,"cityid":161,"townid":397,"tokenid":"ef266e33464fd44952a108d39f381ef2","tokenurl":"/mcm/api/land?token=ef266e33464fd44952a108d39f381ef2","imageurl":"/mcm/images/land/2S/7337_573cce0254d.jpg","landname":"83"},{"id":281474987262036,"level":2,"status":1,"posx":32,"posy":20,"cityid":161,"townid":397,"tokenid":"ee9b4159733a4f7d560a734ce9c955a2","tokenurl":"/mcm/api/land?token=ee9b4159733a4f7d560a734ce9c955a2","imageurl":"/mcm/images/land/2A/11006_ba087dddb13.jpg","landname":"84"},{"id":281474987262037,"level":3,"status":0,"posx":20,"posy":21,"cityid":161,"townid":397,"tokenid":"e289f6f7c731d56ddf46af2779189f06","tokenurl":"/mcm/api/land?token=e289f6f7c731d56ddf46af2779189f06","imageurl":"/mcm/images/land/2B/18345_462d2fb5f8ab.jpg","landname":"85"},{"id":281474987262038,"level":3,"status":1,"posx":21,"posy":21,"cityid":161,"townid":397,"tokenid":"a88e19a0afa3e2415445109097246aa4","tokenurl":"/mcm/api/land?token=a88e19a0afa3e2415445109097246aa4","imageurl":"/mcm/images/land/2B/18346_13f6cb3915fe.jpg","landname":"86"},{"id":281474987262039,"level":3,"status":1,"posx":25,"posy":21,"cityid":161,"townid":397,"tokenid":"1dbec97756010b9087a6fd6aaa552fcd","tokenurl":"/mcm/api/land?token=1dbec97756010b9087a6fd6aaa552fcd","imageurl":"/mcm/images/land/2B/18347_1654297b26e8.jpg","landname":"87"},{"id":281474987262040,"level":1,"status":0,"posx":26,"posy":21,"cityid":161,"townid":397,"tokenid":"49a0c1788611c154ba6734674e45008a","tokenurl":"/mcm/api/land?token=49a0c1788611c154ba6734674e45008a","imageurl":"/mcm/images/land/2S/7338_2117371a5952.jpg","landname":"88"},{"id":281474987262041,"level":3,"status":0,"posx":31,"posy":21,"cityid":161,"townid":397,"tokenid":"1bd13bf9204e6afcd1a7ea8359755423","tokenurl":"/mcm/api/land?token=1bd13bf9204e6afcd1a7ea8359755423","imageurl":"/mcm/images/land/2B/18348_3d9d4c1c42e8.jpg","landname":"89"},{"id":281474987262042,"level":1,"status":0,"posx":32,"posy":21,"cityid":161,"townid":397,"tokenid":"edc5f9e81cffce93af84751206e10c28","tokenurl":"/mcm/api/land?token=edc5f9e81cffce93af84751206e10c28","imageurl":"/mcm/images/land/2S/7339_411325379786.jpg","landname":"90"},{"id":281474987262043,"level":3,"status":1,"posx":12,"posy":22,"cityid":161,"townid":397,"tokenid":"3bf8d400cd61c3179f4b5c9d0a22edc5","tokenurl":"/mcm/api/land?token=3bf8d400cd61c3179f4b5c9d0a22edc5","imageurl":"/mcm/images/land/2B/18349_3d66cb74550b.jpg","landname":"91"},{"id":281474987262044,"level":3,"status":1,"posx":13,"posy":22,"cityid":161,"townid":397,"tokenid":"e0f68389b88adbc2bff2e13fd9e5c9d3","tokenurl":"/mcm/api/land?token=e0f68389b88adbc2bff2e13fd9e5c9d3","imageurl":"/mcm/images/land/2B/18350_c6cc9653904.jpg","landname":"92"},{"id":281474987262045,"level":3,"status":1,"posx":20,"posy":22,"cityid":161,"townid":397,"tokenid":"a555a77b5ac28f08714b5f40e39b6067","tokenurl":"/mcm/api/land?token=a555a77b5ac28f08714b5f40e39b6067","imageurl":"/mcm/images/land/2B/18351_11f07b1e4c42.jpg","landname":"93"},{"id":281474987262046,"level":1,"status":0,"posx":21,"posy":22,"cityid":161,"townid":397,"tokenid":"424a38598d12d3cdf70437ae0190a892","tokenurl":"/mcm/api/land?token=424a38598d12d3cdf70437ae0190a892","imageurl":"/mcm/images/land/2S/7340_3d00a6bda5cc.jpg","landname":"94"},{"id":281474987262047,"level":3,"status":1,"posx":25,"posy":22,"cityid":161,"townid":397,"tokenid":"fa594635a8a5ac7588529a21ae9ead71","tokenurl":"/mcm/api/land?token=fa594635a8a5ac7588529a21ae9ead71","imageurl":"/mcm/images/land/2B/18352_31bce8d7a9ac.jpg","landname":"95"},{"id":281474987262048,"level":2,"status":1,"posx":26,"posy":22,"cityid":161,"townid":397,"tokenid":"1ff35bf3611f2e07e6fba274bd745c48","tokenurl":"/mcm/api/land?token=1ff35bf3611f2e07e6fba274bd745c48","imageurl":"/mcm/images/land/2A/11007_572faf83f041.jpg","landname":"96"},{"id":281474987262049,"level":1,"status":0,"posx":31,"posy":22,"cityid":161,"townid":397,"tokenid":"450c2077fc8547db418d6a0f17a26d0b","tokenurl":"/mcm/api/land?token=450c2077fc8547db418d6a0f17a26d0b","imageurl":"/mcm/images/land/2S/7341_15167ed28508.jpg","landname":"97"},{"id":281474987262050,"level":3,"status":0,"posx":32,"posy":22,"cityid":161,"townid":397,"tokenid":"2036ebf73568fdc5af1498b6c825f8cc","tokenurl":"/mcm/api/land?token=2036ebf73568fdc5af1498b6c825f8cc","imageurl":"/mcm/images/land/2B/18353_4efbdd9d1882.jpg","landname":"98"},{"id":281474987262051,"level":2,"status":0,"posx":12,"posy":23,"cityid":161,"townid":397,"tokenid":"9f358434cb8126cd121bb8e4bdd4b0bb","tokenurl":"/mcm/api/land?token=9f358434cb8126cd121bb8e4bdd4b0bb","imageurl":"/mcm/images/land/2A/11008_418a4a56a76d.jpg","landname":"99"},{"id":281474987262052,"level":1,"status":1,"posx":13,"posy":23,"cityid":161,"townid":397,"tokenid":"e937ac123c0fa426c240c185b0d41160","tokenurl":"/mcm/api/land?token=e937ac123c0fa426c240c185b0d41160","imageurl":"/mcm/images/land/2S/7342_184214dbe2c4.jpg","landname":"100"},{"id":281474987262053,"level":3,"status":0,"posx":31,"posy":23,"cityid":161,"townid":397,"tokenid":"8182be5147e780733330b0bf4b5b2634","tokenurl":"/mcm/api/land?token=8182be5147e780733330b0bf4b5b2634","imageurl":"/mcm/images/land/2B/18354_4b7e679ece63.jpg","landname":"101"},{"id":281474987262054,"level":1,"status":1,"posx":32,"posy":23,"cityid":161,"townid":397,"tokenid":"c134ac8e4cd1af61b2855eb3f8f7f071","tokenurl":"/mcm/api/land?token=c134ac8e4cd1af61b2855eb3f8f7f071","imageurl":"/mcm/images/land/2S/7343_2177ae21bb36.jpg","landname":"102"},{"id":281474987262055,"level":3,"status":0,"posx":12,"posy":24,"cityid":161,"townid":397,"tokenid":"c6d13a9c13b7471753ffefe243c8eada","tokenurl":"/mcm/api/land?token=c6d13a9c13b7471753ffefe243c8eada","imageurl":"/mcm/images/land/2B/18355_2185e4bf8a61.jpg","landname":"103"},{"id":281474987262056,"level":2,"status":0,"posx":13,"posy":24,"cityid":161,"townid":397,"tokenid":"81a4cbff9a84d4bcfaeb72cfb0c7b8c6","tokenurl":"/mcm/api/land?token=81a4cbff9a84d4bcfaeb72cfb0c7b8c6","imageurl":"/mcm/images/land/2A/11009_25cff0e38797.jpg","landname":"104"},{"id":281474987262057,"level":3,"status":0,"posx":31,"posy":24,"cityid":161,"townid":397,"tokenid":"c73517d411981dfbc8d29d54d1d323cc","tokenurl":"/mcm/api/land?token=c73517d411981dfbc8d29d54d1d323cc","imageurl":"/mcm/images/land/2B/18356_237b461f3545.jpg","landname":"105"},{"id":281474987262058,"level":2,"status":1,"posx":32,"posy":24,"cityid":161,"townid":397,"tokenid":"a79203a919b403445db10e9509635165","tokenurl":"/mcm/api/land?token=a79203a919b403445db10e9509635165","imageurl":"/mcm/images/land/2A/11010_4a04e1b8c94e.jpg","landname":"106"},{"id":281474987262059,"level":1,"status":0,"posx":12,"posy":25,"cityid":161,"townid":397,"tokenid":"35b2a885df761c4f1e7cfe9fda358084","tokenurl":"/mcm/api/land?token=35b2a885df761c4f1e7cfe9fda358084","imageurl":"/mcm/images/land/2S/7344_369d46f0f6f3.jpg","landname":"107"},{"id":281474987262060,"level":2,"status":1,"posx":13,"posy":25,"cityid":161,"townid":397,"tokenid":"e6642d873b08c5dd6d42ad759cf3d820","tokenurl":"/mcm/api/land?token=e6642d873b08c5dd6d42ad759cf3d820","imageurl":"/mcm/images/land/2A/11011_19206987f05e.jpg","landname":"108"},{"id":281474987262061,"level":3,"status":1,"posx":6,"posy":26,"cityid":161,"townid":397,"tokenid":"10115a04e9049560d1b0c5044cf275f0","tokenurl":"/mcm/api/land?token=10115a04e9049560d1b0c5044cf275f0","imageurl":"/mcm/images/land/2B/18357_34d8898652f4.jpg","landname":"109"},{"id":281474987262062,"level":1,"status":1,"posx":7,"posy":26,"cityid":161,"townid":397,"tokenid":"6514755aa28f229a38bf0175791c091f","tokenurl":"/mcm/api/land?token=6514755aa28f229a38bf0175791c091f","imageurl":"/mcm/images/land/2S/7345_22520a68ad08.jpg","landname":"110"},{"id":281474987262063,"level":1,"status":1,"posx":9,"posy":26,"cityid":161,"townid":397,"tokenid":"5cefe117721c6500f2456c575e4cbf13","tokenurl":"/mcm/api/land?token=5cefe117721c6500f2456c575e4cbf13","imageurl":"/mcm/images/land/2S/7346_6210e88322.jpg","landname":"111"},{"id":281474987262064,"level":3,"status":0,"posx":10,"posy":26,"cityid":161,"townid":397,"tokenid":"8feea0a03060a7f93543bf67d47e0285","tokenurl":"/mcm/api/land?token=8feea0a03060a7f93543bf67d47e0285","imageurl":"/mcm/images/land/2B/18358_4f0a4b679d60.jpg","landname":"112"},{"id":281474987262065,"level":2,"status":0,"posx":12,"posy":26,"cityid":161,"townid":397,"tokenid":"4011ba4838bdd9ac209f48aac8e2031b","tokenurl":"/mcm/api/land?token=4011ba4838bdd9ac209f48aac8e2031b","imageurl":"/mcm/images/land/2A/11012_459a15d8ca05.jpg","landname":"113"},{"id":281474987262066,"level":3,"status":1,"posx":13,"posy":26,"cityid":161,"townid":397,"tokenid":"713f799e3c18396adf242738244c6279","tokenurl":"/mcm/api/land?token=713f799e3c18396adf242738244c6279","imageurl":"/mcm/images/land/2B/18359_4ebb3f55765f.jpg","landname":"114"},{"id":281474987262067,"level":2,"status":0,"posx":6,"posy":27,"cityid":161,"townid":397,"tokenid":"b9a96e61b8894f1199e8f9d522375bb4","tokenurl":"/mcm/api/land?token=b9a96e61b8894f1199e8f9d522375bb4","imageurl":"/mcm/images/land/2A/11013_58197a6a1b8a.jpg","landname":"115"},{"id":281474987262068,"level":2,"status":1,"posx":7,"posy":27,"cityid":161,"townid":397,"tokenid":"7ce8bee437f496fa3464211ee777c022","tokenurl":"/mcm/api/land?token=7ce8bee437f496fa3464211ee777c022","imageurl":"/mcm/images/land/2A/11014_48c2e028a137.jpg","landname":"116"},{"id":281474987262069,"level":3,"status":0,"posx":9,"posy":27,"cityid":161,"townid":397,"tokenid":"ee19a9c086608d271726e20e634bc8de","tokenurl":"/mcm/api/land?token=ee19a9c086608d271726e20e634bc8de","imageurl":"/mcm/images/land/2B/18360_41e6df1d5a82.jpg","landname":"117"},{"id":281474987262070,"level":1,"status":0,"posx":10,"posy":27,"cityid":161,"townid":397,"tokenid":"b151fff3a627e6dd5d682ad5891e5846","tokenurl":"/mcm/api/land?token=b151fff3a627e6dd5d682ad5891e5846","imageurl":"/mcm/images/land/2S/7347_105c73a61837.jpg","landname":"118"},{"id":281474987262071,"level":2,"status":1,"posx":23,"posy":27,"cityid":161,"townid":397,"tokenid":"d0fe40f46301129fba151e871dbd985c","tokenurl":"/mcm/api/land?token=d0fe40f46301129fba151e871dbd985c","imageurl":"/mcm/images/land/2A/11015_33b1bd6e0911.jpg","landname":"119"},{"id":281474987262072,"level":3,"status":1,"posx":24,"posy":27,"cityid":161,"townid":397,"tokenid":"2307fa68a2f3ae3b927884579352ac94","tokenurl":"/mcm/api/land?token=2307fa68a2f3ae3b927884579352ac94","imageurl":"/mcm/images/land/2B/18361_38d47a1c445f.jpg","landname":"120"},{"id":281474987262073,"level":2,"status":0,"posx":6,"posy":28,"cityid":161,"townid":397,"tokenid":"d24de257e8d282669b50cd8546596cd7","tokenurl":"/mcm/api/land?token=d24de257e8d282669b50cd8546596cd7","imageurl":"/mcm/images/land/2A/11016_13c30c52f8a4.jpg","landname":"121"},{"id":281474987262074,"level":2,"status":0,"posx":7,"posy":28,"cityid":161,"townid":397,"tokenid":"6d308f9fbacb6443dd05f8c1c9a39d56","tokenurl":"/mcm/api/land?token=6d308f9fbacb6443dd05f8c1c9a39d56","imageurl":"/mcm/images/land/2A/11017_2462ccf46bd7.jpg","landname":"122"},{"id":281474987262075,"level":3,"status":1,"posx":9,"posy":28,"cityid":161,"townid":397,"tokenid":"8a6dfc0c5a123f9746291db881171ea3","tokenurl":"/mcm/api/land?token=8a6dfc0c5a123f9746291db881171ea3","imageurl":"/mcm/images/land/2B/18362_503011c1041d.jpg","landname":"123"},{"id":281474987262076,"level":2,"status":1,"posx":10,"posy":28,"cityid":161,"townid":397,"tokenid":"6bfa8eba953795f0b91ab38f0dcea66a","tokenurl":"/mcm/api/land?token=6bfa8eba953795f0b91ab38f0dcea66a","imageurl":"/mcm/images/land/2A/11018_11abf2f24a50.jpg","landname":"124"},{"id":281474987262077,"level":1,"status":0,"posx":23,"posy":28,"cityid":161,"townid":397,"tokenid":"0e6b155440a7a77af05718142f2d4820","tokenurl":"/mcm/api/land?token=0e6b155440a7a77af05718142f2d4820","imageurl":"/mcm/images/land/2S/7348_4d39d1170a21.jpg","landname":"125"},{"id":281474987262078,"level":2,"status":1,"posx":24,"posy":28,"cityid":161,"townid":397,"tokenid":"2c8b15e8fe82523b1de08ad72c96fb67","tokenurl":"/mcm/api/land?token=2c8b15e8fe82523b1de08ad72c96fb67","imageurl":"/mcm/images/land/2A/11019_2ad952acc2df.jpg","landname":"126"},{"id":281474987262079,"level":2,"status":0,"posx":32,"posy":28,"cityid":161,"townid":397,"tokenid":"07f935ed8f55cf5132bddffd0a51c2cf","tokenurl":"/mcm/api/land?token=07f935ed8f55cf5132bddffd0a51c2cf","imageurl":"/mcm/images/land/2A/11020_9d119c98f78.jpg","landname":"127"},{"id":281474987262080,"level":1,"status":0,"posx":33,"posy":28,"cityid":161,"townid":397,"tokenid":"05353fadf342dca9df2190965d95703e","tokenurl":"/mcm/api/land?token=05353fadf342dca9df2190965d95703e","imageurl":"/mcm/images/land/2S/7349_58f288b3f504.jpg","landname":"128"},{"id":281474987262081,"level":3,"status":1,"posx":6,"posy":29,"cityid":161,"townid":397,"tokenid":"f448f334ac98211b1cbb93293b278985","tokenurl":"/mcm/api/land?token=f448f334ac98211b1cbb93293b278985","imageurl":"/mcm/images/land/2B/18363_475ce5a70f85.jpg","landname":"129"},{"id":281474987262082,"level":2,"status":0,"posx":7,"posy":29,"cityid":161,"townid":397,"tokenid":"91882ff600473e0559a6ef6bb5d15ba2","tokenurl":"/mcm/api/land?token=91882ff600473e0559a6ef6bb5d15ba2","imageurl":"/mcm/images/land/2A/11021_2d9b9a43de1f.jpg","landname":"130"},{"id":281474987262083,"level":3,"status":1,"posx":9,"posy":29,"cityid":161,"townid":397,"tokenid":"6cd73bd3cb49aecfa8ab63aa0ae540a4","tokenurl":"/mcm/api/land?token=6cd73bd3cb49aecfa8ab63aa0ae540a4","imageurl":"/mcm/images/land/2B/18364_1e2cc487f123.jpg","landname":"131"},{"id":281474987262084,"level":3,"status":0,"posx":10,"posy":29,"cityid":161,"townid":397,"tokenid":"27fbda1dd3fea6a2d8fee78aeab6bf8d","tokenurl":"/mcm/api/land?token=27fbda1dd3fea6a2d8fee78aeab6bf8d","imageurl":"/mcm/images/land/2B/18365_36864cb933aa.jpg","landname":"132"},{"id":281474987262085,"level":3,"status":0,"posx":23,"posy":29,"cityid":161,"townid":397,"tokenid":"c8db1aab9e230d8548c4d7292028a427","tokenurl":"/mcm/api/land?token=c8db1aab9e230d8548c4d7292028a427","imageurl":"/mcm/images/land/2B/18366_1110ea155354.jpg","landname":"133"},{"id":281474987262086,"level":2,"status":0,"posx":24,"posy":29,"cityid":161,"townid":397,"tokenid":"dfbc74ee216aa204c7c963c4c111d488","tokenurl":"/mcm/api/land?token=dfbc74ee216aa204c7c963c4c111d488","imageurl":"/mcm/images/land/2A/11022_3a67faaadc25.jpg","landname":"134"},{"id":281474987262087,"level":3,"status":0,"posx":32,"posy":29,"cityid":161,"townid":397,"tokenid":"1db4f0a213610cb55d4ce59ea13fc975","tokenurl":"/mcm/api/land?token=1db4f0a213610cb55d4ce59ea13fc975","imageurl":"/mcm/images/land/2B/18367_1d71aa4e3934.jpg","landname":"135"},{"id":281474987262088,"level":2,"status":0,"posx":33,"posy":29,"cityid":161,"townid":397,"tokenid":"fc73a065c040e1fa01d097aebd75bea1","tokenurl":"/mcm/api/land?token=fc73a065c040e1fa01d097aebd75bea1","imageurl":"/mcm/images/land/2A/11023_17abaf69c25c.jpg","landname":"136"},{"id":281474987262089,"level":1,"status":1,"posx":6,"posy":30,"cityid":161,"townid":397,"tokenid":"522d8261ccfbd1276c3605bdfd780ad2","tokenurl":"/mcm/api/land?token=522d8261ccfbd1276c3605bdfd780ad2","imageurl":"/mcm/images/land/2S/7350_143d0e278661.jpg","landname":"137"},{"id":281474987262090,"level":3,"status":1,"posx":7,"posy":30,"cityid":161,"townid":397,"tokenid":"dd1c2b599330fbcc70263ad87a98388f","tokenurl":"/mcm/api/land?token=dd1c2b599330fbcc70263ad87a98388f","imageurl":"/mcm/images/land/2B/18368_3b69e53c8b05.jpg","landname":"138"},{"id":281474987262091,"level":2,"status":1,"posx":9,"posy":30,"cityid":161,"townid":397,"tokenid":"1efe66ed42e1c7c8488efce3c0cc0fdc","tokenurl":"/mcm/api/land?token=1efe66ed42e1c7c8488efce3c0cc0fdc","imageurl":"/mcm/images/land/2A/11024_4e002318cff8.jpg","landname":"139"},{"id":281474987262092,"level":2,"status":1,"posx":10,"posy":30,"cityid":161,"townid":397,"tokenid":"261a46f4785a225ae56892083b2e0c8e","tokenurl":"/mcm/api/land?token=261a46f4785a225ae56892083b2e0c8e","imageurl":"/mcm/images/land/2A/11025_44e69c32bd65.jpg","landname":"140"},{"id":281474987262093,"level":3,"status":1,"posx":23,"posy":30,"cityid":161,"townid":397,"tokenid":"a04d8cd758ce21e7c4d9371aeccee4ef","tokenurl":"/mcm/api/land?token=a04d8cd758ce21e7c4d9371aeccee4ef","imageurl":"/mcm/images/land/2B/18369_17ea878643.jpg","landname":"141"},{"id":281474987262094,"level":3,"status":1,"posx":24,"posy":30,"cityid":161,"townid":397,"tokenid":"337e1fa226a13f98fac2b3058a007041","tokenurl":"/mcm/api/land?token=337e1fa226a13f98fac2b3058a007041","imageurl":"/mcm/images/land/2B/18370_4d2f42928dec.jpg","landname":"142"},{"id":281474987262095,"level":3,"status":1,"posx":32,"posy":30,"cityid":161,"townid":397,"tokenid":"31f30a8694f64ec9f2db2d7c4303481d","tokenurl":"/mcm/api/land?token=31f30a8694f64ec9f2db2d7c4303481d","imageurl":"/mcm/images/land/2B/18371_3a74e0073c4c.jpg","landname":"143"},{"id":281474987262096,"level":3,"status":0,"posx":33,"posy":30,"cityid":161,"townid":397,"tokenid":"278d9326a3c72d61251652ad71edb574","tokenurl":"/mcm/api/land?token=278d9326a3c72d61251652ad71edb574","imageurl":"/mcm/images/land/2B/18372_1bae749eabfd.jpg","landname":"144"},{"id":281474987262097,"level":3,"status":0,"posx":23,"posy":31,"cityid":161,"townid":397,"tokenid":"b17189018b0c76a1962e21e22f3f801f","tokenurl":"/mcm/api/land?token=b17189018b0c76a1962e21e22f3f801f","imageurl":"/mcm/images/land/2B/18373_2ad9ae90ebd3.jpg","landname":"145"},{"id":281474987262098,"level":2,"status":0,"posx":24,"posy":31,"cityid":161,"townid":397,"tokenid":"437bf92a86a323f31fe53c0602803218","tokenurl":"/mcm/api/land?token=437bf92a86a323f31fe53c0602803218","imageurl":"/mcm/images/land/2A/11026_1ff28bdcba25.jpg","landname":"146"},{"id":281474987262099,"level":3,"status":1,"posx":32,"posy":31,"cityid":161,"townid":397,"tokenid":"125e14ed0150a7f1b70bd36f55f81785","tokenurl":"/mcm/api/land?token=125e14ed0150a7f1b70bd36f55f81785","imageurl":"/mcm/images/land/2B/18374_575de016bfc3.jpg","landname":"147"},{"id":281474987262100,"level":3,"status":1,"posx":33,"posy":31,"cityid":161,"townid":397,"tokenid":"e0397b4c9bf09986c2c47f1bd6f022d2","tokenurl":"/mcm/api/land?token=e0397b4c9bf09986c2c47f1bd6f022d2","imageurl":"/mcm/images/land/2B/18375_4772456411dd.jpg","landname":"148"},{"id":281474987262101,"level":3,"status":0,"posx":32,"posy":32,"cityid":161,"townid":397,"tokenid":"9a21dc4bca34cde37dbd2e086a32296f","tokenurl":"/mcm/api/land?token=9a21dc4bca34cde37dbd2e086a32296f","imageurl":"/mcm/images/land/2B/18376_5a2e54f4c44e.jpg","landname":"149"},{"id":281474987262102,"level":1,"status":0,"posx":33,"posy":32,"cityid":161,"townid":397,"tokenid":"aa05a9f1882f120cf5300cdee3e24b72","tokenurl":"/mcm/api/land?token=aa05a9f1882f120cf5300cdee3e24b72","imageurl":"/mcm/images/land/2S/7351_1de3e74574d0.jpg","landname":"150"}]]],0,0,[],[],[]]
