[1,0,0,[["cc.JsonAsset",["_name","json"],1]],[[0,0,1,3]],[[0,"673",[{"id":281474996305921,"level":2,"status":1,"posx":32,"posy":5,"cityid":299,"townid":673,"tokenid":"f797611cc4e21d518b61d1b20395b81c","tokenurl":"/mcm/api/land?token=f797611cc4e21d518b61d1b20395b81c","imageurl":"/mcm/images/land/2A/5042_25809fd7f3e0.jpg","landname":"1"},{"id":281474996305922,"level":3,"status":1,"posx":33,"posy":5,"cityid":299,"townid":673,"tokenid":"dff8ea242beb8a567911b76af26a2102","tokenurl":"/mcm/api/land?token=dff8ea242beb8a567911b76af26a2102","imageurl":"/mcm/images/land/2B/8402_28b8fb5f0b3f.jpg","landname":"2"},{"id":281474996305923,"level":2,"status":1,"posx":5,"posy":6,"cityid":299,"townid":673,"tokenid":"34d0ff7dc570109088abd10f01c1c59d","tokenurl":"/mcm/api/land?token=34d0ff7dc570109088abd10f01c1c59d","imageurl":"/mcm/images/land/2A/5043_42463326a95c.jpg","landname":"3"},{"id":281474996305924,"level":2,"status":0,"posx":6,"posy":6,"cityid":299,"townid":673,"tokenid":"4697e681eda306336a7af149fae5b3bb","tokenurl":"/mcm/api/land?token=4697e681eda306336a7af149fae5b3bb","imageurl":"/mcm/images/land/2A/5044_ae7e4878c87.jpg","landname":"4"},{"id":281474996305925,"level":2,"status":1,"posx":21,"posy":6,"cityid":299,"townid":673,"tokenid":"4407b657a0e98f71095637b9753b5dd9","tokenurl":"/mcm/api/land?token=4407b657a0e98f71095637b9753b5dd9","imageurl":"/mcm/images/land/2A/5045_5a9f444bf0ba.jpg","landname":"5"},{"id":281474996305926,"level":2,"status":1,"posx":22,"posy":6,"cityid":299,"townid":673,"tokenid":"3b1a5b076940373d8b19601a544d5be8","tokenurl":"/mcm/api/land?token=3b1a5b076940373d8b19601a544d5be8","imageurl":"/mcm/images/land/2A/5046_e4c9dd285ea.jpg","landname":"6"},{"id":281474996305927,"level":3,"status":1,"posx":23,"posy":6,"cityid":299,"townid":673,"tokenid":"49d8119eeab099a42befd89616d1a488","tokenurl":"/mcm/api/land?token=49d8119eeab099a42befd89616d1a488","imageurl":"/mcm/images/land/2B/8403_4b5a936ee173.jpg","landname":"7"},{"id":281474996305928,"level":3,"status":0,"posx":24,"posy":6,"cityid":299,"townid":673,"tokenid":"b14ce79edea2336949775be4f79e02b0","tokenurl":"/mcm/api/land?token=b14ce79edea2336949775be4f79e02b0","imageurl":"/mcm/images/land/2B/8404_41d10dabb5d0.jpg","landname":"8"},{"id":281474996305929,"level":2,"status":1,"posx":25,"posy":6,"cityid":299,"townid":673,"tokenid":"00fea2f86a5cf067314d6402d170ded2","tokenurl":"/mcm/api/land?token=00fea2f86a5cf067314d6402d170ded2","imageurl":"/mcm/images/land/2A/5047_4f9c4ee9076d.jpg","landname":"9"},{"id":281474996305930,"level":2,"status":1,"posx":32,"posy":6,"cityid":299,"townid":673,"tokenid":"f9a491a0a2af9197c05b40dd711bf00a","tokenurl":"/mcm/api/land?token=f9a491a0a2af9197c05b40dd711bf00a","imageurl":"/mcm/images/land/2A/5048_3fa66d17b4e9.jpg","landname":"10"},{"id":281474996305931,"level":1,"status":0,"posx":33,"posy":6,"cityid":299,"townid":673,"tokenid":"fafa7912202418c75a6f37a57d79c893","tokenurl":"/mcm/api/land?token=fafa7912202418c75a6f37a57d79c893","imageurl":"/mcm/images/land/2S/3362_3b24481744ee.jpg","landname":"11"},{"id":281474996305932,"level":3,"status":0,"posx":5,"posy":7,"cityid":299,"townid":673,"tokenid":"8ccbf1ca41bceac884f5f485df518ce3","tokenurl":"/mcm/api/land?token=8ccbf1ca41bceac884f5f485df518ce3","imageurl":"/mcm/images/land/2B/8405_4a97bec8ad07.jpg","landname":"12"},{"id":281474996305933,"level":3,"status":1,"posx":6,"posy":7,"cityid":299,"townid":673,"tokenid":"76fb118a6f130a7f33e423aa6018e04d","tokenurl":"/mcm/api/land?token=76fb118a6f130a7f33e423aa6018e04d","imageurl":"/mcm/images/land/2B/8406_3ff651490400.jpg","landname":"13"},{"id":281474996305934,"level":3,"status":1,"posx":21,"posy":7,"cityid":299,"townid":673,"tokenid":"25c932c4ad14f0ed4f7b846d12277855","tokenurl":"/mcm/api/land?token=25c932c4ad14f0ed4f7b846d12277855","imageurl":"/mcm/images/land/2B/8407_1746fa9744d.jpg","landname":"14"},{"id":281474996305935,"level":1,"status":1,"posx":22,"posy":7,"cityid":299,"townid":673,"tokenid":"c87c2586013fe8405cee32e280a50acb","tokenurl":"/mcm/api/land?token=c87c2586013fe8405cee32e280a50acb","imageurl":"/mcm/images/land/2S/3363_115478e5e482.jpg","landname":"15"},{"id":281474996305936,"level":1,"status":0,"posx":23,"posy":7,"cityid":299,"townid":673,"tokenid":"8726a3f7c600f81e58ac055d7557555c","tokenurl":"/mcm/api/land?token=8726a3f7c600f81e58ac055d7557555c","imageurl":"/mcm/images/land/2S/3364_4689381767f6.jpg","landname":"16"},{"id":281474996305937,"level":2,"status":1,"posx":24,"posy":7,"cityid":299,"townid":673,"tokenid":"d76b378997cd83e33b6bf9ff5fddf18d","tokenurl":"/mcm/api/land?token=d76b378997cd83e33b6bf9ff5fddf18d","imageurl":"/mcm/images/land/2A/5049_4c3fca003601.jpg","landname":"17"},{"id":281474996305938,"level":3,"status":0,"posx":25,"posy":7,"cityid":299,"townid":673,"tokenid":"235c4017b2ee2ae3a22c58c93f502c4d","tokenurl":"/mcm/api/land?token=235c4017b2ee2ae3a22c58c93f502c4d","imageurl":"/mcm/images/land/2B/8408_8f4bc032d.jpg","landname":"18"},{"id":281474996305939,"level":3,"status":1,"posx":32,"posy":7,"cityid":299,"townid":673,"tokenid":"ea906b5a973e1d1a888c6624ecfc810a","tokenurl":"/mcm/api/land?token=ea906b5a973e1d1a888c6624ecfc810a","imageurl":"/mcm/images/land/2B/8409_37b24e59c9a4.jpg","landname":"19"},{"id":281474996305940,"level":2,"status":1,"posx":33,"posy":7,"cityid":299,"townid":673,"tokenid":"332bf18ad7146802eed3b5681bd0f018","tokenurl":"/mcm/api/land?token=332bf18ad7146802eed3b5681bd0f018","imageurl":"/mcm/images/land/2A/5050_389383acb134.jpg","landname":"20"},{"id":281474996305941,"level":2,"status":0,"posx":5,"posy":8,"cityid":299,"townid":673,"tokenid":"0784d95d5f47899766f69d6b84832497","tokenurl":"/mcm/api/land?token=0784d95d5f47899766f69d6b84832497","imageurl":"/mcm/images/land/2A/5051_36d207b5b0db.jpg","landname":"21"},{"id":281474996305942,"level":3,"status":1,"posx":6,"posy":8,"cityid":299,"townid":673,"tokenid":"1176419ccf7ab67ce237068f69ad21c2","tokenurl":"/mcm/api/land?token=1176419ccf7ab67ce237068f69ad21c2","imageurl":"/mcm/images/land/2B/8410_52863cbc49e6.jpg","landname":"22"},{"id":281474996305943,"level":3,"status":0,"posx":32,"posy":8,"cityid":299,"townid":673,"tokenid":"d6dccf66df97dbe58f8c2218689cd39a","tokenurl":"/mcm/api/land?token=d6dccf66df97dbe58f8c2218689cd39a","imageurl":"/mcm/images/land/2B/8411_57c6706383b9.jpg","landname":"23"},{"id":281474996305944,"level":3,"status":0,"posx":33,"posy":8,"cityid":299,"townid":673,"tokenid":"e91cac90339a9143d1ab4ae55ab325ce","tokenurl":"/mcm/api/land?token=e91cac90339a9143d1ab4ae55ab325ce","imageurl":"/mcm/images/land/2B/8412_42bc66c9c9f8.jpg","landname":"24"},{"id":281474996305945,"level":3,"status":0,"posx":5,"posy":9,"cityid":299,"townid":673,"tokenid":"cf24eaf35f5dc2c82b36a7e661cbd932","tokenurl":"/mcm/api/land?token=cf24eaf35f5dc2c82b36a7e661cbd932","imageurl":"/mcm/images/land/2B/8413_450d10002985.jpg","landname":"25"},{"id":281474996305946,"level":2,"status":0,"posx":6,"posy":9,"cityid":299,"townid":673,"tokenid":"81765c09a70b1e912ddd198825cf95a7","tokenurl":"/mcm/api/land?token=81765c09a70b1e912ddd198825cf95a7","imageurl":"/mcm/images/land/2A/5052_1f0a08ef2de7.jpg","landname":"26"},{"id":281474996305947,"level":2,"status":0,"posx":32,"posy":9,"cityid":299,"townid":673,"tokenid":"60b32cda5da4ebc942efac94cf99968e","tokenurl":"/mcm/api/land?token=60b32cda5da4ebc942efac94cf99968e","imageurl":"/mcm/images/land/2A/5053_57eacf086c8e.jpg","landname":"27"},{"id":281474996305948,"level":3,"status":1,"posx":33,"posy":9,"cityid":299,"townid":673,"tokenid":"7dbe59fc9eb6beb12f56fd17213628e2","tokenurl":"/mcm/api/land?token=7dbe59fc9eb6beb12f56fd17213628e2","imageurl":"/mcm/images/land/2B/8414_83268e0ad87.jpg","landname":"28"},{"id":281474996305949,"level":3,"status":1,"posx":5,"posy":10,"cityid":299,"townid":673,"tokenid":"bfed430e44573626346e76deac6e149e","tokenurl":"/mcm/api/land?token=bfed430e44573626346e76deac6e149e","imageurl":"/mcm/images/land/2B/8415_11eb0b11a465.jpg","landname":"29"},{"id":281474996305950,"level":3,"status":1,"posx":6,"posy":10,"cityid":299,"townid":673,"tokenid":"5d52aa6dfc1058a41a5dd4725f3acb29","tokenurl":"/mcm/api/land?token=5d52aa6dfc1058a41a5dd4725f3acb29","imageurl":"/mcm/images/land/2B/8416_270f8995ce0c.jpg","landname":"30"},{"id":281474996305951,"level":1,"status":0,"posx":8,"posy":10,"cityid":299,"townid":673,"tokenid":"a43be299d73a197e45254a562a9a0527","tokenurl":"/mcm/api/land?token=a43be299d73a197e45254a562a9a0527","imageurl":"/mcm/images/land/2S/3365_49bfece8cd15.jpg","landname":"31"},{"id":281474996305952,"level":3,"status":0,"posx":9,"posy":10,"cityid":299,"townid":673,"tokenid":"1fb6a6ec96517cc2f0df2f46422d996b","tokenurl":"/mcm/api/land?token=1fb6a6ec96517cc2f0df2f46422d996b","imageurl":"/mcm/images/land/2B/8417_25adc284d85c.jpg","landname":"32"},{"id":281474996305953,"level":1,"status":1,"posx":23,"posy":10,"cityid":299,"townid":673,"tokenid":"7708b238bb51d77676a60df4ed302f95","tokenurl":"/mcm/api/land?token=7708b238bb51d77676a60df4ed302f95","imageurl":"/mcm/images/land/2S/3366_1355b4ed93d9.jpg","landname":"33"},{"id":281474996305954,"level":1,"status":1,"posx":24,"posy":10,"cityid":299,"townid":673,"tokenid":"91d3936a3b327fb907ab872c384dd675","tokenurl":"/mcm/api/land?token=91d3936a3b327fb907ab872c384dd675","imageurl":"/mcm/images/land/2S/3367_ead0cde09ef.jpg","landname":"34"},{"id":281474996305955,"level":3,"status":1,"posx":8,"posy":11,"cityid":299,"townid":673,"tokenid":"f7346ac4cac6f5b481ae679374f398d0","tokenurl":"/mcm/api/land?token=f7346ac4cac6f5b481ae679374f398d0","imageurl":"/mcm/images/land/2B/8418_164baa3e6c0e.jpg","landname":"35"},{"id":281474996305956,"level":3,"status":0,"posx":9,"posy":11,"cityid":299,"townid":673,"tokenid":"ee64cc26268533cbf0eb8fc948edede9","tokenurl":"/mcm/api/land?token=ee64cc26268533cbf0eb8fc948edede9","imageurl":"/mcm/images/land/2B/8419_35dfa0ff842d.jpg","landname":"36"},{"id":281474996305957,"level":3,"status":1,"posx":23,"posy":11,"cityid":299,"townid":673,"tokenid":"d40e34ec1aa54bacf5f485ea223922ff","tokenurl":"/mcm/api/land?token=d40e34ec1aa54bacf5f485ea223922ff","imageurl":"/mcm/images/land/2B/8420_58dcf25ab9a5.jpg","landname":"37"},{"id":281474996305958,"level":2,"status":0,"posx":24,"posy":11,"cityid":299,"townid":673,"tokenid":"c837fd5b619405e01b0608797d808cd7","tokenurl":"/mcm/api/land?token=c837fd5b619405e01b0608797d808cd7","imageurl":"/mcm/images/land/2A/5054_1c5dbd412ccb.jpg","landname":"38"},{"id":281474996305959,"level":2,"status":1,"posx":8,"posy":12,"cityid":299,"townid":673,"tokenid":"90f262c85e6dc75c6afe1deb9d00b732","tokenurl":"/mcm/api/land?token=90f262c85e6dc75c6afe1deb9d00b732","imageurl":"/mcm/images/land/2A/5055_46f95f184ea3.jpg","landname":"39"},{"id":281474996305960,"level":3,"status":0,"posx":9,"posy":12,"cityid":299,"townid":673,"tokenid":"3cccc5b2e94f477881757ee43ca42112","tokenurl":"/mcm/api/land?token=3cccc5b2e94f477881757ee43ca42112","imageurl":"/mcm/images/land/2B/8421_1388b23df7af.jpg","landname":"40"},{"id":281474996305961,"level":3,"status":1,"posx":23,"posy":12,"cityid":299,"townid":673,"tokenid":"e93b9aa3b6db344459c6b713baf94376","tokenurl":"/mcm/api/land?token=e93b9aa3b6db344459c6b713baf94376","imageurl":"/mcm/images/land/2B/8422_1d861174a98c.jpg","landname":"41"},{"id":281474996305962,"level":1,"status":0,"posx":24,"posy":12,"cityid":299,"townid":673,"tokenid":"e0afdfcfa3deca7433d8d9d58a4651ef","tokenurl":"/mcm/api/land?token=e0afdfcfa3deca7433d8d9d58a4651ef","imageurl":"/mcm/images/land/2S/3368_1c462cd054f3.jpg","landname":"42"},{"id":281474996305963,"level":3,"status":1,"posx":32,"posy":12,"cityid":299,"townid":673,"tokenid":"4d53a9103a72db86fe459cc1ed5643fc","tokenurl":"/mcm/api/land?token=4d53a9103a72db86fe459cc1ed5643fc","imageurl":"/mcm/images/land/2B/8423_38be8f1a2d4e.jpg","landname":"43"},{"id":281474996305964,"level":1,"status":0,"posx":33,"posy":12,"cityid":299,"townid":673,"tokenid":"5d5257dc03a597e0beab45ffff40b68d","tokenurl":"/mcm/api/land?token=5d5257dc03a597e0beab45ffff40b68d","imageurl":"/mcm/images/land/2S/3369_1d4b2a69fdf8.jpg","landname":"44"},{"id":281474996305965,"level":1,"status":0,"posx":8,"posy":13,"cityid":299,"townid":673,"tokenid":"bd4b818a7cdf1b67f47613c0e0ebd38b","tokenurl":"/mcm/api/land?token=bd4b818a7cdf1b67f47613c0e0ebd38b","imageurl":"/mcm/images/land/2S/3370_54888bee732b.jpg","landname":"45"},{"id":281474996305966,"level":3,"status":1,"posx":9,"posy":13,"cityid":299,"townid":673,"tokenid":"c45f6f3d25fa091fe0c442e1165a014c","tokenurl":"/mcm/api/land?token=c45f6f3d25fa091fe0c442e1165a014c","imageurl":"/mcm/images/land/2B/8424_27f1cbfb7441.jpg","landname":"46"},{"id":281474996305967,"level":1,"status":0,"posx":23,"posy":13,"cityid":299,"townid":673,"tokenid":"49eeee7d7ccd7236f86d6b2688a95b6c","tokenurl":"/mcm/api/land?token=49eeee7d7ccd7236f86d6b2688a95b6c","imageurl":"/mcm/images/land/2S/3371_4345bd94448f.jpg","landname":"47"},{"id":281474996305968,"level":3,"status":1,"posx":24,"posy":13,"cityid":299,"townid":673,"tokenid":"7c1594eaaa5b8093adb9e4263ba70d2a","tokenurl":"/mcm/api/land?token=7c1594eaaa5b8093adb9e4263ba70d2a","imageurl":"/mcm/images/land/2B/8425_3d60490a23d7.jpg","landname":"48"},{"id":281474996305969,"level":2,"status":0,"posx":32,"posy":13,"cityid":299,"townid":673,"tokenid":"4d67dd93920f0d805c6d232ed47d75e3","tokenurl":"/mcm/api/land?token=4d67dd93920f0d805c6d232ed47d75e3","imageurl":"/mcm/images/land/2A/5056_566a59f1d917.jpg","landname":"49"},{"id":281474996305970,"level":3,"status":0,"posx":33,"posy":13,"cityid":299,"townid":673,"tokenid":"d4c1e97bbf11721c18d9333a3552de4e","tokenurl":"/mcm/api/land?token=d4c1e97bbf11721c18d9333a3552de4e","imageurl":"/mcm/images/land/2B/8426_c5239aa348a.jpg","landname":"50"},{"id":281474996305971,"level":2,"status":1,"posx":8,"posy":14,"cityid":299,"townid":673,"tokenid":"c55acc85b6c7177dfda58084c136b159","tokenurl":"/mcm/api/land?token=c55acc85b6c7177dfda58084c136b159","imageurl":"/mcm/images/land/2A/5057_2ac4c7f863f0.jpg","landname":"51"},{"id":281474996305972,"level":3,"status":0,"posx":9,"posy":14,"cityid":299,"townid":673,"tokenid":"6982924c020b22f3660b51a2e77ba000","tokenurl":"/mcm/api/land?token=6982924c020b22f3660b51a2e77ba000","imageurl":"/mcm/images/land/2B/8427_e4b2f7451b7.jpg","landname":"52"},{"id":281474996305973,"level":2,"status":1,"posx":23,"posy":14,"cityid":299,"townid":673,"tokenid":"6f7f74df95c9d71e3ed897df64905d0b","tokenurl":"/mcm/api/land?token=6f7f74df95c9d71e3ed897df64905d0b","imageurl":"/mcm/images/land/2A/5058_23bfeadd13a.jpg","landname":"53"},{"id":281474996305974,"level":1,"status":1,"posx":24,"posy":14,"cityid":299,"townid":673,"tokenid":"e6dcb476e913682927bf2953f945bf49","tokenurl":"/mcm/api/land?token=e6dcb476e913682927bf2953f945bf49","imageurl":"/mcm/images/land/2S/3372_5702bec4f3f1.jpg","landname":"54"},{"id":281474996305975,"level":1,"status":1,"posx":32,"posy":14,"cityid":299,"townid":673,"tokenid":"38bf389e2c5552d7cbe722037c79550e","tokenurl":"/mcm/api/land?token=38bf389e2c5552d7cbe722037c79550e","imageurl":"/mcm/images/land/2S/3373_355dd9518b98.jpg","landname":"55"},{"id":281474996305976,"level":1,"status":1,"posx":33,"posy":14,"cityid":299,"townid":673,"tokenid":"245973e566e96df0f09fac1683a03003","tokenurl":"/mcm/api/land?token=245973e566e96df0f09fac1683a03003","imageurl":"/mcm/images/land/2S/3374_29838c123ce9.jpg","landname":"56"},{"id":281474996305977,"level":2,"status":0,"posx":32,"posy":15,"cityid":299,"townid":673,"tokenid":"dea6c78ae22174938990f36562583633","tokenurl":"/mcm/api/land?token=dea6c78ae22174938990f36562583633","imageurl":"/mcm/images/land/2A/5059_40f4f96b91d9.jpg","landname":"57"},{"id":281474996305978,"level":3,"status":0,"posx":33,"posy":15,"cityid":299,"townid":673,"tokenid":"13475baab921bfc30301c6edc841d328","tokenurl":"/mcm/api/land?token=13475baab921bfc30301c6edc841d328","imageurl":"/mcm/images/land/2B/8428_494be9cbd247.jpg","landname":"58"},{"id":281474996305979,"level":3,"status":1,"posx":8,"posy":16,"cityid":299,"townid":673,"tokenid":"ac190ef84d04964514c67cac046fe1a2","tokenurl":"/mcm/api/land?token=ac190ef84d04964514c67cac046fe1a2","imageurl":"/mcm/images/land/2B/8429_2b2aaf3864bb.jpg","landname":"59"},{"id":281474996305980,"level":3,"status":1,"posx":9,"posy":16,"cityid":299,"townid":673,"tokenid":"5ec0c632176ed336a8d5527bdefb1ac9","tokenurl":"/mcm/api/land?token=5ec0c632176ed336a8d5527bdefb1ac9","imageurl":"/mcm/images/land/2B/8430_3584c2a1b913.jpg","landname":"60"},{"id":281474996305981,"level":2,"status":0,"posx":32,"posy":16,"cityid":299,"townid":673,"tokenid":"295fa36cd704ef79d4d917327ee8e294","tokenurl":"/mcm/api/land?token=295fa36cd704ef79d4d917327ee8e294","imageurl":"/mcm/images/land/2A/5060_327a47a1f4e4.jpg","landname":"61"},{"id":281474996305982,"level":2,"status":0,"posx":33,"posy":16,"cityid":299,"townid":673,"tokenid":"78e2a63ef42541024e4d2e71daf75da3","tokenurl":"/mcm/api/land?token=78e2a63ef42541024e4d2e71daf75da3","imageurl":"/mcm/images/land/2A/5061_470b48712c61.jpg","landname":"62"},{"id":281474996305983,"level":3,"status":1,"posx":8,"posy":17,"cityid":299,"townid":673,"tokenid":"4aa30c7f96bc5073474877f86f697e7b","tokenurl":"/mcm/api/land?token=4aa30c7f96bc5073474877f86f697e7b","imageurl":"/mcm/images/land/2B/8431_3962ebd419c2.jpg","landname":"63"},{"id":281474996305984,"level":3,"status":0,"posx":9,"posy":17,"cityid":299,"townid":673,"tokenid":"d2225726287127dcb87c904ae760a9f0","tokenurl":"/mcm/api/land?token=d2225726287127dcb87c904ae760a9f0","imageurl":"/mcm/images/land/2B/8432_51245effe98.jpg","landname":"64"},{"id":281474996305985,"level":3,"status":0,"posx":8,"posy":18,"cityid":299,"townid":673,"tokenid":"7a322356b5d4d467a9f6bd12c8f1572b","tokenurl":"/mcm/api/land?token=7a322356b5d4d467a9f6bd12c8f1572b","imageurl":"/mcm/images/land/2B/8433_50566c364848.jpg","landname":"65"},{"id":281474996305986,"level":2,"status":0,"posx":9,"posy":18,"cityid":299,"townid":673,"tokenid":"06c3becf4d5065cca840d6d9ed077cfa","tokenurl":"/mcm/api/land?token=06c3becf4d5065cca840d6d9ed077cfa","imageurl":"/mcm/images/land/2A/5062_3097f808a282.jpg","landname":"66"},{"id":281474996305987,"level":1,"status":1,"posx":20,"posy":18,"cityid":299,"townid":673,"tokenid":"d0280604e3cb6048f73cab0cf27c4b3e","tokenurl":"/mcm/api/land?token=d0280604e3cb6048f73cab0cf27c4b3e","imageurl":"/mcm/images/land/2S/3375_39bcf8ce4178.jpg","landname":"67"},{"id":281474996305988,"level":2,"status":0,"posx":21,"posy":18,"cityid":299,"townid":673,"tokenid":"30393d9533e438a969684a969b2b6002","tokenurl":"/mcm/api/land?token=30393d9533e438a969684a969b2b6002","imageurl":"/mcm/images/land/2A/5063_5402ae568f68.jpg","landname":"68"},{"id":281474996305989,"level":2,"status":0,"posx":25,"posy":18,"cityid":299,"townid":673,"tokenid":"94b2a9f31955584658da026901dd93d9","tokenurl":"/mcm/api/land?token=94b2a9f31955584658da026901dd93d9","imageurl":"/mcm/images/land/2A/5064_596069985a72.jpg","landname":"69"},{"id":281474996305990,"level":3,"status":1,"posx":26,"posy":18,"cityid":299,"townid":673,"tokenid":"44b1c24ad120504e4cee130ec71c7047","tokenurl":"/mcm/api/land?token=44b1c24ad120504e4cee130ec71c7047","imageurl":"/mcm/images/land/2B/8434_172a3c10e33a.jpg","landname":"70"},{"id":281474996305991,"level":2,"status":1,"posx":8,"posy":19,"cityid":299,"townid":673,"tokenid":"1e6991aad7fbe4d318ed31b34369ed2b","tokenurl":"/mcm/api/land?token=1e6991aad7fbe4d318ed31b34369ed2b","imageurl":"/mcm/images/land/2A/5065_350fc185701a.jpg","landname":"71"},{"id":281474996305992,"level":3,"status":0,"posx":9,"posy":19,"cityid":299,"townid":673,"tokenid":"a0c38856a939493bbb01919a82c89853","tokenurl":"/mcm/api/land?token=a0c38856a939493bbb01919a82c89853","imageurl":"/mcm/images/land/2B/8435_31d5a74f9376.jpg","landname":"72"},{"id":281474996305993,"level":3,"status":0,"posx":20,"posy":19,"cityid":299,"townid":673,"tokenid":"f20a65fee80c9f2e2690c1730bfcaf0d","tokenurl":"/mcm/api/land?token=f20a65fee80c9f2e2690c1730bfcaf0d","imageurl":"/mcm/images/land/2B/8436_2e9612eff7e5.jpg","landname":"73"},{"id":281474996305994,"level":3,"status":1,"posx":21,"posy":19,"cityid":299,"townid":673,"tokenid":"6d3e1391ac1ac122f5bad95d75af5887","tokenurl":"/mcm/api/land?token=6d3e1391ac1ac122f5bad95d75af5887","imageurl":"/mcm/images/land/2B/8437_3337fe4414f4.jpg","landname":"74"},{"id":281474996305995,"level":1,"status":0,"posx":25,"posy":19,"cityid":299,"townid":673,"tokenid":"c752d23f1d53bb347990d0eba971e64f","tokenurl":"/mcm/api/land?token=c752d23f1d53bb347990d0eba971e64f","imageurl":"/mcm/images/land/2S/3376_27acf328b1a.jpg","landname":"75"},{"id":281474996305996,"level":3,"status":1,"posx":26,"posy":19,"cityid":299,"townid":673,"tokenid":"4580ee7a09244b1c58e9f64570ebb869","tokenurl":"/mcm/api/land?token=4580ee7a09244b1c58e9f64570ebb869","imageurl":"/mcm/images/land/2B/8438_8aadfae00f7.jpg","landname":"76"},{"id":281474996305997,"level":3,"status":0,"posx":8,"posy":20,"cityid":299,"townid":673,"tokenid":"b690dd4a9a2f74973c93083e84aa58bd","tokenurl":"/mcm/api/land?token=b690dd4a9a2f74973c93083e84aa58bd","imageurl":"/mcm/images/land/2B/8439_1c18fb487e9.jpg","landname":"77"},{"id":281474996305998,"level":1,"status":1,"posx":9,"posy":20,"cityid":299,"townid":673,"tokenid":"1978fd4270e3340a6c11e37b69f2b604","tokenurl":"/mcm/api/land?token=1978fd4270e3340a6c11e37b69f2b604","imageurl":"/mcm/images/land/2S/3377_3d767bc9611d.jpg","landname":"78"},{"id":281474996305999,"level":3,"status":0,"posx":20,"posy":20,"cityid":299,"townid":673,"tokenid":"c8a52ab5f66302584ff144f4443ceb05","tokenurl":"/mcm/api/land?token=c8a52ab5f66302584ff144f4443ceb05","imageurl":"/mcm/images/land/2B/8440_1399c728fd3e.jpg","landname":"79"},{"id":281474996306000,"level":3,"status":0,"posx":21,"posy":20,"cityid":299,"townid":673,"tokenid":"d92608164824396cc7be1b38f1baf7c5","tokenurl":"/mcm/api/land?token=d92608164824396cc7be1b38f1baf7c5","imageurl":"/mcm/images/land/2B/8441_a8334634c22.jpg","landname":"80"},{"id":281474996306001,"level":3,"status":0,"posx":25,"posy":20,"cityid":299,"townid":673,"tokenid":"ea1263951c5da597d52163b0122a8a40","tokenurl":"/mcm/api/land?token=ea1263951c5da597d52163b0122a8a40","imageurl":"/mcm/images/land/2B/8442_2e7c512c091.jpg","landname":"81"},{"id":281474996306002,"level":3,"status":1,"posx":26,"posy":20,"cityid":299,"townid":673,"tokenid":"533f6c31970d0a61fb1a27e8e9d1eea5","tokenurl":"/mcm/api/land?token=533f6c31970d0a61fb1a27e8e9d1eea5","imageurl":"/mcm/images/land/2B/8443_23f42230e913.jpg","landname":"82"},{"id":281474996306003,"level":3,"status":1,"posx":31,"posy":20,"cityid":299,"townid":673,"tokenid":"601c7b3c6a88e4a12a5c1000f4c9c997","tokenurl":"/mcm/api/land?token=601c7b3c6a88e4a12a5c1000f4c9c997","imageurl":"/mcm/images/land/2B/8444_4870416461ba.jpg","landname":"83"},{"id":281474996306004,"level":2,"status":1,"posx":32,"posy":20,"cityid":299,"townid":673,"tokenid":"7ffe31d60f180862f3078671a0291866","tokenurl":"/mcm/api/land?token=7ffe31d60f180862f3078671a0291866","imageurl":"/mcm/images/land/2A/5066_33f0e6d24c30.jpg","landname":"84"},{"id":281474996306005,"level":2,"status":0,"posx":20,"posy":21,"cityid":299,"townid":673,"tokenid":"0a3b7d4d09146765092f74c0fc3f41e9","tokenurl":"/mcm/api/land?token=0a3b7d4d09146765092f74c0fc3f41e9","imageurl":"/mcm/images/land/2A/5067_1e010af96494.jpg","landname":"85"},{"id":281474996306006,"level":1,"status":0,"posx":21,"posy":21,"cityid":299,"townid":673,"tokenid":"7cbecb88dd110ca9fa3d5f647ec59f71","tokenurl":"/mcm/api/land?token=7cbecb88dd110ca9fa3d5f647ec59f71","imageurl":"/mcm/images/land/2S/3378_44a5ec840fb9.jpg","landname":"86"},{"id":281474996306007,"level":3,"status":0,"posx":25,"posy":21,"cityid":299,"townid":673,"tokenid":"2b3222944f1cf702858f43602c0bd8f8","tokenurl":"/mcm/api/land?token=2b3222944f1cf702858f43602c0bd8f8","imageurl":"/mcm/images/land/2B/8445_2cb4eeedb71c.jpg","landname":"87"},{"id":281474996306008,"level":2,"status":0,"posx":26,"posy":21,"cityid":299,"townid":673,"tokenid":"df10962822ca0566281b597895a82937","tokenurl":"/mcm/api/land?token=df10962822ca0566281b597895a82937","imageurl":"/mcm/images/land/2A/5068_475462018034.jpg","landname":"88"},{"id":281474996306009,"level":3,"status":0,"posx":31,"posy":21,"cityid":299,"townid":673,"tokenid":"e7b092a7976275209c6698cf1ada3b1d","tokenurl":"/mcm/api/land?token=e7b092a7976275209c6698cf1ada3b1d","imageurl":"/mcm/images/land/2B/8446_24ae662f3c03.jpg","landname":"89"},{"id":281474996306010,"level":2,"status":0,"posx":32,"posy":21,"cityid":299,"townid":673,"tokenid":"f6e29f896db977ea89968c13e420d42f","tokenurl":"/mcm/api/land?token=f6e29f896db977ea89968c13e420d42f","imageurl":"/mcm/images/land/2A/5069_1c45d686f621.jpg","landname":"90"},{"id":281474996306011,"level":3,"status":1,"posx":12,"posy":22,"cityid":299,"townid":673,"tokenid":"7e1672a1918f90ac6d721fd6c9277e94","tokenurl":"/mcm/api/land?token=7e1672a1918f90ac6d721fd6c9277e94","imageurl":"/mcm/images/land/2B/8447_5a891a43a1a3.jpg","landname":"91"},{"id":281474996306012,"level":1,"status":1,"posx":13,"posy":22,"cityid":299,"townid":673,"tokenid":"2aaf3a3ab4cc83f4262008ced7d10860","tokenurl":"/mcm/api/land?token=2aaf3a3ab4cc83f4262008ced7d10860","imageurl":"/mcm/images/land/2S/3379_48610845974c.jpg","landname":"92"},{"id":281474996306013,"level":3,"status":0,"posx":20,"posy":22,"cityid":299,"townid":673,"tokenid":"2d0ef218bbfa2953d8dc5a3d5df53bf0","tokenurl":"/mcm/api/land?token=2d0ef218bbfa2953d8dc5a3d5df53bf0","imageurl":"/mcm/images/land/2B/8448_2956d6e6082e.jpg","landname":"93"},{"id":281474996306014,"level":2,"status":1,"posx":21,"posy":22,"cityid":299,"townid":673,"tokenid":"610b3c2aee0fc256fa93300c1adfa25d","tokenurl":"/mcm/api/land?token=610b3c2aee0fc256fa93300c1adfa25d","imageurl":"/mcm/images/land/2A/5070_581fd1ba5aa6.jpg","landname":"94"},{"id":281474996306015,"level":3,"status":1,"posx":25,"posy":22,"cityid":299,"townid":673,"tokenid":"7c2678673386cd581927430f67eb2c52","tokenurl":"/mcm/api/land?token=7c2678673386cd581927430f67eb2c52","imageurl":"/mcm/images/land/2B/8449_4667b336821e.jpg","landname":"95"},{"id":281474996306016,"level":1,"status":1,"posx":26,"posy":22,"cityid":299,"townid":673,"tokenid":"f6779455ba7f677892053db1b255640f","tokenurl":"/mcm/api/land?token=f6779455ba7f677892053db1b255640f","imageurl":"/mcm/images/land/2S/3380_2b1d67b7f0a4.jpg","landname":"96"},{"id":281474996306017,"level":2,"status":1,"posx":31,"posy":22,"cityid":299,"townid":673,"tokenid":"b76adf605e339d5a43fa0d48cb777b17","tokenurl":"/mcm/api/land?token=b76adf605e339d5a43fa0d48cb777b17","imageurl":"/mcm/images/land/2A/5071_11481dbe6641.jpg","landname":"97"},{"id":281474996306018,"level":2,"status":1,"posx":32,"posy":22,"cityid":299,"townid":673,"tokenid":"f17467d16dda9d859b759ccb3b9cc7d7","tokenurl":"/mcm/api/land?token=f17467d16dda9d859b759ccb3b9cc7d7","imageurl":"/mcm/images/land/2A/5072_17e70c7cbc46.jpg","landname":"98"},{"id":281474996306019,"level":1,"status":1,"posx":12,"posy":23,"cityid":299,"townid":673,"tokenid":"9470535a39506ad8c93a6fe8e661dfdb","tokenurl":"/mcm/api/land?token=9470535a39506ad8c93a6fe8e661dfdb","imageurl":"/mcm/images/land/2S/3381_eebf39fa9ba.jpg","landname":"99"},{"id":281474996306020,"level":2,"status":1,"posx":13,"posy":23,"cityid":299,"townid":673,"tokenid":"dcb1d0045441d59fd826716c559d332e","tokenurl":"/mcm/api/land?token=dcb1d0045441d59fd826716c559d332e","imageurl":"/mcm/images/land/2A/5073_5cf4638a13b.jpg","landname":"100"},{"id":281474996306021,"level":3,"status":0,"posx":31,"posy":23,"cityid":299,"townid":673,"tokenid":"360cd479d6ee71d5af2419bcd1a3a165","tokenurl":"/mcm/api/land?token=360cd479d6ee71d5af2419bcd1a3a165","imageurl":"/mcm/images/land/2B/8450_4a2c5ef5664e.jpg","landname":"101"},{"id":281474996306022,"level":3,"status":1,"posx":32,"posy":23,"cityid":299,"townid":673,"tokenid":"7b1b5d1e2a0f8b86326d8239d91e4a16","tokenurl":"/mcm/api/land?token=7b1b5d1e2a0f8b86326d8239d91e4a16","imageurl":"/mcm/images/land/2B/8451_472bc63a7dd.jpg","landname":"102"},{"id":281474996306023,"level":3,"status":1,"posx":12,"posy":24,"cityid":299,"townid":673,"tokenid":"e930409ca3741fb29ad2f826a0423dae","tokenurl":"/mcm/api/land?token=e930409ca3741fb29ad2f826a0423dae","imageurl":"/mcm/images/land/2B/8452_411663bf5bc1.jpg","landname":"103"},{"id":281474996306024,"level":3,"status":1,"posx":13,"posy":24,"cityid":299,"townid":673,"tokenid":"5ab29b79448d25d9f3b0b8c9691071d7","tokenurl":"/mcm/api/land?token=5ab29b79448d25d9f3b0b8c9691071d7","imageurl":"/mcm/images/land/2B/8453_36b535fe2353.jpg","landname":"104"},{"id":281474996306025,"level":3,"status":1,"posx":31,"posy":24,"cityid":299,"townid":673,"tokenid":"a5c07d8d6a76e4d43a8310c26d52ca5d","tokenurl":"/mcm/api/land?token=a5c07d8d6a76e4d43a8310c26d52ca5d","imageurl":"/mcm/images/land/2B/8454_11b98616da99.jpg","landname":"105"},{"id":281474996306026,"level":3,"status":0,"posx":32,"posy":24,"cityid":299,"townid":673,"tokenid":"285ba5dcfb11569b05b739d4cf3df939","tokenurl":"/mcm/api/land?token=285ba5dcfb11569b05b739d4cf3df939","imageurl":"/mcm/images/land/2B/8455_30cbbfc8c42e.jpg","landname":"106"},{"id":281474996306027,"level":1,"status":1,"posx":12,"posy":25,"cityid":299,"townid":673,"tokenid":"bf632e17c4057fa4893ad30c29246b35","tokenurl":"/mcm/api/land?token=bf632e17c4057fa4893ad30c29246b35","imageurl":"/mcm/images/land/2S/3382_371a83c7ab8c.jpg","landname":"107"},{"id":281474996306028,"level":1,"status":0,"posx":13,"posy":25,"cityid":299,"townid":673,"tokenid":"abf69545f37bad8733326e7aa380ca97","tokenurl":"/mcm/api/land?token=abf69545f37bad8733326e7aa380ca97","imageurl":"/mcm/images/land/2S/3383_8b831ff2267.jpg","landname":"108"},{"id":281474996306029,"level":2,"status":1,"posx":6,"posy":26,"cityid":299,"townid":673,"tokenid":"5e5d38b88c252277d9e49b5a1fa51a16","tokenurl":"/mcm/api/land?token=5e5d38b88c252277d9e49b5a1fa51a16","imageurl":"/mcm/images/land/2A/5074_22e61ac3094c.jpg","landname":"109"},{"id":281474996306030,"level":3,"status":0,"posx":7,"posy":26,"cityid":299,"townid":673,"tokenid":"753eff8749b93f7f8c17ae725e64db06","tokenurl":"/mcm/api/land?token=753eff8749b93f7f8c17ae725e64db06","imageurl":"/mcm/images/land/2B/8456_1a11587da124.jpg","landname":"110"},{"id":281474996306031,"level":2,"status":0,"posx":9,"posy":26,"cityid":299,"townid":673,"tokenid":"21ae3a01d2781aa2a0f68b7331f6100d","tokenurl":"/mcm/api/land?token=21ae3a01d2781aa2a0f68b7331f6100d","imageurl":"/mcm/images/land/2A/5075_43dec9767e21.jpg","landname":"111"},{"id":281474996306032,"level":3,"status":1,"posx":10,"posy":26,"cityid":299,"townid":673,"tokenid":"58a93e6e8cc674afaaa205f53b88e5dc","tokenurl":"/mcm/api/land?token=58a93e6e8cc674afaaa205f53b88e5dc","imageurl":"/mcm/images/land/2B/8457_4b05baadecb1.jpg","landname":"112"},{"id":281474996306033,"level":1,"status":0,"posx":12,"posy":26,"cityid":299,"townid":673,"tokenid":"5b259ea7aa35e207022743ebb9373f1d","tokenurl":"/mcm/api/land?token=5b259ea7aa35e207022743ebb9373f1d","imageurl":"/mcm/images/land/2S/3384_5461c1858f1b.jpg","landname":"113"},{"id":281474996306034,"level":2,"status":0,"posx":13,"posy":26,"cityid":299,"townid":673,"tokenid":"60e5daab729e026deed4b5fc9f1618b3","tokenurl":"/mcm/api/land?token=60e5daab729e026deed4b5fc9f1618b3","imageurl":"/mcm/images/land/2A/5076_1dd80fbbee05.jpg","landname":"114"},{"id":281474996306035,"level":3,"status":1,"posx":6,"posy":27,"cityid":299,"townid":673,"tokenid":"61afe4f692545ae73a1928efa1bd5ad5","tokenurl":"/mcm/api/land?token=61afe4f692545ae73a1928efa1bd5ad5","imageurl":"/mcm/images/land/2B/8458_15b8bdb4b989.jpg","landname":"115"},{"id":281474996306036,"level":2,"status":1,"posx":7,"posy":27,"cityid":299,"townid":673,"tokenid":"39261fe8febaf6d99e945533ddcbe6c0","tokenurl":"/mcm/api/land?token=39261fe8febaf6d99e945533ddcbe6c0","imageurl":"/mcm/images/land/2A/5077_2fbd9344a874.jpg","landname":"116"},{"id":281474996306037,"level":2,"status":0,"posx":9,"posy":27,"cityid":299,"townid":673,"tokenid":"237bb4a300fb4eaaf99d7147a7ae6708","tokenurl":"/mcm/api/land?token=237bb4a300fb4eaaf99d7147a7ae6708","imageurl":"/mcm/images/land/2A/5078_29997a747695.jpg","landname":"117"},{"id":281474996306038,"level":3,"status":1,"posx":10,"posy":27,"cityid":299,"townid":673,"tokenid":"fe6ea9ec093cd3c80478124b368849d7","tokenurl":"/mcm/api/land?token=fe6ea9ec093cd3c80478124b368849d7","imageurl":"/mcm/images/land/2B/8459_49bb7e4cb7de.jpg","landname":"118"},{"id":281474996306039,"level":3,"status":0,"posx":23,"posy":27,"cityid":299,"townid":673,"tokenid":"0add772cbd596a95b4184000b52d949f","tokenurl":"/mcm/api/land?token=0add772cbd596a95b4184000b52d949f","imageurl":"/mcm/images/land/2B/8460_ae2eff6dd9c.jpg","landname":"119"},{"id":281474996306040,"level":2,"status":0,"posx":24,"posy":27,"cityid":299,"townid":673,"tokenid":"d68f42e9518436707535b148743272fa","tokenurl":"/mcm/api/land?token=d68f42e9518436707535b148743272fa","imageurl":"/mcm/images/land/2A/5079_6aefe29cbee.jpg","landname":"120"},{"id":281474996306041,"level":3,"status":0,"posx":6,"posy":28,"cityid":299,"townid":673,"tokenid":"762240dac6cdda93a4ef1b80cb6d2c3d","tokenurl":"/mcm/api/land?token=762240dac6cdda93a4ef1b80cb6d2c3d","imageurl":"/mcm/images/land/2B/8461_5ad66826a63f.jpg","landname":"121"},{"id":281474996306042,"level":2,"status":1,"posx":7,"posy":28,"cityid":299,"townid":673,"tokenid":"4bf09a22c26e770aee69a75014d59719","tokenurl":"/mcm/api/land?token=4bf09a22c26e770aee69a75014d59719","imageurl":"/mcm/images/land/2A/5080_24b5284bfbea.jpg","landname":"122"},{"id":281474996306043,"level":1,"status":1,"posx":9,"posy":28,"cityid":299,"townid":673,"tokenid":"89981c742574f2ee20efb96f6c258cac","tokenurl":"/mcm/api/land?token=89981c742574f2ee20efb96f6c258cac","imageurl":"/mcm/images/land/2S/3385_2d5c716ff34.jpg","landname":"123"},{"id":281474996306044,"level":2,"status":0,"posx":10,"posy":28,"cityid":299,"townid":673,"tokenid":"8a530307bec5d034d7acb643c4ba701c","tokenurl":"/mcm/api/land?token=8a530307bec5d034d7acb643c4ba701c","imageurl":"/mcm/images/land/2A/5081_3a7350f26c06.jpg","landname":"124"},{"id":281474996306045,"level":1,"status":0,"posx":23,"posy":28,"cityid":299,"townid":673,"tokenid":"e9a299366e7acbd572bc6491d51490a3","tokenurl":"/mcm/api/land?token=e9a299366e7acbd572bc6491d51490a3","imageurl":"/mcm/images/land/2S/3386_2c21c17ebadd.jpg","landname":"125"},{"id":281474996306046,"level":3,"status":1,"posx":24,"posy":28,"cityid":299,"townid":673,"tokenid":"9cb73d4e136e168925726003d92b0def","tokenurl":"/mcm/api/land?token=9cb73d4e136e168925726003d92b0def","imageurl":"/mcm/images/land/2B/8462_512606f0451a.jpg","landname":"126"},{"id":281474996306047,"level":2,"status":0,"posx":32,"posy":28,"cityid":299,"townid":673,"tokenid":"cc810052c4a26573ac92a4ba3e8eb630","tokenurl":"/mcm/api/land?token=cc810052c4a26573ac92a4ba3e8eb630","imageurl":"/mcm/images/land/2A/5082_5909a768c09a.jpg","landname":"127"},{"id":281474996306048,"level":3,"status":0,"posx":33,"posy":28,"cityid":299,"townid":673,"tokenid":"3141b1f96ecfc9c83431c49de0ef7e19","tokenurl":"/mcm/api/land?token=3141b1f96ecfc9c83431c49de0ef7e19","imageurl":"/mcm/images/land/2B/8463_47176dbfa6df.jpg","landname":"128"},{"id":281474996306049,"level":3,"status":1,"posx":6,"posy":29,"cityid":299,"townid":673,"tokenid":"fa29e089ab697e9fe16ca933a6d523d3","tokenurl":"/mcm/api/land?token=fa29e089ab697e9fe16ca933a6d523d3","imageurl":"/mcm/images/land/2B/8464_3a11874eb479.jpg","landname":"129"},{"id":281474996306050,"level":2,"status":0,"posx":7,"posy":29,"cityid":299,"townid":673,"tokenid":"f562c8ec1987aa37ee1476965116268a","tokenurl":"/mcm/api/land?token=f562c8ec1987aa37ee1476965116268a","imageurl":"/mcm/images/land/2A/5083_1ce26c053b3b.jpg","landname":"130"},{"id":281474996306051,"level":3,"status":0,"posx":9,"posy":29,"cityid":299,"townid":673,"tokenid":"b064c92ceb94e103e4e8e69e11974215","tokenurl":"/mcm/api/land?token=b064c92ceb94e103e4e8e69e11974215","imageurl":"/mcm/images/land/2B/8465_51babc9d179d.jpg","landname":"131"},{"id":281474996306052,"level":3,"status":1,"posx":10,"posy":29,"cityid":299,"townid":673,"tokenid":"186285a0349327730342d25406296309","tokenurl":"/mcm/api/land?token=186285a0349327730342d25406296309","imageurl":"/mcm/images/land/2B/8466_2b463a29dfdd.jpg","landname":"132"},{"id":281474996306053,"level":1,"status":1,"posx":23,"posy":29,"cityid":299,"townid":673,"tokenid":"0e6cf3dab924d4a64a3f97a697ac1f5e","tokenurl":"/mcm/api/land?token=0e6cf3dab924d4a64a3f97a697ac1f5e","imageurl":"/mcm/images/land/2S/3387_26fb733580aa.jpg","landname":"133"},{"id":281474996306054,"level":3,"status":1,"posx":24,"posy":29,"cityid":299,"townid":673,"tokenid":"a693b8c1e56a095ca6241685eb0d9656","tokenurl":"/mcm/api/land?token=a693b8c1e56a095ca6241685eb0d9656","imageurl":"/mcm/images/land/2B/8467_3cd527a354ed.jpg","landname":"134"},{"id":281474996306055,"level":3,"status":0,"posx":32,"posy":29,"cityid":299,"townid":673,"tokenid":"cfce93564827965105eeebae8841d624","tokenurl":"/mcm/api/land?token=cfce93564827965105eeebae8841d624","imageurl":"/mcm/images/land/2B/8468_43740bb1b4df.jpg","landname":"135"},{"id":281474996306056,"level":2,"status":1,"posx":33,"posy":29,"cityid":299,"townid":673,"tokenid":"ca2d69debbc305732044893f854d8e7a","tokenurl":"/mcm/api/land?token=ca2d69debbc305732044893f854d8e7a","imageurl":"/mcm/images/land/2A/5084_56847958d7a3.jpg","landname":"136"},{"id":281474996306057,"level":3,"status":0,"posx":6,"posy":30,"cityid":299,"townid":673,"tokenid":"58ffe2f5d5f3ed12a79dc58624f98b1a","tokenurl":"/mcm/api/land?token=58ffe2f5d5f3ed12a79dc58624f98b1a","imageurl":"/mcm/images/land/2B/8469_428ac6a8aa32.jpg","landname":"137"},{"id":281474996306058,"level":1,"status":0,"posx":7,"posy":30,"cityid":299,"townid":673,"tokenid":"c1423e800abd8fff6da291f98ef0156d","tokenurl":"/mcm/api/land?token=c1423e800abd8fff6da291f98ef0156d","imageurl":"/mcm/images/land/2S/3388_1a8376128441.jpg","landname":"138"},{"id":281474996306059,"level":2,"status":0,"posx":9,"posy":30,"cityid":299,"townid":673,"tokenid":"220c18dbc1d30267ec2ec2dcf605910f","tokenurl":"/mcm/api/land?token=220c18dbc1d30267ec2ec2dcf605910f","imageurl":"/mcm/images/land/2A/5085_1d931b9b3956.jpg","landname":"139"},{"id":281474996306060,"level":3,"status":0,"posx":10,"posy":30,"cityid":299,"townid":673,"tokenid":"20f82a05b2e22ce9642b5097fcef2849","tokenurl":"/mcm/api/land?token=20f82a05b2e22ce9642b5097fcef2849","imageurl":"/mcm/images/land/2B/8470_17bfb2afa24a.jpg","landname":"140"},{"id":281474996306061,"level":1,"status":0,"posx":23,"posy":30,"cityid":299,"townid":673,"tokenid":"a7cc1b99ad55361ba2d1de77ad9a3706","tokenurl":"/mcm/api/land?token=a7cc1b99ad55361ba2d1de77ad9a3706","imageurl":"/mcm/images/land/2S/3389_e4aebc2b481.jpg","landname":"141"},{"id":281474996306062,"level":3,"status":0,"posx":24,"posy":30,"cityid":299,"townid":673,"tokenid":"d1a432fd3ce96294edc3919a2c9da763","tokenurl":"/mcm/api/land?token=d1a432fd3ce96294edc3919a2c9da763","imageurl":"/mcm/images/land/2B/8471_3556632ce524.jpg","landname":"142"},{"id":281474996306063,"level":1,"status":1,"posx":32,"posy":30,"cityid":299,"townid":673,"tokenid":"a75405eeacc2dfdcd48b7b63177de401","tokenurl":"/mcm/api/land?token=a75405eeacc2dfdcd48b7b63177de401","imageurl":"/mcm/images/land/2S/3390_298daa09a843.jpg","landname":"143"},{"id":281474996306064,"level":3,"status":1,"posx":33,"posy":30,"cityid":299,"townid":673,"tokenid":"0fd4a7934917afd92d713aba2bb7b44c","tokenurl":"/mcm/api/land?token=0fd4a7934917afd92d713aba2bb7b44c","imageurl":"/mcm/images/land/2B/8472_2a2636d5f985.jpg","landname":"144"},{"id":281474996306065,"level":3,"status":0,"posx":23,"posy":31,"cityid":299,"townid":673,"tokenid":"80c282b0164736ee877d0b34692c8f3e","tokenurl":"/mcm/api/land?token=80c282b0164736ee877d0b34692c8f3e","imageurl":"/mcm/images/land/2B/8473_3c06f79519a7.jpg","landname":"145"},{"id":281474996306066,"level":3,"status":0,"posx":24,"posy":31,"cityid":299,"townid":673,"tokenid":"1b06bec0893ff0b96c7c9f6424bf0bf5","tokenurl":"/mcm/api/land?token=1b06bec0893ff0b96c7c9f6424bf0bf5","imageurl":"/mcm/images/land/2B/8474_e732ccab6ee.jpg","landname":"146"},{"id":281474996306067,"level":3,"status":0,"posx":32,"posy":31,"cityid":299,"townid":673,"tokenid":"b8c82c6b3d39b42ecba78fe5b962b621","tokenurl":"/mcm/api/land?token=b8c82c6b3d39b42ecba78fe5b962b621","imageurl":"/mcm/images/land/2B/8475_e65fd9859d6.jpg","landname":"147"},{"id":281474996306068,"level":3,"status":1,"posx":33,"posy":31,"cityid":299,"townid":673,"tokenid":"8dc9448a9c80c0a734fe14548b7def14","tokenurl":"/mcm/api/land?token=8dc9448a9c80c0a734fe14548b7def14","imageurl":"/mcm/images/land/2B/8476_3721d5f5402e.jpg","landname":"148"},{"id":281474996306069,"level":2,"status":1,"posx":32,"posy":32,"cityid":299,"townid":673,"tokenid":"67b71e4219f70c304a2e44f4649d23e1","tokenurl":"/mcm/api/land?token=67b71e4219f70c304a2e44f4649d23e1","imageurl":"/mcm/images/land/2A/5086_747edfc00f3.jpg","landname":"149"},{"id":281474996306070,"level":1,"status":0,"posx":33,"posy":32,"cityid":299,"townid":673,"tokenid":"d087667daa2defef67d335b3870e6154","tokenurl":"/mcm/api/land?token=d087667daa2defef67d335b3870e6154","imageurl":"/mcm/images/land/2S/3391_5336dfde8d30.jpg","landname":"150"}]]],0,0,[],[],[]]
