[1,0,0,[["cc.JsonAsset",["_name","json"],1]],[[0,0,1,3]],[[0,"907",[{"id":281475003973633,"level":2,"status":1,"posx":32,"posy":5,"cityid":416,"townid":907,"tokenid":"1dfa63707c4906aebf46c996f68a258d","tokenurl":"/mcm/api/land?token=1dfa63707c4906aebf46c996f68a258d","imageurl":"/mcm/images/land/2A/15572_47c82e543c7a.jpg","landname":"1"},{"id":281475003973634,"level":2,"status":0,"posx":33,"posy":5,"cityid":416,"townid":907,"tokenid":"0908936a6d851fc24b6eeae0699d2a5b","tokenurl":"/mcm/api/land?token=0908936a6d851fc24b6eeae0699d2a5b","imageurl":"/mcm/images/land/2A/15573_af8fdc9a277.jpg","landname":"2"},{"id":281475003973635,"level":3,"status":0,"posx":5,"posy":6,"cityid":416,"townid":907,"tokenid":"88b9932215ac9f2cb9d88aa94f21d774","tokenurl":"/mcm/api/land?token=88b9932215ac9f2cb9d88aa94f21d774","imageurl":"/mcm/images/land/2B/25952_2f2bdb338ba9.jpg","landname":"3"},{"id":281475003973636,"level":2,"status":0,"posx":6,"posy":6,"cityid":416,"townid":907,"tokenid":"198fe8c7ea983f68de3fef7c988f2b9d","tokenurl":"/mcm/api/land?token=198fe8c7ea983f68de3fef7c988f2b9d","imageurl":"/mcm/images/land/2A/15574_570f6c09c850.jpg","landname":"4"},{"id":281475003973637,"level":3,"status":0,"posx":21,"posy":6,"cityid":416,"townid":907,"tokenid":"0d04d4cf3c361e664a6c7d6587961b40","tokenurl":"/mcm/api/land?token=0d04d4cf3c361e664a6c7d6587961b40","imageurl":"/mcm/images/land/2B/25953_3e58cf7ad59f.jpg","landname":"5"},{"id":281475003973638,"level":3,"status":0,"posx":22,"posy":6,"cityid":416,"townid":907,"tokenid":"5bc1caad91c33060fa6234b581ad8670","tokenurl":"/mcm/api/land?token=5bc1caad91c33060fa6234b581ad8670","imageurl":"/mcm/images/land/2B/25954_4e24b3e7ead2.jpg","landname":"6"},{"id":281475003973639,"level":2,"status":1,"posx":23,"posy":6,"cityid":416,"townid":907,"tokenid":"486e20fccff0cd8c5ba119ecc3cde6bc","tokenurl":"/mcm/api/land?token=486e20fccff0cd8c5ba119ecc3cde6bc","imageurl":"/mcm/images/land/2A/15575_40cd8947d9d5.jpg","landname":"7"},{"id":281475003973640,"level":3,"status":0,"posx":24,"posy":6,"cityid":416,"townid":907,"tokenid":"de9e413471926c0c5ad7f68eca91461b","tokenurl":"/mcm/api/land?token=de9e413471926c0c5ad7f68eca91461b","imageurl":"/mcm/images/land/2B/25955_abcab9a129f.jpg","landname":"8"},{"id":281475003973641,"level":3,"status":0,"posx":25,"posy":6,"cityid":416,"townid":907,"tokenid":"88ff276be2a15fe18bd291e3a97c19ee","tokenurl":"/mcm/api/land?token=88ff276be2a15fe18bd291e3a97c19ee","imageurl":"/mcm/images/land/2B/25956_2b7b809414c3.jpg","landname":"9"},{"id":281475003973642,"level":3,"status":0,"posx":32,"posy":6,"cityid":416,"townid":907,"tokenid":"4232faa12f4fc0bdaaa5245232f47d27","tokenurl":"/mcm/api/land?token=4232faa12f4fc0bdaaa5245232f47d27","imageurl":"/mcm/images/land/2B/25957_4666b82dd4f5.jpg","landname":"10"},{"id":281475003973643,"level":1,"status":0,"posx":33,"posy":6,"cityid":416,"townid":907,"tokenid":"80780c5f9302c773d03c3a2a02e12c3e","tokenurl":"/mcm/api/land?token=80780c5f9302c773d03c3a2a02e12c3e","imageurl":"/mcm/images/land/2S/10382_fc0661878b1.jpg","landname":"11"},{"id":281475003973644,"level":3,"status":1,"posx":5,"posy":7,"cityid":416,"townid":907,"tokenid":"fe65bff30016129437c2f8f6c70c19c4","tokenurl":"/mcm/api/land?token=fe65bff30016129437c2f8f6c70c19c4","imageurl":"/mcm/images/land/2B/25958_e4b07413f7b.jpg","landname":"12"},{"id":281475003973645,"level":3,"status":1,"posx":6,"posy":7,"cityid":416,"townid":907,"tokenid":"0cd20ecd7ec12303d559166c57e91380","tokenurl":"/mcm/api/land?token=0cd20ecd7ec12303d559166c57e91380","imageurl":"/mcm/images/land/2B/25959_34787a8335b6.jpg","landname":"13"},{"id":281475003973646,"level":3,"status":1,"posx":21,"posy":7,"cityid":416,"townid":907,"tokenid":"1cd672bc3644cb069313936b098c0039","tokenurl":"/mcm/api/land?token=1cd672bc3644cb069313936b098c0039","imageurl":"/mcm/images/land/2B/25960_1aafa164d172.jpg","landname":"14"},{"id":281475003973647,"level":2,"status":1,"posx":22,"posy":7,"cityid":416,"townid":907,"tokenid":"6a891723c55d6767bd800bda9684f3e1","tokenurl":"/mcm/api/land?token=6a891723c55d6767bd800bda9684f3e1","imageurl":"/mcm/images/land/2A/15576_3e66ebfb80f5.jpg","landname":"15"},{"id":281475003973648,"level":2,"status":1,"posx":23,"posy":7,"cityid":416,"townid":907,"tokenid":"61d1b134429aea2daa52b106a82c75a7","tokenurl":"/mcm/api/land?token=61d1b134429aea2daa52b106a82c75a7","imageurl":"/mcm/images/land/2A/15577_2639719c633e.jpg","landname":"16"},{"id":281475003973649,"level":1,"status":0,"posx":24,"posy":7,"cityid":416,"townid":907,"tokenid":"80a6ee79c17164fa29da7ad8050988a6","tokenurl":"/mcm/api/land?token=80a6ee79c17164fa29da7ad8050988a6","imageurl":"/mcm/images/land/2S/10383_44a93d904857.jpg","landname":"17"},{"id":281475003973650,"level":2,"status":1,"posx":25,"posy":7,"cityid":416,"townid":907,"tokenid":"af59ce7e4dcc990e62ba112a399105d8","tokenurl":"/mcm/api/land?token=af59ce7e4dcc990e62ba112a399105d8","imageurl":"/mcm/images/land/2A/15578_592a9c589ada.jpg","landname":"18"},{"id":281475003973651,"level":3,"status":0,"posx":32,"posy":7,"cityid":416,"townid":907,"tokenid":"086b74c0ffc917958a841147568c8c7f","tokenurl":"/mcm/api/land?token=086b74c0ffc917958a841147568c8c7f","imageurl":"/mcm/images/land/2B/25961_5aa4c1346194.jpg","landname":"19"},{"id":281475003973652,"level":2,"status":1,"posx":33,"posy":7,"cityid":416,"townid":907,"tokenid":"f1b6d0f378e38b69fbd227890d8c4c60","tokenurl":"/mcm/api/land?token=f1b6d0f378e38b69fbd227890d8c4c60","imageurl":"/mcm/images/land/2A/15579_598cb45dfe1d.jpg","landname":"20"},{"id":281475003973653,"level":2,"status":0,"posx":5,"posy":8,"cityid":416,"townid":907,"tokenid":"a01fa7e2a3f1abdebe0961b6f6007f0d","tokenurl":"/mcm/api/land?token=a01fa7e2a3f1abdebe0961b6f6007f0d","imageurl":"/mcm/images/land/2A/15580_2199d2d77a9.jpg","landname":"21"},{"id":281475003973654,"level":3,"status":0,"posx":6,"posy":8,"cityid":416,"townid":907,"tokenid":"389f4e21cd2ecc0802661491ae81e4c8","tokenurl":"/mcm/api/land?token=389f4e21cd2ecc0802661491ae81e4c8","imageurl":"/mcm/images/land/2B/25962_47d2ec15b56f.jpg","landname":"22"},{"id":281475003973655,"level":2,"status":0,"posx":32,"posy":8,"cityid":416,"townid":907,"tokenid":"6a7c9833dfc449e94d88642c0480a144","tokenurl":"/mcm/api/land?token=6a7c9833dfc449e94d88642c0480a144","imageurl":"/mcm/images/land/2A/15581_578d88953e54.jpg","landname":"23"},{"id":281475003973656,"level":3,"status":1,"posx":33,"posy":8,"cityid":416,"townid":907,"tokenid":"39b6b72e6473539e6f9ee4af2e621a35","tokenurl":"/mcm/api/land?token=39b6b72e6473539e6f9ee4af2e621a35","imageurl":"/mcm/images/land/2B/25963_134647320062.jpg","landname":"24"},{"id":281475003973657,"level":3,"status":1,"posx":5,"posy":9,"cityid":416,"townid":907,"tokenid":"27f78424939c8e6465d7ad297d89dcea","tokenurl":"/mcm/api/land?token=27f78424939c8e6465d7ad297d89dcea","imageurl":"/mcm/images/land/2B/25964_4727ca25ad15.jpg","landname":"25"},{"id":281475003973658,"level":1,"status":0,"posx":6,"posy":9,"cityid":416,"townid":907,"tokenid":"6cf4e2681ee9451f39bbc02dcbfb709a","tokenurl":"/mcm/api/land?token=6cf4e2681ee9451f39bbc02dcbfb709a","imageurl":"/mcm/images/land/2S/10384_531fe7c7694c.jpg","landname":"26"},{"id":281475003973659,"level":1,"status":1,"posx":32,"posy":9,"cityid":416,"townid":907,"tokenid":"6888bb7002b0c35f6d255d9fb12833da","tokenurl":"/mcm/api/land?token=6888bb7002b0c35f6d255d9fb12833da","imageurl":"/mcm/images/land/2S/10385_39b51f2c2446.jpg","landname":"27"},{"id":281475003973660,"level":1,"status":1,"posx":33,"posy":9,"cityid":416,"townid":907,"tokenid":"58d7280cf7a20b43a97c477b36632c20","tokenurl":"/mcm/api/land?token=58d7280cf7a20b43a97c477b36632c20","imageurl":"/mcm/images/land/2S/10386_3bfba25d2997.jpg","landname":"28"},{"id":281475003973661,"level":2,"status":0,"posx":5,"posy":10,"cityid":416,"townid":907,"tokenid":"06dfbaab287fc0b835094ee4605e839a","tokenurl":"/mcm/api/land?token=06dfbaab287fc0b835094ee4605e839a","imageurl":"/mcm/images/land/2A/15582_49a4541233d6.jpg","landname":"29"},{"id":281475003973662,"level":3,"status":1,"posx":6,"posy":10,"cityid":416,"townid":907,"tokenid":"2ef7c7b015ca4564f27db6d09b9326e3","tokenurl":"/mcm/api/land?token=2ef7c7b015ca4564f27db6d09b9326e3","imageurl":"/mcm/images/land/2B/25965_367d058efe51.jpg","landname":"30"},{"id":281475003973663,"level":3,"status":1,"posx":8,"posy":10,"cityid":416,"townid":907,"tokenid":"bee433846b1f36d9fffe008e0f7355b7","tokenurl":"/mcm/api/land?token=bee433846b1f36d9fffe008e0f7355b7","imageurl":"/mcm/images/land/2B/25966_bef828c754e.jpg","landname":"31"},{"id":281475003973664,"level":3,"status":0,"posx":9,"posy":10,"cityid":416,"townid":907,"tokenid":"5f39848ce04ce2d6a1bc236d831e57b6","tokenurl":"/mcm/api/land?token=5f39848ce04ce2d6a1bc236d831e57b6","imageurl":"/mcm/images/land/2B/25967_4e53545eb29f.jpg","landname":"32"},{"id":281475003973665,"level":1,"status":1,"posx":23,"posy":10,"cityid":416,"townid":907,"tokenid":"799ed33fa39681a2d5e1f68ac61b5c5a","tokenurl":"/mcm/api/land?token=799ed33fa39681a2d5e1f68ac61b5c5a","imageurl":"/mcm/images/land/2S/10387_25a218524cdc.jpg","landname":"33"},{"id":281475003973666,"level":3,"status":1,"posx":24,"posy":10,"cityid":416,"townid":907,"tokenid":"75c52f529827f5747743777efe2cf67a","tokenurl":"/mcm/api/land?token=75c52f529827f5747743777efe2cf67a","imageurl":"/mcm/images/land/2B/25968_5309cdda59bc.jpg","landname":"34"},{"id":281475003973667,"level":1,"status":1,"posx":8,"posy":11,"cityid":416,"townid":907,"tokenid":"3a7da1086cdfbbe861b714f9f06372ce","tokenurl":"/mcm/api/land?token=3a7da1086cdfbbe861b714f9f06372ce","imageurl":"/mcm/images/land/2S/10388_ff344739178.jpg","landname":"35"},{"id":281475003973668,"level":3,"status":0,"posx":9,"posy":11,"cityid":416,"townid":907,"tokenid":"b73b9fac7f570cd93635ae188440b84e","tokenurl":"/mcm/api/land?token=b73b9fac7f570cd93635ae188440b84e","imageurl":"/mcm/images/land/2B/25969_29acbd7f3957.jpg","landname":"36"},{"id":281475003973669,"level":2,"status":1,"posx":23,"posy":11,"cityid":416,"townid":907,"tokenid":"df9a40696c83585ef78d3557c83540cb","tokenurl":"/mcm/api/land?token=df9a40696c83585ef78d3557c83540cb","imageurl":"/mcm/images/land/2A/15583_25c7d1f6cae5.jpg","landname":"37"},{"id":281475003973670,"level":3,"status":1,"posx":24,"posy":11,"cityid":416,"townid":907,"tokenid":"f433d7a1d75fffe929528b72865e73c3","tokenurl":"/mcm/api/land?token=f433d7a1d75fffe929528b72865e73c3","imageurl":"/mcm/images/land/2B/25970_1d468e035802.jpg","landname":"38"},{"id":281475003973671,"level":3,"status":1,"posx":8,"posy":12,"cityid":416,"townid":907,"tokenid":"8ba99508f5032224dbfd2362f47bf7d0","tokenurl":"/mcm/api/land?token=8ba99508f5032224dbfd2362f47bf7d0","imageurl":"/mcm/images/land/2B/25971_43e9d4a3c395.jpg","landname":"39"},{"id":281475003973672,"level":2,"status":1,"posx":9,"posy":12,"cityid":416,"townid":907,"tokenid":"7350cd17d64726c94b49ada1d9e277bd","tokenurl":"/mcm/api/land?token=7350cd17d64726c94b49ada1d9e277bd","imageurl":"/mcm/images/land/2A/15584_55065abcd204.jpg","landname":"40"},{"id":281475003973673,"level":3,"status":1,"posx":23,"posy":12,"cityid":416,"townid":907,"tokenid":"362b17ac413309baa7d3df3b97b40514","tokenurl":"/mcm/api/land?token=362b17ac413309baa7d3df3b97b40514","imageurl":"/mcm/images/land/2B/25972_d051fe7f9a4.jpg","landname":"41"},{"id":281475003973674,"level":1,"status":1,"posx":24,"posy":12,"cityid":416,"townid":907,"tokenid":"5cc62638afe306746e52326edc5bbb81","tokenurl":"/mcm/api/land?token=5cc62638afe306746e52326edc5bbb81","imageurl":"/mcm/images/land/2S/10389_c6c89e12eea.jpg","landname":"42"},{"id":281475003973675,"level":3,"status":1,"posx":32,"posy":12,"cityid":416,"townid":907,"tokenid":"8471ffa2e8754e1fd3aa4b4c3a7a8d58","tokenurl":"/mcm/api/land?token=8471ffa2e8754e1fd3aa4b4c3a7a8d58","imageurl":"/mcm/images/land/2B/25973_1ce45c886661.jpg","landname":"43"},{"id":281475003973676,"level":2,"status":1,"posx":33,"posy":12,"cityid":416,"townid":907,"tokenid":"bfdf0f380960299730be5907fc9d46be","tokenurl":"/mcm/api/land?token=bfdf0f380960299730be5907fc9d46be","imageurl":"/mcm/images/land/2A/15585_b3029d523b1.jpg","landname":"44"},{"id":281475003973677,"level":2,"status":0,"posx":8,"posy":13,"cityid":416,"townid":907,"tokenid":"c998fb4503839655f35457e2132d2d7f","tokenurl":"/mcm/api/land?token=c998fb4503839655f35457e2132d2d7f","imageurl":"/mcm/images/land/2A/15586_5672de55e8bb.jpg","landname":"45"},{"id":281475003973678,"level":3,"status":1,"posx":9,"posy":13,"cityid":416,"townid":907,"tokenid":"785ae9173e98da18ef417059e004be46","tokenurl":"/mcm/api/land?token=785ae9173e98da18ef417059e004be46","imageurl":"/mcm/images/land/2B/25974_4364cac8030f.jpg","landname":"46"},{"id":281475003973679,"level":3,"status":0,"posx":23,"posy":13,"cityid":416,"townid":907,"tokenid":"723b87bfd138b4234d4c8b3ba5c60f42","tokenurl":"/mcm/api/land?token=723b87bfd138b4234d4c8b3ba5c60f42","imageurl":"/mcm/images/land/2B/25975_2baa217074bf.jpg","landname":"47"},{"id":281475003973680,"level":3,"status":1,"posx":24,"posy":13,"cityid":416,"townid":907,"tokenid":"b2c76639071b993ca08692cf0e0b4514","tokenurl":"/mcm/api/land?token=b2c76639071b993ca08692cf0e0b4514","imageurl":"/mcm/images/land/2B/25976_2897391292c0.jpg","landname":"48"},{"id":281475003973681,"level":3,"status":0,"posx":32,"posy":13,"cityid":416,"townid":907,"tokenid":"5a33efc0fd3db8c182d17e83c616be88","tokenurl":"/mcm/api/land?token=5a33efc0fd3db8c182d17e83c616be88","imageurl":"/mcm/images/land/2B/25977_149742ec39a0.jpg","landname":"49"},{"id":281475003973682,"level":3,"status":0,"posx":33,"posy":13,"cityid":416,"townid":907,"tokenid":"77e9c99f11b801258348fb8c8f976999","tokenurl":"/mcm/api/land?token=77e9c99f11b801258348fb8c8f976999","imageurl":"/mcm/images/land/2B/25978_23daadc87f55.jpg","landname":"50"},{"id":281475003973683,"level":3,"status":0,"posx":8,"posy":14,"cityid":416,"townid":907,"tokenid":"6a5286ab6b4eba755f4132290f60857b","tokenurl":"/mcm/api/land?token=6a5286ab6b4eba755f4132290f60857b","imageurl":"/mcm/images/land/2B/25979_1411626b4c8d.jpg","landname":"51"},{"id":281475003973684,"level":1,"status":0,"posx":9,"posy":14,"cityid":416,"townid":907,"tokenid":"b507de5881ec3bcc1bb34ecb8d7f1b62","tokenurl":"/mcm/api/land?token=b507de5881ec3bcc1bb34ecb8d7f1b62","imageurl":"/mcm/images/land/2S/10390_3333f3cc766e.jpg","landname":"52"},{"id":281475003973685,"level":3,"status":1,"posx":23,"posy":14,"cityid":416,"townid":907,"tokenid":"e977531de1f7ed47b3e99594280e7237","tokenurl":"/mcm/api/land?token=e977531de1f7ed47b3e99594280e7237","imageurl":"/mcm/images/land/2B/25980_138f883fa744.jpg","landname":"53"},{"id":281475003973686,"level":3,"status":1,"posx":24,"posy":14,"cityid":416,"townid":907,"tokenid":"00856b39e4883e43209edc62c7d8dfe1","tokenurl":"/mcm/api/land?token=00856b39e4883e43209edc62c7d8dfe1","imageurl":"/mcm/images/land/2B/25981_4b59af7557a8.jpg","landname":"54"},{"id":281475003973687,"level":1,"status":1,"posx":32,"posy":14,"cityid":416,"townid":907,"tokenid":"2764d0a8142f88403c29b6f8092eedba","tokenurl":"/mcm/api/land?token=2764d0a8142f88403c29b6f8092eedba","imageurl":"/mcm/images/land/2S/10391_4fa489c9bbad.jpg","landname":"55"},{"id":281475003973688,"level":2,"status":1,"posx":33,"posy":14,"cityid":416,"townid":907,"tokenid":"e70dbad27e60afa4cfcdab21674c993b","tokenurl":"/mcm/api/land?token=e70dbad27e60afa4cfcdab21674c993b","imageurl":"/mcm/images/land/2A/15587_2eca43196af9.jpg","landname":"56"},{"id":281475003973689,"level":2,"status":1,"posx":32,"posy":15,"cityid":416,"townid":907,"tokenid":"09c59714014e2572575ada65a9862750","tokenurl":"/mcm/api/land?token=09c59714014e2572575ada65a9862750","imageurl":"/mcm/images/land/2A/15588_754d470e663.jpg","landname":"57"},{"id":281475003973690,"level":3,"status":1,"posx":33,"posy":15,"cityid":416,"townid":907,"tokenid":"a228ef2e45f8ac21dcd740449fde7fbd","tokenurl":"/mcm/api/land?token=a228ef2e45f8ac21dcd740449fde7fbd","imageurl":"/mcm/images/land/2B/25982_f07558ab105.jpg","landname":"58"},{"id":281475003973691,"level":1,"status":1,"posx":8,"posy":16,"cityid":416,"townid":907,"tokenid":"a38d66e525f02f5ea3fe3df89db1c906","tokenurl":"/mcm/api/land?token=a38d66e525f02f5ea3fe3df89db1c906","imageurl":"/mcm/images/land/2S/10392_50cddd3f7c14.jpg","landname":"59"},{"id":281475003973692,"level":1,"status":0,"posx":9,"posy":16,"cityid":416,"townid":907,"tokenid":"e9fd5573f648163a76ed79484097295d","tokenurl":"/mcm/api/land?token=e9fd5573f648163a76ed79484097295d","imageurl":"/mcm/images/land/2S/10393_125235dd8738.jpg","landname":"60"},{"id":281475003973693,"level":1,"status":0,"posx":32,"posy":16,"cityid":416,"townid":907,"tokenid":"57d02e8eb00ee5c30f7d3ec7d0bbf1c8","tokenurl":"/mcm/api/land?token=57d02e8eb00ee5c30f7d3ec7d0bbf1c8","imageurl":"/mcm/images/land/2S/10394_5f9fa098e7a.jpg","landname":"61"},{"id":281475003973694,"level":3,"status":0,"posx":33,"posy":16,"cityid":416,"townid":907,"tokenid":"473492298f10674128ce7e72cf38ddf0","tokenurl":"/mcm/api/land?token=473492298f10674128ce7e72cf38ddf0","imageurl":"/mcm/images/land/2B/25983_76ec1739b15.jpg","landname":"62"},{"id":281475003973695,"level":2,"status":0,"posx":8,"posy":17,"cityid":416,"townid":907,"tokenid":"6ea8f7d7889b64a50923179e25d42444","tokenurl":"/mcm/api/land?token=6ea8f7d7889b64a50923179e25d42444","imageurl":"/mcm/images/land/2A/15589_171491135201.jpg","landname":"63"},{"id":281475003973696,"level":3,"status":1,"posx":9,"posy":17,"cityid":416,"townid":907,"tokenid":"6587dc9451fdc6aa70b9951046318161","tokenurl":"/mcm/api/land?token=6587dc9451fdc6aa70b9951046318161","imageurl":"/mcm/images/land/2B/25984_2ff1970e788.jpg","landname":"64"},{"id":281475003973697,"level":3,"status":1,"posx":8,"posy":18,"cityid":416,"townid":907,"tokenid":"caf327a67572e07fa2c738ae5c4cffcb","tokenurl":"/mcm/api/land?token=caf327a67572e07fa2c738ae5c4cffcb","imageurl":"/mcm/images/land/2B/25985_3c81fac30892.jpg","landname":"65"},{"id":281475003973698,"level":2,"status":0,"posx":9,"posy":18,"cityid":416,"townid":907,"tokenid":"69c9fec85501ba2b510fe28ac8e21fe6","tokenurl":"/mcm/api/land?token=69c9fec85501ba2b510fe28ac8e21fe6","imageurl":"/mcm/images/land/2A/15590_2879e94ea4b.jpg","landname":"66"},{"id":281475003973699,"level":1,"status":0,"posx":20,"posy":18,"cityid":416,"townid":907,"tokenid":"059f5619f380e78fc5c900eb6edab68b","tokenurl":"/mcm/api/land?token=059f5619f380e78fc5c900eb6edab68b","imageurl":"/mcm/images/land/2S/10395_1525022726f7.jpg","landname":"67"},{"id":281475003973700,"level":3,"status":0,"posx":21,"posy":18,"cityid":416,"townid":907,"tokenid":"6c26575f254817c5a42e7b83e955f32f","tokenurl":"/mcm/api/land?token=6c26575f254817c5a42e7b83e955f32f","imageurl":"/mcm/images/land/2B/25986_fe4937eb67a.jpg","landname":"68"},{"id":281475003973701,"level":3,"status":1,"posx":25,"posy":18,"cityid":416,"townid":907,"tokenid":"bc9fccb8df7a27fa8025f23efbc906de","tokenurl":"/mcm/api/land?token=bc9fccb8df7a27fa8025f23efbc906de","imageurl":"/mcm/images/land/2B/25987_357ccf88ce47.jpg","landname":"69"},{"id":281475003973702,"level":3,"status":0,"posx":26,"posy":18,"cityid":416,"townid":907,"tokenid":"559782f72ed1d2668b603e8d7d2819c3","tokenurl":"/mcm/api/land?token=559782f72ed1d2668b603e8d7d2819c3","imageurl":"/mcm/images/land/2B/25988_2abb6739d6b.jpg","landname":"70"},{"id":281475003973703,"level":2,"status":1,"posx":8,"posy":19,"cityid":416,"townid":907,"tokenid":"28d97830511b13329b7826c3b748037a","tokenurl":"/mcm/api/land?token=28d97830511b13329b7826c3b748037a","imageurl":"/mcm/images/land/2A/15591_21e555bc418c.jpg","landname":"71"},{"id":281475003973704,"level":1,"status":0,"posx":9,"posy":19,"cityid":416,"townid":907,"tokenid":"a4e0897e0c5028ce29da0cc460c285c8","tokenurl":"/mcm/api/land?token=a4e0897e0c5028ce29da0cc460c285c8","imageurl":"/mcm/images/land/2S/10396_301313250315.jpg","landname":"72"},{"id":281475003973705,"level":2,"status":1,"posx":20,"posy":19,"cityid":416,"townid":907,"tokenid":"9c29ee39fb59b978948190ccb00aa685","tokenurl":"/mcm/api/land?token=9c29ee39fb59b978948190ccb00aa685","imageurl":"/mcm/images/land/2A/15592_9dfe210a5b6.jpg","landname":"73"},{"id":281475003973706,"level":2,"status":0,"posx":21,"posy":19,"cityid":416,"townid":907,"tokenid":"ba50ce6b89260c98a81ed0849e704244","tokenurl":"/mcm/api/land?token=ba50ce6b89260c98a81ed0849e704244","imageurl":"/mcm/images/land/2A/15593_7ca48ff179c.jpg","landname":"74"},{"id":281475003973707,"level":3,"status":0,"posx":25,"posy":19,"cityid":416,"townid":907,"tokenid":"6d61cd52cf9050d92d40089c684261d4","tokenurl":"/mcm/api/land?token=6d61cd52cf9050d92d40089c684261d4","imageurl":"/mcm/images/land/2B/25989_44284ba12f2.jpg","landname":"75"},{"id":281475003973708,"level":1,"status":0,"posx":26,"posy":19,"cityid":416,"townid":907,"tokenid":"23f3b5aa7c7017877df91b43b379bbba","tokenurl":"/mcm/api/land?token=23f3b5aa7c7017877df91b43b379bbba","imageurl":"/mcm/images/land/2S/10397_8f347ea24f8.jpg","landname":"76"},{"id":281475003973709,"level":2,"status":0,"posx":8,"posy":20,"cityid":416,"townid":907,"tokenid":"a9b96553d34bc5f6647400dfe2b868be","tokenurl":"/mcm/api/land?token=a9b96553d34bc5f6647400dfe2b868be","imageurl":"/mcm/images/land/2A/15594_e54461c81d9.jpg","landname":"77"},{"id":281475003973710,"level":2,"status":1,"posx":9,"posy":20,"cityid":416,"townid":907,"tokenid":"f5a1b09a85386435958996f7c6d2a326","tokenurl":"/mcm/api/land?token=f5a1b09a85386435958996f7c6d2a326","imageurl":"/mcm/images/land/2A/15595_450000fc70fe.jpg","landname":"78"},{"id":281475003973711,"level":3,"status":0,"posx":20,"posy":20,"cityid":416,"townid":907,"tokenid":"3752140c4d86bf21eba8842223818683","tokenurl":"/mcm/api/land?token=3752140c4d86bf21eba8842223818683","imageurl":"/mcm/images/land/2B/25990_560450978177.jpg","landname":"79"},{"id":281475003973712,"level":3,"status":0,"posx":21,"posy":20,"cityid":416,"townid":907,"tokenid":"82a092be93c27795ab4bdd998737553b","tokenurl":"/mcm/api/land?token=82a092be93c27795ab4bdd998737553b","imageurl":"/mcm/images/land/2B/25991_2ca231c18901.jpg","landname":"80"},{"id":281475003973713,"level":3,"status":0,"posx":25,"posy":20,"cityid":416,"townid":907,"tokenid":"d7f9519800098354ff13e97fda1b4058","tokenurl":"/mcm/api/land?token=d7f9519800098354ff13e97fda1b4058","imageurl":"/mcm/images/land/2B/25992_3a0922988820.jpg","landname":"81"},{"id":281475003973714,"level":3,"status":1,"posx":26,"posy":20,"cityid":416,"townid":907,"tokenid":"86383c6bc2e889e94f48286e2e5576c3","tokenurl":"/mcm/api/land?token=86383c6bc2e889e94f48286e2e5576c3","imageurl":"/mcm/images/land/2B/25993_57a4b55703ab.jpg","landname":"82"},{"id":281475003973715,"level":3,"status":0,"posx":31,"posy":20,"cityid":416,"townid":907,"tokenid":"7b73e1975147d987b28c7485aa66ee24","tokenurl":"/mcm/api/land?token=7b73e1975147d987b28c7485aa66ee24","imageurl":"/mcm/images/land/2B/25994_f92dfc86969.jpg","landname":"83"},{"id":281475003973716,"level":3,"status":1,"posx":32,"posy":20,"cityid":416,"townid":907,"tokenid":"4e6c75f3328ac9196fd9c954579e0a7c","tokenurl":"/mcm/api/land?token=4e6c75f3328ac9196fd9c954579e0a7c","imageurl":"/mcm/images/land/2B/25995_5094fcfe5f76.jpg","landname":"84"},{"id":281475003973717,"level":3,"status":0,"posx":20,"posy":21,"cityid":416,"townid":907,"tokenid":"03244f96d8f86bff95de038016100ab9","tokenurl":"/mcm/api/land?token=03244f96d8f86bff95de038016100ab9","imageurl":"/mcm/images/land/2B/25996_5119129b5626.jpg","landname":"85"},{"id":281475003973718,"level":2,"status":1,"posx":21,"posy":21,"cityid":416,"townid":907,"tokenid":"0d77744643a38a79c1041471afa1a21e","tokenurl":"/mcm/api/land?token=0d77744643a38a79c1041471afa1a21e","imageurl":"/mcm/images/land/2A/15596_5999944a7f6f.jpg","landname":"86"},{"id":281475003973719,"level":2,"status":1,"posx":25,"posy":21,"cityid":416,"townid":907,"tokenid":"24f65b333c0a53bcded989657b035018","tokenurl":"/mcm/api/land?token=24f65b333c0a53bcded989657b035018","imageurl":"/mcm/images/land/2A/15597_4b8c744bdbd8.jpg","landname":"87"},{"id":281475003973720,"level":1,"status":0,"posx":26,"posy":21,"cityid":416,"townid":907,"tokenid":"0642dd90ae48752fee74b4f7f0cfee45","tokenurl":"/mcm/api/land?token=0642dd90ae48752fee74b4f7f0cfee45","imageurl":"/mcm/images/land/2S/10398_1b763933f21f.jpg","landname":"88"},{"id":281475003973721,"level":3,"status":0,"posx":31,"posy":21,"cityid":416,"townid":907,"tokenid":"c0683b49644c4f422a8a722e899fc9ee","tokenurl":"/mcm/api/land?token=c0683b49644c4f422a8a722e899fc9ee","imageurl":"/mcm/images/land/2B/25997_bfbe2e062b2.jpg","landname":"89"},{"id":281475003973722,"level":2,"status":0,"posx":32,"posy":21,"cityid":416,"townid":907,"tokenid":"073e56b3bbd08449d88b585b4f7decbe","tokenurl":"/mcm/api/land?token=073e56b3bbd08449d88b585b4f7decbe","imageurl":"/mcm/images/land/2A/15598_52ce71935919.jpg","landname":"90"},{"id":281475003973723,"level":2,"status":0,"posx":12,"posy":22,"cityid":416,"townid":907,"tokenid":"faaa0e61c1d4d28754eb8a99450a0fa1","tokenurl":"/mcm/api/land?token=faaa0e61c1d4d28754eb8a99450a0fa1","imageurl":"/mcm/images/land/2A/15599_dbd4e93fdb3.jpg","landname":"91"},{"id":281475003973724,"level":3,"status":1,"posx":13,"posy":22,"cityid":416,"townid":907,"tokenid":"7ddf4370b774bcfdec2929268b2c6d14","tokenurl":"/mcm/api/land?token=7ddf4370b774bcfdec2929268b2c6d14","imageurl":"/mcm/images/land/2B/25998_181118ecf6f7.jpg","landname":"92"},{"id":281475003973725,"level":2,"status":1,"posx":20,"posy":22,"cityid":416,"townid":907,"tokenid":"62d37d53bbff73762a88495f7ceb0149","tokenurl":"/mcm/api/land?token=62d37d53bbff73762a88495f7ceb0149","imageurl":"/mcm/images/land/2A/15600_34eeca03f57e.jpg","landname":"93"},{"id":281475003973726,"level":3,"status":0,"posx":21,"posy":22,"cityid":416,"townid":907,"tokenid":"8b753fbb8439a6c11953d2d8e898b32e","tokenurl":"/mcm/api/land?token=8b753fbb8439a6c11953d2d8e898b32e","imageurl":"/mcm/images/land/2B/25999_8601302ae0f.jpg","landname":"94"},{"id":281475003973727,"level":2,"status":0,"posx":25,"posy":22,"cityid":416,"townid":907,"tokenid":"95fdd3260fe41cd5d2a0215a3f17516f","tokenurl":"/mcm/api/land?token=95fdd3260fe41cd5d2a0215a3f17516f","imageurl":"/mcm/images/land/2A/15601_3f34f61b9adc.jpg","landname":"95"},{"id":281475003973728,"level":2,"status":0,"posx":26,"posy":22,"cityid":416,"townid":907,"tokenid":"cbf93ba1a343417d1c829b932ccc2950","tokenurl":"/mcm/api/land?token=cbf93ba1a343417d1c829b932ccc2950","imageurl":"/mcm/images/land/2A/15602_5674dbe6c57e.jpg","landname":"96"},{"id":281475003973729,"level":3,"status":1,"posx":31,"posy":22,"cityid":416,"townid":907,"tokenid":"73664bd0c205c92f302f68211e08640c","tokenurl":"/mcm/api/land?token=73664bd0c205c92f302f68211e08640c","imageurl":"/mcm/images/land/2B/26000_127f7932f072.jpg","landname":"97"},{"id":281475003973730,"level":3,"status":1,"posx":32,"posy":22,"cityid":416,"townid":907,"tokenid":"356d66d509cc0a772db4262c42b634dd","tokenurl":"/mcm/api/land?token=356d66d509cc0a772db4262c42b634dd","imageurl":"/mcm/images/land/2B/26001_1766a653c1bd.jpg","landname":"98"},{"id":281475003973731,"level":3,"status":0,"posx":12,"posy":23,"cityid":416,"townid":907,"tokenid":"6550bbc5b1a214ca4a4087962cac3d02","tokenurl":"/mcm/api/land?token=6550bbc5b1a214ca4a4087962cac3d02","imageurl":"/mcm/images/land/2B/26002_718245649ae.jpg","landname":"99"},{"id":281475003973732,"level":1,"status":1,"posx":13,"posy":23,"cityid":416,"townid":907,"tokenid":"a82374835823850678bc5943537784aa","tokenurl":"/mcm/api/land?token=a82374835823850678bc5943537784aa","imageurl":"/mcm/images/land/2S/10399_87e57f79d35.jpg","landname":"100"},{"id":281475003973733,"level":3,"status":1,"posx":31,"posy":23,"cityid":416,"townid":907,"tokenid":"06713e06209cbff9a860ba6e674f281d","tokenurl":"/mcm/api/land?token=06713e06209cbff9a860ba6e674f281d","imageurl":"/mcm/images/land/2B/26003_54057dc98096.jpg","landname":"101"},{"id":281475003973734,"level":3,"status":1,"posx":32,"posy":23,"cityid":416,"townid":907,"tokenid":"c56ca5a1aba8c0da9eaca7e0bac970c6","tokenurl":"/mcm/api/land?token=c56ca5a1aba8c0da9eaca7e0bac970c6","imageurl":"/mcm/images/land/2B/26004_5101ac154fc6.jpg","landname":"102"},{"id":281475003973735,"level":3,"status":0,"posx":12,"posy":24,"cityid":416,"townid":907,"tokenid":"f502076da8982f743ca940b152b0605b","tokenurl":"/mcm/api/land?token=f502076da8982f743ca940b152b0605b","imageurl":"/mcm/images/land/2B/26005_11f459519cc2.jpg","landname":"103"},{"id":281475003973736,"level":3,"status":1,"posx":13,"posy":24,"cityid":416,"townid":907,"tokenid":"774cc00b87670fd66d64ae658e9dbc9b","tokenurl":"/mcm/api/land?token=774cc00b87670fd66d64ae658e9dbc9b","imageurl":"/mcm/images/land/2B/26006_4f8cc44ea661.jpg","landname":"104"},{"id":281475003973737,"level":1,"status":1,"posx":31,"posy":24,"cityid":416,"townid":907,"tokenid":"dd10366d0cdf69dfe8fc973767cbd4e5","tokenurl":"/mcm/api/land?token=dd10366d0cdf69dfe8fc973767cbd4e5","imageurl":"/mcm/images/land/2S/10400_7378f610352.jpg","landname":"105"},{"id":281475003973738,"level":3,"status":0,"posx":32,"posy":24,"cityid":416,"townid":907,"tokenid":"ebce93c3b796420aa26eb75ad70d14b8","tokenurl":"/mcm/api/land?token=ebce93c3b796420aa26eb75ad70d14b8","imageurl":"/mcm/images/land/2B/26007_81ea86ef5e3.jpg","landname":"106"},{"id":281475003973739,"level":1,"status":1,"posx":12,"posy":25,"cityid":416,"townid":907,"tokenid":"8ff8f45722adcfeebe0c96c2595e709d","tokenurl":"/mcm/api/land?token=8ff8f45722adcfeebe0c96c2595e709d","imageurl":"/mcm/images/land/2S/10401_4c97def4bb32.jpg","landname":"107"},{"id":281475003973740,"level":3,"status":0,"posx":13,"posy":25,"cityid":416,"townid":907,"tokenid":"1a68888f18f6d7eb08a0353e0f1792a4","tokenurl":"/mcm/api/land?token=1a68888f18f6d7eb08a0353e0f1792a4","imageurl":"/mcm/images/land/2B/26008_20fd39239596.jpg","landname":"108"},{"id":281475003973741,"level":1,"status":0,"posx":6,"posy":26,"cityid":416,"townid":907,"tokenid":"c3e4cd01cc81f3e462f857b096de941c","tokenurl":"/mcm/api/land?token=c3e4cd01cc81f3e462f857b096de941c","imageurl":"/mcm/images/land/2S/10402_198f5bbe6df.jpg","landname":"109"},{"id":281475003973742,"level":2,"status":1,"posx":7,"posy":26,"cityid":416,"townid":907,"tokenid":"0e74ab22035e9dc70b6653640ee5147d","tokenurl":"/mcm/api/land?token=0e74ab22035e9dc70b6653640ee5147d","imageurl":"/mcm/images/land/2A/15603_503312f7ec1a.jpg","landname":"110"},{"id":281475003973743,"level":3,"status":0,"posx":9,"posy":26,"cityid":416,"townid":907,"tokenid":"31cbb04adf8a264c41ab98e48cf0fd20","tokenurl":"/mcm/api/land?token=31cbb04adf8a264c41ab98e48cf0fd20","imageurl":"/mcm/images/land/2B/26009_4e76a79102f5.jpg","landname":"111"},{"id":281475003973744,"level":1,"status":1,"posx":10,"posy":26,"cityid":416,"townid":907,"tokenid":"a7da9a36bac34f16a0bdece90506727b","tokenurl":"/mcm/api/land?token=a7da9a36bac34f16a0bdece90506727b","imageurl":"/mcm/images/land/2S/10403_25a69c5e397e.jpg","landname":"112"},{"id":281475003973745,"level":2,"status":0,"posx":12,"posy":26,"cityid":416,"townid":907,"tokenid":"00c70e96aca99bc8dccf93c77dab48e0","tokenurl":"/mcm/api/land?token=00c70e96aca99bc8dccf93c77dab48e0","imageurl":"/mcm/images/land/2A/15604_bbf804b05a4.jpg","landname":"113"},{"id":281475003973746,"level":1,"status":1,"posx":13,"posy":26,"cityid":416,"townid":907,"tokenid":"f0f40845b672078a81792e01ea2e66c3","tokenurl":"/mcm/api/land?token=f0f40845b672078a81792e01ea2e66c3","imageurl":"/mcm/images/land/2S/10404_4402e4679e1d.jpg","landname":"114"},{"id":281475003973747,"level":3,"status":1,"posx":6,"posy":27,"cityid":416,"townid":907,"tokenid":"8c6e2cc5e5db1947629a5742ac737c0f","tokenurl":"/mcm/api/land?token=8c6e2cc5e5db1947629a5742ac737c0f","imageurl":"/mcm/images/land/2B/26010_4b77ebff219e.jpg","landname":"115"},{"id":281475003973748,"level":2,"status":0,"posx":7,"posy":27,"cityid":416,"townid":907,"tokenid":"1aaae75860c94e97f42eb73a64b384b3","tokenurl":"/mcm/api/land?token=1aaae75860c94e97f42eb73a64b384b3","imageurl":"/mcm/images/land/2A/15605_1c5197c5f29d.jpg","landname":"116"},{"id":281475003973749,"level":1,"status":0,"posx":9,"posy":27,"cityid":416,"townid":907,"tokenid":"c8e5ab5f39b48a3f36f256117cff27da","tokenurl":"/mcm/api/land?token=c8e5ab5f39b48a3f36f256117cff27da","imageurl":"/mcm/images/land/2S/10405_51556589391e.jpg","landname":"117"},{"id":281475003973750,"level":2,"status":1,"posx":10,"posy":27,"cityid":416,"townid":907,"tokenid":"5c1a94d40d0675f187c287373cb36024","tokenurl":"/mcm/api/land?token=5c1a94d40d0675f187c287373cb36024","imageurl":"/mcm/images/land/2A/15606_4b6a47f01c7c.jpg","landname":"118"},{"id":281475003973751,"level":1,"status":1,"posx":23,"posy":27,"cityid":416,"townid":907,"tokenid":"1e19befa91b2bd9e16155a0e3e33a562","tokenurl":"/mcm/api/land?token=1e19befa91b2bd9e16155a0e3e33a562","imageurl":"/mcm/images/land/2S/10406_19585f0c78d5.jpg","landname":"119"},{"id":281475003973752,"level":3,"status":1,"posx":24,"posy":27,"cityid":416,"townid":907,"tokenid":"88a8f9fa0aae2be02208ea892ada050c","tokenurl":"/mcm/api/land?token=88a8f9fa0aae2be02208ea892ada050c","imageurl":"/mcm/images/land/2B/26011_3602da078570.jpg","landname":"120"},{"id":281475003973753,"level":2,"status":0,"posx":6,"posy":28,"cityid":416,"townid":907,"tokenid":"b3e45542c03a81ac00c6f37ff92d2df2","tokenurl":"/mcm/api/land?token=b3e45542c03a81ac00c6f37ff92d2df2","imageurl":"/mcm/images/land/2A/15607_20ff11c7a4c5.jpg","landname":"121"},{"id":281475003973754,"level":1,"status":0,"posx":7,"posy":28,"cityid":416,"townid":907,"tokenid":"3d91367f38a2d9234c9b595eac6cd39f","tokenurl":"/mcm/api/land?token=3d91367f38a2d9234c9b595eac6cd39f","imageurl":"/mcm/images/land/2S/10407_37c5d5dc579d.jpg","landname":"122"},{"id":281475003973755,"level":3,"status":0,"posx":9,"posy":28,"cityid":416,"townid":907,"tokenid":"c0a79d84142127f0d2ab93a51b8941d1","tokenurl":"/mcm/api/land?token=c0a79d84142127f0d2ab93a51b8941d1","imageurl":"/mcm/images/land/2B/26012_3410b91ce490.jpg","landname":"123"},{"id":281475003973756,"level":2,"status":1,"posx":10,"posy":28,"cityid":416,"townid":907,"tokenid":"33f4d1080c4c650182cc4ce43b1d7ec3","tokenurl":"/mcm/api/land?token=33f4d1080c4c650182cc4ce43b1d7ec3","imageurl":"/mcm/images/land/2A/15608_5179e059bff0.jpg","landname":"124"},{"id":281475003973757,"level":3,"status":1,"posx":23,"posy":28,"cityid":416,"townid":907,"tokenid":"8cd9bff02277aecc907ac1f831b97a38","tokenurl":"/mcm/api/land?token=8cd9bff02277aecc907ac1f831b97a38","imageurl":"/mcm/images/land/2B/26013_1d4e50105bfb.jpg","landname":"125"},{"id":281475003973758,"level":1,"status":0,"posx":24,"posy":28,"cityid":416,"townid":907,"tokenid":"ffb6547ad883dbf71928608d3bb28a02","tokenurl":"/mcm/api/land?token=ffb6547ad883dbf71928608d3bb28a02","imageurl":"/mcm/images/land/2S/10408_274b62616c0c.jpg","landname":"126"},{"id":281475003973759,"level":3,"status":0,"posx":32,"posy":28,"cityid":416,"townid":907,"tokenid":"177fa0f5e4a68419ccf702eef05538d2","tokenurl":"/mcm/api/land?token=177fa0f5e4a68419ccf702eef05538d2","imageurl":"/mcm/images/land/2B/26014_3e222b7cb99c.jpg","landname":"127"},{"id":281475003973760,"level":3,"status":1,"posx":33,"posy":28,"cityid":416,"townid":907,"tokenid":"2d773c67e841c7acade4979f7c31bcd3","tokenurl":"/mcm/api/land?token=2d773c67e841c7acade4979f7c31bcd3","imageurl":"/mcm/images/land/2B/26015_22acf2d5fbfa.jpg","landname":"128"},{"id":281475003973761,"level":2,"status":0,"posx":6,"posy":29,"cityid":416,"townid":907,"tokenid":"4debbecb40bfe9e5820caa39aae73d37","tokenurl":"/mcm/api/land?token=4debbecb40bfe9e5820caa39aae73d37","imageurl":"/mcm/images/land/2A/15609_509b57682d87.jpg","landname":"129"},{"id":281475003973762,"level":3,"status":1,"posx":7,"posy":29,"cityid":416,"townid":907,"tokenid":"1a7d860d5dc561945511f2554f1b3400","tokenurl":"/mcm/api/land?token=1a7d860d5dc561945511f2554f1b3400","imageurl":"/mcm/images/land/2B/26016_3ed571e2e4ab.jpg","landname":"130"},{"id":281475003973763,"level":1,"status":1,"posx":9,"posy":29,"cityid":416,"townid":907,"tokenid":"f3c1e502eb641171cadb11ae7b002870","tokenurl":"/mcm/api/land?token=f3c1e502eb641171cadb11ae7b002870","imageurl":"/mcm/images/land/2S/10409_2bdc5a538cee.jpg","landname":"131"},{"id":281475003973764,"level":2,"status":0,"posx":10,"posy":29,"cityid":416,"townid":907,"tokenid":"20211a5e390b3ed4442871d8e5437bd0","tokenurl":"/mcm/api/land?token=20211a5e390b3ed4442871d8e5437bd0","imageurl":"/mcm/images/land/2A/15610_7cb0547670.jpg","landname":"132"},{"id":281475003973765,"level":1,"status":0,"posx":23,"posy":29,"cityid":416,"townid":907,"tokenid":"ed961502f240cc7f35601007c5606048","tokenurl":"/mcm/api/land?token=ed961502f240cc7f35601007c5606048","imageurl":"/mcm/images/land/2S/10410_29ca4fe14ab3.jpg","landname":"133"},{"id":281475003973766,"level":3,"status":1,"posx":24,"posy":29,"cityid":416,"townid":907,"tokenid":"5428824317a07439fefb2e76eaf1351a","tokenurl":"/mcm/api/land?token=5428824317a07439fefb2e76eaf1351a","imageurl":"/mcm/images/land/2B/26017_3c33a99f947.jpg","landname":"134"},{"id":281475003973767,"level":2,"status":1,"posx":32,"posy":29,"cityid":416,"townid":907,"tokenid":"4b81c77a5f84a62976ddc4387e595c10","tokenurl":"/mcm/api/land?token=4b81c77a5f84a62976ddc4387e595c10","imageurl":"/mcm/images/land/2A/15611_19db3738303.jpg","landname":"135"},{"id":281475003973768,"level":2,"status":0,"posx":33,"posy":29,"cityid":416,"townid":907,"tokenid":"36702d8dd378674b24d2fa57313812b0","tokenurl":"/mcm/api/land?token=36702d8dd378674b24d2fa57313812b0","imageurl":"/mcm/images/land/2A/15612_18f2082d5404.jpg","landname":"136"},{"id":281475003973769,"level":2,"status":0,"posx":6,"posy":30,"cityid":416,"townid":907,"tokenid":"7878e5b63bdb3596d576d3b0657c0cc6","tokenurl":"/mcm/api/land?token=7878e5b63bdb3596d576d3b0657c0cc6","imageurl":"/mcm/images/land/2A/15613_112d30f97292.jpg","landname":"137"},{"id":281475003973770,"level":3,"status":1,"posx":7,"posy":30,"cityid":416,"townid":907,"tokenid":"c516804e36de5771f9c7485645977190","tokenurl":"/mcm/api/land?token=c516804e36de5771f9c7485645977190","imageurl":"/mcm/images/land/2B/26018_72cfec6f160.jpg","landname":"138"},{"id":281475003973771,"level":3,"status":1,"posx":9,"posy":30,"cityid":416,"townid":907,"tokenid":"ac31b7e18656845dda32bcf01a432d0d","tokenurl":"/mcm/api/land?token=ac31b7e18656845dda32bcf01a432d0d","imageurl":"/mcm/images/land/2B/26019_5a72faeb4e13.jpg","landname":"139"},{"id":281475003973772,"level":2,"status":0,"posx":10,"posy":30,"cityid":416,"townid":907,"tokenid":"a60d57e25b846a3806557e4dc2823f0f","tokenurl":"/mcm/api/land?token=a60d57e25b846a3806557e4dc2823f0f","imageurl":"/mcm/images/land/2A/15614_31e86f250584.jpg","landname":"140"},{"id":281475003973773,"level":3,"status":1,"posx":23,"posy":30,"cityid":416,"townid":907,"tokenid":"1586e23bfea1ff2f36001444841f78da","tokenurl":"/mcm/api/land?token=1586e23bfea1ff2f36001444841f78da","imageurl":"/mcm/images/land/2B/26020_9fd4bd2fa2c.jpg","landname":"141"},{"id":281475003973774,"level":3,"status":0,"posx":24,"posy":30,"cityid":416,"townid":907,"tokenid":"767a9073b8d4ffd7ca96be9ab4e661fc","tokenurl":"/mcm/api/land?token=767a9073b8d4ffd7ca96be9ab4e661fc","imageurl":"/mcm/images/land/2B/26021_2e88074343da.jpg","landname":"142"},{"id":281475003973775,"level":3,"status":0,"posx":32,"posy":30,"cityid":416,"townid":907,"tokenid":"500ce625f14e35c8b00a8921f1379e8c","tokenurl":"/mcm/api/land?token=500ce625f14e35c8b00a8921f1379e8c","imageurl":"/mcm/images/land/2B/26022_17ae22a55bad.jpg","landname":"143"},{"id":281475003973776,"level":3,"status":0,"posx":33,"posy":30,"cityid":416,"townid":907,"tokenid":"3490ddb5fada965c3f6641233c1e714b","tokenurl":"/mcm/api/land?token=3490ddb5fada965c3f6641233c1e714b","imageurl":"/mcm/images/land/2B/26023_1d9f5ae32b9b.jpg","landname":"144"},{"id":281475003973777,"level":2,"status":0,"posx":23,"posy":31,"cityid":416,"townid":907,"tokenid":"0442a55705613182166ccd50ae317a3f","tokenurl":"/mcm/api/land?token=0442a55705613182166ccd50ae317a3f","imageurl":"/mcm/images/land/2A/15615_55491a912b7e.jpg","landname":"145"},{"id":281475003973778,"level":3,"status":0,"posx":24,"posy":31,"cityid":416,"townid":907,"tokenid":"70aab058523afb42518bcb2edc31719f","tokenurl":"/mcm/api/land?token=70aab058523afb42518bcb2edc31719f","imageurl":"/mcm/images/land/2B/26024_2a2d32bd6781.jpg","landname":"146"},{"id":281475003973779,"level":3,"status":1,"posx":32,"posy":31,"cityid":416,"townid":907,"tokenid":"32e5573e211ddcbfe1f3de0523aa5f33","tokenurl":"/mcm/api/land?token=32e5573e211ddcbfe1f3de0523aa5f33","imageurl":"/mcm/images/land/2B/26025_3e5538185617.jpg","landname":"147"},{"id":281475003973780,"level":3,"status":0,"posx":33,"posy":31,"cityid":416,"townid":907,"tokenid":"a9bde32782695ad7a27c50ec6020e2b4","tokenurl":"/mcm/api/land?token=a9bde32782695ad7a27c50ec6020e2b4","imageurl":"/mcm/images/land/2B/26026_5739f38f446d.jpg","landname":"148"},{"id":281475003973781,"level":1,"status":1,"posx":32,"posy":32,"cityid":416,"townid":907,"tokenid":"7c1f5b89b6e1145383a6716a10520e03","tokenurl":"/mcm/api/land?token=7c1f5b89b6e1145383a6716a10520e03","imageurl":"/mcm/images/land/2S/10411_126aa1c93a97.jpg","landname":"149"},{"id":281475003973782,"level":2,"status":1,"posx":33,"posy":32,"cityid":416,"townid":907,"tokenid":"a404b745161e256b0a582649eb004fe6","tokenurl":"/mcm/api/land?token=a404b745161e256b0a582649eb004fe6","imageurl":"/mcm/images/land/2A/15616_c7d3cf7ae34.jpg","landname":"150"}]]],0,0,[],[],[]]
