[1,0,0,[["cc.JsonAsset",["_name","json"],1]],[[0,0,1,3]],[[0,"133",[{"id":281474979921921,"level":3,"status":1,"posx":15,"posy":5,"cityid":49,"townid":133,"tokenid":"85e3a5ec6a57cd844f816ab19527d3b2","tokenurl":"/mcm/api/land?token=85e3a5ec6a57cd844f816ab19527d3b2","imageurl":"/mcm/images/land/2B/4502_32293693b14e.jpg","landname":"1"},{"id":281474979921922,"level":2,"status":1,"posx":16,"posy":5,"cityid":49,"townid":133,"tokenid":"e90474ea06ef1b85e188442207a017d1","tokenurl":"/mcm/api/land?token=e90474ea06ef1b85e188442207a017d1","imageurl":"/mcm/images/land/2A/2702_2309a520df9e.jpg","landname":"2"},{"id":281474979921923,"level":3,"status":0,"posx":25,"posy":5,"cityid":49,"townid":133,"tokenid":"f76b7f660ae6ccfed02b645921cb09ae","tokenurl":"/mcm/api/land?token=f76b7f660ae6ccfed02b645921cb09ae","imageurl":"/mcm/images/land/2B/4503_1796275d8524.jpg","landname":"3"},{"id":281474979921924,"level":2,"status":0,"posx":26,"posy":5,"cityid":49,"townid":133,"tokenid":"240e651f73819a8ce141626c81baac86","tokenurl":"/mcm/api/land?token=240e651f73819a8ce141626c81baac86","imageurl":"/mcm/images/land/2A/2703_1e0063023cca.jpg","landname":"4"},{"id":281474979921925,"level":2,"status":1,"posx":6,"posy":6,"cityid":49,"townid":133,"tokenid":"904fa27dccb2db33b063f3d54cc7cbba","tokenurl":"/mcm/api/land?token=904fa27dccb2db33b063f3d54cc7cbba","imageurl":"/mcm/images/land/2A/2704_57b96d45d829.jpg","landname":"5"},{"id":281474979921926,"level":3,"status":1,"posx":7,"posy":6,"cityid":49,"townid":133,"tokenid":"c76a55280c5b399c831a0ca2486e1488","tokenurl":"/mcm/api/land?token=c76a55280c5b399c831a0ca2486e1488","imageurl":"/mcm/images/land/2B/4504_5fd91d8c9d3.jpg","landname":"6"},{"id":281474979921927,"level":2,"status":1,"posx":15,"posy":6,"cityid":49,"townid":133,"tokenid":"8d642c2a92bc553f128aaedf2ffbd5b0","tokenurl":"/mcm/api/land?token=8d642c2a92bc553f128aaedf2ffbd5b0","imageurl":"/mcm/images/land/2A/2705_59aab485421b.jpg","landname":"7"},{"id":281474979921928,"level":1,"status":1,"posx":16,"posy":6,"cityid":49,"townid":133,"tokenid":"b9632f462bd49ab849d5544ddd391e6a","tokenurl":"/mcm/api/land?token=b9632f462bd49ab849d5544ddd391e6a","imageurl":"/mcm/images/land/2S/1802_2e61b957cac9.jpg","landname":"8"},{"id":281474979921929,"level":3,"status":0,"posx":25,"posy":6,"cityid":49,"townid":133,"tokenid":"9ae9261216e1e5d88447fa99edb5ece9","tokenurl":"/mcm/api/land?token=9ae9261216e1e5d88447fa99edb5ece9","imageurl":"/mcm/images/land/2B/4505_1e5e866da6d7.jpg","landname":"9"},{"id":281474979921930,"level":3,"status":1,"posx":26,"posy":6,"cityid":49,"townid":133,"tokenid":"fa949fdcac79e162ed39e291d3a7d2be","tokenurl":"/mcm/api/land?token=fa949fdcac79e162ed39e291d3a7d2be","imageurl":"/mcm/images/land/2B/4506_86ce2225050.jpg","landname":"10"},{"id":281474979921931,"level":2,"status":0,"posx":30,"posy":6,"cityid":49,"townid":133,"tokenid":"1cca6f2339f816421af3d9c31b54aa88","tokenurl":"/mcm/api/land?token=1cca6f2339f816421af3d9c31b54aa88","imageurl":"/mcm/images/land/2A/2706_6e7cdfd4d0a.jpg","landname":"11"},{"id":281474979921932,"level":2,"status":1,"posx":31,"posy":6,"cityid":49,"townid":133,"tokenid":"764bc05fb58556104d3212b46d429536","tokenurl":"/mcm/api/land?token=764bc05fb58556104d3212b46d429536","imageurl":"/mcm/images/land/2A/2707_514fa7bc6c40.jpg","landname":"12"},{"id":281474979921933,"level":2,"status":1,"posx":33,"posy":6,"cityid":49,"townid":133,"tokenid":"d2d7f8b62e3bc716c327f5e4e0e72a9b","tokenurl":"/mcm/api/land?token=d2d7f8b62e3bc716c327f5e4e0e72a9b","imageurl":"/mcm/images/land/2A/2708_11aba078236d.jpg","landname":"13"},{"id":281474979921934,"level":1,"status":0,"posx":34,"posy":6,"cityid":49,"townid":133,"tokenid":"4bf1a850064919613c78d009a23d38d4","tokenurl":"/mcm/api/land?token=4bf1a850064919613c78d009a23d38d4","imageurl":"/mcm/images/land/2S/1803_8772c967793.jpg","landname":"14"},{"id":281474979921935,"level":3,"status":1,"posx":6,"posy":7,"cityid":49,"townid":133,"tokenid":"5042dfc85ddd22c058e6bb57bd0016af","tokenurl":"/mcm/api/land?token=5042dfc85ddd22c058e6bb57bd0016af","imageurl":"/mcm/images/land/2B/4507_407180a0d7cb.jpg","landname":"15"},{"id":281474979921936,"level":2,"status":0,"posx":7,"posy":7,"cityid":49,"townid":133,"tokenid":"c54c2b31e0761d0010711924384ebee4","tokenurl":"/mcm/api/land?token=c54c2b31e0761d0010711924384ebee4","imageurl":"/mcm/images/land/2A/2709_a1673aca56b.jpg","landname":"16"},{"id":281474979921937,"level":2,"status":0,"posx":15,"posy":7,"cityid":49,"townid":133,"tokenid":"1545ebf47d9e65d324ef708338146472","tokenurl":"/mcm/api/land?token=1545ebf47d9e65d324ef708338146472","imageurl":"/mcm/images/land/2A/2710_13c1d7dad801.jpg","landname":"17"},{"id":281474979921938,"level":3,"status":1,"posx":16,"posy":7,"cityid":49,"townid":133,"tokenid":"0e18fb68a86b91547e1176a6488ee89e","tokenurl":"/mcm/api/land?token=0e18fb68a86b91547e1176a6488ee89e","imageurl":"/mcm/images/land/2B/4508_344d10b926a4.jpg","landname":"18"},{"id":281474979921939,"level":3,"status":0,"posx":21,"posy":7,"cityid":49,"townid":133,"tokenid":"2975fdf2dbe2441b63123a36e7b662e4","tokenurl":"/mcm/api/land?token=2975fdf2dbe2441b63123a36e7b662e4","imageurl":"/mcm/images/land/2B/4509_59a44d184ccc.jpg","landname":"19"},{"id":281474979921940,"level":3,"status":0,"posx":22,"posy":7,"cityid":49,"townid":133,"tokenid":"b69c7f7e79c9c4b3b2b51cd40b15f6a4","tokenurl":"/mcm/api/land?token=b69c7f7e79c9c4b3b2b51cd40b15f6a4","imageurl":"/mcm/images/land/2B/4510_24bfa5f4a99b.jpg","landname":"20"},{"id":281474979921941,"level":3,"status":0,"posx":25,"posy":7,"cityid":49,"townid":133,"tokenid":"2650485027114b2fcc7cc9355151727e","tokenurl":"/mcm/api/land?token=2650485027114b2fcc7cc9355151727e","imageurl":"/mcm/images/land/2B/4511_3e892590f84d.jpg","landname":"21"},{"id":281474979921942,"level":3,"status":0,"posx":26,"posy":7,"cityid":49,"townid":133,"tokenid":"cc1f5277ccff8ac74b0292d6575cf41e","tokenurl":"/mcm/api/land?token=cc1f5277ccff8ac74b0292d6575cf41e","imageurl":"/mcm/images/land/2B/4512_97480fde6c6.jpg","landname":"22"},{"id":281474979921943,"level":2,"status":0,"posx":30,"posy":7,"cityid":49,"townid":133,"tokenid":"939747d91ee28ca7ddd64c94eed1b9f5","tokenurl":"/mcm/api/land?token=939747d91ee28ca7ddd64c94eed1b9f5","imageurl":"/mcm/images/land/2A/2711_2166d966edf7.jpg","landname":"23"},{"id":281474979921944,"level":3,"status":0,"posx":31,"posy":7,"cityid":49,"townid":133,"tokenid":"265f56e6fae8b1abca7c9d08b135efce","tokenurl":"/mcm/api/land?token=265f56e6fae8b1abca7c9d08b135efce","imageurl":"/mcm/images/land/2B/4513_54bf99f0a223.jpg","landname":"24"},{"id":281474979921945,"level":3,"status":0,"posx":33,"posy":7,"cityid":49,"townid":133,"tokenid":"9ee96046d54292515b3312178490c773","tokenurl":"/mcm/api/land?token=9ee96046d54292515b3312178490c773","imageurl":"/mcm/images/land/2B/4514_3abfc508a3dd.jpg","landname":"25"},{"id":281474979921946,"level":3,"status":1,"posx":34,"posy":7,"cityid":49,"townid":133,"tokenid":"404f6a89a69f3cb18b8fe42b16e8bd69","tokenurl":"/mcm/api/land?token=404f6a89a69f3cb18b8fe42b16e8bd69","imageurl":"/mcm/images/land/2B/4515_45ad55e2e098.jpg","landname":"26"},{"id":281474979921947,"level":1,"status":1,"posx":6,"posy":8,"cityid":49,"townid":133,"tokenid":"8365113b253273a8ce460d663c45cb67","tokenurl":"/mcm/api/land?token=8365113b253273a8ce460d663c45cb67","imageurl":"/mcm/images/land/2S/1804_27b287742bcc.jpg","landname":"27"},{"id":281474979921948,"level":2,"status":1,"posx":7,"posy":8,"cityid":49,"townid":133,"tokenid":"4a4017d84ecd923372b06f58fdbf7ca5","tokenurl":"/mcm/api/land?token=4a4017d84ecd923372b06f58fdbf7ca5","imageurl":"/mcm/images/land/2A/2712_1850b868e8b0.jpg","landname":"28"},{"id":281474979921949,"level":1,"status":1,"posx":15,"posy":8,"cityid":49,"townid":133,"tokenid":"dcaa0cc59e43b81bc9ea6b73cf4b4b6e","tokenurl":"/mcm/api/land?token=dcaa0cc59e43b81bc9ea6b73cf4b4b6e","imageurl":"/mcm/images/land/2S/1805_33ac8e954488.jpg","landname":"29"},{"id":281474979921950,"level":3,"status":0,"posx":16,"posy":8,"cityid":49,"townid":133,"tokenid":"5865e21743320ec27b76fd01c6f8401b","tokenurl":"/mcm/api/land?token=5865e21743320ec27b76fd01c6f8401b","imageurl":"/mcm/images/land/2B/4516_2e2a1f537ec2.jpg","landname":"30"},{"id":281474979921951,"level":3,"status":0,"posx":21,"posy":8,"cityid":49,"townid":133,"tokenid":"1cde5db4ceefc6c99f1ca2b1e2a29e9b","tokenurl":"/mcm/api/land?token=1cde5db4ceefc6c99f1ca2b1e2a29e9b","imageurl":"/mcm/images/land/2B/4517_456dc3c30907.jpg","landname":"31"},{"id":281474979921952,"level":2,"status":1,"posx":22,"posy":8,"cityid":49,"townid":133,"tokenid":"100bd3c0f01a880390754862b34f9245","tokenurl":"/mcm/api/land?token=100bd3c0f01a880390754862b34f9245","imageurl":"/mcm/images/land/2A/2713_33456f15a29e.jpg","landname":"32"},{"id":281474979921953,"level":2,"status":0,"posx":25,"posy":8,"cityid":49,"townid":133,"tokenid":"0a89faf8568b42a8bd93db81407c0363","tokenurl":"/mcm/api/land?token=0a89faf8568b42a8bd93db81407c0363","imageurl":"/mcm/images/land/2A/2714_1878c26b0143.jpg","landname":"33"},{"id":281474979921954,"level":2,"status":1,"posx":26,"posy":8,"cityid":49,"townid":133,"tokenid":"b45a0e8feece982c3607000d45b5303e","tokenurl":"/mcm/api/land?token=b45a0e8feece982c3607000d45b5303e","imageurl":"/mcm/images/land/2A/2715_10d6df5d7e75.jpg","landname":"34"},{"id":281474979921955,"level":1,"status":0,"posx":30,"posy":8,"cityid":49,"townid":133,"tokenid":"fc6badfcf8e1aeb0be7155de91b85886","tokenurl":"/mcm/api/land?token=fc6badfcf8e1aeb0be7155de91b85886","imageurl":"/mcm/images/land/2S/1806_5a757391888e.jpg","landname":"35"},{"id":281474979921956,"level":1,"status":0,"posx":31,"posy":8,"cityid":49,"townid":133,"tokenid":"ce1acfc4c4237af09a609093ecb79a3a","tokenurl":"/mcm/api/land?token=ce1acfc4c4237af09a609093ecb79a3a","imageurl":"/mcm/images/land/2S/1807_5a97aa806d52.jpg","landname":"36"},{"id":281474979921957,"level":3,"status":0,"posx":33,"posy":8,"cityid":49,"townid":133,"tokenid":"7a92841cd28d517da8979acad5210337","tokenurl":"/mcm/api/land?token=7a92841cd28d517da8979acad5210337","imageurl":"/mcm/images/land/2B/4518_27cc0c9bfea9.jpg","landname":"37"},{"id":281474979921958,"level":3,"status":1,"posx":34,"posy":8,"cityid":49,"townid":133,"tokenid":"2c82b8da3cc0e5d33e34e03d76e6b5d7","tokenurl":"/mcm/api/land?token=2c82b8da3cc0e5d33e34e03d76e6b5d7","imageurl":"/mcm/images/land/2B/4519_3636d8b7b38e.jpg","landname":"38"},{"id":281474979921959,"level":1,"status":1,"posx":6,"posy":9,"cityid":49,"townid":133,"tokenid":"22062623784437f5bca4e8161b54ed1a","tokenurl":"/mcm/api/land?token=22062623784437f5bca4e8161b54ed1a","imageurl":"/mcm/images/land/2S/1808_56b0be01e784.jpg","landname":"39"},{"id":281474979921960,"level":1,"status":1,"posx":7,"posy":9,"cityid":49,"townid":133,"tokenid":"13d4a9a82d114628c171db92df838dc2","tokenurl":"/mcm/api/land?token=13d4a9a82d114628c171db92df838dc2","imageurl":"/mcm/images/land/2S/1809_3a57628ca436.jpg","landname":"40"},{"id":281474979921961,"level":2,"status":1,"posx":15,"posy":9,"cityid":49,"townid":133,"tokenid":"49fce7bf7edc7ddad76003ac3ea388f3","tokenurl":"/mcm/api/land?token=49fce7bf7edc7ddad76003ac3ea388f3","imageurl":"/mcm/images/land/2A/2716_f0906c72f58.jpg","landname":"41"},{"id":281474979921962,"level":3,"status":0,"posx":16,"posy":9,"cityid":49,"townid":133,"tokenid":"928711d20cf04298cb55ed326090544c","tokenurl":"/mcm/api/land?token=928711d20cf04298cb55ed326090544c","imageurl":"/mcm/images/land/2B/4520_1435098ab69b.jpg","landname":"42"},{"id":281474979921963,"level":1,"status":1,"posx":21,"posy":9,"cityid":49,"townid":133,"tokenid":"162f55f26e95276b92eb6febfa7dd2e1","tokenurl":"/mcm/api/land?token=162f55f26e95276b92eb6febfa7dd2e1","imageurl":"/mcm/images/land/2S/1810_3227b81d338d.jpg","landname":"43"},{"id":281474979921964,"level":3,"status":1,"posx":22,"posy":9,"cityid":49,"townid":133,"tokenid":"a7ec9157b8d5de0d976c3c963898e59e","tokenurl":"/mcm/api/land?token=a7ec9157b8d5de0d976c3c963898e59e","imageurl":"/mcm/images/land/2B/4521_125ff5c52044.jpg","landname":"44"},{"id":281474979921965,"level":3,"status":0,"posx":25,"posy":9,"cityid":49,"townid":133,"tokenid":"517fd0a6aa5b6d69b29f9215c99fa5a5","tokenurl":"/mcm/api/land?token=517fd0a6aa5b6d69b29f9215c99fa5a5","imageurl":"/mcm/images/land/2B/4522_4d729d2462c5.jpg","landname":"45"},{"id":281474979921966,"level":3,"status":0,"posx":26,"posy":9,"cityid":49,"townid":133,"tokenid":"70f5fe6fbb0678052b3b62c5b2c6c262","tokenurl":"/mcm/api/land?token=70f5fe6fbb0678052b3b62c5b2c6c262","imageurl":"/mcm/images/land/2B/4523_548fba3493ef.jpg","landname":"46"},{"id":281474979921967,"level":3,"status":1,"posx":30,"posy":9,"cityid":49,"townid":133,"tokenid":"eb92667a1ae42eff54ec0568961333fa","tokenurl":"/mcm/api/land?token=eb92667a1ae42eff54ec0568961333fa","imageurl":"/mcm/images/land/2B/4524_1490bb9cefd2.jpg","landname":"47"},{"id":281474979921968,"level":3,"status":1,"posx":31,"posy":9,"cityid":49,"townid":133,"tokenid":"51fc84e2f96b7c8e76a4eeb06cf8f90c","tokenurl":"/mcm/api/land?token=51fc84e2f96b7c8e76a4eeb06cf8f90c","imageurl":"/mcm/images/land/2B/4525_556f4071296e.jpg","landname":"48"},{"id":281474979921969,"level":2,"status":1,"posx":33,"posy":9,"cityid":49,"townid":133,"tokenid":"c645824acf9cb74964fff8b99185eff6","tokenurl":"/mcm/api/land?token=c645824acf9cb74964fff8b99185eff6","imageurl":"/mcm/images/land/2A/2717_2842e0995c1c.jpg","landname":"49"},{"id":281474979921970,"level":1,"status":0,"posx":34,"posy":9,"cityid":49,"townid":133,"tokenid":"1dc440afa72388465303dc80554db07c","tokenurl":"/mcm/api/land?token=1dc440afa72388465303dc80554db07c","imageurl":"/mcm/images/land/2S/1811_18a2f662a9dd.jpg","landname":"50"},{"id":281474979921971,"level":3,"status":1,"posx":6,"posy":10,"cityid":49,"townid":133,"tokenid":"a277d4c020d7675126a421fafaf0bd20","tokenurl":"/mcm/api/land?token=a277d4c020d7675126a421fafaf0bd20","imageurl":"/mcm/images/land/2B/4526_4d615f64a1d9.jpg","landname":"51"},{"id":281474979921972,"level":2,"status":1,"posx":7,"posy":10,"cityid":49,"townid":133,"tokenid":"adc2de9cd5dfba8b161126111bc94d5a","tokenurl":"/mcm/api/land?token=adc2de9cd5dfba8b161126111bc94d5a","imageurl":"/mcm/images/land/2A/2718_1bd23d238e96.jpg","landname":"52"},{"id":281474979921973,"level":1,"status":1,"posx":11,"posy":10,"cityid":49,"townid":133,"tokenid":"ab04343ae41b6196c53741e3d6e9501c","tokenurl":"/mcm/api/land?token=ab04343ae41b6196c53741e3d6e9501c","imageurl":"/mcm/images/land/2S/1812_4bf42399095e.jpg","landname":"53"},{"id":281474979921974,"level":1,"status":0,"posx":12,"posy":10,"cityid":49,"townid":133,"tokenid":"2aea952a9cec19cbcda7d61080905f71","tokenurl":"/mcm/api/land?token=2aea952a9cec19cbcda7d61080905f71","imageurl":"/mcm/images/land/2S/1813_28c34233f626.jpg","landname":"54"},{"id":281474979921975,"level":1,"status":1,"posx":21,"posy":10,"cityid":49,"townid":133,"tokenid":"b2524c901b29f5eb81a4803f1f76c510","tokenurl":"/mcm/api/land?token=b2524c901b29f5eb81a4803f1f76c510","imageurl":"/mcm/images/land/2S/1814_368215990b0d.jpg","landname":"55"},{"id":281474979921976,"level":3,"status":0,"posx":22,"posy":10,"cityid":49,"townid":133,"tokenid":"0a170d479e8026ff97dec5d756e4eb4b","tokenurl":"/mcm/api/land?token=0a170d479e8026ff97dec5d756e4eb4b","imageurl":"/mcm/images/land/2B/4527_366968e74d58.jpg","landname":"56"},{"id":281474979921977,"level":1,"status":0,"posx":30,"posy":10,"cityid":49,"townid":133,"tokenid":"fedc4a7f81c846a49167bbd28a41d9e4","tokenurl":"/mcm/api/land?token=fedc4a7f81c846a49167bbd28a41d9e4","imageurl":"/mcm/images/land/2S/1815_21b234b99e7a.jpg","landname":"57"},{"id":281474979921978,"level":2,"status":0,"posx":31,"posy":10,"cityid":49,"townid":133,"tokenid":"5d0a24e892cca50303b8dfbb67f9d6f7","tokenurl":"/mcm/api/land?token=5d0a24e892cca50303b8dfbb67f9d6f7","imageurl":"/mcm/images/land/2A/2719_293f38e758c3.jpg","landname":"58"},{"id":281474979921979,"level":3,"status":1,"posx":33,"posy":10,"cityid":49,"townid":133,"tokenid":"531fca27de4eb74a29177bc3d6a6e7cc","tokenurl":"/mcm/api/land?token=531fca27de4eb74a29177bc3d6a6e7cc","imageurl":"/mcm/images/land/2B/4528_5a804f7b4dc.jpg","landname":"59"},{"id":281474979921980,"level":1,"status":0,"posx":34,"posy":10,"cityid":49,"townid":133,"tokenid":"9e0d03d82985147c53bfd04b58a9f2b0","tokenurl":"/mcm/api/land?token=9e0d03d82985147c53bfd04b58a9f2b0","imageurl":"/mcm/images/land/2S/1816_15d3f250a62d.jpg","landname":"60"},{"id":281474979921981,"level":3,"status":0,"posx":11,"posy":11,"cityid":49,"townid":133,"tokenid":"c07a189c985591ceaa276af31178b71f","tokenurl":"/mcm/api/land?token=c07a189c985591ceaa276af31178b71f","imageurl":"/mcm/images/land/2B/4529_56ee25c36ae9.jpg","landname":"61"},{"id":281474979921982,"level":3,"status":0,"posx":12,"posy":11,"cityid":49,"townid":133,"tokenid":"845c5cbd10fb3948d81856eaccccda6b","tokenurl":"/mcm/api/land?token=845c5cbd10fb3948d81856eaccccda6b","imageurl":"/mcm/images/land/2B/4530_22f82a06df71.jpg","landname":"62"},{"id":281474979921983,"level":3,"status":0,"posx":21,"posy":11,"cityid":49,"townid":133,"tokenid":"ab066fe17025c33dbb3e05fc96337777","tokenurl":"/mcm/api/land?token=ab066fe17025c33dbb3e05fc96337777","imageurl":"/mcm/images/land/2B/4531_1d542ac3cd6.jpg","landname":"63"},{"id":281474979921984,"level":3,"status":1,"posx":22,"posy":11,"cityid":49,"townid":133,"tokenid":"a07cb10f60811443f16353571a5c7d6b","tokenurl":"/mcm/api/land?token=a07cb10f60811443f16353571a5c7d6b","imageurl":"/mcm/images/land/2B/4532_4eded9fc9ba4.jpg","landname":"64"},{"id":281474979921985,"level":2,"status":1,"posx":11,"posy":12,"cityid":49,"townid":133,"tokenid":"4b124abb6a0fd1c101636bfb2e35b6e7","tokenurl":"/mcm/api/land?token=4b124abb6a0fd1c101636bfb2e35b6e7","imageurl":"/mcm/images/land/2A/2720_1e87b7c79b32.jpg","landname":"65"},{"id":281474979921986,"level":1,"status":1,"posx":12,"posy":12,"cityid":49,"townid":133,"tokenid":"91a38d8d3bb79ae19e32d04e3681d71e","tokenurl":"/mcm/api/land?token=91a38d8d3bb79ae19e32d04e3681d71e","imageurl":"/mcm/images/land/2S/1817_47a65033883f.jpg","landname":"66"},{"id":281474979921987,"level":3,"status":0,"posx":11,"posy":13,"cityid":49,"townid":133,"tokenid":"7290d8583e1ab037a5044662edbc746d","tokenurl":"/mcm/api/land?token=7290d8583e1ab037a5044662edbc746d","imageurl":"/mcm/images/land/2B/4533_b66dfd288b7.jpg","landname":"67"},{"id":281474979921988,"level":3,"status":1,"posx":12,"posy":13,"cityid":49,"townid":133,"tokenid":"a60691946404521fcab103b1da08411a","tokenurl":"/mcm/api/land?token=a60691946404521fcab103b1da08411a","imageurl":"/mcm/images/land/2B/4534_1260377fd4.jpg","landname":"68"},{"id":281474979921989,"level":1,"status":0,"posx":11,"posy":14,"cityid":49,"townid":133,"tokenid":"73e47033c44b2f512f0212f6490f1e6f","tokenurl":"/mcm/api/land?token=73e47033c44b2f512f0212f6490f1e6f","imageurl":"/mcm/images/land/2S/1818_1e6eb493c7ed.jpg","landname":"69"},{"id":281474979921990,"level":2,"status":1,"posx":12,"posy":14,"cityid":49,"townid":133,"tokenid":"b587ae7f4880753c85f1ab78f501af57","tokenurl":"/mcm/api/land?token=b587ae7f4880753c85f1ab78f501af57","imageurl":"/mcm/images/land/2A/2721_9a095c6ad6b.jpg","landname":"70"},{"id":281474979921991,"level":2,"status":0,"posx":8,"posy":20,"cityid":49,"townid":133,"tokenid":"08b44be2d3ba1bfe176768e9e56f9ff2","tokenurl":"/mcm/api/land?token=08b44be2d3ba1bfe176768e9e56f9ff2","imageurl":"/mcm/images/land/2A/2722_36ae4cff0e37.jpg","landname":"71"},{"id":281474979921992,"level":3,"status":0,"posx":9,"posy":20,"cityid":49,"townid":133,"tokenid":"d7cef0a6d4c6ed7b367c3ea6450e8c52","tokenurl":"/mcm/api/land?token=d7cef0a6d4c6ed7b367c3ea6450e8c52","imageurl":"/mcm/images/land/2B/4535_16de8006885d.jpg","landname":"72"},{"id":281474979921993,"level":2,"status":0,"posx":10,"posy":20,"cityid":49,"townid":133,"tokenid":"e9cdc848f19f2057cf4708f0e2621b16","tokenurl":"/mcm/api/land?token=e9cdc848f19f2057cf4708f0e2621b16","imageurl":"/mcm/images/land/2A/2723_1a28b9619070.jpg","landname":"73"},{"id":281474979921994,"level":3,"status":0,"posx":11,"posy":20,"cityid":49,"townid":133,"tokenid":"69a5f6a96f40ce901cde304f2ea3c1b2","tokenurl":"/mcm/api/land?token=69a5f6a96f40ce901cde304f2ea3c1b2","imageurl":"/mcm/images/land/2B/4536_2c17334759cf.jpg","landname":"74"},{"id":281474979921995,"level":3,"status":1,"posx":12,"posy":20,"cityid":49,"townid":133,"tokenid":"2628f2e7653bbab1c13e4282670cd6fe","tokenurl":"/mcm/api/land?token=2628f2e7653bbab1c13e4282670cd6fe","imageurl":"/mcm/images/land/2B/4537_17877eab450c.jpg","landname":"75"},{"id":281474979921996,"level":3,"status":1,"posx":8,"posy":21,"cityid":49,"townid":133,"tokenid":"8be303be6045e1cf3f2cfd34163c07a6","tokenurl":"/mcm/api/land?token=8be303be6045e1cf3f2cfd34163c07a6","imageurl":"/mcm/images/land/2B/4538_1c52db85fbe0.jpg","landname":"76"},{"id":281474979921997,"level":3,"status":0,"posx":9,"posy":21,"cityid":49,"townid":133,"tokenid":"33c281486740ee1fb4e84276cf9658f1","tokenurl":"/mcm/api/land?token=33c281486740ee1fb4e84276cf9658f1","imageurl":"/mcm/images/land/2B/4539_3af46c8b36da.jpg","landname":"77"},{"id":281474979921998,"level":2,"status":0,"posx":10,"posy":21,"cityid":49,"townid":133,"tokenid":"8264451669f55e52f34440a7b2704a4d","tokenurl":"/mcm/api/land?token=8264451669f55e52f34440a7b2704a4d","imageurl":"/mcm/images/land/2A/2724_520f94563c20.jpg","landname":"78"},{"id":281474979921999,"level":2,"status":0,"posx":11,"posy":21,"cityid":49,"townid":133,"tokenid":"44b586399077c8027487ecd437311d7f","tokenurl":"/mcm/api/land?token=44b586399077c8027487ecd437311d7f","imageurl":"/mcm/images/land/2A/2725_43c113c2489e.jpg","landname":"79"},{"id":281474979922000,"level":1,"status":1,"posx":12,"posy":21,"cityid":49,"townid":133,"tokenid":"44c33799b5590ed87eed4b50e0a95bb8","tokenurl":"/mcm/api/land?token=44c33799b5590ed87eed4b50e0a95bb8","imageurl":"/mcm/images/land/2S/1819_2227272769e6.jpg","landname":"80"},{"id":281474979922001,"level":3,"status":1,"posx":27,"posy":22,"cityid":49,"townid":133,"tokenid":"6b4dee17a01f6c86ab956f7b737d83b6","tokenurl":"/mcm/api/land?token=6b4dee17a01f6c86ab956f7b737d83b6","imageurl":"/mcm/images/land/2B/4540_2e7b13a9bcf5.jpg","landname":"81"},{"id":281474979922002,"level":2,"status":0,"posx":28,"posy":22,"cityid":49,"townid":133,"tokenid":"61c2ffecddd64fc7575fab69ba26cb13","tokenurl":"/mcm/api/land?token=61c2ffecddd64fc7575fab69ba26cb13","imageurl":"/mcm/images/land/2A/2726_2d6f3970516b.jpg","landname":"82"},{"id":281474979922003,"level":2,"status":0,"posx":29,"posy":22,"cityid":49,"townid":133,"tokenid":"11c8ef8afca74b275007823045371e20","tokenurl":"/mcm/api/land?token=11c8ef8afca74b275007823045371e20","imageurl":"/mcm/images/land/2A/2727_f77964e36fa.jpg","landname":"83"},{"id":281474979922004,"level":2,"status":0,"posx":30,"posy":22,"cityid":49,"townid":133,"tokenid":"18a28b0cdb0a7a5ee1d0374c7b5aa622","tokenurl":"/mcm/api/land?token=18a28b0cdb0a7a5ee1d0374c7b5aa622","imageurl":"/mcm/images/land/2A/2728_1201294fa883.jpg","landname":"84"},{"id":281474979922005,"level":3,"status":1,"posx":31,"posy":22,"cityid":49,"townid":133,"tokenid":"92db2d0855b7096704d61004d1e8aefc","tokenurl":"/mcm/api/land?token=92db2d0855b7096704d61004d1e8aefc","imageurl":"/mcm/images/land/2B/4541_529cbb10d34c.jpg","landname":"85"},{"id":281474979922006,"level":2,"status":0,"posx":27,"posy":23,"cityid":49,"townid":133,"tokenid":"c9897bf804c18353b17a28ee3a7438ad","tokenurl":"/mcm/api/land?token=c9897bf804c18353b17a28ee3a7438ad","imageurl":"/mcm/images/land/2A/2729_467d9b258186.jpg","landname":"86"},{"id":281474979922007,"level":3,"status":1,"posx":28,"posy":23,"cityid":49,"townid":133,"tokenid":"0edd424d727220b47fdeda08454daebf","tokenurl":"/mcm/api/land?token=0edd424d727220b47fdeda08454daebf","imageurl":"/mcm/images/land/2B/4542_2b54ca613d4a.jpg","landname":"87"},{"id":281474979922008,"level":3,"status":1,"posx":29,"posy":23,"cityid":49,"townid":133,"tokenid":"c0da185ae38a09cef4da6af79e0316d5","tokenurl":"/mcm/api/land?token=c0da185ae38a09cef4da6af79e0316d5","imageurl":"/mcm/images/land/2B/4543_1c5e2d441672.jpg","landname":"88"},{"id":281474979922009,"level":1,"status":0,"posx":30,"posy":23,"cityid":49,"townid":133,"tokenid":"da5be43605ec8bef9a344cf3d1a018eb","tokenurl":"/mcm/api/land?token=da5be43605ec8bef9a344cf3d1a018eb","imageurl":"/mcm/images/land/2S/1820_1e6682606cd9.jpg","landname":"89"},{"id":281474979922010,"level":3,"status":1,"posx":31,"posy":23,"cityid":49,"townid":133,"tokenid":"db5e0f7dc0946fc94f035d9af8a6c9be","tokenurl":"/mcm/api/land?token=db5e0f7dc0946fc94f035d9af8a6c9be","imageurl":"/mcm/images/land/2B/4544_3a699d5361d4.jpg","landname":"90"},{"id":281474979922011,"level":1,"status":1,"posx":8,"posy":24,"cityid":49,"townid":133,"tokenid":"fb8049d376b970542d7d3d2c6388e903","tokenurl":"/mcm/api/land?token=fb8049d376b970542d7d3d2c6388e903","imageurl":"/mcm/images/land/2S/1821_25fe4335198c.jpg","landname":"91"},{"id":281474979922012,"level":1,"status":1,"posx":9,"posy":24,"cityid":49,"townid":133,"tokenid":"d9dfe6521bc52da357ad34053e6c4396","tokenurl":"/mcm/api/land?token=d9dfe6521bc52da357ad34053e6c4396","imageurl":"/mcm/images/land/2S/1822_1026ce57fc90.jpg","landname":"92"},{"id":281474979922013,"level":2,"status":1,"posx":10,"posy":24,"cityid":49,"townid":133,"tokenid":"9737e4d0729ab0b9ebadd3a3afe8a1b8","tokenurl":"/mcm/api/land?token=9737e4d0729ab0b9ebadd3a3afe8a1b8","imageurl":"/mcm/images/land/2A/2730_17fa5574c772.jpg","landname":"93"},{"id":281474979922014,"level":3,"status":1,"posx":11,"posy":24,"cityid":49,"townid":133,"tokenid":"7b3a23c6edff1e6e59240061bbc451d7","tokenurl":"/mcm/api/land?token=7b3a23c6edff1e6e59240061bbc451d7","imageurl":"/mcm/images/land/2B/4545_2bcaa346f96f.jpg","landname":"94"},{"id":281474979922015,"level":2,"status":0,"posx":12,"posy":24,"cityid":49,"townid":133,"tokenid":"dcf0e5bc8a678fc5e5d721fb74a9a0d6","tokenurl":"/mcm/api/land?token=dcf0e5bc8a678fc5e5d721fb74a9a0d6","imageurl":"/mcm/images/land/2A/2731_2d75ffec9f0c.jpg","landname":"95"},{"id":281474979922016,"level":3,"status":0,"posx":17,"posy":24,"cityid":49,"townid":133,"tokenid":"9f5d8b36ecde26d7f0ab772a29cfa1df","tokenurl":"/mcm/api/land?token=9f5d8b36ecde26d7f0ab772a29cfa1df","imageurl":"/mcm/images/land/2B/4546_24a42f34fabd.jpg","landname":"96"},{"id":281474979922017,"level":3,"status":1,"posx":18,"posy":24,"cityid":49,"townid":133,"tokenid":"24b5b216871a0e4bd3a0d89057451518","tokenurl":"/mcm/api/land?token=24b5b216871a0e4bd3a0d89057451518","imageurl":"/mcm/images/land/2B/4547_4613caa35829.jpg","landname":"97"},{"id":281474979922018,"level":2,"status":1,"posx":19,"posy":24,"cityid":49,"townid":133,"tokenid":"4647cab6fb1b6b4c0629270b0b8b89b5","tokenurl":"/mcm/api/land?token=4647cab6fb1b6b4c0629270b0b8b89b5","imageurl":"/mcm/images/land/2A/2732_16b2dc79d3dd.jpg","landname":"98"},{"id":281474979922019,"level":3,"status":0,"posx":20,"posy":24,"cityid":49,"townid":133,"tokenid":"72080fa921dc64daf55a3b1031aff290","tokenurl":"/mcm/api/land?token=72080fa921dc64daf55a3b1031aff290","imageurl":"/mcm/images/land/2B/4548_aea27a709d7.jpg","landname":"99"},{"id":281474979922020,"level":2,"status":0,"posx":21,"posy":24,"cityid":49,"townid":133,"tokenid":"deee9569fe932e8b3c074bddeabfd926","tokenurl":"/mcm/api/land?token=deee9569fe932e8b3c074bddeabfd926","imageurl":"/mcm/images/land/2A/2733_5efba14b9e4.jpg","landname":"100"},{"id":281474979922021,"level":2,"status":0,"posx":8,"posy":25,"cityid":49,"townid":133,"tokenid":"accaf02cae5d96ed32cbddbad9a355e5","tokenurl":"/mcm/api/land?token=accaf02cae5d96ed32cbddbad9a355e5","imageurl":"/mcm/images/land/2A/2734_3d2e439eb28e.jpg","landname":"101"},{"id":281474979922022,"level":3,"status":1,"posx":9,"posy":25,"cityid":49,"townid":133,"tokenid":"86618fe7c1ac495898260c24c83d1b7c","tokenurl":"/mcm/api/land?token=86618fe7c1ac495898260c24c83d1b7c","imageurl":"/mcm/images/land/2B/4549_2a149f9b1125.jpg","landname":"102"},{"id":281474979922023,"level":3,"status":1,"posx":10,"posy":25,"cityid":49,"townid":133,"tokenid":"8b9a02b1bef235a0e248af928d32a37f","tokenurl":"/mcm/api/land?token=8b9a02b1bef235a0e248af928d32a37f","imageurl":"/mcm/images/land/2B/4550_131e5e31889c.jpg","landname":"103"},{"id":281474979922024,"level":3,"status":1,"posx":11,"posy":25,"cityid":49,"townid":133,"tokenid":"3effbb4fdcb7906f59e0a81322f7bdce","tokenurl":"/mcm/api/land?token=3effbb4fdcb7906f59e0a81322f7bdce","imageurl":"/mcm/images/land/2B/4551_2933102671e9.jpg","landname":"104"},{"id":281474979922025,"level":2,"status":1,"posx":12,"posy":25,"cityid":49,"townid":133,"tokenid":"2e79ff2b85a980d4f63467b149645982","tokenurl":"/mcm/api/land?token=2e79ff2b85a980d4f63467b149645982","imageurl":"/mcm/images/land/2A/2735_3e8b216e7064.jpg","landname":"105"},{"id":281474979922026,"level":3,"status":0,"posx":17,"posy":25,"cityid":49,"townid":133,"tokenid":"437dcc4e9d9d8474bcab2e560310d9f0","tokenurl":"/mcm/api/land?token=437dcc4e9d9d8474bcab2e560310d9f0","imageurl":"/mcm/images/land/2B/4552_35ffbc56816e.jpg","landname":"106"},{"id":281474979922027,"level":1,"status":0,"posx":18,"posy":25,"cityid":49,"townid":133,"tokenid":"c3239713108228fc7c2ea5ddf938d207","tokenurl":"/mcm/api/land?token=c3239713108228fc7c2ea5ddf938d207","imageurl":"/mcm/images/land/2S/1823_23b9ab9b7db.jpg","landname":"107"},{"id":281474979922028,"level":2,"status":1,"posx":19,"posy":25,"cityid":49,"townid":133,"tokenid":"d7f2532047668d3cd7346fbb061fbfa0","tokenurl":"/mcm/api/land?token=d7f2532047668d3cd7346fbb061fbfa0","imageurl":"/mcm/images/land/2A/2736_1768e22fac69.jpg","landname":"108"},{"id":281474979922029,"level":3,"status":0,"posx":20,"posy":25,"cityid":49,"townid":133,"tokenid":"afdfb489d3201d184e4db66d69fd0128","tokenurl":"/mcm/api/land?token=afdfb489d3201d184e4db66d69fd0128","imageurl":"/mcm/images/land/2B/4553_18baa2769fb2.jpg","landname":"109"},{"id":281474979922030,"level":3,"status":1,"posx":21,"posy":25,"cityid":49,"townid":133,"tokenid":"a98c2df95087871adc81cc81eb00535f","tokenurl":"/mcm/api/land?token=a98c2df95087871adc81cc81eb00535f","imageurl":"/mcm/images/land/2B/4554_36300c29326d.jpg","landname":"110"},{"id":281474979922031,"level":3,"status":0,"posx":27,"posy":26,"cityid":49,"townid":133,"tokenid":"954c1c982b6e2479919af3d2fe253a0d","tokenurl":"/mcm/api/land?token=954c1c982b6e2479919af3d2fe253a0d","imageurl":"/mcm/images/land/2B/4555_3c599c461710.jpg","landname":"111"},{"id":281474979922032,"level":3,"status":1,"posx":28,"posy":26,"cityid":49,"townid":133,"tokenid":"765b911fb3dc7bc76c17c059d2a77da7","tokenurl":"/mcm/api/land?token=765b911fb3dc7bc76c17c059d2a77da7","imageurl":"/mcm/images/land/2B/4556_462f997d3ee3.jpg","landname":"112"},{"id":281474979922033,"level":3,"status":1,"posx":27,"posy":27,"cityid":49,"townid":133,"tokenid":"e2e6d1638734091d803a56f9022db57c","tokenurl":"/mcm/api/land?token=e2e6d1638734091d803a56f9022db57c","imageurl":"/mcm/images/land/2B/4557_232001a41bfe.jpg","landname":"113"},{"id":281474979922034,"level":3,"status":0,"posx":28,"posy":27,"cityid":49,"townid":133,"tokenid":"de2057a953e47734b53788d559b76b2a","tokenurl":"/mcm/api/land?token=de2057a953e47734b53788d559b76b2a","imageurl":"/mcm/images/land/2B/4558_246d3d69180b.jpg","landname":"114"},{"id":281474979922035,"level":3,"status":0,"posx":32,"posy":27,"cityid":49,"townid":133,"tokenid":"72d0b68343bb81c20fc78572687489a1","tokenurl":"/mcm/api/land?token=72d0b68343bb81c20fc78572687489a1","imageurl":"/mcm/images/land/2B/4559_351b5f0a7e3c.jpg","landname":"115"},{"id":281474979922036,"level":2,"status":0,"posx":33,"posy":27,"cityid":49,"townid":133,"tokenid":"4b3832a802b821fa257cfe923f25665f","tokenurl":"/mcm/api/land?token=4b3832a802b821fa257cfe923f25665f","imageurl":"/mcm/images/land/2A/2737_c40ee054128.jpg","landname":"116"},{"id":281474979922037,"level":2,"status":1,"posx":8,"posy":28,"cityid":49,"townid":133,"tokenid":"5b19b12dfc5928b5f171386d3c7922cf","tokenurl":"/mcm/api/land?token=5b19b12dfc5928b5f171386d3c7922cf","imageurl":"/mcm/images/land/2A/2738_47205b84cf0e.jpg","landname":"117"},{"id":281474979922038,"level":3,"status":1,"posx":9,"posy":28,"cityid":49,"townid":133,"tokenid":"d4205a72d3037507ffaa3b5cf97244a0","tokenurl":"/mcm/api/land?token=d4205a72d3037507ffaa3b5cf97244a0","imageurl":"/mcm/images/land/2B/4560_24dd8931c3fe.jpg","landname":"118"},{"id":281474979922039,"level":1,"status":0,"posx":10,"posy":28,"cityid":49,"townid":133,"tokenid":"1a1956500e527857ca76540a9000f91a","tokenurl":"/mcm/api/land?token=1a1956500e527857ca76540a9000f91a","imageurl":"/mcm/images/land/2S/1824_13a47b21c610.jpg","landname":"119"},{"id":281474979922040,"level":3,"status":0,"posx":11,"posy":28,"cityid":49,"townid":133,"tokenid":"f16832e4003c3a0b2b039347dffd926d","tokenurl":"/mcm/api/land?token=f16832e4003c3a0b2b039347dffd926d","imageurl":"/mcm/images/land/2B/4561_ad7724284fc.jpg","landname":"120"},{"id":281474979922041,"level":1,"status":0,"posx":12,"posy":28,"cityid":49,"townid":133,"tokenid":"b8205f7a244b32ac7e2b29d01d1ac7a1","tokenurl":"/mcm/api/land?token=b8205f7a244b32ac7e2b29d01d1ac7a1","imageurl":"/mcm/images/land/2S/1825_1b2584d5261d.jpg","landname":"121"},{"id":281474979922042,"level":3,"status":1,"posx":17,"posy":28,"cityid":49,"townid":133,"tokenid":"0ffa0975ab8cb3c044a4a39b6dc189ec","tokenurl":"/mcm/api/land?token=0ffa0975ab8cb3c044a4a39b6dc189ec","imageurl":"/mcm/images/land/2B/4562_5220cc975ed6.jpg","landname":"122"},{"id":281474979922043,"level":2,"status":1,"posx":18,"posy":28,"cityid":49,"townid":133,"tokenid":"75a4aba563d68387bb2d1252d9fcea69","tokenurl":"/mcm/api/land?token=75a4aba563d68387bb2d1252d9fcea69","imageurl":"/mcm/images/land/2A/2739_34aad2556ca8.jpg","landname":"123"},{"id":281474979922044,"level":1,"status":1,"posx":19,"posy":28,"cityid":49,"townid":133,"tokenid":"d5c513b450f9576a34c85dafc2751460","tokenurl":"/mcm/api/land?token=d5c513b450f9576a34c85dafc2751460","imageurl":"/mcm/images/land/2S/1826_23a2d0abab69.jpg","landname":"124"},{"id":281474979922045,"level":3,"status":1,"posx":20,"posy":28,"cityid":49,"townid":133,"tokenid":"ca2c30a08af1b38adba958e3b4c62778","tokenurl":"/mcm/api/land?token=ca2c30a08af1b38adba958e3b4c62778","imageurl":"/mcm/images/land/2B/4563_36e25802f5ea.jpg","landname":"125"},{"id":281474979922046,"level":2,"status":0,"posx":21,"posy":28,"cityid":49,"townid":133,"tokenid":"8d4ed70569c0cd87b8fb70f0b0caacd6","tokenurl":"/mcm/api/land?token=8d4ed70569c0cd87b8fb70f0b0caacd6","imageurl":"/mcm/images/land/2A/2740_2e3440db8d99.jpg","landname":"126"},{"id":281474979922047,"level":1,"status":0,"posx":27,"posy":28,"cityid":49,"townid":133,"tokenid":"d51a6b7689cda172555d9efcb0181898","tokenurl":"/mcm/api/land?token=d51a6b7689cda172555d9efcb0181898","imageurl":"/mcm/images/land/2S/1827_23246f4be0a8.jpg","landname":"127"},{"id":281474979922048,"level":3,"status":1,"posx":28,"posy":28,"cityid":49,"townid":133,"tokenid":"d48f97995037b859d10ebc3939efb364","tokenurl":"/mcm/api/land?token=d48f97995037b859d10ebc3939efb364","imageurl":"/mcm/images/land/2B/4564_295ba87f493d.jpg","landname":"128"},{"id":281474979922049,"level":3,"status":0,"posx":32,"posy":28,"cityid":49,"townid":133,"tokenid":"0584ae29cf9ff8dfe6c77e39261505f8","tokenurl":"/mcm/api/land?token=0584ae29cf9ff8dfe6c77e39261505f8","imageurl":"/mcm/images/land/2B/4565_4a39bb2ba7b4.jpg","landname":"129"},{"id":281474979922050,"level":3,"status":1,"posx":33,"posy":28,"cityid":49,"townid":133,"tokenid":"deb9e5f04edddf41fdaa95eaa644ffc5","tokenurl":"/mcm/api/land?token=deb9e5f04edddf41fdaa95eaa644ffc5","imageurl":"/mcm/images/land/2B/4566_482026d1e7c.jpg","landname":"130"},{"id":281474979922051,"level":1,"status":1,"posx":8,"posy":29,"cityid":49,"townid":133,"tokenid":"60cd23d73fde3078fcad66bfb77350c9","tokenurl":"/mcm/api/land?token=60cd23d73fde3078fcad66bfb77350c9","imageurl":"/mcm/images/land/2S/1828_301448339e39.jpg","landname":"131"},{"id":281474979922052,"level":2,"status":0,"posx":9,"posy":29,"cityid":49,"townid":133,"tokenid":"d9080162ab432a51a33f5ebf43e1bf4b","tokenurl":"/mcm/api/land?token=d9080162ab432a51a33f5ebf43e1bf4b","imageurl":"/mcm/images/land/2A/2741_23678f95cc05.jpg","landname":"132"},{"id":281474979922053,"level":2,"status":0,"posx":10,"posy":29,"cityid":49,"townid":133,"tokenid":"f4cd2e16c9d36de335a3fa9964e2b150","tokenurl":"/mcm/api/land?token=f4cd2e16c9d36de335a3fa9964e2b150","imageurl":"/mcm/images/land/2A/2742_452bcaf36dd0.jpg","landname":"133"},{"id":281474979922054,"level":2,"status":1,"posx":11,"posy":29,"cityid":49,"townid":133,"tokenid":"b1289678f22adba8ffb4b20ae759ce27","tokenurl":"/mcm/api/land?token=b1289678f22adba8ffb4b20ae759ce27","imageurl":"/mcm/images/land/2A/2743_1b817c4801e8.jpg","landname":"134"},{"id":281474979922055,"level":3,"status":0,"posx":12,"posy":29,"cityid":49,"townid":133,"tokenid":"2cd5319074e121a775951f76905e3b6a","tokenurl":"/mcm/api/land?token=2cd5319074e121a775951f76905e3b6a","imageurl":"/mcm/images/land/2B/4567_1a644b0717ad.jpg","landname":"135"},{"id":281474979922056,"level":3,"status":1,"posx":17,"posy":29,"cityid":49,"townid":133,"tokenid":"d007827a9d0739662c15d08519ed07d0","tokenurl":"/mcm/api/land?token=d007827a9d0739662c15d08519ed07d0","imageurl":"/mcm/images/land/2B/4568_215fdb2265c9.jpg","landname":"136"},{"id":281474979922057,"level":2,"status":1,"posx":18,"posy":29,"cityid":49,"townid":133,"tokenid":"59028dbf4bc5b66502d44758ab795263","tokenurl":"/mcm/api/land?token=59028dbf4bc5b66502d44758ab795263","imageurl":"/mcm/images/land/2A/2744_33327a0a01e1.jpg","landname":"137"},{"id":281474979922058,"level":3,"status":0,"posx":19,"posy":29,"cityid":49,"townid":133,"tokenid":"756d2820d52e67f48c78db1f005a6830","tokenurl":"/mcm/api/land?token=756d2820d52e67f48c78db1f005a6830","imageurl":"/mcm/images/land/2B/4569_cfb5db2b506.jpg","landname":"138"},{"id":281474979922059,"level":1,"status":0,"posx":20,"posy":29,"cityid":49,"townid":133,"tokenid":"1665582ef61d8698bec583970b5a0d3d","tokenurl":"/mcm/api/land?token=1665582ef61d8698bec583970b5a0d3d","imageurl":"/mcm/images/land/2S/1829_25acd4e81c30.jpg","landname":"139"},{"id":281474979922060,"level":1,"status":0,"posx":21,"posy":29,"cityid":49,"townid":133,"tokenid":"08d343a499430d290928aa22cdaa660e","tokenurl":"/mcm/api/land?token=08d343a499430d290928aa22cdaa660e","imageurl":"/mcm/images/land/2S/1830_2219878cd6b.jpg","landname":"140"},{"id":281474979922061,"level":3,"status":1,"posx":27,"posy":29,"cityid":49,"townid":133,"tokenid":"a4a81a820fa37139a8c41068e35f3f2f","tokenurl":"/mcm/api/land?token=a4a81a820fa37139a8c41068e35f3f2f","imageurl":"/mcm/images/land/2B/4570_41dbafe92874.jpg","landname":"141"},{"id":281474979922062,"level":3,"status":0,"posx":28,"posy":29,"cityid":49,"townid":133,"tokenid":"6002199fe6e57537be8f19b56a54f04c","tokenurl":"/mcm/api/land?token=6002199fe6e57537be8f19b56a54f04c","imageurl":"/mcm/images/land/2B/4571_de838e32f02.jpg","landname":"142"},{"id":281474979922063,"level":3,"status":0,"posx":32,"posy":29,"cityid":49,"townid":133,"tokenid":"c0b490ec6aea4f5a854304e1ef6427ef","tokenurl":"/mcm/api/land?token=c0b490ec6aea4f5a854304e1ef6427ef","imageurl":"/mcm/images/land/2B/4572_1a6a0816b0b4.jpg","landname":"143"},{"id":281474979922064,"level":3,"status":0,"posx":33,"posy":29,"cityid":49,"townid":133,"tokenid":"0bb20d12b9856e84542f59ac8a6e2fb6","tokenurl":"/mcm/api/land?token=0bb20d12b9856e84542f59ac8a6e2fb6","imageurl":"/mcm/images/land/2B/4573_172976a76a22.jpg","landname":"144"},{"id":281474979922065,"level":3,"status":0,"posx":27,"posy":30,"cityid":49,"townid":133,"tokenid":"2daaad7112e898ae5d944f8223e0c3df","tokenurl":"/mcm/api/land?token=2daaad7112e898ae5d944f8223e0c3df","imageurl":"/mcm/images/land/2B/4574_a16b2d4c041.jpg","landname":"145"},{"id":281474979922066,"level":1,"status":1,"posx":28,"posy":30,"cityid":49,"townid":133,"tokenid":"8cec3c13ee1697ed01f44b2fd8934e27","tokenurl":"/mcm/api/land?token=8cec3c13ee1697ed01f44b2fd8934e27","imageurl":"/mcm/images/land/2S/1831_3598e8b58b2e.jpg","landname":"146"},{"id":281474979922067,"level":3,"status":1,"posx":32,"posy":30,"cityid":49,"townid":133,"tokenid":"60433585117f653689b0579a7714aac6","tokenurl":"/mcm/api/land?token=60433585117f653689b0579a7714aac6","imageurl":"/mcm/images/land/2B/4575_251aba29ebbf.jpg","landname":"147"},{"id":281474979922068,"level":2,"status":1,"posx":33,"posy":30,"cityid":49,"townid":133,"tokenid":"65f4079968ea3fd253c5a1ce69035933","tokenurl":"/mcm/api/land?token=65f4079968ea3fd253c5a1ce69035933","imageurl":"/mcm/images/land/2A/2745_3650e6d4ff97.jpg","landname":"148"},{"id":281474979922069,"level":3,"status":1,"posx":32,"posy":31,"cityid":49,"townid":133,"tokenid":"c8c5285c112cdcd47abb96c4a08092fd","tokenurl":"/mcm/api/land?token=c8c5285c112cdcd47abb96c4a08092fd","imageurl":"/mcm/images/land/2B/4576_b383d46428e.jpg","landname":"149"},{"id":281474979922070,"level":2,"status":0,"posx":33,"posy":31,"cityid":49,"townid":133,"tokenid":"e733a4074d6f35cf0bd4a79b39ee078a","tokenurl":"/mcm/api/land?token=e733a4074d6f35cf0bd4a79b39ee078a","imageurl":"/mcm/images/land/2A/2746_1702d52dcdfa.jpg","landname":"150"}]]],0,0,[],[],[]]
