[1,0,0,[["cc.JsonAsset",["_name","json"],1]],[[0,0,1,3]],[[0,"109",[{"id":281474979135489,"level":3,"status":0,"posx":32,"posy":5,"cityid":37,"townid":109,"tokenid":"2f1124e4e9853269850fe6ce02d941b9","tokenurl":"/mcm/api/land?token=2f1124e4e9853269850fe6ce02d941b9","imageurl":"/mcm/images/land/2B/2702_1562dcc900f5.jpg","landname":"1"},{"id":281474979135490,"level":3,"status":0,"posx":33,"posy":5,"cityid":37,"townid":109,"tokenid":"5f4f26d1372bef09bf53c43b987ea1d6","tokenurl":"/mcm/api/land?token=5f4f26d1372bef09bf53c43b987ea1d6","imageurl":"/mcm/images/land/2B/2703_2a109ff4befd.jpg","landname":"2"},{"id":281474979135491,"level":1,"status":1,"posx":5,"posy":6,"cityid":37,"townid":109,"tokenid":"204830b15e1d8cf0194e8c7311ed2778","tokenurl":"/mcm/api/land?token=204830b15e1d8cf0194e8c7311ed2778","imageurl":"/mcm/images/land/2S/1082_369a0b28ed6c.jpg","landname":"3"},{"id":281474979135492,"level":1,"status":1,"posx":6,"posy":6,"cityid":37,"townid":109,"tokenid":"9ce5e11e90066fcc1a620dbbf5b57306","tokenurl":"/mcm/api/land?token=9ce5e11e90066fcc1a620dbbf5b57306","imageurl":"/mcm/images/land/2S/1083_23380e2a69da.jpg","landname":"4"},{"id":281474979135493,"level":2,"status":1,"posx":21,"posy":6,"cityid":37,"townid":109,"tokenid":"14c4b81c09e73b96f1f3364a86aacc6a","tokenurl":"/mcm/api/land?token=14c4b81c09e73b96f1f3364a86aacc6a","imageurl":"/mcm/images/land/2A/1622_40dea618559f.jpg","landname":"5"},{"id":281474979135494,"level":2,"status":0,"posx":22,"posy":6,"cityid":37,"townid":109,"tokenid":"381ab5ad87014b6a1aed0d36c21be817","tokenurl":"/mcm/api/land?token=381ab5ad87014b6a1aed0d36c21be817","imageurl":"/mcm/images/land/2A/1623_56ea8c9ef193.jpg","landname":"6"},{"id":281474979135495,"level":3,"status":1,"posx":23,"posy":6,"cityid":37,"townid":109,"tokenid":"e060eb8d1bfb24ff2e1703133e2d6d24","tokenurl":"/mcm/api/land?token=e060eb8d1bfb24ff2e1703133e2d6d24","imageurl":"/mcm/images/land/2B/2704_20d7268756e2.jpg","landname":"7"},{"id":281474979135496,"level":2,"status":0,"posx":24,"posy":6,"cityid":37,"townid":109,"tokenid":"e0c5f8bc1f8d837c97fbf7958b17ed81","tokenurl":"/mcm/api/land?token=e0c5f8bc1f8d837c97fbf7958b17ed81","imageurl":"/mcm/images/land/2A/1624_16def93a691.jpg","landname":"8"},{"id":281474979135497,"level":2,"status":0,"posx":25,"posy":6,"cityid":37,"townid":109,"tokenid":"4543d886ee9faf1037bb8e407685737a","tokenurl":"/mcm/api/land?token=4543d886ee9faf1037bb8e407685737a","imageurl":"/mcm/images/land/2A/1625_29883303adc1.jpg","landname":"9"},{"id":281474979135498,"level":1,"status":0,"posx":32,"posy":6,"cityid":37,"townid":109,"tokenid":"7bdd9fafea31346f4dff75cb317824ee","tokenurl":"/mcm/api/land?token=7bdd9fafea31346f4dff75cb317824ee","imageurl":"/mcm/images/land/2S/1084_4afdbf128b1f.jpg","landname":"10"},{"id":281474979135499,"level":3,"status":1,"posx":33,"posy":6,"cityid":37,"townid":109,"tokenid":"1a8411107931ffa773ef108cb81fd758","tokenurl":"/mcm/api/land?token=1a8411107931ffa773ef108cb81fd758","imageurl":"/mcm/images/land/2B/2705_4c8172030d57.jpg","landname":"11"},{"id":281474979135500,"level":2,"status":1,"posx":5,"posy":7,"cityid":37,"townid":109,"tokenid":"ec49d0538a4eb821018934496c100e6f","tokenurl":"/mcm/api/land?token=ec49d0538a4eb821018934496c100e6f","imageurl":"/mcm/images/land/2A/1626_155cce681bda.jpg","landname":"12"},{"id":281474979135501,"level":2,"status":0,"posx":6,"posy":7,"cityid":37,"townid":109,"tokenid":"190f24f29f3f8d7bb56afd6df50d7032","tokenurl":"/mcm/api/land?token=190f24f29f3f8d7bb56afd6df50d7032","imageurl":"/mcm/images/land/2A/1627_198891908ce4.jpg","landname":"13"},{"id":281474979135502,"level":3,"status":0,"posx":21,"posy":7,"cityid":37,"townid":109,"tokenid":"bea2a45f7629dbd953c6b14e420e529a","tokenurl":"/mcm/api/land?token=bea2a45f7629dbd953c6b14e420e529a","imageurl":"/mcm/images/land/2B/2706_3a24257df38a.jpg","landname":"14"},{"id":281474979135503,"level":3,"status":1,"posx":22,"posy":7,"cityid":37,"townid":109,"tokenid":"cbae6d4650988566fdde8d7097905189","tokenurl":"/mcm/api/land?token=cbae6d4650988566fdde8d7097905189","imageurl":"/mcm/images/land/2B/2707_47ec94e3a88e.jpg","landname":"15"},{"id":281474979135504,"level":1,"status":0,"posx":23,"posy":7,"cityid":37,"townid":109,"tokenid":"f242adaa89396e0071504fa19817646e","tokenurl":"/mcm/api/land?token=f242adaa89396e0071504fa19817646e","imageurl":"/mcm/images/land/2S/1085_2342187038aa.jpg","landname":"16"},{"id":281474979135505,"level":3,"status":0,"posx":24,"posy":7,"cityid":37,"townid":109,"tokenid":"e3796383797bd0700cc786746f618277","tokenurl":"/mcm/api/land?token=e3796383797bd0700cc786746f618277","imageurl":"/mcm/images/land/2B/2708_48c5689d92ce.jpg","landname":"17"},{"id":281474979135506,"level":1,"status":1,"posx":25,"posy":7,"cityid":37,"townid":109,"tokenid":"d9ad22d72ee34cc6295511e0eb6e89ef","tokenurl":"/mcm/api/land?token=d9ad22d72ee34cc6295511e0eb6e89ef","imageurl":"/mcm/images/land/2S/1086_3388dedf3c43.jpg","landname":"18"},{"id":281474979135507,"level":3,"status":1,"posx":32,"posy":7,"cityid":37,"townid":109,"tokenid":"6f134481e6cbc7a6436335aa144a48ae","tokenurl":"/mcm/api/land?token=6f134481e6cbc7a6436335aa144a48ae","imageurl":"/mcm/images/land/2B/2709_23a3ff295d74.jpg","landname":"19"},{"id":281474979135508,"level":2,"status":0,"posx":33,"posy":7,"cityid":37,"townid":109,"tokenid":"637d8be6a41ba49a06b22af341ce4327","tokenurl":"/mcm/api/land?token=637d8be6a41ba49a06b22af341ce4327","imageurl":"/mcm/images/land/2A/1628_cd602c17c53.jpg","landname":"20"},{"id":281474979135509,"level":1,"status":0,"posx":5,"posy":8,"cityid":37,"townid":109,"tokenid":"6f90f8fc135963379dd06c8133cd9c70","tokenurl":"/mcm/api/land?token=6f90f8fc135963379dd06c8133cd9c70","imageurl":"/mcm/images/land/2S/1087_26c5b2f71773.jpg","landname":"21"},{"id":281474979135510,"level":1,"status":0,"posx":6,"posy":8,"cityid":37,"townid":109,"tokenid":"38d4fbd10b795f4c224abd37c9f7a9a3","tokenurl":"/mcm/api/land?token=38d4fbd10b795f4c224abd37c9f7a9a3","imageurl":"/mcm/images/land/2S/1088_1b580be7a4cd.jpg","landname":"22"},{"id":281474979135511,"level":1,"status":0,"posx":32,"posy":8,"cityid":37,"townid":109,"tokenid":"df57745174bcfa703315e1c79d280547","tokenurl":"/mcm/api/land?token=df57745174bcfa703315e1c79d280547","imageurl":"/mcm/images/land/2S/1089_2ad74be4ec32.jpg","landname":"23"},{"id":281474979135512,"level":1,"status":1,"posx":33,"posy":8,"cityid":37,"townid":109,"tokenid":"3e2f8e08cb16c4efb36ec5fa1b1caf91","tokenurl":"/mcm/api/land?token=3e2f8e08cb16c4efb36ec5fa1b1caf91","imageurl":"/mcm/images/land/2S/1090_52f9731989cf.jpg","landname":"24"},{"id":281474979135513,"level":1,"status":0,"posx":5,"posy":9,"cityid":37,"townid":109,"tokenid":"5384718d52377048d5996de165f31ce9","tokenurl":"/mcm/api/land?token=5384718d52377048d5996de165f31ce9","imageurl":"/mcm/images/land/2S/1091_1a6a425d785d.jpg","landname":"25"},{"id":281474979135514,"level":1,"status":1,"posx":6,"posy":9,"cityid":37,"townid":109,"tokenid":"840558e95b6f152918d0307848a34da4","tokenurl":"/mcm/api/land?token=840558e95b6f152918d0307848a34da4","imageurl":"/mcm/images/land/2S/1092_70ee9df91db.jpg","landname":"26"},{"id":281474979135515,"level":3,"status":0,"posx":32,"posy":9,"cityid":37,"townid":109,"tokenid":"09ff156db6939fe79dbfe5a75325b3e0","tokenurl":"/mcm/api/land?token=09ff156db6939fe79dbfe5a75325b3e0","imageurl":"/mcm/images/land/2B/2710_22d597abcd13.jpg","landname":"27"},{"id":281474979135516,"level":2,"status":0,"posx":33,"posy":9,"cityid":37,"townid":109,"tokenid":"4174671c1045fc2814176d69c4c1828b","tokenurl":"/mcm/api/land?token=4174671c1045fc2814176d69c4c1828b","imageurl":"/mcm/images/land/2A/1629_1131906583f1.jpg","landname":"28"},{"id":281474979135517,"level":3,"status":1,"posx":5,"posy":10,"cityid":37,"townid":109,"tokenid":"244f0f2ccd91f666e9d1a61e5fd463c7","tokenurl":"/mcm/api/land?token=244f0f2ccd91f666e9d1a61e5fd463c7","imageurl":"/mcm/images/land/2B/2711_2f3c9b7b317f.jpg","landname":"29"},{"id":281474979135518,"level":3,"status":1,"posx":6,"posy":10,"cityid":37,"townid":109,"tokenid":"51153cbaa37ff2ee24b72d8c3a4b50b7","tokenurl":"/mcm/api/land?token=51153cbaa37ff2ee24b72d8c3a4b50b7","imageurl":"/mcm/images/land/2B/2712_2be8d5f07aae.jpg","landname":"30"},{"id":281474979135519,"level":3,"status":1,"posx":8,"posy":10,"cityid":37,"townid":109,"tokenid":"bd95b03d10d1434401dd99c3c6c4afd0","tokenurl":"/mcm/api/land?token=bd95b03d10d1434401dd99c3c6c4afd0","imageurl":"/mcm/images/land/2B/2713_6ecec4222ff.jpg","landname":"31"},{"id":281474979135520,"level":1,"status":1,"posx":9,"posy":10,"cityid":37,"townid":109,"tokenid":"6e935f96f677f2e67b3e33ad5ca16a36","tokenurl":"/mcm/api/land?token=6e935f96f677f2e67b3e33ad5ca16a36","imageurl":"/mcm/images/land/2S/1093_51f18e5f7f01.jpg","landname":"32"},{"id":281474979135521,"level":3,"status":0,"posx":23,"posy":10,"cityid":37,"townid":109,"tokenid":"3fd2fd761c5c190ccfeb9c4bdc00799d","tokenurl":"/mcm/api/land?token=3fd2fd761c5c190ccfeb9c4bdc00799d","imageurl":"/mcm/images/land/2B/2714_393f638d2b38.jpg","landname":"33"},{"id":281474979135522,"level":3,"status":0,"posx":24,"posy":10,"cityid":37,"townid":109,"tokenid":"1364c7b75f1f5eb6d047957a30f71696","tokenurl":"/mcm/api/land?token=1364c7b75f1f5eb6d047957a30f71696","imageurl":"/mcm/images/land/2B/2715_4b7dec5bea8e.jpg","landname":"34"},{"id":281474979135523,"level":3,"status":0,"posx":8,"posy":11,"cityid":37,"townid":109,"tokenid":"264edd6d8c7082cc87c4201c21036e86","tokenurl":"/mcm/api/land?token=264edd6d8c7082cc87c4201c21036e86","imageurl":"/mcm/images/land/2B/2716_533e4593190e.jpg","landname":"35"},{"id":281474979135524,"level":2,"status":1,"posx":9,"posy":11,"cityid":37,"townid":109,"tokenid":"dbb82e18a4aa570ec2adc3c5938eeb71","tokenurl":"/mcm/api/land?token=dbb82e18a4aa570ec2adc3c5938eeb71","imageurl":"/mcm/images/land/2A/1630_e5190ccd20d.jpg","landname":"36"},{"id":281474979135525,"level":2,"status":1,"posx":23,"posy":11,"cityid":37,"townid":109,"tokenid":"16d6dd1aec0ccb8f3c0b1853ea342e4c","tokenurl":"/mcm/api/land?token=16d6dd1aec0ccb8f3c0b1853ea342e4c","imageurl":"/mcm/images/land/2A/1631_26674d348a10.jpg","landname":"37"},{"id":281474979135526,"level":1,"status":0,"posx":24,"posy":11,"cityid":37,"townid":109,"tokenid":"a475489b9e61e121c284611883f5ac54","tokenurl":"/mcm/api/land?token=a475489b9e61e121c284611883f5ac54","imageurl":"/mcm/images/land/2S/1094_5413ec436469.jpg","landname":"38"},{"id":281474979135527,"level":1,"status":0,"posx":8,"posy":12,"cityid":37,"townid":109,"tokenid":"2f0e1cba945df7e79fb0b8223d8cab68","tokenurl":"/mcm/api/land?token=2f0e1cba945df7e79fb0b8223d8cab68","imageurl":"/mcm/images/land/2S/1095_10b94c5c8676.jpg","landname":"39"},{"id":281474979135528,"level":2,"status":0,"posx":9,"posy":12,"cityid":37,"townid":109,"tokenid":"deea1f972bae18e32d7acb686442a0ef","tokenurl":"/mcm/api/land?token=deea1f972bae18e32d7acb686442a0ef","imageurl":"/mcm/images/land/2A/1632_282cfac8ff81.jpg","landname":"40"},{"id":281474979135529,"level":3,"status":0,"posx":23,"posy":12,"cityid":37,"townid":109,"tokenid":"ce09a643351838d9d689d9edf9868828","tokenurl":"/mcm/api/land?token=ce09a643351838d9d689d9edf9868828","imageurl":"/mcm/images/land/2B/2717_1715ad8cccaf.jpg","landname":"41"},{"id":281474979135530,"level":3,"status":1,"posx":24,"posy":12,"cityid":37,"townid":109,"tokenid":"4075367d6a4267625f53840ea4c745bf","tokenurl":"/mcm/api/land?token=4075367d6a4267625f53840ea4c745bf","imageurl":"/mcm/images/land/2B/2718_439f35edd97a.jpg","landname":"42"},{"id":281474979135531,"level":1,"status":0,"posx":32,"posy":12,"cityid":37,"townid":109,"tokenid":"fa417ca157aead025ffea2a0038341b3","tokenurl":"/mcm/api/land?token=fa417ca157aead025ffea2a0038341b3","imageurl":"/mcm/images/land/2S/1096_38e0bf60dd2d.jpg","landname":"43"},{"id":281474979135532,"level":2,"status":1,"posx":33,"posy":12,"cityid":37,"townid":109,"tokenid":"9445d42d75b1ee0f7d8c7b53ff327cb8","tokenurl":"/mcm/api/land?token=9445d42d75b1ee0f7d8c7b53ff327cb8","imageurl":"/mcm/images/land/2A/1633_3f6b4ebfdded.jpg","landname":"44"},{"id":281474979135533,"level":2,"status":1,"posx":8,"posy":13,"cityid":37,"townid":109,"tokenid":"e475988b6bedc5aac98dc63378b6902e","tokenurl":"/mcm/api/land?token=e475988b6bedc5aac98dc63378b6902e","imageurl":"/mcm/images/land/2A/1634_20d057c66105.jpg","landname":"45"},{"id":281474979135534,"level":3,"status":0,"posx":9,"posy":13,"cityid":37,"townid":109,"tokenid":"fe87cbb5a896be444ebd95ecca7ba8c0","tokenurl":"/mcm/api/land?token=fe87cbb5a896be444ebd95ecca7ba8c0","imageurl":"/mcm/images/land/2B/2719_54157ab98e3e.jpg","landname":"46"},{"id":281474979135535,"level":1,"status":0,"posx":23,"posy":13,"cityid":37,"townid":109,"tokenid":"284e6d2f71a73fbc8299ff9818cc1d6d","tokenurl":"/mcm/api/land?token=284e6d2f71a73fbc8299ff9818cc1d6d","imageurl":"/mcm/images/land/2S/1097_1123208ba8f4.jpg","landname":"47"},{"id":281474979135536,"level":2,"status":0,"posx":24,"posy":13,"cityid":37,"townid":109,"tokenid":"f85bbb15bb35268055f8825c8c303e63","tokenurl":"/mcm/api/land?token=f85bbb15bb35268055f8825c8c303e63","imageurl":"/mcm/images/land/2A/1635_2e4ee823206b.jpg","landname":"48"},{"id":281474979135537,"level":2,"status":1,"posx":32,"posy":13,"cityid":37,"townid":109,"tokenid":"e2f2d4df6d26c03de2a191b579f8c30a","tokenurl":"/mcm/api/land?token=e2f2d4df6d26c03de2a191b579f8c30a","imageurl":"/mcm/images/land/2A/1636_19b5d4c522.jpg","landname":"49"},{"id":281474979135538,"level":3,"status":1,"posx":33,"posy":13,"cityid":37,"townid":109,"tokenid":"d7ec5a8235559446b6eb4d95ba7c0d33","tokenurl":"/mcm/api/land?token=d7ec5a8235559446b6eb4d95ba7c0d33","imageurl":"/mcm/images/land/2B/2720_51cbe0456d3c.jpg","landname":"50"},{"id":281474979135539,"level":1,"status":1,"posx":8,"posy":14,"cityid":37,"townid":109,"tokenid":"04380528ebdee878f3931e2cf307cd21","tokenurl":"/mcm/api/land?token=04380528ebdee878f3931e2cf307cd21","imageurl":"/mcm/images/land/2S/1098_92e9917d6a0.jpg","landname":"51"},{"id":281474979135540,"level":2,"status":1,"posx":9,"posy":14,"cityid":37,"townid":109,"tokenid":"f009e12b02081ab138861991849c77d2","tokenurl":"/mcm/api/land?token=f009e12b02081ab138861991849c77d2","imageurl":"/mcm/images/land/2A/1637_1cede15de46a.jpg","landname":"52"},{"id":281474979135541,"level":3,"status":0,"posx":23,"posy":14,"cityid":37,"townid":109,"tokenid":"f0b075cb4c932f774fcdb0bdfc618e9b","tokenurl":"/mcm/api/land?token=f0b075cb4c932f774fcdb0bdfc618e9b","imageurl":"/mcm/images/land/2B/2721_5463be17a325.jpg","landname":"53"},{"id":281474979135542,"level":3,"status":0,"posx":24,"posy":14,"cityid":37,"townid":109,"tokenid":"f509aade5453c1394b27e0fdd759d422","tokenurl":"/mcm/api/land?token=f509aade5453c1394b27e0fdd759d422","imageurl":"/mcm/images/land/2B/2722_42b1f865a610.jpg","landname":"54"},{"id":281474979135543,"level":3,"status":0,"posx":32,"posy":14,"cityid":37,"townid":109,"tokenid":"69393a92b8f4e86c7b94e3730d495ddd","tokenurl":"/mcm/api/land?token=69393a92b8f4e86c7b94e3730d495ddd","imageurl":"/mcm/images/land/2B/2723_56b5d4996f63.jpg","landname":"55"},{"id":281474979135544,"level":3,"status":0,"posx":33,"posy":14,"cityid":37,"townid":109,"tokenid":"1fce137b7f4ec0d64ebd189aa37fc014","tokenurl":"/mcm/api/land?token=1fce137b7f4ec0d64ebd189aa37fc014","imageurl":"/mcm/images/land/2B/2724_34e6ad3891d4.jpg","landname":"56"},{"id":281474979135545,"level":2,"status":1,"posx":32,"posy":15,"cityid":37,"townid":109,"tokenid":"850cce41eca146f0fac8e9ba099bba20","tokenurl":"/mcm/api/land?token=850cce41eca146f0fac8e9ba099bba20","imageurl":"/mcm/images/land/2A/1638_e9999c15991.jpg","landname":"57"},{"id":281474979135546,"level":1,"status":1,"posx":33,"posy":15,"cityid":37,"townid":109,"tokenid":"f9dbe3254827dc0a3171266f9d0aa5d3","tokenurl":"/mcm/api/land?token=f9dbe3254827dc0a3171266f9d0aa5d3","imageurl":"/mcm/images/land/2S/1099_4253582d14b6.jpg","landname":"58"},{"id":281474979135547,"level":3,"status":1,"posx":8,"posy":16,"cityid":37,"townid":109,"tokenid":"0f8db691a5edf42f67beb2f573e85aae","tokenurl":"/mcm/api/land?token=0f8db691a5edf42f67beb2f573e85aae","imageurl":"/mcm/images/land/2B/2725_111f2ce3920.jpg","landname":"59"},{"id":281474979135548,"level":3,"status":0,"posx":9,"posy":16,"cityid":37,"townid":109,"tokenid":"3b048a81bd037f3bf2dbc6af8621f540","tokenurl":"/mcm/api/land?token=3b048a81bd037f3bf2dbc6af8621f540","imageurl":"/mcm/images/land/2B/2726_531112ba142c.jpg","landname":"60"},{"id":281474979135549,"level":2,"status":0,"posx":32,"posy":16,"cityid":37,"townid":109,"tokenid":"42ad16adbaeae84f8687a07e9a1ad3c1","tokenurl":"/mcm/api/land?token=42ad16adbaeae84f8687a07e9a1ad3c1","imageurl":"/mcm/images/land/2A/1639_4bd9068b115c.jpg","landname":"61"},{"id":281474979135550,"level":2,"status":1,"posx":33,"posy":16,"cityid":37,"townid":109,"tokenid":"9bd30e50df0cb1c3a9b192f8497e736e","tokenurl":"/mcm/api/land?token=9bd30e50df0cb1c3a9b192f8497e736e","imageurl":"/mcm/images/land/2A/1640_531ee7953b57.jpg","landname":"62"},{"id":281474979135551,"level":2,"status":1,"posx":8,"posy":17,"cityid":37,"townid":109,"tokenid":"3cafffdbe3298e79e1e0e0d8f6028c2e","tokenurl":"/mcm/api/land?token=3cafffdbe3298e79e1e0e0d8f6028c2e","imageurl":"/mcm/images/land/2A/1641_32d549ab3e95.jpg","landname":"63"},{"id":281474979135552,"level":2,"status":1,"posx":9,"posy":17,"cityid":37,"townid":109,"tokenid":"1095b39aeca022e1d89c97187e4c3332","tokenurl":"/mcm/api/land?token=1095b39aeca022e1d89c97187e4c3332","imageurl":"/mcm/images/land/2A/1642_390568a7e63b.jpg","landname":"64"},{"id":281474979135553,"level":3,"status":1,"posx":8,"posy":18,"cityid":37,"townid":109,"tokenid":"44a7ff9a77652bd51c44b0d219fe659c","tokenurl":"/mcm/api/land?token=44a7ff9a77652bd51c44b0d219fe659c","imageurl":"/mcm/images/land/2B/2727_ee2b1c7fbf9.jpg","landname":"65"},{"id":281474979135554,"level":3,"status":1,"posx":9,"posy":18,"cityid":37,"townid":109,"tokenid":"d1953d67740e5e18abba5a0cd83a2737","tokenurl":"/mcm/api/land?token=d1953d67740e5e18abba5a0cd83a2737","imageurl":"/mcm/images/land/2B/2728_bbafe350db0.jpg","landname":"66"},{"id":281474979135555,"level":2,"status":0,"posx":20,"posy":18,"cityid":37,"townid":109,"tokenid":"66522ffa4680a7e31d8d66440dcbb068","tokenurl":"/mcm/api/land?token=66522ffa4680a7e31d8d66440dcbb068","imageurl":"/mcm/images/land/2A/1643_2e10fe8a8419.jpg","landname":"67"},{"id":281474979135556,"level":3,"status":1,"posx":21,"posy":18,"cityid":37,"townid":109,"tokenid":"72e03924c39798023be6d680b34cc45e","tokenurl":"/mcm/api/land?token=72e03924c39798023be6d680b34cc45e","imageurl":"/mcm/images/land/2B/2729_26e495011d8f.jpg","landname":"68"},{"id":281474979135557,"level":3,"status":1,"posx":25,"posy":18,"cityid":37,"townid":109,"tokenid":"b071b7c036e39ee432e4c029408ba1d2","tokenurl":"/mcm/api/land?token=b071b7c036e39ee432e4c029408ba1d2","imageurl":"/mcm/images/land/2B/2730_18362a29f81c.jpg","landname":"69"},{"id":281474979135558,"level":3,"status":1,"posx":26,"posy":18,"cityid":37,"townid":109,"tokenid":"b4cfebede56bb213a3c50dea5279c4b9","tokenurl":"/mcm/api/land?token=b4cfebede56bb213a3c50dea5279c4b9","imageurl":"/mcm/images/land/2B/2731_5af260aed760.jpg","landname":"70"},{"id":281474979135559,"level":2,"status":1,"posx":8,"posy":19,"cityid":37,"townid":109,"tokenid":"d32dd913b56b2d9792f97f5401636003","tokenurl":"/mcm/api/land?token=d32dd913b56b2d9792f97f5401636003","imageurl":"/mcm/images/land/2A/1644_22246777aa06.jpg","landname":"71"},{"id":281474979135560,"level":2,"status":1,"posx":9,"posy":19,"cityid":37,"townid":109,"tokenid":"9ee5f70456aea1064fad74a09b9c9bcb","tokenurl":"/mcm/api/land?token=9ee5f70456aea1064fad74a09b9c9bcb","imageurl":"/mcm/images/land/2A/1645_3b76300431f9.jpg","landname":"72"},{"id":281474979135561,"level":3,"status":1,"posx":20,"posy":19,"cityid":37,"townid":109,"tokenid":"0cf8c2af89fdfe7d9b64ece14abba2d7","tokenurl":"/mcm/api/land?token=0cf8c2af89fdfe7d9b64ece14abba2d7","imageurl":"/mcm/images/land/2B/2732_220d1b34d7ea.jpg","landname":"73"},{"id":281474979135562,"level":3,"status":1,"posx":21,"posy":19,"cityid":37,"townid":109,"tokenid":"244a8afecef4219500ecb6fd9b456da4","tokenurl":"/mcm/api/land?token=244a8afecef4219500ecb6fd9b456da4","imageurl":"/mcm/images/land/2B/2733_aef9fae9436.jpg","landname":"74"},{"id":281474979135563,"level":3,"status":0,"posx":25,"posy":19,"cityid":37,"townid":109,"tokenid":"ef788ffe2cf3ab89bb01577bf6488402","tokenurl":"/mcm/api/land?token=ef788ffe2cf3ab89bb01577bf6488402","imageurl":"/mcm/images/land/2B/2734_547a9b3b768.jpg","landname":"75"},{"id":281474979135564,"level":3,"status":0,"posx":26,"posy":19,"cityid":37,"townid":109,"tokenid":"d0e84625058054457740a1ca97b071c3","tokenurl":"/mcm/api/land?token=d0e84625058054457740a1ca97b071c3","imageurl":"/mcm/images/land/2B/2735_462145b7d06e.jpg","landname":"76"},{"id":281474979135565,"level":1,"status":0,"posx":8,"posy":20,"cityid":37,"townid":109,"tokenid":"d3bc87957fa997811793ae3b2a021394","tokenurl":"/mcm/api/land?token=d3bc87957fa997811793ae3b2a021394","imageurl":"/mcm/images/land/2S/1100_35d3a562dfbc.jpg","landname":"77"},{"id":281474979135566,"level":2,"status":0,"posx":9,"posy":20,"cityid":37,"townid":109,"tokenid":"801cdda0110724321176d7f7994598f6","tokenurl":"/mcm/api/land?token=801cdda0110724321176d7f7994598f6","imageurl":"/mcm/images/land/2A/1646_2085e477e0f8.jpg","landname":"78"},{"id":281474979135567,"level":3,"status":0,"posx":20,"posy":20,"cityid":37,"townid":109,"tokenid":"d284c5d543b415724b2258442c6affc9","tokenurl":"/mcm/api/land?token=d284c5d543b415724b2258442c6affc9","imageurl":"/mcm/images/land/2B/2736_1f3a3606e11a.jpg","landname":"79"},{"id":281474979135568,"level":1,"status":1,"posx":21,"posy":20,"cityid":37,"townid":109,"tokenid":"70d6ffd7d9ad6518d47d62a153893638","tokenurl":"/mcm/api/land?token=70d6ffd7d9ad6518d47d62a153893638","imageurl":"/mcm/images/land/2S/1101_e779964e632.jpg","landname":"80"},{"id":281474979135569,"level":3,"status":1,"posx":25,"posy":20,"cityid":37,"townid":109,"tokenid":"7f4868f0adaa059c0c9575a5b60522ba","tokenurl":"/mcm/api/land?token=7f4868f0adaa059c0c9575a5b60522ba","imageurl":"/mcm/images/land/2B/2737_45bcee7aee59.jpg","landname":"81"},{"id":281474979135570,"level":3,"status":0,"posx":26,"posy":20,"cityid":37,"townid":109,"tokenid":"b5a0994e0a620272bf0e0a336953fee4","tokenurl":"/mcm/api/land?token=b5a0994e0a620272bf0e0a336953fee4","imageurl":"/mcm/images/land/2B/2738_43a935587d81.jpg","landname":"82"},{"id":281474979135571,"level":3,"status":1,"posx":31,"posy":20,"cityid":37,"townid":109,"tokenid":"ffc3c23c6594e2dcfd24dd2fcf603c66","tokenurl":"/mcm/api/land?token=ffc3c23c6594e2dcfd24dd2fcf603c66","imageurl":"/mcm/images/land/2B/2739_4a996d652548.jpg","landname":"83"},{"id":281474979135572,"level":3,"status":1,"posx":32,"posy":20,"cityid":37,"townid":109,"tokenid":"1a841f611fab6545cc3b19f81ea49105","tokenurl":"/mcm/api/land?token=1a841f611fab6545cc3b19f81ea49105","imageurl":"/mcm/images/land/2B/2740_1f18512674d1.jpg","landname":"84"},{"id":281474979135573,"level":3,"status":1,"posx":20,"posy":21,"cityid":37,"townid":109,"tokenid":"95998799158b2e6dd7814c3c7326f3ad","tokenurl":"/mcm/api/land?token=95998799158b2e6dd7814c3c7326f3ad","imageurl":"/mcm/images/land/2B/2741_555e5cf92f32.jpg","landname":"85"},{"id":281474979135574,"level":1,"status":1,"posx":21,"posy":21,"cityid":37,"townid":109,"tokenid":"328ccdacfd03826235064ece67186946","tokenurl":"/mcm/api/land?token=328ccdacfd03826235064ece67186946","imageurl":"/mcm/images/land/2S/1102_201c837797ff.jpg","landname":"86"},{"id":281474979135575,"level":3,"status":1,"posx":25,"posy":21,"cityid":37,"townid":109,"tokenid":"cdfb627395e26004a71d1fa12e435021","tokenurl":"/mcm/api/land?token=cdfb627395e26004a71d1fa12e435021","imageurl":"/mcm/images/land/2B/2742_d9fdbfce3b1.jpg","landname":"87"},{"id":281474979135576,"level":2,"status":0,"posx":26,"posy":21,"cityid":37,"townid":109,"tokenid":"2b948071a29aca76d7c225c5e3d6f525","tokenurl":"/mcm/api/land?token=2b948071a29aca76d7c225c5e3d6f525","imageurl":"/mcm/images/land/2A/1647_56bcc6e869c8.jpg","landname":"88"},{"id":281474979135577,"level":2,"status":1,"posx":31,"posy":21,"cityid":37,"townid":109,"tokenid":"54ed3430611fed94362e0195e94980fa","tokenurl":"/mcm/api/land?token=54ed3430611fed94362e0195e94980fa","imageurl":"/mcm/images/land/2A/1648_1a6d0abc41ea.jpg","landname":"89"},{"id":281474979135578,"level":1,"status":0,"posx":32,"posy":21,"cityid":37,"townid":109,"tokenid":"f3c89ce8acedccdd97bbea9701686509","tokenurl":"/mcm/api/land?token=f3c89ce8acedccdd97bbea9701686509","imageurl":"/mcm/images/land/2S/1103_32ea06b521d.jpg","landname":"90"},{"id":281474979135579,"level":3,"status":0,"posx":12,"posy":22,"cityid":37,"townid":109,"tokenid":"d22c3e14c476bd94dfdc3baa9cb31457","tokenurl":"/mcm/api/land?token=d22c3e14c476bd94dfdc3baa9cb31457","imageurl":"/mcm/images/land/2B/2743_bc975120a4c.jpg","landname":"91"},{"id":281474979135580,"level":3,"status":0,"posx":13,"posy":22,"cityid":37,"townid":109,"tokenid":"9a7363f475da7efd01954a91aded3739","tokenurl":"/mcm/api/land?token=9a7363f475da7efd01954a91aded3739","imageurl":"/mcm/images/land/2B/2744_3c110d2a26ff.jpg","landname":"92"},{"id":281474979135581,"level":3,"status":0,"posx":20,"posy":22,"cityid":37,"townid":109,"tokenid":"6810ed868f163ab312d1783b8b84a301","tokenurl":"/mcm/api/land?token=6810ed868f163ab312d1783b8b84a301","imageurl":"/mcm/images/land/2B/2745_33482ae79f7f.jpg","landname":"93"},{"id":281474979135582,"level":3,"status":1,"posx":21,"posy":22,"cityid":37,"townid":109,"tokenid":"836299167cdd481bae016655c45fd7c0","tokenurl":"/mcm/api/land?token=836299167cdd481bae016655c45fd7c0","imageurl":"/mcm/images/land/2B/2746_216424cd89b2.jpg","landname":"94"},{"id":281474979135583,"level":2,"status":0,"posx":25,"posy":22,"cityid":37,"townid":109,"tokenid":"cdd89264da6199ac1392122a024d6a4b","tokenurl":"/mcm/api/land?token=cdd89264da6199ac1392122a024d6a4b","imageurl":"/mcm/images/land/2A/1649_1dbbac70a146.jpg","landname":"95"},{"id":281474979135584,"level":3,"status":0,"posx":26,"posy":22,"cityid":37,"townid":109,"tokenid":"3629e4d8833112f449e2ae946dc028d6","tokenurl":"/mcm/api/land?token=3629e4d8833112f449e2ae946dc028d6","imageurl":"/mcm/images/land/2B/2747_349402b1dd19.jpg","landname":"96"},{"id":281474979135585,"level":2,"status":1,"posx":31,"posy":22,"cityid":37,"townid":109,"tokenid":"91f648831a5618805bb8ab23c3b011f3","tokenurl":"/mcm/api/land?token=91f648831a5618805bb8ab23c3b011f3","imageurl":"/mcm/images/land/2A/1650_2f0814108d72.jpg","landname":"97"},{"id":281474979135586,"level":2,"status":0,"posx":32,"posy":22,"cityid":37,"townid":109,"tokenid":"e7f44ed6d0841359ed23b6fc302f6b41","tokenurl":"/mcm/api/land?token=e7f44ed6d0841359ed23b6fc302f6b41","imageurl":"/mcm/images/land/2A/1651_5306d0cddb80.jpg","landname":"98"},{"id":281474979135587,"level":1,"status":0,"posx":12,"posy":23,"cityid":37,"townid":109,"tokenid":"75fbc1912d3b230e515917ffa2b8219d","tokenurl":"/mcm/api/land?token=75fbc1912d3b230e515917ffa2b8219d","imageurl":"/mcm/images/land/2S/1104_77f73110cc5.jpg","landname":"99"},{"id":281474979135588,"level":3,"status":0,"posx":13,"posy":23,"cityid":37,"townid":109,"tokenid":"1e8d6abf03ee58f9359c916f732b8ace","tokenurl":"/mcm/api/land?token=1e8d6abf03ee58f9359c916f732b8ace","imageurl":"/mcm/images/land/2B/2748_215f221c9ad0.jpg","landname":"100"},{"id":281474979135589,"level":3,"status":0,"posx":31,"posy":23,"cityid":37,"townid":109,"tokenid":"197ee3cb84def72f1611f22c47a55c7c","tokenurl":"/mcm/api/land?token=197ee3cb84def72f1611f22c47a55c7c","imageurl":"/mcm/images/land/2B/2749_4d88d57d380e.jpg","landname":"101"},{"id":281474979135590,"level":3,"status":0,"posx":32,"posy":23,"cityid":37,"townid":109,"tokenid":"a0012f4a2c09b264a918cc6ea5229e87","tokenurl":"/mcm/api/land?token=a0012f4a2c09b264a918cc6ea5229e87","imageurl":"/mcm/images/land/2B/2750_1032437a26e1.jpg","landname":"102"},{"id":281474979135591,"level":2,"status":1,"posx":12,"posy":24,"cityid":37,"townid":109,"tokenid":"31a982e7e55bb7e2f89bc13df344a5fd","tokenurl":"/mcm/api/land?token=31a982e7e55bb7e2f89bc13df344a5fd","imageurl":"/mcm/images/land/2A/1652_4891a84d28ec.jpg","landname":"103"},{"id":281474979135592,"level":3,"status":1,"posx":13,"posy":24,"cityid":37,"townid":109,"tokenid":"a3c3cbac0d284c2724273ae1018769bf","tokenurl":"/mcm/api/land?token=a3c3cbac0d284c2724273ae1018769bf","imageurl":"/mcm/images/land/2B/2751_3feeccc83f82.jpg","landname":"104"},{"id":281474979135593,"level":3,"status":1,"posx":31,"posy":24,"cityid":37,"townid":109,"tokenid":"3e619eadf37727e825c5400382a32242","tokenurl":"/mcm/api/land?token=3e619eadf37727e825c5400382a32242","imageurl":"/mcm/images/land/2B/2752_180ab890f814.jpg","landname":"105"},{"id":281474979135594,"level":1,"status":1,"posx":32,"posy":24,"cityid":37,"townid":109,"tokenid":"510cab7e25f0e87bd8d0e470145e6a4c","tokenurl":"/mcm/api/land?token=510cab7e25f0e87bd8d0e470145e6a4c","imageurl":"/mcm/images/land/2S/1105_403486937a4b.jpg","landname":"106"},{"id":281474979135595,"level":3,"status":0,"posx":12,"posy":25,"cityid":37,"townid":109,"tokenid":"cbdbdb320c569012ca4cf1626fb4a934","tokenurl":"/mcm/api/land?token=cbdbdb320c569012ca4cf1626fb4a934","imageurl":"/mcm/images/land/2B/2753_b3c1ce0dbb4.jpg","landname":"107"},{"id":281474979135596,"level":3,"status":1,"posx":13,"posy":25,"cityid":37,"townid":109,"tokenid":"97e189ecc07a4aeb636be2c424e98af9","tokenurl":"/mcm/api/land?token=97e189ecc07a4aeb636be2c424e98af9","imageurl":"/mcm/images/land/2B/2754_166bb99528f6.jpg","landname":"108"},{"id":281474979135597,"level":2,"status":0,"posx":6,"posy":26,"cityid":37,"townid":109,"tokenid":"1e6f76fb5639165528afc69a85204a9e","tokenurl":"/mcm/api/land?token=1e6f76fb5639165528afc69a85204a9e","imageurl":"/mcm/images/land/2A/1653_48285458de5.jpg","landname":"109"},{"id":281474979135598,"level":1,"status":1,"posx":7,"posy":26,"cityid":37,"townid":109,"tokenid":"581f549a9be45588fee630787e38c438","tokenurl":"/mcm/api/land?token=581f549a9be45588fee630787e38c438","imageurl":"/mcm/images/land/2S/1106_15d552a9ccd5.jpg","landname":"110"},{"id":281474979135599,"level":2,"status":1,"posx":9,"posy":26,"cityid":37,"townid":109,"tokenid":"d33d4d0a363990bec6be04685150fadd","tokenurl":"/mcm/api/land?token=d33d4d0a363990bec6be04685150fadd","imageurl":"/mcm/images/land/2A/1654_4a3c7e88313b.jpg","landname":"111"},{"id":281474979135600,"level":3,"status":0,"posx":10,"posy":26,"cityid":37,"townid":109,"tokenid":"de28a42d2e48a8ae9c9423ed230e419b","tokenurl":"/mcm/api/land?token=de28a42d2e48a8ae9c9423ed230e419b","imageurl":"/mcm/images/land/2B/2755_2c51ec376fb3.jpg","landname":"112"},{"id":281474979135601,"level":2,"status":0,"posx":12,"posy":26,"cityid":37,"townid":109,"tokenid":"09b9e390b61f7cdc8da00f8124c41f7d","tokenurl":"/mcm/api/land?token=09b9e390b61f7cdc8da00f8124c41f7d","imageurl":"/mcm/images/land/2A/1655_3582b4a833a.jpg","landname":"113"},{"id":281474979135602,"level":3,"status":0,"posx":13,"posy":26,"cityid":37,"townid":109,"tokenid":"446500afba70f301001185f13b742af7","tokenurl":"/mcm/api/land?token=446500afba70f301001185f13b742af7","imageurl":"/mcm/images/land/2B/2756_3ead629a9002.jpg","landname":"114"},{"id":281474979135603,"level":2,"status":1,"posx":6,"posy":27,"cityid":37,"townid":109,"tokenid":"afba86fe9771106ff3d4589075947ee4","tokenurl":"/mcm/api/land?token=afba86fe9771106ff3d4589075947ee4","imageurl":"/mcm/images/land/2A/1656_146bfb0def6d.jpg","landname":"115"},{"id":281474979135604,"level":2,"status":0,"posx":7,"posy":27,"cityid":37,"townid":109,"tokenid":"ff381cfdd48dcbbd907bcae9f566d2df","tokenurl":"/mcm/api/land?token=ff381cfdd48dcbbd907bcae9f566d2df","imageurl":"/mcm/images/land/2A/1657_3dca56c7cefc.jpg","landname":"116"},{"id":281474979135605,"level":3,"status":1,"posx":9,"posy":27,"cityid":37,"townid":109,"tokenid":"6afe01985878b370301692fc9b1212c2","tokenurl":"/mcm/api/land?token=6afe01985878b370301692fc9b1212c2","imageurl":"/mcm/images/land/2B/2757_26371b563b1e.jpg","landname":"117"},{"id":281474979135606,"level":2,"status":1,"posx":10,"posy":27,"cityid":37,"townid":109,"tokenid":"15b3112c71320267fa93f320a77350d1","tokenurl":"/mcm/api/land?token=15b3112c71320267fa93f320a77350d1","imageurl":"/mcm/images/land/2A/1658_27dda4282cac.jpg","landname":"118"},{"id":281474979135607,"level":2,"status":0,"posx":23,"posy":27,"cityid":37,"townid":109,"tokenid":"4d17e6da8a1931b34036d3a06414f30c","tokenurl":"/mcm/api/land?token=4d17e6da8a1931b34036d3a06414f30c","imageurl":"/mcm/images/land/2A/1659_41db2bee0583.jpg","landname":"119"},{"id":281474979135608,"level":2,"status":0,"posx":24,"posy":27,"cityid":37,"townid":109,"tokenid":"7acbcf3c631df6226efc7594c8ab66b6","tokenurl":"/mcm/api/land?token=7acbcf3c631df6226efc7594c8ab66b6","imageurl":"/mcm/images/land/2A/1660_7eacfcaecbf.jpg","landname":"120"},{"id":281474979135609,"level":3,"status":0,"posx":6,"posy":28,"cityid":37,"townid":109,"tokenid":"c9ce50a0b36f799ff938ab369787ac49","tokenurl":"/mcm/api/land?token=c9ce50a0b36f799ff938ab369787ac49","imageurl":"/mcm/images/land/2B/2758_8efdc3540eb.jpg","landname":"121"},{"id":281474979135610,"level":3,"status":0,"posx":7,"posy":28,"cityid":37,"townid":109,"tokenid":"a0a524958c7c8db463c9fbbfcac28694","tokenurl":"/mcm/api/land?token=a0a524958c7c8db463c9fbbfcac28694","imageurl":"/mcm/images/land/2B/2759_11d96cb26a99.jpg","landname":"122"},{"id":281474979135611,"level":1,"status":1,"posx":9,"posy":28,"cityid":37,"townid":109,"tokenid":"ce4760548077616b9761be8c7fe9b695","tokenurl":"/mcm/api/land?token=ce4760548077616b9761be8c7fe9b695","imageurl":"/mcm/images/land/2S/1107_45c98ecb6b52.jpg","landname":"123"},{"id":281474979135612,"level":3,"status":1,"posx":10,"posy":28,"cityid":37,"townid":109,"tokenid":"daa37dc30ab81aaff2ac8889c4b9da6b","tokenurl":"/mcm/api/land?token=daa37dc30ab81aaff2ac8889c4b9da6b","imageurl":"/mcm/images/land/2B/2760_29616581dba8.jpg","landname":"124"},{"id":281474979135613,"level":1,"status":1,"posx":23,"posy":28,"cityid":37,"townid":109,"tokenid":"a61cbf90bb97ee2d696536acd05ef514","tokenurl":"/mcm/api/land?token=a61cbf90bb97ee2d696536acd05ef514","imageurl":"/mcm/images/land/2S/1108_46e722748785.jpg","landname":"125"},{"id":281474979135614,"level":3,"status":1,"posx":24,"posy":28,"cityid":37,"townid":109,"tokenid":"0d02da392237fe6bcc7c363a49bc394f","tokenurl":"/mcm/api/land?token=0d02da392237fe6bcc7c363a49bc394f","imageurl":"/mcm/images/land/2B/2761_4190783d7b36.jpg","landname":"126"},{"id":281474979135615,"level":3,"status":1,"posx":32,"posy":28,"cityid":37,"townid":109,"tokenid":"eaa71c23c4c92e3a8c7f1afcaf5cd040","tokenurl":"/mcm/api/land?token=eaa71c23c4c92e3a8c7f1afcaf5cd040","imageurl":"/mcm/images/land/2B/2762_2059289aeea4.jpg","landname":"127"},{"id":281474979135616,"level":3,"status":1,"posx":33,"posy":28,"cityid":37,"townid":109,"tokenid":"fac1de0bf7a34bfc5a2c3d9cfc47cfca","tokenurl":"/mcm/api/land?token=fac1de0bf7a34bfc5a2c3d9cfc47cfca","imageurl":"/mcm/images/land/2B/2763_11942f77e8d0.jpg","landname":"128"},{"id":281474979135617,"level":3,"status":1,"posx":6,"posy":29,"cityid":37,"townid":109,"tokenid":"5811849a5c3130a11a4254e5ade163ac","tokenurl":"/mcm/api/land?token=5811849a5c3130a11a4254e5ade163ac","imageurl":"/mcm/images/land/2B/2764_3314683da67d.jpg","landname":"129"},{"id":281474979135618,"level":3,"status":0,"posx":7,"posy":29,"cityid":37,"townid":109,"tokenid":"d5afba67956c319fe6d629e40028b503","tokenurl":"/mcm/api/land?token=d5afba67956c319fe6d629e40028b503","imageurl":"/mcm/images/land/2B/2765_5068455e5eb.jpg","landname":"130"},{"id":281474979135619,"level":3,"status":0,"posx":9,"posy":29,"cityid":37,"townid":109,"tokenid":"f037a752a2ee34a93b602d8f9d7cbfd7","tokenurl":"/mcm/api/land?token=f037a752a2ee34a93b602d8f9d7cbfd7","imageurl":"/mcm/images/land/2B/2766_596a8b598d5c.jpg","landname":"131"},{"id":281474979135620,"level":3,"status":1,"posx":10,"posy":29,"cityid":37,"townid":109,"tokenid":"3ab054dc1499276707ee8d7a47ced511","tokenurl":"/mcm/api/land?token=3ab054dc1499276707ee8d7a47ced511","imageurl":"/mcm/images/land/2B/2767_421000c8de63.jpg","landname":"132"},{"id":281474979135621,"level":3,"status":1,"posx":23,"posy":29,"cityid":37,"townid":109,"tokenid":"c5263ae294716c9152cfcd779641d71e","tokenurl":"/mcm/api/land?token=c5263ae294716c9152cfcd779641d71e","imageurl":"/mcm/images/land/2B/2768_15a629fff91a.jpg","landname":"133"},{"id":281474979135622,"level":2,"status":0,"posx":24,"posy":29,"cityid":37,"townid":109,"tokenid":"e8fd520ab3f6f74c76da58ac59be7ae0","tokenurl":"/mcm/api/land?token=e8fd520ab3f6f74c76da58ac59be7ae0","imageurl":"/mcm/images/land/2A/1661_3af5ea692e3f.jpg","landname":"134"},{"id":281474979135623,"level":3,"status":1,"posx":32,"posy":29,"cityid":37,"townid":109,"tokenid":"fdbbd0bd076060b7f63d6c6468fb76f5","tokenurl":"/mcm/api/land?token=fdbbd0bd076060b7f63d6c6468fb76f5","imageurl":"/mcm/images/land/2B/2769_321d2a358ef3.jpg","landname":"135"},{"id":281474979135624,"level":3,"status":0,"posx":33,"posy":29,"cityid":37,"townid":109,"tokenid":"90228a4baa307aa07f70eda481f6bfa3","tokenurl":"/mcm/api/land?token=90228a4baa307aa07f70eda481f6bfa3","imageurl":"/mcm/images/land/2B/2770_2a41f76140fb.jpg","landname":"136"},{"id":281474979135625,"level":1,"status":0,"posx":6,"posy":30,"cityid":37,"townid":109,"tokenid":"ce14359f0e252fd8f6c8a281f5cb0e13","tokenurl":"/mcm/api/land?token=ce14359f0e252fd8f6c8a281f5cb0e13","imageurl":"/mcm/images/land/2S/1109_1d6220f8b408.jpg","landname":"137"},{"id":281474979135626,"level":2,"status":0,"posx":7,"posy":30,"cityid":37,"townid":109,"tokenid":"8757e039c3be0f2925b8a0cc8b3fc18f","tokenurl":"/mcm/api/land?token=8757e039c3be0f2925b8a0cc8b3fc18f","imageurl":"/mcm/images/land/2A/1662_18e5fb4f395d.jpg","landname":"138"},{"id":281474979135627,"level":3,"status":0,"posx":9,"posy":30,"cityid":37,"townid":109,"tokenid":"fc5e99307ad8a5ab05959b0fca4d2ca7","tokenurl":"/mcm/api/land?token=fc5e99307ad8a5ab05959b0fca4d2ca7","imageurl":"/mcm/images/land/2B/2771_52e8bad94b37.jpg","landname":"139"},{"id":281474979135628,"level":2,"status":1,"posx":10,"posy":30,"cityid":37,"townid":109,"tokenid":"c8e99c00bd3c3cd0c7cb3bcd642a790c","tokenurl":"/mcm/api/land?token=c8e99c00bd3c3cd0c7cb3bcd642a790c","imageurl":"/mcm/images/land/2A/1663_535964f9b210.jpg","landname":"140"},{"id":281474979135629,"level":3,"status":0,"posx":23,"posy":30,"cityid":37,"townid":109,"tokenid":"89e41983d7bad150e0705692b1a10a46","tokenurl":"/mcm/api/land?token=89e41983d7bad150e0705692b1a10a46","imageurl":"/mcm/images/land/2B/2772_204d865bc692.jpg","landname":"141"},{"id":281474979135630,"level":2,"status":1,"posx":24,"posy":30,"cityid":37,"townid":109,"tokenid":"7ef50ffd6c5613d0bbc98fb5b2f8e99c","tokenurl":"/mcm/api/land?token=7ef50ffd6c5613d0bbc98fb5b2f8e99c","imageurl":"/mcm/images/land/2A/1664_396a1ae355c0.jpg","landname":"142"},{"id":281474979135631,"level":3,"status":1,"posx":32,"posy":30,"cityid":37,"townid":109,"tokenid":"21de00c7e066c4f971dfe1f9af254fc4","tokenurl":"/mcm/api/land?token=21de00c7e066c4f971dfe1f9af254fc4","imageurl":"/mcm/images/land/2B/2773_317b372a9217.jpg","landname":"143"},{"id":281474979135632,"level":3,"status":0,"posx":33,"posy":30,"cityid":37,"townid":109,"tokenid":"a8577d709c5185b129bfbbc4c0a2f0bc","tokenurl":"/mcm/api/land?token=a8577d709c5185b129bfbbc4c0a2f0bc","imageurl":"/mcm/images/land/2B/2774_4b3f3f4bf31b.jpg","landname":"144"},{"id":281474979135633,"level":2,"status":0,"posx":23,"posy":31,"cityid":37,"townid":109,"tokenid":"6c17a5ae445326a20bb59adf1a45a90b","tokenurl":"/mcm/api/land?token=6c17a5ae445326a20bb59adf1a45a90b","imageurl":"/mcm/images/land/2A/1665_26250380479e.jpg","landname":"145"},{"id":281474979135634,"level":2,"status":0,"posx":24,"posy":31,"cityid":37,"townid":109,"tokenid":"aefd934500475adb931f90bc73753b45","tokenurl":"/mcm/api/land?token=aefd934500475adb931f90bc73753b45","imageurl":"/mcm/images/land/2A/1666_409da19f9d49.jpg","landname":"146"},{"id":281474979135635,"level":3,"status":1,"posx":32,"posy":31,"cityid":37,"townid":109,"tokenid":"76eccd95fda326f97d204c1da31f28f3","tokenurl":"/mcm/api/land?token=76eccd95fda326f97d204c1da31f28f3","imageurl":"/mcm/images/land/2B/2775_11baecf11b73.jpg","landname":"147"},{"id":281474979135636,"level":1,"status":0,"posx":33,"posy":31,"cityid":37,"townid":109,"tokenid":"9c8dd28bb3b5cc4f567aa3d5c17c052b","tokenurl":"/mcm/api/land?token=9c8dd28bb3b5cc4f567aa3d5c17c052b","imageurl":"/mcm/images/land/2S/1110_26360d7205ab.jpg","landname":"148"},{"id":281474979135637,"level":1,"status":1,"posx":32,"posy":32,"cityid":37,"townid":109,"tokenid":"341569ae98b169ceaadaab27038158b1","tokenurl":"/mcm/api/land?token=341569ae98b169ceaadaab27038158b1","imageurl":"/mcm/images/land/2S/1111_1be166856bca.jpg","landname":"149"},{"id":281474979135638,"level":3,"status":1,"posx":33,"posy":32,"cityid":37,"townid":109,"tokenid":"a98e40936fef6449073a94384bcb4b44","tokenurl":"/mcm/api/land?token=a98e40936fef6449073a94384bcb4b44","imageurl":"/mcm/images/land/2B/2776_c872a80683e.jpg","landname":"150"}]]],0,0,[],[],[]]
