[1,0,0,[["cc.JsonAsset",["_name","json"],1]],[[0,0,1,3]],[[0,"137",[{"id":281474980052993,"level":3,"status":1,"posx":7,"posy":5,"cityid":51,"townid":137,"tokenid":"4f83fa5bf11883fe91a13c8b098360d5","tokenurl":"/mcm/api/land?token=4f83fa5bf11883fe91a13c8b098360d5","imageurl":"/mcm/images/land/2B/4802_461d53e98fbe.jpg","landname":"1"},{"id":281474980052994,"level":3,"status":0,"posx":8,"posy":5,"cityid":51,"townid":137,"tokenid":"f4a72b2be0b54291dbd746fb7dad0068","tokenurl":"/mcm/api/land?token=f4a72b2be0b54291dbd746fb7dad0068","imageurl":"/mcm/images/land/2B/4803_5abd60c93183.jpg","landname":"2"},{"id":281474980052995,"level":1,"status":1,"posx":16,"posy":5,"cityid":51,"townid":137,"tokenid":"180bee2395db2692c8a239115f17ae77","tokenurl":"/mcm/api/land?token=180bee2395db2692c8a239115f17ae77","imageurl":"/mcm/images/land/2S/1922_2a04a0c9cc85.jpg","landname":"3"},{"id":281474980052996,"level":3,"status":1,"posx":17,"posy":5,"cityid":51,"townid":137,"tokenid":"6eb4199e9f7b9c5a479b98b2d0000cf3","tokenurl":"/mcm/api/land?token=6eb4199e9f7b9c5a479b98b2d0000cf3","imageurl":"/mcm/images/land/2B/4804_2ca25e525aa6.jpg","landname":"4"},{"id":281474980052997,"level":2,"status":1,"posx":20,"posy":5,"cityid":51,"townid":137,"tokenid":"210769bee33c7d57661834a856c3c7ff","tokenurl":"/mcm/api/land?token=210769bee33c7d57661834a856c3c7ff","imageurl":"/mcm/images/land/2A/2882_570d4a4ea4ed.jpg","landname":"5"},{"id":281474980052998,"level":2,"status":0,"posx":21,"posy":5,"cityid":51,"townid":137,"tokenid":"9fbb040774bf40cf194c662fa6942589","tokenurl":"/mcm/api/land?token=9fbb040774bf40cf194c662fa6942589","imageurl":"/mcm/images/land/2A/2883_4f402d429697.jpg","landname":"6"},{"id":281474980052999,"level":1,"status":1,"posx":7,"posy":6,"cityid":51,"townid":137,"tokenid":"fa4112b7d88f1ec06e35a25f71fe4d80","tokenurl":"/mcm/api/land?token=fa4112b7d88f1ec06e35a25f71fe4d80","imageurl":"/mcm/images/land/2S/1923_4369dd23d4ee.jpg","landname":"7"},{"id":281474980053000,"level":3,"status":1,"posx":8,"posy":6,"cityid":51,"townid":137,"tokenid":"1fe7d64ce9765e3f2b2589fe6c619128","tokenurl":"/mcm/api/land?token=1fe7d64ce9765e3f2b2589fe6c619128","imageurl":"/mcm/images/land/2B/4805_17173f7fa410.jpg","landname":"8"},{"id":281474980053001,"level":1,"status":1,"posx":16,"posy":6,"cityid":51,"townid":137,"tokenid":"6c193a87967d2db3e696544bedd4ced4","tokenurl":"/mcm/api/land?token=6c193a87967d2db3e696544bedd4ced4","imageurl":"/mcm/images/land/2S/1924_4a73c2d0ecd1.jpg","landname":"9"},{"id":281474980053002,"level":1,"status":0,"posx":17,"posy":6,"cityid":51,"townid":137,"tokenid":"5d35f3288156716786dbbde498fdd5e8","tokenurl":"/mcm/api/land?token=5d35f3288156716786dbbde498fdd5e8","imageurl":"/mcm/images/land/2S/1925_19f08074d08b.jpg","landname":"10"},{"id":281474980053003,"level":3,"status":0,"posx":20,"posy":6,"cityid":51,"townid":137,"tokenid":"9c1c1e22c542dbfb6b75094ccdfc9531","tokenurl":"/mcm/api/land?token=9c1c1e22c542dbfb6b75094ccdfc9531","imageurl":"/mcm/images/land/2B/4806_4bf521004e13.jpg","landname":"11"},{"id":281474980053004,"level":3,"status":1,"posx":21,"posy":6,"cityid":51,"townid":137,"tokenid":"4035fa64a11dba4e6a758d903528cb07","tokenurl":"/mcm/api/land?token=4035fa64a11dba4e6a758d903528cb07","imageurl":"/mcm/images/land/2B/4807_ac372cca6b8.jpg","landname":"12"},{"id":281474980053005,"level":2,"status":0,"posx":7,"posy":7,"cityid":51,"townid":137,"tokenid":"c07325fcab5eb86e1194688299d647bc","tokenurl":"/mcm/api/land?token=c07325fcab5eb86e1194688299d647bc","imageurl":"/mcm/images/land/2A/2884_472edf4990e5.jpg","landname":"13"},{"id":281474980053006,"level":3,"status":0,"posx":8,"posy":7,"cityid":51,"townid":137,"tokenid":"1bba22c4b0df8b175819222e93c79676","tokenurl":"/mcm/api/land?token=1bba22c4b0df8b175819222e93c79676","imageurl":"/mcm/images/land/2B/4808_57171b775361.jpg","landname":"14"},{"id":281474980053007,"level":2,"status":0,"posx":16,"posy":7,"cityid":51,"townid":137,"tokenid":"25fe2a9ed75e9f7d955a816aa2e5121b","tokenurl":"/mcm/api/land?token=25fe2a9ed75e9f7d955a816aa2e5121b","imageurl":"/mcm/images/land/2A/2885_1468c526ce4d.jpg","landname":"15"},{"id":281474980053008,"level":3,"status":0,"posx":17,"posy":7,"cityid":51,"townid":137,"tokenid":"69f07ef63f9bb0f121fc844912667555","tokenurl":"/mcm/api/land?token=69f07ef63f9bb0f121fc844912667555","imageurl":"/mcm/images/land/2B/4809_1c2d08eec96e.jpg","landname":"16"},{"id":281474980053009,"level":3,"status":1,"posx":20,"posy":7,"cityid":51,"townid":137,"tokenid":"30a82c4b8dfa9230e159aa2cacc3d4a8","tokenurl":"/mcm/api/land?token=30a82c4b8dfa9230e159aa2cacc3d4a8","imageurl":"/mcm/images/land/2B/4810_79c37c3e69b.jpg","landname":"17"},{"id":281474980053010,"level":1,"status":0,"posx":21,"posy":7,"cityid":51,"townid":137,"tokenid":"4e29509e4cf19d4962c2b4d75ad2a4c5","tokenurl":"/mcm/api/land?token=4e29509e4cf19d4962c2b4d75ad2a4c5","imageurl":"/mcm/images/land/2S/1926_40e5d30b8e66.jpg","landname":"18"},{"id":281474980053011,"level":1,"status":0,"posx":7,"posy":8,"cityid":51,"townid":137,"tokenid":"36613ef4278f5813d6697375d05e61dc","tokenurl":"/mcm/api/land?token=36613ef4278f5813d6697375d05e61dc","imageurl":"/mcm/images/land/2S/1927_3aab2e0ec155.jpg","landname":"19"},{"id":281474980053012,"level":3,"status":1,"posx":8,"posy":8,"cityid":51,"townid":137,"tokenid":"d6dfd9226542d5b04e78aea40001413f","tokenurl":"/mcm/api/land?token=d6dfd9226542d5b04e78aea40001413f","imageurl":"/mcm/images/land/2B/4811_50e69d927d7b.jpg","landname":"20"},{"id":281474980053013,"level":3,"status":1,"posx":16,"posy":8,"cityid":51,"townid":137,"tokenid":"3c074ff99e7c99907342e697baca5d3c","tokenurl":"/mcm/api/land?token=3c074ff99e7c99907342e697baca5d3c","imageurl":"/mcm/images/land/2B/4812_ca1d41cc096.jpg","landname":"21"},{"id":281474980053014,"level":3,"status":1,"posx":17,"posy":8,"cityid":51,"townid":137,"tokenid":"224016c6e933bb1648a9c0d04eb8e781","tokenurl":"/mcm/api/land?token=224016c6e933bb1648a9c0d04eb8e781","imageurl":"/mcm/images/land/2B/4813_60b6c974434.jpg","landname":"22"},{"id":281474980053015,"level":1,"status":1,"posx":20,"posy":8,"cityid":51,"townid":137,"tokenid":"d8c96486290e07404f1c9f4377679792","tokenurl":"/mcm/api/land?token=d8c96486290e07404f1c9f4377679792","imageurl":"/mcm/images/land/2S/1928_46e494f29b51.jpg","landname":"23"},{"id":281474980053016,"level":2,"status":1,"posx":21,"posy":8,"cityid":51,"townid":137,"tokenid":"6e1e32c71f30c2b3ff0546b411f0be75","tokenurl":"/mcm/api/land?token=6e1e32c71f30c2b3ff0546b411f0be75","imageurl":"/mcm/images/land/2A/2886_13a76fe269d8.jpg","landname":"24"},{"id":281474980053017,"level":2,"status":0,"posx":28,"posy":8,"cityid":51,"townid":137,"tokenid":"7a3b0807dda6108d8a42a2f8329afbe0","tokenurl":"/mcm/api/land?token=7a3b0807dda6108d8a42a2f8329afbe0","imageurl":"/mcm/images/land/2A/2887_163a179a39da.jpg","landname":"25"},{"id":281474980053018,"level":2,"status":1,"posx":29,"posy":8,"cityid":51,"townid":137,"tokenid":"90113f86b3b1ffa87d59bc9b70932727","tokenurl":"/mcm/api/land?token=90113f86b3b1ffa87d59bc9b70932727","imageurl":"/mcm/images/land/2A/2888_9525db21f0d.jpg","landname":"26"},{"id":281474980053019,"level":2,"status":1,"posx":32,"posy":8,"cityid":51,"townid":137,"tokenid":"e880746c518fc8373e7a7ec47071f71b","tokenurl":"/mcm/api/land?token=e880746c518fc8373e7a7ec47071f71b","imageurl":"/mcm/images/land/2A/2889_103d77a144ad.jpg","landname":"27"},{"id":281474980053020,"level":3,"status":1,"posx":33,"posy":8,"cityid":51,"townid":137,"tokenid":"05fb7be318b26f2efa91ddef1500767a","tokenurl":"/mcm/api/land?token=05fb7be318b26f2efa91ddef1500767a","imageurl":"/mcm/images/land/2B/4814_1edb901578d6.jpg","landname":"28"},{"id":281474980053021,"level":3,"status":0,"posx":7,"posy":9,"cityid":51,"townid":137,"tokenid":"49252952410bc2ffaaef8eb721b2c32f","tokenurl":"/mcm/api/land?token=49252952410bc2ffaaef8eb721b2c32f","imageurl":"/mcm/images/land/2B/4815_29d75ddeaac3.jpg","landname":"29"},{"id":281474980053022,"level":2,"status":0,"posx":8,"posy":9,"cityid":51,"townid":137,"tokenid":"d2859ea265aa6f3f1fde0e8950826743","tokenurl":"/mcm/api/land?token=d2859ea265aa6f3f1fde0e8950826743","imageurl":"/mcm/images/land/2A/2890_36335981154.jpg","landname":"30"},{"id":281474980053023,"level":1,"status":0,"posx":16,"posy":9,"cityid":51,"townid":137,"tokenid":"c267ee03308f0720029bc7fce1ec36bf","tokenurl":"/mcm/api/land?token=c267ee03308f0720029bc7fce1ec36bf","imageurl":"/mcm/images/land/2S/1929_38bd7fa9e1f.jpg","landname":"31"},{"id":281474980053024,"level":3,"status":1,"posx":17,"posy":9,"cityid":51,"townid":137,"tokenid":"92537d0153d3ba8441b922662ec465ee","tokenurl":"/mcm/api/land?token=92537d0153d3ba8441b922662ec465ee","imageurl":"/mcm/images/land/2B/4816_474626c3dfbc.jpg","landname":"32"},{"id":281474980053025,"level":3,"status":1,"posx":20,"posy":9,"cityid":51,"townid":137,"tokenid":"fb31b6842f4e82046cd90bd4a8ae6e0a","tokenurl":"/mcm/api/land?token=fb31b6842f4e82046cd90bd4a8ae6e0a","imageurl":"/mcm/images/land/2B/4817_512d58362b37.jpg","landname":"33"},{"id":281474980053026,"level":3,"status":0,"posx":21,"posy":9,"cityid":51,"townid":137,"tokenid":"f8b23f72f39d2985b3041838987eefdc","tokenurl":"/mcm/api/land?token=f8b23f72f39d2985b3041838987eefdc","imageurl":"/mcm/images/land/2B/4818_5474d6dd3867.jpg","landname":"34"},{"id":281474980053027,"level":2,"status":1,"posx":28,"posy":9,"cityid":51,"townid":137,"tokenid":"e08515ab0e1138fec8eab4c993d5007c","tokenurl":"/mcm/api/land?token=e08515ab0e1138fec8eab4c993d5007c","imageurl":"/mcm/images/land/2A/2891_27eb6c5bd812.jpg","landname":"35"},{"id":281474980053028,"level":3,"status":0,"posx":29,"posy":9,"cityid":51,"townid":137,"tokenid":"16c1633de259f199a059500b9c14af36","tokenurl":"/mcm/api/land?token=16c1633de259f199a059500b9c14af36","imageurl":"/mcm/images/land/2B/4819_279fd565a92c.jpg","landname":"36"},{"id":281474980053029,"level":3,"status":0,"posx":32,"posy":9,"cityid":51,"townid":137,"tokenid":"e6c80d3e36422d3b71f6236737218174","tokenurl":"/mcm/api/land?token=e6c80d3e36422d3b71f6236737218174","imageurl":"/mcm/images/land/2B/4820_3bfc53125d26.jpg","landname":"37"},{"id":281474980053030,"level":3,"status":1,"posx":33,"posy":9,"cityid":51,"townid":137,"tokenid":"09bbdd41f9744ba0edfaeca6d47f2a78","tokenurl":"/mcm/api/land?token=09bbdd41f9744ba0edfaeca6d47f2a78","imageurl":"/mcm/images/land/2B/4821_11e44be16f06.jpg","landname":"38"},{"id":281474980053031,"level":1,"status":0,"posx":28,"posy":10,"cityid":51,"townid":137,"tokenid":"432a611f5c953519442060437e4d56db","tokenurl":"/mcm/api/land?token=432a611f5c953519442060437e4d56db","imageurl":"/mcm/images/land/2S/1930_1b8d35730eda.jpg","landname":"39"},{"id":281474980053032,"level":3,"status":1,"posx":29,"posy":10,"cityid":51,"townid":137,"tokenid":"058315f11b5ae27cf2cc3832cc431a3a","tokenurl":"/mcm/api/land?token=058315f11b5ae27cf2cc3832cc431a3a","imageurl":"/mcm/images/land/2B/4822_21ba5976a10d.jpg","landname":"40"},{"id":281474980053033,"level":3,"status":1,"posx":32,"posy":10,"cityid":51,"townid":137,"tokenid":"ab26ddb4bf108724de6c427da85017a7","tokenurl":"/mcm/api/land?token=ab26ddb4bf108724de6c427da85017a7","imageurl":"/mcm/images/land/2B/4823_161dd43d99c8.jpg","landname":"41"},{"id":281474980053034,"level":2,"status":0,"posx":33,"posy":10,"cityid":51,"townid":137,"tokenid":"493fb5e83a1f4f971becb749cc89bf5f","tokenurl":"/mcm/api/land?token=493fb5e83a1f4f971becb749cc89bf5f","imageurl":"/mcm/images/land/2A/2892_11b58058d2f6.jpg","landname":"42"},{"id":281474980053035,"level":3,"status":0,"posx":28,"posy":11,"cityid":51,"townid":137,"tokenid":"368aebfa096da36490c522b880cedf52","tokenurl":"/mcm/api/land?token=368aebfa096da36490c522b880cedf52","imageurl":"/mcm/images/land/2B/4824_43511ccbe8e5.jpg","landname":"43"},{"id":281474980053036,"level":3,"status":0,"posx":29,"posy":11,"cityid":51,"townid":137,"tokenid":"63b6bf87bfbace9fa79de017102904a4","tokenurl":"/mcm/api/land?token=63b6bf87bfbace9fa79de017102904a4","imageurl":"/mcm/images/land/2B/4825_4bd76b6a48eb.jpg","landname":"44"},{"id":281474980053037,"level":3,"status":1,"posx":32,"posy":11,"cityid":51,"townid":137,"tokenid":"86e1b6ffd8aea74943cb56986bd8d3ec","tokenurl":"/mcm/api/land?token=86e1b6ffd8aea74943cb56986bd8d3ec","imageurl":"/mcm/images/land/2B/4826_27fc3cd3c268.jpg","landname":"45"},{"id":281474980053038,"level":2,"status":0,"posx":33,"posy":11,"cityid":51,"townid":137,"tokenid":"ab6fd4de900edcc8fe0b4f4eef6fa61d","tokenurl":"/mcm/api/land?token=ab6fd4de900edcc8fe0b4f4eef6fa61d","imageurl":"/mcm/images/land/2A/2893_40e7e88acfbd.jpg","landname":"46"},{"id":281474980053039,"level":3,"status":0,"posx":28,"posy":12,"cityid":51,"townid":137,"tokenid":"711cd9a38ded4d26e03fe96bac6e2b1a","tokenurl":"/mcm/api/land?token=711cd9a38ded4d26e03fe96bac6e2b1a","imageurl":"/mcm/images/land/2B/4827_6da6cebf4a.jpg","landname":"47"},{"id":281474980053040,"level":3,"status":0,"posx":29,"posy":12,"cityid":51,"townid":137,"tokenid":"24acd73e03255147d9b42f31d5ab1d46","tokenurl":"/mcm/api/land?token=24acd73e03255147d9b42f31d5ab1d46","imageurl":"/mcm/images/land/2B/4828_1110b3070934.jpg","landname":"48"},{"id":281474980053041,"level":2,"status":1,"posx":32,"posy":12,"cityid":51,"townid":137,"tokenid":"abe52293979b580603f96015437dab04","tokenurl":"/mcm/api/land?token=abe52293979b580603f96015437dab04","imageurl":"/mcm/images/land/2A/2894_afd5e6b6ff9.jpg","landname":"49"},{"id":281474980053042,"level":1,"status":0,"posx":33,"posy":12,"cityid":51,"townid":137,"tokenid":"d9259930aa64cc4140fc4c4df16fef83","tokenurl":"/mcm/api/land?token=d9259930aa64cc4140fc4c4df16fef83","imageurl":"/mcm/images/land/2S/1931_57dc15c85c9a.jpg","landname":"50"},{"id":281474980053043,"level":1,"status":1,"posx":23,"posy":14,"cityid":51,"townid":137,"tokenid":"ffb5cfad6006075e4c50f5f90f6340c8","tokenurl":"/mcm/api/land?token=ffb5cfad6006075e4c50f5f90f6340c8","imageurl":"/mcm/images/land/2S/1932_436956aca1ca.jpg","landname":"51"},{"id":281474980053044,"level":3,"status":1,"posx":24,"posy":14,"cityid":51,"townid":137,"tokenid":"4056ff8af5b550152a983f8b76676b63","tokenurl":"/mcm/api/land?token=4056ff8af5b550152a983f8b76676b63","imageurl":"/mcm/images/land/2B/4829_1e7452786389.jpg","landname":"52"},{"id":281474980053045,"level":2,"status":0,"posx":23,"posy":15,"cityid":51,"townid":137,"tokenid":"1c47b03b498d99b37f8efe030f21edda","tokenurl":"/mcm/api/land?token=1c47b03b498d99b37f8efe030f21edda","imageurl":"/mcm/images/land/2A/2895_d50bf196351.jpg","landname":"53"},{"id":281474980053046,"level":2,"status":1,"posx":24,"posy":15,"cityid":51,"townid":137,"tokenid":"f43612b8d381184c83453a29e1df8cc0","tokenurl":"/mcm/api/land?token=f43612b8d381184c83453a29e1df8cc0","imageurl":"/mcm/images/land/2A/2896_3b70d7e50ae7.jpg","landname":"54"},{"id":281474980053047,"level":2,"status":1,"posx":33,"posy":15,"cityid":51,"townid":137,"tokenid":"db379e9a9f77027b31719c8898c4a651","tokenurl":"/mcm/api/land?token=db379e9a9f77027b31719c8898c4a651","imageurl":"/mcm/images/land/2A/2897_4d18ea07a9eb.jpg","landname":"55"},{"id":281474980053048,"level":3,"status":0,"posx":34,"posy":15,"cityid":51,"townid":137,"tokenid":"9120bb5a1f92c349c01a1cdf3a0b6c85","tokenurl":"/mcm/api/land?token=9120bb5a1f92c349c01a1cdf3a0b6c85","imageurl":"/mcm/images/land/2B/4830_341c06bfb6b3.jpg","landname":"56"},{"id":281474980053049,"level":1,"status":0,"posx":11,"posy":16,"cityid":51,"townid":137,"tokenid":"4ace7a9bedc1e2d4f3c3d3a8c7a71fc6","tokenurl":"/mcm/api/land?token=4ace7a9bedc1e2d4f3c3d3a8c7a71fc6","imageurl":"/mcm/images/land/2S/1933_3ffc8a0741c2.jpg","landname":"57"},{"id":281474980053050,"level":2,"status":0,"posx":12,"posy":16,"cityid":51,"townid":137,"tokenid":"ee0ca6c0b36659ab78ede2ed98d3ee8f","tokenurl":"/mcm/api/land?token=ee0ca6c0b36659ab78ede2ed98d3ee8f","imageurl":"/mcm/images/land/2A/2898_512d73853574.jpg","landname":"58"},{"id":281474980053051,"level":1,"status":1,"posx":23,"posy":16,"cityid":51,"townid":137,"tokenid":"d8e0c10b47c268a8a3363c1f8407430a","tokenurl":"/mcm/api/land?token=d8e0c10b47c268a8a3363c1f8407430a","imageurl":"/mcm/images/land/2S/1934_2a8af9958f6b.jpg","landname":"59"},{"id":281474980053052,"level":2,"status":1,"posx":24,"posy":16,"cityid":51,"townid":137,"tokenid":"b9554bae8321e1f740227e58b349be00","tokenurl":"/mcm/api/land?token=b9554bae8321e1f740227e58b349be00","imageurl":"/mcm/images/land/2A/2899_16ec532186a1.jpg","landname":"60"},{"id":281474980053053,"level":3,"status":1,"posx":33,"posy":16,"cityid":51,"townid":137,"tokenid":"a91f0e9b15df0fbdbfbd45be5776ddeb","tokenurl":"/mcm/api/land?token=a91f0e9b15df0fbdbfbd45be5776ddeb","imageurl":"/mcm/images/land/2B/4831_3c9c7be91665.jpg","landname":"61"},{"id":281474980053054,"level":2,"status":1,"posx":34,"posy":16,"cityid":51,"townid":137,"tokenid":"c54c27d5791ae73160295dd0fb628398","tokenurl":"/mcm/api/land?token=c54c27d5791ae73160295dd0fb628398","imageurl":"/mcm/images/land/2A/2900_3352640e3f3f.jpg","landname":"62"},{"id":281474980053055,"level":3,"status":0,"posx":11,"posy":17,"cityid":51,"townid":137,"tokenid":"d7873503f1e1a0194baeb1f3bcad9727","tokenurl":"/mcm/api/land?token=d7873503f1e1a0194baeb1f3bcad9727","imageurl":"/mcm/images/land/2B/4832_42797145018c.jpg","landname":"63"},{"id":281474980053056,"level":2,"status":0,"posx":12,"posy":17,"cityid":51,"townid":137,"tokenid":"ceb44d364e2a3a9c9b507a81e9f67bef","tokenurl":"/mcm/api/land?token=ceb44d364e2a3a9c9b507a81e9f67bef","imageurl":"/mcm/images/land/2A/2901_1a48cf09e4b9.jpg","landname":"64"},{"id":281474980053057,"level":3,"status":1,"posx":23,"posy":17,"cityid":51,"townid":137,"tokenid":"6d9c685dca416cb9158ffbb7e7c302f4","tokenurl":"/mcm/api/land?token=6d9c685dca416cb9158ffbb7e7c302f4","imageurl":"/mcm/images/land/2B/4833_2a30ef8174c7.jpg","landname":"65"},{"id":281474980053058,"level":3,"status":0,"posx":24,"posy":17,"cityid":51,"townid":137,"tokenid":"1d924e53f0348449cc2129029cc43acf","tokenurl":"/mcm/api/land?token=1d924e53f0348449cc2129029cc43acf","imageurl":"/mcm/images/land/2B/4834_1619815298c0.jpg","landname":"66"},{"id":281474980053059,"level":3,"status":0,"posx":33,"posy":17,"cityid":51,"townid":137,"tokenid":"f863579e431876acbb67717d3a8de0e8","tokenurl":"/mcm/api/land?token=f863579e431876acbb67717d3a8de0e8","imageurl":"/mcm/images/land/2B/4835_2f2d5111097e.jpg","landname":"67"},{"id":281474980053060,"level":2,"status":1,"posx":34,"posy":17,"cityid":51,"townid":137,"tokenid":"c38b05e9f2c6a05647673bb5d71e8530","tokenurl":"/mcm/api/land?token=c38b05e9f2c6a05647673bb5d71e8530","imageurl":"/mcm/images/land/2A/2902_43bcd6c74009.jpg","landname":"68"},{"id":281474980053061,"level":3,"status":0,"posx":7,"posy":18,"cityid":51,"townid":137,"tokenid":"ec352cce7457e6847c551a2cf03847de","tokenurl":"/mcm/api/land?token=ec352cce7457e6847c551a2cf03847de","imageurl":"/mcm/images/land/2B/4836_41cf812264aa.jpg","landname":"69"},{"id":281474980053062,"level":3,"status":1,"posx":8,"posy":18,"cityid":51,"townid":137,"tokenid":"2fd7a2077017d44366a56ca4129fd18d","tokenurl":"/mcm/api/land?token=2fd7a2077017d44366a56ca4129fd18d","imageurl":"/mcm/images/land/2B/4837_3818be4b985.jpg","landname":"70"},{"id":281474980053063,"level":2,"status":0,"posx":11,"posy":18,"cityid":51,"townid":137,"tokenid":"082eb57c936e9c0b9697f160ad0ecabb","tokenurl":"/mcm/api/land?token=082eb57c936e9c0b9697f160ad0ecabb","imageurl":"/mcm/images/land/2A/2903_4898238a4cfc.jpg","landname":"71"},{"id":281474980053064,"level":3,"status":0,"posx":12,"posy":18,"cityid":51,"townid":137,"tokenid":"f92e5050ec6e19516889f00addff87b9","tokenurl":"/mcm/api/land?token=f92e5050ec6e19516889f00addff87b9","imageurl":"/mcm/images/land/2B/4838_11aaea1e80e5.jpg","landname":"72"},{"id":281474980053065,"level":3,"status":1,"posx":23,"posy":18,"cityid":51,"townid":137,"tokenid":"4c510b4c069a7ae81a0965e8314aa5d4","tokenurl":"/mcm/api/land?token=4c510b4c069a7ae81a0965e8314aa5d4","imageurl":"/mcm/images/land/2B/4839_40bfc2f193ad.jpg","landname":"73"},{"id":281474980053066,"level":3,"status":0,"posx":24,"posy":18,"cityid":51,"townid":137,"tokenid":"90fd5f4984e63b592e5a7e1d6734a07d","tokenurl":"/mcm/api/land?token=90fd5f4984e63b592e5a7e1d6734a07d","imageurl":"/mcm/images/land/2B/4840_57305a462513.jpg","landname":"74"},{"id":281474980053067,"level":1,"status":1,"posx":33,"posy":18,"cityid":51,"townid":137,"tokenid":"f568e6158ab3431bb80ca22a5cbc4b37","tokenurl":"/mcm/api/land?token=f568e6158ab3431bb80ca22a5cbc4b37","imageurl":"/mcm/images/land/2S/1935_2d3bbdcbdc34.jpg","landname":"75"},{"id":281474980053068,"level":1,"status":0,"posx":34,"posy":18,"cityid":51,"townid":137,"tokenid":"d3f7b137c69eae8016d8b6e37a981fbd","tokenurl":"/mcm/api/land?token=d3f7b137c69eae8016d8b6e37a981fbd","imageurl":"/mcm/images/land/2S/1936_45068bebcdac.jpg","landname":"76"},{"id":281474980053069,"level":3,"status":0,"posx":7,"posy":19,"cityid":51,"townid":137,"tokenid":"df887163dd75b309e92bf94f2f4a6296","tokenurl":"/mcm/api/land?token=df887163dd75b309e92bf94f2f4a6296","imageurl":"/mcm/images/land/2B/4841_3b35e6e9f945.jpg","landname":"77"},{"id":281474980053070,"level":3,"status":0,"posx":8,"posy":19,"cityid":51,"townid":137,"tokenid":"22156f5b3180601ad17dc2c118991d1d","tokenurl":"/mcm/api/land?token=22156f5b3180601ad17dc2c118991d1d","imageurl":"/mcm/images/land/2B/4842_4d09dc6f94be.jpg","landname":"78"},{"id":281474980053071,"level":1,"status":0,"posx":11,"posy":19,"cityid":51,"townid":137,"tokenid":"03ab6b5ca91b79948e6bb1867a4d3d72","tokenurl":"/mcm/api/land?token=03ab6b5ca91b79948e6bb1867a4d3d72","imageurl":"/mcm/images/land/2S/1937_297638b88f8c.jpg","landname":"79"},{"id":281474980053072,"level":3,"status":1,"posx":12,"posy":19,"cityid":51,"townid":137,"tokenid":"1704c23248ffa3b389fae674d05bafe2","tokenurl":"/mcm/api/land?token=1704c23248ffa3b389fae674d05bafe2","imageurl":"/mcm/images/land/2B/4843_33f7074912dc.jpg","landname":"80"},{"id":281474980053073,"level":1,"status":0,"posx":33,"posy":19,"cityid":51,"townid":137,"tokenid":"d66a1f21e048e6f680efd0db48bc0ae1","tokenurl":"/mcm/api/land?token=d66a1f21e048e6f680efd0db48bc0ae1","imageurl":"/mcm/images/land/2S/1938_18b7b833c986.jpg","landname":"81"},{"id":281474980053074,"level":1,"status":1,"posx":34,"posy":19,"cityid":51,"townid":137,"tokenid":"99be5c82633eb1d06a42d9e872778f10","tokenurl":"/mcm/api/land?token=99be5c82633eb1d06a42d9e872778f10","imageurl":"/mcm/images/land/2S/1939_550d2f888e1f.jpg","landname":"82"},{"id":281474980053075,"level":1,"status":1,"posx":7,"posy":20,"cityid":51,"townid":137,"tokenid":"9825737886abfb51140fc2887928c38f","tokenurl":"/mcm/api/land?token=9825737886abfb51140fc2887928c38f","imageurl":"/mcm/images/land/2S/1940_3d8ce443f5e1.jpg","landname":"83"},{"id":281474980053076,"level":1,"status":1,"posx":8,"posy":20,"cityid":51,"townid":137,"tokenid":"6465fc0247aacebbbfc99ced25546f40","tokenurl":"/mcm/api/land?token=6465fc0247aacebbbfc99ced25546f40","imageurl":"/mcm/images/land/2S/1941_2102778e4551.jpg","landname":"84"},{"id":281474980053077,"level":3,"status":1,"posx":11,"posy":20,"cityid":51,"townid":137,"tokenid":"1e08a5124eaf210fb9769831e976e48f","tokenurl":"/mcm/api/land?token=1e08a5124eaf210fb9769831e976e48f","imageurl":"/mcm/images/land/2B/4844_51cf591caf93.jpg","landname":"85"},{"id":281474980053078,"level":2,"status":0,"posx":12,"posy":20,"cityid":51,"townid":137,"tokenid":"7b3863f4a56feafb590456212b584c47","tokenurl":"/mcm/api/land?token=7b3863f4a56feafb590456212b584c47","imageurl":"/mcm/images/land/2A/2904_e6de40b1619.jpg","landname":"86"},{"id":281474980053079,"level":2,"status":0,"posx":7,"posy":21,"cityid":51,"townid":137,"tokenid":"a7d46571be9db8c190d4fb70291b18e4","tokenurl":"/mcm/api/land?token=a7d46571be9db8c190d4fb70291b18e4","imageurl":"/mcm/images/land/2A/2905_139198187bfd.jpg","landname":"87"},{"id":281474980053080,"level":2,"status":1,"posx":8,"posy":21,"cityid":51,"townid":137,"tokenid":"4592b1372d9dc7c7a5d9df6a3a284a8e","tokenurl":"/mcm/api/land?token=4592b1372d9dc7c7a5d9df6a3a284a8e","imageurl":"/mcm/images/land/2A/2906_3c900087764d.jpg","landname":"88"},{"id":281474980053081,"level":3,"status":1,"posx":26,"posy":21,"cityid":51,"townid":137,"tokenid":"a25e82c27345654bd44493aa31358f4a","tokenurl":"/mcm/api/land?token=a25e82c27345654bd44493aa31358f4a","imageurl":"/mcm/images/land/2B/4845_22e81cee9977.jpg","landname":"89"},{"id":281474980053082,"level":1,"status":1,"posx":27,"posy":21,"cityid":51,"townid":137,"tokenid":"318bd684bb36b1369c6c28499f93dd71","tokenurl":"/mcm/api/land?token=318bd684bb36b1369c6c28499f93dd71","imageurl":"/mcm/images/land/2S/1942_57f704a0c159.jpg","landname":"90"},{"id":281474980053083,"level":2,"status":1,"posx":7,"posy":22,"cityid":51,"townid":137,"tokenid":"9d5270c427006facb06655493d00036b","tokenurl":"/mcm/api/land?token=9d5270c427006facb06655493d00036b","imageurl":"/mcm/images/land/2A/2907_26dc19109f6b.jpg","landname":"91"},{"id":281474980053084,"level":2,"status":0,"posx":8,"posy":22,"cityid":51,"townid":137,"tokenid":"af1d59ef637c523804c82113781104a9","tokenurl":"/mcm/api/land?token=af1d59ef637c523804c82113781104a9","imageurl":"/mcm/images/land/2A/2908_5048231c7710.jpg","landname":"92"},{"id":281474980053085,"level":3,"status":0,"posx":23,"posy":22,"cityid":51,"townid":137,"tokenid":"b6cb905c7eed0683d712f4f45c9211ec","tokenurl":"/mcm/api/land?token=b6cb905c7eed0683d712f4f45c9211ec","imageurl":"/mcm/images/land/2B/4846_16f75e6ed4c6.jpg","landname":"93"},{"id":281474980053086,"level":3,"status":0,"posx":24,"posy":22,"cityid":51,"townid":137,"tokenid":"92963e947125d9d55732100dc7a28a17","tokenurl":"/mcm/api/land?token=92963e947125d9d55732100dc7a28a17","imageurl":"/mcm/images/land/2B/4847_1fad0d258432.jpg","landname":"94"},{"id":281474980053087,"level":3,"status":0,"posx":26,"posy":22,"cityid":51,"townid":137,"tokenid":"03a0d5333304202b92bdb08561719363","tokenurl":"/mcm/api/land?token=03a0d5333304202b92bdb08561719363","imageurl":"/mcm/images/land/2B/4848_3596c71f7673.jpg","landname":"95"},{"id":281474980053088,"level":1,"status":1,"posx":27,"posy":22,"cityid":51,"townid":137,"tokenid":"7a422631de34244ecd0c32933e6427cd","tokenurl":"/mcm/api/land?token=7a422631de34244ecd0c32933e6427cd","imageurl":"/mcm/images/land/2S/1943_6929b1b05.jpg","landname":"96"},{"id":281474980053089,"level":3,"status":0,"posx":33,"posy":22,"cityid":51,"townid":137,"tokenid":"e7f4c2ca872f13698e511bb012f6e0ea","tokenurl":"/mcm/api/land?token=e7f4c2ca872f13698e511bb012f6e0ea","imageurl":"/mcm/images/land/2B/4849_568826a8423c.jpg","landname":"97"},{"id":281474980053090,"level":2,"status":0,"posx":34,"posy":22,"cityid":51,"townid":137,"tokenid":"4dcc325553f6f76409ef0f4ad67fdc90","tokenurl":"/mcm/api/land?token=4dcc325553f6f76409ef0f4ad67fdc90","imageurl":"/mcm/images/land/2A/2909_207042771721.jpg","landname":"98"},{"id":281474980053091,"level":3,"status":0,"posx":23,"posy":23,"cityid":51,"townid":137,"tokenid":"2558d9bc5cbca29d1125f812b0b2974e","tokenurl":"/mcm/api/land?token=2558d9bc5cbca29d1125f812b0b2974e","imageurl":"/mcm/images/land/2B/4850_1f3dd527c868.jpg","landname":"99"},{"id":281474980053092,"level":2,"status":0,"posx":24,"posy":23,"cityid":51,"townid":137,"tokenid":"595d2011201e95a9fcc6178aab0d79ca","tokenurl":"/mcm/api/land?token=595d2011201e95a9fcc6178aab0d79ca","imageurl":"/mcm/images/land/2A/2910_46637fcf933b.jpg","landname":"100"},{"id":281474980053093,"level":1,"status":1,"posx":26,"posy":23,"cityid":51,"townid":137,"tokenid":"ffe425ad0ebacc7129009275fb8c779c","tokenurl":"/mcm/api/land?token=ffe425ad0ebacc7129009275fb8c779c","imageurl":"/mcm/images/land/2S/1944_712371c25cb.jpg","landname":"101"},{"id":281474980053094,"level":3,"status":1,"posx":27,"posy":23,"cityid":51,"townid":137,"tokenid":"7a280eedb5e133a76c2225c60de0a9f4","tokenurl":"/mcm/api/land?token=7a280eedb5e133a76c2225c60de0a9f4","imageurl":"/mcm/images/land/2B/4851_20d665b29d3b.jpg","landname":"102"},{"id":281474980053095,"level":2,"status":0,"posx":33,"posy":23,"cityid":51,"townid":137,"tokenid":"29f2835ea6b3a907793cc4d337868076","tokenurl":"/mcm/api/land?token=29f2835ea6b3a907793cc4d337868076","imageurl":"/mcm/images/land/2A/2911_30aed1fe9262.jpg","landname":"103"},{"id":281474980053096,"level":3,"status":1,"posx":34,"posy":23,"cityid":51,"townid":137,"tokenid":"8b58ee0d7ee0d4fb7f7e2cf019e676f5","tokenurl":"/mcm/api/land?token=8b58ee0d7ee0d4fb7f7e2cf019e676f5","imageurl":"/mcm/images/land/2B/4852_4d357df8a1e6.jpg","landname":"104"},{"id":281474980053097,"level":1,"status":0,"posx":23,"posy":24,"cityid":51,"townid":137,"tokenid":"9c4dc47d95da85d10264ebf7b8251021","tokenurl":"/mcm/api/land?token=9c4dc47d95da85d10264ebf7b8251021","imageurl":"/mcm/images/land/2S/1945_37310a0d6ca.jpg","landname":"105"},{"id":281474980053098,"level":2,"status":0,"posx":24,"posy":24,"cityid":51,"townid":137,"tokenid":"679c8907b56708da271c2d5ff34e6187","tokenurl":"/mcm/api/land?token=679c8907b56708da271c2d5ff34e6187","imageurl":"/mcm/images/land/2A/2912_2b3276eff1af.jpg","landname":"106"},{"id":281474980053099,"level":2,"status":1,"posx":26,"posy":24,"cityid":51,"townid":137,"tokenid":"a8b9389bdb1b0fc5e7c7beacaf480641","tokenurl":"/mcm/api/land?token=a8b9389bdb1b0fc5e7c7beacaf480641","imageurl":"/mcm/images/land/2A/2913_3f803f5ef4e0.jpg","landname":"107"},{"id":281474980053100,"level":3,"status":0,"posx":27,"posy":24,"cityid":51,"townid":137,"tokenid":"4c33dbf456c5835ca349f3b11bdbeeb8","tokenurl":"/mcm/api/land?token=4c33dbf456c5835ca349f3b11bdbeeb8","imageurl":"/mcm/images/land/2B/4853_fcb8f72ebe3.jpg","landname":"108"},{"id":281474980053101,"level":2,"status":1,"posx":33,"posy":24,"cityid":51,"townid":137,"tokenid":"4af4ce9b60127042644a413ef6583bc5","tokenurl":"/mcm/api/land?token=4af4ce9b60127042644a413ef6583bc5","imageurl":"/mcm/images/land/2A/2914_3b7797409e60.jpg","landname":"109"},{"id":281474980053102,"level":1,"status":1,"posx":34,"posy":24,"cityid":51,"townid":137,"tokenid":"edf5fbabad7250bfabb16848d2903b24","tokenurl":"/mcm/api/land?token=edf5fbabad7250bfabb16848d2903b24","imageurl":"/mcm/images/land/2S/1946_3a5dfa414cc0.jpg","landname":"110"},{"id":281474980053103,"level":1,"status":0,"posx":23,"posy":25,"cityid":51,"townid":137,"tokenid":"9604ae5bd10288e8ef6edd00d11faab3","tokenurl":"/mcm/api/land?token=9604ae5bd10288e8ef6edd00d11faab3","imageurl":"/mcm/images/land/2S/1947_b7cc433756.jpg","landname":"111"},{"id":281474980053104,"level":3,"status":1,"posx":24,"posy":25,"cityid":51,"townid":137,"tokenid":"0af0bd1caeb0967cc4fe5f42b15d6c62","tokenurl":"/mcm/api/land?token=0af0bd1caeb0967cc4fe5f42b15d6c62","imageurl":"/mcm/images/land/2B/4854_2f22a1fc59b5.jpg","landname":"112"},{"id":281474980053105,"level":2,"status":0,"posx":26,"posy":25,"cityid":51,"townid":137,"tokenid":"ad5330feb80cbe6731fbc170119143c8","tokenurl":"/mcm/api/land?token=ad5330feb80cbe6731fbc170119143c8","imageurl":"/mcm/images/land/2A/2915_211650fd6911.jpg","landname":"113"},{"id":281474980053106,"level":2,"status":1,"posx":27,"posy":25,"cityid":51,"townid":137,"tokenid":"22316998b54f5b87a42f6fbd07171c3e","tokenurl":"/mcm/api/land?token=22316998b54f5b87a42f6fbd07171c3e","imageurl":"/mcm/images/land/2A/2916_9eb044ee612.jpg","landname":"114"},{"id":281474980053107,"level":3,"status":1,"posx":33,"posy":25,"cityid":51,"townid":137,"tokenid":"9a34ae59d369739472748d6d2e391a9f","tokenurl":"/mcm/api/land?token=9a34ae59d369739472748d6d2e391a9f","imageurl":"/mcm/images/land/2B/4855_35f96f543d35.jpg","landname":"115"},{"id":281474980053108,"level":2,"status":0,"posx":34,"posy":25,"cityid":51,"townid":137,"tokenid":"57f53d12f09c21a73e8a5dfed63ece60","tokenurl":"/mcm/api/land?token=57f53d12f09c21a73e8a5dfed63ece60","imageurl":"/mcm/images/land/2A/2917_1b2a3480c124.jpg","landname":"116"},{"id":281474980053109,"level":2,"status":1,"posx":23,"posy":26,"cityid":51,"townid":137,"tokenid":"26a123743a939d7f4435ab6edce2681d","tokenurl":"/mcm/api/land?token=26a123743a939d7f4435ab6edce2681d","imageurl":"/mcm/images/land/2A/2918_f10dcbefc31.jpg","landname":"117"},{"id":281474980053110,"level":3,"status":0,"posx":24,"posy":26,"cityid":51,"townid":137,"tokenid":"588d4bbb071098abf980f9c8f6af077d","tokenurl":"/mcm/api/land?token=588d4bbb071098abf980f9c8f6af077d","imageurl":"/mcm/images/land/2B/4856_11a336026bad.jpg","landname":"118"},{"id":281474980053111,"level":3,"status":0,"posx":33,"posy":26,"cityid":51,"townid":137,"tokenid":"9b08e61bb716772c16b16b1116edfdce","tokenurl":"/mcm/api/land?token=9b08e61bb716772c16b16b1116edfdce","imageurl":"/mcm/images/land/2B/4857_4f8202442c56.jpg","landname":"119"},{"id":281474980053112,"level":3,"status":0,"posx":34,"posy":26,"cityid":51,"townid":137,"tokenid":"4c80ffb1924e171a745f9bd8cd337b98","tokenurl":"/mcm/api/land?token=4c80ffb1924e171a745f9bd8cd337b98","imageurl":"/mcm/images/land/2B/4858_27b8ba72d4c.jpg","landname":"120"},{"id":281474980053113,"level":3,"status":1,"posx":31,"posy":27,"cityid":51,"townid":137,"tokenid":"6e87e064c18e92dbed71a39cf81e669d","tokenurl":"/mcm/api/land?token=6e87e064c18e92dbed71a39cf81e669d","imageurl":"/mcm/images/land/2B/4859_3f2499373897.jpg","landname":"121"},{"id":281474980053114,"level":3,"status":0,"posx":32,"posy":27,"cityid":51,"townid":137,"tokenid":"dd9eea4b2d07c56bd33d4fc0f48745b3","tokenurl":"/mcm/api/land?token=dd9eea4b2d07c56bd33d4fc0f48745b3","imageurl":"/mcm/images/land/2B/4860_219be5472c00.jpg","landname":"122"},{"id":281474980053115,"level":2,"status":0,"posx":6,"posy":28,"cityid":51,"townid":137,"tokenid":"ca16d60f8e6c9e708b285bfc2a98572f","tokenurl":"/mcm/api/land?token=ca16d60f8e6c9e708b285bfc2a98572f","imageurl":"/mcm/images/land/2A/2919_1c0b7f28199c.jpg","landname":"123"},{"id":281474980053116,"level":2,"status":1,"posx":7,"posy":28,"cityid":51,"townid":137,"tokenid":"d626f09fd5cf37d8ba6d85a99e265525","tokenurl":"/mcm/api/land?token=d626f09fd5cf37d8ba6d85a99e265525","imageurl":"/mcm/images/land/2A/2920_3478280f18a9.jpg","landname":"124"},{"id":281474980053117,"level":3,"status":1,"posx":9,"posy":28,"cityid":51,"townid":137,"tokenid":"e96b5fc6e9e998830a210d3348a50ecb","tokenurl":"/mcm/api/land?token=e96b5fc6e9e998830a210d3348a50ecb","imageurl":"/mcm/images/land/2B/4861_264e2ef58809.jpg","landname":"125"},{"id":281474980053118,"level":3,"status":1,"posx":10,"posy":28,"cityid":51,"townid":137,"tokenid":"60adc0e9ce8acd757b42b74fdc196c6c","tokenurl":"/mcm/api/land?token=60adc0e9ce8acd757b42b74fdc196c6c","imageurl":"/mcm/images/land/2B/4862_5f9f485966c.jpg","landname":"126"},{"id":281474980053119,"level":3,"status":1,"posx":31,"posy":28,"cityid":51,"townid":137,"tokenid":"baa80c3b92372608a7ecbe9808efa828","tokenurl":"/mcm/api/land?token=baa80c3b92372608a7ecbe9808efa828","imageurl":"/mcm/images/land/2B/4863_20d9d386f742.jpg","landname":"127"},{"id":281474980053120,"level":2,"status":1,"posx":32,"posy":28,"cityid":51,"townid":137,"tokenid":"6b1d70e8a6f3f50866d81d8dedfb1daf","tokenurl":"/mcm/api/land?token=6b1d70e8a6f3f50866d81d8dedfb1daf","imageurl":"/mcm/images/land/2A/2921_1282b30de8e1.jpg","landname":"128"},{"id":281474980053121,"level":1,"status":0,"posx":6,"posy":29,"cityid":51,"townid":137,"tokenid":"083baf9edd7bb6832b8aff7e3051cf9f","tokenurl":"/mcm/api/land?token=083baf9edd7bb6832b8aff7e3051cf9f","imageurl":"/mcm/images/land/2S/1948_5a0b28693ef9.jpg","landname":"129"},{"id":281474980053122,"level":3,"status":0,"posx":7,"posy":29,"cityid":51,"townid":137,"tokenid":"e8018c82a3513fd90f2ecabbf4a0b979","tokenurl":"/mcm/api/land?token=e8018c82a3513fd90f2ecabbf4a0b979","imageurl":"/mcm/images/land/2B/4864_58dc7734d6b6.jpg","landname":"130"},{"id":281474980053123,"level":1,"status":0,"posx":9,"posy":29,"cityid":51,"townid":137,"tokenid":"d99575c0987d89137461f4a60f983565","tokenurl":"/mcm/api/land?token=d99575c0987d89137461f4a60f983565","imageurl":"/mcm/images/land/2S/1949_2fc7535249e6.jpg","landname":"131"},{"id":281474980053124,"level":3,"status":1,"posx":10,"posy":29,"cityid":51,"townid":137,"tokenid":"ec9cfa771bc8e71bb162123d94fc85e2","tokenurl":"/mcm/api/land?token=ec9cfa771bc8e71bb162123d94fc85e2","imageurl":"/mcm/images/land/2B/4865_3955ca9710ab.jpg","landname":"132"},{"id":281474980053125,"level":2,"status":0,"posx":31,"posy":29,"cityid":51,"townid":137,"tokenid":"2f00a4c4fee7628d7912693d1c34bacb","tokenurl":"/mcm/api/land?token=2f00a4c4fee7628d7912693d1c34bacb","imageurl":"/mcm/images/land/2A/2922_2589b3c4e93d.jpg","landname":"133"},{"id":281474980053126,"level":2,"status":1,"posx":32,"posy":29,"cityid":51,"townid":137,"tokenid":"008eeeff5675cba19e1db7371f98ac44","tokenurl":"/mcm/api/land?token=008eeeff5675cba19e1db7371f98ac44","imageurl":"/mcm/images/land/2A/2923_2e498845e491.jpg","landname":"134"},{"id":281474980053127,"level":1,"status":1,"posx":6,"posy":30,"cityid":51,"townid":137,"tokenid":"7a717c3904df5eabcf010621d78e2a00","tokenurl":"/mcm/api/land?token=7a717c3904df5eabcf010621d78e2a00","imageurl":"/mcm/images/land/2S/1950_18ba69bb363e.jpg","landname":"135"},{"id":281474980053128,"level":2,"status":1,"posx":7,"posy":30,"cityid":51,"townid":137,"tokenid":"9f43f83f20ea4b671b22d7c9f80401f6","tokenurl":"/mcm/api/land?token=9f43f83f20ea4b671b22d7c9f80401f6","imageurl":"/mcm/images/land/2A/2924_1c4a8c109cfa.jpg","landname":"136"},{"id":281474980053129,"level":3,"status":0,"posx":9,"posy":30,"cityid":51,"townid":137,"tokenid":"39a1c66bba9c39a24c84bb0431050d0e","tokenurl":"/mcm/api/land?token=39a1c66bba9c39a24c84bb0431050d0e","imageurl":"/mcm/images/land/2B/4866_51fe15e9b702.jpg","landname":"137"},{"id":281474980053130,"level":3,"status":0,"posx":10,"posy":30,"cityid":51,"townid":137,"tokenid":"4a0769f25df7134794ca338a7ca15144","tokenurl":"/mcm/api/land?token=4a0769f25df7134794ca338a7ca15144","imageurl":"/mcm/images/land/2B/4867_45dd08101e81.jpg","landname":"138"},{"id":281474980053131,"level":1,"status":0,"posx":31,"posy":30,"cityid":51,"townid":137,"tokenid":"b575175b8f47cb35f70e3fe0a335f55d","tokenurl":"/mcm/api/land?token=b575175b8f47cb35f70e3fe0a335f55d","imageurl":"/mcm/images/land/2S/1951_44dabb465fd4.jpg","landname":"139"},{"id":281474980053132,"level":3,"status":1,"posx":32,"posy":30,"cityid":51,"townid":137,"tokenid":"37fcabb5c3331a45b75b0ca2cb1bbd02","tokenurl":"/mcm/api/land?token=37fcabb5c3331a45b75b0ca2cb1bbd02","imageurl":"/mcm/images/land/2B/4868_582636a1cb7a.jpg","landname":"140"},{"id":281474980053133,"level":3,"status":0,"posx":6,"posy":31,"cityid":51,"townid":137,"tokenid":"abae9d27a7f54b28d13e0db1273b8521","tokenurl":"/mcm/api/land?token=abae9d27a7f54b28d13e0db1273b8521","imageurl":"/mcm/images/land/2B/4869_a22dfe313b.jpg","landname":"141"},{"id":281474980053134,"level":3,"status":1,"posx":7,"posy":31,"cityid":51,"townid":137,"tokenid":"dd93e250ac52f6758adb4de82ee34ef3","tokenurl":"/mcm/api/land?token=dd93e250ac52f6758adb4de82ee34ef3","imageurl":"/mcm/images/land/2B/4870_ad67248d9a4.jpg","landname":"142"},{"id":281474980053135,"level":2,"status":1,"posx":9,"posy":31,"cityid":51,"townid":137,"tokenid":"b47fcac2fdf4a246d0b9a73d404e7127","tokenurl":"/mcm/api/land?token=b47fcac2fdf4a246d0b9a73d404e7127","imageurl":"/mcm/images/land/2A/2925_cf7b83fbab7.jpg","landname":"143"},{"id":281474980053136,"level":2,"status":0,"posx":10,"posy":31,"cityid":51,"townid":137,"tokenid":"fce10c4ff93f6f95ac8e070cc435495a","tokenurl":"/mcm/api/land?token=fce10c4ff93f6f95ac8e070cc435495a","imageurl":"/mcm/images/land/2A/2926_2a6a99606f00.jpg","landname":"144"},{"id":281474980053137,"level":3,"status":1,"posx":31,"posy":31,"cityid":51,"townid":137,"tokenid":"5c25d012e603dfa4c991c7c667e7492c","tokenurl":"/mcm/api/land?token=5c25d012e603dfa4c991c7c667e7492c","imageurl":"/mcm/images/land/2B/4871_219d2d80e6cb.jpg","landname":"145"},{"id":281474980053138,"level":3,"status":1,"posx":32,"posy":31,"cityid":51,"townid":137,"tokenid":"02a507978ce0b97775128fb5422dda14","tokenurl":"/mcm/api/land?token=02a507978ce0b97775128fb5422dda14","imageurl":"/mcm/images/land/2B/4872_265e183ad160.jpg","landname":"146"},{"id":281474980053139,"level":3,"status":0,"posx":6,"posy":32,"cityid":51,"townid":137,"tokenid":"07fbcda1635fe0ae909a5f11e7a8affa","tokenurl":"/mcm/api/land?token=07fbcda1635fe0ae909a5f11e7a8affa","imageurl":"/mcm/images/land/2B/4873_bcac9aabe98.jpg","landname":"147"},{"id":281474980053140,"level":3,"status":0,"posx":7,"posy":32,"cityid":51,"townid":137,"tokenid":"0b6814efa68928f0278f88ce1207fda1","tokenurl":"/mcm/api/land?token=0b6814efa68928f0278f88ce1207fda1","imageurl":"/mcm/images/land/2B/4874_cf814687757.jpg","landname":"148"},{"id":281474980053141,"level":3,"status":1,"posx":9,"posy":32,"cityid":51,"townid":137,"tokenid":"093766973d752b0c71e00a19b36e97c0","tokenurl":"/mcm/api/land?token=093766973d752b0c71e00a19b36e97c0","imageurl":"/mcm/images/land/2B/4875_20a6b9ee27de.jpg","landname":"149"},{"id":281474980053142,"level":3,"status":1,"posx":10,"posy":32,"cityid":51,"townid":137,"tokenid":"172690019097210bde3a5cae81e27701","tokenurl":"/mcm/api/land?token=172690019097210bde3a5cae81e27701","imageurl":"/mcm/images/land/2B/4876_33a16c8c3407.jpg","landname":"150"}]]],0,0,[],[],[]]
