[1,0,0,[["cc.JsonAsset",["_name","json"],1]],[[0,0,1,3]],[[0,"1075",[{"id":281475009020205,"level":1,"status":1,"posx":32,"posy":5,"cityid":493,"townid":1075,"tokenid":"800f6fe9f90730e640ecd3997a3a748a","tokenurl":"/mcm/api/land?token=800f6fe9f90730e640ecd3997a3a748a","imageurl":"/mcm/images/land/1S/3062_5a3415d2ff61.jpg","landname":"1"},{"id":281475009020206,"level":1,"status":1,"posx":33,"posy":5,"cityid":493,"townid":1075,"tokenid":"a5183608046b55dc78857b0aa0b7edb1","tokenurl":"/mcm/api/land?token=a5183608046b55dc78857b0aa0b7edb1","imageurl":"/mcm/images/land/1S/3063_234779ab4890.jpg","landname":"2"},{"id":281475009020207,"level":1,"status":0,"posx":5,"posy":6,"cityid":493,"townid":1075,"tokenid":"77e8b3f93c1191fb83cf6b21caf0887a","tokenurl":"/mcm/api/land?token=77e8b3f93c1191fb83cf6b21caf0887a","imageurl":"/mcm/images/land/1S/3064_35d7d393294e.jpg","landname":"3"},{"id":281475009020208,"level":1,"status":0,"posx":6,"posy":6,"cityid":493,"townid":1075,"tokenid":"a6968f12d784d817ff18213da3c80383","tokenurl":"/mcm/api/land?token=a6968f12d784d817ff18213da3c80383","imageurl":"/mcm/images/land/1S/3065_327de234a8c2.jpg","landname":"4"},{"id":281475009020209,"level":3,"status":1,"posx":21,"posy":6,"cityid":493,"townid":1075,"tokenid":"471f73169c5bb4e8ab328e92bf4822ee","tokenurl":"/mcm/api/land?token=471f73169c5bb4e8ab328e92bf4822ee","imageurl":"/mcm/images/land/1B/512_39062a02e53e.jpg","landname":"5"},{"id":281475009020210,"level":1,"status":0,"posx":22,"posy":6,"cityid":493,"townid":1075,"tokenid":"4b89055e190aa575401679eb7c4acade","tokenurl":"/mcm/api/land?token=4b89055e190aa575401679eb7c4acade","imageurl":"/mcm/images/land/1S/3066_2c3ea95054ab.jpg","landname":"6"},{"id":281475009020211,"level":1,"status":0,"posx":23,"posy":6,"cityid":493,"townid":1075,"tokenid":"40a23b8269e28e094d2ccc053215e844","tokenurl":"/mcm/api/land?token=40a23b8269e28e094d2ccc053215e844","imageurl":"/mcm/images/land/1S/3067_e1fde21a6b5.jpg","landname":"7"},{"id":281475009020212,"level":1,"status":0,"posx":24,"posy":6,"cityid":493,"townid":1075,"tokenid":"94470b6580b50d36a33922c1708d9f93","tokenurl":"/mcm/api/land?token=94470b6580b50d36a33922c1708d9f93","imageurl":"/mcm/images/land/1S/3068_5a0d2aed6c9d.jpg","landname":"8"},{"id":281475009020213,"level":1,"status":0,"posx":25,"posy":6,"cityid":493,"townid":1075,"tokenid":"b3dd0546a378127c5fc9a161e549aae9","tokenurl":"/mcm/api/land?token=b3dd0546a378127c5fc9a161e549aae9","imageurl":"/mcm/images/land/1S/3069_3f16782a64b3.jpg","landname":"9"},{"id":281475009020214,"level":1,"status":1,"posx":32,"posy":6,"cityid":493,"townid":1075,"tokenid":"3feb5df458f322dfca0f32777df796a6","tokenurl":"/mcm/api/land?token=3feb5df458f322dfca0f32777df796a6","imageurl":"/mcm/images/land/1S/3070_1940435e3937.jpg","landname":"10"},{"id":281475009020215,"level":3,"status":0,"posx":33,"posy":6,"cityid":493,"townid":1075,"tokenid":"6940df647adefafe2149f9221352f788","tokenurl":"/mcm/api/land?token=6940df647adefafe2149f9221352f788","imageurl":"/mcm/images/land/1B/513_5a2af5653540.jpg","landname":"11"},{"id":281475009020216,"level":1,"status":1,"posx":5,"posy":7,"cityid":493,"townid":1075,"tokenid":"85c77d24fc3bf9fd73e90cb523b2e7a1","tokenurl":"/mcm/api/land?token=85c77d24fc3bf9fd73e90cb523b2e7a1","imageurl":"/mcm/images/land/1S/3071_3e704e7d75a.jpg","landname":"12"},{"id":281475009020217,"level":1,"status":1,"posx":6,"posy":7,"cityid":493,"townid":1075,"tokenid":"1f71597742fd7bab72bf66c98694fd38","tokenurl":"/mcm/api/land?token=1f71597742fd7bab72bf66c98694fd38","imageurl":"/mcm/images/land/1S/3072_14145d82dfb1.jpg","landname":"13"},{"id":281475009020218,"level":2,"status":0,"posx":21,"posy":7,"cityid":493,"townid":1075,"tokenid":"698d094c975311e150ac319fa13088a8","tokenurl":"/mcm/api/land?token=698d094c975311e150ac319fa13088a8","imageurl":"/mcm/images/land/1A/1532_1e045f542dce.jpg","landname":"14"},{"id":281475009020219,"level":1,"status":1,"posx":22,"posy":7,"cityid":493,"townid":1075,"tokenid":"59b04fb55c051cc5e36b3bf7796f0897","tokenurl":"/mcm/api/land?token=59b04fb55c051cc5e36b3bf7796f0897","imageurl":"/mcm/images/land/1S/3073_4ee1e957c964.jpg","landname":"15"},{"id":281475009020220,"level":1,"status":1,"posx":23,"posy":7,"cityid":493,"townid":1075,"tokenid":"734cede823af33fb3dc3e889af35bd42","tokenurl":"/mcm/api/land?token=734cede823af33fb3dc3e889af35bd42","imageurl":"/mcm/images/land/1S/3074_2fd5949ab991.jpg","landname":"16"},{"id":281475009020221,"level":1,"status":1,"posx":24,"posy":7,"cityid":493,"townid":1075,"tokenid":"c3fc0e66d34a3a39bc1584a66e7fe09f","tokenurl":"/mcm/api/land?token=c3fc0e66d34a3a39bc1584a66e7fe09f","imageurl":"/mcm/images/land/1S/3075_d258eee2384.jpg","landname":"17"},{"id":281475009020222,"level":2,"status":1,"posx":25,"posy":7,"cityid":493,"townid":1075,"tokenid":"a9661cc72c86eedae336f33db796fec3","tokenurl":"/mcm/api/land?token=a9661cc72c86eedae336f33db796fec3","imageurl":"/mcm/images/land/1A/1533_b04d79e9aa5.jpg","landname":"18"},{"id":281475009020223,"level":2,"status":1,"posx":32,"posy":7,"cityid":493,"townid":1075,"tokenid":"e4c7e9cbe28105ee23512f7db77315af","tokenurl":"/mcm/api/land?token=e4c7e9cbe28105ee23512f7db77315af","imageurl":"/mcm/images/land/1A/1534_204f8afb1706.jpg","landname":"19"},{"id":281475009020224,"level":2,"status":1,"posx":33,"posy":7,"cityid":493,"townid":1075,"tokenid":"576b8fbad5a91c60cc143e7f840cd2fd","tokenurl":"/mcm/api/land?token=576b8fbad5a91c60cc143e7f840cd2fd","imageurl":"/mcm/images/land/1A/1535_e701e31ca74.jpg","landname":"20"},{"id":281475009020225,"level":2,"status":0,"posx":5,"posy":8,"cityid":493,"townid":1075,"tokenid":"63358eb17ff41c6c9cc272f99e0af8b0","tokenurl":"/mcm/api/land?token=63358eb17ff41c6c9cc272f99e0af8b0","imageurl":"/mcm/images/land/1A/1536_1afce6e2aaa1.jpg","landname":"21"},{"id":281475009020226,"level":2,"status":0,"posx":6,"posy":8,"cityid":493,"townid":1075,"tokenid":"b2094f72daf26d2cdb8e0accedaa1eac","tokenurl":"/mcm/api/land?token=b2094f72daf26d2cdb8e0accedaa1eac","imageurl":"/mcm/images/land/1A/1537_297f25d45f5c.jpg","landname":"22"},{"id":281475009020227,"level":2,"status":0,"posx":32,"posy":8,"cityid":493,"townid":1075,"tokenid":"1ef5ee531dd47017b17cb356cac45665","tokenurl":"/mcm/api/land?token=1ef5ee531dd47017b17cb356cac45665","imageurl":"/mcm/images/land/1A/1538_239f75601854.jpg","landname":"23"},{"id":281475009020228,"level":1,"status":1,"posx":33,"posy":8,"cityid":493,"townid":1075,"tokenid":"8684186792bd3a560eb02842b6f81dcf","tokenurl":"/mcm/api/land?token=8684186792bd3a560eb02842b6f81dcf","imageurl":"/mcm/images/land/1S/3076_4c35e4be32b0.jpg","landname":"24"},{"id":281475009020229,"level":1,"status":0,"posx":5,"posy":9,"cityid":493,"townid":1075,"tokenid":"db23dc8d8a494ddd9419c73132c77e1a","tokenurl":"/mcm/api/land?token=db23dc8d8a494ddd9419c73132c77e1a","imageurl":"/mcm/images/land/1S/3077_4b13eb81685b.jpg","landname":"25"},{"id":281475009020230,"level":2,"status":0,"posx":6,"posy":9,"cityid":493,"townid":1075,"tokenid":"202d2f6260c44540296ad21e861d9c91","tokenurl":"/mcm/api/land?token=202d2f6260c44540296ad21e861d9c91","imageurl":"/mcm/images/land/1A/1539_2c209a58dba3.jpg","landname":"26"},{"id":281475009020231,"level":1,"status":0,"posx":32,"posy":9,"cityid":493,"townid":1075,"tokenid":"3e7225a04d1b8beb6ce71a8d7ea97c63","tokenurl":"/mcm/api/land?token=3e7225a04d1b8beb6ce71a8d7ea97c63","imageurl":"/mcm/images/land/1S/3078_20ad28a4dde4.jpg","landname":"27"},{"id":281475009020232,"level":2,"status":1,"posx":33,"posy":9,"cityid":493,"townid":1075,"tokenid":"0bcc71a13712d9295c5091a5aaef4dc4","tokenurl":"/mcm/api/land?token=0bcc71a13712d9295c5091a5aaef4dc4","imageurl":"/mcm/images/land/1A/1540_1cd123411710.jpg","landname":"28"},{"id":281475009020233,"level":1,"status":0,"posx":5,"posy":10,"cityid":493,"townid":1075,"tokenid":"b5663d453d3fc4844989b2feeaeb7546","tokenurl":"/mcm/api/land?token=b5663d453d3fc4844989b2feeaeb7546","imageurl":"/mcm/images/land/1S/3079_35acf45e258a.jpg","landname":"29"},{"id":281475009020234,"level":1,"status":1,"posx":6,"posy":10,"cityid":493,"townid":1075,"tokenid":"2944cd965bb729d52ea9606f4ce4fe07","tokenurl":"/mcm/api/land?token=2944cd965bb729d52ea9606f4ce4fe07","imageurl":"/mcm/images/land/1S/3080_4b493d53b42a.jpg","landname":"30"},{"id":281475009020235,"level":1,"status":1,"posx":8,"posy":10,"cityid":493,"townid":1075,"tokenid":"6a57c13b4574b12c778eff726e94ce06","tokenurl":"/mcm/api/land?token=6a57c13b4574b12c778eff726e94ce06","imageurl":"/mcm/images/land/1S/3081_ebcbce2d723.jpg","landname":"31"},{"id":281475009020236,"level":1,"status":1,"posx":9,"posy":10,"cityid":493,"townid":1075,"tokenid":"642f131d1f49fadb020702149166ebff","tokenurl":"/mcm/api/land?token=642f131d1f49fadb020702149166ebff","imageurl":"/mcm/images/land/1S/3082_57d1ab43facc.jpg","landname":"32"},{"id":281475009020237,"level":1,"status":1,"posx":23,"posy":10,"cityid":493,"townid":1075,"tokenid":"feb42f53fd6effe45b4e8bb887313929","tokenurl":"/mcm/api/land?token=feb42f53fd6effe45b4e8bb887313929","imageurl":"/mcm/images/land/1S/3083_48c96282342f.jpg","landname":"33"},{"id":281475009020238,"level":1,"status":0,"posx":24,"posy":10,"cityid":493,"townid":1075,"tokenid":"0459dbec55242939b10302716632e0f4","tokenurl":"/mcm/api/land?token=0459dbec55242939b10302716632e0f4","imageurl":"/mcm/images/land/1S/3084_95798d2ab35.jpg","landname":"34"},{"id":281475009020239,"level":1,"status":1,"posx":8,"posy":11,"cityid":493,"townid":1075,"tokenid":"e0e3274cd1f2ac56fcc328285c3ddb26","tokenurl":"/mcm/api/land?token=e0e3274cd1f2ac56fcc328285c3ddb26","imageurl":"/mcm/images/land/1S/3085_1a31ffe5e0d2.jpg","landname":"35"},{"id":281475009020240,"level":1,"status":1,"posx":9,"posy":11,"cityid":493,"townid":1075,"tokenid":"214ab2e821f475cd4be32ca624b3c655","tokenurl":"/mcm/api/land?token=214ab2e821f475cd4be32ca624b3c655","imageurl":"/mcm/images/land/1S/3086_120ea5c702b1.jpg","landname":"36"},{"id":281475009020241,"level":1,"status":1,"posx":23,"posy":11,"cityid":493,"townid":1075,"tokenid":"2351c0a05ab9af057464c1e911bd2810","tokenurl":"/mcm/api/land?token=2351c0a05ab9af057464c1e911bd2810","imageurl":"/mcm/images/land/1S/3087_42866cfd82ae.jpg","landname":"37"},{"id":281475009020242,"level":2,"status":1,"posx":24,"posy":11,"cityid":493,"townid":1075,"tokenid":"928348772d244aefc73b04a2d43adb68","tokenurl":"/mcm/api/land?token=928348772d244aefc73b04a2d43adb68","imageurl":"/mcm/images/land/1A/1541_12ef0a604a18.jpg","landname":"38"},{"id":281475009020243,"level":1,"status":1,"posx":8,"posy":12,"cityid":493,"townid":1075,"tokenid":"be9ea0bccce8841aa8a3accd85001e47","tokenurl":"/mcm/api/land?token=be9ea0bccce8841aa8a3accd85001e47","imageurl":"/mcm/images/land/1S/3088_47554a36b267.jpg","landname":"39"},{"id":281475009020244,"level":2,"status":1,"posx":9,"posy":12,"cityid":493,"townid":1075,"tokenid":"509b672e907c43e093ff608cc7daf6b2","tokenurl":"/mcm/api/land?token=509b672e907c43e093ff608cc7daf6b2","imageurl":"/mcm/images/land/1A/1542_21c7161b8505.jpg","landname":"40"},{"id":281475009020245,"level":1,"status":0,"posx":23,"posy":12,"cityid":493,"townid":1075,"tokenid":"c7b733878873f3b4ce418c7af9c3e1e3","tokenurl":"/mcm/api/land?token=c7b733878873f3b4ce418c7af9c3e1e3","imageurl":"/mcm/images/land/1S/3089_2c626b5d7ef6.jpg","landname":"41"},{"id":281475009020246,"level":1,"status":0,"posx":24,"posy":12,"cityid":493,"townid":1075,"tokenid":"bfb007d9a110c00cf3704f59a239fb75","tokenurl":"/mcm/api/land?token=bfb007d9a110c00cf3704f59a239fb75","imageurl":"/mcm/images/land/1S/3090_579d6cfa5edc.jpg","landname":"42"},{"id":281475009020247,"level":2,"status":1,"posx":32,"posy":12,"cityid":493,"townid":1075,"tokenid":"c3e86a3e500928f656052263573db324","tokenurl":"/mcm/api/land?token=c3e86a3e500928f656052263573db324","imageurl":"/mcm/images/land/1A/1543_2ad7c5c4520c.jpg","landname":"43"},{"id":281475009020248,"level":2,"status":0,"posx":33,"posy":12,"cityid":493,"townid":1075,"tokenid":"44f791883f8c65c2ec3f998df97a772d","tokenurl":"/mcm/api/land?token=44f791883f8c65c2ec3f998df97a772d","imageurl":"/mcm/images/land/1A/1544_1e87a8a55a5c.jpg","landname":"44"},{"id":281475009020249,"level":2,"status":0,"posx":8,"posy":13,"cityid":493,"townid":1075,"tokenid":"d20ec4e1f2c4a9bd65bc1bc85b14aa63","tokenurl":"/mcm/api/land?token=d20ec4e1f2c4a9bd65bc1bc85b14aa63","imageurl":"/mcm/images/land/1A/1545_2af4a71abe6d.jpg","landname":"45"},{"id":281475009020250,"level":2,"status":1,"posx":9,"posy":13,"cityid":493,"townid":1075,"tokenid":"affcadc65e3f84f720703593873cfe4c","tokenurl":"/mcm/api/land?token=affcadc65e3f84f720703593873cfe4c","imageurl":"/mcm/images/land/1A/1546_21a59237efcd.jpg","landname":"46"},{"id":281475009020251,"level":1,"status":0,"posx":23,"posy":13,"cityid":493,"townid":1075,"tokenid":"06ceb16e4bc64f1cc34def64dc18a1d3","tokenurl":"/mcm/api/land?token=06ceb16e4bc64f1cc34def64dc18a1d3","imageurl":"/mcm/images/land/1S/3091_297cc85d505e.jpg","landname":"47"},{"id":281475009020252,"level":1,"status":1,"posx":24,"posy":13,"cityid":493,"townid":1075,"tokenid":"a3bd765af21d30ab430fe18e4e39797d","tokenurl":"/mcm/api/land?token=a3bd765af21d30ab430fe18e4e39797d","imageurl":"/mcm/images/land/1S/3092_54f10a2576ff.jpg","landname":"48"},{"id":281475009020253,"level":1,"status":0,"posx":32,"posy":13,"cityid":493,"townid":1075,"tokenid":"7f0c737422c269d8946f529c509b70a7","tokenurl":"/mcm/api/land?token=7f0c737422c269d8946f529c509b70a7","imageurl":"/mcm/images/land/1S/3093_27a942ebb53b.jpg","landname":"49"},{"id":281475009020254,"level":1,"status":0,"posx":33,"posy":13,"cityid":493,"townid":1075,"tokenid":"4b6834227c484ae1009fe47350dc28ed","tokenurl":"/mcm/api/land?token=4b6834227c484ae1009fe47350dc28ed","imageurl":"/mcm/images/land/1S/3094_493eae5b3b9e.jpg","landname":"50"},{"id":281475009020255,"level":1,"status":0,"posx":8,"posy":14,"cityid":493,"townid":1075,"tokenid":"b70aa6fc1baa141cd03cfa98c89b5389","tokenurl":"/mcm/api/land?token=b70aa6fc1baa141cd03cfa98c89b5389","imageurl":"/mcm/images/land/1S/3095_3138c295db33.jpg","landname":"51"},{"id":281475009020256,"level":1,"status":0,"posx":9,"posy":14,"cityid":493,"townid":1075,"tokenid":"8aacc4e753f57973ce7f551de3808961","tokenurl":"/mcm/api/land?token=8aacc4e753f57973ce7f551de3808961","imageurl":"/mcm/images/land/1S/3096_4bc9db4c65a4.jpg","landname":"52"},{"id":281475009020257,"level":3,"status":1,"posx":23,"posy":14,"cityid":493,"townid":1075,"tokenid":"91d487fdaf3a626f8969efc277c95c9a","tokenurl":"/mcm/api/land?token=91d487fdaf3a626f8969efc277c95c9a","imageurl":"/mcm/images/land/1B/514_c6263be2c1a.jpg","landname":"53"},{"id":281475009020258,"level":1,"status":1,"posx":24,"posy":14,"cityid":493,"townid":1075,"tokenid":"31e7b8a1edd63a4f9af51c832949b1cc","tokenurl":"/mcm/api/land?token=31e7b8a1edd63a4f9af51c832949b1cc","imageurl":"/mcm/images/land/1S/3097_537a9fc1ec8f.jpg","landname":"54"},{"id":281475009020259,"level":1,"status":1,"posx":32,"posy":14,"cityid":493,"townid":1075,"tokenid":"080048e0492015e62e6ffe99334610b1","tokenurl":"/mcm/api/land?token=080048e0492015e62e6ffe99334610b1","imageurl":"/mcm/images/land/1S/3098_2d2c84abc009.jpg","landname":"55"},{"id":281475009020260,"level":2,"status":1,"posx":33,"posy":14,"cityid":493,"townid":1075,"tokenid":"e7e80e5886528f11a93c9895ac81118e","tokenurl":"/mcm/api/land?token=e7e80e5886528f11a93c9895ac81118e","imageurl":"/mcm/images/land/1A/1547_461193574e86.jpg","landname":"56"},{"id":281475009020261,"level":1,"status":1,"posx":32,"posy":15,"cityid":493,"townid":1075,"tokenid":"59924ba22377ff9451564e6e1475c3b0","tokenurl":"/mcm/api/land?token=59924ba22377ff9451564e6e1475c3b0","imageurl":"/mcm/images/land/1S/3099_3faf6173a376.jpg","landname":"57"},{"id":281475009020262,"level":1,"status":1,"posx":33,"posy":15,"cityid":493,"townid":1075,"tokenid":"fefcbe83d41ba9578d1783194137f59c","tokenurl":"/mcm/api/land?token=fefcbe83d41ba9578d1783194137f59c","imageurl":"/mcm/images/land/1S/3100_351350518c5f.jpg","landname":"58"},{"id":281475009020263,"level":1,"status":1,"posx":8,"posy":16,"cityid":493,"townid":1075,"tokenid":"9f1274c8556483315f4202e153fb7adf","tokenurl":"/mcm/api/land?token=9f1274c8556483315f4202e153fb7adf","imageurl":"/mcm/images/land/1S/3101_d4007d67559.jpg","landname":"59"},{"id":281475009020264,"level":2,"status":1,"posx":9,"posy":16,"cityid":493,"townid":1075,"tokenid":"22fe0b512efe4780d90a14aec271af0c","tokenurl":"/mcm/api/land?token=22fe0b512efe4780d90a14aec271af0c","imageurl":"/mcm/images/land/1A/1548_5abccad19a0f.jpg","landname":"60"},{"id":281475009020265,"level":1,"status":0,"posx":32,"posy":16,"cityid":493,"townid":1075,"tokenid":"370a0a25558c00c10093f5d2d65f27d7","tokenurl":"/mcm/api/land?token=370a0a25558c00c10093f5d2d65f27d7","imageurl":"/mcm/images/land/1S/3102_29d35e4ece03.jpg","landname":"61"},{"id":281475009020266,"level":3,"status":0,"posx":33,"posy":16,"cityid":493,"townid":1075,"tokenid":"d308fd0be464431ce53ea5d5f1ad8a50","tokenurl":"/mcm/api/land?token=d308fd0be464431ce53ea5d5f1ad8a50","imageurl":"/mcm/images/land/1B/515_3a6f1e371262.jpg","landname":"62"},{"id":281475009020267,"level":1,"status":0,"posx":8,"posy":17,"cityid":493,"townid":1075,"tokenid":"18bf9f33dd6bfa4c43598be32c10cfed","tokenurl":"/mcm/api/land?token=18bf9f33dd6bfa4c43598be32c10cfed","imageurl":"/mcm/images/land/1S/3103_23791670cffc.jpg","landname":"63"},{"id":281475009020268,"level":1,"status":1,"posx":9,"posy":17,"cityid":493,"townid":1075,"tokenid":"68c1b772b01d9fe3a7465c6642073919","tokenurl":"/mcm/api/land?token=68c1b772b01d9fe3a7465c6642073919","imageurl":"/mcm/images/land/1S/3104_463b9f908498.jpg","landname":"64"},{"id":281475009020269,"level":1,"status":0,"posx":8,"posy":18,"cityid":493,"townid":1075,"tokenid":"ff7a603ac0c9721a210dda7d54301845","tokenurl":"/mcm/api/land?token=ff7a603ac0c9721a210dda7d54301845","imageurl":"/mcm/images/land/1S/3105_55218d51396e.jpg","landname":"65"},{"id":281475009020270,"level":3,"status":0,"posx":9,"posy":18,"cityid":493,"townid":1075,"tokenid":"140a2a41169749d40e9a47e6943493f4","tokenurl":"/mcm/api/land?token=140a2a41169749d40e9a47e6943493f4","imageurl":"/mcm/images/land/1B/516_19ae6be66a1a.jpg","landname":"66"},{"id":281475009020271,"level":1,"status":1,"posx":20,"posy":18,"cityid":493,"townid":1075,"tokenid":"cbe6196e06b735101011d0b07dc7d31d","tokenurl":"/mcm/api/land?token=cbe6196e06b735101011d0b07dc7d31d","imageurl":"/mcm/images/land/1S/3106_352a433cf0c4.jpg","landname":"67"},{"id":281475009020272,"level":1,"status":0,"posx":21,"posy":18,"cityid":493,"townid":1075,"tokenid":"123d18fe751443102bb3efbe47de5025","tokenurl":"/mcm/api/land?token=123d18fe751443102bb3efbe47de5025","imageurl":"/mcm/images/land/1S/3107_2adfe9de2316.jpg","landname":"68"},{"id":281475009020273,"level":1,"status":1,"posx":25,"posy":18,"cityid":493,"townid":1075,"tokenid":"157bc61851b5f9abbc72e57c6a2f4ee1","tokenurl":"/mcm/api/land?token=157bc61851b5f9abbc72e57c6a2f4ee1","imageurl":"/mcm/images/land/1S/3108_275dc19eec9f.jpg","landname":"69"},{"id":281475009020274,"level":1,"status":1,"posx":26,"posy":18,"cityid":493,"townid":1075,"tokenid":"7589250db3a0d3b7d11e43945d5fa7cc","tokenurl":"/mcm/api/land?token=7589250db3a0d3b7d11e43945d5fa7cc","imageurl":"/mcm/images/land/1S/3109_50f32e1fdaa6.jpg","landname":"70"},{"id":281475009020275,"level":1,"status":1,"posx":8,"posy":19,"cityid":493,"townid":1075,"tokenid":"8408b77a4cb7e852f52a7ae81857bf48","tokenurl":"/mcm/api/land?token=8408b77a4cb7e852f52a7ae81857bf48","imageurl":"/mcm/images/land/1S/3110_9d3b0e4b0b9.jpg","landname":"71"},{"id":281475009020276,"level":1,"status":1,"posx":9,"posy":19,"cityid":493,"townid":1075,"tokenid":"82ec8f6caf134dd0560a008c4599ea06","tokenurl":"/mcm/api/land?token=82ec8f6caf134dd0560a008c4599ea06","imageurl":"/mcm/images/land/1S/3111_38e130c6cc2.jpg","landname":"72"},{"id":281475009020277,"level":2,"status":0,"posx":20,"posy":19,"cityid":493,"townid":1075,"tokenid":"776e53a5c3bc544e6bd8e6f1b1954d9b","tokenurl":"/mcm/api/land?token=776e53a5c3bc544e6bd8e6f1b1954d9b","imageurl":"/mcm/images/land/1A/1549_49970ed3d3fb.jpg","landname":"73"},{"id":281475009020278,"level":2,"status":1,"posx":21,"posy":19,"cityid":493,"townid":1075,"tokenid":"4cbe0590da954bf27e10e7d4bb9ed684","tokenurl":"/mcm/api/land?token=4cbe0590da954bf27e10e7d4bb9ed684","imageurl":"/mcm/images/land/1A/1550_8c464127d31.jpg","landname":"74"},{"id":281475009020279,"level":1,"status":0,"posx":25,"posy":19,"cityid":493,"townid":1075,"tokenid":"aad9f4f88f1fe87f6b200dd0eb7d87c9","tokenurl":"/mcm/api/land?token=aad9f4f88f1fe87f6b200dd0eb7d87c9","imageurl":"/mcm/images/land/1S/3112_1ff25ae4be36.jpg","landname":"75"},{"id":281475009020280,"level":2,"status":0,"posx":26,"posy":19,"cityid":493,"townid":1075,"tokenid":"63fd1b9d4cf1ecc5d4e1c3af21d00521","tokenurl":"/mcm/api/land?token=63fd1b9d4cf1ecc5d4e1c3af21d00521","imageurl":"/mcm/images/land/1A/1551_3a80a93ce1b9.jpg","landname":"76"},{"id":281475009020281,"level":1,"status":1,"posx":8,"posy":20,"cityid":493,"townid":1075,"tokenid":"8b7683ceec8ee4f5a3fbc24384dd29cd","tokenurl":"/mcm/api/land?token=8b7683ceec8ee4f5a3fbc24384dd29cd","imageurl":"/mcm/images/land/1S/3113_154a67697335.jpg","landname":"77"},{"id":281475009020282,"level":1,"status":0,"posx":9,"posy":20,"cityid":493,"townid":1075,"tokenid":"5658df3e52b5b77aae9b3afb777dd781","tokenurl":"/mcm/api/land?token=5658df3e52b5b77aae9b3afb777dd781","imageurl":"/mcm/images/land/1S/3114_1308e0edaed.jpg","landname":"78"},{"id":281475009020283,"level":1,"status":0,"posx":20,"posy":20,"cityid":493,"townid":1075,"tokenid":"860010891e65bf9b71197a822e533868","tokenurl":"/mcm/api/land?token=860010891e65bf9b71197a822e533868","imageurl":"/mcm/images/land/1S/3115_3f26a2c14f52.jpg","landname":"79"},{"id":281475009020284,"level":1,"status":1,"posx":21,"posy":20,"cityid":493,"townid":1075,"tokenid":"0ebc6e4ab51f4bf809418b66bbbc8c16","tokenurl":"/mcm/api/land?token=0ebc6e4ab51f4bf809418b66bbbc8c16","imageurl":"/mcm/images/land/1S/3116_14fdcd536858.jpg","landname":"80"},{"id":281475009020285,"level":3,"status":1,"posx":25,"posy":20,"cityid":493,"townid":1075,"tokenid":"9a11c41d9118c907459b03791d0e9cbc","tokenurl":"/mcm/api/land?token=9a11c41d9118c907459b03791d0e9cbc","imageurl":"/mcm/images/land/1B/517_218c29b1dab9.jpg","landname":"81"},{"id":281475009020286,"level":1,"status":0,"posx":26,"posy":20,"cityid":493,"townid":1075,"tokenid":"947ede56693e0711d70049e5dedf37fe","tokenurl":"/mcm/api/land?token=947ede56693e0711d70049e5dedf37fe","imageurl":"/mcm/images/land/1S/3117_523a40d03215.jpg","landname":"82"},{"id":281475009020287,"level":1,"status":0,"posx":31,"posy":20,"cityid":493,"townid":1075,"tokenid":"04fe116ee9b12f66af5e4f58e2208646","tokenurl":"/mcm/api/land?token=04fe116ee9b12f66af5e4f58e2208646","imageurl":"/mcm/images/land/1S/3118_5a8def842847.jpg","landname":"83"},{"id":281475009020288,"level":2,"status":0,"posx":32,"posy":20,"cityid":493,"townid":1075,"tokenid":"b090ebaab02f768f8664abbaef57fe5c","tokenurl":"/mcm/api/land?token=b090ebaab02f768f8664abbaef57fe5c","imageurl":"/mcm/images/land/1A/1552_55054dade7c.jpg","landname":"84"},{"id":281475009020289,"level":1,"status":0,"posx":20,"posy":21,"cityid":493,"townid":1075,"tokenid":"892beeecab677b14c31c0bf93c23b912","tokenurl":"/mcm/api/land?token=892beeecab677b14c31c0bf93c23b912","imageurl":"/mcm/images/land/1S/3119_36ceaa2f1d1d.jpg","landname":"85"},{"id":281475009020290,"level":1,"status":1,"posx":21,"posy":21,"cityid":493,"townid":1075,"tokenid":"1eaaf29a7db2f0c75f318012331210d5","tokenurl":"/mcm/api/land?token=1eaaf29a7db2f0c75f318012331210d5","imageurl":"/mcm/images/land/1S/3120_4afec26ceeef.jpg","landname":"86"},{"id":281475009020291,"level":2,"status":0,"posx":25,"posy":21,"cityid":493,"townid":1075,"tokenid":"94d64c2bf5180ae23b12ddd92a424cfb","tokenurl":"/mcm/api/land?token=94d64c2bf5180ae23b12ddd92a424cfb","imageurl":"/mcm/images/land/1A/1553_5b8e4d52ca6.jpg","landname":"87"},{"id":281475009020292,"level":2,"status":0,"posx":26,"posy":21,"cityid":493,"townid":1075,"tokenid":"d351869fb5d7516ab8d96626664cc8f8","tokenurl":"/mcm/api/land?token=d351869fb5d7516ab8d96626664cc8f8","imageurl":"/mcm/images/land/1A/1554_329f78b85ca1.jpg","landname":"88"},{"id":281475009020293,"level":2,"status":0,"posx":31,"posy":21,"cityid":493,"townid":1075,"tokenid":"fa9cf8dda9f2470e34d8c38a651b19de","tokenurl":"/mcm/api/land?token=fa9cf8dda9f2470e34d8c38a651b19de","imageurl":"/mcm/images/land/1A/1555_594eb83c7747.jpg","landname":"89"},{"id":281475009020294,"level":2,"status":0,"posx":32,"posy":21,"cityid":493,"townid":1075,"tokenid":"bec945a709ab0148b36063272273e0cb","tokenurl":"/mcm/api/land?token=bec945a709ab0148b36063272273e0cb","imageurl":"/mcm/images/land/1A/1556_2b908a87440f.jpg","landname":"90"},{"id":281475009020295,"level":2,"status":0,"posx":12,"posy":22,"cityid":493,"townid":1075,"tokenid":"3352b45c294916080d4cce4dc17aeae8","tokenurl":"/mcm/api/land?token=3352b45c294916080d4cce4dc17aeae8","imageurl":"/mcm/images/land/1A/1557_376564c8013e.jpg","landname":"91"},{"id":281475009020296,"level":2,"status":1,"posx":13,"posy":22,"cityid":493,"townid":1075,"tokenid":"96d92254865f3e648441c4a3238f1d15","tokenurl":"/mcm/api/land?token=96d92254865f3e648441c4a3238f1d15","imageurl":"/mcm/images/land/1A/1558_4babb286a5f4.jpg","landname":"92"},{"id":281475009020297,"level":1,"status":0,"posx":20,"posy":22,"cityid":493,"townid":1075,"tokenid":"0db9ff660a93f81872f749f07c267350","tokenurl":"/mcm/api/land?token=0db9ff660a93f81872f749f07c267350","imageurl":"/mcm/images/land/1S/3121_2bc37e2e11fb.jpg","landname":"93"},{"id":281475009020298,"level":1,"status":0,"posx":21,"posy":22,"cityid":493,"townid":1075,"tokenid":"88e872aec27d4ca2d3021998ea3193e4","tokenurl":"/mcm/api/land?token=88e872aec27d4ca2d3021998ea3193e4","imageurl":"/mcm/images/land/1S/3122_4dae080fee8f.jpg","landname":"94"},{"id":281475009020299,"level":3,"status":1,"posx":25,"posy":22,"cityid":493,"townid":1075,"tokenid":"f36fdccd5e185d8c05102024aff4a40c","tokenurl":"/mcm/api/land?token=f36fdccd5e185d8c05102024aff4a40c","imageurl":"/mcm/images/land/1B/518_37fd12af7165.jpg","landname":"95"},{"id":281475009020300,"level":2,"status":1,"posx":26,"posy":22,"cityid":493,"townid":1075,"tokenid":"07da9df11d0103e9a22ba42dd2d1a23c","tokenurl":"/mcm/api/land?token=07da9df11d0103e9a22ba42dd2d1a23c","imageurl":"/mcm/images/land/1A/1559_e24b7c29a20.jpg","landname":"96"},{"id":281475009020301,"level":2,"status":1,"posx":31,"posy":22,"cityid":493,"townid":1075,"tokenid":"95805dc6f84cb49963e8268e8cdd4dd6","tokenurl":"/mcm/api/land?token=95805dc6f84cb49963e8268e8cdd4dd6","imageurl":"/mcm/images/land/1A/1560_3d21759b07f3.jpg","landname":"97"},{"id":281475009020302,"level":1,"status":1,"posx":32,"posy":22,"cityid":493,"townid":1075,"tokenid":"6bc6cc221348b57d3f70aac8c9d23e6d","tokenurl":"/mcm/api/land?token=6bc6cc221348b57d3f70aac8c9d23e6d","imageurl":"/mcm/images/land/1S/3123_4ae274f00360.jpg","landname":"98"},{"id":281475009020303,"level":1,"status":0,"posx":12,"posy":23,"cityid":493,"townid":1075,"tokenid":"0ce0e189fec5d0215f25b08ba68a5ac5","tokenurl":"/mcm/api/land?token=0ce0e189fec5d0215f25b08ba68a5ac5","imageurl":"/mcm/images/land/1S/3124_ec443df5e5c.jpg","landname":"99"},{"id":281475009020304,"level":1,"status":0,"posx":13,"posy":23,"cityid":493,"townid":1075,"tokenid":"b0f9b81d20346c82a69c59543575d19e","tokenurl":"/mcm/api/land?token=b0f9b81d20346c82a69c59543575d19e","imageurl":"/mcm/images/land/1S/3125_c2b9f4af86b.jpg","landname":"100"},{"id":281475009020305,"level":1,"status":0,"posx":31,"posy":23,"cityid":493,"townid":1075,"tokenid":"97e3b9c6c81fb64ebf82ef20222a8645","tokenurl":"/mcm/api/land?token=97e3b9c6c81fb64ebf82ef20222a8645","imageurl":"/mcm/images/land/1S/3126_1044de6454c8.jpg","landname":"101"},{"id":281475009020306,"level":1,"status":1,"posx":32,"posy":23,"cityid":493,"townid":1075,"tokenid":"216e79c90ef8f9ead6af53dbb9c0a8f5","tokenurl":"/mcm/api/land?token=216e79c90ef8f9ead6af53dbb9c0a8f5","imageurl":"/mcm/images/land/1S/3127_37668fed6cb2.jpg","landname":"102"},{"id":281475009020307,"level":2,"status":1,"posx":12,"posy":24,"cityid":493,"townid":1075,"tokenid":"8d84906f98b9020b5b71bdec30cea5e8","tokenurl":"/mcm/api/land?token=8d84906f98b9020b5b71bdec30cea5e8","imageurl":"/mcm/images/land/1A/1561_1bfd5b9c0384.jpg","landname":"103"},{"id":281475009020308,"level":2,"status":1,"posx":13,"posy":24,"cityid":493,"townid":1075,"tokenid":"8e974b1821b0cde052617eb07a752519","tokenurl":"/mcm/api/land?token=8e974b1821b0cde052617eb07a752519","imageurl":"/mcm/images/land/1A/1562_cc58bba7122.jpg","landname":"104"},{"id":281475009020309,"level":1,"status":1,"posx":31,"posy":24,"cityid":493,"townid":1075,"tokenid":"7e52e99499c93b5d496c841cc8b5597a","tokenurl":"/mcm/api/land?token=7e52e99499c93b5d496c841cc8b5597a","imageurl":"/mcm/images/land/1S/3128_ef79f2dbeb.jpg","landname":"105"},{"id":281475009020310,"level":1,"status":1,"posx":32,"posy":24,"cityid":493,"townid":1075,"tokenid":"4f4802c6a10cab82c065a6d63bc192c2","tokenurl":"/mcm/api/land?token=4f4802c6a10cab82c065a6d63bc192c2","imageurl":"/mcm/images/land/1S/3129_218ce4b753cd.jpg","landname":"106"},{"id":281475009020311,"level":1,"status":1,"posx":12,"posy":25,"cityid":493,"townid":1075,"tokenid":"e7d47ae7984305fd76bf5cd97b8fc5be","tokenurl":"/mcm/api/land?token=e7d47ae7984305fd76bf5cd97b8fc5be","imageurl":"/mcm/images/land/1S/3130_564e9c09456f.jpg","landname":"107"},{"id":281475009020312,"level":3,"status":1,"posx":13,"posy":25,"cityid":493,"townid":1075,"tokenid":"f2f1309498f1ac463495ff7828468070","tokenurl":"/mcm/api/land?token=f2f1309498f1ac463495ff7828468070","imageurl":"/mcm/images/land/1B/519_2400147291b.jpg","landname":"108"},{"id":281475009020313,"level":1,"status":0,"posx":6,"posy":26,"cityid":493,"townid":1075,"tokenid":"56274a6eb4f798301010134df31f46aa","tokenurl":"/mcm/api/land?token=56274a6eb4f798301010134df31f46aa","imageurl":"/mcm/images/land/1S/3131_4851fd3d0c68.jpg","landname":"109"},{"id":281475009020314,"level":1,"status":1,"posx":7,"posy":26,"cityid":493,"townid":1075,"tokenid":"05fed9ea06df260fdf7dbe65bd117a13","tokenurl":"/mcm/api/land?token=05fed9ea06df260fdf7dbe65bd117a13","imageurl":"/mcm/images/land/1S/3132_3a2519f49993.jpg","landname":"110"},{"id":281475009020315,"level":1,"status":1,"posx":9,"posy":26,"cityid":493,"townid":1075,"tokenid":"830dae124b18586bd6753b1f14660cbc","tokenurl":"/mcm/api/land?token=830dae124b18586bd6753b1f14660cbc","imageurl":"/mcm/images/land/1S/3133_394a47594c42.jpg","landname":"111"},{"id":281475009020316,"level":2,"status":0,"posx":10,"posy":26,"cityid":493,"townid":1075,"tokenid":"f322ffad7d2007b1b7027319d2302fb2","tokenurl":"/mcm/api/land?token=f322ffad7d2007b1b7027319d2302fb2","imageurl":"/mcm/images/land/1A/1563_577ec496e581.jpg","landname":"112"},{"id":281475009020317,"level":2,"status":0,"posx":12,"posy":26,"cityid":493,"townid":1075,"tokenid":"b9e2e0a11c51805f411c1f0ace033479","tokenurl":"/mcm/api/land?token=b9e2e0a11c51805f411c1f0ace033479","imageurl":"/mcm/images/land/1A/1564_21db5c5f5307.jpg","landname":"113"},{"id":281475009020318,"level":2,"status":1,"posx":13,"posy":26,"cityid":493,"townid":1075,"tokenid":"b6b6442cf1d7759953bb8400a5f60172","tokenurl":"/mcm/api/land?token=b6b6442cf1d7759953bb8400a5f60172","imageurl":"/mcm/images/land/1A/1565_3235ea06dc4a.jpg","landname":"114"},{"id":281475009020319,"level":1,"status":1,"posx":6,"posy":27,"cityid":493,"townid":1075,"tokenid":"f37e1252884cf5f467903f59bceeb377","tokenurl":"/mcm/api/land?token=f37e1252884cf5f467903f59bceeb377","imageurl":"/mcm/images/land/1S/3134_44e48181085e.jpg","landname":"115"},{"id":281475009020320,"level":3,"status":0,"posx":7,"posy":27,"cityid":493,"townid":1075,"tokenid":"6d74054565288c791f07ce0b3095320a","tokenurl":"/mcm/api/land?token=6d74054565288c791f07ce0b3095320a","imageurl":"/mcm/images/land/1B/520_3745a09145ea.jpg","landname":"116"},{"id":281475009020321,"level":1,"status":0,"posx":9,"posy":27,"cityid":493,"townid":1075,"tokenid":"52b4922463db4e40d7796a772262d740","tokenurl":"/mcm/api/land?token=52b4922463db4e40d7796a772262d740","imageurl":"/mcm/images/land/1S/3135_3fbd4b4065e2.jpg","landname":"117"},{"id":281475009020322,"level":2,"status":1,"posx":10,"posy":27,"cityid":493,"townid":1075,"tokenid":"5a3e477d0876fb7b87700a213ec4e0d5","tokenurl":"/mcm/api/land?token=5a3e477d0876fb7b87700a213ec4e0d5","imageurl":"/mcm/images/land/1A/1566_34de7352baad.jpg","landname":"118"},{"id":281475009020323,"level":1,"status":0,"posx":23,"posy":27,"cityid":493,"townid":1075,"tokenid":"d67c3560cced1761d6215e9f3dd59e7d","tokenurl":"/mcm/api/land?token=d67c3560cced1761d6215e9f3dd59e7d","imageurl":"/mcm/images/land/1S/3136_12f3154a4b73.jpg","landname":"119"},{"id":281475009020324,"level":2,"status":0,"posx":24,"posy":27,"cityid":493,"townid":1075,"tokenid":"ce6c992e80ae98247d53a99490b466cb","tokenurl":"/mcm/api/land?token=ce6c992e80ae98247d53a99490b466cb","imageurl":"/mcm/images/land/1A/1567_398f235f5f56.jpg","landname":"120"},{"id":281475009020325,"level":1,"status":1,"posx":6,"posy":28,"cityid":493,"townid":1075,"tokenid":"243b608c72abda003a61752cec615ca5","tokenurl":"/mcm/api/land?token=243b608c72abda003a61752cec615ca5","imageurl":"/mcm/images/land/1S/3137_56d2a8d820b7.jpg","landname":"121"},{"id":281475009020326,"level":1,"status":1,"posx":7,"posy":28,"cityid":493,"townid":1075,"tokenid":"0c46926022cb504911978c56caed2917","tokenurl":"/mcm/api/land?token=0c46926022cb504911978c56caed2917","imageurl":"/mcm/images/land/1S/3138_3d7f3f9d0641.jpg","landname":"122"},{"id":281475009020327,"level":1,"status":0,"posx":9,"posy":28,"cityid":493,"townid":1075,"tokenid":"1eae2b6d5b4f5b778d69b9cf1d91c406","tokenurl":"/mcm/api/land?token=1eae2b6d5b4f5b778d69b9cf1d91c406","imageurl":"/mcm/images/land/1S/3139_277e19a7cd7b.jpg","landname":"123"},{"id":281475009020328,"level":1,"status":0,"posx":10,"posy":28,"cityid":493,"townid":1075,"tokenid":"f524db49ed66bf360d9142cdc3b8ac41","tokenurl":"/mcm/api/land?token=f524db49ed66bf360d9142cdc3b8ac41","imageurl":"/mcm/images/land/1S/3140_204f9e12291c.jpg","landname":"124"},{"id":281475009020329,"level":1,"status":1,"posx":23,"posy":28,"cityid":493,"townid":1075,"tokenid":"45aba8022e1183c7d17ef9e224d5e84a","tokenurl":"/mcm/api/land?token=45aba8022e1183c7d17ef9e224d5e84a","imageurl":"/mcm/images/land/1S/3141_b232d5cdf5d.jpg","landname":"125"},{"id":281475009020330,"level":2,"status":1,"posx":24,"posy":28,"cityid":493,"townid":1075,"tokenid":"02352fd8282a92b18248c411a11c308d","tokenurl":"/mcm/api/land?token=02352fd8282a92b18248c411a11c308d","imageurl":"/mcm/images/land/1A/1568_41a70eb2f37c.jpg","landname":"126"},{"id":281475009020331,"level":1,"status":0,"posx":32,"posy":28,"cityid":493,"townid":1075,"tokenid":"45bdcc190bef1b08b5fdf397af728173","tokenurl":"/mcm/api/land?token=45bdcc190bef1b08b5fdf397af728173","imageurl":"/mcm/images/land/1S/3142_28fbfb89ff73.jpg","landname":"127"},{"id":281475009020332,"level":1,"status":0,"posx":33,"posy":28,"cityid":493,"townid":1075,"tokenid":"7b0d1adf4cbaf9ab8d668c5bd89220dc","tokenurl":"/mcm/api/land?token=7b0d1adf4cbaf9ab8d668c5bd89220dc","imageurl":"/mcm/images/land/1S/3143_209fde9691b2.jpg","landname":"128"},{"id":281475009020333,"level":2,"status":1,"posx":6,"posy":29,"cityid":493,"townid":1075,"tokenid":"222fb4066deab72e37a11365a2b04bee","tokenurl":"/mcm/api/land?token=222fb4066deab72e37a11365a2b04bee","imageurl":"/mcm/images/land/1A/1569_42fe484e1b4a.jpg","landname":"129"},{"id":281475009020334,"level":2,"status":0,"posx":7,"posy":29,"cityid":493,"townid":1075,"tokenid":"2433fccae75311bcd906847766e6e1e0","tokenurl":"/mcm/api/land?token=2433fccae75311bcd906847766e6e1e0","imageurl":"/mcm/images/land/1A/1570_56ae7de09425.jpg","landname":"130"},{"id":281475009020335,"level":1,"status":0,"posx":9,"posy":29,"cityid":493,"townid":1075,"tokenid":"f93672f7590e76657730808a59904cfa","tokenurl":"/mcm/api/land?token=f93672f7590e76657730808a59904cfa","imageurl":"/mcm/images/land/1S/3144_581000fef1d1.jpg","landname":"131"},{"id":281475009020336,"level":3,"status":0,"posx":10,"posy":29,"cityid":493,"townid":1075,"tokenid":"2907bba51e5a3ca556ae56b0a982abf7","tokenurl":"/mcm/api/land?token=2907bba51e5a3ca556ae56b0a982abf7","imageurl":"/mcm/images/land/1B/521_37fcfffb0928.jpg","landname":"132"},{"id":281475009020337,"level":1,"status":0,"posx":23,"posy":29,"cityid":493,"townid":1075,"tokenid":"a6c41f5e6900b5ff764b2f3aec712e1e","tokenurl":"/mcm/api/land?token=a6c41f5e6900b5ff764b2f3aec712e1e","imageurl":"/mcm/images/land/1S/3145_11b50c31e483.jpg","landname":"133"},{"id":281475009020338,"level":3,"status":1,"posx":24,"posy":29,"cityid":493,"townid":1075,"tokenid":"b1d06438cc8fab12c2677dd574db9ee6","tokenurl":"/mcm/api/land?token=b1d06438cc8fab12c2677dd574db9ee6","imageurl":"/mcm/images/land/1B/522_170233a94ec1.jpg","landname":"134"},{"id":281475009020339,"level":1,"status":0,"posx":32,"posy":29,"cityid":493,"townid":1075,"tokenid":"238dbc8caceb413e44c32e5206c96034","tokenurl":"/mcm/api/land?token=238dbc8caceb413e44c32e5206c96034","imageurl":"/mcm/images/land/1S/3146_1abbf07f45c4.jpg","landname":"135"},{"id":281475009020340,"level":3,"status":1,"posx":33,"posy":29,"cityid":493,"townid":1075,"tokenid":"1bb33a9505d87a9f1430a170243a07c2","tokenurl":"/mcm/api/land?token=1bb33a9505d87a9f1430a170243a07c2","imageurl":"/mcm/images/land/1B/523_1764fff722ca.jpg","landname":"136"},{"id":281475009020341,"level":3,"status":0,"posx":6,"posy":30,"cityid":493,"townid":1075,"tokenid":"f427e2e5e609e40ddf7280a2314f8db6","tokenurl":"/mcm/api/land?token=f427e2e5e609e40ddf7280a2314f8db6","imageurl":"/mcm/images/land/1B/524_3c94d9750979.jpg","landname":"137"},{"id":281475009020342,"level":2,"status":0,"posx":7,"posy":30,"cityid":493,"townid":1075,"tokenid":"260c15f2280ee254448d33635e69e611","tokenurl":"/mcm/api/land?token=260c15f2280ee254448d33635e69e611","imageurl":"/mcm/images/land/1A/1571_3dc39c574352.jpg","landname":"138"},{"id":281475009020343,"level":2,"status":1,"posx":9,"posy":30,"cityid":493,"townid":1075,"tokenid":"bf97e3eff577f5ac946c88ef392a78c0","tokenurl":"/mcm/api/land?token=bf97e3eff577f5ac946c88ef392a78c0","imageurl":"/mcm/images/land/1A/1572_850233bd17d.jpg","landname":"139"},{"id":281475009020344,"level":1,"status":0,"posx":10,"posy":30,"cityid":493,"townid":1075,"tokenid":"d92a727de82bcc239143daa729e9b5d9","tokenurl":"/mcm/api/land?token=d92a727de82bcc239143daa729e9b5d9","imageurl":"/mcm/images/land/1S/3147_4780aa2453e9.jpg","landname":"140"},{"id":281475009020345,"level":1,"status":0,"posx":23,"posy":30,"cityid":493,"townid":1075,"tokenid":"49435644bdf6b940d91ac36f6d1e3a13","tokenurl":"/mcm/api/land?token=49435644bdf6b940d91ac36f6d1e3a13","imageurl":"/mcm/images/land/1S/3148_119407c9ece3.jpg","landname":"141"},{"id":281475009020346,"level":2,"status":0,"posx":24,"posy":30,"cityid":493,"townid":1075,"tokenid":"4b96836363e010fe9a0a424cf0f4e73b","tokenurl":"/mcm/api/land?token=4b96836363e010fe9a0a424cf0f4e73b","imageurl":"/mcm/images/land/1A/1573_253201c1d8e5.jpg","landname":"142"},{"id":281475009020347,"level":2,"status":0,"posx":32,"posy":30,"cityid":493,"townid":1075,"tokenid":"4bea1ef49f53a07685ca560625845fd1","tokenurl":"/mcm/api/land?token=4bea1ef49f53a07685ca560625845fd1","imageurl":"/mcm/images/land/1A/1574_19baecc7310c.jpg","landname":"143"},{"id":281475009020348,"level":2,"status":1,"posx":33,"posy":30,"cityid":493,"townid":1075,"tokenid":"1f3dbd793114e89623c8ccdc3f405c2d","tokenurl":"/mcm/api/land?token=1f3dbd793114e89623c8ccdc3f405c2d","imageurl":"/mcm/images/land/1A/1575_52e154a104a.jpg","landname":"144"},{"id":281475009020349,"level":1,"status":1,"posx":23,"posy":31,"cityid":493,"townid":1075,"tokenid":"e9ccfe841edb960c3fd54384be2800d0","tokenurl":"/mcm/api/land?token=e9ccfe841edb960c3fd54384be2800d0","imageurl":"/mcm/images/land/1S/3149_869f585fb78.jpg","landname":"145"},{"id":281475009020350,"level":2,"status":0,"posx":24,"posy":31,"cityid":493,"townid":1075,"tokenid":"8d572374c428f3e0d07d3002ba402688","tokenurl":"/mcm/api/land?token=8d572374c428f3e0d07d3002ba402688","imageurl":"/mcm/images/land/1A/1576_4c26cf08421d.jpg","landname":"146"},{"id":281475009020351,"level":1,"status":1,"posx":32,"posy":31,"cityid":493,"townid":1075,"tokenid":"9e6cc0f6cb8deb1b2660430f7b3acabe","tokenurl":"/mcm/api/land?token=9e6cc0f6cb8deb1b2660430f7b3acabe","imageurl":"/mcm/images/land/1S/3150_39c297d8cc64.jpg","landname":"147"},{"id":281475009020352,"level":3,"status":0,"posx":33,"posy":31,"cityid":493,"townid":1075,"tokenid":"80df5fcb4958e36ceb82792d0770e000","tokenurl":"/mcm/api/land?token=80df5fcb4958e36ceb82792d0770e000","imageurl":"/mcm/images/land/1B/525_5e75d246850.jpg","landname":"148"},{"id":281475009020353,"level":1,"status":0,"posx":32,"posy":32,"cityid":493,"townid":1075,"tokenid":"fc2b9c415162f9620b423797bd39ad54","tokenurl":"/mcm/api/land?token=fc2b9c415162f9620b423797bd39ad54","imageurl":"/mcm/images/land/1S/3151_351e941fd7cb.jpg","landname":"149"},{"id":281475009020354,"level":3,"status":1,"posx":33,"posy":32,"cityid":493,"townid":1075,"tokenid":"4dea614702f50a252c0cab22f99db3c5","tokenurl":"/mcm/api/land?token=4dea614702f50a252c0cab22f99db3c5","imageurl":"/mcm/images/land/1B/526_5317f68dc7c8.jpg","landname":"150"}]]],0,0,[],[],[]]
