[1,0,0,[["cc.JsonAsset",["_name","json"],1]],[[0,0,1,3]],[[0,"545",[{"id":281474992111617,"level":1,"status":0,"posx":23,"posy":5,"cityid":235,"townid":545,"tokenid":"42fde2fb7c9ebbd8086503cabfa671dc","tokenurl":"/mcm/api/land?token=42fde2fb7c9ebbd8086503cabfa671dc","imageurl":"/mcm/images/land/2S/11762_23af5537736.jpg","landname":"1"},{"id":281474992111618,"level":3,"status":0,"posx":24,"posy":5,"cityid":235,"townid":545,"tokenid":"42bb7e61d80ce78bd022214e10f2fef2","tokenurl":"/mcm/api/land?token=42bb7e61d80ce78bd022214e10f2fef2","imageurl":"/mcm/images/land/2B/29402_3b1a9cad3e80.jpg","landname":"2"},{"id":281474992111619,"level":3,"status":1,"posx":23,"posy":6,"cityid":235,"townid":545,"tokenid":"95e6d4db47ac4e76c066c519f249aeec","tokenurl":"/mcm/api/land?token=95e6d4db47ac4e76c066c519f249aeec","imageurl":"/mcm/images/land/2B/29403_3fe403672061.jpg","landname":"3"},{"id":281474992111620,"level":3,"status":0,"posx":24,"posy":6,"cityid":235,"townid":545,"tokenid":"4a4b6ca4340bfd7d7e91a0e5684f7e1f","tokenurl":"/mcm/api/land?token=4a4b6ca4340bfd7d7e91a0e5684f7e1f","imageurl":"/mcm/images/land/2B/29404_577eb9182937.jpg","landname":"4"},{"id":281474992111621,"level":2,"status":0,"posx":28,"posy":6,"cityid":235,"townid":545,"tokenid":"954cba0870a1f04f075686d0219722ff","tokenurl":"/mcm/api/land?token=954cba0870a1f04f075686d0219722ff","imageurl":"/mcm/images/land/2A/17642_4a34dad1fb3e.jpg","landname":"5"},{"id":281474992111622,"level":2,"status":0,"posx":29,"posy":6,"cityid":235,"townid":545,"tokenid":"bf8e62de9474f18456aef02a4d98a68c","tokenurl":"/mcm/api/land?token=bf8e62de9474f18456aef02a4d98a68c","imageurl":"/mcm/images/land/2A/17643_444087380ceb.jpg","landname":"6"},{"id":281474992111623,"level":3,"status":1,"posx":23,"posy":7,"cityid":235,"townid":545,"tokenid":"55ac302fdd8b061dccb78a6b2bb30510","tokenurl":"/mcm/api/land?token=55ac302fdd8b061dccb78a6b2bb30510","imageurl":"/mcm/images/land/2B/29405_729df2756ec.jpg","landname":"7"},{"id":281474992111624,"level":2,"status":1,"posx":24,"posy":7,"cityid":235,"townid":545,"tokenid":"72f85c626ca8cdd55edd27e40f1ce67d","tokenurl":"/mcm/api/land?token=72f85c626ca8cdd55edd27e40f1ce67d","imageurl":"/mcm/images/land/2A/17644_1de281ef339c.jpg","landname":"8"},{"id":281474992111625,"level":2,"status":0,"posx":28,"posy":7,"cityid":235,"townid":545,"tokenid":"e9eca240a0b9f009b94686f370ad0c54","tokenurl":"/mcm/api/land?token=e9eca240a0b9f009b94686f370ad0c54","imageurl":"/mcm/images/land/2A/17645_2536c8954946.jpg","landname":"9"},{"id":281474992111626,"level":3,"status":0,"posx":29,"posy":7,"cityid":235,"townid":545,"tokenid":"b9ee30f39e8a6eb4bfd45e2185572eaa","tokenurl":"/mcm/api/land?token=b9ee30f39e8a6eb4bfd45e2185572eaa","imageurl":"/mcm/images/land/2B/29406_3c70602dcd0b.jpg","landname":"10"},{"id":281474992111627,"level":3,"status":0,"posx":32,"posy":7,"cityid":235,"townid":545,"tokenid":"26ba536a55f4a4bb7c97e1af405b8869","tokenurl":"/mcm/api/land?token=26ba536a55f4a4bb7c97e1af405b8869","imageurl":"/mcm/images/land/2B/29407_72e158985bd.jpg","landname":"11"},{"id":281474992111628,"level":3,"status":0,"posx":33,"posy":7,"cityid":235,"townid":545,"tokenid":"e9301c6182128e250895f7f1a28b0ad1","tokenurl":"/mcm/api/land?token=e9301c6182128e250895f7f1a28b0ad1","imageurl":"/mcm/images/land/2B/29408_37f6b3b6bc2.jpg","landname":"12"},{"id":281474992111629,"level":2,"status":0,"posx":23,"posy":8,"cityid":235,"townid":545,"tokenid":"6f8f838cebe348d7d68f4678eae9e7f5","tokenurl":"/mcm/api/land?token=6f8f838cebe348d7d68f4678eae9e7f5","imageurl":"/mcm/images/land/2A/17646_3342caf7309e.jpg","landname":"13"},{"id":281474992111630,"level":2,"status":0,"posx":24,"posy":8,"cityid":235,"townid":545,"tokenid":"54ae9965965a7824cee40de37607cdfc","tokenurl":"/mcm/api/land?token=54ae9965965a7824cee40de37607cdfc","imageurl":"/mcm/images/land/2A/17647_f6059e165c.jpg","landname":"14"},{"id":281474992111631,"level":2,"status":1,"posx":28,"posy":8,"cityid":235,"townid":545,"tokenid":"718c7fb5149caab8caa9372b0625fc29","tokenurl":"/mcm/api/land?token=718c7fb5149caab8caa9372b0625fc29","imageurl":"/mcm/images/land/2A/17648_27c2cbbf5ccd.jpg","landname":"15"},{"id":281474992111632,"level":3,"status":1,"posx":29,"posy":8,"cityid":235,"townid":545,"tokenid":"8023d3fbe37be992bafd7f6cf55ca5fa","tokenurl":"/mcm/api/land?token=8023d3fbe37be992bafd7f6cf55ca5fa","imageurl":"/mcm/images/land/2B/29409_26d99869cea8.jpg","landname":"16"},{"id":281474992111633,"level":3,"status":0,"posx":32,"posy":8,"cityid":235,"townid":545,"tokenid":"f4d436157fe173b1db398fcbf15cc668","tokenurl":"/mcm/api/land?token=f4d436157fe173b1db398fcbf15cc668","imageurl":"/mcm/images/land/2B/29410_381cd45e5f25.jpg","landname":"17"},{"id":281474992111634,"level":2,"status":0,"posx":33,"posy":8,"cityid":235,"townid":545,"tokenid":"27317215559a404023619fcf1391f541","tokenurl":"/mcm/api/land?token=27317215559a404023619fcf1391f541","imageurl":"/mcm/images/land/2A/17649_134117d0bb8f.jpg","landname":"18"},{"id":281474992111635,"level":3,"status":1,"posx":23,"posy":9,"cityid":235,"townid":545,"tokenid":"fc54ed5c13aa002ec25479122288980b","tokenurl":"/mcm/api/land?token=fc54ed5c13aa002ec25479122288980b","imageurl":"/mcm/images/land/2B/29411_383c491ec7e0.jpg","landname":"19"},{"id":281474992111636,"level":1,"status":1,"posx":24,"posy":9,"cityid":235,"townid":545,"tokenid":"1d5958e1bc125973eec4bc06c1bbd1e5","tokenurl":"/mcm/api/land?token=1d5958e1bc125973eec4bc06c1bbd1e5","imageurl":"/mcm/images/land/2S/11763_533c02e08f3d.jpg","landname":"20"},{"id":281474992111637,"level":3,"status":1,"posx":28,"posy":9,"cityid":235,"townid":545,"tokenid":"4794ef9a055c1d4cde95cfa2b15aa260","tokenurl":"/mcm/api/land?token=4794ef9a055c1d4cde95cfa2b15aa260","imageurl":"/mcm/images/land/2B/29412_3a728fa990f1.jpg","landname":"21"},{"id":281474992111638,"level":3,"status":1,"posx":29,"posy":9,"cityid":235,"townid":545,"tokenid":"3389dc1c0a8fa95cc56bb129c38d84be","tokenurl":"/mcm/api/land?token=3389dc1c0a8fa95cc56bb129c38d84be","imageurl":"/mcm/images/land/2B/29413_3725be89383f.jpg","landname":"22"},{"id":281474992111639,"level":2,"status":1,"posx":32,"posy":9,"cityid":235,"townid":545,"tokenid":"f742c5e73febe03f9fcf90c45319d722","tokenurl":"/mcm/api/land?token=f742c5e73febe03f9fcf90c45319d722","imageurl":"/mcm/images/land/2A/17650_fb1014c7edb.jpg","landname":"23"},{"id":281474992111640,"level":2,"status":1,"posx":33,"posy":9,"cityid":235,"townid":545,"tokenid":"4c16bb7d0ae4473032f34aa389b3f247","tokenurl":"/mcm/api/land?token=4c16bb7d0ae4473032f34aa389b3f247","imageurl":"/mcm/images/land/2A/17651_5ff16205a66.jpg","landname":"24"},{"id":281474992111641,"level":3,"status":0,"posx":6,"posy":10,"cityid":235,"townid":545,"tokenid":"c9a7079b0562b246a3fe6e1682fe1872","tokenurl":"/mcm/api/land?token=c9a7079b0562b246a3fe6e1682fe1872","imageurl":"/mcm/images/land/2B/29414_551039c7773a.jpg","landname":"25"},{"id":281474992111642,"level":3,"status":1,"posx":7,"posy":10,"cityid":235,"townid":545,"tokenid":"5fd06b3efb2fd05e76ae7515948a0d98","tokenurl":"/mcm/api/land?token=5fd06b3efb2fd05e76ae7515948a0d98","imageurl":"/mcm/images/land/2B/29415_2014f5053454.jpg","landname":"26"},{"id":281474992111643,"level":3,"status":1,"posx":28,"posy":10,"cityid":235,"townid":545,"tokenid":"fd22248aca1b72734b39d2d654d1b8b8","tokenurl":"/mcm/api/land?token=fd22248aca1b72734b39d2d654d1b8b8","imageurl":"/mcm/images/land/2B/29416_26e34261cb7b.jpg","landname":"27"},{"id":281474992111644,"level":3,"status":1,"posx":29,"posy":10,"cityid":235,"townid":545,"tokenid":"dc7490cb61ca5525ae44785c97166e97","tokenurl":"/mcm/api/land?token=dc7490cb61ca5525ae44785c97166e97","imageurl":"/mcm/images/land/2B/29417_167f399d6814.jpg","landname":"28"},{"id":281474992111645,"level":3,"status":1,"posx":32,"posy":10,"cityid":235,"townid":545,"tokenid":"dd6996a717461eba97f119a604196750","tokenurl":"/mcm/api/land?token=dd6996a717461eba97f119a604196750","imageurl":"/mcm/images/land/2B/29418_321ef23e5ad.jpg","landname":"29"},{"id":281474992111646,"level":2,"status":1,"posx":33,"posy":10,"cityid":235,"townid":545,"tokenid":"651d261e6e07fc3ea6ec9e1260038ed8","tokenurl":"/mcm/api/land?token=651d261e6e07fc3ea6ec9e1260038ed8","imageurl":"/mcm/images/land/2A/17652_1cf5f53b3b4e.jpg","landname":"30"},{"id":281474992111647,"level":3,"status":0,"posx":6,"posy":11,"cityid":235,"townid":545,"tokenid":"20040c215057ce23c06e1816cd1c3fb3","tokenurl":"/mcm/api/land?token=20040c215057ce23c06e1816cd1c3fb3","imageurl":"/mcm/images/land/2B/29419_33dbab43a6a6.jpg","landname":"31"},{"id":281474992111648,"level":2,"status":0,"posx":7,"posy":11,"cityid":235,"townid":545,"tokenid":"a79d4caef03a7304e1a658b7edd77c8f","tokenurl":"/mcm/api/land?token=a79d4caef03a7304e1a658b7edd77c8f","imageurl":"/mcm/images/land/2A/17653_2ddb7535ad0.jpg","landname":"32"},{"id":281474992111649,"level":3,"status":1,"posx":9,"posy":11,"cityid":235,"townid":545,"tokenid":"42e6889066d6c8deddce46a20c42f8ef","tokenurl":"/mcm/api/land?token=42e6889066d6c8deddce46a20c42f8ef","imageurl":"/mcm/images/land/2B/29420_2b001b7a5629.jpg","landname":"33"},{"id":281474992111650,"level":3,"status":0,"posx":10,"posy":11,"cityid":235,"townid":545,"tokenid":"f3ad46b7e06e82407970942d7f4da581","tokenurl":"/mcm/api/land?token=f3ad46b7e06e82407970942d7f4da581","imageurl":"/mcm/images/land/2B/29421_56e992183ff7.jpg","landname":"34"},{"id":281474992111651,"level":3,"status":1,"posx":11,"posy":11,"cityid":235,"townid":545,"tokenid":"e3a6ab12d251d5ecd10b33a66a1e4415","tokenurl":"/mcm/api/land?token=e3a6ab12d251d5ecd10b33a66a1e4415","imageurl":"/mcm/images/land/2B/29422_636505c8eb7.jpg","landname":"35"},{"id":281474992111652,"level":1,"status":1,"posx":12,"posy":11,"cityid":235,"townid":545,"tokenid":"7610b059d223a5fb7d08cd07dd74846b","tokenurl":"/mcm/api/land?token=7610b059d223a5fb7d08cd07dd74846b","imageurl":"/mcm/images/land/2S/11764_50fc7e8bd13c.jpg","landname":"36"},{"id":281474992111653,"level":2,"status":0,"posx":13,"posy":11,"cityid":235,"townid":545,"tokenid":"9cc1bc6479c6817b8842a886b0286a56","tokenurl":"/mcm/api/land?token=9cc1bc6479c6817b8842a886b0286a56","imageurl":"/mcm/images/land/2A/17654_41443610bd63.jpg","landname":"37"},{"id":281474992111654,"level":3,"status":0,"posx":32,"posy":11,"cityid":235,"townid":545,"tokenid":"3e3db207a32d9dd7df36ba2894199bc4","tokenurl":"/mcm/api/land?token=3e3db207a32d9dd7df36ba2894199bc4","imageurl":"/mcm/images/land/2B/29423_27a49ec1d17f.jpg","landname":"38"},{"id":281474992111655,"level":2,"status":1,"posx":33,"posy":11,"cityid":235,"townid":545,"tokenid":"758823d407c975fe1d7c3251698107c0","tokenurl":"/mcm/api/land?token=758823d407c975fe1d7c3251698107c0","imageurl":"/mcm/images/land/2A/17655_37c1ab9975fe.jpg","landname":"39"},{"id":281474992111656,"level":2,"status":1,"posx":6,"posy":12,"cityid":235,"townid":545,"tokenid":"6b7e274fd6149fcd97ffdda556f74b0b","tokenurl":"/mcm/api/land?token=6b7e274fd6149fcd97ffdda556f74b0b","imageurl":"/mcm/images/land/2A/17656_56dc80580822.jpg","landname":"40"},{"id":281474992111657,"level":3,"status":0,"posx":7,"posy":12,"cityid":235,"townid":545,"tokenid":"8b1dad446c5637ac739e3f14d8e3bd91","tokenurl":"/mcm/api/land?token=8b1dad446c5637ac739e3f14d8e3bd91","imageurl":"/mcm/images/land/2B/29424_21e4867d0869.jpg","landname":"41"},{"id":281474992111658,"level":3,"status":0,"posx":9,"posy":12,"cityid":235,"townid":545,"tokenid":"d310f8370df04cb28751b406ab256193","tokenurl":"/mcm/api/land?token=d310f8370df04cb28751b406ab256193","imageurl":"/mcm/images/land/2B/29425_16d0df210b97.jpg","landname":"42"},{"id":281474992111659,"level":2,"status":0,"posx":10,"posy":12,"cityid":235,"townid":545,"tokenid":"78669c72318adb6f46941e0298c1612a","tokenurl":"/mcm/api/land?token=78669c72318adb6f46941e0298c1612a","imageurl":"/mcm/images/land/2A/17657_c1791b06dfe.jpg","landname":"43"},{"id":281474992111660,"level":2,"status":0,"posx":11,"posy":12,"cityid":235,"townid":545,"tokenid":"5cab0b09eccfd8002f6f9ef682bdd5f5","tokenurl":"/mcm/api/land?token=5cab0b09eccfd8002f6f9ef682bdd5f5","imageurl":"/mcm/images/land/2A/17658_24227374e6c4.jpg","landname":"44"},{"id":281474992111661,"level":2,"status":1,"posx":12,"posy":12,"cityid":235,"townid":545,"tokenid":"1f6a78f9f16c40eb5bd0c67cd59a7fb0","tokenurl":"/mcm/api/land?token=1f6a78f9f16c40eb5bd0c67cd59a7fb0","imageurl":"/mcm/images/land/2A/17659_5abeb1a8d666.jpg","landname":"45"},{"id":281474992111662,"level":2,"status":1,"posx":13,"posy":12,"cityid":235,"townid":545,"tokenid":"4c4a1b770482c32a1a02cfea9733aaa2","tokenurl":"/mcm/api/land?token=4c4a1b770482c32a1a02cfea9733aaa2","imageurl":"/mcm/images/land/2A/17660_c7d4f4e746d.jpg","landname":"46"},{"id":281474992111663,"level":3,"status":1,"posx":6,"posy":13,"cityid":235,"townid":545,"tokenid":"abb03696a00036bbb1716cd93a965d8d","tokenurl":"/mcm/api/land?token=abb03696a00036bbb1716cd93a965d8d","imageurl":"/mcm/images/land/2B/29426_1c142b0706db.jpg","landname":"47"},{"id":281474992111664,"level":1,"status":0,"posx":7,"posy":13,"cityid":235,"townid":545,"tokenid":"ba790b97026704ce43ad42d325e76ef3","tokenurl":"/mcm/api/land?token=ba790b97026704ce43ad42d325e76ef3","imageurl":"/mcm/images/land/2S/11765_1c425465d951.jpg","landname":"48"},{"id":281474992111665,"level":2,"status":1,"posx":6,"posy":14,"cityid":235,"townid":545,"tokenid":"a4fda2e6e1b95469fcc6e08bf37a7fc2","tokenurl":"/mcm/api/land?token=a4fda2e6e1b95469fcc6e08bf37a7fc2","imageurl":"/mcm/images/land/2A/17661_488de60a7d41.jpg","landname":"49"},{"id":281474992111666,"level":3,"status":1,"posx":7,"posy":14,"cityid":235,"townid":545,"tokenid":"df8d9285222f8483d6f6292862356f44","tokenurl":"/mcm/api/land?token=df8d9285222f8483d6f6292862356f44","imageurl":"/mcm/images/land/2B/29427_16f16d429a01.jpg","landname":"50"},{"id":281474992111667,"level":3,"status":1,"posx":10,"posy":15,"cityid":235,"townid":545,"tokenid":"f4c9b3b51e5295fdf5e83d3b5b137f3e","tokenurl":"/mcm/api/land?token=f4c9b3b51e5295fdf5e83d3b5b137f3e","imageurl":"/mcm/images/land/2B/29428_4d923cf4f730.jpg","landname":"51"},{"id":281474992111668,"level":3,"status":0,"posx":11,"posy":15,"cityid":235,"townid":545,"tokenid":"ddc27dce009699d0797c4646e4513ff4","tokenurl":"/mcm/api/land?token=ddc27dce009699d0797c4646e4513ff4","imageurl":"/mcm/images/land/2B/29429_32ac6fdbf155.jpg","landname":"52"},{"id":281474992111669,"level":1,"status":1,"posx":12,"posy":15,"cityid":235,"townid":545,"tokenid":"c463aaa54031281af88c6de990c3cb85","tokenurl":"/mcm/api/land?token=c463aaa54031281af88c6de990c3cb85","imageurl":"/mcm/images/land/2S/11766_36a702ef844d.jpg","landname":"53"},{"id":281474992111670,"level":3,"status":0,"posx":13,"posy":15,"cityid":235,"townid":545,"tokenid":"f768d1dd1acdb5e8b794d7283aebb626","tokenurl":"/mcm/api/land?token=f768d1dd1acdb5e8b794d7283aebb626","imageurl":"/mcm/images/land/2B/29430_4ef8d9f3d8e5.jpg","landname":"54"},{"id":281474992111671,"level":2,"status":1,"posx":14,"posy":15,"cityid":235,"townid":545,"tokenid":"213dcccb2badaecb806b3fe1c4b072c5","tokenurl":"/mcm/api/land?token=213dcccb2badaecb806b3fe1c4b072c5","imageurl":"/mcm/images/land/2A/17662_177e9ff13b85.jpg","landname":"55"},{"id":281474992111672,"level":1,"status":1,"posx":10,"posy":16,"cityid":235,"townid":545,"tokenid":"ae8514ffcfca09b357fc846020cd598e","tokenurl":"/mcm/api/land?token=ae8514ffcfca09b357fc846020cd598e","imageurl":"/mcm/images/land/2S/11767_1f5dfd7432cc.jpg","landname":"56"},{"id":281474992111673,"level":3,"status":1,"posx":11,"posy":16,"cityid":235,"townid":545,"tokenid":"90fec29af11acc4402c288a5f086efdb","tokenurl":"/mcm/api/land?token=90fec29af11acc4402c288a5f086efdb","imageurl":"/mcm/images/land/2B/29431_98d21b4710d.jpg","landname":"57"},{"id":281474992111674,"level":2,"status":0,"posx":12,"posy":16,"cityid":235,"townid":545,"tokenid":"64ef74fc6404f6a24efcb1d71a380e24","tokenurl":"/mcm/api/land?token=64ef74fc6404f6a24efcb1d71a380e24","imageurl":"/mcm/images/land/2A/17663_256b26ed4d51.jpg","landname":"58"},{"id":281474992111675,"level":3,"status":1,"posx":13,"posy":16,"cityid":235,"townid":545,"tokenid":"376b50ace23d4ca38a2df744575e9a3c","tokenurl":"/mcm/api/land?token=376b50ace23d4ca38a2df744575e9a3c","imageurl":"/mcm/images/land/2B/29432_476a2c4b8f16.jpg","landname":"59"},{"id":281474992111676,"level":3,"status":0,"posx":14,"posy":16,"cityid":235,"townid":545,"tokenid":"1a7245c9a63914f9d92cff64ba09b883","tokenurl":"/mcm/api/land?token=1a7245c9a63914f9d92cff64ba09b883","imageurl":"/mcm/images/land/2B/29433_53f6e1f05b97.jpg","landname":"60"},{"id":281474992111677,"level":2,"status":1,"posx":5,"posy":17,"cityid":235,"townid":545,"tokenid":"b11e8dabc4e5449997d0cba74b68a6cd","tokenurl":"/mcm/api/land?token=b11e8dabc4e5449997d0cba74b68a6cd","imageurl":"/mcm/images/land/2A/17664_f62ea762456.jpg","landname":"61"},{"id":281474992111678,"level":2,"status":1,"posx":6,"posy":17,"cityid":235,"townid":545,"tokenid":"388a20593d064755111c53b4068b8c76","tokenurl":"/mcm/api/land?token=388a20593d064755111c53b4068b8c76","imageurl":"/mcm/images/land/2A/17665_14fe21b9f1f1.jpg","landname":"62"},{"id":281474992111679,"level":3,"status":0,"posx":7,"posy":17,"cityid":235,"townid":545,"tokenid":"8ea907b122f9f7485459744501daa120","tokenurl":"/mcm/api/land?token=8ea907b122f9f7485459744501daa120","imageurl":"/mcm/images/land/2B/29434_1734233aa566.jpg","landname":"63"},{"id":281474992111680,"level":2,"status":1,"posx":8,"posy":17,"cityid":235,"townid":545,"tokenid":"5428493e6608f13288033a060ee57579","tokenurl":"/mcm/api/land?token=5428493e6608f13288033a060ee57579","imageurl":"/mcm/images/land/2A/17666_15d36963e784.jpg","landname":"64"},{"id":281474992111681,"level":3,"status":1,"posx":9,"posy":17,"cityid":235,"townid":545,"tokenid":"a7ff60097dc864fed6265584f6967850","tokenurl":"/mcm/api/land?token=a7ff60097dc864fed6265584f6967850","imageurl":"/mcm/images/land/2B/29435_4d56025f8d41.jpg","landname":"65"},{"id":281474992111682,"level":3,"status":0,"posx":5,"posy":18,"cityid":235,"townid":545,"tokenid":"1ccd09adade632dec798174c173bf3aa","tokenurl":"/mcm/api/land?token=1ccd09adade632dec798174c173bf3aa","imageurl":"/mcm/images/land/2B/29436_ea77bb7c4f1.jpg","landname":"66"},{"id":281474992111683,"level":3,"status":1,"posx":6,"posy":18,"cityid":235,"townid":545,"tokenid":"d101e2ef0f149a0b43c93a4dd0086554","tokenurl":"/mcm/api/land?token=d101e2ef0f149a0b43c93a4dd0086554","imageurl":"/mcm/images/land/2B/29437_145124af16b8.jpg","landname":"67"},{"id":281474992111684,"level":1,"status":0,"posx":7,"posy":18,"cityid":235,"townid":545,"tokenid":"41dbf45d8d9d1c1b425736a7a0c9a9d6","tokenurl":"/mcm/api/land?token=41dbf45d8d9d1c1b425736a7a0c9a9d6","imageurl":"/mcm/images/land/2S/11768_38aff9472040.jpg","landname":"68"},{"id":281474992111685,"level":2,"status":0,"posx":8,"posy":18,"cityid":235,"townid":545,"tokenid":"8ff2fadf1fa1f00a0b02b61feafa9ede","tokenurl":"/mcm/api/land?token=8ff2fadf1fa1f00a0b02b61feafa9ede","imageurl":"/mcm/images/land/2A/17667_22d42f9b9a07.jpg","landname":"69"},{"id":281474992111686,"level":3,"status":1,"posx":9,"posy":18,"cityid":235,"townid":545,"tokenid":"e80370e6803f3565d45e30332e1844e9","tokenurl":"/mcm/api/land?token=e80370e6803f3565d45e30332e1844e9","imageurl":"/mcm/images/land/2B/29438_97fdf87f3ba.jpg","landname":"70"},{"id":281474992111687,"level":2,"status":0,"posx":28,"posy":20,"cityid":235,"townid":545,"tokenid":"9c79ff5483de4987ee6eda5fcd8c0f59","tokenurl":"/mcm/api/land?token=9c79ff5483de4987ee6eda5fcd8c0f59","imageurl":"/mcm/images/land/2A/17668_3fe82730e8ec.jpg","landname":"71"},{"id":281474992111688,"level":3,"status":0,"posx":29,"posy":20,"cityid":235,"townid":545,"tokenid":"1ee8bd67de08247c56c48930bbc8a9dc","tokenurl":"/mcm/api/land?token=1ee8bd67de08247c56c48930bbc8a9dc","imageurl":"/mcm/images/land/2B/29439_516878e96cf9.jpg","landname":"72"},{"id":281474992111689,"level":1,"status":0,"posx":32,"posy":20,"cityid":235,"townid":545,"tokenid":"404c0d78ff1730460ac71cb1912dfb7d","tokenurl":"/mcm/api/land?token=404c0d78ff1730460ac71cb1912dfb7d","imageurl":"/mcm/images/land/2S/11769_41570b3424f7.jpg","landname":"73"},{"id":281474992111690,"level":1,"status":0,"posx":33,"posy":20,"cityid":235,"townid":545,"tokenid":"190a2be65008def6ee33de320f552411","tokenurl":"/mcm/api/land?token=190a2be65008def6ee33de320f552411","imageurl":"/mcm/images/land/2S/11770_269ccbbd826.jpg","landname":"74"},{"id":281474992111691,"level":3,"status":0,"posx":28,"posy":21,"cityid":235,"townid":545,"tokenid":"87b11fff63817b44ffab81c7d41a87e3","tokenurl":"/mcm/api/land?token=87b11fff63817b44ffab81c7d41a87e3","imageurl":"/mcm/images/land/2B/29440_ae06788b145.jpg","landname":"75"},{"id":281474992111692,"level":3,"status":1,"posx":29,"posy":21,"cityid":235,"townid":545,"tokenid":"37102c7bc093deaf18938e43d190011e","tokenurl":"/mcm/api/land?token=37102c7bc093deaf18938e43d190011e","imageurl":"/mcm/images/land/2B/29441_204ebbff2db7.jpg","landname":"76"},{"id":281474992111693,"level":3,"status":0,"posx":32,"posy":21,"cityid":235,"townid":545,"tokenid":"788ee6d00c50097304cd3da6c580f25c","tokenurl":"/mcm/api/land?token=788ee6d00c50097304cd3da6c580f25c","imageurl":"/mcm/images/land/2B/29442_29745af688a3.jpg","landname":"77"},{"id":281474992111694,"level":3,"status":0,"posx":33,"posy":21,"cityid":235,"townid":545,"tokenid":"eecada5ef3e236fa81aac24a870a110c","tokenurl":"/mcm/api/land?token=eecada5ef3e236fa81aac24a870a110c","imageurl":"/mcm/images/land/2B/29443_52e07f707237.jpg","landname":"78"},{"id":281474992111695,"level":3,"status":0,"posx":28,"posy":22,"cityid":235,"townid":545,"tokenid":"d06c94cb43f45882493bbb912902c1d7","tokenurl":"/mcm/api/land?token=d06c94cb43f45882493bbb912902c1d7","imageurl":"/mcm/images/land/2B/29444_3b6520fe5fb8.jpg","landname":"79"},{"id":281474992111696,"level":3,"status":0,"posx":29,"posy":22,"cityid":235,"townid":545,"tokenid":"225f405c3758596e38550cbb0dc6f318","tokenurl":"/mcm/api/land?token=225f405c3758596e38550cbb0dc6f318","imageurl":"/mcm/images/land/2B/29445_256598eac8fc.jpg","landname":"80"},{"id":281474992111697,"level":1,"status":0,"posx":32,"posy":22,"cityid":235,"townid":545,"tokenid":"b41ae77669db521cef0df35902a63a8f","tokenurl":"/mcm/api/land?token=b41ae77669db521cef0df35902a63a8f","imageurl":"/mcm/images/land/2S/11771_3b117462457c.jpg","landname":"81"},{"id":281474992111698,"level":1,"status":1,"posx":33,"posy":22,"cityid":235,"townid":545,"tokenid":"3e50d8adc9ceb783b67e678673d9956f","tokenurl":"/mcm/api/land?token=3e50d8adc9ceb783b67e678673d9956f","imageurl":"/mcm/images/land/2S/11772_555f14fab244.jpg","landname":"82"},{"id":281474992111699,"level":3,"status":1,"posx":15,"posy":23,"cityid":235,"townid":545,"tokenid":"e68861260f6c18901786217bc2e2c269","tokenurl":"/mcm/api/land?token=e68861260f6c18901786217bc2e2c269","imageurl":"/mcm/images/land/2B/29446_ebb77003166.jpg","landname":"83"},{"id":281474992111700,"level":3,"status":1,"posx":16,"posy":23,"cityid":235,"townid":545,"tokenid":"b12efd143f066709eac485aefd14fc26","tokenurl":"/mcm/api/land?token=b12efd143f066709eac485aefd14fc26","imageurl":"/mcm/images/land/2B/29447_3d2ba4f51fd6.jpg","landname":"84"},{"id":281474992111701,"level":2,"status":0,"posx":17,"posy":23,"cityid":235,"townid":545,"tokenid":"ae64b0e04e4ec1249e66b5cc94cd605f","tokenurl":"/mcm/api/land?token=ae64b0e04e4ec1249e66b5cc94cd605f","imageurl":"/mcm/images/land/2A/17669_4c5a65ad8980.jpg","landname":"85"},{"id":281474992111702,"level":3,"status":0,"posx":18,"posy":23,"cityid":235,"townid":545,"tokenid":"304bc0e6366ccd5e8abd7a7e4986041c","tokenurl":"/mcm/api/land?token=304bc0e6366ccd5e8abd7a7e4986041c","imageurl":"/mcm/images/land/2B/29448_2b4446351da2.jpg","landname":"86"},{"id":281474992111703,"level":2,"status":1,"posx":19,"posy":23,"cityid":235,"townid":545,"tokenid":"fe9c5f84b21184890fc789c22d74a0ad","tokenurl":"/mcm/api/land?token=fe9c5f84b21184890fc789c22d74a0ad","imageurl":"/mcm/images/land/2A/17670_1989e221de1.jpg","landname":"87"},{"id":281474992111704,"level":1,"status":1,"posx":28,"posy":23,"cityid":235,"townid":545,"tokenid":"6996c453906c5d950561d5cb29aebc9e","tokenurl":"/mcm/api/land?token=6996c453906c5d950561d5cb29aebc9e","imageurl":"/mcm/images/land/2S/11773_41cab3f768e2.jpg","landname":"88"},{"id":281474992111705,"level":3,"status":1,"posx":29,"posy":23,"cityid":235,"townid":545,"tokenid":"ff90d382431eecdcb47aa6bb977bbef7","tokenurl":"/mcm/api/land?token=ff90d382431eecdcb47aa6bb977bbef7","imageurl":"/mcm/images/land/2B/29449_519b0d876821.jpg","landname":"89"},{"id":281474992111706,"level":3,"status":0,"posx":32,"posy":23,"cityid":235,"townid":545,"tokenid":"01a66f06b4a588b037a3587544c5575b","tokenurl":"/mcm/api/land?token=01a66f06b4a588b037a3587544c5575b","imageurl":"/mcm/images/land/2B/29450_55275ad715be.jpg","landname":"90"},{"id":281474992111707,"level":3,"status":1,"posx":33,"posy":23,"cityid":235,"townid":545,"tokenid":"30b084da9af927bd7ec3d9ca49f51291","tokenurl":"/mcm/api/land?token=30b084da9af927bd7ec3d9ca49f51291","imageurl":"/mcm/images/land/2B/29451_a4b864abd5f.jpg","landname":"91"},{"id":281474992111708,"level":2,"status":1,"posx":15,"posy":24,"cityid":235,"townid":545,"tokenid":"52c91c95ad1c084b39d1d2f6ba0893fd","tokenurl":"/mcm/api/land?token=52c91c95ad1c084b39d1d2f6ba0893fd","imageurl":"/mcm/images/land/2A/17671_32049b493032.jpg","landname":"92"},{"id":281474992111709,"level":3,"status":1,"posx":16,"posy":24,"cityid":235,"townid":545,"tokenid":"ff758fa6f2d427f8165589d659787b96","tokenurl":"/mcm/api/land?token=ff758fa6f2d427f8165589d659787b96","imageurl":"/mcm/images/land/2B/29452_3447d789f6cb.jpg","landname":"93"},{"id":281474992111710,"level":1,"status":0,"posx":17,"posy":24,"cityid":235,"townid":545,"tokenid":"3715e4485b99c74529f2a78428c7ef4c","tokenurl":"/mcm/api/land?token=3715e4485b99c74529f2a78428c7ef4c","imageurl":"/mcm/images/land/2S/11774_98c0f4644ac.jpg","landname":"94"},{"id":281474992111711,"level":1,"status":0,"posx":18,"posy":24,"cityid":235,"townid":545,"tokenid":"3c398036cd248152345a7cec0cbaab1c","tokenurl":"/mcm/api/land?token=3c398036cd248152345a7cec0cbaab1c","imageurl":"/mcm/images/land/2S/11775_3ed06ab8a222.jpg","landname":"95"},{"id":281474992111712,"level":1,"status":1,"posx":19,"posy":24,"cityid":235,"townid":545,"tokenid":"498125a571c2e63fc87c078dbc83cf33","tokenurl":"/mcm/api/land?token=498125a571c2e63fc87c078dbc83cf33","imageurl":"/mcm/images/land/2S/11776_54e44054eb81.jpg","landname":"96"},{"id":281474992111713,"level":1,"status":0,"posx":28,"posy":24,"cityid":235,"townid":545,"tokenid":"4cd84db530957b0c05901524e0b527ce","tokenurl":"/mcm/api/land?token=4cd84db530957b0c05901524e0b527ce","imageurl":"/mcm/images/land/2S/11777_4f47b1527652.jpg","landname":"97"},{"id":281474992111714,"level":2,"status":0,"posx":29,"posy":24,"cityid":235,"townid":545,"tokenid":"32c261fc480a0dbe6502352c56de3abf","tokenurl":"/mcm/api/land?token=32c261fc480a0dbe6502352c56de3abf","imageurl":"/mcm/images/land/2A/17672_51a9a803a5ba.jpg","landname":"98"},{"id":281474992111715,"level":3,"status":0,"posx":32,"posy":24,"cityid":235,"townid":545,"tokenid":"e089a0e19b3b1512ee6246c09cb9e772","tokenurl":"/mcm/api/land?token=e089a0e19b3b1512ee6246c09cb9e772","imageurl":"/mcm/images/land/2B/29453_5509bdc7593.jpg","landname":"99"},{"id":281474992111716,"level":3,"status":1,"posx":33,"posy":24,"cityid":235,"townid":545,"tokenid":"026770e1b26565f76ac647a48fc49d55","tokenurl":"/mcm/api/land?token=026770e1b26565f76ac647a48fc49d55","imageurl":"/mcm/images/land/2B/29454_115ae1ca8546.jpg","landname":"100"},{"id":281474992111717,"level":1,"status":1,"posx":6,"posy":25,"cityid":235,"townid":545,"tokenid":"841dbcf8a121e423342605c4462c169b","tokenurl":"/mcm/api/land?token=841dbcf8a121e423342605c4462c169b","imageurl":"/mcm/images/land/2S/11778_de3fb8af36a.jpg","landname":"101"},{"id":281474992111718,"level":3,"status":0,"posx":7,"posy":25,"cityid":235,"townid":545,"tokenid":"ad27b97ba5c3236cf8e4293bf8b6e4cf","tokenurl":"/mcm/api/land?token=ad27b97ba5c3236cf8e4293bf8b6e4cf","imageurl":"/mcm/images/land/2B/29455_1fc3b6062c42.jpg","landname":"102"},{"id":281474992111719,"level":2,"status":1,"posx":6,"posy":26,"cityid":235,"townid":545,"tokenid":"b0e7688d0e84bf4827e1f558941ad746","tokenurl":"/mcm/api/land?token=b0e7688d0e84bf4827e1f558941ad746","imageurl":"/mcm/images/land/2A/17673_2efd8f14a4b3.jpg","landname":"103"},{"id":281474992111720,"level":2,"status":1,"posx":7,"posy":26,"cityid":235,"townid":545,"tokenid":"4972ee5c74480e9275cb8c4c18a722f7","tokenurl":"/mcm/api/land?token=4972ee5c74480e9275cb8c4c18a722f7","imageurl":"/mcm/images/land/2A/17674_1820ae6a2640.jpg","landname":"104"},{"id":281474992111721,"level":2,"status":1,"posx":21,"posy":26,"cityid":235,"townid":545,"tokenid":"37fff9f60a04c21b381f390ff8aeaa60","tokenurl":"/mcm/api/land?token=37fff9f60a04c21b381f390ff8aeaa60","imageurl":"/mcm/images/land/2A/17675_127eb257f705.jpg","landname":"105"},{"id":281474992111722,"level":2,"status":0,"posx":22,"posy":26,"cityid":235,"townid":545,"tokenid":"ca2d59d5f373d5ca86d62190a507a5e2","tokenurl":"/mcm/api/land?token=ca2d59d5f373d5ca86d62190a507a5e2","imageurl":"/mcm/images/land/2A/17676_555fc4f3bc2e.jpg","landname":"106"},{"id":281474992111723,"level":3,"status":1,"posx":24,"posy":26,"cityid":235,"townid":545,"tokenid":"4c2e2d2b582536796f9bf18da8bfa6b1","tokenurl":"/mcm/api/land?token=4c2e2d2b582536796f9bf18da8bfa6b1","imageurl":"/mcm/images/land/2B/29456_3b74b47fc0aa.jpg","landname":"107"},{"id":281474992111724,"level":3,"status":1,"posx":25,"posy":26,"cityid":235,"townid":545,"tokenid":"cd2cbd595ed6a90ea6c0bbc4dd9e3ebe","tokenurl":"/mcm/api/land?token=cd2cbd595ed6a90ea6c0bbc4dd9e3ebe","imageurl":"/mcm/images/land/2B/29457_4f52b19b58d4.jpg","landname":"108"},{"id":281474992111725,"level":1,"status":0,"posx":28,"posy":26,"cityid":235,"townid":545,"tokenid":"728bfb91db7014803471fa79eb60f140","tokenurl":"/mcm/api/land?token=728bfb91db7014803471fa79eb60f140","imageurl":"/mcm/images/land/2S/11779_29cd6eeefd16.jpg","landname":"109"},{"id":281474992111726,"level":2,"status":0,"posx":29,"posy":26,"cityid":235,"townid":545,"tokenid":"b20823ceb333e81cc3b1f33d83dbbf58","tokenurl":"/mcm/api/land?token=b20823ceb333e81cc3b1f33d83dbbf58","imageurl":"/mcm/images/land/2A/17677_1cf0d0275111.jpg","landname":"110"},{"id":281474992111727,"level":3,"status":0,"posx":32,"posy":26,"cityid":235,"townid":545,"tokenid":"879ec5ee6906c96603f9ff8449ddf8ec","tokenurl":"/mcm/api/land?token=879ec5ee6906c96603f9ff8449ddf8ec","imageurl":"/mcm/images/land/2B/29458_142959536a82.jpg","landname":"111"},{"id":281474992111728,"level":1,"status":0,"posx":33,"posy":26,"cityid":235,"townid":545,"tokenid":"b8496ab7fbfcf0e7a9559f08f2c90c41","tokenurl":"/mcm/api/land?token=b8496ab7fbfcf0e7a9559f08f2c90c41","imageurl":"/mcm/images/land/2S/11780_451a838f6ff1.jpg","landname":"112"},{"id":281474992111729,"level":3,"status":0,"posx":6,"posy":27,"cityid":235,"townid":545,"tokenid":"97df9b90588fcfc8a58ad2e5c244f104","tokenurl":"/mcm/api/land?token=97df9b90588fcfc8a58ad2e5c244f104","imageurl":"/mcm/images/land/2B/29459_29c5ca46fa13.jpg","landname":"113"},{"id":281474992111730,"level":3,"status":1,"posx":7,"posy":27,"cityid":235,"townid":545,"tokenid":"8724eb8ee2bda1afd5cff9be3bd46f3d","tokenurl":"/mcm/api/land?token=8724eb8ee2bda1afd5cff9be3bd46f3d","imageurl":"/mcm/images/land/2B/29460_28ee66a06122.jpg","landname":"114"},{"id":281474992111731,"level":3,"status":1,"posx":21,"posy":27,"cityid":235,"townid":545,"tokenid":"6c23129a4f4356af5aafae33e2c48a24","tokenurl":"/mcm/api/land?token=6c23129a4f4356af5aafae33e2c48a24","imageurl":"/mcm/images/land/2B/29461_956ff3e5c69.jpg","landname":"115"},{"id":281474992111732,"level":2,"status":0,"posx":22,"posy":27,"cityid":235,"townid":545,"tokenid":"4f5b117af93450489878a60a438671fc","tokenurl":"/mcm/api/land?token=4f5b117af93450489878a60a438671fc","imageurl":"/mcm/images/land/2A/17678_59330398b6a2.jpg","landname":"116"},{"id":281474992111733,"level":3,"status":1,"posx":24,"posy":27,"cityid":235,"townid":545,"tokenid":"9fe3c76019d0c2a6e3ec9375bdc35305","tokenurl":"/mcm/api/land?token=9fe3c76019d0c2a6e3ec9375bdc35305","imageurl":"/mcm/images/land/2B/29462_3469707f8eb0.jpg","landname":"117"},{"id":281474992111734,"level":1,"status":0,"posx":25,"posy":27,"cityid":235,"townid":545,"tokenid":"b25655fbdc39d86331e15ee0bea1f754","tokenurl":"/mcm/api/land?token=b25655fbdc39d86331e15ee0bea1f754","imageurl":"/mcm/images/land/2S/11781_2543b92dc706.jpg","landname":"118"},{"id":281474992111735,"level":3,"status":0,"posx":28,"posy":27,"cityid":235,"townid":545,"tokenid":"e693b8b37229666fecb28dbf4273fa1e","tokenurl":"/mcm/api/land?token=e693b8b37229666fecb28dbf4273fa1e","imageurl":"/mcm/images/land/2B/29463_567d25631874.jpg","landname":"119"},{"id":281474992111736,"level":1,"status":1,"posx":29,"posy":27,"cityid":235,"townid":545,"tokenid":"8f831403daaad42a7044f57d46ceed75","tokenurl":"/mcm/api/land?token=8f831403daaad42a7044f57d46ceed75","imageurl":"/mcm/images/land/2S/11782_2133e2d107f6.jpg","landname":"120"},{"id":281474992111737,"level":3,"status":1,"posx":32,"posy":27,"cityid":235,"townid":545,"tokenid":"7596be4b4b687828547844b4abbfb0cc","tokenurl":"/mcm/api/land?token=7596be4b4b687828547844b4abbfb0cc","imageurl":"/mcm/images/land/2B/29464_d0b3962ca7e.jpg","landname":"121"},{"id":281474992111738,"level":3,"status":1,"posx":33,"posy":27,"cityid":235,"townid":545,"tokenid":"f81eae7a26042b105f05c65819477dac","tokenurl":"/mcm/api/land?token=f81eae7a26042b105f05c65819477dac","imageurl":"/mcm/images/land/2B/29465_32ae64f93c42.jpg","landname":"122"},{"id":281474992111739,"level":1,"status":0,"posx":6,"posy":28,"cityid":235,"townid":545,"tokenid":"3b6c61f23238f387b7c6518cae96b49e","tokenurl":"/mcm/api/land?token=3b6c61f23238f387b7c6518cae96b49e","imageurl":"/mcm/images/land/2S/11783_3d5614461750.jpg","landname":"123"},{"id":281474992111740,"level":1,"status":1,"posx":7,"posy":28,"cityid":235,"townid":545,"tokenid":"0e3e81a9585b32da8dda80142b00ba41","tokenurl":"/mcm/api/land?token=0e3e81a9585b32da8dda80142b00ba41","imageurl":"/mcm/images/land/2S/11784_39c003244dc0.jpg","landname":"124"},{"id":281474992111741,"level":1,"status":1,"posx":21,"posy":28,"cityid":235,"townid":545,"tokenid":"902b810af49464f64a3182c1be57a2df","tokenurl":"/mcm/api/land?token=902b810af49464f64a3182c1be57a2df","imageurl":"/mcm/images/land/2S/11785_5904f3a52e2d.jpg","landname":"125"},{"id":281474992111742,"level":3,"status":0,"posx":22,"posy":28,"cityid":235,"townid":545,"tokenid":"219e5716e0235bd89b5933c0da43e19e","tokenurl":"/mcm/api/land?token=219e5716e0235bd89b5933c0da43e19e","imageurl":"/mcm/images/land/2B/29466_5724ba6c87d6.jpg","landname":"126"},{"id":281474992111743,"level":2,"status":1,"posx":24,"posy":28,"cityid":235,"townid":545,"tokenid":"fa57f000b3ce0f4249eb1935a5a8c83b","tokenurl":"/mcm/api/land?token=fa57f000b3ce0f4249eb1935a5a8c83b","imageurl":"/mcm/images/land/2A/17679_5506b179656e.jpg","landname":"127"},{"id":281474992111744,"level":1,"status":1,"posx":25,"posy":28,"cityid":235,"townid":545,"tokenid":"37cc1e6c206672724c0861280f9f748b","tokenurl":"/mcm/api/land?token=37cc1e6c206672724c0861280f9f748b","imageurl":"/mcm/images/land/2S/11786_4759b2634310.jpg","landname":"128"},{"id":281474992111745,"level":1,"status":1,"posx":28,"posy":28,"cityid":235,"townid":545,"tokenid":"a63050522223a878ee60aaf8d543f7a4","tokenurl":"/mcm/api/land?token=a63050522223a878ee60aaf8d543f7a4","imageurl":"/mcm/images/land/2S/11787_554618a67ae2.jpg","landname":"129"},{"id":281474992111746,"level":3,"status":0,"posx":29,"posy":28,"cityid":235,"townid":545,"tokenid":"a2b0680115ada341aad4d27d4cb32701","tokenurl":"/mcm/api/land?token=a2b0680115ada341aad4d27d4cb32701","imageurl":"/mcm/images/land/2B/29467_1be4e74a4795.jpg","landname":"130"},{"id":281474992111747,"level":2,"status":0,"posx":32,"posy":28,"cityid":235,"townid":545,"tokenid":"2a030e333716336196b0b49f733dec38","tokenurl":"/mcm/api/land?token=2a030e333716336196b0b49f733dec38","imageurl":"/mcm/images/land/2A/17680_369057993576.jpg","landname":"131"},{"id":281474992111748,"level":1,"status":1,"posx":33,"posy":28,"cityid":235,"townid":545,"tokenid":"ddc0362daf2cf3b313694b83cfa473f1","tokenurl":"/mcm/api/land?token=ddc0362daf2cf3b313694b83cfa473f1","imageurl":"/mcm/images/land/2S/11788_239a8305cc9c.jpg","landname":"132"},{"id":281474992111749,"level":3,"status":1,"posx":6,"posy":29,"cityid":235,"townid":545,"tokenid":"13d503358a948be927d2c09f0963295c","tokenurl":"/mcm/api/land?token=13d503358a948be927d2c09f0963295c","imageurl":"/mcm/images/land/2B/29468_2406f2c3a17d.jpg","landname":"133"},{"id":281474992111750,"level":1,"status":1,"posx":7,"posy":29,"cityid":235,"townid":545,"tokenid":"154695e1ffb4d43a7814a3fedb69b82b","tokenurl":"/mcm/api/land?token=154695e1ffb4d43a7814a3fedb69b82b","imageurl":"/mcm/images/land/2S/11789_dad9a72620d.jpg","landname":"134"},{"id":281474992111751,"level":3,"status":0,"posx":21,"posy":29,"cityid":235,"townid":545,"tokenid":"cba1d8cc9389e248f075fa2094d68bd5","tokenurl":"/mcm/api/land?token=cba1d8cc9389e248f075fa2094d68bd5","imageurl":"/mcm/images/land/2B/29469_203e904b2cc7.jpg","landname":"135"},{"id":281474992111752,"level":2,"status":0,"posx":22,"posy":29,"cityid":235,"townid":545,"tokenid":"30e3740aa38be6d11751ed1908eda2ed","tokenurl":"/mcm/api/land?token=30e3740aa38be6d11751ed1908eda2ed","imageurl":"/mcm/images/land/2A/17681_1f0e6d936263.jpg","landname":"136"},{"id":281474992111753,"level":1,"status":0,"posx":24,"posy":29,"cityid":235,"townid":545,"tokenid":"370b0d0e175e66c8338c3dc46d192a1d","tokenurl":"/mcm/api/land?token=370b0d0e175e66c8338c3dc46d192a1d","imageurl":"/mcm/images/land/2S/11790_212cf562de0d.jpg","landname":"137"},{"id":281474992111754,"level":3,"status":1,"posx":25,"posy":29,"cityid":235,"townid":545,"tokenid":"4ad7c2d53f53864ec743206ed032e0c2","tokenurl":"/mcm/api/land?token=4ad7c2d53f53864ec743206ed032e0c2","imageurl":"/mcm/images/land/2B/29470_38dee184217d.jpg","landname":"138"},{"id":281474992111755,"level":3,"status":1,"posx":28,"posy":29,"cityid":235,"townid":545,"tokenid":"54afaf936c9481e39ebef357dac3d6d2","tokenurl":"/mcm/api/land?token=54afaf936c9481e39ebef357dac3d6d2","imageurl":"/mcm/images/land/2B/29471_27bd8c19718b.jpg","landname":"139"},{"id":281474992111756,"level":3,"status":0,"posx":29,"posy":29,"cityid":235,"townid":545,"tokenid":"749eaf5f043816b88ca7a4c962da13b5","tokenurl":"/mcm/api/land?token=749eaf5f043816b88ca7a4c962da13b5","imageurl":"/mcm/images/land/2B/29472_177bac936eaa.jpg","landname":"140"},{"id":281474992111757,"level":3,"status":0,"posx":32,"posy":29,"cityid":235,"townid":545,"tokenid":"bf7113890430fa3788ff259945085af4","tokenurl":"/mcm/api/land?token=bf7113890430fa3788ff259945085af4","imageurl":"/mcm/images/land/2B/29473_5a0dc9eb5073.jpg","landname":"141"},{"id":281474992111758,"level":1,"status":0,"posx":33,"posy":29,"cityid":235,"townid":545,"tokenid":"624e10a78ab8e65486fea58f455cc114","tokenurl":"/mcm/api/land?token=624e10a78ab8e65486fea58f455cc114","imageurl":"/mcm/images/land/2S/11791_255b51be8437.jpg","landname":"142"},{"id":281474992111759,"level":2,"status":1,"posx":21,"posy":30,"cityid":235,"townid":545,"tokenid":"3cf9868c9008791c5317307f0b10a902","tokenurl":"/mcm/api/land?token=3cf9868c9008791c5317307f0b10a902","imageurl":"/mcm/images/land/2A/17682_30d46f817516.jpg","landname":"143"},{"id":281474992111760,"level":2,"status":0,"posx":22,"posy":30,"cityid":235,"townid":545,"tokenid":"31cd1ffdbe1049a19fb498de31f4c5c8","tokenurl":"/mcm/api/land?token=31cd1ffdbe1049a19fb498de31f4c5c8","imageurl":"/mcm/images/land/2A/17683_24e2ddd70997.jpg","landname":"144"},{"id":281474992111761,"level":3,"status":1,"posx":24,"posy":30,"cityid":235,"townid":545,"tokenid":"d066c2c401b8b5bf44e384153ad58475","tokenurl":"/mcm/api/land?token=d066c2c401b8b5bf44e384153ad58475","imageurl":"/mcm/images/land/2B/29474_1cc57df4a64d.jpg","landname":"145"},{"id":281474992111762,"level":3,"status":0,"posx":25,"posy":30,"cityid":235,"townid":545,"tokenid":"d34f49d7385d46bd6427adbb14d73a81","tokenurl":"/mcm/api/land?token=d34f49d7385d46bd6427adbb14d73a81","imageurl":"/mcm/images/land/2B/29475_497d6a5ff580.jpg","landname":"146"},{"id":281474992111763,"level":3,"status":0,"posx":28,"posy":30,"cityid":235,"townid":545,"tokenid":"e78f0011cd222cbf88bd8b52c62c73d9","tokenurl":"/mcm/api/land?token=e78f0011cd222cbf88bd8b52c62c73d9","imageurl":"/mcm/images/land/2B/29476_3af41dd2dd6f.jpg","landname":"147"},{"id":281474992111764,"level":2,"status":0,"posx":29,"posy":30,"cityid":235,"townid":545,"tokenid":"719db005708de7ee8c49414ddd9cc4ed","tokenurl":"/mcm/api/land?token=719db005708de7ee8c49414ddd9cc4ed","imageurl":"/mcm/images/land/2A/17684_57b63d656343.jpg","landname":"148"},{"id":281474992111765,"level":2,"status":1,"posx":32,"posy":30,"cityid":235,"townid":545,"tokenid":"aafc3a8208b42c2f41e8add25c29541d","tokenurl":"/mcm/api/land?token=aafc3a8208b42c2f41e8add25c29541d","imageurl":"/mcm/images/land/2A/17685_3e60d3db5ce2.jpg","landname":"149"},{"id":281474992111766,"level":2,"status":0,"posx":33,"posy":30,"cityid":235,"townid":545,"tokenid":"6e7798a50ae8fa0edf3eb36ab1123cf7","tokenurl":"/mcm/api/land?token=6e7798a50ae8fa0edf3eb36ab1123cf7","imageurl":"/mcm/images/land/2A/17686_167796e86e58.jpg","landname":"150"}]]],0,0,[],[],[]]
