[1,0,0,[["cc.JsonAsset",["_name","json"],1]],[[0,0,1,3]],[[0,"1265",[{"id":281475014852609,"level":3,"status":0,"posx":7,"posy":5,"cityid":582,"townid":1265,"tokenid":"b0ee5183fac3fbb24e6bd878ab3beae0","tokenurl":"/mcm/api/land?token=b0ee5183fac3fbb24e6bd878ab3beae0","imageurl":"/mcm/images/land/2B/18302_341bad58171e.jpg","landname":"1"},{"id":281475014852610,"level":1,"status":1,"posx":8,"posy":5,"cityid":582,"townid":1265,"tokenid":"b43e2cc85341803e4975ccfdcd213971","tokenurl":"/mcm/api/land?token=b43e2cc85341803e4975ccfdcd213971","imageurl":"/mcm/images/land/2S/7322_285ea08d1b84.jpg","landname":"2"},{"id":281475014852611,"level":3,"status":1,"posx":16,"posy":5,"cityid":582,"townid":1265,"tokenid":"581b86f117a43c412010aa3ea1d2a38f","tokenurl":"/mcm/api/land?token=581b86f117a43c412010aa3ea1d2a38f","imageurl":"/mcm/images/land/2B/18303_177fba3231b0.jpg","landname":"3"},{"id":281475014852612,"level":3,"status":0,"posx":17,"posy":5,"cityid":582,"townid":1265,"tokenid":"e3f0d67cd36132798e7a7d855d9d5ca7","tokenurl":"/mcm/api/land?token=e3f0d67cd36132798e7a7d855d9d5ca7","imageurl":"/mcm/images/land/2B/18304_4aaa7ac9b379.jpg","landname":"4"},{"id":281475014852613,"level":3,"status":1,"posx":20,"posy":5,"cityid":582,"townid":1265,"tokenid":"ae63ee974c75ea7357038f4bae3b0907","tokenurl":"/mcm/api/land?token=ae63ee974c75ea7357038f4bae3b0907","imageurl":"/mcm/images/land/2B/18305_54167c23388.jpg","landname":"5"},{"id":281475014852614,"level":3,"status":0,"posx":21,"posy":5,"cityid":582,"townid":1265,"tokenid":"ee03c7a743df31eb9a0bfb69566a965b","tokenurl":"/mcm/api/land?token=ee03c7a743df31eb9a0bfb69566a965b","imageurl":"/mcm/images/land/2B/18306_278d9ac9ed3d.jpg","landname":"6"},{"id":281475014852615,"level":3,"status":1,"posx":7,"posy":6,"cityid":582,"townid":1265,"tokenid":"94a88b8011ff1b30a0a1a18957883a09","tokenurl":"/mcm/api/land?token=94a88b8011ff1b30a0a1a18957883a09","imageurl":"/mcm/images/land/2B/18307_41a658e8e0bf.jpg","landname":"7"},{"id":281475014852616,"level":2,"status":0,"posx":8,"posy":6,"cityid":582,"townid":1265,"tokenid":"69f9625e5ef974ba0baae15ed7530beb","tokenurl":"/mcm/api/land?token=69f9625e5ef974ba0baae15ed7530beb","imageurl":"/mcm/images/land/2A/10982_524864b0cc68.jpg","landname":"8"},{"id":281475014852617,"level":3,"status":1,"posx":16,"posy":6,"cityid":582,"townid":1265,"tokenid":"059d51489fbefc948b02ba9bf872530e","tokenurl":"/mcm/api/land?token=059d51489fbefc948b02ba9bf872530e","imageurl":"/mcm/images/land/2B/18308_2da6d4e72888.jpg","landname":"9"},{"id":281475014852618,"level":2,"status":1,"posx":17,"posy":6,"cityid":582,"townid":1265,"tokenid":"e4b027eff09e7205e69057fb89dac5bf","tokenurl":"/mcm/api/land?token=e4b027eff09e7205e69057fb89dac5bf","imageurl":"/mcm/images/land/2A/10983_1499a6de5344.jpg","landname":"10"},{"id":281475014852619,"level":2,"status":0,"posx":20,"posy":6,"cityid":582,"townid":1265,"tokenid":"b2a6fea942c6b862d7528238683c0cbf","tokenurl":"/mcm/api/land?token=b2a6fea942c6b862d7528238683c0cbf","imageurl":"/mcm/images/land/2A/10984_31a5a4c70256.jpg","landname":"11"},{"id":281475014852620,"level":2,"status":0,"posx":21,"posy":6,"cityid":582,"townid":1265,"tokenid":"77d14af11b9c49d5fc6bac7eeb79e0fb","tokenurl":"/mcm/api/land?token=77d14af11b9c49d5fc6bac7eeb79e0fb","imageurl":"/mcm/images/land/2A/10985_f4c6957cb7c.jpg","landname":"12"},{"id":281475014852621,"level":3,"status":1,"posx":7,"posy":7,"cityid":582,"townid":1265,"tokenid":"686f77a8789f648cc88132bf705d1db2","tokenurl":"/mcm/api/land?token=686f77a8789f648cc88132bf705d1db2","imageurl":"/mcm/images/land/2B/18309_685f4c07c0f.jpg","landname":"13"},{"id":281475014852622,"level":2,"status":0,"posx":8,"posy":7,"cityid":582,"townid":1265,"tokenid":"8048d1dcc5b976bb0b269b73f31e0b23","tokenurl":"/mcm/api/land?token=8048d1dcc5b976bb0b269b73f31e0b23","imageurl":"/mcm/images/land/2A/10986_40900baacc48.jpg","landname":"14"},{"id":281475014852623,"level":2,"status":0,"posx":16,"posy":7,"cityid":582,"townid":1265,"tokenid":"3a2f751739e8126f3ae95746e1fe72b5","tokenurl":"/mcm/api/land?token=3a2f751739e8126f3ae95746e1fe72b5","imageurl":"/mcm/images/land/2A/10987_545b40bcb55e.jpg","landname":"15"},{"id":281475014852624,"level":3,"status":1,"posx":17,"posy":7,"cityid":582,"townid":1265,"tokenid":"657c3a1f8c97a2f9b246f7cb6330e7ea","tokenurl":"/mcm/api/land?token=657c3a1f8c97a2f9b246f7cb6330e7ea","imageurl":"/mcm/images/land/2B/18310_486e60ffe97f.jpg","landname":"16"},{"id":281475014852625,"level":3,"status":0,"posx":20,"posy":7,"cityid":582,"townid":1265,"tokenid":"83944aa912e74934068def05b264550d","tokenurl":"/mcm/api/land?token=83944aa912e74934068def05b264550d","imageurl":"/mcm/images/land/2B/18311_4749c47f189.jpg","landname":"17"},{"id":281475014852626,"level":2,"status":0,"posx":21,"posy":7,"cityid":582,"townid":1265,"tokenid":"e1489f36ef254c3dbc2c8077c18d31c9","tokenurl":"/mcm/api/land?token=e1489f36ef254c3dbc2c8077c18d31c9","imageurl":"/mcm/images/land/2A/10988_36e1dc727d24.jpg","landname":"18"},{"id":281475014852627,"level":2,"status":1,"posx":7,"posy":8,"cityid":582,"townid":1265,"tokenid":"6f8e1e2f31a86e58897e7c114b80e33a","tokenurl":"/mcm/api/land?token=6f8e1e2f31a86e58897e7c114b80e33a","imageurl":"/mcm/images/land/2A/10989_49b2540e71aa.jpg","landname":"19"},{"id":281475014852628,"level":3,"status":0,"posx":8,"posy":8,"cityid":582,"townid":1265,"tokenid":"9ed139cb04d69edc86d345a3d353d796","tokenurl":"/mcm/api/land?token=9ed139cb04d69edc86d345a3d353d796","imageurl":"/mcm/images/land/2B/18312_19b50b04864d.jpg","landname":"20"},{"id":281475014852629,"level":3,"status":1,"posx":16,"posy":8,"cityid":582,"townid":1265,"tokenid":"93ac38be06f809a408d63b7c3365c3f2","tokenurl":"/mcm/api/land?token=93ac38be06f809a408d63b7c3365c3f2","imageurl":"/mcm/images/land/2B/18313_45901adf53eb.jpg","landname":"21"},{"id":281475014852630,"level":3,"status":0,"posx":17,"posy":8,"cityid":582,"townid":1265,"tokenid":"08ad95030a4196a43f7283e192b856b7","tokenurl":"/mcm/api/land?token=08ad95030a4196a43f7283e192b856b7","imageurl":"/mcm/images/land/2B/18314_39199f773770.jpg","landname":"22"},{"id":281475014852631,"level":1,"status":0,"posx":20,"posy":8,"cityid":582,"townid":1265,"tokenid":"e033ab90176e251ff2a55c45b867dbf9","tokenurl":"/mcm/api/land?token=e033ab90176e251ff2a55c45b867dbf9","imageurl":"/mcm/images/land/2S/7323_237db388589b.jpg","landname":"23"},{"id":281475014852632,"level":2,"status":1,"posx":21,"posy":8,"cityid":582,"townid":1265,"tokenid":"4df82138bf73b984e55a8f53a9542347","tokenurl":"/mcm/api/land?token=4df82138bf73b984e55a8f53a9542347","imageurl":"/mcm/images/land/2A/10990_4c6e4b7fd30c.jpg","landname":"24"},{"id":281475014852633,"level":3,"status":1,"posx":28,"posy":8,"cityid":582,"townid":1265,"tokenid":"0f783c6cea71e69625fe2745ef6186a5","tokenurl":"/mcm/api/land?token=0f783c6cea71e69625fe2745ef6186a5","imageurl":"/mcm/images/land/2B/18315_215516abb9db.jpg","landname":"25"},{"id":281475014852634,"level":3,"status":1,"posx":29,"posy":8,"cityid":582,"townid":1265,"tokenid":"994a922bd27ee82761cd73ad355db8d3","tokenurl":"/mcm/api/land?token=994a922bd27ee82761cd73ad355db8d3","imageurl":"/mcm/images/land/2B/18316_41d58bcfc8bb.jpg","landname":"26"},{"id":281475014852635,"level":2,"status":0,"posx":32,"posy":8,"cityid":582,"townid":1265,"tokenid":"992cb33245ade9b41b919687e5262252","tokenurl":"/mcm/api/land?token=992cb33245ade9b41b919687e5262252","imageurl":"/mcm/images/land/2A/10991_3fa844f33c7c.jpg","landname":"27"},{"id":281475014852636,"level":2,"status":1,"posx":33,"posy":8,"cityid":582,"townid":1265,"tokenid":"8ceb2316f74014a860740002ff66bbb6","tokenurl":"/mcm/api/land?token=8ceb2316f74014a860740002ff66bbb6","imageurl":"/mcm/images/land/2A/10992_146d23a186d4.jpg","landname":"28"},{"id":281475014852637,"level":2,"status":0,"posx":7,"posy":9,"cityid":582,"townid":1265,"tokenid":"41410e9e7795fb8ba320ac92abe4e896","tokenurl":"/mcm/api/land?token=41410e9e7795fb8ba320ac92abe4e896","imageurl":"/mcm/images/land/2A/10993_1eb4b86868b2.jpg","landname":"29"},{"id":281475014852638,"level":3,"status":1,"posx":8,"posy":9,"cityid":582,"townid":1265,"tokenid":"e6fb38dfbee399aa0bf5ebc0453a9816","tokenurl":"/mcm/api/land?token=e6fb38dfbee399aa0bf5ebc0453a9816","imageurl":"/mcm/images/land/2B/18317_208d35749534.jpg","landname":"30"},{"id":281475014852639,"level":3,"status":0,"posx":16,"posy":9,"cityid":582,"townid":1265,"tokenid":"26ce8087fde993cdd02983e683a38292","tokenurl":"/mcm/api/land?token=26ce8087fde993cdd02983e683a38292","imageurl":"/mcm/images/land/2B/18318_2af028af0965.jpg","landname":"31"},{"id":281475014852640,"level":3,"status":0,"posx":17,"posy":9,"cityid":582,"townid":1265,"tokenid":"776ab30ebb6904cd55c3a71e34efdc9d","tokenurl":"/mcm/api/land?token=776ab30ebb6904cd55c3a71e34efdc9d","imageurl":"/mcm/images/land/2B/18319_14a75f45e5aa.jpg","landname":"32"},{"id":281475014852641,"level":2,"status":0,"posx":20,"posy":9,"cityid":582,"townid":1265,"tokenid":"0983b5375822ce81390904339476d910","tokenurl":"/mcm/api/land?token=0983b5375822ce81390904339476d910","imageurl":"/mcm/images/land/2A/10994_f47d0d63c62.jpg","landname":"33"},{"id":281475014852642,"level":1,"status":0,"posx":21,"posy":9,"cityid":582,"townid":1265,"tokenid":"433626582163cfa94d91be280d25dfe6","tokenurl":"/mcm/api/land?token=433626582163cfa94d91be280d25dfe6","imageurl":"/mcm/images/land/2S/7324_2c99d25d72ed.jpg","landname":"34"},{"id":281475014852643,"level":3,"status":0,"posx":28,"posy":9,"cityid":582,"townid":1265,"tokenid":"e4a77d1b09534a8a0c66ed945a1b3acb","tokenurl":"/mcm/api/land?token=e4a77d1b09534a8a0c66ed945a1b3acb","imageurl":"/mcm/images/land/2B/18320_b5dd76c9580.jpg","landname":"35"},{"id":281475014852644,"level":2,"status":1,"posx":29,"posy":9,"cityid":582,"townid":1265,"tokenid":"37e9a8d6e6506c84820675f727a74239","tokenurl":"/mcm/api/land?token=37e9a8d6e6506c84820675f727a74239","imageurl":"/mcm/images/land/2A/10995_d4dce3c5534.jpg","landname":"36"},{"id":281475014852645,"level":1,"status":0,"posx":32,"posy":9,"cityid":582,"townid":1265,"tokenid":"d281c3dd9875ee6f3de44843ce8229d0","tokenurl":"/mcm/api/land?token=d281c3dd9875ee6f3de44843ce8229d0","imageurl":"/mcm/images/land/2S/7325_3dddbcf51be3.jpg","landname":"37"},{"id":281475014852646,"level":2,"status":0,"posx":33,"posy":9,"cityid":582,"townid":1265,"tokenid":"d4b64bc30723cd08d774b25edc89d3f8","tokenurl":"/mcm/api/land?token=d4b64bc30723cd08d774b25edc89d3f8","imageurl":"/mcm/images/land/2A/10996_6899f8797a1.jpg","landname":"38"},{"id":281475014852647,"level":3,"status":0,"posx":28,"posy":10,"cityid":582,"townid":1265,"tokenid":"26df2e8166edecc1ebed2d865edd45b6","tokenurl":"/mcm/api/land?token=26df2e8166edecc1ebed2d865edd45b6","imageurl":"/mcm/images/land/2B/18321_1608dbdeef84.jpg","landname":"39"},{"id":281475014852648,"level":3,"status":1,"posx":29,"posy":10,"cityid":582,"townid":1265,"tokenid":"0f4227bea52b350da450295416818c01","tokenurl":"/mcm/api/land?token=0f4227bea52b350da450295416818c01","imageurl":"/mcm/images/land/2B/18322_3e2b213e3325.jpg","landname":"40"},{"id":281475014852649,"level":2,"status":0,"posx":32,"posy":10,"cityid":582,"townid":1265,"tokenid":"bfb36da5367f755e4027211d5c00785e","tokenurl":"/mcm/api/land?token=bfb36da5367f755e4027211d5c00785e","imageurl":"/mcm/images/land/2A/10997_41f20f3ffe7b.jpg","landname":"41"},{"id":281475014852650,"level":1,"status":0,"posx":33,"posy":10,"cityid":582,"townid":1265,"tokenid":"3b4b8688692169e7faad78fdec4f92ad","tokenurl":"/mcm/api/land?token=3b4b8688692169e7faad78fdec4f92ad","imageurl":"/mcm/images/land/2S/7326_346ea2e65b6c.jpg","landname":"42"},{"id":281475014852651,"level":3,"status":1,"posx":28,"posy":11,"cityid":582,"townid":1265,"tokenid":"139bfff50725cb900d2de30d6c626e57","tokenurl":"/mcm/api/land?token=139bfff50725cb900d2de30d6c626e57","imageurl":"/mcm/images/land/2B/18323_3bc85323fd9d.jpg","landname":"43"},{"id":281475014852652,"level":2,"status":0,"posx":29,"posy":11,"cityid":582,"townid":1265,"tokenid":"8ffe9804164b69ebe6dad0e7db43287e","tokenurl":"/mcm/api/land?token=8ffe9804164b69ebe6dad0e7db43287e","imageurl":"/mcm/images/land/2A/10998_4e5d92e2c98e.jpg","landname":"44"},{"id":281475014852653,"level":3,"status":0,"posx":32,"posy":11,"cityid":582,"townid":1265,"tokenid":"d91d353875ee4fe377a7ae107ec07de9","tokenurl":"/mcm/api/land?token=d91d353875ee4fe377a7ae107ec07de9","imageurl":"/mcm/images/land/2B/18324_463ed9b4d2bf.jpg","landname":"45"},{"id":281475014852654,"level":3,"status":1,"posx":33,"posy":11,"cityid":582,"townid":1265,"tokenid":"2d76d70d1994b93f29e2a9ac2f604fea","tokenurl":"/mcm/api/land?token=2d76d70d1994b93f29e2a9ac2f604fea","imageurl":"/mcm/images/land/2B/18325_1e8a3f4f689.jpg","landname":"46"},{"id":281475014852655,"level":3,"status":1,"posx":28,"posy":12,"cityid":582,"townid":1265,"tokenid":"de756c347b7def9fc0d11ed96c5b2159","tokenurl":"/mcm/api/land?token=de756c347b7def9fc0d11ed96c5b2159","imageurl":"/mcm/images/land/2B/18326_509e833c9c7.jpg","landname":"47"},{"id":281475014852656,"level":3,"status":0,"posx":29,"posy":12,"cityid":582,"townid":1265,"tokenid":"d42b1d1a3ed6a5116985ba7cb1b0eba7","tokenurl":"/mcm/api/land?token=d42b1d1a3ed6a5116985ba7cb1b0eba7","imageurl":"/mcm/images/land/2B/18327_22f58e129946.jpg","landname":"48"},{"id":281475014852657,"level":2,"status":0,"posx":32,"posy":12,"cityid":582,"townid":1265,"tokenid":"3e123d1166d6456aa0058cc5243d6be5","tokenurl":"/mcm/api/land?token=3e123d1166d6456aa0058cc5243d6be5","imageurl":"/mcm/images/land/2A/10999_3756af93b89b.jpg","landname":"49"},{"id":281475014852658,"level":3,"status":1,"posx":33,"posy":12,"cityid":582,"townid":1265,"tokenid":"8f66f57fa54c90da50d03082a5094d79","tokenurl":"/mcm/api/land?token=8f66f57fa54c90da50d03082a5094d79","imageurl":"/mcm/images/land/2B/18328_34c463f1910.jpg","landname":"50"},{"id":281475014852659,"level":1,"status":0,"posx":23,"posy":14,"cityid":582,"townid":1265,"tokenid":"b8f99e7d5d1eac1b1946abdb9cacd0cf","tokenurl":"/mcm/api/land?token=b8f99e7d5d1eac1b1946abdb9cacd0cf","imageurl":"/mcm/images/land/2S/7327_1fe98993bd7.jpg","landname":"51"},{"id":281475014852660,"level":3,"status":1,"posx":24,"posy":14,"cityid":582,"townid":1265,"tokenid":"f7d615506c3703fc08b577f711a31e09","tokenurl":"/mcm/api/land?token=f7d615506c3703fc08b577f711a31e09","imageurl":"/mcm/images/land/2B/18329_5143ba55de79.jpg","landname":"52"},{"id":281475014852661,"level":2,"status":1,"posx":23,"posy":15,"cityid":582,"townid":1265,"tokenid":"041d39958a68e4e65a6ef25bf5b3950d","tokenurl":"/mcm/api/land?token=041d39958a68e4e65a6ef25bf5b3950d","imageurl":"/mcm/images/land/2A/11000_499b85d21702.jpg","landname":"53"},{"id":281475014852662,"level":3,"status":1,"posx":24,"posy":15,"cityid":582,"townid":1265,"tokenid":"da243bdfd24dc819b9162e15ed23a382","tokenurl":"/mcm/api/land?token=da243bdfd24dc819b9162e15ed23a382","imageurl":"/mcm/images/land/2B/18330_165fff2c9ceb.jpg","landname":"54"},{"id":281475014852663,"level":1,"status":1,"posx":33,"posy":15,"cityid":582,"townid":1265,"tokenid":"35d3ac6bc4e2d497dd063b0acb0f0655","tokenurl":"/mcm/api/land?token=35d3ac6bc4e2d497dd063b0acb0f0655","imageurl":"/mcm/images/land/2S/7328_1a885dc4f3c.jpg","landname":"55"},{"id":281475014852664,"level":3,"status":1,"posx":34,"posy":15,"cityid":582,"townid":1265,"tokenid":"72f8b898880af2be3401e64f5a01b213","tokenurl":"/mcm/api/land?token=72f8b898880af2be3401e64f5a01b213","imageurl":"/mcm/images/land/2B/18331_325420f74899.jpg","landname":"56"},{"id":281475014852665,"level":3,"status":0,"posx":11,"posy":16,"cityid":582,"townid":1265,"tokenid":"a9100764a80816d8cc97719172e35b5a","tokenurl":"/mcm/api/land?token=a9100764a80816d8cc97719172e35b5a","imageurl":"/mcm/images/land/2B/18332_284b7fb08176.jpg","landname":"57"},{"id":281475014852666,"level":1,"status":0,"posx":12,"posy":16,"cityid":582,"townid":1265,"tokenid":"240331a5161bd8d69d2221908dbdd039","tokenurl":"/mcm/api/land?token=240331a5161bd8d69d2221908dbdd039","imageurl":"/mcm/images/land/2S/7329_535447e87f26.jpg","landname":"58"},{"id":281475014852667,"level":1,"status":0,"posx":23,"posy":16,"cityid":582,"townid":1265,"tokenid":"fc81c74d0cfb5ed9dbfeba6a9e43fe4c","tokenurl":"/mcm/api/land?token=fc81c74d0cfb5ed9dbfeba6a9e43fe4c","imageurl":"/mcm/images/land/2S/7330_5715b8ddca77.jpg","landname":"59"},{"id":281475014852668,"level":2,"status":0,"posx":24,"posy":16,"cityid":582,"townid":1265,"tokenid":"65c4116fca4a263f40e5e2deb1e5e941","tokenurl":"/mcm/api/land?token=65c4116fca4a263f40e5e2deb1e5e941","imageurl":"/mcm/images/land/2A/11001_3af528e82f91.jpg","landname":"60"},{"id":281475014852669,"level":2,"status":1,"posx":33,"posy":16,"cityid":582,"townid":1265,"tokenid":"f892d0f8112aa8b50be8dd99247d868e","tokenurl":"/mcm/api/land?token=f892d0f8112aa8b50be8dd99247d868e","imageurl":"/mcm/images/land/2A/11002_18de4a6f66d1.jpg","landname":"61"},{"id":281475014852670,"level":3,"status":0,"posx":34,"posy":16,"cityid":582,"townid":1265,"tokenid":"eb8403476788d72a7fba20228c01e170","tokenurl":"/mcm/api/land?token=eb8403476788d72a7fba20228c01e170","imageurl":"/mcm/images/land/2B/18333_26c34797e286.jpg","landname":"62"},{"id":281475014852671,"level":1,"status":1,"posx":11,"posy":17,"cityid":582,"townid":1265,"tokenid":"5f98010abf62f9fe9516326cd3f46818","tokenurl":"/mcm/api/land?token=5f98010abf62f9fe9516326cd3f46818","imageurl":"/mcm/images/land/2S/7331_2990bbd3584f.jpg","landname":"63"},{"id":281475014852672,"level":1,"status":0,"posx":12,"posy":17,"cityid":582,"townid":1265,"tokenid":"1e4281e3d56da30234824d7e1b105098","tokenurl":"/mcm/api/land?token=1e4281e3d56da30234824d7e1b105098","imageurl":"/mcm/images/land/2S/7332_2ffdd6597e61.jpg","landname":"64"},{"id":281475014852673,"level":2,"status":1,"posx":23,"posy":17,"cityid":582,"townid":1265,"tokenid":"9a3e6d5e97b4f67155e0e560040c5ab3","tokenurl":"/mcm/api/land?token=9a3e6d5e97b4f67155e0e560040c5ab3","imageurl":"/mcm/images/land/2A/11003_5b8f824ee43.jpg","landname":"65"},{"id":281475014852674,"level":3,"status":0,"posx":24,"posy":17,"cityid":582,"townid":1265,"tokenid":"f1eabffaa42ed99c1dcab13832e98f0a","tokenurl":"/mcm/api/land?token=f1eabffaa42ed99c1dcab13832e98f0a","imageurl":"/mcm/images/land/2B/18334_10d4eca0cb0a.jpg","landname":"66"},{"id":281475014852675,"level":3,"status":0,"posx":33,"posy":17,"cityid":582,"townid":1265,"tokenid":"a175f4f1330ef1b04877a68b8f3d6e77","tokenurl":"/mcm/api/land?token=a175f4f1330ef1b04877a68b8f3d6e77","imageurl":"/mcm/images/land/2B/18335_3f1db9d078d1.jpg","landname":"67"},{"id":281475014852676,"level":1,"status":0,"posx":34,"posy":17,"cityid":582,"townid":1265,"tokenid":"7940c2b38b2d79c344e00ba17aabbc7e","tokenurl":"/mcm/api/land?token=7940c2b38b2d79c344e00ba17aabbc7e","imageurl":"/mcm/images/land/2S/7333_5675b2544976.jpg","landname":"68"},{"id":281475014852677,"level":2,"status":1,"posx":7,"posy":18,"cityid":582,"townid":1265,"tokenid":"ee724a596a9ebe86d0d804f9ea3eef30","tokenurl":"/mcm/api/land?token=ee724a596a9ebe86d0d804f9ea3eef30","imageurl":"/mcm/images/land/2A/11004_368e86133e89.jpg","landname":"69"},{"id":281475014852678,"level":3,"status":1,"posx":8,"posy":18,"cityid":582,"townid":1265,"tokenid":"c340842cd0963d465457f504a3035d2c","tokenurl":"/mcm/api/land?token=c340842cd0963d465457f504a3035d2c","imageurl":"/mcm/images/land/2B/18336_28a5f7b176d9.jpg","landname":"70"},{"id":281475014852679,"level":2,"status":1,"posx":11,"posy":18,"cityid":582,"townid":1265,"tokenid":"6fd2415af0315a8cedbc65390f9723c1","tokenurl":"/mcm/api/land?token=6fd2415af0315a8cedbc65390f9723c1","imageurl":"/mcm/images/land/2A/11005_2c37c30eac4b.jpg","landname":"71"},{"id":281475014852680,"level":3,"status":0,"posx":12,"posy":18,"cityid":582,"townid":1265,"tokenid":"b7768b015da3842347c546ad0cc60af8","tokenurl":"/mcm/api/land?token=b7768b015da3842347c546ad0cc60af8","imageurl":"/mcm/images/land/2B/18337_1b6c083ea64b.jpg","landname":"72"},{"id":281475014852681,"level":2,"status":1,"posx":23,"posy":18,"cityid":582,"townid":1265,"tokenid":"efef28da9155268b4b58b615fd4d261a","tokenurl":"/mcm/api/land?token=efef28da9155268b4b58b615fd4d261a","imageurl":"/mcm/images/land/2A/11006_ba087dddb13.jpg","landname":"73"},{"id":281475014852682,"level":3,"status":1,"posx":24,"posy":18,"cityid":582,"townid":1265,"tokenid":"35aa92dca8467007ebf244aaf86736da","tokenurl":"/mcm/api/land?token=35aa92dca8467007ebf244aaf86736da","imageurl":"/mcm/images/land/2B/18338_266f4028556a.jpg","landname":"74"},{"id":281475014852683,"level":3,"status":1,"posx":33,"posy":18,"cityid":582,"townid":1265,"tokenid":"631252e07fb27af2d55bdb0f86a89b0c","tokenurl":"/mcm/api/land?token=631252e07fb27af2d55bdb0f86a89b0c","imageurl":"/mcm/images/land/2B/18339_1973e7943d8c.jpg","landname":"75"},{"id":281475014852684,"level":1,"status":0,"posx":34,"posy":18,"cityid":582,"townid":1265,"tokenid":"d788d4bfb47ca43cd9ca86eac4d6844e","tokenurl":"/mcm/api/land?token=d788d4bfb47ca43cd9ca86eac4d6844e","imageurl":"/mcm/images/land/2S/7334_1655b9d9924a.jpg","landname":"76"},{"id":281475014852685,"level":3,"status":1,"posx":7,"posy":19,"cityid":582,"townid":1265,"tokenid":"e28fb737da63c7990ede0e5a29305684","tokenurl":"/mcm/api/land?token=e28fb737da63c7990ede0e5a29305684","imageurl":"/mcm/images/land/2B/18340_c404d64962.jpg","landname":"77"},{"id":281475014852686,"level":1,"status":1,"posx":8,"posy":19,"cityid":582,"townid":1265,"tokenid":"ae3223d14b3c44dbd47c6eac5aa1b77a","tokenurl":"/mcm/api/land?token=ae3223d14b3c44dbd47c6eac5aa1b77a","imageurl":"/mcm/images/land/2S/7335_d467e26f4c2.jpg","landname":"78"},{"id":281475014852687,"level":2,"status":1,"posx":11,"posy":19,"cityid":582,"townid":1265,"tokenid":"c6ff9424c6249bc589a9a132a6ffb390","tokenurl":"/mcm/api/land?token=c6ff9424c6249bc589a9a132a6ffb390","imageurl":"/mcm/images/land/2A/11007_572faf83f041.jpg","landname":"79"},{"id":281475014852688,"level":3,"status":0,"posx":12,"posy":19,"cityid":582,"townid":1265,"tokenid":"b6656c5b5cadecf4fad5bb2e2fb14ffe","tokenurl":"/mcm/api/land?token=b6656c5b5cadecf4fad5bb2e2fb14ffe","imageurl":"/mcm/images/land/2B/18341_14668b2d36e5.jpg","landname":"80"},{"id":281475014852689,"level":1,"status":0,"posx":33,"posy":19,"cityid":582,"townid":1265,"tokenid":"017b57e7dfe03d41d33fc36754a83c1f","tokenurl":"/mcm/api/land?token=017b57e7dfe03d41d33fc36754a83c1f","imageurl":"/mcm/images/land/2S/7336_3dcb4767d919.jpg","landname":"81"},{"id":281475014852690,"level":1,"status":0,"posx":34,"posy":19,"cityid":582,"townid":1265,"tokenid":"866cb73f50a68cdba0a08ad40f2eab9d","tokenurl":"/mcm/api/land?token=866cb73f50a68cdba0a08ad40f2eab9d","imageurl":"/mcm/images/land/2S/7337_573cce0254d.jpg","landname":"82"},{"id":281475014852691,"level":1,"status":0,"posx":7,"posy":20,"cityid":582,"townid":1265,"tokenid":"1d5673bc6a637d6c8ffa277ae61360b2","tokenurl":"/mcm/api/land?token=1d5673bc6a637d6c8ffa277ae61360b2","imageurl":"/mcm/images/land/2S/7338_2117371a5952.jpg","landname":"83"},{"id":281475014852692,"level":3,"status":0,"posx":8,"posy":20,"cityid":582,"townid":1265,"tokenid":"2d5f1de9cc18dd384e74cb2af6cb6250","tokenurl":"/mcm/api/land?token=2d5f1de9cc18dd384e74cb2af6cb6250","imageurl":"/mcm/images/land/2B/18342_54528344a310.jpg","landname":"84"},{"id":281475014852693,"level":1,"status":1,"posx":11,"posy":20,"cityid":582,"townid":1265,"tokenid":"ef7b0db535773c2ba123085b09399126","tokenurl":"/mcm/api/land?token=ef7b0db535773c2ba123085b09399126","imageurl":"/mcm/images/land/2S/7339_411325379786.jpg","landname":"85"},{"id":281475014852694,"level":3,"status":1,"posx":12,"posy":20,"cityid":582,"townid":1265,"tokenid":"abf21840ca27944d952dee427145d956","tokenurl":"/mcm/api/land?token=abf21840ca27944d952dee427145d956","imageurl":"/mcm/images/land/2B/18343_21c83bc15a12.jpg","landname":"86"},{"id":281475014852695,"level":3,"status":1,"posx":7,"posy":21,"cityid":582,"townid":1265,"tokenid":"59de598f5be108d2960b461189e47846","tokenurl":"/mcm/api/land?token=59de598f5be108d2960b461189e47846","imageurl":"/mcm/images/land/2B/18344_15fd15c8facb.jpg","landname":"87"},{"id":281475014852696,"level":2,"status":1,"posx":8,"posy":21,"cityid":582,"townid":1265,"tokenid":"e22ea9fd98619616a9ed344c4bfa42db","tokenurl":"/mcm/api/land?token=e22ea9fd98619616a9ed344c4bfa42db","imageurl":"/mcm/images/land/2A/11008_418a4a56a76d.jpg","landname":"88"},{"id":281475014852697,"level":1,"status":1,"posx":26,"posy":21,"cityid":582,"townid":1265,"tokenid":"3325517854bd86940cb5b62c088344fc","tokenurl":"/mcm/api/land?token=3325517854bd86940cb5b62c088344fc","imageurl":"/mcm/images/land/2S/7340_3d00a6bda5cc.jpg","landname":"89"},{"id":281475014852698,"level":1,"status":1,"posx":27,"posy":21,"cityid":582,"townid":1265,"tokenid":"7b4bd5d73423bfbb3e081634a3093d5c","tokenurl":"/mcm/api/land?token=7b4bd5d73423bfbb3e081634a3093d5c","imageurl":"/mcm/images/land/2S/7341_15167ed28508.jpg","landname":"90"},{"id":281475014852699,"level":2,"status":1,"posx":7,"posy":22,"cityid":582,"townid":1265,"tokenid":"9fd3d0d6d90dc4d80bae857994ea4fa0","tokenurl":"/mcm/api/land?token=9fd3d0d6d90dc4d80bae857994ea4fa0","imageurl":"/mcm/images/land/2A/11009_25cff0e38797.jpg","landname":"91"},{"id":281475014852700,"level":2,"status":1,"posx":8,"posy":22,"cityid":582,"townid":1265,"tokenid":"42919cffee1599359abe700f6261e103","tokenurl":"/mcm/api/land?token=42919cffee1599359abe700f6261e103","imageurl":"/mcm/images/land/2A/11010_4a04e1b8c94e.jpg","landname":"92"},{"id":281475014852701,"level":1,"status":1,"posx":23,"posy":22,"cityid":582,"townid":1265,"tokenid":"6ba5198f1e462c16c24afb40dcd7a6f8","tokenurl":"/mcm/api/land?token=6ba5198f1e462c16c24afb40dcd7a6f8","imageurl":"/mcm/images/land/2S/7342_184214dbe2c4.jpg","landname":"93"},{"id":281475014852702,"level":3,"status":0,"posx":24,"posy":22,"cityid":582,"townid":1265,"tokenid":"c6b2bd00fe7bd75a9b3d7b4ba8f514cb","tokenurl":"/mcm/api/land?token=c6b2bd00fe7bd75a9b3d7b4ba8f514cb","imageurl":"/mcm/images/land/2B/18345_462d2fb5f8ab.jpg","landname":"94"},{"id":281475014852703,"level":3,"status":1,"posx":26,"posy":22,"cityid":582,"townid":1265,"tokenid":"385dba8d1d87d2168301ce22c69d262f","tokenurl":"/mcm/api/land?token=385dba8d1d87d2168301ce22c69d262f","imageurl":"/mcm/images/land/2B/18346_13f6cb3915fe.jpg","landname":"95"},{"id":281475014852704,"level":3,"status":1,"posx":27,"posy":22,"cityid":582,"townid":1265,"tokenid":"d12de5f79bee7bfb9ca3d90c6d15c373","tokenurl":"/mcm/api/land?token=d12de5f79bee7bfb9ca3d90c6d15c373","imageurl":"/mcm/images/land/2B/18347_1654297b26e8.jpg","landname":"96"},{"id":281475014852705,"level":3,"status":0,"posx":33,"posy":22,"cityid":582,"townid":1265,"tokenid":"e8ae13a269185e2abcfb3665a865d821","tokenurl":"/mcm/api/land?token=e8ae13a269185e2abcfb3665a865d821","imageurl":"/mcm/images/land/2B/18348_3d9d4c1c42e8.jpg","landname":"97"},{"id":281475014852706,"level":2,"status":1,"posx":34,"posy":22,"cityid":582,"townid":1265,"tokenid":"c43c0575a76b781a132c131094e571cf","tokenurl":"/mcm/api/land?token=c43c0575a76b781a132c131094e571cf","imageurl":"/mcm/images/land/2A/11011_19206987f05e.jpg","landname":"98"},{"id":281475014852707,"level":1,"status":1,"posx":23,"posy":23,"cityid":582,"townid":1265,"tokenid":"3201041691ad75ba682dda63438e38ab","tokenurl":"/mcm/api/land?token=3201041691ad75ba682dda63438e38ab","imageurl":"/mcm/images/land/2S/7343_2177ae21bb36.jpg","landname":"99"},{"id":281475014852708,"level":3,"status":0,"posx":24,"posy":23,"cityid":582,"townid":1265,"tokenid":"848683027d5bcac728a97b18a51c2e77","tokenurl":"/mcm/api/land?token=848683027d5bcac728a97b18a51c2e77","imageurl":"/mcm/images/land/2B/18349_3d66cb74550b.jpg","landname":"100"},{"id":281475014852709,"level":3,"status":0,"posx":26,"posy":23,"cityid":582,"townid":1265,"tokenid":"79ba348a151fa565a225e9020fef288f","tokenurl":"/mcm/api/land?token=79ba348a151fa565a225e9020fef288f","imageurl":"/mcm/images/land/2B/18350_c6cc9653904.jpg","landname":"101"},{"id":281475014852710,"level":3,"status":1,"posx":27,"posy":23,"cityid":582,"townid":1265,"tokenid":"c4d6582c0b3eecf87c60de3084a31473","tokenurl":"/mcm/api/land?token=c4d6582c0b3eecf87c60de3084a31473","imageurl":"/mcm/images/land/2B/18351_11f07b1e4c42.jpg","landname":"102"},{"id":281475014852711,"level":1,"status":1,"posx":33,"posy":23,"cityid":582,"townid":1265,"tokenid":"89cfb942b76b00f090d90adfefa3b88e","tokenurl":"/mcm/api/land?token=89cfb942b76b00f090d90adfefa3b88e","imageurl":"/mcm/images/land/2S/7344_369d46f0f6f3.jpg","landname":"103"},{"id":281475014852712,"level":3,"status":1,"posx":34,"posy":23,"cityid":582,"townid":1265,"tokenid":"7a55711426e04d3df236e3aea2a9a087","tokenurl":"/mcm/api/land?token=7a55711426e04d3df236e3aea2a9a087","imageurl":"/mcm/images/land/2B/18352_31bce8d7a9ac.jpg","landname":"104"},{"id":281475014852713,"level":3,"status":0,"posx":23,"posy":24,"cityid":582,"townid":1265,"tokenid":"d83736108959c6b6ca180a0f15df88f2","tokenurl":"/mcm/api/land?token=d83736108959c6b6ca180a0f15df88f2","imageurl":"/mcm/images/land/2B/18353_4efbdd9d1882.jpg","landname":"105"},{"id":281475014852714,"level":2,"status":1,"posx":24,"posy":24,"cityid":582,"townid":1265,"tokenid":"999cd4be4b7a68d6526ca2582b136657","tokenurl":"/mcm/api/land?token=999cd4be4b7a68d6526ca2582b136657","imageurl":"/mcm/images/land/2A/11012_459a15d8ca05.jpg","landname":"106"},{"id":281475014852715,"level":2,"status":0,"posx":26,"posy":24,"cityid":582,"townid":1265,"tokenid":"8fa754015a92e0dcbac349d76e33daf1","tokenurl":"/mcm/api/land?token=8fa754015a92e0dcbac349d76e33daf1","imageurl":"/mcm/images/land/2A/11013_58197a6a1b8a.jpg","landname":"107"},{"id":281475014852716,"level":3,"status":1,"posx":27,"posy":24,"cityid":582,"townid":1265,"tokenid":"4b3e9be562d654173966f4097a0fbdd2","tokenurl":"/mcm/api/land?token=4b3e9be562d654173966f4097a0fbdd2","imageurl":"/mcm/images/land/2B/18354_4b7e679ece63.jpg","landname":"108"},{"id":281475014852717,"level":3,"status":0,"posx":33,"posy":24,"cityid":582,"townid":1265,"tokenid":"5040d36c457da997cedb52c352222fb8","tokenurl":"/mcm/api/land?token=5040d36c457da997cedb52c352222fb8","imageurl":"/mcm/images/land/2B/18355_2185e4bf8a61.jpg","landname":"109"},{"id":281475014852718,"level":2,"status":0,"posx":34,"posy":24,"cityid":582,"townid":1265,"tokenid":"919127e0d0873fb2757a25fd37326104","tokenurl":"/mcm/api/land?token=919127e0d0873fb2757a25fd37326104","imageurl":"/mcm/images/land/2A/11014_48c2e028a137.jpg","landname":"110"},{"id":281475014852719,"level":3,"status":1,"posx":23,"posy":25,"cityid":582,"townid":1265,"tokenid":"a70cdb4435f7cb49280ee7276a963182","tokenurl":"/mcm/api/land?token=a70cdb4435f7cb49280ee7276a963182","imageurl":"/mcm/images/land/2B/18356_237b461f3545.jpg","landname":"111"},{"id":281475014852720,"level":2,"status":1,"posx":24,"posy":25,"cityid":582,"townid":1265,"tokenid":"11f08146038adc7838f390437c32d7b9","tokenurl":"/mcm/api/land?token=11f08146038adc7838f390437c32d7b9","imageurl":"/mcm/images/land/2A/11015_33b1bd6e0911.jpg","landname":"112"},{"id":281475014852721,"level":2,"status":1,"posx":26,"posy":25,"cityid":582,"townid":1265,"tokenid":"0f7c5b85096f5f81dd75393fb9a249ca","tokenurl":"/mcm/api/land?token=0f7c5b85096f5f81dd75393fb9a249ca","imageurl":"/mcm/images/land/2A/11016_13c30c52f8a4.jpg","landname":"113"},{"id":281475014852722,"level":3,"status":1,"posx":27,"posy":25,"cityid":582,"townid":1265,"tokenid":"02e42d361e535603d2b56f0606f31416","tokenurl":"/mcm/api/land?token=02e42d361e535603d2b56f0606f31416","imageurl":"/mcm/images/land/2B/18357_34d8898652f4.jpg","landname":"114"},{"id":281475014852723,"level":3,"status":1,"posx":33,"posy":25,"cityid":582,"townid":1265,"tokenid":"e2669ac9dba6a2a3b70d89cb89b44b8e","tokenurl":"/mcm/api/land?token=e2669ac9dba6a2a3b70d89cb89b44b8e","imageurl":"/mcm/images/land/2B/18358_4f0a4b679d60.jpg","landname":"115"},{"id":281475014852724,"level":2,"status":1,"posx":34,"posy":25,"cityid":582,"townid":1265,"tokenid":"22924973ee9e342da5a2ca1f0c22eb7b","tokenurl":"/mcm/api/land?token=22924973ee9e342da5a2ca1f0c22eb7b","imageurl":"/mcm/images/land/2A/11017_2462ccf46bd7.jpg","landname":"116"},{"id":281475014852725,"level":1,"status":1,"posx":23,"posy":26,"cityid":582,"townid":1265,"tokenid":"2a7d5300a8bf9a4db1846610e20324df","tokenurl":"/mcm/api/land?token=2a7d5300a8bf9a4db1846610e20324df","imageurl":"/mcm/images/land/2S/7345_22520a68ad08.jpg","landname":"117"},{"id":281475014852726,"level":3,"status":1,"posx":24,"posy":26,"cityid":582,"townid":1265,"tokenid":"eae611bddffa39059b8c002dd72911e5","tokenurl":"/mcm/api/land?token=eae611bddffa39059b8c002dd72911e5","imageurl":"/mcm/images/land/2B/18359_4ebb3f55765f.jpg","landname":"118"},{"id":281475014852727,"level":3,"status":0,"posx":33,"posy":26,"cityid":582,"townid":1265,"tokenid":"0ff605aefd5bfe8b19f2ae116c05e82b","tokenurl":"/mcm/api/land?token=0ff605aefd5bfe8b19f2ae116c05e82b","imageurl":"/mcm/images/land/2B/18360_41e6df1d5a82.jpg","landname":"119"},{"id":281475014852728,"level":3,"status":1,"posx":34,"posy":26,"cityid":582,"townid":1265,"tokenid":"00f7083e92aa6bc2213c44417d8f3ba6","tokenurl":"/mcm/api/land?token=00f7083e92aa6bc2213c44417d8f3ba6","imageurl":"/mcm/images/land/2B/18361_38d47a1c445f.jpg","landname":"120"},{"id":281475014852729,"level":3,"status":1,"posx":31,"posy":27,"cityid":582,"townid":1265,"tokenid":"12b2617f8bd1eb91a7459651fbab9386","tokenurl":"/mcm/api/land?token=12b2617f8bd1eb91a7459651fbab9386","imageurl":"/mcm/images/land/2B/18362_503011c1041d.jpg","landname":"121"},{"id":281475014852730,"level":2,"status":1,"posx":32,"posy":27,"cityid":582,"townid":1265,"tokenid":"dd2f406eabeb3fa87139365130d9b423","tokenurl":"/mcm/api/land?token=dd2f406eabeb3fa87139365130d9b423","imageurl":"/mcm/images/land/2A/11018_11abf2f24a50.jpg","landname":"122"},{"id":281475014852731,"level":3,"status":0,"posx":6,"posy":28,"cityid":582,"townid":1265,"tokenid":"f6ca8b7cf01b9dc3cb160baa13bdc534","tokenurl":"/mcm/api/land?token=f6ca8b7cf01b9dc3cb160baa13bdc534","imageurl":"/mcm/images/land/2B/18363_475ce5a70f85.jpg","landname":"123"},{"id":281475014852732,"level":3,"status":0,"posx":7,"posy":28,"cityid":582,"townid":1265,"tokenid":"117495cc6c8ea257331933ed0b309c84","tokenurl":"/mcm/api/land?token=117495cc6c8ea257331933ed0b309c84","imageurl":"/mcm/images/land/2B/18364_1e2cc487f123.jpg","landname":"124"},{"id":281475014852733,"level":3,"status":1,"posx":9,"posy":28,"cityid":582,"townid":1265,"tokenid":"538e8344c7b249b0d5a29b3049f4e9ee","tokenurl":"/mcm/api/land?token=538e8344c7b249b0d5a29b3049f4e9ee","imageurl":"/mcm/images/land/2B/18365_36864cb933aa.jpg","landname":"125"},{"id":281475014852734,"level":2,"status":0,"posx":10,"posy":28,"cityid":582,"townid":1265,"tokenid":"d5cd618e8052b416452a9e4818e86540","tokenurl":"/mcm/api/land?token=d5cd618e8052b416452a9e4818e86540","imageurl":"/mcm/images/land/2A/11019_2ad952acc2df.jpg","landname":"126"},{"id":281475014852735,"level":3,"status":0,"posx":31,"posy":28,"cityid":582,"townid":1265,"tokenid":"9d6e5af42be8f471dddc2afc2511fa0a","tokenurl":"/mcm/api/land?token=9d6e5af42be8f471dddc2afc2511fa0a","imageurl":"/mcm/images/land/2B/18366_1110ea155354.jpg","landname":"127"},{"id":281475014852736,"level":1,"status":1,"posx":32,"posy":28,"cityid":582,"townid":1265,"tokenid":"75bd4347c990fdbdf4e46fddb8061608","tokenurl":"/mcm/api/land?token=75bd4347c990fdbdf4e46fddb8061608","imageurl":"/mcm/images/land/2S/7346_6210e88322.jpg","landname":"128"},{"id":281475014852737,"level":2,"status":0,"posx":6,"posy":29,"cityid":582,"townid":1265,"tokenid":"eb195197fd5026b8ea934478acef2004","tokenurl":"/mcm/api/land?token=eb195197fd5026b8ea934478acef2004","imageurl":"/mcm/images/land/2A/11020_9d119c98f78.jpg","landname":"129"},{"id":281475014852738,"level":2,"status":0,"posx":7,"posy":29,"cityid":582,"townid":1265,"tokenid":"7628264305deaa20191b10ce4dd6334f","tokenurl":"/mcm/api/land?token=7628264305deaa20191b10ce4dd6334f","imageurl":"/mcm/images/land/2A/11021_2d9b9a43de1f.jpg","landname":"130"},{"id":281475014852739,"level":2,"status":0,"posx":9,"posy":29,"cityid":582,"townid":1265,"tokenid":"45fae7d78009e98c83ff353a4a2cf9f4","tokenurl":"/mcm/api/land?token=45fae7d78009e98c83ff353a4a2cf9f4","imageurl":"/mcm/images/land/2A/11022_3a67faaadc25.jpg","landname":"131"},{"id":281475014852740,"level":2,"status":1,"posx":10,"posy":29,"cityid":582,"townid":1265,"tokenid":"3e09985a9c64c940a1e2c84fdd7a8a22","tokenurl":"/mcm/api/land?token=3e09985a9c64c940a1e2c84fdd7a8a22","imageurl":"/mcm/images/land/2A/11023_17abaf69c25c.jpg","landname":"132"},{"id":281475014852741,"level":1,"status":1,"posx":31,"posy":29,"cityid":582,"townid":1265,"tokenid":"a7bfa5e31194b85206ee6353987ff1a0","tokenurl":"/mcm/api/land?token=a7bfa5e31194b85206ee6353987ff1a0","imageurl":"/mcm/images/land/2S/7347_105c73a61837.jpg","landname":"133"},{"id":281475014852742,"level":2,"status":0,"posx":32,"posy":29,"cityid":582,"townid":1265,"tokenid":"1522b2a611198f32856f58d057638aff","tokenurl":"/mcm/api/land?token=1522b2a611198f32856f58d057638aff","imageurl":"/mcm/images/land/2A/11024_4e002318cff8.jpg","landname":"134"},{"id":281475014852743,"level":3,"status":1,"posx":6,"posy":30,"cityid":582,"townid":1265,"tokenid":"8757f10565140db04ef3cd2ad2dbba9d","tokenurl":"/mcm/api/land?token=8757f10565140db04ef3cd2ad2dbba9d","imageurl":"/mcm/images/land/2B/18367_1d71aa4e3934.jpg","landname":"135"},{"id":281475014852744,"level":3,"status":0,"posx":7,"posy":30,"cityid":582,"townid":1265,"tokenid":"313999a6ba9adff98438aaf1e9283929","tokenurl":"/mcm/api/land?token=313999a6ba9adff98438aaf1e9283929","imageurl":"/mcm/images/land/2B/18368_3b69e53c8b05.jpg","landname":"136"},{"id":281475014852745,"level":1,"status":1,"posx":9,"posy":30,"cityid":582,"townid":1265,"tokenid":"f72c3c241887394a620c0fd690454701","tokenurl":"/mcm/api/land?token=f72c3c241887394a620c0fd690454701","imageurl":"/mcm/images/land/2S/7348_4d39d1170a21.jpg","landname":"137"},{"id":281475014852746,"level":3,"status":1,"posx":10,"posy":30,"cityid":582,"townid":1265,"tokenid":"a5ec317fef298bac7aa7eb9d46f4c4b5","tokenurl":"/mcm/api/land?token=a5ec317fef298bac7aa7eb9d46f4c4b5","imageurl":"/mcm/images/land/2B/18369_17ea878643.jpg","landname":"138"},{"id":281475014852747,"level":3,"status":0,"posx":31,"posy":30,"cityid":582,"townid":1265,"tokenid":"3adaf5953d77c08054a92cf28fdd3b93","tokenurl":"/mcm/api/land?token=3adaf5953d77c08054a92cf28fdd3b93","imageurl":"/mcm/images/land/2B/18370_4d2f42928dec.jpg","landname":"139"},{"id":281475014852748,"level":3,"status":0,"posx":32,"posy":30,"cityid":582,"townid":1265,"tokenid":"55343e8b275185cd2e1ecb7581bdd0fe","tokenurl":"/mcm/api/land?token=55343e8b275185cd2e1ecb7581bdd0fe","imageurl":"/mcm/images/land/2B/18371_3a74e0073c4c.jpg","landname":"140"},{"id":281475014852749,"level":3,"status":0,"posx":6,"posy":31,"cityid":582,"townid":1265,"tokenid":"d5a3db0ce92b669177d29360247fb432","tokenurl":"/mcm/api/land?token=d5a3db0ce92b669177d29360247fb432","imageurl":"/mcm/images/land/2B/18372_1bae749eabfd.jpg","landname":"141"},{"id":281475014852750,"level":1,"status":1,"posx":7,"posy":31,"cityid":582,"townid":1265,"tokenid":"f34628e8c2acabc22d97a5792b64ba1d","tokenurl":"/mcm/api/land?token=f34628e8c2acabc22d97a5792b64ba1d","imageurl":"/mcm/images/land/2S/7349_58f288b3f504.jpg","landname":"142"},{"id":281475014852751,"level":3,"status":0,"posx":9,"posy":31,"cityid":582,"townid":1265,"tokenid":"43e37417cc8affc1de391375d89456b6","tokenurl":"/mcm/api/land?token=43e37417cc8affc1de391375d89456b6","imageurl":"/mcm/images/land/2B/18373_2ad9ae90ebd3.jpg","landname":"143"},{"id":281475014852752,"level":2,"status":0,"posx":10,"posy":31,"cityid":582,"townid":1265,"tokenid":"80a57d45f237297df0df414f4b38c208","tokenurl":"/mcm/api/land?token=80a57d45f237297df0df414f4b38c208","imageurl":"/mcm/images/land/2A/11025_44e69c32bd65.jpg","landname":"144"},{"id":281475014852753,"level":3,"status":0,"posx":31,"posy":31,"cityid":582,"townid":1265,"tokenid":"53bed0d2ca73b413cedc01b1965ff9e1","tokenurl":"/mcm/api/land?token=53bed0d2ca73b413cedc01b1965ff9e1","imageurl":"/mcm/images/land/2B/18374_575de016bfc3.jpg","landname":"145"},{"id":281475014852754,"level":1,"status":0,"posx":32,"posy":31,"cityid":582,"townid":1265,"tokenid":"ae52ddd23cef4f03d603cdf64ed5fb33","tokenurl":"/mcm/api/land?token=ae52ddd23cef4f03d603cdf64ed5fb33","imageurl":"/mcm/images/land/2S/7350_143d0e278661.jpg","landname":"146"},{"id":281475014852755,"level":1,"status":0,"posx":6,"posy":32,"cityid":582,"townid":1265,"tokenid":"4510ee7a1dfc1f012d668a63645f7ca6","tokenurl":"/mcm/api/land?token=4510ee7a1dfc1f012d668a63645f7ca6","imageurl":"/mcm/images/land/2S/7351_1de3e74574d0.jpg","landname":"147"},{"id":281475014852756,"level":2,"status":0,"posx":7,"posy":32,"cityid":582,"townid":1265,"tokenid":"7e1f3e3f6816ed8ce8c51423fa1ec0ed","tokenurl":"/mcm/api/land?token=7e1f3e3f6816ed8ce8c51423fa1ec0ed","imageurl":"/mcm/images/land/2A/11026_1ff28bdcba25.jpg","landname":"148"},{"id":281475014852757,"level":3,"status":0,"posx":9,"posy":32,"cityid":582,"townid":1265,"tokenid":"13bbf22d5cde04efee1d26a44011c7b0","tokenurl":"/mcm/api/land?token=13bbf22d5cde04efee1d26a44011c7b0","imageurl":"/mcm/images/land/2B/18375_4772456411dd.jpg","landname":"149"},{"id":281475014852758,"level":3,"status":0,"posx":10,"posy":32,"cityid":582,"townid":1265,"tokenid":"9b81ff64c3833d9f6abb198dc7d4e8db","tokenurl":"/mcm/api/land?token=9b81ff64c3833d9f6abb198dc7d4e8db","imageurl":"/mcm/images/land/2B/18376_5a2e54f4c44e.jpg","landname":"150"}]]],0,0,[],[],[]]
