[1,0,0,[["cc.JsonAsset",["_name","json"],1]],[[0,0,1,3]],[[0,"1038",[{"id":281475008233623,"level":3,"status":1,"posx":32,"posy":5,"cityid":481,"townid":1038,"tokenid":"c380ddec81ed5fd8a45ee9f6f9492a27","tokenurl":"/mcm/api/land?token=c380ddec81ed5fd8a45ee9f6f9492a27","imageurl":"/mcm/images/land/2B/5177_2ebc1aec4098.jpg","landname":"1"},{"id":281475008233624,"level":3,"status":1,"posx":33,"posy":5,"cityid":481,"townid":1038,"tokenid":"22cd2e6fb3211747127d3fda9e205163","tokenurl":"/mcm/api/land?token=22cd2e6fb3211747127d3fda9e205163","imageurl":"/mcm/images/land/2B/5178_5a97fbd0fc1a.jpg","landname":"2"},{"id":281475008233625,"level":3,"status":0,"posx":5,"posy":6,"cityid":481,"townid":1038,"tokenid":"84136b89ead7812cdb11b22497f6141b","tokenurl":"/mcm/api/land?token=84136b89ead7812cdb11b22497f6141b","imageurl":"/mcm/images/land/2B/5179_14e4542c673e.jpg","landname":"3"},{"id":281475008233626,"level":2,"status":1,"posx":6,"posy":6,"cityid":481,"townid":1038,"tokenid":"44e4e18fe144aca47cba426d0c2999ad","tokenurl":"/mcm/api/land?token=44e4e18fe144aca47cba426d0c2999ad","imageurl":"/mcm/images/land/2A/3107_47541e748ada.jpg","landname":"4"},{"id":281475008233627,"level":3,"status":0,"posx":21,"posy":6,"cityid":481,"townid":1038,"tokenid":"c30d6ff1ce08bdaf9f3b3f460cb7a14d","tokenurl":"/mcm/api/land?token=c30d6ff1ce08bdaf9f3b3f460cb7a14d","imageurl":"/mcm/images/land/2B/5180_5566b5624a5c.jpg","landname":"5"},{"id":281475008233628,"level":2,"status":0,"posx":22,"posy":6,"cityid":481,"townid":1038,"tokenid":"8bd859b9cb41ab1a298fac9c24d9d745","tokenurl":"/mcm/api/land?token=8bd859b9cb41ab1a298fac9c24d9d745","imageurl":"/mcm/images/land/2A/3108_13be7769595f.jpg","landname":"6"},{"id":281475008233629,"level":3,"status":0,"posx":23,"posy":6,"cityid":481,"townid":1038,"tokenid":"6378921b9730da6e242d3a55f306a8d1","tokenurl":"/mcm/api/land?token=6378921b9730da6e242d3a55f306a8d1","imageurl":"/mcm/images/land/2B/5181_3f99625614a5.jpg","landname":"7"},{"id":281475008233630,"level":3,"status":0,"posx":24,"posy":6,"cityid":481,"townid":1038,"tokenid":"98643b3b6783661a48725f3712af5c7f","tokenurl":"/mcm/api/land?token=98643b3b6783661a48725f3712af5c7f","imageurl":"/mcm/images/land/2B/5182_4a7ce2fd330d.jpg","landname":"8"},{"id":281475008233631,"level":3,"status":1,"posx":25,"posy":6,"cityid":481,"townid":1038,"tokenid":"c72998e47afc99a67bfd00998d0f1e93","tokenurl":"/mcm/api/land?token=c72998e47afc99a67bfd00998d0f1e93","imageurl":"/mcm/images/land/2B/5183_2437be83dca2.jpg","landname":"9"},{"id":281475008233632,"level":2,"status":0,"posx":32,"posy":6,"cityid":481,"townid":1038,"tokenid":"2a2897a091e9dcfb4e36fbed2f933bd4","tokenurl":"/mcm/api/land?token=2a2897a091e9dcfb4e36fbed2f933bd4","imageurl":"/mcm/images/land/2A/3109_539fab10a199.jpg","landname":"10"},{"id":281475008233633,"level":3,"status":0,"posx":33,"posy":6,"cityid":481,"townid":1038,"tokenid":"be9b902473fc81320acbaa4c069c08f6","tokenurl":"/mcm/api/land?token=be9b902473fc81320acbaa4c069c08f6","imageurl":"/mcm/images/land/2B/5184_30c345f02af7.jpg","landname":"11"},{"id":281475008233634,"level":3,"status":1,"posx":5,"posy":7,"cityid":481,"townid":1038,"tokenid":"cd1d5ca6275305c2a9a4aeb1d3ca4453","tokenurl":"/mcm/api/land?token=cd1d5ca6275305c2a9a4aeb1d3ca4453","imageurl":"/mcm/images/land/2B/5185_53fa01a759ae.jpg","landname":"12"},{"id":281475008233635,"level":3,"status":1,"posx":6,"posy":7,"cityid":481,"townid":1038,"tokenid":"761c7cf2ba007e825fab12f749bfffca","tokenurl":"/mcm/api/land?token=761c7cf2ba007e825fab12f749bfffca","imageurl":"/mcm/images/land/2B/5186_3022a59e8ab2.jpg","landname":"13"},{"id":281475008233636,"level":3,"status":0,"posx":21,"posy":7,"cityid":481,"townid":1038,"tokenid":"76210de90752b1ab1e7683ecb0d7deba","tokenurl":"/mcm/api/land?token=76210de90752b1ab1e7683ecb0d7deba","imageurl":"/mcm/images/land/2B/5187_a26c4f4f20a.jpg","landname":"14"},{"id":281475008233637,"level":2,"status":1,"posx":22,"posy":7,"cityid":481,"townid":1038,"tokenid":"46d06cebcac158bea3e85662893cd56f","tokenurl":"/mcm/api/land?token=46d06cebcac158bea3e85662893cd56f","imageurl":"/mcm/images/land/2A/3110_570a0e5fe7d6.jpg","landname":"15"},{"id":281475008233638,"level":1,"status":0,"posx":23,"posy":7,"cityid":481,"townid":1038,"tokenid":"830275db2e029109eb792ff20cc76f0b","tokenurl":"/mcm/api/land?token=830275db2e029109eb792ff20cc76f0b","imageurl":"/mcm/images/land/2S/2072_867c924df06.jpg","landname":"16"},{"id":281475008233639,"level":2,"status":0,"posx":24,"posy":7,"cityid":481,"townid":1038,"tokenid":"989d7ee96b22780467b2b1da5d384a6b","tokenurl":"/mcm/api/land?token=989d7ee96b22780467b2b1da5d384a6b","imageurl":"/mcm/images/land/2A/3111_48163568a61b.jpg","landname":"17"},{"id":281475008233640,"level":3,"status":1,"posx":25,"posy":7,"cityid":481,"townid":1038,"tokenid":"720271b0970852f1da900eaae5c397c7","tokenurl":"/mcm/api/land?token=720271b0970852f1da900eaae5c397c7","imageurl":"/mcm/images/land/2B/5188_1b956ec02b5a.jpg","landname":"18"},{"id":281475008233641,"level":3,"status":1,"posx":32,"posy":7,"cityid":481,"townid":1038,"tokenid":"1310b702bda21aea14d048714f2f0017","tokenurl":"/mcm/api/land?token=1310b702bda21aea14d048714f2f0017","imageurl":"/mcm/images/land/2B/5189_5749033508a9.jpg","landname":"19"},{"id":281475008233642,"level":1,"status":1,"posx":33,"posy":7,"cityid":481,"townid":1038,"tokenid":"c24601d4dc8f4b3c76dc8a7e4498f535","tokenurl":"/mcm/api/land?token=c24601d4dc8f4b3c76dc8a7e4498f535","imageurl":"/mcm/images/land/2S/2073_35dacdb7f286.jpg","landname":"20"},{"id":281475008233643,"level":1,"status":0,"posx":5,"posy":8,"cityid":481,"townid":1038,"tokenid":"c29f0850c0cc182e07efc00a79bc84a7","tokenurl":"/mcm/api/land?token=c29f0850c0cc182e07efc00a79bc84a7","imageurl":"/mcm/images/land/2S/2074_3bd3c6b7f93b.jpg","landname":"21"},{"id":281475008233644,"level":2,"status":1,"posx":6,"posy":8,"cityid":481,"townid":1038,"tokenid":"aa4b01ff0dc7fc7c7d7e3c824e546069","tokenurl":"/mcm/api/land?token=aa4b01ff0dc7fc7c7d7e3c824e546069","imageurl":"/mcm/images/land/2A/3112_288a39c7ecc5.jpg","landname":"22"},{"id":281475008233645,"level":3,"status":0,"posx":32,"posy":8,"cityid":481,"townid":1038,"tokenid":"76c22ba70543b88068a008e0541a5946","tokenurl":"/mcm/api/land?token=76c22ba70543b88068a008e0541a5946","imageurl":"/mcm/images/land/2B/5190_3d043345e05a.jpg","landname":"23"},{"id":281475008233646,"level":2,"status":0,"posx":33,"posy":8,"cityid":481,"townid":1038,"tokenid":"e530e9e50f8678415509d0afdd12c70a","tokenurl":"/mcm/api/land?token=e530e9e50f8678415509d0afdd12c70a","imageurl":"/mcm/images/land/2A/3113_544c511d0a09.jpg","landname":"24"},{"id":281475008233647,"level":3,"status":0,"posx":5,"posy":9,"cityid":481,"townid":1038,"tokenid":"f9bda690eca2792cd52a865346d5f553","tokenurl":"/mcm/api/land?token=f9bda690eca2792cd52a865346d5f553","imageurl":"/mcm/images/land/2B/5191_515b3cf7f8f1.jpg","landname":"25"},{"id":281475008233648,"level":1,"status":0,"posx":6,"posy":9,"cityid":481,"townid":1038,"tokenid":"d20382664ea8e5093eaf66c9b1787979","tokenurl":"/mcm/api/land?token=d20382664ea8e5093eaf66c9b1787979","imageurl":"/mcm/images/land/2S/2075_303b2defdf44.jpg","landname":"26"},{"id":281475008233649,"level":3,"status":0,"posx":32,"posy":9,"cityid":481,"townid":1038,"tokenid":"fd46113284f99c58d67af6ae520debd5","tokenurl":"/mcm/api/land?token=fd46113284f99c58d67af6ae520debd5","imageurl":"/mcm/images/land/2B/5192_3fdf1b5328fa.jpg","landname":"27"},{"id":281475008233650,"level":2,"status":0,"posx":33,"posy":9,"cityid":481,"townid":1038,"tokenid":"b51a2b3d6895dad16f9a7ddf652328bd","tokenurl":"/mcm/api/land?token=b51a2b3d6895dad16f9a7ddf652328bd","imageurl":"/mcm/images/land/2A/3114_17fa1ddc0055.jpg","landname":"28"},{"id":281475008233651,"level":3,"status":1,"posx":5,"posy":10,"cityid":481,"townid":1038,"tokenid":"165fda7f66c5729bfdff8511b1d60ac5","tokenurl":"/mcm/api/land?token=165fda7f66c5729bfdff8511b1d60ac5","imageurl":"/mcm/images/land/2B/5193_45f1c7bdee00.jpg","landname":"29"},{"id":281475008233652,"level":3,"status":0,"posx":6,"posy":10,"cityid":481,"townid":1038,"tokenid":"0b16c65a7f9026a09045b69586d12733","tokenurl":"/mcm/api/land?token=0b16c65a7f9026a09045b69586d12733","imageurl":"/mcm/images/land/2B/5194_3b86578ecc16.jpg","landname":"30"},{"id":281475008233653,"level":1,"status":1,"posx":8,"posy":10,"cityid":481,"townid":1038,"tokenid":"2a1d5639a3b0db18e339239c9852b966","tokenurl":"/mcm/api/land?token=2a1d5639a3b0db18e339239c9852b966","imageurl":"/mcm/images/land/2S/2076_37a6ef1a88e7.jpg","landname":"31"},{"id":281475008233654,"level":3,"status":0,"posx":9,"posy":10,"cityid":481,"townid":1038,"tokenid":"57b77a2b1f7d6ead311959d3416dbfd2","tokenurl":"/mcm/api/land?token=57b77a2b1f7d6ead311959d3416dbfd2","imageurl":"/mcm/images/land/2B/5195_52417fcca439.jpg","landname":"32"},{"id":281475008233655,"level":3,"status":0,"posx":23,"posy":10,"cityid":481,"townid":1038,"tokenid":"63b04b8f8370deebc6bc17824b62d92e","tokenurl":"/mcm/api/land?token=63b04b8f8370deebc6bc17824b62d92e","imageurl":"/mcm/images/land/2B/5196_9dc4ad905d4.jpg","landname":"33"},{"id":281475008233656,"level":1,"status":0,"posx":24,"posy":10,"cityid":481,"townid":1038,"tokenid":"535cee31aac2f17b74fd28963b67df2e","tokenurl":"/mcm/api/land?token=535cee31aac2f17b74fd28963b67df2e","imageurl":"/mcm/images/land/2S/2077_4bff76084976.jpg","landname":"34"},{"id":281475008233657,"level":2,"status":0,"posx":8,"posy":11,"cityid":481,"townid":1038,"tokenid":"7f2dff77038b71e9a823707cc6943a8b","tokenurl":"/mcm/api/land?token=7f2dff77038b71e9a823707cc6943a8b","imageurl":"/mcm/images/land/2A/3115_3f4d77bcd5c5.jpg","landname":"35"},{"id":281475008233658,"level":3,"status":1,"posx":9,"posy":11,"cityid":481,"townid":1038,"tokenid":"1a62321e46bd283887d5c6d52f561195","tokenurl":"/mcm/api/land?token=1a62321e46bd283887d5c6d52f561195","imageurl":"/mcm/images/land/2B/5197_12fb9fee5ed4.jpg","landname":"36"},{"id":281475008233659,"level":1,"status":1,"posx":23,"posy":11,"cityid":481,"townid":1038,"tokenid":"51eb96d7788bd7aad288aa6c6b9ad117","tokenurl":"/mcm/api/land?token=51eb96d7788bd7aad288aa6c6b9ad117","imageurl":"/mcm/images/land/2S/2078_54b4fc7ceca9.jpg","landname":"37"},{"id":281475008233660,"level":3,"status":1,"posx":24,"posy":11,"cityid":481,"townid":1038,"tokenid":"28a546e4645639b06ad599ac0ac00d4a","tokenurl":"/mcm/api/land?token=28a546e4645639b06ad599ac0ac00d4a","imageurl":"/mcm/images/land/2B/5198_1f8c88bbbc87.jpg","landname":"38"},{"id":281475008233661,"level":3,"status":0,"posx":8,"posy":12,"cityid":481,"townid":1038,"tokenid":"045b3c33ed19cc9fd0cdbfbcb6e87d78","tokenurl":"/mcm/api/land?token=045b3c33ed19cc9fd0cdbfbcb6e87d78","imageurl":"/mcm/images/land/2B/5199_24ce87fcc121.jpg","landname":"39"},{"id":281475008233662,"level":3,"status":1,"posx":9,"posy":12,"cityid":481,"townid":1038,"tokenid":"f627ba814021a7fca47b7ae704a1f645","tokenurl":"/mcm/api/land?token=f627ba814021a7fca47b7ae704a1f645","imageurl":"/mcm/images/land/2B/5200_22a3c23e70e7.jpg","landname":"40"},{"id":281475008233663,"level":3,"status":1,"posx":23,"posy":12,"cityid":481,"townid":1038,"tokenid":"63449d61df9b9377b34cfb709810d2ed","tokenurl":"/mcm/api/land?token=63449d61df9b9377b34cfb709810d2ed","imageurl":"/mcm/images/land/2B/5201_298dcb669f13.jpg","landname":"41"},{"id":281475008233664,"level":3,"status":0,"posx":24,"posy":12,"cityid":481,"townid":1038,"tokenid":"3b8df44d5a3c5bd3ab2c0e12e96b9ed0","tokenurl":"/mcm/api/land?token=3b8df44d5a3c5bd3ab2c0e12e96b9ed0","imageurl":"/mcm/images/land/2B/5202_29e2906f3e2b.jpg","landname":"42"},{"id":281475008233665,"level":3,"status":1,"posx":32,"posy":12,"cityid":481,"townid":1038,"tokenid":"0b2d9a28e1e0e243732fb2ad469cfd6d","tokenurl":"/mcm/api/land?token=0b2d9a28e1e0e243732fb2ad469cfd6d","imageurl":"/mcm/images/land/2B/5203_dd69a2c43c4.jpg","landname":"43"},{"id":281475008233666,"level":3,"status":0,"posx":33,"posy":12,"cityid":481,"townid":1038,"tokenid":"825eee45878ac91e1d503e92a54d7751","tokenurl":"/mcm/api/land?token=825eee45878ac91e1d503e92a54d7751","imageurl":"/mcm/images/land/2B/5204_11f7a5a22d71.jpg","landname":"44"},{"id":281475008233667,"level":1,"status":1,"posx":8,"posy":13,"cityid":481,"townid":1038,"tokenid":"05915e45764690e58b1acfa45d7ae624","tokenurl":"/mcm/api/land?token=05915e45764690e58b1acfa45d7ae624","imageurl":"/mcm/images/land/2S/2079_58e2aa856cd1.jpg","landname":"45"},{"id":281475008233668,"level":3,"status":0,"posx":9,"posy":13,"cityid":481,"townid":1038,"tokenid":"465f564eb2ddac6ea8a3e4ed0183f993","tokenurl":"/mcm/api/land?token=465f564eb2ddac6ea8a3e4ed0183f993","imageurl":"/mcm/images/land/2B/5205_192a6e26fb35.jpg","landname":"46"},{"id":281475008233669,"level":2,"status":1,"posx":23,"posy":13,"cityid":481,"townid":1038,"tokenid":"124c2c3e81614cb533ea4ed6b112b468","tokenurl":"/mcm/api/land?token=124c2c3e81614cb533ea4ed6b112b468","imageurl":"/mcm/images/land/2A/3116_611fc5b5f88.jpg","landname":"47"},{"id":281475008233670,"level":3,"status":1,"posx":24,"posy":13,"cityid":481,"townid":1038,"tokenid":"db1a11e830492c2448f6b1ac1e41cbc9","tokenurl":"/mcm/api/land?token=db1a11e830492c2448f6b1ac1e41cbc9","imageurl":"/mcm/images/land/2B/5206_36d2337d51fc.jpg","landname":"48"},{"id":281475008233671,"level":2,"status":1,"posx":32,"posy":13,"cityid":481,"townid":1038,"tokenid":"cfd9da797aad8c7c0e405b435f370367","tokenurl":"/mcm/api/land?token=cfd9da797aad8c7c0e405b435f370367","imageurl":"/mcm/images/land/2A/3117_c488380c67c.jpg","landname":"49"},{"id":281475008233672,"level":3,"status":0,"posx":33,"posy":13,"cityid":481,"townid":1038,"tokenid":"8f1ce9889152b566413be6990ddde46c","tokenurl":"/mcm/api/land?token=8f1ce9889152b566413be6990ddde46c","imageurl":"/mcm/images/land/2B/5207_46fdad0c0649.jpg","landname":"50"},{"id":281475008233673,"level":3,"status":0,"posx":8,"posy":14,"cityid":481,"townid":1038,"tokenid":"5acfb21a460c9a2c04808ff91a7f2263","tokenurl":"/mcm/api/land?token=5acfb21a460c9a2c04808ff91a7f2263","imageurl":"/mcm/images/land/2B/5208_27bb6ea18cff.jpg","landname":"51"},{"id":281475008233674,"level":1,"status":0,"posx":9,"posy":14,"cityid":481,"townid":1038,"tokenid":"5bd89a28f86d75a4d901ab308aa7397d","tokenurl":"/mcm/api/land?token=5bd89a28f86d75a4d901ab308aa7397d","imageurl":"/mcm/images/land/2S/2080_3c1741d1daee.jpg","landname":"52"},{"id":281475008233675,"level":2,"status":1,"posx":23,"posy":14,"cityid":481,"townid":1038,"tokenid":"fc1691dbca836c214aafe2fce6a1e358","tokenurl":"/mcm/api/land?token=fc1691dbca836c214aafe2fce6a1e358","imageurl":"/mcm/images/land/2A/3118_597c8948ba8b.jpg","landname":"53"},{"id":281475008233676,"level":3,"status":0,"posx":24,"posy":14,"cityid":481,"townid":1038,"tokenid":"00b3239614686d24b1c6a5ed3ecb5d7f","tokenurl":"/mcm/api/land?token=00b3239614686d24b1c6a5ed3ecb5d7f","imageurl":"/mcm/images/land/2B/5209_27b2095401bc.jpg","landname":"54"},{"id":281475008233677,"level":1,"status":1,"posx":32,"posy":14,"cityid":481,"townid":1038,"tokenid":"354af49b5f7bd915ff5fc63ee04edb04","tokenurl":"/mcm/api/land?token=354af49b5f7bd915ff5fc63ee04edb04","imageurl":"/mcm/images/land/2S/2081_1460445cc341.jpg","landname":"55"},{"id":281475008233678,"level":3,"status":0,"posx":33,"posy":14,"cityid":481,"townid":1038,"tokenid":"d5ea8572b69f6274eefb869fb5a77d7a","tokenurl":"/mcm/api/land?token=d5ea8572b69f6274eefb869fb5a77d7a","imageurl":"/mcm/images/land/2B/5210_4acc14144c85.jpg","landname":"56"},{"id":281475008233679,"level":2,"status":1,"posx":32,"posy":15,"cityid":481,"townid":1038,"tokenid":"dba150300fa787c5338add3ca6b02410","tokenurl":"/mcm/api/land?token=dba150300fa787c5338add3ca6b02410","imageurl":"/mcm/images/land/2A/3119_3433092f0fdc.jpg","landname":"57"},{"id":281475008233680,"level":1,"status":0,"posx":33,"posy":15,"cityid":481,"townid":1038,"tokenid":"2ece3ec7cde9ee6942b68708ff9ead3a","tokenurl":"/mcm/api/land?token=2ece3ec7cde9ee6942b68708ff9ead3a","imageurl":"/mcm/images/land/2S/2082_38426308455e.jpg","landname":"58"},{"id":281475008233681,"level":1,"status":1,"posx":8,"posy":16,"cityid":481,"townid":1038,"tokenid":"c2e6591e1498eca9ba0bb8ff0fa1b466","tokenurl":"/mcm/api/land?token=c2e6591e1498eca9ba0bb8ff0fa1b466","imageurl":"/mcm/images/land/2S/2083_555dbcc158d5.jpg","landname":"59"},{"id":281475008233682,"level":3,"status":1,"posx":9,"posy":16,"cityid":481,"townid":1038,"tokenid":"6977e4c444f50f01a43177de4b10d7e7","tokenurl":"/mcm/api/land?token=6977e4c444f50f01a43177de4b10d7e7","imageurl":"/mcm/images/land/2B/5211_3df8e5240f34.jpg","landname":"60"},{"id":281475008233683,"level":3,"status":1,"posx":32,"posy":16,"cityid":481,"townid":1038,"tokenid":"cf41f15f572a73fb9615af0f59f3b144","tokenurl":"/mcm/api/land?token=cf41f15f572a73fb9615af0f59f3b144","imageurl":"/mcm/images/land/2B/5212_2c95fab17f8d.jpg","landname":"61"},{"id":281475008233684,"level":1,"status":0,"posx":33,"posy":16,"cityid":481,"townid":1038,"tokenid":"009368281a76a984bd539e7d8cdcd03b","tokenurl":"/mcm/api/land?token=009368281a76a984bd539e7d8cdcd03b","imageurl":"/mcm/images/land/2S/2084_29b3d259f383.jpg","landname":"62"},{"id":281475008233685,"level":3,"status":0,"posx":8,"posy":17,"cityid":481,"townid":1038,"tokenid":"278e697b2385a92bcfac3e5a1edbe70d","tokenurl":"/mcm/api/land?token=278e697b2385a92bcfac3e5a1edbe70d","imageurl":"/mcm/images/land/2B/5213_427d9f49bfb0.jpg","landname":"63"},{"id":281475008233686,"level":2,"status":0,"posx":9,"posy":17,"cityid":481,"townid":1038,"tokenid":"b2e8e9715c04b81c49a42faa21ccd0b6","tokenurl":"/mcm/api/land?token=b2e8e9715c04b81c49a42faa21ccd0b6","imageurl":"/mcm/images/land/2A/3120_459d92e185c9.jpg","landname":"64"},{"id":281475008233687,"level":2,"status":1,"posx":8,"posy":18,"cityid":481,"townid":1038,"tokenid":"28b99765bd23b05f4265933241959b57","tokenurl":"/mcm/api/land?token=28b99765bd23b05f4265933241959b57","imageurl":"/mcm/images/land/2A/3121_3f2884dbac9e.jpg","landname":"65"},{"id":281475008233688,"level":3,"status":0,"posx":9,"posy":18,"cityid":481,"townid":1038,"tokenid":"69e4dddcd1326960e4aa635064478f37","tokenurl":"/mcm/api/land?token=69e4dddcd1326960e4aa635064478f37","imageurl":"/mcm/images/land/2B/5214_5ab3cbe1ab98.jpg","landname":"66"},{"id":281475008233689,"level":2,"status":0,"posx":20,"posy":18,"cityid":481,"townid":1038,"tokenid":"f9aab3c4d0c41cc84f0052fdf5b9f58f","tokenurl":"/mcm/api/land?token=f9aab3c4d0c41cc84f0052fdf5b9f58f","imageurl":"/mcm/images/land/2A/3122_3b527f49c18d.jpg","landname":"67"},{"id":281475008233690,"level":3,"status":1,"posx":21,"posy":18,"cityid":481,"townid":1038,"tokenid":"83f6c54fdfddcbb266d392e9ff55af1b","tokenurl":"/mcm/api/land?token=83f6c54fdfddcbb266d392e9ff55af1b","imageurl":"/mcm/images/land/2B/5215_5ae224c16d31.jpg","landname":"68"},{"id":281475008233691,"level":3,"status":1,"posx":25,"posy":18,"cityid":481,"townid":1038,"tokenid":"6b3d37793259e9cb794d72b4b418e579","tokenurl":"/mcm/api/land?token=6b3d37793259e9cb794d72b4b418e579","imageurl":"/mcm/images/land/2B/5216_2b5c10f8972b.jpg","landname":"69"},{"id":281475008233692,"level":2,"status":0,"posx":26,"posy":18,"cityid":481,"townid":1038,"tokenid":"2103fd647f32645be69ae7327608a1c4","tokenurl":"/mcm/api/land?token=2103fd647f32645be69ae7327608a1c4","imageurl":"/mcm/images/land/2A/3123_419eb49800d9.jpg","landname":"70"},{"id":281475008233693,"level":3,"status":0,"posx":8,"posy":19,"cityid":481,"townid":1038,"tokenid":"c7bb3594d391691f48c3be54aee61a81","tokenurl":"/mcm/api/land?token=c7bb3594d391691f48c3be54aee61a81","imageurl":"/mcm/images/land/2B/5217_1121500505c3.jpg","landname":"71"},{"id":281475008233694,"level":3,"status":1,"posx":9,"posy":19,"cityid":481,"townid":1038,"tokenid":"6e9ccc55da388d000d77d7cb12fef14a","tokenurl":"/mcm/api/land?token=6e9ccc55da388d000d77d7cb12fef14a","imageurl":"/mcm/images/land/2B/5218_4886797cf4c6.jpg","landname":"72"},{"id":281475008233695,"level":2,"status":1,"posx":20,"posy":19,"cityid":481,"townid":1038,"tokenid":"13eb78d0ce7da62ad825a9168d5f826c","tokenurl":"/mcm/api/land?token=13eb78d0ce7da62ad825a9168d5f826c","imageurl":"/mcm/images/land/2A/3124_45d3c61e7d00.jpg","landname":"73"},{"id":281475008233696,"level":1,"status":0,"posx":21,"posy":19,"cityid":481,"townid":1038,"tokenid":"0abbebc1e7e95beeafc0121b5dedccd5","tokenurl":"/mcm/api/land?token=0abbebc1e7e95beeafc0121b5dedccd5","imageurl":"/mcm/images/land/2S/2085_41f508f38000.jpg","landname":"74"},{"id":281475008233697,"level":2,"status":1,"posx":25,"posy":19,"cityid":481,"townid":1038,"tokenid":"aab7e3e58f5b990aece6a79c0f314f90","tokenurl":"/mcm/api/land?token=aab7e3e58f5b990aece6a79c0f314f90","imageurl":"/mcm/images/land/2A/3125_1070a0f13916.jpg","landname":"75"},{"id":281475008233698,"level":2,"status":0,"posx":26,"posy":19,"cityid":481,"townid":1038,"tokenid":"36b74bfb9f9e55d3adf560c612635c1a","tokenurl":"/mcm/api/land?token=36b74bfb9f9e55d3adf560c612635c1a","imageurl":"/mcm/images/land/2A/3126_3dac3201d48a.jpg","landname":"76"},{"id":281475008233699,"level":2,"status":1,"posx":8,"posy":20,"cityid":481,"townid":1038,"tokenid":"475261f46fd0fc16f8cc6c5ec02fd3ed","tokenurl":"/mcm/api/land?token=475261f46fd0fc16f8cc6c5ec02fd3ed","imageurl":"/mcm/images/land/2A/3127_5aba66a513ff.jpg","landname":"77"},{"id":281475008233700,"level":1,"status":1,"posx":9,"posy":20,"cityid":481,"townid":1038,"tokenid":"cd44425edd6a3c0416e04c191b49f5d9","tokenurl":"/mcm/api/land?token=cd44425edd6a3c0416e04c191b49f5d9","imageurl":"/mcm/images/land/2S/2086_246cfc013e73.jpg","landname":"78"},{"id":281475008233701,"level":2,"status":1,"posx":20,"posy":20,"cityid":481,"townid":1038,"tokenid":"a1ce4352df9bc65b317c83c1bc23b2d7","tokenurl":"/mcm/api/land?token=a1ce4352df9bc65b317c83c1bc23b2d7","imageurl":"/mcm/images/land/2A/3128_304421a79b6b.jpg","landname":"79"},{"id":281475008233702,"level":2,"status":0,"posx":21,"posy":20,"cityid":481,"townid":1038,"tokenid":"2ba4201c8a88b7a1b5610d563c2947ab","tokenurl":"/mcm/api/land?token=2ba4201c8a88b7a1b5610d563c2947ab","imageurl":"/mcm/images/land/2A/3129_291201515b23.jpg","landname":"80"},{"id":281475008233703,"level":3,"status":1,"posx":25,"posy":20,"cityid":481,"townid":1038,"tokenid":"813f5f554d2343d829cf01bcc994be43","tokenurl":"/mcm/api/land?token=813f5f554d2343d829cf01bcc994be43","imageurl":"/mcm/images/land/2B/5219_ae8a81e3611.jpg","landname":"81"},{"id":281475008233704,"level":2,"status":0,"posx":26,"posy":20,"cityid":481,"townid":1038,"tokenid":"70cc101a09a2255b6313d908462117e1","tokenurl":"/mcm/api/land?token=70cc101a09a2255b6313d908462117e1","imageurl":"/mcm/images/land/2A/3130_40a7dab88386.jpg","landname":"82"},{"id":281475008233705,"level":3,"status":1,"posx":31,"posy":20,"cityid":481,"townid":1038,"tokenid":"0aa186d950d65e79d585fa67bc2ec4b8","tokenurl":"/mcm/api/land?token=0aa186d950d65e79d585fa67bc2ec4b8","imageurl":"/mcm/images/land/2B/5220_20f841fa31ce.jpg","landname":"83"},{"id":281475008233706,"level":2,"status":1,"posx":32,"posy":20,"cityid":481,"townid":1038,"tokenid":"74b2461cd97ff7d669ed4a2a6e72fb32","tokenurl":"/mcm/api/land?token=74b2461cd97ff7d669ed4a2a6e72fb32","imageurl":"/mcm/images/land/2A/3131_c3d736daa00.jpg","landname":"84"},{"id":281475008233707,"level":3,"status":1,"posx":20,"posy":21,"cityid":481,"townid":1038,"tokenid":"4b8fd49d743d426d634390e9e5df2512","tokenurl":"/mcm/api/land?token=4b8fd49d743d426d634390e9e5df2512","imageurl":"/mcm/images/land/2B/5221_135ba8b15ca8.jpg","landname":"85"},{"id":281475008233708,"level":2,"status":1,"posx":21,"posy":21,"cityid":481,"townid":1038,"tokenid":"62bd9eaa1fe313c7d3396e30e1afeccb","tokenurl":"/mcm/api/land?token=62bd9eaa1fe313c7d3396e30e1afeccb","imageurl":"/mcm/images/land/2A/3132_4b91e5581e1f.jpg","landname":"86"},{"id":281475008233709,"level":3,"status":0,"posx":25,"posy":21,"cityid":481,"townid":1038,"tokenid":"d6d18a6a81f078dc14be13636e06bd0c","tokenurl":"/mcm/api/land?token=d6d18a6a81f078dc14be13636e06bd0c","imageurl":"/mcm/images/land/2B/5222_33a78b40fd7d.jpg","landname":"87"},{"id":281475008233710,"level":3,"status":1,"posx":26,"posy":21,"cityid":481,"townid":1038,"tokenid":"fa358fed38ce3c915fb28892ded59ee0","tokenurl":"/mcm/api/land?token=fa358fed38ce3c915fb28892ded59ee0","imageurl":"/mcm/images/land/2B/5223_1aa63ad1724.jpg","landname":"88"},{"id":281475008233711,"level":3,"status":1,"posx":31,"posy":21,"cityid":481,"townid":1038,"tokenid":"5d7029cedf1f933a3b28471d4beaa28d","tokenurl":"/mcm/api/land?token=5d7029cedf1f933a3b28471d4beaa28d","imageurl":"/mcm/images/land/2B/5224_2a9048b35b39.jpg","landname":"89"},{"id":281475008233712,"level":3,"status":1,"posx":32,"posy":21,"cityid":481,"townid":1038,"tokenid":"4c57d338a2182e89ce165a6dc3553f87","tokenurl":"/mcm/api/land?token=4c57d338a2182e89ce165a6dc3553f87","imageurl":"/mcm/images/land/2B/5225_5549b4a0efdd.jpg","landname":"90"},{"id":281475008233713,"level":3,"status":0,"posx":12,"posy":22,"cityid":481,"townid":1038,"tokenid":"8991cd032195329f4df45ab14264fdaa","tokenurl":"/mcm/api/land?token=8991cd032195329f4df45ab14264fdaa","imageurl":"/mcm/images/land/2B/5226_4e8fe0d1ab1.jpg","landname":"91"},{"id":281475008233714,"level":3,"status":0,"posx":13,"posy":22,"cityid":481,"townid":1038,"tokenid":"590602bf9607a908c061bb84f97550ac","tokenurl":"/mcm/api/land?token=590602bf9607a908c061bb84f97550ac","imageurl":"/mcm/images/land/2B/5227_288185c2cdb7.jpg","landname":"92"},{"id":281475008233715,"level":3,"status":0,"posx":20,"posy":22,"cityid":481,"townid":1038,"tokenid":"fe8b697869c7696e33eb6ed4d01b5825","tokenurl":"/mcm/api/land?token=fe8b697869c7696e33eb6ed4d01b5825","imageurl":"/mcm/images/land/2B/5228_4760d6b51745.jpg","landname":"93"},{"id":281475008233716,"level":2,"status":0,"posx":21,"posy":22,"cityid":481,"townid":1038,"tokenid":"dcc437e1b779f4adb5a5576b9e1d71a0","tokenurl":"/mcm/api/land?token=dcc437e1b779f4adb5a5576b9e1d71a0","imageurl":"/mcm/images/land/2A/3133_472ef7cc3d00.jpg","landname":"94"},{"id":281475008233717,"level":3,"status":0,"posx":25,"posy":22,"cityid":481,"townid":1038,"tokenid":"934f4c9ba99c392bc00fadf06a34a8ae","tokenurl":"/mcm/api/land?token=934f4c9ba99c392bc00fadf06a34a8ae","imageurl":"/mcm/images/land/2B/5229_ae1991ae1b2.jpg","landname":"95"},{"id":281475008233718,"level":3,"status":0,"posx":26,"posy":22,"cityid":481,"townid":1038,"tokenid":"1db92eabcfc4bf597d2349bc6a94791d","tokenurl":"/mcm/api/land?token=1db92eabcfc4bf597d2349bc6a94791d","imageurl":"/mcm/images/land/2B/5230_2b217db2aec8.jpg","landname":"96"},{"id":281475008233719,"level":1,"status":1,"posx":31,"posy":22,"cityid":481,"townid":1038,"tokenid":"e6ab5bb0a65ecc6b0183c1f632bb77d3","tokenurl":"/mcm/api/land?token=e6ab5bb0a65ecc6b0183c1f632bb77d3","imageurl":"/mcm/images/land/2S/2087_16267bdef37f.jpg","landname":"97"},{"id":281475008233720,"level":2,"status":0,"posx":32,"posy":22,"cityid":481,"townid":1038,"tokenid":"85c9066027a6bb3f77b5889d29f91330","tokenurl":"/mcm/api/land?token=85c9066027a6bb3f77b5889d29f91330","imageurl":"/mcm/images/land/2A/3134_37b6d0607eab.jpg","landname":"98"},{"id":281475008233721,"level":3,"status":1,"posx":12,"posy":23,"cityid":481,"townid":1038,"tokenid":"31cdc74edb1903befc3a183a632b4ea5","tokenurl":"/mcm/api/land?token=31cdc74edb1903befc3a183a632b4ea5","imageurl":"/mcm/images/land/2B/5231_56b49c0f37c8.jpg","landname":"99"},{"id":281475008233722,"level":3,"status":1,"posx":13,"posy":23,"cityid":481,"townid":1038,"tokenid":"6e532ed3c49cdb2c6608b1b4dcef4abc","tokenurl":"/mcm/api/land?token=6e532ed3c49cdb2c6608b1b4dcef4abc","imageurl":"/mcm/images/land/2B/5232_16815c355af1.jpg","landname":"100"},{"id":281475008233723,"level":2,"status":1,"posx":31,"posy":23,"cityid":481,"townid":1038,"tokenid":"54d6b99ee2d53209a3fd9471075e5f1c","tokenurl":"/mcm/api/land?token=54d6b99ee2d53209a3fd9471075e5f1c","imageurl":"/mcm/images/land/2A/3135_43732cc9b20a.jpg","landname":"101"},{"id":281475008233724,"level":1,"status":1,"posx":32,"posy":23,"cityid":481,"townid":1038,"tokenid":"4e1e31eeb81d72e6c2c34b3f5e273c1e","tokenurl":"/mcm/api/land?token=4e1e31eeb81d72e6c2c34b3f5e273c1e","imageurl":"/mcm/images/land/2S/2088_31b804841e72.jpg","landname":"102"},{"id":281475008233725,"level":1,"status":1,"posx":12,"posy":24,"cityid":481,"townid":1038,"tokenid":"9a337c4bea35444244f76970f4836ec0","tokenurl":"/mcm/api/land?token=9a337c4bea35444244f76970f4836ec0","imageurl":"/mcm/images/land/2S/2089_172b270ae9f6.jpg","landname":"103"},{"id":281475008233726,"level":3,"status":1,"posx":13,"posy":24,"cityid":481,"townid":1038,"tokenid":"d7c12f0a602da0ec757afa493e2ae931","tokenurl":"/mcm/api/land?token=d7c12f0a602da0ec757afa493e2ae931","imageurl":"/mcm/images/land/2B/5233_5af126eea134.jpg","landname":"104"},{"id":281475008233727,"level":1,"status":1,"posx":31,"posy":24,"cityid":481,"townid":1038,"tokenid":"ee8227e762da6206f892f3e1a37ac407","tokenurl":"/mcm/api/land?token=ee8227e762da6206f892f3e1a37ac407","imageurl":"/mcm/images/land/2S/2090_5425a9c688c6.jpg","landname":"105"},{"id":281475008233728,"level":3,"status":1,"posx":32,"posy":24,"cityid":481,"townid":1038,"tokenid":"818aae073cc57be91e534fe433b61c72","tokenurl":"/mcm/api/land?token=818aae073cc57be91e534fe433b61c72","imageurl":"/mcm/images/land/2B/5234_28e9fa8b2269.jpg","landname":"106"},{"id":281475008233729,"level":3,"status":1,"posx":12,"posy":25,"cityid":481,"townid":1038,"tokenid":"40742844eba824d55fa9e64cded095c0","tokenurl":"/mcm/api/land?token=40742844eba824d55fa9e64cded095c0","imageurl":"/mcm/images/land/2B/5235_4242452864bc.jpg","landname":"107"},{"id":281475008233730,"level":1,"status":0,"posx":13,"posy":25,"cityid":481,"townid":1038,"tokenid":"3d90c2abb110ec5e41fbe0a3aba1ee31","tokenurl":"/mcm/api/land?token=3d90c2abb110ec5e41fbe0a3aba1ee31","imageurl":"/mcm/images/land/2S/2091_2d7dd6440008.jpg","landname":"108"},{"id":281475008233731,"level":2,"status":0,"posx":6,"posy":26,"cityid":481,"townid":1038,"tokenid":"04c68755e05b572244f7c7e78a1a8beb","tokenurl":"/mcm/api/land?token=04c68755e05b572244f7c7e78a1a8beb","imageurl":"/mcm/images/land/2A/3136_4e34990d6a6f.jpg","landname":"109"},{"id":281475008233732,"level":1,"status":0,"posx":7,"posy":26,"cityid":481,"townid":1038,"tokenid":"61c1730fb4913714db88343b0c7a98c6","tokenurl":"/mcm/api/land?token=61c1730fb4913714db88343b0c7a98c6","imageurl":"/mcm/images/land/2S/2092_34a2219be9b4.jpg","landname":"110"},{"id":281475008233733,"level":1,"status":0,"posx":9,"posy":26,"cityid":481,"townid":1038,"tokenid":"94615f8614af7ac62ea4169f17f2d450","tokenurl":"/mcm/api/land?token=94615f8614af7ac62ea4169f17f2d450","imageurl":"/mcm/images/land/2S/2093_43758806cc3e.jpg","landname":"111"},{"id":281475008233734,"level":2,"status":0,"posx":10,"posy":26,"cityid":481,"townid":1038,"tokenid":"306dc4a390d6ceac67efaf24c55e73ad","tokenurl":"/mcm/api/land?token=306dc4a390d6ceac67efaf24c55e73ad","imageurl":"/mcm/images/land/2A/3137_159ef30eac97.jpg","landname":"112"},{"id":281475008233735,"level":2,"status":0,"posx":12,"posy":26,"cityid":481,"townid":1038,"tokenid":"42dc567d649ccd18a91965ea56fcc106","tokenurl":"/mcm/api/land?token=42dc567d649ccd18a91965ea56fcc106","imageurl":"/mcm/images/land/2A/3138_1b46eb270e21.jpg","landname":"113"},{"id":281475008233736,"level":2,"status":0,"posx":13,"posy":26,"cityid":481,"townid":1038,"tokenid":"bc8ed18902c0d69c3d1145d502dc21c2","tokenurl":"/mcm/api/land?token=bc8ed18902c0d69c3d1145d502dc21c2","imageurl":"/mcm/images/land/2A/3139_18c825f1f7d7.jpg","landname":"114"},{"id":281475008233737,"level":1,"status":1,"posx":6,"posy":27,"cityid":481,"townid":1038,"tokenid":"ea455eb3e7228b50f4d2cd7b8b18ced9","tokenurl":"/mcm/api/land?token=ea455eb3e7228b50f4d2cd7b8b18ced9","imageurl":"/mcm/images/land/2S/2094_51981c66596e.jpg","landname":"115"},{"id":281475008233738,"level":2,"status":1,"posx":7,"posy":27,"cityid":481,"townid":1038,"tokenid":"cbb15ab19d7ecf885027c9bd922019ac","tokenurl":"/mcm/api/land?token=cbb15ab19d7ecf885027c9bd922019ac","imageurl":"/mcm/images/land/2A/3140_3c356aefa2b6.jpg","landname":"116"},{"id":281475008233739,"level":3,"status":0,"posx":9,"posy":27,"cityid":481,"townid":1038,"tokenid":"54b4f0a01c9d0969ac6896b854136c29","tokenurl":"/mcm/api/land?token=54b4f0a01c9d0969ac6896b854136c29","imageurl":"/mcm/images/land/2B/5236_53d20c7dcc25.jpg","landname":"117"},{"id":281475008233740,"level":1,"status":0,"posx":10,"posy":27,"cityid":481,"townid":1038,"tokenid":"e4464d126c66a9373a642b22ea666da0","tokenurl":"/mcm/api/land?token=e4464d126c66a9373a642b22ea666da0","imageurl":"/mcm/images/land/2S/2095_4a8d64b256a7.jpg","landname":"118"},{"id":281475008233741,"level":3,"status":1,"posx":23,"posy":27,"cityid":481,"townid":1038,"tokenid":"4fa26dccb8da8240bdecedbb2752e828","tokenurl":"/mcm/api/land?token=4fa26dccb8da8240bdecedbb2752e828","imageurl":"/mcm/images/land/2B/5237_28996b43c9fe.jpg","landname":"119"},{"id":281475008233742,"level":1,"status":0,"posx":24,"posy":27,"cityid":481,"townid":1038,"tokenid":"e67ddeeec948d36bbdea74ab17cde29f","tokenurl":"/mcm/api/land?token=e67ddeeec948d36bbdea74ab17cde29f","imageurl":"/mcm/images/land/2S/2096_145e61e61cc7.jpg","landname":"120"},{"id":281475008233743,"level":1,"status":0,"posx":6,"posy":28,"cityid":481,"townid":1038,"tokenid":"4596d0c62e5779c32519e9483a7b16ec","tokenurl":"/mcm/api/land?token=4596d0c62e5779c32519e9483a7b16ec","imageurl":"/mcm/images/land/2S/2097_383573de1913.jpg","landname":"121"},{"id":281475008233744,"level":3,"status":1,"posx":7,"posy":28,"cityid":481,"townid":1038,"tokenid":"8f1510328ff9f194220f2458515b0523","tokenurl":"/mcm/api/land?token=8f1510328ff9f194220f2458515b0523","imageurl":"/mcm/images/land/2B/5238_3d8e97405488.jpg","landname":"122"},{"id":281475008233745,"level":2,"status":0,"posx":9,"posy":28,"cityid":481,"townid":1038,"tokenid":"96d978acfb1adb2d19485442254631ea","tokenurl":"/mcm/api/land?token=96d978acfb1adb2d19485442254631ea","imageurl":"/mcm/images/land/2A/3141_58cd96351b62.jpg","landname":"123"},{"id":281475008233746,"level":1,"status":1,"posx":10,"posy":28,"cityid":481,"townid":1038,"tokenid":"70d6b4d1edfaa8557f4b9e67fc10b035","tokenurl":"/mcm/api/land?token=70d6b4d1edfaa8557f4b9e67fc10b035","imageurl":"/mcm/images/land/2S/2098_24660897df16.jpg","landname":"124"},{"id":281475008233747,"level":3,"status":0,"posx":23,"posy":28,"cityid":481,"townid":1038,"tokenid":"31f83a8577f6e3aad5e6e12c4efefde3","tokenurl":"/mcm/api/land?token=31f83a8577f6e3aad5e6e12c4efefde3","imageurl":"/mcm/images/land/2B/5239_2d0c2ec4c09d.jpg","landname":"125"},{"id":281475008233748,"level":3,"status":0,"posx":24,"posy":28,"cityid":481,"townid":1038,"tokenid":"7fa88159bf680ed779eed3d36f6aa321","tokenurl":"/mcm/api/land?token=7fa88159bf680ed779eed3d36f6aa321","imageurl":"/mcm/images/land/2B/5240_37ef9f191da8.jpg","landname":"126"},{"id":281475008233749,"level":2,"status":1,"posx":32,"posy":28,"cityid":481,"townid":1038,"tokenid":"230ac7041166c5ffe6b01a2f30acc778","tokenurl":"/mcm/api/land?token=230ac7041166c5ffe6b01a2f30acc778","imageurl":"/mcm/images/land/2A/3142_18a98f941c74.jpg","landname":"127"},{"id":281475008233750,"level":1,"status":0,"posx":33,"posy":28,"cityid":481,"townid":1038,"tokenid":"bcf0bbb0254c99ca1998d0285c6a8218","tokenurl":"/mcm/api/land?token=bcf0bbb0254c99ca1998d0285c6a8218","imageurl":"/mcm/images/land/2S/2099_1f6220fcc98.jpg","landname":"128"},{"id":281475008233751,"level":3,"status":1,"posx":6,"posy":29,"cityid":481,"townid":1038,"tokenid":"3214153aed12e2f104b7f7bc80b79668","tokenurl":"/mcm/api/land?token=3214153aed12e2f104b7f7bc80b79668","imageurl":"/mcm/images/land/2B/5241_4d83fefeae2e.jpg","landname":"129"},{"id":281475008233752,"level":3,"status":0,"posx":7,"posy":29,"cityid":481,"townid":1038,"tokenid":"6ffb892d250217496d76275f2e6cca2c","tokenurl":"/mcm/api/land?token=6ffb892d250217496d76275f2e6cca2c","imageurl":"/mcm/images/land/2B/5242_25b0aae12fc8.jpg","landname":"130"},{"id":281475008233753,"level":2,"status":1,"posx":9,"posy":29,"cityid":481,"townid":1038,"tokenid":"a6c4b865c2da9a445f7a9287ced7fd53","tokenurl":"/mcm/api/land?token=a6c4b865c2da9a445f7a9287ced7fd53","imageurl":"/mcm/images/land/2A/3143_27475bc5ada1.jpg","landname":"131"},{"id":281475008233754,"level":3,"status":0,"posx":10,"posy":29,"cityid":481,"townid":1038,"tokenid":"855959b8e8eeb9b68df37029a5b74dce","tokenurl":"/mcm/api/land?token=855959b8e8eeb9b68df37029a5b74dce","imageurl":"/mcm/images/land/2B/5243_589e8438cd98.jpg","landname":"132"},{"id":281475008233755,"level":2,"status":1,"posx":23,"posy":29,"cityid":481,"townid":1038,"tokenid":"c9f528a6770f41b79823b33f4ab02e4c","tokenurl":"/mcm/api/land?token=c9f528a6770f41b79823b33f4ab02e4c","imageurl":"/mcm/images/land/2A/3144_56926a6b17ee.jpg","landname":"133"},{"id":281475008233756,"level":2,"status":1,"posx":24,"posy":29,"cityid":481,"townid":1038,"tokenid":"dfb21150cda1bb4f9dd9178678b2ebce","tokenurl":"/mcm/api/land?token=dfb21150cda1bb4f9dd9178678b2ebce","imageurl":"/mcm/images/land/2A/3145_3696f7abf250.jpg","landname":"134"},{"id":281475008233757,"level":3,"status":0,"posx":32,"posy":29,"cityid":481,"townid":1038,"tokenid":"7f8eda931b07abdadb4c1a05e525656b","tokenurl":"/mcm/api/land?token=7f8eda931b07abdadb4c1a05e525656b","imageurl":"/mcm/images/land/2B/5244_335191ea90a8.jpg","landname":"135"},{"id":281475008233758,"level":2,"status":0,"posx":33,"posy":29,"cityid":481,"townid":1038,"tokenid":"969ba123c8ff615563b85fdfb65ab383","tokenurl":"/mcm/api/land?token=969ba123c8ff615563b85fdfb65ab383","imageurl":"/mcm/images/land/2A/3146_1f5995816ebf.jpg","landname":"136"},{"id":281475008233759,"level":3,"status":1,"posx":6,"posy":30,"cityid":481,"townid":1038,"tokenid":"b8ed4754ac5a95cf429115c5736c91ee","tokenurl":"/mcm/api/land?token=b8ed4754ac5a95cf429115c5736c91ee","imageurl":"/mcm/images/land/2B/5245_55f9fa49770e.jpg","landname":"137"},{"id":281475008233760,"level":2,"status":0,"posx":7,"posy":30,"cityid":481,"townid":1038,"tokenid":"2864f691cacf7c1802082e0172524e14","tokenurl":"/mcm/api/land?token=2864f691cacf7c1802082e0172524e14","imageurl":"/mcm/images/land/2A/3147_368dd6ec6521.jpg","landname":"138"},{"id":281475008233761,"level":2,"status":1,"posx":9,"posy":30,"cityid":481,"townid":1038,"tokenid":"1f0505b4e7fcb99581c1c965dd9c50eb","tokenurl":"/mcm/api/land?token=1f0505b4e7fcb99581c1c965dd9c50eb","imageurl":"/mcm/images/land/2A/3148_1842afa64715.jpg","landname":"139"},{"id":281475008233762,"level":3,"status":1,"posx":10,"posy":30,"cityid":481,"townid":1038,"tokenid":"c80ea9600b6164c589069f157da1acf5","tokenurl":"/mcm/api/land?token=c80ea9600b6164c589069f157da1acf5","imageurl":"/mcm/images/land/2B/5246_1a1dfcbb129e.jpg","landname":"140"},{"id":281475008233763,"level":2,"status":0,"posx":23,"posy":30,"cityid":481,"townid":1038,"tokenid":"76286910facd13a645ef9cf3d2786720","tokenurl":"/mcm/api/land?token=76286910facd13a645ef9cf3d2786720","imageurl":"/mcm/images/land/2A/3149_4caf3f0c2c50.jpg","landname":"141"},{"id":281475008233764,"level":3,"status":0,"posx":24,"posy":30,"cityid":481,"townid":1038,"tokenid":"a8bd7aaef700b40b08947c577072c044","tokenurl":"/mcm/api/land?token=a8bd7aaef700b40b08947c577072c044","imageurl":"/mcm/images/land/2B/5247_4425e5f38623.jpg","landname":"142"},{"id":281475008233765,"level":3,"status":1,"posx":32,"posy":30,"cityid":481,"townid":1038,"tokenid":"abcf1065c81460a266863bce9375e98a","tokenurl":"/mcm/api/land?token=abcf1065c81460a266863bce9375e98a","imageurl":"/mcm/images/land/2B/5248_219ea351bf50.jpg","landname":"143"},{"id":281475008233766,"level":2,"status":1,"posx":33,"posy":30,"cityid":481,"townid":1038,"tokenid":"3099382c3aea80f8295f0839bf3aa494","tokenurl":"/mcm/api/land?token=3099382c3aea80f8295f0839bf3aa494","imageurl":"/mcm/images/land/2A/3150_4d612fd62abe.jpg","landname":"144"},{"id":281475008233767,"level":2,"status":0,"posx":23,"posy":31,"cityid":481,"townid":1038,"tokenid":"f6b8f9e78e402c94d9e70704784e7b52","tokenurl":"/mcm/api/land?token=f6b8f9e78e402c94d9e70704784e7b52","imageurl":"/mcm/images/land/2A/3151_25c002da1530.jpg","landname":"145"},{"id":281475008233768,"level":3,"status":1,"posx":24,"posy":31,"cityid":481,"townid":1038,"tokenid":"7fa4ff29e6f083fa5fa977bd57c12450","tokenurl":"/mcm/api/land?token=7fa4ff29e6f083fa5fa977bd57c12450","imageurl":"/mcm/images/land/2B/5249_251c02ab4d81.jpg","landname":"146"},{"id":281475008233769,"level":3,"status":0,"posx":32,"posy":31,"cityid":481,"townid":1038,"tokenid":"0d0594450017a0de08331c5159c43a21","tokenurl":"/mcm/api/land?token=0d0594450017a0de08331c5159c43a21","imageurl":"/mcm/images/land/2B/5250_40921d2acf4b.jpg","landname":"147"},{"id":281475008233770,"level":1,"status":1,"posx":33,"posy":31,"cityid":481,"townid":1038,"tokenid":"6d0f52830545782229956e20a935f505","tokenurl":"/mcm/api/land?token=6d0f52830545782229956e20a935f505","imageurl":"/mcm/images/land/2S/2100_4a5a40ebb2db.jpg","landname":"148"},{"id":281475008233771,"level":1,"status":1,"posx":32,"posy":32,"cityid":481,"townid":1038,"tokenid":"9d421caba49b2c579cd42b602440a685","tokenurl":"/mcm/api/land?token=9d421caba49b2c579cd42b602440a685","imageurl":"/mcm/images/land/2S/2101_7c2e4bcc41a.jpg","landname":"149"},{"id":281475008233772,"level":3,"status":1,"posx":33,"posy":32,"cityid":481,"townid":1038,"tokenid":"0f65ce7091922fc324d4256bd6cc1d3b","tokenurl":"/mcm/api/land?token=0f65ce7091922fc324d4256bd6cc1d3b","imageurl":"/mcm/images/land/2B/5251_10cced95eb21.jpg","landname":"150"}]]],0,0,[],[],[]]
