[1,0,0,[["cc.JsonAsset",["_name","json"],1]],[[0,0,1,3]],[[0,"442",[{"id":281474988703895,"level":3,"status":1,"posx":6,"posy":5,"cityid":183,"townid":442,"tokenid":"276d30471369be1755b27678b7cee4fa","tokenurl":"/mcm/api/land?token=276d30471369be1755b27678b7cee4fa","imageurl":"/mcm/images/land/2B/21677_289bef00aa8a.jpg","landname":"1"},{"id":281474988703896,"level":2,"status":0,"posx":7,"posy":5,"cityid":183,"townid":442,"tokenid":"99e4b5c3a041d08b615b478617967012","tokenurl":"/mcm/api/land?token=99e4b5c3a041d08b615b478617967012","imageurl":"/mcm/images/land/2A/13007_42ab2dd9d65a.jpg","landname":"2"},{"id":281474988703897,"level":3,"status":1,"posx":6,"posy":6,"cityid":183,"townid":442,"tokenid":"423774ce35a94c821fd7db68c490fdb2","tokenurl":"/mcm/api/land?token=423774ce35a94c821fd7db68c490fdb2","imageurl":"/mcm/images/land/2B/21678_2b03a6cb2e8b.jpg","landname":"3"},{"id":281474988703898,"level":3,"status":1,"posx":7,"posy":6,"cityid":183,"townid":442,"tokenid":"7a54685cb9c6acd4a07456a435b5a56c","tokenurl":"/mcm/api/land?token=7a54685cb9c6acd4a07456a435b5a56c","imageurl":"/mcm/images/land/2B/21679_349728f85352.jpg","landname":"4"},{"id":281474988703899,"level":2,"status":1,"posx":18,"posy":6,"cityid":183,"townid":442,"tokenid":"7b3df865a1ecd269eac1373d070a7e0b","tokenurl":"/mcm/api/land?token=7b3df865a1ecd269eac1373d070a7e0b","imageurl":"/mcm/images/land/2A/13008_4d2d5f8d1422.jpg","landname":"5"},{"id":281474988703900,"level":3,"status":1,"posx":19,"posy":6,"cityid":183,"townid":442,"tokenid":"e8d85f5269bde4cf7e85af98aac3c513","tokenurl":"/mcm/api/land?token=e8d85f5269bde4cf7e85af98aac3c513","imageurl":"/mcm/images/land/2B/21680_25e48c8cbd7f.jpg","landname":"6"},{"id":281474988703901,"level":2,"status":0,"posx":20,"posy":6,"cityid":183,"townid":442,"tokenid":"d7ccfdade7345aed6758788109b1a4dd","tokenurl":"/mcm/api/land?token=d7ccfdade7345aed6758788109b1a4dd","imageurl":"/mcm/images/land/2A/13009_3d999bd0714f.jpg","landname":"7"},{"id":281474988703902,"level":2,"status":0,"posx":21,"posy":6,"cityid":183,"townid":442,"tokenid":"83daadade633e0e3e58469d33ad27cf4","tokenurl":"/mcm/api/land?token=83daadade633e0e3e58469d33ad27cf4","imageurl":"/mcm/images/land/2A/13010_433991e3a7.jpg","landname":"8"},{"id":281474988703903,"level":3,"status":0,"posx":22,"posy":6,"cityid":183,"townid":442,"tokenid":"922e6d773318ba5588e79bfd628206bb","tokenurl":"/mcm/api/land?token=922e6d773318ba5588e79bfd628206bb","imageurl":"/mcm/images/land/2B/21681_2ce43b78f0d7.jpg","landname":"9"},{"id":281474988703904,"level":1,"status":0,"posx":28,"posy":6,"cityid":183,"townid":442,"tokenid":"cce4f7e4acccf7b7e2d2495fad893703","tokenurl":"/mcm/api/land?token=cce4f7e4acccf7b7e2d2495fad893703","imageurl":"/mcm/images/land/2S/8672_4e8270c224d0.jpg","landname":"10"},{"id":281474988703905,"level":3,"status":1,"posx":29,"posy":6,"cityid":183,"townid":442,"tokenid":"8dac4276133fc2b3ae8abe455e955a77","tokenurl":"/mcm/api/land?token=8dac4276133fc2b3ae8abe455e955a77","imageurl":"/mcm/images/land/2B/21682_45c07b4f9fb5.jpg","landname":"11"},{"id":281474988703906,"level":3,"status":1,"posx":31,"posy":6,"cityid":183,"townid":442,"tokenid":"374d7cfcd17b073f64658a8470f0f570","tokenurl":"/mcm/api/land?token=374d7cfcd17b073f64658a8470f0f570","imageurl":"/mcm/images/land/2B/21683_1ffc56d3ff28.jpg","landname":"12"},{"id":281474988703907,"level":3,"status":0,"posx":32,"posy":6,"cityid":183,"townid":442,"tokenid":"64319a0c436e569875b0161febce7d11","tokenurl":"/mcm/api/land?token=64319a0c436e569875b0161febce7d11","imageurl":"/mcm/images/land/2B/21684_246d184bb715.jpg","landname":"13"},{"id":281474988703908,"level":1,"status":1,"posx":6,"posy":7,"cityid":183,"townid":442,"tokenid":"6a44d6e92cfdaea28132b0a12e7b2c28","tokenurl":"/mcm/api/land?token=6a44d6e92cfdaea28132b0a12e7b2c28","imageurl":"/mcm/images/land/2S/8673_17731712974d.jpg","landname":"14"},{"id":281474988703909,"level":3,"status":1,"posx":7,"posy":7,"cityid":183,"townid":442,"tokenid":"7e1a5bcd5d69b53490d8f671d1e5c32d","tokenurl":"/mcm/api/land?token=7e1a5bcd5d69b53490d8f671d1e5c32d","imageurl":"/mcm/images/land/2B/21685_18e3ef24111e.jpg","landname":"15"},{"id":281474988703910,"level":1,"status":1,"posx":18,"posy":7,"cityid":183,"townid":442,"tokenid":"d221bb0126e9fc61d6bcc63096b1ef7c","tokenurl":"/mcm/api/land?token=d221bb0126e9fc61d6bcc63096b1ef7c","imageurl":"/mcm/images/land/2S/8674_139796099eb5.jpg","landname":"16"},{"id":281474988703911,"level":3,"status":0,"posx":19,"posy":7,"cityid":183,"townid":442,"tokenid":"e5c561e74a4c2800ea9f736f1684b839","tokenurl":"/mcm/api/land?token=e5c561e74a4c2800ea9f736f1684b839","imageurl":"/mcm/images/land/2B/21686_311db9319569.jpg","landname":"17"},{"id":281474988703912,"level":3,"status":1,"posx":20,"posy":7,"cityid":183,"townid":442,"tokenid":"7d70988af13389905d80f6d9e9554849","tokenurl":"/mcm/api/land?token=7d70988af13389905d80f6d9e9554849","imageurl":"/mcm/images/land/2B/21687_28a549118701.jpg","landname":"18"},{"id":281474988703913,"level":1,"status":0,"posx":21,"posy":7,"cityid":183,"townid":442,"tokenid":"87d031eb50883dd56dc92b03d09637fe","tokenurl":"/mcm/api/land?token=87d031eb50883dd56dc92b03d09637fe","imageurl":"/mcm/images/land/2S/8675_572e974f042f.jpg","landname":"19"},{"id":281474988703914,"level":3,"status":1,"posx":22,"posy":7,"cityid":183,"townid":442,"tokenid":"50164a96e9ea5ac039aa56e09d9e174a","tokenurl":"/mcm/api/land?token=50164a96e9ea5ac039aa56e09d9e174a","imageurl":"/mcm/images/land/2B/21688_51325a51e5a9.jpg","landname":"20"},{"id":281474988703915,"level":1,"status":0,"posx":28,"posy":7,"cityid":183,"townid":442,"tokenid":"fabd96c091e19c4177084cb7a3d5dca6","tokenurl":"/mcm/api/land?token=fabd96c091e19c4177084cb7a3d5dca6","imageurl":"/mcm/images/land/2S/8676_3efce25a63d0.jpg","landname":"21"},{"id":281474988703916,"level":3,"status":1,"posx":29,"posy":7,"cityid":183,"townid":442,"tokenid":"0aa6b736a01595d074e2ceb600a21026","tokenurl":"/mcm/api/land?token=0aa6b736a01595d074e2ceb600a21026","imageurl":"/mcm/images/land/2B/21689_24aeeba8ddd5.jpg","landname":"22"},{"id":281474988703917,"level":1,"status":1,"posx":31,"posy":7,"cityid":183,"townid":442,"tokenid":"bb905673877cd29587437242589477df","tokenurl":"/mcm/api/land?token=bb905673877cd29587437242589477df","imageurl":"/mcm/images/land/2S/8677_38c490582be3.jpg","landname":"23"},{"id":281474988703918,"level":2,"status":1,"posx":32,"posy":7,"cityid":183,"townid":442,"tokenid":"cef43dec0282ead4a4eb5aace0e00018","tokenurl":"/mcm/api/land?token=cef43dec0282ead4a4eb5aace0e00018","imageurl":"/mcm/images/land/2A/13011_4f22c9199960.jpg","landname":"24"},{"id":281474988703919,"level":3,"status":0,"posx":6,"posy":8,"cityid":183,"townid":442,"tokenid":"5f307641a04a01a2f049b5321543c438","tokenurl":"/mcm/api/land?token=5f307641a04a01a2f049b5321543c438","imageurl":"/mcm/images/land/2B/21690_33f9602c1cc3.jpg","landname":"25"},{"id":281474988703920,"level":1,"status":0,"posx":7,"posy":8,"cityid":183,"townid":442,"tokenid":"7e4b7e08f0992f1cada89961b3f37bd4","tokenurl":"/mcm/api/land?token=7e4b7e08f0992f1cada89961b3f37bd4","imageurl":"/mcm/images/land/2S/8678_18d2b0275766.jpg","landname":"26"},{"id":281474988703921,"level":3,"status":0,"posx":28,"posy":8,"cityid":183,"townid":442,"tokenid":"3131c391e7b74291db9669dd846eeafb","tokenurl":"/mcm/api/land?token=3131c391e7b74291db9669dd846eeafb","imageurl":"/mcm/images/land/2B/21691_3fad38977ead.jpg","landname":"27"},{"id":281474988703922,"level":3,"status":0,"posx":29,"posy":8,"cityid":183,"townid":442,"tokenid":"24a13d84c0a1f126abf7ab63b346eb20","tokenurl":"/mcm/api/land?token=24a13d84c0a1f126abf7ab63b346eb20","imageurl":"/mcm/images/land/2B/21692_5466a095eac0.jpg","landname":"28"},{"id":281474988703923,"level":3,"status":1,"posx":31,"posy":8,"cityid":183,"townid":442,"tokenid":"eac4b362f86408893a69841b16f08920","tokenurl":"/mcm/api/land?token=eac4b362f86408893a69841b16f08920","imageurl":"/mcm/images/land/2B/21693_44c416b7e85b.jpg","landname":"29"},{"id":281474988703924,"level":3,"status":0,"posx":32,"posy":8,"cityid":183,"townid":442,"tokenid":"8c6f14cd137db5194adb4e27cf0e98a4","tokenurl":"/mcm/api/land?token=8c6f14cd137db5194adb4e27cf0e98a4","imageurl":"/mcm/images/land/2B/21694_1c6808d0a5a5.jpg","landname":"30"},{"id":281474988703925,"level":1,"status":1,"posx":6,"posy":9,"cityid":183,"townid":442,"tokenid":"7ab6e4447e3d4be8067e79c2f371e47a","tokenurl":"/mcm/api/land?token=7ab6e4447e3d4be8067e79c2f371e47a","imageurl":"/mcm/images/land/2S/8679_471f9fce5fd8.jpg","landname":"31"},{"id":281474988703926,"level":3,"status":0,"posx":7,"posy":9,"cityid":183,"townid":442,"tokenid":"30f4532fd20b3876cfcdaae797b41698","tokenurl":"/mcm/api/land?token=30f4532fd20b3876cfcdaae797b41698","imageurl":"/mcm/images/land/2B/21695_bf2bf9e44d2.jpg","landname":"32"},{"id":281474988703927,"level":3,"status":0,"posx":28,"posy":9,"cityid":183,"townid":442,"tokenid":"c173327a6d6a73ce803cf0fead1e5288","tokenurl":"/mcm/api/land?token=c173327a6d6a73ce803cf0fead1e5288","imageurl":"/mcm/images/land/2B/21696_45bb0da18809.jpg","landname":"33"},{"id":281474988703928,"level":3,"status":1,"posx":29,"posy":9,"cityid":183,"townid":442,"tokenid":"0f1d0cc95143d9c5babf3461555475cf","tokenurl":"/mcm/api/land?token=0f1d0cc95143d9c5babf3461555475cf","imageurl":"/mcm/images/land/2B/21697_4467ad430fa.jpg","landname":"34"},{"id":281474988703929,"level":2,"status":0,"posx":31,"posy":9,"cityid":183,"townid":442,"tokenid":"d783893f3e69914b88074af6b5ffbb04","tokenurl":"/mcm/api/land?token=d783893f3e69914b88074af6b5ffbb04","imageurl":"/mcm/images/land/2A/13012_2f7ba8cc13a0.jpg","landname":"35"},{"id":281474988703930,"level":3,"status":0,"posx":32,"posy":9,"cityid":183,"townid":442,"tokenid":"abb5c46ced2fb29c359b7e976743fb1e","tokenurl":"/mcm/api/land?token=abb5c46ced2fb29c359b7e976743fb1e","imageurl":"/mcm/images/land/2B/21698_64d57e1766c.jpg","landname":"36"},{"id":281474988703931,"level":3,"status":1,"posx":28,"posy":10,"cityid":183,"townid":442,"tokenid":"70413938e2f4aa5890147ef52cb1bfa0","tokenurl":"/mcm/api/land?token=70413938e2f4aa5890147ef52cb1bfa0","imageurl":"/mcm/images/land/2B/21699_b85ac3a7f20.jpg","landname":"37"},{"id":281474988703932,"level":1,"status":1,"posx":29,"posy":10,"cityid":183,"townid":442,"tokenid":"1fb4da5a03e11e3f73d5ae330ab4abb6","tokenurl":"/mcm/api/land?token=1fb4da5a03e11e3f73d5ae330ab4abb6","imageurl":"/mcm/images/land/2S/8680_5229f800b107.jpg","landname":"38"},{"id":281474988703933,"level":1,"status":1,"posx":31,"posy":10,"cityid":183,"townid":442,"tokenid":"b903cb9838e79e19bc661177017c6e83","tokenurl":"/mcm/api/land?token=b903cb9838e79e19bc661177017c6e83","imageurl":"/mcm/images/land/2S/8681_3d46476e245c.jpg","landname":"39"},{"id":281474988703934,"level":1,"status":0,"posx":32,"posy":10,"cityid":183,"townid":442,"tokenid":"48d74ce40be0cd5969b6f56efab9b57f","tokenurl":"/mcm/api/land?token=48d74ce40be0cd5969b6f56efab9b57f","imageurl":"/mcm/images/land/2S/8682_efc7489cb6c.jpg","landname":"40"},{"id":281474988703935,"level":2,"status":0,"posx":9,"posy":14,"cityid":183,"townid":442,"tokenid":"e034588a973d8403caa4a5d1f65361d9","tokenurl":"/mcm/api/land?token=e034588a973d8403caa4a5d1f65361d9","imageurl":"/mcm/images/land/2A/13013_4a030d98b3a8.jpg","landname":"41"},{"id":281474988703936,"level":3,"status":1,"posx":10,"posy":14,"cityid":183,"townid":442,"tokenid":"d32bec55088ad7bf2f0cb395307b431e","tokenurl":"/mcm/api/land?token=d32bec55088ad7bf2f0cb395307b431e","imageurl":"/mcm/images/land/2B/21700_44716057ba93.jpg","landname":"42"},{"id":281474988703937,"level":3,"status":0,"posx":13,"posy":14,"cityid":183,"townid":442,"tokenid":"f4ee821c1a2b349b62435b72ec10f650","tokenurl":"/mcm/api/land?token=f4ee821c1a2b349b62435b72ec10f650","imageurl":"/mcm/images/land/2B/21701_25b9d5a55b66.jpg","landname":"43"},{"id":281474988703938,"level":2,"status":0,"posx":14,"posy":14,"cityid":183,"townid":442,"tokenid":"42a3326144623ad716686046e70e7512","tokenurl":"/mcm/api/land?token=42a3326144623ad716686046e70e7512","imageurl":"/mcm/images/land/2A/13014_2244246f1a66.jpg","landname":"44"},{"id":281474988703939,"level":3,"status":1,"posx":17,"posy":14,"cityid":183,"townid":442,"tokenid":"f559de33e7d20a6b2c844649314e7dc6","tokenurl":"/mcm/api/land?token=f559de33e7d20a6b2c844649314e7dc6","imageurl":"/mcm/images/land/2B/21702_3514a491b71c.jpg","landname":"45"},{"id":281474988703940,"level":1,"status":0,"posx":18,"posy":14,"cityid":183,"townid":442,"tokenid":"1a378dcc738c6d226ad9f5192271ea8f","tokenurl":"/mcm/api/land?token=1a378dcc738c6d226ad9f5192271ea8f","imageurl":"/mcm/images/land/2S/8683_cab1a0edc11.jpg","landname":"46"},{"id":281474988703941,"level":3,"status":0,"posx":9,"posy":15,"cityid":183,"townid":442,"tokenid":"9ba59c9420e82ec1e5e2044925a4990c","tokenurl":"/mcm/api/land?token=9ba59c9420e82ec1e5e2044925a4990c","imageurl":"/mcm/images/land/2B/21703_25201a1c52f3.jpg","landname":"47"},{"id":281474988703942,"level":3,"status":0,"posx":10,"posy":15,"cityid":183,"townid":442,"tokenid":"6689e5907fc9d3692ec634f1b7260178","tokenurl":"/mcm/api/land?token=6689e5907fc9d3692ec634f1b7260178","imageurl":"/mcm/images/land/2B/21704_261f01badd5a.jpg","landname":"48"},{"id":281474988703943,"level":3,"status":1,"posx":13,"posy":15,"cityid":183,"townid":442,"tokenid":"cb679b0f46c11ae0114b2a946bbfaefb","tokenurl":"/mcm/api/land?token=cb679b0f46c11ae0114b2a946bbfaefb","imageurl":"/mcm/images/land/2B/21705_2ecaca6d3055.jpg","landname":"49"},{"id":281474988703944,"level":1,"status":1,"posx":14,"posy":15,"cityid":183,"townid":442,"tokenid":"13eebec7af02ba22eca3488ec7696b94","tokenurl":"/mcm/api/land?token=13eebec7af02ba22eca3488ec7696b94","imageurl":"/mcm/images/land/2S/8684_235193a257e8.jpg","landname":"50"},{"id":281474988703945,"level":1,"status":1,"posx":17,"posy":15,"cityid":183,"townid":442,"tokenid":"16e9b411d0c1f4961cba5d51446e75b7","tokenurl":"/mcm/api/land?token=16e9b411d0c1f4961cba5d51446e75b7","imageurl":"/mcm/images/land/2S/8685_535136de6ae8.jpg","landname":"51"},{"id":281474988703946,"level":2,"status":0,"posx":18,"posy":15,"cityid":183,"townid":442,"tokenid":"1ecfe989ddc69e87a8faedce1a69db88","tokenurl":"/mcm/api/land?token=1ecfe989ddc69e87a8faedce1a69db88","imageurl":"/mcm/images/land/2A/13015_2256449c9b22.jpg","landname":"52"},{"id":281474988703947,"level":3,"status":1,"posx":9,"posy":16,"cityid":183,"townid":442,"tokenid":"baf139cdf89847444bbf5a2796561008","tokenurl":"/mcm/api/land?token=baf139cdf89847444bbf5a2796561008","imageurl":"/mcm/images/land/2B/21706_1cd02811168.jpg","landname":"53"},{"id":281474988703948,"level":3,"status":1,"posx":10,"posy":16,"cityid":183,"townid":442,"tokenid":"c5975a22b4a4ff3980b371cf14a4851d","tokenurl":"/mcm/api/land?token=c5975a22b4a4ff3980b371cf14a4851d","imageurl":"/mcm/images/land/2B/21707_5a967af319b1.jpg","landname":"54"},{"id":281474988703949,"level":2,"status":0,"posx":13,"posy":16,"cityid":183,"townid":442,"tokenid":"d4d600b090100918bc96338f07819bcd","tokenurl":"/mcm/api/land?token=d4d600b090100918bc96338f07819bcd","imageurl":"/mcm/images/land/2A/13016_57d2ccbd08b7.jpg","landname":"55"},{"id":281474988703950,"level":2,"status":0,"posx":14,"posy":16,"cityid":183,"townid":442,"tokenid":"cbb59903bdb0208b2a2ab586505e54b2","tokenurl":"/mcm/api/land?token=cbb59903bdb0208b2a2ab586505e54b2","imageurl":"/mcm/images/land/2A/13017_45d0e2f785b1.jpg","landname":"56"},{"id":281474988703951,"level":3,"status":0,"posx":17,"posy":16,"cityid":183,"townid":442,"tokenid":"5b65d312fe6253b8d467b2f0b39bb626","tokenurl":"/mcm/api/land?token=5b65d312fe6253b8d467b2f0b39bb626","imageurl":"/mcm/images/land/2B/21708_581b0628968d.jpg","landname":"57"},{"id":281474988703952,"level":3,"status":0,"posx":18,"posy":16,"cityid":183,"townid":442,"tokenid":"b4fbd3d6cc74818c6daaa0d1c9548905","tokenurl":"/mcm/api/land?token=b4fbd3d6cc74818c6daaa0d1c9548905","imageurl":"/mcm/images/land/2B/21709_479fa5f33f83.jpg","landname":"58"},{"id":281474988703953,"level":2,"status":1,"posx":29,"posy":16,"cityid":183,"townid":442,"tokenid":"e1a53955569fc8563e955797799594f9","tokenurl":"/mcm/api/land?token=e1a53955569fc8563e955797799594f9","imageurl":"/mcm/images/land/2A/13018_35d10817f60e.jpg","landname":"59"},{"id":281474988703954,"level":3,"status":0,"posx":30,"posy":16,"cityid":183,"townid":442,"tokenid":"828760d98473edb3bed82473ede24aa9","tokenurl":"/mcm/api/land?token=828760d98473edb3bed82473ede24aa9","imageurl":"/mcm/images/land/2B/21710_42a14aec0a73.jpg","landname":"60"},{"id":281474988703955,"level":3,"status":1,"posx":33,"posy":16,"cityid":183,"townid":442,"tokenid":"becd54364d6adf2bdba1b892ad614643","tokenurl":"/mcm/api/land?token=becd54364d6adf2bdba1b892ad614643","imageurl":"/mcm/images/land/2B/21711_479b995b96b4.jpg","landname":"61"},{"id":281474988703956,"level":3,"status":1,"posx":34,"posy":16,"cityid":183,"townid":442,"tokenid":"9bd62243f67d7dc19e5758c8e87680fd","tokenurl":"/mcm/api/land?token=9bd62243f67d7dc19e5758c8e87680fd","imageurl":"/mcm/images/land/2B/21712_129f35baa3ec.jpg","landname":"62"},{"id":281474988703957,"level":1,"status":0,"posx":9,"posy":17,"cityid":183,"townid":442,"tokenid":"0d45b417a773433b0eafd3ea4a35ab5f","tokenurl":"/mcm/api/land?token=0d45b417a773433b0eafd3ea4a35ab5f","imageurl":"/mcm/images/land/2S/8686_537ff502745.jpg","landname":"63"},{"id":281474988703958,"level":2,"status":0,"posx":10,"posy":17,"cityid":183,"townid":442,"tokenid":"e80d049bc174856c8c240f06460b9a3f","tokenurl":"/mcm/api/land?token=e80d049bc174856c8c240f06460b9a3f","imageurl":"/mcm/images/land/2A/13019_ca1cca64802.jpg","landname":"64"},{"id":281474988703959,"level":1,"status":1,"posx":13,"posy":17,"cityid":183,"townid":442,"tokenid":"c6a099c33d9f7d59126a2ca06cc32dff","tokenurl":"/mcm/api/land?token=c6a099c33d9f7d59126a2ca06cc32dff","imageurl":"/mcm/images/land/2S/8687_1f965446fda.jpg","landname":"65"},{"id":281474988703960,"level":3,"status":0,"posx":14,"posy":17,"cityid":183,"townid":442,"tokenid":"d5fbb27c6ba0bdf6d8606056e4d11eca","tokenurl":"/mcm/api/land?token=d5fbb27c6ba0bdf6d8606056e4d11eca","imageurl":"/mcm/images/land/2B/21713_31d9e101590a.jpg","landname":"66"},{"id":281474988703961,"level":2,"status":0,"posx":17,"posy":17,"cityid":183,"townid":442,"tokenid":"c5089dde29561e4cc04516394b0c9b90","tokenurl":"/mcm/api/land?token=c5089dde29561e4cc04516394b0c9b90","imageurl":"/mcm/images/land/2A/13020_26732cce99ef.jpg","landname":"67"},{"id":281474988703962,"level":3,"status":1,"posx":18,"posy":17,"cityid":183,"townid":442,"tokenid":"4d30d90c003533f0c95a5c22863ea6a2","tokenurl":"/mcm/api/land?token=4d30d90c003533f0c95a5c22863ea6a2","imageurl":"/mcm/images/land/2B/21714_27c78478bae.jpg","landname":"68"},{"id":281474988703963,"level":1,"status":0,"posx":29,"posy":17,"cityid":183,"townid":442,"tokenid":"18ccd334fb6213998264f2f33b47d538","tokenurl":"/mcm/api/land?token=18ccd334fb6213998264f2f33b47d538","imageurl":"/mcm/images/land/2S/8688_3a5ca3875b1d.jpg","landname":"69"},{"id":281474988703964,"level":1,"status":0,"posx":30,"posy":17,"cityid":183,"townid":442,"tokenid":"0bac98fe7ce6d35816ca66ac09b75b00","tokenurl":"/mcm/api/land?token=0bac98fe7ce6d35816ca66ac09b75b00","imageurl":"/mcm/images/land/2S/8689_13a4d6bc274b.jpg","landname":"70"},{"id":281474988703965,"level":3,"status":1,"posx":33,"posy":17,"cityid":183,"townid":442,"tokenid":"1d32e78e897d35dec6243ba80f0e3b03","tokenurl":"/mcm/api/land?token=1d32e78e897d35dec6243ba80f0e3b03","imageurl":"/mcm/images/land/2B/21715_57820fd576ed.jpg","landname":"71"},{"id":281474988703966,"level":1,"status":1,"posx":34,"posy":17,"cityid":183,"townid":442,"tokenid":"6a05e04283f3d4c871ecc4bac5baf9ec","tokenurl":"/mcm/api/land?token=6a05e04283f3d4c871ecc4bac5baf9ec","imageurl":"/mcm/images/land/2S/8690_1cbda61f36f5.jpg","landname":"72"},{"id":281474988703967,"level":2,"status":1,"posx":3,"posy":18,"cityid":183,"townid":442,"tokenid":"f9d8fbd60347c3af4bb8d0f60f9e99d6","tokenurl":"/mcm/api/land?token=f9d8fbd60347c3af4bb8d0f60f9e99d6","imageurl":"/mcm/images/land/2A/13021_12f687c67964.jpg","landname":"73"},{"id":281474988703968,"level":2,"status":1,"posx":4,"posy":18,"cityid":183,"townid":442,"tokenid":"91380a85365d401a4f0605c0880319a0","tokenurl":"/mcm/api/land?token=91380a85365d401a4f0605c0880319a0","imageurl":"/mcm/images/land/2A/13022_5558088e1a71.jpg","landname":"74"},{"id":281474988703969,"level":2,"status":1,"posx":9,"posy":18,"cityid":183,"townid":442,"tokenid":"f7ef0a0a3f4879166de15a994b8ef80f","tokenurl":"/mcm/api/land?token=f7ef0a0a3f4879166de15a994b8ef80f","imageurl":"/mcm/images/land/2A/13023_58d7d0a5bf80.jpg","landname":"75"},{"id":281474988703970,"level":3,"status":1,"posx":10,"posy":18,"cityid":183,"townid":442,"tokenid":"0e584e913892357476c5dc47a69afb4d","tokenurl":"/mcm/api/land?token=0e584e913892357476c5dc47a69afb4d","imageurl":"/mcm/images/land/2B/21716_508c907e179a.jpg","landname":"76"},{"id":281474988703971,"level":2,"status":0,"posx":13,"posy":18,"cityid":183,"townid":442,"tokenid":"e8158f69fa18bf25c971de0ebc2434a0","tokenurl":"/mcm/api/land?token=e8158f69fa18bf25c971de0ebc2434a0","imageurl":"/mcm/images/land/2A/13024_331a8db9fd98.jpg","landname":"77"},{"id":281474988703972,"level":3,"status":1,"posx":14,"posy":18,"cityid":183,"townid":442,"tokenid":"171730ab8f4e9bec4497d62edd717c51","tokenurl":"/mcm/api/land?token=171730ab8f4e9bec4497d62edd717c51","imageurl":"/mcm/images/land/2B/21717_1a96d040f155.jpg","landname":"78"},{"id":281474988703973,"level":2,"status":1,"posx":17,"posy":18,"cityid":183,"townid":442,"tokenid":"06c7a2c60ae131a651004f41a905b8d9","tokenurl":"/mcm/api/land?token=06c7a2c60ae131a651004f41a905b8d9","imageurl":"/mcm/images/land/2A/13025_4fb10dcec38f.jpg","landname":"79"},{"id":281474988703974,"level":3,"status":1,"posx":18,"posy":18,"cityid":183,"townid":442,"tokenid":"1abf95d0e10cff7c439a82fad06a595b","tokenurl":"/mcm/api/land?token=1abf95d0e10cff7c439a82fad06a595b","imageurl":"/mcm/images/land/2B/21718_2201a5e150d9.jpg","landname":"80"},{"id":281474988703975,"level":3,"status":0,"posx":29,"posy":18,"cityid":183,"townid":442,"tokenid":"0d1cc7bf2a569fc671b356e250265bf9","tokenurl":"/mcm/api/land?token=0d1cc7bf2a569fc671b356e250265bf9","imageurl":"/mcm/images/land/2B/21719_453133dda448.jpg","landname":"81"},{"id":281474988703976,"level":2,"status":0,"posx":30,"posy":18,"cityid":183,"townid":442,"tokenid":"d13f6060dd708b7367fd434b28720d6d","tokenurl":"/mcm/api/land?token=d13f6060dd708b7367fd434b28720d6d","imageurl":"/mcm/images/land/2A/13026_3e94cc004bb2.jpg","landname":"82"},{"id":281474988703977,"level":2,"status":1,"posx":33,"posy":18,"cityid":183,"townid":442,"tokenid":"38f2db1ae261dbeadeeb6e6f8cf88d2f","tokenurl":"/mcm/api/land?token=38f2db1ae261dbeadeeb6e6f8cf88d2f","imageurl":"/mcm/images/land/2A/13027_ac7d20db53f.jpg","landname":"83"},{"id":281474988703978,"level":3,"status":1,"posx":34,"posy":18,"cityid":183,"townid":442,"tokenid":"65685bdcb005629dcbd12d0a923a60b9","tokenurl":"/mcm/api/land?token=65685bdcb005629dcbd12d0a923a60b9","imageurl":"/mcm/images/land/2B/21720_21706456eb07.jpg","landname":"84"},{"id":281474988703979,"level":3,"status":0,"posx":3,"posy":19,"cityid":183,"townid":442,"tokenid":"f934415bc6f8cd46b8e595c50caaccf1","tokenurl":"/mcm/api/land?token=f934415bc6f8cd46b8e595c50caaccf1","imageurl":"/mcm/images/land/2B/21721_544e52e370f1.jpg","landname":"85"},{"id":281474988703980,"level":2,"status":0,"posx":4,"posy":19,"cityid":183,"townid":442,"tokenid":"6a355d8cc51beb5b32b6e7bdfe6867a9","tokenurl":"/mcm/api/land?token=6a355d8cc51beb5b32b6e7bdfe6867a9","imageurl":"/mcm/images/land/2A/13028_2c31b42dd398.jpg","landname":"86"},{"id":281474988703981,"level":1,"status":1,"posx":29,"posy":19,"cityid":183,"townid":442,"tokenid":"0e58fd87ad24c04b1793ce008dc69a7e","tokenurl":"/mcm/api/land?token=0e58fd87ad24c04b1793ce008dc69a7e","imageurl":"/mcm/images/land/2S/8691_f59c33531e7.jpg","landname":"87"},{"id":281474988703982,"level":3,"status":0,"posx":30,"posy":19,"cityid":183,"townid":442,"tokenid":"32c3e40116cbc737bb9bf7406350bfaa","tokenurl":"/mcm/api/land?token=32c3e40116cbc737bb9bf7406350bfaa","imageurl":"/mcm/images/land/2B/21722_3b57b52962f2.jpg","landname":"88"},{"id":281474988703983,"level":3,"status":0,"posx":33,"posy":19,"cityid":183,"townid":442,"tokenid":"2acdc11466f8081efdaa349fbff5fd75","tokenurl":"/mcm/api/land?token=2acdc11466f8081efdaa349fbff5fd75","imageurl":"/mcm/images/land/2B/21723_1c765c8ac6d1.jpg","landname":"89"},{"id":281474988703984,"level":3,"status":0,"posx":34,"posy":19,"cityid":183,"townid":442,"tokenid":"cad4466b88b44a017e59e1eac8b027c4","tokenurl":"/mcm/api/land?token=cad4466b88b44a017e59e1eac8b027c4","imageurl":"/mcm/images/land/2B/21724_7d5614cf6d6.jpg","landname":"90"},{"id":281474988703985,"level":1,"status":0,"posx":3,"posy":20,"cityid":183,"townid":442,"tokenid":"40f733f7e62695490d7414e384df66f6","tokenurl":"/mcm/api/land?token=40f733f7e62695490d7414e384df66f6","imageurl":"/mcm/images/land/2S/8692_2133ce300d0a.jpg","landname":"91"},{"id":281474988703986,"level":1,"status":0,"posx":4,"posy":20,"cityid":183,"townid":442,"tokenid":"781fc8f8ceb3b5a53cb254c009064b3f","tokenurl":"/mcm/api/land?token=781fc8f8ceb3b5a53cb254c009064b3f","imageurl":"/mcm/images/land/2S/8693_5abfd3f3653b.jpg","landname":"92"},{"id":281474988703987,"level":3,"status":0,"posx":9,"posy":20,"cityid":183,"townid":442,"tokenid":"71e0c2c1a2a49fdd52d985f5df42e7a5","tokenurl":"/mcm/api/land?token=71e0c2c1a2a49fdd52d985f5df42e7a5","imageurl":"/mcm/images/land/2B/21725_3748c4a121e9.jpg","landname":"93"},{"id":281474988703988,"level":3,"status":0,"posx":10,"posy":20,"cityid":183,"townid":442,"tokenid":"370b42f8984872d7bb8231f42f525b3e","tokenurl":"/mcm/api/land?token=370b42f8984872d7bb8231f42f525b3e","imageurl":"/mcm/images/land/2B/21726_53d56a7f90a0.jpg","landname":"94"},{"id":281474988703989,"level":2,"status":1,"posx":13,"posy":20,"cityid":183,"townid":442,"tokenid":"ce8befebb0dcdfa927a7487e62b61a7d","tokenurl":"/mcm/api/land?token=ce8befebb0dcdfa927a7487e62b61a7d","imageurl":"/mcm/images/land/2A/13029_4621701c2b4d.jpg","landname":"95"},{"id":281474988703990,"level":3,"status":0,"posx":14,"posy":20,"cityid":183,"townid":442,"tokenid":"5963bb55970cf85683ed3279ec3ce9ae","tokenurl":"/mcm/api/land?token=5963bb55970cf85683ed3279ec3ce9ae","imageurl":"/mcm/images/land/2B/21727_8ca4cbe2455.jpg","landname":"96"},{"id":281474988703991,"level":3,"status":1,"posx":17,"posy":20,"cityid":183,"townid":442,"tokenid":"a28ed4d3ecee22ba0649463fd4372586","tokenurl":"/mcm/api/land?token=a28ed4d3ecee22ba0649463fd4372586","imageurl":"/mcm/images/land/2B/21728_d98c5bfe1d4.jpg","landname":"97"},{"id":281474988703992,"level":2,"status":1,"posx":18,"posy":20,"cityid":183,"townid":442,"tokenid":"13f4861752db19d80e7384af2a86f15c","tokenurl":"/mcm/api/land?token=13f4861752db19d80e7384af2a86f15c","imageurl":"/mcm/images/land/2A/13030_3c497c0075e0.jpg","landname":"98"},{"id":281474988703993,"level":3,"status":0,"posx":29,"posy":20,"cityid":183,"townid":442,"tokenid":"5c9f39e6d3d3eccd525d1c4df6f5d6ae","tokenurl":"/mcm/api/land?token=5c9f39e6d3d3eccd525d1c4df6f5d6ae","imageurl":"/mcm/images/land/2B/21729_850043b9f51.jpg","landname":"99"},{"id":281474988703994,"level":2,"status":1,"posx":30,"posy":20,"cityid":183,"townid":442,"tokenid":"c935e6cb72c381436b064116021b598d","tokenurl":"/mcm/api/land?token=c935e6cb72c381436b064116021b598d","imageurl":"/mcm/images/land/2A/13031_1dadd6121c4a.jpg","landname":"100"},{"id":281474988703995,"level":3,"status":0,"posx":33,"posy":20,"cityid":183,"townid":442,"tokenid":"e494e451bf9b2776bf60e775eedd2934","tokenurl":"/mcm/api/land?token=e494e451bf9b2776bf60e775eedd2934","imageurl":"/mcm/images/land/2B/21730_13cb72b147d4.jpg","landname":"101"},{"id":281474988703996,"level":3,"status":1,"posx":34,"posy":20,"cityid":183,"townid":442,"tokenid":"7749f53ae4a149f8fdc963096dff2e5e","tokenurl":"/mcm/api/land?token=7749f53ae4a149f8fdc963096dff2e5e","imageurl":"/mcm/images/land/2B/21731_1f9b629ef761.jpg","landname":"102"},{"id":281474988703997,"level":3,"status":1,"posx":3,"posy":21,"cityid":183,"townid":442,"tokenid":"6d5a44ddd6eb7584910c7ef2cecf723f","tokenurl":"/mcm/api/land?token=6d5a44ddd6eb7584910c7ef2cecf723f","imageurl":"/mcm/images/land/2B/21732_509b389a570b.jpg","landname":"103"},{"id":281474988703998,"level":1,"status":0,"posx":4,"posy":21,"cityid":183,"townid":442,"tokenid":"29f181e84a7fa89499d9d452ad3973ae","tokenurl":"/mcm/api/land?token=29f181e84a7fa89499d9d452ad3973ae","imageurl":"/mcm/images/land/2S/8694_2e73b1c2ad03.jpg","landname":"104"},{"id":281474988703999,"level":3,"status":0,"posx":9,"posy":21,"cityid":183,"townid":442,"tokenid":"b5a78b664dfbf7f301698b6361eff265","tokenurl":"/mcm/api/land?token=b5a78b664dfbf7f301698b6361eff265","imageurl":"/mcm/images/land/2B/21733_315de6ffd6ea.jpg","landname":"105"},{"id":281474988704000,"level":2,"status":0,"posx":10,"posy":21,"cityid":183,"townid":442,"tokenid":"e0e83cdfe7cb407568cb4fb09af02334","tokenurl":"/mcm/api/land?token=e0e83cdfe7cb407568cb4fb09af02334","imageurl":"/mcm/images/land/2A/13032_1e2b691bf66e.jpg","landname":"106"},{"id":281474988704001,"level":1,"status":1,"posx":13,"posy":21,"cityid":183,"townid":442,"tokenid":"189d443c6bbaba7e323d2c5b0bdb0106","tokenurl":"/mcm/api/land?token=189d443c6bbaba7e323d2c5b0bdb0106","imageurl":"/mcm/images/land/2S/8695_1b1e10bff797.jpg","landname":"107"},{"id":281474988704002,"level":3,"status":1,"posx":14,"posy":21,"cityid":183,"townid":442,"tokenid":"ec74fb2b85c4d97a00888a260c79672e","tokenurl":"/mcm/api/land?token=ec74fb2b85c4d97a00888a260c79672e","imageurl":"/mcm/images/land/2B/21734_20998f296b79.jpg","landname":"108"},{"id":281474988704003,"level":2,"status":0,"posx":17,"posy":21,"cityid":183,"townid":442,"tokenid":"a1bafff997c11b3430899092c6bd5489","tokenurl":"/mcm/api/land?token=a1bafff997c11b3430899092c6bd5489","imageurl":"/mcm/images/land/2A/13033_9063b53527a.jpg","landname":"109"},{"id":281474988704004,"level":2,"status":1,"posx":18,"posy":21,"cityid":183,"townid":442,"tokenid":"49e3430e79be20f5b8d472cc0adfaffa","tokenurl":"/mcm/api/land?token=49e3430e79be20f5b8d472cc0adfaffa","imageurl":"/mcm/images/land/2A/13034_1aa5156f4745.jpg","landname":"110"},{"id":281474988704005,"level":3,"status":1,"posx":3,"posy":22,"cityid":183,"townid":442,"tokenid":"be6d36af836b65353dfcd924eb776fd6","tokenurl":"/mcm/api/land?token=be6d36af836b65353dfcd924eb776fd6","imageurl":"/mcm/images/land/2B/21735_4cf1f7b6f058.jpg","landname":"111"},{"id":281474988704006,"level":3,"status":0,"posx":4,"posy":22,"cityid":183,"townid":442,"tokenid":"70ae9ac0f1f56f9931382cdc1a3516e3","tokenurl":"/mcm/api/land?token=70ae9ac0f1f56f9931382cdc1a3516e3","imageurl":"/mcm/images/land/2B/21736_1371133c9099.jpg","landname":"112"},{"id":281474988704007,"level":3,"status":1,"posx":9,"posy":22,"cityid":183,"townid":442,"tokenid":"50e675c57fa4cd320315e987a829c6c4","tokenurl":"/mcm/api/land?token=50e675c57fa4cd320315e987a829c6c4","imageurl":"/mcm/images/land/2B/21737_56c3317d3f1b.jpg","landname":"113"},{"id":281474988704008,"level":2,"status":0,"posx":10,"posy":22,"cityid":183,"townid":442,"tokenid":"c4d8c198c5cbbf32a6d468da840e70b1","tokenurl":"/mcm/api/land?token=c4d8c198c5cbbf32a6d468da840e70b1","imageurl":"/mcm/images/land/2A/13035_2bc637760188.jpg","landname":"114"},{"id":281474988704009,"level":2,"status":1,"posx":13,"posy":22,"cityid":183,"townid":442,"tokenid":"d179fe8d7a323153f02d3d5278d09de5","tokenurl":"/mcm/api/land?token=d179fe8d7a323153f02d3d5278d09de5","imageurl":"/mcm/images/land/2A/13036_320a85505a64.jpg","landname":"115"},{"id":281474988704010,"level":3,"status":0,"posx":14,"posy":22,"cityid":183,"townid":442,"tokenid":"5610f39d8e029e1f1045986bfb2bd44c","tokenurl":"/mcm/api/land?token=5610f39d8e029e1f1045986bfb2bd44c","imageurl":"/mcm/images/land/2B/21738_18c0aa71085.jpg","landname":"116"},{"id":281474988704011,"level":2,"status":0,"posx":17,"posy":22,"cityid":183,"townid":442,"tokenid":"4d7204a8694105b9fa197190f4d620b7","tokenurl":"/mcm/api/land?token=4d7204a8694105b9fa197190f4d620b7","imageurl":"/mcm/images/land/2A/13037_53952eca6d7c.jpg","landname":"117"},{"id":281474988704012,"level":2,"status":1,"posx":18,"posy":22,"cityid":183,"townid":442,"tokenid":"ef811f2f7e4e178954232dca40ecc1b7","tokenurl":"/mcm/api/land?token=ef811f2f7e4e178954232dca40ecc1b7","imageurl":"/mcm/images/land/2A/13038_1b159b924058.jpg","landname":"118"},{"id":281474988704013,"level":3,"status":1,"posx":9,"posy":23,"cityid":183,"townid":442,"tokenid":"df587c1e9912f14a6da5bf0d580e9f3a","tokenurl":"/mcm/api/land?token=df587c1e9912f14a6da5bf0d580e9f3a","imageurl":"/mcm/images/land/2B/21739_3534a0ac9f0a.jpg","landname":"119"},{"id":281474988704014,"level":2,"status":0,"posx":10,"posy":23,"cityid":183,"townid":442,"tokenid":"3b77c98d764ea2debb5e9e4f4e5ca09b","tokenurl":"/mcm/api/land?token=3b77c98d764ea2debb5e9e4f4e5ca09b","imageurl":"/mcm/images/land/2A/13039_1922a75c66b4.jpg","landname":"120"},{"id":281474988704015,"level":2,"status":1,"posx":13,"posy":23,"cityid":183,"townid":442,"tokenid":"64d9b46459822415f7fbbaeb0fbec904","tokenurl":"/mcm/api/land?token=64d9b46459822415f7fbbaeb0fbec904","imageurl":"/mcm/images/land/2A/13040_808ab00a0bc.jpg","landname":"121"},{"id":281474988704016,"level":3,"status":0,"posx":14,"posy":23,"cityid":183,"townid":442,"tokenid":"46f99d556d169dc6617d9f19da69590a","tokenurl":"/mcm/api/land?token=46f99d556d169dc6617d9f19da69590a","imageurl":"/mcm/images/land/2B/21740_1f61c82ba77b.jpg","landname":"122"},{"id":281474988704017,"level":1,"status":0,"posx":17,"posy":23,"cityid":183,"townid":442,"tokenid":"e53fae131ecbbd0361ef5885050aae1b","tokenurl":"/mcm/api/land?token=e53fae131ecbbd0361ef5885050aae1b","imageurl":"/mcm/images/land/2S/8696_4ad0f683ade9.jpg","landname":"123"},{"id":281474988704018,"level":1,"status":0,"posx":18,"posy":23,"cityid":183,"townid":442,"tokenid":"28d90bdd064e263578511b0b72bafa08","tokenurl":"/mcm/api/land?token=28d90bdd064e263578511b0b72bafa08","imageurl":"/mcm/images/land/2S/8697_206e12a57748.jpg","landname":"124"},{"id":281474988704019,"level":2,"status":1,"posx":9,"posy":24,"cityid":183,"townid":442,"tokenid":"f5b3553c24202170ea2c354dbcc8872b","tokenurl":"/mcm/api/land?token=f5b3553c24202170ea2c354dbcc8872b","imageurl":"/mcm/images/land/2A/13041_27be54b23e00.jpg","landname":"125"},{"id":281474988704020,"level":1,"status":1,"posx":10,"posy":24,"cityid":183,"townid":442,"tokenid":"3e14f4c166c0427234ee2738c95a46f3","tokenurl":"/mcm/api/land?token=3e14f4c166c0427234ee2738c95a46f3","imageurl":"/mcm/images/land/2S/8698_29632ab61471.jpg","landname":"126"},{"id":281474988704021,"level":1,"status":0,"posx":13,"posy":24,"cityid":183,"townid":442,"tokenid":"09d74a80f50ba8d2a00f651f8542ddb5","tokenurl":"/mcm/api/land?token=09d74a80f50ba8d2a00f651f8542ddb5","imageurl":"/mcm/images/land/2S/8699_576cbcf1f2f2.jpg","landname":"127"},{"id":281474988704022,"level":2,"status":1,"posx":14,"posy":24,"cityid":183,"townid":442,"tokenid":"3fc35aa30714155b9066f353d414b268","tokenurl":"/mcm/api/land?token=3fc35aa30714155b9066f353d414b268","imageurl":"/mcm/images/land/2A/13042_469a73f0c713.jpg","landname":"128"},{"id":281474988704023,"level":2,"status":1,"posx":17,"posy":24,"cityid":183,"townid":442,"tokenid":"3b44af964082570781b910526065a2b0","tokenurl":"/mcm/api/land?token=3b44af964082570781b910526065a2b0","imageurl":"/mcm/images/land/2A/13043_1a9f7363fca5.jpg","landname":"129"},{"id":281474988704024,"level":3,"status":1,"posx":18,"posy":24,"cityid":183,"townid":442,"tokenid":"c54c6f18d4ac323d91973f4e4f823651","tokenurl":"/mcm/api/land?token=c54c6f18d4ac323d91973f4e4f823651","imageurl":"/mcm/images/land/2B/21741_3ea105b6e8e2.jpg","landname":"130"},{"id":281474988704025,"level":2,"status":0,"posx":30,"posy":25,"cityid":183,"townid":442,"tokenid":"afb3744c0d64db083b80658a506e6961","tokenurl":"/mcm/api/land?token=afb3744c0d64db083b80658a506e6961","imageurl":"/mcm/images/land/2A/13044_343e5cc23006.jpg","landname":"131"},{"id":281474988704026,"level":1,"status":1,"posx":31,"posy":25,"cityid":183,"townid":442,"tokenid":"c8f27743aa8bda84586bc3b3fb2f5da9","tokenurl":"/mcm/api/land?token=c8f27743aa8bda84586bc3b3fb2f5da9","imageurl":"/mcm/images/land/2S/8700_321bb878cd7e.jpg","landname":"132"},{"id":281474988704027,"level":2,"status":0,"posx":30,"posy":26,"cityid":183,"townid":442,"tokenid":"cd46748558615262d52bdf64d1346436","tokenurl":"/mcm/api/land?token=cd46748558615262d52bdf64d1346436","imageurl":"/mcm/images/land/2A/13045_266ebd1922a.jpg","landname":"133"},{"id":281474988704028,"level":3,"status":0,"posx":31,"posy":26,"cityid":183,"townid":442,"tokenid":"b2471740322ca5c6487d185ae9bc27ed","tokenurl":"/mcm/api/land?token=b2471740322ca5c6487d185ae9bc27ed","imageurl":"/mcm/images/land/2B/21742_4d5b4ac13ede.jpg","landname":"134"},{"id":281474988704029,"level":2,"status":0,"posx":30,"posy":27,"cityid":183,"townid":442,"tokenid":"b74b9674160b9807b4aea74bc5208aa6","tokenurl":"/mcm/api/land?token=b74b9674160b9807b4aea74bc5208aa6","imageurl":"/mcm/images/land/2A/13046_120af437e7c7.jpg","landname":"135"},{"id":281474988704030,"level":2,"status":1,"posx":31,"posy":27,"cityid":183,"townid":442,"tokenid":"f492dff3b609ebacbb9b737ecc361f06","tokenurl":"/mcm/api/land?token=f492dff3b609ebacbb9b737ecc361f06","imageurl":"/mcm/images/land/2A/13047_1a70dd8d54ed.jpg","landname":"136"},{"id":281474988704031,"level":2,"status":0,"posx":30,"posy":28,"cityid":183,"townid":442,"tokenid":"1884f9a2c9a4831a5aa26ff1c3b69353","tokenurl":"/mcm/api/land?token=1884f9a2c9a4831a5aa26ff1c3b69353","imageurl":"/mcm/images/land/2A/13048_2b4baef31e43.jpg","landname":"137"},{"id":281474988704032,"level":2,"status":1,"posx":31,"posy":28,"cityid":183,"townid":442,"tokenid":"f8df491125d6db6f86a05ba41eca43b2","tokenurl":"/mcm/api/land?token=f8df491125d6db6f86a05ba41eca43b2","imageurl":"/mcm/images/land/2A/13049_ed3dfd5529c.jpg","landname":"138"},{"id":281474988704033,"level":3,"status":0,"posx":30,"posy":29,"cityid":183,"townid":442,"tokenid":"16f6323ad5e97eb50e63cd86b8b961e3","tokenurl":"/mcm/api/land?token=16f6323ad5e97eb50e63cd86b8b961e3","imageurl":"/mcm/images/land/2B/21743_1965fe8f300.jpg","landname":"139"},{"id":281474988704034,"level":3,"status":1,"posx":31,"posy":29,"cityid":183,"townid":442,"tokenid":"0f5d1b9ffc3793dcc096edcabc61f057","tokenurl":"/mcm/api/land?token=0f5d1b9ffc3793dcc096edcabc61f057","imageurl":"/mcm/images/land/2B/21744_515f5f492f1c.jpg","landname":"140"},{"id":281474988704035,"level":3,"status":1,"posx":10,"posy":30,"cityid":183,"townid":442,"tokenid":"6a56b2e7f8ccc7d24eee8ee802850433","tokenurl":"/mcm/api/land?token=6a56b2e7f8ccc7d24eee8ee802850433","imageurl":"/mcm/images/land/2B/21745_4ecd4c17da5c.jpg","landname":"141"},{"id":281474988704036,"level":3,"status":1,"posx":11,"posy":30,"cityid":183,"townid":442,"tokenid":"3fb0a78729b446b6b97e006ae4886e53","tokenurl":"/mcm/api/land?token=3fb0a78729b446b6b97e006ae4886e53","imageurl":"/mcm/images/land/2B/21746_18c7c466ba3d.jpg","landname":"142"},{"id":281474988704037,"level":2,"status":1,"posx":12,"posy":30,"cityid":183,"townid":442,"tokenid":"6b27d1874e014da24ab8d084b7f4b5b9","tokenurl":"/mcm/api/land?token=6b27d1874e014da24ab8d084b7f4b5b9","imageurl":"/mcm/images/land/2A/13050_eb1b441e931.jpg","landname":"143"},{"id":281474988704038,"level":3,"status":0,"posx":13,"posy":30,"cityid":183,"townid":442,"tokenid":"0aeda3dfba9b3ed36b73664ec674d501","tokenurl":"/mcm/api/land?token=0aeda3dfba9b3ed36b73664ec674d501","imageurl":"/mcm/images/land/2B/21747_340935033969.jpg","landname":"144"},{"id":281474988704039,"level":2,"status":1,"posx":14,"posy":30,"cityid":183,"townid":442,"tokenid":"455c4d0b02a7e48b7c706c09534bae15","tokenurl":"/mcm/api/land?token=455c4d0b02a7e48b7c706c09534bae15","imageurl":"/mcm/images/land/2A/13051_487ec6c19fff.jpg","landname":"145"},{"id":281474988704040,"level":1,"status":1,"posx":10,"posy":31,"cityid":183,"townid":442,"tokenid":"a4742c380caf64df15880914cd1d82f3","tokenurl":"/mcm/api/land?token=a4742c380caf64df15880914cd1d82f3","imageurl":"/mcm/images/land/2S/8701_d1e562e48ee.jpg","landname":"146"},{"id":281474988704041,"level":3,"status":1,"posx":11,"posy":31,"cityid":183,"townid":442,"tokenid":"7ef5f69f12f4a828611c155af5984a11","tokenurl":"/mcm/api/land?token=7ef5f69f12f4a828611c155af5984a11","imageurl":"/mcm/images/land/2B/21748_4287cbb6de64.jpg","landname":"147"},{"id":281474988704042,"level":3,"status":0,"posx":12,"posy":31,"cityid":183,"townid":442,"tokenid":"4de181a0a5d286c7f288a35521f6f328","tokenurl":"/mcm/api/land?token=4de181a0a5d286c7f288a35521f6f328","imageurl":"/mcm/images/land/2B/21749_dae3e36f80.jpg","landname":"148"},{"id":281474988704043,"level":3,"status":0,"posx":13,"posy":31,"cityid":183,"townid":442,"tokenid":"91d86afb704bdb2986ec59dbe19f64b4","tokenurl":"/mcm/api/land?token=91d86afb704bdb2986ec59dbe19f64b4","imageurl":"/mcm/images/land/2B/21750_4fe8a0029401.jpg","landname":"149"},{"id":281474988704044,"level":3,"status":0,"posx":14,"posy":31,"cityid":183,"townid":442,"tokenid":"7a95747e4800c335623b96dfe65cd99c","tokenurl":"/mcm/api/land?token=7a95747e4800c335623b96dfe65cd99c","imageurl":"/mcm/images/land/2B/21751_1ad4d0acb563.jpg","landname":"150"}]]],0,0,[],[],[]]
