[1,0,0,[["cc.JsonAsset",["_name","json"],1]],[[0,0,1,3]],[[0,"112",[{"id":281474979201175,"level":3,"status":1,"posx":15,"posy":5,"cityid":38,"townid":112,"tokenid":"b91f7c75cc3b0621c01422302c3ca1ec","tokenurl":"/mcm/api/land?token=b91f7c75cc3b0621c01422302c3ca1ec","imageurl":"/mcm/images/land/2B/2927_2c01cbeea72.jpg","landname":"1"},{"id":281474979201176,"level":3,"status":1,"posx":16,"posy":5,"cityid":38,"townid":112,"tokenid":"d595e6d26e666dc1e684ff442266c26b","tokenurl":"/mcm/api/land?token=d595e6d26e666dc1e684ff442266c26b","imageurl":"/mcm/images/land/2B/2928_3af4663f28f1.jpg","landname":"2"},{"id":281474979201177,"level":1,"status":1,"posx":25,"posy":5,"cityid":38,"townid":112,"tokenid":"3f3d66fb7b1cf34956e53b15cad649a8","tokenurl":"/mcm/api/land?token=3f3d66fb7b1cf34956e53b15cad649a8","imageurl":"/mcm/images/land/2S/1172_55c052ac5597.jpg","landname":"3"},{"id":281474979201178,"level":2,"status":1,"posx":26,"posy":5,"cityid":38,"townid":112,"tokenid":"fc5a0e9527c74bc50efa2f602656f24a","tokenurl":"/mcm/api/land?token=fc5a0e9527c74bc50efa2f602656f24a","imageurl":"/mcm/images/land/2A/1757_2d2e7feea176.jpg","landname":"4"},{"id":281474979201179,"level":2,"status":1,"posx":6,"posy":6,"cityid":38,"townid":112,"tokenid":"8b555c4641022a0e1cd9f637e616fefd","tokenurl":"/mcm/api/land?token=8b555c4641022a0e1cd9f637e616fefd","imageurl":"/mcm/images/land/2A/1758_2a1ddafffe43.jpg","landname":"5"},{"id":281474979201180,"level":1,"status":0,"posx":7,"posy":6,"cityid":38,"townid":112,"tokenid":"616264dc6e42c9288929faa47dab0eb6","tokenurl":"/mcm/api/land?token=616264dc6e42c9288929faa47dab0eb6","imageurl":"/mcm/images/land/2S/1173_5aa5e3aa7b1a.jpg","landname":"6"},{"id":281474979201181,"level":3,"status":0,"posx":15,"posy":6,"cityid":38,"townid":112,"tokenid":"04129661fd927c932caa0d462e993f5f","tokenurl":"/mcm/api/land?token=04129661fd927c932caa0d462e993f5f","imageurl":"/mcm/images/land/2B/2929_29803d3dd9aa.jpg","landname":"7"},{"id":281474979201182,"level":1,"status":1,"posx":16,"posy":6,"cityid":38,"townid":112,"tokenid":"ddb48eed3b57f842d8850d413431b038","tokenurl":"/mcm/api/land?token=ddb48eed3b57f842d8850d413431b038","imageurl":"/mcm/images/land/2S/1174_5a8262ce08be.jpg","landname":"8"},{"id":281474979201183,"level":3,"status":0,"posx":25,"posy":6,"cityid":38,"townid":112,"tokenid":"df30d2e94f5da64c963cb940cf2f58c0","tokenurl":"/mcm/api/land?token=df30d2e94f5da64c963cb940cf2f58c0","imageurl":"/mcm/images/land/2B/2930_ef92ccd8fd9.jpg","landname":"9"},{"id":281474979201184,"level":3,"status":0,"posx":26,"posy":6,"cityid":38,"townid":112,"tokenid":"af6efc9ea45119e8f13d0712c87301d9","tokenurl":"/mcm/api/land?token=af6efc9ea45119e8f13d0712c87301d9","imageurl":"/mcm/images/land/2B/2931_4d18218ada66.jpg","landname":"10"},{"id":281474979201185,"level":2,"status":1,"posx":30,"posy":6,"cityid":38,"townid":112,"tokenid":"59b0154a0efc2377abff578f50272173","tokenurl":"/mcm/api/land?token=59b0154a0efc2377abff578f50272173","imageurl":"/mcm/images/land/2A/1759_36b196089893.jpg","landname":"11"},{"id":281474979201186,"level":3,"status":1,"posx":31,"posy":6,"cityid":38,"townid":112,"tokenid":"db3fe78851fe51e8d301ff1db58afac5","tokenurl":"/mcm/api/land?token=db3fe78851fe51e8d301ff1db58afac5","imageurl":"/mcm/images/land/2B/2932_560895970c3c.jpg","landname":"12"},{"id":281474979201187,"level":2,"status":1,"posx":33,"posy":6,"cityid":38,"townid":112,"tokenid":"a5920e65326d9664bf94a00416cf3e7f","tokenurl":"/mcm/api/land?token=a5920e65326d9664bf94a00416cf3e7f","imageurl":"/mcm/images/land/2A/1760_384e3dc67aee.jpg","landname":"13"},{"id":281474979201188,"level":3,"status":0,"posx":34,"posy":6,"cityid":38,"townid":112,"tokenid":"90d2fead195465e9ec5d64741dd66c33","tokenurl":"/mcm/api/land?token=90d2fead195465e9ec5d64741dd66c33","imageurl":"/mcm/images/land/2B/2933_9d9c630bea8.jpg","landname":"14"},{"id":281474979201189,"level":2,"status":1,"posx":6,"posy":7,"cityid":38,"townid":112,"tokenid":"fc43be4b36df271695a69a4a80d1aa09","tokenurl":"/mcm/api/land?token=fc43be4b36df271695a69a4a80d1aa09","imageurl":"/mcm/images/land/2A/1761_44d8b5bb4fa6.jpg","landname":"15"},{"id":281474979201190,"level":2,"status":0,"posx":7,"posy":7,"cityid":38,"townid":112,"tokenid":"15e11361fca0455b40162a42d3713c3b","tokenurl":"/mcm/api/land?token=15e11361fca0455b40162a42d3713c3b","imageurl":"/mcm/images/land/2A/1762_51927785b49a.jpg","landname":"16"},{"id":281474979201191,"level":2,"status":0,"posx":15,"posy":7,"cityid":38,"townid":112,"tokenid":"bd5e88fa0ca9b634fe814fbf9c8b7dd6","tokenurl":"/mcm/api/land?token=bd5e88fa0ca9b634fe814fbf9c8b7dd6","imageurl":"/mcm/images/land/2A/1763_200428fe1ab2.jpg","landname":"17"},{"id":281474979201192,"level":3,"status":0,"posx":16,"posy":7,"cityid":38,"townid":112,"tokenid":"46fb4bcda0e8f4553710c4cce17fd234","tokenurl":"/mcm/api/land?token=46fb4bcda0e8f4553710c4cce17fd234","imageurl":"/mcm/images/land/2B/2934_a8dcaabdc7f.jpg","landname":"18"},{"id":281474979201193,"level":1,"status":0,"posx":21,"posy":7,"cityid":38,"townid":112,"tokenid":"78e34b8237e8f43a3e8f4169f88c336d","tokenurl":"/mcm/api/land?token=78e34b8237e8f43a3e8f4169f88c336d","imageurl":"/mcm/images/land/2S/1175_3df9c5b6b68c.jpg","landname":"19"},{"id":281474979201194,"level":3,"status":0,"posx":22,"posy":7,"cityid":38,"townid":112,"tokenid":"84ad5e2a2e0b3b505668f1f1a63ee31e","tokenurl":"/mcm/api/land?token=84ad5e2a2e0b3b505668f1f1a63ee31e","imageurl":"/mcm/images/land/2B/2935_397da63ba1c6.jpg","landname":"20"},{"id":281474979201195,"level":2,"status":1,"posx":25,"posy":7,"cityid":38,"townid":112,"tokenid":"16cd43712129f54e54385d00a2d63eb2","tokenurl":"/mcm/api/land?token=16cd43712129f54e54385d00a2d63eb2","imageurl":"/mcm/images/land/2A/1764_30015b099693.jpg","landname":"21"},{"id":281474979201196,"level":2,"status":1,"posx":26,"posy":7,"cityid":38,"townid":112,"tokenid":"8581fef27557bbf5a2732f8e3ce0ac48","tokenurl":"/mcm/api/land?token=8581fef27557bbf5a2732f8e3ce0ac48","imageurl":"/mcm/images/land/2A/1765_1e94fb469ffb.jpg","landname":"22"},{"id":281474979201197,"level":2,"status":0,"posx":30,"posy":7,"cityid":38,"townid":112,"tokenid":"357f6d7c93effd32ad7b682e51a3a097","tokenurl":"/mcm/api/land?token=357f6d7c93effd32ad7b682e51a3a097","imageurl":"/mcm/images/land/2A/1766_343a1843f354.jpg","landname":"23"},{"id":281474979201198,"level":3,"status":1,"posx":31,"posy":7,"cityid":38,"townid":112,"tokenid":"7634ae2a9ce2e280e5e95eb468b70d5f","tokenurl":"/mcm/api/land?token=7634ae2a9ce2e280e5e95eb468b70d5f","imageurl":"/mcm/images/land/2B/2936_e8a870b5327.jpg","landname":"24"},{"id":281474979201199,"level":3,"status":0,"posx":33,"posy":7,"cityid":38,"townid":112,"tokenid":"04fd010bb32aa0e1af9e03e365b80629","tokenurl":"/mcm/api/land?token=04fd010bb32aa0e1af9e03e365b80629","imageurl":"/mcm/images/land/2B/2937_52a079dd1864.jpg","landname":"25"},{"id":281474979201200,"level":2,"status":1,"posx":34,"posy":7,"cityid":38,"townid":112,"tokenid":"5b853d46ae5b64f2b02c85f55d629a1c","tokenurl":"/mcm/api/land?token=5b853d46ae5b64f2b02c85f55d629a1c","imageurl":"/mcm/images/land/2A/1767_1f6377c4b25b.jpg","landname":"26"},{"id":281474979201201,"level":1,"status":1,"posx":6,"posy":8,"cityid":38,"townid":112,"tokenid":"2d00659cd598909b2dae0d47b2f3b768","tokenurl":"/mcm/api/land?token=2d00659cd598909b2dae0d47b2f3b768","imageurl":"/mcm/images/land/2S/1176_5a8d5056c259.jpg","landname":"27"},{"id":281474979201202,"level":1,"status":0,"posx":7,"posy":8,"cityid":38,"townid":112,"tokenid":"98509077b2bcb7988b625441e177cf53","tokenurl":"/mcm/api/land?token=98509077b2bcb7988b625441e177cf53","imageurl":"/mcm/images/land/2S/1177_36cf8d5a0e13.jpg","landname":"28"},{"id":281474979201203,"level":3,"status":1,"posx":15,"posy":8,"cityid":38,"townid":112,"tokenid":"91f76f1829acf6e01f60715da673c411","tokenurl":"/mcm/api/land?token=91f76f1829acf6e01f60715da673c411","imageurl":"/mcm/images/land/2B/2938_17a04f94dc28.jpg","landname":"29"},{"id":281474979201204,"level":2,"status":0,"posx":16,"posy":8,"cityid":38,"townid":112,"tokenid":"469c05a082de2db7d9640d2163c6592c","tokenurl":"/mcm/api/land?token=469c05a082de2db7d9640d2163c6592c","imageurl":"/mcm/images/land/2A/1768_56b9cd4f5f37.jpg","landname":"30"},{"id":281474979201205,"level":3,"status":1,"posx":21,"posy":8,"cityid":38,"townid":112,"tokenid":"10ed1200a8c35661112e03b0de6b3570","tokenurl":"/mcm/api/land?token=10ed1200a8c35661112e03b0de6b3570","imageurl":"/mcm/images/land/2B/2939_4a90937e1be7.jpg","landname":"31"},{"id":281474979201206,"level":3,"status":0,"posx":22,"posy":8,"cityid":38,"townid":112,"tokenid":"85cae60d746da45b24eadecba4b98e6d","tokenurl":"/mcm/api/land?token=85cae60d746da45b24eadecba4b98e6d","imageurl":"/mcm/images/land/2B/2940_3a5153f2ebbd.jpg","landname":"32"},{"id":281474979201207,"level":3,"status":1,"posx":25,"posy":8,"cityid":38,"townid":112,"tokenid":"ecfb95d0c8072f08a9a5eaf7ba34b481","tokenurl":"/mcm/api/land?token=ecfb95d0c8072f08a9a5eaf7ba34b481","imageurl":"/mcm/images/land/2B/2941_3e25017f9d45.jpg","landname":"33"},{"id":281474979201208,"level":1,"status":1,"posx":26,"posy":8,"cityid":38,"townid":112,"tokenid":"4d55c24892ce4c5a1ee5d609356e3268","tokenurl":"/mcm/api/land?token=4d55c24892ce4c5a1ee5d609356e3268","imageurl":"/mcm/images/land/2S/1178_1608ff0ad07e.jpg","landname":"34"},{"id":281474979201209,"level":3,"status":0,"posx":30,"posy":8,"cityid":38,"townid":112,"tokenid":"a6c0115eed619fdd58dffbd5d0f5ffc5","tokenurl":"/mcm/api/land?token=a6c0115eed619fdd58dffbd5d0f5ffc5","imageurl":"/mcm/images/land/2B/2942_31278e5f365b.jpg","landname":"35"},{"id":281474979201210,"level":3,"status":0,"posx":31,"posy":8,"cityid":38,"townid":112,"tokenid":"05c06d76b001aacf6de9c4cb0450e449","tokenurl":"/mcm/api/land?token=05c06d76b001aacf6de9c4cb0450e449","imageurl":"/mcm/images/land/2B/2943_19bfdcea97b0.jpg","landname":"36"},{"id":281474979201211,"level":3,"status":1,"posx":33,"posy":8,"cityid":38,"townid":112,"tokenid":"5046844b126a80a3e06b0b874cbcd3a1","tokenurl":"/mcm/api/land?token=5046844b126a80a3e06b0b874cbcd3a1","imageurl":"/mcm/images/land/2B/2944_ea35d734068.jpg","landname":"37"},{"id":281474979201212,"level":3,"status":1,"posx":34,"posy":8,"cityid":38,"townid":112,"tokenid":"97ce0691e3c45a0c4be9e0047678332b","tokenurl":"/mcm/api/land?token=97ce0691e3c45a0c4be9e0047678332b","imageurl":"/mcm/images/land/2B/2945_40f2f5285266.jpg","landname":"38"},{"id":281474979201213,"level":3,"status":0,"posx":6,"posy":9,"cityid":38,"townid":112,"tokenid":"d6579a53f1a9d4d2773d732e8ad77f73","tokenurl":"/mcm/api/land?token=d6579a53f1a9d4d2773d732e8ad77f73","imageurl":"/mcm/images/land/2B/2946_25e221edb7d3.jpg","landname":"39"},{"id":281474979201214,"level":2,"status":0,"posx":7,"posy":9,"cityid":38,"townid":112,"tokenid":"27103d2760b3bf3684787f945b10aa03","tokenurl":"/mcm/api/land?token=27103d2760b3bf3684787f945b10aa03","imageurl":"/mcm/images/land/2A/1769_d50a00b3fd6.jpg","landname":"40"},{"id":281474979201215,"level":3,"status":1,"posx":15,"posy":9,"cityid":38,"townid":112,"tokenid":"fe2f29bdca2053984a4844372bb1b5df","tokenurl":"/mcm/api/land?token=fe2f29bdca2053984a4844372bb1b5df","imageurl":"/mcm/images/land/2B/2947_2e4d11010fda.jpg","landname":"41"},{"id":281474979201216,"level":3,"status":1,"posx":16,"posy":9,"cityid":38,"townid":112,"tokenid":"d5582d2a8a28eada15c00644edb1cb86","tokenurl":"/mcm/api/land?token=d5582d2a8a28eada15c00644edb1cb86","imageurl":"/mcm/images/land/2B/2948_45411a2a3609.jpg","landname":"42"},{"id":281474979201217,"level":3,"status":1,"posx":21,"posy":9,"cityid":38,"townid":112,"tokenid":"ff74b1b8f2cadfc1c2ca5545b7a90ac2","tokenurl":"/mcm/api/land?token=ff74b1b8f2cadfc1c2ca5545b7a90ac2","imageurl":"/mcm/images/land/2B/2949_42f6023061ed.jpg","landname":"43"},{"id":281474979201218,"level":2,"status":0,"posx":22,"posy":9,"cityid":38,"townid":112,"tokenid":"ed062cfd52c78e54abb3c060ce990f4f","tokenurl":"/mcm/api/land?token=ed062cfd52c78e54abb3c060ce990f4f","imageurl":"/mcm/images/land/2A/1770_2f07fbda800.jpg","landname":"44"},{"id":281474979201219,"level":2,"status":1,"posx":25,"posy":9,"cityid":38,"townid":112,"tokenid":"717815539a0fe3e3da7b826855984af1","tokenurl":"/mcm/api/land?token=717815539a0fe3e3da7b826855984af1","imageurl":"/mcm/images/land/2A/1771_45c4711698f8.jpg","landname":"45"},{"id":281474979201220,"level":3,"status":0,"posx":26,"posy":9,"cityid":38,"townid":112,"tokenid":"1b6b98f343109691cacab3e4c88ef5e5","tokenurl":"/mcm/api/land?token=1b6b98f343109691cacab3e4c88ef5e5","imageurl":"/mcm/images/land/2B/2950_7f4d3663af3.jpg","landname":"46"},{"id":281474979201221,"level":3,"status":1,"posx":30,"posy":9,"cityid":38,"townid":112,"tokenid":"f306c9002de7553cdcc61eaee8fbf331","tokenurl":"/mcm/api/land?token=f306c9002de7553cdcc61eaee8fbf331","imageurl":"/mcm/images/land/2B/2951_579a092f03fe.jpg","landname":"47"},{"id":281474979201222,"level":1,"status":1,"posx":31,"posy":9,"cityid":38,"townid":112,"tokenid":"c5c106374ab737b8ad259fe1bbaf71c2","tokenurl":"/mcm/api/land?token=c5c106374ab737b8ad259fe1bbaf71c2","imageurl":"/mcm/images/land/2S/1179_b4b6a94f773.jpg","landname":"48"},{"id":281474979201223,"level":2,"status":1,"posx":33,"posy":9,"cityid":38,"townid":112,"tokenid":"94cc47ced12662de1d4ad045c8a72d73","tokenurl":"/mcm/api/land?token=94cc47ced12662de1d4ad045c8a72d73","imageurl":"/mcm/images/land/2A/1772_524bdae785c9.jpg","landname":"49"},{"id":281474979201224,"level":2,"status":1,"posx":34,"posy":9,"cityid":38,"townid":112,"tokenid":"729e4f69add0509f8047cc32cb000ad6","tokenurl":"/mcm/api/land?token=729e4f69add0509f8047cc32cb000ad6","imageurl":"/mcm/images/land/2A/1773_1df17c197c99.jpg","landname":"50"},{"id":281474979201225,"level":2,"status":0,"posx":6,"posy":10,"cityid":38,"townid":112,"tokenid":"5d0172a83a67fa5e62fc118ac01d950c","tokenurl":"/mcm/api/land?token=5d0172a83a67fa5e62fc118ac01d950c","imageurl":"/mcm/images/land/2A/1774_10308e79f063.jpg","landname":"51"},{"id":281474979201226,"level":2,"status":1,"posx":7,"posy":10,"cityid":38,"townid":112,"tokenid":"9a6eb0906b601f72238ce4a0d35c9c2a","tokenurl":"/mcm/api/land?token=9a6eb0906b601f72238ce4a0d35c9c2a","imageurl":"/mcm/images/land/2A/1775_3b27ffef5d2c.jpg","landname":"52"},{"id":281474979201227,"level":3,"status":0,"posx":11,"posy":10,"cityid":38,"townid":112,"tokenid":"ffe48505ae13ec3e275fd64c2d11bd08","tokenurl":"/mcm/api/land?token=ffe48505ae13ec3e275fd64c2d11bd08","imageurl":"/mcm/images/land/2B/2952_1d4655244a86.jpg","landname":"53"},{"id":281474979201228,"level":2,"status":0,"posx":12,"posy":10,"cityid":38,"townid":112,"tokenid":"d2911437703401370c440caceded55ed","tokenurl":"/mcm/api/land?token=d2911437703401370c440caceded55ed","imageurl":"/mcm/images/land/2A/1776_1cb1e6c6afad.jpg","landname":"54"},{"id":281474979201229,"level":3,"status":0,"posx":21,"posy":10,"cityid":38,"townid":112,"tokenid":"f1f0f4e6ac0bf17a51242cfbc5a9a185","tokenurl":"/mcm/api/land?token=f1f0f4e6ac0bf17a51242cfbc5a9a185","imageurl":"/mcm/images/land/2B/2953_2ed085ef6fbb.jpg","landname":"55"},{"id":281474979201230,"level":1,"status":1,"posx":22,"posy":10,"cityid":38,"townid":112,"tokenid":"4fb589eef1309b4d0891e4887e91eeb3","tokenurl":"/mcm/api/land?token=4fb589eef1309b4d0891e4887e91eeb3","imageurl":"/mcm/images/land/2S/1180_772b83cc2fc.jpg","landname":"56"},{"id":281474979201231,"level":2,"status":1,"posx":30,"posy":10,"cityid":38,"townid":112,"tokenid":"3a24530dc2be00527da57b2954b7067d","tokenurl":"/mcm/api/land?token=3a24530dc2be00527da57b2954b7067d","imageurl":"/mcm/images/land/2A/1777_3a13bbf2984c.jpg","landname":"57"},{"id":281474979201232,"level":3,"status":0,"posx":31,"posy":10,"cityid":38,"townid":112,"tokenid":"01154221f9feb2c7242ec4a0de9bef4f","tokenurl":"/mcm/api/land?token=01154221f9feb2c7242ec4a0de9bef4f","imageurl":"/mcm/images/land/2B/2954_3e85f9e14c0.jpg","landname":"58"},{"id":281474979201233,"level":3,"status":0,"posx":33,"posy":10,"cityid":38,"townid":112,"tokenid":"84aabd698c85ac9474498e3953871c05","tokenurl":"/mcm/api/land?token=84aabd698c85ac9474498e3953871c05","imageurl":"/mcm/images/land/2B/2955_542bbd583a2f.jpg","landname":"59"},{"id":281474979201234,"level":1,"status":1,"posx":34,"posy":10,"cityid":38,"townid":112,"tokenid":"0b414f9981b2b8c3bb55658976953ceb","tokenurl":"/mcm/api/land?token=0b414f9981b2b8c3bb55658976953ceb","imageurl":"/mcm/images/land/2S/1181_32564e5716e.jpg","landname":"60"},{"id":281474979201235,"level":2,"status":0,"posx":11,"posy":11,"cityid":38,"townid":112,"tokenid":"c7bdc773f85a87521509af1812964271","tokenurl":"/mcm/api/land?token=c7bdc773f85a87521509af1812964271","imageurl":"/mcm/images/land/2A/1778_2017cb9d7011.jpg","landname":"61"},{"id":281474979201236,"level":1,"status":1,"posx":12,"posy":11,"cityid":38,"townid":112,"tokenid":"4dc8be8304ed0d464c815bbcdcd52f42","tokenurl":"/mcm/api/land?token=4dc8be8304ed0d464c815bbcdcd52f42","imageurl":"/mcm/images/land/2S/1182_14b406b2b55d.jpg","landname":"62"},{"id":281474979201237,"level":3,"status":1,"posx":21,"posy":11,"cityid":38,"townid":112,"tokenid":"fb1b0d3b5c1786f6a8a24c611c66c7b9","tokenurl":"/mcm/api/land?token=fb1b0d3b5c1786f6a8a24c611c66c7b9","imageurl":"/mcm/images/land/2B/2956_174e995cae5c.jpg","landname":"63"},{"id":281474979201238,"level":2,"status":1,"posx":22,"posy":11,"cityid":38,"townid":112,"tokenid":"d8a546728965c7534ba78d37dd886c72","tokenurl":"/mcm/api/land?token=d8a546728965c7534ba78d37dd886c72","imageurl":"/mcm/images/land/2A/1779_49d39fccd449.jpg","landname":"64"},{"id":281474979201239,"level":3,"status":0,"posx":11,"posy":12,"cityid":38,"townid":112,"tokenid":"4650d8e4741ea8e7b9352cecea598dc5","tokenurl":"/mcm/api/land?token=4650d8e4741ea8e7b9352cecea598dc5","imageurl":"/mcm/images/land/2B/2957_19ed24e6f98.jpg","landname":"65"},{"id":281474979201240,"level":2,"status":0,"posx":12,"posy":12,"cityid":38,"townid":112,"tokenid":"c7c7b5008433c5ec69c001f2f5726aed","tokenurl":"/mcm/api/land?token=c7c7b5008433c5ec69c001f2f5726aed","imageurl":"/mcm/images/land/2A/1780_2bf622f5a34c.jpg","landname":"66"},{"id":281474979201241,"level":2,"status":0,"posx":11,"posy":13,"cityid":38,"townid":112,"tokenid":"07e1496146b2fd300d17a30aa50d8feb","tokenurl":"/mcm/api/land?token=07e1496146b2fd300d17a30aa50d8feb","imageurl":"/mcm/images/land/2A/1781_139c315eed18.jpg","landname":"67"},{"id":281474979201242,"level":3,"status":0,"posx":12,"posy":13,"cityid":38,"townid":112,"tokenid":"debb34303c2ffed0ac4c253faf19aaa1","tokenurl":"/mcm/api/land?token=debb34303c2ffed0ac4c253faf19aaa1","imageurl":"/mcm/images/land/2B/2958_3c39968e529f.jpg","landname":"68"},{"id":281474979201243,"level":3,"status":0,"posx":11,"posy":14,"cityid":38,"townid":112,"tokenid":"a5803cdc9f8ef80405d37ad33b282c1f","tokenurl":"/mcm/api/land?token=a5803cdc9f8ef80405d37ad33b282c1f","imageurl":"/mcm/images/land/2B/2959_417688f3dbe7.jpg","landname":"69"},{"id":281474979201244,"level":2,"status":1,"posx":12,"posy":14,"cityid":38,"townid":112,"tokenid":"bee2776054e2a51694481ba28655d5e6","tokenurl":"/mcm/api/land?token=bee2776054e2a51694481ba28655d5e6","imageurl":"/mcm/images/land/2A/1782_6e095281da4.jpg","landname":"70"},{"id":281474979201245,"level":1,"status":0,"posx":8,"posy":20,"cityid":38,"townid":112,"tokenid":"de079dd411f3610945a2d6b0da5c1141","tokenurl":"/mcm/api/land?token=de079dd411f3610945a2d6b0da5c1141","imageurl":"/mcm/images/land/2S/1183_339ff3fac3a6.jpg","landname":"71"},{"id":281474979201246,"level":3,"status":0,"posx":9,"posy":20,"cityid":38,"townid":112,"tokenid":"e019c721dc07d3c8953966d8c565d984","tokenurl":"/mcm/api/land?token=e019c721dc07d3c8953966d8c565d984","imageurl":"/mcm/images/land/2B/2960_284c4c60cf95.jpg","landname":"72"},{"id":281474979201247,"level":3,"status":1,"posx":10,"posy":20,"cityid":38,"townid":112,"tokenid":"9d6dff9b34349e9d50050da89deee027","tokenurl":"/mcm/api/land?token=9d6dff9b34349e9d50050da89deee027","imageurl":"/mcm/images/land/2B/2961_36822c37101d.jpg","landname":"73"},{"id":281474979201248,"level":3,"status":0,"posx":11,"posy":20,"cityid":38,"townid":112,"tokenid":"21f258722e249dd48bb835abfbecc477","tokenurl":"/mcm/api/land?token=21f258722e249dd48bb835abfbecc477","imageurl":"/mcm/images/land/2B/2962_2e55025bc0b.jpg","landname":"74"},{"id":281474979201249,"level":1,"status":0,"posx":12,"posy":20,"cityid":38,"townid":112,"tokenid":"cad0df585a84c8ee236a1e511d292d29","tokenurl":"/mcm/api/land?token=cad0df585a84c8ee236a1e511d292d29","imageurl":"/mcm/images/land/2S/1184_19d9954c0875.jpg","landname":"75"},{"id":281474979201250,"level":1,"status":0,"posx":8,"posy":21,"cityid":38,"townid":112,"tokenid":"0c3ddb4320985ce44a80ab5de37f3433","tokenurl":"/mcm/api/land?token=0c3ddb4320985ce44a80ab5de37f3433","imageurl":"/mcm/images/land/2S/1185_4bccf3e0be3b.jpg","landname":"76"},{"id":281474979201251,"level":2,"status":0,"posx":9,"posy":21,"cityid":38,"townid":112,"tokenid":"7d7fe32897c93c2fea28ffbb4e6e765a","tokenurl":"/mcm/api/land?token=7d7fe32897c93c2fea28ffbb4e6e765a","imageurl":"/mcm/images/land/2A/1783_529e6f2454ff.jpg","landname":"77"},{"id":281474979201252,"level":3,"status":0,"posx":10,"posy":21,"cityid":38,"townid":112,"tokenid":"32bbab3068e191d5c8004e41e61f7077","tokenurl":"/mcm/api/land?token=32bbab3068e191d5c8004e41e61f7077","imageurl":"/mcm/images/land/2B/2963_42522631b57c.jpg","landname":"78"},{"id":281474979201253,"level":2,"status":1,"posx":11,"posy":21,"cityid":38,"townid":112,"tokenid":"056fe78669611246f3aadae599012c9d","tokenurl":"/mcm/api/land?token=056fe78669611246f3aadae599012c9d","imageurl":"/mcm/images/land/2A/1784_252ef8192799.jpg","landname":"79"},{"id":281474979201254,"level":2,"status":0,"posx":12,"posy":21,"cityid":38,"townid":112,"tokenid":"c2f690741b0cf030b453c28e2ecf8753","tokenurl":"/mcm/api/land?token=c2f690741b0cf030b453c28e2ecf8753","imageurl":"/mcm/images/land/2A/1785_3300ecb3ea6e.jpg","landname":"80"},{"id":281474979201255,"level":3,"status":1,"posx":27,"posy":22,"cityid":38,"townid":112,"tokenid":"3d3ca39e11bd823de967854e4ca16cc8","tokenurl":"/mcm/api/land?token=3d3ca39e11bd823de967854e4ca16cc8","imageurl":"/mcm/images/land/2B/2964_2f0a266e749.jpg","landname":"81"},{"id":281474979201256,"level":1,"status":0,"posx":28,"posy":22,"cityid":38,"townid":112,"tokenid":"bce4ae38b476128298e1a5c6f1df27ac","tokenurl":"/mcm/api/land?token=bce4ae38b476128298e1a5c6f1df27ac","imageurl":"/mcm/images/land/2S/1186_1570f448eeeb.jpg","landname":"82"},{"id":281474979201257,"level":1,"status":0,"posx":29,"posy":22,"cityid":38,"townid":112,"tokenid":"3bf32526edf27765114af2e0ee3a09da","tokenurl":"/mcm/api/land?token=3bf32526edf27765114af2e0ee3a09da","imageurl":"/mcm/images/land/2S/1187_359d4438b5f9.jpg","landname":"83"},{"id":281474979201258,"level":2,"status":0,"posx":30,"posy":22,"cityid":38,"townid":112,"tokenid":"4222eb39aa76abdb51d8ef987943bfa8","tokenurl":"/mcm/api/land?token=4222eb39aa76abdb51d8ef987943bfa8","imageurl":"/mcm/images/land/2A/1786_181980a8476f.jpg","landname":"84"},{"id":281474979201259,"level":3,"status":1,"posx":31,"posy":22,"cityid":38,"townid":112,"tokenid":"393a8759ed0555bdf893d71c538d79fd","tokenurl":"/mcm/api/land?token=393a8759ed0555bdf893d71c538d79fd","imageurl":"/mcm/images/land/2B/2965_13b642dcce0a.jpg","landname":"85"},{"id":281474979201260,"level":3,"status":0,"posx":27,"posy":23,"cityid":38,"townid":112,"tokenid":"000e8eb4720e7d1b9ad4e918e40faf8b","tokenurl":"/mcm/api/land?token=000e8eb4720e7d1b9ad4e918e40faf8b","imageurl":"/mcm/images/land/2B/2966_3ae56aa27574.jpg","landname":"86"},{"id":281474979201261,"level":2,"status":0,"posx":28,"posy":23,"cityid":38,"townid":112,"tokenid":"1b719298caa0a9dd63e9a0a0648d5480","tokenurl":"/mcm/api/land?token=1b719298caa0a9dd63e9a0a0648d5480","imageurl":"/mcm/images/land/2A/1787_3d096593b25.jpg","landname":"87"},{"id":281474979201262,"level":1,"status":0,"posx":29,"posy":23,"cityid":38,"townid":112,"tokenid":"b4464a9d446a51ee7f75c4928cdea3f4","tokenurl":"/mcm/api/land?token=b4464a9d446a51ee7f75c4928cdea3f4","imageurl":"/mcm/images/land/2S/1188_19ce9aadb90c.jpg","landname":"88"},{"id":281474979201263,"level":3,"status":1,"posx":30,"posy":23,"cityid":38,"townid":112,"tokenid":"bf001cd2444cc2c9bacc702f9afa6f81","tokenurl":"/mcm/api/land?token=bf001cd2444cc2c9bacc702f9afa6f81","imageurl":"/mcm/images/land/2B/2967_1d2f0daa51cb.jpg","landname":"89"},{"id":281474979201264,"level":2,"status":1,"posx":31,"posy":23,"cityid":38,"townid":112,"tokenid":"d0e27f104dbe844fa73b43fd758873dc","tokenurl":"/mcm/api/land?token=d0e27f104dbe844fa73b43fd758873dc","imageurl":"/mcm/images/land/2A/1788_731b39518c0.jpg","landname":"90"},{"id":281474979201265,"level":3,"status":1,"posx":8,"posy":24,"cityid":38,"townid":112,"tokenid":"06448bd86710a0cbb3f9bb72c27f05b0","tokenurl":"/mcm/api/land?token=06448bd86710a0cbb3f9bb72c27f05b0","imageurl":"/mcm/images/land/2B/2968_b52a87aa8a8.jpg","landname":"91"},{"id":281474979201266,"level":1,"status":1,"posx":9,"posy":24,"cityid":38,"townid":112,"tokenid":"e2efbd0e9bb13a937baaade0d29339d5","tokenurl":"/mcm/api/land?token=e2efbd0e9bb13a937baaade0d29339d5","imageurl":"/mcm/images/land/2S/1189_79c99819405.jpg","landname":"92"},{"id":281474979201267,"level":3,"status":0,"posx":10,"posy":24,"cityid":38,"townid":112,"tokenid":"6d50d0b8da91c5dadf45b254b18afc36","tokenurl":"/mcm/api/land?token=6d50d0b8da91c5dadf45b254b18afc36","imageurl":"/mcm/images/land/2B/2969_c3cc8d4d148.jpg","landname":"93"},{"id":281474979201268,"level":3,"status":1,"posx":11,"posy":24,"cityid":38,"townid":112,"tokenid":"fb436da4fb8c6b7e65dd0da99733029f","tokenurl":"/mcm/api/land?token=fb436da4fb8c6b7e65dd0da99733029f","imageurl":"/mcm/images/land/2B/2970_13068915b142.jpg","landname":"94"},{"id":281474979201269,"level":3,"status":1,"posx":12,"posy":24,"cityid":38,"townid":112,"tokenid":"7a36911c9a7402f4acd43eaa7f08f96c","tokenurl":"/mcm/api/land?token=7a36911c9a7402f4acd43eaa7f08f96c","imageurl":"/mcm/images/land/2B/2971_15c89cc4cbb5.jpg","landname":"95"},{"id":281474979201270,"level":1,"status":0,"posx":17,"posy":24,"cityid":38,"townid":112,"tokenid":"fe5b7571d47741b8aed2539ea402d24d","tokenurl":"/mcm/api/land?token=fe5b7571d47741b8aed2539ea402d24d","imageurl":"/mcm/images/land/2S/1190_1812538597a5.jpg","landname":"96"},{"id":281474979201271,"level":2,"status":0,"posx":18,"posy":24,"cityid":38,"townid":112,"tokenid":"3af3481edb9e5197b44d53be2cdb347b","tokenurl":"/mcm/api/land?token=3af3481edb9e5197b44d53be2cdb347b","imageurl":"/mcm/images/land/2A/1789_23c975bc8a84.jpg","landname":"97"},{"id":281474979201272,"level":3,"status":1,"posx":19,"posy":24,"cityid":38,"townid":112,"tokenid":"25db5a61f532fbabb0afed21ef3ea471","tokenurl":"/mcm/api/land?token=25db5a61f532fbabb0afed21ef3ea471","imageurl":"/mcm/images/land/2B/2972_1ae5bc12fddf.jpg","landname":"98"},{"id":281474979201273,"level":2,"status":0,"posx":20,"posy":24,"cityid":38,"townid":112,"tokenid":"f280fb27dc7668cf5831a931138a185a","tokenurl":"/mcm/api/land?token=f280fb27dc7668cf5831a931138a185a","imageurl":"/mcm/images/land/2A/1790_5091376cd7f3.jpg","landname":"99"},{"id":281474979201274,"level":1,"status":1,"posx":21,"posy":24,"cityid":38,"townid":112,"tokenid":"acf105ea7671182857ee8ac1b2265dcb","tokenurl":"/mcm/api/land?token=acf105ea7671182857ee8ac1b2265dcb","imageurl":"/mcm/images/land/2S/1191_1c69977272bf.jpg","landname":"100"},{"id":281474979201275,"level":1,"status":0,"posx":8,"posy":25,"cityid":38,"townid":112,"tokenid":"bf851239b1650301bdc6b9a901b82b28","tokenurl":"/mcm/api/land?token=bf851239b1650301bdc6b9a901b82b28","imageurl":"/mcm/images/land/2S/1192_1eae3b04b4ec.jpg","landname":"101"},{"id":281474979201276,"level":3,"status":1,"posx":9,"posy":25,"cityid":38,"townid":112,"tokenid":"00aa43deaee86d35ad2f360e991672f6","tokenurl":"/mcm/api/land?token=00aa43deaee86d35ad2f360e991672f6","imageurl":"/mcm/images/land/2B/2973_43478af95c09.jpg","landname":"102"},{"id":281474979201277,"level":3,"status":0,"posx":10,"posy":25,"cityid":38,"townid":112,"tokenid":"58fce48af6f02f1725aae3529dbee245","tokenurl":"/mcm/api/land?token=58fce48af6f02f1725aae3529dbee245","imageurl":"/mcm/images/land/2B/2974_20448513fa35.jpg","landname":"103"},{"id":281474979201278,"level":1,"status":0,"posx":11,"posy":25,"cityid":38,"townid":112,"tokenid":"1887f4c9711088ea9823c13a38bd3e0f","tokenurl":"/mcm/api/land?token=1887f4c9711088ea9823c13a38bd3e0f","imageurl":"/mcm/images/land/2S/1193_4f250331adde.jpg","landname":"104"},{"id":281474979201279,"level":2,"status":1,"posx":12,"posy":25,"cityid":38,"townid":112,"tokenid":"ef21e8cb25b19ec2e2cbf0fa3956ef43","tokenurl":"/mcm/api/land?token=ef21e8cb25b19ec2e2cbf0fa3956ef43","imageurl":"/mcm/images/land/2A/1791_45e7dfcdcdd4.jpg","landname":"105"},{"id":281474979201280,"level":3,"status":1,"posx":17,"posy":25,"cityid":38,"townid":112,"tokenid":"548e0c5e8a790ce225d7a82d6f63ae53","tokenurl":"/mcm/api/land?token=548e0c5e8a790ce225d7a82d6f63ae53","imageurl":"/mcm/images/land/2B/2975_564d4e96e71f.jpg","landname":"106"},{"id":281474979201281,"level":3,"status":0,"posx":18,"posy":25,"cityid":38,"townid":112,"tokenid":"18aab0e718040eb4d38f765e93670d3b","tokenurl":"/mcm/api/land?token=18aab0e718040eb4d38f765e93670d3b","imageurl":"/mcm/images/land/2B/2976_169463af59b6.jpg","landname":"107"},{"id":281474979201282,"level":3,"status":1,"posx":19,"posy":25,"cityid":38,"townid":112,"tokenid":"92419498b65b77cf9bbe6ba9a251290a","tokenurl":"/mcm/api/land?token=92419498b65b77cf9bbe6ba9a251290a","imageurl":"/mcm/images/land/2B/2977_2080950fcde2.jpg","landname":"108"},{"id":281474979201283,"level":3,"status":1,"posx":20,"posy":25,"cityid":38,"townid":112,"tokenid":"529639673a7b05095e4c6e1f48bdc1ea","tokenurl":"/mcm/api/land?token=529639673a7b05095e4c6e1f48bdc1ea","imageurl":"/mcm/images/land/2B/2978_8333e88358.jpg","landname":"109"},{"id":281474979201284,"level":2,"status":1,"posx":21,"posy":25,"cityid":38,"townid":112,"tokenid":"2161b936c71f57441e018de6e83b9912","tokenurl":"/mcm/api/land?token=2161b936c71f57441e018de6e83b9912","imageurl":"/mcm/images/land/2A/1792_1d99e110b636.jpg","landname":"110"},{"id":281474979201285,"level":3,"status":0,"posx":27,"posy":26,"cityid":38,"townid":112,"tokenid":"06b09d146be9350cdf6ed9a7ec9a9140","tokenurl":"/mcm/api/land?token=06b09d146be9350cdf6ed9a7ec9a9140","imageurl":"/mcm/images/land/2B/2979_3bae2b5511af.jpg","landname":"111"},{"id":281474979201286,"level":1,"status":1,"posx":28,"posy":26,"cityid":38,"townid":112,"tokenid":"1efe848aef42c491ec2035974912e46c","tokenurl":"/mcm/api/land?token=1efe848aef42c491ec2035974912e46c","imageurl":"/mcm/images/land/2S/1194_55756bbd4e28.jpg","landname":"112"},{"id":281474979201287,"level":3,"status":1,"posx":27,"posy":27,"cityid":38,"townid":112,"tokenid":"b3297fa8f9e3a06c3c90dfead48f2ac8","tokenurl":"/mcm/api/land?token=b3297fa8f9e3a06c3c90dfead48f2ac8","imageurl":"/mcm/images/land/2B/2980_15b46e16155.jpg","landname":"113"},{"id":281474979201288,"level":1,"status":1,"posx":28,"posy":27,"cityid":38,"townid":112,"tokenid":"c98384eedc3b17ddafdfa9627c8f559c","tokenurl":"/mcm/api/land?token=c98384eedc3b17ddafdfa9627c8f559c","imageurl":"/mcm/images/land/2S/1195_24d07dd051e7.jpg","landname":"114"},{"id":281474979201289,"level":2,"status":1,"posx":32,"posy":27,"cityid":38,"townid":112,"tokenid":"ad87ff44b421c21160ace5697cee57c2","tokenurl":"/mcm/api/land?token=ad87ff44b421c21160ace5697cee57c2","imageurl":"/mcm/images/land/2A/1793_145b5e9108d4.jpg","landname":"115"},{"id":281474979201290,"level":1,"status":1,"posx":33,"posy":27,"cityid":38,"townid":112,"tokenid":"bb86f06612f84d82dd26318e0735b2d9","tokenurl":"/mcm/api/land?token=bb86f06612f84d82dd26318e0735b2d9","imageurl":"/mcm/images/land/2S/1196_1cd50c76c81d.jpg","landname":"116"},{"id":281474979201291,"level":2,"status":1,"posx":8,"posy":28,"cityid":38,"townid":112,"tokenid":"8e7b3802e2c872232ba98c2d3e73d616","tokenurl":"/mcm/api/land?token=8e7b3802e2c872232ba98c2d3e73d616","imageurl":"/mcm/images/land/2A/1794_54e3f6fee1b0.jpg","landname":"117"},{"id":281474979201292,"level":3,"status":0,"posx":9,"posy":28,"cityid":38,"townid":112,"tokenid":"636d9f6223a276e9f425bf048c699814","tokenurl":"/mcm/api/land?token=636d9f6223a276e9f425bf048c699814","imageurl":"/mcm/images/land/2B/2981_2d0054774f6a.jpg","landname":"118"},{"id":281474979201293,"level":3,"status":0,"posx":10,"posy":28,"cityid":38,"townid":112,"tokenid":"b629ae52bd2a380e102ada798f9c2f0c","tokenurl":"/mcm/api/land?token=b629ae52bd2a380e102ada798f9c2f0c","imageurl":"/mcm/images/land/2B/2982_5fbed938994.jpg","landname":"119"},{"id":281474979201294,"level":3,"status":1,"posx":11,"posy":28,"cityid":38,"townid":112,"tokenid":"51c46c0757ceb2f0b57f5e3ae8994c3a","tokenurl":"/mcm/api/land?token=51c46c0757ceb2f0b57f5e3ae8994c3a","imageurl":"/mcm/images/land/2B/2983_57296c236b73.jpg","landname":"120"},{"id":281474979201295,"level":3,"status":1,"posx":12,"posy":28,"cityid":38,"townid":112,"tokenid":"764f78e815959ef18a00227b1e15cdbe","tokenurl":"/mcm/api/land?token=764f78e815959ef18a00227b1e15cdbe","imageurl":"/mcm/images/land/2B/2984_187cb057bd66.jpg","landname":"121"},{"id":281474979201296,"level":1,"status":1,"posx":17,"posy":28,"cityid":38,"townid":112,"tokenid":"8dab1a3def086e61241bd71b1a20d235","tokenurl":"/mcm/api/land?token=8dab1a3def086e61241bd71b1a20d235","imageurl":"/mcm/images/land/2S/1197_554a5799f57c.jpg","landname":"122"},{"id":281474979201297,"level":1,"status":0,"posx":18,"posy":28,"cityid":38,"townid":112,"tokenid":"0cefd361c41302f9318c58ec84e61dae","tokenurl":"/mcm/api/land?token=0cefd361c41302f9318c58ec84e61dae","imageurl":"/mcm/images/land/2S/1198_44b935e80612.jpg","landname":"123"},{"id":281474979201298,"level":3,"status":0,"posx":19,"posy":28,"cityid":38,"townid":112,"tokenid":"111945dba797b769e366ce15bcc076b8","tokenurl":"/mcm/api/land?token=111945dba797b769e366ce15bcc076b8","imageurl":"/mcm/images/land/2B/2985_131bd685097c.jpg","landname":"124"},{"id":281474979201299,"level":2,"status":0,"posx":20,"posy":28,"cityid":38,"townid":112,"tokenid":"fd4c34c1b08d43206d859cc3a3d9f095","tokenurl":"/mcm/api/land?token=fd4c34c1b08d43206d859cc3a3d9f095","imageurl":"/mcm/images/land/2A/1795_1282d41ff94a.jpg","landname":"125"},{"id":281474979201300,"level":3,"status":1,"posx":21,"posy":28,"cityid":38,"townid":112,"tokenid":"177f67872a7b2c9e87041cb2c97e6313","tokenurl":"/mcm/api/land?token=177f67872a7b2c9e87041cb2c97e6313","imageurl":"/mcm/images/land/2B/2986_5279c4d1cd8e.jpg","landname":"126"},{"id":281474979201301,"level":3,"status":0,"posx":27,"posy":28,"cityid":38,"townid":112,"tokenid":"358337c3aa0b261e84b66cba4c7de032","tokenurl":"/mcm/api/land?token=358337c3aa0b261e84b66cba4c7de032","imageurl":"/mcm/images/land/2B/2987_57faa74d4934.jpg","landname":"127"},{"id":281474979201302,"level":2,"status":0,"posx":28,"posy":28,"cityid":38,"townid":112,"tokenid":"5296c51c26a56c62177d8e7dc64f4cf6","tokenurl":"/mcm/api/land?token=5296c51c26a56c62177d8e7dc64f4cf6","imageurl":"/mcm/images/land/2A/1796_1fda0f3f5552.jpg","landname":"128"},{"id":281474979201303,"level":1,"status":1,"posx":32,"posy":28,"cityid":38,"townid":112,"tokenid":"37c67148465e25e00e0bce10e521d7b7","tokenurl":"/mcm/api/land?token=37c67148465e25e00e0bce10e521d7b7","imageurl":"/mcm/images/land/2S/1199_1c71f4f2dcad.jpg","landname":"129"},{"id":281474979201304,"level":3,"status":1,"posx":33,"posy":28,"cityid":38,"townid":112,"tokenid":"0abe59b1cece7c9e2b12d94d3415f96b","tokenurl":"/mcm/api/land?token=0abe59b1cece7c9e2b12d94d3415f96b","imageurl":"/mcm/images/land/2B/2988_4b16785998f6.jpg","landname":"130"},{"id":281474979201305,"level":2,"status":1,"posx":8,"posy":29,"cityid":38,"townid":112,"tokenid":"5d8c408186c3431d0743faf178708acb","tokenurl":"/mcm/api/land?token=5d8c408186c3431d0743faf178708acb","imageurl":"/mcm/images/land/2A/1797_1d2aa37db696.jpg","landname":"131"},{"id":281474979201306,"level":2,"status":0,"posx":9,"posy":29,"cityid":38,"townid":112,"tokenid":"98b86c1a5b84e89cab9ba48a915025d2","tokenurl":"/mcm/api/land?token=98b86c1a5b84e89cab9ba48a915025d2","imageurl":"/mcm/images/land/2A/1798_25a8fc5d73a0.jpg","landname":"132"},{"id":281474979201307,"level":3,"status":1,"posx":10,"posy":29,"cityid":38,"townid":112,"tokenid":"1c5e0902e280a41bb2f5bfad12a61538","tokenurl":"/mcm/api/land?token=1c5e0902e280a41bb2f5bfad12a61538","imageurl":"/mcm/images/land/2B/2989_4415009d3858.jpg","landname":"133"},{"id":281474979201308,"level":3,"status":1,"posx":11,"posy":29,"cityid":38,"townid":112,"tokenid":"2124ddc6746dd1812777aa011860452e","tokenurl":"/mcm/api/land?token=2124ddc6746dd1812777aa011860452e","imageurl":"/mcm/images/land/2B/2990_3855b97656fc.jpg","landname":"134"},{"id":281474979201309,"level":2,"status":0,"posx":12,"posy":29,"cityid":38,"townid":112,"tokenid":"59f8ea8be016a212c65a79e7abc8690b","tokenurl":"/mcm/api/land?token=59f8ea8be016a212c65a79e7abc8690b","imageurl":"/mcm/images/land/2A/1799_28ac05f232e4.jpg","landname":"135"},{"id":281474979201310,"level":1,"status":0,"posx":17,"posy":29,"cityid":38,"townid":112,"tokenid":"1dabfa926af294c3f84ebf87e4f4937b","tokenurl":"/mcm/api/land?token=1dabfa926af294c3f84ebf87e4f4937b","imageurl":"/mcm/images/land/2S/1200_4a2f2f0ddb9f.jpg","landname":"136"},{"id":281474979201311,"level":3,"status":0,"posx":18,"posy":29,"cityid":38,"townid":112,"tokenid":"1517ac67b647b1312ff362aa203c3136","tokenurl":"/mcm/api/land?token=1517ac67b647b1312ff362aa203c3136","imageurl":"/mcm/images/land/2B/2991_1bf27b383847.jpg","landname":"137"},{"id":281474979201312,"level":2,"status":0,"posx":19,"posy":29,"cityid":38,"townid":112,"tokenid":"e843972dcccc4dae819c797c8a8a1877","tokenurl":"/mcm/api/land?token=e843972dcccc4dae819c797c8a8a1877","imageurl":"/mcm/images/land/2A/1800_424225bb19ac.jpg","landname":"138"},{"id":281474979201313,"level":3,"status":1,"posx":20,"posy":29,"cityid":38,"townid":112,"tokenid":"dabfd331aae1b4a6acb2705db9b86bfd","tokenurl":"/mcm/api/land?token=dabfd331aae1b4a6acb2705db9b86bfd","imageurl":"/mcm/images/land/2B/2992_1bd6c4f461de.jpg","landname":"139"},{"id":281474979201314,"level":3,"status":1,"posx":21,"posy":29,"cityid":38,"townid":112,"tokenid":"2fa38572c6e0a99d2e7bf7c30ff626fd","tokenurl":"/mcm/api/land?token=2fa38572c6e0a99d2e7bf7c30ff626fd","imageurl":"/mcm/images/land/2B/2993_4b74b4f932e5.jpg","landname":"140"},{"id":281474979201315,"level":3,"status":0,"posx":27,"posy":29,"cityid":38,"townid":112,"tokenid":"8bf4bf551981ca8976a363c6c09e678e","tokenurl":"/mcm/api/land?token=8bf4bf551981ca8976a363c6c09e678e","imageurl":"/mcm/images/land/2B/2994_344e71bae58.jpg","landname":"141"},{"id":281474979201316,"level":3,"status":1,"posx":28,"posy":29,"cityid":38,"townid":112,"tokenid":"4c755ecd42f7eb74269bd0360f03a23c","tokenurl":"/mcm/api/land?token=4c755ecd42f7eb74269bd0360f03a23c","imageurl":"/mcm/images/land/2B/2995_1a8a836462c1.jpg","landname":"142"},{"id":281474979201317,"level":3,"status":1,"posx":32,"posy":29,"cityid":38,"townid":112,"tokenid":"6f73cc1afcc387206e5cac2b2a14865e","tokenurl":"/mcm/api/land?token=6f73cc1afcc387206e5cac2b2a14865e","imageurl":"/mcm/images/land/2B/2996_33a1a94e934c.jpg","landname":"143"},{"id":281474979201318,"level":3,"status":0,"posx":33,"posy":29,"cityid":38,"townid":112,"tokenid":"b6a476a19ccd551890dd913b19451536","tokenurl":"/mcm/api/land?token=b6a476a19ccd551890dd913b19451536","imageurl":"/mcm/images/land/2B/2997_39730e64a341.jpg","landname":"144"},{"id":281474979201319,"level":3,"status":1,"posx":27,"posy":30,"cityid":38,"townid":112,"tokenid":"8581f7aeed6499acba80e80a5720584d","tokenurl":"/mcm/api/land?token=8581f7aeed6499acba80e80a5720584d","imageurl":"/mcm/images/land/2B/2998_1c2de6fa2704.jpg","landname":"145"},{"id":281474979201320,"level":2,"status":0,"posx":28,"posy":30,"cityid":38,"townid":112,"tokenid":"441076d240ed2059eb5810bf5d0587c7","tokenurl":"/mcm/api/land?token=441076d240ed2059eb5810bf5d0587c7","imageurl":"/mcm/images/land/2A/1801_3a638d2ae4a3.jpg","landname":"146"},{"id":281474979201321,"level":3,"status":0,"posx":32,"posy":30,"cityid":38,"townid":112,"tokenid":"f644c16efa7ecebe16300396c50d39a0","tokenurl":"/mcm/api/land?token=f644c16efa7ecebe16300396c50d39a0","imageurl":"/mcm/images/land/2B/2999_1b956c3044fe.jpg","landname":"147"},{"id":281474979201322,"level":3,"status":0,"posx":33,"posy":30,"cityid":38,"townid":112,"tokenid":"b80c665441b8a99fa8310a55ec9468c1","tokenurl":"/mcm/api/land?token=b80c665441b8a99fa8310a55ec9468c1","imageurl":"/mcm/images/land/2B/3000_5a28e4f0c64d.jpg","landname":"148"},{"id":281474979201323,"level":1,"status":0,"posx":32,"posy":31,"cityid":38,"townid":112,"tokenid":"22205f8a0ae31bd17104e9741e531489","tokenurl":"/mcm/api/land?token=22205f8a0ae31bd17104e9741e531489","imageurl":"/mcm/images/land/2S/1201_21d80feac7ea.jpg","landname":"149"},{"id":281474979201324,"level":3,"status":0,"posx":33,"posy":31,"cityid":38,"townid":112,"tokenid":"14e0bae121a3d0a1f0b66f23caae8be9","tokenurl":"/mcm/api/land?token=14e0bae121a3d0a1f0b66f23caae8be9","imageurl":"/mcm/images/land/2B/3001_28613f5ba7d2.jpg","landname":"150"}]]],0,0,[],[],[]]
