[1,0,0,[["cc.JsonAsset",["_name","json"],1]],[[0,0,1,3]],[[0,"1097",[{"id":281475009413121,"level":2,"status":1,"posx":32,"posy":5,"cityid":499,"townid":1097,"tokenid":"6349e588c8ea83c39525df8795907a17","tokenurl":"/mcm/api/land?token=6349e588c8ea83c39525df8795907a17","imageurl":"/mcm/images/land/1A/2522_37cfc2d8f46f.jpg","landname":"1"},{"id":281475009413122,"level":1,"status":1,"posx":33,"posy":5,"cityid":499,"townid":1097,"tokenid":"4fb7c8ab15fc1e9534aad36517d1e4fd","tokenurl":"/mcm/api/land?token=4fb7c8ab15fc1e9534aad36517d1e4fd","imageurl":"/mcm/images/land/1S/5042_47794c2c91ac.jpg","landname":"2"},{"id":281475009413123,"level":1,"status":1,"posx":5,"posy":6,"cityid":499,"townid":1097,"tokenid":"1be444708f0ff8bae5bad806e8391621","tokenurl":"/mcm/api/land?token=1be444708f0ff8bae5bad806e8391621","imageurl":"/mcm/images/land/1S/5043_449be92e1c5d.jpg","landname":"3"},{"id":281475009413124,"level":2,"status":1,"posx":6,"posy":6,"cityid":499,"townid":1097,"tokenid":"deeb39d564dbe9119582df8b352ef8bc","tokenurl":"/mcm/api/land?token=deeb39d564dbe9119582df8b352ef8bc","imageurl":"/mcm/images/land/1A/2523_4b31b8e1352.jpg","landname":"4"},{"id":281475009413125,"level":2,"status":0,"posx":21,"posy":6,"cityid":499,"townid":1097,"tokenid":"219788e1724d594b5504035d351c26d1","tokenurl":"/mcm/api/land?token=219788e1724d594b5504035d351c26d1","imageurl":"/mcm/images/land/1A/2524_5482ee84285f.jpg","landname":"5"},{"id":281475009413126,"level":1,"status":0,"posx":22,"posy":6,"cityid":499,"townid":1097,"tokenid":"724f5bfd075868a3ca30438178f71986","tokenurl":"/mcm/api/land?token=724f5bfd075868a3ca30438178f71986","imageurl":"/mcm/images/land/1S/5044_3bf75592f2ac.jpg","landname":"6"},{"id":281475009413127,"level":1,"status":1,"posx":23,"posy":6,"cityid":499,"townid":1097,"tokenid":"e8514ea67dc754f6983c7a19202392d6","tokenurl":"/mcm/api/land?token=e8514ea67dc754f6983c7a19202392d6","imageurl":"/mcm/images/land/1S/5045_410e93afae1.jpg","landname":"7"},{"id":281475009413128,"level":2,"status":1,"posx":24,"posy":6,"cityid":499,"townid":1097,"tokenid":"89aed81343048b0aaac2fef7d785cced","tokenurl":"/mcm/api/land?token=89aed81343048b0aaac2fef7d785cced","imageurl":"/mcm/images/land/1A/2525_2129652e6a36.jpg","landname":"8"},{"id":281475009413129,"level":1,"status":1,"posx":25,"posy":6,"cityid":499,"townid":1097,"tokenid":"adf731c0593e60f6f3f2a87187088a4a","tokenurl":"/mcm/api/land?token=adf731c0593e60f6f3f2a87187088a4a","imageurl":"/mcm/images/land/1S/5046_4dae39e5d1fe.jpg","landname":"9"},{"id":281475009413130,"level":2,"status":1,"posx":32,"posy":6,"cityid":499,"townid":1097,"tokenid":"3ee9ee2ae5f1a1cb5c9855552c021a3c","tokenurl":"/mcm/api/land?token=3ee9ee2ae5f1a1cb5c9855552c021a3c","imageurl":"/mcm/images/land/1A/2526_459b397b54f7.jpg","landname":"10"},{"id":281475009413131,"level":1,"status":0,"posx":33,"posy":6,"cityid":499,"townid":1097,"tokenid":"de34ab1c5f7f2ed1c58ebdc00a221d15","tokenurl":"/mcm/api/land?token=de34ab1c5f7f2ed1c58ebdc00a221d15","imageurl":"/mcm/images/land/1S/5047_329ccc873ab.jpg","landname":"11"},{"id":281475009413132,"level":3,"status":0,"posx":5,"posy":7,"cityid":499,"townid":1097,"tokenid":"ba3c6ae31b981b0c33fbecd4e925e401","tokenurl":"/mcm/api/land?token=ba3c6ae31b981b0c33fbecd4e925e401","imageurl":"/mcm/images/land/1B/842_4691148a9a36.jpg","landname":"12"},{"id":281475009413133,"level":2,"status":1,"posx":6,"posy":7,"cityid":499,"townid":1097,"tokenid":"1c7bb06053e5b01c905eb78a3c4c4cc5","tokenurl":"/mcm/api/land?token=1c7bb06053e5b01c905eb78a3c4c4cc5","imageurl":"/mcm/images/land/1A/2527_46663746080d.jpg","landname":"13"},{"id":281475009413134,"level":1,"status":0,"posx":21,"posy":7,"cityid":499,"townid":1097,"tokenid":"4b2fc7438293842a11dfcea66d80963a","tokenurl":"/mcm/api/land?token=4b2fc7438293842a11dfcea66d80963a","imageurl":"/mcm/images/land/1S/5048_3186719c0e1d.jpg","landname":"14"},{"id":281475009413135,"level":1,"status":1,"posx":22,"posy":7,"cityid":499,"townid":1097,"tokenid":"3f0b2fc460d572134454827eba195542","tokenurl":"/mcm/api/land?token=3f0b2fc460d572134454827eba195542","imageurl":"/mcm/images/land/1S/5049_1f903ac41745.jpg","landname":"15"},{"id":281475009413136,"level":2,"status":1,"posx":23,"posy":7,"cityid":499,"townid":1097,"tokenid":"c67e8b6c0ded957cf092e7b203f9178a","tokenurl":"/mcm/api/land?token=c67e8b6c0ded957cf092e7b203f9178a","imageurl":"/mcm/images/land/1A/2528_29e29b383652.jpg","landname":"16"},{"id":281475009413137,"level":1,"status":1,"posx":24,"posy":7,"cityid":499,"townid":1097,"tokenid":"45c6d32a1ed25c20cb5101199412a210","tokenurl":"/mcm/api/land?token=45c6d32a1ed25c20cb5101199412a210","imageurl":"/mcm/images/land/1S/5050_432c97468017.jpg","landname":"17"},{"id":281475009413138,"level":1,"status":1,"posx":25,"posy":7,"cityid":499,"townid":1097,"tokenid":"887299016c03038669d296f9935589df","tokenurl":"/mcm/api/land?token=887299016c03038669d296f9935589df","imageurl":"/mcm/images/land/1S/5051_370aa99ab62d.jpg","landname":"18"},{"id":281475009413139,"level":2,"status":0,"posx":32,"posy":7,"cityid":499,"townid":1097,"tokenid":"8d220166b82f600af87e257e24a8dab8","tokenurl":"/mcm/api/land?token=8d220166b82f600af87e257e24a8dab8","imageurl":"/mcm/images/land/1A/2529_45c7de6414bd.jpg","landname":"19"},{"id":281475009413140,"level":1,"status":1,"posx":33,"posy":7,"cityid":499,"townid":1097,"tokenid":"e614a882f4ca328b0830be02bce5caed","tokenurl":"/mcm/api/land?token=e614a882f4ca328b0830be02bce5caed","imageurl":"/mcm/images/land/1S/5052_2165cdd6feae.jpg","landname":"20"},{"id":281475009413141,"level":1,"status":0,"posx":5,"posy":8,"cityid":499,"townid":1097,"tokenid":"8a21288e0e5bee734f19c80e31c93ae4","tokenurl":"/mcm/api/land?token=8a21288e0e5bee734f19c80e31c93ae4","imageurl":"/mcm/images/land/1S/5053_52b271828a29.jpg","landname":"21"},{"id":281475009413142,"level":3,"status":0,"posx":6,"posy":8,"cityid":499,"townid":1097,"tokenid":"8ebfe84a676c2916d67ddc457340cbd2","tokenurl":"/mcm/api/land?token=8ebfe84a676c2916d67ddc457340cbd2","imageurl":"/mcm/images/land/1B/843_3c2076ef5739.jpg","landname":"22"},{"id":281475009413143,"level":2,"status":1,"posx":32,"posy":8,"cityid":499,"townid":1097,"tokenid":"3884a10791dc93d18f4286aac4d5de3b","tokenurl":"/mcm/api/land?token=3884a10791dc93d18f4286aac4d5de3b","imageurl":"/mcm/images/land/1A/2530_1e85f8b48843.jpg","landname":"23"},{"id":281475009413144,"level":2,"status":0,"posx":33,"posy":8,"cityid":499,"townid":1097,"tokenid":"189a4b225dc156fc42f47aa080bb7d83","tokenurl":"/mcm/api/land?token=189a4b225dc156fc42f47aa080bb7d83","imageurl":"/mcm/images/land/1A/2531_3afbeaac5eae.jpg","landname":"24"},{"id":281475009413145,"level":3,"status":0,"posx":5,"posy":9,"cityid":499,"townid":1097,"tokenid":"3b4d8c39ae3ca000396c1ef2862ed660","tokenurl":"/mcm/api/land?token=3b4d8c39ae3ca000396c1ef2862ed660","imageurl":"/mcm/images/land/1B/844_4063fc6d45fd.jpg","landname":"25"},{"id":281475009413146,"level":2,"status":1,"posx":6,"posy":9,"cityid":499,"townid":1097,"tokenid":"811ede197c70f9f96e81aec541bf012b","tokenurl":"/mcm/api/land?token=811ede197c70f9f96e81aec541bf012b","imageurl":"/mcm/images/land/1A/2532_3efb8e64b81b.jpg","landname":"26"},{"id":281475009413147,"level":1,"status":1,"posx":32,"posy":9,"cityid":499,"townid":1097,"tokenid":"0046e6f0e7b9b96ed5b99b357ac0228d","tokenurl":"/mcm/api/land?token=0046e6f0e7b9b96ed5b99b357ac0228d","imageurl":"/mcm/images/land/1S/5054_106534cc59b1.jpg","landname":"27"},{"id":281475009413148,"level":1,"status":1,"posx":33,"posy":9,"cityid":499,"townid":1097,"tokenid":"beed12132cf5a70453951210a885dee1","tokenurl":"/mcm/api/land?token=beed12132cf5a70453951210a885dee1","imageurl":"/mcm/images/land/1S/5055_826d78a6ced.jpg","landname":"28"},{"id":281475009413149,"level":2,"status":0,"posx":5,"posy":10,"cityid":499,"townid":1097,"tokenid":"27b3f6ae30804672b1370fbf281713ab","tokenurl":"/mcm/api/land?token=27b3f6ae30804672b1370fbf281713ab","imageurl":"/mcm/images/land/1A/2533_11e0ecc3a54e.jpg","landname":"29"},{"id":281475009413150,"level":1,"status":1,"posx":6,"posy":10,"cityid":499,"townid":1097,"tokenid":"ba3ac429ad63f1beb4a7eb327dc5e487","tokenurl":"/mcm/api/land?token=ba3ac429ad63f1beb4a7eb327dc5e487","imageurl":"/mcm/images/land/1S/5056_52768ee66d17.jpg","landname":"30"},{"id":281475009413151,"level":1,"status":0,"posx":8,"posy":10,"cityid":499,"townid":1097,"tokenid":"9215b731421f9f371ef291cff53de004","tokenurl":"/mcm/api/land?token=9215b731421f9f371ef291cff53de004","imageurl":"/mcm/images/land/1S/5057_40afd4076df3.jpg","landname":"31"},{"id":281475009413152,"level":1,"status":0,"posx":9,"posy":10,"cityid":499,"townid":1097,"tokenid":"ce8f68f2a05e0459d0c4692594d14d1d","tokenurl":"/mcm/api/land?token=ce8f68f2a05e0459d0c4692594d14d1d","imageurl":"/mcm/images/land/1S/5058_2eb9982c1cdd.jpg","landname":"32"},{"id":281475009413153,"level":2,"status":0,"posx":23,"posy":10,"cityid":499,"townid":1097,"tokenid":"5dfd49eb1a8713d1725a4cbd011f886b","tokenurl":"/mcm/api/land?token=5dfd49eb1a8713d1725a4cbd011f886b","imageurl":"/mcm/images/land/1A/2534_2049f8ebb3fe.jpg","landname":"33"},{"id":281475009413154,"level":3,"status":0,"posx":24,"posy":10,"cityid":499,"townid":1097,"tokenid":"b2f3ec4f5507f37d4fd6b0a1d9f75d80","tokenurl":"/mcm/api/land?token=b2f3ec4f5507f37d4fd6b0a1d9f75d80","imageurl":"/mcm/images/land/1B/845_50b124ffaf8.jpg","landname":"34"},{"id":281475009413155,"level":1,"status":0,"posx":8,"posy":11,"cityid":499,"townid":1097,"tokenid":"1148b7283aeb4ccd4580637c7783b6df","tokenurl":"/mcm/api/land?token=1148b7283aeb4ccd4580637c7783b6df","imageurl":"/mcm/images/land/1S/5059_14501dd6cd9d.jpg","landname":"35"},{"id":281475009413156,"level":1,"status":0,"posx":9,"posy":11,"cityid":499,"townid":1097,"tokenid":"484c4caebe02864ef492c1fc89d8e108","tokenurl":"/mcm/api/land?token=484c4caebe02864ef492c1fc89d8e108","imageurl":"/mcm/images/land/1S/5060_1521ef30e5d0.jpg","landname":"36"},{"id":281475009413157,"level":1,"status":1,"posx":23,"posy":11,"cityid":499,"townid":1097,"tokenid":"38a43d042568bec73d89b984338bec93","tokenurl":"/mcm/api/land?token=38a43d042568bec73d89b984338bec93","imageurl":"/mcm/images/land/1S/5061_11bc94190c4a.jpg","landname":"37"},{"id":281475009413158,"level":1,"status":0,"posx":24,"posy":11,"cityid":499,"townid":1097,"tokenid":"5f32f7e30268d5e749dde2e2055ba74d","tokenurl":"/mcm/api/land?token=5f32f7e30268d5e749dde2e2055ba74d","imageurl":"/mcm/images/land/1S/5062_138316aa8401.jpg","landname":"38"},{"id":281475009413159,"level":2,"status":0,"posx":8,"posy":12,"cityid":499,"townid":1097,"tokenid":"6a5e68e36bae842ec9659b6177ed26d8","tokenurl":"/mcm/api/land?token=6a5e68e36bae842ec9659b6177ed26d8","imageurl":"/mcm/images/land/1A/2535_39c0fc6c34da.jpg","landname":"39"},{"id":281475009413160,"level":1,"status":0,"posx":9,"posy":12,"cityid":499,"townid":1097,"tokenid":"790076daad130fba2b2c72df4a293db3","tokenurl":"/mcm/api/land?token=790076daad130fba2b2c72df4a293db3","imageurl":"/mcm/images/land/1S/5063_4d469c9b95a9.jpg","landname":"40"},{"id":281475009413161,"level":1,"status":1,"posx":23,"posy":12,"cityid":499,"townid":1097,"tokenid":"43d9c4bf1dba6c1242abad14bc95673c","tokenurl":"/mcm/api/land?token=43d9c4bf1dba6c1242abad14bc95673c","imageurl":"/mcm/images/land/1S/5064_48b92d093965.jpg","landname":"41"},{"id":281475009413162,"level":2,"status":0,"posx":24,"posy":12,"cityid":499,"townid":1097,"tokenid":"653b6a6956d8acbf277d8eee2aaeb258","tokenurl":"/mcm/api/land?token=653b6a6956d8acbf277d8eee2aaeb258","imageurl":"/mcm/images/land/1A/2536_3247f6f7abb1.jpg","landname":"42"},{"id":281475009413163,"level":1,"status":0,"posx":32,"posy":12,"cityid":499,"townid":1097,"tokenid":"980d0b860a243ea5d9adbe0e393082c0","tokenurl":"/mcm/api/land?token=980d0b860a243ea5d9adbe0e393082c0","imageurl":"/mcm/images/land/1S/5065_2f377586026e.jpg","landname":"43"},{"id":281475009413164,"level":1,"status":1,"posx":33,"posy":12,"cityid":499,"townid":1097,"tokenid":"48e7142030c05aefbf051ece9db70f86","tokenurl":"/mcm/api/land?token=48e7142030c05aefbf051ece9db70f86","imageurl":"/mcm/images/land/1S/5066_2fa1f6bad191.jpg","landname":"44"},{"id":281475009413165,"level":1,"status":0,"posx":8,"posy":13,"cityid":499,"townid":1097,"tokenid":"b3e7226167ee551dbafb202c5a74c16c","tokenurl":"/mcm/api/land?token=b3e7226167ee551dbafb202c5a74c16c","imageurl":"/mcm/images/land/1S/5067_481423d2ea58.jpg","landname":"45"},{"id":281475009413166,"level":1,"status":0,"posx":9,"posy":13,"cityid":499,"townid":1097,"tokenid":"a29bffa166900b09b7abfa63e7c86d65","tokenurl":"/mcm/api/land?token=a29bffa166900b09b7abfa63e7c86d65","imageurl":"/mcm/images/land/1S/5068_350955879161.jpg","landname":"46"},{"id":281475009413167,"level":1,"status":0,"posx":23,"posy":13,"cityid":499,"townid":1097,"tokenid":"f15cd4b4e60cbc786d64e1aaa65d3e21","tokenurl":"/mcm/api/land?token=f15cd4b4e60cbc786d64e1aaa65d3e21","imageurl":"/mcm/images/land/1S/5069_199db535447e.jpg","landname":"47"},{"id":281475009413168,"level":1,"status":0,"posx":24,"posy":13,"cityid":499,"townid":1097,"tokenid":"cf42a1126e405db7f3eafa2a7263aec4","tokenurl":"/mcm/api/land?token=cf42a1126e405db7f3eafa2a7263aec4","imageurl":"/mcm/images/land/1S/5070_f93b70f3c11.jpg","landname":"48"},{"id":281475009413169,"level":1,"status":1,"posx":32,"posy":13,"cityid":499,"townid":1097,"tokenid":"e8e05086779e65b9c0d3ce41ecd25e3b","tokenurl":"/mcm/api/land?token=e8e05086779e65b9c0d3ce41ecd25e3b","imageurl":"/mcm/images/land/1S/5071_372ce78f1503.jpg","landname":"49"},{"id":281475009413170,"level":2,"status":1,"posx":33,"posy":13,"cityid":499,"townid":1097,"tokenid":"2c699f89035f0fed9f1b542b213ca698","tokenurl":"/mcm/api/land?token=2c699f89035f0fed9f1b542b213ca698","imageurl":"/mcm/images/land/1A/2537_2f257e645573.jpg","landname":"50"},{"id":281475009413171,"level":1,"status":1,"posx":8,"posy":14,"cityid":499,"townid":1097,"tokenid":"cb8de5c6fe38cf290bb158217343dd18","tokenurl":"/mcm/api/land?token=cb8de5c6fe38cf290bb158217343dd18","imageurl":"/mcm/images/land/1S/5072_2c73bcdfb796.jpg","landname":"51"},{"id":281475009413172,"level":2,"status":1,"posx":9,"posy":14,"cityid":499,"townid":1097,"tokenid":"235c635f8a3451a743519f58d84f3fbe","tokenurl":"/mcm/api/land?token=235c635f8a3451a743519f58d84f3fbe","imageurl":"/mcm/images/land/1A/2538_266c9bd7558b.jpg","landname":"52"},{"id":281475009413173,"level":2,"status":0,"posx":23,"posy":14,"cityid":499,"townid":1097,"tokenid":"d643548ff2e7464546645cace27a90d3","tokenurl":"/mcm/api/land?token=d643548ff2e7464546645cace27a90d3","imageurl":"/mcm/images/land/1A/2539_520b62a3ae1f.jpg","landname":"53"},{"id":281475009413174,"level":3,"status":1,"posx":24,"posy":14,"cityid":499,"townid":1097,"tokenid":"0fcb8a73be6ff98f2d16ac81f8d73c9d","tokenurl":"/mcm/api/land?token=0fcb8a73be6ff98f2d16ac81f8d73c9d","imageurl":"/mcm/images/land/1B/846_469552b063ab.jpg","landname":"54"},{"id":281475009413175,"level":1,"status":0,"posx":32,"posy":14,"cityid":499,"townid":1097,"tokenid":"324becfba3e56578d7a2ba190c53e450","tokenurl":"/mcm/api/land?token=324becfba3e56578d7a2ba190c53e450","imageurl":"/mcm/images/land/1S/5073_354a119aed33.jpg","landname":"55"},{"id":281475009413176,"level":1,"status":1,"posx":33,"posy":14,"cityid":499,"townid":1097,"tokenid":"a76dcb10cc9ef0fe31883d9cb6708ec6","tokenurl":"/mcm/api/land?token=a76dcb10cc9ef0fe31883d9cb6708ec6","imageurl":"/mcm/images/land/1S/5074_505dbd419f64.jpg","landname":"56"},{"id":281475009413177,"level":3,"status":0,"posx":32,"posy":15,"cityid":499,"townid":1097,"tokenid":"f6171c35ee0074f12d9803d10bb30d71","tokenurl":"/mcm/api/land?token=f6171c35ee0074f12d9803d10bb30d71","imageurl":"/mcm/images/land/1B/847_8109158e3f2.jpg","landname":"57"},{"id":281475009413178,"level":1,"status":1,"posx":33,"posy":15,"cityid":499,"townid":1097,"tokenid":"056b09bdf4c8287ffcdb4e992672ced3","tokenurl":"/mcm/api/land?token=056b09bdf4c8287ffcdb4e992672ced3","imageurl":"/mcm/images/land/1S/5075_80b134063e7.jpg","landname":"58"},{"id":281475009413179,"level":2,"status":0,"posx":8,"posy":16,"cityid":499,"townid":1097,"tokenid":"9c94f6186253241e75d56b55ca8bf171","tokenurl":"/mcm/api/land?token=9c94f6186253241e75d56b55ca8bf171","imageurl":"/mcm/images/land/1A/2540_298d35478553.jpg","landname":"59"},{"id":281475009413180,"level":1,"status":0,"posx":9,"posy":16,"cityid":499,"townid":1097,"tokenid":"618fde0887ef11330b8d729b0a15759e","tokenurl":"/mcm/api/land?token=618fde0887ef11330b8d729b0a15759e","imageurl":"/mcm/images/land/1S/5076_b9186c01f61.jpg","landname":"60"},{"id":281475009413181,"level":3,"status":0,"posx":32,"posy":16,"cityid":499,"townid":1097,"tokenid":"8a25ed0b770dc1acd89941cc332667fd","tokenurl":"/mcm/api/land?token=8a25ed0b770dc1acd89941cc332667fd","imageurl":"/mcm/images/land/1B/848_330be522af22.jpg","landname":"61"},{"id":281475009413182,"level":1,"status":1,"posx":33,"posy":16,"cityid":499,"townid":1097,"tokenid":"f4fea9aaf4de70af4a7d91fa56957300","tokenurl":"/mcm/api/land?token=f4fea9aaf4de70af4a7d91fa56957300","imageurl":"/mcm/images/land/1S/5077_23b1ad34998c.jpg","landname":"62"},{"id":281475009413183,"level":2,"status":1,"posx":8,"posy":17,"cityid":499,"townid":1097,"tokenid":"f74e46024a4fdcd6a8e57da671fb16d3","tokenurl":"/mcm/api/land?token=f74e46024a4fdcd6a8e57da671fb16d3","imageurl":"/mcm/images/land/1A/2541_2fd515663aba.jpg","landname":"63"},{"id":281475009413184,"level":2,"status":0,"posx":9,"posy":17,"cityid":499,"townid":1097,"tokenid":"5d313c1068bbc39eed82fb18a3200aaf","tokenurl":"/mcm/api/land?token=5d313c1068bbc39eed82fb18a3200aaf","imageurl":"/mcm/images/land/1A/2542_bd5d2799672.jpg","landname":"64"},{"id":281475009413185,"level":1,"status":0,"posx":8,"posy":18,"cityid":499,"townid":1097,"tokenid":"911c23599a33c94b3c0c3a70605d23e8","tokenurl":"/mcm/api/land?token=911c23599a33c94b3c0c3a70605d23e8","imageurl":"/mcm/images/land/1S/5078_5185dee3a90e.jpg","landname":"65"},{"id":281475009413186,"level":1,"status":0,"posx":9,"posy":18,"cityid":499,"townid":1097,"tokenid":"fa4951dbf3067474d982ec004047784a","tokenurl":"/mcm/api/land?token=fa4951dbf3067474d982ec004047784a","imageurl":"/mcm/images/land/1S/5079_299ebdc6645c.jpg","landname":"66"},{"id":281475009413187,"level":1,"status":0,"posx":20,"posy":18,"cityid":499,"townid":1097,"tokenid":"b128bec3f8ff599a1487a3f01dd3205c","tokenurl":"/mcm/api/land?token=b128bec3f8ff599a1487a3f01dd3205c","imageurl":"/mcm/images/land/1S/5080_426661b74de4.jpg","landname":"67"},{"id":281475009413188,"level":2,"status":0,"posx":21,"posy":18,"cityid":499,"townid":1097,"tokenid":"9cf701881cb0ecc2e53afb0d41d9ca21","tokenurl":"/mcm/api/land?token=9cf701881cb0ecc2e53afb0d41d9ca21","imageurl":"/mcm/images/land/1A/2543_3e4bd29ef318.jpg","landname":"68"},{"id":281475009413189,"level":1,"status":0,"posx":25,"posy":18,"cityid":499,"townid":1097,"tokenid":"0d67b4952a16c9d45a079c3cea378378","tokenurl":"/mcm/api/land?token=0d67b4952a16c9d45a079c3cea378378","imageurl":"/mcm/images/land/1S/5081_3a039ac4bd69.jpg","landname":"69"},{"id":281475009413190,"level":1,"status":0,"posx":26,"posy":18,"cityid":499,"townid":1097,"tokenid":"ab80818cd74af98f73ad415866fa12e0","tokenurl":"/mcm/api/land?token=ab80818cd74af98f73ad415866fa12e0","imageurl":"/mcm/images/land/1S/5082_413876df980e.jpg","landname":"70"},{"id":281475009413191,"level":1,"status":1,"posx":8,"posy":19,"cityid":499,"townid":1097,"tokenid":"7798a64a6a2127116e9a228841eaa955","tokenurl":"/mcm/api/land?token=7798a64a6a2127116e9a228841eaa955","imageurl":"/mcm/images/land/1S/5083_59d9d646dc1d.jpg","landname":"71"},{"id":281475009413192,"level":1,"status":1,"posx":9,"posy":19,"cityid":499,"townid":1097,"tokenid":"cd1ade2ce9a273e87d8d4557a612bf56","tokenurl":"/mcm/api/land?token=cd1ade2ce9a273e87d8d4557a612bf56","imageurl":"/mcm/images/land/1S/5084_11e06b74a66.jpg","landname":"72"},{"id":281475009413193,"level":2,"status":0,"posx":20,"posy":19,"cityid":499,"townid":1097,"tokenid":"ca7f58bd726fd9ae9397c29c2d36b783","tokenurl":"/mcm/api/land?token=ca7f58bd726fd9ae9397c29c2d36b783","imageurl":"/mcm/images/land/1A/2544_4754ba1d6f9e.jpg","landname":"73"},{"id":281475009413194,"level":1,"status":0,"posx":21,"posy":19,"cityid":499,"townid":1097,"tokenid":"eebede548a24f4a647222fda7049b9c5","tokenurl":"/mcm/api/land?token=eebede548a24f4a647222fda7049b9c5","imageurl":"/mcm/images/land/1S/5085_37566409153d.jpg","landname":"74"},{"id":281475009413195,"level":2,"status":1,"posx":25,"posy":19,"cityid":499,"townid":1097,"tokenid":"fd15c44b6e2ffbea6074268307047f74","tokenurl":"/mcm/api/land?token=fd15c44b6e2ffbea6074268307047f74","imageurl":"/mcm/images/land/1A/2545_4cea4b19239d.jpg","landname":"75"},{"id":281475009413196,"level":2,"status":0,"posx":26,"posy":19,"cityid":499,"townid":1097,"tokenid":"d0487a8f3a90a4b6b9431201d571e61d","tokenurl":"/mcm/api/land?token=d0487a8f3a90a4b6b9431201d571e61d","imageurl":"/mcm/images/land/1A/2546_28d13dfa5f79.jpg","landname":"76"},{"id":281475009413197,"level":1,"status":1,"posx":8,"posy":20,"cityid":499,"townid":1097,"tokenid":"4a88e1c77831e086cfeceb63921eb373","tokenurl":"/mcm/api/land?token=4a88e1c77831e086cfeceb63921eb373","imageurl":"/mcm/images/land/1S/5086_24947a65dfbc.jpg","landname":"77"},{"id":281475009413198,"level":1,"status":1,"posx":9,"posy":20,"cityid":499,"townid":1097,"tokenid":"78492e17694b9f198f7dbf4c3260cf68","tokenurl":"/mcm/api/land?token=78492e17694b9f198f7dbf4c3260cf68","imageurl":"/mcm/images/land/1S/5087_4660000ed1f0.jpg","landname":"78"},{"id":281475009413199,"level":1,"status":1,"posx":20,"posy":20,"cityid":499,"townid":1097,"tokenid":"2bd67f31311aa970a39b57b5ea2de501","tokenurl":"/mcm/api/land?token=2bd67f31311aa970a39b57b5ea2de501","imageurl":"/mcm/images/land/1S/5088_92d204b744e.jpg","landname":"79"},{"id":281475009413200,"level":1,"status":1,"posx":21,"posy":20,"cityid":499,"townid":1097,"tokenid":"40bde0353be0e64bda008605aa55f8d5","tokenurl":"/mcm/api/land?token=40bde0353be0e64bda008605aa55f8d5","imageurl":"/mcm/images/land/1S/5089_473d82c3f7af.jpg","landname":"80"},{"id":281475009413201,"level":1,"status":1,"posx":25,"posy":20,"cityid":499,"townid":1097,"tokenid":"76e7be6ab10844cd1f129a9d8dea576d","tokenurl":"/mcm/api/land?token=76e7be6ab10844cd1f129a9d8dea576d","imageurl":"/mcm/images/land/1S/5090_43452a4e2f09.jpg","landname":"81"},{"id":281475009413202,"level":1,"status":0,"posx":26,"posy":20,"cityid":499,"townid":1097,"tokenid":"15bff38e47550e483e38909be8f718a0","tokenurl":"/mcm/api/land?token=15bff38e47550e483e38909be8f718a0","imageurl":"/mcm/images/land/1S/5091_3d2a5159ef5f.jpg","landname":"82"},{"id":281475009413203,"level":1,"status":0,"posx":31,"posy":20,"cityid":499,"townid":1097,"tokenid":"bb9dbe78ac4dd257d15d15819ae621d4","tokenurl":"/mcm/api/land?token=bb9dbe78ac4dd257d15d15819ae621d4","imageurl":"/mcm/images/land/1S/5092_55516ea2a755.jpg","landname":"83"},{"id":281475009413204,"level":2,"status":0,"posx":32,"posy":20,"cityid":499,"townid":1097,"tokenid":"a04132354cff171d2d653b22c17eb2d4","tokenurl":"/mcm/api/land?token=a04132354cff171d2d653b22c17eb2d4","imageurl":"/mcm/images/land/1A/2547_3f73fe979d09.jpg","landname":"84"},{"id":281475009413205,"level":3,"status":1,"posx":20,"posy":21,"cityid":499,"townid":1097,"tokenid":"02fef7895349e300f99f382e34777a94","tokenurl":"/mcm/api/land?token=02fef7895349e300f99f382e34777a94","imageurl":"/mcm/images/land/1B/849_173e39897332.jpg","landname":"85"},{"id":281475009413206,"level":1,"status":1,"posx":21,"posy":21,"cityid":499,"townid":1097,"tokenid":"a70a93fee8a32ccbd9f61d50f97a4176","tokenurl":"/mcm/api/land?token=a70a93fee8a32ccbd9f61d50f97a4176","imageurl":"/mcm/images/land/1S/5093_a6a0421abc9.jpg","landname":"86"},{"id":281475009413207,"level":1,"status":1,"posx":25,"posy":21,"cityid":499,"townid":1097,"tokenid":"07da71e458e3afd66f398edbab822d84","tokenurl":"/mcm/api/land?token=07da71e458e3afd66f398edbab822d84","imageurl":"/mcm/images/land/1S/5094_15e842e44483.jpg","landname":"87"},{"id":281475009413208,"level":1,"status":0,"posx":26,"posy":21,"cityid":499,"townid":1097,"tokenid":"d640fc854964f7096f06a4888e87f244","tokenurl":"/mcm/api/land?token=d640fc854964f7096f06a4888e87f244","imageurl":"/mcm/images/land/1S/5095_5156be2e3592.jpg","landname":"88"},{"id":281475009413209,"level":1,"status":0,"posx":31,"posy":21,"cityid":499,"townid":1097,"tokenid":"c071c5c277f292f119040b640eec71f5","tokenurl":"/mcm/api/land?token=c071c5c277f292f119040b640eec71f5","imageurl":"/mcm/images/land/1S/5096_55d13ae1858b.jpg","landname":"89"},{"id":281475009413210,"level":2,"status":0,"posx":32,"posy":21,"cityid":499,"townid":1097,"tokenid":"2d303e667a6927eb695ec1c7d6874d06","tokenurl":"/mcm/api/land?token=2d303e667a6927eb695ec1c7d6874d06","imageurl":"/mcm/images/land/1A/2548_5a6d57ee6c9e.jpg","landname":"90"},{"id":281475009413211,"level":3,"status":1,"posx":12,"posy":22,"cityid":499,"townid":1097,"tokenid":"1f9cf16de36c666c79ee6762736234ad","tokenurl":"/mcm/api/land?token=1f9cf16de36c666c79ee6762736234ad","imageurl":"/mcm/images/land/1B/850_3dd76a31ac43.jpg","landname":"91"},{"id":281475009413212,"level":1,"status":1,"posx":13,"posy":22,"cityid":499,"townid":1097,"tokenid":"ae78c40483090105e9cbedbe4816f23f","tokenurl":"/mcm/api/land?token=ae78c40483090105e9cbedbe4816f23f","imageurl":"/mcm/images/land/1S/5097_3e8a06d9242a.jpg","landname":"92"},{"id":281475009413213,"level":1,"status":0,"posx":20,"posy":22,"cityid":499,"townid":1097,"tokenid":"52f1ce9ee355686696e0c15e3685fce4","tokenurl":"/mcm/api/land?token=52f1ce9ee355686696e0c15e3685fce4","imageurl":"/mcm/images/land/1S/5098_4ff162e73f04.jpg","landname":"93"},{"id":281475009413214,"level":1,"status":1,"posx":21,"posy":22,"cityid":499,"townid":1097,"tokenid":"b8e0f7ecd9799edb05fbb9736f0fb330","tokenurl":"/mcm/api/land?token=b8e0f7ecd9799edb05fbb9736f0fb330","imageurl":"/mcm/images/land/1S/5099_14e4b179cf8e.jpg","landname":"94"},{"id":281475009413215,"level":2,"status":1,"posx":25,"posy":22,"cityid":499,"townid":1097,"tokenid":"c844ca407023d881f9490d2e0a732264","tokenurl":"/mcm/api/land?token=c844ca407023d881f9490d2e0a732264","imageurl":"/mcm/images/land/1A/2549_3d7305c8edaa.jpg","landname":"95"},{"id":281475009413216,"level":1,"status":0,"posx":26,"posy":22,"cityid":499,"townid":1097,"tokenid":"1c44f9ffcbdb8f322be25810a0750340","tokenurl":"/mcm/api/land?token=1c44f9ffcbdb8f322be25810a0750340","imageurl":"/mcm/images/land/1S/5100_2c2bf1d7b493.jpg","landname":"96"},{"id":281475009413217,"level":1,"status":1,"posx":31,"posy":22,"cityid":499,"townid":1097,"tokenid":"dc1e02a3e5f0d7c2ef04c94bfa9791ea","tokenurl":"/mcm/api/land?token=dc1e02a3e5f0d7c2ef04c94bfa9791ea","imageurl":"/mcm/images/land/1S/5101_2b6e9de8f1ec.jpg","landname":"97"},{"id":281475009413218,"level":1,"status":0,"posx":32,"posy":22,"cityid":499,"townid":1097,"tokenid":"fac91fa9a969284547bac6a8893c5082","tokenurl":"/mcm/api/land?token=fac91fa9a969284547bac6a8893c5082","imageurl":"/mcm/images/land/1S/5102_314cff134dd0.jpg","landname":"98"},{"id":281475009413219,"level":1,"status":0,"posx":12,"posy":23,"cityid":499,"townid":1097,"tokenid":"eca360cc112a777757c4e39770a61789","tokenurl":"/mcm/api/land?token=eca360cc112a777757c4e39770a61789","imageurl":"/mcm/images/land/1S/5103_363d067eb925.jpg","landname":"99"},{"id":281475009413220,"level":1,"status":1,"posx":13,"posy":23,"cityid":499,"townid":1097,"tokenid":"d50f9404ffa50b246199db5fec94eae4","tokenurl":"/mcm/api/land?token=d50f9404ffa50b246199db5fec94eae4","imageurl":"/mcm/images/land/1S/5104_12b97ced7a1f.jpg","landname":"100"},{"id":281475009413221,"level":3,"status":1,"posx":31,"posy":23,"cityid":499,"townid":1097,"tokenid":"6a6de0da991cd17adf7fee79b65973be","tokenurl":"/mcm/api/land?token=6a6de0da991cd17adf7fee79b65973be","imageurl":"/mcm/images/land/1B/851_12d12ec3a111.jpg","landname":"101"},{"id":281475009413222,"level":1,"status":0,"posx":32,"posy":23,"cityid":499,"townid":1097,"tokenid":"e7c34cf2f44869ddd57f10d74a92b680","tokenurl":"/mcm/api/land?token=e7c34cf2f44869ddd57f10d74a92b680","imageurl":"/mcm/images/land/1S/5105_546ba1524a2f.jpg","landname":"102"},{"id":281475009413223,"level":1,"status":0,"posx":12,"posy":24,"cityid":499,"townid":1097,"tokenid":"7fc6c4b2bf417a96e889dab29beccf58","tokenurl":"/mcm/api/land?token=7fc6c4b2bf417a96e889dab29beccf58","imageurl":"/mcm/images/land/1S/5106_50311b7a3c90.jpg","landname":"103"},{"id":281475009413224,"level":1,"status":0,"posx":13,"posy":24,"cityid":499,"townid":1097,"tokenid":"850199188134070d5d5b98ca76d8287b","tokenurl":"/mcm/api/land?token=850199188134070d5d5b98ca76d8287b","imageurl":"/mcm/images/land/1S/5107_4c441c4e60ac.jpg","landname":"104"},{"id":281475009413225,"level":1,"status":1,"posx":31,"posy":24,"cityid":499,"townid":1097,"tokenid":"d8ff2ddabedffb2cbd0b11356855b839","tokenurl":"/mcm/api/land?token=d8ff2ddabedffb2cbd0b11356855b839","imageurl":"/mcm/images/land/1S/5108_539be7f7c79.jpg","landname":"105"},{"id":281475009413226,"level":2,"status":1,"posx":32,"posy":24,"cityid":499,"townid":1097,"tokenid":"1e7985da72da58c9ec3e4874ae326fe4","tokenurl":"/mcm/api/land?token=1e7985da72da58c9ec3e4874ae326fe4","imageurl":"/mcm/images/land/1A/2550_4ecd8e7c5280.jpg","landname":"106"},{"id":281475009413227,"level":1,"status":1,"posx":12,"posy":25,"cityid":499,"townid":1097,"tokenid":"5603f4c6dc522b3e7c4d87a2c6b4a357","tokenurl":"/mcm/api/land?token=5603f4c6dc522b3e7c4d87a2c6b4a357","imageurl":"/mcm/images/land/1S/5109_18047c9d465f.jpg","landname":"107"},{"id":281475009413228,"level":2,"status":1,"posx":13,"posy":25,"cityid":499,"townid":1097,"tokenid":"918cfc2b8aedd324a92653ca2d59ebbc","tokenurl":"/mcm/api/land?token=918cfc2b8aedd324a92653ca2d59ebbc","imageurl":"/mcm/images/land/1A/2551_227f5d577f41.jpg","landname":"108"},{"id":281475009413229,"level":2,"status":1,"posx":6,"posy":26,"cityid":499,"townid":1097,"tokenid":"a77eeb9065f96a85c018b08ed211f33b","tokenurl":"/mcm/api/land?token=a77eeb9065f96a85c018b08ed211f33b","imageurl":"/mcm/images/land/1A/2552_2d2f17709838.jpg","landname":"109"},{"id":281475009413230,"level":1,"status":0,"posx":7,"posy":26,"cityid":499,"townid":1097,"tokenid":"7297ccc3d2ae223a0ab0e7fb18b9250e","tokenurl":"/mcm/api/land?token=7297ccc3d2ae223a0ab0e7fb18b9250e","imageurl":"/mcm/images/land/1S/5110_2b619a22247a.jpg","landname":"110"},{"id":281475009413231,"level":2,"status":0,"posx":9,"posy":26,"cityid":499,"townid":1097,"tokenid":"ef5853277468d19a7e97f1d240321176","tokenurl":"/mcm/api/land?token=ef5853277468d19a7e97f1d240321176","imageurl":"/mcm/images/land/1A/2553_cdace1156b2.jpg","landname":"111"},{"id":281475009413232,"level":1,"status":0,"posx":10,"posy":26,"cityid":499,"townid":1097,"tokenid":"ef19c27bacb7bd440ad231eabaeec1db","tokenurl":"/mcm/api/land?token=ef19c27bacb7bd440ad231eabaeec1db","imageurl":"/mcm/images/land/1S/5111_458a8963e3ab.jpg","landname":"112"},{"id":281475009413233,"level":2,"status":1,"posx":12,"posy":26,"cityid":499,"townid":1097,"tokenid":"19e85b6ecfb1758f1bd5457b0c6cbaff","tokenurl":"/mcm/api/land?token=19e85b6ecfb1758f1bd5457b0c6cbaff","imageurl":"/mcm/images/land/1A/2554_16056e6a5e25.jpg","landname":"113"},{"id":281475009413234,"level":1,"status":0,"posx":13,"posy":26,"cityid":499,"townid":1097,"tokenid":"1e182e7f63b3b5f5e9832e7ece81a357","tokenurl":"/mcm/api/land?token=1e182e7f63b3b5f5e9832e7ece81a357","imageurl":"/mcm/images/land/1S/5112_16e5744941ce.jpg","landname":"114"},{"id":281475009413235,"level":2,"status":0,"posx":6,"posy":27,"cityid":499,"townid":1097,"tokenid":"2c7268488c002957e7600d71267189d0","tokenurl":"/mcm/api/land?token=2c7268488c002957e7600d71267189d0","imageurl":"/mcm/images/land/1A/2555_b3c24dc12d4.jpg","landname":"115"},{"id":281475009413236,"level":2,"status":0,"posx":7,"posy":27,"cityid":499,"townid":1097,"tokenid":"1594ea6f0c472aa6c15205ee80f85b57","tokenurl":"/mcm/api/land?token=1594ea6f0c472aa6c15205ee80f85b57","imageurl":"/mcm/images/land/1A/2556_195994ed1526.jpg","landname":"116"},{"id":281475009413237,"level":1,"status":0,"posx":9,"posy":27,"cityid":499,"townid":1097,"tokenid":"7907eed5f041344e2bcf4bcdb78c008e","tokenurl":"/mcm/api/land?token=7907eed5f041344e2bcf4bcdb78c008e","imageurl":"/mcm/images/land/1S/5113_1a467ec85d91.jpg","landname":"117"},{"id":281475009413238,"level":3,"status":1,"posx":10,"posy":27,"cityid":499,"townid":1097,"tokenid":"9184210cc7ca9545732819fc7b196d3b","tokenurl":"/mcm/api/land?token=9184210cc7ca9545732819fc7b196d3b","imageurl":"/mcm/images/land/1B/852_2533e8680b57.jpg","landname":"118"},{"id":281475009413239,"level":2,"status":1,"posx":23,"posy":27,"cityid":499,"townid":1097,"tokenid":"8d94907aa11a22e07db0cbba337442d3","tokenurl":"/mcm/api/land?token=8d94907aa11a22e07db0cbba337442d3","imageurl":"/mcm/images/land/1A/2557_436daee2b62f.jpg","landname":"119"},{"id":281475009413240,"level":2,"status":0,"posx":24,"posy":27,"cityid":499,"townid":1097,"tokenid":"6330871eb638cd80b841b45a8b12fd3a","tokenurl":"/mcm/api/land?token=6330871eb638cd80b841b45a8b12fd3a","imageurl":"/mcm/images/land/1A/2558_3832b537631d.jpg","landname":"120"},{"id":281475009413241,"level":1,"status":0,"posx":6,"posy":28,"cityid":499,"townid":1097,"tokenid":"0210979849c75b04a0bc4654a4ea389f","tokenurl":"/mcm/api/land?token=0210979849c75b04a0bc4654a4ea389f","imageurl":"/mcm/images/land/1S/5114_3d556b82e6ed.jpg","landname":"121"},{"id":281475009413242,"level":1,"status":0,"posx":7,"posy":28,"cityid":499,"townid":1097,"tokenid":"9f86d3bb65e2932c19f585e6ea02082c","tokenurl":"/mcm/api/land?token=9f86d3bb65e2932c19f585e6ea02082c","imageurl":"/mcm/images/land/1S/5115_52b74157fc69.jpg","landname":"122"},{"id":281475009413243,"level":1,"status":1,"posx":9,"posy":28,"cityid":499,"townid":1097,"tokenid":"12b7fbb010a44782d5d885ee16f06b89","tokenurl":"/mcm/api/land?token=12b7fbb010a44782d5d885ee16f06b89","imageurl":"/mcm/images/land/1S/5116_5452c3a12e61.jpg","landname":"123"},{"id":281475009413244,"level":1,"status":1,"posx":10,"posy":28,"cityid":499,"townid":1097,"tokenid":"cb04a85cf08fa751618227953bd83b0a","tokenurl":"/mcm/api/land?token=cb04a85cf08fa751618227953bd83b0a","imageurl":"/mcm/images/land/1S/5117_2b73e09acce7.jpg","landname":"124"},{"id":281475009413245,"level":1,"status":0,"posx":23,"posy":28,"cityid":499,"townid":1097,"tokenid":"3f7e71a7f56631c3aebc9f635ffd57d1","tokenurl":"/mcm/api/land?token=3f7e71a7f56631c3aebc9f635ffd57d1","imageurl":"/mcm/images/land/1S/5118_14a0b90ad452.jpg","landname":"125"},{"id":281475009413246,"level":1,"status":1,"posx":24,"posy":28,"cityid":499,"townid":1097,"tokenid":"6b410ccc5e81180f57a76702d594fe42","tokenurl":"/mcm/api/land?token=6b410ccc5e81180f57a76702d594fe42","imageurl":"/mcm/images/land/1S/5119_1a6cdb6919b1.jpg","landname":"126"},{"id":281475009413247,"level":1,"status":1,"posx":32,"posy":28,"cityid":499,"townid":1097,"tokenid":"27cdf4439ddf10c81d20722e1859f263","tokenurl":"/mcm/api/land?token=27cdf4439ddf10c81d20722e1859f263","imageurl":"/mcm/images/land/1S/5120_5a0ac8733ad9.jpg","landname":"127"},{"id":281475009413248,"level":2,"status":0,"posx":33,"posy":28,"cityid":499,"townid":1097,"tokenid":"6f3a674ab3a621fd65301e0ee24c5bbe","tokenurl":"/mcm/api/land?token=6f3a674ab3a621fd65301e0ee24c5bbe","imageurl":"/mcm/images/land/1A/2559_50c9c98f2620.jpg","landname":"128"},{"id":281475009413249,"level":1,"status":0,"posx":6,"posy":29,"cityid":499,"townid":1097,"tokenid":"2b3928a06ff3c2b0ed6bf12ca8c1f143","tokenurl":"/mcm/api/land?token=2b3928a06ff3c2b0ed6bf12ca8c1f143","imageurl":"/mcm/images/land/1S/5121_fc776b92a45.jpg","landname":"129"},{"id":281475009413250,"level":1,"status":1,"posx":7,"posy":29,"cityid":499,"townid":1097,"tokenid":"afc0eb35c52822def65fa815e054fb58","tokenurl":"/mcm/api/land?token=afc0eb35c52822def65fa815e054fb58","imageurl":"/mcm/images/land/1S/5122_1fd9935a9c92.jpg","landname":"130"},{"id":281475009413251,"level":1,"status":1,"posx":9,"posy":29,"cityid":499,"townid":1097,"tokenid":"728ef5a8f60b19163a0905554a9b54ff","tokenurl":"/mcm/api/land?token=728ef5a8f60b19163a0905554a9b54ff","imageurl":"/mcm/images/land/1S/5123_4f579bbda066.jpg","landname":"131"},{"id":281475009413252,"level":3,"status":0,"posx":10,"posy":29,"cityid":499,"townid":1097,"tokenid":"e032b6ad55915a423367a2ac7df22498","tokenurl":"/mcm/api/land?token=e032b6ad55915a423367a2ac7df22498","imageurl":"/mcm/images/land/1B/853_4e077b6299c9.jpg","landname":"132"},{"id":281475009413253,"level":2,"status":1,"posx":23,"posy":29,"cityid":499,"townid":1097,"tokenid":"31bb1775b6e4315d9540493e28cb5105","tokenurl":"/mcm/api/land?token=31bb1775b6e4315d9540493e28cb5105","imageurl":"/mcm/images/land/1A/2560_22dc1cec3b87.jpg","landname":"133"},{"id":281475009413254,"level":3,"status":1,"posx":24,"posy":29,"cityid":499,"townid":1097,"tokenid":"4cf83bdd8bda11450ca983a4c300c354","tokenurl":"/mcm/api/land?token=4cf83bdd8bda11450ca983a4c300c354","imageurl":"/mcm/images/land/1B/854_ec18e9ff899.jpg","landname":"134"},{"id":281475009413255,"level":1,"status":1,"posx":32,"posy":29,"cityid":499,"townid":1097,"tokenid":"dbd718a063216749d26ff04b74ad2585","tokenurl":"/mcm/api/land?token=dbd718a063216749d26ff04b74ad2585","imageurl":"/mcm/images/land/1S/5124_4070aa9bb8fd.jpg","landname":"135"},{"id":281475009413256,"level":3,"status":1,"posx":33,"posy":29,"cityid":499,"townid":1097,"tokenid":"c5ad369db16694976063f939d94cc8a3","tokenurl":"/mcm/api/land?token=c5ad369db16694976063f939d94cc8a3","imageurl":"/mcm/images/land/1B/855_3b07af9e7dcd.jpg","landname":"136"},{"id":281475009413257,"level":1,"status":1,"posx":6,"posy":30,"cityid":499,"townid":1097,"tokenid":"c020bf71298d6b008658d8a823eb0d8a","tokenurl":"/mcm/api/land?token=c020bf71298d6b008658d8a823eb0d8a","imageurl":"/mcm/images/land/1S/5125_1bb85db614e3.jpg","landname":"137"},{"id":281475009413258,"level":2,"status":0,"posx":7,"posy":30,"cityid":499,"townid":1097,"tokenid":"ff3c31396ca85efb9dae3fb267e6c8c1","tokenurl":"/mcm/api/land?token=ff3c31396ca85efb9dae3fb267e6c8c1","imageurl":"/mcm/images/land/1A/2561_3de2b1549195.jpg","landname":"138"},{"id":281475009413259,"level":1,"status":0,"posx":9,"posy":30,"cityid":499,"townid":1097,"tokenid":"5ce8b39d9f4407d19cd412a92462ee55","tokenurl":"/mcm/api/land?token=5ce8b39d9f4407d19cd412a92462ee55","imageurl":"/mcm/images/land/1S/5126_2241056f0546.jpg","landname":"139"},{"id":281475009413260,"level":3,"status":1,"posx":10,"posy":30,"cityid":499,"townid":1097,"tokenid":"b90247669a6c4fa6d100b35c609de219","tokenurl":"/mcm/api/land?token=b90247669a6c4fa6d100b35c609de219","imageurl":"/mcm/images/land/1B/856_4578e524035e.jpg","landname":"140"},{"id":281475009413261,"level":2,"status":0,"posx":23,"posy":30,"cityid":499,"townid":1097,"tokenid":"de37f356e5fec82b4f1eca3efa813291","tokenurl":"/mcm/api/land?token=de37f356e5fec82b4f1eca3efa813291","imageurl":"/mcm/images/land/1A/2562_181d82acf660.jpg","landname":"141"},{"id":281475009413262,"level":1,"status":0,"posx":24,"posy":30,"cityid":499,"townid":1097,"tokenid":"fa38bd4d8b3fab20d2c5464b4a64953f","tokenurl":"/mcm/api/land?token=fa38bd4d8b3fab20d2c5464b4a64953f","imageurl":"/mcm/images/land/1S/5127_41a3e14db4e9.jpg","landname":"142"},{"id":281475009413263,"level":2,"status":1,"posx":32,"posy":30,"cityid":499,"townid":1097,"tokenid":"5312549f7c9c79f180a09934f9460f0a","tokenurl":"/mcm/api/land?token=5312549f7c9c79f180a09934f9460f0a","imageurl":"/mcm/images/land/1A/2563_2f40df8b2077.jpg","landname":"143"},{"id":281475009413264,"level":1,"status":1,"posx":33,"posy":30,"cityid":499,"townid":1097,"tokenid":"899bfe8259de279e5f2de353379248e8","tokenurl":"/mcm/api/land?token=899bfe8259de279e5f2de353379248e8","imageurl":"/mcm/images/land/1S/5128_31b1cc6eb899.jpg","landname":"144"},{"id":281475009413265,"level":1,"status":0,"posx":23,"posy":31,"cityid":499,"townid":1097,"tokenid":"7304a6433dcb6cc79937beec8b02d2f5","tokenurl":"/mcm/api/land?token=7304a6433dcb6cc79937beec8b02d2f5","imageurl":"/mcm/images/land/1S/5129_30080b2f2dbd.jpg","landname":"145"},{"id":281475009413266,"level":2,"status":0,"posx":24,"posy":31,"cityid":499,"townid":1097,"tokenid":"f06311964b24acb4d77c0bb3c45a4013","tokenurl":"/mcm/api/land?token=f06311964b24acb4d77c0bb3c45a4013","imageurl":"/mcm/images/land/1A/2564_1f1efbdd3a70.jpg","landname":"146"},{"id":281475009413267,"level":2,"status":1,"posx":32,"posy":31,"cityid":499,"townid":1097,"tokenid":"d13a67ff2a2311748f1cf7519e7b0c80","tokenurl":"/mcm/api/land?token=d13a67ff2a2311748f1cf7519e7b0c80","imageurl":"/mcm/images/land/1A/2565_28bae07be896.jpg","landname":"147"},{"id":281475009413268,"level":1,"status":1,"posx":33,"posy":31,"cityid":499,"townid":1097,"tokenid":"bc4c513fb177223c34d6287e8855a019","tokenurl":"/mcm/api/land?token=bc4c513fb177223c34d6287e8855a019","imageurl":"/mcm/images/land/1S/5130_50c0239773ec.jpg","landname":"148"},{"id":281475009413269,"level":2,"status":1,"posx":32,"posy":32,"cityid":499,"townid":1097,"tokenid":"554b2af0a38b8d43e130f535ecd14a8f","tokenurl":"/mcm/api/land?token=554b2af0a38b8d43e130f535ecd14a8f","imageurl":"/mcm/images/land/1A/2566_51b34e69c657.jpg","landname":"149"},{"id":281475009413270,"level":1,"status":1,"posx":33,"posy":32,"cityid":499,"townid":1097,"tokenid":"3fb585f862e8c546b4df393991a4bf68","tokenurl":"/mcm/api/land?token=3fb585f862e8c546b4df393991a4bf68","imageurl":"/mcm/images/land/1S/5131_4fb374e1a605.jpg","landname":"150"}]]],0,0,[],[],[]]
