[1,0,0,[["cc.JsonAsset",["_name","json"],1]],[[0,0,1,3]],[[0,"627",[{"id":281474994798593,"level":3,"status":1,"posx":15,"posy":5,"cityid":276,"townid":627,"tokenid":"df015816c151e0e9a118ca275372668c","tokenurl":"/mcm/api/land?token=df015816c151e0e9a118ca275372668c","imageurl":"/mcm/images/land/2B/4952_2d31d88b2f8f.jpg","landname":"1"},{"id":281474994798594,"level":1,"status":1,"posx":16,"posy":5,"cityid":276,"townid":627,"tokenid":"4b558d40a47e6234bc96c61b0852b28b","tokenurl":"/mcm/api/land?token=4b558d40a47e6234bc96c61b0852b28b","imageurl":"/mcm/images/land/2S/1982_4104c3e03c4.jpg","landname":"2"},{"id":281474994798595,"level":2,"status":0,"posx":25,"posy":5,"cityid":276,"townid":627,"tokenid":"d22e971b4d817b150c1f62fcc0aa01c3","tokenurl":"/mcm/api/land?token=d22e971b4d817b150c1f62fcc0aa01c3","imageurl":"/mcm/images/land/2A/2972_35fb770f016c.jpg","landname":"3"},{"id":281474994798596,"level":3,"status":1,"posx":26,"posy":5,"cityid":276,"townid":627,"tokenid":"a9261162afd396895c668170e02b5ca4","tokenurl":"/mcm/api/land?token=a9261162afd396895c668170e02b5ca4","imageurl":"/mcm/images/land/2B/4953_1350f71a504.jpg","landname":"4"},{"id":281474994798597,"level":2,"status":1,"posx":6,"posy":6,"cityid":276,"townid":627,"tokenid":"6f5500cd9386f3dbbc220aa329b26d4b","tokenurl":"/mcm/api/land?token=6f5500cd9386f3dbbc220aa329b26d4b","imageurl":"/mcm/images/land/2A/2973_510de8ec3f79.jpg","landname":"5"},{"id":281474994798598,"level":3,"status":1,"posx":7,"posy":6,"cityid":276,"townid":627,"tokenid":"42c1a7bc0457335dc3965b43f3718899","tokenurl":"/mcm/api/land?token=42c1a7bc0457335dc3965b43f3718899","imageurl":"/mcm/images/land/2B/4954_2018e0bcbf11.jpg","landname":"6"},{"id":281474994798599,"level":3,"status":1,"posx":15,"posy":6,"cityid":276,"townid":627,"tokenid":"bab6b0156f4f72a5fb89d1560d2094ff","tokenurl":"/mcm/api/land?token=bab6b0156f4f72a5fb89d1560d2094ff","imageurl":"/mcm/images/land/2B/4955_5302ad22c2f9.jpg","landname":"7"},{"id":281474994798600,"level":1,"status":0,"posx":16,"posy":6,"cityid":276,"townid":627,"tokenid":"37c7309bedd3a2472b2693bcf31a4dcb","tokenurl":"/mcm/api/land?token=37c7309bedd3a2472b2693bcf31a4dcb","imageurl":"/mcm/images/land/2S/1983_1a88aabd5abf.jpg","landname":"8"},{"id":281474994798601,"level":2,"status":0,"posx":25,"posy":6,"cityid":276,"townid":627,"tokenid":"656a0c25347078420f3ab48ea9bd0a89","tokenurl":"/mcm/api/land?token=656a0c25347078420f3ab48ea9bd0a89","imageurl":"/mcm/images/land/2A/2974_2c1975e2ccba.jpg","landname":"9"},{"id":281474994798602,"level":3,"status":1,"posx":26,"posy":6,"cityid":276,"townid":627,"tokenid":"1c83c7a3c85b4dba835206bb1415319f","tokenurl":"/mcm/api/land?token=1c83c7a3c85b4dba835206bb1415319f","imageurl":"/mcm/images/land/2B/4956_1b2ee0bc49b3.jpg","landname":"10"},{"id":281474994798603,"level":2,"status":0,"posx":30,"posy":6,"cityid":276,"townid":627,"tokenid":"2b3dd8de335d7739613ef5767eec77c3","tokenurl":"/mcm/api/land?token=2b3dd8de335d7739613ef5767eec77c3","imageurl":"/mcm/images/land/2A/2975_41e342b5fdbb.jpg","landname":"11"},{"id":281474994798604,"level":2,"status":1,"posx":31,"posy":6,"cityid":276,"townid":627,"tokenid":"2aea6c1dd409efba81472a39b320d70d","tokenurl":"/mcm/api/land?token=2aea6c1dd409efba81472a39b320d70d","imageurl":"/mcm/images/land/2A/2976_449e6a211fb9.jpg","landname":"12"},{"id":281474994798605,"level":3,"status":0,"posx":33,"posy":6,"cityid":276,"townid":627,"tokenid":"dd15b169b3cf405414cdff7c708c3dca","tokenurl":"/mcm/api/land?token=dd15b169b3cf405414cdff7c708c3dca","imageurl":"/mcm/images/land/2B/4957_4f35e894b0e1.jpg","landname":"13"},{"id":281474994798606,"level":3,"status":1,"posx":34,"posy":6,"cityid":276,"townid":627,"tokenid":"dced8a36c396f261cf68465902a49daa","tokenurl":"/mcm/api/land?token=dced8a36c396f261cf68465902a49daa","imageurl":"/mcm/images/land/2B/4958_5162d0528c3e.jpg","landname":"14"},{"id":281474994798607,"level":3,"status":0,"posx":6,"posy":7,"cityid":276,"townid":627,"tokenid":"2d328aebeba6a5a31983039d721ddec3","tokenurl":"/mcm/api/land?token=2d328aebeba6a5a31983039d721ddec3","imageurl":"/mcm/images/land/2B/4959_ff0da6be226.jpg","landname":"15"},{"id":281474994798608,"level":1,"status":1,"posx":7,"posy":7,"cityid":276,"townid":627,"tokenid":"964bf3c1b3ee68e8770f9b6392397ee3","tokenurl":"/mcm/api/land?token=964bf3c1b3ee68e8770f9b6392397ee3","imageurl":"/mcm/images/land/2S/1984_346fdb151f41.jpg","landname":"16"},{"id":281474994798609,"level":2,"status":1,"posx":15,"posy":7,"cityid":276,"townid":627,"tokenid":"b57c00a857b28622747238b5371fa194","tokenurl":"/mcm/api/land?token=b57c00a857b28622747238b5371fa194","imageurl":"/mcm/images/land/2A/2977_1391861f4264.jpg","landname":"17"},{"id":281474994798610,"level":1,"status":0,"posx":16,"posy":7,"cityid":276,"townid":627,"tokenid":"47d6cb99d7fe94d15732e75d6d3e55af","tokenurl":"/mcm/api/land?token=47d6cb99d7fe94d15732e75d6d3e55af","imageurl":"/mcm/images/land/2S/1985_13896faf78a3.jpg","landname":"18"},{"id":281474994798611,"level":3,"status":0,"posx":21,"posy":7,"cityid":276,"townid":627,"tokenid":"77461be26837786c3e3179f9373423dc","tokenurl":"/mcm/api/land?token=77461be26837786c3e3179f9373423dc","imageurl":"/mcm/images/land/2B/4960_47de37617640.jpg","landname":"19"},{"id":281474994798612,"level":3,"status":1,"posx":22,"posy":7,"cityid":276,"townid":627,"tokenid":"82cfa799eadf932c264a94e11d4817a0","tokenurl":"/mcm/api/land?token=82cfa799eadf932c264a94e11d4817a0","imageurl":"/mcm/images/land/2B/4961_44e275a17c8d.jpg","landname":"20"},{"id":281474994798613,"level":1,"status":0,"posx":25,"posy":7,"cityid":276,"townid":627,"tokenid":"86f859f134aee83d682098acead422b1","tokenurl":"/mcm/api/land?token=86f859f134aee83d682098acead422b1","imageurl":"/mcm/images/land/2S/1986_14984b6f0723.jpg","landname":"21"},{"id":281474994798614,"level":3,"status":0,"posx":26,"posy":7,"cityid":276,"townid":627,"tokenid":"c82d278e0f8c1e46e7988e5f9ca6abb9","tokenurl":"/mcm/api/land?token=c82d278e0f8c1e46e7988e5f9ca6abb9","imageurl":"/mcm/images/land/2B/4962_3a5770d9bfc7.jpg","landname":"22"},{"id":281474994798615,"level":2,"status":1,"posx":30,"posy":7,"cityid":276,"townid":627,"tokenid":"92a3fd23bd46b8afb6fb8688ef29cfa7","tokenurl":"/mcm/api/land?token=92a3fd23bd46b8afb6fb8688ef29cfa7","imageurl":"/mcm/images/land/2A/2978_5193759487d.jpg","landname":"23"},{"id":281474994798616,"level":2,"status":1,"posx":31,"posy":7,"cityid":276,"townid":627,"tokenid":"b1c9d185f78e21e7da9e046f9d0275ff","tokenurl":"/mcm/api/land?token=b1c9d185f78e21e7da9e046f9d0275ff","imageurl":"/mcm/images/land/2A/2979_1faa7afc7b35.jpg","landname":"24"},{"id":281474994798617,"level":1,"status":0,"posx":33,"posy":7,"cityid":276,"townid":627,"tokenid":"774f9e84280ad3f6f04cbaa49ab8938f","tokenurl":"/mcm/api/land?token=774f9e84280ad3f6f04cbaa49ab8938f","imageurl":"/mcm/images/land/2S/1987_affe559cc03.jpg","landname":"25"},{"id":281474994798618,"level":3,"status":1,"posx":34,"posy":7,"cityid":276,"townid":627,"tokenid":"047e494764a7eb26d885161096fb442e","tokenurl":"/mcm/api/land?token=047e494764a7eb26d885161096fb442e","imageurl":"/mcm/images/land/2B/4963_466017f977c1.jpg","landname":"26"},{"id":281474994798619,"level":1,"status":1,"posx":6,"posy":8,"cityid":276,"townid":627,"tokenid":"d7890af3bf79cc1ef888ba5526b799ba","tokenurl":"/mcm/api/land?token=d7890af3bf79cc1ef888ba5526b799ba","imageurl":"/mcm/images/land/2S/1988_4671a6e4257a.jpg","landname":"27"},{"id":281474994798620,"level":2,"status":0,"posx":7,"posy":8,"cityid":276,"townid":627,"tokenid":"778a20d875a65a5f147cc27a4642451f","tokenurl":"/mcm/api/land?token=778a20d875a65a5f147cc27a4642451f","imageurl":"/mcm/images/land/2A/2980_2ec3d3c1236d.jpg","landname":"28"},{"id":281474994798621,"level":3,"status":0,"posx":15,"posy":8,"cityid":276,"townid":627,"tokenid":"49a0e1af498adb6521406730809a42fd","tokenurl":"/mcm/api/land?token=49a0e1af498adb6521406730809a42fd","imageurl":"/mcm/images/land/2B/4964_4133614f059d.jpg","landname":"29"},{"id":281474994798622,"level":2,"status":1,"posx":16,"posy":8,"cityid":276,"townid":627,"tokenid":"faa3e652e5377b7b1688df39d4ef430b","tokenurl":"/mcm/api/land?token=faa3e652e5377b7b1688df39d4ef430b","imageurl":"/mcm/images/land/2A/2981_1ff3e7c37335.jpg","landname":"30"},{"id":281474994798623,"level":3,"status":1,"posx":21,"posy":8,"cityid":276,"townid":627,"tokenid":"4ca6c2e7b3e2e0f7d966f27d493014d1","tokenurl":"/mcm/api/land?token=4ca6c2e7b3e2e0f7d966f27d493014d1","imageurl":"/mcm/images/land/2B/4965_1b0dbc38f97e.jpg","landname":"31"},{"id":281474994798624,"level":3,"status":0,"posx":22,"posy":8,"cityid":276,"townid":627,"tokenid":"4decf8ba6ae0a4c877ce61e640d5c425","tokenurl":"/mcm/api/land?token=4decf8ba6ae0a4c877ce61e640d5c425","imageurl":"/mcm/images/land/2B/4966_3f7e72f5e562.jpg","landname":"32"},{"id":281474994798625,"level":3,"status":0,"posx":25,"posy":8,"cityid":276,"townid":627,"tokenid":"aae1f16d89d723e0048fffb31d01b041","tokenurl":"/mcm/api/land?token=aae1f16d89d723e0048fffb31d01b041","imageurl":"/mcm/images/land/2B/4967_c838b7bce9b.jpg","landname":"33"},{"id":281474994798626,"level":3,"status":1,"posx":26,"posy":8,"cityid":276,"townid":627,"tokenid":"7c0820c133647e8c9dae615531bf2cf8","tokenurl":"/mcm/api/land?token=7c0820c133647e8c9dae615531bf2cf8","imageurl":"/mcm/images/land/2B/4968_15b4988c3e14.jpg","landname":"34"},{"id":281474994798627,"level":3,"status":1,"posx":30,"posy":8,"cityid":276,"townid":627,"tokenid":"a5cf7af2c5b577b367fe03a1f1aa5a59","tokenurl":"/mcm/api/land?token=a5cf7af2c5b577b367fe03a1f1aa5a59","imageurl":"/mcm/images/land/2B/4969_2b3d841562d7.jpg","landname":"35"},{"id":281474994798628,"level":3,"status":0,"posx":31,"posy":8,"cityid":276,"townid":627,"tokenid":"0cd5d4cffa203c393e83e5beb33b7473","tokenurl":"/mcm/api/land?token=0cd5d4cffa203c393e83e5beb33b7473","imageurl":"/mcm/images/land/2B/4970_3155d700b8b7.jpg","landname":"36"},{"id":281474994798629,"level":3,"status":0,"posx":33,"posy":8,"cityid":276,"townid":627,"tokenid":"4e739014a04ba846566a27ebc364f39a","tokenurl":"/mcm/api/land?token=4e739014a04ba846566a27ebc364f39a","imageurl":"/mcm/images/land/2B/4971_bd609e807db.jpg","landname":"37"},{"id":281474994798630,"level":3,"status":0,"posx":34,"posy":8,"cityid":276,"townid":627,"tokenid":"ea34686d0e07053f60e013fb5855cd8e","tokenurl":"/mcm/api/land?token=ea34686d0e07053f60e013fb5855cd8e","imageurl":"/mcm/images/land/2B/4972_3877cf3f8180.jpg","landname":"38"},{"id":281474994798631,"level":3,"status":0,"posx":6,"posy":9,"cityid":276,"townid":627,"tokenid":"837e09acdd0c09f41c4b5798d9f614b3","tokenurl":"/mcm/api/land?token=837e09acdd0c09f41c4b5798d9f614b3","imageurl":"/mcm/images/land/2B/4973_8977a147672.jpg","landname":"39"},{"id":281474994798632,"level":3,"status":1,"posx":7,"posy":9,"cityid":276,"townid":627,"tokenid":"d676b863ffd620b66581af331d5d3862","tokenurl":"/mcm/api/land?token=d676b863ffd620b66581af331d5d3862","imageurl":"/mcm/images/land/2B/4974_3895f91c8c37.jpg","landname":"40"},{"id":281474994798633,"level":1,"status":1,"posx":15,"posy":9,"cityid":276,"townid":627,"tokenid":"7062ac9a05d9b7b47e1c295a0410a6a9","tokenurl":"/mcm/api/land?token=7062ac9a05d9b7b47e1c295a0410a6a9","imageurl":"/mcm/images/land/2S/1989_23b1f2c6cd9f.jpg","landname":"41"},{"id":281474994798634,"level":3,"status":0,"posx":16,"posy":9,"cityid":276,"townid":627,"tokenid":"638f21252709e28f8d7a80c976102e59","tokenurl":"/mcm/api/land?token=638f21252709e28f8d7a80c976102e59","imageurl":"/mcm/images/land/2B/4975_393e90578131.jpg","landname":"42"},{"id":281474994798635,"level":2,"status":1,"posx":21,"posy":9,"cityid":276,"townid":627,"tokenid":"91febd0a59b87ff058ac0edb558e48c0","tokenurl":"/mcm/api/land?token=91febd0a59b87ff058ac0edb558e48c0","imageurl":"/mcm/images/land/2A/2982_c1a2e008d7e.jpg","landname":"43"},{"id":281474994798636,"level":3,"status":0,"posx":22,"posy":9,"cityid":276,"townid":627,"tokenid":"c43cbb062f354d2eec447410351ba26b","tokenurl":"/mcm/api/land?token=c43cbb062f354d2eec447410351ba26b","imageurl":"/mcm/images/land/2B/4976_53e482a86c7.jpg","landname":"44"},{"id":281474994798637,"level":2,"status":1,"posx":25,"posy":9,"cityid":276,"townid":627,"tokenid":"af3f4ec97c9fe8ac955d7c14d6b650ba","tokenurl":"/mcm/api/land?token=af3f4ec97c9fe8ac955d7c14d6b650ba","imageurl":"/mcm/images/land/2A/2983_45d7bba4fd05.jpg","landname":"45"},{"id":281474994798638,"level":2,"status":0,"posx":26,"posy":9,"cityid":276,"townid":627,"tokenid":"11e12ca72ad153bc4435d3aec9cf94d4","tokenurl":"/mcm/api/land?token=11e12ca72ad153bc4435d3aec9cf94d4","imageurl":"/mcm/images/land/2A/2984_1e6ae46602b.jpg","landname":"46"},{"id":281474994798639,"level":3,"status":0,"posx":30,"posy":9,"cityid":276,"townid":627,"tokenid":"09abef9486ce99fd84de29db9981100e","tokenurl":"/mcm/api/land?token=09abef9486ce99fd84de29db9981100e","imageurl":"/mcm/images/land/2B/4977_c92f0920a72.jpg","landname":"47"},{"id":281474994798640,"level":3,"status":0,"posx":31,"posy":9,"cityid":276,"townid":627,"tokenid":"a3ac862d4ba678417080954132352d05","tokenurl":"/mcm/api/land?token=a3ac862d4ba678417080954132352d05","imageurl":"/mcm/images/land/2B/4978_2a8272e0727e.jpg","landname":"48"},{"id":281474994798641,"level":2,"status":0,"posx":33,"posy":9,"cityid":276,"townid":627,"tokenid":"96f94e860a83a3431b3af92bbc580082","tokenurl":"/mcm/api/land?token=96f94e860a83a3431b3af92bbc580082","imageurl":"/mcm/images/land/2A/2985_1a15f480c527.jpg","landname":"49"},{"id":281474994798642,"level":3,"status":1,"posx":34,"posy":9,"cityid":276,"townid":627,"tokenid":"4d39572108842d0d282ec9533bbb59f7","tokenurl":"/mcm/api/land?token=4d39572108842d0d282ec9533bbb59f7","imageurl":"/mcm/images/land/2B/4979_5388e897f33b.jpg","landname":"50"},{"id":281474994798643,"level":2,"status":0,"posx":6,"posy":10,"cityid":276,"townid":627,"tokenid":"74129c09faa4946f1830f6284e3d8de2","tokenurl":"/mcm/api/land?token=74129c09faa4946f1830f6284e3d8de2","imageurl":"/mcm/images/land/2A/2986_2c8c20854f9d.jpg","landname":"51"},{"id":281474994798644,"level":1,"status":1,"posx":7,"posy":10,"cityid":276,"townid":627,"tokenid":"7d87467aa0b80486c3ed489fc85c7880","tokenurl":"/mcm/api/land?token=7d87467aa0b80486c3ed489fc85c7880","imageurl":"/mcm/images/land/2S/1990_3359a4284274.jpg","landname":"52"},{"id":281474994798645,"level":3,"status":1,"posx":11,"posy":10,"cityid":276,"townid":627,"tokenid":"11ae411ebf6f9d87f19d2530fd19e523","tokenurl":"/mcm/api/land?token=11ae411ebf6f9d87f19d2530fd19e523","imageurl":"/mcm/images/land/2B/4980_1441478a7b1d.jpg","landname":"53"},{"id":281474994798646,"level":2,"status":1,"posx":12,"posy":10,"cityid":276,"townid":627,"tokenid":"3de3d07ad3a3fccc879c04e6e336ea8e","tokenurl":"/mcm/api/land?token=3de3d07ad3a3fccc879c04e6e336ea8e","imageurl":"/mcm/images/land/2A/2987_4475d9f2a85d.jpg","landname":"54"},{"id":281474994798647,"level":3,"status":1,"posx":21,"posy":10,"cityid":276,"townid":627,"tokenid":"2188038e69102728cc2c6ab8701335a6","tokenurl":"/mcm/api/land?token=2188038e69102728cc2c6ab8701335a6","imageurl":"/mcm/images/land/2B/4981_4942bf4a8bf.jpg","landname":"55"},{"id":281474994798648,"level":1,"status":1,"posx":22,"posy":10,"cityid":276,"townid":627,"tokenid":"a562be75fa83f352facf9e196be3f09e","tokenurl":"/mcm/api/land?token=a562be75fa83f352facf9e196be3f09e","imageurl":"/mcm/images/land/2S/1991_19d1d55459ee.jpg","landname":"56"},{"id":281474994798649,"level":2,"status":0,"posx":30,"posy":10,"cityid":276,"townid":627,"tokenid":"d63e3a024fb2f1afce39dcede3fdc20a","tokenurl":"/mcm/api/land?token=d63e3a024fb2f1afce39dcede3fdc20a","imageurl":"/mcm/images/land/2A/2988_55dfd8ee4b04.jpg","landname":"57"},{"id":281474994798650,"level":3,"status":1,"posx":31,"posy":10,"cityid":276,"townid":627,"tokenid":"1ca7d0b1e030e3778cf8b2209f3082d7","tokenurl":"/mcm/api/land?token=1ca7d0b1e030e3778cf8b2209f3082d7","imageurl":"/mcm/images/land/2B/4982_45bbad539832.jpg","landname":"58"},{"id":281474994798651,"level":3,"status":1,"posx":33,"posy":10,"cityid":276,"townid":627,"tokenid":"d5f41365df4155c98ceb2a49a21d3b6d","tokenurl":"/mcm/api/land?token=d5f41365df4155c98ceb2a49a21d3b6d","imageurl":"/mcm/images/land/2B/4983_2138f904a43.jpg","landname":"59"},{"id":281474994798652,"level":2,"status":0,"posx":34,"posy":10,"cityid":276,"townid":627,"tokenid":"075efedd0c3e25469b13a443bdbedfa9","tokenurl":"/mcm/api/land?token=075efedd0c3e25469b13a443bdbedfa9","imageurl":"/mcm/images/land/2A/2989_37dd90ce3531.jpg","landname":"60"},{"id":281474994798653,"level":1,"status":0,"posx":11,"posy":11,"cityid":276,"townid":627,"tokenid":"1de604dcc6d4dfbdbd7ff069a27db667","tokenurl":"/mcm/api/land?token=1de604dcc6d4dfbdbd7ff069a27db667","imageurl":"/mcm/images/land/2S/1992_1ad51fff8245.jpg","landname":"61"},{"id":281474994798654,"level":3,"status":1,"posx":12,"posy":11,"cityid":276,"townid":627,"tokenid":"627b649a9106d546c5d417c3e46e79e3","tokenurl":"/mcm/api/land?token=627b649a9106d546c5d417c3e46e79e3","imageurl":"/mcm/images/land/2B/4984_552148f6fb0a.jpg","landname":"62"},{"id":281474994798655,"level":2,"status":1,"posx":21,"posy":11,"cityid":276,"townid":627,"tokenid":"94f11fedd84b7dbcddb8558d20d71d06","tokenurl":"/mcm/api/land?token=94f11fedd84b7dbcddb8558d20d71d06","imageurl":"/mcm/images/land/2A/2990_3792d79d27ee.jpg","landname":"63"},{"id":281474994798656,"level":3,"status":1,"posx":22,"posy":11,"cityid":276,"townid":627,"tokenid":"b60497c2463db5a1ab1ed4b824948d8a","tokenurl":"/mcm/api/land?token=b60497c2463db5a1ab1ed4b824948d8a","imageurl":"/mcm/images/land/2B/4985_9acf793226d.jpg","landname":"64"},{"id":281474994798657,"level":2,"status":0,"posx":11,"posy":12,"cityid":276,"townid":627,"tokenid":"e47ce96c81be7eac6c93bbd4d6d3f0d0","tokenurl":"/mcm/api/land?token=e47ce96c81be7eac6c93bbd4d6d3f0d0","imageurl":"/mcm/images/land/2A/2991_238384fa4601.jpg","landname":"65"},{"id":281474994798658,"level":2,"status":0,"posx":12,"posy":12,"cityid":276,"townid":627,"tokenid":"41fc80d73d5a4beacb012ffc18cc326f","tokenurl":"/mcm/api/land?token=41fc80d73d5a4beacb012ffc18cc326f","imageurl":"/mcm/images/land/2A/2992_42e1b6e01514.jpg","landname":"66"},{"id":281474994798659,"level":3,"status":1,"posx":11,"posy":13,"cityid":276,"townid":627,"tokenid":"27a55a87f3cad83e2279824c0361839b","tokenurl":"/mcm/api/land?token=27a55a87f3cad83e2279824c0361839b","imageurl":"/mcm/images/land/2B/4986_b7cbd5fde89.jpg","landname":"67"},{"id":281474994798660,"level":1,"status":0,"posx":12,"posy":13,"cityid":276,"townid":627,"tokenid":"b556048d1df71008c8288ee8579d50f5","tokenurl":"/mcm/api/land?token=b556048d1df71008c8288ee8579d50f5","imageurl":"/mcm/images/land/2S/1993_4a1d528a4b5e.jpg","landname":"68"},{"id":281474994798661,"level":3,"status":0,"posx":11,"posy":14,"cityid":276,"townid":627,"tokenid":"576cb727a4f29299a0fa8b5054f2a1b5","tokenurl":"/mcm/api/land?token=576cb727a4f29299a0fa8b5054f2a1b5","imageurl":"/mcm/images/land/2B/4987_57d1972b34d2.jpg","landname":"69"},{"id":281474994798662,"level":2,"status":1,"posx":12,"posy":14,"cityid":276,"townid":627,"tokenid":"5cd4ab514fdf3f9b49f39d9e730202c2","tokenurl":"/mcm/api/land?token=5cd4ab514fdf3f9b49f39d9e730202c2","imageurl":"/mcm/images/land/2A/2993_2d283f527e6a.jpg","landname":"70"},{"id":281474994798663,"level":2,"status":0,"posx":8,"posy":20,"cityid":276,"townid":627,"tokenid":"bbd4dbe4a735b056e609156117b189fd","tokenurl":"/mcm/api/land?token=bbd4dbe4a735b056e609156117b189fd","imageurl":"/mcm/images/land/2A/2994_34b1971a6ad7.jpg","landname":"71"},{"id":281474994798664,"level":1,"status":0,"posx":9,"posy":20,"cityid":276,"townid":627,"tokenid":"f16577f1da7eb986449e9eeea4e1daf0","tokenurl":"/mcm/api/land?token=f16577f1da7eb986449e9eeea4e1daf0","imageurl":"/mcm/images/land/2S/1994_39073bfc2152.jpg","landname":"72"},{"id":281474994798665,"level":3,"status":1,"posx":10,"posy":20,"cityid":276,"townid":627,"tokenid":"42024938fd6a5d93d55c248ebf1c3195","tokenurl":"/mcm/api/land?token=42024938fd6a5d93d55c248ebf1c3195","imageurl":"/mcm/images/land/2B/4988_3a3665999be8.jpg","landname":"73"},{"id":281474994798666,"level":2,"status":0,"posx":11,"posy":20,"cityid":276,"townid":627,"tokenid":"f2a3a046696835d433ceb65ccfe993e7","tokenurl":"/mcm/api/land?token=f2a3a046696835d433ceb65ccfe993e7","imageurl":"/mcm/images/land/2A/2995_16c4d148151f.jpg","landname":"74"},{"id":281474994798667,"level":1,"status":0,"posx":12,"posy":20,"cityid":276,"townid":627,"tokenid":"3223c75ba3224813e0a9243ff1045dc8","tokenurl":"/mcm/api/land?token=3223c75ba3224813e0a9243ff1045dc8","imageurl":"/mcm/images/land/2S/1995_12408b57ecb8.jpg","landname":"75"},{"id":281474994798668,"level":2,"status":1,"posx":8,"posy":21,"cityid":276,"townid":627,"tokenid":"8d79099db92bd90788ae6eed96c39b24","tokenurl":"/mcm/api/land?token=8d79099db92bd90788ae6eed96c39b24","imageurl":"/mcm/images/land/2A/2996_b7fffd034fe.jpg","landname":"76"},{"id":281474994798669,"level":1,"status":0,"posx":9,"posy":21,"cityid":276,"townid":627,"tokenid":"001ab52db2a851b7270347a9190a0baf","tokenurl":"/mcm/api/land?token=001ab52db2a851b7270347a9190a0baf","imageurl":"/mcm/images/land/2S/1996_3afba3a4b133.jpg","landname":"77"},{"id":281474994798670,"level":2,"status":1,"posx":10,"posy":21,"cityid":276,"townid":627,"tokenid":"e01f5c099614c7029caab2f108dc6ce7","tokenurl":"/mcm/api/land?token=e01f5c099614c7029caab2f108dc6ce7","imageurl":"/mcm/images/land/2A/2997_537f35e15c56.jpg","landname":"78"},{"id":281474994798671,"level":3,"status":0,"posx":11,"posy":21,"cityid":276,"townid":627,"tokenid":"37a07740757423aa6eb7153dbc4c1b1d","tokenurl":"/mcm/api/land?token=37a07740757423aa6eb7153dbc4c1b1d","imageurl":"/mcm/images/land/2B/4989_1dba7e86f634.jpg","landname":"79"},{"id":281474994798672,"level":1,"status":1,"posx":12,"posy":21,"cityid":276,"townid":627,"tokenid":"75be9fab1d63228f2728b775b0821697","tokenurl":"/mcm/api/land?token=75be9fab1d63228f2728b775b0821697","imageurl":"/mcm/images/land/2S/1997_58f7d3f91175.jpg","landname":"80"},{"id":281474994798673,"level":3,"status":1,"posx":27,"posy":22,"cityid":276,"townid":627,"tokenid":"331868263caba7e40478d9e3d133946b","tokenurl":"/mcm/api/land?token=331868263caba7e40478d9e3d133946b","imageurl":"/mcm/images/land/2B/4990_55355a952b2f.jpg","landname":"81"},{"id":281474994798674,"level":3,"status":1,"posx":28,"posy":22,"cityid":276,"townid":627,"tokenid":"3b8776a0c35a7600bb04637e4a08625d","tokenurl":"/mcm/api/land?token=3b8776a0c35a7600bb04637e4a08625d","imageurl":"/mcm/images/land/2B/4991_2b84cab9598f.jpg","landname":"82"},{"id":281474994798675,"level":3,"status":0,"posx":29,"posy":22,"cityid":276,"townid":627,"tokenid":"083d4b52fb73823d2e574d50a281d2a1","tokenurl":"/mcm/api/land?token=083d4b52fb73823d2e574d50a281d2a1","imageurl":"/mcm/images/land/2B/4992_48e496ab1944.jpg","landname":"83"},{"id":281474994798676,"level":3,"status":0,"posx":30,"posy":22,"cityid":276,"townid":627,"tokenid":"7163cd036ddde256867baa65eeca506f","tokenurl":"/mcm/api/land?token=7163cd036ddde256867baa65eeca506f","imageurl":"/mcm/images/land/2B/4993_1b201dfaac48.jpg","landname":"84"},{"id":281474994798677,"level":2,"status":0,"posx":31,"posy":22,"cityid":276,"townid":627,"tokenid":"71da32f23aaf342f13b2cf6c44495e2a","tokenurl":"/mcm/api/land?token=71da32f23aaf342f13b2cf6c44495e2a","imageurl":"/mcm/images/land/2A/2998_307f773b4357.jpg","landname":"85"},{"id":281474994798678,"level":2,"status":1,"posx":27,"posy":23,"cityid":276,"townid":627,"tokenid":"1f66667f65d76eb0b8382c3f6540a393","tokenurl":"/mcm/api/land?token=1f66667f65d76eb0b8382c3f6540a393","imageurl":"/mcm/images/land/2A/2999_23ed760e3e20.jpg","landname":"86"},{"id":281474994798679,"level":1,"status":1,"posx":28,"posy":23,"cityid":276,"townid":627,"tokenid":"cafab9d46cdb6e8a5c80ba721cd54fc4","tokenurl":"/mcm/api/land?token=cafab9d46cdb6e8a5c80ba721cd54fc4","imageurl":"/mcm/images/land/2S/1998_2fe7986f10b5.jpg","landname":"87"},{"id":281474994798680,"level":1,"status":0,"posx":29,"posy":23,"cityid":276,"townid":627,"tokenid":"c81437acfba1c38d0143d5801b3a452e","tokenurl":"/mcm/api/land?token=c81437acfba1c38d0143d5801b3a452e","imageurl":"/mcm/images/land/2S/1999_49b6da710ce0.jpg","landname":"88"},{"id":281474994798681,"level":3,"status":1,"posx":30,"posy":23,"cityid":276,"townid":627,"tokenid":"c5d9ea78679813dc765e44102b7feeac","tokenurl":"/mcm/api/land?token=c5d9ea78679813dc765e44102b7feeac","imageurl":"/mcm/images/land/2B/4994_2f4c67d284be.jpg","landname":"89"},{"id":281474994798682,"level":3,"status":0,"posx":31,"posy":23,"cityid":276,"townid":627,"tokenid":"a8402cf154ce49b4e2d5e68159852a64","tokenurl":"/mcm/api/land?token=a8402cf154ce49b4e2d5e68159852a64","imageurl":"/mcm/images/land/2B/4995_979bf5977a4.jpg","landname":"90"},{"id":281474994798683,"level":3,"status":0,"posx":8,"posy":24,"cityid":276,"townid":627,"tokenid":"9ecbb178828622649db3233565c54c50","tokenurl":"/mcm/api/land?token=9ecbb178828622649db3233565c54c50","imageurl":"/mcm/images/land/2B/4996_3b3158c0168.jpg","landname":"91"},{"id":281474994798684,"level":3,"status":0,"posx":9,"posy":24,"cityid":276,"townid":627,"tokenid":"ffd894df46dd62014b508dcb1962f029","tokenurl":"/mcm/api/land?token=ffd894df46dd62014b508dcb1962f029","imageurl":"/mcm/images/land/2B/4997_289082c53515.jpg","landname":"92"},{"id":281474994798685,"level":3,"status":0,"posx":10,"posy":24,"cityid":276,"townid":627,"tokenid":"dc169bce32f3e294d0ec80b01bcc883b","tokenurl":"/mcm/api/land?token=dc169bce32f3e294d0ec80b01bcc883b","imageurl":"/mcm/images/land/2B/4998_40899ef7c90d.jpg","landname":"93"},{"id":281474994798686,"level":3,"status":0,"posx":11,"posy":24,"cityid":276,"townid":627,"tokenid":"df008344ae5c2302e92d7625954ae9df","tokenurl":"/mcm/api/land?token=df008344ae5c2302e92d7625954ae9df","imageurl":"/mcm/images/land/2B/4999_34df85a664c0.jpg","landname":"94"},{"id":281474994798687,"level":2,"status":0,"posx":12,"posy":24,"cityid":276,"townid":627,"tokenid":"c010a7a6f76b0fc53dde7db1ec470f42","tokenurl":"/mcm/api/land?token=c010a7a6f76b0fc53dde7db1ec470f42","imageurl":"/mcm/images/land/2A/3000_252aa524edac.jpg","landname":"95"},{"id":281474994798688,"level":3,"status":1,"posx":17,"posy":24,"cityid":276,"townid":627,"tokenid":"3524085a360c28484c44dfcc951e1e73","tokenurl":"/mcm/api/land?token=3524085a360c28484c44dfcc951e1e73","imageurl":"/mcm/images/land/2B/5000_31cbf7034ec1.jpg","landname":"96"},{"id":281474994798689,"level":2,"status":1,"posx":18,"posy":24,"cityid":276,"townid":627,"tokenid":"37e37593a467d1e753e95b8890b02535","tokenurl":"/mcm/api/land?token=37e37593a467d1e753e95b8890b02535","imageurl":"/mcm/images/land/2A/3001_3f97f6b594f7.jpg","landname":"97"},{"id":281474994798690,"level":3,"status":1,"posx":19,"posy":24,"cityid":276,"townid":627,"tokenid":"76bc882b9742b6d0b029a40d1d9c5d1f","tokenurl":"/mcm/api/land?token=76bc882b9742b6d0b029a40d1d9c5d1f","imageurl":"/mcm/images/land/2B/5001_1ad35f4ff51b.jpg","landname":"98"},{"id":281474994798691,"level":3,"status":1,"posx":20,"posy":24,"cityid":276,"townid":627,"tokenid":"34220749ce3609b1903a20f1c7615106","tokenurl":"/mcm/api/land?token=34220749ce3609b1903a20f1c7615106","imageurl":"/mcm/images/land/2B/5002_21ce9f6781b2.jpg","landname":"99"},{"id":281474994798692,"level":2,"status":1,"posx":21,"posy":24,"cityid":276,"townid":627,"tokenid":"9b7d30d8c2a1e460777773dfca12111e","tokenurl":"/mcm/api/land?token=9b7d30d8c2a1e460777773dfca12111e","imageurl":"/mcm/images/land/2A/3002_1e12c2863826.jpg","landname":"100"},{"id":281474994798693,"level":3,"status":0,"posx":8,"posy":25,"cityid":276,"townid":627,"tokenid":"e5de82c3ea2d3f784035026736bdee42","tokenurl":"/mcm/api/land?token=e5de82c3ea2d3f784035026736bdee42","imageurl":"/mcm/images/land/2B/5003_2aa6f1cf7061.jpg","landname":"101"},{"id":281474994798694,"level":2,"status":0,"posx":9,"posy":25,"cityid":276,"townid":627,"tokenid":"f10ebfc205487ede94ae254341e39c58","tokenurl":"/mcm/api/land?token=f10ebfc205487ede94ae254341e39c58","imageurl":"/mcm/images/land/2A/3003_43c0227bccf5.jpg","landname":"102"},{"id":281474994798695,"level":1,"status":1,"posx":10,"posy":25,"cityid":276,"townid":627,"tokenid":"e85d43be03872cdcbe6566a1b2ad2df2","tokenurl":"/mcm/api/land?token=e85d43be03872cdcbe6566a1b2ad2df2","imageurl":"/mcm/images/land/2S/2000_20761f78f3e0.jpg","landname":"103"},{"id":281474994798696,"level":1,"status":1,"posx":11,"posy":25,"cityid":276,"townid":627,"tokenid":"2389311ca4870aaf83cba9f2100d2430","tokenurl":"/mcm/api/land?token=2389311ca4870aaf83cba9f2100d2430","imageurl":"/mcm/images/land/2S/2001_52c98b11126b.jpg","landname":"104"},{"id":281474994798697,"level":1,"status":0,"posx":12,"posy":25,"cityid":276,"townid":627,"tokenid":"fe7b3fe247520b9fd94d38808b421032","tokenurl":"/mcm/api/land?token=fe7b3fe247520b9fd94d38808b421032","imageurl":"/mcm/images/land/2S/2002_51a51c3a3ca0.jpg","landname":"105"},{"id":281474994798698,"level":2,"status":0,"posx":17,"posy":25,"cityid":276,"townid":627,"tokenid":"5cdb318ae82a6aa6f59ed199d5e0a212","tokenurl":"/mcm/api/land?token=5cdb318ae82a6aa6f59ed199d5e0a212","imageurl":"/mcm/images/land/2A/3004_2d2762714ac0.jpg","landname":"106"},{"id":281474994798699,"level":3,"status":1,"posx":18,"posy":25,"cityid":276,"townid":627,"tokenid":"3f32dac044b90fc039da1b7a6a700201","tokenurl":"/mcm/api/land?token=3f32dac044b90fc039da1b7a6a700201","imageurl":"/mcm/images/land/2B/5004_24816cd3f70a.jpg","landname":"107"},{"id":281474994798700,"level":3,"status":0,"posx":19,"posy":25,"cityid":276,"townid":627,"tokenid":"e5471d110873b8a532684d8d6cd5a5ad","tokenurl":"/mcm/api/land?token=e5471d110873b8a532684d8d6cd5a5ad","imageurl":"/mcm/images/land/2B/5005_5a9723ff3bd4.jpg","landname":"108"},{"id":281474994798701,"level":3,"status":1,"posx":20,"posy":25,"cityid":276,"townid":627,"tokenid":"924fc3b3ffe48ef6633b6943cdef1d2c","tokenurl":"/mcm/api/land?token=924fc3b3ffe48ef6633b6943cdef1d2c","imageurl":"/mcm/images/land/2B/5006_e12bdaf1894.jpg","landname":"109"},{"id":281474994798702,"level":3,"status":0,"posx":21,"posy":25,"cityid":276,"townid":627,"tokenid":"2102aa3aca8f44f5fb87234131846e69","tokenurl":"/mcm/api/land?token=2102aa3aca8f44f5fb87234131846e69","imageurl":"/mcm/images/land/2B/5007_4974b99b2a50.jpg","landname":"110"},{"id":281474994798703,"level":3,"status":0,"posx":27,"posy":26,"cityid":276,"townid":627,"tokenid":"16f720797c845d3be9f84f58f66eff73","tokenurl":"/mcm/api/land?token=16f720797c845d3be9f84f58f66eff73","imageurl":"/mcm/images/land/2B/5008_7c727c2ff76.jpg","landname":"111"},{"id":281474994798704,"level":2,"status":0,"posx":28,"posy":26,"cityid":276,"townid":627,"tokenid":"b61547e2131855264b23ba15765a742a","tokenurl":"/mcm/api/land?token=b61547e2131855264b23ba15765a742a","imageurl":"/mcm/images/land/2A/3005_1c2085508910.jpg","landname":"112"},{"id":281474994798705,"level":3,"status":1,"posx":27,"posy":27,"cityid":276,"townid":627,"tokenid":"fea3fdca61bb29bc2dd1f873c37d394f","tokenurl":"/mcm/api/land?token=fea3fdca61bb29bc2dd1f873c37d394f","imageurl":"/mcm/images/land/2B/5009_47c4b3a61fe0.jpg","landname":"113"},{"id":281474994798706,"level":3,"status":1,"posx":28,"posy":27,"cityid":276,"townid":627,"tokenid":"8c47c7b948d090a52ff663cb31ec24c2","tokenurl":"/mcm/api/land?token=8c47c7b948d090a52ff663cb31ec24c2","imageurl":"/mcm/images/land/2B/5010_c993f190f48.jpg","landname":"114"},{"id":281474994798707,"level":2,"status":0,"posx":32,"posy":27,"cityid":276,"townid":627,"tokenid":"eff2a0e3632124ebff5c157a7d52070f","tokenurl":"/mcm/api/land?token=eff2a0e3632124ebff5c157a7d52070f","imageurl":"/mcm/images/land/2A/3006_38fa7d1e9945.jpg","landname":"115"},{"id":281474994798708,"level":1,"status":1,"posx":33,"posy":27,"cityid":276,"townid":627,"tokenid":"d2336535901b3b99cf56e364b8a9ec33","tokenurl":"/mcm/api/land?token=d2336535901b3b99cf56e364b8a9ec33","imageurl":"/mcm/images/land/2S/2003_131ddcef6514.jpg","landname":"116"},{"id":281474994798709,"level":2,"status":1,"posx":8,"posy":28,"cityid":276,"townid":627,"tokenid":"1b9baf54b9420b0ea0ebbfe8c0388f2e","tokenurl":"/mcm/api/land?token=1b9baf54b9420b0ea0ebbfe8c0388f2e","imageurl":"/mcm/images/land/2A/3007_3523b4615c2c.jpg","landname":"117"},{"id":281474994798710,"level":2,"status":0,"posx":9,"posy":28,"cityid":276,"townid":627,"tokenid":"1b1487e947a111293de50ffc1f288fbd","tokenurl":"/mcm/api/land?token=1b1487e947a111293de50ffc1f288fbd","imageurl":"/mcm/images/land/2A/3008_569df98ba145.jpg","landname":"118"},{"id":281474994798711,"level":1,"status":1,"posx":10,"posy":28,"cityid":276,"townid":627,"tokenid":"cb1258934c71aae0faaffa11aee04637","tokenurl":"/mcm/api/land?token=cb1258934c71aae0faaffa11aee04637","imageurl":"/mcm/images/land/2S/2004_45dedb2b2953.jpg","landname":"119"},{"id":281474994798712,"level":1,"status":0,"posx":11,"posy":28,"cityid":276,"townid":627,"tokenid":"5a1f33278f50fa68fddfb25b2ccac49a","tokenurl":"/mcm/api/land?token=5a1f33278f50fa68fddfb25b2ccac49a","imageurl":"/mcm/images/land/2S/2005_311aaf08c6e8.jpg","landname":"120"},{"id":281474994798713,"level":3,"status":0,"posx":12,"posy":28,"cityid":276,"townid":627,"tokenid":"7155b76b2f9111f720223deec839f2f2","tokenurl":"/mcm/api/land?token=7155b76b2f9111f720223deec839f2f2","imageurl":"/mcm/images/land/2B/5011_2b321342e2a9.jpg","landname":"121"},{"id":281474994798714,"level":2,"status":1,"posx":17,"posy":28,"cityid":276,"townid":627,"tokenid":"abd5624b20d2712a9aa5fb015232540b","tokenurl":"/mcm/api/land?token=abd5624b20d2712a9aa5fb015232540b","imageurl":"/mcm/images/land/2A/3009_587a34720acf.jpg","landname":"122"},{"id":281474994798715,"level":1,"status":0,"posx":18,"posy":28,"cityid":276,"townid":627,"tokenid":"f9a027539638b4a14d4b531e3820e113","tokenurl":"/mcm/api/land?token=f9a027539638b4a14d4b531e3820e113","imageurl":"/mcm/images/land/2S/2006_2c0edec81e57.jpg","landname":"123"},{"id":281474994798716,"level":3,"status":0,"posx":19,"posy":28,"cityid":276,"townid":627,"tokenid":"4a52ef4d9c56dbed27bec0c2b43a082e","tokenurl":"/mcm/api/land?token=4a52ef4d9c56dbed27bec0c2b43a082e","imageurl":"/mcm/images/land/2B/5012_1309df51d188.jpg","landname":"124"},{"id":281474994798717,"level":3,"status":0,"posx":20,"posy":28,"cityid":276,"townid":627,"tokenid":"d52fc6f016175606b5d9f577149038b9","tokenurl":"/mcm/api/land?token=d52fc6f016175606b5d9f577149038b9","imageurl":"/mcm/images/land/2B/5013_2b2bd5a1036c.jpg","landname":"125"},{"id":281474994798718,"level":3,"status":0,"posx":21,"posy":28,"cityid":276,"townid":627,"tokenid":"79750c866b0a5bcb1a215d64d2775cde","tokenurl":"/mcm/api/land?token=79750c866b0a5bcb1a215d64d2775cde","imageurl":"/mcm/images/land/2B/5014_37101aadad36.jpg","landname":"126"},{"id":281474994798719,"level":2,"status":1,"posx":27,"posy":28,"cityid":276,"townid":627,"tokenid":"dab48a295b532c0cd4d11396ebc1ab9e","tokenurl":"/mcm/api/land?token=dab48a295b532c0cd4d11396ebc1ab9e","imageurl":"/mcm/images/land/2A/3010_10ebceb4773c.jpg","landname":"127"},{"id":281474994798720,"level":1,"status":1,"posx":28,"posy":28,"cityid":276,"townid":627,"tokenid":"0d589a550666ffedbe9c1d9264b3b068","tokenurl":"/mcm/api/land?token=0d589a550666ffedbe9c1d9264b3b068","imageurl":"/mcm/images/land/2S/2007_4e53b9c50696.jpg","landname":"128"},{"id":281474994798721,"level":2,"status":1,"posx":32,"posy":28,"cityid":276,"townid":627,"tokenid":"9f70729dfa7a073789653d986787ec6d","tokenurl":"/mcm/api/land?token=9f70729dfa7a073789653d986787ec6d","imageurl":"/mcm/images/land/2A/3011_16b32a4486b4.jpg","landname":"129"},{"id":281474994798722,"level":3,"status":1,"posx":33,"posy":28,"cityid":276,"townid":627,"tokenid":"67317dce0d62212fca7c8e18621bdd2e","tokenurl":"/mcm/api/land?token=67317dce0d62212fca7c8e18621bdd2e","imageurl":"/mcm/images/land/2B/5015_344f452c342a.jpg","landname":"130"},{"id":281474994798723,"level":3,"status":1,"posx":8,"posy":29,"cityid":276,"townid":627,"tokenid":"363c51bd27c0d3c8a6209cd27e8bc8c6","tokenurl":"/mcm/api/land?token=363c51bd27c0d3c8a6209cd27e8bc8c6","imageurl":"/mcm/images/land/2B/5016_4bc44fc218d.jpg","landname":"131"},{"id":281474994798724,"level":3,"status":1,"posx":9,"posy":29,"cityid":276,"townid":627,"tokenid":"61c1b35d1760b34f549145b5ef5cc847","tokenurl":"/mcm/api/land?token=61c1b35d1760b34f549145b5ef5cc847","imageurl":"/mcm/images/land/2B/5017_1deba82ead80.jpg","landname":"132"},{"id":281474994798725,"level":3,"status":1,"posx":10,"posy":29,"cityid":276,"townid":627,"tokenid":"3175d12fd2fe670529cbc9ce69007896","tokenurl":"/mcm/api/land?token=3175d12fd2fe670529cbc9ce69007896","imageurl":"/mcm/images/land/2B/5018_1469ec660939.jpg","landname":"133"},{"id":281474994798726,"level":2,"status":1,"posx":11,"posy":29,"cityid":276,"townid":627,"tokenid":"287f843aa99b3c2d6dd5833157f3849c","tokenurl":"/mcm/api/land?token=287f843aa99b3c2d6dd5833157f3849c","imageurl":"/mcm/images/land/2A/3012_3ccc6cac72ae.jpg","landname":"134"},{"id":281474994798727,"level":3,"status":1,"posx":12,"posy":29,"cityid":276,"townid":627,"tokenid":"576a6ef5bc8d0140832f05f5a831cf4d","tokenurl":"/mcm/api/land?token=576a6ef5bc8d0140832f05f5a831cf4d","imageurl":"/mcm/images/land/2B/5019_a196d9b4b1d.jpg","landname":"135"},{"id":281474994798728,"level":1,"status":0,"posx":17,"posy":29,"cityid":276,"townid":627,"tokenid":"a60907a680f9920e68302a872d7eac58","tokenurl":"/mcm/api/land?token=a60907a680f9920e68302a872d7eac58","imageurl":"/mcm/images/land/2S/2008_3a6a83cb5aee.jpg","landname":"136"},{"id":281474994798729,"level":2,"status":1,"posx":18,"posy":29,"cityid":276,"townid":627,"tokenid":"48e28a2a999487116c1907f4473d3be9","tokenurl":"/mcm/api/land?token=48e28a2a999487116c1907f4473d3be9","imageurl":"/mcm/images/land/2A/3013_2faf498dd431.jpg","landname":"137"},{"id":281474994798730,"level":3,"status":0,"posx":19,"posy":29,"cityid":276,"townid":627,"tokenid":"8d529b17c25663cdd432ed073bfefb38","tokenurl":"/mcm/api/land?token=8d529b17c25663cdd432ed073bfefb38","imageurl":"/mcm/images/land/2B/5020_23902c4fbc20.jpg","landname":"138"},{"id":281474994798731,"level":3,"status":0,"posx":20,"posy":29,"cityid":276,"townid":627,"tokenid":"4e09d99f54f5fea620fe6a6d7e5be1f5","tokenurl":"/mcm/api/land?token=4e09d99f54f5fea620fe6a6d7e5be1f5","imageurl":"/mcm/images/land/2B/5021_1d83d19e7d7b.jpg","landname":"139"},{"id":281474994798732,"level":3,"status":0,"posx":21,"posy":29,"cityid":276,"townid":627,"tokenid":"4eeb7ac850983cec2589d5aa291a9869","tokenurl":"/mcm/api/land?token=4eeb7ac850983cec2589d5aa291a9869","imageurl":"/mcm/images/land/2B/5022_2fa2df3c50f.jpg","landname":"140"},{"id":281474994798733,"level":3,"status":1,"posx":27,"posy":29,"cityid":276,"townid":627,"tokenid":"9d391741790e8ce896aaa1837a5412ed","tokenurl":"/mcm/api/land?token=9d391741790e8ce896aaa1837a5412ed","imageurl":"/mcm/images/land/2B/5023_16af90ea7a64.jpg","landname":"141"},{"id":281474994798734,"level":1,"status":0,"posx":28,"posy":29,"cityid":276,"townid":627,"tokenid":"4c593149a65edb14cfe87575e14ac2b0","tokenurl":"/mcm/api/land?token=4c593149a65edb14cfe87575e14ac2b0","imageurl":"/mcm/images/land/2S/2009_503c08dd63ed.jpg","landname":"142"},{"id":281474994798735,"level":1,"status":1,"posx":32,"posy":29,"cityid":276,"townid":627,"tokenid":"ccb075cacb0dd21313b83a8da6166855","tokenurl":"/mcm/api/land?token=ccb075cacb0dd21313b83a8da6166855","imageurl":"/mcm/images/land/2S/2010_5134011b4532.jpg","landname":"143"},{"id":281474994798736,"level":3,"status":0,"posx":33,"posy":29,"cityid":276,"townid":627,"tokenid":"a9a75c50abb95ac4e9e69fe853cb7f2d","tokenurl":"/mcm/api/land?token=a9a75c50abb95ac4e9e69fe853cb7f2d","imageurl":"/mcm/images/land/2B/5024_4eced546d5c6.jpg","landname":"144"},{"id":281474994798737,"level":1,"status":1,"posx":27,"posy":30,"cityid":276,"townid":627,"tokenid":"60e8bac036dd5f71f9ee7a178f234ef1","tokenurl":"/mcm/api/land?token=60e8bac036dd5f71f9ee7a178f234ef1","imageurl":"/mcm/images/land/2S/2011_252c865d5aef.jpg","landname":"145"},{"id":281474994798738,"level":2,"status":0,"posx":28,"posy":30,"cityid":276,"townid":627,"tokenid":"ddf8114635bdeb93e35c3b366aa984fa","tokenurl":"/mcm/api/land?token=ddf8114635bdeb93e35c3b366aa984fa","imageurl":"/mcm/images/land/2A/3014_57fa495ce647.jpg","landname":"146"},{"id":281474994798739,"level":2,"status":0,"posx":32,"posy":30,"cityid":276,"townid":627,"tokenid":"f4e5626e7100c1ea44fc49462a5ee979","tokenurl":"/mcm/api/land?token=f4e5626e7100c1ea44fc49462a5ee979","imageurl":"/mcm/images/land/2A/3015_89226e92c1.jpg","landname":"147"},{"id":281474994798740,"level":3,"status":0,"posx":33,"posy":30,"cityid":276,"townid":627,"tokenid":"3c2466099c3971ba2f66050895ae2d46","tokenurl":"/mcm/api/land?token=3c2466099c3971ba2f66050895ae2d46","imageurl":"/mcm/images/land/2B/5025_f3a38e534b9.jpg","landname":"148"},{"id":281474994798741,"level":3,"status":1,"posx":32,"posy":31,"cityid":276,"townid":627,"tokenid":"fab94cdf3c50d73f60377057b2471c94","tokenurl":"/mcm/api/land?token=fab94cdf3c50d73f60377057b2471c94","imageurl":"/mcm/images/land/2B/5026_26abec69d553.jpg","landname":"149"},{"id":281474994798742,"level":2,"status":0,"posx":33,"posy":31,"cityid":276,"townid":627,"tokenid":"4ca1d5d58ad90f0678437c766706a972","tokenurl":"/mcm/api/land?token=4ca1d5d58ad90f0678437c766706a972","imageurl":"/mcm/images/land/2A/3016_81b934bc82b.jpg","landname":"150"}]]],0,0,[],[],[]]
