[1,0,0,[["cc.JsonAsset",["_name","json"],1]],[[0,0,1,3]],[[0,"247",[{"id":281474982871341,"level":1,"status":0,"posx":23,"posy":5,"cityid":94,"townid":247,"tokenid":"b41c3f1db823cf654b38f663c2b2cdc1","tokenurl":"/mcm/api/land?token=b41c3f1db823cf654b38f663c2b2cdc1","imageurl":"/mcm/images/land/1S/4142_26790db4f279.jpg","landname":"1"},{"id":281474982871342,"level":1,"status":0,"posx":24,"posy":5,"cityid":94,"townid":247,"tokenid":"3c6f5e678189df680d900b19a213e432","tokenurl":"/mcm/api/land?token=3c6f5e678189df680d900b19a213e432","imageurl":"/mcm/images/land/1S/4143_35ddddc0eeb1.jpg","landname":"2"},{"id":281474982871343,"level":1,"status":0,"posx":23,"posy":6,"cityid":94,"townid":247,"tokenid":"677f95653ef1a69845aa281e0fb99d98","tokenurl":"/mcm/api/land?token=677f95653ef1a69845aa281e0fb99d98","imageurl":"/mcm/images/land/1S/4144_30f78a5ce8bf.jpg","landname":"3"},{"id":281474982871344,"level":2,"status":0,"posx":24,"posy":6,"cityid":94,"townid":247,"tokenid":"9da44bd72dc3651add2826a02bd2b2b4","tokenurl":"/mcm/api/land?token=9da44bd72dc3651add2826a02bd2b2b4","imageurl":"/mcm/images/land/1A/2072_57449d561266.jpg","landname":"4"},{"id":281474982871345,"level":2,"status":0,"posx":28,"posy":6,"cityid":94,"townid":247,"tokenid":"e83ccb6ff4a0c38d511fc49f2558a6e1","tokenurl":"/mcm/api/land?token=e83ccb6ff4a0c38d511fc49f2558a6e1","imageurl":"/mcm/images/land/1A/2073_438c1099e2ac.jpg","landname":"5"},{"id":281474982871346,"level":2,"status":0,"posx":29,"posy":6,"cityid":94,"townid":247,"tokenid":"d5313f82a62926358f83f8836f87cfcb","tokenurl":"/mcm/api/land?token=d5313f82a62926358f83f8836f87cfcb","imageurl":"/mcm/images/land/1A/2074_35e23647ba5c.jpg","landname":"6"},{"id":281474982871347,"level":1,"status":1,"posx":23,"posy":7,"cityid":94,"townid":247,"tokenid":"a9e35f83f47d6e417e79ef837c136b63","tokenurl":"/mcm/api/land?token=a9e35f83f47d6e417e79ef837c136b63","imageurl":"/mcm/images/land/1S/4145_165c96e21ee3.jpg","landname":"7"},{"id":281474982871348,"level":1,"status":1,"posx":24,"posy":7,"cityid":94,"townid":247,"tokenid":"527e2a24aab786f036fb550ed3113d70","tokenurl":"/mcm/api/land?token=527e2a24aab786f036fb550ed3113d70","imageurl":"/mcm/images/land/1S/4146_226b6e1498f2.jpg","landname":"8"},{"id":281474982871349,"level":1,"status":0,"posx":28,"posy":7,"cityid":94,"townid":247,"tokenid":"7bc7ec2915f095e64bf2647f11e78542","tokenurl":"/mcm/api/land?token=7bc7ec2915f095e64bf2647f11e78542","imageurl":"/mcm/images/land/1S/4147_25cc554ad083.jpg","landname":"9"},{"id":281474982871350,"level":2,"status":0,"posx":29,"posy":7,"cityid":94,"townid":247,"tokenid":"7ca76ed57f4386480949737ce27224f6","tokenurl":"/mcm/api/land?token=7ca76ed57f4386480949737ce27224f6","imageurl":"/mcm/images/land/1A/2075_10e45767ea70.jpg","landname":"10"},{"id":281474982871351,"level":1,"status":1,"posx":32,"posy":7,"cityid":94,"townid":247,"tokenid":"7dbed7d00a34dade360550a356e10eb0","tokenurl":"/mcm/api/land?token=7dbed7d00a34dade360550a356e10eb0","imageurl":"/mcm/images/land/1S/4148_250f563487f7.jpg","landname":"11"},{"id":281474982871352,"level":1,"status":1,"posx":33,"posy":7,"cityid":94,"townid":247,"tokenid":"5b93d1c6999c66554ec98caf6b6f3da8","tokenurl":"/mcm/api/land?token=5b93d1c6999c66554ec98caf6b6f3da8","imageurl":"/mcm/images/land/1S/4149_35a33fb71e58.jpg","landname":"12"},{"id":281474982871353,"level":1,"status":1,"posx":23,"posy":8,"cityid":94,"townid":247,"tokenid":"f192478b0ebc36318af6e0f34947e73f","tokenurl":"/mcm/api/land?token=f192478b0ebc36318af6e0f34947e73f","imageurl":"/mcm/images/land/1S/4150_48dc4cedc663.jpg","landname":"13"},{"id":281474982871354,"level":3,"status":1,"posx":24,"posy":8,"cityid":94,"townid":247,"tokenid":"23761fefe06a6f822f83ec29aa1c2b63","tokenurl":"/mcm/api/land?token=23761fefe06a6f822f83ec29aa1c2b63","imageurl":"/mcm/images/land/1B/692_67027562192.jpg","landname":"14"},{"id":281474982871355,"level":1,"status":1,"posx":28,"posy":8,"cityid":94,"townid":247,"tokenid":"2c3c097cd88554fbc725df52731d7771","tokenurl":"/mcm/api/land?token=2c3c097cd88554fbc725df52731d7771","imageurl":"/mcm/images/land/1S/4151_56daa141b827.jpg","landname":"15"},{"id":281474982871356,"level":2,"status":1,"posx":29,"posy":8,"cityid":94,"townid":247,"tokenid":"91c8ef2fd4c524e87ed994f0511b7d27","tokenurl":"/mcm/api/land?token=91c8ef2fd4c524e87ed994f0511b7d27","imageurl":"/mcm/images/land/1A/2076_27ee66abdafa.jpg","landname":"16"},{"id":281474982871357,"level":1,"status":1,"posx":32,"posy":8,"cityid":94,"townid":247,"tokenid":"443fec3cf8cb797782c1845bdee6ae36","tokenurl":"/mcm/api/land?token=443fec3cf8cb797782c1845bdee6ae36","imageurl":"/mcm/images/land/1S/4152_3ef40f77e130.jpg","landname":"17"},{"id":281474982871358,"level":1,"status":0,"posx":33,"posy":8,"cityid":94,"townid":247,"tokenid":"462eca208c4e4336ce1e993b71bde799","tokenurl":"/mcm/api/land?token=462eca208c4e4336ce1e993b71bde799","imageurl":"/mcm/images/land/1S/4153_3164d58f1d05.jpg","landname":"18"},{"id":281474982871359,"level":3,"status":0,"posx":23,"posy":9,"cityid":94,"townid":247,"tokenid":"1d5768a5becfc5e0ba281bbbf9568865","tokenurl":"/mcm/api/land?token=1d5768a5becfc5e0ba281bbbf9568865","imageurl":"/mcm/images/land/1B/693_4c524563913c.jpg","landname":"19"},{"id":281474982871360,"level":2,"status":1,"posx":24,"posy":9,"cityid":94,"townid":247,"tokenid":"91443e6eaf449a7deb6ab6607dca9c73","tokenurl":"/mcm/api/land?token=91443e6eaf449a7deb6ab6607dca9c73","imageurl":"/mcm/images/land/1A/2077_2682013918f7.jpg","landname":"20"},{"id":281474982871361,"level":1,"status":0,"posx":28,"posy":9,"cityid":94,"townid":247,"tokenid":"e8717229238ab163b8f654f067bce669","tokenurl":"/mcm/api/land?token=e8717229238ab163b8f654f067bce669","imageurl":"/mcm/images/land/1S/4154_438126c39990.jpg","landname":"21"},{"id":281474982871362,"level":1,"status":1,"posx":29,"posy":9,"cityid":94,"townid":247,"tokenid":"07a859b7198ae0e626565ccf2a25591f","tokenurl":"/mcm/api/land?token=07a859b7198ae0e626565ccf2a25591f","imageurl":"/mcm/images/land/1S/4155_5732f93c5ff9.jpg","landname":"22"},{"id":281474982871363,"level":2,"status":0,"posx":32,"posy":9,"cityid":94,"townid":247,"tokenid":"43733157e2fa13a533cebaa08377c42c","tokenurl":"/mcm/api/land?token=43733157e2fa13a533cebaa08377c42c","imageurl":"/mcm/images/land/1A/2078_174907c38021.jpg","landname":"23"},{"id":281474982871364,"level":1,"status":1,"posx":33,"posy":9,"cityid":94,"townid":247,"tokenid":"6319d687c64a308ce1c6764cfe90c415","tokenurl":"/mcm/api/land?token=6319d687c64a308ce1c6764cfe90c415","imageurl":"/mcm/images/land/1S/4156_1fb9b09b007d.jpg","landname":"24"},{"id":281474982871365,"level":2,"status":0,"posx":6,"posy":10,"cityid":94,"townid":247,"tokenid":"6c6adc5cc089ea0644b664193db3f5e5","tokenurl":"/mcm/api/land?token=6c6adc5cc089ea0644b664193db3f5e5","imageurl":"/mcm/images/land/1A/2079_50340ab68ca5.jpg","landname":"25"},{"id":281474982871366,"level":1,"status":1,"posx":7,"posy":10,"cityid":94,"townid":247,"tokenid":"194abe37af9521c29a649f85a803f8db","tokenurl":"/mcm/api/land?token=194abe37af9521c29a649f85a803f8db","imageurl":"/mcm/images/land/1S/4157_e7f8e63d819.jpg","landname":"26"},{"id":281474982871367,"level":1,"status":0,"posx":28,"posy":10,"cityid":94,"townid":247,"tokenid":"751f808f727be9fede67b1c0be682936","tokenurl":"/mcm/api/land?token=751f808f727be9fede67b1c0be682936","imageurl":"/mcm/images/land/1S/4158_8226e85119.jpg","landname":"27"},{"id":281474982871368,"level":2,"status":1,"posx":29,"posy":10,"cityid":94,"townid":247,"tokenid":"8cdcbee614fe045168478bd6349812c9","tokenurl":"/mcm/api/land?token=8cdcbee614fe045168478bd6349812c9","imageurl":"/mcm/images/land/1A/2080_2b77c6338f6.jpg","landname":"28"},{"id":281474982871369,"level":2,"status":0,"posx":32,"posy":10,"cityid":94,"townid":247,"tokenid":"9b23b52a63e90a65df4e5796cb7c245f","tokenurl":"/mcm/api/land?token=9b23b52a63e90a65df4e5796cb7c245f","imageurl":"/mcm/images/land/1A/2081_103a19ba5e2c.jpg","landname":"29"},{"id":281474982871370,"level":2,"status":1,"posx":33,"posy":10,"cityid":94,"townid":247,"tokenid":"a8f4a64846efa61bc792973bd1afa9f4","tokenurl":"/mcm/api/land?token=a8f4a64846efa61bc792973bd1afa9f4","imageurl":"/mcm/images/land/1A/2082_cca3e6454b2.jpg","landname":"30"},{"id":281474982871371,"level":3,"status":0,"posx":6,"posy":11,"cityid":94,"townid":247,"tokenid":"f90816746fa64316b609d69723abbac6","tokenurl":"/mcm/api/land?token=f90816746fa64316b609d69723abbac6","imageurl":"/mcm/images/land/1B/694_34e9a27f3025.jpg","landname":"31"},{"id":281474982871372,"level":2,"status":0,"posx":7,"posy":11,"cityid":94,"townid":247,"tokenid":"d2d8d27e6f54d6118637b42be37af1c7","tokenurl":"/mcm/api/land?token=d2d8d27e6f54d6118637b42be37af1c7","imageurl":"/mcm/images/land/1A/2083_5a8c45d619c7.jpg","landname":"32"},{"id":281474982871373,"level":1,"status":0,"posx":9,"posy":11,"cityid":94,"townid":247,"tokenid":"5838a3da4df73b9ac791582ce078f9e0","tokenurl":"/mcm/api/land?token=5838a3da4df73b9ac791582ce078f9e0","imageurl":"/mcm/images/land/1S/4159_52867732dbfc.jpg","landname":"33"},{"id":281474982871374,"level":2,"status":1,"posx":10,"posy":11,"cityid":94,"townid":247,"tokenid":"f1b1aaf2e8bca698063d73b267be3680","tokenurl":"/mcm/api/land?token=f1b1aaf2e8bca698063d73b267be3680","imageurl":"/mcm/images/land/1A/2084_74a67de11dc.jpg","landname":"34"},{"id":281474982871375,"level":1,"status":1,"posx":11,"posy":11,"cityid":94,"townid":247,"tokenid":"c01993621bf6453ae716d3339880f047","tokenurl":"/mcm/api/land?token=c01993621bf6453ae716d3339880f047","imageurl":"/mcm/images/land/1S/4160_2002f110a3a0.jpg","landname":"35"},{"id":281474982871376,"level":1,"status":0,"posx":12,"posy":11,"cityid":94,"townid":247,"tokenid":"0d5d07745873419beee2b052fa6392ba","tokenurl":"/mcm/api/land?token=0d5d07745873419beee2b052fa6392ba","imageurl":"/mcm/images/land/1S/4161_570892f1fd11.jpg","landname":"36"},{"id":281474982871377,"level":1,"status":0,"posx":13,"posy":11,"cityid":94,"townid":247,"tokenid":"03bd76f568b5470f61658001c0e65e13","tokenurl":"/mcm/api/land?token=03bd76f568b5470f61658001c0e65e13","imageurl":"/mcm/images/land/1S/4162_50ad7237ad4e.jpg","landname":"37"},{"id":281474982871378,"level":1,"status":1,"posx":32,"posy":11,"cityid":94,"townid":247,"tokenid":"25ef35df8ca7e332f46c20e7b5039c1b","tokenurl":"/mcm/api/land?token=25ef35df8ca7e332f46c20e7b5039c1b","imageurl":"/mcm/images/land/1S/4163_32bfb9a85f06.jpg","landname":"38"},{"id":281474982871379,"level":1,"status":1,"posx":33,"posy":11,"cityid":94,"townid":247,"tokenid":"a779363d7ba3d2ac53471246ac8bb73c","tokenurl":"/mcm/api/land?token=a779363d7ba3d2ac53471246ac8bb73c","imageurl":"/mcm/images/land/1S/4164_1eec609020d2.jpg","landname":"39"},{"id":281474982871380,"level":2,"status":1,"posx":6,"posy":12,"cityid":94,"townid":247,"tokenid":"cafb4eabb25c6eac8f2298d149a6d797","tokenurl":"/mcm/api/land?token=cafb4eabb25c6eac8f2298d149a6d797","imageurl":"/mcm/images/land/1A/2085_69511283fb.jpg","landname":"40"},{"id":281474982871381,"level":1,"status":0,"posx":7,"posy":12,"cityid":94,"townid":247,"tokenid":"9f0d7bf875678e48b30265d97ac6afb6","tokenurl":"/mcm/api/land?token=9f0d7bf875678e48b30265d97ac6afb6","imageurl":"/mcm/images/land/1S/4165_1c29364dbe00.jpg","landname":"41"},{"id":281474982871382,"level":1,"status":0,"posx":9,"posy":12,"cityid":94,"townid":247,"tokenid":"36941af52cb5ab3e5f2df58510aa423c","tokenurl":"/mcm/api/land?token=36941af52cb5ab3e5f2df58510aa423c","imageurl":"/mcm/images/land/1S/4166_31fecbca2911.jpg","landname":"42"},{"id":281474982871383,"level":2,"status":1,"posx":10,"posy":12,"cityid":94,"townid":247,"tokenid":"7004792913bd33c37a3e7bbd83c1137c","tokenurl":"/mcm/api/land?token=7004792913bd33c37a3e7bbd83c1137c","imageurl":"/mcm/images/land/1A/2086_417b6dc4d95c.jpg","landname":"43"},{"id":281474982871384,"level":2,"status":1,"posx":11,"posy":12,"cityid":94,"townid":247,"tokenid":"5121883e8961c61777e5ebf7d7cd50e9","tokenurl":"/mcm/api/land?token=5121883e8961c61777e5ebf7d7cd50e9","imageurl":"/mcm/images/land/1A/2087_4cd13d6a8658.jpg","landname":"44"},{"id":281474982871385,"level":2,"status":1,"posx":12,"posy":12,"cityid":94,"townid":247,"tokenid":"b916f3b0b5505a3ff3d5d699abd2fa57","tokenurl":"/mcm/api/land?token=b916f3b0b5505a3ff3d5d699abd2fa57","imageurl":"/mcm/images/land/1A/2088_4cfbb8f8df6.jpg","landname":"45"},{"id":281474982871386,"level":1,"status":0,"posx":13,"posy":12,"cityid":94,"townid":247,"tokenid":"a3c12e5246c66227a4ae689cf83e2ecd","tokenurl":"/mcm/api/land?token=a3c12e5246c66227a4ae689cf83e2ecd","imageurl":"/mcm/images/land/1S/4167_26988ad54a5d.jpg","landname":"46"},{"id":281474982871387,"level":2,"status":0,"posx":6,"posy":13,"cityid":94,"townid":247,"tokenid":"2bfde5ab9459d5c40274db5afc15c775","tokenurl":"/mcm/api/land?token=2bfde5ab9459d5c40274db5afc15c775","imageurl":"/mcm/images/land/1A/2089_11bb2be27182.jpg","landname":"47"},{"id":281474982871388,"level":2,"status":1,"posx":7,"posy":13,"cityid":94,"townid":247,"tokenid":"b6359dfb765d92583ce18489b72f50ae","tokenurl":"/mcm/api/land?token=b6359dfb765d92583ce18489b72f50ae","imageurl":"/mcm/images/land/1A/2090_5596b586e4e3.jpg","landname":"48"},{"id":281474982871389,"level":1,"status":0,"posx":6,"posy":14,"cityid":94,"townid":247,"tokenid":"a0ac6298c93ca845705505cb84628754","tokenurl":"/mcm/api/land?token=a0ac6298c93ca845705505cb84628754","imageurl":"/mcm/images/land/1S/4168_35dc3c71161f.jpg","landname":"49"},{"id":281474982871390,"level":1,"status":0,"posx":7,"posy":14,"cityid":94,"townid":247,"tokenid":"47be54aca521536ed731a26d661467e7","tokenurl":"/mcm/api/land?token=47be54aca521536ed731a26d661467e7","imageurl":"/mcm/images/land/1S/4169_2fc62a186991.jpg","landname":"50"},{"id":281474982871391,"level":1,"status":0,"posx":10,"posy":15,"cityid":94,"townid":247,"tokenid":"1a407e2be2870aede1584e2c574d0896","tokenurl":"/mcm/api/land?token=1a407e2be2870aede1584e2c574d0896","imageurl":"/mcm/images/land/1S/4170_4cc0f7bdd64f.jpg","landname":"51"},{"id":281474982871392,"level":1,"status":1,"posx":11,"posy":15,"cityid":94,"townid":247,"tokenid":"60b955ed86c0105fecb4c7ff3f47541a","tokenurl":"/mcm/api/land?token=60b955ed86c0105fecb4c7ff3f47541a","imageurl":"/mcm/images/land/1S/4171_560a92180dc1.jpg","landname":"52"},{"id":281474982871393,"level":1,"status":1,"posx":12,"posy":15,"cityid":94,"townid":247,"tokenid":"0399b9160127fe7d60322cc7534560e9","tokenurl":"/mcm/api/land?token=0399b9160127fe7d60322cc7534560e9","imageurl":"/mcm/images/land/1S/4172_37b5f611fd53.jpg","landname":"53"},{"id":281474982871394,"level":1,"status":1,"posx":13,"posy":15,"cityid":94,"townid":247,"tokenid":"6dfc3e499ddd9e5afffec4720a1bf93a","tokenurl":"/mcm/api/land?token=6dfc3e499ddd9e5afffec4720a1bf93a","imageurl":"/mcm/images/land/1S/4173_15c541189de6.jpg","landname":"54"},{"id":281474982871395,"level":1,"status":1,"posx":14,"posy":15,"cityid":94,"townid":247,"tokenid":"71e58a665dce55817e4cb0b092cf9c31","tokenurl":"/mcm/api/land?token=71e58a665dce55817e4cb0b092cf9c31","imageurl":"/mcm/images/land/1S/4174_30e678c057a6.jpg","landname":"55"},{"id":281474982871396,"level":1,"status":1,"posx":10,"posy":16,"cityid":94,"townid":247,"tokenid":"efb9ad2ef8dde3e4167e7d2939f6f30d","tokenurl":"/mcm/api/land?token=efb9ad2ef8dde3e4167e7d2939f6f30d","imageurl":"/mcm/images/land/1S/4175_2f0fa9cd8d99.jpg","landname":"56"},{"id":281474982871397,"level":1,"status":0,"posx":11,"posy":16,"cityid":94,"townid":247,"tokenid":"2a42f0c52c88f73e23c2cdd4195911af","tokenurl":"/mcm/api/land?token=2a42f0c52c88f73e23c2cdd4195911af","imageurl":"/mcm/images/land/1S/4176_1eea85476d43.jpg","landname":"57"},{"id":281474982871398,"level":2,"status":0,"posx":12,"posy":16,"cityid":94,"townid":247,"tokenid":"3e649c3387e28ff2a49d6150ed3b5ad8","tokenurl":"/mcm/api/land?token=3e649c3387e28ff2a49d6150ed3b5ad8","imageurl":"/mcm/images/land/1A/2091_4c23db40aa65.jpg","landname":"58"},{"id":281474982871399,"level":1,"status":1,"posx":13,"posy":16,"cityid":94,"townid":247,"tokenid":"73ad52339425da3c5f3c6ca134f49d80","tokenurl":"/mcm/api/land?token=73ad52339425da3c5f3c6ca134f49d80","imageurl":"/mcm/images/land/1S/4177_545eaeb32b90.jpg","landname":"59"},{"id":281474982871400,"level":1,"status":1,"posx":14,"posy":16,"cityid":94,"townid":247,"tokenid":"ca8f9fac8d7732d1c03cab26c80bf8f3","tokenurl":"/mcm/api/land?token=ca8f9fac8d7732d1c03cab26c80bf8f3","imageurl":"/mcm/images/land/1S/4178_13b9bd243f61.jpg","landname":"60"},{"id":281474982871401,"level":3,"status":1,"posx":5,"posy":17,"cityid":94,"townid":247,"tokenid":"b26e0efb42bf960c81170ecd4b5eb37d","tokenurl":"/mcm/api/land?token=b26e0efb42bf960c81170ecd4b5eb37d","imageurl":"/mcm/images/land/1B/695_43ebf357262f.jpg","landname":"61"},{"id":281474982871402,"level":3,"status":0,"posx":6,"posy":17,"cityid":94,"townid":247,"tokenid":"8baa77d2ae4126f091ded0c4a9067e63","tokenurl":"/mcm/api/land?token=8baa77d2ae4126f091ded0c4a9067e63","imageurl":"/mcm/images/land/1B/696_56e854db00c8.jpg","landname":"62"},{"id":281474982871403,"level":1,"status":1,"posx":7,"posy":17,"cityid":94,"townid":247,"tokenid":"23fe9001780bdc978551e82f53264c25","tokenurl":"/mcm/api/land?token=23fe9001780bdc978551e82f53264c25","imageurl":"/mcm/images/land/1S/4179_1eb7ef417e5.jpg","landname":"63"},{"id":281474982871404,"level":3,"status":0,"posx":8,"posy":17,"cityid":94,"townid":247,"tokenid":"8c744127bd52b2e27eda4174646871f3","tokenurl":"/mcm/api/land?token=8c744127bd52b2e27eda4174646871f3","imageurl":"/mcm/images/land/1B/697_54979fb20af8.jpg","landname":"64"},{"id":281474982871405,"level":1,"status":1,"posx":9,"posy":17,"cityid":94,"townid":247,"tokenid":"0804235c1842c0bc193b86be477b0790","tokenurl":"/mcm/api/land?token=0804235c1842c0bc193b86be477b0790","imageurl":"/mcm/images/land/1S/4180_404067b432ee.jpg","landname":"65"},{"id":281474982871406,"level":2,"status":0,"posx":5,"posy":18,"cityid":94,"townid":247,"tokenid":"fd7a2c25f692eecd78f4d352d9e6cf27","tokenurl":"/mcm/api/land?token=fd7a2c25f692eecd78f4d352d9e6cf27","imageurl":"/mcm/images/land/1A/2092_4f3fdd0d0f51.jpg","landname":"66"},{"id":281474982871407,"level":1,"status":1,"posx":6,"posy":18,"cityid":94,"townid":247,"tokenid":"5b4402b329bc39d5cd80f4c88418cc9c","tokenurl":"/mcm/api/land?token=5b4402b329bc39d5cd80f4c88418cc9c","imageurl":"/mcm/images/land/1S/4181_b981489d8e1.jpg","landname":"67"},{"id":281474982871408,"level":1,"status":1,"posx":7,"posy":18,"cityid":94,"townid":247,"tokenid":"aa0004332e58a456cba387c610413d4e","tokenurl":"/mcm/api/land?token=aa0004332e58a456cba387c610413d4e","imageurl":"/mcm/images/land/1S/4182_3db6aaf82576.jpg","landname":"68"},{"id":281474982871409,"level":1,"status":0,"posx":8,"posy":18,"cityid":94,"townid":247,"tokenid":"2d5c1b300d347d47b2391b4685d03d47","tokenurl":"/mcm/api/land?token=2d5c1b300d347d47b2391b4685d03d47","imageurl":"/mcm/images/land/1S/4183_dfc6a29b4a6.jpg","landname":"69"},{"id":281474982871410,"level":1,"status":1,"posx":9,"posy":18,"cityid":94,"townid":247,"tokenid":"f0cbce2f25daf624cb4195ecdf7a442f","tokenurl":"/mcm/api/land?token=f0cbce2f25daf624cb4195ecdf7a442f","imageurl":"/mcm/images/land/1S/4184_34fa85746cb5.jpg","landname":"70"},{"id":281474982871411,"level":1,"status":0,"posx":28,"posy":20,"cityid":94,"townid":247,"tokenid":"79ae711a9304922347406752f91a43d4","tokenurl":"/mcm/api/land?token=79ae711a9304922347406752f91a43d4","imageurl":"/mcm/images/land/1S/4185_341110c2af92.jpg","landname":"71"},{"id":281474982871412,"level":2,"status":0,"posx":29,"posy":20,"cityid":94,"townid":247,"tokenid":"f19cd77a3e31797dfc9f814bfd8cae0d","tokenurl":"/mcm/api/land?token=f19cd77a3e31797dfc9f814bfd8cae0d","imageurl":"/mcm/images/land/1A/2093_110fb9adb176.jpg","landname":"72"},{"id":281474982871413,"level":2,"status":0,"posx":32,"posy":20,"cityid":94,"townid":247,"tokenid":"08381c4f27746d7f20a1c482658435cd","tokenurl":"/mcm/api/land?token=08381c4f27746d7f20a1c482658435cd","imageurl":"/mcm/images/land/1A/2094_1579c69001d1.jpg","landname":"73"},{"id":281474982871414,"level":2,"status":0,"posx":33,"posy":20,"cityid":94,"townid":247,"tokenid":"43ba2979c05ad9253b32ca136a1a3c0e","tokenurl":"/mcm/api/land?token=43ba2979c05ad9253b32ca136a1a3c0e","imageurl":"/mcm/images/land/1A/2095_60beae1412f.jpg","landname":"74"},{"id":281474982871415,"level":1,"status":1,"posx":28,"posy":21,"cityid":94,"townid":247,"tokenid":"ffb23c907b5b7cdf70ef31d5f2d3cdef","tokenurl":"/mcm/api/land?token=ffb23c907b5b7cdf70ef31d5f2d3cdef","imageurl":"/mcm/images/land/1S/4186_29b2565a2079.jpg","landname":"75"},{"id":281474982871416,"level":1,"status":0,"posx":29,"posy":21,"cityid":94,"townid":247,"tokenid":"c6ba610bc62e4bc54891c25c08d6d4a2","tokenurl":"/mcm/api/land?token=c6ba610bc62e4bc54891c25c08d6d4a2","imageurl":"/mcm/images/land/1S/4187_5aaf486bd46b.jpg","landname":"76"},{"id":281474982871417,"level":2,"status":0,"posx":32,"posy":21,"cityid":94,"townid":247,"tokenid":"7a90c3581422638c64f2631a9796711a","tokenurl":"/mcm/api/land?token=7a90c3581422638c64f2631a9796711a","imageurl":"/mcm/images/land/1A/2096_46a64dab26e9.jpg","landname":"77"},{"id":281474982871418,"level":1,"status":0,"posx":33,"posy":21,"cityid":94,"townid":247,"tokenid":"1d7461bf69bd9ce1b10ceb59498bb8e5","tokenurl":"/mcm/api/land?token=1d7461bf69bd9ce1b10ceb59498bb8e5","imageurl":"/mcm/images/land/1S/4188_517a5ba93de.jpg","landname":"78"},{"id":281474982871419,"level":1,"status":1,"posx":28,"posy":22,"cityid":94,"townid":247,"tokenid":"ab0bf033fbfcc902e74bb59def83f749","tokenurl":"/mcm/api/land?token=ab0bf033fbfcc902e74bb59def83f749","imageurl":"/mcm/images/land/1S/4189_34328c04f8b3.jpg","landname":"79"},{"id":281474982871420,"level":1,"status":0,"posx":29,"posy":22,"cityid":94,"townid":247,"tokenid":"1023a8f30dc518c0bd7bcb7071652f8c","tokenurl":"/mcm/api/land?token=1023a8f30dc518c0bd7bcb7071652f8c","imageurl":"/mcm/images/land/1S/4190_3855f9c0b53.jpg","landname":"80"},{"id":281474982871421,"level":1,"status":1,"posx":32,"posy":22,"cityid":94,"townid":247,"tokenid":"9d3897322f48b33fe91c4f4af0fa3757","tokenurl":"/mcm/api/land?token=9d3897322f48b33fe91c4f4af0fa3757","imageurl":"/mcm/images/land/1S/4191_49c086af130a.jpg","landname":"81"},{"id":281474982871422,"level":3,"status":0,"posx":33,"posy":22,"cityid":94,"townid":247,"tokenid":"156934e2dad09447d75a25b31111ded8","tokenurl":"/mcm/api/land?token=156934e2dad09447d75a25b31111ded8","imageurl":"/mcm/images/land/1B/698_1949918369a9.jpg","landname":"82"},{"id":281474982871423,"level":2,"status":0,"posx":15,"posy":23,"cityid":94,"townid":247,"tokenid":"e34955bb616642fd54657faff96b3bd8","tokenurl":"/mcm/api/land?token=e34955bb616642fd54657faff96b3bd8","imageurl":"/mcm/images/land/1A/2097_2568a3fb0390.jpg","landname":"83"},{"id":281474982871424,"level":3,"status":0,"posx":16,"posy":23,"cityid":94,"townid":247,"tokenid":"6152b5fd08cec55438956704c24f63b0","tokenurl":"/mcm/api/land?token=6152b5fd08cec55438956704c24f63b0","imageurl":"/mcm/images/land/1B/699_437a2dee47dd.jpg","landname":"84"},{"id":281474982871425,"level":1,"status":1,"posx":17,"posy":23,"cityid":94,"townid":247,"tokenid":"025f262e35fd4b64d9ee2a451bfb6395","tokenurl":"/mcm/api/land?token=025f262e35fd4b64d9ee2a451bfb6395","imageurl":"/mcm/images/land/1S/4192_23921d92fbcb.jpg","landname":"85"},{"id":281474982871426,"level":1,"status":1,"posx":18,"posy":23,"cityid":94,"townid":247,"tokenid":"cc17e30af5030a5fe2639064b24fb865","tokenurl":"/mcm/api/land?token=cc17e30af5030a5fe2639064b24fb865","imageurl":"/mcm/images/land/1S/4193_37540a2152f2.jpg","landname":"86"},{"id":281474982871427,"level":1,"status":0,"posx":19,"posy":23,"cityid":94,"townid":247,"tokenid":"73e2bad4a012fde1b41082abcbb4f23b","tokenurl":"/mcm/api/land?token=73e2bad4a012fde1b41082abcbb4f23b","imageurl":"/mcm/images/land/1S/4194_16c9980f0277.jpg","landname":"87"},{"id":281474982871428,"level":1,"status":0,"posx":28,"posy":23,"cityid":94,"townid":247,"tokenid":"d3151a84e8df8607a0b567b6ed8a5815","tokenurl":"/mcm/api/land?token=d3151a84e8df8607a0b567b6ed8a5815","imageurl":"/mcm/images/land/1S/4195_158f598e82e7.jpg","landname":"88"},{"id":281474982871429,"level":3,"status":0,"posx":29,"posy":23,"cityid":94,"townid":247,"tokenid":"2b18d8c89a38a88eebc515b855878ac0","tokenurl":"/mcm/api/land?token=2b18d8c89a38a88eebc515b855878ac0","imageurl":"/mcm/images/land/1B/700_582c0fd6d273.jpg","landname":"89"},{"id":281474982871430,"level":1,"status":1,"posx":32,"posy":23,"cityid":94,"townid":247,"tokenid":"861b12440456e6b48a718492ee1e948b","tokenurl":"/mcm/api/land?token=861b12440456e6b48a718492ee1e948b","imageurl":"/mcm/images/land/1S/4196_4973d8b7b3fd.jpg","landname":"90"},{"id":281474982871431,"level":1,"status":1,"posx":33,"posy":23,"cityid":94,"townid":247,"tokenid":"b6fbf02221ab49cb97362e3381bcdf8e","tokenurl":"/mcm/api/land?token=b6fbf02221ab49cb97362e3381bcdf8e","imageurl":"/mcm/images/land/1S/4197_bb5d905d719.jpg","landname":"91"},{"id":281474982871432,"level":1,"status":1,"posx":15,"posy":24,"cityid":94,"townid":247,"tokenid":"b18fcf3c54b53548e5ce436a942eded7","tokenurl":"/mcm/api/land?token=b18fcf3c54b53548e5ce436a942eded7","imageurl":"/mcm/images/land/1S/4198_f843ffec984.jpg","landname":"92"},{"id":281474982871433,"level":3,"status":1,"posx":16,"posy":24,"cityid":94,"townid":247,"tokenid":"2905e7b83184b007113ebf01b4291e78","tokenurl":"/mcm/api/land?token=2905e7b83184b007113ebf01b4291e78","imageurl":"/mcm/images/land/1B/701_125c30990e57.jpg","landname":"93"},{"id":281474982871434,"level":3,"status":1,"posx":17,"posy":24,"cityid":94,"townid":247,"tokenid":"b9fa6d4007db1fe2150192ff4ddb2d5d","tokenurl":"/mcm/api/land?token=b9fa6d4007db1fe2150192ff4ddb2d5d","imageurl":"/mcm/images/land/1B/702_24cf26aaaab5.jpg","landname":"94"},{"id":281474982871435,"level":1,"status":0,"posx":18,"posy":24,"cityid":94,"townid":247,"tokenid":"85c618f479a2c2b84def96d3a56bf315","tokenurl":"/mcm/api/land?token=85c618f479a2c2b84def96d3a56bf315","imageurl":"/mcm/images/land/1S/4199_3e517aab725.jpg","landname":"95"},{"id":281474982871436,"level":1,"status":0,"posx":19,"posy":24,"cityid":94,"townid":247,"tokenid":"c4c4448b9adaaa855e09b6b44dc25ae8","tokenurl":"/mcm/api/land?token=c4c4448b9adaaa855e09b6b44dc25ae8","imageurl":"/mcm/images/land/1S/4200_21569a7fcb2f.jpg","landname":"96"},{"id":281474982871437,"level":2,"status":0,"posx":28,"posy":24,"cityid":94,"townid":247,"tokenid":"fe82a79fcc50f3dfdde2b39a77bd08e3","tokenurl":"/mcm/api/land?token=fe82a79fcc50f3dfdde2b39a77bd08e3","imageurl":"/mcm/images/land/1A/2098_1b27bd3b7812.jpg","landname":"97"},{"id":281474982871438,"level":1,"status":0,"posx":29,"posy":24,"cityid":94,"townid":247,"tokenid":"92661077c17b0b3d278f542980b4d270","tokenurl":"/mcm/api/land?token=92661077c17b0b3d278f542980b4d270","imageurl":"/mcm/images/land/1S/4201_1bbe466677be.jpg","landname":"98"},{"id":281474982871439,"level":1,"status":0,"posx":32,"posy":24,"cityid":94,"townid":247,"tokenid":"1dcf8193a6a57970a710d1eca42d1af6","tokenurl":"/mcm/api/land?token=1dcf8193a6a57970a710d1eca42d1af6","imageurl":"/mcm/images/land/1S/4202_2ffffcba1a64.jpg","landname":"99"},{"id":281474982871440,"level":2,"status":0,"posx":33,"posy":24,"cityid":94,"townid":247,"tokenid":"f0212c850f87d9c5a70f3e9d63e5101b","tokenurl":"/mcm/api/land?token=f0212c850f87d9c5a70f3e9d63e5101b","imageurl":"/mcm/images/land/1A/2099_4011dfb8532d.jpg","landname":"100"},{"id":281474982871441,"level":1,"status":0,"posx":6,"posy":25,"cityid":94,"townid":247,"tokenid":"68b499939942aea723ed9c750d582b3c","tokenurl":"/mcm/api/land?token=68b499939942aea723ed9c750d582b3c","imageurl":"/mcm/images/land/1S/4203_2f68cd41a54b.jpg","landname":"101"},{"id":281474982871442,"level":2,"status":0,"posx":7,"posy":25,"cityid":94,"townid":247,"tokenid":"8713cf9ad6d789460715c4f6d4cb3f84","tokenurl":"/mcm/api/land?token=8713cf9ad6d789460715c4f6d4cb3f84","imageurl":"/mcm/images/land/1A/2100_39e28fc79e86.jpg","landname":"102"},{"id":281474982871443,"level":3,"status":1,"posx":6,"posy":26,"cityid":94,"townid":247,"tokenid":"bee6a4683bafed87cd8b665a9e66dcf9","tokenurl":"/mcm/api/land?token=bee6a4683bafed87cd8b665a9e66dcf9","imageurl":"/mcm/images/land/1B/703_3769843c19a9.jpg","landname":"103"},{"id":281474982871444,"level":1,"status":0,"posx":7,"posy":26,"cityid":94,"townid":247,"tokenid":"b057ed6646d12d1ff799f654ffdc8010","tokenurl":"/mcm/api/land?token=b057ed6646d12d1ff799f654ffdc8010","imageurl":"/mcm/images/land/1S/4204_4da7a7fd3296.jpg","landname":"104"},{"id":281474982871445,"level":2,"status":1,"posx":21,"posy":26,"cityid":94,"townid":247,"tokenid":"6f3626ff6f0aa03257b255412fe19d4f","tokenurl":"/mcm/api/land?token=6f3626ff6f0aa03257b255412fe19d4f","imageurl":"/mcm/images/land/1A/2101_3287389f5be4.jpg","landname":"105"},{"id":281474982871446,"level":2,"status":1,"posx":22,"posy":26,"cityid":94,"townid":247,"tokenid":"b1cfee168d1ce2ff472d6c04fc74308f","tokenurl":"/mcm/api/land?token=b1cfee168d1ce2ff472d6c04fc74308f","imageurl":"/mcm/images/land/1A/2102_12762e1c0b2e.jpg","landname":"106"},{"id":281474982871447,"level":2,"status":1,"posx":24,"posy":26,"cityid":94,"townid":247,"tokenid":"6b35d26e984765d7b59ed4893823c9b4","tokenurl":"/mcm/api/land?token=6b35d26e984765d7b59ed4893823c9b4","imageurl":"/mcm/images/land/1A/2103_1ce5b532824.jpg","landname":"107"},{"id":281474982871448,"level":2,"status":1,"posx":25,"posy":26,"cityid":94,"townid":247,"tokenid":"ef47f0b936e925a91fc12b68bdadd7a0","tokenurl":"/mcm/api/land?token=ef47f0b936e925a91fc12b68bdadd7a0","imageurl":"/mcm/images/land/1A/2104_5ac746f199d3.jpg","landname":"108"},{"id":281474982871449,"level":2,"status":0,"posx":28,"posy":26,"cityid":94,"townid":247,"tokenid":"27e209d15e7d82e0bb8364ef997dff11","tokenurl":"/mcm/api/land?token=27e209d15e7d82e0bb8364ef997dff11","imageurl":"/mcm/images/land/1A/2105_26516ea1ec85.jpg","landname":"109"},{"id":281474982871450,"level":1,"status":0,"posx":29,"posy":26,"cityid":94,"townid":247,"tokenid":"49ad8832e42c73c2fe4b5cc48b8cf9b9","tokenurl":"/mcm/api/land?token=49ad8832e42c73c2fe4b5cc48b8cf9b9","imageurl":"/mcm/images/land/1S/4205_216484f0e32e.jpg","landname":"110"},{"id":281474982871451,"level":1,"status":0,"posx":32,"posy":26,"cityid":94,"townid":247,"tokenid":"78bebfed4e717c543fb2274ba166911b","tokenurl":"/mcm/api/land?token=78bebfed4e717c543fb2274ba166911b","imageurl":"/mcm/images/land/1S/4206_4a951b08af86.jpg","landname":"111"},{"id":281474982871452,"level":1,"status":1,"posx":33,"posy":26,"cityid":94,"townid":247,"tokenid":"a38a31dcd5a2ed59c28e9e41d32a35c4","tokenurl":"/mcm/api/land?token=a38a31dcd5a2ed59c28e9e41d32a35c4","imageurl":"/mcm/images/land/1S/4207_45f921cbfd27.jpg","landname":"112"},{"id":281474982871453,"level":1,"status":1,"posx":6,"posy":27,"cityid":94,"townid":247,"tokenid":"d3e76af857d1859520c1fe34cc78d9bf","tokenurl":"/mcm/api/land?token=d3e76af857d1859520c1fe34cc78d9bf","imageurl":"/mcm/images/land/1S/4208_14f6d384b2a4.jpg","landname":"113"},{"id":281474982871454,"level":1,"status":0,"posx":7,"posy":27,"cityid":94,"townid":247,"tokenid":"2a53fc1aee30ba84ad05412fe2d66655","tokenurl":"/mcm/api/land?token=2a53fc1aee30ba84ad05412fe2d66655","imageurl":"/mcm/images/land/1S/4209_1af90c312f80.jpg","landname":"114"},{"id":281474982871455,"level":1,"status":1,"posx":21,"posy":27,"cityid":94,"townid":247,"tokenid":"2c5cc306f08ff512ab4ef440666ca042","tokenurl":"/mcm/api/land?token=2c5cc306f08ff512ab4ef440666ca042","imageurl":"/mcm/images/land/1S/4210_145714b7bba9.jpg","landname":"115"},{"id":281474982871456,"level":2,"status":1,"posx":22,"posy":27,"cityid":94,"townid":247,"tokenid":"b3360250b61f36a891b91908d6a5258f","tokenurl":"/mcm/api/land?token=b3360250b61f36a891b91908d6a5258f","imageurl":"/mcm/images/land/1A/2106_505f9c3a0957.jpg","landname":"116"},{"id":281474982871457,"level":1,"status":0,"posx":24,"posy":27,"cityid":94,"townid":247,"tokenid":"1c797963e359c116f7d4fbebcb6ec83c","tokenurl":"/mcm/api/land?token=1c797963e359c116f7d4fbebcb6ec83c","imageurl":"/mcm/images/land/1S/4211_31d2aceeba71.jpg","landname":"117"},{"id":281474982871458,"level":1,"status":1,"posx":25,"posy":27,"cityid":94,"townid":247,"tokenid":"a38e3beae5e5a72098f768a4b2780f0f","tokenurl":"/mcm/api/land?token=a38e3beae5e5a72098f768a4b2780f0f","imageurl":"/mcm/images/land/1S/4212_7e26d3138cd.jpg","landname":"118"},{"id":281474982871459,"level":2,"status":1,"posx":28,"posy":27,"cityid":94,"townid":247,"tokenid":"dfdcc9d021c700415e556130f0553155","tokenurl":"/mcm/api/land?token=dfdcc9d021c700415e556130f0553155","imageurl":"/mcm/images/land/1A/2107_1f79a371f22f.jpg","landname":"119"},{"id":281474982871460,"level":2,"status":1,"posx":29,"posy":27,"cityid":94,"townid":247,"tokenid":"95521dcef757207f91a2be62bd04421e","tokenurl":"/mcm/api/land?token=95521dcef757207f91a2be62bd04421e","imageurl":"/mcm/images/land/1A/2108_11268fd8bbc2.jpg","landname":"120"},{"id":281474982871461,"level":1,"status":0,"posx":32,"posy":27,"cityid":94,"townid":247,"tokenid":"53f9cdcc8cb543eb9d54f7b5b2963839","tokenurl":"/mcm/api/land?token=53f9cdcc8cb543eb9d54f7b5b2963839","imageurl":"/mcm/images/land/1S/4213_aba5aaa1481.jpg","landname":"121"},{"id":281474982871462,"level":2,"status":0,"posx":33,"posy":27,"cityid":94,"townid":247,"tokenid":"079dca03cb42cb0158bcbabb31675215","tokenurl":"/mcm/api/land?token=079dca03cb42cb0158bcbabb31675215","imageurl":"/mcm/images/land/1A/2109_28e6238710f2.jpg","landname":"122"},{"id":281474982871463,"level":2,"status":0,"posx":6,"posy":28,"cityid":94,"townid":247,"tokenid":"06cf91ae66e6e0783214165a62192637","tokenurl":"/mcm/api/land?token=06cf91ae66e6e0783214165a62192637","imageurl":"/mcm/images/land/1A/2110_f35f8efb877.jpg","landname":"123"},{"id":281474982871464,"level":2,"status":1,"posx":7,"posy":28,"cityid":94,"townid":247,"tokenid":"5b7af5c0520542c0bd28331f62cfed0a","tokenurl":"/mcm/api/land?token=5b7af5c0520542c0bd28331f62cfed0a","imageurl":"/mcm/images/land/1A/2111_1e7b2f0fff80.jpg","landname":"124"},{"id":281474982871465,"level":1,"status":1,"posx":21,"posy":28,"cityid":94,"townid":247,"tokenid":"ce2106755ba918196966ac744c3e2c65","tokenurl":"/mcm/api/land?token=ce2106755ba918196966ac744c3e2c65","imageurl":"/mcm/images/land/1S/4214_2c44c301f9e8.jpg","landname":"125"},{"id":281474982871466,"level":1,"status":0,"posx":22,"posy":28,"cityid":94,"townid":247,"tokenid":"923b18c53c74b4617b2efb69569d2a57","tokenurl":"/mcm/api/land?token=923b18c53c74b4617b2efb69569d2a57","imageurl":"/mcm/images/land/1S/4215_4499ee309563.jpg","landname":"126"},{"id":281474982871467,"level":1,"status":0,"posx":24,"posy":28,"cityid":94,"townid":247,"tokenid":"83bc12215545baa7386ee5d706ec5283","tokenurl":"/mcm/api/land?token=83bc12215545baa7386ee5d706ec5283","imageurl":"/mcm/images/land/1S/4216_1ac8db91a019.jpg","landname":"127"},{"id":281474982871468,"level":1,"status":1,"posx":25,"posy":28,"cityid":94,"townid":247,"tokenid":"4473ed9cc2baac6f87dd24d5f113c4c8","tokenurl":"/mcm/api/land?token=4473ed9cc2baac6f87dd24d5f113c4c8","imageurl":"/mcm/images/land/1S/4217_3cac0c141f86.jpg","landname":"128"},{"id":281474982871469,"level":1,"status":1,"posx":28,"posy":28,"cityid":94,"townid":247,"tokenid":"6d3eaf51233597b6769aab2cbe8ae4c9","tokenurl":"/mcm/api/land?token=6d3eaf51233597b6769aab2cbe8ae4c9","imageurl":"/mcm/images/land/1S/4218_302c29ef9d8d.jpg","landname":"129"},{"id":281474982871470,"level":1,"status":1,"posx":29,"posy":28,"cityid":94,"townid":247,"tokenid":"b069761937d1da70f2c73e43baefa7bf","tokenurl":"/mcm/api/land?token=b069761937d1da70f2c73e43baefa7bf","imageurl":"/mcm/images/land/1S/4219_7149af9725a.jpg","landname":"130"},{"id":281474982871471,"level":1,"status":0,"posx":32,"posy":28,"cityid":94,"townid":247,"tokenid":"6fed7338900917a623696b51c5a9e2ea","tokenurl":"/mcm/api/land?token=6fed7338900917a623696b51c5a9e2ea","imageurl":"/mcm/images/land/1S/4220_36e44fe1dd55.jpg","landname":"131"},{"id":281474982871472,"level":1,"status":1,"posx":33,"posy":28,"cityid":94,"townid":247,"tokenid":"8b06f2300cc879b9849af4fd37f84510","tokenurl":"/mcm/api/land?token=8b06f2300cc879b9849af4fd37f84510","imageurl":"/mcm/images/land/1S/4221_57d96008e0ed.jpg","landname":"132"},{"id":281474982871473,"level":1,"status":0,"posx":6,"posy":29,"cityid":94,"townid":247,"tokenid":"15f0f205f4156a8f53bda681228b04a1","tokenurl":"/mcm/api/land?token=15f0f205f4156a8f53bda681228b04a1","imageurl":"/mcm/images/land/1S/4222_188587c7cc48.jpg","landname":"133"},{"id":281474982871474,"level":1,"status":0,"posx":7,"posy":29,"cityid":94,"townid":247,"tokenid":"671631a8b632adccd03b94f7c0008eda","tokenurl":"/mcm/api/land?token=671631a8b632adccd03b94f7c0008eda","imageurl":"/mcm/images/land/1S/4223_53bb7fbc055f.jpg","landname":"134"},{"id":281474982871475,"level":2,"status":0,"posx":21,"posy":29,"cityid":94,"townid":247,"tokenid":"0bb7f523b021648eb7948ca8c735b97e","tokenurl":"/mcm/api/land?token=0bb7f523b021648eb7948ca8c735b97e","imageurl":"/mcm/images/land/1A/2112_380c67a3d4ed.jpg","landname":"135"},{"id":281474982871476,"level":1,"status":1,"posx":22,"posy":29,"cityid":94,"townid":247,"tokenid":"897488bb9c154529f1492be14064c746","tokenurl":"/mcm/api/land?token=897488bb9c154529f1492be14064c746","imageurl":"/mcm/images/land/1S/4224_1d9054960d1c.jpg","landname":"136"},{"id":281474982871477,"level":2,"status":1,"posx":24,"posy":29,"cityid":94,"townid":247,"tokenid":"3a92fd8bbb73300f524afdbc37cbb969","tokenurl":"/mcm/api/land?token=3a92fd8bbb73300f524afdbc37cbb969","imageurl":"/mcm/images/land/1A/2113_2967165d304f.jpg","landname":"137"},{"id":281474982871478,"level":1,"status":0,"posx":25,"posy":29,"cityid":94,"townid":247,"tokenid":"ede0204c74a40c6ac855445ba98f58fd","tokenurl":"/mcm/api/land?token=ede0204c74a40c6ac855445ba98f58fd","imageurl":"/mcm/images/land/1S/4225_498e9e73cc0a.jpg","landname":"138"},{"id":281474982871479,"level":3,"status":1,"posx":28,"posy":29,"cityid":94,"townid":247,"tokenid":"679d93000fcd4fbaeb12114b96a8407c","tokenurl":"/mcm/api/land?token=679d93000fcd4fbaeb12114b96a8407c","imageurl":"/mcm/images/land/1B/704_2cc9911936d9.jpg","landname":"139"},{"id":281474982871480,"level":2,"status":1,"posx":29,"posy":29,"cityid":94,"townid":247,"tokenid":"cd55a52f55c840ffbbcf409331fc47eb","tokenurl":"/mcm/api/land?token=cd55a52f55c840ffbbcf409331fc47eb","imageurl":"/mcm/images/land/1A/2114_d8c5411f857.jpg","landname":"140"},{"id":281474982871481,"level":1,"status":0,"posx":32,"posy":29,"cityid":94,"townid":247,"tokenid":"47ee21c092118949805e36ae3a5a7c3d","tokenurl":"/mcm/api/land?token=47ee21c092118949805e36ae3a5a7c3d","imageurl":"/mcm/images/land/1S/4226_52deaf326f88.jpg","landname":"141"},{"id":281474982871482,"level":1,"status":0,"posx":33,"posy":29,"cityid":94,"townid":247,"tokenid":"c4781a9eae4b08fc6db3c1ef436baa6f","tokenurl":"/mcm/api/land?token=c4781a9eae4b08fc6db3c1ef436baa6f","imageurl":"/mcm/images/land/1S/4227_485f71565a5e.jpg","landname":"142"},{"id":281474982871483,"level":1,"status":0,"posx":21,"posy":30,"cityid":94,"townid":247,"tokenid":"80d0c67e0295f0750013a2a3983283a9","tokenurl":"/mcm/api/land?token=80d0c67e0295f0750013a2a3983283a9","imageurl":"/mcm/images/land/1S/4228_e3725b09480.jpg","landname":"143"},{"id":281474982871484,"level":1,"status":1,"posx":22,"posy":30,"cityid":94,"townid":247,"tokenid":"b8a0b60093c4efc2c21fdebb1c7db865","tokenurl":"/mcm/api/land?token=b8a0b60093c4efc2c21fdebb1c7db865","imageurl":"/mcm/images/land/1S/4229_255790b11db9.jpg","landname":"144"},{"id":281474982871485,"level":2,"status":1,"posx":24,"posy":30,"cityid":94,"townid":247,"tokenid":"b098c8a66891638f814a62fed77016e5","tokenurl":"/mcm/api/land?token=b098c8a66891638f814a62fed77016e5","imageurl":"/mcm/images/land/1A/2115_537e39c619dc.jpg","landname":"145"},{"id":281474982871486,"level":1,"status":0,"posx":25,"posy":30,"cityid":94,"townid":247,"tokenid":"986fc341c2ef5ea285db345bf01353a3","tokenurl":"/mcm/api/land?token=986fc341c2ef5ea285db345bf01353a3","imageurl":"/mcm/images/land/1S/4230_1fadf65d8fab.jpg","landname":"146"},{"id":281474982871487,"level":3,"status":1,"posx":28,"posy":30,"cityid":94,"townid":247,"tokenid":"60c3886a94bf0d85e6feee168c1c5a13","tokenurl":"/mcm/api/land?token=60c3886a94bf0d85e6feee168c1c5a13","imageurl":"/mcm/images/land/1B/705_1f94c6b31da4.jpg","landname":"147"},{"id":281474982871488,"level":1,"status":1,"posx":29,"posy":30,"cityid":94,"townid":247,"tokenid":"9fcaba9117b6111e214cf4ae6b1e1d59","tokenurl":"/mcm/api/land?token=9fcaba9117b6111e214cf4ae6b1e1d59","imageurl":"/mcm/images/land/1S/4231_58f573ed0e32.jpg","landname":"148"},{"id":281474982871489,"level":3,"status":1,"posx":32,"posy":30,"cityid":94,"townid":247,"tokenid":"acdc659738d7eb79eef98bc7c68ad3f7","tokenurl":"/mcm/api/land?token=acdc659738d7eb79eef98bc7c68ad3f7","imageurl":"/mcm/images/land/1B/706_3422f5083d40.jpg","landname":"149"},{"id":281474982871490,"level":2,"status":1,"posx":33,"posy":30,"cityid":94,"townid":247,"tokenid":"e57c3804e8d4d95ca038ef694db0b494","tokenurl":"/mcm/api/land?token=e57c3804e8d4d95ca038ef694db0b494","imageurl":"/mcm/images/land/1A/2116_245e5672d1d3.jpg","landname":"150"}]]],0,0,[],[],[]]
