[1,0,0,[["cc.JsonAsset",["_name","json"],1]],[[0,0,1,3]],[[0,"486",[{"id":281474990145687,"level":1,"status":1,"posx":7,"posy":5,"cityid":205,"townid":486,"tokenid":"ec0fed8c132dc324cad3e5b2a04e3d6a","tokenurl":"/mcm/api/land?token=ec0fed8c132dc324cad3e5b2a04e3d6a","imageurl":"/mcm/images/land/2S/9992_256351bb81bc.jpg","landname":"1"},{"id":281474990145688,"level":2,"status":0,"posx":8,"posy":5,"cityid":205,"townid":486,"tokenid":"233eb608886f2eea5ebc725f1a2052d3","tokenurl":"/mcm/api/land?token=233eb608886f2eea5ebc725f1a2052d3","imageurl":"/mcm/images/land/2A/14987_3789c8da0ada.jpg","landname":"2"},{"id":281474990145689,"level":2,"status":0,"posx":16,"posy":5,"cityid":205,"townid":486,"tokenid":"3b9cabc3423556a6766a984fc704b902","tokenurl":"/mcm/api/land?token=3b9cabc3423556a6766a984fc704b902","imageurl":"/mcm/images/land/2A/14988_f66b810140e.jpg","landname":"3"},{"id":281474990145690,"level":1,"status":0,"posx":17,"posy":5,"cityid":205,"townid":486,"tokenid":"e01102297375da25fc22f2df9e92f37f","tokenurl":"/mcm/api/land?token=e01102297375da25fc22f2df9e92f37f","imageurl":"/mcm/images/land/2S/9993_11b002918551.jpg","landname":"4"},{"id":281474990145691,"level":1,"status":1,"posx":20,"posy":5,"cityid":205,"townid":486,"tokenid":"6a7a5a4d58c7e8c873e14146ee965999","tokenurl":"/mcm/api/land?token=6a7a5a4d58c7e8c873e14146ee965999","imageurl":"/mcm/images/land/2S/9994_3c1bff5a7969.jpg","landname":"5"},{"id":281474990145692,"level":1,"status":1,"posx":21,"posy":5,"cityid":205,"townid":486,"tokenid":"9912799d7633867ae6bcab68c8d5e418","tokenurl":"/mcm/api/land?token=9912799d7633867ae6bcab68c8d5e418","imageurl":"/mcm/images/land/2S/9995_3dc56009ba87.jpg","landname":"6"},{"id":281474990145693,"level":2,"status":0,"posx":7,"posy":6,"cityid":205,"townid":486,"tokenid":"6e79ccb7df8f1e2185c46435da74b16f","tokenurl":"/mcm/api/land?token=6e79ccb7df8f1e2185c46435da74b16f","imageurl":"/mcm/images/land/2A/14989_55a77c0ac6a8.jpg","landname":"7"},{"id":281474990145694,"level":2,"status":0,"posx":8,"posy":6,"cityid":205,"townid":486,"tokenid":"99c2ecbd977cf00eb4f5db357940ca50","tokenurl":"/mcm/api/land?token=99c2ecbd977cf00eb4f5db357940ca50","imageurl":"/mcm/images/land/2A/14990_213e0798ddb6.jpg","landname":"8"},{"id":281474990145695,"level":2,"status":1,"posx":16,"posy":6,"cityid":205,"townid":486,"tokenid":"226f611c1162404708db5de7ead01b02","tokenurl":"/mcm/api/land?token=226f611c1162404708db5de7ead01b02","imageurl":"/mcm/images/land/2A/14991_4abdc2235b11.jpg","landname":"9"},{"id":281474990145696,"level":3,"status":1,"posx":17,"posy":6,"cityid":205,"townid":486,"tokenid":"deec1065b0922fa3e04d075544f8a74e","tokenurl":"/mcm/api/land?token=deec1065b0922fa3e04d075544f8a74e","imageurl":"/mcm/images/land/2B/24977_2c0310e34a1a.jpg","landname":"10"},{"id":281474990145697,"level":3,"status":1,"posx":20,"posy":6,"cityid":205,"townid":486,"tokenid":"5b9244af0efb0659491f7d19da9b43a9","tokenurl":"/mcm/api/land?token=5b9244af0efb0659491f7d19da9b43a9","imageurl":"/mcm/images/land/2B/24978_116d31f00edc.jpg","landname":"11"},{"id":281474990145698,"level":3,"status":0,"posx":21,"posy":6,"cityid":205,"townid":486,"tokenid":"a333eb9f9c7ed7910cde23edae5963b1","tokenurl":"/mcm/api/land?token=a333eb9f9c7ed7910cde23edae5963b1","imageurl":"/mcm/images/land/2B/24979_e16a486ccc5.jpg","landname":"12"},{"id":281474990145699,"level":3,"status":0,"posx":7,"posy":7,"cityid":205,"townid":486,"tokenid":"6e9023371dcff5c6d7be2c4a4f16c0a4","tokenurl":"/mcm/api/land?token=6e9023371dcff5c6d7be2c4a4f16c0a4","imageurl":"/mcm/images/land/2B/24980_4e06c994f86f.jpg","landname":"13"},{"id":281474990145700,"level":3,"status":1,"posx":8,"posy":7,"cityid":205,"townid":486,"tokenid":"72500c020523f869f7e03ba11904531b","tokenurl":"/mcm/api/land?token=72500c020523f869f7e03ba11904531b","imageurl":"/mcm/images/land/2B/24981_49b58af0a85d.jpg","landname":"14"},{"id":281474990145701,"level":1,"status":0,"posx":16,"posy":7,"cityid":205,"townid":486,"tokenid":"681fe4189b0abb8647ef54bba6952424","tokenurl":"/mcm/api/land?token=681fe4189b0abb8647ef54bba6952424","imageurl":"/mcm/images/land/2S/9996_4a88d82522f4.jpg","landname":"15"},{"id":281474990145702,"level":3,"status":1,"posx":17,"posy":7,"cityid":205,"townid":486,"tokenid":"6f43e7f6597ec33365e3b36bd6485f4a","tokenurl":"/mcm/api/land?token=6f43e7f6597ec33365e3b36bd6485f4a","imageurl":"/mcm/images/land/2B/24982_1cc6f9a27016.jpg","landname":"16"},{"id":281474990145703,"level":2,"status":0,"posx":20,"posy":7,"cityid":205,"townid":486,"tokenid":"a39084505445869fa124f1199a651fae","tokenurl":"/mcm/api/land?token=a39084505445869fa124f1199a651fae","imageurl":"/mcm/images/land/2A/14992_3b939caced6f.jpg","landname":"17"},{"id":281474990145704,"level":3,"status":0,"posx":21,"posy":7,"cityid":205,"townid":486,"tokenid":"dd3ef97be6f05f08bafc08c6f75d14f0","tokenurl":"/mcm/api/land?token=dd3ef97be6f05f08bafc08c6f75d14f0","imageurl":"/mcm/images/land/2B/24983_3c70ac66c034.jpg","landname":"18"},{"id":281474990145705,"level":3,"status":0,"posx":7,"posy":8,"cityid":205,"townid":486,"tokenid":"43029ff4b1fbaf6218db666f391602bb","tokenurl":"/mcm/api/land?token=43029ff4b1fbaf6218db666f391602bb","imageurl":"/mcm/images/land/2B/24984_54e9565cf08d.jpg","landname":"19"},{"id":281474990145706,"level":3,"status":0,"posx":8,"posy":8,"cityid":205,"townid":486,"tokenid":"04dc66758d5223e8e2c936ef7447257f","tokenurl":"/mcm/api/land?token=04dc66758d5223e8e2c936ef7447257f","imageurl":"/mcm/images/land/2B/24985_1e8fe21b2bae.jpg","landname":"20"},{"id":281474990145707,"level":3,"status":1,"posx":16,"posy":8,"cityid":205,"townid":486,"tokenid":"7a76ed3086030763ace1277db632e31d","tokenurl":"/mcm/api/land?token=7a76ed3086030763ace1277db632e31d","imageurl":"/mcm/images/land/2B/24986_3c6974c6ca97.jpg","landname":"21"},{"id":281474990145708,"level":1,"status":0,"posx":17,"posy":8,"cityid":205,"townid":486,"tokenid":"15317b7fc1a69e01e46e18d93cdfb25b","tokenurl":"/mcm/api/land?token=15317b7fc1a69e01e46e18d93cdfb25b","imageurl":"/mcm/images/land/2S/9997_3ca7250126c9.jpg","landname":"22"},{"id":281474990145709,"level":2,"status":0,"posx":20,"posy":8,"cityid":205,"townid":486,"tokenid":"b16e7e91647618cc392f24d06207a1cd","tokenurl":"/mcm/api/land?token=b16e7e91647618cc392f24d06207a1cd","imageurl":"/mcm/images/land/2A/14993_31a58843d38d.jpg","landname":"23"},{"id":281474990145710,"level":1,"status":0,"posx":21,"posy":8,"cityid":205,"townid":486,"tokenid":"0f05fb44a44af0db06f2eed79b0e3440","tokenurl":"/mcm/api/land?token=0f05fb44a44af0db06f2eed79b0e3440","imageurl":"/mcm/images/land/2S/9998_531bbf0d49be.jpg","landname":"24"},{"id":281474990145711,"level":1,"status":1,"posx":28,"posy":8,"cityid":205,"townid":486,"tokenid":"ac860296ebf1b61d358d8caaac001037","tokenurl":"/mcm/api/land?token=ac860296ebf1b61d358d8caaac001037","imageurl":"/mcm/images/land/2S/9999_1d8520ea9b02.jpg","landname":"25"},{"id":281474990145712,"level":2,"status":1,"posx":29,"posy":8,"cityid":205,"townid":486,"tokenid":"0f28fb42a955e06ad2efabb6b74ba3a5","tokenurl":"/mcm/api/land?token=0f28fb42a955e06ad2efabb6b74ba3a5","imageurl":"/mcm/images/land/2A/14994_c30d8b3a749.jpg","landname":"26"},{"id":281474990145713,"level":1,"status":1,"posx":32,"posy":8,"cityid":205,"townid":486,"tokenid":"ba1db662a8618244b445ab4178511039","tokenurl":"/mcm/api/land?token=ba1db662a8618244b445ab4178511039","imageurl":"/mcm/images/land/2S/10000_2cda5e154824.jpg","landname":"27"},{"id":281474990145714,"level":3,"status":1,"posx":33,"posy":8,"cityid":205,"townid":486,"tokenid":"d5e31db4d5872efb15b74f2e1aae6876","tokenurl":"/mcm/api/land?token=d5e31db4d5872efb15b74f2e1aae6876","imageurl":"/mcm/images/land/2B/24987_2845b10be7fb.jpg","landname":"28"},{"id":281474990145715,"level":3,"status":1,"posx":7,"posy":9,"cityid":205,"townid":486,"tokenid":"49cae73f9b10c515067b839bde380312","tokenurl":"/mcm/api/land?token=49cae73f9b10c515067b839bde380312","imageurl":"/mcm/images/land/2B/24988_4e0383e2750c.jpg","landname":"29"},{"id":281474990145716,"level":2,"status":0,"posx":8,"posy":9,"cityid":205,"townid":486,"tokenid":"faec824df3cc4cf2ca176e9caca59589","tokenurl":"/mcm/api/land?token=faec824df3cc4cf2ca176e9caca59589","imageurl":"/mcm/images/land/2A/14995_4c950af89f13.jpg","landname":"30"},{"id":281474990145717,"level":2,"status":0,"posx":16,"posy":9,"cityid":205,"townid":486,"tokenid":"eba2c718e28123d8080f693e396130fe","tokenurl":"/mcm/api/land?token=eba2c718e28123d8080f693e396130fe","imageurl":"/mcm/images/land/2A/14996_354438dcd1e6.jpg","landname":"31"},{"id":281474990145718,"level":3,"status":0,"posx":17,"posy":9,"cityid":205,"townid":486,"tokenid":"de94c791c7a4c61499b89137113b61e4","tokenurl":"/mcm/api/land?token=de94c791c7a4c61499b89137113b61e4","imageurl":"/mcm/images/land/2B/24989_1ab68800d022.jpg","landname":"32"},{"id":281474990145719,"level":1,"status":1,"posx":20,"posy":9,"cityid":205,"townid":486,"tokenid":"6cf6d0408f17ff8156edafd3259857d3","tokenurl":"/mcm/api/land?token=6cf6d0408f17ff8156edafd3259857d3","imageurl":"/mcm/images/land/2S/10001_19604622a74d.jpg","landname":"33"},{"id":281474990145720,"level":1,"status":0,"posx":21,"posy":9,"cityid":205,"townid":486,"tokenid":"adabecfc3a27c9be2edc560cdb46eab2","tokenurl":"/mcm/api/land?token=adabecfc3a27c9be2edc560cdb46eab2","imageurl":"/mcm/images/land/2S/10002_25c91790ab2f.jpg","landname":"34"},{"id":281474990145721,"level":3,"status":1,"posx":28,"posy":9,"cityid":205,"townid":486,"tokenid":"41622dfa354dda8f4747389d90589108","tokenurl":"/mcm/api/land?token=41622dfa354dda8f4747389d90589108","imageurl":"/mcm/images/land/2B/24990_4a1322d6322c.jpg","landname":"35"},{"id":281474990145722,"level":2,"status":1,"posx":29,"posy":9,"cityid":205,"townid":486,"tokenid":"563899c4386b4cdb5a07caabbfc7006d","tokenurl":"/mcm/api/land?token=563899c4386b4cdb5a07caabbfc7006d","imageurl":"/mcm/images/land/2A/14997_2c507a08d75.jpg","landname":"36"},{"id":281474990145723,"level":1,"status":1,"posx":32,"posy":9,"cityid":205,"townid":486,"tokenid":"8f7ec69fd6ad7a6e24266148359f4eed","tokenurl":"/mcm/api/land?token=8f7ec69fd6ad7a6e24266148359f4eed","imageurl":"/mcm/images/land/2S/10003_482ea79afad.jpg","landname":"37"},{"id":281474990145724,"level":3,"status":1,"posx":33,"posy":9,"cityid":205,"townid":486,"tokenid":"0cacaa35aa5fb9144fb694ddb3a4bd32","tokenurl":"/mcm/api/land?token=0cacaa35aa5fb9144fb694ddb3a4bd32","imageurl":"/mcm/images/land/2B/24991_189ff9691ae8.jpg","landname":"38"},{"id":281474990145725,"level":3,"status":0,"posx":28,"posy":10,"cityid":205,"townid":486,"tokenid":"9ca20fdc7cca7400ba18ae202fd75203","tokenurl":"/mcm/api/land?token=9ca20fdc7cca7400ba18ae202fd75203","imageurl":"/mcm/images/land/2B/24992_495dcaaaf0bc.jpg","landname":"39"},{"id":281474990145726,"level":3,"status":1,"posx":29,"posy":10,"cityid":205,"townid":486,"tokenid":"14e4c0a2ea9fe12d5104e22a89f80305","tokenurl":"/mcm/api/land?token=14e4c0a2ea9fe12d5104e22a89f80305","imageurl":"/mcm/images/land/2B/24993_2b8ad8dc5756.jpg","landname":"40"},{"id":281474990145727,"level":1,"status":1,"posx":32,"posy":10,"cityid":205,"townid":486,"tokenid":"c6ef2aefb6d771f93ed4b70775894d04","tokenurl":"/mcm/api/land?token=c6ef2aefb6d771f93ed4b70775894d04","imageurl":"/mcm/images/land/2S/10004_181f98e6efbc.jpg","landname":"41"},{"id":281474990145728,"level":3,"status":0,"posx":33,"posy":10,"cityid":205,"townid":486,"tokenid":"eb620c5b2fb023a4bd1a41af8212cc5b","tokenurl":"/mcm/api/land?token=eb620c5b2fb023a4bd1a41af8212cc5b","imageurl":"/mcm/images/land/2B/24994_6912231d632.jpg","landname":"42"},{"id":281474990145729,"level":1,"status":0,"posx":28,"posy":11,"cityid":205,"townid":486,"tokenid":"8fac5fb89576a0e39eac77609ca0f103","tokenurl":"/mcm/api/land?token=8fac5fb89576a0e39eac77609ca0f103","imageurl":"/mcm/images/land/2S/10005_393fe26314e6.jpg","landname":"43"},{"id":281474990145730,"level":3,"status":0,"posx":29,"posy":11,"cityid":205,"townid":486,"tokenid":"dd47e4cfa87a8090ca615da39a3fc608","tokenurl":"/mcm/api/land?token=dd47e4cfa87a8090ca615da39a3fc608","imageurl":"/mcm/images/land/2B/24995_39d504e2b72.jpg","landname":"44"},{"id":281474990145731,"level":3,"status":1,"posx":32,"posy":11,"cityid":205,"townid":486,"tokenid":"810ef3bb35dc6ebdafd97f2397fe2717","tokenurl":"/mcm/api/land?token=810ef3bb35dc6ebdafd97f2397fe2717","imageurl":"/mcm/images/land/2B/24996_1b5a8f1fddb2.jpg","landname":"45"},{"id":281474990145732,"level":1,"status":0,"posx":33,"posy":11,"cityid":205,"townid":486,"tokenid":"58728123abc491966f3241776efd22ef","tokenurl":"/mcm/api/land?token=58728123abc491966f3241776efd22ef","imageurl":"/mcm/images/land/2S/10006_3c1ab0747ebc.jpg","landname":"46"},{"id":281474990145733,"level":3,"status":0,"posx":28,"posy":12,"cityid":205,"townid":486,"tokenid":"ba08af16f902196eb43a53d0b4c74c5c","tokenurl":"/mcm/api/land?token=ba08af16f902196eb43a53d0b4c74c5c","imageurl":"/mcm/images/land/2B/24997_235819746062.jpg","landname":"47"},{"id":281474990145734,"level":2,"status":1,"posx":29,"posy":12,"cityid":205,"townid":486,"tokenid":"f52817d75793b1d1c33d35832ab2fc8a","tokenurl":"/mcm/api/land?token=f52817d75793b1d1c33d35832ab2fc8a","imageurl":"/mcm/images/land/2A/14998_3b75589922e1.jpg","landname":"48"},{"id":281474990145735,"level":3,"status":1,"posx":32,"posy":12,"cityid":205,"townid":486,"tokenid":"6beef9cae643abf011d41bf864221d32","tokenurl":"/mcm/api/land?token=6beef9cae643abf011d41bf864221d32","imageurl":"/mcm/images/land/2B/24998_40ab3f192c0e.jpg","landname":"49"},{"id":281474990145736,"level":3,"status":1,"posx":33,"posy":12,"cityid":205,"townid":486,"tokenid":"771b5946ffb906ebff8144500f981982","tokenurl":"/mcm/api/land?token=771b5946ffb906ebff8144500f981982","imageurl":"/mcm/images/land/2B/24999_4687e028db71.jpg","landname":"50"},{"id":281474990145737,"level":3,"status":0,"posx":23,"posy":14,"cityid":205,"townid":486,"tokenid":"0fbac447a2e611dc7ab499cfec4527f7","tokenurl":"/mcm/api/land?token=0fbac447a2e611dc7ab499cfec4527f7","imageurl":"/mcm/images/land/2B/25000_279295c2d8d2.jpg","landname":"51"},{"id":281474990145738,"level":2,"status":1,"posx":24,"posy":14,"cityid":205,"townid":486,"tokenid":"cff0f93ddc23dcb7d4674bbec8f2d544","tokenurl":"/mcm/api/land?token=cff0f93ddc23dcb7d4674bbec8f2d544","imageurl":"/mcm/images/land/2A/14999_1a8e6a69ba40.jpg","landname":"52"},{"id":281474990145739,"level":2,"status":0,"posx":23,"posy":15,"cityid":205,"townid":486,"tokenid":"ae0b48cc92825ef3c74f69ab1c8b9cc5","tokenurl":"/mcm/api/land?token=ae0b48cc92825ef3c74f69ab1c8b9cc5","imageurl":"/mcm/images/land/2A/15000_35bb139ac615.jpg","landname":"53"},{"id":281474990145740,"level":1,"status":0,"posx":24,"posy":15,"cityid":205,"townid":486,"tokenid":"59de862bf3236f3365ba78bca0b4720b","tokenurl":"/mcm/api/land?token=59de862bf3236f3365ba78bca0b4720b","imageurl":"/mcm/images/land/2S/10007_568da42acbe2.jpg","landname":"54"},{"id":281474990145741,"level":3,"status":0,"posx":33,"posy":15,"cityid":205,"townid":486,"tokenid":"416c0c96f2632630d4ebe0369ec8e519","tokenurl":"/mcm/api/land?token=416c0c96f2632630d4ebe0369ec8e519","imageurl":"/mcm/images/land/2B/25001_476390aca92b.jpg","landname":"55"},{"id":281474990145742,"level":1,"status":1,"posx":34,"posy":15,"cityid":205,"townid":486,"tokenid":"8a9a9f300cf938eb0c6699bac009615d","tokenurl":"/mcm/api/land?token=8a9a9f300cf938eb0c6699bac009615d","imageurl":"/mcm/images/land/2S/10008_382f1ea67c08.jpg","landname":"56"},{"id":281474990145743,"level":2,"status":1,"posx":11,"posy":16,"cityid":205,"townid":486,"tokenid":"12de5f0653dea20e0c003744b2af202b","tokenurl":"/mcm/api/land?token=12de5f0653dea20e0c003744b2af202b","imageurl":"/mcm/images/land/2A/15001_2c01bf591a20.jpg","landname":"57"},{"id":281474990145744,"level":3,"status":1,"posx":12,"posy":16,"cityid":205,"townid":486,"tokenid":"ef9e8d6dd79a47982744c3d556a75b1f","tokenurl":"/mcm/api/land?token=ef9e8d6dd79a47982744c3d556a75b1f","imageurl":"/mcm/images/land/2B/25002_162f38d06922.jpg","landname":"58"},{"id":281474990145745,"level":3,"status":1,"posx":23,"posy":16,"cityid":205,"townid":486,"tokenid":"61f863e369ba864d307b557d48258268","tokenurl":"/mcm/api/land?token=61f863e369ba864d307b557d48258268","imageurl":"/mcm/images/land/2B/25003_111a74a84eeb.jpg","landname":"59"},{"id":281474990145746,"level":1,"status":0,"posx":24,"posy":16,"cityid":205,"townid":486,"tokenid":"831a5a27ff6fa194626549810c65543d","tokenurl":"/mcm/api/land?token=831a5a27ff6fa194626549810c65543d","imageurl":"/mcm/images/land/2S/10009_152c0365542.jpg","landname":"60"},{"id":281474990145747,"level":3,"status":0,"posx":33,"posy":16,"cityid":205,"townid":486,"tokenid":"ebe2a05bb6b304f74c70ac7e964bc9b7","tokenurl":"/mcm/api/land?token=ebe2a05bb6b304f74c70ac7e964bc9b7","imageurl":"/mcm/images/land/2B/25004_20bd8ce649d5.jpg","landname":"61"},{"id":281474990145748,"level":3,"status":0,"posx":34,"posy":16,"cityid":205,"townid":486,"tokenid":"1e7a79a4f7befc6d0e2542ba6f60854f","tokenurl":"/mcm/api/land?token=1e7a79a4f7befc6d0e2542ba6f60854f","imageurl":"/mcm/images/land/2B/25005_23806c0f1f86.jpg","landname":"62"},{"id":281474990145749,"level":3,"status":1,"posx":11,"posy":17,"cityid":205,"townid":486,"tokenid":"d717e6b81149a4dd2f5cc336f491d724","tokenurl":"/mcm/api/land?token=d717e6b81149a4dd2f5cc336f491d724","imageurl":"/mcm/images/land/2B/25006_212322041bc4.jpg","landname":"63"},{"id":281474990145750,"level":2,"status":1,"posx":12,"posy":17,"cityid":205,"townid":486,"tokenid":"38ed34bcc2417e3c808d77ca70cd1778","tokenurl":"/mcm/api/land?token=38ed34bcc2417e3c808d77ca70cd1778","imageurl":"/mcm/images/land/2A/15002_1d7a3cccde3b.jpg","landname":"64"},{"id":281474990145751,"level":3,"status":0,"posx":23,"posy":17,"cityid":205,"townid":486,"tokenid":"2c0982fddcfef51154fba5a956f5ed7f","tokenurl":"/mcm/api/land?token=2c0982fddcfef51154fba5a956f5ed7f","imageurl":"/mcm/images/land/2B/25007_4fdf90213229.jpg","landname":"65"},{"id":281474990145752,"level":2,"status":1,"posx":24,"posy":17,"cityid":205,"townid":486,"tokenid":"02d90686ecd2ba388bc7a1d935b31aca","tokenurl":"/mcm/api/land?token=02d90686ecd2ba388bc7a1d935b31aca","imageurl":"/mcm/images/land/2A/15003_4ef83f6a06a2.jpg","landname":"66"},{"id":281474990145753,"level":3,"status":1,"posx":33,"posy":17,"cityid":205,"townid":486,"tokenid":"d9462b6ac0d761a7674cc3bc7e67b07a","tokenurl":"/mcm/api/land?token=d9462b6ac0d761a7674cc3bc7e67b07a","imageurl":"/mcm/images/land/2B/25008_3b4355d20f43.jpg","landname":"67"},{"id":281474990145754,"level":1,"status":1,"posx":34,"posy":17,"cityid":205,"townid":486,"tokenid":"b62b14b9e97dd43233faa6265c174631","tokenurl":"/mcm/api/land?token=b62b14b9e97dd43233faa6265c174631","imageurl":"/mcm/images/land/2S/10010_31b6d1996c2e.jpg","landname":"68"},{"id":281474990145755,"level":2,"status":0,"posx":7,"posy":18,"cityid":205,"townid":486,"tokenid":"b4e402ede8ab57d486b9bfa9914142d8","tokenurl":"/mcm/api/land?token=b4e402ede8ab57d486b9bfa9914142d8","imageurl":"/mcm/images/land/2A/15004_43ecbb0a2d5c.jpg","landname":"69"},{"id":281474990145756,"level":1,"status":1,"posx":8,"posy":18,"cityid":205,"townid":486,"tokenid":"388f8887aeacdf699ba850da1331f1f6","tokenurl":"/mcm/api/land?token=388f8887aeacdf699ba850da1331f1f6","imageurl":"/mcm/images/land/2S/10011_fef97cd4266.jpg","landname":"70"},{"id":281474990145757,"level":3,"status":0,"posx":11,"posy":18,"cityid":205,"townid":486,"tokenid":"ddb9fbd2b17f9fda30931b1a5af5f471","tokenurl":"/mcm/api/land?token=ddb9fbd2b17f9fda30931b1a5af5f471","imageurl":"/mcm/images/land/2B/25009_334a16e1ecd4.jpg","landname":"71"},{"id":281474990145758,"level":3,"status":0,"posx":12,"posy":18,"cityid":205,"townid":486,"tokenid":"d9be5909e3ecc4ab615b0c65cddff989","tokenurl":"/mcm/api/land?token=d9be5909e3ecc4ab615b0c65cddff989","imageurl":"/mcm/images/land/2B/25010_8f5163a177e.jpg","landname":"72"},{"id":281474990145759,"level":3,"status":1,"posx":23,"posy":18,"cityid":205,"townid":486,"tokenid":"a6dc44817bac5ee44103bdd81642c518","tokenurl":"/mcm/api/land?token=a6dc44817bac5ee44103bdd81642c518","imageurl":"/mcm/images/land/2B/25011_35ee007c09bc.jpg","landname":"73"},{"id":281474990145760,"level":2,"status":0,"posx":24,"posy":18,"cityid":205,"townid":486,"tokenid":"a1ce4091446e8884e22f2f0c940704c5","tokenurl":"/mcm/api/land?token=a1ce4091446e8884e22f2f0c940704c5","imageurl":"/mcm/images/land/2A/15005_2d6ab7dfb3c2.jpg","landname":"74"},{"id":281474990145761,"level":3,"status":0,"posx":33,"posy":18,"cityid":205,"townid":486,"tokenid":"aaa6eef2de569460f8003146909737a5","tokenurl":"/mcm/api/land?token=aaa6eef2de569460f8003146909737a5","imageurl":"/mcm/images/land/2B/25012_19336d5d5041.jpg","landname":"75"},{"id":281474990145762,"level":2,"status":1,"posx":34,"posy":18,"cityid":205,"townid":486,"tokenid":"8e94ef0857f1e7cf3146b75a8df29746","tokenurl":"/mcm/api/land?token=8e94ef0857f1e7cf3146b75a8df29746","imageurl":"/mcm/images/land/2A/15006_4cbc2e4dcea3.jpg","landname":"76"},{"id":281474990145763,"level":3,"status":0,"posx":7,"posy":19,"cityid":205,"townid":486,"tokenid":"6f741903368fed63c931994f6c30829c","tokenurl":"/mcm/api/land?token=6f741903368fed63c931994f6c30829c","imageurl":"/mcm/images/land/2B/25013_cc7353f27e3.jpg","landname":"77"},{"id":281474990145764,"level":3,"status":0,"posx":8,"posy":19,"cityid":205,"townid":486,"tokenid":"81e1c5a9f37af039b25b7d081d695ffc","tokenurl":"/mcm/api/land?token=81e1c5a9f37af039b25b7d081d695ffc","imageurl":"/mcm/images/land/2B/25014_e53586a987.jpg","landname":"78"},{"id":281474990145765,"level":1,"status":0,"posx":11,"posy":19,"cityid":205,"townid":486,"tokenid":"ca0d114ba921b3c1ebb83ae5257b4835","tokenurl":"/mcm/api/land?token=ca0d114ba921b3c1ebb83ae5257b4835","imageurl":"/mcm/images/land/2S/10012_2044da4d246.jpg","landname":"79"},{"id":281474990145766,"level":2,"status":0,"posx":12,"posy":19,"cityid":205,"townid":486,"tokenid":"58688bf13ea4e8c8197abb7f91edc256","tokenurl":"/mcm/api/land?token=58688bf13ea4e8c8197abb7f91edc256","imageurl":"/mcm/images/land/2A/15007_24e790686c77.jpg","landname":"80"},{"id":281474990145767,"level":3,"status":1,"posx":33,"posy":19,"cityid":205,"townid":486,"tokenid":"c08142fdd5886424c73ef9a8b5e5df8e","tokenurl":"/mcm/api/land?token=c08142fdd5886424c73ef9a8b5e5df8e","imageurl":"/mcm/images/land/2B/25015_958b820c39.jpg","landname":"81"},{"id":281474990145768,"level":3,"status":0,"posx":34,"posy":19,"cityid":205,"townid":486,"tokenid":"cc7d1fd32b86f475ed218533aa9a0d50","tokenurl":"/mcm/api/land?token=cc7d1fd32b86f475ed218533aa9a0d50","imageurl":"/mcm/images/land/2B/25016_4c90c81bbfc2.jpg","landname":"82"},{"id":281474990145769,"level":1,"status":0,"posx":7,"posy":20,"cityid":205,"townid":486,"tokenid":"0a3feb34c3ca992656ace5d4aceac46c","tokenurl":"/mcm/api/land?token=0a3feb34c3ca992656ace5d4aceac46c","imageurl":"/mcm/images/land/2S/10013_4b3b03ff70b4.jpg","landname":"83"},{"id":281474990145770,"level":1,"status":0,"posx":8,"posy":20,"cityid":205,"townid":486,"tokenid":"a0700502630b9e8ee964a4eb603d7565","tokenurl":"/mcm/api/land?token=a0700502630b9e8ee964a4eb603d7565","imageurl":"/mcm/images/land/2S/10014_60b8303ae0a.jpg","landname":"84"},{"id":281474990145771,"level":3,"status":0,"posx":11,"posy":20,"cityid":205,"townid":486,"tokenid":"c0772a53a23fb89954e76fd6ef137078","tokenurl":"/mcm/api/land?token=c0772a53a23fb89954e76fd6ef137078","imageurl":"/mcm/images/land/2B/25017_19925850b6ba.jpg","landname":"85"},{"id":281474990145772,"level":2,"status":1,"posx":12,"posy":20,"cityid":205,"townid":486,"tokenid":"57e93c445628f46842c71b50d6b95610","tokenurl":"/mcm/api/land?token=57e93c445628f46842c71b50d6b95610","imageurl":"/mcm/images/land/2A/15008_b48ab6e1ec.jpg","landname":"86"},{"id":281474990145773,"level":3,"status":1,"posx":7,"posy":21,"cityid":205,"townid":486,"tokenid":"7129b68d6997c3c68519ec3de6970354","tokenurl":"/mcm/api/land?token=7129b68d6997c3c68519ec3de6970354","imageurl":"/mcm/images/land/2B/25018_31d19cc1502.jpg","landname":"87"},{"id":281474990145774,"level":2,"status":1,"posx":8,"posy":21,"cityid":205,"townid":486,"tokenid":"02ffec19b09aa34f5e15c4e9ef557574","tokenurl":"/mcm/api/land?token=02ffec19b09aa34f5e15c4e9ef557574","imageurl":"/mcm/images/land/2A/15009_227487765996.jpg","landname":"88"},{"id":281474990145775,"level":3,"status":0,"posx":26,"posy":21,"cityid":205,"townid":486,"tokenid":"069bf9a5e9339347081e3f0712b35458","tokenurl":"/mcm/api/land?token=069bf9a5e9339347081e3f0712b35458","imageurl":"/mcm/images/land/2B/25019_4b7540c307ea.jpg","landname":"89"},{"id":281474990145776,"level":2,"status":0,"posx":27,"posy":21,"cityid":205,"townid":486,"tokenid":"a772049d28ee1b0a1d71c93e78462371","tokenurl":"/mcm/api/land?token=a772049d28ee1b0a1d71c93e78462371","imageurl":"/mcm/images/land/2A/15010_2c3dacc9794e.jpg","landname":"90"},{"id":281474990145777,"level":3,"status":0,"posx":7,"posy":22,"cityid":205,"townid":486,"tokenid":"02d12c8ea702b6fd7c2339122f67d197","tokenurl":"/mcm/api/land?token=02d12c8ea702b6fd7c2339122f67d197","imageurl":"/mcm/images/land/2B/25020_3f0fa5f469a5.jpg","landname":"91"},{"id":281474990145778,"level":2,"status":0,"posx":8,"posy":22,"cityid":205,"townid":486,"tokenid":"2fa645ef619066c25bdb9895ca3e2db3","tokenurl":"/mcm/api/land?token=2fa645ef619066c25bdb9895ca3e2db3","imageurl":"/mcm/images/land/2A/15011_3ddd3180b933.jpg","landname":"92"},{"id":281474990145779,"level":2,"status":1,"posx":23,"posy":22,"cityid":205,"townid":486,"tokenid":"fe4d253254566ea4b60c3145652a51eb","tokenurl":"/mcm/api/land?token=fe4d253254566ea4b60c3145652a51eb","imageurl":"/mcm/images/land/2A/15012_68ec6434cb8.jpg","landname":"93"},{"id":281474990145780,"level":2,"status":0,"posx":24,"posy":22,"cityid":205,"townid":486,"tokenid":"28d109923a7d8cde52bdfc4df6b83514","tokenurl":"/mcm/api/land?token=28d109923a7d8cde52bdfc4df6b83514","imageurl":"/mcm/images/land/2A/15013_34d1eae5aedb.jpg","landname":"94"},{"id":281474990145781,"level":3,"status":0,"posx":26,"posy":22,"cityid":205,"townid":486,"tokenid":"b5fb3ad95aa75ee5d08b90ba08011bda","tokenurl":"/mcm/api/land?token=b5fb3ad95aa75ee5d08b90ba08011bda","imageurl":"/mcm/images/land/2B/25021_25e5a934bbe0.jpg","landname":"95"},{"id":281474990145782,"level":3,"status":1,"posx":27,"posy":22,"cityid":205,"townid":486,"tokenid":"9754dc1614947fe37b3a421485299da4","tokenurl":"/mcm/api/land?token=9754dc1614947fe37b3a421485299da4","imageurl":"/mcm/images/land/2B/25022_2351581a0334.jpg","landname":"96"},{"id":281474990145783,"level":3,"status":1,"posx":33,"posy":22,"cityid":205,"townid":486,"tokenid":"1cf9d3929a0718fbbed6779b39c48d45","tokenurl":"/mcm/api/land?token=1cf9d3929a0718fbbed6779b39c48d45","imageurl":"/mcm/images/land/2B/25023_2b1719573b5b.jpg","landname":"97"},{"id":281474990145784,"level":3,"status":0,"posx":34,"posy":22,"cityid":205,"townid":486,"tokenid":"d88e34c30602eaaa051cac8b66cb4536","tokenurl":"/mcm/api/land?token=d88e34c30602eaaa051cac8b66cb4536","imageurl":"/mcm/images/land/2B/25024_12d2d285b47a.jpg","landname":"98"},{"id":281474990145785,"level":2,"status":1,"posx":23,"posy":23,"cityid":205,"townid":486,"tokenid":"f99d68b7e516e7380928ed2adb552924","tokenurl":"/mcm/api/land?token=f99d68b7e516e7380928ed2adb552924","imageurl":"/mcm/images/land/2A/15014_bbb549bfc40.jpg","landname":"99"},{"id":281474990145786,"level":2,"status":0,"posx":24,"posy":23,"cityid":205,"townid":486,"tokenid":"5f94125341bf460c47d06601f67ee294","tokenurl":"/mcm/api/land?token=5f94125341bf460c47d06601f67ee294","imageurl":"/mcm/images/land/2A/15015_1b8f7cfb6754.jpg","landname":"100"},{"id":281474990145787,"level":1,"status":1,"posx":26,"posy":23,"cityid":205,"townid":486,"tokenid":"b3d7d4ad80f8abaf3a70a1c3ebe8e441","tokenurl":"/mcm/api/land?token=b3d7d4ad80f8abaf3a70a1c3ebe8e441","imageurl":"/mcm/images/land/2S/10015_5723880d1960.jpg","landname":"101"},{"id":281474990145788,"level":1,"status":0,"posx":27,"posy":23,"cityid":205,"townid":486,"tokenid":"2a6eaef374d9b3be36e2dedae03571ad","tokenurl":"/mcm/api/land?token=2a6eaef374d9b3be36e2dedae03571ad","imageurl":"/mcm/images/land/2S/10016_1a9f67d189d9.jpg","landname":"102"},{"id":281474990145789,"level":3,"status":1,"posx":33,"posy":23,"cityid":205,"townid":486,"tokenid":"8d9f4bef45e54386efd373689a29b5c6","tokenurl":"/mcm/api/land?token=8d9f4bef45e54386efd373689a29b5c6","imageurl":"/mcm/images/land/2B/25025_1832f4a7d9aa.jpg","landname":"103"},{"id":281474990145790,"level":3,"status":1,"posx":34,"posy":23,"cityid":205,"townid":486,"tokenid":"3b501d245c107bddf93acb28595fb87f","tokenurl":"/mcm/api/land?token=3b501d245c107bddf93acb28595fb87f","imageurl":"/mcm/images/land/2B/25026_37f21ca97aba.jpg","landname":"104"},{"id":281474990145791,"level":3,"status":0,"posx":23,"posy":24,"cityid":205,"townid":486,"tokenid":"e0faa803374eda629fa2909750253d9e","tokenurl":"/mcm/api/land?token=e0faa803374eda629fa2909750253d9e","imageurl":"/mcm/images/land/2B/25027_31f570a0b622.jpg","landname":"105"},{"id":281474990145792,"level":3,"status":0,"posx":24,"posy":24,"cityid":205,"townid":486,"tokenid":"dec1611c2184b526ae9518b09afbc03d","tokenurl":"/mcm/api/land?token=dec1611c2184b526ae9518b09afbc03d","imageurl":"/mcm/images/land/2B/25028_386dd995115a.jpg","landname":"106"},{"id":281474990145793,"level":2,"status":0,"posx":26,"posy":24,"cityid":205,"townid":486,"tokenid":"09634a01e3b9e10bea74cf5c87796764","tokenurl":"/mcm/api/land?token=09634a01e3b9e10bea74cf5c87796764","imageurl":"/mcm/images/land/2A/15016_52416a01b68.jpg","landname":"107"},{"id":281474990145794,"level":2,"status":1,"posx":27,"posy":24,"cityid":205,"townid":486,"tokenid":"d7a552e814fbae4547a70ab530d8788a","tokenurl":"/mcm/api/land?token=d7a552e814fbae4547a70ab530d8788a","imageurl":"/mcm/images/land/2A/15017_319de6c75124.jpg","landname":"108"},{"id":281474990145795,"level":3,"status":1,"posx":33,"posy":24,"cityid":205,"townid":486,"tokenid":"a67edf0be8dff87a571b30d3561f1c16","tokenurl":"/mcm/api/land?token=a67edf0be8dff87a571b30d3561f1c16","imageurl":"/mcm/images/land/2B/25029_3bb84bc594f.jpg","landname":"109"},{"id":281474990145796,"level":2,"status":0,"posx":34,"posy":24,"cityid":205,"townid":486,"tokenid":"aa702cbec37afa898fa273e6dee5f6af","tokenurl":"/mcm/api/land?token=aa702cbec37afa898fa273e6dee5f6af","imageurl":"/mcm/images/land/2A/15018_1c558795d602.jpg","landname":"110"},{"id":281474990145797,"level":3,"status":0,"posx":23,"posy":25,"cityid":205,"townid":486,"tokenid":"391e13f81fac8c5aca880c54c662cf8a","tokenurl":"/mcm/api/land?token=391e13f81fac8c5aca880c54c662cf8a","imageurl":"/mcm/images/land/2B/25030_27d143545f0b.jpg","landname":"111"},{"id":281474990145798,"level":2,"status":0,"posx":24,"posy":25,"cityid":205,"townid":486,"tokenid":"db41cb369b450a8fe521f047b9a9f6a2","tokenurl":"/mcm/api/land?token=db41cb369b450a8fe521f047b9a9f6a2","imageurl":"/mcm/images/land/2A/15019_1f2285bf6038.jpg","landname":"112"},{"id":281474990145799,"level":3,"status":0,"posx":26,"posy":25,"cityid":205,"townid":486,"tokenid":"a0ccc990f5fd2e2a2d181870563cd9b3","tokenurl":"/mcm/api/land?token=a0ccc990f5fd2e2a2d181870563cd9b3","imageurl":"/mcm/images/land/2B/25031_3f74ba4ac0b2.jpg","landname":"113"},{"id":281474990145800,"level":2,"status":1,"posx":27,"posy":25,"cityid":205,"townid":486,"tokenid":"6983e62ccaac61c03ae7bb56c0d5c495","tokenurl":"/mcm/api/land?token=6983e62ccaac61c03ae7bb56c0d5c495","imageurl":"/mcm/images/land/2A/15020_3645e8d13ff3.jpg","landname":"114"},{"id":281474990145801,"level":3,"status":1,"posx":33,"posy":25,"cityid":205,"townid":486,"tokenid":"1368dca78674a0a93da170798355433d","tokenurl":"/mcm/api/land?token=1368dca78674a0a93da170798355433d","imageurl":"/mcm/images/land/2B/25032_50e32540883.jpg","landname":"115"},{"id":281474990145802,"level":2,"status":1,"posx":34,"posy":25,"cityid":205,"townid":486,"tokenid":"e2bb574a3d70f9fa71d1d7a92a5441e6","tokenurl":"/mcm/api/land?token=e2bb574a3d70f9fa71d1d7a92a5441e6","imageurl":"/mcm/images/land/2A/15021_21f554ef7267.jpg","landname":"116"},{"id":281474990145803,"level":2,"status":1,"posx":23,"posy":26,"cityid":205,"townid":486,"tokenid":"4e1e5820c9b0e491529fc70fa9db11dd","tokenurl":"/mcm/api/land?token=4e1e5820c9b0e491529fc70fa9db11dd","imageurl":"/mcm/images/land/2A/15022_57127c79b93b.jpg","landname":"117"},{"id":281474990145804,"level":2,"status":1,"posx":24,"posy":26,"cityid":205,"townid":486,"tokenid":"08cc60c5916df2f135b265a2a37fcce7","tokenurl":"/mcm/api/land?token=08cc60c5916df2f135b265a2a37fcce7","imageurl":"/mcm/images/land/2A/15023_3a4686812dcc.jpg","landname":"118"},{"id":281474990145805,"level":3,"status":0,"posx":33,"posy":26,"cityid":205,"townid":486,"tokenid":"3f3f8ed3faeb0927f7552cc776a148c6","tokenurl":"/mcm/api/land?token=3f3f8ed3faeb0927f7552cc776a148c6","imageurl":"/mcm/images/land/2B/25033_4ac4fbad2ad0.jpg","landname":"119"},{"id":281474990145806,"level":1,"status":0,"posx":34,"posy":26,"cityid":205,"townid":486,"tokenid":"2cf519d7039fd267489406e255459952","tokenurl":"/mcm/api/land?token=2cf519d7039fd267489406e255459952","imageurl":"/mcm/images/land/2S/10017_57bfeec884d1.jpg","landname":"120"},{"id":281474990145807,"level":2,"status":0,"posx":31,"posy":27,"cityid":205,"townid":486,"tokenid":"4708452fe56be876dd70f35187281a0c","tokenurl":"/mcm/api/land?token=4708452fe56be876dd70f35187281a0c","imageurl":"/mcm/images/land/2A/15024_4a522fd9fc18.jpg","landname":"121"},{"id":281474990145808,"level":1,"status":1,"posx":32,"posy":27,"cityid":205,"townid":486,"tokenid":"56ccce779291b304a1846d9538a7d28f","tokenurl":"/mcm/api/land?token=56ccce779291b304a1846d9538a7d28f","imageurl":"/mcm/images/land/2S/10018_9d9042b3203.jpg","landname":"122"},{"id":281474990145809,"level":3,"status":1,"posx":6,"posy":28,"cityid":205,"townid":486,"tokenid":"500b24f058e5a7a7d9c82643b0a570a6","tokenurl":"/mcm/api/land?token=500b24f058e5a7a7d9c82643b0a570a6","imageurl":"/mcm/images/land/2B/25034_40a3e17c1bd6.jpg","landname":"123"},{"id":281474990145810,"level":1,"status":0,"posx":7,"posy":28,"cityid":205,"townid":486,"tokenid":"b32ede8bef0ab940a34663cd0e96f8e2","tokenurl":"/mcm/api/land?token=b32ede8bef0ab940a34663cd0e96f8e2","imageurl":"/mcm/images/land/2S/10019_567009bbd145.jpg","landname":"124"},{"id":281474990145811,"level":3,"status":1,"posx":9,"posy":28,"cityid":205,"townid":486,"tokenid":"066ee8d9b1d73619ed6354121a4516fb","tokenurl":"/mcm/api/land?token=066ee8d9b1d73619ed6354121a4516fb","imageurl":"/mcm/images/land/2B/25035_1e41923ee04c.jpg","landname":"125"},{"id":281474990145812,"level":2,"status":1,"posx":10,"posy":28,"cityid":205,"townid":486,"tokenid":"800c9afa0b62368c593c5aa2fbde9eee","tokenurl":"/mcm/api/land?token=800c9afa0b62368c593c5aa2fbde9eee","imageurl":"/mcm/images/land/2A/15025_1295370a548d.jpg","landname":"126"},{"id":281474990145813,"level":2,"status":0,"posx":31,"posy":28,"cityid":205,"townid":486,"tokenid":"086f9408aba8b02854c8ee9913e7fb52","tokenurl":"/mcm/api/land?token=086f9408aba8b02854c8ee9913e7fb52","imageurl":"/mcm/images/land/2A/15026_2b11d56d97e5.jpg","landname":"127"},{"id":281474990145814,"level":3,"status":0,"posx":32,"posy":28,"cityid":205,"townid":486,"tokenid":"0fe74cf733838d2fba9d31610dee2d8e","tokenurl":"/mcm/api/land?token=0fe74cf733838d2fba9d31610dee2d8e","imageurl":"/mcm/images/land/2B/25036_799a7827295.jpg","landname":"128"},{"id":281474990145815,"level":3,"status":1,"posx":6,"posy":29,"cityid":205,"townid":486,"tokenid":"6e28589258d58ea97246661d31314796","tokenurl":"/mcm/api/land?token=6e28589258d58ea97246661d31314796","imageurl":"/mcm/images/land/2B/25037_2071dcddf127.jpg","landname":"129"},{"id":281474990145816,"level":2,"status":1,"posx":7,"posy":29,"cityid":205,"townid":486,"tokenid":"0d50d2231c73f4c46ca0ae8ebc19ef2f","tokenurl":"/mcm/api/land?token=0d50d2231c73f4c46ca0ae8ebc19ef2f","imageurl":"/mcm/images/land/2A/15027_1f8dbfbe3177.jpg","landname":"130"},{"id":281474990145817,"level":3,"status":1,"posx":9,"posy":29,"cityid":205,"townid":486,"tokenid":"bf13c80df28e10da8bc2fa5e8ee66784","tokenurl":"/mcm/api/land?token=bf13c80df28e10da8bc2fa5e8ee66784","imageurl":"/mcm/images/land/2B/25038_1b213033d39b.jpg","landname":"131"},{"id":281474990145818,"level":3,"status":1,"posx":10,"posy":29,"cityid":205,"townid":486,"tokenid":"955c7a250133922f7f341f0c12f4e25e","tokenurl":"/mcm/api/land?token=955c7a250133922f7f341f0c12f4e25e","imageurl":"/mcm/images/land/2B/25039_3d698ca18aed.jpg","landname":"132"},{"id":281474990145819,"level":3,"status":1,"posx":31,"posy":29,"cityid":205,"townid":486,"tokenid":"547ab8a557c62a5c65a25a20b4e67f32","tokenurl":"/mcm/api/land?token=547ab8a557c62a5c65a25a20b4e67f32","imageurl":"/mcm/images/land/2B/25040_4b956cffabe0.jpg","landname":"133"},{"id":281474990145820,"level":3,"status":0,"posx":32,"posy":29,"cityid":205,"townid":486,"tokenid":"8883d8e3c1e644db0933730d221c852c","tokenurl":"/mcm/api/land?token=8883d8e3c1e644db0933730d221c852c","imageurl":"/mcm/images/land/2B/25041_4b91bb676ada.jpg","landname":"134"},{"id":281474990145821,"level":2,"status":1,"posx":6,"posy":30,"cityid":205,"townid":486,"tokenid":"d1b52774e443ce72f7cc7ac7608ec28d","tokenurl":"/mcm/api/land?token=d1b52774e443ce72f7cc7ac7608ec28d","imageurl":"/mcm/images/land/2A/15028_228f72670325.jpg","landname":"135"},{"id":281474990145822,"level":2,"status":1,"posx":7,"posy":30,"cityid":205,"townid":486,"tokenid":"02b758806a874586b366d1c4fc59ba8c","tokenurl":"/mcm/api/land?token=02b758806a874586b366d1c4fc59ba8c","imageurl":"/mcm/images/land/2A/15029_428776033763.jpg","landname":"136"},{"id":281474990145823,"level":3,"status":1,"posx":9,"posy":30,"cityid":205,"townid":486,"tokenid":"0753af2d3b5e1c539dd2f1ea766399fc","tokenurl":"/mcm/api/land?token=0753af2d3b5e1c539dd2f1ea766399fc","imageurl":"/mcm/images/land/2B/25042_21f7a906344b.jpg","landname":"137"},{"id":281474990145824,"level":1,"status":1,"posx":10,"posy":30,"cityid":205,"townid":486,"tokenid":"9307d7a8d11c4bd2eba9fbe61c6f2a5b","tokenurl":"/mcm/api/land?token=9307d7a8d11c4bd2eba9fbe61c6f2a5b","imageurl":"/mcm/images/land/2S/10020_35f8f700c806.jpg","landname":"138"},{"id":281474990145825,"level":3,"status":0,"posx":31,"posy":30,"cityid":205,"townid":486,"tokenid":"fc638edf9d3477aaada09b1bece08466","tokenurl":"/mcm/api/land?token=fc638edf9d3477aaada09b1bece08466","imageurl":"/mcm/images/land/2B/25043_209253e547c1.jpg","landname":"139"},{"id":281474990145826,"level":3,"status":0,"posx":32,"posy":30,"cityid":205,"townid":486,"tokenid":"11dad8e8e1fdcb2a7cfc2a129f16d722","tokenurl":"/mcm/api/land?token=11dad8e8e1fdcb2a7cfc2a129f16d722","imageurl":"/mcm/images/land/2B/25044_477e88fb3929.jpg","landname":"140"},{"id":281474990145827,"level":2,"status":0,"posx":6,"posy":31,"cityid":205,"townid":486,"tokenid":"19a38186b20c81395ea18eef6467897d","tokenurl":"/mcm/api/land?token=19a38186b20c81395ea18eef6467897d","imageurl":"/mcm/images/land/2A/15030_2c0be9cec7fa.jpg","landname":"141"},{"id":281474990145828,"level":3,"status":1,"posx":7,"posy":31,"cityid":205,"townid":486,"tokenid":"b105b287b5e0b1d020fcf98c1f6d3dcf","tokenurl":"/mcm/api/land?token=b105b287b5e0b1d020fcf98c1f6d3dcf","imageurl":"/mcm/images/land/2B/25045_45dfa7184a90.jpg","landname":"142"},{"id":281474990145829,"level":3,"status":0,"posx":9,"posy":31,"cityid":205,"townid":486,"tokenid":"1403d9b362b494dd0ecfc449b57c91d3","tokenurl":"/mcm/api/land?token=1403d9b362b494dd0ecfc449b57c91d3","imageurl":"/mcm/images/land/2B/25046_795ee11e683.jpg","landname":"143"},{"id":281474990145830,"level":1,"status":1,"posx":10,"posy":31,"cityid":205,"townid":486,"tokenid":"eec756f9d6ce0438e1b5ceedf1ab483c","tokenurl":"/mcm/api/land?token=eec756f9d6ce0438e1b5ceedf1ab483c","imageurl":"/mcm/images/land/2S/10021_16dcac4e78e7.jpg","landname":"144"},{"id":281474990145831,"level":2,"status":0,"posx":31,"posy":31,"cityid":205,"townid":486,"tokenid":"d1cd48b5c12a719e7d6082d4b53edc67","tokenurl":"/mcm/api/land?token=d1cd48b5c12a719e7d6082d4b53edc67","imageurl":"/mcm/images/land/2A/15031_1e699cb0a71f.jpg","landname":"145"},{"id":281474990145832,"level":3,"status":1,"posx":32,"posy":31,"cityid":205,"townid":486,"tokenid":"366205e214fd79b17ef2ebf64683b528","tokenurl":"/mcm/api/land?token=366205e214fd79b17ef2ebf64683b528","imageurl":"/mcm/images/land/2B/25047_70851d253b3.jpg","landname":"146"},{"id":281474990145833,"level":3,"status":1,"posx":6,"posy":32,"cityid":205,"townid":486,"tokenid":"1dabc4b3b62aec3349cf7a5787a87e7e","tokenurl":"/mcm/api/land?token=1dabc4b3b62aec3349cf7a5787a87e7e","imageurl":"/mcm/images/land/2B/25048_3574af059e62.jpg","landname":"147"},{"id":281474990145834,"level":3,"status":1,"posx":7,"posy":32,"cityid":205,"townid":486,"tokenid":"a95c0f43c6d85041bcb8d2cfaa2f3158","tokenurl":"/mcm/api/land?token=a95c0f43c6d85041bcb8d2cfaa2f3158","imageurl":"/mcm/images/land/2B/25049_137f2b3a42ce.jpg","landname":"148"},{"id":281474990145835,"level":3,"status":1,"posx":9,"posy":32,"cityid":205,"townid":486,"tokenid":"5d04ad663d31be79fd2903ff630c2260","tokenurl":"/mcm/api/land?token=5d04ad663d31be79fd2903ff630c2260","imageurl":"/mcm/images/land/2B/25050_3d76deeddcdb.jpg","landname":"149"},{"id":281474990145836,"level":3,"status":0,"posx":10,"posy":32,"cityid":205,"townid":486,"tokenid":"8f35071b3e0eee5868c552d30dd5fcd8","tokenurl":"/mcm/api/land?token=8f35071b3e0eee5868c552d30dd5fcd8","imageurl":"/mcm/images/land/2B/25051_111f00f60c7a.jpg","landname":"150"}]]],0,0,[],[],[]]
