[1,0,0,[["cc.JsonAsset",["_name","json"],1]],[[0,0,1,3]],[[0,"1062",[{"id":281475008823447,"level":2,"status":1,"posx":6,"posy":5,"cityid":490,"townid":1062,"tokenid":"d754122327d0bb27d874327275c30ca2","tokenurl":"/mcm/api/land?token=d754122327d0bb27d874327275c30ca2","imageurl":"/mcm/images/land/1A/947_20d20e182a29.jpg","landname":"1"},{"id":281475008823448,"level":2,"status":1,"posx":7,"posy":5,"cityid":490,"townid":1062,"tokenid":"1f162558e1834065e504c973f71b4e37","tokenurl":"/mcm/api/land?token=1f162558e1834065e504c973f71b4e37","imageurl":"/mcm/images/land/1A/948_3e0176d7fb68.jpg","landname":"2"},{"id":281475008823449,"level":1,"status":1,"posx":6,"posy":6,"cityid":490,"townid":1062,"tokenid":"4858cf8d51078017eee30ee78771605b","tokenurl":"/mcm/api/land?token=4858cf8d51078017eee30ee78771605b","imageurl":"/mcm/images/land/1S/1892_4118670e9a10.jpg","landname":"3"},{"id":281475008823450,"level":2,"status":0,"posx":7,"posy":6,"cityid":490,"townid":1062,"tokenid":"e155647202b782c288b08ddc636034c7","tokenurl":"/mcm/api/land?token=e155647202b782c288b08ddc636034c7","imageurl":"/mcm/images/land/1A/949_3548ff52fb52.jpg","landname":"4"},{"id":281475008823451,"level":2,"status":0,"posx":18,"posy":6,"cityid":490,"townid":1062,"tokenid":"c725387a0af4b2e6789319c94817dac9","tokenurl":"/mcm/api/land?token=c725387a0af4b2e6789319c94817dac9","imageurl":"/mcm/images/land/1A/950_3bb08ee850c.jpg","landname":"5"},{"id":281475008823452,"level":1,"status":1,"posx":19,"posy":6,"cityid":490,"townid":1062,"tokenid":"47ed27c141b714a00a18cbd02c2cc861","tokenurl":"/mcm/api/land?token=47ed27c141b714a00a18cbd02c2cc861","imageurl":"/mcm/images/land/1S/1893_28e92e79e27f.jpg","landname":"6"},{"id":281475008823453,"level":1,"status":0,"posx":20,"posy":6,"cityid":490,"townid":1062,"tokenid":"776a2c173541f9f2e9c0406df458d98b","tokenurl":"/mcm/api/land?token=776a2c173541f9f2e9c0406df458d98b","imageurl":"/mcm/images/land/1S/1894_33acc93921d5.jpg","landname":"7"},{"id":281475008823454,"level":1,"status":1,"posx":21,"posy":6,"cityid":490,"townid":1062,"tokenid":"52a586d1e898a04109b41af3c06b5541","tokenurl":"/mcm/api/land?token=52a586d1e898a04109b41af3c06b5541","imageurl":"/mcm/images/land/1S/1895_1370cdd0fe29.jpg","landname":"8"},{"id":281475008823455,"level":2,"status":1,"posx":22,"posy":6,"cityid":490,"townid":1062,"tokenid":"f76bb286c4d87f027bd2273e7348632e","tokenurl":"/mcm/api/land?token=f76bb286c4d87f027bd2273e7348632e","imageurl":"/mcm/images/land/1A/951_59d778486fdf.jpg","landname":"9"},{"id":281475008823456,"level":3,"status":1,"posx":28,"posy":6,"cityid":490,"townid":1062,"tokenid":"0593c84c0375206ecff515c80ac913bf","tokenurl":"/mcm/api/land?token=0593c84c0375206ecff515c80ac913bf","imageurl":"/mcm/images/land/1B/317_21f3ea0cf721.jpg","landname":"10"},{"id":281475008823457,"level":1,"status":1,"posx":29,"posy":6,"cityid":490,"townid":1062,"tokenid":"fe20b4aed3178ca5ff54379d4c5d4bfc","tokenurl":"/mcm/api/land?token=fe20b4aed3178ca5ff54379d4c5d4bfc","imageurl":"/mcm/images/land/1S/1896_4ae54ee645d9.jpg","landname":"11"},{"id":281475008823458,"level":3,"status":1,"posx":31,"posy":6,"cityid":490,"townid":1062,"tokenid":"e7372c62a49c4b040225e931830c4166","tokenurl":"/mcm/api/land?token=e7372c62a49c4b040225e931830c4166","imageurl":"/mcm/images/land/1B/318_2263e65b88d2.jpg","landname":"12"},{"id":281475008823459,"level":2,"status":0,"posx":32,"posy":6,"cityid":490,"townid":1062,"tokenid":"d498761c6a3d24d41af9595c2acf051b","tokenurl":"/mcm/api/land?token=d498761c6a3d24d41af9595c2acf051b","imageurl":"/mcm/images/land/1A/952_4360e62c51c1.jpg","landname":"13"},{"id":281475008823460,"level":1,"status":1,"posx":6,"posy":7,"cityid":490,"townid":1062,"tokenid":"8d23d59e57c3a8df55fc6d79ffc95d86","tokenurl":"/mcm/api/land?token=8d23d59e57c3a8df55fc6d79ffc95d86","imageurl":"/mcm/images/land/1S/1897_2ed44d0976ed.jpg","landname":"14"},{"id":281475008823461,"level":2,"status":0,"posx":7,"posy":7,"cityid":490,"townid":1062,"tokenid":"757a535be8a4f231ef6b5cf8bfd47b67","tokenurl":"/mcm/api/land?token=757a535be8a4f231ef6b5cf8bfd47b67","imageurl":"/mcm/images/land/1A/953_dacefdba92.jpg","landname":"15"},{"id":281475008823462,"level":1,"status":1,"posx":18,"posy":7,"cityid":490,"townid":1062,"tokenid":"ff4c710185961d7428226c43b9c720c9","tokenurl":"/mcm/api/land?token=ff4c710185961d7428226c43b9c720c9","imageurl":"/mcm/images/land/1S/1898_3560aa2ef98f.jpg","landname":"16"},{"id":281475008823463,"level":2,"status":0,"posx":19,"posy":7,"cityid":490,"townid":1062,"tokenid":"0671a81a7973e0f5deb96e2dee4a77d5","tokenurl":"/mcm/api/land?token=0671a81a7973e0f5deb96e2dee4a77d5","imageurl":"/mcm/images/land/1A/954_2c5e1e575458.jpg","landname":"17"},{"id":281475008823464,"level":1,"status":0,"posx":20,"posy":7,"cityid":490,"townid":1062,"tokenid":"5505b5d946356de8399c737a9fa4adec","tokenurl":"/mcm/api/land?token=5505b5d946356de8399c737a9fa4adec","imageurl":"/mcm/images/land/1S/1899_4d978bfa442d.jpg","landname":"18"},{"id":281475008823465,"level":1,"status":1,"posx":21,"posy":7,"cityid":490,"townid":1062,"tokenid":"cfc5da026cf3dd23f333578c9f1e1d4b","tokenurl":"/mcm/api/land?token=cfc5da026cf3dd23f333578c9f1e1d4b","imageurl":"/mcm/images/land/1S/1900_511221239bac.jpg","landname":"19"},{"id":281475008823466,"level":1,"status":1,"posx":22,"posy":7,"cityid":490,"townid":1062,"tokenid":"30b71a26963758ab04b6edc95dd99e43","tokenurl":"/mcm/api/land?token=30b71a26963758ab04b6edc95dd99e43","imageurl":"/mcm/images/land/1S/1901_16e3b5240b65.jpg","landname":"20"},{"id":281475008823467,"level":1,"status":0,"posx":28,"posy":7,"cityid":490,"townid":1062,"tokenid":"caa44b2d48fa85c9ba259f8fad7a6689","tokenurl":"/mcm/api/land?token=caa44b2d48fa85c9ba259f8fad7a6689","imageurl":"/mcm/images/land/1S/1902_f4401c40507.jpg","landname":"21"},{"id":281475008823468,"level":1,"status":0,"posx":29,"posy":7,"cityid":490,"townid":1062,"tokenid":"f2743069157e1e7c22495bf5a313f1d5","tokenurl":"/mcm/api/land?token=f2743069157e1e7c22495bf5a313f1d5","imageurl":"/mcm/images/land/1S/1903_377fd7af5350.jpg","landname":"22"},{"id":281475008823469,"level":1,"status":0,"posx":31,"posy":7,"cityid":490,"townid":1062,"tokenid":"30abe050f096f36f8c016101df266927","tokenurl":"/mcm/api/land?token=30abe050f096f36f8c016101df266927","imageurl":"/mcm/images/land/1S/1904_3f49b5479c78.jpg","landname":"23"},{"id":281475008823470,"level":1,"status":0,"posx":32,"posy":7,"cityid":490,"townid":1062,"tokenid":"5a9d48e575998dc1ad600257165e0eed","tokenurl":"/mcm/api/land?token=5a9d48e575998dc1ad600257165e0eed","imageurl":"/mcm/images/land/1S/1905_2f8666a26763.jpg","landname":"24"},{"id":281475008823471,"level":1,"status":0,"posx":6,"posy":8,"cityid":490,"townid":1062,"tokenid":"9edfbd20a775ce9e241d32fd070fd2e8","tokenurl":"/mcm/api/land?token=9edfbd20a775ce9e241d32fd070fd2e8","imageurl":"/mcm/images/land/1S/1906_586c50a253d1.jpg","landname":"25"},{"id":281475008823472,"level":1,"status":0,"posx":7,"posy":8,"cityid":490,"townid":1062,"tokenid":"fc7852a1e8fce3c7b16714deebdb2ac5","tokenurl":"/mcm/api/land?token=fc7852a1e8fce3c7b16714deebdb2ac5","imageurl":"/mcm/images/land/1S/1907_118065b96ef3.jpg","landname":"26"},{"id":281475008823473,"level":1,"status":0,"posx":28,"posy":8,"cityid":490,"townid":1062,"tokenid":"c931b4ed2703e1997ae89e3319fa2a32","tokenurl":"/mcm/api/land?token=c931b4ed2703e1997ae89e3319fa2a32","imageurl":"/mcm/images/land/1S/1908_f4f722b9813.jpg","landname":"27"},{"id":281475008823474,"level":1,"status":1,"posx":29,"posy":8,"cityid":490,"townid":1062,"tokenid":"a32e03198122e72899251479f5aa7dea","tokenurl":"/mcm/api/land?token=a32e03198122e72899251479f5aa7dea","imageurl":"/mcm/images/land/1S/1909_498920cfea54.jpg","landname":"28"},{"id":281475008823475,"level":1,"status":0,"posx":31,"posy":8,"cityid":490,"townid":1062,"tokenid":"87c4f94ae94225c77d411b347cd1afa1","tokenurl":"/mcm/api/land?token=87c4f94ae94225c77d411b347cd1afa1","imageurl":"/mcm/images/land/1S/1910_5777beec1d11.jpg","landname":"29"},{"id":281475008823476,"level":1,"status":0,"posx":32,"posy":8,"cityid":490,"townid":1062,"tokenid":"ce1a94a7395a55dffcddf5c40981dad0","tokenurl":"/mcm/api/land?token=ce1a94a7395a55dffcddf5c40981dad0","imageurl":"/mcm/images/land/1S/1911_27699a506520.jpg","landname":"30"},{"id":281475008823477,"level":1,"status":0,"posx":6,"posy":9,"cityid":490,"townid":1062,"tokenid":"1ce0307f67755b7b8a98cd86fa011fe2","tokenurl":"/mcm/api/land?token=1ce0307f67755b7b8a98cd86fa011fe2","imageurl":"/mcm/images/land/1S/1912_3fe05b1f8219.jpg","landname":"31"},{"id":281475008823478,"level":2,"status":0,"posx":7,"posy":9,"cityid":490,"townid":1062,"tokenid":"0667f2a7bbdabbb8055eb07d26d07790","tokenurl":"/mcm/api/land?token=0667f2a7bbdabbb8055eb07d26d07790","imageurl":"/mcm/images/land/1A/955_4de3890a0d34.jpg","landname":"32"},{"id":281475008823479,"level":1,"status":0,"posx":28,"posy":9,"cityid":490,"townid":1062,"tokenid":"b98f7ddb2cafdbde10d0f2d58400582a","tokenurl":"/mcm/api/land?token=b98f7ddb2cafdbde10d0f2d58400582a","imageurl":"/mcm/images/land/1S/1913_56d90887fbf2.jpg","landname":"33"},{"id":281475008823480,"level":1,"status":0,"posx":29,"posy":9,"cityid":490,"townid":1062,"tokenid":"a412f1ec697bedab209b7d0bf78568ae","tokenurl":"/mcm/api/land?token=a412f1ec697bedab209b7d0bf78568ae","imageurl":"/mcm/images/land/1S/1914_2049f271fcdf.jpg","landname":"34"},{"id":281475008823481,"level":1,"status":1,"posx":31,"posy":9,"cityid":490,"townid":1062,"tokenid":"6ae146c4c7fc5f26e41202e805b16d11","tokenurl":"/mcm/api/land?token=6ae146c4c7fc5f26e41202e805b16d11","imageurl":"/mcm/images/land/1S/1915_55201c3194f5.jpg","landname":"35"},{"id":281475008823482,"level":2,"status":1,"posx":32,"posy":9,"cityid":490,"townid":1062,"tokenid":"bd22235dde79e2e0a2645cd6975c5813","tokenurl":"/mcm/api/land?token=bd22235dde79e2e0a2645cd6975c5813","imageurl":"/mcm/images/land/1A/956_1e008c1bc1c9.jpg","landname":"36"},{"id":281475008823483,"level":2,"status":0,"posx":28,"posy":10,"cityid":490,"townid":1062,"tokenid":"7ef9bec446504502eacc175aee98bc4e","tokenurl":"/mcm/api/land?token=7ef9bec446504502eacc175aee98bc4e","imageurl":"/mcm/images/land/1A/957_448f92c90849.jpg","landname":"37"},{"id":281475008823484,"level":3,"status":1,"posx":29,"posy":10,"cityid":490,"townid":1062,"tokenid":"0b3b7a5268d5725eb07f4f0307f595d6","tokenurl":"/mcm/api/land?token=0b3b7a5268d5725eb07f4f0307f595d6","imageurl":"/mcm/images/land/1B/319_1c59360462e3.jpg","landname":"38"},{"id":281475008823485,"level":1,"status":1,"posx":31,"posy":10,"cityid":490,"townid":1062,"tokenid":"8851c655eef4ec91321a85f578447253","tokenurl":"/mcm/api/land?token=8851c655eef4ec91321a85f578447253","imageurl":"/mcm/images/land/1S/1916_198bd386b606.jpg","landname":"39"},{"id":281475008823486,"level":1,"status":0,"posx":32,"posy":10,"cityid":490,"townid":1062,"tokenid":"ef5394bed88bd3d19ac8d626afada741","tokenurl":"/mcm/api/land?token=ef5394bed88bd3d19ac8d626afada741","imageurl":"/mcm/images/land/1S/1917_23b235ab5882.jpg","landname":"40"},{"id":281475008823487,"level":1,"status":0,"posx":9,"posy":14,"cityid":490,"townid":1062,"tokenid":"542498286b43f92d2e7e232bf87c1aba","tokenurl":"/mcm/api/land?token=542498286b43f92d2e7e232bf87c1aba","imageurl":"/mcm/images/land/1S/1918_50f63d07dcab.jpg","landname":"41"},{"id":281475008823488,"level":1,"status":0,"posx":10,"posy":14,"cityid":490,"townid":1062,"tokenid":"feea2c14f6964b5f0811abfbe4746d83","tokenurl":"/mcm/api/land?token=feea2c14f6964b5f0811abfbe4746d83","imageurl":"/mcm/images/land/1S/1919_38a56959fa11.jpg","landname":"42"},{"id":281475008823489,"level":1,"status":1,"posx":13,"posy":14,"cityid":490,"townid":1062,"tokenid":"292c8036545fabb607864d429238a54d","tokenurl":"/mcm/api/land?token=292c8036545fabb607864d429238a54d","imageurl":"/mcm/images/land/1S/1920_11c2443c7a16.jpg","landname":"43"},{"id":281475008823490,"level":2,"status":1,"posx":14,"posy":14,"cityid":490,"townid":1062,"tokenid":"0dc16f1322f39a95458a0707f2b238aa","tokenurl":"/mcm/api/land?token=0dc16f1322f39a95458a0707f2b238aa","imageurl":"/mcm/images/land/1A/958_2b66d8d8abed.jpg","landname":"44"},{"id":281475008823491,"level":3,"status":1,"posx":17,"posy":14,"cityid":490,"townid":1062,"tokenid":"42ba27f4afbbd9dd635e770909fed2a6","tokenurl":"/mcm/api/land?token=42ba27f4afbbd9dd635e770909fed2a6","imageurl":"/mcm/images/land/1B/320_26fb551399ad.jpg","landname":"45"},{"id":281475008823492,"level":1,"status":1,"posx":18,"posy":14,"cityid":490,"townid":1062,"tokenid":"50289924efa2950608255a9656825aaa","tokenurl":"/mcm/api/land?token=50289924efa2950608255a9656825aaa","imageurl":"/mcm/images/land/1S/1921_2bd0c96e2a0c.jpg","landname":"46"},{"id":281475008823493,"level":1,"status":0,"posx":9,"posy":15,"cityid":490,"townid":1062,"tokenid":"8086fdfd8b1dd5a81504b4a6b79bd4bf","tokenurl":"/mcm/api/land?token=8086fdfd8b1dd5a81504b4a6b79bd4bf","imageurl":"/mcm/images/land/1S/1922_cd72737d202.jpg","landname":"47"},{"id":281475008823494,"level":2,"status":1,"posx":10,"posy":15,"cityid":490,"townid":1062,"tokenid":"e0ecdf6b8876506266e375e9b95730de","tokenurl":"/mcm/api/land?token=e0ecdf6b8876506266e375e9b95730de","imageurl":"/mcm/images/land/1A/959_27706c688f3f.jpg","landname":"48"},{"id":281475008823495,"level":2,"status":1,"posx":13,"posy":15,"cityid":490,"townid":1062,"tokenid":"c17ae7e6c5e0c730a50080e5ef7a4c15","tokenurl":"/mcm/api/land?token=c17ae7e6c5e0c730a50080e5ef7a4c15","imageurl":"/mcm/images/land/1A/960_1048f7152624.jpg","landname":"49"},{"id":281475008823496,"level":2,"status":0,"posx":14,"posy":15,"cityid":490,"townid":1062,"tokenid":"0d8372f6d4833e2b763da961f8ffaf6d","tokenurl":"/mcm/api/land?token=0d8372f6d4833e2b763da961f8ffaf6d","imageurl":"/mcm/images/land/1A/961_481334350ae7.jpg","landname":"50"},{"id":281475008823497,"level":1,"status":1,"posx":17,"posy":15,"cityid":490,"townid":1062,"tokenid":"e40df976dae337336232d0528021d1a9","tokenurl":"/mcm/api/land?token=e40df976dae337336232d0528021d1a9","imageurl":"/mcm/images/land/1S/1923_36da69f42c06.jpg","landname":"51"},{"id":281475008823498,"level":1,"status":1,"posx":18,"posy":15,"cityid":490,"townid":1062,"tokenid":"21f36137d97a5545994aae65a87440ee","tokenurl":"/mcm/api/land?token=21f36137d97a5545994aae65a87440ee","imageurl":"/mcm/images/land/1S/1924_54d1e50d0ba9.jpg","landname":"52"},{"id":281475008823499,"level":2,"status":1,"posx":9,"posy":16,"cityid":490,"townid":1062,"tokenid":"73a36ecee14d25358daf32e1f9c828f1","tokenurl":"/mcm/api/land?token=73a36ecee14d25358daf32e1f9c828f1","imageurl":"/mcm/images/land/1A/962_4c7ad573a1b7.jpg","landname":"53"},{"id":281475008823500,"level":1,"status":0,"posx":10,"posy":16,"cityid":490,"townid":1062,"tokenid":"ac695acb8a80fa3438259d74d866e12d","tokenurl":"/mcm/api/land?token=ac695acb8a80fa3438259d74d866e12d","imageurl":"/mcm/images/land/1S/1925_552da6546ba5.jpg","landname":"54"},{"id":281475008823501,"level":2,"status":1,"posx":13,"posy":16,"cityid":490,"townid":1062,"tokenid":"59e1cc9afde2702b3566e130eb9ad22c","tokenurl":"/mcm/api/land?token=59e1cc9afde2702b3566e130eb9ad22c","imageurl":"/mcm/images/land/1A/963_15b5a628d91d.jpg","landname":"55"},{"id":281475008823502,"level":1,"status":0,"posx":14,"posy":16,"cityid":490,"townid":1062,"tokenid":"163371d56e44ba6bb5b76b8337ffbcdc","tokenurl":"/mcm/api/land?token=163371d56e44ba6bb5b76b8337ffbcdc","imageurl":"/mcm/images/land/1S/1926_525a598a2bfa.jpg","landname":"56"},{"id":281475008823503,"level":2,"status":0,"posx":17,"posy":16,"cityid":490,"townid":1062,"tokenid":"5067b78e5b432c295e1c025b03f73315","tokenurl":"/mcm/api/land?token=5067b78e5b432c295e1c025b03f73315","imageurl":"/mcm/images/land/1A/964_5a8b82f119a0.jpg","landname":"57"},{"id":281475008823504,"level":2,"status":1,"posx":18,"posy":16,"cityid":490,"townid":1062,"tokenid":"8d37a27fc9a52b03702e3ea16d3ba545","tokenurl":"/mcm/api/land?token=8d37a27fc9a52b03702e3ea16d3ba545","imageurl":"/mcm/images/land/1A/965_1659b75b90b7.jpg","landname":"58"},{"id":281475008823505,"level":1,"status":1,"posx":29,"posy":16,"cityid":490,"townid":1062,"tokenid":"91d1aa6d0502599cae47872eba8ad8cd","tokenurl":"/mcm/api/land?token=91d1aa6d0502599cae47872eba8ad8cd","imageurl":"/mcm/images/land/1S/1927_1b62ae4aa489.jpg","landname":"59"},{"id":281475008823506,"level":3,"status":0,"posx":30,"posy":16,"cityid":490,"townid":1062,"tokenid":"a62386669cd1c3f5406fecf3f3c6cd6b","tokenurl":"/mcm/api/land?token=a62386669cd1c3f5406fecf3f3c6cd6b","imageurl":"/mcm/images/land/1B/321_39ac75280ca4.jpg","landname":"60"},{"id":281475008823507,"level":1,"status":1,"posx":33,"posy":16,"cityid":490,"townid":1062,"tokenid":"84f3515246f1f56653d34813027ad2b8","tokenurl":"/mcm/api/land?token=84f3515246f1f56653d34813027ad2b8","imageurl":"/mcm/images/land/1S/1928_35343a0abb47.jpg","landname":"61"},{"id":281475008823508,"level":1,"status":0,"posx":34,"posy":16,"cityid":490,"townid":1062,"tokenid":"0752b3ec2b2188769267697f11a9b02d","tokenurl":"/mcm/api/land?token=0752b3ec2b2188769267697f11a9b02d","imageurl":"/mcm/images/land/1S/1929_3588dcbc692c.jpg","landname":"62"},{"id":281475008823509,"level":1,"status":1,"posx":9,"posy":17,"cityid":490,"townid":1062,"tokenid":"a18bffb1a84304ec016241aacf6b8096","tokenurl":"/mcm/api/land?token=a18bffb1a84304ec016241aacf6b8096","imageurl":"/mcm/images/land/1S/1930_5358f7608102.jpg","landname":"63"},{"id":281475008823510,"level":2,"status":1,"posx":10,"posy":17,"cityid":490,"townid":1062,"tokenid":"589b53aa617d8179ffb11e2370f2094d","tokenurl":"/mcm/api/land?token=589b53aa617d8179ffb11e2370f2094d","imageurl":"/mcm/images/land/1A/966_4648bbf43a56.jpg","landname":"64"},{"id":281475008823511,"level":1,"status":1,"posx":13,"posy":17,"cityid":490,"townid":1062,"tokenid":"cfded71354298e248e0fc81ded964437","tokenurl":"/mcm/api/land?token=cfded71354298e248e0fc81ded964437","imageurl":"/mcm/images/land/1S/1931_22c4d503c65b.jpg","landname":"65"},{"id":281475008823512,"level":1,"status":0,"posx":14,"posy":17,"cityid":490,"townid":1062,"tokenid":"a892e6b9a8a38c4d812fe7e087a15c04","tokenurl":"/mcm/api/land?token=a892e6b9a8a38c4d812fe7e087a15c04","imageurl":"/mcm/images/land/1S/1932_1162daed337b.jpg","landname":"66"},{"id":281475008823513,"level":2,"status":0,"posx":17,"posy":17,"cityid":490,"townid":1062,"tokenid":"2c25c21bc749044880abcf92da0c0e1a","tokenurl":"/mcm/api/land?token=2c25c21bc749044880abcf92da0c0e1a","imageurl":"/mcm/images/land/1A/967_29088b381071.jpg","landname":"67"},{"id":281475008823514,"level":1,"status":0,"posx":18,"posy":17,"cityid":490,"townid":1062,"tokenid":"95d0757c1b4347d2ec3cfb22da4fde42","tokenurl":"/mcm/api/land?token=95d0757c1b4347d2ec3cfb22da4fde42","imageurl":"/mcm/images/land/1S/1933_27c96d69b4fd.jpg","landname":"68"},{"id":281475008823515,"level":3,"status":0,"posx":29,"posy":17,"cityid":490,"townid":1062,"tokenid":"19b25b26a8d3065eac0c07c19af05617","tokenurl":"/mcm/api/land?token=19b25b26a8d3065eac0c07c19af05617","imageurl":"/mcm/images/land/1B/322_156f72f9e33a.jpg","landname":"69"},{"id":281475008823516,"level":2,"status":0,"posx":30,"posy":17,"cityid":490,"townid":1062,"tokenid":"2464e12e1d0eca4e8bfc949ae993d14f","tokenurl":"/mcm/api/land?token=2464e12e1d0eca4e8bfc949ae993d14f","imageurl":"/mcm/images/land/1A/968_b4b0bdb7413.jpg","landname":"70"},{"id":281475008823517,"level":1,"status":0,"posx":33,"posy":17,"cityid":490,"townid":1062,"tokenid":"d9bf0d7048b2389e1d7104b9ef25731d","tokenurl":"/mcm/api/land?token=d9bf0d7048b2389e1d7104b9ef25731d","imageurl":"/mcm/images/land/1S/1934_552d97cfdb5e.jpg","landname":"71"},{"id":281475008823518,"level":1,"status":0,"posx":34,"posy":17,"cityid":490,"townid":1062,"tokenid":"1b597622fc47880c8bea120607aa9bbc","tokenurl":"/mcm/api/land?token=1b597622fc47880c8bea120607aa9bbc","imageurl":"/mcm/images/land/1S/1935_40501d8a4751.jpg","landname":"72"},{"id":281475008823519,"level":1,"status":1,"posx":3,"posy":18,"cityid":490,"townid":1062,"tokenid":"8a8a31be142daf6fdd2547a35eb94e3d","tokenurl":"/mcm/api/land?token=8a8a31be142daf6fdd2547a35eb94e3d","imageurl":"/mcm/images/land/1S/1936_228d90b38c0b.jpg","landname":"73"},{"id":281475008823520,"level":2,"status":0,"posx":4,"posy":18,"cityid":490,"townid":1062,"tokenid":"668de68576f580ccf91f56b4bd77f8c7","tokenurl":"/mcm/api/land?token=668de68576f580ccf91f56b4bd77f8c7","imageurl":"/mcm/images/land/1A/969_1314faacd0b0.jpg","landname":"74"},{"id":281475008823521,"level":2,"status":1,"posx":9,"posy":18,"cityid":490,"townid":1062,"tokenid":"4ce32d7b9f3bf6ebb0ced6b50c92e6b5","tokenurl":"/mcm/api/land?token=4ce32d7b9f3bf6ebb0ced6b50c92e6b5","imageurl":"/mcm/images/land/1A/970_185a2f0b6c2a.jpg","landname":"75"},{"id":281475008823522,"level":1,"status":0,"posx":10,"posy":18,"cityid":490,"townid":1062,"tokenid":"6cacbc66e79045af6e796acdf391d14d","tokenurl":"/mcm/api/land?token=6cacbc66e79045af6e796acdf391d14d","imageurl":"/mcm/images/land/1S/1937_3341df411969.jpg","landname":"76"},{"id":281475008823523,"level":1,"status":0,"posx":13,"posy":18,"cityid":490,"townid":1062,"tokenid":"01470bef19507b881da6d96d4343b2dc","tokenurl":"/mcm/api/land?token=01470bef19507b881da6d96d4343b2dc","imageurl":"/mcm/images/land/1S/1938_105c3e1abfde.jpg","landname":"77"},{"id":281475008823524,"level":2,"status":1,"posx":14,"posy":18,"cityid":490,"townid":1062,"tokenid":"2da7583c60ab02b919265fd94b31ee00","tokenurl":"/mcm/api/land?token=2da7583c60ab02b919265fd94b31ee00","imageurl":"/mcm/images/land/1A/971_1ed274a01f5b.jpg","landname":"78"},{"id":281475008823525,"level":2,"status":1,"posx":17,"posy":18,"cityid":490,"townid":1062,"tokenid":"02ee6e70c1437fd44818a122b5805f33","tokenurl":"/mcm/api/land?token=02ee6e70c1437fd44818a122b5805f33","imageurl":"/mcm/images/land/1A/972_16065985f330.jpg","landname":"79"},{"id":281475008823526,"level":3,"status":0,"posx":18,"posy":18,"cityid":490,"townid":1062,"tokenid":"50897af275010b886714548be1bc328d","tokenurl":"/mcm/api/land?token=50897af275010b886714548be1bc328d","imageurl":"/mcm/images/land/1B/323_2d872818e15c.jpg","landname":"80"},{"id":281475008823527,"level":1,"status":1,"posx":29,"posy":18,"cityid":490,"townid":1062,"tokenid":"abc927369cca3cbc6e71018d6f51de4a","tokenurl":"/mcm/api/land?token=abc927369cca3cbc6e71018d6f51de4a","imageurl":"/mcm/images/land/1S/1939_3f6a35f828ba.jpg","landname":"81"},{"id":281475008823528,"level":1,"status":1,"posx":30,"posy":18,"cityid":490,"townid":1062,"tokenid":"1ad46315607302d5fddcdfd27e514ad5","tokenurl":"/mcm/api/land?token=1ad46315607302d5fddcdfd27e514ad5","imageurl":"/mcm/images/land/1S/1940_1d56cfe422d3.jpg","landname":"82"},{"id":281475008823529,"level":3,"status":0,"posx":33,"posy":18,"cityid":490,"townid":1062,"tokenid":"1f49171d3f5ded31a991f76ce56d53cd","tokenurl":"/mcm/api/land?token=1f49171d3f5ded31a991f76ce56d53cd","imageurl":"/mcm/images/land/1B/324_3c13a0b89a7e.jpg","landname":"83"},{"id":281475008823530,"level":1,"status":1,"posx":34,"posy":18,"cityid":490,"townid":1062,"tokenid":"35d79b19a3b42c538eebcf6c7dd7d43b","tokenurl":"/mcm/api/land?token=35d79b19a3b42c538eebcf6c7dd7d43b","imageurl":"/mcm/images/land/1S/1941_fab177b4b79.jpg","landname":"84"},{"id":281475008823531,"level":2,"status":1,"posx":3,"posy":19,"cityid":490,"townid":1062,"tokenid":"6cf34e8991609c2957213845fcb3e144","tokenurl":"/mcm/api/land?token=6cf34e8991609c2957213845fcb3e144","imageurl":"/mcm/images/land/1A/973_58701a2b58a6.jpg","landname":"85"},{"id":281475008823532,"level":1,"status":0,"posx":4,"posy":19,"cityid":490,"townid":1062,"tokenid":"88b00e21e7f5ca79d3af681585b43947","tokenurl":"/mcm/api/land?token=88b00e21e7f5ca79d3af681585b43947","imageurl":"/mcm/images/land/1S/1942_44c0aa1db77a.jpg","landname":"86"},{"id":281475008823533,"level":2,"status":1,"posx":29,"posy":19,"cityid":490,"townid":1062,"tokenid":"6d63254cfe7b7ef56b460fe85f00a9c8","tokenurl":"/mcm/api/land?token=6d63254cfe7b7ef56b460fe85f00a9c8","imageurl":"/mcm/images/land/1A/974_121b7c8246ef.jpg","landname":"87"},{"id":281475008823534,"level":1,"status":1,"posx":30,"posy":19,"cityid":490,"townid":1062,"tokenid":"83ceef8964926f813f6bb61fb682353f","tokenurl":"/mcm/api/land?token=83ceef8964926f813f6bb61fb682353f","imageurl":"/mcm/images/land/1S/1943_7d9ef2c4943.jpg","landname":"88"},{"id":281475008823535,"level":1,"status":0,"posx":33,"posy":19,"cityid":490,"townid":1062,"tokenid":"d9aa578f44e16ec1e65378e4de013f7c","tokenurl":"/mcm/api/land?token=d9aa578f44e16ec1e65378e4de013f7c","imageurl":"/mcm/images/land/1S/1944_2fdeefc7006c.jpg","landname":"89"},{"id":281475008823536,"level":1,"status":0,"posx":34,"posy":19,"cityid":490,"townid":1062,"tokenid":"7bd8c7beb91ac8e162242a5188ac0d04","tokenurl":"/mcm/api/land?token=7bd8c7beb91ac8e162242a5188ac0d04","imageurl":"/mcm/images/land/1S/1945_189dacd9ec21.jpg","landname":"90"},{"id":281475008823537,"level":2,"status":0,"posx":3,"posy":20,"cityid":490,"townid":1062,"tokenid":"21a1d28a9adec101d6ae2cc588acab38","tokenurl":"/mcm/api/land?token=21a1d28a9adec101d6ae2cc588acab38","imageurl":"/mcm/images/land/1A/975_507fd02e549d.jpg","landname":"91"},{"id":281475008823538,"level":2,"status":1,"posx":4,"posy":20,"cityid":490,"townid":1062,"tokenid":"b5000e32b1cc37cdcc5333647f6da99f","tokenurl":"/mcm/api/land?token=b5000e32b1cc37cdcc5333647f6da99f","imageurl":"/mcm/images/land/1A/976_45afd48a1676.jpg","landname":"92"},{"id":281475008823539,"level":1,"status":1,"posx":9,"posy":20,"cityid":490,"townid":1062,"tokenid":"363211b6164fdb7e2e8941dd0780f511","tokenurl":"/mcm/api/land?token=363211b6164fdb7e2e8941dd0780f511","imageurl":"/mcm/images/land/1S/1946_23c4567418ec.jpg","landname":"93"},{"id":281475008823540,"level":1,"status":1,"posx":10,"posy":20,"cityid":490,"townid":1062,"tokenid":"15ff4e20ba8d95c8f164639b805e400d","tokenurl":"/mcm/api/land?token=15ff4e20ba8d95c8f164639b805e400d","imageurl":"/mcm/images/land/1S/1947_409bb4263d39.jpg","landname":"94"},{"id":281475008823541,"level":3,"status":1,"posx":13,"posy":20,"cityid":490,"townid":1062,"tokenid":"fea3a6d90a23d2fbdd4ef67eb0269756","tokenurl":"/mcm/api/land?token=fea3a6d90a23d2fbdd4ef67eb0269756","imageurl":"/mcm/images/land/1B/325_44a886038be2.jpg","landname":"95"},{"id":281475008823542,"level":1,"status":1,"posx":14,"posy":20,"cityid":490,"townid":1062,"tokenid":"86705fb86a3090c2404c86af7bd6d8f4","tokenurl":"/mcm/api/land?token=86705fb86a3090c2404c86af7bd6d8f4","imageurl":"/mcm/images/land/1S/1948_417f9391d650.jpg","landname":"96"},{"id":281475008823543,"level":1,"status":0,"posx":17,"posy":20,"cityid":490,"townid":1062,"tokenid":"0c73c3d3dd50fc087bd3a9b492a07c55","tokenurl":"/mcm/api/land?token=0c73c3d3dd50fc087bd3a9b492a07c55","imageurl":"/mcm/images/land/1S/1949_16a9bbfb067f.jpg","landname":"97"},{"id":281475008823544,"level":2,"status":0,"posx":18,"posy":20,"cityid":490,"townid":1062,"tokenid":"245c920fb16e876ad4f449174ace9089","tokenurl":"/mcm/api/land?token=245c920fb16e876ad4f449174ace9089","imageurl":"/mcm/images/land/1A/977_48d25c6b14b6.jpg","landname":"98"},{"id":281475008823545,"level":2,"status":0,"posx":29,"posy":20,"cityid":490,"townid":1062,"tokenid":"8750050a6f0cf07f49dc950b5060118e","tokenurl":"/mcm/api/land?token=8750050a6f0cf07f49dc950b5060118e","imageurl":"/mcm/images/land/1A/978_55cd6573f8cf.jpg","landname":"99"},{"id":281475008823546,"level":1,"status":1,"posx":30,"posy":20,"cityid":490,"townid":1062,"tokenid":"59eede67d2b5e55f661d258b9000c8ea","tokenurl":"/mcm/api/land?token=59eede67d2b5e55f661d258b9000c8ea","imageurl":"/mcm/images/land/1S/1950_429292c60f05.jpg","landname":"100"},{"id":281475008823547,"level":1,"status":0,"posx":33,"posy":20,"cityid":490,"townid":1062,"tokenid":"ba7425af47267da57fe4cce8fc208e40","tokenurl":"/mcm/api/land?token=ba7425af47267da57fe4cce8fc208e40","imageurl":"/mcm/images/land/1S/1951_1dbb529a7f75.jpg","landname":"101"},{"id":281475008823548,"level":1,"status":1,"posx":34,"posy":20,"cityid":490,"townid":1062,"tokenid":"f3454db502e7133abbaa0c3ddda1c561","tokenurl":"/mcm/api/land?token=f3454db502e7133abbaa0c3ddda1c561","imageurl":"/mcm/images/land/1S/1952_799b38eee3f.jpg","landname":"102"},{"id":281475008823549,"level":1,"status":1,"posx":3,"posy":21,"cityid":490,"townid":1062,"tokenid":"ac6a16082d4c407280c6f0e887765d9f","tokenurl":"/mcm/api/land?token=ac6a16082d4c407280c6f0e887765d9f","imageurl":"/mcm/images/land/1S/1953_3ef841d56d69.jpg","landname":"103"},{"id":281475008823550,"level":1,"status":0,"posx":4,"posy":21,"cityid":490,"townid":1062,"tokenid":"1d7ca453f29f1a18c9c8ca3284cc84c6","tokenurl":"/mcm/api/land?token=1d7ca453f29f1a18c9c8ca3284cc84c6","imageurl":"/mcm/images/land/1S/1954_254d47b848c0.jpg","landname":"104"},{"id":281475008823551,"level":2,"status":0,"posx":9,"posy":21,"cityid":490,"townid":1062,"tokenid":"64aff8678a099789a8f542afd4212b39","tokenurl":"/mcm/api/land?token=64aff8678a099789a8f542afd4212b39","imageurl":"/mcm/images/land/1A/979_377f7fe5d3d.jpg","landname":"105"},{"id":281475008823552,"level":1,"status":1,"posx":10,"posy":21,"cityid":490,"townid":1062,"tokenid":"2a8539ffccc80e07fd9e7984095f29d0","tokenurl":"/mcm/api/land?token=2a8539ffccc80e07fd9e7984095f29d0","imageurl":"/mcm/images/land/1S/1955_2df940b45c8b.jpg","landname":"106"},{"id":281475008823553,"level":1,"status":1,"posx":13,"posy":21,"cityid":490,"townid":1062,"tokenid":"874eee61ed98b9ab0686cf8354173c74","tokenurl":"/mcm/api/land?token=874eee61ed98b9ab0686cf8354173c74","imageurl":"/mcm/images/land/1S/1956_1fa2c0020fe1.jpg","landname":"107"},{"id":281475008823554,"level":1,"status":1,"posx":14,"posy":21,"cityid":490,"townid":1062,"tokenid":"559c68a2862dcff17dd5d02e910be7e4","tokenurl":"/mcm/api/land?token=559c68a2862dcff17dd5d02e910be7e4","imageurl":"/mcm/images/land/1S/1957_4465a45acfc8.jpg","landname":"108"},{"id":281475008823555,"level":2,"status":0,"posx":17,"posy":21,"cityid":490,"townid":1062,"tokenid":"9236d717e8c20722407ec37457fbfbe6","tokenurl":"/mcm/api/land?token=9236d717e8c20722407ec37457fbfbe6","imageurl":"/mcm/images/land/1A/980_23f0eaf68c21.jpg","landname":"109"},{"id":281475008823556,"level":3,"status":1,"posx":18,"posy":21,"cityid":490,"townid":1062,"tokenid":"5c1b660faa3b2ad379691fe7c680ad38","tokenurl":"/mcm/api/land?token=5c1b660faa3b2ad379691fe7c680ad38","imageurl":"/mcm/images/land/1B/326_28548024c64.jpg","landname":"110"},{"id":281475008823557,"level":1,"status":0,"posx":3,"posy":22,"cityid":490,"townid":1062,"tokenid":"a5d439ef4462dbec2228fd9946fc514a","tokenurl":"/mcm/api/land?token=a5d439ef4462dbec2228fd9946fc514a","imageurl":"/mcm/images/land/1S/1958_3c9214be2f18.jpg","landname":"111"},{"id":281475008823558,"level":1,"status":1,"posx":4,"posy":22,"cityid":490,"townid":1062,"tokenid":"85b59d2f72866596a1cbeca4430bfd1f","tokenurl":"/mcm/api/land?token=85b59d2f72866596a1cbeca4430bfd1f","imageurl":"/mcm/images/land/1S/1959_7c5c44afa0e.jpg","landname":"112"},{"id":281475008823559,"level":1,"status":0,"posx":9,"posy":22,"cityid":490,"townid":1062,"tokenid":"96b940f9d75dd71c5b8010710eb5f209","tokenurl":"/mcm/api/land?token=96b940f9d75dd71c5b8010710eb5f209","imageurl":"/mcm/images/land/1S/1960_3434ec85eacd.jpg","landname":"113"},{"id":281475008823560,"level":1,"status":1,"posx":10,"posy":22,"cityid":490,"townid":1062,"tokenid":"9bae2be508f0cdb2bd99ee0f6df146f6","tokenurl":"/mcm/api/land?token=9bae2be508f0cdb2bd99ee0f6df146f6","imageurl":"/mcm/images/land/1S/1961_e32d5de964c.jpg","landname":"114"},{"id":281475008823561,"level":1,"status":0,"posx":13,"posy":22,"cityid":490,"townid":1062,"tokenid":"b92ec474fa3e123b68589a73f285ddf0","tokenurl":"/mcm/api/land?token=b92ec474fa3e123b68589a73f285ddf0","imageurl":"/mcm/images/land/1S/1962_4d5b9b9da938.jpg","landname":"115"},{"id":281475008823562,"level":2,"status":0,"posx":14,"posy":22,"cityid":490,"townid":1062,"tokenid":"d9efaf87b88635fab04b80985bdb70af","tokenurl":"/mcm/api/land?token=d9efaf87b88635fab04b80985bdb70af","imageurl":"/mcm/images/land/1A/981_4900e71e84b7.jpg","landname":"116"},{"id":281475008823563,"level":1,"status":1,"posx":17,"posy":22,"cityid":490,"townid":1062,"tokenid":"05ad00622839a6569bbaa734f623f3dc","tokenurl":"/mcm/api/land?token=05ad00622839a6569bbaa734f623f3dc","imageurl":"/mcm/images/land/1S/1963_39b10095efa6.jpg","landname":"117"},{"id":281475008823564,"level":1,"status":0,"posx":18,"posy":22,"cityid":490,"townid":1062,"tokenid":"2a42b2cecde44d42ca7292772f079127","tokenurl":"/mcm/api/land?token=2a42b2cecde44d42ca7292772f079127","imageurl":"/mcm/images/land/1S/1964_53f5a85f0eee.jpg","landname":"118"},{"id":281475008823565,"level":1,"status":0,"posx":9,"posy":23,"cityid":490,"townid":1062,"tokenid":"28db91d46be54ce291971bd99d04b303","tokenurl":"/mcm/api/land?token=28db91d46be54ce291971bd99d04b303","imageurl":"/mcm/images/land/1S/1965_7f1c13ed8ee.jpg","landname":"119"},{"id":281475008823566,"level":1,"status":0,"posx":10,"posy":23,"cityid":490,"townid":1062,"tokenid":"964018591c06c3d9b7580bea675547aa","tokenurl":"/mcm/api/land?token=964018591c06c3d9b7580bea675547aa","imageurl":"/mcm/images/land/1S/1966_4e686afc6049.jpg","landname":"120"},{"id":281475008823567,"level":1,"status":1,"posx":13,"posy":23,"cityid":490,"townid":1062,"tokenid":"560516f43f3126ae3d07805511c6ae89","tokenurl":"/mcm/api/land?token=560516f43f3126ae3d07805511c6ae89","imageurl":"/mcm/images/land/1S/1967_54800ecebd7e.jpg","landname":"121"},{"id":281475008823568,"level":2,"status":1,"posx":14,"posy":23,"cityid":490,"townid":1062,"tokenid":"e5051d603c575cb3dc57876e2a3017fe","tokenurl":"/mcm/api/land?token=e5051d603c575cb3dc57876e2a3017fe","imageurl":"/mcm/images/land/1A/982_521a8af214fd.jpg","landname":"122"},{"id":281475008823569,"level":2,"status":0,"posx":17,"posy":23,"cityid":490,"townid":1062,"tokenid":"2042694e4d159685ed2b1b37eb1284ae","tokenurl":"/mcm/api/land?token=2042694e4d159685ed2b1b37eb1284ae","imageurl":"/mcm/images/land/1A/983_59ec6c9aca88.jpg","landname":"123"},{"id":281475008823570,"level":3,"status":1,"posx":18,"posy":23,"cityid":490,"townid":1062,"tokenid":"f886490921a9fb5b7c707141a4d3dbb9","tokenurl":"/mcm/api/land?token=f886490921a9fb5b7c707141a4d3dbb9","imageurl":"/mcm/images/land/1B/327_19e3572ad059.jpg","landname":"124"},{"id":281475008823571,"level":3,"status":0,"posx":9,"posy":24,"cityid":490,"townid":1062,"tokenid":"02c6fbb32ea55071fb92f3ff5835fc0d","tokenurl":"/mcm/api/land?token=02c6fbb32ea55071fb92f3ff5835fc0d","imageurl":"/mcm/images/land/1B/328_4824cd0b4345.jpg","landname":"125"},{"id":281475008823572,"level":1,"status":1,"posx":10,"posy":24,"cityid":490,"townid":1062,"tokenid":"7831c648b9b16ba66d96a94dcf3a237b","tokenurl":"/mcm/api/land?token=7831c648b9b16ba66d96a94dcf3a237b","imageurl":"/mcm/images/land/1S/1968_42222441e900.jpg","landname":"126"},{"id":281475008823573,"level":2,"status":1,"posx":13,"posy":24,"cityid":490,"townid":1062,"tokenid":"f2adbba433929625a253c53c87c41841","tokenurl":"/mcm/api/land?token=f2adbba433929625a253c53c87c41841","imageurl":"/mcm/images/land/1A/984_3b523ea85ce0.jpg","landname":"127"},{"id":281475008823574,"level":1,"status":1,"posx":14,"posy":24,"cityid":490,"townid":1062,"tokenid":"ff78b0e2a297fe69115a611180707267","tokenurl":"/mcm/api/land?token=ff78b0e2a297fe69115a611180707267","imageurl":"/mcm/images/land/1S/1969_4b1398a530e8.jpg","landname":"128"},{"id":281475008823575,"level":1,"status":0,"posx":17,"posy":24,"cityid":490,"townid":1062,"tokenid":"eca591433e231ffdad80a51c08c29287","tokenurl":"/mcm/api/land?token=eca591433e231ffdad80a51c08c29287","imageurl":"/mcm/images/land/1S/1970_528bec4fd986.jpg","landname":"129"},{"id":281475008823576,"level":2,"status":1,"posx":18,"posy":24,"cityid":490,"townid":1062,"tokenid":"b50fc1f3f415176b3436b0c19599c87f","tokenurl":"/mcm/api/land?token=b50fc1f3f415176b3436b0c19599c87f","imageurl":"/mcm/images/land/1A/985_1c958f650f66.jpg","landname":"130"},{"id":281475008823577,"level":2,"status":0,"posx":30,"posy":25,"cityid":490,"townid":1062,"tokenid":"bbfb06331eebb33a6afe9b480d8610e7","tokenurl":"/mcm/api/land?token=bbfb06331eebb33a6afe9b480d8610e7","imageurl":"/mcm/images/land/1A/986_322ef8325cde.jpg","landname":"131"},{"id":281475008823578,"level":1,"status":1,"posx":31,"posy":25,"cityid":490,"townid":1062,"tokenid":"482a0ff541b4b85f696aae553e90d867","tokenurl":"/mcm/api/land?token=482a0ff541b4b85f696aae553e90d867","imageurl":"/mcm/images/land/1S/1971_27db64cf863c.jpg","landname":"132"},{"id":281475008823579,"level":1,"status":0,"posx":30,"posy":26,"cityid":490,"townid":1062,"tokenid":"8f06009ce5bd08e9a069445358e523c3","tokenurl":"/mcm/api/land?token=8f06009ce5bd08e9a069445358e523c3","imageurl":"/mcm/images/land/1S/1972_d6217099d7c.jpg","landname":"133"},{"id":281475008823580,"level":1,"status":1,"posx":31,"posy":26,"cityid":490,"townid":1062,"tokenid":"db205d534ce753fff6b6e980887c10ca","tokenurl":"/mcm/api/land?token=db205d534ce753fff6b6e980887c10ca","imageurl":"/mcm/images/land/1S/1973_e7b26e5f7c0.jpg","landname":"134"},{"id":281475008823581,"level":2,"status":1,"posx":30,"posy":27,"cityid":490,"townid":1062,"tokenid":"b4b4766506ae693025774ef932bc114e","tokenurl":"/mcm/api/land?token=b4b4766506ae693025774ef932bc114e","imageurl":"/mcm/images/land/1A/987_2b8a66d22c56.jpg","landname":"135"},{"id":281475008823582,"level":1,"status":1,"posx":31,"posy":27,"cityid":490,"townid":1062,"tokenid":"a2b19f6a58bab19cf43eb311b977bfb5","tokenurl":"/mcm/api/land?token=a2b19f6a58bab19cf43eb311b977bfb5","imageurl":"/mcm/images/land/1S/1974_67369417ac0.jpg","landname":"136"},{"id":281475008823583,"level":1,"status":0,"posx":30,"posy":28,"cityid":490,"townid":1062,"tokenid":"dc54c2b69c6be01eaf5fd6b6a175542b","tokenurl":"/mcm/api/land?token=dc54c2b69c6be01eaf5fd6b6a175542b","imageurl":"/mcm/images/land/1S/1975_484fb5c96ed5.jpg","landname":"137"},{"id":281475008823584,"level":3,"status":0,"posx":31,"posy":28,"cityid":490,"townid":1062,"tokenid":"6dd7a8b9e6d5563eb6f818f7a0f30406","tokenurl":"/mcm/api/land?token=6dd7a8b9e6d5563eb6f818f7a0f30406","imageurl":"/mcm/images/land/1B/329_cd992ecb234.jpg","landname":"138"},{"id":281475008823585,"level":1,"status":0,"posx":30,"posy":29,"cityid":490,"townid":1062,"tokenid":"d2236b956fc93783c4aaa7a377dd598b","tokenurl":"/mcm/api/land?token=d2236b956fc93783c4aaa7a377dd598b","imageurl":"/mcm/images/land/1S/1976_111261303f62.jpg","landname":"139"},{"id":281475008823586,"level":2,"status":0,"posx":31,"posy":29,"cityid":490,"townid":1062,"tokenid":"5db147747f6d7eac3a743338721b9514","tokenurl":"/mcm/api/land?token=5db147747f6d7eac3a743338721b9514","imageurl":"/mcm/images/land/1A/988_3948552ed7ac.jpg","landname":"140"},{"id":281475008823587,"level":1,"status":1,"posx":10,"posy":30,"cityid":490,"townid":1062,"tokenid":"2b0156203006861775288598226b6ca0","tokenurl":"/mcm/api/land?token=2b0156203006861775288598226b6ca0","imageurl":"/mcm/images/land/1S/1977_6915e816bb9.jpg","landname":"141"},{"id":281475008823588,"level":2,"status":1,"posx":11,"posy":30,"cityid":490,"townid":1062,"tokenid":"6ccf38c82a8457f9c5bc3a28aa8e9671","tokenurl":"/mcm/api/land?token=6ccf38c82a8457f9c5bc3a28aa8e9671","imageurl":"/mcm/images/land/1A/989_4039e1471015.jpg","landname":"142"},{"id":281475008823589,"level":1,"status":1,"posx":12,"posy":30,"cityid":490,"townid":1062,"tokenid":"e42983b249ecc3e83eac191dab2886f8","tokenurl":"/mcm/api/land?token=e42983b249ecc3e83eac191dab2886f8","imageurl":"/mcm/images/land/1S/1978_4c34623fac58.jpg","landname":"143"},{"id":281475008823590,"level":3,"status":1,"posx":13,"posy":30,"cityid":490,"townid":1062,"tokenid":"b4c3aeb77d6c61c10a96426c912235d4","tokenurl":"/mcm/api/land?token=b4c3aeb77d6c61c10a96426c912235d4","imageurl":"/mcm/images/land/1B/330_27de1b222231.jpg","landname":"144"},{"id":281475008823591,"level":2,"status":0,"posx":14,"posy":30,"cityid":490,"townid":1062,"tokenid":"2f929bd8f6642076f281809f99007be4","tokenurl":"/mcm/api/land?token=2f929bd8f6642076f281809f99007be4","imageurl":"/mcm/images/land/1A/990_30107f55b920.jpg","landname":"145"},{"id":281475008823592,"level":1,"status":0,"posx":10,"posy":31,"cityid":490,"townid":1062,"tokenid":"eab40d896e05afb71a9cc84668dc8aa5","tokenurl":"/mcm/api/land?token=eab40d896e05afb71a9cc84668dc8aa5","imageurl":"/mcm/images/land/1S/1979_1dc49936f2e1.jpg","landname":"146"},{"id":281475008823593,"level":1,"status":1,"posx":11,"posy":31,"cityid":490,"townid":1062,"tokenid":"10b207d620ecb98a8db8715f09051ff6","tokenurl":"/mcm/api/land?token=10b207d620ecb98a8db8715f09051ff6","imageurl":"/mcm/images/land/1S/1980_125e60a591c2.jpg","landname":"147"},{"id":281475008823594,"level":3,"status":0,"posx":12,"posy":31,"cityid":490,"townid":1062,"tokenid":"e799fd3e4968f7478ecc88f26dcfd56d","tokenurl":"/mcm/api/land?token=e799fd3e4968f7478ecc88f26dcfd56d","imageurl":"/mcm/images/land/1B/331_15610a4c57ce.jpg","landname":"148"},{"id":281475008823595,"level":2,"status":0,"posx":13,"posy":31,"cityid":490,"townid":1062,"tokenid":"44960052d4f50fa6cf4f8a8f1a14f061","tokenurl":"/mcm/api/land?token=44960052d4f50fa6cf4f8a8f1a14f061","imageurl":"/mcm/images/land/1A/991_5850eb1c5460.jpg","landname":"149"},{"id":281475008823596,"level":1,"status":0,"posx":14,"posy":31,"cityid":490,"townid":1062,"tokenid":"cc1a70cc8aa230aaaeec2832de7028c1","tokenurl":"/mcm/api/land?token=cc1a70cc8aa230aaaeec2832de7028c1","imageurl":"/mcm/images/land/1S/1981_47749334e63d.jpg","landname":"150"}]]],0,0,[],[],[]]
