[1,0,0,[["cc.JsonAsset",["_name","json"],1]],[[0,0,1,3]],[[0,"665",[{"id":281474996043777,"level":1,"status":0,"posx":32,"posy":5,"cityid":295,"townid":665,"tokenid":"4bc59e413d359e478ae25649afbe3629","tokenurl":"/mcm/api/land?token=4bc59e413d359e478ae25649afbe3629","imageurl":"/mcm/images/land/2S/3122_29c13e2ba6fc.jpg","landname":"1"},{"id":281474996043778,"level":1,"status":0,"posx":33,"posy":5,"cityid":295,"townid":665,"tokenid":"70d2b847e8171a967270adbca1d87afe","tokenurl":"/mcm/api/land?token=70d2b847e8171a967270adbca1d87afe","imageurl":"/mcm/images/land/2S/3123_d7480b8ccdb.jpg","landname":"2"},{"id":281474996043779,"level":3,"status":1,"posx":5,"posy":6,"cityid":295,"townid":665,"tokenid":"9755bd24329a146fa8b43c37f38aebcd","tokenurl":"/mcm/api/land?token=9755bd24329a146fa8b43c37f38aebcd","imageurl":"/mcm/images/land/2B/7802_3e1f9d4c1287.jpg","landname":"3"},{"id":281474996043780,"level":3,"status":1,"posx":6,"posy":6,"cityid":295,"townid":665,"tokenid":"e80c2c098dba1e3006f8ec93b2a72571","tokenurl":"/mcm/api/land?token=e80c2c098dba1e3006f8ec93b2a72571","imageurl":"/mcm/images/land/2B/7803_15319637cdec.jpg","landname":"4"},{"id":281474996043781,"level":3,"status":1,"posx":21,"posy":6,"cityid":295,"townid":665,"tokenid":"ab1134a9d2e1b9df9a2e34e3a32d54e6","tokenurl":"/mcm/api/land?token=ab1134a9d2e1b9df9a2e34e3a32d54e6","imageurl":"/mcm/images/land/2B/7804_469802ab86c.jpg","landname":"5"},{"id":281474996043782,"level":2,"status":0,"posx":22,"posy":6,"cityid":295,"townid":665,"tokenid":"890b579b76fbe994b572e049747e5243","tokenurl":"/mcm/api/land?token=890b579b76fbe994b572e049747e5243","imageurl":"/mcm/images/land/2A/4682_384341c37029.jpg","landname":"6"},{"id":281474996043783,"level":2,"status":1,"posx":23,"posy":6,"cityid":295,"townid":665,"tokenid":"ceda443daff201892c2dabbb6ff35771","tokenurl":"/mcm/api/land?token=ceda443daff201892c2dabbb6ff35771","imageurl":"/mcm/images/land/2A/4683_2a7194a7b6d4.jpg","landname":"7"},{"id":281474996043784,"level":3,"status":1,"posx":24,"posy":6,"cityid":295,"townid":665,"tokenid":"f290d2275451991ccfc5b16d4a816fe6","tokenurl":"/mcm/api/land?token=f290d2275451991ccfc5b16d4a816fe6","imageurl":"/mcm/images/land/2B/7805_41f41274116d.jpg","landname":"8"},{"id":281474996043785,"level":2,"status":0,"posx":25,"posy":6,"cityid":295,"townid":665,"tokenid":"d60ec678a4de03ac6af110c5800dc3a3","tokenurl":"/mcm/api/land?token=d60ec678a4de03ac6af110c5800dc3a3","imageurl":"/mcm/images/land/2A/4684_54628a8a11a8.jpg","landname":"9"},{"id":281474996043786,"level":2,"status":1,"posx":32,"posy":6,"cityid":295,"townid":665,"tokenid":"433b99c61066d09a930709dac1888130","tokenurl":"/mcm/api/land?token=433b99c61066d09a930709dac1888130","imageurl":"/mcm/images/land/2A/4685_4f703e4c3adf.jpg","landname":"10"},{"id":281474996043787,"level":3,"status":0,"posx":33,"posy":6,"cityid":295,"townid":665,"tokenid":"e11f34e8b11d867d65b12dc081b21854","tokenurl":"/mcm/api/land?token=e11f34e8b11d867d65b12dc081b21854","imageurl":"/mcm/images/land/2B/7806_4d180a0c9685.jpg","landname":"11"},{"id":281474996043788,"level":3,"status":1,"posx":5,"posy":7,"cityid":295,"townid":665,"tokenid":"49ef5bd0a831086019f1ffe4e235d416","tokenurl":"/mcm/api/land?token=49ef5bd0a831086019f1ffe4e235d416","imageurl":"/mcm/images/land/2B/7807_195dace9cf0e.jpg","landname":"12"},{"id":281474996043789,"level":2,"status":1,"posx":6,"posy":7,"cityid":295,"townid":665,"tokenid":"5480553c601047c852c1dbfb21cdea5e","tokenurl":"/mcm/api/land?token=5480553c601047c852c1dbfb21cdea5e","imageurl":"/mcm/images/land/2A/4686_bbb5f35d055.jpg","landname":"13"},{"id":281474996043790,"level":3,"status":1,"posx":21,"posy":7,"cityid":295,"townid":665,"tokenid":"4c903fbdc271a5bd6a4c6b1ba638c4ff","tokenurl":"/mcm/api/land?token=4c903fbdc271a5bd6a4c6b1ba638c4ff","imageurl":"/mcm/images/land/2B/7808_5660fc36b514.jpg","landname":"14"},{"id":281474996043791,"level":3,"status":0,"posx":22,"posy":7,"cityid":295,"townid":665,"tokenid":"a02a42c27b33aaac6da0c8946011763d","tokenurl":"/mcm/api/land?token=a02a42c27b33aaac6da0c8946011763d","imageurl":"/mcm/images/land/2B/7809_318afb0a710c.jpg","landname":"15"},{"id":281474996043792,"level":3,"status":0,"posx":23,"posy":7,"cityid":295,"townid":665,"tokenid":"65a5a1155e4643bc46dae5f03b6a1148","tokenurl":"/mcm/api/land?token=65a5a1155e4643bc46dae5f03b6a1148","imageurl":"/mcm/images/land/2B/7810_496737e1e69.jpg","landname":"16"},{"id":281474996043793,"level":3,"status":0,"posx":24,"posy":7,"cityid":295,"townid":665,"tokenid":"20a58bf8c07b9a930681e4c58c1946c5","tokenurl":"/mcm/api/land?token=20a58bf8c07b9a930681e4c58c1946c5","imageurl":"/mcm/images/land/2B/7811_3d7413ef5e6e.jpg","landname":"17"},{"id":281474996043794,"level":3,"status":0,"posx":25,"posy":7,"cityid":295,"townid":665,"tokenid":"f904ac0c1cadac8391bd4d487c05e09c","tokenurl":"/mcm/api/land?token=f904ac0c1cadac8391bd4d487c05e09c","imageurl":"/mcm/images/land/2B/7812_487e48292817.jpg","landname":"18"},{"id":281474996043795,"level":2,"status":1,"posx":32,"posy":7,"cityid":295,"townid":665,"tokenid":"e93197fe27aec160e9c9431173f6f9ec","tokenurl":"/mcm/api/land?token=e93197fe27aec160e9c9431173f6f9ec","imageurl":"/mcm/images/land/2A/4687_449948e822d7.jpg","landname":"19"},{"id":281474996043796,"level":2,"status":0,"posx":33,"posy":7,"cityid":295,"townid":665,"tokenid":"eb3186ca3e81796c319d7a3e5a28abf9","tokenurl":"/mcm/api/land?token=eb3186ca3e81796c319d7a3e5a28abf9","imageurl":"/mcm/images/land/2A/4688_2ec0dc92f2c7.jpg","landname":"20"},{"id":281474996043797,"level":2,"status":1,"posx":5,"posy":8,"cityid":295,"townid":665,"tokenid":"d3797a021d9f500e995cfbcd4d330c1c","tokenurl":"/mcm/api/land?token=d3797a021d9f500e995cfbcd4d330c1c","imageurl":"/mcm/images/land/2A/4689_78b6ee24e22.jpg","landname":"21"},{"id":281474996043798,"level":1,"status":0,"posx":6,"posy":8,"cityid":295,"townid":665,"tokenid":"7955177d58968d2bd907ec67acdd3932","tokenurl":"/mcm/api/land?token=7955177d58968d2bd907ec67acdd3932","imageurl":"/mcm/images/land/2S/3124_34fe37618e44.jpg","landname":"22"},{"id":281474996043799,"level":2,"status":0,"posx":32,"posy":8,"cityid":295,"townid":665,"tokenid":"c04fab17070474cf748510df8b8c3129","tokenurl":"/mcm/api/land?token=c04fab17070474cf748510df8b8c3129","imageurl":"/mcm/images/land/2A/4690_4271d3d22519.jpg","landname":"23"},{"id":281474996043800,"level":3,"status":0,"posx":33,"posy":8,"cityid":295,"townid":665,"tokenid":"e84866500cfc6914de9f39dec02a7f11","tokenurl":"/mcm/api/land?token=e84866500cfc6914de9f39dec02a7f11","imageurl":"/mcm/images/land/2B/7813_16e8ff9fe2a.jpg","landname":"24"},{"id":281474996043801,"level":2,"status":0,"posx":5,"posy":9,"cityid":295,"townid":665,"tokenid":"2023f5b32d8db87d4d24da017a0127d2","tokenurl":"/mcm/api/land?token=2023f5b32d8db87d4d24da017a0127d2","imageurl":"/mcm/images/land/2A/4691_c0b4808983d.jpg","landname":"25"},{"id":281474996043802,"level":3,"status":1,"posx":6,"posy":9,"cityid":295,"townid":665,"tokenid":"7514a99f91e5bf96937c6ed85f3c3e74","tokenurl":"/mcm/api/land?token=7514a99f91e5bf96937c6ed85f3c3e74","imageurl":"/mcm/images/land/2B/7814_46c0e78cdc1b.jpg","landname":"26"},{"id":281474996043803,"level":3,"status":1,"posx":32,"posy":9,"cityid":295,"townid":665,"tokenid":"abdcf9d3e45a6b4cdaca4ba0adbb3b67","tokenurl":"/mcm/api/land?token=abdcf9d3e45a6b4cdaca4ba0adbb3b67","imageurl":"/mcm/images/land/2B/7815_55a7f05ed27e.jpg","landname":"27"},{"id":281474996043804,"level":1,"status":0,"posx":33,"posy":9,"cityid":295,"townid":665,"tokenid":"83e3bd084990ee12be5d721a673017ea","tokenurl":"/mcm/api/land?token=83e3bd084990ee12be5d721a673017ea","imageurl":"/mcm/images/land/2S/3125_f578acb7728.jpg","landname":"28"},{"id":281474996043805,"level":2,"status":0,"posx":5,"posy":10,"cityid":295,"townid":665,"tokenid":"55023b7ec90c064ca9a6f4c50ff8f750","tokenurl":"/mcm/api/land?token=55023b7ec90c064ca9a6f4c50ff8f750","imageurl":"/mcm/images/land/2A/4692_48c600fa2d2a.jpg","landname":"29"},{"id":281474996043806,"level":2,"status":0,"posx":6,"posy":10,"cityid":295,"townid":665,"tokenid":"c010dfa366fbf5d4cd44586931217928","tokenurl":"/mcm/api/land?token=c010dfa366fbf5d4cd44586931217928","imageurl":"/mcm/images/land/2A/4693_779e41f2665.jpg","landname":"30"},{"id":281474996043807,"level":2,"status":0,"posx":8,"posy":10,"cityid":295,"townid":665,"tokenid":"56954eac08374a0ef713f9e48d803e36","tokenurl":"/mcm/api/land?token=56954eac08374a0ef713f9e48d803e36","imageurl":"/mcm/images/land/2A/4694_35e28bf2dc2.jpg","landname":"31"},{"id":281474996043808,"level":3,"status":1,"posx":9,"posy":10,"cityid":295,"townid":665,"tokenid":"3c6442d16bffe7cfee92c93d58cfc37b","tokenurl":"/mcm/api/land?token=3c6442d16bffe7cfee92c93d58cfc37b","imageurl":"/mcm/images/land/2B/7816_1f2dde80fe91.jpg","landname":"32"},{"id":281474996043809,"level":1,"status":1,"posx":23,"posy":10,"cityid":295,"townid":665,"tokenid":"443272c3e597f75c8b107b8db29a78ad","tokenurl":"/mcm/api/land?token=443272c3e597f75c8b107b8db29a78ad","imageurl":"/mcm/images/land/2S/3126_11a254675502.jpg","landname":"33"},{"id":281474996043810,"level":3,"status":1,"posx":24,"posy":10,"cityid":295,"townid":665,"tokenid":"6637fd8d186b3d32aedd9178c4d7dae5","tokenurl":"/mcm/api/land?token=6637fd8d186b3d32aedd9178c4d7dae5","imageurl":"/mcm/images/land/2B/7817_4ac5c3c97a5c.jpg","landname":"34"},{"id":281474996043811,"level":1,"status":0,"posx":8,"posy":11,"cityid":295,"townid":665,"tokenid":"b288d4440eec55d3c4b14c6e50423102","tokenurl":"/mcm/api/land?token=b288d4440eec55d3c4b14c6e50423102","imageurl":"/mcm/images/land/2S/3127_409fc200c2ac.jpg","landname":"35"},{"id":281474996043812,"level":2,"status":0,"posx":9,"posy":11,"cityid":295,"townid":665,"tokenid":"0f33891aec08cce42dac566da4e2baa7","tokenurl":"/mcm/api/land?token=0f33891aec08cce42dac566da4e2baa7","imageurl":"/mcm/images/land/2A/4695_12542d3c6cd0.jpg","landname":"36"},{"id":281474996043813,"level":3,"status":0,"posx":23,"posy":11,"cityid":295,"townid":665,"tokenid":"ab711c4b5dd659942d3f6b24c11245cd","tokenurl":"/mcm/api/land?token=ab711c4b5dd659942d3f6b24c11245cd","imageurl":"/mcm/images/land/2B/7818_86d2042d8cf.jpg","landname":"37"},{"id":281474996043814,"level":3,"status":1,"posx":24,"posy":11,"cityid":295,"townid":665,"tokenid":"a1453a93dd2758cd4c375156cb35307f","tokenurl":"/mcm/api/land?token=a1453a93dd2758cd4c375156cb35307f","imageurl":"/mcm/images/land/2B/7819_439f0507094e.jpg","landname":"38"},{"id":281474996043815,"level":2,"status":1,"posx":8,"posy":12,"cityid":295,"townid":665,"tokenid":"ab907a71bd4ae5819e54ecfe012d42e3","tokenurl":"/mcm/api/land?token=ab907a71bd4ae5819e54ecfe012d42e3","imageurl":"/mcm/images/land/2A/4696_4db52503bd72.jpg","landname":"39"},{"id":281474996043816,"level":2,"status":1,"posx":9,"posy":12,"cityid":295,"townid":665,"tokenid":"0307cb66e9e8b5cd8f7e15ce28d75211","tokenurl":"/mcm/api/land?token=0307cb66e9e8b5cd8f7e15ce28d75211","imageurl":"/mcm/images/land/2A/4697_2e06b3f1f4c2.jpg","landname":"40"},{"id":281474996043817,"level":1,"status":1,"posx":23,"posy":12,"cityid":295,"townid":665,"tokenid":"4caae6fef52471e37ab985284e092e48","tokenurl":"/mcm/api/land?token=4caae6fef52471e37ab985284e092e48","imageurl":"/mcm/images/land/2S/3128_57106831c770.jpg","landname":"41"},{"id":281474996043818,"level":2,"status":1,"posx":24,"posy":12,"cityid":295,"townid":665,"tokenid":"b159afbc8f391dcac60b100df99fe7cb","tokenurl":"/mcm/api/land?token=b159afbc8f391dcac60b100df99fe7cb","imageurl":"/mcm/images/land/2A/4698_428fa8efb811.jpg","landname":"42"},{"id":281474996043819,"level":2,"status":1,"posx":32,"posy":12,"cityid":295,"townid":665,"tokenid":"cc7f9135f7ebe58bef055e43b95b453d","tokenurl":"/mcm/api/land?token=cc7f9135f7ebe58bef055e43b95b453d","imageurl":"/mcm/images/land/2A/4699_22c482ceaca4.jpg","landname":"43"},{"id":281474996043820,"level":3,"status":1,"posx":33,"posy":12,"cityid":295,"townid":665,"tokenid":"09ad80fa89e580360e55a1ab58891932","tokenurl":"/mcm/api/land?token=09ad80fa89e580360e55a1ab58891932","imageurl":"/mcm/images/land/2B/7820_474df59a4064.jpg","landname":"44"},{"id":281474996043821,"level":3,"status":0,"posx":8,"posy":13,"cityid":295,"townid":665,"tokenid":"0bf3ed9f08b854dd19df5f20e82e9868","tokenurl":"/mcm/api/land?token=0bf3ed9f08b854dd19df5f20e82e9868","imageurl":"/mcm/images/land/2B/7821_272be1447792.jpg","landname":"45"},{"id":281474996043822,"level":3,"status":1,"posx":9,"posy":13,"cityid":295,"townid":665,"tokenid":"ff55c3a8f0785ccf4c121147bd204d0b","tokenurl":"/mcm/api/land?token=ff55c3a8f0785ccf4c121147bd204d0b","imageurl":"/mcm/images/land/2B/7822_46ae438895a2.jpg","landname":"46"},{"id":281474996043823,"level":2,"status":1,"posx":23,"posy":13,"cityid":295,"townid":665,"tokenid":"f57053ae21831c52338f619ddc0b42d4","tokenurl":"/mcm/api/land?token=f57053ae21831c52338f619ddc0b42d4","imageurl":"/mcm/images/land/2A/4700_3cf7587400c7.jpg","landname":"47"},{"id":281474996043824,"level":3,"status":1,"posx":24,"posy":13,"cityid":295,"townid":665,"tokenid":"1f7b4f15815466ae66409d7f4d756abf","tokenurl":"/mcm/api/land?token=1f7b4f15815466ae66409d7f4d756abf","imageurl":"/mcm/images/land/2B/7823_4049a3f35064.jpg","landname":"48"},{"id":281474996043825,"level":3,"status":0,"posx":32,"posy":13,"cityid":295,"townid":665,"tokenid":"6d063ea10a16a28d24ac3570b40e841a","tokenurl":"/mcm/api/land?token=6d063ea10a16a28d24ac3570b40e841a","imageurl":"/mcm/images/land/2B/7824_21822c0ff7a3.jpg","landname":"49"},{"id":281474996043826,"level":1,"status":1,"posx":33,"posy":13,"cityid":295,"townid":665,"tokenid":"c042cc87d0b43e5a3c58c7befe0c33e2","tokenurl":"/mcm/api/land?token=c042cc87d0b43e5a3c58c7befe0c33e2","imageurl":"/mcm/images/land/2S/3129_20b93206818a.jpg","landname":"50"},{"id":281474996043827,"level":3,"status":1,"posx":8,"posy":14,"cityid":295,"townid":665,"tokenid":"c9beb07f595a5930ba4baf88c8d919ac","tokenurl":"/mcm/api/land?token=c9beb07f595a5930ba4baf88c8d919ac","imageurl":"/mcm/images/land/2B/7825_16048ecfd27e.jpg","landname":"51"},{"id":281474996043828,"level":2,"status":0,"posx":9,"posy":14,"cityid":295,"townid":665,"tokenid":"b3b4886a24afc3f8a4b7339ed93e902d","tokenurl":"/mcm/api/land?token=b3b4886a24afc3f8a4b7339ed93e902d","imageurl":"/mcm/images/land/2A/4701_d2c2bd193cf.jpg","landname":"52"},{"id":281474996043829,"level":3,"status":1,"posx":23,"posy":14,"cityid":295,"townid":665,"tokenid":"2abaf6ae13a4af430392e0c74a4b57ba","tokenurl":"/mcm/api/land?token=2abaf6ae13a4af430392e0c74a4b57ba","imageurl":"/mcm/images/land/2B/7826_222d53190ce6.jpg","landname":"53"},{"id":281474996043830,"level":3,"status":1,"posx":24,"posy":14,"cityid":295,"townid":665,"tokenid":"d20562d13879ec40236af9a845e17616","tokenurl":"/mcm/api/land?token=d20562d13879ec40236af9a845e17616","imageurl":"/mcm/images/land/2B/7827_2c3afe811d1a.jpg","landname":"54"},{"id":281474996043831,"level":2,"status":1,"posx":32,"posy":14,"cityid":295,"townid":665,"tokenid":"d50cb7360123266956902ce2abbabe78","tokenurl":"/mcm/api/land?token=d50cb7360123266956902ce2abbabe78","imageurl":"/mcm/images/land/2A/4702_28932d3894e.jpg","landname":"55"},{"id":281474996043832,"level":1,"status":1,"posx":33,"posy":14,"cityid":295,"townid":665,"tokenid":"f875f430ae903756d3ad47a265b768f4","tokenurl":"/mcm/api/land?token=f875f430ae903756d3ad47a265b768f4","imageurl":"/mcm/images/land/2S/3130_3956dc2defd0.jpg","landname":"56"},{"id":281474996043833,"level":2,"status":1,"posx":32,"posy":15,"cityid":295,"townid":665,"tokenid":"494656f2a861f68d4ba81ad128d432be","tokenurl":"/mcm/api/land?token=494656f2a861f68d4ba81ad128d432be","imageurl":"/mcm/images/land/2A/4703_1798a25978d.jpg","landname":"57"},{"id":281474996043834,"level":2,"status":1,"posx":33,"posy":15,"cityid":295,"townid":665,"tokenid":"da5c5d3311a7ff7fdabbe7b6afa3e0d2","tokenurl":"/mcm/api/land?token=da5c5d3311a7ff7fdabbe7b6afa3e0d2","imageurl":"/mcm/images/land/2A/4704_5a2af58c29b.jpg","landname":"58"},{"id":281474996043835,"level":1,"status":1,"posx":8,"posy":16,"cityid":295,"townid":665,"tokenid":"36d094f46c9989cb10b3bbcb064a56f5","tokenurl":"/mcm/api/land?token=36d094f46c9989cb10b3bbcb064a56f5","imageurl":"/mcm/images/land/2S/3131_24dad40f6e45.jpg","landname":"59"},{"id":281474996043836,"level":3,"status":0,"posx":9,"posy":16,"cityid":295,"townid":665,"tokenid":"12fe1f0f4c2591a4054c9f4c15df4c18","tokenurl":"/mcm/api/land?token=12fe1f0f4c2591a4054c9f4c15df4c18","imageurl":"/mcm/images/land/2B/7828_2c25f09ac787.jpg","landname":"60"},{"id":281474996043837,"level":1,"status":1,"posx":32,"posy":16,"cityid":295,"townid":665,"tokenid":"2fd3f66fbe847b88e59fc1ee65f54b53","tokenurl":"/mcm/api/land?token=2fd3f66fbe847b88e59fc1ee65f54b53","imageurl":"/mcm/images/land/2S/3132_49d6eb30d812.jpg","landname":"61"},{"id":281474996043838,"level":3,"status":1,"posx":33,"posy":16,"cityid":295,"townid":665,"tokenid":"f466eb0619596900e108b1d2888310cb","tokenurl":"/mcm/api/land?token=f466eb0619596900e108b1d2888310cb","imageurl":"/mcm/images/land/2B/7829_f1c3fbd961a.jpg","landname":"62"},{"id":281474996043839,"level":3,"status":0,"posx":8,"posy":17,"cityid":295,"townid":665,"tokenid":"3501d4185c5d1c0a339e9ff64cd73881","tokenurl":"/mcm/api/land?token=3501d4185c5d1c0a339e9ff64cd73881","imageurl":"/mcm/images/land/2B/7830_4b8668412a13.jpg","landname":"63"},{"id":281474996043840,"level":3,"status":0,"posx":9,"posy":17,"cityid":295,"townid":665,"tokenid":"d05743ad991946447c275bc76f508044","tokenurl":"/mcm/api/land?token=d05743ad991946447c275bc76f508044","imageurl":"/mcm/images/land/2B/7831_550cc0fd90b6.jpg","landname":"64"},{"id":281474996043841,"level":2,"status":0,"posx":8,"posy":18,"cityid":295,"townid":665,"tokenid":"30427e8a82efec13f1a5834f7cbc2651","tokenurl":"/mcm/api/land?token=30427e8a82efec13f1a5834f7cbc2651","imageurl":"/mcm/images/land/2A/4705_19db0266a95.jpg","landname":"65"},{"id":281474996043842,"level":3,"status":0,"posx":9,"posy":18,"cityid":295,"townid":665,"tokenid":"9f8ec1a413d6c61071fce83df14bd07f","tokenurl":"/mcm/api/land?token=9f8ec1a413d6c61071fce83df14bd07f","imageurl":"/mcm/images/land/2B/7832_24f428e16d2b.jpg","landname":"66"},{"id":281474996043843,"level":1,"status":0,"posx":20,"posy":18,"cityid":295,"townid":665,"tokenid":"a12c61672b4274afcbc369e7663aa9b0","tokenurl":"/mcm/api/land?token=a12c61672b4274afcbc369e7663aa9b0","imageurl":"/mcm/images/land/2S/3133_3e225ef23c19.jpg","landname":"67"},{"id":281474996043844,"level":3,"status":1,"posx":21,"posy":18,"cityid":295,"townid":665,"tokenid":"07bc132cad5768cdc43f40bef83d7738","tokenurl":"/mcm/api/land?token=07bc132cad5768cdc43f40bef83d7738","imageurl":"/mcm/images/land/2B/7833_52dc4eb160af.jpg","landname":"68"},{"id":281474996043845,"level":3,"status":0,"posx":25,"posy":18,"cityid":295,"townid":665,"tokenid":"82aba72d1688cb1fc51b636a0040e8aa","tokenurl":"/mcm/api/land?token=82aba72d1688cb1fc51b636a0040e8aa","imageurl":"/mcm/images/land/2B/7834_151bdeeefa03.jpg","landname":"69"},{"id":281474996043846,"level":2,"status":0,"posx":26,"posy":18,"cityid":295,"townid":665,"tokenid":"12c6efb3d11f1424871fbfd7f45ca172","tokenurl":"/mcm/api/land?token=12c6efb3d11f1424871fbfd7f45ca172","imageurl":"/mcm/images/land/2A/4706_359ccf5bb9f3.jpg","landname":"70"},{"id":281474996043847,"level":2,"status":0,"posx":8,"posy":19,"cityid":295,"townid":665,"tokenid":"4682efd022bf1c163b684f05e4bf88d0","tokenurl":"/mcm/api/land?token=4682efd022bf1c163b684f05e4bf88d0","imageurl":"/mcm/images/land/2A/4707_3380410895ed.jpg","landname":"71"},{"id":281474996043848,"level":3,"status":0,"posx":9,"posy":19,"cityid":295,"townid":665,"tokenid":"c9adc5bd312452ea19130daca3a54fef","tokenurl":"/mcm/api/land?token=c9adc5bd312452ea19130daca3a54fef","imageurl":"/mcm/images/land/2B/7835_406fe92e019c.jpg","landname":"72"},{"id":281474996043849,"level":2,"status":1,"posx":20,"posy":19,"cityid":295,"townid":665,"tokenid":"b3639bbe0fa07c1e9472e5b9790d61c4","tokenurl":"/mcm/api/land?token=b3639bbe0fa07c1e9472e5b9790d61c4","imageurl":"/mcm/images/land/2A/4708_3fb49ec90cfa.jpg","landname":"73"},{"id":281474996043850,"level":3,"status":1,"posx":21,"posy":19,"cityid":295,"townid":665,"tokenid":"5466ee0f4848e790f0f9c26979b8ada5","tokenurl":"/mcm/api/land?token=5466ee0f4848e790f0f9c26979b8ada5","imageurl":"/mcm/images/land/2B/7836_37ebad7e7529.jpg","landname":"74"},{"id":281474996043851,"level":3,"status":0,"posx":25,"posy":19,"cityid":295,"townid":665,"tokenid":"9325ab0b83d6f73e1d77f00096e31524","tokenurl":"/mcm/api/land?token=9325ab0b83d6f73e1d77f00096e31524","imageurl":"/mcm/images/land/2B/7837_39177a00a850.jpg","landname":"75"},{"id":281474996043852,"level":2,"status":1,"posx":26,"posy":19,"cityid":295,"townid":665,"tokenid":"61062329d0bfcfa9b71c9d597b1d88c2","tokenurl":"/mcm/api/land?token=61062329d0bfcfa9b71c9d597b1d88c2","imageurl":"/mcm/images/land/2A/4709_1b451fd013b1.jpg","landname":"76"},{"id":281474996043853,"level":3,"status":1,"posx":8,"posy":20,"cityid":295,"townid":665,"tokenid":"b380ea8b75d76e8392c54bc4b546b2c2","tokenurl":"/mcm/api/land?token=b380ea8b75d76e8392c54bc4b546b2c2","imageurl":"/mcm/images/land/2B/7838_694a5edc26f.jpg","landname":"77"},{"id":281474996043854,"level":2,"status":1,"posx":9,"posy":20,"cityid":295,"townid":665,"tokenid":"fa2cf251e35eb59a9eae25d38bc3918e","tokenurl":"/mcm/api/land?token=fa2cf251e35eb59a9eae25d38bc3918e","imageurl":"/mcm/images/land/2A/4710_2bd34c7bd815.jpg","landname":"78"},{"id":281474996043855,"level":2,"status":0,"posx":20,"posy":20,"cityid":295,"townid":665,"tokenid":"16558d2dbee68c75ba97007828548c3c","tokenurl":"/mcm/api/land?token=16558d2dbee68c75ba97007828548c3c","imageurl":"/mcm/images/land/2A/4711_55ad21868ccc.jpg","landname":"79"},{"id":281474996043856,"level":1,"status":1,"posx":21,"posy":20,"cityid":295,"townid":665,"tokenid":"034ac43c6e8fdd90728c38ba130ebe52","tokenurl":"/mcm/api/land?token=034ac43c6e8fdd90728c38ba130ebe52","imageurl":"/mcm/images/land/2S/3134_545234d07f97.jpg","landname":"80"},{"id":281474996043857,"level":3,"status":0,"posx":25,"posy":20,"cityid":295,"townid":665,"tokenid":"dc0d8dbc58b2c4a8bb5dc4e285ba0209","tokenurl":"/mcm/api/land?token=dc0d8dbc58b2c4a8bb5dc4e285ba0209","imageurl":"/mcm/images/land/2B/7839_422c9bc88f4b.jpg","landname":"81"},{"id":281474996043858,"level":3,"status":0,"posx":26,"posy":20,"cityid":295,"townid":665,"tokenid":"a076686dc72f1cb7603d5f8b7eb0aa26","tokenurl":"/mcm/api/land?token=a076686dc72f1cb7603d5f8b7eb0aa26","imageurl":"/mcm/images/land/2B/7840_2f454513f125.jpg","landname":"82"},{"id":281474996043859,"level":1,"status":1,"posx":31,"posy":20,"cityid":295,"townid":665,"tokenid":"2ad934ba90e6de9de6508a1c1e25f9ba","tokenurl":"/mcm/api/land?token=2ad934ba90e6de9de6508a1c1e25f9ba","imageurl":"/mcm/images/land/2S/3135_41759ec2dd6e.jpg","landname":"83"},{"id":281474996043860,"level":3,"status":0,"posx":32,"posy":20,"cityid":295,"townid":665,"tokenid":"a554e97a9ecbb0a9230f679286b8bfd7","tokenurl":"/mcm/api/land?token=a554e97a9ecbb0a9230f679286b8bfd7","imageurl":"/mcm/images/land/2B/7841_54f3f7cccee9.jpg","landname":"84"},{"id":281474996043861,"level":3,"status":1,"posx":20,"posy":21,"cityid":295,"townid":665,"tokenid":"96c45f94676906f9a5195d1a7a03f935","tokenurl":"/mcm/api/land?token=96c45f94676906f9a5195d1a7a03f935","imageurl":"/mcm/images/land/2B/7842_409afe516eb7.jpg","landname":"85"},{"id":281474996043862,"level":3,"status":0,"posx":21,"posy":21,"cityid":295,"townid":665,"tokenid":"83e8425832193731ef6ce8e905542b46","tokenurl":"/mcm/api/land?token=83e8425832193731ef6ce8e905542b46","imageurl":"/mcm/images/land/2B/7843_52bccdcf5372.jpg","landname":"86"},{"id":281474996043863,"level":3,"status":0,"posx":25,"posy":21,"cityid":295,"townid":665,"tokenid":"e7f68ebcb87812419c42cad78110972b","tokenurl":"/mcm/api/land?token=e7f68ebcb87812419c42cad78110972b","imageurl":"/mcm/images/land/2B/7844_365399738e70.jpg","landname":"87"},{"id":281474996043864,"level":1,"status":1,"posx":26,"posy":21,"cityid":295,"townid":665,"tokenid":"e1891d32eb184f1b97b67188cc3423b4","tokenurl":"/mcm/api/land?token=e1891d32eb184f1b97b67188cc3423b4","imageurl":"/mcm/images/land/2S/3136_1c500ce47c90.jpg","landname":"88"},{"id":281474996043865,"level":3,"status":1,"posx":31,"posy":21,"cityid":295,"townid":665,"tokenid":"2ee80f667654f5c6d07daf01a46bcc2a","tokenurl":"/mcm/api/land?token=2ee80f667654f5c6d07daf01a46bcc2a","imageurl":"/mcm/images/land/2B/7845_4575e6e8c7e6.jpg","landname":"89"},{"id":281474996043866,"level":2,"status":1,"posx":32,"posy":21,"cityid":295,"townid":665,"tokenid":"17e84cb276f18e46f3a0b5a5f493edd0","tokenurl":"/mcm/api/land?token=17e84cb276f18e46f3a0b5a5f493edd0","imageurl":"/mcm/images/land/2A/4712_57a7126ad4d6.jpg","landname":"90"},{"id":281474996043867,"level":3,"status":0,"posx":12,"posy":22,"cityid":295,"townid":665,"tokenid":"16358f2ec026512f356ae9a663390a07","tokenurl":"/mcm/api/land?token=16358f2ec026512f356ae9a663390a07","imageurl":"/mcm/images/land/2B/7846_22b9ceb7ca02.jpg","landname":"91"},{"id":281474996043868,"level":2,"status":0,"posx":13,"posy":22,"cityid":295,"townid":665,"tokenid":"4b9cde2fd2d12552cd2b0ac493095544","tokenurl":"/mcm/api/land?token=4b9cde2fd2d12552cd2b0ac493095544","imageurl":"/mcm/images/land/2A/4713_16a165d0177f.jpg","landname":"92"},{"id":281474996043869,"level":3,"status":0,"posx":20,"posy":22,"cityid":295,"townid":665,"tokenid":"e587ec73b983e2d752a3e4ef126b6e02","tokenurl":"/mcm/api/land?token=e587ec73b983e2d752a3e4ef126b6e02","imageurl":"/mcm/images/land/2B/7847_43bd779e6543.jpg","landname":"93"},{"id":281474996043870,"level":1,"status":1,"posx":21,"posy":22,"cityid":295,"townid":665,"tokenid":"75636582c317482d8a8a6a41375088b5","tokenurl":"/mcm/api/land?token=75636582c317482d8a8a6a41375088b5","imageurl":"/mcm/images/land/2S/3137_2fc2d463a56e.jpg","landname":"94"},{"id":281474996043871,"level":2,"status":1,"posx":25,"posy":22,"cityid":295,"townid":665,"tokenid":"6865459dc259b8f126785a8130631a8c","tokenurl":"/mcm/api/land?token=6865459dc259b8f126785a8130631a8c","imageurl":"/mcm/images/land/2A/4714_263f2ea98491.jpg","landname":"95"},{"id":281474996043872,"level":1,"status":1,"posx":26,"posy":22,"cityid":295,"townid":665,"tokenid":"8a40126490dd5bb37318eef3396e75dd","tokenurl":"/mcm/api/land?token=8a40126490dd5bb37318eef3396e75dd","imageurl":"/mcm/images/land/2S/3138_1e5a86a8662f.jpg","landname":"96"},{"id":281474996043873,"level":3,"status":1,"posx":31,"posy":22,"cityid":295,"townid":665,"tokenid":"d1c417ae6ad8e57d4d8d6861b9ecab74","tokenurl":"/mcm/api/land?token=d1c417ae6ad8e57d4d8d6861b9ecab74","imageurl":"/mcm/images/land/2B/7848_9aa7b77c2fa.jpg","landname":"97"},{"id":281474996043874,"level":3,"status":1,"posx":32,"posy":22,"cityid":295,"townid":665,"tokenid":"d8d0cb3188339cb58eb72a555317420b","tokenurl":"/mcm/api/land?token=d8d0cb3188339cb58eb72a555317420b","imageurl":"/mcm/images/land/2B/7849_4f3cacaf23ac.jpg","landname":"98"},{"id":281474996043875,"level":3,"status":0,"posx":12,"posy":23,"cityid":295,"townid":665,"tokenid":"232461c453f2474e4da7aab1f62c5871","tokenurl":"/mcm/api/land?token=232461c453f2474e4da7aab1f62c5871","imageurl":"/mcm/images/land/2B/7850_3f9b572049ac.jpg","landname":"99"},{"id":281474996043876,"level":3,"status":0,"posx":13,"posy":23,"cityid":295,"townid":665,"tokenid":"ebc474178c3813ed77369dfd4d6cfde5","tokenurl":"/mcm/api/land?token=ebc474178c3813ed77369dfd4d6cfde5","imageurl":"/mcm/images/land/2B/7851_51894a7f0a04.jpg","landname":"100"},{"id":281474996043877,"level":2,"status":0,"posx":31,"posy":23,"cityid":295,"townid":665,"tokenid":"72ce57b1b4dfe7738f81c17d3aca85d7","tokenurl":"/mcm/api/land?token=72ce57b1b4dfe7738f81c17d3aca85d7","imageurl":"/mcm/images/land/2A/4715_265841bc0a0f.jpg","landname":"101"},{"id":281474996043878,"level":3,"status":0,"posx":32,"posy":23,"cityid":295,"townid":665,"tokenid":"aafe842c95ff0b977fa166c77f367133","tokenurl":"/mcm/api/land?token=aafe842c95ff0b977fa166c77f367133","imageurl":"/mcm/images/land/2B/7852_11d4ab96fd39.jpg","landname":"102"},{"id":281474996043879,"level":1,"status":0,"posx":12,"posy":24,"cityid":295,"townid":665,"tokenid":"59ac2925760978c7f841b48b8792cf14","tokenurl":"/mcm/api/land?token=59ac2925760978c7f841b48b8792cf14","imageurl":"/mcm/images/land/2S/3139_131c13fe3d76.jpg","landname":"103"},{"id":281474996043880,"level":1,"status":1,"posx":13,"posy":24,"cityid":295,"townid":665,"tokenid":"09fd3432f338b76bca74eb90524fca66","tokenurl":"/mcm/api/land?token=09fd3432f338b76bca74eb90524fca66","imageurl":"/mcm/images/land/2S/3140_518f1faeff08.jpg","landname":"104"},{"id":281474996043881,"level":3,"status":1,"posx":31,"posy":24,"cityid":295,"townid":665,"tokenid":"ef8536bdf82b5d9da6f02e1973b2bef2","tokenurl":"/mcm/api/land?token=ef8536bdf82b5d9da6f02e1973b2bef2","imageurl":"/mcm/images/land/2B/7853_5adcff9a7e75.jpg","landname":"105"},{"id":281474996043882,"level":2,"status":0,"posx":32,"posy":24,"cityid":295,"townid":665,"tokenid":"687bfa77615eaa56464e25235930dd75","tokenurl":"/mcm/api/land?token=687bfa77615eaa56464e25235930dd75","imageurl":"/mcm/images/land/2A/4716_56f7055f2536.jpg","landname":"106"},{"id":281474996043883,"level":3,"status":0,"posx":12,"posy":25,"cityid":295,"townid":665,"tokenid":"bcdb3451000c48b815104bcb6d3cc181","tokenurl":"/mcm/api/land?token=bcdb3451000c48b815104bcb6d3cc181","imageurl":"/mcm/images/land/2B/7854_3bfdb615855d.jpg","landname":"107"},{"id":281474996043884,"level":3,"status":1,"posx":13,"posy":25,"cityid":295,"townid":665,"tokenid":"ff910760d717dd5e0a54a8e37e000aac","tokenurl":"/mcm/api/land?token=ff910760d717dd5e0a54a8e37e000aac","imageurl":"/mcm/images/land/2B/7855_15814475fd5b.jpg","landname":"108"},{"id":281474996043885,"level":1,"status":0,"posx":6,"posy":26,"cityid":295,"townid":665,"tokenid":"bd8d7a06c04ef3cabbb5673b5e411cd8","tokenurl":"/mcm/api/land?token=bd8d7a06c04ef3cabbb5673b5e411cd8","imageurl":"/mcm/images/land/2S/3141_3e24d300cf0d.jpg","landname":"109"},{"id":281474996043886,"level":3,"status":1,"posx":7,"posy":26,"cityid":295,"townid":665,"tokenid":"4289d4a13e90b52ea599df372d10c2d5","tokenurl":"/mcm/api/land?token=4289d4a13e90b52ea599df372d10c2d5","imageurl":"/mcm/images/land/2B/7856_35772e6fa622.jpg","landname":"110"},{"id":281474996043887,"level":3,"status":1,"posx":9,"posy":26,"cityid":295,"townid":665,"tokenid":"c0f42a839b6665626eb5b89bb5cb1b7a","tokenurl":"/mcm/api/land?token=c0f42a839b6665626eb5b89bb5cb1b7a","imageurl":"/mcm/images/land/2B/7857_40418e0b718e.jpg","landname":"111"},{"id":281474996043888,"level":3,"status":1,"posx":10,"posy":26,"cityid":295,"townid":665,"tokenid":"49311283e9e159d6d20370d45345a153","tokenurl":"/mcm/api/land?token=49311283e9e159d6d20370d45345a153","imageurl":"/mcm/images/land/2B/7858_ff75dfb85de.jpg","landname":"112"},{"id":281474996043889,"level":3,"status":1,"posx":12,"posy":26,"cityid":295,"townid":665,"tokenid":"651e40fb37bc4079a2bf6cd9186f9e7a","tokenurl":"/mcm/api/land?token=651e40fb37bc4079a2bf6cd9186f9e7a","imageurl":"/mcm/images/land/2B/7859_4218d7dfbb37.jpg","landname":"113"},{"id":281474996043890,"level":1,"status":1,"posx":13,"posy":26,"cityid":295,"townid":665,"tokenid":"270159fa532f9686ca9829272cd68733","tokenurl":"/mcm/api/land?token=270159fa532f9686ca9829272cd68733","imageurl":"/mcm/images/land/2S/3142_18c545670cfc.jpg","landname":"114"},{"id":281474996043891,"level":2,"status":0,"posx":6,"posy":27,"cityid":295,"townid":665,"tokenid":"ade04d5128e59d4c3747041b8710f6ff","tokenurl":"/mcm/api/land?token=ade04d5128e59d4c3747041b8710f6ff","imageurl":"/mcm/images/land/2A/4717_452079e3db67.jpg","landname":"115"},{"id":281474996043892,"level":3,"status":1,"posx":7,"posy":27,"cityid":295,"townid":665,"tokenid":"8d0c608d2a79c44511f3ce471ee5280f","tokenurl":"/mcm/api/land?token=8d0c608d2a79c44511f3ce471ee5280f","imageurl":"/mcm/images/land/2B/7860_1601ddfc26eb.jpg","landname":"116"},{"id":281474996043893,"level":3,"status":0,"posx":9,"posy":27,"cityid":295,"townid":665,"tokenid":"aae6efba85dbb60bdfe13d07abfab5fe","tokenurl":"/mcm/api/land?token=aae6efba85dbb60bdfe13d07abfab5fe","imageurl":"/mcm/images/land/2B/7861_2819954e197d.jpg","landname":"117"},{"id":281474996043894,"level":2,"status":1,"posx":10,"posy":27,"cityid":295,"townid":665,"tokenid":"9ca100bed8ecd63cc741e4a88fe3649a","tokenurl":"/mcm/api/land?token=9ca100bed8ecd63cc741e4a88fe3649a","imageurl":"/mcm/images/land/2A/4718_2b37164d4d0d.jpg","landname":"118"},{"id":281474996043895,"level":1,"status":0,"posx":23,"posy":27,"cityid":295,"townid":665,"tokenid":"896b28d9cd8b3e5d4940afca5c22ed5f","tokenurl":"/mcm/api/land?token=896b28d9cd8b3e5d4940afca5c22ed5f","imageurl":"/mcm/images/land/2S/3143_46c104ee7423.jpg","landname":"119"},{"id":281474996043896,"level":3,"status":1,"posx":24,"posy":27,"cityid":295,"townid":665,"tokenid":"70abb7ac9099fc6b5a0a4a4fc8a75333","tokenurl":"/mcm/api/land?token=70abb7ac9099fc6b5a0a4a4fc8a75333","imageurl":"/mcm/images/land/2B/7862_35b4e6d101f4.jpg","landname":"120"},{"id":281474996043897,"level":3,"status":0,"posx":6,"posy":28,"cityid":295,"townid":665,"tokenid":"8dc4291be3c115dc8b2792676ba9728d","tokenurl":"/mcm/api/land?token=8dc4291be3c115dc8b2792676ba9728d","imageurl":"/mcm/images/land/2B/7863_54592a9966e3.jpg","landname":"121"},{"id":281474996043898,"level":1,"status":0,"posx":7,"posy":28,"cityid":295,"townid":665,"tokenid":"28d47db52b886d16d22b9c75a96a69b9","tokenurl":"/mcm/api/land?token=28d47db52b886d16d22b9c75a96a69b9","imageurl":"/mcm/images/land/2S/3144_41a9b48dc27b.jpg","landname":"122"},{"id":281474996043899,"level":3,"status":1,"posx":9,"posy":28,"cityid":295,"townid":665,"tokenid":"4fc7ef22bce855d9ff64542e1fb315a0","tokenurl":"/mcm/api/land?token=4fc7ef22bce855d9ff64542e1fb315a0","imageurl":"/mcm/images/land/2B/7864_254976d80dfc.jpg","landname":"123"},{"id":281474996043900,"level":3,"status":1,"posx":10,"posy":28,"cityid":295,"townid":665,"tokenid":"e460a751a64eee4f5266b0d10bb2e792","tokenurl":"/mcm/api/land?token=e460a751a64eee4f5266b0d10bb2e792","imageurl":"/mcm/images/land/2B/7865_1fbaa97a7426.jpg","landname":"124"},{"id":281474996043901,"level":3,"status":0,"posx":23,"posy":28,"cityid":295,"townid":665,"tokenid":"6e60b48d56ae41c250493a8b5a2fbea1","tokenurl":"/mcm/api/land?token=6e60b48d56ae41c250493a8b5a2fbea1","imageurl":"/mcm/images/land/2B/7866_405fb6e13c1a.jpg","landname":"125"},{"id":281474996043902,"level":1,"status":0,"posx":24,"posy":28,"cityid":295,"townid":665,"tokenid":"1939a46ab7b68cdf7cf8dc7b14304129","tokenurl":"/mcm/api/land?token=1939a46ab7b68cdf7cf8dc7b14304129","imageurl":"/mcm/images/land/2S/3145_48200a2edbf1.jpg","landname":"126"},{"id":281474996043903,"level":2,"status":0,"posx":32,"posy":28,"cityid":295,"townid":665,"tokenid":"23ffda0c91d84f541b701927de76890a","tokenurl":"/mcm/api/land?token=23ffda0c91d84f541b701927de76890a","imageurl":"/mcm/images/land/2A/4719_3878e8482f08.jpg","landname":"127"},{"id":281474996043904,"level":1,"status":1,"posx":33,"posy":28,"cityid":295,"townid":665,"tokenid":"567b7afc145e0d3706ab949ea9e5bcbd","tokenurl":"/mcm/api/land?token=567b7afc145e0d3706ab949ea9e5bcbd","imageurl":"/mcm/images/land/2S/3146_1734c9c9b4ac.jpg","landname":"128"},{"id":281474996043905,"level":2,"status":0,"posx":6,"posy":29,"cityid":295,"townid":665,"tokenid":"81d4fb98c1286d6291ec53a633cd15f8","tokenurl":"/mcm/api/land?token=81d4fb98c1286d6291ec53a633cd15f8","imageurl":"/mcm/images/land/2A/4720_25cb989a1df3.jpg","landname":"129"},{"id":281474996043906,"level":3,"status":1,"posx":7,"posy":29,"cityid":295,"townid":665,"tokenid":"30991ce57b00cf2de94f5ed1aa68c6b2","tokenurl":"/mcm/api/land?token=30991ce57b00cf2de94f5ed1aa68c6b2","imageurl":"/mcm/images/land/2B/7867_176a54e2a61c.jpg","landname":"130"},{"id":281474996043907,"level":2,"status":0,"posx":9,"posy":29,"cityid":295,"townid":665,"tokenid":"f43ee3d486109e2fe131aae28bdbc87c","tokenurl":"/mcm/api/land?token=f43ee3d486109e2fe131aae28bdbc87c","imageurl":"/mcm/images/land/2A/4721_480569d985dc.jpg","landname":"131"},{"id":281474996043908,"level":1,"status":0,"posx":10,"posy":29,"cityid":295,"townid":665,"tokenid":"59452808a315cb24f9622cd0a7db9298","tokenurl":"/mcm/api/land?token=59452808a315cb24f9622cd0a7db9298","imageurl":"/mcm/images/land/2S/3147_1be1ae13a38c.jpg","landname":"132"},{"id":281474996043909,"level":1,"status":0,"posx":23,"posy":29,"cityid":295,"townid":665,"tokenid":"e04ee9897109cf72281556ce5f37d5bd","tokenurl":"/mcm/api/land?token=e04ee9897109cf72281556ce5f37d5bd","imageurl":"/mcm/images/land/2S/3148_4869e6d760ec.jpg","landname":"133"},{"id":281474996043910,"level":2,"status":1,"posx":24,"posy":29,"cityid":295,"townid":665,"tokenid":"b0d3e75799976ca0c6f91a4bbc94c53f","tokenurl":"/mcm/api/land?token=b0d3e75799976ca0c6f91a4bbc94c53f","imageurl":"/mcm/images/land/2A/4722_41c111617e4b.jpg","landname":"134"},{"id":281474996043911,"level":3,"status":0,"posx":32,"posy":29,"cityid":295,"townid":665,"tokenid":"76b7e4a69c71da727466dcd22b062136","tokenurl":"/mcm/api/land?token=76b7e4a69c71da727466dcd22b062136","imageurl":"/mcm/images/land/2B/7868_2a97c48b4cb4.jpg","landname":"135"},{"id":281474996043912,"level":3,"status":0,"posx":33,"posy":29,"cityid":295,"townid":665,"tokenid":"108149758cc6b915bbcff83dfcb8e4e9","tokenurl":"/mcm/api/land?token=108149758cc6b915bbcff83dfcb8e4e9","imageurl":"/mcm/images/land/2B/7869_1ba1487d8bb8.jpg","landname":"136"},{"id":281474996043913,"level":1,"status":0,"posx":6,"posy":30,"cityid":295,"townid":665,"tokenid":"9727e784b64e51daa31d69e2bab73bb1","tokenurl":"/mcm/api/land?token=9727e784b64e51daa31d69e2bab73bb1","imageurl":"/mcm/images/land/2S/3149_fffbd6896c8.jpg","landname":"137"},{"id":281474996043914,"level":1,"status":1,"posx":7,"posy":30,"cityid":295,"townid":665,"tokenid":"4e708e3e8ab3a46ebacd12926694ae84","tokenurl":"/mcm/api/land?token=4e708e3e8ab3a46ebacd12926694ae84","imageurl":"/mcm/images/land/2S/3150_32e81e482fe2.jpg","landname":"138"},{"id":281474996043915,"level":2,"status":1,"posx":9,"posy":30,"cityid":295,"townid":665,"tokenid":"2c10ecb2ce5acc9f70615d7760261593","tokenurl":"/mcm/api/land?token=2c10ecb2ce5acc9f70615d7760261593","imageurl":"/mcm/images/land/2A/4723_182a5da248a6.jpg","landname":"139"},{"id":281474996043916,"level":3,"status":1,"posx":10,"posy":30,"cityid":295,"townid":665,"tokenid":"7309efc3bb9f742efb647a4f3ee64969","tokenurl":"/mcm/api/land?token=7309efc3bb9f742efb647a4f3ee64969","imageurl":"/mcm/images/land/2B/7870_3c3c3b4b026c.jpg","landname":"140"},{"id":281474996043917,"level":2,"status":0,"posx":23,"posy":30,"cityid":295,"townid":665,"tokenid":"1ebecf1277d04bcfa7547b88889b5ef5","tokenurl":"/mcm/api/land?token=1ebecf1277d04bcfa7547b88889b5ef5","imageurl":"/mcm/images/land/2A/4724_393c97ff2074.jpg","landname":"141"},{"id":281474996043918,"level":3,"status":0,"posx":24,"posy":30,"cityid":295,"townid":665,"tokenid":"71feafff3c3f41c741368056d48731f4","tokenurl":"/mcm/api/land?token=71feafff3c3f41c741368056d48731f4","imageurl":"/mcm/images/land/2B/7871_19afccf6b700.jpg","landname":"142"},{"id":281474996043919,"level":3,"status":0,"posx":32,"posy":30,"cityid":295,"townid":665,"tokenid":"f2c3af3e4bb646d0994d98a64303dd09","tokenurl":"/mcm/api/land?token=f2c3af3e4bb646d0994d98a64303dd09","imageurl":"/mcm/images/land/2B/7872_12e1e1204121.jpg","landname":"143"},{"id":281474996043920,"level":3,"status":1,"posx":33,"posy":30,"cityid":295,"townid":665,"tokenid":"5a5c975551d1e266febb568c8480a6ec","tokenurl":"/mcm/api/land?token=5a5c975551d1e266febb568c8480a6ec","imageurl":"/mcm/images/land/2B/7873_4d5e404acfa4.jpg","landname":"144"},{"id":281474996043921,"level":3,"status":0,"posx":23,"posy":31,"cityid":295,"townid":665,"tokenid":"fc4c26206b3c534447df973b15499da8","tokenurl":"/mcm/api/land?token=fc4c26206b3c534447df973b15499da8","imageurl":"/mcm/images/land/2B/7874_40286a4096b7.jpg","landname":"145"},{"id":281474996043922,"level":3,"status":0,"posx":24,"posy":31,"cityid":295,"townid":665,"tokenid":"7f8e034905d8bb9665cc22970e5dcc72","tokenurl":"/mcm/api/land?token=7f8e034905d8bb9665cc22970e5dcc72","imageurl":"/mcm/images/land/2B/7875_3c64b0d5ee7b.jpg","landname":"146"},{"id":281474996043923,"level":1,"status":0,"posx":32,"posy":31,"cityid":295,"townid":665,"tokenid":"49972f59f41899b6b34ba726fbceb240","tokenurl":"/mcm/api/land?token=49972f59f41899b6b34ba726fbceb240","imageurl":"/mcm/images/land/2S/3151_80ea5e6cf8a.jpg","landname":"147"},{"id":281474996043924,"level":2,"status":1,"posx":33,"posy":31,"cityid":295,"townid":665,"tokenid":"5dcd33dad5d63b9556b07fddcab34666","tokenurl":"/mcm/api/land?token=5dcd33dad5d63b9556b07fddcab34666","imageurl":"/mcm/images/land/2A/4725_29ccb9aacbf.jpg","landname":"148"},{"id":281474996043925,"level":2,"status":0,"posx":32,"posy":32,"cityid":295,"townid":665,"tokenid":"a1db205da6ad0626a63dd19e99be1983","tokenurl":"/mcm/api/land?token=a1db205da6ad0626a63dd19e99be1983","imageurl":"/mcm/images/land/2A/4726_5ad8081b7c62.jpg","landname":"149"},{"id":281474996043926,"level":3,"status":0,"posx":33,"posy":32,"cityid":295,"townid":665,"tokenid":"88e671d270adb56ad149df1a448d79aa","tokenurl":"/mcm/api/land?token=88e671d270adb56ad149df1a448d79aa","imageurl":"/mcm/images/land/2B/7876_400e881daba4.jpg","landname":"150"}]]],0,0,[],[],[]]
