[1,0,0,[["cc.JsonAsset",["_name","json"],1]],[[0,0,1,3]],[[0,"1345",[{"id":281475017474049,"level":3,"status":1,"posx":6,"posy":5,"cityid":622,"townid":1345,"tokenid":"82b9d7d5083cf36afb12d8c417be230d","tokenurl":"/mcm/api/land?token=82b9d7d5083cf36afb12d8c417be230d","imageurl":"/mcm/images/land/2B/24302_43c3a7798437.jpg","landname":"1"},{"id":281475017474050,"level":3,"status":1,"posx":7,"posy":5,"cityid":622,"townid":1345,"tokenid":"dbb840a10264aff8d13c4d5073b3c165","tokenurl":"/mcm/api/land?token=dbb840a10264aff8d13c4d5073b3c165","imageurl":"/mcm/images/land/2B/24303_5aa1de525d54.jpg","landname":"2"},{"id":281475017474051,"level":3,"status":0,"posx":6,"posy":6,"cityid":622,"townid":1345,"tokenid":"5812ab046ccb8009c5c9f44ea1d5510a","tokenurl":"/mcm/api/land?token=5812ab046ccb8009c5c9f44ea1d5510a","imageurl":"/mcm/images/land/2B/24304_37576b503de4.jpg","landname":"3"},{"id":281475017474052,"level":3,"status":0,"posx":7,"posy":6,"cityid":622,"townid":1345,"tokenid":"55e41015c8068d40381a526cc3696384","tokenurl":"/mcm/api/land?token=55e41015c8068d40381a526cc3696384","imageurl":"/mcm/images/land/2B/24305_4cbb8bd2de5d.jpg","landname":"4"},{"id":281475017474053,"level":2,"status":1,"posx":18,"posy":6,"cityid":622,"townid":1345,"tokenid":"f8de6cba117d32b5a0772aee8df1b614","tokenurl":"/mcm/api/land?token=f8de6cba117d32b5a0772aee8df1b614","imageurl":"/mcm/images/land/2A/14582_42b68d016353.jpg","landname":"5"},{"id":281475017474054,"level":2,"status":1,"posx":19,"posy":6,"cityid":622,"townid":1345,"tokenid":"811be04ca38f3ab98bd1b76e43f0cded","tokenurl":"/mcm/api/land?token=811be04ca38f3ab98bd1b76e43f0cded","imageurl":"/mcm/images/land/2A/14583_43cec60d3d52.jpg","landname":"6"},{"id":281475017474055,"level":3,"status":1,"posx":20,"posy":6,"cityid":622,"townid":1345,"tokenid":"2887eb6151ebb89df805a32386fb427e","tokenurl":"/mcm/api/land?token=2887eb6151ebb89df805a32386fb427e","imageurl":"/mcm/images/land/2B/24306_505683a5d9ab.jpg","landname":"7"},{"id":281475017474056,"level":3,"status":1,"posx":21,"posy":6,"cityid":622,"townid":1345,"tokenid":"265d11bc97282cb61194e98aa57f9927","tokenurl":"/mcm/api/land?token=265d11bc97282cb61194e98aa57f9927","imageurl":"/mcm/images/land/2B/24307_32ba4e8ff980.jpg","landname":"8"},{"id":281475017474057,"level":2,"status":0,"posx":22,"posy":6,"cityid":622,"townid":1345,"tokenid":"ac248c2bca014c4441a389c4ac36b1e3","tokenurl":"/mcm/api/land?token=ac248c2bca014c4441a389c4ac36b1e3","imageurl":"/mcm/images/land/2A/14584_3b46bccfc94c.jpg","landname":"9"},{"id":281475017474058,"level":3,"status":1,"posx":28,"posy":6,"cityid":622,"townid":1345,"tokenid":"a4c968e4959a3dc01fbf5b50aaf990e5","tokenurl":"/mcm/api/land?token=a4c968e4959a3dc01fbf5b50aaf990e5","imageurl":"/mcm/images/land/2B/24308_43aacf4d7c66.jpg","landname":"10"},{"id":281475017474059,"level":3,"status":1,"posx":29,"posy":6,"cityid":622,"townid":1345,"tokenid":"5cc525299525695240f8d344416df83d","tokenurl":"/mcm/api/land?token=5cc525299525695240f8d344416df83d","imageurl":"/mcm/images/land/2B/24309_116a5eae38ba.jpg","landname":"11"},{"id":281475017474060,"level":3,"status":0,"posx":31,"posy":6,"cityid":622,"townid":1345,"tokenid":"111803c50c05ae55a0ca391516f55298","tokenurl":"/mcm/api/land?token=111803c50c05ae55a0ca391516f55298","imageurl":"/mcm/images/land/2B/24310_1064a519b646.jpg","landname":"12"},{"id":281475017474061,"level":3,"status":0,"posx":32,"posy":6,"cityid":622,"townid":1345,"tokenid":"bd85447dd3657a13fbea64c6616e60d6","tokenurl":"/mcm/api/land?token=bd85447dd3657a13fbea64c6616e60d6","imageurl":"/mcm/images/land/2B/24311_11c5b60703ca.jpg","landname":"13"},{"id":281475017474062,"level":3,"status":1,"posx":6,"posy":7,"cityid":622,"townid":1345,"tokenid":"5f08f90448b81c12edab45b17b192625","tokenurl":"/mcm/api/land?token=5f08f90448b81c12edab45b17b192625","imageurl":"/mcm/images/land/2B/24312_4cededeb9931.jpg","landname":"14"},{"id":281475017474063,"level":2,"status":1,"posx":7,"posy":7,"cityid":622,"townid":1345,"tokenid":"fbe82f13c5b92cc98af64d73be067ad5","tokenurl":"/mcm/api/land?token=fbe82f13c5b92cc98af64d73be067ad5","imageurl":"/mcm/images/land/2A/14585_46f8ff6de0a7.jpg","landname":"15"},{"id":281475017474064,"level":2,"status":1,"posx":18,"posy":7,"cityid":622,"townid":1345,"tokenid":"fd03952a44bdb427061b26c0aec0550b","tokenurl":"/mcm/api/land?token=fd03952a44bdb427061b26c0aec0550b","imageurl":"/mcm/images/land/2A/14586_305922a58848.jpg","landname":"16"},{"id":281475017474065,"level":2,"status":1,"posx":19,"posy":7,"cityid":622,"townid":1345,"tokenid":"1dc431312384df53fc43ee61ce167e55","tokenurl":"/mcm/api/land?token=1dc431312384df53fc43ee61ce167e55","imageurl":"/mcm/images/land/2A/14587_2e21236c51da.jpg","landname":"17"},{"id":281475017474066,"level":2,"status":1,"posx":20,"posy":7,"cityid":622,"townid":1345,"tokenid":"b7e68074f3456a75c869d3dfc095382c","tokenurl":"/mcm/api/land?token=b7e68074f3456a75c869d3dfc095382c","imageurl":"/mcm/images/land/2A/14588_778ef2c390c.jpg","landname":"18"},{"id":281475017474067,"level":2,"status":1,"posx":21,"posy":7,"cityid":622,"townid":1345,"tokenid":"75d6734f1f967d3d24283dc912676da0","tokenurl":"/mcm/api/land?token=75d6734f1f967d3d24283dc912676da0","imageurl":"/mcm/images/land/2A/14589_314cdc03f00f.jpg","landname":"19"},{"id":281475017474068,"level":2,"status":0,"posx":22,"posy":7,"cityid":622,"townid":1345,"tokenid":"634dee87d751bb7234e53746601679b8","tokenurl":"/mcm/api/land?token=634dee87d751bb7234e53746601679b8","imageurl":"/mcm/images/land/2A/14590_573fb988f08f.jpg","landname":"20"},{"id":281475017474069,"level":3,"status":1,"posx":28,"posy":7,"cityid":622,"townid":1345,"tokenid":"9d446b6cea657b551af8c87ff90f676a","tokenurl":"/mcm/api/land?token=9d446b6cea657b551af8c87ff90f676a","imageurl":"/mcm/images/land/2B/24313_2bc03483dde1.jpg","landname":"21"},{"id":281475017474070,"level":1,"status":0,"posx":29,"posy":7,"cityid":622,"townid":1345,"tokenid":"b70fc674a8180313d5fac8d7e5e5da1a","tokenurl":"/mcm/api/land?token=b70fc674a8180313d5fac8d7e5e5da1a","imageurl":"/mcm/images/land/2S/9722_4f4fca855478.jpg","landname":"22"},{"id":281475017474071,"level":2,"status":1,"posx":31,"posy":7,"cityid":622,"townid":1345,"tokenid":"f25031c75fc421d5d4ce243321846c29","tokenurl":"/mcm/api/land?token=f25031c75fc421d5d4ce243321846c29","imageurl":"/mcm/images/land/2A/14591_7c86a11d16d.jpg","landname":"23"},{"id":281475017474072,"level":1,"status":1,"posx":32,"posy":7,"cityid":622,"townid":1345,"tokenid":"ca67752f24a65880b90d1f2dabd170d8","tokenurl":"/mcm/api/land?token=ca67752f24a65880b90d1f2dabd170d8","imageurl":"/mcm/images/land/2S/9723_3d5e59db6196.jpg","landname":"24"},{"id":281475017474073,"level":2,"status":1,"posx":6,"posy":8,"cityid":622,"townid":1345,"tokenid":"20883fb8c6e7c17cbbbca9d90e683e77","tokenurl":"/mcm/api/land?token=20883fb8c6e7c17cbbbca9d90e683e77","imageurl":"/mcm/images/land/2A/14592_10225bfbbf7f.jpg","landname":"25"},{"id":281475017474074,"level":1,"status":0,"posx":7,"posy":8,"cityid":622,"townid":1345,"tokenid":"e200d8f7a40dc66dfedf99c94ed7a875","tokenurl":"/mcm/api/land?token=e200d8f7a40dc66dfedf99c94ed7a875","imageurl":"/mcm/images/land/2S/9724_3ed7de8cdcc4.jpg","landname":"26"},{"id":281475017474075,"level":1,"status":1,"posx":28,"posy":8,"cityid":622,"townid":1345,"tokenid":"45973223b00d6e0c644a573006730d19","tokenurl":"/mcm/api/land?token=45973223b00d6e0c644a573006730d19","imageurl":"/mcm/images/land/2S/9725_b8f4e70b41b.jpg","landname":"27"},{"id":281475017474076,"level":3,"status":1,"posx":29,"posy":8,"cityid":622,"townid":1345,"tokenid":"ff028cc3a356e52670879dde7526769d","tokenurl":"/mcm/api/land?token=ff028cc3a356e52670879dde7526769d","imageurl":"/mcm/images/land/2B/24314_2659b64f81f1.jpg","landname":"28"},{"id":281475017474077,"level":3,"status":1,"posx":31,"posy":8,"cityid":622,"townid":1345,"tokenid":"b323a67824c7e2cfe93388f1a86405fd","tokenurl":"/mcm/api/land?token=b323a67824c7e2cfe93388f1a86405fd","imageurl":"/mcm/images/land/2B/24315_529a6f0652ea.jpg","landname":"29"},{"id":281475017474078,"level":1,"status":1,"posx":32,"posy":8,"cityid":622,"townid":1345,"tokenid":"ffcea4dc358e60f81cb6ca51107134dc","tokenurl":"/mcm/api/land?token=ffcea4dc358e60f81cb6ca51107134dc","imageurl":"/mcm/images/land/2S/9726_18c1af87328c.jpg","landname":"30"},{"id":281475017474079,"level":1,"status":1,"posx":6,"posy":9,"cityid":622,"townid":1345,"tokenid":"1e9e82c2c1161344c03adcb7dff9b03e","tokenurl":"/mcm/api/land?token=1e9e82c2c1161344c03adcb7dff9b03e","imageurl":"/mcm/images/land/2S/9727_2437228e9025.jpg","landname":"31"},{"id":281475017474080,"level":1,"status":0,"posx":7,"posy":9,"cityid":622,"townid":1345,"tokenid":"ce9809c0329f4c1831c674abfdc434b4","tokenurl":"/mcm/api/land?token=ce9809c0329f4c1831c674abfdc434b4","imageurl":"/mcm/images/land/2S/9728_3e7744501175.jpg","landname":"32"},{"id":281475017474081,"level":3,"status":1,"posx":28,"posy":9,"cityid":622,"townid":1345,"tokenid":"a14a2e3ccaccf2b5e8fae932b10c3f80","tokenurl":"/mcm/api/land?token=a14a2e3ccaccf2b5e8fae932b10c3f80","imageurl":"/mcm/images/land/2B/24316_1d827e628e42.jpg","landname":"33"},{"id":281475017474082,"level":2,"status":1,"posx":29,"posy":9,"cityid":622,"townid":1345,"tokenid":"7bc9adad6312b33bf91f2cbc600b8900","tokenurl":"/mcm/api/land?token=7bc9adad6312b33bf91f2cbc600b8900","imageurl":"/mcm/images/land/2A/14593_47c42c6ba13.jpg","landname":"34"},{"id":281475017474083,"level":3,"status":1,"posx":31,"posy":9,"cityid":622,"townid":1345,"tokenid":"7da1c847ae70481f1e082fe4fdff645b","tokenurl":"/mcm/api/land?token=7da1c847ae70481f1e082fe4fdff645b","imageurl":"/mcm/images/land/2B/24317_142e2603293e.jpg","landname":"35"},{"id":281475017474084,"level":3,"status":1,"posx":32,"posy":9,"cityid":622,"townid":1345,"tokenid":"94fbd99ba37ee3f3cd0e6a6138c120bf","tokenurl":"/mcm/api/land?token=94fbd99ba37ee3f3cd0e6a6138c120bf","imageurl":"/mcm/images/land/2B/24318_32c5018c80b3.jpg","landname":"36"},{"id":281475017474085,"level":2,"status":0,"posx":28,"posy":10,"cityid":622,"townid":1345,"tokenid":"b752cc4a7e42f3e2ca4fb5711c668592","tokenurl":"/mcm/api/land?token=b752cc4a7e42f3e2ca4fb5711c668592","imageurl":"/mcm/images/land/2A/14594_1d7a8250b47f.jpg","landname":"37"},{"id":281475017474086,"level":3,"status":1,"posx":29,"posy":10,"cityid":622,"townid":1345,"tokenid":"32b74bb25e815cc2dbdd366d1c79fe59","tokenurl":"/mcm/api/land?token=32b74bb25e815cc2dbdd366d1c79fe59","imageurl":"/mcm/images/land/2B/24319_52318b9de96.jpg","landname":"38"},{"id":281475017474087,"level":1,"status":0,"posx":31,"posy":10,"cityid":622,"townid":1345,"tokenid":"af030025cbe5e96f2b9cc6abbc5bb1a1","tokenurl":"/mcm/api/land?token=af030025cbe5e96f2b9cc6abbc5bb1a1","imageurl":"/mcm/images/land/2S/9729_39f4eb8c36e4.jpg","landname":"39"},{"id":281475017474088,"level":1,"status":0,"posx":32,"posy":10,"cityid":622,"townid":1345,"tokenid":"8f4c073b4c726bcae2dfd94418921720","tokenurl":"/mcm/api/land?token=8f4c073b4c726bcae2dfd94418921720","imageurl":"/mcm/images/land/2S/9730_51ca2ab6d375.jpg","landname":"40"},{"id":281475017474089,"level":2,"status":1,"posx":9,"posy":14,"cityid":622,"townid":1345,"tokenid":"f99b5546df85e9ba11e398d4dccebd42","tokenurl":"/mcm/api/land?token=f99b5546df85e9ba11e398d4dccebd42","imageurl":"/mcm/images/land/2A/14595_20d403ec2d1f.jpg","landname":"41"},{"id":281475017474090,"level":1,"status":1,"posx":10,"posy":14,"cityid":622,"townid":1345,"tokenid":"5da598091ab5c51662cb14a05c261f93","tokenurl":"/mcm/api/land?token=5da598091ab5c51662cb14a05c261f93","imageurl":"/mcm/images/land/2S/9731_a2fb8a51a63.jpg","landname":"42"},{"id":281475017474091,"level":3,"status":0,"posx":13,"posy":14,"cityid":622,"townid":1345,"tokenid":"33003df99dd48c8e007206bb9cc1e04e","tokenurl":"/mcm/api/land?token=33003df99dd48c8e007206bb9cc1e04e","imageurl":"/mcm/images/land/2B/24320_561aae6bc6ce.jpg","landname":"43"},{"id":281475017474092,"level":2,"status":0,"posx":14,"posy":14,"cityid":622,"townid":1345,"tokenid":"cb5dc4b2b530d6cca5d555db23f7d894","tokenurl":"/mcm/api/land?token=cb5dc4b2b530d6cca5d555db23f7d894","imageurl":"/mcm/images/land/2A/14596_5907bb2d2cc9.jpg","landname":"44"},{"id":281475017474093,"level":3,"status":1,"posx":17,"posy":14,"cityid":622,"townid":1345,"tokenid":"bf958106eee5fe994fbc1c97bc706786","tokenurl":"/mcm/api/land?token=bf958106eee5fe994fbc1c97bc706786","imageurl":"/mcm/images/land/2B/24321_1f87c4e8c48c.jpg","landname":"45"},{"id":281475017474094,"level":1,"status":0,"posx":18,"posy":14,"cityid":622,"townid":1345,"tokenid":"0ebcaef1360538cb3cc0f047f9a41781","tokenurl":"/mcm/api/land?token=0ebcaef1360538cb3cc0f047f9a41781","imageurl":"/mcm/images/land/2S/9732_26894df04ee3.jpg","landname":"46"},{"id":281475017474095,"level":1,"status":1,"posx":9,"posy":15,"cityid":622,"townid":1345,"tokenid":"de855f1bba74677454bb1d31e927340d","tokenurl":"/mcm/api/land?token=de855f1bba74677454bb1d31e927340d","imageurl":"/mcm/images/land/2S/9733_423dcc14528.jpg","landname":"47"},{"id":281475017474096,"level":3,"status":1,"posx":10,"posy":15,"cityid":622,"townid":1345,"tokenid":"cc92c2c5b016b3a4a62995a4d8c12d46","tokenurl":"/mcm/api/land?token=cc92c2c5b016b3a4a62995a4d8c12d46","imageurl":"/mcm/images/land/2B/24322_1ab94dd84eb9.jpg","landname":"48"},{"id":281475017474097,"level":3,"status":0,"posx":13,"posy":15,"cityid":622,"townid":1345,"tokenid":"5f78aa54e13f573f5731275d9cb1d28b","tokenurl":"/mcm/api/land?token=5f78aa54e13f573f5731275d9cb1d28b","imageurl":"/mcm/images/land/2B/24323_1e0d16a56c76.jpg","landname":"49"},{"id":281475017474098,"level":3,"status":0,"posx":14,"posy":15,"cityid":622,"townid":1345,"tokenid":"fa4de380ab1af3848db409a8c7625014","tokenurl":"/mcm/api/land?token=fa4de380ab1af3848db409a8c7625014","imageurl":"/mcm/images/land/2B/24324_3753331d4176.jpg","landname":"50"},{"id":281475017474099,"level":3,"status":0,"posx":17,"posy":15,"cityid":622,"townid":1345,"tokenid":"bd492deab4d9ca6a80f22a697a5e1839","tokenurl":"/mcm/api/land?token=bd492deab4d9ca6a80f22a697a5e1839","imageurl":"/mcm/images/land/2B/24325_3a25e50629e.jpg","landname":"51"},{"id":281475017474100,"level":3,"status":0,"posx":18,"posy":15,"cityid":622,"townid":1345,"tokenid":"ec984f8bd606e041e4fce8c20399a79a","tokenurl":"/mcm/api/land?token=ec984f8bd606e041e4fce8c20399a79a","imageurl":"/mcm/images/land/2B/24326_2692688172f2.jpg","landname":"52"},{"id":281475017474101,"level":2,"status":0,"posx":9,"posy":16,"cityid":622,"townid":1345,"tokenid":"063e4c25ee0d62beb9123466c397264a","tokenurl":"/mcm/api/land?token=063e4c25ee0d62beb9123466c397264a","imageurl":"/mcm/images/land/2A/14597_12613bb7141e.jpg","landname":"53"},{"id":281475017474102,"level":1,"status":0,"posx":10,"posy":16,"cityid":622,"townid":1345,"tokenid":"e42265354ff0a8dcc4bdd865bfa7a8be","tokenurl":"/mcm/api/land?token=e42265354ff0a8dcc4bdd865bfa7a8be","imageurl":"/mcm/images/land/2S/9734_5231e4fe6162.jpg","landname":"54"},{"id":281475017474103,"level":3,"status":1,"posx":13,"posy":16,"cityid":622,"townid":1345,"tokenid":"da288ac35e819185dd95049d30181086","tokenurl":"/mcm/api/land?token=da288ac35e819185dd95049d30181086","imageurl":"/mcm/images/land/2B/24327_53c728c9ae95.jpg","landname":"55"},{"id":281475017474104,"level":3,"status":0,"posx":14,"posy":16,"cityid":622,"townid":1345,"tokenid":"2c53c3e7e5e371d43214f485172e556b","tokenurl":"/mcm/api/land?token=2c53c3e7e5e371d43214f485172e556b","imageurl":"/mcm/images/land/2B/24328_297968d9874b.jpg","landname":"56"},{"id":281475017474105,"level":1,"status":1,"posx":17,"posy":16,"cityid":622,"townid":1345,"tokenid":"d070e3a6b38bc37ca36191710099aa94","tokenurl":"/mcm/api/land?token=d070e3a6b38bc37ca36191710099aa94","imageurl":"/mcm/images/land/2S/9735_101eb9f1839a.jpg","landname":"57"},{"id":281475017474106,"level":3,"status":0,"posx":18,"posy":16,"cityid":622,"townid":1345,"tokenid":"8a4c400deeb86ba9c6d213aa40393010","tokenurl":"/mcm/api/land?token=8a4c400deeb86ba9c6d213aa40393010","imageurl":"/mcm/images/land/2B/24329_1cafd8a668d2.jpg","landname":"58"},{"id":281475017474107,"level":2,"status":0,"posx":29,"posy":16,"cityid":622,"townid":1345,"tokenid":"b236c03ab71ee77a387ce962793dcf89","tokenurl":"/mcm/api/land?token=b236c03ab71ee77a387ce962793dcf89","imageurl":"/mcm/images/land/2A/14598_1ba96b7dae5.jpg","landname":"59"},{"id":281475017474108,"level":3,"status":1,"posx":30,"posy":16,"cityid":622,"townid":1345,"tokenid":"d888264590f4de221747ca821e73fc52","tokenurl":"/mcm/api/land?token=d888264590f4de221747ca821e73fc52","imageurl":"/mcm/images/land/2B/24330_4190c9b3011c.jpg","landname":"60"},{"id":281475017474109,"level":3,"status":1,"posx":33,"posy":16,"cityid":622,"townid":1345,"tokenid":"f2ea553fa6e32baa664674f667b303b7","tokenurl":"/mcm/api/land?token=f2ea553fa6e32baa664674f667b303b7","imageurl":"/mcm/images/land/2B/24331_2432e4353a4f.jpg","landname":"61"},{"id":281475017474110,"level":1,"status":0,"posx":34,"posy":16,"cityid":622,"townid":1345,"tokenid":"dd0ee5a28b0ff4274494d292014a9e8c","tokenurl":"/mcm/api/land?token=dd0ee5a28b0ff4274494d292014a9e8c","imageurl":"/mcm/images/land/2S/9736_f40af647664.jpg","landname":"62"},{"id":281475017474111,"level":3,"status":1,"posx":9,"posy":17,"cityid":622,"townid":1345,"tokenid":"6d0214a578c25ae99247241eae05ef7c","tokenurl":"/mcm/api/land?token=6d0214a578c25ae99247241eae05ef7c","imageurl":"/mcm/images/land/2B/24332_20d7a2c760e6.jpg","landname":"63"},{"id":281475017474112,"level":3,"status":0,"posx":10,"posy":17,"cityid":622,"townid":1345,"tokenid":"3517ae62e7b2149f99c3b20cccb73aa7","tokenurl":"/mcm/api/land?token=3517ae62e7b2149f99c3b20cccb73aa7","imageurl":"/mcm/images/land/2B/24333_15e4961d42d2.jpg","landname":"64"},{"id":281475017474113,"level":2,"status":0,"posx":13,"posy":17,"cityid":622,"townid":1345,"tokenid":"3e87726f73b066fb7af39242fc327e9f","tokenurl":"/mcm/api/land?token=3e87726f73b066fb7af39242fc327e9f","imageurl":"/mcm/images/land/2A/14599_27e57b07b7ec.jpg","landname":"65"},{"id":281475017474114,"level":2,"status":0,"posx":14,"posy":17,"cityid":622,"townid":1345,"tokenid":"f25ecc43d8db329d0f20ae772db5d6d9","tokenurl":"/mcm/api/land?token=f25ecc43d8db329d0f20ae772db5d6d9","imageurl":"/mcm/images/land/2A/14600_3bbb25fc47d3.jpg","landname":"66"},{"id":281475017474115,"level":3,"status":1,"posx":17,"posy":17,"cityid":622,"townid":1345,"tokenid":"f36cc3db13765c06ba0876792269ddaf","tokenurl":"/mcm/api/land?token=f36cc3db13765c06ba0876792269ddaf","imageurl":"/mcm/images/land/2B/24334_18f9ce848da3.jpg","landname":"67"},{"id":281475017474116,"level":1,"status":0,"posx":18,"posy":17,"cityid":622,"townid":1345,"tokenid":"677814e887a148b48458069db6609694","tokenurl":"/mcm/api/land?token=677814e887a148b48458069db6609694","imageurl":"/mcm/images/land/2S/9737_3f84f8a2c31c.jpg","landname":"68"},{"id":281475017474117,"level":2,"status":1,"posx":29,"posy":17,"cityid":622,"townid":1345,"tokenid":"fcd15f49ebe97e625ea7d30c06050890","tokenurl":"/mcm/api/land?token=fcd15f49ebe97e625ea7d30c06050890","imageurl":"/mcm/images/land/2A/14601_2850873a51c8.jpg","landname":"69"},{"id":281475017474118,"level":1,"status":1,"posx":30,"posy":17,"cityid":622,"townid":1345,"tokenid":"1b3f635bbbbe753e08ac0a546337a540","tokenurl":"/mcm/api/land?token=1b3f635bbbbe753e08ac0a546337a540","imageurl":"/mcm/images/land/2S/9738_27bcc080da29.jpg","landname":"70"},{"id":281475017474119,"level":3,"status":0,"posx":33,"posy":17,"cityid":622,"townid":1345,"tokenid":"4c3710259a72f9f0d9302b6da8126f93","tokenurl":"/mcm/api/land?token=4c3710259a72f9f0d9302b6da8126f93","imageurl":"/mcm/images/land/2B/24335_73a6634eeb0.jpg","landname":"71"},{"id":281475017474120,"level":2,"status":0,"posx":34,"posy":17,"cityid":622,"townid":1345,"tokenid":"b111a6e73ec2f062598d42316b210116","tokenurl":"/mcm/api/land?token=b111a6e73ec2f062598d42316b210116","imageurl":"/mcm/images/land/2A/14602_38be83ddcb9b.jpg","landname":"72"},{"id":281475017474121,"level":2,"status":1,"posx":3,"posy":18,"cityid":622,"townid":1345,"tokenid":"1259d99cf2faa936ac2f868bda3ca283","tokenurl":"/mcm/api/land?token=1259d99cf2faa936ac2f868bda3ca283","imageurl":"/mcm/images/land/2A/14603_24285702c9c5.jpg","landname":"73"},{"id":281475017474122,"level":3,"status":0,"posx":4,"posy":18,"cityid":622,"townid":1345,"tokenid":"dc37b7c63de2cd56c0315ce20b48ccc0","tokenurl":"/mcm/api/land?token=dc37b7c63de2cd56c0315ce20b48ccc0","imageurl":"/mcm/images/land/2B/24336_4dfed591b387.jpg","landname":"74"},{"id":281475017474123,"level":2,"status":1,"posx":9,"posy":18,"cityid":622,"townid":1345,"tokenid":"513b510905da1218c71ab471983a0cef","tokenurl":"/mcm/api/land?token=513b510905da1218c71ab471983a0cef","imageurl":"/mcm/images/land/2A/14604_2a562edfc21b.jpg","landname":"75"},{"id":281475017474124,"level":3,"status":0,"posx":10,"posy":18,"cityid":622,"townid":1345,"tokenid":"670662af216062ca1538c62a5256660c","tokenurl":"/mcm/api/land?token=670662af216062ca1538c62a5256660c","imageurl":"/mcm/images/land/2B/24337_afbd1d7c9f.jpg","landname":"76"},{"id":281475017474125,"level":3,"status":1,"posx":13,"posy":18,"cityid":622,"townid":1345,"tokenid":"eab660b6e0b93b6d250e845c9d6c4b0e","tokenurl":"/mcm/api/land?token=eab660b6e0b93b6d250e845c9d6c4b0e","imageurl":"/mcm/images/land/2B/24338_140f6debc54d.jpg","landname":"77"},{"id":281475017474126,"level":1,"status":0,"posx":14,"posy":18,"cityid":622,"townid":1345,"tokenid":"a570d5ffb14364422a88c099d89f90ca","tokenurl":"/mcm/api/land?token=a570d5ffb14364422a88c099d89f90ca","imageurl":"/mcm/images/land/2S/9739_2d31fb79cc93.jpg","landname":"78"},{"id":281475017474127,"level":2,"status":0,"posx":17,"posy":18,"cityid":622,"townid":1345,"tokenid":"ba3857dd612aa4078cdfb91a0b5bb439","tokenurl":"/mcm/api/land?token=ba3857dd612aa4078cdfb91a0b5bb439","imageurl":"/mcm/images/land/2A/14605_2b9e716f953c.jpg","landname":"79"},{"id":281475017474128,"level":3,"status":0,"posx":18,"posy":18,"cityid":622,"townid":1345,"tokenid":"f4f1ea7f9d7b02b926e19d8dfad4f97e","tokenurl":"/mcm/api/land?token=f4f1ea7f9d7b02b926e19d8dfad4f97e","imageurl":"/mcm/images/land/2B/24339_278471ec4807.jpg","landname":"80"},{"id":281475017474129,"level":3,"status":0,"posx":29,"posy":18,"cityid":622,"townid":1345,"tokenid":"b4a4be160f91be154fb4fd71806606c8","tokenurl":"/mcm/api/land?token=b4a4be160f91be154fb4fd71806606c8","imageurl":"/mcm/images/land/2B/24340_2ac4857ccaa7.jpg","landname":"81"},{"id":281475017474130,"level":1,"status":1,"posx":30,"posy":18,"cityid":622,"townid":1345,"tokenid":"49aaa6c075b5366df22d06e1acd0a16a","tokenurl":"/mcm/api/land?token=49aaa6c075b5366df22d06e1acd0a16a","imageurl":"/mcm/images/land/2S/9740_47c15baa44c5.jpg","landname":"82"},{"id":281475017474131,"level":2,"status":1,"posx":33,"posy":18,"cityid":622,"townid":1345,"tokenid":"69b85e9edb26d9b5f62a1f6ff3603f57","tokenurl":"/mcm/api/land?token=69b85e9edb26d9b5f62a1f6ff3603f57","imageurl":"/mcm/images/land/2A/14606_58f057a6453.jpg","landname":"83"},{"id":281475017474132,"level":3,"status":1,"posx":34,"posy":18,"cityid":622,"townid":1345,"tokenid":"39381adac8f4d6080836fc3e38a105cb","tokenurl":"/mcm/api/land?token=39381adac8f4d6080836fc3e38a105cb","imageurl":"/mcm/images/land/2B/24341_fa7c6f75e4c.jpg","landname":"84"},{"id":281475017474133,"level":3,"status":0,"posx":3,"posy":19,"cityid":622,"townid":1345,"tokenid":"1470a356b69a6f8baacea3cb798f7d60","tokenurl":"/mcm/api/land?token=1470a356b69a6f8baacea3cb798f7d60","imageurl":"/mcm/images/land/2B/24342_3565aba65601.jpg","landname":"85"},{"id":281475017474134,"level":3,"status":0,"posx":4,"posy":19,"cityid":622,"townid":1345,"tokenid":"cc700f586a09babc44bb3fb540df4455","tokenurl":"/mcm/api/land?token=cc700f586a09babc44bb3fb540df4455","imageurl":"/mcm/images/land/2B/24343_46b1d166e7a0.jpg","landname":"86"},{"id":281475017474135,"level":1,"status":0,"posx":29,"posy":19,"cityid":622,"townid":1345,"tokenid":"05008fc95ae7bd3681804bf17f3289e9","tokenurl":"/mcm/api/land?token=05008fc95ae7bd3681804bf17f3289e9","imageurl":"/mcm/images/land/2S/9741_2a06770ececb.jpg","landname":"87"},{"id":281475017474136,"level":3,"status":1,"posx":30,"posy":19,"cityid":622,"townid":1345,"tokenid":"6ac99ba22f38fdcb5a85cf40888de473","tokenurl":"/mcm/api/land?token=6ac99ba22f38fdcb5a85cf40888de473","imageurl":"/mcm/images/land/2B/24344_138a20eb68da.jpg","landname":"88"},{"id":281475017474137,"level":3,"status":0,"posx":33,"posy":19,"cityid":622,"townid":1345,"tokenid":"8a1f0d7e8733e89d1f766f7a45e61a61","tokenurl":"/mcm/api/land?token=8a1f0d7e8733e89d1f766f7a45e61a61","imageurl":"/mcm/images/land/2B/24345_1130713b9cc0.jpg","landname":"89"},{"id":281475017474138,"level":1,"status":0,"posx":34,"posy":19,"cityid":622,"townid":1345,"tokenid":"ee765fa2444d8a0ec2a5920e90ae5eef","tokenurl":"/mcm/api/land?token=ee765fa2444d8a0ec2a5920e90ae5eef","imageurl":"/mcm/images/land/2S/9742_19e5e8ac0253.jpg","landname":"90"},{"id":281475017474139,"level":1,"status":0,"posx":3,"posy":20,"cityid":622,"townid":1345,"tokenid":"1924ea9ee108fbe96e9b192c72a6067d","tokenurl":"/mcm/api/land?token=1924ea9ee108fbe96e9b192c72a6067d","imageurl":"/mcm/images/land/2S/9743_441911766af8.jpg","landname":"91"},{"id":281475017474140,"level":2,"status":0,"posx":4,"posy":20,"cityid":622,"townid":1345,"tokenid":"94cc47f91b4d9c0311a150f52898dd2d","tokenurl":"/mcm/api/land?token=94cc47f91b4d9c0311a150f52898dd2d","imageurl":"/mcm/images/land/2A/14607_a62ad150b62.jpg","landname":"92"},{"id":281475017474141,"level":2,"status":0,"posx":9,"posy":20,"cityid":622,"townid":1345,"tokenid":"91b5229e2c172485a4fcf8d666e7c475","tokenurl":"/mcm/api/land?token=91b5229e2c172485a4fcf8d666e7c475","imageurl":"/mcm/images/land/2A/14608_5a7354ede2ad.jpg","landname":"93"},{"id":281475017474142,"level":3,"status":1,"posx":10,"posy":20,"cityid":622,"townid":1345,"tokenid":"3d9674af778839912b8747674e4a5dc0","tokenurl":"/mcm/api/land?token=3d9674af778839912b8747674e4a5dc0","imageurl":"/mcm/images/land/2B/24346_37c6416b1f07.jpg","landname":"94"},{"id":281475017474143,"level":3,"status":1,"posx":13,"posy":20,"cityid":622,"townid":1345,"tokenid":"59a1d93ed59df7927b14c7bd2aeb4a53","tokenurl":"/mcm/api/land?token=59a1d93ed59df7927b14c7bd2aeb4a53","imageurl":"/mcm/images/land/2B/24347_46dc7d17f903.jpg","landname":"95"},{"id":281475017474144,"level":3,"status":1,"posx":14,"posy":20,"cityid":622,"townid":1345,"tokenid":"5de43a5679dc28cddaff6d0e09005c00","tokenurl":"/mcm/api/land?token=5de43a5679dc28cddaff6d0e09005c00","imageurl":"/mcm/images/land/2B/24348_27652a311668.jpg","landname":"96"},{"id":281475017474145,"level":3,"status":1,"posx":17,"posy":20,"cityid":622,"townid":1345,"tokenid":"df28aa87260004ba05a0cc34cc976cbe","tokenurl":"/mcm/api/land?token=df28aa87260004ba05a0cc34cc976cbe","imageurl":"/mcm/images/land/2B/24349_1ffd7afe64a4.jpg","landname":"97"},{"id":281475017474146,"level":3,"status":1,"posx":18,"posy":20,"cityid":622,"townid":1345,"tokenid":"ffd746dac6ac1bb4201eda29f9a8ca08","tokenurl":"/mcm/api/land?token=ffd746dac6ac1bb4201eda29f9a8ca08","imageurl":"/mcm/images/land/2B/24350_4aa321e8c4f.jpg","landname":"98"},{"id":281475017474147,"level":3,"status":0,"posx":29,"posy":20,"cityid":622,"townid":1345,"tokenid":"7366f4fa201c6d6d9237fa381e8f93bb","tokenurl":"/mcm/api/land?token=7366f4fa201c6d6d9237fa381e8f93bb","imageurl":"/mcm/images/land/2B/24351_1bceb186608b.jpg","landname":"99"},{"id":281475017474148,"level":2,"status":1,"posx":30,"posy":20,"cityid":622,"townid":1345,"tokenid":"91e12bb72d8a4615cc59a060338e9757","tokenurl":"/mcm/api/land?token=91e12bb72d8a4615cc59a060338e9757","imageurl":"/mcm/images/land/2A/14609_4fbd2d26bd7d.jpg","landname":"100"},{"id":281475017474149,"level":2,"status":0,"posx":33,"posy":20,"cityid":622,"townid":1345,"tokenid":"4641b96af3c10bb968840f71bf2fc2df","tokenurl":"/mcm/api/land?token=4641b96af3c10bb968840f71bf2fc2df","imageurl":"/mcm/images/land/2A/14610_51e7d4f4cb2f.jpg","landname":"101"},{"id":281475017474150,"level":3,"status":0,"posx":34,"posy":20,"cityid":622,"townid":1345,"tokenid":"1caf19e33e8bc2cc4cf4ec1875f62a84","tokenurl":"/mcm/api/land?token=1caf19e33e8bc2cc4cf4ec1875f62a84","imageurl":"/mcm/images/land/2B/24352_28b91a93fff.jpg","landname":"102"},{"id":281475017474151,"level":2,"status":0,"posx":3,"posy":21,"cityid":622,"townid":1345,"tokenid":"281ac5d44489a5845a2a673bbce3f4cf","tokenurl":"/mcm/api/land?token=281ac5d44489a5845a2a673bbce3f4cf","imageurl":"/mcm/images/land/2A/14611_6beb1d36f03.jpg","landname":"103"},{"id":281475017474152,"level":3,"status":0,"posx":4,"posy":21,"cityid":622,"townid":1345,"tokenid":"b3fbc7e17340ab9639a6d0e300f4683b","tokenurl":"/mcm/api/land?token=b3fbc7e17340ab9639a6d0e300f4683b","imageurl":"/mcm/images/land/2B/24353_18a4b8fb065.jpg","landname":"104"},{"id":281475017474153,"level":3,"status":1,"posx":9,"posy":21,"cityid":622,"townid":1345,"tokenid":"5031862efb77e955f1412576fab9f8be","tokenurl":"/mcm/api/land?token=5031862efb77e955f1412576fab9f8be","imageurl":"/mcm/images/land/2B/24354_11c434ca6657.jpg","landname":"105"},{"id":281475017474154,"level":1,"status":1,"posx":10,"posy":21,"cityid":622,"townid":1345,"tokenid":"ef7c95217b8c50beb8950255962defc6","tokenurl":"/mcm/api/land?token=ef7c95217b8c50beb8950255962defc6","imageurl":"/mcm/images/land/2S/9744_a6ed5623b0a.jpg","landname":"106"},{"id":281475017474155,"level":2,"status":0,"posx":13,"posy":21,"cityid":622,"townid":1345,"tokenid":"7c2c47daced39a6e394c1b25a4c2ecc9","tokenurl":"/mcm/api/land?token=7c2c47daced39a6e394c1b25a4c2ecc9","imageurl":"/mcm/images/land/2A/14612_c4dd9116abd.jpg","landname":"107"},{"id":281475017474156,"level":3,"status":1,"posx":14,"posy":21,"cityid":622,"townid":1345,"tokenid":"6ce8087119bb2d82d497e9f49b6ead7b","tokenurl":"/mcm/api/land?token=6ce8087119bb2d82d497e9f49b6ead7b","imageurl":"/mcm/images/land/2B/24355_51acc18458ed.jpg","landname":"108"},{"id":281475017474157,"level":2,"status":0,"posx":17,"posy":21,"cityid":622,"townid":1345,"tokenid":"5603ba3adb39baab316f69633d505088","tokenurl":"/mcm/api/land?token=5603ba3adb39baab316f69633d505088","imageurl":"/mcm/images/land/2A/14613_1a4ddc2a49ea.jpg","landname":"109"},{"id":281475017474158,"level":1,"status":0,"posx":18,"posy":21,"cityid":622,"townid":1345,"tokenid":"0f90215f34f8acf1ccf2cddd3d063249","tokenurl":"/mcm/api/land?token=0f90215f34f8acf1ccf2cddd3d063249","imageurl":"/mcm/images/land/2S/9745_2e67e5e532f5.jpg","landname":"110"},{"id":281475017474159,"level":2,"status":1,"posx":3,"posy":22,"cityid":622,"townid":1345,"tokenid":"fc133cf38b5bf30d66a4bbdecab36161","tokenurl":"/mcm/api/land?token=fc133cf38b5bf30d66a4bbdecab36161","imageurl":"/mcm/images/land/2A/14614_14ae04ec68d1.jpg","landname":"111"},{"id":281475017474160,"level":2,"status":0,"posx":4,"posy":22,"cityid":622,"townid":1345,"tokenid":"6b629d8c2733950323462bcf6068586a","tokenurl":"/mcm/api/land?token=6b629d8c2733950323462bcf6068586a","imageurl":"/mcm/images/land/2A/14615_395fb5b61e7.jpg","landname":"112"},{"id":281475017474161,"level":1,"status":1,"posx":9,"posy":22,"cityid":622,"townid":1345,"tokenid":"ccc6fb874905f49b9d81556985c37ae4","tokenurl":"/mcm/api/land?token=ccc6fb874905f49b9d81556985c37ae4","imageurl":"/mcm/images/land/2S/9746_27405b2b59ce.jpg","landname":"113"},{"id":281475017474162,"level":1,"status":0,"posx":10,"posy":22,"cityid":622,"townid":1345,"tokenid":"25a9b64ca632105b47994e2da2e96dee","tokenurl":"/mcm/api/land?token=25a9b64ca632105b47994e2da2e96dee","imageurl":"/mcm/images/land/2S/9747_40adb38bd7c3.jpg","landname":"114"},{"id":281475017474163,"level":3,"status":0,"posx":13,"posy":22,"cityid":622,"townid":1345,"tokenid":"20a8b5a0d9e5fc9e73af4857fe08e1fd","tokenurl":"/mcm/api/land?token=20a8b5a0d9e5fc9e73af4857fe08e1fd","imageurl":"/mcm/images/land/2B/24356_6b6cd168dce.jpg","landname":"115"},{"id":281475017474164,"level":2,"status":0,"posx":14,"posy":22,"cityid":622,"townid":1345,"tokenid":"78b70df5aa35c2e473ce564c39c40562","tokenurl":"/mcm/api/land?token=78b70df5aa35c2e473ce564c39c40562","imageurl":"/mcm/images/land/2A/14616_1fc3784d1be.jpg","landname":"116"},{"id":281475017474165,"level":2,"status":0,"posx":17,"posy":22,"cityid":622,"townid":1345,"tokenid":"7d6ca66cb818052eac332c2f14c668a9","tokenurl":"/mcm/api/land?token=7d6ca66cb818052eac332c2f14c668a9","imageurl":"/mcm/images/land/2A/14617_75b40d2cd23.jpg","landname":"117"},{"id":281475017474166,"level":2,"status":0,"posx":18,"posy":22,"cityid":622,"townid":1345,"tokenid":"b24bab2a17b2ab0de380a453ce6d767e","tokenurl":"/mcm/api/land?token=b24bab2a17b2ab0de380a453ce6d767e","imageurl":"/mcm/images/land/2A/14618_309049d0b980.jpg","landname":"118"},{"id":281475017474167,"level":2,"status":0,"posx":9,"posy":23,"cityid":622,"townid":1345,"tokenid":"62965e6afb87707d77db1091fa7ce179","tokenurl":"/mcm/api/land?token=62965e6afb87707d77db1091fa7ce179","imageurl":"/mcm/images/land/2A/14619_4f008c55132e.jpg","landname":"119"},{"id":281475017474168,"level":3,"status":0,"posx":10,"posy":23,"cityid":622,"townid":1345,"tokenid":"37ff508f651b09e488ddd653f70a6cad","tokenurl":"/mcm/api/land?token=37ff508f651b09e488ddd653f70a6cad","imageurl":"/mcm/images/land/2B/24357_356a2ee7c266.jpg","landname":"120"},{"id":281475017474169,"level":3,"status":0,"posx":13,"posy":23,"cityid":622,"townid":1345,"tokenid":"7cfff908b2ed269e9b40e459ddb6bae8","tokenurl":"/mcm/api/land?token=7cfff908b2ed269e9b40e459ddb6bae8","imageurl":"/mcm/images/land/2B/24358_50512d089a97.jpg","landname":"121"},{"id":281475017474170,"level":1,"status":1,"posx":14,"posy":23,"cityid":622,"townid":1345,"tokenid":"2d5ae0a99eeef4979d2c29a752113eec","tokenurl":"/mcm/api/land?token=2d5ae0a99eeef4979d2c29a752113eec","imageurl":"/mcm/images/land/2S/9748_2f7a6408d2e5.jpg","landname":"122"},{"id":281475017474171,"level":2,"status":1,"posx":17,"posy":23,"cityid":622,"townid":1345,"tokenid":"70bb0ae90013ec2b7ef996f2736a200e","tokenurl":"/mcm/api/land?token=70bb0ae90013ec2b7ef996f2736a200e","imageurl":"/mcm/images/land/2A/14620_46dcdfe5f37.jpg","landname":"123"},{"id":281475017474172,"level":1,"status":1,"posx":18,"posy":23,"cityid":622,"townid":1345,"tokenid":"8129ab33162c3f158945454932af3e04","tokenurl":"/mcm/api/land?token=8129ab33162c3f158945454932af3e04","imageurl":"/mcm/images/land/2S/9749_371a4e5faf29.jpg","landname":"124"},{"id":281475017474173,"level":3,"status":0,"posx":9,"posy":24,"cityid":622,"townid":1345,"tokenid":"ef84e66c39e72faf4bc3be262f0745e3","tokenurl":"/mcm/api/land?token=ef84e66c39e72faf4bc3be262f0745e3","imageurl":"/mcm/images/land/2B/24359_4ec61528b8f7.jpg","landname":"125"},{"id":281475017474174,"level":3,"status":0,"posx":10,"posy":24,"cityid":622,"townid":1345,"tokenid":"56105206ae076f3937e058b351939d43","tokenurl":"/mcm/api/land?token=56105206ae076f3937e058b351939d43","imageurl":"/mcm/images/land/2B/24360_4c192fcae138.jpg","landname":"126"},{"id":281475017474175,"level":3,"status":0,"posx":13,"posy":24,"cityid":622,"townid":1345,"tokenid":"4d29f774e784d7c65bc81733a29dac8e","tokenurl":"/mcm/api/land?token=4d29f774e784d7c65bc81733a29dac8e","imageurl":"/mcm/images/land/2B/24361_4599f132b67d.jpg","landname":"127"},{"id":281475017474176,"level":2,"status":1,"posx":14,"posy":24,"cityid":622,"townid":1345,"tokenid":"a841f0e49a0774a3ea3fe26189daab2e","tokenurl":"/mcm/api/land?token=a841f0e49a0774a3ea3fe26189daab2e","imageurl":"/mcm/images/land/2A/14621_13639d33bd5.jpg","landname":"128"},{"id":281475017474177,"level":3,"status":0,"posx":17,"posy":24,"cityid":622,"townid":1345,"tokenid":"3ea0d900c22549c9749061eaca6dc6c2","tokenurl":"/mcm/api/land?token=3ea0d900c22549c9749061eaca6dc6c2","imageurl":"/mcm/images/land/2B/24362_2346f66d690a.jpg","landname":"129"},{"id":281475017474178,"level":3,"status":1,"posx":18,"posy":24,"cityid":622,"townid":1345,"tokenid":"906782c3d94e981f483822bb4a1b59ee","tokenurl":"/mcm/api/land?token=906782c3d94e981f483822bb4a1b59ee","imageurl":"/mcm/images/land/2B/24363_45ff43583a3d.jpg","landname":"130"},{"id":281475017474179,"level":3,"status":1,"posx":30,"posy":25,"cityid":622,"townid":1345,"tokenid":"c9f5b1554923474b50191343dabe7524","tokenurl":"/mcm/api/land?token=c9f5b1554923474b50191343dabe7524","imageurl":"/mcm/images/land/2B/24364_f26fd600eea.jpg","landname":"131"},{"id":281475017474180,"level":3,"status":1,"posx":31,"posy":25,"cityid":622,"townid":1345,"tokenid":"e71511c76a93733940e14a961318fdae","tokenurl":"/mcm/api/land?token=e71511c76a93733940e14a961318fdae","imageurl":"/mcm/images/land/2B/24365_14f10756556c.jpg","landname":"132"},{"id":281475017474181,"level":3,"status":0,"posx":30,"posy":26,"cityid":622,"townid":1345,"tokenid":"459bea407abd43c299069a39ef20f809","tokenurl":"/mcm/api/land?token=459bea407abd43c299069a39ef20f809","imageurl":"/mcm/images/land/2B/24366_181b469a1fa3.jpg","landname":"133"},{"id":281475017474182,"level":3,"status":0,"posx":31,"posy":26,"cityid":622,"townid":1345,"tokenid":"4de24a3c91737044025d8f5f69c56302","tokenurl":"/mcm/api/land?token=4de24a3c91737044025d8f5f69c56302","imageurl":"/mcm/images/land/2B/24367_7a9ff29fe1d.jpg","landname":"134"},{"id":281475017474183,"level":3,"status":1,"posx":30,"posy":27,"cityid":622,"townid":1345,"tokenid":"b11e2e032458571b96735581e7e7fb21","tokenurl":"/mcm/api/land?token=b11e2e032458571b96735581e7e7fb21","imageurl":"/mcm/images/land/2B/24368_3ca0388a914a.jpg","landname":"135"},{"id":281475017474184,"level":3,"status":1,"posx":31,"posy":27,"cityid":622,"townid":1345,"tokenid":"a9d640e40ee65eed8cc217c4acc6f620","tokenurl":"/mcm/api/land?token=a9d640e40ee65eed8cc217c4acc6f620","imageurl":"/mcm/images/land/2B/24369_315ecd145bb2.jpg","landname":"136"},{"id":281475017474185,"level":2,"status":1,"posx":30,"posy":28,"cityid":622,"townid":1345,"tokenid":"4e0f4a5a3263d0519066c6ad88503bab","tokenurl":"/mcm/api/land?token=4e0f4a5a3263d0519066c6ad88503bab","imageurl":"/mcm/images/land/2A/14622_22e9da9e28b6.jpg","landname":"137"},{"id":281475017474186,"level":3,"status":1,"posx":31,"posy":28,"cityid":622,"townid":1345,"tokenid":"b4d981d4c26627396c170812d05ac1e1","tokenurl":"/mcm/api/land?token=b4d981d4c26627396c170812d05ac1e1","imageurl":"/mcm/images/land/2B/24370_68b71fd2ed2.jpg","landname":"138"},{"id":281475017474187,"level":2,"status":0,"posx":30,"posy":29,"cityid":622,"townid":1345,"tokenid":"95b9eb265b193c2fa676ef84404d86eb","tokenurl":"/mcm/api/land?token=95b9eb265b193c2fa676ef84404d86eb","imageurl":"/mcm/images/land/2A/14623_23be7328f42a.jpg","landname":"139"},{"id":281475017474188,"level":1,"status":1,"posx":31,"posy":29,"cityid":622,"townid":1345,"tokenid":"e989a98bcb84072c6979b3f8e5646b4f","tokenurl":"/mcm/api/land?token=e989a98bcb84072c6979b3f8e5646b4f","imageurl":"/mcm/images/land/2S/9750_246375deb371.jpg","landname":"140"},{"id":281475017474189,"level":3,"status":0,"posx":10,"posy":30,"cityid":622,"townid":1345,"tokenid":"ddfde05c826eb1806b44248dcd226ea1","tokenurl":"/mcm/api/land?token=ddfde05c826eb1806b44248dcd226ea1","imageurl":"/mcm/images/land/2B/24371_1d4e9981b79c.jpg","landname":"141"},{"id":281475017474190,"level":2,"status":0,"posx":11,"posy":30,"cityid":622,"townid":1345,"tokenid":"2175de72eed50108258a00ff6df94535","tokenurl":"/mcm/api/land?token=2175de72eed50108258a00ff6df94535","imageurl":"/mcm/images/land/2A/14624_576be85bbd47.jpg","landname":"142"},{"id":281475017474191,"level":2,"status":1,"posx":12,"posy":30,"cityid":622,"townid":1345,"tokenid":"4ea853cebf17d9b242258dd13fd6176b","tokenurl":"/mcm/api/land?token=4ea853cebf17d9b242258dd13fd6176b","imageurl":"/mcm/images/land/2A/14625_47c4e60414c7.jpg","landname":"143"},{"id":281475017474192,"level":3,"status":0,"posx":13,"posy":30,"cityid":622,"townid":1345,"tokenid":"eb899f495b157a218c038fc0b7d9e83a","tokenurl":"/mcm/api/land?token=eb899f495b157a218c038fc0b7d9e83a","imageurl":"/mcm/images/land/2B/24372_3b482ad770e7.jpg","landname":"144"},{"id":281475017474193,"level":3,"status":0,"posx":14,"posy":30,"cityid":622,"townid":1345,"tokenid":"c68e4e85dc520a8dbd1635f8fb24e847","tokenurl":"/mcm/api/land?token=c68e4e85dc520a8dbd1635f8fb24e847","imageurl":"/mcm/images/land/2B/24373_3072e1d75213.jpg","landname":"145"},{"id":281475017474194,"level":2,"status":1,"posx":10,"posy":31,"cityid":622,"townid":1345,"tokenid":"6b1526190f60829e0d0fd5584c3f5ee6","tokenurl":"/mcm/api/land?token=6b1526190f60829e0d0fd5584c3f5ee6","imageurl":"/mcm/images/land/2A/14626_4798a93b4a7a.jpg","landname":"146"},{"id":281475017474195,"level":3,"status":0,"posx":11,"posy":31,"cityid":622,"townid":1345,"tokenid":"c30e197aa0177fc598208ea6b1babe1d","tokenurl":"/mcm/api/land?token=c30e197aa0177fc598208ea6b1babe1d","imageurl":"/mcm/images/land/2B/24374_e9fbafee42a.jpg","landname":"147"},{"id":281475017474196,"level":3,"status":0,"posx":12,"posy":31,"cityid":622,"townid":1345,"tokenid":"6d5688214e5af37a0fd8d3885f61f4d4","tokenurl":"/mcm/api/land?token=6d5688214e5af37a0fd8d3885f61f4d4","imageurl":"/mcm/images/land/2B/24375_324b756cf1e5.jpg","landname":"148"},{"id":281475017474197,"level":3,"status":1,"posx":13,"posy":31,"cityid":622,"townid":1345,"tokenid":"e9377a71be8a941910c3e336c48eee82","tokenurl":"/mcm/api/land?token=e9377a71be8a941910c3e336c48eee82","imageurl":"/mcm/images/land/2B/24376_34f975d8d878.jpg","landname":"149"},{"id":281475017474198,"level":1,"status":1,"posx":14,"posy":31,"cityid":622,"townid":1345,"tokenid":"58b569e5c04d1fa42f14cbdcae8a57af","tokenurl":"/mcm/api/land?token=58b569e5c04d1fa42f14cbdcae8a57af","imageurl":"/mcm/images/land/2S/9751_3a60a9d89947.jpg","landname":"150"}]]],0,0,[],[],[]]
