[1,0,0,[["cc.JsonAsset",["_name","json"],1]],[[0,0,1,3]],[[0,"219",[{"id":281474982412589,"level":1,"status":0,"posx":23,"posy":5,"cityid":87,"townid":219,"tokenid":"dfc7adf534c80863ecd226544bf7737b","tokenurl":"/mcm/api/land?token=dfc7adf534c80863ecd226544bf7737b","imageurl":"/mcm/images/land/1S/1622_52dba19d266a.jpg","landname":"1"},{"id":281474982412590,"level":1,"status":1,"posx":24,"posy":5,"cityid":87,"townid":219,"tokenid":"978636dbb9ba2717f7d3771f4cb2ecba","tokenurl":"/mcm/api/land?token=978636dbb9ba2717f7d3771f4cb2ecba","imageurl":"/mcm/images/land/1S/1623_5749d8992c.jpg","landname":"2"},{"id":281474982412591,"level":1,"status":1,"posx":23,"posy":6,"cityid":87,"townid":219,"tokenid":"9e6dd9ef1c6a679706e3c6fd8b9c13f4","tokenurl":"/mcm/api/land?token=9e6dd9ef1c6a679706e3c6fd8b9c13f4","imageurl":"/mcm/images/land/1S/1624_32c2ffe52e5b.jpg","landname":"3"},{"id":281474982412592,"level":1,"status":1,"posx":24,"posy":6,"cityid":87,"townid":219,"tokenid":"dec3637131e17fe8f6e068ab5acbaf84","tokenurl":"/mcm/api/land?token=dec3637131e17fe8f6e068ab5acbaf84","imageurl":"/mcm/images/land/1S/1625_11ae5c50402e.jpg","landname":"4"},{"id":281474982412593,"level":2,"status":1,"posx":28,"posy":6,"cityid":87,"townid":219,"tokenid":"c59a16f4040ca817512747eab5070a08","tokenurl":"/mcm/api/land?token=c59a16f4040ca817512747eab5070a08","imageurl":"/mcm/images/land/1A/812_10922b004150.jpg","landname":"5"},{"id":281474982412594,"level":1,"status":1,"posx":29,"posy":6,"cityid":87,"townid":219,"tokenid":"332603c29a1a2ef21b1ba96c1999d084","tokenurl":"/mcm/api/land?token=332603c29a1a2ef21b1ba96c1999d084","imageurl":"/mcm/images/land/1S/1626_53777d7ef5f3.jpg","landname":"6"},{"id":281474982412595,"level":1,"status":0,"posx":23,"posy":7,"cityid":87,"townid":219,"tokenid":"8b0ffc294ec5498ce62f7d259a24e3c0","tokenurl":"/mcm/api/land?token=8b0ffc294ec5498ce62f7d259a24e3c0","imageurl":"/mcm/images/land/1S/1627_45c61b27fe75.jpg","landname":"7"},{"id":281474982412596,"level":1,"status":0,"posx":24,"posy":7,"cityid":87,"townid":219,"tokenid":"478baadcc0550ff05a65ce4c8f2886f4","tokenurl":"/mcm/api/land?token=478baadcc0550ff05a65ce4c8f2886f4","imageurl":"/mcm/images/land/1S/1628_2de803b6295c.jpg","landname":"8"},{"id":281474982412597,"level":1,"status":1,"posx":28,"posy":7,"cityid":87,"townid":219,"tokenid":"be3699158a2b596897620a9789a84513","tokenurl":"/mcm/api/land?token=be3699158a2b596897620a9789a84513","imageurl":"/mcm/images/land/1S/1629_569af7541639.jpg","landname":"9"},{"id":281474982412598,"level":3,"status":0,"posx":29,"posy":7,"cityid":87,"townid":219,"tokenid":"8ad1b7d66d7af9b8021ca54b966de887","tokenurl":"/mcm/api/land?token=8ad1b7d66d7af9b8021ca54b966de887","imageurl":"/mcm/images/land/1B/272_58ef8f6e77fd.jpg","landname":"10"},{"id":281474982412599,"level":2,"status":0,"posx":32,"posy":7,"cityid":87,"townid":219,"tokenid":"061678978f186167dad6a2bd142dcb78","tokenurl":"/mcm/api/land?token=061678978f186167dad6a2bd142dcb78","imageurl":"/mcm/images/land/1A/813_411e1844c6aa.jpg","landname":"11"},{"id":281474982412600,"level":1,"status":0,"posx":33,"posy":7,"cityid":87,"townid":219,"tokenid":"0048e0ccb6809b2b2a1d90ffabbb7dd7","tokenurl":"/mcm/api/land?token=0048e0ccb6809b2b2a1d90ffabbb7dd7","imageurl":"/mcm/images/land/1S/1630_54263987761f.jpg","landname":"12"},{"id":281474982412601,"level":1,"status":0,"posx":23,"posy":8,"cityid":87,"townid":219,"tokenid":"a7ee1325fe3ffd89407125959c3a98b0","tokenurl":"/mcm/api/land?token=a7ee1325fe3ffd89407125959c3a98b0","imageurl":"/mcm/images/land/1S/1631_4f20b8cadf7.jpg","landname":"13"},{"id":281474982412602,"level":2,"status":1,"posx":24,"posy":8,"cityid":87,"townid":219,"tokenid":"90e7d29ac1e81e4f8f82ea6e0ce5af7c","tokenurl":"/mcm/api/land?token=90e7d29ac1e81e4f8f82ea6e0ce5af7c","imageurl":"/mcm/images/land/1A/814_2afe776d45b2.jpg","landname":"14"},{"id":281474982412603,"level":1,"status":0,"posx":28,"posy":8,"cityid":87,"townid":219,"tokenid":"e29fff7953cfb81b7cdec754baca1899","tokenurl":"/mcm/api/land?token=e29fff7953cfb81b7cdec754baca1899","imageurl":"/mcm/images/land/1S/1632_9bf99e7e3f8.jpg","landname":"15"},{"id":281474982412604,"level":1,"status":1,"posx":29,"posy":8,"cityid":87,"townid":219,"tokenid":"336fc4390e84d41eed9d4ee7ea96a090","tokenurl":"/mcm/api/land?token=336fc4390e84d41eed9d4ee7ea96a090","imageurl":"/mcm/images/land/1S/1633_4944b16f87eb.jpg","landname":"16"},{"id":281474982412605,"level":2,"status":0,"posx":32,"posy":8,"cityid":87,"townid":219,"tokenid":"a7c404265720e778a9f30b8c9c2f8d33","tokenurl":"/mcm/api/land?token=a7c404265720e778a9f30b8c9c2f8d33","imageurl":"/mcm/images/land/1A/815_3e777c7962ee.jpg","landname":"17"},{"id":281474982412606,"level":1,"status":1,"posx":33,"posy":8,"cityid":87,"townid":219,"tokenid":"539f7e66b8d22b42e6912446d6257f02","tokenurl":"/mcm/api/land?token=539f7e66b8d22b42e6912446d6257f02","imageurl":"/mcm/images/land/1S/1634_313ba5a5b2f4.jpg","landname":"18"},{"id":281474982412607,"level":1,"status":0,"posx":23,"posy":9,"cityid":87,"townid":219,"tokenid":"aca11fb5e34cb8ebf6b4f96c59eb30e5","tokenurl":"/mcm/api/land?token=aca11fb5e34cb8ebf6b4f96c59eb30e5","imageurl":"/mcm/images/land/1S/1635_178b8a940ea8.jpg","landname":"19"},{"id":281474982412608,"level":2,"status":1,"posx":24,"posy":9,"cityid":87,"townid":219,"tokenid":"5fbd089b7f381ce91b1ebd25e66a0227","tokenurl":"/mcm/api/land?token=5fbd089b7f381ce91b1ebd25e66a0227","imageurl":"/mcm/images/land/1A/816_1e060a9dda20.jpg","landname":"20"},{"id":281474982412609,"level":2,"status":0,"posx":28,"posy":9,"cityid":87,"townid":219,"tokenid":"4531821edee3d7c55a37bc44733f4b74","tokenurl":"/mcm/api/land?token=4531821edee3d7c55a37bc44733f4b74","imageurl":"/mcm/images/land/1A/817_1122e7d5ac77.jpg","landname":"21"},{"id":281474982412610,"level":1,"status":0,"posx":29,"posy":9,"cityid":87,"townid":219,"tokenid":"fb0ac1d01ea38952ac06af4b11f116e6","tokenurl":"/mcm/api/land?token=fb0ac1d01ea38952ac06af4b11f116e6","imageurl":"/mcm/images/land/1S/1636_1838802a37f1.jpg","landname":"22"},{"id":281474982412611,"level":1,"status":1,"posx":32,"posy":9,"cityid":87,"townid":219,"tokenid":"233e5b448b3042075d085dfa72ca9b30","tokenurl":"/mcm/api/land?token=233e5b448b3042075d085dfa72ca9b30","imageurl":"/mcm/images/land/1S/1637_54b9ab15013a.jpg","landname":"23"},{"id":281474982412612,"level":1,"status":0,"posx":33,"posy":9,"cityid":87,"townid":219,"tokenid":"53abc5604a06e52bff1840f4ebcdafa5","tokenurl":"/mcm/api/land?token=53abc5604a06e52bff1840f4ebcdafa5","imageurl":"/mcm/images/land/1S/1638_3f11a6a01c75.jpg","landname":"24"},{"id":281474982412613,"level":2,"status":0,"posx":6,"posy":10,"cityid":87,"townid":219,"tokenid":"5445bef8c85167345c58664ab7ddfa62","tokenurl":"/mcm/api/land?token=5445bef8c85167345c58664ab7ddfa62","imageurl":"/mcm/images/land/1A/818_2760ebb873a3.jpg","landname":"25"},{"id":281474982412614,"level":1,"status":0,"posx":7,"posy":10,"cityid":87,"townid":219,"tokenid":"1c58abb61359ad4f02d3de2131151cf1","tokenurl":"/mcm/api/land?token=1c58abb61359ad4f02d3de2131151cf1","imageurl":"/mcm/images/land/1S/1639_3500de6e3cb5.jpg","landname":"26"},{"id":281474982412615,"level":3,"status":1,"posx":28,"posy":10,"cityid":87,"townid":219,"tokenid":"9d8cf04d7134486a165430e8003b57f7","tokenurl":"/mcm/api/land?token=9d8cf04d7134486a165430e8003b57f7","imageurl":"/mcm/images/land/1B/273_2dab207252b1.jpg","landname":"27"},{"id":281474982412616,"level":1,"status":1,"posx":29,"posy":10,"cityid":87,"townid":219,"tokenid":"6396f3a4f09e2129d4e858550395613f","tokenurl":"/mcm/api/land?token=6396f3a4f09e2129d4e858550395613f","imageurl":"/mcm/images/land/1S/1640_96611aa2879.jpg","landname":"28"},{"id":281474982412617,"level":3,"status":0,"posx":32,"posy":10,"cityid":87,"townid":219,"tokenid":"b1f6b83c90dd8224bc5046f05ff3af16","tokenurl":"/mcm/api/land?token=b1f6b83c90dd8224bc5046f05ff3af16","imageurl":"/mcm/images/land/1B/274_2e3ff2075ff6.jpg","landname":"29"},{"id":281474982412618,"level":1,"status":1,"posx":33,"posy":10,"cityid":87,"townid":219,"tokenid":"5ad07145949c5201f2706bc3507640a9","tokenurl":"/mcm/api/land?token=5ad07145949c5201f2706bc3507640a9","imageurl":"/mcm/images/land/1S/1641_24f498243e71.jpg","landname":"30"},{"id":281474982412619,"level":2,"status":1,"posx":6,"posy":11,"cityid":87,"townid":219,"tokenid":"27ec373d2f7362af014acf72dd986dc3","tokenurl":"/mcm/api/land?token=27ec373d2f7362af014acf72dd986dc3","imageurl":"/mcm/images/land/1A/819_53d911b7a472.jpg","landname":"31"},{"id":281474982412620,"level":3,"status":1,"posx":7,"posy":11,"cityid":87,"townid":219,"tokenid":"6d288facbbef217e1f361f07de7289b4","tokenurl":"/mcm/api/land?token=6d288facbbef217e1f361f07de7289b4","imageurl":"/mcm/images/land/1B/275_2fe23827e47.jpg","landname":"32"},{"id":281474982412621,"level":1,"status":1,"posx":9,"posy":11,"cityid":87,"townid":219,"tokenid":"590f335bf2d3077f9dffa2b02641dc28","tokenurl":"/mcm/api/land?token=590f335bf2d3077f9dffa2b02641dc28","imageurl":"/mcm/images/land/1S/1642_2393520a3bfd.jpg","landname":"33"},{"id":281474982412622,"level":1,"status":0,"posx":10,"posy":11,"cityid":87,"townid":219,"tokenid":"08614a2196b5a884b1c2e1d956e0e0ba","tokenurl":"/mcm/api/land?token=08614a2196b5a884b1c2e1d956e0e0ba","imageurl":"/mcm/images/land/1S/1643_52ad57dd8e2b.jpg","landname":"34"},{"id":281474982412623,"level":1,"status":1,"posx":11,"posy":11,"cityid":87,"townid":219,"tokenid":"62144996007b9342119daf0b0c51b2b7","tokenurl":"/mcm/api/land?token=62144996007b9342119daf0b0c51b2b7","imageurl":"/mcm/images/land/1S/1644_4e0ff4c0f9aa.jpg","landname":"35"},{"id":281474982412624,"level":2,"status":1,"posx":12,"posy":11,"cityid":87,"townid":219,"tokenid":"00c63e3a41e0904240a9c19e0da26d67","tokenurl":"/mcm/api/land?token=00c63e3a41e0904240a9c19e0da26d67","imageurl":"/mcm/images/land/1A/820_40cf93ebc02.jpg","landname":"36"},{"id":281474982412625,"level":2,"status":1,"posx":13,"posy":11,"cityid":87,"townid":219,"tokenid":"d4004a0674821a012416a049cdd1e2f0","tokenurl":"/mcm/api/land?token=d4004a0674821a012416a049cdd1e2f0","imageurl":"/mcm/images/land/1A/821_5431e59c312b.jpg","landname":"37"},{"id":281474982412626,"level":1,"status":0,"posx":32,"posy":11,"cityid":87,"townid":219,"tokenid":"f7f5242a6be4d87ee28b19cd966d46d2","tokenurl":"/mcm/api/land?token=f7f5242a6be4d87ee28b19cd966d46d2","imageurl":"/mcm/images/land/1S/1645_12ea98353fb3.jpg","landname":"38"},{"id":281474982412627,"level":1,"status":0,"posx":33,"posy":11,"cityid":87,"townid":219,"tokenid":"ef140a4d76cdb9ca6cc3aa9342609d7c","tokenurl":"/mcm/api/land?token=ef140a4d76cdb9ca6cc3aa9342609d7c","imageurl":"/mcm/images/land/1S/1646_2c69dfdcfdb6.jpg","landname":"39"},{"id":281474982412628,"level":1,"status":1,"posx":6,"posy":12,"cityid":87,"townid":219,"tokenid":"a3a358f042cac336a5bdfa9b7e51dac0","tokenurl":"/mcm/api/land?token=a3a358f042cac336a5bdfa9b7e51dac0","imageurl":"/mcm/images/land/1S/1647_26ad00993f64.jpg","landname":"40"},{"id":281474982412629,"level":1,"status":1,"posx":7,"posy":12,"cityid":87,"townid":219,"tokenid":"c141c13503655c08aa0e79c832b8751e","tokenurl":"/mcm/api/land?token=c141c13503655c08aa0e79c832b8751e","imageurl":"/mcm/images/land/1S/1648_59a0f0734f01.jpg","landname":"41"},{"id":281474982412630,"level":3,"status":1,"posx":9,"posy":12,"cityid":87,"townid":219,"tokenid":"d7ff1e25a41eb072b45f8720b678572b","tokenurl":"/mcm/api/land?token=d7ff1e25a41eb072b45f8720b678572b","imageurl":"/mcm/images/land/1B/276_3597f8849c18.jpg","landname":"42"},{"id":281474982412631,"level":2,"status":0,"posx":10,"posy":12,"cityid":87,"townid":219,"tokenid":"8cacae61d9c67e41179839a14011654b","tokenurl":"/mcm/api/land?token=8cacae61d9c67e41179839a14011654b","imageurl":"/mcm/images/land/1A/822_18084b17cd32.jpg","landname":"43"},{"id":281474982412632,"level":1,"status":0,"posx":11,"posy":12,"cityid":87,"townid":219,"tokenid":"699b82b385c4ff9f87d32f0d774cb098","tokenurl":"/mcm/api/land?token=699b82b385c4ff9f87d32f0d774cb098","imageurl":"/mcm/images/land/1S/1649_e6329939beb.jpg","landname":"44"},{"id":281474982412633,"level":1,"status":1,"posx":12,"posy":12,"cityid":87,"townid":219,"tokenid":"49cb465ced41ae2c131f31f58cf1e2e8","tokenurl":"/mcm/api/land?token=49cb465ced41ae2c131f31f58cf1e2e8","imageurl":"/mcm/images/land/1S/1650_da84c22ec9a.jpg","landname":"45"},{"id":281474982412634,"level":1,"status":0,"posx":13,"posy":12,"cityid":87,"townid":219,"tokenid":"d36497317756f8620904d872a7e38979","tokenurl":"/mcm/api/land?token=d36497317756f8620904d872a7e38979","imageurl":"/mcm/images/land/1S/1651_216e6c02e823.jpg","landname":"46"},{"id":281474982412635,"level":2,"status":0,"posx":6,"posy":13,"cityid":87,"townid":219,"tokenid":"6b3eb01f2e1846c474e6ecfd9f2d0345","tokenurl":"/mcm/api/land?token=6b3eb01f2e1846c474e6ecfd9f2d0345","imageurl":"/mcm/images/land/1A/823_4eb1ca0a377a.jpg","landname":"47"},{"id":281474982412636,"level":2,"status":1,"posx":7,"posy":13,"cityid":87,"townid":219,"tokenid":"87746606bdd7eeae753e2c746d00924f","tokenurl":"/mcm/api/land?token=87746606bdd7eeae753e2c746d00924f","imageurl":"/mcm/images/land/1A/824_4e512502d7f4.jpg","landname":"48"},{"id":281474982412637,"level":2,"status":1,"posx":6,"posy":14,"cityid":87,"townid":219,"tokenid":"b9429a00364737a04327ef195e0f11e2","tokenurl":"/mcm/api/land?token=b9429a00364737a04327ef195e0f11e2","imageurl":"/mcm/images/land/1A/825_1a549cc6b6c0.jpg","landname":"49"},{"id":281474982412638,"level":1,"status":0,"posx":7,"posy":14,"cityid":87,"townid":219,"tokenid":"e792282b506f7e7aa7ec5c76fc9dce1c","tokenurl":"/mcm/api/land?token=e792282b506f7e7aa7ec5c76fc9dce1c","imageurl":"/mcm/images/land/1S/1652_3f5b5aac77f4.jpg","landname":"50"},{"id":281474982412639,"level":1,"status":1,"posx":10,"posy":15,"cityid":87,"townid":219,"tokenid":"6469ada1ac0c181316fdef9fcc6a6f61","tokenurl":"/mcm/api/land?token=6469ada1ac0c181316fdef9fcc6a6f61","imageurl":"/mcm/images/land/1S/1653_28823709168f.jpg","landname":"51"},{"id":281474982412640,"level":2,"status":1,"posx":11,"posy":15,"cityid":87,"townid":219,"tokenid":"4cc7fda43d881d06b1fe03c3455c53a2","tokenurl":"/mcm/api/land?token=4cc7fda43d881d06b1fe03c3455c53a2","imageurl":"/mcm/images/land/1A/826_230e5bdcb78.jpg","landname":"52"},{"id":281474982412641,"level":2,"status":0,"posx":12,"posy":15,"cityid":87,"townid":219,"tokenid":"1e40c9767d9e059a737344d0767643b1","tokenurl":"/mcm/api/land?token=1e40c9767d9e059a737344d0767643b1","imageurl":"/mcm/images/land/1A/827_2c13ec4d66c3.jpg","landname":"53"},{"id":281474982412642,"level":3,"status":1,"posx":13,"posy":15,"cityid":87,"townid":219,"tokenid":"339273ae2f5c7c961f765f15ff6622a4","tokenurl":"/mcm/api/land?token=339273ae2f5c7c961f765f15ff6622a4","imageurl":"/mcm/images/land/1B/277_35984dd0f388.jpg","landname":"54"},{"id":281474982412643,"level":2,"status":0,"posx":14,"posy":15,"cityid":87,"townid":219,"tokenid":"c945daf8ece62c6ba66509443434b4e6","tokenurl":"/mcm/api/land?token=c945daf8ece62c6ba66509443434b4e6","imageurl":"/mcm/images/land/1A/828_a7d04d2e492.jpg","landname":"55"},{"id":281474982412644,"level":1,"status":0,"posx":10,"posy":16,"cityid":87,"townid":219,"tokenid":"b7102f19f961e50403637511397bbaba","tokenurl":"/mcm/api/land?token=b7102f19f961e50403637511397bbaba","imageurl":"/mcm/images/land/1S/1654_3fde27182328.jpg","landname":"56"},{"id":281474982412645,"level":1,"status":0,"posx":11,"posy":16,"cityid":87,"townid":219,"tokenid":"32547efc6d53ebb4357003b032f5ef37","tokenurl":"/mcm/api/land?token=32547efc6d53ebb4357003b032f5ef37","imageurl":"/mcm/images/land/1S/1655_36650c513603.jpg","landname":"57"},{"id":281474982412646,"level":2,"status":0,"posx":12,"posy":16,"cityid":87,"townid":219,"tokenid":"783e2f4ad5e8d89e273d811d9e3ac2fb","tokenurl":"/mcm/api/land?token=783e2f4ad5e8d89e273d811d9e3ac2fb","imageurl":"/mcm/images/land/1A/829_377f1d039216.jpg","landname":"58"},{"id":281474982412647,"level":1,"status":1,"posx":13,"posy":16,"cityid":87,"townid":219,"tokenid":"a9cb8e56bba07dbd3fbfe2abbd23c026","tokenurl":"/mcm/api/land?token=a9cb8e56bba07dbd3fbfe2abbd23c026","imageurl":"/mcm/images/land/1S/1656_28c1a5f6b943.jpg","landname":"59"},{"id":281474982412648,"level":1,"status":0,"posx":14,"posy":16,"cityid":87,"townid":219,"tokenid":"29508cbda4199bf7da07839ef93fa019","tokenurl":"/mcm/api/land?token=29508cbda4199bf7da07839ef93fa019","imageurl":"/mcm/images/land/1S/1657_5034e0d274dc.jpg","landname":"60"},{"id":281474982412649,"level":2,"status":0,"posx":5,"posy":17,"cityid":87,"townid":219,"tokenid":"e973edad68eecceaafdf0a62e70babf2","tokenurl":"/mcm/api/land?token=e973edad68eecceaafdf0a62e70babf2","imageurl":"/mcm/images/land/1A/830_fbdbc49516.jpg","landname":"61"},{"id":281474982412650,"level":2,"status":0,"posx":6,"posy":17,"cityid":87,"townid":219,"tokenid":"7249f866741b2978b9e38936dda035b9","tokenurl":"/mcm/api/land?token=7249f866741b2978b9e38936dda035b9","imageurl":"/mcm/images/land/1A/831_5ae95ff9a981.jpg","landname":"62"},{"id":281474982412651,"level":1,"status":1,"posx":7,"posy":17,"cityid":87,"townid":219,"tokenid":"8737989d2e80901263e8f33d68393fe5","tokenurl":"/mcm/api/land?token=8737989d2e80901263e8f33d68393fe5","imageurl":"/mcm/images/land/1S/1658_56a2920212a2.jpg","landname":"63"},{"id":281474982412652,"level":2,"status":0,"posx":8,"posy":17,"cityid":87,"townid":219,"tokenid":"93b4353f23565f28c95737812ff6ab66","tokenurl":"/mcm/api/land?token=93b4353f23565f28c95737812ff6ab66","imageurl":"/mcm/images/land/1A/832_4c8fbabea226.jpg","landname":"64"},{"id":281474982412653,"level":2,"status":1,"posx":9,"posy":17,"cityid":87,"townid":219,"tokenid":"84d696a8995ba75250df3b0d1afdc6f6","tokenurl":"/mcm/api/land?token=84d696a8995ba75250df3b0d1afdc6f6","imageurl":"/mcm/images/land/1A/833_29b380e7055c.jpg","landname":"65"},{"id":281474982412654,"level":2,"status":0,"posx":5,"posy":18,"cityid":87,"townid":219,"tokenid":"d55d340fa48b684072ca3cb092d2ef6b","tokenurl":"/mcm/api/land?token=d55d340fa48b684072ca3cb092d2ef6b","imageurl":"/mcm/images/land/1A/834_3eff1f528bd9.jpg","landname":"66"},{"id":281474982412655,"level":1,"status":0,"posx":6,"posy":18,"cityid":87,"townid":219,"tokenid":"20debc7000479e9d7cf8209c6401cb67","tokenurl":"/mcm/api/land?token=20debc7000479e9d7cf8209c6401cb67","imageurl":"/mcm/images/land/1S/1659_f4fd1371a60.jpg","landname":"67"},{"id":281474982412656,"level":1,"status":0,"posx":7,"posy":18,"cityid":87,"townid":219,"tokenid":"ae10de177df8374c1c768ea136d7003e","tokenurl":"/mcm/api/land?token=ae10de177df8374c1c768ea136d7003e","imageurl":"/mcm/images/land/1S/1660_1a3f9fe7c8f6.jpg","landname":"68"},{"id":281474982412657,"level":1,"status":0,"posx":8,"posy":18,"cityid":87,"townid":219,"tokenid":"c78bc1e7bec1e2263142a23521bab686","tokenurl":"/mcm/api/land?token=c78bc1e7bec1e2263142a23521bab686","imageurl":"/mcm/images/land/1S/1661_1ffa23af5a3.jpg","landname":"69"},{"id":281474982412658,"level":1,"status":1,"posx":9,"posy":18,"cityid":87,"townid":219,"tokenid":"cef7a57371a6b9835efae2f93354b1af","tokenurl":"/mcm/api/land?token=cef7a57371a6b9835efae2f93354b1af","imageurl":"/mcm/images/land/1S/1662_44f6dfad143a.jpg","landname":"70"},{"id":281474982412659,"level":1,"status":1,"posx":28,"posy":20,"cityid":87,"townid":219,"tokenid":"352a22f8fb1423a3810a0935f5023763","tokenurl":"/mcm/api/land?token=352a22f8fb1423a3810a0935f5023763","imageurl":"/mcm/images/land/1S/1663_3e2e1c02c61b.jpg","landname":"71"},{"id":281474982412660,"level":3,"status":0,"posx":29,"posy":20,"cityid":87,"townid":219,"tokenid":"1afdf1e56b126703adfcc6987e135a25","tokenurl":"/mcm/api/land?token=1afdf1e56b126703adfcc6987e135a25","imageurl":"/mcm/images/land/1B/278_442861b5d132.jpg","landname":"72"},{"id":281474982412661,"level":1,"status":1,"posx":32,"posy":20,"cityid":87,"townid":219,"tokenid":"97abbc11676d43ae9ca87b7667a7ba63","tokenurl":"/mcm/api/land?token=97abbc11676d43ae9ca87b7667a7ba63","imageurl":"/mcm/images/land/1S/1664_489552b76505.jpg","landname":"73"},{"id":281474982412662,"level":3,"status":1,"posx":33,"posy":20,"cityid":87,"townid":219,"tokenid":"2aa29446bc3e9fa16465b7a96930fc9d","tokenurl":"/mcm/api/land?token=2aa29446bc3e9fa16465b7a96930fc9d","imageurl":"/mcm/images/land/1B/279_392fd40fc7ff.jpg","landname":"74"},{"id":281474982412663,"level":1,"status":0,"posx":28,"posy":21,"cityid":87,"townid":219,"tokenid":"a6b43bf3b0ee314d8a8e3e02db1dc5fb","tokenurl":"/mcm/api/land?token=a6b43bf3b0ee314d8a8e3e02db1dc5fb","imageurl":"/mcm/images/land/1S/1665_4ef3460dd8bb.jpg","landname":"75"},{"id":281474982412664,"level":1,"status":0,"posx":29,"posy":21,"cityid":87,"townid":219,"tokenid":"3be79123991f6a9fb799349f91591c5e","tokenurl":"/mcm/api/land?token=3be79123991f6a9fb799349f91591c5e","imageurl":"/mcm/images/land/1S/1666_52e210c83e9c.jpg","landname":"76"},{"id":281474982412665,"level":1,"status":0,"posx":32,"posy":21,"cityid":87,"townid":219,"tokenid":"ee1f07ea841b0ccdb2c675ef818f3bf0","tokenurl":"/mcm/api/land?token=ee1f07ea841b0ccdb2c675ef818f3bf0","imageurl":"/mcm/images/land/1S/1667_8d8be0790b1.jpg","landname":"77"},{"id":281474982412666,"level":1,"status":1,"posx":33,"posy":21,"cityid":87,"townid":219,"tokenid":"41603ac59eaef6ab66c4ca99d2e6354a","tokenurl":"/mcm/api/land?token=41603ac59eaef6ab66c4ca99d2e6354a","imageurl":"/mcm/images/land/1S/1668_1e304b506edc.jpg","landname":"78"},{"id":281474982412667,"level":1,"status":0,"posx":28,"posy":22,"cityid":87,"townid":219,"tokenid":"d738bad49c8c7d14f52765f4cfd718d4","tokenurl":"/mcm/api/land?token=d738bad49c8c7d14f52765f4cfd718d4","imageurl":"/mcm/images/land/1S/1669_490906c2d78b.jpg","landname":"79"},{"id":281474982412668,"level":1,"status":1,"posx":29,"posy":22,"cityid":87,"townid":219,"tokenid":"7747d1da8f721a3bb70ef02569265037","tokenurl":"/mcm/api/land?token=7747d1da8f721a3bb70ef02569265037","imageurl":"/mcm/images/land/1S/1670_a0e24ea2115.jpg","landname":"80"},{"id":281474982412669,"level":2,"status":1,"posx":32,"posy":22,"cityid":87,"townid":219,"tokenid":"8be4d745e0fa74f22751295aa2bcb028","tokenurl":"/mcm/api/land?token=8be4d745e0fa74f22751295aa2bcb028","imageurl":"/mcm/images/land/1A/835_5a829ef50310.jpg","landname":"81"},{"id":281474982412670,"level":1,"status":1,"posx":33,"posy":22,"cityid":87,"townid":219,"tokenid":"70af50a82607a91f6e943158bd4948dd","tokenurl":"/mcm/api/land?token=70af50a82607a91f6e943158bd4948dd","imageurl":"/mcm/images/land/1S/1671_2dbfc3402e2e.jpg","landname":"82"},{"id":281474982412671,"level":1,"status":1,"posx":15,"posy":23,"cityid":87,"townid":219,"tokenid":"440e5cf673b60181c09abdb859d4ed1d","tokenurl":"/mcm/api/land?token=440e5cf673b60181c09abdb859d4ed1d","imageurl":"/mcm/images/land/1S/1672_15d91634c98c.jpg","landname":"83"},{"id":281474982412672,"level":1,"status":0,"posx":16,"posy":23,"cityid":87,"townid":219,"tokenid":"41a0e5616dec8c51018f145cac860605","tokenurl":"/mcm/api/land?token=41a0e5616dec8c51018f145cac860605","imageurl":"/mcm/images/land/1S/1673_4a030eeb57cb.jpg","landname":"84"},{"id":281474982412673,"level":3,"status":0,"posx":17,"posy":23,"cityid":87,"townid":219,"tokenid":"07de9e5c861b4d15422a3545403859bf","tokenurl":"/mcm/api/land?token=07de9e5c861b4d15422a3545403859bf","imageurl":"/mcm/images/land/1B/280_2144bccc981f.jpg","landname":"85"},{"id":281474982412674,"level":2,"status":1,"posx":18,"posy":23,"cityid":87,"townid":219,"tokenid":"fc0a3405ec8e99de346bde6d8d498096","tokenurl":"/mcm/api/land?token=fc0a3405ec8e99de346bde6d8d498096","imageurl":"/mcm/images/land/1A/836_35bbb5a564d2.jpg","landname":"86"},{"id":281474982412675,"level":2,"status":1,"posx":19,"posy":23,"cityid":87,"townid":219,"tokenid":"50f11cbd55c65eae2186a3aa841d6eae","tokenurl":"/mcm/api/land?token=50f11cbd55c65eae2186a3aa841d6eae","imageurl":"/mcm/images/land/1A/837_119ded7d2ac9.jpg","landname":"87"},{"id":281474982412676,"level":3,"status":1,"posx":28,"posy":23,"cityid":87,"townid":219,"tokenid":"ddb87b8f87890b4de29c90a96b2f7698","tokenurl":"/mcm/api/land?token=ddb87b8f87890b4de29c90a96b2f7698","imageurl":"/mcm/images/land/1B/281_5048baf1d1bd.jpg","landname":"88"},{"id":281474982412677,"level":2,"status":1,"posx":29,"posy":23,"cityid":87,"townid":219,"tokenid":"c99419c07611077f869321ca7c21c4d4","tokenurl":"/mcm/api/land?token=c99419c07611077f869321ca7c21c4d4","imageurl":"/mcm/images/land/1A/838_1613a80e960e.jpg","landname":"89"},{"id":281474982412678,"level":1,"status":0,"posx":32,"posy":23,"cityid":87,"townid":219,"tokenid":"56fbf2eae85f840462608be316fe60ab","tokenurl":"/mcm/api/land?token=56fbf2eae85f840462608be316fe60ab","imageurl":"/mcm/images/land/1S/1674_32ccf43765c1.jpg","landname":"90"},{"id":281474982412679,"level":1,"status":1,"posx":33,"posy":23,"cityid":87,"townid":219,"tokenid":"bd3f84a55ac298b1b3b310375e303bed","tokenurl":"/mcm/api/land?token=bd3f84a55ac298b1b3b310375e303bed","imageurl":"/mcm/images/land/1S/1675_292450c16f4a.jpg","landname":"91"},{"id":281474982412680,"level":2,"status":1,"posx":15,"posy":24,"cityid":87,"townid":219,"tokenid":"cb5f06616798e5d954c67cc84e641006","tokenurl":"/mcm/api/land?token=cb5f06616798e5d954c67cc84e641006","imageurl":"/mcm/images/land/1A/839_55f487056b8c.jpg","landname":"92"},{"id":281474982412681,"level":3,"status":1,"posx":16,"posy":24,"cityid":87,"townid":219,"tokenid":"784cb57fb059b6618f0b67ff68ed773d","tokenurl":"/mcm/api/land?token=784cb57fb059b6618f0b67ff68ed773d","imageurl":"/mcm/images/land/1B/282_bc1d9a79a6b.jpg","landname":"93"},{"id":281474982412682,"level":2,"status":0,"posx":17,"posy":24,"cityid":87,"townid":219,"tokenid":"a7223014d08cccfd24ffb7ba9248a4cc","tokenurl":"/mcm/api/land?token=a7223014d08cccfd24ffb7ba9248a4cc","imageurl":"/mcm/images/land/1A/840_13e842d134a.jpg","landname":"94"},{"id":281474982412683,"level":1,"status":1,"posx":18,"posy":24,"cityid":87,"townid":219,"tokenid":"04d5ff07ccba0978358da497b225bfa2","tokenurl":"/mcm/api/land?token=04d5ff07ccba0978358da497b225bfa2","imageurl":"/mcm/images/land/1S/1676_1720dca094c2.jpg","landname":"95"},{"id":281474982412684,"level":2,"status":0,"posx":19,"posy":24,"cityid":87,"townid":219,"tokenid":"2c40a0c3d5c9825a09ee0da6d2df015e","tokenurl":"/mcm/api/land?token=2c40a0c3d5c9825a09ee0da6d2df015e","imageurl":"/mcm/images/land/1A/841_21024c7995e5.jpg","landname":"96"},{"id":281474982412685,"level":2,"status":0,"posx":28,"posy":24,"cityid":87,"townid":219,"tokenid":"3276ba267f150c5b6182ad7aa8cd93f2","tokenurl":"/mcm/api/land?token=3276ba267f150c5b6182ad7aa8cd93f2","imageurl":"/mcm/images/land/1A/842_259de3c9ccc0.jpg","landname":"97"},{"id":281474982412686,"level":1,"status":1,"posx":29,"posy":24,"cityid":87,"townid":219,"tokenid":"5a70eb134137ea6af93730512350ff83","tokenurl":"/mcm/api/land?token=5a70eb134137ea6af93730512350ff83","imageurl":"/mcm/images/land/1S/1677_e9dbe31c13.jpg","landname":"98"},{"id":281474982412687,"level":2,"status":1,"posx":32,"posy":24,"cityid":87,"townid":219,"tokenid":"06b342a24f7f9420039c76b34ce84ac1","tokenurl":"/mcm/api/land?token=06b342a24f7f9420039c76b34ce84ac1","imageurl":"/mcm/images/land/1A/843_28488b221461.jpg","landname":"99"},{"id":281474982412688,"level":2,"status":0,"posx":33,"posy":24,"cityid":87,"townid":219,"tokenid":"19848a4d72b5c4e7e42807d79b666735","tokenurl":"/mcm/api/land?token=19848a4d72b5c4e7e42807d79b666735","imageurl":"/mcm/images/land/1A/844_4d2195380324.jpg","landname":"100"},{"id":281474982412689,"level":1,"status":0,"posx":6,"posy":25,"cityid":87,"townid":219,"tokenid":"52446f57317be28d6c7c613b5bda538d","tokenurl":"/mcm/api/land?token=52446f57317be28d6c7c613b5bda538d","imageurl":"/mcm/images/land/1S/1678_c286a0b803a.jpg","landname":"101"},{"id":281474982412690,"level":1,"status":0,"posx":7,"posy":25,"cityid":87,"townid":219,"tokenid":"05e34139553a46f78741f849e30f160b","tokenurl":"/mcm/api/land?token=05e34139553a46f78741f849e30f160b","imageurl":"/mcm/images/land/1S/1679_54308035701b.jpg","landname":"102"},{"id":281474982412691,"level":1,"status":1,"posx":6,"posy":26,"cityid":87,"townid":219,"tokenid":"70d3ccb2d771557056c7bac1f94d30e7","tokenurl":"/mcm/api/land?token=70d3ccb2d771557056c7bac1f94d30e7","imageurl":"/mcm/images/land/1S/1680_4007b5c78775.jpg","landname":"103"},{"id":281474982412692,"level":2,"status":0,"posx":7,"posy":26,"cityid":87,"townid":219,"tokenid":"e2c789f5eaecf77646c6f71cfa1ecf81","tokenurl":"/mcm/api/land?token=e2c789f5eaecf77646c6f71cfa1ecf81","imageurl":"/mcm/images/land/1A/845_1f878a927bfe.jpg","landname":"104"},{"id":281474982412693,"level":2,"status":0,"posx":21,"posy":26,"cityid":87,"townid":219,"tokenid":"d503a2c34bb5bfec1a81ac69a357b8ff","tokenurl":"/mcm/api/land?token=d503a2c34bb5bfec1a81ac69a357b8ff","imageurl":"/mcm/images/land/1A/846_3fa9f44858fa.jpg","landname":"105"},{"id":281474982412694,"level":1,"status":0,"posx":22,"posy":26,"cityid":87,"townid":219,"tokenid":"64244c351fab19ee00f97c4087f40b18","tokenurl":"/mcm/api/land?token=64244c351fab19ee00f97c4087f40b18","imageurl":"/mcm/images/land/1S/1681_274f787a3a7f.jpg","landname":"106"},{"id":281474982412695,"level":1,"status":0,"posx":24,"posy":26,"cityid":87,"townid":219,"tokenid":"dd68db4fb760441c38d6a608f0730669","tokenurl":"/mcm/api/land?token=dd68db4fb760441c38d6a608f0730669","imageurl":"/mcm/images/land/1S/1682_25d146ac89db.jpg","landname":"107"},{"id":281474982412696,"level":2,"status":1,"posx":25,"posy":26,"cityid":87,"townid":219,"tokenid":"d41a23fe58d37767182d34d0f0f25c1f","tokenurl":"/mcm/api/land?token=d41a23fe58d37767182d34d0f0f25c1f","imageurl":"/mcm/images/land/1A/847_14eb72f7fcd7.jpg","landname":"108"},{"id":281474982412697,"level":1,"status":1,"posx":28,"posy":26,"cityid":87,"townid":219,"tokenid":"9824b5b45ee3415dd5311ce1e9632288","tokenurl":"/mcm/api/land?token=9824b5b45ee3415dd5311ce1e9632288","imageurl":"/mcm/images/land/1S/1683_9da9aba27.jpg","landname":"109"},{"id":281474982412698,"level":1,"status":1,"posx":29,"posy":26,"cityid":87,"townid":219,"tokenid":"79c4537857468ad1b8d548569d12471c","tokenurl":"/mcm/api/land?token=79c4537857468ad1b8d548569d12471c","imageurl":"/mcm/images/land/1S/1684_3b8a0e46a631.jpg","landname":"110"},{"id":281474982412699,"level":1,"status":0,"posx":32,"posy":26,"cityid":87,"townid":219,"tokenid":"ff596468bc4c285a59aac38ee839af3e","tokenurl":"/mcm/api/land?token=ff596468bc4c285a59aac38ee839af3e","imageurl":"/mcm/images/land/1S/1685_23b16cf8e8c8.jpg","landname":"111"},{"id":281474982412700,"level":3,"status":0,"posx":33,"posy":26,"cityid":87,"townid":219,"tokenid":"3cdc0bf7d66bac174a000326575a5f86","tokenurl":"/mcm/api/land?token=3cdc0bf7d66bac174a000326575a5f86","imageurl":"/mcm/images/land/1B/283_6a571886ea7.jpg","landname":"112"},{"id":281474982412701,"level":1,"status":1,"posx":6,"posy":27,"cityid":87,"townid":219,"tokenid":"0181d90a706587adbba45ec11385f48e","tokenurl":"/mcm/api/land?token=0181d90a706587adbba45ec11385f48e","imageurl":"/mcm/images/land/1S/1686_4e947032fd6f.jpg","landname":"113"},{"id":281474982412702,"level":2,"status":0,"posx":7,"posy":27,"cityid":87,"townid":219,"tokenid":"0cd415f53a58eaf0960cf2e38f974f15","tokenurl":"/mcm/api/land?token=0cd415f53a58eaf0960cf2e38f974f15","imageurl":"/mcm/images/land/1A/848_142e148afc86.jpg","landname":"114"},{"id":281474982412703,"level":2,"status":1,"posx":21,"posy":27,"cityid":87,"townid":219,"tokenid":"e1247df7bdbbceff9148ee0b3df2d30f","tokenurl":"/mcm/api/land?token=e1247df7bdbbceff9148ee0b3df2d30f","imageurl":"/mcm/images/land/1A/849_434e6f5d1b9b.jpg","landname":"115"},{"id":281474982412704,"level":1,"status":0,"posx":22,"posy":27,"cityid":87,"townid":219,"tokenid":"38996407973cc30357bce48ee79e5a8a","tokenurl":"/mcm/api/land?token=38996407973cc30357bce48ee79e5a8a","imageurl":"/mcm/images/land/1S/1687_36b014554df8.jpg","landname":"116"},{"id":281474982412705,"level":2,"status":0,"posx":24,"posy":27,"cityid":87,"townid":219,"tokenid":"9dfdbbdb1f03c6d4f8e095742ad5f2c1","tokenurl":"/mcm/api/land?token=9dfdbbdb1f03c6d4f8e095742ad5f2c1","imageurl":"/mcm/images/land/1A/850_1a479e7dab9.jpg","landname":"117"},{"id":281474982412706,"level":2,"status":1,"posx":25,"posy":27,"cityid":87,"townid":219,"tokenid":"43e6e318beca79834184b375c349462c","tokenurl":"/mcm/api/land?token=43e6e318beca79834184b375c349462c","imageurl":"/mcm/images/land/1A/851_115134bd5646.jpg","landname":"118"},{"id":281474982412707,"level":1,"status":1,"posx":28,"posy":27,"cityid":87,"townid":219,"tokenid":"cfa2a41e34d7de8307af9664bdc42fd5","tokenurl":"/mcm/api/land?token=cfa2a41e34d7de8307af9664bdc42fd5","imageurl":"/mcm/images/land/1S/1688_2d203a27198a.jpg","landname":"119"},{"id":281474982412708,"level":1,"status":0,"posx":29,"posy":27,"cityid":87,"townid":219,"tokenid":"2e529bea6d1a2232bc5479af6f596671","tokenurl":"/mcm/api/land?token=2e529bea6d1a2232bc5479af6f596671","imageurl":"/mcm/images/land/1S/1689_acf9ba20a69.jpg","landname":"120"},{"id":281474982412709,"level":1,"status":1,"posx":32,"posy":27,"cityid":87,"townid":219,"tokenid":"7f92c005374472d4adc1a96d30b4b93b","tokenurl":"/mcm/api/land?token=7f92c005374472d4adc1a96d30b4b93b","imageurl":"/mcm/images/land/1S/1690_4118c3b52ca6.jpg","landname":"121"},{"id":281474982412710,"level":1,"status":0,"posx":33,"posy":27,"cityid":87,"townid":219,"tokenid":"0e0b351d5789e86a5faecf2f37f8241c","tokenurl":"/mcm/api/land?token=0e0b351d5789e86a5faecf2f37f8241c","imageurl":"/mcm/images/land/1S/1691_109b2c3863f4.jpg","landname":"122"},{"id":281474982412711,"level":1,"status":1,"posx":6,"posy":28,"cityid":87,"townid":219,"tokenid":"a351485f4fa43925efe30061d275028f","tokenurl":"/mcm/api/land?token=a351485f4fa43925efe30061d275028f","imageurl":"/mcm/images/land/1S/1692_7185e9f3d79.jpg","landname":"123"},{"id":281474982412712,"level":3,"status":0,"posx":7,"posy":28,"cityid":87,"townid":219,"tokenid":"77a1890c1c3049cbba96c08e86a1a344","tokenurl":"/mcm/api/land?token=77a1890c1c3049cbba96c08e86a1a344","imageurl":"/mcm/images/land/1B/284_5a607304004.jpg","landname":"124"},{"id":281474982412713,"level":1,"status":1,"posx":21,"posy":28,"cityid":87,"townid":219,"tokenid":"d0edf25833b41934a6b2f5f406c35273","tokenurl":"/mcm/api/land?token=d0edf25833b41934a6b2f5f406c35273","imageurl":"/mcm/images/land/1S/1693_1df9ced4f069.jpg","landname":"125"},{"id":281474982412714,"level":1,"status":1,"posx":22,"posy":28,"cityid":87,"townid":219,"tokenid":"a40b6e73782dde2f9882ed83d5512b91","tokenurl":"/mcm/api/land?token=a40b6e73782dde2f9882ed83d5512b91","imageurl":"/mcm/images/land/1S/1694_4678ea15d3f3.jpg","landname":"126"},{"id":281474982412715,"level":2,"status":1,"posx":24,"posy":28,"cityid":87,"townid":219,"tokenid":"e181e17346d0b6d3323754d4e9281362","tokenurl":"/mcm/api/land?token=e181e17346d0b6d3323754d4e9281362","imageurl":"/mcm/images/land/1A/852_36098ad7d58d.jpg","landname":"127"},{"id":281474982412716,"level":1,"status":1,"posx":25,"posy":28,"cityid":87,"townid":219,"tokenid":"eb359a83945b2a52c0c865bab7b287e3","tokenurl":"/mcm/api/land?token=eb359a83945b2a52c0c865bab7b287e3","imageurl":"/mcm/images/land/1S/1695_214bb7920a84.jpg","landname":"128"},{"id":281474982412717,"level":3,"status":1,"posx":28,"posy":28,"cityid":87,"townid":219,"tokenid":"d721ecffcef29c7d2dde1780cf663105","tokenurl":"/mcm/api/land?token=d721ecffcef29c7d2dde1780cf663105","imageurl":"/mcm/images/land/1B/285_8642dea8a6b.jpg","landname":"129"},{"id":281474982412718,"level":1,"status":1,"posx":29,"posy":28,"cityid":87,"townid":219,"tokenid":"70462c4ddf74bd8439716c482d30a6f9","tokenurl":"/mcm/api/land?token=70462c4ddf74bd8439716c482d30a6f9","imageurl":"/mcm/images/land/1S/1696_320bb9ce5d8e.jpg","landname":"130"},{"id":281474982412719,"level":1,"status":1,"posx":32,"posy":28,"cityid":87,"townid":219,"tokenid":"3a03111d5791d10b33123ddc5281403e","tokenurl":"/mcm/api/land?token=3a03111d5791d10b33123ddc5281403e","imageurl":"/mcm/images/land/1S/1697_109939c521a8.jpg","landname":"131"},{"id":281474982412720,"level":1,"status":0,"posx":33,"posy":28,"cityid":87,"townid":219,"tokenid":"14782d3fcc7ac97d3e0ab3cf6aabcab4","tokenurl":"/mcm/api/land?token=14782d3fcc7ac97d3e0ab3cf6aabcab4","imageurl":"/mcm/images/land/1S/1698_6a41f47abe3.jpg","landname":"132"},{"id":281474982412721,"level":1,"status":1,"posx":6,"posy":29,"cityid":87,"townid":219,"tokenid":"3b3cc09fe816308e91db3938f6bc1680","tokenurl":"/mcm/api/land?token=3b3cc09fe816308e91db3938f6bc1680","imageurl":"/mcm/images/land/1S/1699_1c96334dbc88.jpg","landname":"133"},{"id":281474982412722,"level":1,"status":0,"posx":7,"posy":29,"cityid":87,"townid":219,"tokenid":"6cdb223b188b4d6fbdfc8dae1258c142","tokenurl":"/mcm/api/land?token=6cdb223b188b4d6fbdfc8dae1258c142","imageurl":"/mcm/images/land/1S/1700_260b68870adc.jpg","landname":"134"},{"id":281474982412723,"level":1,"status":0,"posx":21,"posy":29,"cityid":87,"townid":219,"tokenid":"b7f8b2af44ea9e9e676796fab27d852e","tokenurl":"/mcm/api/land?token=b7f8b2af44ea9e9e676796fab27d852e","imageurl":"/mcm/images/land/1S/1701_cfc9f577141.jpg","landname":"135"},{"id":281474982412724,"level":2,"status":0,"posx":22,"posy":29,"cityid":87,"townid":219,"tokenid":"9bba6f2dd43323ae0818d364884dfe1e","tokenurl":"/mcm/api/land?token=9bba6f2dd43323ae0818d364884dfe1e","imageurl":"/mcm/images/land/1A/853_13ecc817936c.jpg","landname":"136"},{"id":281474982412725,"level":1,"status":1,"posx":24,"posy":29,"cityid":87,"townid":219,"tokenid":"240de24b9c821e7511654a177b37f369","tokenurl":"/mcm/api/land?token=240de24b9c821e7511654a177b37f369","imageurl":"/mcm/images/land/1S/1702_45670f0a8269.jpg","landname":"137"},{"id":281474982412726,"level":1,"status":1,"posx":25,"posy":29,"cityid":87,"townid":219,"tokenid":"01bcf133f0f3fe5c3e492e425ef478e7","tokenurl":"/mcm/api/land?token=01bcf133f0f3fe5c3e492e425ef478e7","imageurl":"/mcm/images/land/1S/1703_31532733fea6.jpg","landname":"138"},{"id":281474982412727,"level":1,"status":0,"posx":28,"posy":29,"cityid":87,"townid":219,"tokenid":"e48138ff867f2eb37697fc1b0c89a9dc","tokenurl":"/mcm/api/land?token=e48138ff867f2eb37697fc1b0c89a9dc","imageurl":"/mcm/images/land/1S/1704_492692193d53.jpg","landname":"139"},{"id":281474982412728,"level":2,"status":1,"posx":29,"posy":29,"cityid":87,"townid":219,"tokenid":"3e2549610d3772e31d78d02a9f4fc00c","tokenurl":"/mcm/api/land?token=3e2549610d3772e31d78d02a9f4fc00c","imageurl":"/mcm/images/land/1A/854_3ac01bf1621a.jpg","landname":"140"},{"id":281474982412729,"level":3,"status":0,"posx":32,"posy":29,"cityid":87,"townid":219,"tokenid":"d7d9a4efd14a2a59dcc68f4d8c8cfabe","tokenurl":"/mcm/api/land?token=d7d9a4efd14a2a59dcc68f4d8c8cfabe","imageurl":"/mcm/images/land/1B/286_14a7ffc070f3.jpg","landname":"141"},{"id":281474982412730,"level":1,"status":0,"posx":33,"posy":29,"cityid":87,"townid":219,"tokenid":"6c26b5f9f1a8fd6934f67c8b446dd06c","tokenurl":"/mcm/api/land?token=6c26b5f9f1a8fd6934f67c8b446dd06c","imageurl":"/mcm/images/land/1S/1705_4b8ba702f5d7.jpg","landname":"142"},{"id":281474982412731,"level":1,"status":0,"posx":21,"posy":30,"cityid":87,"townid":219,"tokenid":"21f9073682a8e11536a4386ba5769195","tokenurl":"/mcm/api/land?token=21f9073682a8e11536a4386ba5769195","imageurl":"/mcm/images/land/1S/1706_3932e1d05781.jpg","landname":"143"},{"id":281474982412732,"level":1,"status":0,"posx":22,"posy":30,"cityid":87,"townid":219,"tokenid":"778890d11492e47cad887b1c5e4a8d10","tokenurl":"/mcm/api/land?token=778890d11492e47cad887b1c5e4a8d10","imageurl":"/mcm/images/land/1S/1707_48d9c68d2cdd.jpg","landname":"144"},{"id":281474982412733,"level":1,"status":1,"posx":24,"posy":30,"cityid":87,"townid":219,"tokenid":"24d84a24cf3287ea3e849a1c83739c41","tokenurl":"/mcm/api/land?token=24d84a24cf3287ea3e849a1c83739c41","imageurl":"/mcm/images/land/1S/1708_71b2cdd0f57.jpg","landname":"145"},{"id":281474982412734,"level":2,"status":0,"posx":25,"posy":30,"cityid":87,"townid":219,"tokenid":"f4d52f46de27d436c661f2b8579575ed","tokenurl":"/mcm/api/land?token=f4d52f46de27d436c661f2b8579575ed","imageurl":"/mcm/images/land/1A/855_f45f93a79c4.jpg","landname":"146"},{"id":281474982412735,"level":1,"status":0,"posx":28,"posy":30,"cityid":87,"townid":219,"tokenid":"4bcf1cd382e9b5a48efe35053a385135","tokenurl":"/mcm/api/land?token=4bcf1cd382e9b5a48efe35053a385135","imageurl":"/mcm/images/land/1S/1709_14cee9ed0506.jpg","landname":"147"},{"id":281474982412736,"level":1,"status":0,"posx":29,"posy":30,"cityid":87,"townid":219,"tokenid":"f6f663e1390a152f7f927976e34b8529","tokenurl":"/mcm/api/land?token=f6f663e1390a152f7f927976e34b8529","imageurl":"/mcm/images/land/1S/1710_147470ee36a8.jpg","landname":"148"},{"id":281474982412737,"level":2,"status":1,"posx":32,"posy":30,"cityid":87,"townid":219,"tokenid":"8a8f4960a52b64deb0acef4a95bb6d10","tokenurl":"/mcm/api/land?token=8a8f4960a52b64deb0acef4a95bb6d10","imageurl":"/mcm/images/land/1A/856_26c15e7a007e.jpg","landname":"149"},{"id":281474982412738,"level":1,"status":1,"posx":33,"posy":30,"cityid":87,"townid":219,"tokenid":"4e11e947427d9ad7ef64bcfe2bf21d6a","tokenurl":"/mcm/api/land?token=4e11e947427d9ad7ef64bcfe2bf21d6a","imageurl":"/mcm/images/land/1S/1711_58d1efdbb7f4.jpg","landname":"150"}]]],0,0,[],[],[]]
