[1,0,0,[["cc.JsonAsset",["_name","json"],1]],[[0,0,1,3]],[[0,"386",[{"id":281474986868887,"level":2,"status":0,"posx":32,"posy":5,"cityid":155,"townid":386,"tokenid":"aad0bf1f60b30ce25955fe4f036cbc85","tokenurl":"/mcm/api/land?token=aad0bf1f60b30ce25955fe4f036cbc85","imageurl":"/mcm/images/land/2A/10487_c18f818af23.jpg","landname":"1"},{"id":281474986868888,"level":3,"status":1,"posx":33,"posy":5,"cityid":155,"townid":386,"tokenid":"6cf40c63c4d47ca689075d855004e414","tokenurl":"/mcm/api/land?token=6cf40c63c4d47ca689075d855004e414","imageurl":"/mcm/images/land/2B/17477_37ef475fac4a.jpg","landname":"2"},{"id":281474986868889,"level":1,"status":1,"posx":5,"posy":6,"cityid":155,"townid":386,"tokenid":"94eb085de94ca3a69abedd22cd182e30","tokenurl":"/mcm/api/land?token=94eb085de94ca3a69abedd22cd182e30","imageurl":"/mcm/images/land/2S/6992_2dd8e10b001c.jpg","landname":"3"},{"id":281474986868890,"level":2,"status":0,"posx":6,"posy":6,"cityid":155,"townid":386,"tokenid":"402e15ad6aa1d90370f09ad229edec61","tokenurl":"/mcm/api/land?token=402e15ad6aa1d90370f09ad229edec61","imageurl":"/mcm/images/land/2A/10488_450113f17c4c.jpg","landname":"4"},{"id":281474986868891,"level":3,"status":1,"posx":21,"posy":6,"cityid":155,"townid":386,"tokenid":"d6c5308fd297c85049ebce3bc2c0593f","tokenurl":"/mcm/api/land?token=d6c5308fd297c85049ebce3bc2c0593f","imageurl":"/mcm/images/land/2B/17478_30a0cb5f80ed.jpg","landname":"5"},{"id":281474986868892,"level":1,"status":1,"posx":22,"posy":6,"cityid":155,"townid":386,"tokenid":"387d729490d85e02a148783f948c8054","tokenurl":"/mcm/api/land?token=387d729490d85e02a148783f948c8054","imageurl":"/mcm/images/land/2S/6993_234fc80e9a3c.jpg","landname":"6"},{"id":281474986868893,"level":3,"status":0,"posx":23,"posy":6,"cityid":155,"townid":386,"tokenid":"1bdc82841aada1f509022656efad0d7c","tokenurl":"/mcm/api/land?token=1bdc82841aada1f509022656efad0d7c","imageurl":"/mcm/images/land/2B/17479_4e58ed1be3aa.jpg","landname":"7"},{"id":281474986868894,"level":3,"status":1,"posx":24,"posy":6,"cityid":155,"townid":386,"tokenid":"3a51380a90e0a583acd646891dd24d7b","tokenurl":"/mcm/api/land?token=3a51380a90e0a583acd646891dd24d7b","imageurl":"/mcm/images/land/2B/17480_185f0cf84d07.jpg","landname":"8"},{"id":281474986868895,"level":1,"status":1,"posx":25,"posy":6,"cityid":155,"townid":386,"tokenid":"e52b46c07f5afdd678da6e619983f137","tokenurl":"/mcm/api/land?token=e52b46c07f5afdd678da6e619983f137","imageurl":"/mcm/images/land/2S/6994_2d1aca141773.jpg","landname":"9"},{"id":281474986868896,"level":3,"status":1,"posx":32,"posy":6,"cityid":155,"townid":386,"tokenid":"c47efcf8cfb77f81812e0a631e5717d1","tokenurl":"/mcm/api/land?token=c47efcf8cfb77f81812e0a631e5717d1","imageurl":"/mcm/images/land/2B/17481_49a767cdfaf6.jpg","landname":"10"},{"id":281474986868897,"level":3,"status":1,"posx":33,"posy":6,"cityid":155,"townid":386,"tokenid":"32e5404ec05e4e1f00d068aff02b4d2e","tokenurl":"/mcm/api/land?token=32e5404ec05e4e1f00d068aff02b4d2e","imageurl":"/mcm/images/land/2B/17482_183f0712dac1.jpg","landname":"11"},{"id":281474986868898,"level":3,"status":1,"posx":5,"posy":7,"cityid":155,"townid":386,"tokenid":"bd67ec96ef61123a4f2fce89c34d217a","tokenurl":"/mcm/api/land?token=bd67ec96ef61123a4f2fce89c34d217a","imageurl":"/mcm/images/land/2B/17483_2f263d8ec375.jpg","landname":"12"},{"id":281474986868899,"level":1,"status":1,"posx":6,"posy":7,"cityid":155,"townid":386,"tokenid":"451df2b62bab2f4c4d581adc579311d3","tokenurl":"/mcm/api/land?token=451df2b62bab2f4c4d581adc579311d3","imageurl":"/mcm/images/land/2S/6995_54d0d2c4d293.jpg","landname":"13"},{"id":281474986868900,"level":3,"status":0,"posx":21,"posy":7,"cityid":155,"townid":386,"tokenid":"ff6bf74077f091b1230752421487aa0e","tokenurl":"/mcm/api/land?token=ff6bf74077f091b1230752421487aa0e","imageurl":"/mcm/images/land/2B/17484_54fee93b4bca.jpg","landname":"14"},{"id":281474986868901,"level":2,"status":1,"posx":22,"posy":7,"cityid":155,"townid":386,"tokenid":"3ddcd72a48eb87cadb73bf61f7c02655","tokenurl":"/mcm/api/land?token=3ddcd72a48eb87cadb73bf61f7c02655","imageurl":"/mcm/images/land/2A/10489_537a3f3519a9.jpg","landname":"15"},{"id":281474986868902,"level":3,"status":0,"posx":23,"posy":7,"cityid":155,"townid":386,"tokenid":"9774e903271d7330aa70eff7b6bd0466","tokenurl":"/mcm/api/land?token=9774e903271d7330aa70eff7b6bd0466","imageurl":"/mcm/images/land/2B/17485_2be505b3d81d.jpg","landname":"16"},{"id":281474986868903,"level":2,"status":1,"posx":24,"posy":7,"cityid":155,"townid":386,"tokenid":"e7ebcc238bb2a9abb48143cf2268dbff","tokenurl":"/mcm/api/land?token=e7ebcc238bb2a9abb48143cf2268dbff","imageurl":"/mcm/images/land/2A/10490_2b78d5ba0535.jpg","landname":"17"},{"id":281474986868904,"level":2,"status":0,"posx":25,"posy":7,"cityid":155,"townid":386,"tokenid":"716a23c76147b12112662280a968bef1","tokenurl":"/mcm/api/land?token=716a23c76147b12112662280a968bef1","imageurl":"/mcm/images/land/2A/10491_1fcac3d9321c.jpg","landname":"18"},{"id":281474986868905,"level":2,"status":0,"posx":32,"posy":7,"cityid":155,"townid":386,"tokenid":"1ede55ca3ec561c9fe114c4f637b0b68","tokenurl":"/mcm/api/land?token=1ede55ca3ec561c9fe114c4f637b0b68","imageurl":"/mcm/images/land/2A/10492_266ba1e21449.jpg","landname":"19"},{"id":281474986868906,"level":3,"status":1,"posx":33,"posy":7,"cityid":155,"townid":386,"tokenid":"4d9b8d78d926bbd9756bac518093e7f2","tokenurl":"/mcm/api/land?token=4d9b8d78d926bbd9756bac518093e7f2","imageurl":"/mcm/images/land/2B/17486_226b186e4fb1.jpg","landname":"20"},{"id":281474986868907,"level":3,"status":0,"posx":5,"posy":8,"cityid":155,"townid":386,"tokenid":"4d8930387950625a4ad5cbd4a7e6189c","tokenurl":"/mcm/api/land?token=4d8930387950625a4ad5cbd4a7e6189c","imageurl":"/mcm/images/land/2B/17487_2d0dc6a602e7.jpg","landname":"21"},{"id":281474986868908,"level":3,"status":1,"posx":6,"posy":8,"cityid":155,"townid":386,"tokenid":"87c79948e8cc46f22a82703e88d7c76b","tokenurl":"/mcm/api/land?token=87c79948e8cc46f22a82703e88d7c76b","imageurl":"/mcm/images/land/2B/17488_387a1ae6181e.jpg","landname":"22"},{"id":281474986868909,"level":1,"status":1,"posx":32,"posy":8,"cityid":155,"townid":386,"tokenid":"36eb2e7a80a451bb1a21e728e585f45c","tokenurl":"/mcm/api/land?token=36eb2e7a80a451bb1a21e728e585f45c","imageurl":"/mcm/images/land/2S/6996_17d26f378de6.jpg","landname":"23"},{"id":281474986868910,"level":3,"status":1,"posx":33,"posy":8,"cityid":155,"townid":386,"tokenid":"323beb9de701fda619225c548d2a06b7","tokenurl":"/mcm/api/land?token=323beb9de701fda619225c548d2a06b7","imageurl":"/mcm/images/land/2B/17489_1db3282f4612.jpg","landname":"24"},{"id":281474986868911,"level":3,"status":0,"posx":5,"posy":9,"cityid":155,"townid":386,"tokenid":"57643ff675327ec04a9079a421dbc21d","tokenurl":"/mcm/api/land?token=57643ff675327ec04a9079a421dbc21d","imageurl":"/mcm/images/land/2B/17490_57a490f5ee69.jpg","landname":"25"},{"id":281474986868912,"level":1,"status":1,"posx":6,"posy":9,"cityid":155,"townid":386,"tokenid":"208b3bdd8c56e9c058453598d9a046d9","tokenurl":"/mcm/api/land?token=208b3bdd8c56e9c058453598d9a046d9","imageurl":"/mcm/images/land/2S/6997_51f41213f8b9.jpg","landname":"26"},{"id":281474986868913,"level":3,"status":1,"posx":32,"posy":9,"cityid":155,"townid":386,"tokenid":"67ab20c3c518b51f3033a47c465fb098","tokenurl":"/mcm/api/land?token=67ab20c3c518b51f3033a47c465fb098","imageurl":"/mcm/images/land/2B/17491_3dc8d0931f3.jpg","landname":"27"},{"id":281474986868914,"level":1,"status":0,"posx":33,"posy":9,"cityid":155,"townid":386,"tokenid":"354f29fbe90ee321a11211bc3a9d2e8c","tokenurl":"/mcm/api/land?token=354f29fbe90ee321a11211bc3a9d2e8c","imageurl":"/mcm/images/land/2S/6998_1111071bbbbe.jpg","landname":"28"},{"id":281474986868915,"level":1,"status":1,"posx":5,"posy":10,"cityid":155,"townid":386,"tokenid":"3d59d7e59f7357e136f12983eccf01ab","tokenurl":"/mcm/api/land?token=3d59d7e59f7357e136f12983eccf01ab","imageurl":"/mcm/images/land/2S/6999_5a88099654a6.jpg","landname":"29"},{"id":281474986868916,"level":3,"status":1,"posx":6,"posy":10,"cityid":155,"townid":386,"tokenid":"e8aef1cbaa154355fa4ab9c1784e40e5","tokenurl":"/mcm/api/land?token=e8aef1cbaa154355fa4ab9c1784e40e5","imageurl":"/mcm/images/land/2B/17492_1dcddbf72252.jpg","landname":"30"},{"id":281474986868917,"level":1,"status":0,"posx":8,"posy":10,"cityid":155,"townid":386,"tokenid":"6f3161477c4ce842e131f74c6298617d","tokenurl":"/mcm/api/land?token=6f3161477c4ce842e131f74c6298617d","imageurl":"/mcm/images/land/2S/7000_51805d5c8ebe.jpg","landname":"31"},{"id":281474986868918,"level":3,"status":1,"posx":9,"posy":10,"cityid":155,"townid":386,"tokenid":"9db8342e08436acb28a8a27a111b1b7e","tokenurl":"/mcm/api/land?token=9db8342e08436acb28a8a27a111b1b7e","imageurl":"/mcm/images/land/2B/17493_3c9fffeb11bc.jpg","landname":"32"},{"id":281474986868919,"level":2,"status":1,"posx":23,"posy":10,"cityid":155,"townid":386,"tokenid":"5fc3d459c7f15fa058b094bb5354d28e","tokenurl":"/mcm/api/land?token=5fc3d459c7f15fa058b094bb5354d28e","imageurl":"/mcm/images/land/2A/10493_49cd9d2a8f46.jpg","landname":"33"},{"id":281474986868920,"level":3,"status":1,"posx":24,"posy":10,"cityid":155,"townid":386,"tokenid":"bcc463150e9a107bbede9c18186a76ad","tokenurl":"/mcm/api/land?token=bcc463150e9a107bbede9c18186a76ad","imageurl":"/mcm/images/land/2B/17494_3afa73cd946c.jpg","landname":"34"},{"id":281474986868921,"level":3,"status":1,"posx":8,"posy":11,"cityid":155,"townid":386,"tokenid":"2a4476f0396f1868fac6100c15764cb7","tokenurl":"/mcm/api/land?token=2a4476f0396f1868fac6100c15764cb7","imageurl":"/mcm/images/land/2B/17495_c0536d91ebd.jpg","landname":"35"},{"id":281474986868922,"level":2,"status":1,"posx":9,"posy":11,"cityid":155,"townid":386,"tokenid":"a3075296fe63da56ec17c4a04a7b2527","tokenurl":"/mcm/api/land?token=a3075296fe63da56ec17c4a04a7b2527","imageurl":"/mcm/images/land/2A/10494_d228eb7b627.jpg","landname":"36"},{"id":281474986868923,"level":3,"status":0,"posx":23,"posy":11,"cityid":155,"townid":386,"tokenid":"f88c5f5cfc42b05adbfe815c2a0208a8","tokenurl":"/mcm/api/land?token=f88c5f5cfc42b05adbfe815c2a0208a8","imageurl":"/mcm/images/land/2B/17496_1955aad3de44.jpg","landname":"37"},{"id":281474986868924,"level":1,"status":1,"posx":24,"posy":11,"cityid":155,"townid":386,"tokenid":"e72c6242b901d2d9b2bf93e2707780df","tokenurl":"/mcm/api/land?token=e72c6242b901d2d9b2bf93e2707780df","imageurl":"/mcm/images/land/2S/7001_5ab895aaf310.jpg","landname":"38"},{"id":281474986868925,"level":2,"status":1,"posx":8,"posy":12,"cityid":155,"townid":386,"tokenid":"1e5882ff9ab679a51afe40d5b15ce81a","tokenurl":"/mcm/api/land?token=1e5882ff9ab679a51afe40d5b15ce81a","imageurl":"/mcm/images/land/2A/10495_25cf9c24e5f0.jpg","landname":"39"},{"id":281474986868926,"level":2,"status":1,"posx":9,"posy":12,"cityid":155,"townid":386,"tokenid":"d9a8e102ede72f4fbb41f895205ff9c9","tokenurl":"/mcm/api/land?token=d9a8e102ede72f4fbb41f895205ff9c9","imageurl":"/mcm/images/land/2A/10496_1fcefe344d6a.jpg","landname":"40"},{"id":281474986868927,"level":2,"status":0,"posx":23,"posy":12,"cityid":155,"townid":386,"tokenid":"f141e3836bc534bd9b1157ed69f63adb","tokenurl":"/mcm/api/land?token=f141e3836bc534bd9b1157ed69f63adb","imageurl":"/mcm/images/land/2A/10497_2f0bd63e8c5b.jpg","landname":"41"},{"id":281474986868928,"level":3,"status":0,"posx":24,"posy":12,"cityid":155,"townid":386,"tokenid":"448194e2eb697ad53108f61ef94affc4","tokenurl":"/mcm/api/land?token=448194e2eb697ad53108f61ef94affc4","imageurl":"/mcm/images/land/2B/17497_f81eae9265b.jpg","landname":"42"},{"id":281474986868929,"level":3,"status":0,"posx":32,"posy":12,"cityid":155,"townid":386,"tokenid":"592f5b8083216723ea17d3bc68ef255e","tokenurl":"/mcm/api/land?token=592f5b8083216723ea17d3bc68ef255e","imageurl":"/mcm/images/land/2B/17498_21b33a9911fa.jpg","landname":"43"},{"id":281474986868930,"level":1,"status":0,"posx":33,"posy":12,"cityid":155,"townid":386,"tokenid":"e0ff33c706aacaa79dede212af896161","tokenurl":"/mcm/api/land?token=e0ff33c706aacaa79dede212af896161","imageurl":"/mcm/images/land/2S/7002_587cd73daf16.jpg","landname":"44"},{"id":281474986868931,"level":3,"status":1,"posx":8,"posy":13,"cityid":155,"townid":386,"tokenid":"6524cc96cfd52deaf1bacd1970559bdb","tokenurl":"/mcm/api/land?token=6524cc96cfd52deaf1bacd1970559bdb","imageurl":"/mcm/images/land/2B/17499_26107b9962be.jpg","landname":"45"},{"id":281474986868932,"level":2,"status":1,"posx":9,"posy":13,"cityid":155,"townid":386,"tokenid":"ef50f654971d9c6f62ebe2e74731c334","tokenurl":"/mcm/api/land?token=ef50f654971d9c6f62ebe2e74731c334","imageurl":"/mcm/images/land/2A/10498_347801fdd1b0.jpg","landname":"46"},{"id":281474986868933,"level":3,"status":0,"posx":23,"posy":13,"cityid":155,"townid":386,"tokenid":"6a83f629b6bc83ef59f53eaa89fb1229","tokenurl":"/mcm/api/land?token=6a83f629b6bc83ef59f53eaa89fb1229","imageurl":"/mcm/images/land/2B/17500_2d7059710a33.jpg","landname":"47"},{"id":281474986868934,"level":2,"status":1,"posx":24,"posy":13,"cityid":155,"townid":386,"tokenid":"194b9cc9d20e52ca299163aa280e60b0","tokenurl":"/mcm/api/land?token=194b9cc9d20e52ca299163aa280e60b0","imageurl":"/mcm/images/land/2A/10499_3c17947c00fb.jpg","landname":"48"},{"id":281474986868935,"level":3,"status":0,"posx":32,"posy":13,"cityid":155,"townid":386,"tokenid":"3968d577a63ed6bdf22cd81b4fa56576","tokenurl":"/mcm/api/land?token=3968d577a63ed6bdf22cd81b4fa56576","imageurl":"/mcm/images/land/2B/17501_142486e77200.jpg","landname":"49"},{"id":281474986868936,"level":1,"status":0,"posx":33,"posy":13,"cityid":155,"townid":386,"tokenid":"3e169afff9df82add050c24fd2801630","tokenurl":"/mcm/api/land?token=3e169afff9df82add050c24fd2801630","imageurl":"/mcm/images/land/2S/7003_459aeab8df3e.jpg","landname":"50"},{"id":281474986868937,"level":3,"status":1,"posx":8,"posy":14,"cityid":155,"townid":386,"tokenid":"14434a049c1e67da58f78b565aef9e4e","tokenurl":"/mcm/api/land?token=14434a049c1e67da58f78b565aef9e4e","imageurl":"/mcm/images/land/2B/17502_2cedd8b442ed.jpg","landname":"51"},{"id":281474986868938,"level":1,"status":0,"posx":9,"posy":14,"cityid":155,"townid":386,"tokenid":"59cfad7a1f5fcb00232c661058fe02b5","tokenurl":"/mcm/api/land?token=59cfad7a1f5fcb00232c661058fe02b5","imageurl":"/mcm/images/land/2S/7004_221bfeaccf10.jpg","landname":"52"},{"id":281474986868939,"level":1,"status":1,"posx":23,"posy":14,"cityid":155,"townid":386,"tokenid":"afd47c46f3ddea2cc024c7a1e891a00f","tokenurl":"/mcm/api/land?token=afd47c46f3ddea2cc024c7a1e891a00f","imageurl":"/mcm/images/land/2S/7005_2c6ae70300eb.jpg","landname":"53"},{"id":281474986868940,"level":3,"status":1,"posx":24,"posy":14,"cityid":155,"townid":386,"tokenid":"f5593510bdcb129d28d9edafae000fc0","tokenurl":"/mcm/api/land?token=f5593510bdcb129d28d9edafae000fc0","imageurl":"/mcm/images/land/2B/17503_2fed7d90d035.jpg","landname":"54"},{"id":281474986868941,"level":2,"status":1,"posx":32,"posy":14,"cityid":155,"townid":386,"tokenid":"37e948d9e1155b224abb601977e6bcc4","tokenurl":"/mcm/api/land?token=37e948d9e1155b224abb601977e6bcc4","imageurl":"/mcm/images/land/2A/10500_201f3449a59f.jpg","landname":"55"},{"id":281474986868942,"level":1,"status":1,"posx":33,"posy":14,"cityid":155,"townid":386,"tokenid":"0367b771069c5b0ac152ae4159d930b6","tokenurl":"/mcm/api/land?token=0367b771069c5b0ac152ae4159d930b6","imageurl":"/mcm/images/land/2S/7006_1effb0e56781.jpg","landname":"56"},{"id":281474986868943,"level":3,"status":0,"posx":32,"posy":15,"cityid":155,"townid":386,"tokenid":"1768a13a5fa2d965393ecf3efd609546","tokenurl":"/mcm/api/land?token=1768a13a5fa2d965393ecf3efd609546","imageurl":"/mcm/images/land/2B/17504_397a2d0b4050.jpg","landname":"57"},{"id":281474986868944,"level":3,"status":1,"posx":33,"posy":15,"cityid":155,"townid":386,"tokenid":"d4dd744fd2efe536d36b0b23a911b12f","tokenurl":"/mcm/api/land?token=d4dd744fd2efe536d36b0b23a911b12f","imageurl":"/mcm/images/land/2B/17505_2af6ad9ddf3e.jpg","landname":"58"},{"id":281474986868945,"level":2,"status":1,"posx":8,"posy":16,"cityid":155,"townid":386,"tokenid":"9f57bf5d1da5548b8839841fa78552b5","tokenurl":"/mcm/api/land?token=9f57bf5d1da5548b8839841fa78552b5","imageurl":"/mcm/images/land/2A/10501_183a058a3343.jpg","landname":"59"},{"id":281474986868946,"level":3,"status":1,"posx":9,"posy":16,"cityid":155,"townid":386,"tokenid":"2e616d00457523c5f96be3ef3fb814ee","tokenurl":"/mcm/api/land?token=2e616d00457523c5f96be3ef3fb814ee","imageurl":"/mcm/images/land/2B/17506_5c42096588b.jpg","landname":"60"},{"id":281474986868947,"level":3,"status":1,"posx":32,"posy":16,"cityid":155,"townid":386,"tokenid":"6e7e93f5cd75721ae7c2ce8518c40b7b","tokenurl":"/mcm/api/land?token=6e7e93f5cd75721ae7c2ce8518c40b7b","imageurl":"/mcm/images/land/2B/17507_1a8b346f394.jpg","landname":"61"},{"id":281474986868948,"level":1,"status":0,"posx":33,"posy":16,"cityid":155,"townid":386,"tokenid":"74cbf8e5bd1d09c00033ccde1f371c72","tokenurl":"/mcm/api/land?token=74cbf8e5bd1d09c00033ccde1f371c72","imageurl":"/mcm/images/land/2S/7007_4bdb2c93b8a.jpg","landname":"62"},{"id":281474986868949,"level":3,"status":1,"posx":8,"posy":17,"cityid":155,"townid":386,"tokenid":"d39c50c3c8a89805db230900b3693b35","tokenurl":"/mcm/api/land?token=d39c50c3c8a89805db230900b3693b35","imageurl":"/mcm/images/land/2B/17508_45498a04ca35.jpg","landname":"63"},{"id":281474986868950,"level":2,"status":0,"posx":9,"posy":17,"cityid":155,"townid":386,"tokenid":"2cd1d557af1dab405a5567c914b1919f","tokenurl":"/mcm/api/land?token=2cd1d557af1dab405a5567c914b1919f","imageurl":"/mcm/images/land/2A/10502_4248c184f5c5.jpg","landname":"64"},{"id":281474986868951,"level":3,"status":0,"posx":8,"posy":18,"cityid":155,"townid":386,"tokenid":"40cd3f864cd234f9dde77fa76e24e942","tokenurl":"/mcm/api/land?token=40cd3f864cd234f9dde77fa76e24e942","imageurl":"/mcm/images/land/2B/17509_29820c3f890e.jpg","landname":"65"},{"id":281474986868952,"level":3,"status":0,"posx":9,"posy":18,"cityid":155,"townid":386,"tokenid":"e72b7ba86071273ca9eee949b0b3958f","tokenurl":"/mcm/api/land?token=e72b7ba86071273ca9eee949b0b3958f","imageurl":"/mcm/images/land/2B/17510_44c658d13214.jpg","landname":"66"},{"id":281474986868953,"level":2,"status":0,"posx":20,"posy":18,"cityid":155,"townid":386,"tokenid":"55a5f3928e3eac2c85211df26c0f2007","tokenurl":"/mcm/api/land?token=55a5f3928e3eac2c85211df26c0f2007","imageurl":"/mcm/images/land/2A/10503_7e3f9a694dc.jpg","landname":"67"},{"id":281474986868954,"level":2,"status":1,"posx":21,"posy":18,"cityid":155,"townid":386,"tokenid":"6a22a35204882d82d27b92ab2d99fa64","tokenurl":"/mcm/api/land?token=6a22a35204882d82d27b92ab2d99fa64","imageurl":"/mcm/images/land/2A/10504_41bbe614af3e.jpg","landname":"68"},{"id":281474986868955,"level":3,"status":0,"posx":25,"posy":18,"cityid":155,"townid":386,"tokenid":"b4fdfd881f7c55102d02138822309d91","tokenurl":"/mcm/api/land?token=b4fdfd881f7c55102d02138822309d91","imageurl":"/mcm/images/land/2B/17511_46eaf3ae0f83.jpg","landname":"69"},{"id":281474986868956,"level":3,"status":1,"posx":26,"posy":18,"cityid":155,"townid":386,"tokenid":"b0ba17e5c9d1029d8673147f02a00ac1","tokenurl":"/mcm/api/land?token=b0ba17e5c9d1029d8673147f02a00ac1","imageurl":"/mcm/images/land/2B/17512_574224f83efd.jpg","landname":"70"},{"id":281474986868957,"level":1,"status":0,"posx":8,"posy":19,"cityid":155,"townid":386,"tokenid":"c2004b49b725bd6487fd1b823478bfa3","tokenurl":"/mcm/api/land?token=c2004b49b725bd6487fd1b823478bfa3","imageurl":"/mcm/images/land/2S/7008_22a32781bb04.jpg","landname":"71"},{"id":281474986868958,"level":3,"status":1,"posx":9,"posy":19,"cityid":155,"townid":386,"tokenid":"f9ed2e0f0a59ab1bb765aaa02981b84b","tokenurl":"/mcm/api/land?token=f9ed2e0f0a59ab1bb765aaa02981b84b","imageurl":"/mcm/images/land/2B/17513_16ce482f748c.jpg","landname":"72"},{"id":281474986868959,"level":3,"status":0,"posx":20,"posy":19,"cityid":155,"townid":386,"tokenid":"a0d1cbeb0924d5d5a11b23062785edaa","tokenurl":"/mcm/api/land?token=a0d1cbeb0924d5d5a11b23062785edaa","imageurl":"/mcm/images/land/2B/17514_1088ed87daa.jpg","landname":"73"},{"id":281474986868960,"level":1,"status":0,"posx":21,"posy":19,"cityid":155,"townid":386,"tokenid":"2bfd52bb754be70007eb88cf6a4f752a","tokenurl":"/mcm/api/land?token=2bfd52bb754be70007eb88cf6a4f752a","imageurl":"/mcm/images/land/2S/7009_29e198538554.jpg","landname":"74"},{"id":281474986868961,"level":2,"status":1,"posx":25,"posy":19,"cityid":155,"townid":386,"tokenid":"78951e28f50a3b2ec5d33b9a2181e9ee","tokenurl":"/mcm/api/land?token=78951e28f50a3b2ec5d33b9a2181e9ee","imageurl":"/mcm/images/land/2A/10505_ed905492ff8.jpg","landname":"75"},{"id":281474986868962,"level":3,"status":1,"posx":26,"posy":19,"cityid":155,"townid":386,"tokenid":"2c03b8910a05744fdb98c203a3323f91","tokenurl":"/mcm/api/land?token=2c03b8910a05744fdb98c203a3323f91","imageurl":"/mcm/images/land/2B/17515_5a5fcb3da39.jpg","landname":"76"},{"id":281474986868963,"level":2,"status":0,"posx":8,"posy":20,"cityid":155,"townid":386,"tokenid":"2688c6d77c96d14d9faa10b1fbd4a1e0","tokenurl":"/mcm/api/land?token=2688c6d77c96d14d9faa10b1fbd4a1e0","imageurl":"/mcm/images/land/2A/10506_d17f0777f4a.jpg","landname":"77"},{"id":281474986868964,"level":1,"status":0,"posx":9,"posy":20,"cityid":155,"townid":386,"tokenid":"d2b1c26833d6d2e316198b85daa6eeb5","tokenurl":"/mcm/api/land?token=d2b1c26833d6d2e316198b85daa6eeb5","imageurl":"/mcm/images/land/2S/7010_17b33b7e8976.jpg","landname":"78"},{"id":281474986868965,"level":2,"status":0,"posx":20,"posy":20,"cityid":155,"townid":386,"tokenid":"bd6bb6fabcc62675223e8c397d62c474","tokenurl":"/mcm/api/land?token=bd6bb6fabcc62675223e8c397d62c474","imageurl":"/mcm/images/land/2A/10507_188739b2521e.jpg","landname":"79"},{"id":281474986868966,"level":3,"status":1,"posx":21,"posy":20,"cityid":155,"townid":386,"tokenid":"635165103982bb90e5bdc9c414afe4cb","tokenurl":"/mcm/api/land?token=635165103982bb90e5bdc9c414afe4cb","imageurl":"/mcm/images/land/2B/17516_57251ae9b0b9.jpg","landname":"80"},{"id":281474986868967,"level":2,"status":0,"posx":25,"posy":20,"cityid":155,"townid":386,"tokenid":"e7f8bed23b96888eaef6227f24057783","tokenurl":"/mcm/api/land?token=e7f8bed23b96888eaef6227f24057783","imageurl":"/mcm/images/land/2A/10508_3cce28fbade.jpg","landname":"81"},{"id":281474986868968,"level":3,"status":0,"posx":26,"posy":20,"cityid":155,"townid":386,"tokenid":"1b5f1f43b3f3d495b928199ec33fdb22","tokenurl":"/mcm/api/land?token=1b5f1f43b3f3d495b928199ec33fdb22","imageurl":"/mcm/images/land/2B/17517_4a4b531355a5.jpg","landname":"82"},{"id":281474986868969,"level":3,"status":0,"posx":31,"posy":20,"cityid":155,"townid":386,"tokenid":"2024920d4bf9642b1343802b42c01f5a","tokenurl":"/mcm/api/land?token=2024920d4bf9642b1343802b42c01f5a","imageurl":"/mcm/images/land/2B/17518_2198f98c3d8c.jpg","landname":"83"},{"id":281474986868970,"level":3,"status":0,"posx":32,"posy":20,"cityid":155,"townid":386,"tokenid":"5c3f606d061a62cc48aa2fd990150f05","tokenurl":"/mcm/api/land?token=5c3f606d061a62cc48aa2fd990150f05","imageurl":"/mcm/images/land/2B/17519_303e030b5add.jpg","landname":"84"},{"id":281474986868971,"level":3,"status":1,"posx":20,"posy":21,"cityid":155,"townid":386,"tokenid":"8ea98a3eeaaa0bb4d05d8378817a1c51","tokenurl":"/mcm/api/land?token=8ea98a3eeaaa0bb4d05d8378817a1c51","imageurl":"/mcm/images/land/2B/17520_f6e71105e43.jpg","landname":"85"},{"id":281474986868972,"level":3,"status":1,"posx":21,"posy":21,"cityid":155,"townid":386,"tokenid":"b1eec65d6bdfdf5a0bf98da822d7bd85","tokenurl":"/mcm/api/land?token=b1eec65d6bdfdf5a0bf98da822d7bd85","imageurl":"/mcm/images/land/2B/17521_42f0c60a7f14.jpg","landname":"86"},{"id":281474986868973,"level":2,"status":0,"posx":25,"posy":21,"cityid":155,"townid":386,"tokenid":"4d4779410aa99d666a943ea3aa173efc","tokenurl":"/mcm/api/land?token=4d4779410aa99d666a943ea3aa173efc","imageurl":"/mcm/images/land/2A/10509_2239c7af25ca.jpg","landname":"87"},{"id":281474986868974,"level":1,"status":1,"posx":26,"posy":21,"cityid":155,"townid":386,"tokenid":"bd39c977c68b88d7710b97b7f21965e7","tokenurl":"/mcm/api/land?token=bd39c977c68b88d7710b97b7f21965e7","imageurl":"/mcm/images/land/2S/7011_2076490cace9.jpg","landname":"88"},{"id":281474986868975,"level":3,"status":0,"posx":31,"posy":21,"cityid":155,"townid":386,"tokenid":"a5d31c5e7399af642ac13e2a200d0b5f","tokenurl":"/mcm/api/land?token=a5d31c5e7399af642ac13e2a200d0b5f","imageurl":"/mcm/images/land/2B/17522_3c99614bd567.jpg","landname":"89"},{"id":281474986868976,"level":3,"status":0,"posx":32,"posy":21,"cityid":155,"townid":386,"tokenid":"b213de6937329849a889973b63f61771","tokenurl":"/mcm/api/land?token=b213de6937329849a889973b63f61771","imageurl":"/mcm/images/land/2B/17523_2c7782daa580.jpg","landname":"90"},{"id":281474986868977,"level":2,"status":0,"posx":12,"posy":22,"cityid":155,"townid":386,"tokenid":"a74a5301e801bdec1cdefe281992880b","tokenurl":"/mcm/api/land?token=a74a5301e801bdec1cdefe281992880b","imageurl":"/mcm/images/land/2A/10510_3d92bf90c7ea.jpg","landname":"91"},{"id":281474986868978,"level":3,"status":0,"posx":13,"posy":22,"cityid":155,"townid":386,"tokenid":"e14bab381ec1c76a7627e98aa5343bd0","tokenurl":"/mcm/api/land?token=e14bab381ec1c76a7627e98aa5343bd0","imageurl":"/mcm/images/land/2B/17524_46f23d5b1934.jpg","landname":"92"},{"id":281474986868979,"level":2,"status":0,"posx":20,"posy":22,"cityid":155,"townid":386,"tokenid":"f8daf466ed2d89a4f1671d19c94c10ff","tokenurl":"/mcm/api/land?token=f8daf466ed2d89a4f1671d19c94c10ff","imageurl":"/mcm/images/land/2A/10511_284edede0c8d.jpg","landname":"93"},{"id":281474986868980,"level":2,"status":0,"posx":21,"posy":22,"cityid":155,"townid":386,"tokenid":"8ca9b5b67e830d2ea55582a5b3695675","tokenurl":"/mcm/api/land?token=8ca9b5b67e830d2ea55582a5b3695675","imageurl":"/mcm/images/land/2A/10512_3f4ec09d4805.jpg","landname":"94"},{"id":281474986868981,"level":3,"status":1,"posx":25,"posy":22,"cityid":155,"townid":386,"tokenid":"cf8a26812e60ede4073be8652a237974","tokenurl":"/mcm/api/land?token=cf8a26812e60ede4073be8652a237974","imageurl":"/mcm/images/land/2B/17525_76b5e1cf5e1.jpg","landname":"95"},{"id":281474986868982,"level":3,"status":1,"posx":26,"posy":22,"cityid":155,"townid":386,"tokenid":"d6b1be14fc8dc990f497507cb8555bc2","tokenurl":"/mcm/api/land?token=d6b1be14fc8dc990f497507cb8555bc2","imageurl":"/mcm/images/land/2B/17526_51d8fdf8ec25.jpg","landname":"96"},{"id":281474986868983,"level":2,"status":0,"posx":31,"posy":22,"cityid":155,"townid":386,"tokenid":"3b4ca45704f56185556df30799c43161","tokenurl":"/mcm/api/land?token=3b4ca45704f56185556df30799c43161","imageurl":"/mcm/images/land/2A/10513_3b8851af0e2c.jpg","landname":"97"},{"id":281474986868984,"level":3,"status":0,"posx":32,"posy":22,"cityid":155,"townid":386,"tokenid":"037c572e3e37370631ce57cd2d6df276","tokenurl":"/mcm/api/land?token=037c572e3e37370631ce57cd2d6df276","imageurl":"/mcm/images/land/2B/17527_55ab5ade6b2a.jpg","landname":"98"},{"id":281474986868985,"level":2,"status":1,"posx":12,"posy":23,"cityid":155,"townid":386,"tokenid":"55d6e1bed0e9bd41430109413b53e105","tokenurl":"/mcm/api/land?token=55d6e1bed0e9bd41430109413b53e105","imageurl":"/mcm/images/land/2A/10514_55cb205e3ff2.jpg","landname":"99"},{"id":281474986868986,"level":1,"status":0,"posx":13,"posy":23,"cityid":155,"townid":386,"tokenid":"c57e488f9f4b9344e109ae0db6f86458","tokenurl":"/mcm/api/land?token=c57e488f9f4b9344e109ae0db6f86458","imageurl":"/mcm/images/land/2S/7012_dee6b861017.jpg","landname":"100"},{"id":281474986868987,"level":1,"status":1,"posx":31,"posy":23,"cityid":155,"townid":386,"tokenid":"052769ea07fc67d228d2d5b815721f90","tokenurl":"/mcm/api/land?token=052769ea07fc67d228d2d5b815721f90","imageurl":"/mcm/images/land/2S/7013_9e280d70bcf.jpg","landname":"101"},{"id":281474986868988,"level":2,"status":0,"posx":32,"posy":23,"cityid":155,"townid":386,"tokenid":"e41c2c928f3f43e2ca773582a3ce5a5d","tokenurl":"/mcm/api/land?token=e41c2c928f3f43e2ca773582a3ce5a5d","imageurl":"/mcm/images/land/2A/10515_40610722a5b9.jpg","landname":"102"},{"id":281474986868989,"level":2,"status":1,"posx":12,"posy":24,"cityid":155,"townid":386,"tokenid":"ff172a6fc315bd42ff421baf614b118a","tokenurl":"/mcm/api/land?token=ff172a6fc315bd42ff421baf614b118a","imageurl":"/mcm/images/land/2A/10516_ad2abfb1d1e.jpg","landname":"103"},{"id":281474986868990,"level":2,"status":1,"posx":13,"posy":24,"cityid":155,"townid":386,"tokenid":"79180ce758d408f1fbe5b434ae155233","tokenurl":"/mcm/api/land?token=79180ce758d408f1fbe5b434ae155233","imageurl":"/mcm/images/land/2A/10517_323aef0444e6.jpg","landname":"104"},{"id":281474986868991,"level":1,"status":0,"posx":31,"posy":24,"cityid":155,"townid":386,"tokenid":"fa69889bc03b7f314cd8918d384a06a3","tokenurl":"/mcm/api/land?token=fa69889bc03b7f314cd8918d384a06a3","imageurl":"/mcm/images/land/2S/7014_3f3b238e8ceb.jpg","landname":"105"},{"id":281474986868992,"level":2,"status":1,"posx":32,"posy":24,"cityid":155,"townid":386,"tokenid":"a0079e752a616c390cd92572bebb3e6a","tokenurl":"/mcm/api/land?token=a0079e752a616c390cd92572bebb3e6a","imageurl":"/mcm/images/land/2A/10518_c7042b45a22.jpg","landname":"106"},{"id":281474986868993,"level":1,"status":0,"posx":12,"posy":25,"cityid":155,"townid":386,"tokenid":"f84572d06e9fcc9bc701d789f7485e60","tokenurl":"/mcm/api/land?token=f84572d06e9fcc9bc701d789f7485e60","imageurl":"/mcm/images/land/2S/7015_3012a05fdcda.jpg","landname":"107"},{"id":281474986868994,"level":2,"status":0,"posx":13,"posy":25,"cityid":155,"townid":386,"tokenid":"bee326c246b2e9667aaf670927c606f0","tokenurl":"/mcm/api/land?token=bee326c246b2e9667aaf670927c606f0","imageurl":"/mcm/images/land/2A/10519_2b2c8478fb70.jpg","landname":"108"},{"id":281474986868995,"level":3,"status":0,"posx":6,"posy":26,"cityid":155,"townid":386,"tokenid":"264b77e22cf2742f5a9a97f8711892b3","tokenurl":"/mcm/api/land?token=264b77e22cf2742f5a9a97f8711892b3","imageurl":"/mcm/images/land/2B/17528_49d86d25da63.jpg","landname":"109"},{"id":281474986868996,"level":3,"status":1,"posx":7,"posy":26,"cityid":155,"townid":386,"tokenid":"bbe08cb36faa905924c8e83a626bf2a9","tokenurl":"/mcm/api/land?token=bbe08cb36faa905924c8e83a626bf2a9","imageurl":"/mcm/images/land/2B/17529_1c002c7c2707.jpg","landname":"110"},{"id":281474986868997,"level":2,"status":1,"posx":9,"posy":26,"cityid":155,"townid":386,"tokenid":"ce3d56800afb78f2c798652a4269674b","tokenurl":"/mcm/api/land?token=ce3d56800afb78f2c798652a4269674b","imageurl":"/mcm/images/land/2A/10520_325617274d61.jpg","landname":"111"},{"id":281474986868998,"level":1,"status":1,"posx":10,"posy":26,"cityid":155,"townid":386,"tokenid":"aa7fd748dd76b29c75be2e3d43e70569","tokenurl":"/mcm/api/land?token=aa7fd748dd76b29c75be2e3d43e70569","imageurl":"/mcm/images/land/2S/7016_57440dfde455.jpg","landname":"112"},{"id":281474986868999,"level":3,"status":0,"posx":12,"posy":26,"cityid":155,"townid":386,"tokenid":"e5f795e201f8ddd4ba0ca69dce93f517","tokenurl":"/mcm/api/land?token=e5f795e201f8ddd4ba0ca69dce93f517","imageurl":"/mcm/images/land/2B/17530_44ba0cff7d9a.jpg","landname":"113"},{"id":281474986869000,"level":3,"status":0,"posx":13,"posy":26,"cityid":155,"townid":386,"tokenid":"ec76d2dce42ea34298e3dd810663d459","tokenurl":"/mcm/api/land?token=ec76d2dce42ea34298e3dd810663d459","imageurl":"/mcm/images/land/2B/17531_5a46542d8a64.jpg","landname":"114"},{"id":281474986869001,"level":3,"status":0,"posx":6,"posy":27,"cityid":155,"townid":386,"tokenid":"9d4e546f7d923ef5e1927097e250371d","tokenurl":"/mcm/api/land?token=9d4e546f7d923ef5e1927097e250371d","imageurl":"/mcm/images/land/2B/17532_39345f35dd1.jpg","landname":"115"},{"id":281474986869002,"level":3,"status":1,"posx":7,"posy":27,"cityid":155,"townid":386,"tokenid":"3189f80b4e76356179576dba42a12edb","tokenurl":"/mcm/api/land?token=3189f80b4e76356179576dba42a12edb","imageurl":"/mcm/images/land/2B/17533_26f16818f727.jpg","landname":"116"},{"id":281474986869003,"level":3,"status":1,"posx":9,"posy":27,"cityid":155,"townid":386,"tokenid":"42f25fd789b1927b126ed338980fb48c","tokenurl":"/mcm/api/land?token=42f25fd789b1927b126ed338980fb48c","imageurl":"/mcm/images/land/2B/17534_1d607e086c1c.jpg","landname":"117"},{"id":281474986869004,"level":3,"status":0,"posx":10,"posy":27,"cityid":155,"townid":386,"tokenid":"f99396cdcaf83f36578ead495709bf31","tokenurl":"/mcm/api/land?token=f99396cdcaf83f36578ead495709bf31","imageurl":"/mcm/images/land/2B/17535_f2b374e4ed8.jpg","landname":"118"},{"id":281474986869005,"level":2,"status":1,"posx":23,"posy":27,"cityid":155,"townid":386,"tokenid":"2f4c99576e3b323a5fdbd3d840e9ae5c","tokenurl":"/mcm/api/land?token=2f4c99576e3b323a5fdbd3d840e9ae5c","imageurl":"/mcm/images/land/2A/10521_4f986f2e2b5c.jpg","landname":"119"},{"id":281474986869006,"level":1,"status":1,"posx":24,"posy":27,"cityid":155,"townid":386,"tokenid":"ceb7575275a231d29b002fa1b16ef8fc","tokenurl":"/mcm/api/land?token=ceb7575275a231d29b002fa1b16ef8fc","imageurl":"/mcm/images/land/2S/7017_367e50ebbab2.jpg","landname":"120"},{"id":281474986869007,"level":3,"status":1,"posx":6,"posy":28,"cityid":155,"townid":386,"tokenid":"0fd7a67b2aad9407d02038fd4ffe164e","tokenurl":"/mcm/api/land?token=0fd7a67b2aad9407d02038fd4ffe164e","imageurl":"/mcm/images/land/2B/17536_123d9aea9a55.jpg","landname":"121"},{"id":281474986869008,"level":2,"status":1,"posx":7,"posy":28,"cityid":155,"townid":386,"tokenid":"6fac253e913147ff6bead8780680bb7f","tokenurl":"/mcm/api/land?token=6fac253e913147ff6bead8780680bb7f","imageurl":"/mcm/images/land/2A/10522_59c5048f072c.jpg","landname":"122"},{"id":281474986869009,"level":3,"status":0,"posx":9,"posy":28,"cityid":155,"townid":386,"tokenid":"a2d784055f832f4c25fad2495f3e01ec","tokenurl":"/mcm/api/land?token=a2d784055f832f4c25fad2495f3e01ec","imageurl":"/mcm/images/land/2B/17537_4d6263bcd71a.jpg","landname":"123"},{"id":281474986869010,"level":3,"status":1,"posx":10,"posy":28,"cityid":155,"townid":386,"tokenid":"4ba7967a17c298ef1d206780bb5f9773","tokenurl":"/mcm/api/land?token=4ba7967a17c298ef1d206780bb5f9773","imageurl":"/mcm/images/land/2B/17538_e65e393c46.jpg","landname":"124"},{"id":281474986869011,"level":3,"status":0,"posx":23,"posy":28,"cityid":155,"townid":386,"tokenid":"ee1a4c788b71534818805ce6980bd10c","tokenurl":"/mcm/api/land?token=ee1a4c788b71534818805ce6980bd10c","imageurl":"/mcm/images/land/2B/17539_42bf74c9a11e.jpg","landname":"125"},{"id":281474986869012,"level":2,"status":0,"posx":24,"posy":28,"cityid":155,"townid":386,"tokenid":"4724e3b36045f9a47ec35a38ea3b28bf","tokenurl":"/mcm/api/land?token=4724e3b36045f9a47ec35a38ea3b28bf","imageurl":"/mcm/images/land/2A/10523_3fbd8d930686.jpg","landname":"126"},{"id":281474986869013,"level":3,"status":0,"posx":32,"posy":28,"cityid":155,"townid":386,"tokenid":"fe007f593cb61490bc2e409740223bd7","tokenurl":"/mcm/api/land?token=fe007f593cb61490bc2e409740223bd7","imageurl":"/mcm/images/land/2B/17540_280cb5fc36b7.jpg","landname":"127"},{"id":281474986869014,"level":2,"status":0,"posx":33,"posy":28,"cityid":155,"townid":386,"tokenid":"057984bea0fcb2e112b5ccf5138b6066","tokenurl":"/mcm/api/land?token=057984bea0fcb2e112b5ccf5138b6066","imageurl":"/mcm/images/land/2A/10524_cf5ae6a858d.jpg","landname":"128"},{"id":281474986869015,"level":3,"status":0,"posx":6,"posy":29,"cityid":155,"townid":386,"tokenid":"953e30e14ae5601f01fb40abc1877790","tokenurl":"/mcm/api/land?token=953e30e14ae5601f01fb40abc1877790","imageurl":"/mcm/images/land/2B/17541_26017979413d.jpg","landname":"129"},{"id":281474986869016,"level":2,"status":0,"posx":7,"posy":29,"cityid":155,"townid":386,"tokenid":"4779ddedb5c32f5b6e74c5b68371ee0b","tokenurl":"/mcm/api/land?token=4779ddedb5c32f5b6e74c5b68371ee0b","imageurl":"/mcm/images/land/2A/10525_5a2e56da017b.jpg","landname":"130"},{"id":281474986869017,"level":3,"status":1,"posx":9,"posy":29,"cityid":155,"townid":386,"tokenid":"80ed0dd088ef874cd80c13ae5010f64a","tokenurl":"/mcm/api/land?token=80ed0dd088ef874cd80c13ae5010f64a","imageurl":"/mcm/images/land/2B/17542_a982812ad6.jpg","landname":"131"},{"id":281474986869018,"level":3,"status":0,"posx":10,"posy":29,"cityid":155,"townid":386,"tokenid":"dcc5cf1b669a93baa5cf0916cc537b50","tokenurl":"/mcm/api/land?token=dcc5cf1b669a93baa5cf0916cc537b50","imageurl":"/mcm/images/land/2B/17543_15bc4aefd693.jpg","landname":"132"},{"id":281474986869019,"level":3,"status":0,"posx":23,"posy":29,"cityid":155,"townid":386,"tokenid":"e763ba406073e845704e9a1a6cbe7873","tokenurl":"/mcm/api/land?token=e763ba406073e845704e9a1a6cbe7873","imageurl":"/mcm/images/land/2B/17544_1101d13b735a.jpg","landname":"133"},{"id":281474986869020,"level":2,"status":1,"posx":24,"posy":29,"cityid":155,"townid":386,"tokenid":"65a241ab07249ad0f998e4e6d8d193c0","tokenurl":"/mcm/api/land?token=65a241ab07249ad0f998e4e6d8d193c0","imageurl":"/mcm/images/land/2A/10526_2ed68e4fb4c6.jpg","landname":"134"},{"id":281474986869021,"level":2,"status":1,"posx":32,"posy":29,"cityid":155,"townid":386,"tokenid":"015c21ca85737a88b120761767dc3c69","tokenurl":"/mcm/api/land?token=015c21ca85737a88b120761767dc3c69","imageurl":"/mcm/images/land/2A/10527_25849ef489d8.jpg","landname":"135"},{"id":281474986869022,"level":1,"status":0,"posx":33,"posy":29,"cityid":155,"townid":386,"tokenid":"82d532d94d5c5e8c0e2533c3a224473f","tokenurl":"/mcm/api/land?token=82d532d94d5c5e8c0e2533c3a224473f","imageurl":"/mcm/images/land/2S/7018_25ec46e30a25.jpg","landname":"136"},{"id":281474986869023,"level":3,"status":0,"posx":6,"posy":30,"cityid":155,"townid":386,"tokenid":"c32f14af3ba49f68f710d075586c8fc0","tokenurl":"/mcm/api/land?token=c32f14af3ba49f68f710d075586c8fc0","imageurl":"/mcm/images/land/2B/17545_3af375d7891d.jpg","landname":"137"},{"id":281474986869024,"level":3,"status":1,"posx":7,"posy":30,"cityid":155,"townid":386,"tokenid":"94a777e7fa130deffc86ccdbef9ded98","tokenurl":"/mcm/api/land?token=94a777e7fa130deffc86ccdbef9ded98","imageurl":"/mcm/images/land/2B/17546_55bda6d1685e.jpg","landname":"138"},{"id":281474986869025,"level":1,"status":0,"posx":9,"posy":30,"cityid":155,"townid":386,"tokenid":"e19f3e5836ee13c6de379ada4a0f16bd","tokenurl":"/mcm/api/land?token=e19f3e5836ee13c6de379ada4a0f16bd","imageurl":"/mcm/images/land/2S/7019_56b39d26e360.jpg","landname":"139"},{"id":281474986869026,"level":1,"status":0,"posx":10,"posy":30,"cityid":155,"townid":386,"tokenid":"f6a3519ba828c9df1d4eb2075a363761","tokenurl":"/mcm/api/land?token=f6a3519ba828c9df1d4eb2075a363761","imageurl":"/mcm/images/land/2S/7020_51b727445a29.jpg","landname":"140"},{"id":281474986869027,"level":2,"status":0,"posx":23,"posy":30,"cityid":155,"townid":386,"tokenid":"09a107f0f6c6064ebcd99a8fb8034efd","tokenurl":"/mcm/api/land?token=09a107f0f6c6064ebcd99a8fb8034efd","imageurl":"/mcm/images/land/2A/10528_13d19cbdfad4.jpg","landname":"141"},{"id":281474986869028,"level":3,"status":1,"posx":24,"posy":30,"cityid":155,"townid":386,"tokenid":"6bdd059252a02e88c9156e267ee52026","tokenurl":"/mcm/api/land?token=6bdd059252a02e88c9156e267ee52026","imageurl":"/mcm/images/land/2B/17547_13ead05c94c5.jpg","landname":"142"},{"id":281474986869029,"level":2,"status":0,"posx":32,"posy":30,"cityid":155,"townid":386,"tokenid":"afab096569f15328885a10cc4a44c447","tokenurl":"/mcm/api/land?token=afab096569f15328885a10cc4a44c447","imageurl":"/mcm/images/land/2A/10529_1299eac9a2b8.jpg","landname":"143"},{"id":281474986869030,"level":1,"status":1,"posx":33,"posy":30,"cityid":155,"townid":386,"tokenid":"3366936a9f88791863596bdafd343dd2","tokenurl":"/mcm/api/land?token=3366936a9f88791863596bdafd343dd2","imageurl":"/mcm/images/land/2S/7021_18a7e96f23a0.jpg","landname":"144"},{"id":281474986869031,"level":2,"status":0,"posx":23,"posy":31,"cityid":155,"townid":386,"tokenid":"14c2c50f484fcdb196690fffc1781edd","tokenurl":"/mcm/api/land?token=14c2c50f484fcdb196690fffc1781edd","imageurl":"/mcm/images/land/2A/10530_39d2b25ac1db.jpg","landname":"145"},{"id":281474986869032,"level":3,"status":0,"posx":24,"posy":31,"cityid":155,"townid":386,"tokenid":"ebaca548fdc1262742f2c7d74ea29f58","tokenurl":"/mcm/api/land?token=ebaca548fdc1262742f2c7d74ea29f58","imageurl":"/mcm/images/land/2B/17548_1f16a7399648.jpg","landname":"146"},{"id":281474986869033,"level":3,"status":0,"posx":32,"posy":31,"cityid":155,"townid":386,"tokenid":"ef9bd8113c59d996c946a016bdd25be8","tokenurl":"/mcm/api/land?token=ef9bd8113c59d996c946a016bdd25be8","imageurl":"/mcm/images/land/2B/17549_4266ab03c35d.jpg","landname":"147"},{"id":281474986869034,"level":3,"status":0,"posx":33,"posy":31,"cityid":155,"townid":386,"tokenid":"6c66f0eff5ba0c32ed0d610fdfc93600","tokenurl":"/mcm/api/land?token=6c66f0eff5ba0c32ed0d610fdfc93600","imageurl":"/mcm/images/land/2B/17550_40233091a9a9.jpg","landname":"148"},{"id":281474986869035,"level":3,"status":1,"posx":32,"posy":32,"cityid":155,"townid":386,"tokenid":"35860c0a2f0d50d6ecce1a9f883c4569","tokenurl":"/mcm/api/land?token=35860c0a2f0d50d6ecce1a9f883c4569","imageurl":"/mcm/images/land/2B/17551_1bb423387e83.jpg","landname":"149"},{"id":281474986869036,"level":2,"status":1,"posx":33,"posy":32,"cityid":155,"townid":386,"tokenid":"6c5899aba458da51f599bbf0ef150a3c","tokenurl":"/mcm/api/land?token=6c5899aba458da51f599bbf0ef150a3c","imageurl":"/mcm/images/land/2A/10531_2e5e928968f2.jpg","landname":"150"}]]],0,0,[],[],[]]
