[1,0,0,[["cc.JsonAsset",["_name","json"],1]],[[0,0,1,3]],[[0,"1320",[{"id":281475016622231,"level":2,"status":1,"posx":7,"posy":5,"cityid":609,"townid":1320,"tokenid":"146b7ab126e895d7ec1ec358c9275a95","tokenurl":"/mcm/api/land?token=146b7ab126e895d7ec1ec358c9275a95","imageurl":"/mcm/images/land/2A/13457_24efcf12df71.jpg","landname":"1"},{"id":281475016622232,"level":1,"status":0,"posx":8,"posy":5,"cityid":609,"townid":1320,"tokenid":"b3ac54017f04377602910122e50a43b0","tokenurl":"/mcm/api/land?token=b3ac54017f04377602910122e50a43b0","imageurl":"/mcm/images/land/2S/8972_3e4d5f91cad0.jpg","landname":"2"},{"id":281475016622233,"level":2,"status":1,"posx":16,"posy":5,"cityid":609,"townid":1320,"tokenid":"49b05debb1d3ed320ef389fe90d807ba","tokenurl":"/mcm/api/land?token=49b05debb1d3ed320ef389fe90d807ba","imageurl":"/mcm/images/land/2A/13458_1235e429e2c7.jpg","landname":"3"},{"id":281475016622234,"level":2,"status":0,"posx":17,"posy":5,"cityid":609,"townid":1320,"tokenid":"ce847c2a4b59192ce985e2e34a0a273f","tokenurl":"/mcm/api/land?token=ce847c2a4b59192ce985e2e34a0a273f","imageurl":"/mcm/images/land/2A/13459_29b84281199a.jpg","landname":"4"},{"id":281475016622235,"level":2,"status":1,"posx":20,"posy":5,"cityid":609,"townid":1320,"tokenid":"c8bd0aa7f9b9194b44cc80e72dc9d1f7","tokenurl":"/mcm/api/land?token=c8bd0aa7f9b9194b44cc80e72dc9d1f7","imageurl":"/mcm/images/land/2A/13460_435e9720bede.jpg","landname":"5"},{"id":281475016622236,"level":3,"status":0,"posx":21,"posy":5,"cityid":609,"townid":1320,"tokenid":"d07f59427953d240f303cd99739bf420","tokenurl":"/mcm/api/land?token=d07f59427953d240f303cd99739bf420","imageurl":"/mcm/images/land/2B/22427_2e03217eb4c9.jpg","landname":"6"},{"id":281475016622237,"level":2,"status":1,"posx":7,"posy":6,"cityid":609,"townid":1320,"tokenid":"301ede6c369f3ec119ceadd83dd2b501","tokenurl":"/mcm/api/land?token=301ede6c369f3ec119ceadd83dd2b501","imageurl":"/mcm/images/land/2A/13461_4f66c182a8a6.jpg","landname":"7"},{"id":281475016622238,"level":3,"status":0,"posx":8,"posy":6,"cityid":609,"townid":1320,"tokenid":"4c5091c9a79e7ac2e593155f387389a5","tokenurl":"/mcm/api/land?token=4c5091c9a79e7ac2e593155f387389a5","imageurl":"/mcm/images/land/2B/22428_258928e7e78a.jpg","landname":"8"},{"id":281475016622239,"level":3,"status":0,"posx":16,"posy":6,"cityid":609,"townid":1320,"tokenid":"753c46e87d882ede501f5c8906b56f93","tokenurl":"/mcm/api/land?token=753c46e87d882ede501f5c8906b56f93","imageurl":"/mcm/images/land/2B/22429_3ed1b4246d29.jpg","landname":"9"},{"id":281475016622240,"level":1,"status":1,"posx":17,"posy":6,"cityid":609,"townid":1320,"tokenid":"3014341f51ede0d72b1cf2790f74adf5","tokenurl":"/mcm/api/land?token=3014341f51ede0d72b1cf2790f74adf5","imageurl":"/mcm/images/land/2S/8973_997a93ba040.jpg","landname":"10"},{"id":281475016622241,"level":2,"status":0,"posx":20,"posy":6,"cityid":609,"townid":1320,"tokenid":"31a7f4cb3610d47956c53939e11c8c40","tokenurl":"/mcm/api/land?token=31a7f4cb3610d47956c53939e11c8c40","imageurl":"/mcm/images/land/2A/13462_45944f53e7fc.jpg","landname":"11"},{"id":281475016622242,"level":2,"status":0,"posx":21,"posy":6,"cityid":609,"townid":1320,"tokenid":"53408f06f8be7647b545b412271b45da","tokenurl":"/mcm/api/land?token=53408f06f8be7647b545b412271b45da","imageurl":"/mcm/images/land/2A/13463_5a3124c883c3.jpg","landname":"12"},{"id":281475016622243,"level":2,"status":1,"posx":7,"posy":7,"cityid":609,"townid":1320,"tokenid":"0e5915fde6a36969c68e46dab01eb35d","tokenurl":"/mcm/api/land?token=0e5915fde6a36969c68e46dab01eb35d","imageurl":"/mcm/images/land/2A/13464_45dfe0e0b1aa.jpg","landname":"13"},{"id":281475016622244,"level":1,"status":1,"posx":8,"posy":7,"cityid":609,"townid":1320,"tokenid":"9042dac8bb86cf2fafd4d9d41e4855bc","tokenurl":"/mcm/api/land?token=9042dac8bb86cf2fafd4d9d41e4855bc","imageurl":"/mcm/images/land/2S/8974_48184c86b272.jpg","landname":"14"},{"id":281475016622245,"level":3,"status":0,"posx":16,"posy":7,"cityid":609,"townid":1320,"tokenid":"44207611e12e3b9b7fce7ecffc584215","tokenurl":"/mcm/api/land?token=44207611e12e3b9b7fce7ecffc584215","imageurl":"/mcm/images/land/2B/22430_284c5fb346e5.jpg","landname":"15"},{"id":281475016622246,"level":3,"status":1,"posx":17,"posy":7,"cityid":609,"townid":1320,"tokenid":"e431b02248581967254e2fe1ec585de6","tokenurl":"/mcm/api/land?token=e431b02248581967254e2fe1ec585de6","imageurl":"/mcm/images/land/2B/22431_4d104a8637b4.jpg","landname":"16"},{"id":281475016622247,"level":3,"status":1,"posx":20,"posy":7,"cityid":609,"townid":1320,"tokenid":"9b6d88b9b47357d6968510c91d87935d","tokenurl":"/mcm/api/land?token=9b6d88b9b47357d6968510c91d87935d","imageurl":"/mcm/images/land/2B/22432_435ef4d5f046.jpg","landname":"17"},{"id":281475016622248,"level":2,"status":1,"posx":21,"posy":7,"cityid":609,"townid":1320,"tokenid":"a9f979e9c041b622fcf63ac4d0d04347","tokenurl":"/mcm/api/land?token=a9f979e9c041b622fcf63ac4d0d04347","imageurl":"/mcm/images/land/2A/13465_d2f1ec7894.jpg","landname":"18"},{"id":281475016622249,"level":2,"status":0,"posx":7,"posy":8,"cityid":609,"townid":1320,"tokenid":"7264b95ce017db4a7fcc355fa3aa80c2","tokenurl":"/mcm/api/land?token=7264b95ce017db4a7fcc355fa3aa80c2","imageurl":"/mcm/images/land/2A/13466_41c102e63e50.jpg","landname":"19"},{"id":281475016622250,"level":3,"status":0,"posx":8,"posy":8,"cityid":609,"townid":1320,"tokenid":"1e535d47af35ac889b841d4b9b1c5548","tokenurl":"/mcm/api/land?token=1e535d47af35ac889b841d4b9b1c5548","imageurl":"/mcm/images/land/2B/22433_3031e8ab78ec.jpg","landname":"20"},{"id":281475016622251,"level":3,"status":0,"posx":16,"posy":8,"cityid":609,"townid":1320,"tokenid":"f61235d26cc4a1087124f501fe0f9ab6","tokenurl":"/mcm/api/land?token=f61235d26cc4a1087124f501fe0f9ab6","imageurl":"/mcm/images/land/2B/22434_499a8e0d64cf.jpg","landname":"21"},{"id":281475016622252,"level":3,"status":0,"posx":17,"posy":8,"cityid":609,"townid":1320,"tokenid":"051a09000b72ceded58173d459404602","tokenurl":"/mcm/api/land?token=051a09000b72ceded58173d459404602","imageurl":"/mcm/images/land/2B/22435_475c752ce9d8.jpg","landname":"22"},{"id":281475016622253,"level":1,"status":0,"posx":20,"posy":8,"cityid":609,"townid":1320,"tokenid":"0d6f9ab3973abf3499c7a7c87f720aa3","tokenurl":"/mcm/api/land?token=0d6f9ab3973abf3499c7a7c87f720aa3","imageurl":"/mcm/images/land/2S/8975_2f619b6a3e0b.jpg","landname":"23"},{"id":281475016622254,"level":2,"status":0,"posx":21,"posy":8,"cityid":609,"townid":1320,"tokenid":"fcce0f150f18751975aa53181769f313","tokenurl":"/mcm/api/land?token=fcce0f150f18751975aa53181769f313","imageurl":"/mcm/images/land/2A/13467_7f2299cbeb4.jpg","landname":"24"},{"id":281475016622255,"level":2,"status":1,"posx":28,"posy":8,"cityid":609,"townid":1320,"tokenid":"8f840cc7f3803c3626ac835eb2584899","tokenurl":"/mcm/api/land?token=8f840cc7f3803c3626ac835eb2584899","imageurl":"/mcm/images/land/2A/13468_176099bdf00d.jpg","landname":"25"},{"id":281475016622256,"level":2,"status":0,"posx":29,"posy":8,"cityid":609,"townid":1320,"tokenid":"b8975cd8d670264a69ffb5c602eba9c6","tokenurl":"/mcm/api/land?token=b8975cd8d670264a69ffb5c602eba9c6","imageurl":"/mcm/images/land/2A/13469_1b5ac7ab9e2c.jpg","landname":"26"},{"id":281475016622257,"level":1,"status":0,"posx":32,"posy":8,"cityid":609,"townid":1320,"tokenid":"eef2fc095d2df03ae9d420b81f0adb89","tokenurl":"/mcm/api/land?token=eef2fc095d2df03ae9d420b81f0adb89","imageurl":"/mcm/images/land/2S/8976_342df7b5c895.jpg","landname":"27"},{"id":281475016622258,"level":1,"status":1,"posx":33,"posy":8,"cityid":609,"townid":1320,"tokenid":"08cc19d467a449cb6630d0c61fcae335","tokenurl":"/mcm/api/land?token=08cc19d467a449cb6630d0c61fcae335","imageurl":"/mcm/images/land/2S/8977_3ce226439bd.jpg","landname":"28"},{"id":281475016622259,"level":3,"status":0,"posx":7,"posy":9,"cityid":609,"townid":1320,"tokenid":"3d5896d982196715dbaf6798a575bbec","tokenurl":"/mcm/api/land?token=3d5896d982196715dbaf6798a575bbec","imageurl":"/mcm/images/land/2B/22436_1481b72287c4.jpg","landname":"29"},{"id":281475016622260,"level":2,"status":0,"posx":8,"posy":9,"cityid":609,"townid":1320,"tokenid":"8f4444381bf414141c930fa4f0cb6a41","tokenurl":"/mcm/api/land?token=8f4444381bf414141c930fa4f0cb6a41","imageurl":"/mcm/images/land/2A/13470_487cc293b20e.jpg","landname":"30"},{"id":281475016622261,"level":3,"status":0,"posx":16,"posy":9,"cityid":609,"townid":1320,"tokenid":"18823bd2b7f8d4a91a565d8ab7a5148d","tokenurl":"/mcm/api/land?token=18823bd2b7f8d4a91a565d8ab7a5148d","imageurl":"/mcm/images/land/2B/22437_1b033162db44.jpg","landname":"31"},{"id":281475016622262,"level":2,"status":0,"posx":17,"posy":9,"cityid":609,"townid":1320,"tokenid":"d5c63090ddea5c33e50653e5e19f737e","tokenurl":"/mcm/api/land?token=d5c63090ddea5c33e50653e5e19f737e","imageurl":"/mcm/images/land/2A/13471_3f6b3094526f.jpg","landname":"32"},{"id":281475016622263,"level":1,"status":1,"posx":20,"posy":9,"cityid":609,"townid":1320,"tokenid":"93e703ff74e41c8e75e76b519b9276f0","tokenurl":"/mcm/api/land?token=93e703ff74e41c8e75e76b519b9276f0","imageurl":"/mcm/images/land/2S/8978_394ba1ef6afb.jpg","landname":"33"},{"id":281475016622264,"level":2,"status":1,"posx":21,"posy":9,"cityid":609,"townid":1320,"tokenid":"8379f59fe70f6f9f612a408b4cfa0527","tokenurl":"/mcm/api/land?token=8379f59fe70f6f9f612a408b4cfa0527","imageurl":"/mcm/images/land/2A/13472_3d134b368207.jpg","landname":"34"},{"id":281475016622265,"level":1,"status":0,"posx":28,"posy":9,"cityid":609,"townid":1320,"tokenid":"9559cdcfae71c53edcfa32e08841b896","tokenurl":"/mcm/api/land?token=9559cdcfae71c53edcfa32e08841b896","imageurl":"/mcm/images/land/2S/8979_1c7c1bb49fac.jpg","landname":"35"},{"id":281475016622266,"level":3,"status":1,"posx":29,"posy":9,"cityid":609,"townid":1320,"tokenid":"9719f1369c2df1d0cfc75e42604037f9","tokenurl":"/mcm/api/land?token=9719f1369c2df1d0cfc75e42604037f9","imageurl":"/mcm/images/land/2B/22438_40e56a0ea154.jpg","landname":"36"},{"id":281475016622267,"level":3,"status":1,"posx":32,"posy":9,"cityid":609,"townid":1320,"tokenid":"cc30a8cad0a66bbb5f4ac8965dffc0d5","tokenurl":"/mcm/api/land?token=cc30a8cad0a66bbb5f4ac8965dffc0d5","imageurl":"/mcm/images/land/2B/22439_442fd789185e.jpg","landname":"37"},{"id":281475016622268,"level":2,"status":1,"posx":33,"posy":9,"cityid":609,"townid":1320,"tokenid":"469f50c697e7675581513a6feaf50dec","tokenurl":"/mcm/api/land?token=469f50c697e7675581513a6feaf50dec","imageurl":"/mcm/images/land/2A/13473_243a4b10c3a8.jpg","landname":"38"},{"id":281475016622269,"level":3,"status":1,"posx":28,"posy":10,"cityid":609,"townid":1320,"tokenid":"33fe4cfe4e56085ffd4f5b66864dd483","tokenurl":"/mcm/api/land?token=33fe4cfe4e56085ffd4f5b66864dd483","imageurl":"/mcm/images/land/2B/22440_1cfe196a6814.jpg","landname":"39"},{"id":281475016622270,"level":3,"status":1,"posx":29,"posy":10,"cityid":609,"townid":1320,"tokenid":"d2d7bb3f35771824f7cf881ff5f46a2d","tokenurl":"/mcm/api/land?token=d2d7bb3f35771824f7cf881ff5f46a2d","imageurl":"/mcm/images/land/2B/22441_570219795d6e.jpg","landname":"40"},{"id":281475016622271,"level":2,"status":1,"posx":32,"posy":10,"cityid":609,"townid":1320,"tokenid":"aa3478d563152467fbfbe590ed4f4ef7","tokenurl":"/mcm/api/land?token=aa3478d563152467fbfbe590ed4f4ef7","imageurl":"/mcm/images/land/2A/13474_2ead4812d3d7.jpg","landname":"41"},{"id":281475016622272,"level":3,"status":1,"posx":33,"posy":10,"cityid":609,"townid":1320,"tokenid":"6cc98a0a6b650aa9a5f52df25da67011","tokenurl":"/mcm/api/land?token=6cc98a0a6b650aa9a5f52df25da67011","imageurl":"/mcm/images/land/2B/22442_ee9dbdd5af7.jpg","landname":"42"},{"id":281475016622273,"level":3,"status":1,"posx":28,"posy":11,"cityid":609,"townid":1320,"tokenid":"9813214767f97e45cc6f515c163b0841","tokenurl":"/mcm/api/land?token=9813214767f97e45cc6f515c163b0841","imageurl":"/mcm/images/land/2B/22443_43d39eb6de10.jpg","landname":"43"},{"id":281475016622274,"level":1,"status":0,"posx":29,"posy":11,"cityid":609,"townid":1320,"tokenid":"1a0a5dbff569d02d029aa43c3b5ac50a","tokenurl":"/mcm/api/land?token=1a0a5dbff569d02d029aa43c3b5ac50a","imageurl":"/mcm/images/land/2S/8980_a244fc2969.jpg","landname":"44"},{"id":281475016622275,"level":1,"status":1,"posx":32,"posy":11,"cityid":609,"townid":1320,"tokenid":"b2e41a6db97f0f593091a6c8ba88cbd4","tokenurl":"/mcm/api/land?token=b2e41a6db97f0f593091a6c8ba88cbd4","imageurl":"/mcm/images/land/2S/8981_3ae35bab8615.jpg","landname":"45"},{"id":281475016622276,"level":3,"status":1,"posx":33,"posy":11,"cityid":609,"townid":1320,"tokenid":"146762d4f720964378550a70c19a6d8f","tokenurl":"/mcm/api/land?token=146762d4f720964378550a70c19a6d8f","imageurl":"/mcm/images/land/2B/22444_41a1235d62a0.jpg","landname":"46"},{"id":281475016622277,"level":2,"status":0,"posx":28,"posy":12,"cityid":609,"townid":1320,"tokenid":"aa7ba5e2a29d589ca6fd5ea2aee9d134","tokenurl":"/mcm/api/land?token=aa7ba5e2a29d589ca6fd5ea2aee9d134","imageurl":"/mcm/images/land/2A/13475_49273a554d16.jpg","landname":"47"},{"id":281475016622278,"level":3,"status":1,"posx":29,"posy":12,"cityid":609,"townid":1320,"tokenid":"5b43bd9f9e2d2d5a34d73f5d76c186c4","tokenurl":"/mcm/api/land?token=5b43bd9f9e2d2d5a34d73f5d76c186c4","imageurl":"/mcm/images/land/2B/22445_553c278522e1.jpg","landname":"48"},{"id":281475016622279,"level":2,"status":0,"posx":32,"posy":12,"cityid":609,"townid":1320,"tokenid":"0f6ecc58ad9920dd4f9d837df23789ba","tokenurl":"/mcm/api/land?token=0f6ecc58ad9920dd4f9d837df23789ba","imageurl":"/mcm/images/land/2A/13476_25c567e095a3.jpg","landname":"49"},{"id":281475016622280,"level":3,"status":0,"posx":33,"posy":12,"cityid":609,"townid":1320,"tokenid":"e81edb36f93d8785538f57c50568380c","tokenurl":"/mcm/api/land?token=e81edb36f93d8785538f57c50568380c","imageurl":"/mcm/images/land/2B/22446_16512810f95.jpg","landname":"50"},{"id":281475016622281,"level":1,"status":1,"posx":23,"posy":14,"cityid":609,"townid":1320,"tokenid":"cec0284e0ea2db66d1f2f9eb918aaf80","tokenurl":"/mcm/api/land?token=cec0284e0ea2db66d1f2f9eb918aaf80","imageurl":"/mcm/images/land/2S/8982_570eef21ecd.jpg","landname":"51"},{"id":281475016622282,"level":3,"status":0,"posx":24,"posy":14,"cityid":609,"townid":1320,"tokenid":"eadb8348b7295cb127cf02cf33b6150f","tokenurl":"/mcm/api/land?token=eadb8348b7295cb127cf02cf33b6150f","imageurl":"/mcm/images/land/2B/22447_18547780bd18.jpg","landname":"52"},{"id":281475016622283,"level":2,"status":1,"posx":23,"posy":15,"cityid":609,"townid":1320,"tokenid":"1776551a8aaf6bca184d52a338cd6761","tokenurl":"/mcm/api/land?token=1776551a8aaf6bca184d52a338cd6761","imageurl":"/mcm/images/land/2A/13477_2e4c70035818.jpg","landname":"53"},{"id":281475016622284,"level":3,"status":1,"posx":24,"posy":15,"cityid":609,"townid":1320,"tokenid":"a93e4ae8a292381a9afa58610a216540","tokenurl":"/mcm/api/land?token=a93e4ae8a292381a9afa58610a216540","imageurl":"/mcm/images/land/2B/22448_34012b2f2e90.jpg","landname":"54"},{"id":281475016622285,"level":3,"status":0,"posx":33,"posy":15,"cityid":609,"townid":1320,"tokenid":"d5843dfde3f548adc3497b12385d8a77","tokenurl":"/mcm/api/land?token=d5843dfde3f548adc3497b12385d8a77","imageurl":"/mcm/images/land/2B/22449_345a70a6e13.jpg","landname":"55"},{"id":281475016622286,"level":3,"status":0,"posx":34,"posy":15,"cityid":609,"townid":1320,"tokenid":"7249ee06cd1cf3fdd48c932c1436d91c","tokenurl":"/mcm/api/land?token=7249ee06cd1cf3fdd48c932c1436d91c","imageurl":"/mcm/images/land/2B/22450_2c9f4c27d677.jpg","landname":"56"},{"id":281475016622287,"level":3,"status":1,"posx":11,"posy":16,"cityid":609,"townid":1320,"tokenid":"bc101c3c1900f1f4da339ee9f13cf257","tokenurl":"/mcm/api/land?token=bc101c3c1900f1f4da339ee9f13cf257","imageurl":"/mcm/images/land/2B/22451_1e3d814c1057.jpg","landname":"57"},{"id":281475016622288,"level":2,"status":0,"posx":12,"posy":16,"cityid":609,"townid":1320,"tokenid":"a6e44f65bf2774f697aec0403b9b464d","tokenurl":"/mcm/api/land?token=a6e44f65bf2774f697aec0403b9b464d","imageurl":"/mcm/images/land/2A/13478_3e9d9ac2327a.jpg","landname":"58"},{"id":281475016622289,"level":1,"status":1,"posx":23,"posy":16,"cityid":609,"townid":1320,"tokenid":"ef06c14bb05a5107d7462b3556137953","tokenurl":"/mcm/api/land?token=ef06c14bb05a5107d7462b3556137953","imageurl":"/mcm/images/land/2S/8983_595d4475aaf0.jpg","landname":"59"},{"id":281475016622290,"level":3,"status":0,"posx":24,"posy":16,"cityid":609,"townid":1320,"tokenid":"269d692a6d47fb6dd6156a695d487167","tokenurl":"/mcm/api/land?token=269d692a6d47fb6dd6156a695d487167","imageurl":"/mcm/images/land/2B/22452_2ebb3e463719.jpg","landname":"60"},{"id":281475016622291,"level":3,"status":1,"posx":33,"posy":16,"cityid":609,"townid":1320,"tokenid":"34d68ea3dc5f2e3657d08c8e2195e1eb","tokenurl":"/mcm/api/land?token=34d68ea3dc5f2e3657d08c8e2195e1eb","imageurl":"/mcm/images/land/2B/22453_2fd545208c68.jpg","landname":"61"},{"id":281475016622292,"level":3,"status":1,"posx":34,"posy":16,"cityid":609,"townid":1320,"tokenid":"142b192c8fa66c7fb705feca27871b2d","tokenurl":"/mcm/api/land?token=142b192c8fa66c7fb705feca27871b2d","imageurl":"/mcm/images/land/2B/22454_1a1730f10e87.jpg","landname":"62"},{"id":281475016622293,"level":1,"status":0,"posx":11,"posy":17,"cityid":609,"townid":1320,"tokenid":"f66d784780de9d56e726d761d72fa038","tokenurl":"/mcm/api/land?token=f66d784780de9d56e726d761d72fa038","imageurl":"/mcm/images/land/2S/8984_cb9131eea23.jpg","landname":"63"},{"id":281475016622294,"level":3,"status":0,"posx":12,"posy":17,"cityid":609,"townid":1320,"tokenid":"4a2bbadc26002e08c37d26291f32243d","tokenurl":"/mcm/api/land?token=4a2bbadc26002e08c37d26291f32243d","imageurl":"/mcm/images/land/2B/22455_21da11db0f9c.jpg","landname":"64"},{"id":281475016622295,"level":3,"status":1,"posx":23,"posy":17,"cityid":609,"townid":1320,"tokenid":"271d66279b523df9c3894cbbed62a539","tokenurl":"/mcm/api/land?token=271d66279b523df9c3894cbbed62a539","imageurl":"/mcm/images/land/2B/22456_3b97583c0a00.jpg","landname":"65"},{"id":281475016622296,"level":3,"status":0,"posx":24,"posy":17,"cityid":609,"townid":1320,"tokenid":"1b152e91f017c407cc6058c8c2d456e8","tokenurl":"/mcm/api/land?token=1b152e91f017c407cc6058c8c2d456e8","imageurl":"/mcm/images/land/2B/22457_47b899b7a796.jpg","landname":"66"},{"id":281475016622297,"level":2,"status":1,"posx":33,"posy":17,"cityid":609,"townid":1320,"tokenid":"60019f1736e29c70470d848b4b44c81a","tokenurl":"/mcm/api/land?token=60019f1736e29c70470d848b4b44c81a","imageurl":"/mcm/images/land/2A/13479_459291e9daba.jpg","landname":"67"},{"id":281475016622298,"level":3,"status":1,"posx":34,"posy":17,"cityid":609,"townid":1320,"tokenid":"cf03dd8d2cc9f1127368c3fe4b9ae3ad","tokenurl":"/mcm/api/land?token=cf03dd8d2cc9f1127368c3fe4b9ae3ad","imageurl":"/mcm/images/land/2B/22458_3a40e7ef158.jpg","landname":"68"},{"id":281475016622299,"level":3,"status":0,"posx":7,"posy":18,"cityid":609,"townid":1320,"tokenid":"f3fbe941f7b793882d7ed59b1fc1be77","tokenurl":"/mcm/api/land?token=f3fbe941f7b793882d7ed59b1fc1be77","imageurl":"/mcm/images/land/2B/22459_3dc60251fbfc.jpg","landname":"69"},{"id":281475016622300,"level":3,"status":1,"posx":8,"posy":18,"cityid":609,"townid":1320,"tokenid":"ccc7cc810d91262e7380238ad0e6ef63","tokenurl":"/mcm/api/land?token=ccc7cc810d91262e7380238ad0e6ef63","imageurl":"/mcm/images/land/2B/22460_5945b69f8751.jpg","landname":"70"},{"id":281475016622301,"level":2,"status":0,"posx":11,"posy":18,"cityid":609,"townid":1320,"tokenid":"01c0c54d7a1c17314b6c9d8a9787c0c0","tokenurl":"/mcm/api/land?token=01c0c54d7a1c17314b6c9d8a9787c0c0","imageurl":"/mcm/images/land/2A/13480_4d4c030bd2af.jpg","landname":"71"},{"id":281475016622302,"level":3,"status":0,"posx":12,"posy":18,"cityid":609,"townid":1320,"tokenid":"469501eff7630f7fb5f3448bb780cb01","tokenurl":"/mcm/api/land?token=469501eff7630f7fb5f3448bb780cb01","imageurl":"/mcm/images/land/2B/22461_18060c8f4065.jpg","landname":"72"},{"id":281475016622303,"level":3,"status":1,"posx":23,"posy":18,"cityid":609,"townid":1320,"tokenid":"90791cafc004299401115be21d38095b","tokenurl":"/mcm/api/land?token=90791cafc004299401115be21d38095b","imageurl":"/mcm/images/land/2B/22462_56665b779f7e.jpg","landname":"73"},{"id":281475016622304,"level":3,"status":0,"posx":24,"posy":18,"cityid":609,"townid":1320,"tokenid":"5a29fad33dd3459d1c0deb8cd6e26f83","tokenurl":"/mcm/api/land?token=5a29fad33dd3459d1c0deb8cd6e26f83","imageurl":"/mcm/images/land/2B/22463_33775771959f.jpg","landname":"74"},{"id":281475016622305,"level":1,"status":0,"posx":33,"posy":18,"cityid":609,"townid":1320,"tokenid":"3b440769d3329b259ff4a6e863d82ac7","tokenurl":"/mcm/api/land?token=3b440769d3329b259ff4a6e863d82ac7","imageurl":"/mcm/images/land/2S/8985_4ac0ae8113af.jpg","landname":"75"},{"id":281475016622306,"level":2,"status":0,"posx":34,"posy":18,"cityid":609,"townid":1320,"tokenid":"5bd46d16fc1c027c1529ecf3fcf309aa","tokenurl":"/mcm/api/land?token=5bd46d16fc1c027c1529ecf3fcf309aa","imageurl":"/mcm/images/land/2A/13481_28f105078ca5.jpg","landname":"76"},{"id":281475016622307,"level":2,"status":1,"posx":7,"posy":19,"cityid":609,"townid":1320,"tokenid":"438b11422a5ab9e190fe030e581f5b4e","tokenurl":"/mcm/api/land?token=438b11422a5ab9e190fe030e581f5b4e","imageurl":"/mcm/images/land/2A/13482_55bd4dea24be.jpg","landname":"77"},{"id":281475016622308,"level":2,"status":1,"posx":8,"posy":19,"cityid":609,"townid":1320,"tokenid":"0e49b541c17973f75f37b2953f7edf02","tokenurl":"/mcm/api/land?token=0e49b541c17973f75f37b2953f7edf02","imageurl":"/mcm/images/land/2A/13483_a388ad613d1.jpg","landname":"78"},{"id":281475016622309,"level":3,"status":0,"posx":11,"posy":19,"cityid":609,"townid":1320,"tokenid":"2464418fa60f49e7bcfef8f26f446c85","tokenurl":"/mcm/api/land?token=2464418fa60f49e7bcfef8f26f446c85","imageurl":"/mcm/images/land/2B/22464_2c31733a4b88.jpg","landname":"79"},{"id":281475016622310,"level":3,"status":0,"posx":12,"posy":19,"cityid":609,"townid":1320,"tokenid":"c7066131204c782b1eaab540c5946c2f","tokenurl":"/mcm/api/land?token=c7066131204c782b1eaab540c5946c2f","imageurl":"/mcm/images/land/2B/22465_1dcd36ef8390.jpg","landname":"80"},{"id":281475016622311,"level":1,"status":0,"posx":33,"posy":19,"cityid":609,"townid":1320,"tokenid":"a8e7faed442940f871f1eff5beffacac","tokenurl":"/mcm/api/land?token=a8e7faed442940f871f1eff5beffacac","imageurl":"/mcm/images/land/2S/8986_4c200688d6ff.jpg","landname":"81"},{"id":281475016622312,"level":2,"status":0,"posx":34,"posy":19,"cityid":609,"townid":1320,"tokenid":"ca3a17021f1192a97a8a27a967f01f99","tokenurl":"/mcm/api/land?token=ca3a17021f1192a97a8a27a967f01f99","imageurl":"/mcm/images/land/2A/13484_50a5c2d75fa1.jpg","landname":"82"},{"id":281475016622313,"level":3,"status":1,"posx":7,"posy":20,"cityid":609,"townid":1320,"tokenid":"d935985a0e392a9a0747c7505b2e9ef5","tokenurl":"/mcm/api/land?token=d935985a0e392a9a0747c7505b2e9ef5","imageurl":"/mcm/images/land/2B/22466_4511aba2fce0.jpg","landname":"83"},{"id":281475016622314,"level":1,"status":0,"posx":8,"posy":20,"cityid":609,"townid":1320,"tokenid":"ebd0a06998bd2ba40fffe8fe712c4dba","tokenurl":"/mcm/api/land?token=ebd0a06998bd2ba40fffe8fe712c4dba","imageurl":"/mcm/images/land/2S/8987_5a7da66d7fa8.jpg","landname":"84"},{"id":281475016622315,"level":2,"status":1,"posx":11,"posy":20,"cityid":609,"townid":1320,"tokenid":"9446e5f7f0996c1d10ebf69d0e8dadc4","tokenurl":"/mcm/api/land?token=9446e5f7f0996c1d10ebf69d0e8dadc4","imageurl":"/mcm/images/land/2A/13485_4e2f96fe6080.jpg","landname":"85"},{"id":281475016622316,"level":3,"status":1,"posx":12,"posy":20,"cityid":609,"townid":1320,"tokenid":"c6dd317fd3689963266b51b4c95114b8","tokenurl":"/mcm/api/land?token=c6dd317fd3689963266b51b4c95114b8","imageurl":"/mcm/images/land/2B/22467_397a0faec3f5.jpg","landname":"86"},{"id":281475016622317,"level":3,"status":1,"posx":7,"posy":21,"cityid":609,"townid":1320,"tokenid":"78867dcf8e3945995d20bf692baa5256","tokenurl":"/mcm/api/land?token=78867dcf8e3945995d20bf692baa5256","imageurl":"/mcm/images/land/2B/22468_36db3b3d8d51.jpg","landname":"87"},{"id":281475016622318,"level":3,"status":1,"posx":8,"posy":21,"cityid":609,"townid":1320,"tokenid":"3d414da14e63e45c22c978d238e52a88","tokenurl":"/mcm/api/land?token=3d414da14e63e45c22c978d238e52a88","imageurl":"/mcm/images/land/2B/22469_261cebdea9e6.jpg","landname":"88"},{"id":281475016622319,"level":3,"status":1,"posx":26,"posy":21,"cityid":609,"townid":1320,"tokenid":"0769d35bb9de59520882a5b444e958a7","tokenurl":"/mcm/api/land?token=0769d35bb9de59520882a5b444e958a7","imageurl":"/mcm/images/land/2B/22470_52094c89c3db.jpg","landname":"89"},{"id":281475016622320,"level":3,"status":0,"posx":27,"posy":21,"cityid":609,"townid":1320,"tokenid":"5ccb2b6a3226bcd59f1742b0b65080a3","tokenurl":"/mcm/api/land?token=5ccb2b6a3226bcd59f1742b0b65080a3","imageurl":"/mcm/images/land/2B/22471_4f8f1916e5c5.jpg","landname":"90"},{"id":281475016622321,"level":3,"status":0,"posx":7,"posy":22,"cityid":609,"townid":1320,"tokenid":"3b8f1ec94225d2df3eea8061932819ba","tokenurl":"/mcm/api/land?token=3b8f1ec94225d2df3eea8061932819ba","imageurl":"/mcm/images/land/2B/22472_4afc31035def.jpg","landname":"91"},{"id":281475016622322,"level":3,"status":1,"posx":8,"posy":22,"cityid":609,"townid":1320,"tokenid":"fb54bdf058a307f81b94d6e2a2fad7a7","tokenurl":"/mcm/api/land?token=fb54bdf058a307f81b94d6e2a2fad7a7","imageurl":"/mcm/images/land/2B/22473_3fc2d19e9d45.jpg","landname":"92"},{"id":281475016622323,"level":1,"status":1,"posx":23,"posy":22,"cityid":609,"townid":1320,"tokenid":"e2bc859b460dc3e9f7ff8dac47be915e","tokenurl":"/mcm/api/land?token=e2bc859b460dc3e9f7ff8dac47be915e","imageurl":"/mcm/images/land/2S/8988_1c127dd43607.jpg","landname":"93"},{"id":281475016622324,"level":2,"status":0,"posx":24,"posy":22,"cityid":609,"townid":1320,"tokenid":"30324d6686fddfa02f5b429d859968ca","tokenurl":"/mcm/api/land?token=30324d6686fddfa02f5b429d859968ca","imageurl":"/mcm/images/land/2A/13486_38065a3ab31b.jpg","landname":"94"},{"id":281475016622325,"level":2,"status":0,"posx":26,"posy":22,"cityid":609,"townid":1320,"tokenid":"9f2aa2044908c4103989cf4c5496ee15","tokenurl":"/mcm/api/land?token=9f2aa2044908c4103989cf4c5496ee15","imageurl":"/mcm/images/land/2A/13487_162258194704.jpg","landname":"95"},{"id":281475016622326,"level":2,"status":0,"posx":27,"posy":22,"cityid":609,"townid":1320,"tokenid":"d350de85c8fef7e19043e8cb472ae35f","tokenurl":"/mcm/api/land?token=d350de85c8fef7e19043e8cb472ae35f","imageurl":"/mcm/images/land/2A/13488_1a2a3eefb18e.jpg","landname":"96"},{"id":281475016622327,"level":2,"status":0,"posx":33,"posy":22,"cityid":609,"townid":1320,"tokenid":"740f025aed11f18ab6ad377bc83dad8c","tokenurl":"/mcm/api/land?token=740f025aed11f18ab6ad377bc83dad8c","imageurl":"/mcm/images/land/2A/13489_51da93d19f5b.jpg","landname":"97"},{"id":281475016622328,"level":1,"status":1,"posx":34,"posy":22,"cityid":609,"townid":1320,"tokenid":"422f0a782610f2b96ad04580fc2d0236","tokenurl":"/mcm/api/land?token=422f0a782610f2b96ad04580fc2d0236","imageurl":"/mcm/images/land/2S/8989_3dd636cf1378.jpg","landname":"98"},{"id":281475016622329,"level":3,"status":0,"posx":23,"posy":23,"cityid":609,"townid":1320,"tokenid":"2896c6ca0ee46d3378915827d6f51296","tokenurl":"/mcm/api/land?token=2896c6ca0ee46d3378915827d6f51296","imageurl":"/mcm/images/land/2B/22474_27b9fea70ab9.jpg","landname":"99"},{"id":281475016622330,"level":3,"status":0,"posx":24,"posy":23,"cityid":609,"townid":1320,"tokenid":"f96f87e9dd3aed87c797c924b6ef4c70","tokenurl":"/mcm/api/land?token=f96f87e9dd3aed87c797c924b6ef4c70","imageurl":"/mcm/images/land/2B/22475_4321d6fe75d4.jpg","landname":"100"},{"id":281475016622331,"level":2,"status":1,"posx":26,"posy":23,"cityid":609,"townid":1320,"tokenid":"4edf9f3c6c8570f3c069b9eddd85b491","tokenurl":"/mcm/api/land?token=4edf9f3c6c8570f3c069b9eddd85b491","imageurl":"/mcm/images/land/2A/13490_4940abccd016.jpg","landname":"101"},{"id":281475016622332,"level":3,"status":0,"posx":27,"posy":23,"cityid":609,"townid":1320,"tokenid":"aa59a2ce87bea292f8fece2ed6534718","tokenurl":"/mcm/api/land?token=aa59a2ce87bea292f8fece2ed6534718","imageurl":"/mcm/images/land/2B/22476_1652d88f4c68.jpg","landname":"102"},{"id":281475016622333,"level":1,"status":1,"posx":33,"posy":23,"cityid":609,"townid":1320,"tokenid":"6ec99e682f5dcc1224323c00b6d09c61","tokenurl":"/mcm/api/land?token=6ec99e682f5dcc1224323c00b6d09c61","imageurl":"/mcm/images/land/2S/8990_4c1af606fbe6.jpg","landname":"103"},{"id":281475016622334,"level":3,"status":0,"posx":34,"posy":23,"cityid":609,"townid":1320,"tokenid":"c1c23f9e228028bf865ba85705344582","tokenurl":"/mcm/api/land?token=c1c23f9e228028bf865ba85705344582","imageurl":"/mcm/images/land/2B/22477_2395d23b652b.jpg","landname":"104"},{"id":281475016622335,"level":2,"status":0,"posx":23,"posy":24,"cityid":609,"townid":1320,"tokenid":"19d052f4c62eba67699f18fbb27c2e41","tokenurl":"/mcm/api/land?token=19d052f4c62eba67699f18fbb27c2e41","imageurl":"/mcm/images/land/2A/13491_1aedbd50e350.jpg","landname":"105"},{"id":281475016622336,"level":3,"status":1,"posx":24,"posy":24,"cityid":609,"townid":1320,"tokenid":"970c1c6f84d790ed4047729cca183c28","tokenurl":"/mcm/api/land?token=970c1c6f84d790ed4047729cca183c28","imageurl":"/mcm/images/land/2B/22478_458dd985dd76.jpg","landname":"106"},{"id":281475016622337,"level":1,"status":0,"posx":26,"posy":24,"cityid":609,"townid":1320,"tokenid":"64d223ba9987499389321e77918fc029","tokenurl":"/mcm/api/land?token=64d223ba9987499389321e77918fc029","imageurl":"/mcm/images/land/2S/8991_a69926c5053.jpg","landname":"107"},{"id":281475016622338,"level":3,"status":1,"posx":27,"posy":24,"cityid":609,"townid":1320,"tokenid":"e8eefadd78c55025667e656f5d3c5d3f","tokenurl":"/mcm/api/land?token=e8eefadd78c55025667e656f5d3c5d3f","imageurl":"/mcm/images/land/2B/22479_4754056e3c1c.jpg","landname":"108"},{"id":281475016622339,"level":2,"status":1,"posx":33,"posy":24,"cityid":609,"townid":1320,"tokenid":"e298a267c2974601ef6a1d7590239696","tokenurl":"/mcm/api/land?token=e298a267c2974601ef6a1d7590239696","imageurl":"/mcm/images/land/2A/13492_560b18af62c7.jpg","landname":"109"},{"id":281475016622340,"level":3,"status":1,"posx":34,"posy":24,"cityid":609,"townid":1320,"tokenid":"f2e2c9914587160a3c5c262f3a935323","tokenurl":"/mcm/api/land?token=f2e2c9914587160a3c5c262f3a935323","imageurl":"/mcm/images/land/2B/22480_461083658948.jpg","landname":"110"},{"id":281475016622341,"level":3,"status":1,"posx":23,"posy":25,"cityid":609,"townid":1320,"tokenid":"dc66a9d274be80bb1cf9bb98d09ab322","tokenurl":"/mcm/api/land?token=dc66a9d274be80bb1cf9bb98d09ab322","imageurl":"/mcm/images/land/2B/22481_33f526a99bb1.jpg","landname":"111"},{"id":281475016622342,"level":1,"status":0,"posx":24,"posy":25,"cityid":609,"townid":1320,"tokenid":"848d8769f1ca47e90f20fe027c3fc4f9","tokenurl":"/mcm/api/land?token=848d8769f1ca47e90f20fe027c3fc4f9","imageurl":"/mcm/images/land/2S/8992_5450c62887bd.jpg","landname":"112"},{"id":281475016622343,"level":3,"status":1,"posx":26,"posy":25,"cityid":609,"townid":1320,"tokenid":"00a67c8d95e1f32a5e52e45945ea45fb","tokenurl":"/mcm/api/land?token=00a67c8d95e1f32a5e52e45945ea45fb","imageurl":"/mcm/images/land/2B/22482_3d5223c78e6b.jpg","landname":"113"},{"id":281475016622344,"level":3,"status":1,"posx":27,"posy":25,"cityid":609,"townid":1320,"tokenid":"d2f2b1b2baaffb533621cf182f6b73cc","tokenurl":"/mcm/api/land?token=d2f2b1b2baaffb533621cf182f6b73cc","imageurl":"/mcm/images/land/2B/22483_18b9f1416d6d.jpg","landname":"114"},{"id":281475016622345,"level":2,"status":0,"posx":33,"posy":25,"cityid":609,"townid":1320,"tokenid":"5ab60138a2126b3f0b740faf2a71cd46","tokenurl":"/mcm/api/land?token=5ab60138a2126b3f0b740faf2a71cd46","imageurl":"/mcm/images/land/2A/13493_12ed0410df9a.jpg","landname":"115"},{"id":281475016622346,"level":3,"status":1,"posx":34,"posy":25,"cityid":609,"townid":1320,"tokenid":"7bb6aa877ec786845e6bce0960f59198","tokenurl":"/mcm/api/land?token=7bb6aa877ec786845e6bce0960f59198","imageurl":"/mcm/images/land/2B/22484_4d324f6bc589.jpg","landname":"116"},{"id":281475016622347,"level":3,"status":1,"posx":23,"posy":26,"cityid":609,"townid":1320,"tokenid":"b444a670b8e586b118a6b85d1ab5b541","tokenurl":"/mcm/api/land?token=b444a670b8e586b118a6b85d1ab5b541","imageurl":"/mcm/images/land/2B/22485_eaaa7706051.jpg","landname":"117"},{"id":281475016622348,"level":2,"status":1,"posx":24,"posy":26,"cityid":609,"townid":1320,"tokenid":"dbb3ecffa6d9239a0df001e3845ab7e3","tokenurl":"/mcm/api/land?token=dbb3ecffa6d9239a0df001e3845ab7e3","imageurl":"/mcm/images/land/2A/13494_1901c02b9dbc.jpg","landname":"118"},{"id":281475016622349,"level":2,"status":1,"posx":33,"posy":26,"cityid":609,"townid":1320,"tokenid":"e008818b70a06a7942a7ba030fe070ce","tokenurl":"/mcm/api/land?token=e008818b70a06a7942a7ba030fe070ce","imageurl":"/mcm/images/land/2A/13495_4764e60f050b.jpg","landname":"119"},{"id":281475016622350,"level":1,"status":0,"posx":34,"posy":26,"cityid":609,"townid":1320,"tokenid":"a7d67b82c4bf788849ec2779913fffef","tokenurl":"/mcm/api/land?token=a7d67b82c4bf788849ec2779913fffef","imageurl":"/mcm/images/land/2S/8993_30fde293cec3.jpg","landname":"120"},{"id":281475016622351,"level":1,"status":0,"posx":31,"posy":27,"cityid":609,"townid":1320,"tokenid":"7c956d9797b044d36ffdd245a0666363","tokenurl":"/mcm/api/land?token=7c956d9797b044d36ffdd245a0666363","imageurl":"/mcm/images/land/2S/8994_4238984635b5.jpg","landname":"121"},{"id":281475016622352,"level":3,"status":1,"posx":32,"posy":27,"cityid":609,"townid":1320,"tokenid":"e9fe47ac471f1a5c7b1a2d67c0bf5479","tokenurl":"/mcm/api/land?token=e9fe47ac471f1a5c7b1a2d67c0bf5479","imageurl":"/mcm/images/land/2B/22486_49f58ba41e92.jpg","landname":"122"},{"id":281475016622353,"level":3,"status":0,"posx":6,"posy":28,"cityid":609,"townid":1320,"tokenid":"ca17199769a5a581c43dcdcf8329bf2f","tokenurl":"/mcm/api/land?token=ca17199769a5a581c43dcdcf8329bf2f","imageurl":"/mcm/images/land/2B/22487_3f128d11be91.jpg","landname":"123"},{"id":281475016622354,"level":3,"status":0,"posx":7,"posy":28,"cityid":609,"townid":1320,"tokenid":"800acf54cc31db456c36a875bd712550","tokenurl":"/mcm/api/land?token=800acf54cc31db456c36a875bd712550","imageurl":"/mcm/images/land/2B/22488_aee2c34b9ef.jpg","landname":"124"},{"id":281475016622355,"level":2,"status":0,"posx":9,"posy":28,"cityid":609,"townid":1320,"tokenid":"7427d23ba5e05977b55cce8900928459","tokenurl":"/mcm/api/land?token=7427d23ba5e05977b55cce8900928459","imageurl":"/mcm/images/land/2A/13496_b1cdee78df0.jpg","landname":"125"},{"id":281475016622356,"level":3,"status":0,"posx":10,"posy":28,"cityid":609,"townid":1320,"tokenid":"5415e23be53c2030ee522f69e6090335","tokenurl":"/mcm/api/land?token=5415e23be53c2030ee522f69e6090335","imageurl":"/mcm/images/land/2B/22489_3ebb13a9ea5a.jpg","landname":"126"},{"id":281475016622357,"level":2,"status":0,"posx":31,"posy":28,"cityid":609,"townid":1320,"tokenid":"243c2ae75eafc6e63a4c500390b194b3","tokenurl":"/mcm/api/land?token=243c2ae75eafc6e63a4c500390b194b3","imageurl":"/mcm/images/land/2A/13497_220c169ac6dd.jpg","landname":"127"},{"id":281475016622358,"level":1,"status":0,"posx":32,"posy":28,"cityid":609,"townid":1320,"tokenid":"156df5309645dc3d41b012760fb9341f","tokenurl":"/mcm/api/land?token=156df5309645dc3d41b012760fb9341f","imageurl":"/mcm/images/land/2S/8995_215ea2279a3a.jpg","landname":"128"},{"id":281475016622359,"level":1,"status":1,"posx":6,"posy":29,"cityid":609,"townid":1320,"tokenid":"d6e37b298fc4b9590d493ad486ebe604","tokenurl":"/mcm/api/land?token=d6e37b298fc4b9590d493ad486ebe604","imageurl":"/mcm/images/land/2S/8996_3d7df7ef9257.jpg","landname":"129"},{"id":281475016622360,"level":1,"status":1,"posx":7,"posy":29,"cityid":609,"townid":1320,"tokenid":"8ef9a0191db16ea2685a54d755503bde","tokenurl":"/mcm/api/land?token=8ef9a0191db16ea2685a54d755503bde","imageurl":"/mcm/images/land/2S/8997_4cfe28822a31.jpg","landname":"130"},{"id":281475016622361,"level":2,"status":1,"posx":9,"posy":29,"cityid":609,"townid":1320,"tokenid":"b8acd7af18e929913ae4bcdaf54c71ec","tokenurl":"/mcm/api/land?token=b8acd7af18e929913ae4bcdaf54c71ec","imageurl":"/mcm/images/land/2A/13498_a78969b8c74.jpg","landname":"131"},{"id":281475016622362,"level":3,"status":1,"posx":10,"posy":29,"cityid":609,"townid":1320,"tokenid":"b3d304a7d45217d77f08b9cd1f4c42d6","tokenurl":"/mcm/api/land?token=b3d304a7d45217d77f08b9cd1f4c42d6","imageurl":"/mcm/images/land/2B/22490_1d597cef2853.jpg","landname":"132"},{"id":281475016622363,"level":2,"status":1,"posx":31,"posy":29,"cityid":609,"townid":1320,"tokenid":"2a6441962f2d88f9fb98c3aa2de59536","tokenurl":"/mcm/api/land?token=2a6441962f2d88f9fb98c3aa2de59536","imageurl":"/mcm/images/land/2A/13499_3ac5449e0298.jpg","landname":"133"},{"id":281475016622364,"level":3,"status":0,"posx":32,"posy":29,"cityid":609,"townid":1320,"tokenid":"7d74f0a9dea3000032b3b42efaba1fc7","tokenurl":"/mcm/api/land?token=7d74f0a9dea3000032b3b42efaba1fc7","imageurl":"/mcm/images/land/2B/22491_2edb5947b923.jpg","landname":"134"},{"id":281475016622365,"level":3,"status":0,"posx":6,"posy":30,"cityid":609,"townid":1320,"tokenid":"8aecb9b508b1c46d8986fa74e1b42545","tokenurl":"/mcm/api/land?token=8aecb9b508b1c46d8986fa74e1b42545","imageurl":"/mcm/images/land/2B/22492_c7df772f7ed.jpg","landname":"135"},{"id":281475016622366,"level":3,"status":0,"posx":7,"posy":30,"cityid":609,"townid":1320,"tokenid":"04ff02f7f02fdbc025c4c19f356339dd","tokenurl":"/mcm/api/land?token=04ff02f7f02fdbc025c4c19f356339dd","imageurl":"/mcm/images/land/2B/22493_d54eed9efc6.jpg","landname":"136"},{"id":281475016622367,"level":3,"status":1,"posx":9,"posy":30,"cityid":609,"townid":1320,"tokenid":"2407c3e99641a8942676ccec249d369c","tokenurl":"/mcm/api/land?token=2407c3e99641a8942676ccec249d369c","imageurl":"/mcm/images/land/2B/22494_2641e5dec95.jpg","landname":"137"},{"id":281475016622368,"level":1,"status":1,"posx":10,"posy":30,"cityid":609,"townid":1320,"tokenid":"1085dff033b8047f9cc8729c30743de8","tokenurl":"/mcm/api/land?token=1085dff033b8047f9cc8729c30743de8","imageurl":"/mcm/images/land/2S/8998_db02f03e17a.jpg","landname":"138"},{"id":281475016622369,"level":1,"status":1,"posx":31,"posy":30,"cityid":609,"townid":1320,"tokenid":"f2970da696045a0832beffd1ada15938","tokenurl":"/mcm/api/land?token=f2970da696045a0832beffd1ada15938","imageurl":"/mcm/images/land/2S/8999_2e2c6ca7615d.jpg","landname":"139"},{"id":281475016622370,"level":3,"status":1,"posx":32,"posy":30,"cityid":609,"townid":1320,"tokenid":"431cb3f8b56a67df783f44007641dab6","tokenurl":"/mcm/api/land?token=431cb3f8b56a67df783f44007641dab6","imageurl":"/mcm/images/land/2B/22495_1daed66b8594.jpg","landname":"140"},{"id":281475016622371,"level":1,"status":0,"posx":6,"posy":31,"cityid":609,"townid":1320,"tokenid":"f4d589fd18339a4930034b3416d26b44","tokenurl":"/mcm/api/land?token=f4d589fd18339a4930034b3416d26b44","imageurl":"/mcm/images/land/2S/9000_485a945c046b.jpg","landname":"141"},{"id":281475016622372,"level":3,"status":1,"posx":7,"posy":31,"cityid":609,"townid":1320,"tokenid":"04ca37669e879ce3fb23a6e75844d4ae","tokenurl":"/mcm/api/land?token=04ca37669e879ce3fb23a6e75844d4ae","imageurl":"/mcm/images/land/2B/22496_9d726719de.jpg","landname":"142"},{"id":281475016622373,"level":3,"status":1,"posx":9,"posy":31,"cityid":609,"townid":1320,"tokenid":"7d196d9fc08b0a5fbe3a3d90522411d9","tokenurl":"/mcm/api/land?token=7d196d9fc08b0a5fbe3a3d90522411d9","imageurl":"/mcm/images/land/2B/22497_45966741ca7b.jpg","landname":"143"},{"id":281475016622374,"level":3,"status":0,"posx":10,"posy":31,"cityid":609,"townid":1320,"tokenid":"93d24deabceb0f7caa744c67514da146","tokenurl":"/mcm/api/land?token=93d24deabceb0f7caa744c67514da146","imageurl":"/mcm/images/land/2B/22498_3fecb385af57.jpg","landname":"144"},{"id":281475016622375,"level":3,"status":0,"posx":31,"posy":31,"cityid":609,"townid":1320,"tokenid":"718225e0f405357fbd6711947e57eec6","tokenurl":"/mcm/api/land?token=718225e0f405357fbd6711947e57eec6","imageurl":"/mcm/images/land/2B/22499_48c6b3c4cec6.jpg","landname":"145"},{"id":281475016622376,"level":3,"status":0,"posx":32,"posy":31,"cityid":609,"townid":1320,"tokenid":"fbaf416b408010239da4f955eb7fcc5e","tokenurl":"/mcm/api/land?token=fbaf416b408010239da4f955eb7fcc5e","imageurl":"/mcm/images/land/2B/22500_11834fac2ee0.jpg","landname":"146"},{"id":281475016622377,"level":3,"status":0,"posx":6,"posy":32,"cityid":609,"townid":1320,"tokenid":"db60d17d3cee2d2e9ae046191cd186f1","tokenurl":"/mcm/api/land?token=db60d17d3cee2d2e9ae046191cd186f1","imageurl":"/mcm/images/land/2B/22501_4d02ba85840b.jpg","landname":"147"},{"id":281475016622378,"level":2,"status":1,"posx":7,"posy":32,"cityid":609,"townid":1320,"tokenid":"de1d643b72f4538d0924b03bb513dcdd","tokenurl":"/mcm/api/land?token=de1d643b72f4538d0924b03bb513dcdd","imageurl":"/mcm/images/land/2A/13500_5158495c2e29.jpg","landname":"148"},{"id":281475016622379,"level":1,"status":1,"posx":9,"posy":32,"cityid":609,"townid":1320,"tokenid":"e5a0f6a589dd05c0f3e8797c71fd55c6","tokenurl":"/mcm/api/land?token=e5a0f6a589dd05c0f3e8797c71fd55c6","imageurl":"/mcm/images/land/2S/9001_3ae691e65312.jpg","landname":"149"},{"id":281475016622380,"level":2,"status":0,"posx":10,"posy":32,"cityid":609,"townid":1320,"tokenid":"957c96c1432bfde222fedc534bde1583","tokenurl":"/mcm/api/land?token=957c96c1432bfde222fedc534bde1583","imageurl":"/mcm/images/land/2A/13501_105bee52faa8.jpg","landname":"150"}]]],0,0,[],[],[]]
