[1,0,0,[["cc.JsonAsset",["_name","json"],1]],[[0,0,1,3]],[[0,"826",[{"id":281475001286807,"level":3,"status":1,"posx":7,"posy":5,"cityid":375,"townid":826,"tokenid":"d635be2e97f621a3c427ddc15de476df","tokenurl":"/mcm/api/land?token=d635be2e97f621a3c427ddc15de476df","imageurl":"/mcm/images/land/2B/19877_1132a8d65e8a.jpg","landname":"1"},{"id":281475001286808,"level":1,"status":0,"posx":8,"posy":5,"cityid":375,"townid":826,"tokenid":"4cb8ef664e75d4bb61de19ca5856bda1","tokenurl":"/mcm/api/land?token=4cb8ef664e75d4bb61de19ca5856bda1","imageurl":"/mcm/images/land/2S/7952_2c265e46f739.jpg","landname":"2"},{"id":281475001286809,"level":2,"status":0,"posx":16,"posy":5,"cityid":375,"townid":826,"tokenid":"6b3ad0452ab753050078e1065be69fa8","tokenurl":"/mcm/api/land?token=6b3ad0452ab753050078e1065be69fa8","imageurl":"/mcm/images/land/2A/11927_a915da071c8.jpg","landname":"3"},{"id":281475001286810,"level":2,"status":1,"posx":17,"posy":5,"cityid":375,"townid":826,"tokenid":"3e1f55ca39a9333112d047db565aca8e","tokenurl":"/mcm/api/land?token=3e1f55ca39a9333112d047db565aca8e","imageurl":"/mcm/images/land/2A/11928_17fcd726e13f.jpg","landname":"4"},{"id":281475001286811,"level":3,"status":0,"posx":20,"posy":5,"cityid":375,"townid":826,"tokenid":"f13929b2fb70880a1164fa3063e8bc36","tokenurl":"/mcm/api/land?token=f13929b2fb70880a1164fa3063e8bc36","imageurl":"/mcm/images/land/2B/19878_23041f85d3a8.jpg","landname":"5"},{"id":281475001286812,"level":2,"status":1,"posx":21,"posy":5,"cityid":375,"townid":826,"tokenid":"88a14bb414ea39947c2586387c11a0d8","tokenurl":"/mcm/api/land?token=88a14bb414ea39947c2586387c11a0d8","imageurl":"/mcm/images/land/2A/11929_983d4110faa.jpg","landname":"6"},{"id":281475001286813,"level":2,"status":1,"posx":7,"posy":6,"cityid":375,"townid":826,"tokenid":"95d57fdb44a1dd23dc56ede7d1bfa369","tokenurl":"/mcm/api/land?token=95d57fdb44a1dd23dc56ede7d1bfa369","imageurl":"/mcm/images/land/2A/11930_45cdfde9d2ce.jpg","landname":"7"},{"id":281475001286814,"level":2,"status":1,"posx":8,"posy":6,"cityid":375,"townid":826,"tokenid":"46eaf448581af62c84985722392849b1","tokenurl":"/mcm/api/land?token=46eaf448581af62c84985722392849b1","imageurl":"/mcm/images/land/2A/11931_c54b55d237e.jpg","landname":"8"},{"id":281475001286815,"level":3,"status":1,"posx":16,"posy":6,"cityid":375,"townid":826,"tokenid":"dec201dfe6f2e04c9e13658923f98e55","tokenurl":"/mcm/api/land?token=dec201dfe6f2e04c9e13658923f98e55","imageurl":"/mcm/images/land/2B/19879_1f1aef01f05f.jpg","landname":"9"},{"id":281475001286816,"level":2,"status":1,"posx":17,"posy":6,"cityid":375,"townid":826,"tokenid":"dcaeb073482813e4ef35d08402f56946","tokenurl":"/mcm/api/land?token=dcaeb073482813e4ef35d08402f56946","imageurl":"/mcm/images/land/2A/11932_12600e0d80f2.jpg","landname":"10"},{"id":281475001286817,"level":3,"status":1,"posx":20,"posy":6,"cityid":375,"townid":826,"tokenid":"e6efd3cb69f2822fac875443724c20e3","tokenurl":"/mcm/api/land?token=e6efd3cb69f2822fac875443724c20e3","imageurl":"/mcm/images/land/2B/19880_255d64349d1b.jpg","landname":"11"},{"id":281475001286818,"level":1,"status":0,"posx":21,"posy":6,"cityid":375,"townid":826,"tokenid":"a284c999f68ac334987a33144df4fff6","tokenurl":"/mcm/api/land?token=a284c999f68ac334987a33144df4fff6","imageurl":"/mcm/images/land/2S/7953_34cf69f15f27.jpg","landname":"12"},{"id":281475001286819,"level":2,"status":0,"posx":7,"posy":7,"cityid":375,"townid":826,"tokenid":"ed6e94fb38eaa617e76e79b4bb138afb","tokenurl":"/mcm/api/land?token=ed6e94fb38eaa617e76e79b4bb138afb","imageurl":"/mcm/images/land/2A/11933_4730afd87abc.jpg","landname":"13"},{"id":281475001286820,"level":1,"status":0,"posx":8,"posy":7,"cityid":375,"townid":826,"tokenid":"37919133f9cad91a59b5c47fde8e1a62","tokenurl":"/mcm/api/land?token=37919133f9cad91a59b5c47fde8e1a62","imageurl":"/mcm/images/land/2S/7954_3ed4ca04e4e9.jpg","landname":"14"},{"id":281475001286821,"level":3,"status":1,"posx":16,"posy":7,"cityid":375,"townid":826,"tokenid":"2544ca86e58ec3fa83af5381c97564d2","tokenurl":"/mcm/api/land?token=2544ca86e58ec3fa83af5381c97564d2","imageurl":"/mcm/images/land/2B/19881_3cb67bf42c14.jpg","landname":"15"},{"id":281475001286822,"level":3,"status":1,"posx":17,"posy":7,"cityid":375,"townid":826,"tokenid":"2e75b403e0b4c6fa99d89a1748801dac","tokenurl":"/mcm/api/land?token=2e75b403e0b4c6fa99d89a1748801dac","imageurl":"/mcm/images/land/2B/19882_4c131ea44dfa.jpg","landname":"16"},{"id":281475001286823,"level":1,"status":0,"posx":20,"posy":7,"cityid":375,"townid":826,"tokenid":"bc23f80901fb99209eeb80eb35f6ae0c","tokenurl":"/mcm/api/land?token=bc23f80901fb99209eeb80eb35f6ae0c","imageurl":"/mcm/images/land/2S/7955_3ad862fa4629.jpg","landname":"17"},{"id":281475001286824,"level":3,"status":0,"posx":21,"posy":7,"cityid":375,"townid":826,"tokenid":"b3a90a74c506210074e68d2413b2de29","tokenurl":"/mcm/api/land?token=b3a90a74c506210074e68d2413b2de29","imageurl":"/mcm/images/land/2B/19883_530a44df8f02.jpg","landname":"18"},{"id":281475001286825,"level":1,"status":0,"posx":7,"posy":8,"cityid":375,"townid":826,"tokenid":"6a454395962458e3572e011c17193843","tokenurl":"/mcm/api/land?token=6a454395962458e3572e011c17193843","imageurl":"/mcm/images/land/2S/7956_1aa1a7fb3892.jpg","landname":"19"},{"id":281475001286826,"level":2,"status":1,"posx":8,"posy":8,"cityid":375,"townid":826,"tokenid":"19ff5a130b113eb641f7e4b3979357b3","tokenurl":"/mcm/api/land?token=19ff5a130b113eb641f7e4b3979357b3","imageurl":"/mcm/images/land/2A/11934_265c6ec5438e.jpg","landname":"20"},{"id":281475001286827,"level":2,"status":0,"posx":16,"posy":8,"cityid":375,"townid":826,"tokenid":"0c2eed495dbb1dbd96eb3675cc4755c5","tokenurl":"/mcm/api/land?token=0c2eed495dbb1dbd96eb3675cc4755c5","imageurl":"/mcm/images/land/2A/11935_1d9ca1833c1d.jpg","landname":"21"},{"id":281475001286828,"level":1,"status":0,"posx":17,"posy":8,"cityid":375,"townid":826,"tokenid":"e51b5261635bbc7b1c92fe0a73483bf5","tokenurl":"/mcm/api/land?token=e51b5261635bbc7b1c92fe0a73483bf5","imageurl":"/mcm/images/land/2S/7957_41ef270c9b38.jpg","landname":"22"},{"id":281475001286829,"level":3,"status":1,"posx":20,"posy":8,"cityid":375,"townid":826,"tokenid":"c6d4b163b53b48c4fea43f658fd178f3","tokenurl":"/mcm/api/land?token=c6d4b163b53b48c4fea43f658fd178f3","imageurl":"/mcm/images/land/2B/19884_52933ef26369.jpg","landname":"23"},{"id":281475001286830,"level":1,"status":0,"posx":21,"posy":8,"cityid":375,"townid":826,"tokenid":"20c85f3012abb019502620f2b1c00642","tokenurl":"/mcm/api/land?token=20c85f3012abb019502620f2b1c00642","imageurl":"/mcm/images/land/2S/7958_36b181f295c6.jpg","landname":"24"},{"id":281475001286831,"level":3,"status":1,"posx":28,"posy":8,"cityid":375,"townid":826,"tokenid":"20431024eb5066b94d9f943a18b26d5b","tokenurl":"/mcm/api/land?token=20431024eb5066b94d9f943a18b26d5b","imageurl":"/mcm/images/land/2B/19885_2b6b53b288f4.jpg","landname":"25"},{"id":281475001286832,"level":1,"status":1,"posx":29,"posy":8,"cityid":375,"townid":826,"tokenid":"f8b4d3de6497268e5bbe3668084fd41e","tokenurl":"/mcm/api/land?token=f8b4d3de6497268e5bbe3668084fd41e","imageurl":"/mcm/images/land/2S/7959_124b1ef589ac.jpg","landname":"26"},{"id":281475001286833,"level":3,"status":0,"posx":32,"posy":8,"cityid":375,"townid":826,"tokenid":"2d57b3c03d68392dd0d1c328cde4c96c","tokenurl":"/mcm/api/land?token=2d57b3c03d68392dd0d1c328cde4c96c","imageurl":"/mcm/images/land/2B/19886_cad19642c1a.jpg","landname":"27"},{"id":281475001286834,"level":2,"status":1,"posx":33,"posy":8,"cityid":375,"townid":826,"tokenid":"b1c77bfcdcfff9080f25adba42394e24","tokenurl":"/mcm/api/land?token=b1c77bfcdcfff9080f25adba42394e24","imageurl":"/mcm/images/land/2A/11936_43380fbde29c.jpg","landname":"28"},{"id":281475001286835,"level":3,"status":0,"posx":7,"posy":9,"cityid":375,"townid":826,"tokenid":"a8758c9e0260740a972179745b1084ef","tokenurl":"/mcm/api/land?token=a8758c9e0260740a972179745b1084ef","imageurl":"/mcm/images/land/2B/19887_4727cd6c7abe.jpg","landname":"29"},{"id":281475001286836,"level":3,"status":0,"posx":8,"posy":9,"cityid":375,"townid":826,"tokenid":"961eee31dffbf7030075c6c109afc1be","tokenurl":"/mcm/api/land?token=961eee31dffbf7030075c6c109afc1be","imageurl":"/mcm/images/land/2B/19888_9acbcaeebed.jpg","landname":"30"},{"id":281475001286837,"level":1,"status":1,"posx":16,"posy":9,"cityid":375,"townid":826,"tokenid":"988c4a12f95ad33fa2b7f4e71afc8265","tokenurl":"/mcm/api/land?token=988c4a12f95ad33fa2b7f4e71afc8265","imageurl":"/mcm/images/land/2S/7960_8493aec8f0e.jpg","landname":"31"},{"id":281475001286838,"level":2,"status":0,"posx":17,"posy":9,"cityid":375,"townid":826,"tokenid":"c8e52e4eb244d9542bb8015085a68d6a","tokenurl":"/mcm/api/land?token=c8e52e4eb244d9542bb8015085a68d6a","imageurl":"/mcm/images/land/2A/11937_56fd6e5eefed.jpg","landname":"32"},{"id":281475001286839,"level":1,"status":0,"posx":20,"posy":9,"cityid":375,"townid":826,"tokenid":"351b095a18e6597c5159f1fb6fa79005","tokenurl":"/mcm/api/land?token=351b095a18e6597c5159f1fb6fa79005","imageurl":"/mcm/images/land/2S/7961_49f36b3a0a91.jpg","landname":"33"},{"id":281475001286840,"level":3,"status":0,"posx":21,"posy":9,"cityid":375,"townid":826,"tokenid":"3155eaff10e35498242d67d40e5d9cff","tokenurl":"/mcm/api/land?token=3155eaff10e35498242d67d40e5d9cff","imageurl":"/mcm/images/land/2B/19889_473bad3f11ea.jpg","landname":"34"},{"id":281475001286841,"level":1,"status":1,"posx":28,"posy":9,"cityid":375,"townid":826,"tokenid":"c3d58767702aed7528ec77fde6fe1880","tokenurl":"/mcm/api/land?token=c3d58767702aed7528ec77fde6fe1880","imageurl":"/mcm/images/land/2S/7962_1c07a315a4b5.jpg","landname":"35"},{"id":281475001286842,"level":2,"status":1,"posx":29,"posy":9,"cityid":375,"townid":826,"tokenid":"d1be77a6d4986ca6ad306dca29464afe","tokenurl":"/mcm/api/land?token=d1be77a6d4986ca6ad306dca29464afe","imageurl":"/mcm/images/land/2A/11938_1d59ad573a69.jpg","landname":"36"},{"id":281475001286843,"level":2,"status":0,"posx":32,"posy":9,"cityid":375,"townid":826,"tokenid":"ad46734abff1d61a16e361683a8c12e6","tokenurl":"/mcm/api/land?token=ad46734abff1d61a16e361683a8c12e6","imageurl":"/mcm/images/land/2A/11939_212f600b9fa.jpg","landname":"37"},{"id":281475001286844,"level":3,"status":0,"posx":33,"posy":9,"cityid":375,"townid":826,"tokenid":"3af1d75a4d338b6bf619936c3bf930ce","tokenurl":"/mcm/api/land?token=3af1d75a4d338b6bf619936c3bf930ce","imageurl":"/mcm/images/land/2B/19890_79d8a2dc189.jpg","landname":"38"},{"id":281475001286845,"level":3,"status":0,"posx":28,"posy":10,"cityid":375,"townid":826,"tokenid":"4b4319065a979fa083df889d5135de59","tokenurl":"/mcm/api/land?token=4b4319065a979fa083df889d5135de59","imageurl":"/mcm/images/land/2B/19891_3e7308eca45.jpg","landname":"39"},{"id":281475001286846,"level":3,"status":1,"posx":29,"posy":10,"cityid":375,"townid":826,"tokenid":"50bc199809694734df2f2cde3822b242","tokenurl":"/mcm/api/land?token=50bc199809694734df2f2cde3822b242","imageurl":"/mcm/images/land/2B/19892_4745af939344.jpg","landname":"40"},{"id":281475001286847,"level":3,"status":1,"posx":32,"posy":10,"cityid":375,"townid":826,"tokenid":"053eaff58509408cc89a4fe955c95bc7","tokenurl":"/mcm/api/land?token=053eaff58509408cc89a4fe955c95bc7","imageurl":"/mcm/images/land/2B/19893_18d86d4eaf57.jpg","landname":"41"},{"id":281475001286848,"level":1,"status":0,"posx":33,"posy":10,"cityid":375,"townid":826,"tokenid":"78f2c11a7395dca80baf87c38ec4f615","tokenurl":"/mcm/api/land?token=78f2c11a7395dca80baf87c38ec4f615","imageurl":"/mcm/images/land/2S/7963_51de81eec55b.jpg","landname":"42"},{"id":281475001286849,"level":1,"status":1,"posx":28,"posy":11,"cityid":375,"townid":826,"tokenid":"835f13d568f75a4aab88973a44feaf82","tokenurl":"/mcm/api/land?token=835f13d568f75a4aab88973a44feaf82","imageurl":"/mcm/images/land/2S/7964_59ad305bb441.jpg","landname":"43"},{"id":281475001286850,"level":3,"status":0,"posx":29,"posy":11,"cityid":375,"townid":826,"tokenid":"1e034f8733ae219d67aa90343e8359f6","tokenurl":"/mcm/api/land?token=1e034f8733ae219d67aa90343e8359f6","imageurl":"/mcm/images/land/2B/19894_2e9fbabec39c.jpg","landname":"44"},{"id":281475001286851,"level":3,"status":1,"posx":32,"posy":11,"cityid":375,"townid":826,"tokenid":"b121b83636857f51343b6c68b31d266b","tokenurl":"/mcm/api/land?token=b121b83636857f51343b6c68b31d266b","imageurl":"/mcm/images/land/2B/19895_da85a6940d4.jpg","landname":"45"},{"id":281475001286852,"level":2,"status":0,"posx":33,"posy":11,"cityid":375,"townid":826,"tokenid":"0e54915af1f5514c450c56d6a4e35779","tokenurl":"/mcm/api/land?token=0e54915af1f5514c450c56d6a4e35779","imageurl":"/mcm/images/land/2A/11940_187b879002d9.jpg","landname":"46"},{"id":281475001286853,"level":3,"status":1,"posx":28,"posy":12,"cityid":375,"townid":826,"tokenid":"4841093779ceabea43a066c773826f70","tokenurl":"/mcm/api/land?token=4841093779ceabea43a066c773826f70","imageurl":"/mcm/images/land/2B/19896_1c1e5601ab6b.jpg","landname":"47"},{"id":281475001286854,"level":2,"status":0,"posx":29,"posy":12,"cityid":375,"townid":826,"tokenid":"59dd099dea4077f6eb371cf84dbec1f1","tokenurl":"/mcm/api/land?token=59dd099dea4077f6eb371cf84dbec1f1","imageurl":"/mcm/images/land/2A/11941_224bd16f87d7.jpg","landname":"48"},{"id":281475001286855,"level":3,"status":1,"posx":32,"posy":12,"cityid":375,"townid":826,"tokenid":"c18391f6a7630ea55d47bb58f5343cf3","tokenurl":"/mcm/api/land?token=c18391f6a7630ea55d47bb58f5343cf3","imageurl":"/mcm/images/land/2B/19897_4dd0269f3186.jpg","landname":"49"},{"id":281475001286856,"level":1,"status":1,"posx":33,"posy":12,"cityid":375,"townid":826,"tokenid":"1c9886d797fbadfb5ec98540c589f1c4","tokenurl":"/mcm/api/land?token=1c9886d797fbadfb5ec98540c589f1c4","imageurl":"/mcm/images/land/2S/7965_be91736a2d2.jpg","landname":"50"},{"id":281475001286857,"level":2,"status":1,"posx":23,"posy":14,"cityid":375,"townid":826,"tokenid":"779eae259b15d12e04dfff21cf1b2c09","tokenurl":"/mcm/api/land?token=779eae259b15d12e04dfff21cf1b2c09","imageurl":"/mcm/images/land/2A/11942_7e5d5d60720.jpg","landname":"51"},{"id":281475001286858,"level":3,"status":1,"posx":24,"posy":14,"cityid":375,"townid":826,"tokenid":"a8edc895c2d0a96fdb5b28d8ee58e7cc","tokenurl":"/mcm/api/land?token=a8edc895c2d0a96fdb5b28d8ee58e7cc","imageurl":"/mcm/images/land/2B/19898_2ca8301cb52a.jpg","landname":"52"},{"id":281475001286859,"level":2,"status":0,"posx":23,"posy":15,"cityid":375,"townid":826,"tokenid":"d8d3dff9da7973ba2f767f4d99bcfd9d","tokenurl":"/mcm/api/land?token=d8d3dff9da7973ba2f767f4d99bcfd9d","imageurl":"/mcm/images/land/2A/11943_2ae470375882.jpg","landname":"53"},{"id":281475001286860,"level":3,"status":0,"posx":24,"posy":15,"cityid":375,"townid":826,"tokenid":"f78ee9135f8691460a5223b7a36b9de4","tokenurl":"/mcm/api/land?token=f78ee9135f8691460a5223b7a36b9de4","imageurl":"/mcm/images/land/2B/19899_d51fd3a8adb.jpg","landname":"54"},{"id":281475001286861,"level":1,"status":0,"posx":33,"posy":15,"cityid":375,"townid":826,"tokenid":"f876b6b4d6e1bdb6c7309da28384411d","tokenurl":"/mcm/api/land?token=f876b6b4d6e1bdb6c7309da28384411d","imageurl":"/mcm/images/land/2S/7966_75d98baa555.jpg","landname":"55"},{"id":281475001286862,"level":2,"status":0,"posx":34,"posy":15,"cityid":375,"townid":826,"tokenid":"3f6e835d0e8acd9d2bb77add28637bc8","tokenurl":"/mcm/api/land?token=3f6e835d0e8acd9d2bb77add28637bc8","imageurl":"/mcm/images/land/2A/11944_87cbbf5b2c.jpg","landname":"56"},{"id":281475001286863,"level":2,"status":0,"posx":11,"posy":16,"cityid":375,"townid":826,"tokenid":"8a71964091c0354dcd3b71ad08253166","tokenurl":"/mcm/api/land?token=8a71964091c0354dcd3b71ad08253166","imageurl":"/mcm/images/land/2A/11945_2a315729dfcf.jpg","landname":"57"},{"id":281475001286864,"level":3,"status":1,"posx":12,"posy":16,"cityid":375,"townid":826,"tokenid":"48be283664f51a6c6fa7da4f712dbc2d","tokenurl":"/mcm/api/land?token=48be283664f51a6c6fa7da4f712dbc2d","imageurl":"/mcm/images/land/2B/19900_47563aa6da04.jpg","landname":"58"},{"id":281475001286865,"level":3,"status":1,"posx":23,"posy":16,"cityid":375,"townid":826,"tokenid":"f98cf522e7d30683b398a0bbe0928a02","tokenurl":"/mcm/api/land?token=f98cf522e7d30683b398a0bbe0928a02","imageurl":"/mcm/images/land/2B/19901_484e8da20fe2.jpg","landname":"59"},{"id":281475001286866,"level":2,"status":0,"posx":24,"posy":16,"cityid":375,"townid":826,"tokenid":"740ff12f0b8b316ee5816ba054df0e8d","tokenurl":"/mcm/api/land?token=740ff12f0b8b316ee5816ba054df0e8d","imageurl":"/mcm/images/land/2A/11946_1db6fae7e420.jpg","landname":"60"},{"id":281475001286867,"level":3,"status":1,"posx":33,"posy":16,"cityid":375,"townid":826,"tokenid":"b7abf03405d4ebb9dddb73d2c4228b6c","tokenurl":"/mcm/api/land?token=b7abf03405d4ebb9dddb73d2c4228b6c","imageurl":"/mcm/images/land/2B/19902_21952cf7339c.jpg","landname":"61"},{"id":281475001286868,"level":3,"status":1,"posx":34,"posy":16,"cityid":375,"townid":826,"tokenid":"20a96407634aae6c7c9f89cfd29b247b","tokenurl":"/mcm/api/land?token=20a96407634aae6c7c9f89cfd29b247b","imageurl":"/mcm/images/land/2B/19903_2c683a5713fb.jpg","landname":"62"},{"id":281475001286869,"level":3,"status":0,"posx":11,"posy":17,"cityid":375,"townid":826,"tokenid":"3570a27f69d6c5ee4f1e91fc97a0b359","tokenurl":"/mcm/api/land?token=3570a27f69d6c5ee4f1e91fc97a0b359","imageurl":"/mcm/images/land/2B/19904_c08a6860419.jpg","landname":"63"},{"id":281475001286870,"level":3,"status":0,"posx":12,"posy":17,"cityid":375,"townid":826,"tokenid":"df27aa292ba0b123ff590ec380d4c3d6","tokenurl":"/mcm/api/land?token=df27aa292ba0b123ff590ec380d4c3d6","imageurl":"/mcm/images/land/2B/19905_475eeaad298d.jpg","landname":"64"},{"id":281475001286871,"level":2,"status":0,"posx":23,"posy":17,"cityid":375,"townid":826,"tokenid":"af2126f13b4e2f2fb6aa79a7a20df8a9","tokenurl":"/mcm/api/land?token=af2126f13b4e2f2fb6aa79a7a20df8a9","imageurl":"/mcm/images/land/2A/11947_4a8cfe3160d7.jpg","landname":"65"},{"id":281475001286872,"level":3,"status":1,"posx":24,"posy":17,"cityid":375,"townid":826,"tokenid":"a1cf0e6bf7ac22c3268cc712407f4d0c","tokenurl":"/mcm/api/land?token=a1cf0e6bf7ac22c3268cc712407f4d0c","imageurl":"/mcm/images/land/2B/19906_15a23b821f0.jpg","landname":"66"},{"id":281475001286873,"level":2,"status":1,"posx":33,"posy":17,"cityid":375,"townid":826,"tokenid":"15ecf4addde697643609115583edc000","tokenurl":"/mcm/api/land?token=15ecf4addde697643609115583edc000","imageurl":"/mcm/images/land/2A/11948_5360dd8200d9.jpg","landname":"67"},{"id":281475001286874,"level":2,"status":0,"posx":34,"posy":17,"cityid":375,"townid":826,"tokenid":"b98c74b319ca7276fb2915a17d3c7cd0","tokenurl":"/mcm/api/land?token=b98c74b319ca7276fb2915a17d3c7cd0","imageurl":"/mcm/images/land/2A/11949_4edcf51fa7f6.jpg","landname":"68"},{"id":281475001286875,"level":1,"status":1,"posx":7,"posy":18,"cityid":375,"townid":826,"tokenid":"6bc91f9ad91fc68c9027fbef4cecb1d8","tokenurl":"/mcm/api/land?token=6bc91f9ad91fc68c9027fbef4cecb1d8","imageurl":"/mcm/images/land/2S/7967_5b1179f7359.jpg","landname":"69"},{"id":281475001286876,"level":3,"status":1,"posx":8,"posy":18,"cityid":375,"townid":826,"tokenid":"65d0a6bbc971e254cb21c33d5042a34e","tokenurl":"/mcm/api/land?token=65d0a6bbc971e254cb21c33d5042a34e","imageurl":"/mcm/images/land/2B/19907_3952b713739.jpg","landname":"70"},{"id":281475001286877,"level":3,"status":0,"posx":11,"posy":18,"cityid":375,"townid":826,"tokenid":"f48f0be1daa467b05e75f1431542f092","tokenurl":"/mcm/api/land?token=f48f0be1daa467b05e75f1431542f092","imageurl":"/mcm/images/land/2B/19908_34171ce4dbef.jpg","landname":"71"},{"id":281475001286878,"level":3,"status":0,"posx":12,"posy":18,"cityid":375,"townid":826,"tokenid":"9535370f64c03d2d645c86cdac9395de","tokenurl":"/mcm/api/land?token=9535370f64c03d2d645c86cdac9395de","imageurl":"/mcm/images/land/2B/19909_4a6912652e5a.jpg","landname":"72"},{"id":281475001286879,"level":3,"status":0,"posx":23,"posy":18,"cityid":375,"townid":826,"tokenid":"7b3306e9f34667941c0344bd2ee60c3b","tokenurl":"/mcm/api/land?token=7b3306e9f34667941c0344bd2ee60c3b","imageurl":"/mcm/images/land/2B/19910_562975169943.jpg","landname":"73"},{"id":281475001286880,"level":1,"status":1,"posx":24,"posy":18,"cityid":375,"townid":826,"tokenid":"77a508995320f1ccb38843a857b117f9","tokenurl":"/mcm/api/land?token=77a508995320f1ccb38843a857b117f9","imageurl":"/mcm/images/land/2S/7968_573596892f8e.jpg","landname":"74"},{"id":281475001286881,"level":3,"status":1,"posx":33,"posy":18,"cityid":375,"townid":826,"tokenid":"c326d09419083958abf856a510c10560","tokenurl":"/mcm/api/land?token=c326d09419083958abf856a510c10560","imageurl":"/mcm/images/land/2B/19911_1cd7664d7a24.jpg","landname":"75"},{"id":281475001286882,"level":3,"status":0,"posx":34,"posy":18,"cityid":375,"townid":826,"tokenid":"dd634fbf30dec40ce060a08eb6b972ad","tokenurl":"/mcm/api/land?token=dd634fbf30dec40ce060a08eb6b972ad","imageurl":"/mcm/images/land/2B/19912_192a731946c2.jpg","landname":"76"},{"id":281475001286883,"level":3,"status":1,"posx":7,"posy":19,"cityid":375,"townid":826,"tokenid":"5d629f4b643be24eb7640e9733a6efbb","tokenurl":"/mcm/api/land?token=5d629f4b643be24eb7640e9733a6efbb","imageurl":"/mcm/images/land/2B/19913_44d2cee2f235.jpg","landname":"77"},{"id":281475001286884,"level":1,"status":1,"posx":8,"posy":19,"cityid":375,"townid":826,"tokenid":"b71f56e5c331e1ad52fd8448f0af4622","tokenurl":"/mcm/api/land?token=b71f56e5c331e1ad52fd8448f0af4622","imageurl":"/mcm/images/land/2S/7969_3d9cc465d353.jpg","landname":"78"},{"id":281475001286885,"level":3,"status":0,"posx":11,"posy":19,"cityid":375,"townid":826,"tokenid":"b6bc311c44f292270763297e61d07103","tokenurl":"/mcm/api/land?token=b6bc311c44f292270763297e61d07103","imageurl":"/mcm/images/land/2B/19914_32bdefa3613f.jpg","landname":"79"},{"id":281475001286886,"level":3,"status":1,"posx":12,"posy":19,"cityid":375,"townid":826,"tokenid":"7d40429b237f7be8a0d7aa116188b85b","tokenurl":"/mcm/api/land?token=7d40429b237f7be8a0d7aa116188b85b","imageurl":"/mcm/images/land/2B/19915_477554a747f0.jpg","landname":"80"},{"id":281475001286887,"level":3,"status":1,"posx":33,"posy":19,"cityid":375,"townid":826,"tokenid":"4c8b1d91677190006e2805904d1c518c","tokenurl":"/mcm/api/land?token=4c8b1d91677190006e2805904d1c518c","imageurl":"/mcm/images/land/2B/19916_14c8b055b3da.jpg","landname":"81"},{"id":281475001286888,"level":3,"status":0,"posx":34,"posy":19,"cityid":375,"townid":826,"tokenid":"e662eee0825d2afbae915e32e78f52c5","tokenurl":"/mcm/api/land?token=e662eee0825d2afbae915e32e78f52c5","imageurl":"/mcm/images/land/2B/19917_187305566c00.jpg","landname":"82"},{"id":281475001286889,"level":2,"status":1,"posx":7,"posy":20,"cityid":375,"townid":826,"tokenid":"9c7a0bdde1770dabc419ea577ce08a62","tokenurl":"/mcm/api/land?token=9c7a0bdde1770dabc419ea577ce08a62","imageurl":"/mcm/images/land/2A/11950_e524c14c53d.jpg","landname":"83"},{"id":281475001286890,"level":1,"status":0,"posx":8,"posy":20,"cityid":375,"townid":826,"tokenid":"0469740fbe0f59422ec5f6568a423fbd","tokenurl":"/mcm/api/land?token=0469740fbe0f59422ec5f6568a423fbd","imageurl":"/mcm/images/land/2S/7970_25304e09ed1a.jpg","landname":"84"},{"id":281475001286891,"level":2,"status":1,"posx":11,"posy":20,"cityid":375,"townid":826,"tokenid":"5f7863e9bb015caf26d23483d35aa529","tokenurl":"/mcm/api/land?token=5f7863e9bb015caf26d23483d35aa529","imageurl":"/mcm/images/land/2A/11951_56ee8817ad9c.jpg","landname":"85"},{"id":281475001286892,"level":2,"status":0,"posx":12,"posy":20,"cityid":375,"townid":826,"tokenid":"6551a362f4ca5e9d1861b0e02100d2ba","tokenurl":"/mcm/api/land?token=6551a362f4ca5e9d1861b0e02100d2ba","imageurl":"/mcm/images/land/2A/11952_48ebe73acf99.jpg","landname":"86"},{"id":281475001286893,"level":3,"status":0,"posx":7,"posy":21,"cityid":375,"townid":826,"tokenid":"fe053784e3546d8bc37adee6da3e121c","tokenurl":"/mcm/api/land?token=fe053784e3546d8bc37adee6da3e121c","imageurl":"/mcm/images/land/2B/19918_46b64fc351f1.jpg","landname":"87"},{"id":281475001286894,"level":3,"status":1,"posx":8,"posy":21,"cityid":375,"townid":826,"tokenid":"6c2650c0bf40fd77066baa8494cc6710","tokenurl":"/mcm/api/land?token=6c2650c0bf40fd77066baa8494cc6710","imageurl":"/mcm/images/land/2B/19919_36d8004d43e0.jpg","landname":"88"},{"id":281475001286895,"level":1,"status":1,"posx":26,"posy":21,"cityid":375,"townid":826,"tokenid":"c3fa439c4883aa34ed1c2ecfdb67a226","tokenurl":"/mcm/api/land?token=c3fa439c4883aa34ed1c2ecfdb67a226","imageurl":"/mcm/images/land/2S/7971_1026a4d2bb31.jpg","landname":"89"},{"id":281475001286896,"level":2,"status":1,"posx":27,"posy":21,"cityid":375,"townid":826,"tokenid":"a9f60b474a46152b5893cee443c7b885","tokenurl":"/mcm/api/land?token=a9f60b474a46152b5893cee443c7b885","imageurl":"/mcm/images/land/2A/11953_3a4246f48853.jpg","landname":"90"},{"id":281475001286897,"level":3,"status":0,"posx":7,"posy":22,"cityid":375,"townid":826,"tokenid":"4f295a8d5f70b85c7ed5b35b365c6fe9","tokenurl":"/mcm/api/land?token=4f295a8d5f70b85c7ed5b35b365c6fe9","imageurl":"/mcm/images/land/2B/19920_3b6197dd9e0f.jpg","landname":"91"},{"id":281475001286898,"level":2,"status":0,"posx":8,"posy":22,"cityid":375,"townid":826,"tokenid":"9cb355d59536f19b745f5b50ff5f39ba","tokenurl":"/mcm/api/land?token=9cb355d59536f19b745f5b50ff5f39ba","imageurl":"/mcm/images/land/2A/11954_20edb72f8baa.jpg","landname":"92"},{"id":281475001286899,"level":3,"status":0,"posx":23,"posy":22,"cityid":375,"townid":826,"tokenid":"721508ae914beb7c7f657d700cdc6f9f","tokenurl":"/mcm/api/land?token=721508ae914beb7c7f657d700cdc6f9f","imageurl":"/mcm/images/land/2B/19921_3e30abefab2d.jpg","landname":"93"},{"id":281475001286900,"level":3,"status":0,"posx":24,"posy":22,"cityid":375,"townid":826,"tokenid":"d8e76044c1087c64fedea725800db300","tokenurl":"/mcm/api/land?token=d8e76044c1087c64fedea725800db300","imageurl":"/mcm/images/land/2B/19922_173d1e7aa337.jpg","landname":"94"},{"id":281475001286901,"level":2,"status":1,"posx":26,"posy":22,"cityid":375,"townid":826,"tokenid":"e82af0ca60b7bedb59ffe750f1fa30c6","tokenurl":"/mcm/api/land?token=e82af0ca60b7bedb59ffe750f1fa30c6","imageurl":"/mcm/images/land/2A/11955_279950586f28.jpg","landname":"95"},{"id":281475001286902,"level":2,"status":1,"posx":27,"posy":22,"cityid":375,"townid":826,"tokenid":"4168e0c2dfa2d01458d64c9ee5846ad1","tokenurl":"/mcm/api/land?token=4168e0c2dfa2d01458d64c9ee5846ad1","imageurl":"/mcm/images/land/2A/11956_12882ca4ffa3.jpg","landname":"96"},{"id":281475001286903,"level":3,"status":1,"posx":33,"posy":22,"cityid":375,"townid":826,"tokenid":"73ff7e20b89aa3081e7a8434a3e04d10","tokenurl":"/mcm/api/land?token=73ff7e20b89aa3081e7a8434a3e04d10","imageurl":"/mcm/images/land/2B/19923_302b4c115e35.jpg","landname":"97"},{"id":281475001286904,"level":3,"status":0,"posx":34,"posy":22,"cityid":375,"townid":826,"tokenid":"9ade69f4958e7dd8d1032cc5d8dbdb2a","tokenurl":"/mcm/api/land?token=9ade69f4958e7dd8d1032cc5d8dbdb2a","imageurl":"/mcm/images/land/2B/19924_5af063edbedb.jpg","landname":"98"},{"id":281475001286905,"level":1,"status":1,"posx":23,"posy":23,"cityid":375,"townid":826,"tokenid":"b998e04af71e8344f6fb8fd6334e8015","tokenurl":"/mcm/api/land?token=b998e04af71e8344f6fb8fd6334e8015","imageurl":"/mcm/images/land/2S/7972_4b8dd4958154.jpg","landname":"99"},{"id":281475001286906,"level":2,"status":1,"posx":24,"posy":23,"cityid":375,"townid":826,"tokenid":"dfd25c7bd0fe2b422e90f32f484b8287","tokenurl":"/mcm/api/land?token=dfd25c7bd0fe2b422e90f32f484b8287","imageurl":"/mcm/images/land/2A/11957_3f22d033be59.jpg","landname":"100"},{"id":281475001286907,"level":2,"status":0,"posx":26,"posy":23,"cityid":375,"townid":826,"tokenid":"c5c66944af8b53f904bcea81901782bf","tokenurl":"/mcm/api/land?token=c5c66944af8b53f904bcea81901782bf","imageurl":"/mcm/images/land/2A/11958_4d351db24804.jpg","landname":"101"},{"id":281475001286908,"level":3,"status":0,"posx":27,"posy":23,"cityid":375,"townid":826,"tokenid":"5439f95da0221a8536b8f74aafea1095","tokenurl":"/mcm/api/land?token=5439f95da0221a8536b8f74aafea1095","imageurl":"/mcm/images/land/2B/19925_d85f8e08df6.jpg","landname":"102"},{"id":281475001286909,"level":3,"status":1,"posx":33,"posy":23,"cityid":375,"townid":826,"tokenid":"0d8310ffe5a17ac976bf6cd0776ab99c","tokenurl":"/mcm/api/land?token=0d8310ffe5a17ac976bf6cd0776ab99c","imageurl":"/mcm/images/land/2B/19926_c842c60a915.jpg","landname":"103"},{"id":281475001286910,"level":3,"status":1,"posx":34,"posy":23,"cityid":375,"townid":826,"tokenid":"5e72da24ef236da0d20be471875be86d","tokenurl":"/mcm/api/land?token=5e72da24ef236da0d20be471875be86d","imageurl":"/mcm/images/land/2B/19927_c90a7650b0f.jpg","landname":"104"},{"id":281475001286911,"level":1,"status":1,"posx":23,"posy":24,"cityid":375,"townid":826,"tokenid":"65a1294a94ea5bbf4621f699e09ef010","tokenurl":"/mcm/api/land?token=65a1294a94ea5bbf4621f699e09ef010","imageurl":"/mcm/images/land/2S/7973_5ab62fe35ae7.jpg","landname":"105"},{"id":281475001286912,"level":3,"status":0,"posx":24,"posy":24,"cityid":375,"townid":826,"tokenid":"61a1e515eba12a5c8aeb5d581f73d344","tokenurl":"/mcm/api/land?token=61a1e515eba12a5c8aeb5d581f73d344","imageurl":"/mcm/images/land/2B/19928_514cedae3176.jpg","landname":"106"},{"id":281475001286913,"level":1,"status":1,"posx":26,"posy":24,"cityid":375,"townid":826,"tokenid":"00ec84be55179f1893dfe1e515da244e","tokenurl":"/mcm/api/land?token=00ec84be55179f1893dfe1e515da244e","imageurl":"/mcm/images/land/2S/7974_7e17a4dd55c.jpg","landname":"107"},{"id":281475001286914,"level":3,"status":1,"posx":27,"posy":24,"cityid":375,"townid":826,"tokenid":"56ee84bbb71ed24dac6ca62085a895f6","tokenurl":"/mcm/api/land?token=56ee84bbb71ed24dac6ca62085a895f6","imageurl":"/mcm/images/land/2B/19929_22f5b662907f.jpg","landname":"108"},{"id":281475001286915,"level":2,"status":0,"posx":33,"posy":24,"cityid":375,"townid":826,"tokenid":"749a07d07cf7dd100a4dd8e505ee3774","tokenurl":"/mcm/api/land?token=749a07d07cf7dd100a4dd8e505ee3774","imageurl":"/mcm/images/land/2A/11959_32a931cb9950.jpg","landname":"109"},{"id":281475001286916,"level":3,"status":0,"posx":34,"posy":24,"cityid":375,"townid":826,"tokenid":"e696bf39648abc439b6c0c6406e71133","tokenurl":"/mcm/api/land?token=e696bf39648abc439b6c0c6406e71133","imageurl":"/mcm/images/land/2B/19930_3365d25a47b2.jpg","landname":"110"},{"id":281475001286917,"level":1,"status":0,"posx":23,"posy":25,"cityid":375,"townid":826,"tokenid":"ae2c614ed115ddd026f50012da485909","tokenurl":"/mcm/api/land?token=ae2c614ed115ddd026f50012da485909","imageurl":"/mcm/images/land/2S/7975_43d7ffb4945a.jpg","landname":"111"},{"id":281475001286918,"level":3,"status":1,"posx":24,"posy":25,"cityid":375,"townid":826,"tokenid":"4e83e02786857114357ce360d3f26742","tokenurl":"/mcm/api/land?token=4e83e02786857114357ce360d3f26742","imageurl":"/mcm/images/land/2B/19931_316820274d79.jpg","landname":"112"},{"id":281475001286919,"level":2,"status":1,"posx":26,"posy":25,"cityid":375,"townid":826,"tokenid":"14344a96e64a4321c92fd334276d11e0","tokenurl":"/mcm/api/land?token=14344a96e64a4321c92fd334276d11e0","imageurl":"/mcm/images/land/2A/11960_121adc3e8c39.jpg","landname":"113"},{"id":281475001286920,"level":2,"status":0,"posx":27,"posy":25,"cityid":375,"townid":826,"tokenid":"87fc4db4159766211f0e11168b168f33","tokenurl":"/mcm/api/land?token=87fc4db4159766211f0e11168b168f33","imageurl":"/mcm/images/land/2A/11961_35905426b18c.jpg","landname":"114"},{"id":281475001286921,"level":1,"status":0,"posx":33,"posy":25,"cityid":375,"townid":826,"tokenid":"f8218b2d769c755b7f7b5e06d66fe085","tokenurl":"/mcm/api/land?token=f8218b2d769c755b7f7b5e06d66fe085","imageurl":"/mcm/images/land/2S/7976_fff4f72c01d.jpg","landname":"115"},{"id":281475001286922,"level":2,"status":1,"posx":34,"posy":25,"cityid":375,"townid":826,"tokenid":"7cb9c7ebac84656d9bbefe44b38445de","tokenurl":"/mcm/api/land?token=7cb9c7ebac84656d9bbefe44b38445de","imageurl":"/mcm/images/land/2A/11962_1f4e0bce667b.jpg","landname":"116"},{"id":281475001286923,"level":3,"status":1,"posx":23,"posy":26,"cityid":375,"townid":826,"tokenid":"7e7d3a968c305a1d1761833ae6cde2dc","tokenurl":"/mcm/api/land?token=7e7d3a968c305a1d1761833ae6cde2dc","imageurl":"/mcm/images/land/2B/19932_3743ede5e7bc.jpg","landname":"117"},{"id":281475001286924,"level":3,"status":0,"posx":24,"posy":26,"cityid":375,"townid":826,"tokenid":"89d631facbf9df573f81af0b60178fba","tokenurl":"/mcm/api/land?token=89d631facbf9df573f81af0b60178fba","imageurl":"/mcm/images/land/2B/19933_478b2ac4c931.jpg","landname":"118"},{"id":281475001286925,"level":3,"status":0,"posx":33,"posy":26,"cityid":375,"townid":826,"tokenid":"63fac16067333a05131686868df6574d","tokenurl":"/mcm/api/land?token=63fac16067333a05131686868df6574d","imageurl":"/mcm/images/land/2B/19934_29e8eea2a4e5.jpg","landname":"119"},{"id":281475001286926,"level":2,"status":0,"posx":34,"posy":26,"cityid":375,"townid":826,"tokenid":"9962314d15aded94331b46c35334e71b","tokenurl":"/mcm/api/land?token=9962314d15aded94331b46c35334e71b","imageurl":"/mcm/images/land/2A/11963_fef89f66185.jpg","landname":"120"},{"id":281475001286927,"level":3,"status":1,"posx":31,"posy":27,"cityid":375,"townid":826,"tokenid":"a0c0de8bcd38ac9a8deca4d206cd385c","tokenurl":"/mcm/api/land?token=a0c0de8bcd38ac9a8deca4d206cd385c","imageurl":"/mcm/images/land/2B/19935_4fe3cce78426.jpg","landname":"121"},{"id":281475001286928,"level":3,"status":0,"posx":32,"posy":27,"cityid":375,"townid":826,"tokenid":"ffb5f24e3fc9dce1a201a61ae1dad9d8","tokenurl":"/mcm/api/land?token=ffb5f24e3fc9dce1a201a61ae1dad9d8","imageurl":"/mcm/images/land/2B/19936_27622304e585.jpg","landname":"122"},{"id":281475001286929,"level":3,"status":1,"posx":6,"posy":28,"cityid":375,"townid":826,"tokenid":"f618e2e9366da4ef9dd5224cc875c3a2","tokenurl":"/mcm/api/land?token=f618e2e9366da4ef9dd5224cc875c3a2","imageurl":"/mcm/images/land/2B/19937_172be29127e5.jpg","landname":"123"},{"id":281475001286930,"level":2,"status":0,"posx":7,"posy":28,"cityid":375,"townid":826,"tokenid":"149caf2e53bc4c637a06026ea633641f","tokenurl":"/mcm/api/land?token=149caf2e53bc4c637a06026ea633641f","imageurl":"/mcm/images/land/2A/11964_533f3bb6d529.jpg","landname":"124"},{"id":281475001286931,"level":1,"status":0,"posx":9,"posy":28,"cityid":375,"townid":826,"tokenid":"b4561f44c5ad862fc6bb068609ffcdcc","tokenurl":"/mcm/api/land?token=b4561f44c5ad862fc6bb068609ffcdcc","imageurl":"/mcm/images/land/2S/7977_2aac75afd5ed.jpg","landname":"125"},{"id":281475001286932,"level":3,"status":0,"posx":10,"posy":28,"cityid":375,"townid":826,"tokenid":"8003bc4738682cf13c98100913ee1bf6","tokenurl":"/mcm/api/land?token=8003bc4738682cf13c98100913ee1bf6","imageurl":"/mcm/images/land/2B/19938_505ec56fce22.jpg","landname":"126"},{"id":281475001286933,"level":3,"status":0,"posx":31,"posy":28,"cityid":375,"townid":826,"tokenid":"a54ccd23683dee6e220168cdd1a0b9c2","tokenurl":"/mcm/api/land?token=a54ccd23683dee6e220168cdd1a0b9c2","imageurl":"/mcm/images/land/2B/19939_27ec2f23b673.jpg","landname":"127"},{"id":281475001286934,"level":2,"status":0,"posx":32,"posy":28,"cityid":375,"townid":826,"tokenid":"e3f34fbd37e7027d7cfc1c8b187f20c2","tokenurl":"/mcm/api/land?token=e3f34fbd37e7027d7cfc1c8b187f20c2","imageurl":"/mcm/images/land/2A/11965_2de283c66def.jpg","landname":"128"},{"id":281475001286935,"level":1,"status":1,"posx":6,"posy":29,"cityid":375,"townid":826,"tokenid":"ac20488b38a6a272330229af267fcf19","tokenurl":"/mcm/api/land?token=ac20488b38a6a272330229af267fcf19","imageurl":"/mcm/images/land/2S/7978_38d808c6d6ff.jpg","landname":"129"},{"id":281475001286936,"level":2,"status":1,"posx":7,"posy":29,"cityid":375,"townid":826,"tokenid":"9fe4b6cab9c8f032ab9bd13eb564f259","tokenurl":"/mcm/api/land?token=9fe4b6cab9c8f032ab9bd13eb564f259","imageurl":"/mcm/images/land/2A/11966_3645cdd3b5d3.jpg","landname":"130"},{"id":281475001286937,"level":2,"status":1,"posx":9,"posy":29,"cityid":375,"townid":826,"tokenid":"b9d32322429d1c0ce74a8a07088526e5","tokenurl":"/mcm/api/land?token=b9d32322429d1c0ce74a8a07088526e5","imageurl":"/mcm/images/land/2A/11967_444757699d68.jpg","landname":"131"},{"id":281475001286938,"level":3,"status":1,"posx":10,"posy":29,"cityid":375,"townid":826,"tokenid":"f4fa148d54b63d2c0583b65514917ddb","tokenurl":"/mcm/api/land?token=f4fa148d54b63d2c0583b65514917ddb","imageurl":"/mcm/images/land/2B/19940_f32dc9ceef8.jpg","landname":"132"},{"id":281475001286939,"level":3,"status":1,"posx":31,"posy":29,"cityid":375,"townid":826,"tokenid":"4234e9b68d034ab70a65eed042fd44f1","tokenurl":"/mcm/api/land?token=4234e9b68d034ab70a65eed042fd44f1","imageurl":"/mcm/images/land/2B/19941_2b8ec8d472a9.jpg","landname":"133"},{"id":281475001286940,"level":3,"status":0,"posx":32,"posy":29,"cityid":375,"townid":826,"tokenid":"2b19003cb2b371c3ffe4eda61d612bc6","tokenurl":"/mcm/api/land?token=2b19003cb2b371c3ffe4eda61d612bc6","imageurl":"/mcm/images/land/2B/19942_41479207851a.jpg","landname":"134"},{"id":281475001286941,"level":2,"status":1,"posx":6,"posy":30,"cityid":375,"townid":826,"tokenid":"3eac234af3a134cb261bd9ee553b384c","tokenurl":"/mcm/api/land?token=3eac234af3a134cb261bd9ee553b384c","imageurl":"/mcm/images/land/2A/11968_2e11cc0fe528.jpg","landname":"135"},{"id":281475001286942,"level":1,"status":1,"posx":7,"posy":30,"cityid":375,"townid":826,"tokenid":"473a39abb4b79d1441ccf9cb805665a1","tokenurl":"/mcm/api/land?token=473a39abb4b79d1441ccf9cb805665a1","imageurl":"/mcm/images/land/2S/7979_58bef6650722.jpg","landname":"136"},{"id":281475001286943,"level":2,"status":1,"posx":9,"posy":30,"cityid":375,"townid":826,"tokenid":"29291cb5745d976cde61e944d89e0410","tokenurl":"/mcm/api/land?token=29291cb5745d976cde61e944d89e0410","imageurl":"/mcm/images/land/2A/11969_406b240ec327.jpg","landname":"137"},{"id":281475001286944,"level":2,"status":0,"posx":10,"posy":30,"cityid":375,"townid":826,"tokenid":"7495731017e1878fa848b3fb3767b731","tokenurl":"/mcm/api/land?token=7495731017e1878fa848b3fb3767b731","imageurl":"/mcm/images/land/2A/11970_4dbb68b7794c.jpg","landname":"138"},{"id":281475001286945,"level":1,"status":1,"posx":31,"posy":30,"cityid":375,"townid":826,"tokenid":"3bb5bd39cf9b5b3e4854b6052de7d12f","tokenurl":"/mcm/api/land?token=3bb5bd39cf9b5b3e4854b6052de7d12f","imageurl":"/mcm/images/land/2S/7980_1832fc9e8b2.jpg","landname":"139"},{"id":281475001286946,"level":3,"status":0,"posx":32,"posy":30,"cityid":375,"townid":826,"tokenid":"32510c192008d16a76eb2281ff46fb2d","tokenurl":"/mcm/api/land?token=32510c192008d16a76eb2281ff46fb2d","imageurl":"/mcm/images/land/2B/19943_4954bfc5347b.jpg","landname":"140"},{"id":281475001286947,"level":1,"status":0,"posx":6,"posy":31,"cityid":375,"townid":826,"tokenid":"85415053abe3724bd476b96e5e579d60","tokenurl":"/mcm/api/land?token=85415053abe3724bd476b96e5e579d60","imageurl":"/mcm/images/land/2S/7981_58b0ff37e21d.jpg","landname":"141"},{"id":281475001286948,"level":2,"status":0,"posx":7,"posy":31,"cityid":375,"townid":826,"tokenid":"ea326b133bf0c912226ec890cb852560","tokenurl":"/mcm/api/land?token=ea326b133bf0c912226ec890cb852560","imageurl":"/mcm/images/land/2A/11971_1440bafa2c81.jpg","landname":"142"},{"id":281475001286949,"level":3,"status":1,"posx":9,"posy":31,"cityid":375,"townid":826,"tokenid":"89136184efd121777e836d1b855826f1","tokenurl":"/mcm/api/land?token=89136184efd121777e836d1b855826f1","imageurl":"/mcm/images/land/2B/19944_a29b99e0687.jpg","landname":"143"},{"id":281475001286950,"level":3,"status":1,"posx":10,"posy":31,"cityid":375,"townid":826,"tokenid":"8f2f4e1a7f6b2ed3b86d636f2bfbdbbf","tokenurl":"/mcm/api/land?token=8f2f4e1a7f6b2ed3b86d636f2bfbdbbf","imageurl":"/mcm/images/land/2B/19945_cee09ce84a8.jpg","landname":"144"},{"id":281475001286951,"level":3,"status":0,"posx":31,"posy":31,"cityid":375,"townid":826,"tokenid":"234266e41e595c00f312e6d6c0ca442c","tokenurl":"/mcm/api/land?token=234266e41e595c00f312e6d6c0ca442c","imageurl":"/mcm/images/land/2B/19946_4864246dfa4b.jpg","landname":"145"},{"id":281475001286952,"level":3,"status":0,"posx":32,"posy":31,"cityid":375,"townid":826,"tokenid":"7e3729fb16816d583d43a4ec87a6da0e","tokenurl":"/mcm/api/land?token=7e3729fb16816d583d43a4ec87a6da0e","imageurl":"/mcm/images/land/2B/19947_509c5c4bb1c3.jpg","landname":"146"},{"id":281475001286953,"level":3,"status":0,"posx":6,"posy":32,"cityid":375,"townid":826,"tokenid":"9fc8d11e54f037cc6a9385ff9666a412","tokenurl":"/mcm/api/land?token=9fc8d11e54f037cc6a9385ff9666a412","imageurl":"/mcm/images/land/2B/19948_37e1681e1739.jpg","landname":"147"},{"id":281475001286954,"level":3,"status":1,"posx":7,"posy":32,"cityid":375,"townid":826,"tokenid":"263a90ace95a19ef985aa5ca3f8afcb4","tokenurl":"/mcm/api/land?token=263a90ace95a19ef985aa5ca3f8afcb4","imageurl":"/mcm/images/land/2B/19949_356480b967e1.jpg","landname":"148"},{"id":281475001286955,"level":3,"status":1,"posx":9,"posy":32,"cityid":375,"townid":826,"tokenid":"9dc3c86b10e998d6c392f4f2273c3266","tokenurl":"/mcm/api/land?token=9dc3c86b10e998d6c392f4f2273c3266","imageurl":"/mcm/images/land/2B/19950_38b88b4fccd7.jpg","landname":"149"},{"id":281475001286956,"level":3,"status":0,"posx":10,"posy":32,"cityid":375,"townid":826,"tokenid":"cfb696d8aa5ee17f47c5ad3cb6a64ea3","tokenurl":"/mcm/api/land?token=cfb696d8aa5ee17f47c5ad3cb6a64ea3","imageurl":"/mcm/images/land/2B/19951_2f392d678721.jpg","landname":"150"}]]],0,0,[],[],[]]
