[1,0,0,[["cc.JsonAsset",["_name","json"],1]],[[0,0,1,3]],[[0,"1280",[{"id":281475015311511,"level":3,"status":1,"posx":7,"posy":5,"cityid":589,"townid":1280,"tokenid":"75ee145e4b04f6f36db1745245c2fc46","tokenurl":"/mcm/api/land?token=75ee145e4b04f6f36db1745245c2fc46","imageurl":"/mcm/images/land/2B/19427_96824648a72.jpg","landname":"1"},{"id":281475015311512,"level":1,"status":0,"posx":8,"posy":5,"cityid":589,"townid":1280,"tokenid":"50817ee5d7b9fa216ce4d5fc0c570599","tokenurl":"/mcm/api/land?token=50817ee5d7b9fa216ce4d5fc0c570599","imageurl":"/mcm/images/land/2S/7772_550a541fd5df.jpg","landname":"2"},{"id":281475015311513,"level":3,"status":1,"posx":16,"posy":5,"cityid":589,"townid":1280,"tokenid":"326c692a0ee52552ac4d99c9441bf524","tokenurl":"/mcm/api/land?token=326c692a0ee52552ac4d99c9441bf524","imageurl":"/mcm/images/land/2B/19428_5674f823e988.jpg","landname":"3"},{"id":281475015311514,"level":1,"status":1,"posx":17,"posy":5,"cityid":589,"townid":1280,"tokenid":"65129ce625c97652fdb47341848f81bf","tokenurl":"/mcm/api/land?token=65129ce625c97652fdb47341848f81bf","imageurl":"/mcm/images/land/2S/7773_37d322168c76.jpg","landname":"4"},{"id":281475015311515,"level":3,"status":0,"posx":20,"posy":5,"cityid":589,"townid":1280,"tokenid":"baf2dc598b9af5e0a78d81609b3b8f7c","tokenurl":"/mcm/api/land?token=baf2dc598b9af5e0a78d81609b3b8f7c","imageurl":"/mcm/images/land/2B/19429_4a46a289e488.jpg","landname":"5"},{"id":281475015311516,"level":1,"status":0,"posx":21,"posy":5,"cityid":589,"townid":1280,"tokenid":"0d6a00c41d18747fe6195baaee147460","tokenurl":"/mcm/api/land?token=0d6a00c41d18747fe6195baaee147460","imageurl":"/mcm/images/land/2S/7774_2d5da5d0a821.jpg","landname":"6"},{"id":281475015311517,"level":1,"status":1,"posx":7,"posy":6,"cityid":589,"townid":1280,"tokenid":"23412016707041869dac6af4b0d32682","tokenurl":"/mcm/api/land?token=23412016707041869dac6af4b0d32682","imageurl":"/mcm/images/land/2S/7775_4f2e5abaf170.jpg","landname":"7"},{"id":281475015311518,"level":2,"status":1,"posx":8,"posy":6,"cityid":589,"townid":1280,"tokenid":"3cea6883e9be0c6a46177549ee3f669e","tokenurl":"/mcm/api/land?token=3cea6883e9be0c6a46177549ee3f669e","imageurl":"/mcm/images/land/2A/11657_561b646f247.jpg","landname":"8"},{"id":281475015311519,"level":3,"status":0,"posx":16,"posy":6,"cityid":589,"townid":1280,"tokenid":"ebe0f55e71cea8f2d0678798fa3604d4","tokenurl":"/mcm/api/land?token=ebe0f55e71cea8f2d0678798fa3604d4","imageurl":"/mcm/images/land/2B/19430_173fb4122c9.jpg","landname":"9"},{"id":281475015311520,"level":1,"status":1,"posx":17,"posy":6,"cityid":589,"townid":1280,"tokenid":"b32f7988b53364c6284341547de25411","tokenurl":"/mcm/api/land?token=b32f7988b53364c6284341547de25411","imageurl":"/mcm/images/land/2S/7776_47237c859d67.jpg","landname":"10"},{"id":281475015311521,"level":1,"status":0,"posx":20,"posy":6,"cityid":589,"townid":1280,"tokenid":"751d105e3fd9f01e98809bc044feb556","tokenurl":"/mcm/api/land?token=751d105e3fd9f01e98809bc044feb556","imageurl":"/mcm/images/land/2S/7777_54a07e1d3345.jpg","landname":"11"},{"id":281475015311522,"level":2,"status":1,"posx":21,"posy":6,"cityid":589,"townid":1280,"tokenid":"b281eb3095fceab861d6f61baea3e557","tokenurl":"/mcm/api/land?token=b281eb3095fceab861d6f61baea3e557","imageurl":"/mcm/images/land/2A/11658_437030bac5e2.jpg","landname":"12"},{"id":281475015311523,"level":3,"status":0,"posx":7,"posy":7,"cityid":589,"townid":1280,"tokenid":"e13509045bd09b212e5498ca32041211","tokenurl":"/mcm/api/land?token=e13509045bd09b212e5498ca32041211","imageurl":"/mcm/images/land/2B/19431_4a926eac9532.jpg","landname":"13"},{"id":281475015311524,"level":3,"status":0,"posx":8,"posy":7,"cityid":589,"townid":1280,"tokenid":"6ae7e760ac6bb56f66a65c4396d124f0","tokenurl":"/mcm/api/land?token=6ae7e760ac6bb56f66a65c4396d124f0","imageurl":"/mcm/images/land/2B/19432_142cd2ca133d.jpg","landname":"14"},{"id":281475015311525,"level":3,"status":1,"posx":16,"posy":7,"cityid":589,"townid":1280,"tokenid":"7dd97e8131e4d15fa5b2eeb480cc0bfe","tokenurl":"/mcm/api/land?token=7dd97e8131e4d15fa5b2eeb480cc0bfe","imageurl":"/mcm/images/land/2B/19433_47b7e9d1129c.jpg","landname":"15"},{"id":281475015311526,"level":3,"status":0,"posx":17,"posy":7,"cityid":589,"townid":1280,"tokenid":"a4d2030f799de58d19015107f35864cf","tokenurl":"/mcm/api/land?token=a4d2030f799de58d19015107f35864cf","imageurl":"/mcm/images/land/2B/19434_2041699dd90e.jpg","landname":"16"},{"id":281475015311527,"level":1,"status":1,"posx":20,"posy":7,"cityid":589,"townid":1280,"tokenid":"479bc7d456cf1f3758678d96bbadfa19","tokenurl":"/mcm/api/land?token=479bc7d456cf1f3758678d96bbadfa19","imageurl":"/mcm/images/land/2S/7778_33647463b077.jpg","landname":"17"},{"id":281475015311528,"level":3,"status":1,"posx":21,"posy":7,"cityid":589,"townid":1280,"tokenid":"7583d6de69c9750ca8b1317d63562f43","tokenurl":"/mcm/api/land?token=7583d6de69c9750ca8b1317d63562f43","imageurl":"/mcm/images/land/2B/19435_3fd67c8be20c.jpg","landname":"18"},{"id":281475015311529,"level":1,"status":0,"posx":7,"posy":8,"cityid":589,"townid":1280,"tokenid":"8f8d0bc58502f8c828ad742c12a4683e","tokenurl":"/mcm/api/land?token=8f8d0bc58502f8c828ad742c12a4683e","imageurl":"/mcm/images/land/2S/7779_185ef59f6bbf.jpg","landname":"19"},{"id":281475015311530,"level":3,"status":1,"posx":8,"posy":8,"cityid":589,"townid":1280,"tokenid":"8354a049bd9f26d3bad475c6a37ab869","tokenurl":"/mcm/api/land?token=8354a049bd9f26d3bad475c6a37ab869","imageurl":"/mcm/images/land/2B/19436_16af96ac9b19.jpg","landname":"20"},{"id":281475015311531,"level":3,"status":0,"posx":16,"posy":8,"cityid":589,"townid":1280,"tokenid":"5b753cf562f69b74e76de440eeadc344","tokenurl":"/mcm/api/land?token=5b753cf562f69b74e76de440eeadc344","imageurl":"/mcm/images/land/2B/19437_446e82c9664b.jpg","landname":"21"},{"id":281475015311532,"level":3,"status":1,"posx":17,"posy":8,"cityid":589,"townid":1280,"tokenid":"97ba4c8219b57345b7d43fc62bd876d3","tokenurl":"/mcm/api/land?token=97ba4c8219b57345b7d43fc62bd876d3","imageurl":"/mcm/images/land/2B/19438_106d1034f7e9.jpg","landname":"22"},{"id":281475015311533,"level":2,"status":0,"posx":20,"posy":8,"cityid":589,"townid":1280,"tokenid":"88bc33a8e63573c738d75e43e2bcd709","tokenurl":"/mcm/api/land?token=88bc33a8e63573c738d75e43e2bcd709","imageurl":"/mcm/images/land/2A/11659_10d34e0319ac.jpg","landname":"23"},{"id":281475015311534,"level":3,"status":1,"posx":21,"posy":8,"cityid":589,"townid":1280,"tokenid":"719f6e4b36a8affe797cc4ce75ace20a","tokenurl":"/mcm/api/land?token=719f6e4b36a8affe797cc4ce75ace20a","imageurl":"/mcm/images/land/2B/19439_48acb695778e.jpg","landname":"24"},{"id":281475015311535,"level":3,"status":0,"posx":28,"posy":8,"cityid":589,"townid":1280,"tokenid":"e0c6e1d17068dc2b5a75ee8f2bfec0c5","tokenurl":"/mcm/api/land?token=e0c6e1d17068dc2b5a75ee8f2bfec0c5","imageurl":"/mcm/images/land/2B/19440_26272cec1486.jpg","landname":"25"},{"id":281475015311536,"level":3,"status":0,"posx":29,"posy":8,"cityid":589,"townid":1280,"tokenid":"8704e94ce1e508a3ce88eed7924f9505","tokenurl":"/mcm/api/land?token=8704e94ce1e508a3ce88eed7924f9505","imageurl":"/mcm/images/land/2B/19441_1817cbd6fffe.jpg","landname":"26"},{"id":281475015311537,"level":2,"status":0,"posx":32,"posy":8,"cityid":589,"townid":1280,"tokenid":"832cae4dbcb6690078442d815f72d101","tokenurl":"/mcm/api/land?token=832cae4dbcb6690078442d815f72d101","imageurl":"/mcm/images/land/2A/11660_5023bc636dde.jpg","landname":"27"},{"id":281475015311538,"level":3,"status":0,"posx":33,"posy":8,"cityid":589,"townid":1280,"tokenid":"31d2851f6c3e83a871ddd95f308575c0","tokenurl":"/mcm/api/land?token=31d2851f6c3e83a871ddd95f308575c0","imageurl":"/mcm/images/land/2B/19442_5a33ef0ae290.jpg","landname":"28"},{"id":281475015311539,"level":3,"status":1,"posx":7,"posy":9,"cityid":589,"townid":1280,"tokenid":"367124a070633898d9312c8f7146d377","tokenurl":"/mcm/api/land?token=367124a070633898d9312c8f7146d377","imageurl":"/mcm/images/land/2B/19443_1eb177857599.jpg","landname":"29"},{"id":281475015311540,"level":2,"status":1,"posx":8,"posy":9,"cityid":589,"townid":1280,"tokenid":"64636e2f1ffd5e86f3c500ae55969f5b","tokenurl":"/mcm/api/land?token=64636e2f1ffd5e86f3c500ae55969f5b","imageurl":"/mcm/images/land/2A/11661_5a735f3607c2.jpg","landname":"30"},{"id":281475015311541,"level":2,"status":1,"posx":16,"posy":9,"cityid":589,"townid":1280,"tokenid":"fb1ba3b16b8731fc2e182160a6bed3e6","tokenurl":"/mcm/api/land?token=fb1ba3b16b8731fc2e182160a6bed3e6","imageurl":"/mcm/images/land/2A/11662_3e5922ee2dd7.jpg","landname":"31"},{"id":281475015311542,"level":3,"status":1,"posx":17,"posy":9,"cityid":589,"townid":1280,"tokenid":"046ed1eadafe2bfb1711d09e864d430d","tokenurl":"/mcm/api/land?token=046ed1eadafe2bfb1711d09e864d430d","imageurl":"/mcm/images/land/2B/19444_1663797631dd.jpg","landname":"32"},{"id":281475015311543,"level":1,"status":0,"posx":20,"posy":9,"cityid":589,"townid":1280,"tokenid":"516fff7060383468cafce8951ef167de","tokenurl":"/mcm/api/land?token=516fff7060383468cafce8951ef167de","imageurl":"/mcm/images/land/2S/7780_59f334187e6.jpg","landname":"33"},{"id":281475015311544,"level":3,"status":0,"posx":21,"posy":9,"cityid":589,"townid":1280,"tokenid":"df3e136c40b3ae3af9235e75be0eff44","tokenurl":"/mcm/api/land?token=df3e136c40b3ae3af9235e75be0eff44","imageurl":"/mcm/images/land/2B/19445_20fb644862f1.jpg","landname":"34"},{"id":281475015311545,"level":3,"status":0,"posx":28,"posy":9,"cityid":589,"townid":1280,"tokenid":"9ca74590578733963fb528da8e6a615c","tokenurl":"/mcm/api/land?token=9ca74590578733963fb528da8e6a615c","imageurl":"/mcm/images/land/2B/19446_9f644aa3e1.jpg","landname":"35"},{"id":281475015311546,"level":2,"status":0,"posx":29,"posy":9,"cityid":589,"townid":1280,"tokenid":"09f6d2cae77132961c0727c2908cabe3","tokenurl":"/mcm/api/land?token=09f6d2cae77132961c0727c2908cabe3","imageurl":"/mcm/images/land/2A/11663_c16fdef4d05.jpg","landname":"36"},{"id":281475015311547,"level":2,"status":0,"posx":32,"posy":9,"cityid":589,"townid":1280,"tokenid":"8345e14eb35af6ed4def67f1af3c6450","tokenurl":"/mcm/api/land?token=8345e14eb35af6ed4def67f1af3c6450","imageurl":"/mcm/images/land/2A/11664_d59b4138052.jpg","landname":"37"},{"id":281475015311548,"level":3,"status":1,"posx":33,"posy":9,"cityid":589,"townid":1280,"tokenid":"b88c8439b0f9588518e8119eade23048","tokenurl":"/mcm/api/land?token=b88c8439b0f9588518e8119eade23048","imageurl":"/mcm/images/land/2B/19447_3efce486c31c.jpg","landname":"38"},{"id":281475015311549,"level":3,"status":1,"posx":28,"posy":10,"cityid":589,"townid":1280,"tokenid":"daba44978da95ffe8b755719de33ee59","tokenurl":"/mcm/api/land?token=daba44978da95ffe8b755719de33ee59","imageurl":"/mcm/images/land/2B/19448_3e5a285648a9.jpg","landname":"39"},{"id":281475015311550,"level":3,"status":1,"posx":29,"posy":10,"cityid":589,"townid":1280,"tokenid":"f1ebc002549007d3cff085775b92457d","tokenurl":"/mcm/api/land?token=f1ebc002549007d3cff085775b92457d","imageurl":"/mcm/images/land/2B/19449_220c77a21ae9.jpg","landname":"40"},{"id":281475015311551,"level":3,"status":0,"posx":32,"posy":10,"cityid":589,"townid":1280,"tokenid":"1f95c41a7d0fbd0656d899ae286b01c1","tokenurl":"/mcm/api/land?token=1f95c41a7d0fbd0656d899ae286b01c1","imageurl":"/mcm/images/land/2B/19450_4a2c96ad8d0f.jpg","landname":"41"},{"id":281475015311552,"level":2,"status":1,"posx":33,"posy":10,"cityid":589,"townid":1280,"tokenid":"0b0da363b45956dfe5c403df893ba2a1","tokenurl":"/mcm/api/land?token=0b0da363b45956dfe5c403df893ba2a1","imageurl":"/mcm/images/land/2A/11665_fa7c3d7e30.jpg","landname":"42"},{"id":281475015311553,"level":2,"status":1,"posx":28,"posy":11,"cityid":589,"townid":1280,"tokenid":"348dcfdd8531b3a29e5bb7d3379f793b","tokenurl":"/mcm/api/land?token=348dcfdd8531b3a29e5bb7d3379f793b","imageurl":"/mcm/images/land/2A/11666_553dc1266789.jpg","landname":"43"},{"id":281475015311554,"level":3,"status":1,"posx":29,"posy":11,"cityid":589,"townid":1280,"tokenid":"92caf8eafce27c0cb474e5a040615323","tokenurl":"/mcm/api/land?token=92caf8eafce27c0cb474e5a040615323","imageurl":"/mcm/images/land/2B/19451_d9651647295.jpg","landname":"44"},{"id":281475015311555,"level":2,"status":1,"posx":32,"posy":11,"cityid":589,"townid":1280,"tokenid":"7aeeb2912727b8ff2551a217b9288d8a","tokenurl":"/mcm/api/land?token=7aeeb2912727b8ff2551a217b9288d8a","imageurl":"/mcm/images/land/2A/11667_596761613dfc.jpg","landname":"45"},{"id":281475015311556,"level":2,"status":1,"posx":33,"posy":11,"cityid":589,"townid":1280,"tokenid":"c840754a68930bc3675131bb7f3c037d","tokenurl":"/mcm/api/land?token=c840754a68930bc3675131bb7f3c037d","imageurl":"/mcm/images/land/2A/11668_51e631759dbc.jpg","landname":"46"},{"id":281475015311557,"level":2,"status":1,"posx":28,"posy":12,"cityid":589,"townid":1280,"tokenid":"5cf4f7d9ad58901beec4141287265440","tokenurl":"/mcm/api/land?token=5cf4f7d9ad58901beec4141287265440","imageurl":"/mcm/images/land/2A/11669_14f9dee57515.jpg","landname":"47"},{"id":281475015311558,"level":1,"status":0,"posx":29,"posy":12,"cityid":589,"townid":1280,"tokenid":"6333a85ed1453a11badbb23b8ece3637","tokenurl":"/mcm/api/land?token=6333a85ed1453a11badbb23b8ece3637","imageurl":"/mcm/images/land/2S/7781_13067adb6d93.jpg","landname":"48"},{"id":281475015311559,"level":3,"status":1,"posx":32,"posy":12,"cityid":589,"townid":1280,"tokenid":"9e899be74dc960e30e4dae5dd00ed19c","tokenurl":"/mcm/api/land?token=9e899be74dc960e30e4dae5dd00ed19c","imageurl":"/mcm/images/land/2B/19452_46f9cf211fef.jpg","landname":"49"},{"id":281475015311560,"level":1,"status":0,"posx":33,"posy":12,"cityid":589,"townid":1280,"tokenid":"5b49b72d419d11624f1b8008b79d8fc1","tokenurl":"/mcm/api/land?token=5b49b72d419d11624f1b8008b79d8fc1","imageurl":"/mcm/images/land/2S/7782_2b6d7d1ccc22.jpg","landname":"50"},{"id":281475015311561,"level":1,"status":0,"posx":23,"posy":14,"cityid":589,"townid":1280,"tokenid":"1b932c6e6b60bc2a9dc1cf6be8b88e2b","tokenurl":"/mcm/api/land?token=1b932c6e6b60bc2a9dc1cf6be8b88e2b","imageurl":"/mcm/images/land/2S/7783_274d16bedcfb.jpg","landname":"51"},{"id":281475015311562,"level":1,"status":0,"posx":24,"posy":14,"cityid":589,"townid":1280,"tokenid":"16d4ba8d136efbe05edcaddca776ef26","tokenurl":"/mcm/api/land?token=16d4ba8d136efbe05edcaddca776ef26","imageurl":"/mcm/images/land/2S/7784_5376ffa3d112.jpg","landname":"52"},{"id":281475015311563,"level":2,"status":1,"posx":23,"posy":15,"cityid":589,"townid":1280,"tokenid":"37b7e7fcfcacc2a54fe62cc073a0db4e","tokenurl":"/mcm/api/land?token=37b7e7fcfcacc2a54fe62cc073a0db4e","imageurl":"/mcm/images/land/2A/11670_1f99641b38d3.jpg","landname":"53"},{"id":281475015311564,"level":1,"status":1,"posx":24,"posy":15,"cityid":589,"townid":1280,"tokenid":"7cbc73d1061c7f46e8ac5e32dd0ae64c","tokenurl":"/mcm/api/land?token=7cbc73d1061c7f46e8ac5e32dd0ae64c","imageurl":"/mcm/images/land/2S/7785_42c7878da598.jpg","landname":"54"},{"id":281475015311565,"level":3,"status":1,"posx":33,"posy":15,"cityid":589,"townid":1280,"tokenid":"4b193b62e20a824b9beb2487ed58040d","tokenurl":"/mcm/api/land?token=4b193b62e20a824b9beb2487ed58040d","imageurl":"/mcm/images/land/2B/19453_1f886551d42b.jpg","landname":"55"},{"id":281475015311566,"level":3,"status":1,"posx":34,"posy":15,"cityid":589,"townid":1280,"tokenid":"a6efeda6c7338baccbeb7c2ff731182d","tokenurl":"/mcm/api/land?token=a6efeda6c7338baccbeb7c2ff731182d","imageurl":"/mcm/images/land/2B/19454_3425413c28e6.jpg","landname":"56"},{"id":281475015311567,"level":3,"status":1,"posx":11,"posy":16,"cityid":589,"townid":1280,"tokenid":"e8e1aad911163e0579ec4897759c142c","tokenurl":"/mcm/api/land?token=e8e1aad911163e0579ec4897759c142c","imageurl":"/mcm/images/land/2B/19455_4c54ac7fcdf5.jpg","landname":"57"},{"id":281475015311568,"level":3,"status":0,"posx":12,"posy":16,"cityid":589,"townid":1280,"tokenid":"dd36a0285de52a9e03b286161488594c","tokenurl":"/mcm/api/land?token=dd36a0285de52a9e03b286161488594c","imageurl":"/mcm/images/land/2B/19456_2ffb510023ec.jpg","landname":"58"},{"id":281475015311569,"level":1,"status":1,"posx":23,"posy":16,"cityid":589,"townid":1280,"tokenid":"9c8dfc67dda1ba5e5fb93503e1f59db9","tokenurl":"/mcm/api/land?token=9c8dfc67dda1ba5e5fb93503e1f59db9","imageurl":"/mcm/images/land/2S/7786_423b9be3c9ec.jpg","landname":"59"},{"id":281475015311570,"level":2,"status":1,"posx":24,"posy":16,"cityid":589,"townid":1280,"tokenid":"01d31a12a7c12155dce2b5ee359c9938","tokenurl":"/mcm/api/land?token=01d31a12a7c12155dce2b5ee359c9938","imageurl":"/mcm/images/land/2A/11671_25970768f37f.jpg","landname":"60"},{"id":281475015311571,"level":2,"status":0,"posx":33,"posy":16,"cityid":589,"townid":1280,"tokenid":"d6371e36f895b7a562317c118d1d8882","tokenurl":"/mcm/api/land?token=d6371e36f895b7a562317c118d1d8882","imageurl":"/mcm/images/land/2A/11672_32336a9fd733.jpg","landname":"61"},{"id":281475015311572,"level":2,"status":0,"posx":34,"posy":16,"cityid":589,"townid":1280,"tokenid":"c4df65ddd211f9e5fd674e2d3208f81b","tokenurl":"/mcm/api/land?token=c4df65ddd211f9e5fd674e2d3208f81b","imageurl":"/mcm/images/land/2A/11673_808f6c416d5.jpg","landname":"62"},{"id":281475015311573,"level":3,"status":0,"posx":11,"posy":17,"cityid":589,"townid":1280,"tokenid":"fc0c3ec875903ca18b99669dc504dcf9","tokenurl":"/mcm/api/land?token=fc0c3ec875903ca18b99669dc504dcf9","imageurl":"/mcm/images/land/2B/19457_10c212a1115f.jpg","landname":"63"},{"id":281475015311574,"level":3,"status":0,"posx":12,"posy":17,"cityid":589,"townid":1280,"tokenid":"ece23126593a8b1e8e4fdb45d50b87b8","tokenurl":"/mcm/api/land?token=ece23126593a8b1e8e4fdb45d50b87b8","imageurl":"/mcm/images/land/2B/19458_26309853385e.jpg","landname":"64"},{"id":281475015311575,"level":3,"status":1,"posx":23,"posy":17,"cityid":589,"townid":1280,"tokenid":"1cc93edc68bd5e9202e488e214b385a2","tokenurl":"/mcm/api/land?token=1cc93edc68bd5e9202e488e214b385a2","imageurl":"/mcm/images/land/2B/19459_48d305119606.jpg","landname":"65"},{"id":281475015311576,"level":1,"status":0,"posx":24,"posy":17,"cityid":589,"townid":1280,"tokenid":"2e8c61b3c639f445dc6a8d144efa61ec","tokenurl":"/mcm/api/land?token=2e8c61b3c639f445dc6a8d144efa61ec","imageurl":"/mcm/images/land/2S/7787_597ba6322ae7.jpg","landname":"66"},{"id":281475015311577,"level":2,"status":1,"posx":33,"posy":17,"cityid":589,"townid":1280,"tokenid":"2ee56cd41a182ad74e196b38bb0234c4","tokenurl":"/mcm/api/land?token=2ee56cd41a182ad74e196b38bb0234c4","imageurl":"/mcm/images/land/2A/11674_404cb7d24ef0.jpg","landname":"67"},{"id":281475015311578,"level":3,"status":0,"posx":34,"posy":17,"cityid":589,"townid":1280,"tokenid":"8dc5a538b812f82774d269a677736e26","tokenurl":"/mcm/api/land?token=8dc5a538b812f82774d269a677736e26","imageurl":"/mcm/images/land/2B/19460_3f743dfffafc.jpg","landname":"68"},{"id":281475015311579,"level":3,"status":0,"posx":7,"posy":18,"cityid":589,"townid":1280,"tokenid":"d17069ff36e1b6b25b3758f7558cc808","tokenurl":"/mcm/api/land?token=d17069ff36e1b6b25b3758f7558cc808","imageurl":"/mcm/images/land/2B/19461_3fb429dc18c.jpg","landname":"69"},{"id":281475015311580,"level":3,"status":0,"posx":8,"posy":18,"cityid":589,"townid":1280,"tokenid":"2d7d6774efde7fcdac8a3418bc4f5639","tokenurl":"/mcm/api/land?token=2d7d6774efde7fcdac8a3418bc4f5639","imageurl":"/mcm/images/land/2B/19462_e6e95e0488.jpg","landname":"70"},{"id":281475015311581,"level":3,"status":1,"posx":11,"posy":18,"cityid":589,"townid":1280,"tokenid":"062ee8fd0c940c39d2f234a4d865e43b","tokenurl":"/mcm/api/land?token=062ee8fd0c940c39d2f234a4d865e43b","imageurl":"/mcm/images/land/2B/19463_465db213f729.jpg","landname":"71"},{"id":281475015311582,"level":3,"status":1,"posx":12,"posy":18,"cityid":589,"townid":1280,"tokenid":"9b1ed146a6940054367f3691a71771f1","tokenurl":"/mcm/api/land?token=9b1ed146a6940054367f3691a71771f1","imageurl":"/mcm/images/land/2B/19464_2ac1d7f8f3d1.jpg","landname":"72"},{"id":281475015311583,"level":3,"status":0,"posx":23,"posy":18,"cityid":589,"townid":1280,"tokenid":"ddf858b8cf865fa055da9f499fad13f3","tokenurl":"/mcm/api/land?token=ddf858b8cf865fa055da9f499fad13f3","imageurl":"/mcm/images/land/2B/19465_2b0bd109d7b6.jpg","landname":"73"},{"id":281475015311584,"level":2,"status":1,"posx":24,"posy":18,"cityid":589,"townid":1280,"tokenid":"b929fd0d63cc9ede9fe527bcdaf2a0f1","tokenurl":"/mcm/api/land?token=b929fd0d63cc9ede9fe527bcdaf2a0f1","imageurl":"/mcm/images/land/2A/11675_3607d4299e6f.jpg","landname":"74"},{"id":281475015311585,"level":3,"status":0,"posx":33,"posy":18,"cityid":589,"townid":1280,"tokenid":"e226ef5a1e4edc49738c6ac23c4f27c3","tokenurl":"/mcm/api/land?token=e226ef5a1e4edc49738c6ac23c4f27c3","imageurl":"/mcm/images/land/2B/19466_3e02394f9888.jpg","landname":"75"},{"id":281475015311586,"level":3,"status":0,"posx":34,"posy":18,"cityid":589,"townid":1280,"tokenid":"26cfaac95f68bdd05b58477aede0fc3f","tokenurl":"/mcm/api/land?token=26cfaac95f68bdd05b58477aede0fc3f","imageurl":"/mcm/images/land/2B/19467_5372e873a4d.jpg","landname":"76"},{"id":281475015311587,"level":2,"status":0,"posx":7,"posy":19,"cityid":589,"townid":1280,"tokenid":"407939a773f8290e65fe175eafe71d30","tokenurl":"/mcm/api/land?token=407939a773f8290e65fe175eafe71d30","imageurl":"/mcm/images/land/2A/11676_4d824585e77a.jpg","landname":"77"},{"id":281475015311588,"level":2,"status":1,"posx":8,"posy":19,"cityid":589,"townid":1280,"tokenid":"87a7cfaab2a18fa3dcf3ee570259b0cc","tokenurl":"/mcm/api/land?token=87a7cfaab2a18fa3dcf3ee570259b0cc","imageurl":"/mcm/images/land/2A/11677_5b69ee7c272.jpg","landname":"78"},{"id":281475015311589,"level":2,"status":0,"posx":11,"posy":19,"cityid":589,"townid":1280,"tokenid":"64abcb758e5c6650bb674f116ff56698","tokenurl":"/mcm/api/land?token=64abcb758e5c6650bb674f116ff56698","imageurl":"/mcm/images/land/2A/11678_37027f9ee9dc.jpg","landname":"79"},{"id":281475015311590,"level":2,"status":0,"posx":12,"posy":19,"cityid":589,"townid":1280,"tokenid":"da101a5dc1d43b369ff8bf67fd0a1175","tokenurl":"/mcm/api/land?token=da101a5dc1d43b369ff8bf67fd0a1175","imageurl":"/mcm/images/land/2A/11679_4af426d0881.jpg","landname":"80"},{"id":281475015311591,"level":3,"status":1,"posx":33,"posy":19,"cityid":589,"townid":1280,"tokenid":"ef3d5c55e71b96bf4fa8db45b369fd8c","tokenurl":"/mcm/api/land?token=ef3d5c55e71b96bf4fa8db45b369fd8c","imageurl":"/mcm/images/land/2B/19468_11df1fbc178b.jpg","landname":"81"},{"id":281475015311592,"level":2,"status":0,"posx":34,"posy":19,"cityid":589,"townid":1280,"tokenid":"4b26d8c2014c1a8923812eef8aa119bb","tokenurl":"/mcm/api/land?token=4b26d8c2014c1a8923812eef8aa119bb","imageurl":"/mcm/images/land/2A/11680_39e8ba82e4d5.jpg","landname":"82"},{"id":281475015311593,"level":1,"status":0,"posx":7,"posy":20,"cityid":589,"townid":1280,"tokenid":"8acc3ccd5463f20822428c4e3c23a437","tokenurl":"/mcm/api/land?token=8acc3ccd5463f20822428c4e3c23a437","imageurl":"/mcm/images/land/2S/7788_56ed9ae91be2.jpg","landname":"83"},{"id":281475015311594,"level":1,"status":0,"posx":8,"posy":20,"cityid":589,"townid":1280,"tokenid":"edfe21c9ae3a459b58768c303cf6ad18","tokenurl":"/mcm/api/land?token=edfe21c9ae3a459b58768c303cf6ad18","imageurl":"/mcm/images/land/2S/7789_1fb9b1514129.jpg","landname":"84"},{"id":281475015311595,"level":3,"status":0,"posx":11,"posy":20,"cityid":589,"townid":1280,"tokenid":"68ceca6d41188e3fb0b9376735fa45ed","tokenurl":"/mcm/api/land?token=68ceca6d41188e3fb0b9376735fa45ed","imageurl":"/mcm/images/land/2B/19469_217e8488580.jpg","landname":"85"},{"id":281475015311596,"level":2,"status":1,"posx":12,"posy":20,"cityid":589,"townid":1280,"tokenid":"4ec9718d6d5642b6e72afaaa5cba5f2e","tokenurl":"/mcm/api/land?token=4ec9718d6d5642b6e72afaaa5cba5f2e","imageurl":"/mcm/images/land/2A/11681_b5083b9f6e2.jpg","landname":"86"},{"id":281475015311597,"level":2,"status":0,"posx":7,"posy":21,"cityid":589,"townid":1280,"tokenid":"6475a248820a2a108e50ebc53d772220","tokenurl":"/mcm/api/land?token=6475a248820a2a108e50ebc53d772220","imageurl":"/mcm/images/land/2A/11682_5a1bc8ceabe2.jpg","landname":"87"},{"id":281475015311598,"level":2,"status":1,"posx":8,"posy":21,"cityid":589,"townid":1280,"tokenid":"5119922383fadbe24697f2178e826569","tokenurl":"/mcm/api/land?token=5119922383fadbe24697f2178e826569","imageurl":"/mcm/images/land/2A/11683_44508c76b180.jpg","landname":"88"},{"id":281475015311599,"level":3,"status":0,"posx":26,"posy":21,"cityid":589,"townid":1280,"tokenid":"eda589abcdbafde69221a46b3b18073c","tokenurl":"/mcm/api/land?token=eda589abcdbafde69221a46b3b18073c","imageurl":"/mcm/images/land/2B/19470_39bfdd66baa5.jpg","landname":"89"},{"id":281475015311600,"level":3,"status":0,"posx":27,"posy":21,"cityid":589,"townid":1280,"tokenid":"d3ae386c57db75202f113a2395216862","tokenurl":"/mcm/api/land?token=d3ae386c57db75202f113a2395216862","imageurl":"/mcm/images/land/2B/19471_51148b537c80.jpg","landname":"90"},{"id":281475015311601,"level":2,"status":0,"posx":7,"posy":22,"cityid":589,"townid":1280,"tokenid":"11e1296e60e0223348c241f9bfe6a37b","tokenurl":"/mcm/api/land?token=11e1296e60e0223348c241f9bfe6a37b","imageurl":"/mcm/images/land/2A/11684_2e4fe46dc418.jpg","landname":"91"},{"id":281475015311602,"level":2,"status":1,"posx":8,"posy":22,"cityid":589,"townid":1280,"tokenid":"7d88e91d9153bfa22afc0ba5f3661645","tokenurl":"/mcm/api/land?token=7d88e91d9153bfa22afc0ba5f3661645","imageurl":"/mcm/images/land/2A/11685_36d65febdf6f.jpg","landname":"92"},{"id":281475015311603,"level":2,"status":0,"posx":23,"posy":22,"cityid":589,"townid":1280,"tokenid":"0b10db2525a61353082679d0ec361841","tokenurl":"/mcm/api/land?token=0b10db2525a61353082679d0ec361841","imageurl":"/mcm/images/land/2A/11686_4352c6f11537.jpg","landname":"93"},{"id":281475015311604,"level":3,"status":0,"posx":24,"posy":22,"cityid":589,"townid":1280,"tokenid":"fa70e53cb3489e3bae23ae3894df0c32","tokenurl":"/mcm/api/land?token=fa70e53cb3489e3bae23ae3894df0c32","imageurl":"/mcm/images/land/2B/19472_570ffd6be2ab.jpg","landname":"94"},{"id":281475015311605,"level":3,"status":1,"posx":26,"posy":22,"cityid":589,"townid":1280,"tokenid":"7124dbd51bda663dedbae9fe760aa4c1","tokenurl":"/mcm/api/land?token=7124dbd51bda663dedbae9fe760aa4c1","imageurl":"/mcm/images/land/2B/19473_3fc67c53188b.jpg","landname":"95"},{"id":281475015311606,"level":1,"status":1,"posx":27,"posy":22,"cityid":589,"townid":1280,"tokenid":"b4c013bc635c9095b9a572d393ea8473","tokenurl":"/mcm/api/land?token=b4c013bc635c9095b9a572d393ea8473","imageurl":"/mcm/images/land/2S/7790_22d485794998.jpg","landname":"96"},{"id":281475015311607,"level":3,"status":0,"posx":33,"posy":22,"cityid":589,"townid":1280,"tokenid":"472f4431e9ac0649439baf7b935edd27","tokenurl":"/mcm/api/land?token=472f4431e9ac0649439baf7b935edd27","imageurl":"/mcm/images/land/2B/19474_55bb06271e4b.jpg","landname":"97"},{"id":281475015311608,"level":3,"status":1,"posx":34,"posy":22,"cityid":589,"townid":1280,"tokenid":"539f7adb9566d9d046cb109f0126f078","tokenurl":"/mcm/api/land?token=539f7adb9566d9d046cb109f0126f078","imageurl":"/mcm/images/land/2B/19475_34a30e0feb69.jpg","landname":"98"},{"id":281475015311609,"level":3,"status":0,"posx":23,"posy":23,"cityid":589,"townid":1280,"tokenid":"ae0e97e409133a9c6bb6956a50412ac6","tokenurl":"/mcm/api/land?token=ae0e97e409133a9c6bb6956a50412ac6","imageurl":"/mcm/images/land/2B/19476_551df38ca2fa.jpg","landname":"99"},{"id":281475015311610,"level":3,"status":1,"posx":24,"posy":23,"cityid":589,"townid":1280,"tokenid":"a989f029464cffa94808a3c66b782055","tokenurl":"/mcm/api/land?token=a989f029464cffa94808a3c66b782055","imageurl":"/mcm/images/land/2B/19477_409a4a317f0e.jpg","landname":"100"},{"id":281475015311611,"level":3,"status":1,"posx":26,"posy":23,"cityid":589,"townid":1280,"tokenid":"07e4bf737198ad2408f6866dae6f4f1c","tokenurl":"/mcm/api/land?token=07e4bf737198ad2408f6866dae6f4f1c","imageurl":"/mcm/images/land/2B/19478_161b45f22995.jpg","landname":"101"},{"id":281475015311612,"level":2,"status":0,"posx":27,"posy":23,"cityid":589,"townid":1280,"tokenid":"05eee065e2be9323e3d016dec6ade1fd","tokenurl":"/mcm/api/land?token=05eee065e2be9323e3d016dec6ade1fd","imageurl":"/mcm/images/land/2A/11687_1a9c44aec89d.jpg","landname":"102"},{"id":281475015311613,"level":3,"status":0,"posx":33,"posy":23,"cityid":589,"townid":1280,"tokenid":"af903304287e9973fbc2231e6fea645c","tokenurl":"/mcm/api/land?token=af903304287e9973fbc2231e6fea645c","imageurl":"/mcm/images/land/2B/19479_1e141c0be44a.jpg","landname":"103"},{"id":281475015311614,"level":1,"status":1,"posx":34,"posy":23,"cityid":589,"townid":1280,"tokenid":"d03168bc4a1b670af974e517300b928f","tokenurl":"/mcm/api/land?token=d03168bc4a1b670af974e517300b928f","imageurl":"/mcm/images/land/2S/7791_44d341405a39.jpg","landname":"104"},{"id":281475015311615,"level":1,"status":0,"posx":23,"posy":24,"cityid":589,"townid":1280,"tokenid":"053f3ee4b343a44f5efda6a59fadd090","tokenurl":"/mcm/api/land?token=053f3ee4b343a44f5efda6a59fadd090","imageurl":"/mcm/images/land/2S/7792_280613887d78.jpg","landname":"105"},{"id":281475015311616,"level":2,"status":1,"posx":24,"posy":24,"cityid":589,"townid":1280,"tokenid":"e22ca90c3216945d099106482ecde048","tokenurl":"/mcm/api/land?token=e22ca90c3216945d099106482ecde048","imageurl":"/mcm/images/land/2A/11688_271374c9e3d5.jpg","landname":"106"},{"id":281475015311617,"level":3,"status":1,"posx":26,"posy":24,"cityid":589,"townid":1280,"tokenid":"e377828c44aa73968009b87acccaf3c4","tokenurl":"/mcm/api/land?token=e377828c44aa73968009b87acccaf3c4","imageurl":"/mcm/images/land/2B/19480_41c36ceb785a.jpg","landname":"107"},{"id":281475015311618,"level":1,"status":1,"posx":27,"posy":24,"cityid":589,"townid":1280,"tokenid":"4820c1e8a507a779686b389ddc71fd45","tokenurl":"/mcm/api/land?token=4820c1e8a507a779686b389ddc71fd45","imageurl":"/mcm/images/land/2S/7793_27ed55550486.jpg","landname":"108"},{"id":281475015311619,"level":2,"status":1,"posx":33,"posy":24,"cityid":589,"townid":1280,"tokenid":"a52aabd165873c51e592635092eef74a","tokenurl":"/mcm/api/land?token=a52aabd165873c51e592635092eef74a","imageurl":"/mcm/images/land/2A/11689_10807c92085d.jpg","landname":"109"},{"id":281475015311620,"level":3,"status":0,"posx":34,"posy":24,"cityid":589,"townid":1280,"tokenid":"aa3f4fe6cdfac7559f76181151ae69aa","tokenurl":"/mcm/api/land?token=aa3f4fe6cdfac7559f76181151ae69aa","imageurl":"/mcm/images/land/2B/19481_25d8729f5c72.jpg","landname":"110"},{"id":281475015311621,"level":2,"status":0,"posx":23,"posy":25,"cityid":589,"townid":1280,"tokenid":"abb39dbac2a0460f5ed964810a5e94bc","tokenurl":"/mcm/api/land?token=abb39dbac2a0460f5ed964810a5e94bc","imageurl":"/mcm/images/land/2A/11690_1db22132096.jpg","landname":"111"},{"id":281475015311622,"level":2,"status":0,"posx":24,"posy":25,"cityid":589,"townid":1280,"tokenid":"e0717d208a8f044d54422ae8e7ba3085","tokenurl":"/mcm/api/land?token=e0717d208a8f044d54422ae8e7ba3085","imageurl":"/mcm/images/land/2A/11691_3a86bd599b9a.jpg","landname":"112"},{"id":281475015311623,"level":3,"status":1,"posx":26,"posy":25,"cityid":589,"townid":1280,"tokenid":"8ae27c1cadcf49cd8e1134387afa9344","tokenurl":"/mcm/api/land?token=8ae27c1cadcf49cd8e1134387afa9344","imageurl":"/mcm/images/land/2B/19482_3281f7810efc.jpg","landname":"113"},{"id":281475015311624,"level":2,"status":0,"posx":27,"posy":25,"cityid":589,"townid":1280,"tokenid":"24c173eb776331b16f8b0db0d7f8727b","tokenurl":"/mcm/api/land?token=24c173eb776331b16f8b0db0d7f8727b","imageurl":"/mcm/images/land/2A/11692_35ee2c36f141.jpg","landname":"114"},{"id":281475015311625,"level":3,"status":1,"posx":33,"posy":25,"cityid":589,"townid":1280,"tokenid":"f4adf19675296fd5ef0290e89c9611f1","tokenurl":"/mcm/api/land?token=f4adf19675296fd5ef0290e89c9611f1","imageurl":"/mcm/images/land/2B/19483_24d7591647f7.jpg","landname":"115"},{"id":281475015311626,"level":2,"status":0,"posx":34,"posy":25,"cityid":589,"townid":1280,"tokenid":"b7641bf42826b41764a0ca8cd8da5fa4","tokenurl":"/mcm/api/land?token=b7641bf42826b41764a0ca8cd8da5fa4","imageurl":"/mcm/images/land/2A/11693_1eaf50520340.jpg","landname":"116"},{"id":281475015311627,"level":3,"status":1,"posx":23,"posy":26,"cityid":589,"townid":1280,"tokenid":"b36eeae0d2d955b4f35be7d6338b82dc","tokenurl":"/mcm/api/land?token=b36eeae0d2d955b4f35be7d6338b82dc","imageurl":"/mcm/images/land/2B/19484_43dfe11a54eb.jpg","landname":"117"},{"id":281475015311628,"level":3,"status":1,"posx":24,"posy":26,"cityid":589,"townid":1280,"tokenid":"5790138e45d8d82b570dc431e557e650","tokenurl":"/mcm/api/land?token=5790138e45d8d82b570dc431e557e650","imageurl":"/mcm/images/land/2B/19485_f38a593160a.jpg","landname":"118"},{"id":281475015311629,"level":3,"status":0,"posx":33,"posy":26,"cityid":589,"townid":1280,"tokenid":"650d7727831fa8f6728c6a2c1801c766","tokenurl":"/mcm/api/land?token=650d7727831fa8f6728c6a2c1801c766","imageurl":"/mcm/images/land/2B/19486_d11c629639e.jpg","landname":"119"},{"id":281475015311630,"level":3,"status":0,"posx":34,"posy":26,"cityid":589,"townid":1280,"tokenid":"f839a5bcfe22eaa1b74245500183036a","tokenurl":"/mcm/api/land?token=f839a5bcfe22eaa1b74245500183036a","imageurl":"/mcm/images/land/2B/19487_34583d6a4fc0.jpg","landname":"120"},{"id":281475015311631,"level":2,"status":0,"posx":31,"posy":27,"cityid":589,"townid":1280,"tokenid":"fd7f438029df65f7b153b18342433a2f","tokenurl":"/mcm/api/land?token=fd7f438029df65f7b153b18342433a2f","imageurl":"/mcm/images/land/2A/11694_1a1812e5f69a.jpg","landname":"121"},{"id":281475015311632,"level":3,"status":1,"posx":32,"posy":27,"cityid":589,"townid":1280,"tokenid":"6adb1c81185a599fa7af237331e1b3a1","tokenurl":"/mcm/api/land?token=6adb1c81185a599fa7af237331e1b3a1","imageurl":"/mcm/images/land/2B/19488_5641e6ca4ac4.jpg","landname":"122"},{"id":281475015311633,"level":1,"status":1,"posx":6,"posy":28,"cityid":589,"townid":1280,"tokenid":"2587a65aeb14dd6ada4cc0310c68cdca","tokenurl":"/mcm/api/land?token=2587a65aeb14dd6ada4cc0310c68cdca","imageurl":"/mcm/images/land/2S/7794_426dfc3eb68a.jpg","landname":"123"},{"id":281475015311634,"level":2,"status":1,"posx":7,"posy":28,"cityid":589,"townid":1280,"tokenid":"7b05fa3faa52302bee3c5bc8d1d34883","tokenurl":"/mcm/api/land?token=7b05fa3faa52302bee3c5bc8d1d34883","imageurl":"/mcm/images/land/2A/11695_594d9e4ce649.jpg","landname":"124"},{"id":281475015311635,"level":3,"status":0,"posx":9,"posy":28,"cityid":589,"townid":1280,"tokenid":"693e0df9c2d3f73db972cb718ace1a4d","tokenurl":"/mcm/api/land?token=693e0df9c2d3f73db972cb718ace1a4d","imageurl":"/mcm/images/land/2B/19489_2a9ea1acb7ea.jpg","landname":"125"},{"id":281475015311636,"level":3,"status":1,"posx":10,"posy":28,"cityid":589,"townid":1280,"tokenid":"983cb4affe6ca1387c35cb7ca9076b02","tokenurl":"/mcm/api/land?token=983cb4affe6ca1387c35cb7ca9076b02","imageurl":"/mcm/images/land/2B/19490_cc83c9efe38.jpg","landname":"126"},{"id":281475015311637,"level":3,"status":1,"posx":31,"posy":28,"cityid":589,"townid":1280,"tokenid":"0fb18e59d8aea8c06e53a012bc6d8a8b","tokenurl":"/mcm/api/land?token=0fb18e59d8aea8c06e53a012bc6d8a8b","imageurl":"/mcm/images/land/2B/19491_33446c84906f.jpg","landname":"127"},{"id":281475015311638,"level":3,"status":0,"posx":32,"posy":28,"cityid":589,"townid":1280,"tokenid":"1147b9b65479c630b51c7ae7347740eb","tokenurl":"/mcm/api/land?token=1147b9b65479c630b51c7ae7347740eb","imageurl":"/mcm/images/land/2B/19492_25eccd5195bf.jpg","landname":"128"},{"id":281475015311639,"level":3,"status":1,"posx":6,"posy":29,"cityid":589,"townid":1280,"tokenid":"bbb62cf7f626049eb5eb01584f189985","tokenurl":"/mcm/api/land?token=bbb62cf7f626049eb5eb01584f189985","imageurl":"/mcm/images/land/2B/19493_1daf3d185e20.jpg","landname":"129"},{"id":281475015311640,"level":2,"status":0,"posx":7,"posy":29,"cityid":589,"townid":1280,"tokenid":"f5d2781ee6e759dede7013939c36687c","tokenurl":"/mcm/api/land?token=f5d2781ee6e759dede7013939c36687c","imageurl":"/mcm/images/land/2A/11696_31f207bef636.jpg","landname":"130"},{"id":281475015311641,"level":2,"status":0,"posx":9,"posy":29,"cityid":589,"townid":1280,"tokenid":"416aa460e5ae095a2d5efcfdabf10576","tokenurl":"/mcm/api/land?token=416aa460e5ae095a2d5efcfdabf10576","imageurl":"/mcm/images/land/2A/11697_3d224b91ec55.jpg","landname":"131"},{"id":281475015311642,"level":2,"status":0,"posx":10,"posy":29,"cityid":589,"townid":1280,"tokenid":"59625978c8ef0c0387bbf42ca34ad69e","tokenurl":"/mcm/api/land?token=59625978c8ef0c0387bbf42ca34ad69e","imageurl":"/mcm/images/land/2A/11698_436de3192e85.jpg","landname":"132"},{"id":281475015311643,"level":3,"status":1,"posx":31,"posy":29,"cityid":589,"townid":1280,"tokenid":"5ca5b399d6831794701cd017036f4923","tokenurl":"/mcm/api/land?token=5ca5b399d6831794701cd017036f4923","imageurl":"/mcm/images/land/2B/19494_1b9b4372bfb3.jpg","landname":"133"},{"id":281475015311644,"level":3,"status":0,"posx":32,"posy":29,"cityid":589,"townid":1280,"tokenid":"2afe7b637fe9c6a6b28d2443e367b629","tokenurl":"/mcm/api/land?token=2afe7b637fe9c6a6b28d2443e367b629","imageurl":"/mcm/images/land/2B/19495_1fb5341807d9.jpg","landname":"134"},{"id":281475015311645,"level":3,"status":0,"posx":6,"posy":30,"cityid":589,"townid":1280,"tokenid":"ae305cf41a7038422c59b01485a0349f","tokenurl":"/mcm/api/land?token=ae305cf41a7038422c59b01485a0349f","imageurl":"/mcm/images/land/2B/19496_17554e66210b.jpg","landname":"135"},{"id":281475015311646,"level":1,"status":1,"posx":7,"posy":30,"cityid":589,"townid":1280,"tokenid":"26f085f8441ed920a9c6f46eea16b089","tokenurl":"/mcm/api/land?token=26f085f8441ed920a9c6f46eea16b089","imageurl":"/mcm/images/land/2S/7795_6da736e6758.jpg","landname":"136"},{"id":281475015311647,"level":1,"status":0,"posx":9,"posy":30,"cityid":589,"townid":1280,"tokenid":"6bce1a8607071660e560742b27e2f561","tokenurl":"/mcm/api/land?token=6bce1a8607071660e560742b27e2f561","imageurl":"/mcm/images/land/2S/7796_bb2eb44008c.jpg","landname":"137"},{"id":281475015311648,"level":1,"status":1,"posx":10,"posy":30,"cityid":589,"townid":1280,"tokenid":"fda309651db664ba618b77d6e3f481de","tokenurl":"/mcm/api/land?token=fda309651db664ba618b77d6e3f481de","imageurl":"/mcm/images/land/2S/7797_5386ec5b70a0.jpg","landname":"138"},{"id":281475015311649,"level":1,"status":0,"posx":31,"posy":30,"cityid":589,"townid":1280,"tokenid":"06106879ac0f082fb1111f7b03ce5bcc","tokenurl":"/mcm/api/land?token=06106879ac0f082fb1111f7b03ce5bcc","imageurl":"/mcm/images/land/2S/7798_21530c6c6fcd.jpg","landname":"139"},{"id":281475015311650,"level":3,"status":1,"posx":32,"posy":30,"cityid":589,"townid":1280,"tokenid":"94bf9e38d274fe45988b1b43bc9708b1","tokenurl":"/mcm/api/land?token=94bf9e38d274fe45988b1b43bc9708b1","imageurl":"/mcm/images/land/2B/19497_1551474dcd0e.jpg","landname":"140"},{"id":281475015311651,"level":3,"status":1,"posx":6,"posy":31,"cityid":589,"townid":1280,"tokenid":"f63dc5e4465fbf87e10569ef42277673","tokenurl":"/mcm/api/land?token=f63dc5e4465fbf87e10569ef42277673","imageurl":"/mcm/images/land/2B/19498_4b2639713816.jpg","landname":"141"},{"id":281475015311652,"level":2,"status":1,"posx":7,"posy":31,"cityid":589,"townid":1280,"tokenid":"30e504b42111d396756bc4e2d32d7c97","tokenurl":"/mcm/api/land?token=30e504b42111d396756bc4e2d32d7c97","imageurl":"/mcm/images/land/2A/11699_1c8069639ddd.jpg","landname":"142"},{"id":281475015311653,"level":3,"status":0,"posx":9,"posy":31,"cityid":589,"townid":1280,"tokenid":"84cb6904fd4b10b8a252a2588e3c217b","tokenurl":"/mcm/api/land?token=84cb6904fd4b10b8a252a2588e3c217b","imageurl":"/mcm/images/land/2B/19499_244adff8a1a0.jpg","landname":"143"},{"id":281475015311654,"level":1,"status":1,"posx":10,"posy":31,"cityid":589,"townid":1280,"tokenid":"3ac1368ce3d9912d6964dac9d56da634","tokenurl":"/mcm/api/land?token=3ac1368ce3d9912d6964dac9d56da634","imageurl":"/mcm/images/land/2S/7799_9532264300d.jpg","landname":"144"},{"id":281475015311655,"level":1,"status":1,"posx":31,"posy":31,"cityid":589,"townid":1280,"tokenid":"8d2875b43f4f0616940929ae6defaabe","tokenurl":"/mcm/api/land?token=8d2875b43f4f0616940929ae6defaabe","imageurl":"/mcm/images/land/2S/7800_1ab1a8fc7f91.jpg","landname":"145"},{"id":281475015311656,"level":2,"status":1,"posx":32,"posy":31,"cityid":589,"townid":1280,"tokenid":"03174c80cec872249486a14cdb9ff8b4","tokenurl":"/mcm/api/land?token=03174c80cec872249486a14cdb9ff8b4","imageurl":"/mcm/images/land/2A/11700_1d3c50e8865f.jpg","landname":"146"},{"id":281475015311657,"level":3,"status":0,"posx":6,"posy":32,"cityid":589,"townid":1280,"tokenid":"f0af2f9e720b6c314253fe92393650a5","tokenurl":"/mcm/api/land?token=f0af2f9e720b6c314253fe92393650a5","imageurl":"/mcm/images/land/2B/19500_4d1871ad8ad1.jpg","landname":"147"},{"id":281475015311658,"level":3,"status":1,"posx":7,"posy":32,"cityid":589,"townid":1280,"tokenid":"249f1e71ff718252e54369599e4a2ee8","tokenurl":"/mcm/api/land?token=249f1e71ff718252e54369599e4a2ee8","imageurl":"/mcm/images/land/2B/19501_1c541de8ba5f.jpg","landname":"148"},{"id":281475015311659,"level":2,"status":0,"posx":9,"posy":32,"cityid":589,"townid":1280,"tokenid":"04ddc1aae3e72339c742dfaaac96010f","tokenurl":"/mcm/api/land?token=04ddc1aae3e72339c742dfaaac96010f","imageurl":"/mcm/images/land/2A/11701_1699b3c22016.jpg","landname":"149"},{"id":281475015311660,"level":1,"status":1,"posx":10,"posy":32,"cityid":589,"townid":1280,"tokenid":"ab535f44ea1d0077f69112eb097cebe3","tokenurl":"/mcm/api/land?token=ab535f44ea1d0077f69112eb097cebe3","imageurl":"/mcm/images/land/2S/7801_5582435b8447.jpg","landname":"150"}]]],0,0,[],[],[]]
