[1,0,0,[["cc.JsonAsset",["_name","json"],1]],[[0,0,1,3]],[[0,"1292",[{"id":281475015704727,"level":3,"status":1,"posx":15,"posy":5,"cityid":595,"townid":1292,"tokenid":"743234f270310afc4c53049a73804737","tokenurl":"/mcm/api/land?token=743234f270310afc4c53049a73804737","imageurl":"/mcm/images/land/2B/20327_26370a4eb414.jpg","landname":"1"},{"id":281475015704728,"level":3,"status":1,"posx":16,"posy":5,"cityid":595,"townid":1292,"tokenid":"abada3520ee438bcdea9434e3d0425b2","tokenurl":"/mcm/api/land?token=abada3520ee438bcdea9434e3d0425b2","imageurl":"/mcm/images/land/2B/20328_159dcd5b386c.jpg","landname":"2"},{"id":281475015704729,"level":1,"status":0,"posx":25,"posy":5,"cityid":595,"townid":1292,"tokenid":"d64d8e3a3e059ad5a755d9c257c1cc5c","tokenurl":"/mcm/api/land?token=d64d8e3a3e059ad5a755d9c257c1cc5c","imageurl":"/mcm/images/land/2S/8132_14303ab0b1d.jpg","landname":"3"},{"id":281475015704730,"level":3,"status":1,"posx":26,"posy":5,"cityid":595,"townid":1292,"tokenid":"b451117af2e327cad070b1678a174b82","tokenurl":"/mcm/api/land?token=b451117af2e327cad070b1678a174b82","imageurl":"/mcm/images/land/2B/20329_38899f97bb10.jpg","landname":"4"},{"id":281475015704731,"level":3,"status":1,"posx":6,"posy":6,"cityid":595,"townid":1292,"tokenid":"5fe63d3b785e9f1fb273f68e33faac84","tokenurl":"/mcm/api/land?token=5fe63d3b785e9f1fb273f68e33faac84","imageurl":"/mcm/images/land/2B/20330_1ee4ac43de3f.jpg","landname":"5"},{"id":281475015704732,"level":3,"status":1,"posx":7,"posy":6,"cityid":595,"townid":1292,"tokenid":"18647486561dfb9b199cd9e6d352180a","tokenurl":"/mcm/api/land?token=18647486561dfb9b199cd9e6d352180a","imageurl":"/mcm/images/land/2B/20331_13bc3c4c0c76.jpg","landname":"6"},{"id":281475015704733,"level":3,"status":1,"posx":15,"posy":6,"cityid":595,"townid":1292,"tokenid":"178d6370543a6a6427cdccc0e8c31313","tokenurl":"/mcm/api/land?token=178d6370543a6a6427cdccc0e8c31313","imageurl":"/mcm/images/land/2B/20332_242849fa57a8.jpg","landname":"7"},{"id":281475015704734,"level":1,"status":1,"posx":16,"posy":6,"cityid":595,"townid":1292,"tokenid":"46c3fe95becf2384e5000b58145f7831","tokenurl":"/mcm/api/land?token=46c3fe95becf2384e5000b58145f7831","imageurl":"/mcm/images/land/2S/8133_4bffefde31cb.jpg","landname":"8"},{"id":281475015704735,"level":2,"status":1,"posx":25,"posy":6,"cityid":595,"townid":1292,"tokenid":"6b4d73b8339a6b27bd624b28ce1762c2","tokenurl":"/mcm/api/land?token=6b4d73b8339a6b27bd624b28ce1762c2","imageurl":"/mcm/images/land/2A/12197_59ab5e6e26f3.jpg","landname":"9"},{"id":281475015704736,"level":1,"status":1,"posx":26,"posy":6,"cityid":595,"townid":1292,"tokenid":"ec53bbecd9bd2d0860667f602b9b2fba","tokenurl":"/mcm/api/land?token=ec53bbecd9bd2d0860667f602b9b2fba","imageurl":"/mcm/images/land/2S/8134_4ce974222096.jpg","landname":"10"},{"id":281475015704737,"level":2,"status":1,"posx":30,"posy":6,"cityid":595,"townid":1292,"tokenid":"01d5fc31ed8fc940c4c87ae6b825849e","tokenurl":"/mcm/api/land?token=01d5fc31ed8fc940c4c87ae6b825849e","imageurl":"/mcm/images/land/2A/12198_10bf71a36fc3.jpg","landname":"11"},{"id":281475015704738,"level":3,"status":0,"posx":31,"posy":6,"cityid":595,"townid":1292,"tokenid":"c7c3553a4bfde835eb408adf269ae776","tokenurl":"/mcm/api/land?token=c7c3553a4bfde835eb408adf269ae776","imageurl":"/mcm/images/land/2B/20333_11e85d98495c.jpg","landname":"12"},{"id":281475015704739,"level":3,"status":1,"posx":33,"posy":6,"cityid":595,"townid":1292,"tokenid":"c7d16dbe5d3c752d6b5569fff4f98e7c","tokenurl":"/mcm/api/land?token=c7d16dbe5d3c752d6b5569fff4f98e7c","imageurl":"/mcm/images/land/2B/20334_5699a3f4c399.jpg","landname":"13"},{"id":281475015704740,"level":3,"status":1,"posx":34,"posy":6,"cityid":595,"townid":1292,"tokenid":"dafdd3e15a5af0bc5ab186d95fadafd5","tokenurl":"/mcm/api/land?token=dafdd3e15a5af0bc5ab186d95fadafd5","imageurl":"/mcm/images/land/2B/20335_4d71da7f1554.jpg","landname":"14"},{"id":281475015704741,"level":1,"status":1,"posx":6,"posy":7,"cityid":595,"townid":1292,"tokenid":"58e9a3f83a7906496dfcb51df133e1c0","tokenurl":"/mcm/api/land?token=58e9a3f83a7906496dfcb51df133e1c0","imageurl":"/mcm/images/land/2S/8135_1c4e014343bb.jpg","landname":"15"},{"id":281475015704742,"level":2,"status":0,"posx":7,"posy":7,"cityid":595,"townid":1292,"tokenid":"d02bbe548b7451592e9581612e37146b","tokenurl":"/mcm/api/land?token=d02bbe548b7451592e9581612e37146b","imageurl":"/mcm/images/land/2A/12199_115607a7220.jpg","landname":"16"},{"id":281475015704743,"level":1,"status":1,"posx":15,"posy":7,"cityid":595,"townid":1292,"tokenid":"fe9891d1ed02de55d1039a6f884508a9","tokenurl":"/mcm/api/land?token=fe9891d1ed02de55d1039a6f884508a9","imageurl":"/mcm/images/land/2S/8136_51c4050da235.jpg","landname":"17"},{"id":281475015704744,"level":3,"status":0,"posx":16,"posy":7,"cityid":595,"townid":1292,"tokenid":"7b94518afd2283b4b55ee85e9d6ba222","tokenurl":"/mcm/api/land?token=7b94518afd2283b4b55ee85e9d6ba222","imageurl":"/mcm/images/land/2B/20336_204bcb720438.jpg","landname":"18"},{"id":281475015704745,"level":3,"status":0,"posx":21,"posy":7,"cityid":595,"townid":1292,"tokenid":"e238a4b5f56c26661a49ab312ab4a8f0","tokenurl":"/mcm/api/land?token=e238a4b5f56c26661a49ab312ab4a8f0","imageurl":"/mcm/images/land/2B/20337_3edf41e33e66.jpg","landname":"19"},{"id":281475015704746,"level":1,"status":1,"posx":22,"posy":7,"cityid":595,"townid":1292,"tokenid":"6ad042a78a8610c41722d354ddcce294","tokenurl":"/mcm/api/land?token=6ad042a78a8610c41722d354ddcce294","imageurl":"/mcm/images/land/2S/8137_13318b6cdadd.jpg","landname":"20"},{"id":281475015704747,"level":3,"status":1,"posx":25,"posy":7,"cityid":595,"townid":1292,"tokenid":"e1aeb4fc18e4bd1691e2da8892e78a01","tokenurl":"/mcm/api/land?token=e1aeb4fc18e4bd1691e2da8892e78a01","imageurl":"/mcm/images/land/2B/20338_2b2840097fd0.jpg","landname":"21"},{"id":281475015704748,"level":3,"status":1,"posx":26,"posy":7,"cityid":595,"townid":1292,"tokenid":"7db59bed61f5aa021f44464390aea6ca","tokenurl":"/mcm/api/land?token=7db59bed61f5aa021f44464390aea6ca","imageurl":"/mcm/images/land/2B/20339_3c44aeaf42b4.jpg","landname":"22"},{"id":281475015704749,"level":1,"status":1,"posx":30,"posy":7,"cityid":595,"townid":1292,"tokenid":"28585a684ec58b7e819d4017eab35678","tokenurl":"/mcm/api/land?token=28585a684ec58b7e819d4017eab35678","imageurl":"/mcm/images/land/2S/8138_4b8cc3967868.jpg","landname":"23"},{"id":281475015704750,"level":3,"status":1,"posx":31,"posy":7,"cityid":595,"townid":1292,"tokenid":"975fe9c371f7fdc328d38440073e130a","tokenurl":"/mcm/api/land?token=975fe9c371f7fdc328d38440073e130a","imageurl":"/mcm/images/land/2B/20340_7cd686ee1a0.jpg","landname":"24"},{"id":281475015704751,"level":2,"status":1,"posx":33,"posy":7,"cityid":595,"townid":1292,"tokenid":"afe75e70cb191934e171f46f2cad8487","tokenurl":"/mcm/api/land?token=afe75e70cb191934e171f46f2cad8487","imageurl":"/mcm/images/land/2A/12200_3fc8b623bf64.jpg","landname":"25"},{"id":281475015704752,"level":3,"status":0,"posx":34,"posy":7,"cityid":595,"townid":1292,"tokenid":"a614eccb03f2b43f2ac87fd7e8241e84","tokenurl":"/mcm/api/land?token=a614eccb03f2b43f2ac87fd7e8241e84","imageurl":"/mcm/images/land/2B/20341_2cd2a9740a01.jpg","landname":"26"},{"id":281475015704753,"level":3,"status":1,"posx":6,"posy":8,"cityid":595,"townid":1292,"tokenid":"9c10da21124b4f4cd2fe6946ddd98dc1","tokenurl":"/mcm/api/land?token=9c10da21124b4f4cd2fe6946ddd98dc1","imageurl":"/mcm/images/land/2B/20342_447c3b52858d.jpg","landname":"27"},{"id":281475015704754,"level":3,"status":0,"posx":7,"posy":8,"cityid":595,"townid":1292,"tokenid":"f8e7662c3c86f169da3866b97aa3dcc4","tokenurl":"/mcm/api/land?token=f8e7662c3c86f169da3866b97aa3dcc4","imageurl":"/mcm/images/land/2B/20343_3a3a8038d1e6.jpg","landname":"28"},{"id":281475015704755,"level":3,"status":1,"posx":15,"posy":8,"cityid":595,"townid":1292,"tokenid":"1bc0570edb89c5fa9a0093b56b6b70f2","tokenurl":"/mcm/api/land?token=1bc0570edb89c5fa9a0093b56b6b70f2","imageurl":"/mcm/images/land/2B/20344_26d3e78afda2.jpg","landname":"29"},{"id":281475015704756,"level":2,"status":1,"posx":16,"posy":8,"cityid":595,"townid":1292,"tokenid":"205c9bcf02e232b131c12b7b3df8021a","tokenurl":"/mcm/api/land?token=205c9bcf02e232b131c12b7b3df8021a","imageurl":"/mcm/images/land/2A/12201_34fadabe6b3f.jpg","landname":"30"},{"id":281475015704757,"level":2,"status":1,"posx":21,"posy":8,"cityid":595,"townid":1292,"tokenid":"d978922bbeda9587e6834a9633e3e430","tokenurl":"/mcm/api/land?token=d978922bbeda9587e6834a9633e3e430","imageurl":"/mcm/images/land/2A/12202_222ad888e970.jpg","landname":"31"},{"id":281475015704758,"level":3,"status":1,"posx":22,"posy":8,"cityid":595,"townid":1292,"tokenid":"3984d7ee526ceda696b8b0facc003480","tokenurl":"/mcm/api/land?token=3984d7ee526ceda696b8b0facc003480","imageurl":"/mcm/images/land/2B/20345_fb40343a6f7.jpg","landname":"32"},{"id":281475015704759,"level":2,"status":0,"posx":25,"posy":8,"cityid":595,"townid":1292,"tokenid":"f5cc6d0094a022704e1df054863a35e6","tokenurl":"/mcm/api/land?token=f5cc6d0094a022704e1df054863a35e6","imageurl":"/mcm/images/land/2A/12203_34fc69cb8283.jpg","landname":"33"},{"id":281475015704760,"level":1,"status":1,"posx":26,"posy":8,"cityid":595,"townid":1292,"tokenid":"a08b4263b09df9e0f8901fdafa5d0fba","tokenurl":"/mcm/api/land?token=a08b4263b09df9e0f8901fdafa5d0fba","imageurl":"/mcm/images/land/2S/8139_2b6cb0767d75.jpg","landname":"34"},{"id":281475015704761,"level":3,"status":0,"posx":30,"posy":8,"cityid":595,"townid":1292,"tokenid":"2372b758f7b2d39eb6a22036fbdb58ec","tokenurl":"/mcm/api/land?token=2372b758f7b2d39eb6a22036fbdb58ec","imageurl":"/mcm/images/land/2B/20346_4f97184976e.jpg","landname":"35"},{"id":281475015704762,"level":1,"status":1,"posx":31,"posy":8,"cityid":595,"townid":1292,"tokenid":"584b352b16b0c3a72a759a7ff651af10","tokenurl":"/mcm/api/land?token=584b352b16b0c3a72a759a7ff651af10","imageurl":"/mcm/images/land/2S/8140_3af90fdcedd2.jpg","landname":"36"},{"id":281475015704763,"level":2,"status":0,"posx":33,"posy":8,"cityid":595,"townid":1292,"tokenid":"6a1c96205b96e8c8638d1806768a4800","tokenurl":"/mcm/api/land?token=6a1c96205b96e8c8638d1806768a4800","imageurl":"/mcm/images/land/2A/12204_2ceeac90ab02.jpg","landname":"37"},{"id":281475015704764,"level":3,"status":0,"posx":34,"posy":8,"cityid":595,"townid":1292,"tokenid":"c72edd27f0f064bdc4ac4417a3bc1177","tokenurl":"/mcm/api/land?token=c72edd27f0f064bdc4ac4417a3bc1177","imageurl":"/mcm/images/land/2B/20347_3db09bb6b7c2.jpg","landname":"38"},{"id":281475015704765,"level":2,"status":1,"posx":6,"posy":9,"cityid":595,"townid":1292,"tokenid":"ed4a73e8b6acd329c4d8bd95f74859e8","tokenurl":"/mcm/api/land?token=ed4a73e8b6acd329c4d8bd95f74859e8","imageurl":"/mcm/images/land/2A/12205_57b568679ea0.jpg","landname":"39"},{"id":281475015704766,"level":1,"status":0,"posx":7,"posy":9,"cityid":595,"townid":1292,"tokenid":"4aefd30d95c4804cb0869fffa45e2665","tokenurl":"/mcm/api/land?token=4aefd30d95c4804cb0869fffa45e2665","imageurl":"/mcm/images/land/2S/8141_34bf76e70e0c.jpg","landname":"40"},{"id":281475015704767,"level":1,"status":0,"posx":15,"posy":9,"cityid":595,"townid":1292,"tokenid":"eb146fbb29fbc73f3150f2e4e71d6dd2","tokenurl":"/mcm/api/land?token=eb146fbb29fbc73f3150f2e4e71d6dd2","imageurl":"/mcm/images/land/2S/8142_ef2509ff936.jpg","landname":"41"},{"id":281475015704768,"level":1,"status":0,"posx":16,"posy":9,"cityid":595,"townid":1292,"tokenid":"42aa15e629789990e4a51a13d27e2380","tokenurl":"/mcm/api/land?token=42aa15e629789990e4a51a13d27e2380","imageurl":"/mcm/images/land/2S/8143_58e243093499.jpg","landname":"42"},{"id":281475015704769,"level":2,"status":0,"posx":21,"posy":9,"cityid":595,"townid":1292,"tokenid":"1692a208907b89ef2f32f5ef3045312d","tokenurl":"/mcm/api/land?token=1692a208907b89ef2f32f5ef3045312d","imageurl":"/mcm/images/land/2A/12206_7da68db89b8.jpg","landname":"43"},{"id":281475015704770,"level":3,"status":0,"posx":22,"posy":9,"cityid":595,"townid":1292,"tokenid":"eeca0005e9c3567a3866a2733c09db69","tokenurl":"/mcm/api/land?token=eeca0005e9c3567a3866a2733c09db69","imageurl":"/mcm/images/land/2B/20348_23093e58a04.jpg","landname":"44"},{"id":281475015704771,"level":2,"status":0,"posx":25,"posy":9,"cityid":595,"townid":1292,"tokenid":"ebf04020b0a9ba8f7e53456f59bc5447","tokenurl":"/mcm/api/land?token=ebf04020b0a9ba8f7e53456f59bc5447","imageurl":"/mcm/images/land/2A/12207_40aad22aad66.jpg","landname":"45"},{"id":281475015704772,"level":1,"status":0,"posx":26,"posy":9,"cityid":595,"townid":1292,"tokenid":"3faa75cf868101e92782c88bf6675ec0","tokenurl":"/mcm/api/land?token=3faa75cf868101e92782c88bf6675ec0","imageurl":"/mcm/images/land/2S/8144_17ae68aad0bf.jpg","landname":"46"},{"id":281475015704773,"level":1,"status":1,"posx":30,"posy":9,"cityid":595,"townid":1292,"tokenid":"2ca4b664d8c09bc9b80760cbba333819","tokenurl":"/mcm/api/land?token=2ca4b664d8c09bc9b80760cbba333819","imageurl":"/mcm/images/land/2S/8145_25b85ede497.jpg","landname":"47"},{"id":281475015704774,"level":3,"status":0,"posx":31,"posy":9,"cityid":595,"townid":1292,"tokenid":"75d6259f6e0a5d1998ef589b138093ea","tokenurl":"/mcm/api/land?token=75d6259f6e0a5d1998ef589b138093ea","imageurl":"/mcm/images/land/2B/20349_491fe22bac15.jpg","landname":"48"},{"id":281475015704775,"level":3,"status":1,"posx":33,"posy":9,"cityid":595,"townid":1292,"tokenid":"c081a2ad1a471fe0e974bff6290a9430","tokenurl":"/mcm/api/land?token=c081a2ad1a471fe0e974bff6290a9430","imageurl":"/mcm/images/land/2B/20350_4b7cbd1df43e.jpg","landname":"49"},{"id":281475015704776,"level":3,"status":1,"posx":34,"posy":9,"cityid":595,"townid":1292,"tokenid":"28cf786c093f5d76f0539f4d92ec79df","tokenurl":"/mcm/api/land?token=28cf786c093f5d76f0539f4d92ec79df","imageurl":"/mcm/images/land/2B/20351_4b7256ed07ae.jpg","landname":"50"},{"id":281475015704777,"level":3,"status":0,"posx":6,"posy":10,"cityid":595,"townid":1292,"tokenid":"52752b96bef9c3e9e0689b97bf94cae3","tokenurl":"/mcm/api/land?token=52752b96bef9c3e9e0689b97bf94cae3","imageurl":"/mcm/images/land/2B/20352_404ef0d27a5e.jpg","landname":"51"},{"id":281475015704778,"level":3,"status":1,"posx":7,"posy":10,"cityid":595,"townid":1292,"tokenid":"5d716f2839ea20d17861b9533ad0a159","tokenurl":"/mcm/api/land?token=5d716f2839ea20d17861b9533ad0a159","imageurl":"/mcm/images/land/2B/20353_3b084080317.jpg","landname":"52"},{"id":281475015704779,"level":2,"status":0,"posx":11,"posy":10,"cityid":595,"townid":1292,"tokenid":"936412764ed646617047142cf67a173f","tokenurl":"/mcm/api/land?token=936412764ed646617047142cf67a173f","imageurl":"/mcm/images/land/2A/12208_49a0d54d152b.jpg","landname":"53"},{"id":281475015704780,"level":3,"status":0,"posx":12,"posy":10,"cityid":595,"townid":1292,"tokenid":"0b4515dcaab39190727820d5496a9e76","tokenurl":"/mcm/api/land?token=0b4515dcaab39190727820d5496a9e76","imageurl":"/mcm/images/land/2B/20354_140ca8fe2f87.jpg","landname":"54"},{"id":281475015704781,"level":3,"status":0,"posx":21,"posy":10,"cityid":595,"townid":1292,"tokenid":"681b28b2ec3e8bf147152c37b05f1cba","tokenurl":"/mcm/api/land?token=681b28b2ec3e8bf147152c37b05f1cba","imageurl":"/mcm/images/land/2B/20355_4248b0d70d91.jpg","landname":"55"},{"id":281475015704782,"level":2,"status":0,"posx":22,"posy":10,"cityid":595,"townid":1292,"tokenid":"e055c633c510820170b73429e7437e75","tokenurl":"/mcm/api/land?token=e055c633c510820170b73429e7437e75","imageurl":"/mcm/images/land/2A/12209_1f7162bb368.jpg","landname":"56"},{"id":281475015704783,"level":3,"status":1,"posx":30,"posy":10,"cityid":595,"townid":1292,"tokenid":"784bab5675152067cd696106c60c8bb1","tokenurl":"/mcm/api/land?token=784bab5675152067cd696106c60c8bb1","imageurl":"/mcm/images/land/2B/20356_2cecfce76aec.jpg","landname":"57"},{"id":281475015704784,"level":2,"status":1,"posx":31,"posy":10,"cityid":595,"townid":1292,"tokenid":"a4ec0cf3da040a82aafcb26176e718d1","tokenurl":"/mcm/api/land?token=a4ec0cf3da040a82aafcb26176e718d1","imageurl":"/mcm/images/land/2A/12210_584574b5584d.jpg","landname":"58"},{"id":281475015704785,"level":2,"status":0,"posx":33,"posy":10,"cityid":595,"townid":1292,"tokenid":"6046b77a47bd4051eaaf938878ea8297","tokenurl":"/mcm/api/land?token=6046b77a47bd4051eaaf938878ea8297","imageurl":"/mcm/images/land/2A/12211_34d8f35a9098.jpg","landname":"59"},{"id":281475015704786,"level":2,"status":1,"posx":34,"posy":10,"cityid":595,"townid":1292,"tokenid":"679df3325b33d43ae6cf7d5b1fedb614","tokenurl":"/mcm/api/land?token=679df3325b33d43ae6cf7d5b1fedb614","imageurl":"/mcm/images/land/2A/12212_6d35b197323.jpg","landname":"60"},{"id":281475015704787,"level":2,"status":1,"posx":11,"posy":11,"cityid":595,"townid":1292,"tokenid":"9ea57606e4d79f90c0da6b30a2e52544","tokenurl":"/mcm/api/land?token=9ea57606e4d79f90c0da6b30a2e52544","imageurl":"/mcm/images/land/2A/12213_100830bc9426.jpg","landname":"61"},{"id":281475015704788,"level":1,"status":0,"posx":12,"posy":11,"cityid":595,"townid":1292,"tokenid":"1a9110e97546963d5f4d3706524c24e6","tokenurl":"/mcm/api/land?token=1a9110e97546963d5f4d3706524c24e6","imageurl":"/mcm/images/land/2S/8146_1128f5deb75c.jpg","landname":"62"},{"id":281475015704789,"level":3,"status":0,"posx":21,"posy":11,"cityid":595,"townid":1292,"tokenid":"885b4c16ef392ee506d9ae723c052c19","tokenurl":"/mcm/api/land?token=885b4c16ef392ee506d9ae723c052c19","imageurl":"/mcm/images/land/2B/20357_21e28938c498.jpg","landname":"63"},{"id":281475015704790,"level":3,"status":1,"posx":22,"posy":11,"cityid":595,"townid":1292,"tokenid":"c7f3b1d17eb409cd09f806c57862a214","tokenurl":"/mcm/api/land?token=c7f3b1d17eb409cd09f806c57862a214","imageurl":"/mcm/images/land/2B/20358_39037dbd995d.jpg","landname":"64"},{"id":281475015704791,"level":3,"status":0,"posx":11,"posy":12,"cityid":595,"townid":1292,"tokenid":"0f5afd9a4319a1ee6408ab9e80999c07","tokenurl":"/mcm/api/land?token=0f5afd9a4319a1ee6408ab9e80999c07","imageurl":"/mcm/images/land/2B/20359_94784d4b3e.jpg","landname":"65"},{"id":281475015704792,"level":2,"status":0,"posx":12,"posy":12,"cityid":595,"townid":1292,"tokenid":"20e3b3a5fb60bf78cb3bcfcbdd2f687d","tokenurl":"/mcm/api/land?token=20e3b3a5fb60bf78cb3bcfcbdd2f687d","imageurl":"/mcm/images/land/2A/12214_2df32489b2e2.jpg","landname":"66"},{"id":281475015704793,"level":3,"status":0,"posx":11,"posy":13,"cityid":595,"townid":1292,"tokenid":"ec1f67d636b3b70f0b27806b7d54b972","tokenurl":"/mcm/api/land?token=ec1f67d636b3b70f0b27806b7d54b972","imageurl":"/mcm/images/land/2B/20360_4dd8238de6f4.jpg","landname":"67"},{"id":281475015704794,"level":3,"status":0,"posx":12,"posy":13,"cityid":595,"townid":1292,"tokenid":"86e1d36439ed6fd9fddc1359b7ca3b5d","tokenurl":"/mcm/api/land?token=86e1d36439ed6fd9fddc1359b7ca3b5d","imageurl":"/mcm/images/land/2B/20361_28c8d5c9015f.jpg","landname":"68"},{"id":281475015704795,"level":3,"status":1,"posx":11,"posy":14,"cityid":595,"townid":1292,"tokenid":"5c2785effc4d69ee4dec03ff55c740d2","tokenurl":"/mcm/api/land?token=5c2785effc4d69ee4dec03ff55c740d2","imageurl":"/mcm/images/land/2B/20362_53ecb247f918.jpg","landname":"69"},{"id":281475015704796,"level":3,"status":1,"posx":12,"posy":14,"cityid":595,"townid":1292,"tokenid":"61708faa7650639511494ac3b14b76e9","tokenurl":"/mcm/api/land?token=61708faa7650639511494ac3b14b76e9","imageurl":"/mcm/images/land/2B/20363_4aa792d929f5.jpg","landname":"70"},{"id":281475015704797,"level":2,"status":1,"posx":8,"posy":20,"cityid":595,"townid":1292,"tokenid":"537151fa9336ef38ff71d80a9d819175","tokenurl":"/mcm/api/land?token=537151fa9336ef38ff71d80a9d819175","imageurl":"/mcm/images/land/2A/12215_3f18a73e9c39.jpg","landname":"71"},{"id":281475015704798,"level":2,"status":0,"posx":9,"posy":20,"cityid":595,"townid":1292,"tokenid":"79dd0177f1321dd4394a2bf8303dc665","tokenurl":"/mcm/api/land?token=79dd0177f1321dd4394a2bf8303dc665","imageurl":"/mcm/images/land/2A/12216_2569e0871250.jpg","landname":"72"},{"id":281475015704799,"level":2,"status":1,"posx":10,"posy":20,"cityid":595,"townid":1292,"tokenid":"329a1a01499ac262d262d95a7811acb1","tokenurl":"/mcm/api/land?token=329a1a01499ac262d262d95a7811acb1","imageurl":"/mcm/images/land/2A/12217_17237d83a1b.jpg","landname":"73"},{"id":281475015704800,"level":3,"status":0,"posx":11,"posy":20,"cityid":595,"townid":1292,"tokenid":"98c20206d2f2826dbbf1931001ed0ba2","tokenurl":"/mcm/api/land?token=98c20206d2f2826dbbf1931001ed0ba2","imageurl":"/mcm/images/land/2B/20364_7120e3cdab3.jpg","landname":"74"},{"id":281475015704801,"level":1,"status":0,"posx":12,"posy":20,"cityid":595,"townid":1292,"tokenid":"40af68cc956cc61651a512a36de52a39","tokenurl":"/mcm/api/land?token=40af68cc956cc61651a512a36de52a39","imageurl":"/mcm/images/land/2S/8147_2ad64fe4d48d.jpg","landname":"75"},{"id":281475015704802,"level":1,"status":0,"posx":8,"posy":21,"cityid":595,"townid":1292,"tokenid":"b68fc8c8c5532b5ad89b07bba3c7aed2","tokenurl":"/mcm/api/land?token=b68fc8c8c5532b5ad89b07bba3c7aed2","imageurl":"/mcm/images/land/2S/8148_42c4a45f995b.jpg","landname":"76"},{"id":281475015704803,"level":3,"status":1,"posx":9,"posy":21,"cityid":595,"townid":1292,"tokenid":"1a01ca64ed3e69605e7603f380b475f0","tokenurl":"/mcm/api/land?token=1a01ca64ed3e69605e7603f380b475f0","imageurl":"/mcm/images/land/2B/20365_62c73bce33b.jpg","landname":"77"},{"id":281475015704804,"level":3,"status":0,"posx":10,"posy":21,"cityid":595,"townid":1292,"tokenid":"b65475bcdcf501c80ae9049961b9bbae","tokenurl":"/mcm/api/land?token=b65475bcdcf501c80ae9049961b9bbae","imageurl":"/mcm/images/land/2B/20366_38d98e354396.jpg","landname":"78"},{"id":281475015704805,"level":3,"status":1,"posx":11,"posy":21,"cityid":595,"townid":1292,"tokenid":"dde7a8e61387f66533291ba6d259414a","tokenurl":"/mcm/api/land?token=dde7a8e61387f66533291ba6d259414a","imageurl":"/mcm/images/land/2B/20367_3dc4a6e87f96.jpg","landname":"79"},{"id":281475015704806,"level":3,"status":1,"posx":12,"posy":21,"cityid":595,"townid":1292,"tokenid":"0fcdbf35c536a8b56361b57b355b2292","tokenurl":"/mcm/api/land?token=0fcdbf35c536a8b56361b57b355b2292","imageurl":"/mcm/images/land/2B/20368_24e5738805ec.jpg","landname":"80"},{"id":281475015704807,"level":3,"status":0,"posx":27,"posy":22,"cityid":595,"townid":1292,"tokenid":"17f13cea3c9e9b1cc2dee3e0818fb973","tokenurl":"/mcm/api/land?token=17f13cea3c9e9b1cc2dee3e0818fb973","imageurl":"/mcm/images/land/2B/20369_4638c747ecfc.jpg","landname":"81"},{"id":281475015704808,"level":2,"status":0,"posx":28,"posy":22,"cityid":595,"townid":1292,"tokenid":"4c9a23eda3f2f3bf0a2e9227eda80924","tokenurl":"/mcm/api/land?token=4c9a23eda3f2f3bf0a2e9227eda80924","imageurl":"/mcm/images/land/2A/12218_1bdc11923bd4.jpg","landname":"82"},{"id":281475015704809,"level":2,"status":0,"posx":29,"posy":22,"cityid":595,"townid":1292,"tokenid":"abe396cd670499ae6ddf35a37e1a8a9c","tokenurl":"/mcm/api/land?token=abe396cd670499ae6ddf35a37e1a8a9c","imageurl":"/mcm/images/land/2A/12219_4e4d5a2de971.jpg","landname":"83"},{"id":281475015704810,"level":2,"status":0,"posx":30,"posy":22,"cityid":595,"townid":1292,"tokenid":"089910fe97d08c825b0bc563766fa3a5","tokenurl":"/mcm/api/land?token=089910fe97d08c825b0bc563766fa3a5","imageurl":"/mcm/images/land/2A/12220_511dbd8ed372.jpg","landname":"84"},{"id":281475015704811,"level":1,"status":1,"posx":31,"posy":22,"cityid":595,"townid":1292,"tokenid":"d12ff35dbcac59e74294de45b84b9c98","tokenurl":"/mcm/api/land?token=d12ff35dbcac59e74294de45b84b9c98","imageurl":"/mcm/images/land/2S/8149_2d8f3633aedd.jpg","landname":"85"},{"id":281475015704812,"level":2,"status":1,"posx":27,"posy":23,"cityid":595,"townid":1292,"tokenid":"329f34777bd5f5485a9f480aef853002","tokenurl":"/mcm/api/land?token=329f34777bd5f5485a9f480aef853002","imageurl":"/mcm/images/land/2A/12221_3fde9f8abc27.jpg","landname":"86"},{"id":281475015704813,"level":3,"status":1,"posx":28,"posy":23,"cityid":595,"townid":1292,"tokenid":"c5a17b3b2e614044eff225a7eba92a99","tokenurl":"/mcm/api/land?token=c5a17b3b2e614044eff225a7eba92a99","imageurl":"/mcm/images/land/2B/20370_273f6315362b.jpg","landname":"87"},{"id":281475015704814,"level":2,"status":1,"posx":29,"posy":23,"cityid":595,"townid":1292,"tokenid":"da8b7cecff7e4bd505e5b9f7b010aef1","tokenurl":"/mcm/api/land?token=da8b7cecff7e4bd505e5b9f7b010aef1","imageurl":"/mcm/images/land/2A/12222_497cac2f5920.jpg","landname":"88"},{"id":281475015704815,"level":3,"status":0,"posx":30,"posy":23,"cityid":595,"townid":1292,"tokenid":"49b378e9f0db384a81477cc401a14a48","tokenurl":"/mcm/api/land?token=49b378e9f0db384a81477cc401a14a48","imageurl":"/mcm/images/land/2B/20371_4b1ad35badc0.jpg","landname":"89"},{"id":281475015704816,"level":3,"status":0,"posx":31,"posy":23,"cityid":595,"townid":1292,"tokenid":"cb6c161f9be3dcb3150dddec0b7f2512","tokenurl":"/mcm/api/land?token=cb6c161f9be3dcb3150dddec0b7f2512","imageurl":"/mcm/images/land/2B/20372_30c4ecd80b3f.jpg","landname":"90"},{"id":281475015704817,"level":2,"status":0,"posx":8,"posy":24,"cityid":595,"townid":1292,"tokenid":"726cfa1c693ec95811aa6a9238a1f410","tokenurl":"/mcm/api/land?token=726cfa1c693ec95811aa6a9238a1f410","imageurl":"/mcm/images/land/2A/12223_39d73be1ec11.jpg","landname":"91"},{"id":281475015704818,"level":3,"status":1,"posx":9,"posy":24,"cityid":595,"townid":1292,"tokenid":"a5ea4c7db71c4f09eb1a3d7a99f7f008","tokenurl":"/mcm/api/land?token=a5ea4c7db71c4f09eb1a3d7a99f7f008","imageurl":"/mcm/images/land/2B/20373_43bf9e46c241.jpg","landname":"92"},{"id":281475015704819,"level":2,"status":0,"posx":10,"posy":24,"cityid":595,"townid":1292,"tokenid":"696954af5c4a36c9c07133326e89e0c0","tokenurl":"/mcm/api/land?token=696954af5c4a36c9c07133326e89e0c0","imageurl":"/mcm/images/land/2A/12224_4ab772284477.jpg","landname":"93"},{"id":281475015704820,"level":2,"status":1,"posx":11,"posy":24,"cityid":595,"townid":1292,"tokenid":"95aa6ae2b914b3377b4d00258f6568b4","tokenurl":"/mcm/api/land?token=95aa6ae2b914b3377b4d00258f6568b4","imageurl":"/mcm/images/land/2A/12225_3ddcbdeeb3e1.jpg","landname":"94"},{"id":281475015704821,"level":3,"status":0,"posx":12,"posy":24,"cityid":595,"townid":1292,"tokenid":"5e43d3ea4ce7b607d3d51e907dfb92b6","tokenurl":"/mcm/api/land?token=5e43d3ea4ce7b607d3d51e907dfb92b6","imageurl":"/mcm/images/land/2B/20374_451de2ffcc4f.jpg","landname":"95"},{"id":281475015704822,"level":1,"status":0,"posx":17,"posy":24,"cityid":595,"townid":1292,"tokenid":"90e81e84b4f08d0427e6648a43a64135","tokenurl":"/mcm/api/land?token=90e81e84b4f08d0427e6648a43a64135","imageurl":"/mcm/images/land/2S/8150_d91e02e0c1b.jpg","landname":"96"},{"id":281475015704823,"level":1,"status":0,"posx":18,"posy":24,"cityid":595,"townid":1292,"tokenid":"bb21d4ab4fd7a3a6c8959ffeab2a1c2e","tokenurl":"/mcm/api/land?token=bb21d4ab4fd7a3a6c8959ffeab2a1c2e","imageurl":"/mcm/images/land/2S/8151_510144d6e8af.jpg","landname":"97"},{"id":281475015704824,"level":3,"status":0,"posx":19,"posy":24,"cityid":595,"townid":1292,"tokenid":"a09dc5c981912ac4be7e6c4e4f2eea84","tokenurl":"/mcm/api/land?token=a09dc5c981912ac4be7e6c4e4f2eea84","imageurl":"/mcm/images/land/2B/20375_67dbc9380fe.jpg","landname":"98"},{"id":281475015704825,"level":3,"status":0,"posx":20,"posy":24,"cityid":595,"townid":1292,"tokenid":"3856cee2589adc0660a26c777cfed9e1","tokenurl":"/mcm/api/land?token=3856cee2589adc0660a26c777cfed9e1","imageurl":"/mcm/images/land/2B/20376_3f50d954f0c6.jpg","landname":"99"},{"id":281475015704826,"level":2,"status":0,"posx":21,"posy":24,"cityid":595,"townid":1292,"tokenid":"3c131c2e9fa4b19d6bae89511fd7766f","tokenurl":"/mcm/api/land?token=3c131c2e9fa4b19d6bae89511fd7766f","imageurl":"/mcm/images/land/2A/12226_164058001342.jpg","landname":"100"},{"id":281475015704827,"level":1,"status":1,"posx":8,"posy":25,"cityid":595,"townid":1292,"tokenid":"48897242d4339198d22773aaac6445f4","tokenurl":"/mcm/api/land?token=48897242d4339198d22773aaac6445f4","imageurl":"/mcm/images/land/2S/8152_467e52add0fc.jpg","landname":"101"},{"id":281475015704828,"level":2,"status":0,"posx":9,"posy":25,"cityid":595,"townid":1292,"tokenid":"0e163a8cae0cb794538791a20bdd5ecd","tokenurl":"/mcm/api/land?token=0e163a8cae0cb794538791a20bdd5ecd","imageurl":"/mcm/images/land/2A/12227_37937c47a794.jpg","landname":"102"},{"id":281475015704829,"level":3,"status":0,"posx":10,"posy":25,"cityid":595,"townid":1292,"tokenid":"daa76e5d483c9a0730edb3f755d26a8c","tokenurl":"/mcm/api/land?token=daa76e5d483c9a0730edb3f755d26a8c","imageurl":"/mcm/images/land/2B/20377_4f29651e122c.jpg","landname":"103"},{"id":281475015704830,"level":3,"status":1,"posx":11,"posy":25,"cityid":595,"townid":1292,"tokenid":"598406eca10eb70156f5e049e685c4c9","tokenurl":"/mcm/api/land?token=598406eca10eb70156f5e049e685c4c9","imageurl":"/mcm/images/land/2B/20378_4ce1940b0dbc.jpg","landname":"104"},{"id":281475015704831,"level":1,"status":1,"posx":12,"posy":25,"cityid":595,"townid":1292,"tokenid":"ae05902f1831a393e83cb2d41fb406bd","tokenurl":"/mcm/api/land?token=ae05902f1831a393e83cb2d41fb406bd","imageurl":"/mcm/images/land/2S/8153_2cbf053d4924.jpg","landname":"105"},{"id":281475015704832,"level":2,"status":1,"posx":17,"posy":25,"cityid":595,"townid":1292,"tokenid":"65282793fe0fcc61495624658d69a75c","tokenurl":"/mcm/api/land?token=65282793fe0fcc61495624658d69a75c","imageurl":"/mcm/images/land/2A/12228_41c14f47e10b.jpg","landname":"106"},{"id":281475015704833,"level":2,"status":1,"posx":18,"posy":25,"cityid":595,"townid":1292,"tokenid":"8aafbc0b5b6685db6a038d1e85a56b0c","tokenurl":"/mcm/api/land?token=8aafbc0b5b6685db6a038d1e85a56b0c","imageurl":"/mcm/images/land/2A/12229_17bac562d6b6.jpg","landname":"107"},{"id":281475015704834,"level":2,"status":1,"posx":19,"posy":25,"cityid":595,"townid":1292,"tokenid":"b2bfdd8d4047aa0f1739ea91abd40923","tokenurl":"/mcm/api/land?token=b2bfdd8d4047aa0f1739ea91abd40923","imageurl":"/mcm/images/land/2A/12230_3a3a36c6539e.jpg","landname":"108"},{"id":281475015704835,"level":1,"status":0,"posx":20,"posy":25,"cityid":595,"townid":1292,"tokenid":"cbaa392bcc01b6c267cc796e2a8591ef","tokenurl":"/mcm/api/land?token=cbaa392bcc01b6c267cc796e2a8591ef","imageurl":"/mcm/images/land/2S/8154_1d259a2514eb.jpg","landname":"109"},{"id":281475015704836,"level":3,"status":0,"posx":21,"posy":25,"cityid":595,"townid":1292,"tokenid":"f5f8a132567b3f43419663e8f0f50649","tokenurl":"/mcm/api/land?token=f5f8a132567b3f43419663e8f0f50649","imageurl":"/mcm/images/land/2B/20379_56f8a1073dd1.jpg","landname":"110"},{"id":281475015704837,"level":3,"status":0,"posx":27,"posy":26,"cityid":595,"townid":1292,"tokenid":"ce2c80ffd50a01267909412aac17195b","tokenurl":"/mcm/api/land?token=ce2c80ffd50a01267909412aac17195b","imageurl":"/mcm/images/land/2B/20380_35ce276d1ede.jpg","landname":"111"},{"id":281475015704838,"level":3,"status":0,"posx":28,"posy":26,"cityid":595,"townid":1292,"tokenid":"d2a9d3d6b15fded53051612f1eb6564c","tokenurl":"/mcm/api/land?token=d2a9d3d6b15fded53051612f1eb6564c","imageurl":"/mcm/images/land/2B/20381_22b5c1a48787.jpg","landname":"112"},{"id":281475015704839,"level":2,"status":0,"posx":27,"posy":27,"cityid":595,"townid":1292,"tokenid":"8e44e0b574df3958d115c84e843c3cc9","tokenurl":"/mcm/api/land?token=8e44e0b574df3958d115c84e843c3cc9","imageurl":"/mcm/images/land/2A/12231_357822d556f1.jpg","landname":"113"},{"id":281475015704840,"level":2,"status":1,"posx":28,"posy":27,"cityid":595,"townid":1292,"tokenid":"82088d6fddb1141cd0618ea121d92a84","tokenurl":"/mcm/api/land?token=82088d6fddb1141cd0618ea121d92a84","imageurl":"/mcm/images/land/2A/12232_4e43026f8dcd.jpg","landname":"114"},{"id":281475015704841,"level":3,"status":0,"posx":32,"posy":27,"cityid":595,"townid":1292,"tokenid":"8fc00f87d24e7a10a4f68bbf8c517ddd","tokenurl":"/mcm/api/land?token=8fc00f87d24e7a10a4f68bbf8c517ddd","imageurl":"/mcm/images/land/2B/20382_226a0b6b6459.jpg","landname":"115"},{"id":281475015704842,"level":2,"status":1,"posx":33,"posy":27,"cityid":595,"townid":1292,"tokenid":"e351ef268596c0040b67081073c64da3","tokenurl":"/mcm/api/land?token=e351ef268596c0040b67081073c64da3","imageurl":"/mcm/images/land/2A/12233_1b4da181da52.jpg","landname":"116"},{"id":281475015704843,"level":2,"status":0,"posx":8,"posy":28,"cityid":595,"townid":1292,"tokenid":"3f92383185744c6ddd216354aad3b745","tokenurl":"/mcm/api/land?token=3f92383185744c6ddd216354aad3b745","imageurl":"/mcm/images/land/2A/12234_182e66165ca2.jpg","landname":"117"},{"id":281475015704844,"level":1,"status":0,"posx":9,"posy":28,"cityid":595,"townid":1292,"tokenid":"447fecd311e7f62f3839bb83fc5f1c2e","tokenurl":"/mcm/api/land?token=447fecd311e7f62f3839bb83fc5f1c2e","imageurl":"/mcm/images/land/2S/8155_3032ec3d9556.jpg","landname":"118"},{"id":281475015704845,"level":3,"status":0,"posx":10,"posy":28,"cityid":595,"townid":1292,"tokenid":"dd7e94e45d7b3ce2e3f6f9c2bcb65b62","tokenurl":"/mcm/api/land?token=dd7e94e45d7b3ce2e3f6f9c2bcb65b62","imageurl":"/mcm/images/land/2B/20383_7905db76e19.jpg","landname":"119"},{"id":281475015704846,"level":3,"status":0,"posx":11,"posy":28,"cityid":595,"townid":1292,"tokenid":"0daf594666ebd3d2cedd08dc9f9976c2","tokenurl":"/mcm/api/land?token=0daf594666ebd3d2cedd08dc9f9976c2","imageurl":"/mcm/images/land/2B/20384_3e70138d9e23.jpg","landname":"120"},{"id":281475015704847,"level":2,"status":1,"posx":12,"posy":28,"cityid":595,"townid":1292,"tokenid":"6a345242e0b42f13177d869e4ec841b7","tokenurl":"/mcm/api/land?token=6a345242e0b42f13177d869e4ec841b7","imageurl":"/mcm/images/land/2A/12235_30dfae912df5.jpg","landname":"121"},{"id":281475015704848,"level":3,"status":1,"posx":17,"posy":28,"cityid":595,"townid":1292,"tokenid":"291b055884862207f0260ebeb5e3d07c","tokenurl":"/mcm/api/land?token=291b055884862207f0260ebeb5e3d07c","imageurl":"/mcm/images/land/2B/20385_1c4f50d0c09e.jpg","landname":"122"},{"id":281475015704849,"level":2,"status":1,"posx":18,"posy":28,"cityid":595,"townid":1292,"tokenid":"e100733d5f8de3871e931279c75f723b","tokenurl":"/mcm/api/land?token=e100733d5f8de3871e931279c75f723b","imageurl":"/mcm/images/land/2A/12236_32e03b740579.jpg","landname":"123"},{"id":281475015704850,"level":2,"status":1,"posx":19,"posy":28,"cityid":595,"townid":1292,"tokenid":"ec95dd279f7ce741fb000ea72bde8cfa","tokenurl":"/mcm/api/land?token=ec95dd279f7ce741fb000ea72bde8cfa","imageurl":"/mcm/images/land/2A/12237_59e070980865.jpg","landname":"124"},{"id":281475015704851,"level":1,"status":0,"posx":20,"posy":28,"cityid":595,"townid":1292,"tokenid":"fea89bc13df6ea74072f34500e570f65","tokenurl":"/mcm/api/land?token=fea89bc13df6ea74072f34500e570f65","imageurl":"/mcm/images/land/2S/8156_596e098ae67e.jpg","landname":"125"},{"id":281475015704852,"level":2,"status":0,"posx":21,"posy":28,"cityid":595,"townid":1292,"tokenid":"065736f65213327f01b31badf8f67cf2","tokenurl":"/mcm/api/land?token=065736f65213327f01b31badf8f67cf2","imageurl":"/mcm/images/land/2A/12238_18885b9d772f.jpg","landname":"126"},{"id":281475015704853,"level":2,"status":0,"posx":27,"posy":28,"cityid":595,"townid":1292,"tokenid":"33ef0a9799b698f9eeb03222fd8226a7","tokenurl":"/mcm/api/land?token=33ef0a9799b698f9eeb03222fd8226a7","imageurl":"/mcm/images/land/2A/12239_370c19747299.jpg","landname":"127"},{"id":281475015704854,"level":3,"status":1,"posx":28,"posy":28,"cityid":595,"townid":1292,"tokenid":"7883eb187fd65667fe45dd2d8c6ef2a7","tokenurl":"/mcm/api/land?token=7883eb187fd65667fe45dd2d8c6ef2a7","imageurl":"/mcm/images/land/2B/20386_29611b3e4584.jpg","landname":"128"},{"id":281475015704855,"level":1,"status":0,"posx":32,"posy":28,"cityid":595,"townid":1292,"tokenid":"828cbad91a05cffe68f89c9e50f139ed","tokenurl":"/mcm/api/land?token=828cbad91a05cffe68f89c9e50f139ed","imageurl":"/mcm/images/land/2S/8157_b1f191eb934.jpg","landname":"129"},{"id":281475015704856,"level":1,"status":1,"posx":33,"posy":28,"cityid":595,"townid":1292,"tokenid":"716052c37a7b8862799de0257d4b7161","tokenurl":"/mcm/api/land?token=716052c37a7b8862799de0257d4b7161","imageurl":"/mcm/images/land/2S/8158_380af47046b4.jpg","landname":"130"},{"id":281475015704857,"level":3,"status":1,"posx":8,"posy":29,"cityid":595,"townid":1292,"tokenid":"c7293c98d5bc3e9614607b93dd40d142","tokenurl":"/mcm/api/land?token=c7293c98d5bc3e9614607b93dd40d142","imageurl":"/mcm/images/land/2B/20387_151151aad2be.jpg","landname":"131"},{"id":281475015704858,"level":3,"status":0,"posx":9,"posy":29,"cityid":595,"townid":1292,"tokenid":"1f423277c12b4effd352c732fae498a8","tokenurl":"/mcm/api/land?token=1f423277c12b4effd352c732fae498a8","imageurl":"/mcm/images/land/2B/20388_45b191ffab07.jpg","landname":"132"},{"id":281475015704859,"level":3,"status":1,"posx":10,"posy":29,"cityid":595,"townid":1292,"tokenid":"30b8886ecafb78e50b7b9918c3b8667b","tokenurl":"/mcm/api/land?token=30b8886ecafb78e50b7b9918c3b8667b","imageurl":"/mcm/images/land/2B/20389_2a832287f602.jpg","landname":"133"},{"id":281475015704860,"level":3,"status":0,"posx":11,"posy":29,"cityid":595,"townid":1292,"tokenid":"953cb905797200065071658d1b234973","tokenurl":"/mcm/api/land?token=953cb905797200065071658d1b234973","imageurl":"/mcm/images/land/2B/20390_12b66fc1e33d.jpg","landname":"134"},{"id":281475015704861,"level":3,"status":1,"posx":12,"posy":29,"cityid":595,"townid":1292,"tokenid":"9a9e60f5a7df0f92379c8edbdcfa5bed","tokenurl":"/mcm/api/land?token=9a9e60f5a7df0f92379c8edbdcfa5bed","imageurl":"/mcm/images/land/2B/20391_47a289c0fa7.jpg","landname":"135"},{"id":281475015704862,"level":1,"status":1,"posx":17,"posy":29,"cityid":595,"townid":1292,"tokenid":"7ff0130e80db2d528f551c0a012d6e58","tokenurl":"/mcm/api/land?token=7ff0130e80db2d528f551c0a012d6e58","imageurl":"/mcm/images/land/2S/8159_34df0a03698c.jpg","landname":"136"},{"id":281475015704863,"level":3,"status":1,"posx":18,"posy":29,"cityid":595,"townid":1292,"tokenid":"7d0ea3bccb81ea56574ec81270c5c370","tokenurl":"/mcm/api/land?token=7d0ea3bccb81ea56574ec81270c5c370","imageurl":"/mcm/images/land/2B/20392_4b4caedd381.jpg","landname":"137"},{"id":281475015704864,"level":3,"status":0,"posx":19,"posy":29,"cityid":595,"townid":1292,"tokenid":"3f6eb0e6896c7b73b64ce178c21208c5","tokenurl":"/mcm/api/land?token=3f6eb0e6896c7b73b64ce178c21208c5","imageurl":"/mcm/images/land/2B/20393_3d5dcea6d75f.jpg","landname":"138"},{"id":281475015704865,"level":3,"status":1,"posx":20,"posy":29,"cityid":595,"townid":1292,"tokenid":"2dd04e5cbab90ffcc1dcb693b678bfa4","tokenurl":"/mcm/api/land?token=2dd04e5cbab90ffcc1dcb693b678bfa4","imageurl":"/mcm/images/land/2B/20394_521b18e1dba5.jpg","landname":"139"},{"id":281475015704866,"level":1,"status":1,"posx":21,"posy":29,"cityid":595,"townid":1292,"tokenid":"6378729e281c825407fc0148144ed9a1","tokenurl":"/mcm/api/land?token=6378729e281c825407fc0148144ed9a1","imageurl":"/mcm/images/land/2S/8160_142072e8bc1a.jpg","landname":"140"},{"id":281475015704867,"level":2,"status":0,"posx":27,"posy":29,"cityid":595,"townid":1292,"tokenid":"c7a650acf4bf3e3a7dbdfa57cba77f90","tokenurl":"/mcm/api/land?token=c7a650acf4bf3e3a7dbdfa57cba77f90","imageurl":"/mcm/images/land/2A/12240_12b3ea84934d.jpg","landname":"141"},{"id":281475015704868,"level":2,"status":0,"posx":28,"posy":29,"cityid":595,"townid":1292,"tokenid":"ec40a69ab5b866e34914b7ad7c480280","tokenurl":"/mcm/api/land?token=ec40a69ab5b866e34914b7ad7c480280","imageurl":"/mcm/images/land/2A/12241_327f2f8c6a2d.jpg","landname":"142"},{"id":281475015704869,"level":3,"status":0,"posx":32,"posy":29,"cityid":595,"townid":1292,"tokenid":"31f5c3f1bd4e357cb3e56f7aeef6158b","tokenurl":"/mcm/api/land?token=31f5c3f1bd4e357cb3e56f7aeef6158b","imageurl":"/mcm/images/land/2B/20395_150b6b89bb01.jpg","landname":"143"},{"id":281475015704870,"level":3,"status":1,"posx":33,"posy":29,"cityid":595,"townid":1292,"tokenid":"a4cd9d0d9e3a0df32d28e4edb24f9425","tokenurl":"/mcm/api/land?token=a4cd9d0d9e3a0df32d28e4edb24f9425","imageurl":"/mcm/images/land/2B/20396_3e06fbe682b1.jpg","landname":"144"},{"id":281475015704871,"level":3,"status":1,"posx":27,"posy":30,"cityid":595,"townid":1292,"tokenid":"85349f65845528e5beafb281c049896c","tokenurl":"/mcm/api/land?token=85349f65845528e5beafb281c049896c","imageurl":"/mcm/images/land/2B/20397_1787950b2229.jpg","landname":"145"},{"id":281475015704872,"level":3,"status":0,"posx":28,"posy":30,"cityid":595,"townid":1292,"tokenid":"b1d6daea24f7f28e785d0c6e24d22edb","tokenurl":"/mcm/api/land?token=b1d6daea24f7f28e785d0c6e24d22edb","imageurl":"/mcm/images/land/2B/20398_5552ebd67436.jpg","landname":"146"},{"id":281475015704873,"level":3,"status":1,"posx":32,"posy":30,"cityid":595,"townid":1292,"tokenid":"5b336a36b21b604fa16fc229d714904a","tokenurl":"/mcm/api/land?token=5b336a36b21b604fa16fc229d714904a","imageurl":"/mcm/images/land/2B/20399_4b05c9bace6e.jpg","landname":"147"},{"id":281475015704874,"level":3,"status":0,"posx":33,"posy":30,"cityid":595,"townid":1292,"tokenid":"a72875571a876bd048c16f8e56dd617c","tokenurl":"/mcm/api/land?token=a72875571a876bd048c16f8e56dd617c","imageurl":"/mcm/images/land/2B/20400_370ec31d438d.jpg","landname":"148"},{"id":281475015704875,"level":3,"status":1,"posx":32,"posy":31,"cityid":595,"townid":1292,"tokenid":"82e195fccb48174cfde11a0a6a33546e","tokenurl":"/mcm/api/land?token=82e195fccb48174cfde11a0a6a33546e","imageurl":"/mcm/images/land/2B/20401_4cec9605e9c8.jpg","landname":"149"},{"id":281475015704876,"level":1,"status":0,"posx":33,"posy":31,"cityid":595,"townid":1292,"tokenid":"b334955cf2dc7c005fd7d6965d99001a","tokenurl":"/mcm/api/land?token=b334955cf2dc7c005fd7d6965d99001a","imageurl":"/mcm/images/land/2S/8161_3c9e97fe6e55.jpg","landname":"150"}]]],0,0,[],[],[]]
