[1,0,0,[["cc.JsonAsset",["_name","json"],1]],[[0,0,1,3]],[[0,"456",[{"id":281474989162647,"level":3,"status":1,"posx":15,"posy":5,"cityid":190,"townid":456,"tokenid":"2cb298723c2153bc818e374cdcf51248","tokenurl":"/mcm/api/land?token=2cb298723c2153bc818e374cdcf51248","imageurl":"/mcm/images/land/2B/22727_362d47618c09.jpg","landname":"1"},{"id":281474989162648,"level":3,"status":1,"posx":16,"posy":5,"cityid":190,"townid":456,"tokenid":"9ad89778cd1af0e33bab212c38ea2ee1","tokenurl":"/mcm/api/land?token=9ad89778cd1af0e33bab212c38ea2ee1","imageurl":"/mcm/images/land/2B/22728_4610ae0c7218.jpg","landname":"2"},{"id":281474989162649,"level":3,"status":1,"posx":25,"posy":5,"cityid":190,"townid":456,"tokenid":"f2d936353a0cd5f03a8e3192d3f181c4","tokenurl":"/mcm/api/land?token=f2d936353a0cd5f03a8e3192d3f181c4","imageurl":"/mcm/images/land/2B/22729_b6d894684b1.jpg","landname":"3"},{"id":281474989162650,"level":3,"status":1,"posx":26,"posy":5,"cityid":190,"townid":456,"tokenid":"e5d2f76aaf0adb2602b4a891f43ae6cc","tokenurl":"/mcm/api/land?token=e5d2f76aaf0adb2602b4a891f43ae6cc","imageurl":"/mcm/images/land/2B/22730_4040803886be.jpg","landname":"4"},{"id":281474989162651,"level":1,"status":1,"posx":6,"posy":6,"cityid":190,"townid":456,"tokenid":"b41732e5fc738e87ed1ff052796bccc2","tokenurl":"/mcm/api/land?token=b41732e5fc738e87ed1ff052796bccc2","imageurl":"/mcm/images/land/2S/9092_442a7ecb356e.jpg","landname":"5"},{"id":281474989162652,"level":2,"status":1,"posx":7,"posy":6,"cityid":190,"townid":456,"tokenid":"4145cae68c578c8c6c355478b381e2cd","tokenurl":"/mcm/api/land?token=4145cae68c578c8c6c355478b381e2cd","imageurl":"/mcm/images/land/2A/13637_257c531cd337.jpg","landname":"6"},{"id":281474989162653,"level":3,"status":0,"posx":15,"posy":6,"cityid":190,"townid":456,"tokenid":"1b180be69daa03d898fb2333778f5b73","tokenurl":"/mcm/api/land?token=1b180be69daa03d898fb2333778f5b73","imageurl":"/mcm/images/land/2B/22731_408468e2568c.jpg","landname":"7"},{"id":281474989162654,"level":3,"status":1,"posx":16,"posy":6,"cityid":190,"townid":456,"tokenid":"458c9471ac52f6c7876b4ce343d9702a","tokenurl":"/mcm/api/land?token=458c9471ac52f6c7876b4ce343d9702a","imageurl":"/mcm/images/land/2B/22732_104f844e9ba0.jpg","landname":"8"},{"id":281474989162655,"level":3,"status":1,"posx":25,"posy":6,"cityid":190,"townid":456,"tokenid":"9aa40b55ad75744b45af1b866eaa13a5","tokenurl":"/mcm/api/land?token=9aa40b55ad75744b45af1b866eaa13a5","imageurl":"/mcm/images/land/2B/22733_36d88bed395e.jpg","landname":"9"},{"id":281474989162656,"level":1,"status":1,"posx":26,"posy":6,"cityid":190,"townid":456,"tokenid":"ef252a807adfe3b8f40dcf1c3c9044ad","tokenurl":"/mcm/api/land?token=ef252a807adfe3b8f40dcf1c3c9044ad","imageurl":"/mcm/images/land/2S/9093_46146ec105ca.jpg","landname":"10"},{"id":281474989162657,"level":2,"status":0,"posx":30,"posy":6,"cityid":190,"townid":456,"tokenid":"47b13cdb716935271c6fe64b21e7317e","tokenurl":"/mcm/api/land?token=47b13cdb716935271c6fe64b21e7317e","imageurl":"/mcm/images/land/2A/13638_31b6745f02b3.jpg","landname":"11"},{"id":281474989162658,"level":3,"status":1,"posx":31,"posy":6,"cityid":190,"townid":456,"tokenid":"a452673157a434fe01b8c9bf870e4f7a","tokenurl":"/mcm/api/land?token=a452673157a434fe01b8c9bf870e4f7a","imageurl":"/mcm/images/land/2B/22734_42cdc34f18a3.jpg","landname":"12"},{"id":281474989162659,"level":3,"status":0,"posx":33,"posy":6,"cityid":190,"townid":456,"tokenid":"3a4bc25f60875b3ccaf23fd4d18c94e3","tokenurl":"/mcm/api/land?token=3a4bc25f60875b3ccaf23fd4d18c94e3","imageurl":"/mcm/images/land/2B/22735_5552c03f9132.jpg","landname":"13"},{"id":281474989162660,"level":2,"status":0,"posx":34,"posy":6,"cityid":190,"townid":456,"tokenid":"129475c6aefe9a468868f2f9dee44abb","tokenurl":"/mcm/api/land?token=129475c6aefe9a468868f2f9dee44abb","imageurl":"/mcm/images/land/2A/13639_134b5aab01ee.jpg","landname":"14"},{"id":281474989162661,"level":2,"status":1,"posx":6,"posy":7,"cityid":190,"townid":456,"tokenid":"6ba646849e7b692b38997f78dac07828","tokenurl":"/mcm/api/land?token=6ba646849e7b692b38997f78dac07828","imageurl":"/mcm/images/land/2A/13640_4997f51eb86f.jpg","landname":"15"},{"id":281474989162662,"level":2,"status":1,"posx":7,"posy":7,"cityid":190,"townid":456,"tokenid":"c436ab85e1429d1e2ec1fb7afc938a40","tokenurl":"/mcm/api/land?token=c436ab85e1429d1e2ec1fb7afc938a40","imageurl":"/mcm/images/land/2A/13641_491d688a812f.jpg","landname":"16"},{"id":281474989162663,"level":3,"status":0,"posx":15,"posy":7,"cityid":190,"townid":456,"tokenid":"6af1399b555fa617af567cc0f902eddf","tokenurl":"/mcm/api/land?token=6af1399b555fa617af567cc0f902eddf","imageurl":"/mcm/images/land/2B/22736_38f2588271a.jpg","landname":"17"},{"id":281474989162664,"level":3,"status":0,"posx":16,"posy":7,"cityid":190,"townid":456,"tokenid":"cf827f0328997166b52fc96b2b724ae8","tokenurl":"/mcm/api/land?token=cf827f0328997166b52fc96b2b724ae8","imageurl":"/mcm/images/land/2B/22737_232da3b1af30.jpg","landname":"18"},{"id":281474989162665,"level":2,"status":1,"posx":21,"posy":7,"cityid":190,"townid":456,"tokenid":"b82668728f6e24d749358694627165ea","tokenurl":"/mcm/api/land?token=b82668728f6e24d749358694627165ea","imageurl":"/mcm/images/land/2A/13642_44a7305be069.jpg","landname":"19"},{"id":281474989162666,"level":2,"status":1,"posx":22,"posy":7,"cityid":190,"townid":456,"tokenid":"77a3d367c52b0043b72414f66f176b62","tokenurl":"/mcm/api/land?token=77a3d367c52b0043b72414f66f176b62","imageurl":"/mcm/images/land/2A/13643_422afb9b33b2.jpg","landname":"20"},{"id":281474989162667,"level":2,"status":0,"posx":25,"posy":7,"cityid":190,"townid":456,"tokenid":"45cc26be473f7553778a14778cf02e22","tokenurl":"/mcm/api/land?token=45cc26be473f7553778a14778cf02e22","imageurl":"/mcm/images/land/2A/13644_18980990f9a4.jpg","landname":"21"},{"id":281474989162668,"level":3,"status":0,"posx":26,"posy":7,"cityid":190,"townid":456,"tokenid":"7ef20949d35dd86f2e0287f1d4bcb95c","tokenurl":"/mcm/api/land?token=7ef20949d35dd86f2e0287f1d4bcb95c","imageurl":"/mcm/images/land/2B/22738_a4d041f018c.jpg","landname":"22"},{"id":281474989162669,"level":3,"status":0,"posx":30,"posy":7,"cityid":190,"townid":456,"tokenid":"6a76d47cb7e4b21e34555cb049658512","tokenurl":"/mcm/api/land?token=6a76d47cb7e4b21e34555cb049658512","imageurl":"/mcm/images/land/2B/22739_21ddb8781114.jpg","landname":"23"},{"id":281474989162670,"level":3,"status":0,"posx":31,"posy":7,"cityid":190,"townid":456,"tokenid":"c43db37daac70535a972bed715b025c5","tokenurl":"/mcm/api/land?token=c43db37daac70535a972bed715b025c5","imageurl":"/mcm/images/land/2B/22740_36032fa07e17.jpg","landname":"24"},{"id":281474989162671,"level":2,"status":0,"posx":33,"posy":7,"cityid":190,"townid":456,"tokenid":"71a266a63e8ab64f096de260305411b5","tokenurl":"/mcm/api/land?token=71a266a63e8ab64f096de260305411b5","imageurl":"/mcm/images/land/2A/13645_470ff9fff438.jpg","landname":"25"},{"id":281474989162672,"level":1,"status":1,"posx":34,"posy":7,"cityid":190,"townid":456,"tokenid":"47b5c18821d58f282cd95d02e825d788","tokenurl":"/mcm/api/land?token=47b5c18821d58f282cd95d02e825d788","imageurl":"/mcm/images/land/2S/9094_4a88c56f947e.jpg","landname":"26"},{"id":281474989162673,"level":3,"status":1,"posx":6,"posy":8,"cityid":190,"townid":456,"tokenid":"276f18765b937032109c95b84de7b765","tokenurl":"/mcm/api/land?token=276f18765b937032109c95b84de7b765","imageurl":"/mcm/images/land/2B/22741_2116cc01cb9f.jpg","landname":"27"},{"id":281474989162674,"level":3,"status":0,"posx":7,"posy":8,"cityid":190,"townid":456,"tokenid":"7b7d9dae6ddda8f8c0372059fd096eb0","tokenurl":"/mcm/api/land?token=7b7d9dae6ddda8f8c0372059fd096eb0","imageurl":"/mcm/images/land/2B/22742_14f585f277f.jpg","landname":"28"},{"id":281474989162675,"level":2,"status":1,"posx":15,"posy":8,"cityid":190,"townid":456,"tokenid":"ddc53a03f2bfa9c3b308bbea0fb67fdd","tokenurl":"/mcm/api/land?token=ddc53a03f2bfa9c3b308bbea0fb67fdd","imageurl":"/mcm/images/land/2A/13646_76cd3228dfc.jpg","landname":"29"},{"id":281474989162676,"level":2,"status":1,"posx":16,"posy":8,"cityid":190,"townid":456,"tokenid":"e9a0c18cab88840517555eb3c77c157e","tokenurl":"/mcm/api/land?token=e9a0c18cab88840517555eb3c77c157e","imageurl":"/mcm/images/land/2A/13647_37350229bfd0.jpg","landname":"30"},{"id":281474989162677,"level":3,"status":0,"posx":21,"posy":8,"cityid":190,"townid":456,"tokenid":"4539ba3eddd0c823250fb8deb73f59e2","tokenurl":"/mcm/api/land?token=4539ba3eddd0c823250fb8deb73f59e2","imageurl":"/mcm/images/land/2B/22743_1a7f88ae4f3d.jpg","landname":"31"},{"id":281474989162678,"level":1,"status":1,"posx":22,"posy":8,"cityid":190,"townid":456,"tokenid":"62e72975103768d8abf75f2dd367af12","tokenurl":"/mcm/api/land?token=62e72975103768d8abf75f2dd367af12","imageurl":"/mcm/images/land/2S/9095_36ae1b9120aa.jpg","landname":"32"},{"id":281474989162679,"level":3,"status":0,"posx":25,"posy":8,"cityid":190,"townid":456,"tokenid":"72c7c60cd2296e43c53302408f507ce0","tokenurl":"/mcm/api/land?token=72c7c60cd2296e43c53302408f507ce0","imageurl":"/mcm/images/land/2B/22744_2096f44c2d2b.jpg","landname":"33"},{"id":281474989162680,"level":1,"status":0,"posx":26,"posy":8,"cityid":190,"townid":456,"tokenid":"0dc03a1343b3f054797bc48633f3e3aa","tokenurl":"/mcm/api/land?token=0dc03a1343b3f054797bc48633f3e3aa","imageurl":"/mcm/images/land/2S/9096_dae90d15b81.jpg","landname":"34"},{"id":281474989162681,"level":3,"status":1,"posx":30,"posy":8,"cityid":190,"townid":456,"tokenid":"884ee53ac2554f6894e21332f3700895","tokenurl":"/mcm/api/land?token=884ee53ac2554f6894e21332f3700895","imageurl":"/mcm/images/land/2B/22745_1ae55065e30b.jpg","landname":"35"},{"id":281474989162682,"level":3,"status":1,"posx":31,"posy":8,"cityid":190,"townid":456,"tokenid":"27fee1998cc8fc73455a66dbccdaba35","tokenurl":"/mcm/api/land?token=27fee1998cc8fc73455a66dbccdaba35","imageurl":"/mcm/images/land/2B/22746_54f2d5428702.jpg","landname":"36"},{"id":281474989162683,"level":2,"status":1,"posx":33,"posy":8,"cityid":190,"townid":456,"tokenid":"7551df4aa3ad3c4bf3d24debb471e46a","tokenurl":"/mcm/api/land?token=7551df4aa3ad3c4bf3d24debb471e46a","imageurl":"/mcm/images/land/2A/13648_542f2f45e2e4.jpg","landname":"37"},{"id":281474989162684,"level":1,"status":1,"posx":34,"posy":8,"cityid":190,"townid":456,"tokenid":"c2770bffe6ac96066c7d2204aea8f141","tokenurl":"/mcm/api/land?token=c2770bffe6ac96066c7d2204aea8f141","imageurl":"/mcm/images/land/2S/9097_57dd44f2fd1.jpg","landname":"38"},{"id":281474989162685,"level":2,"status":1,"posx":6,"posy":9,"cityid":190,"townid":456,"tokenid":"890b615ca6e4fc557498bbc9c5163ed2","tokenurl":"/mcm/api/land?token=890b615ca6e4fc557498bbc9c5163ed2","imageurl":"/mcm/images/land/2A/13649_3621db8888d2.jpg","landname":"39"},{"id":281474989162686,"level":1,"status":0,"posx":7,"posy":9,"cityid":190,"townid":456,"tokenid":"88b8357b039410f1c54ccea3806f93ca","tokenurl":"/mcm/api/land?token=88b8357b039410f1c54ccea3806f93ca","imageurl":"/mcm/images/land/2S/9098_2d2d5155fce7.jpg","landname":"40"},{"id":281474989162687,"level":2,"status":1,"posx":15,"posy":9,"cityid":190,"townid":456,"tokenid":"816c7be41b3ee9aa21f67116f52cbf98","tokenurl":"/mcm/api/land?token=816c7be41b3ee9aa21f67116f52cbf98","imageurl":"/mcm/images/land/2A/13650_3bfcaf4456e5.jpg","landname":"41"},{"id":281474989162688,"level":3,"status":0,"posx":16,"posy":9,"cityid":190,"townid":456,"tokenid":"652585050b20798f3dc96eed4f0d7e9b","tokenurl":"/mcm/api/land?token=652585050b20798f3dc96eed4f0d7e9b","imageurl":"/mcm/images/land/2B/22747_40b5142ddf9e.jpg","landname":"42"},{"id":281474989162689,"level":2,"status":0,"posx":21,"posy":9,"cityid":190,"townid":456,"tokenid":"bed0af6599db9bb3506e7bc2fdb2c7d2","tokenurl":"/mcm/api/land?token=bed0af6599db9bb3506e7bc2fdb2c7d2","imageurl":"/mcm/images/land/2A/13651_2eea81d1ca41.jpg","landname":"43"},{"id":281474989162690,"level":3,"status":1,"posx":22,"posy":9,"cityid":190,"townid":456,"tokenid":"d9204a9f131b980b1c3d91ac9bbfc547","tokenurl":"/mcm/api/land?token=d9204a9f131b980b1c3d91ac9bbfc547","imageurl":"/mcm/images/land/2B/22748_20d597033fd1.jpg","landname":"44"},{"id":281474989162691,"level":1,"status":0,"posx":25,"posy":9,"cityid":190,"townid":456,"tokenid":"ec964688564cb0a0f3ad428daf8115a2","tokenurl":"/mcm/api/land?token=ec964688564cb0a0f3ad428daf8115a2","imageurl":"/mcm/images/land/2S/9099_48e2f94587f7.jpg","landname":"45"},{"id":281474989162692,"level":1,"status":0,"posx":26,"posy":9,"cityid":190,"townid":456,"tokenid":"de3e4641d382a27984d24052382bd398","tokenurl":"/mcm/api/land?token=de3e4641d382a27984d24052382bd398","imageurl":"/mcm/images/land/2S/9100_1440dfd2ddb0.jpg","landname":"46"},{"id":281474989162693,"level":3,"status":0,"posx":30,"posy":9,"cityid":190,"townid":456,"tokenid":"de9828eac233cafdc31e015e6e866d12","tokenurl":"/mcm/api/land?token=de9828eac233cafdc31e015e6e866d12","imageurl":"/mcm/images/land/2B/22749_3f817df1ac42.jpg","landname":"47"},{"id":281474989162694,"level":3,"status":1,"posx":31,"posy":9,"cityid":190,"townid":456,"tokenid":"b419b2d0c043065859931b9eaafa60f3","tokenurl":"/mcm/api/land?token=b419b2d0c043065859931b9eaafa60f3","imageurl":"/mcm/images/land/2B/22750_1614c04c1518.jpg","landname":"48"},{"id":281474989162695,"level":3,"status":0,"posx":33,"posy":9,"cityid":190,"townid":456,"tokenid":"bd27af5d76382200a543f0945a996aa7","tokenurl":"/mcm/api/land?token=bd27af5d76382200a543f0945a996aa7","imageurl":"/mcm/images/land/2B/22751_3f748cccb77c.jpg","landname":"49"},{"id":281474989162696,"level":2,"status":0,"posx":34,"posy":9,"cityid":190,"townid":456,"tokenid":"b9acf6dff88d1538e985c0587bc3f9ff","tokenurl":"/mcm/api/land?token=b9acf6dff88d1538e985c0587bc3f9ff","imageurl":"/mcm/images/land/2A/13652_58765998c5ee.jpg","landname":"50"},{"id":281474989162697,"level":1,"status":0,"posx":6,"posy":10,"cityid":190,"townid":456,"tokenid":"f64fbad556a46324d77b73f16f246c09","tokenurl":"/mcm/api/land?token=f64fbad556a46324d77b73f16f246c09","imageurl":"/mcm/images/land/2S/9101_2c0005b29e9f.jpg","landname":"51"},{"id":281474989162698,"level":3,"status":1,"posx":7,"posy":10,"cityid":190,"townid":456,"tokenid":"82bdb390b4b9af6274b2be4189bbada0","tokenurl":"/mcm/api/land?token=82bdb390b4b9af6274b2be4189bbada0","imageurl":"/mcm/images/land/2B/22752_517c0d7299ae.jpg","landname":"52"},{"id":281474989162699,"level":3,"status":0,"posx":11,"posy":10,"cityid":190,"townid":456,"tokenid":"e8def11a39828d66c4fe4f885bb30bfa","tokenurl":"/mcm/api/land?token=e8def11a39828d66c4fe4f885bb30bfa","imageurl":"/mcm/images/land/2B/22753_19699d556506.jpg","landname":"53"},{"id":281474989162700,"level":3,"status":1,"posx":12,"posy":10,"cityid":190,"townid":456,"tokenid":"3610614cf539e2df27f1759812e16c47","tokenurl":"/mcm/api/land?token=3610614cf539e2df27f1759812e16c47","imageurl":"/mcm/images/land/2B/22754_2d7790b5e018.jpg","landname":"54"},{"id":281474989162701,"level":2,"status":0,"posx":21,"posy":10,"cityid":190,"townid":456,"tokenid":"d7caeb9575d4db4d88d7efa1d5ece36f","tokenurl":"/mcm/api/land?token=d7caeb9575d4db4d88d7efa1d5ece36f","imageurl":"/mcm/images/land/2A/13653_2632a3bc9b5c.jpg","landname":"55"},{"id":281474989162702,"level":3,"status":0,"posx":22,"posy":10,"cityid":190,"townid":456,"tokenid":"7dba7534a4b85eb564e41937af82d6a2","tokenurl":"/mcm/api/land?token=7dba7534a4b85eb564e41937af82d6a2","imageurl":"/mcm/images/land/2B/22755_12be9b194c55.jpg","landname":"56"},{"id":281474989162703,"level":1,"status":0,"posx":30,"posy":10,"cityid":190,"townid":456,"tokenid":"094f5b7e51ab8e20b90fe13abe90925b","tokenurl":"/mcm/api/land?token=094f5b7e51ab8e20b90fe13abe90925b","imageurl":"/mcm/images/land/2S/9102_3698bb554558.jpg","landname":"57"},{"id":281474989162704,"level":1,"status":0,"posx":31,"posy":10,"cityid":190,"townid":456,"tokenid":"3a044e9bae0483c097ca001be53ad453","tokenurl":"/mcm/api/land?token=3a044e9bae0483c097ca001be53ad453","imageurl":"/mcm/images/land/2S/9103_3916d4caa653.jpg","landname":"58"},{"id":281474989162705,"level":1,"status":0,"posx":33,"posy":10,"cityid":190,"townid":456,"tokenid":"dee880137f2a9e9b89b1965851fccf1d","tokenurl":"/mcm/api/land?token=dee880137f2a9e9b89b1965851fccf1d","imageurl":"/mcm/images/land/2S/9104_2bf7a6b881a2.jpg","landname":"59"},{"id":281474989162706,"level":2,"status":1,"posx":34,"posy":10,"cityid":190,"townid":456,"tokenid":"af96a82e8c0a85e28b4e689007a12828","tokenurl":"/mcm/api/land?token=af96a82e8c0a85e28b4e689007a12828","imageurl":"/mcm/images/land/2A/13654_370cfb875e82.jpg","landname":"60"},{"id":281474989162707,"level":2,"status":0,"posx":11,"posy":11,"cityid":190,"townid":456,"tokenid":"f74e8544e49ecafd428ce215c84c8d77","tokenurl":"/mcm/api/land?token=f74e8544e49ecafd428ce215c84c8d77","imageurl":"/mcm/images/land/2A/13655_3a7edb64e393.jpg","landname":"61"},{"id":281474989162708,"level":1,"status":1,"posx":12,"posy":11,"cityid":190,"townid":456,"tokenid":"ac34a6281958632691d039559a522a38","tokenurl":"/mcm/api/land?token=ac34a6281958632691d039559a522a38","imageurl":"/mcm/images/land/2S/9105_2a0955ef31d6.jpg","landname":"62"},{"id":281474989162709,"level":2,"status":1,"posx":21,"posy":11,"cityid":190,"townid":456,"tokenid":"8e9d1095f599782348352d184966a2f6","tokenurl":"/mcm/api/land?token=8e9d1095f599782348352d184966a2f6","imageurl":"/mcm/images/land/2A/13656_76148edeff8.jpg","landname":"63"},{"id":281474989162710,"level":2,"status":0,"posx":22,"posy":11,"cityid":190,"townid":456,"tokenid":"935349d2951150d947c8e22cc221636d","tokenurl":"/mcm/api/land?token=935349d2951150d947c8e22cc221636d","imageurl":"/mcm/images/land/2A/13657_202b762b30ed.jpg","landname":"64"},{"id":281474989162711,"level":1,"status":1,"posx":11,"posy":12,"cityid":190,"townid":456,"tokenid":"6bd54d5c4aec4049cd0af8ffd11cd865","tokenurl":"/mcm/api/land?token=6bd54d5c4aec4049cd0af8ffd11cd865","imageurl":"/mcm/images/land/2S/9106_47564d514e56.jpg","landname":"65"},{"id":281474989162712,"level":1,"status":0,"posx":12,"posy":12,"cityid":190,"townid":456,"tokenid":"d607c4b3c242fd367363000e1d9ed745","tokenurl":"/mcm/api/land?token=d607c4b3c242fd367363000e1d9ed745","imageurl":"/mcm/images/land/2S/9107_2653514bd706.jpg","landname":"66"},{"id":281474989162713,"level":2,"status":1,"posx":11,"posy":13,"cityid":190,"townid":456,"tokenid":"9c9399b2383d7885861fff6cfcacbeaa","tokenurl":"/mcm/api/land?token=9c9399b2383d7885861fff6cfcacbeaa","imageurl":"/mcm/images/land/2A/13658_5da6e5b1a9c.jpg","landname":"67"},{"id":281474989162714,"level":2,"status":1,"posx":12,"posy":13,"cityid":190,"townid":456,"tokenid":"0179d3dd00fa314c86b08ea621862cd6","tokenurl":"/mcm/api/land?token=0179d3dd00fa314c86b08ea621862cd6","imageurl":"/mcm/images/land/2A/13659_12e3d89f4e1f.jpg","landname":"68"},{"id":281474989162715,"level":3,"status":1,"posx":11,"posy":14,"cityid":190,"townid":456,"tokenid":"c971383261c906ef8b0ecd8d2eed7128","tokenurl":"/mcm/api/land?token=c971383261c906ef8b0ecd8d2eed7128","imageurl":"/mcm/images/land/2B/22756_56fb43d4c324.jpg","landname":"69"},{"id":281474989162716,"level":3,"status":0,"posx":12,"posy":14,"cityid":190,"townid":456,"tokenid":"c678071f8162c1616f50a73fd1e78fe6","tokenurl":"/mcm/api/land?token=c678071f8162c1616f50a73fd1e78fe6","imageurl":"/mcm/images/land/2B/22757_257d0acec261.jpg","landname":"70"},{"id":281474989162717,"level":3,"status":0,"posx":8,"posy":20,"cityid":190,"townid":456,"tokenid":"bfd78ad824ff65d402f641b4bfbb71ff","tokenurl":"/mcm/api/land?token=bfd78ad824ff65d402f641b4bfbb71ff","imageurl":"/mcm/images/land/2B/22758_3a08049fdc15.jpg","landname":"71"},{"id":281474989162718,"level":2,"status":0,"posx":9,"posy":20,"cityid":190,"townid":456,"tokenid":"79d917569963c6f67a58ee220103739e","tokenurl":"/mcm/api/land?token=79d917569963c6f67a58ee220103739e","imageurl":"/mcm/images/land/2A/13660_4f9c5244af21.jpg","landname":"72"},{"id":281474989162719,"level":2,"status":0,"posx":10,"posy":20,"cityid":190,"townid":456,"tokenid":"6451ca4ee74634cd3f6d73df1ecea963","tokenurl":"/mcm/api/land?token=6451ca4ee74634cd3f6d73df1ecea963","imageurl":"/mcm/images/land/2A/13661_2b90f41e447.jpg","landname":"73"},{"id":281474989162720,"level":3,"status":0,"posx":11,"posy":20,"cityid":190,"townid":456,"tokenid":"d8f7cc15f185ee26611ac1eaa8d39f23","tokenurl":"/mcm/api/land?token=d8f7cc15f185ee26611ac1eaa8d39f23","imageurl":"/mcm/images/land/2B/22759_259c52ec9e72.jpg","landname":"74"},{"id":281474989162721,"level":1,"status":1,"posx":12,"posy":20,"cityid":190,"townid":456,"tokenid":"6ce73cda0250e9e1b8e6cbac8a367b56","tokenurl":"/mcm/api/land?token=6ce73cda0250e9e1b8e6cbac8a367b56","imageurl":"/mcm/images/land/2S/9108_317f87960eff.jpg","landname":"75"},{"id":281474989162722,"level":3,"status":0,"posx":8,"posy":21,"cityid":190,"townid":456,"tokenid":"6273f529aec33b86f9f45b5f3b743428","tokenurl":"/mcm/api/land?token=6273f529aec33b86f9f45b5f3b743428","imageurl":"/mcm/images/land/2B/22760_90770afe141.jpg","landname":"76"},{"id":281474989162723,"level":3,"status":1,"posx":9,"posy":21,"cityid":190,"townid":456,"tokenid":"4e993cc03f0ab53a818894d434c26afd","tokenurl":"/mcm/api/land?token=4e993cc03f0ab53a818894d434c26afd","imageurl":"/mcm/images/land/2B/22761_50d41e90582e.jpg","landname":"77"},{"id":281474989162724,"level":2,"status":0,"posx":10,"posy":21,"cityid":190,"townid":456,"tokenid":"3171b6e74c3a59e71539e50626b9bb6b","tokenurl":"/mcm/api/land?token=3171b6e74c3a59e71539e50626b9bb6b","imageurl":"/mcm/images/land/2A/13662_31e1aeb266b3.jpg","landname":"78"},{"id":281474989162725,"level":3,"status":1,"posx":11,"posy":21,"cityid":190,"townid":456,"tokenid":"7fd23b2c25a266cd2472925e2ce0a149","tokenurl":"/mcm/api/land?token=7fd23b2c25a266cd2472925e2ce0a149","imageurl":"/mcm/images/land/2B/22762_2b2375b47e34.jpg","landname":"79"},{"id":281474989162726,"level":1,"status":1,"posx":12,"posy":21,"cityid":190,"townid":456,"tokenid":"1d29127f4fb096c29fe8baabde64e00a","tokenurl":"/mcm/api/land?token=1d29127f4fb096c29fe8baabde64e00a","imageurl":"/mcm/images/land/2S/9109_5138cb9ff4e7.jpg","landname":"80"},{"id":281474989162727,"level":3,"status":0,"posx":27,"posy":22,"cityid":190,"townid":456,"tokenid":"f4acd314b8eaa104567be28af26fc0de","tokenurl":"/mcm/api/land?token=f4acd314b8eaa104567be28af26fc0de","imageurl":"/mcm/images/land/2B/22763_38b2f56a92c4.jpg","landname":"81"},{"id":281474989162728,"level":1,"status":0,"posx":28,"posy":22,"cityid":190,"townid":456,"tokenid":"123d25f62c98a6ea0ffa727a8379448e","tokenurl":"/mcm/api/land?token=123d25f62c98a6ea0ffa727a8379448e","imageurl":"/mcm/images/land/2S/9110_528823a4fe37.jpg","landname":"82"},{"id":281474989162729,"level":3,"status":1,"posx":29,"posy":22,"cityid":190,"townid":456,"tokenid":"32366c4b5295cbcb7f942b42113f5591","tokenurl":"/mcm/api/land?token=32366c4b5295cbcb7f942b42113f5591","imageurl":"/mcm/images/land/2B/22764_43765f48a67f.jpg","landname":"83"},{"id":281474989162730,"level":3,"status":1,"posx":30,"posy":22,"cityid":190,"townid":456,"tokenid":"e913bc78378aa12d94ce7f0237ef1682","tokenurl":"/mcm/api/land?token=e913bc78378aa12d94ce7f0237ef1682","imageurl":"/mcm/images/land/2B/22765_3d95f58f802c.jpg","landname":"84"},{"id":281474989162731,"level":1,"status":0,"posx":31,"posy":22,"cityid":190,"townid":456,"tokenid":"f790f6f58871f95c76de3124bdd3d751","tokenurl":"/mcm/api/land?token=f790f6f58871f95c76de3124bdd3d751","imageurl":"/mcm/images/land/2S/9111_575c20651f81.jpg","landname":"85"},{"id":281474989162732,"level":3,"status":1,"posx":27,"posy":23,"cityid":190,"townid":456,"tokenid":"f9dae72c0671290d0b0a41bbcaa5da6e","tokenurl":"/mcm/api/land?token=f9dae72c0671290d0b0a41bbcaa5da6e","imageurl":"/mcm/images/land/2B/22766_165f2925e764.jpg","landname":"86"},{"id":281474989162733,"level":3,"status":1,"posx":28,"posy":23,"cityid":190,"townid":456,"tokenid":"076df21781ce876710a13a108dfd4252","tokenurl":"/mcm/api/land?token=076df21781ce876710a13a108dfd4252","imageurl":"/mcm/images/land/2B/22767_159e4ebc8b66.jpg","landname":"87"},{"id":281474989162734,"level":2,"status":0,"posx":29,"posy":23,"cityid":190,"townid":456,"tokenid":"b9afa5d2ce9667fba53ac8d4f868f0f8","tokenurl":"/mcm/api/land?token=b9afa5d2ce9667fba53ac8d4f868f0f8","imageurl":"/mcm/images/land/2A/13663_18e5828164f6.jpg","landname":"88"},{"id":281474989162735,"level":3,"status":0,"posx":30,"posy":23,"cityid":190,"townid":456,"tokenid":"d2c69a03ca96ae626342055e74a307ea","tokenurl":"/mcm/api/land?token=d2c69a03ca96ae626342055e74a307ea","imageurl":"/mcm/images/land/2B/22768_46dc6b793b45.jpg","landname":"89"},{"id":281474989162736,"level":3,"status":0,"posx":31,"posy":23,"cityid":190,"townid":456,"tokenid":"b06030d71e2575d879d9b77de0e134c0","tokenurl":"/mcm/api/land?token=b06030d71e2575d879d9b77de0e134c0","imageurl":"/mcm/images/land/2B/22769_1d10195f1abe.jpg","landname":"90"},{"id":281474989162737,"level":2,"status":1,"posx":8,"posy":24,"cityid":190,"townid":456,"tokenid":"6be1fb0e29b62229207b1f444a671fb1","tokenurl":"/mcm/api/land?token=6be1fb0e29b62229207b1f444a671fb1","imageurl":"/mcm/images/land/2A/13664_4ec8c452a961.jpg","landname":"91"},{"id":281474989162738,"level":2,"status":0,"posx":9,"posy":24,"cityid":190,"townid":456,"tokenid":"f9383de47bd40262f2c66d9b85797353","tokenurl":"/mcm/api/land?token=f9383de47bd40262f2c66d9b85797353","imageurl":"/mcm/images/land/2A/13665_470ab557201d.jpg","landname":"92"},{"id":281474989162739,"level":3,"status":1,"posx":10,"posy":24,"cityid":190,"townid":456,"tokenid":"f70177cf8e16c71eb3248f228f396d81","tokenurl":"/mcm/api/land?token=f70177cf8e16c71eb3248f228f396d81","imageurl":"/mcm/images/land/2B/22770_4f6bc72e2e.jpg","landname":"93"},{"id":281474989162740,"level":3,"status":0,"posx":11,"posy":24,"cityid":190,"townid":456,"tokenid":"7b3ec23b42e637eb7ea30f37b04b37fd","tokenurl":"/mcm/api/land?token=7b3ec23b42e637eb7ea30f37b04b37fd","imageurl":"/mcm/images/land/2B/22771_47d4b68121cf.jpg","landname":"94"},{"id":281474989162741,"level":2,"status":1,"posx":12,"posy":24,"cityid":190,"townid":456,"tokenid":"a1933544e2e721b04f43a24c3b603666","tokenurl":"/mcm/api/land?token=a1933544e2e721b04f43a24c3b603666","imageurl":"/mcm/images/land/2A/13666_34c1ad07a520.jpg","landname":"95"},{"id":281474989162742,"level":3,"status":1,"posx":17,"posy":24,"cityid":190,"townid":456,"tokenid":"913a93627ed3c1f56ca0dd40613c5a6b","tokenurl":"/mcm/api/land?token=913a93627ed3c1f56ca0dd40613c5a6b","imageurl":"/mcm/images/land/2B/22772_1fc53a6b05ce.jpg","landname":"96"},{"id":281474989162743,"level":3,"status":1,"posx":18,"posy":24,"cityid":190,"townid":456,"tokenid":"e2ea2bb638dffc37b5f6e4784dba3de9","tokenurl":"/mcm/api/land?token=e2ea2bb638dffc37b5f6e4784dba3de9","imageurl":"/mcm/images/land/2B/22773_3777c189c6f1.jpg","landname":"97"},{"id":281474989162744,"level":3,"status":1,"posx":19,"posy":24,"cityid":190,"townid":456,"tokenid":"6bd4543e567b42304adbda89732b2368","tokenurl":"/mcm/api/land?token=6bd4543e567b42304adbda89732b2368","imageurl":"/mcm/images/land/2B/22774_10d62c413fbf.jpg","landname":"98"},{"id":281474989162745,"level":2,"status":0,"posx":20,"posy":24,"cityid":190,"townid":456,"tokenid":"ddb09dcb44e376593a725f96282e3f8d","tokenurl":"/mcm/api/land?token=ddb09dcb44e376593a725f96282e3f8d","imageurl":"/mcm/images/land/2A/13667_1d39dbaa578a.jpg","landname":"99"},{"id":281474989162746,"level":1,"status":0,"posx":21,"posy":24,"cityid":190,"townid":456,"tokenid":"782061ad8f084b92b9c34b53b6b9a434","tokenurl":"/mcm/api/land?token=782061ad8f084b92b9c34b53b6b9a434","imageurl":"/mcm/images/land/2S/9112_24bae32bfada.jpg","landname":"100"},{"id":281474989162747,"level":2,"status":0,"posx":8,"posy":25,"cityid":190,"townid":456,"tokenid":"4b79d110d59a5828aa7dda01e4847244","tokenurl":"/mcm/api/land?token=4b79d110d59a5828aa7dda01e4847244","imageurl":"/mcm/images/land/2A/13668_28326e9aa7b5.jpg","landname":"101"},{"id":281474989162748,"level":2,"status":1,"posx":9,"posy":25,"cityid":190,"townid":456,"tokenid":"c8a63d5c6d8e317872369096c9d9fe9e","tokenurl":"/mcm/api/land?token=c8a63d5c6d8e317872369096c9d9fe9e","imageurl":"/mcm/images/land/2A/13669_5338cc9f3e95.jpg","landname":"102"},{"id":281474989162749,"level":3,"status":1,"posx":10,"posy":25,"cityid":190,"townid":456,"tokenid":"ded09de07f7eebcced96ef3f69bd64fc","tokenurl":"/mcm/api/land?token=ded09de07f7eebcced96ef3f69bd64fc","imageurl":"/mcm/images/land/2B/22775_5ab3ac42ef04.jpg","landname":"103"},{"id":281474989162750,"level":1,"status":0,"posx":11,"posy":25,"cityid":190,"townid":456,"tokenid":"0aae7d2b0f9219a0b2533fe205494534","tokenurl":"/mcm/api/land?token=0aae7d2b0f9219a0b2533fe205494534","imageurl":"/mcm/images/land/2S/9113_4e21d9be980d.jpg","landname":"104"},{"id":281474989162751,"level":1,"status":1,"posx":12,"posy":25,"cityid":190,"townid":456,"tokenid":"bf336037a4a8f14947bc71c909e29d20","tokenurl":"/mcm/api/land?token=bf336037a4a8f14947bc71c909e29d20","imageurl":"/mcm/images/land/2S/9114_3ce652937827.jpg","landname":"105"},{"id":281474989162752,"level":2,"status":0,"posx":17,"posy":25,"cityid":190,"townid":456,"tokenid":"6de5036d6b2cea519efb6f1cabe3b069","tokenurl":"/mcm/api/land?token=6de5036d6b2cea519efb6f1cabe3b069","imageurl":"/mcm/images/land/2A/13670_c37ccae2b35.jpg","landname":"106"},{"id":281474989162753,"level":2,"status":0,"posx":18,"posy":25,"cityid":190,"townid":456,"tokenid":"f02f836ac308aed7b35b6e6eaa04e4c4","tokenurl":"/mcm/api/land?token=f02f836ac308aed7b35b6e6eaa04e4c4","imageurl":"/mcm/images/land/2A/13671_3ca39a309162.jpg","landname":"107"},{"id":281474989162754,"level":3,"status":1,"posx":19,"posy":25,"cityid":190,"townid":456,"tokenid":"4aa0389bc81b81cbb42d07e21c239a9b","tokenurl":"/mcm/api/land?token=4aa0389bc81b81cbb42d07e21c239a9b","imageurl":"/mcm/images/land/2B/22776_339c9a6ee7b7.jpg","landname":"108"},{"id":281474989162755,"level":2,"status":0,"posx":20,"posy":25,"cityid":190,"townid":456,"tokenid":"883eb2308cf4bab8f2e0b675061b1be4","tokenurl":"/mcm/api/land?token=883eb2308cf4bab8f2e0b675061b1be4","imageurl":"/mcm/images/land/2A/13672_1c282c912d12.jpg","landname":"109"},{"id":281474989162756,"level":2,"status":1,"posx":21,"posy":25,"cityid":190,"townid":456,"tokenid":"5015120ef487c9995fb4fd0eb6d052bd","tokenurl":"/mcm/api/land?token=5015120ef487c9995fb4fd0eb6d052bd","imageurl":"/mcm/images/land/2A/13673_41a5e90441f.jpg","landname":"110"},{"id":281474989162757,"level":3,"status":0,"posx":27,"posy":26,"cityid":190,"townid":456,"tokenid":"1b3a28d78110a370331d219dd34f5125","tokenurl":"/mcm/api/land?token=1b3a28d78110a370331d219dd34f5125","imageurl":"/mcm/images/land/2B/22777_3858662e28ba.jpg","landname":"111"},{"id":281474989162758,"level":3,"status":0,"posx":28,"posy":26,"cityid":190,"townid":456,"tokenid":"54a900c074519c12c65389bf50a4c9ff","tokenurl":"/mcm/api/land?token=54a900c074519c12c65389bf50a4c9ff","imageurl":"/mcm/images/land/2B/22778_2edfd1226fee.jpg","landname":"112"},{"id":281474989162759,"level":3,"status":1,"posx":27,"posy":27,"cityid":190,"townid":456,"tokenid":"cb6a14c4b4a5632fc518caa85c662419","tokenurl":"/mcm/api/land?token=cb6a14c4b4a5632fc518caa85c662419","imageurl":"/mcm/images/land/2B/22779_1a8c21436c94.jpg","landname":"113"},{"id":281474989162760,"level":3,"status":1,"posx":28,"posy":27,"cityid":190,"townid":456,"tokenid":"7384e2a79d7561b5b87ffff78b39d00b","tokenurl":"/mcm/api/land?token=7384e2a79d7561b5b87ffff78b39d00b","imageurl":"/mcm/images/land/2B/22780_144530163980.jpg","landname":"114"},{"id":281474989162761,"level":3,"status":0,"posx":32,"posy":27,"cityid":190,"townid":456,"tokenid":"2e6dc7a9a9d108a0f050baecfcbdd59d","tokenurl":"/mcm/api/land?token=2e6dc7a9a9d108a0f050baecfcbdd59d","imageurl":"/mcm/images/land/2B/22781_b27992eb15d.jpg","landname":"115"},{"id":281474989162762,"level":3,"status":0,"posx":33,"posy":27,"cityid":190,"townid":456,"tokenid":"6309b901bc7f2b443e32505726d4faba","tokenurl":"/mcm/api/land?token=6309b901bc7f2b443e32505726d4faba","imageurl":"/mcm/images/land/2B/22782_39f1cb57f00b.jpg","landname":"116"},{"id":281474989162763,"level":3,"status":0,"posx":8,"posy":28,"cityid":190,"townid":456,"tokenid":"2472f434936afe987f71c75cd0231727","tokenurl":"/mcm/api/land?token=2472f434936afe987f71c75cd0231727","imageurl":"/mcm/images/land/2B/22783_fda25a60187.jpg","landname":"117"},{"id":281474989162764,"level":3,"status":0,"posx":9,"posy":28,"cityid":190,"townid":456,"tokenid":"fe444f478908144e9356204866f18aaa","tokenurl":"/mcm/api/land?token=fe444f478908144e9356204866f18aaa","imageurl":"/mcm/images/land/2B/22784_21d3e0997d0b.jpg","landname":"118"},{"id":281474989162765,"level":3,"status":1,"posx":10,"posy":28,"cityid":190,"townid":456,"tokenid":"cbbca3a2ba8264651ea29a1a6615edd4","tokenurl":"/mcm/api/land?token=cbbca3a2ba8264651ea29a1a6615edd4","imageurl":"/mcm/images/land/2B/22785_19ce30427661.jpg","landname":"119"},{"id":281474989162766,"level":3,"status":0,"posx":11,"posy":28,"cityid":190,"townid":456,"tokenid":"75a83803cb39a5bf507f0f3f89756655","tokenurl":"/mcm/api/land?token=75a83803cb39a5bf507f0f3f89756655","imageurl":"/mcm/images/land/2B/22786_931339ccfa8.jpg","landname":"120"},{"id":281474989162767,"level":1,"status":0,"posx":12,"posy":28,"cityid":190,"townid":456,"tokenid":"280d51b9f48265816a071551c69bc165","tokenurl":"/mcm/api/land?token=280d51b9f48265816a071551c69bc165","imageurl":"/mcm/images/land/2S/9115_59c726c1b4ab.jpg","landname":"121"},{"id":281474989162768,"level":3,"status":1,"posx":17,"posy":28,"cityid":190,"townid":456,"tokenid":"1d41cf242f344c429581412a3eba9673","tokenurl":"/mcm/api/land?token=1d41cf242f344c429581412a3eba9673","imageurl":"/mcm/images/land/2B/22787_349e643c3555.jpg","landname":"122"},{"id":281474989162769,"level":3,"status":1,"posx":18,"posy":28,"cityid":190,"townid":456,"tokenid":"b1f8c9b3c450fbb88c67bd7bcb440309","tokenurl":"/mcm/api/land?token=b1f8c9b3c450fbb88c67bd7bcb440309","imageurl":"/mcm/images/land/2B/22788_38c9f2b1e11a.jpg","landname":"123"},{"id":281474989162770,"level":1,"status":1,"posx":19,"posy":28,"cityid":190,"townid":456,"tokenid":"e4ca133cc7c0de716fd348059c76540e","tokenurl":"/mcm/api/land?token=e4ca133cc7c0de716fd348059c76540e","imageurl":"/mcm/images/land/2S/9116_58958b3e9887.jpg","landname":"124"},{"id":281474989162771,"level":3,"status":0,"posx":20,"posy":28,"cityid":190,"townid":456,"tokenid":"f1930b04efc28bf6749fd83c78b67f28","tokenurl":"/mcm/api/land?token=f1930b04efc28bf6749fd83c78b67f28","imageurl":"/mcm/images/land/2B/22789_2ce2f03359e3.jpg","landname":"125"},{"id":281474989162772,"level":3,"status":0,"posx":21,"posy":28,"cityid":190,"townid":456,"tokenid":"46fb66524d3af4775aa3355d7e81fc6f","tokenurl":"/mcm/api/land?token=46fb66524d3af4775aa3355d7e81fc6f","imageurl":"/mcm/images/land/2B/22790_59207c64c4fd.jpg","landname":"126"},{"id":281474989162773,"level":1,"status":1,"posx":27,"posy":28,"cityid":190,"townid":456,"tokenid":"fe545b4c7c61ad838ce2743c626864db","tokenurl":"/mcm/api/land?token=fe545b4c7c61ad838ce2743c626864db","imageurl":"/mcm/images/land/2S/9117_abdc372c67.jpg","landname":"127"},{"id":281474989162774,"level":3,"status":1,"posx":28,"posy":28,"cityid":190,"townid":456,"tokenid":"4e539b19b0bc8f8504178771f9284cc7","tokenurl":"/mcm/api/land?token=4e539b19b0bc8f8504178771f9284cc7","imageurl":"/mcm/images/land/2B/22791_4f5a4d301653.jpg","landname":"128"},{"id":281474989162775,"level":3,"status":0,"posx":32,"posy":28,"cityid":190,"townid":456,"tokenid":"2d419cb440179af17a80ad941b6040ad","tokenurl":"/mcm/api/land?token=2d419cb440179af17a80ad941b6040ad","imageurl":"/mcm/images/land/2B/22792_908725a262a.jpg","landname":"129"},{"id":281474989162776,"level":1,"status":1,"posx":33,"posy":28,"cityid":190,"townid":456,"tokenid":"3d0d68f83ca226f21c6bdabd8f1b3dba","tokenurl":"/mcm/api/land?token=3d0d68f83ca226f21c6bdabd8f1b3dba","imageurl":"/mcm/images/land/2S/9118_2d68b089e549.jpg","landname":"130"},{"id":281474989162777,"level":3,"status":1,"posx":8,"posy":29,"cityid":190,"townid":456,"tokenid":"ca5bd58a13807c304968e993ee5edae6","tokenurl":"/mcm/api/land?token=ca5bd58a13807c304968e993ee5edae6","imageurl":"/mcm/images/land/2B/22793_3766825fb786.jpg","landname":"131"},{"id":281474989162778,"level":2,"status":1,"posx":9,"posy":29,"cityid":190,"townid":456,"tokenid":"638a5ddf9d30894db64372e3a5ba06a0","tokenurl":"/mcm/api/land?token=638a5ddf9d30894db64372e3a5ba06a0","imageurl":"/mcm/images/land/2A/13674_403b15163293.jpg","landname":"132"},{"id":281474989162779,"level":1,"status":1,"posx":10,"posy":29,"cityid":190,"townid":456,"tokenid":"03b920ba2a6a2d13e8a31fb7d18d634b","tokenurl":"/mcm/api/land?token=03b920ba2a6a2d13e8a31fb7d18d634b","imageurl":"/mcm/images/land/2S/9119_dc829f3f402.jpg","landname":"133"},{"id":281474989162780,"level":3,"status":0,"posx":11,"posy":29,"cityid":190,"townid":456,"tokenid":"83857c8b3df97cf7e20d2e19a69dd2d9","tokenurl":"/mcm/api/land?token=83857c8b3df97cf7e20d2e19a69dd2d9","imageurl":"/mcm/images/land/2B/22794_4cc381d49cdd.jpg","landname":"134"},{"id":281474989162781,"level":2,"status":0,"posx":12,"posy":29,"cityid":190,"townid":456,"tokenid":"bd0228d0e5666de26e67879a7bb21ee5","tokenurl":"/mcm/api/land?token=bd0228d0e5666de26e67879a7bb21ee5","imageurl":"/mcm/images/land/2A/13675_3e9dd50d1a8a.jpg","landname":"135"},{"id":281474989162782,"level":1,"status":0,"posx":17,"posy":29,"cityid":190,"townid":456,"tokenid":"7605f73b5642a32a1b93db61395d5405","tokenurl":"/mcm/api/land?token=7605f73b5642a32a1b93db61395d5405","imageurl":"/mcm/images/land/2S/9120_2baf05ecb5cb.jpg","landname":"136"},{"id":281474989162783,"level":3,"status":1,"posx":18,"posy":29,"cityid":190,"townid":456,"tokenid":"46fcabb8bac54f9743b7a0fd4a8a8ee4","tokenurl":"/mcm/api/land?token=46fcabb8bac54f9743b7a0fd4a8a8ee4","imageurl":"/mcm/images/land/2B/22795_2a906977f61e.jpg","landname":"137"},{"id":281474989162784,"level":3,"status":0,"posx":19,"posy":29,"cityid":190,"townid":456,"tokenid":"a4f512e785a13790cb23417cd8b24a57","tokenurl":"/mcm/api/land?token=a4f512e785a13790cb23417cd8b24a57","imageurl":"/mcm/images/land/2B/22796_3fa49da51a0a.jpg","landname":"138"},{"id":281474989162785,"level":2,"status":0,"posx":20,"posy":29,"cityid":190,"townid":456,"tokenid":"866d8c5e8ceda2392355fd60089e5948","tokenurl":"/mcm/api/land?token=866d8c5e8ceda2392355fd60089e5948","imageurl":"/mcm/images/land/2A/13676_3af41b39b873.jpg","landname":"139"},{"id":281474989162786,"level":2,"status":1,"posx":21,"posy":29,"cityid":190,"townid":456,"tokenid":"2133c50dad3803391c7c1ef181fde113","tokenurl":"/mcm/api/land?token=2133c50dad3803391c7c1ef181fde113","imageurl":"/mcm/images/land/2A/13677_14ead7a19e09.jpg","landname":"140"},{"id":281474989162787,"level":3,"status":1,"posx":27,"posy":29,"cityid":190,"townid":456,"tokenid":"e3ab98659ea2403c7d7c475e9356c373","tokenurl":"/mcm/api/land?token=e3ab98659ea2403c7d7c475e9356c373","imageurl":"/mcm/images/land/2B/22797_57eb2d83bd88.jpg","landname":"141"},{"id":281474989162788,"level":2,"status":1,"posx":28,"posy":29,"cityid":190,"townid":456,"tokenid":"be49cade6cf5c43740a3ddc9add5f4be","tokenurl":"/mcm/api/land?token=be49cade6cf5c43740a3ddc9add5f4be","imageurl":"/mcm/images/land/2A/13678_f1ab1b9b2d.jpg","landname":"142"},{"id":281474989162789,"level":3,"status":1,"posx":32,"posy":29,"cityid":190,"townid":456,"tokenid":"c3e137a8278c0504c39a2b02eef06f5a","tokenurl":"/mcm/api/land?token=c3e137a8278c0504c39a2b02eef06f5a","imageurl":"/mcm/images/land/2B/22798_303e50d349bf.jpg","landname":"143"},{"id":281474989162790,"level":2,"status":0,"posx":33,"posy":29,"cityid":190,"townid":456,"tokenid":"46e00be88622142d12ef7b5bf628d031","tokenurl":"/mcm/api/land?token=46e00be88622142d12ef7b5bf628d031","imageurl":"/mcm/images/land/2A/13679_a3e849f18f7.jpg","landname":"144"},{"id":281474989162791,"level":2,"status":0,"posx":27,"posy":30,"cityid":190,"townid":456,"tokenid":"edbe63d7ff1e9c6b79fcd8d2dffd66ff","tokenurl":"/mcm/api/land?token=edbe63d7ff1e9c6b79fcd8d2dffd66ff","imageurl":"/mcm/images/land/2A/13680_1f6ae37bcf3d.jpg","landname":"145"},{"id":281474989162792,"level":1,"status":1,"posx":28,"posy":30,"cityid":190,"townid":456,"tokenid":"01bebbada7d3a833b14c3fb6ca5601e8","tokenurl":"/mcm/api/land?token=01bebbada7d3a833b14c3fb6ca5601e8","imageurl":"/mcm/images/land/2S/9121_2669e60f9fb4.jpg","landname":"146"},{"id":281474989162793,"level":2,"status":1,"posx":32,"posy":30,"cityid":190,"townid":456,"tokenid":"e75a12e258eee5f8b81542688f663b9d","tokenurl":"/mcm/api/land?token=e75a12e258eee5f8b81542688f663b9d","imageurl":"/mcm/images/land/2A/13681_c3c77356942.jpg","landname":"147"},{"id":281474989162794,"level":3,"status":1,"posx":33,"posy":30,"cityid":190,"townid":456,"tokenid":"73f7d85ca1e3fe8d6c603dce0617ec0f","tokenurl":"/mcm/api/land?token=73f7d85ca1e3fe8d6c603dce0617ec0f","imageurl":"/mcm/images/land/2B/22799_18428cf328a4.jpg","landname":"148"},{"id":281474989162795,"level":3,"status":0,"posx":32,"posy":31,"cityid":190,"townid":456,"tokenid":"d46133a63a1f4bcc686bf723680041d4","tokenurl":"/mcm/api/land?token=d46133a63a1f4bcc686bf723680041d4","imageurl":"/mcm/images/land/2B/22800_3bf8b5401fbc.jpg","landname":"149"},{"id":281474989162796,"level":3,"status":0,"posx":33,"posy":31,"cityid":190,"townid":456,"tokenid":"257f97b481157c32f78b4588612e03a4","tokenurl":"/mcm/api/land?token=257f97b481157c32f78b4588612e03a4","imageurl":"/mcm/images/land/2B/22801_1a986a82d7aa.jpg","landname":"150"}]]],0,0,[],[],[]]
