[1,0,0,[["cc.JsonAsset",["_name","json"],1]],[[0,0,1,3]],[[0,"824",[{"id":281475001221271,"level":2,"status":1,"posx":15,"posy":5,"cityid":374,"townid":824,"tokenid":"c0f44a4ba0e7a36f6b49ceeb75f93651","tokenurl":"/mcm/api/land?token=c0f44a4ba0e7a36f6b49ceeb75f93651","imageurl":"/mcm/images/land/2A/11837_22b512e45c9c.jpg","landname":"1"},{"id":281475001221272,"level":2,"status":1,"posx":16,"posy":5,"cityid":374,"townid":824,"tokenid":"57073e01133b3cadeeb1a0c2b2ff8dea","tokenurl":"/mcm/api/land?token=57073e01133b3cadeeb1a0c2b2ff8dea","imageurl":"/mcm/images/land/2A/11838_2e0b0d5756b3.jpg","landname":"2"},{"id":281475001221273,"level":1,"status":0,"posx":25,"posy":5,"cityid":374,"townid":824,"tokenid":"7e701915f8f9f7af26cd6cddbb078890","tokenurl":"/mcm/api/land?token=7e701915f8f9f7af26cd6cddbb078890","imageurl":"/mcm/images/land/2S/7892_312d1060db89.jpg","landname":"3"},{"id":281475001221274,"level":3,"status":1,"posx":26,"posy":5,"cityid":374,"townid":824,"tokenid":"4d047084eed863234bc1b5b9da94e1d0","tokenurl":"/mcm/api/land?token=4d047084eed863234bc1b5b9da94e1d0","imageurl":"/mcm/images/land/2B/19727_16b8d0e056da.jpg","landname":"4"},{"id":281475001221275,"level":3,"status":1,"posx":6,"posy":6,"cityid":374,"townid":824,"tokenid":"38d09027c1e2cf7a88dcbc590edcd544","tokenurl":"/mcm/api/land?token=38d09027c1e2cf7a88dcbc590edcd544","imageurl":"/mcm/images/land/2B/19728_5439da67037a.jpg","landname":"5"},{"id":281475001221276,"level":2,"status":0,"posx":7,"posy":6,"cityid":374,"townid":824,"tokenid":"91c37076c9e4a810d07acacbe1e60205","tokenurl":"/mcm/api/land?token=91c37076c9e4a810d07acacbe1e60205","imageurl":"/mcm/images/land/2A/11839_3b9ff7602054.jpg","landname":"6"},{"id":281475001221277,"level":3,"status":0,"posx":15,"posy":6,"cityid":374,"townid":824,"tokenid":"9686b118df3de34ee0030fa3f79ced4a","tokenurl":"/mcm/api/land?token=9686b118df3de34ee0030fa3f79ced4a","imageurl":"/mcm/images/land/2B/19729_55aebb6f13ad.jpg","landname":"7"},{"id":281475001221278,"level":3,"status":0,"posx":16,"posy":6,"cityid":374,"townid":824,"tokenid":"7a858461a3f08e99c03a74d9be5b92ed","tokenurl":"/mcm/api/land?token=7a858461a3f08e99c03a74d9be5b92ed","imageurl":"/mcm/images/land/2B/19730_1c11454999c.jpg","landname":"8"},{"id":281475001221279,"level":3,"status":1,"posx":25,"posy":6,"cityid":374,"townid":824,"tokenid":"f3c515da1ddbdfbf3ba198eba9b6e718","tokenurl":"/mcm/api/land?token=f3c515da1ddbdfbf3ba198eba9b6e718","imageurl":"/mcm/images/land/2B/19731_a930c8955a3.jpg","landname":"9"},{"id":281475001221280,"level":1,"status":1,"posx":26,"posy":6,"cityid":374,"townid":824,"tokenid":"18911d4a957147db9bc1817cee829444","tokenurl":"/mcm/api/land?token=18911d4a957147db9bc1817cee829444","imageurl":"/mcm/images/land/2S/7893_106d872b67f6.jpg","landname":"10"},{"id":281475001221281,"level":2,"status":0,"posx":30,"posy":6,"cityid":374,"townid":824,"tokenid":"faf55f8af59c4842086c3c1ab06271c8","tokenurl":"/mcm/api/land?token=faf55f8af59c4842086c3c1ab06271c8","imageurl":"/mcm/images/land/2A/11840_52f5466a7019.jpg","landname":"11"},{"id":281475001221282,"level":3,"status":0,"posx":31,"posy":6,"cityid":374,"townid":824,"tokenid":"579d85d8feccac32ba0fc088c21e9916","tokenurl":"/mcm/api/land?token=579d85d8feccac32ba0fc088c21e9916","imageurl":"/mcm/images/land/2B/19732_1b7505702c82.jpg","landname":"12"},{"id":281475001221283,"level":3,"status":0,"posx":33,"posy":6,"cityid":374,"townid":824,"tokenid":"6b398109a8d63540129f19d83d012bb0","tokenurl":"/mcm/api/land?token=6b398109a8d63540129f19d83d012bb0","imageurl":"/mcm/images/land/2B/19733_1fe4ee44bea1.jpg","landname":"13"},{"id":281475001221284,"level":2,"status":1,"posx":34,"posy":6,"cityid":374,"townid":824,"tokenid":"410afec6fe1613ffe70950494de96df9","tokenurl":"/mcm/api/land?token=410afec6fe1613ffe70950494de96df9","imageurl":"/mcm/images/land/2A/11841_4a929ff9ec76.jpg","landname":"14"},{"id":281475001221285,"level":2,"status":1,"posx":6,"posy":7,"cityid":374,"townid":824,"tokenid":"cf4f832191d63be374752b8281c64f5b","tokenurl":"/mcm/api/land?token=cf4f832191d63be374752b8281c64f5b","imageurl":"/mcm/images/land/2A/11842_52466a52f120.jpg","landname":"15"},{"id":281475001221286,"level":2,"status":1,"posx":7,"posy":7,"cityid":374,"townid":824,"tokenid":"85242c729265cc76c51325632622892e","tokenurl":"/mcm/api/land?token=85242c729265cc76c51325632622892e","imageurl":"/mcm/images/land/2A/11843_3e95ab448ae5.jpg","landname":"16"},{"id":281475001221287,"level":3,"status":1,"posx":15,"posy":7,"cityid":374,"townid":824,"tokenid":"149e662bb3e6ff3a7eef767f6f9edd8a","tokenurl":"/mcm/api/land?token=149e662bb3e6ff3a7eef767f6f9edd8a","imageurl":"/mcm/images/land/2B/19734_352163c06739.jpg","landname":"17"},{"id":281475001221288,"level":1,"status":0,"posx":16,"posy":7,"cityid":374,"townid":824,"tokenid":"9b45de4b46984a2648fbe781e73ac0e1","tokenurl":"/mcm/api/land?token=9b45de4b46984a2648fbe781e73ac0e1","imageurl":"/mcm/images/land/2S/7894_4a2fc8b857df.jpg","landname":"18"},{"id":281475001221289,"level":3,"status":1,"posx":21,"posy":7,"cityid":374,"townid":824,"tokenid":"3b500cd2a676ff41a1cd47eebbebc89c","tokenurl":"/mcm/api/land?token=3b500cd2a676ff41a1cd47eebbebc89c","imageurl":"/mcm/images/land/2B/19735_24152132009a.jpg","landname":"19"},{"id":281475001221290,"level":3,"status":1,"posx":22,"posy":7,"cityid":374,"townid":824,"tokenid":"0388a282171c5f825b5b69bd2566b6a5","tokenurl":"/mcm/api/land?token=0388a282171c5f825b5b69bd2566b6a5","imageurl":"/mcm/images/land/2B/19736_37d1f03d7a0f.jpg","landname":"20"},{"id":281475001221291,"level":2,"status":0,"posx":25,"posy":7,"cityid":374,"townid":824,"tokenid":"81f1d6d5af6b5a1ce96228bc8ec74213","tokenurl":"/mcm/api/land?token=81f1d6d5af6b5a1ce96228bc8ec74213","imageurl":"/mcm/images/land/2A/11844_535512956431.jpg","landname":"21"},{"id":281475001221292,"level":3,"status":1,"posx":26,"posy":7,"cityid":374,"townid":824,"tokenid":"5a899c7951d2375e999011ab6723f1f7","tokenurl":"/mcm/api/land?token=5a899c7951d2375e999011ab6723f1f7","imageurl":"/mcm/images/land/2B/19737_291b7a576d57.jpg","landname":"22"},{"id":281475001221293,"level":1,"status":1,"posx":30,"posy":7,"cityid":374,"townid":824,"tokenid":"d501c24675bd5d547f816b13d02157c4","tokenurl":"/mcm/api/land?token=d501c24675bd5d547f816b13d02157c4","imageurl":"/mcm/images/land/2S/7895_234f90caf6b7.jpg","landname":"23"},{"id":281475001221294,"level":3,"status":0,"posx":31,"posy":7,"cityid":374,"townid":824,"tokenid":"3efdb6f345f0713dc5bcd2b39695faf5","tokenurl":"/mcm/api/land?token=3efdb6f345f0713dc5bcd2b39695faf5","imageurl":"/mcm/images/land/2B/19738_43b7e6949321.jpg","landname":"24"},{"id":281475001221295,"level":3,"status":1,"posx":33,"posy":7,"cityid":374,"townid":824,"tokenid":"61446766b9573bb88d65490f0f548cdb","tokenurl":"/mcm/api/land?token=61446766b9573bb88d65490f0f548cdb","imageurl":"/mcm/images/land/2B/19739_91de9b2ff91.jpg","landname":"25"},{"id":281475001221296,"level":1,"status":0,"posx":34,"posy":7,"cityid":374,"townid":824,"tokenid":"b57ab18ca4eec0e356f2af4e43ce2757","tokenurl":"/mcm/api/land?token=b57ab18ca4eec0e356f2af4e43ce2757","imageurl":"/mcm/images/land/2S/7896_3f73779b9e85.jpg","landname":"26"},{"id":281475001221297,"level":2,"status":1,"posx":6,"posy":8,"cityid":374,"townid":824,"tokenid":"9cdeffa9ea78cf3a1949d381e558ee2b","tokenurl":"/mcm/api/land?token=9cdeffa9ea78cf3a1949d381e558ee2b","imageurl":"/mcm/images/land/2A/11845_acc4ef34047.jpg","landname":"27"},{"id":281475001221298,"level":3,"status":1,"posx":7,"posy":8,"cityid":374,"townid":824,"tokenid":"bd1404f6992d75d6d7ec30754227420d","tokenurl":"/mcm/api/land?token=bd1404f6992d75d6d7ec30754227420d","imageurl":"/mcm/images/land/2B/19740_13dbdc95bbc9.jpg","landname":"28"},{"id":281475001221299,"level":2,"status":1,"posx":15,"posy":8,"cityid":374,"townid":824,"tokenid":"dfb7735f7cc73daa372ea4fcfeede7e6","tokenurl":"/mcm/api/land?token=dfb7735f7cc73daa372ea4fcfeede7e6","imageurl":"/mcm/images/land/2A/11846_408402090b27.jpg","landname":"29"},{"id":281475001221300,"level":2,"status":0,"posx":16,"posy":8,"cityid":374,"townid":824,"tokenid":"537f33d0ba2369512debd4eba21f3f7c","tokenurl":"/mcm/api/land?token=537f33d0ba2369512debd4eba21f3f7c","imageurl":"/mcm/images/land/2A/11847_2d2699204e0a.jpg","landname":"30"},{"id":281475001221301,"level":3,"status":1,"posx":21,"posy":8,"cityid":374,"townid":824,"tokenid":"732623315da9fe529079c083449ac299","tokenurl":"/mcm/api/land?token=732623315da9fe529079c083449ac299","imageurl":"/mcm/images/land/2B/19741_57a3f9c5cbf.jpg","landname":"31"},{"id":281475001221302,"level":3,"status":1,"posx":22,"posy":8,"cityid":374,"townid":824,"tokenid":"7fd913c7143cdd14ba03cd7373c0d620","tokenurl":"/mcm/api/land?token=7fd913c7143cdd14ba03cd7373c0d620","imageurl":"/mcm/images/land/2B/19742_2c8fc721fa49.jpg","landname":"32"},{"id":281475001221303,"level":2,"status":0,"posx":25,"posy":8,"cityid":374,"townid":824,"tokenid":"c192332f45d5a51c39926c51c2a0ba05","tokenurl":"/mcm/api/land?token=c192332f45d5a51c39926c51c2a0ba05","imageurl":"/mcm/images/land/2A/11848_44fc097ee134.jpg","landname":"33"},{"id":281475001221304,"level":3,"status":0,"posx":26,"posy":8,"cityid":374,"townid":824,"tokenid":"22d8ad7aa0b9e40e0f484e36f789f62c","tokenurl":"/mcm/api/land?token=22d8ad7aa0b9e40e0f484e36f789f62c","imageurl":"/mcm/images/land/2B/19743_2421d74a36b1.jpg","landname":"34"},{"id":281475001221305,"level":3,"status":1,"posx":30,"posy":8,"cityid":374,"townid":824,"tokenid":"34d932868cf196177ce5aa7ffbff4d75","tokenurl":"/mcm/api/land?token=34d932868cf196177ce5aa7ffbff4d75","imageurl":"/mcm/images/land/2B/19744_397832039275.jpg","landname":"35"},{"id":281475001221306,"level":3,"status":0,"posx":31,"posy":8,"cityid":374,"townid":824,"tokenid":"dabd9de5f656bf69d0e5c71e0c9425af","tokenurl":"/mcm/api/land?token=dabd9de5f656bf69d0e5c71e0c9425af","imageurl":"/mcm/images/land/2B/19745_22c05f62f076.jpg","landname":"36"},{"id":281475001221307,"level":2,"status":0,"posx":33,"posy":8,"cityid":374,"townid":824,"tokenid":"b6a6b5b199984daf5c28763567c19fd8","tokenurl":"/mcm/api/land?token=b6a6b5b199984daf5c28763567c19fd8","imageurl":"/mcm/images/land/2A/11849_9896d1d542d.jpg","landname":"37"},{"id":281475001221308,"level":1,"status":1,"posx":34,"posy":8,"cityid":374,"townid":824,"tokenid":"29c57d08dbcce9b17629c0ebd98a69b0","tokenurl":"/mcm/api/land?token=29c57d08dbcce9b17629c0ebd98a69b0","imageurl":"/mcm/images/land/2S/7897_43b63a2a1210.jpg","landname":"38"},{"id":281475001221309,"level":3,"status":1,"posx":6,"posy":9,"cityid":374,"townid":824,"tokenid":"7a00b19e3123d2deb074504f74aa3844","tokenurl":"/mcm/api/land?token=7a00b19e3123d2deb074504f74aa3844","imageurl":"/mcm/images/land/2B/19746_1a2f7e84b77.jpg","landname":"39"},{"id":281475001221310,"level":1,"status":1,"posx":7,"posy":9,"cityid":374,"townid":824,"tokenid":"45f4f3a07b68c62ecf49b98fcbbc736c","tokenurl":"/mcm/api/land?token=45f4f3a07b68c62ecf49b98fcbbc736c","imageurl":"/mcm/images/land/2S/7898_5731c4c400f3.jpg","landname":"40"},{"id":281475001221311,"level":3,"status":0,"posx":15,"posy":9,"cityid":374,"townid":824,"tokenid":"3f3781e57562a18618a5fe63114829ed","tokenurl":"/mcm/api/land?token=3f3781e57562a18618a5fe63114829ed","imageurl":"/mcm/images/land/2B/19747_465d077a31e8.jpg","landname":"41"},{"id":281475001221312,"level":1,"status":1,"posx":16,"posy":9,"cityid":374,"townid":824,"tokenid":"65b8a3155f5140fefb406f284181a858","tokenurl":"/mcm/api/land?token=65b8a3155f5140fefb406f284181a858","imageurl":"/mcm/images/land/2S/7899_34288b8f62a2.jpg","landname":"42"},{"id":281475001221313,"level":3,"status":1,"posx":21,"posy":9,"cityid":374,"townid":824,"tokenid":"124c1c9bbd71c66b3b4ed6050d40f5c9","tokenurl":"/mcm/api/land?token=124c1c9bbd71c66b3b4ed6050d40f5c9","imageurl":"/mcm/images/land/2B/19748_5271da7e82bf.jpg","landname":"43"},{"id":281475001221314,"level":3,"status":0,"posx":22,"posy":9,"cityid":374,"townid":824,"tokenid":"7a11b4aed23b02c06b67506a20ebdee4","tokenurl":"/mcm/api/land?token=7a11b4aed23b02c06b67506a20ebdee4","imageurl":"/mcm/images/land/2B/19749_fa163270d51.jpg","landname":"44"},{"id":281475001221315,"level":1,"status":1,"posx":25,"posy":9,"cityid":374,"townid":824,"tokenid":"f521e4b9475a6bade2953b427704b2ae","tokenurl":"/mcm/api/land?token=f521e4b9475a6bade2953b427704b2ae","imageurl":"/mcm/images/land/2S/7900_2b85875ab1a2.jpg","landname":"45"},{"id":281475001221316,"level":1,"status":0,"posx":26,"posy":9,"cityid":374,"townid":824,"tokenid":"7ae22253a23919af85a4e682672babac","tokenurl":"/mcm/api/land?token=7ae22253a23919af85a4e682672babac","imageurl":"/mcm/images/land/2S/7901_34ae2161131b.jpg","landname":"46"},{"id":281475001221317,"level":2,"status":0,"posx":30,"posy":9,"cityid":374,"townid":824,"tokenid":"43b653fbbc98f5741a4c2303701afbe2","tokenurl":"/mcm/api/land?token=43b653fbbc98f5741a4c2303701afbe2","imageurl":"/mcm/images/land/2A/11850_7687859f1f2.jpg","landname":"47"},{"id":281475001221318,"level":3,"status":0,"posx":31,"posy":9,"cityid":374,"townid":824,"tokenid":"8027bed51967421ef25278f9b0c30004","tokenurl":"/mcm/api/land?token=8027bed51967421ef25278f9b0c30004","imageurl":"/mcm/images/land/2B/19750_54490e649f09.jpg","landname":"48"},{"id":281475001221319,"level":1,"status":0,"posx":33,"posy":9,"cityid":374,"townid":824,"tokenid":"65cb0a5ee120e2f0e462961282218e26","tokenurl":"/mcm/api/land?token=65cb0a5ee120e2f0e462961282218e26","imageurl":"/mcm/images/land/2S/7902_146a184e4e2e.jpg","landname":"49"},{"id":281475001221320,"level":3,"status":0,"posx":34,"posy":9,"cityid":374,"townid":824,"tokenid":"4a4becc23d30902ded247bee47157917","tokenurl":"/mcm/api/land?token=4a4becc23d30902ded247bee47157917","imageurl":"/mcm/images/land/2B/19751_16cac5bff167.jpg","landname":"50"},{"id":281475001221321,"level":3,"status":0,"posx":6,"posy":10,"cityid":374,"townid":824,"tokenid":"71b2a6cce544afb15b52278ae1e7968d","tokenurl":"/mcm/api/land?token=71b2a6cce544afb15b52278ae1e7968d","imageurl":"/mcm/images/land/2B/19752_547f1517598a.jpg","landname":"51"},{"id":281475001221322,"level":2,"status":0,"posx":7,"posy":10,"cityid":374,"townid":824,"tokenid":"5ab81c40ed219fe709b0a16a1b631cdf","tokenurl":"/mcm/api/land?token=5ab81c40ed219fe709b0a16a1b631cdf","imageurl":"/mcm/images/land/2A/11851_26a9f61cef30.jpg","landname":"52"},{"id":281475001221323,"level":2,"status":0,"posx":11,"posy":10,"cityid":374,"townid":824,"tokenid":"28e319d5ec10288689846987b282901e","tokenurl":"/mcm/api/land?token=28e319d5ec10288689846987b282901e","imageurl":"/mcm/images/land/2A/11852_3ee16cbfa429.jpg","landname":"53"},{"id":281475001221324,"level":2,"status":1,"posx":12,"posy":10,"cityid":374,"townid":824,"tokenid":"54ed084e03eb167fcbfbfa0d9e86002e","tokenurl":"/mcm/api/land?token=54ed084e03eb167fcbfbfa0d9e86002e","imageurl":"/mcm/images/land/2A/11853_1dedd3684acf.jpg","landname":"54"},{"id":281475001221325,"level":2,"status":0,"posx":21,"posy":10,"cityid":374,"townid":824,"tokenid":"5db369a674c2881c11c3e819436fc69c","tokenurl":"/mcm/api/land?token=5db369a674c2881c11c3e819436fc69c","imageurl":"/mcm/images/land/2A/11854_66efa5a4252.jpg","landname":"55"},{"id":281475001221326,"level":3,"status":1,"posx":22,"posy":10,"cityid":374,"townid":824,"tokenid":"3eebac950dd25d4d3482f91eee95195b","tokenurl":"/mcm/api/land?token=3eebac950dd25d4d3482f91eee95195b","imageurl":"/mcm/images/land/2B/19753_1e84dec5d8eb.jpg","landname":"56"},{"id":281475001221327,"level":2,"status":1,"posx":30,"posy":10,"cityid":374,"townid":824,"tokenid":"f03e7d5d37446c334283215a78ce6fbc","tokenurl":"/mcm/api/land?token=f03e7d5d37446c334283215a78ce6fbc","imageurl":"/mcm/images/land/2A/11855_3815d5eb59da.jpg","landname":"57"},{"id":281475001221328,"level":3,"status":1,"posx":31,"posy":10,"cityid":374,"townid":824,"tokenid":"6efccc22b8cb110d2d7407de4509db8c","tokenurl":"/mcm/api/land?token=6efccc22b8cb110d2d7407de4509db8c","imageurl":"/mcm/images/land/2B/19754_51b264d7f527.jpg","landname":"58"},{"id":281475001221329,"level":3,"status":0,"posx":33,"posy":10,"cityid":374,"townid":824,"tokenid":"8cae8d12992dc921fb2eb4eb3652b3eb","tokenurl":"/mcm/api/land?token=8cae8d12992dc921fb2eb4eb3652b3eb","imageurl":"/mcm/images/land/2B/19755_1fef48ec78a.jpg","landname":"59"},{"id":281475001221330,"level":2,"status":1,"posx":34,"posy":10,"cityid":374,"townid":824,"tokenid":"8a800821c6345c9a1ae69f8147912dd1","tokenurl":"/mcm/api/land?token=8a800821c6345c9a1ae69f8147912dd1","imageurl":"/mcm/images/land/2A/11856_22717c8e2c23.jpg","landname":"60"},{"id":281475001221331,"level":3,"status":1,"posx":11,"posy":11,"cityid":374,"townid":824,"tokenid":"427611d5e50a5d25acd1889ff2cb5d54","tokenurl":"/mcm/api/land?token=427611d5e50a5d25acd1889ff2cb5d54","imageurl":"/mcm/images/land/2B/19756_3382da49fc6.jpg","landname":"61"},{"id":281475001221332,"level":2,"status":0,"posx":12,"posy":11,"cityid":374,"townid":824,"tokenid":"002882504e418c42ce6c73913e9a2519","tokenurl":"/mcm/api/land?token=002882504e418c42ce6c73913e9a2519","imageurl":"/mcm/images/land/2A/11857_fc545cb4aa1.jpg","landname":"62"},{"id":281475001221333,"level":1,"status":0,"posx":21,"posy":11,"cityid":374,"townid":824,"tokenid":"98ba2de169adc4aadbe21f59aea89ee5","tokenurl":"/mcm/api/land?token=98ba2de169adc4aadbe21f59aea89ee5","imageurl":"/mcm/images/land/2S/7903_55e0bd6697a7.jpg","landname":"63"},{"id":281475001221334,"level":3,"status":0,"posx":22,"posy":11,"cityid":374,"townid":824,"tokenid":"4d181863739fe06527dcab9748c33e9d","tokenurl":"/mcm/api/land?token=4d181863739fe06527dcab9748c33e9d","imageurl":"/mcm/images/land/2B/19757_4e5fdd5143d.jpg","landname":"64"},{"id":281475001221335,"level":3,"status":0,"posx":11,"posy":12,"cityid":374,"townid":824,"tokenid":"2f7d42ca826c06617d4f3ef5fc352bff","tokenurl":"/mcm/api/land?token=2f7d42ca826c06617d4f3ef5fc352bff","imageurl":"/mcm/images/land/2B/19758_538ef0a922a1.jpg","landname":"65"},{"id":281475001221336,"level":1,"status":0,"posx":12,"posy":12,"cityid":374,"townid":824,"tokenid":"13ca629964440205d5993df13aa420f9","tokenurl":"/mcm/api/land?token=13ca629964440205d5993df13aa420f9","imageurl":"/mcm/images/land/2S/7904_4dd16417bb95.jpg","landname":"66"},{"id":281475001221337,"level":3,"status":1,"posx":11,"posy":13,"cityid":374,"townid":824,"tokenid":"8874b07ba4dc92ea7ba6896394b9b4f5","tokenurl":"/mcm/api/land?token=8874b07ba4dc92ea7ba6896394b9b4f5","imageurl":"/mcm/images/land/2B/19759_516e549736ef.jpg","landname":"67"},{"id":281475001221338,"level":3,"status":0,"posx":12,"posy":13,"cityid":374,"townid":824,"tokenid":"f63e771947582aaf5b8a89f35a413515","tokenurl":"/mcm/api/land?token=f63e771947582aaf5b8a89f35a413515","imageurl":"/mcm/images/land/2B/19760_2c3e1bcf19f9.jpg","landname":"68"},{"id":281475001221339,"level":3,"status":0,"posx":11,"posy":14,"cityid":374,"townid":824,"tokenid":"cd7f43ff33bdf647f23064c2104f71b5","tokenurl":"/mcm/api/land?token=cd7f43ff33bdf647f23064c2104f71b5","imageurl":"/mcm/images/land/2B/19761_36aa10fcb080.jpg","landname":"69"},{"id":281475001221340,"level":1,"status":0,"posx":12,"posy":14,"cityid":374,"townid":824,"tokenid":"a6a0bcc7b1005b5fc5181206faabd056","tokenurl":"/mcm/api/land?token=a6a0bcc7b1005b5fc5181206faabd056","imageurl":"/mcm/images/land/2S/7905_53e7a19a4e5f.jpg","landname":"70"},{"id":281475001221341,"level":2,"status":0,"posx":8,"posy":20,"cityid":374,"townid":824,"tokenid":"0f11b63fbab7b5f827830b266f182507","tokenurl":"/mcm/api/land?token=0f11b63fbab7b5f827830b266f182507","imageurl":"/mcm/images/land/2A/11858_3308034d676f.jpg","landname":"71"},{"id":281475001221342,"level":1,"status":1,"posx":9,"posy":20,"cityid":374,"townid":824,"tokenid":"98150caf30804b31435dcd28983a5cf1","tokenurl":"/mcm/api/land?token=98150caf30804b31435dcd28983a5cf1","imageurl":"/mcm/images/land/2S/7906_399a47ba3023.jpg","landname":"72"},{"id":281475001221343,"level":3,"status":1,"posx":10,"posy":20,"cityid":374,"townid":824,"tokenid":"3f7173e685bfa7fe5fb50e45a9ded54c","tokenurl":"/mcm/api/land?token=3f7173e685bfa7fe5fb50e45a9ded54c","imageurl":"/mcm/images/land/2B/19762_9006253bebe.jpg","landname":"73"},{"id":281475001221344,"level":3,"status":1,"posx":11,"posy":20,"cityid":374,"townid":824,"tokenid":"9b756d83610f17b31d72fba7cb6c8c2d","tokenurl":"/mcm/api/land?token=9b756d83610f17b31d72fba7cb6c8c2d","imageurl":"/mcm/images/land/2B/19763_2480e81db4bb.jpg","landname":"74"},{"id":281475001221345,"level":3,"status":0,"posx":12,"posy":20,"cityid":374,"townid":824,"tokenid":"1cc57fe9c60d1f94a70ca9220955bb3c","tokenurl":"/mcm/api/land?token=1cc57fe9c60d1f94a70ca9220955bb3c","imageurl":"/mcm/images/land/2B/19764_4c3a558466e7.jpg","landname":"75"},{"id":281475001221346,"level":1,"status":0,"posx":8,"posy":21,"cityid":374,"townid":824,"tokenid":"c5b339cdf9f37f52a388a84632852be9","tokenurl":"/mcm/api/land?token=c5b339cdf9f37f52a388a84632852be9","imageurl":"/mcm/images/land/2S/7907_51f4cf51a88.jpg","landname":"76"},{"id":281475001221347,"level":3,"status":0,"posx":9,"posy":21,"cityid":374,"townid":824,"tokenid":"ad605964e5b39b7d651f8f2422366219","tokenurl":"/mcm/api/land?token=ad605964e5b39b7d651f8f2422366219","imageurl":"/mcm/images/land/2B/19765_9ff104c86f8.jpg","landname":"77"},{"id":281475001221348,"level":1,"status":1,"posx":10,"posy":21,"cityid":374,"townid":824,"tokenid":"e6f0b0df807c89a4ffb598b664507736","tokenurl":"/mcm/api/land?token=e6f0b0df807c89a4ffb598b664507736","imageurl":"/mcm/images/land/2S/7908_d94723b5bb5.jpg","landname":"78"},{"id":281475001221349,"level":2,"status":1,"posx":11,"posy":21,"cityid":374,"townid":824,"tokenid":"51e74d9356f230571e4bc0d8543e8c94","tokenurl":"/mcm/api/land?token=51e74d9356f230571e4bc0d8543e8c94","imageurl":"/mcm/images/land/2A/11859_31ebded1a8d1.jpg","landname":"79"},{"id":281475001221350,"level":2,"status":0,"posx":12,"posy":21,"cityid":374,"townid":824,"tokenid":"5aee4a91e2945a5dc59a0f6e0262e3bf","tokenurl":"/mcm/api/land?token=5aee4a91e2945a5dc59a0f6e0262e3bf","imageurl":"/mcm/images/land/2A/11860_4c628b986da4.jpg","landname":"80"},{"id":281475001221351,"level":2,"status":1,"posx":27,"posy":22,"cityid":374,"townid":824,"tokenid":"f5bfb7a73601a2e2591b18155d15eec1","tokenurl":"/mcm/api/land?token=f5bfb7a73601a2e2591b18155d15eec1","imageurl":"/mcm/images/land/2A/11861_3cf4cdd9d44a.jpg","landname":"81"},{"id":281475001221352,"level":3,"status":0,"posx":28,"posy":22,"cityid":374,"townid":824,"tokenid":"9c2339ad4a9eb7240fdaf8f37d0ba3fe","tokenurl":"/mcm/api/land?token=9c2339ad4a9eb7240fdaf8f37d0ba3fe","imageurl":"/mcm/images/land/2B/19766_2969462b906c.jpg","landname":"82"},{"id":281475001221353,"level":3,"status":1,"posx":29,"posy":22,"cityid":374,"townid":824,"tokenid":"265e7601a3c0efdb6d72c381acb54e88","tokenurl":"/mcm/api/land?token=265e7601a3c0efdb6d72c381acb54e88","imageurl":"/mcm/images/land/2B/19767_2d8620cccbf3.jpg","landname":"83"},{"id":281475001221354,"level":3,"status":0,"posx":30,"posy":22,"cityid":374,"townid":824,"tokenid":"193f0153ee6f2744ee8f7040d92f407b","tokenurl":"/mcm/api/land?token=193f0153ee6f2744ee8f7040d92f407b","imageurl":"/mcm/images/land/2B/19768_28a6a302e174.jpg","landname":"84"},{"id":281475001221355,"level":1,"status":1,"posx":31,"posy":22,"cityid":374,"townid":824,"tokenid":"3b1ced091fe2a5f6d068a4aafff601d4","tokenurl":"/mcm/api/land?token=3b1ced091fe2a5f6d068a4aafff601d4","imageurl":"/mcm/images/land/2S/7909_583a041a1be3.jpg","landname":"85"},{"id":281475001221356,"level":3,"status":1,"posx":27,"posy":23,"cityid":374,"townid":824,"tokenid":"ce3b1d311ea36621361ee467d8641306","tokenurl":"/mcm/api/land?token=ce3b1d311ea36621361ee467d8641306","imageurl":"/mcm/images/land/2B/19769_2a1b21c8fca3.jpg","landname":"86"},{"id":281475001221357,"level":2,"status":1,"posx":28,"posy":23,"cityid":374,"townid":824,"tokenid":"c652f452e515b064709c4835b39d3db9","tokenurl":"/mcm/api/land?token=c652f452e515b064709c4835b39d3db9","imageurl":"/mcm/images/land/2A/11862_502ecbd450dd.jpg","landname":"87"},{"id":281475001221358,"level":2,"status":1,"posx":29,"posy":23,"cityid":374,"townid":824,"tokenid":"7697f04efbd10b306f2f57556a076863","tokenurl":"/mcm/api/land?token=7697f04efbd10b306f2f57556a076863","imageurl":"/mcm/images/land/2A/11863_1dc4946b9ce2.jpg","landname":"88"},{"id":281475001221359,"level":1,"status":0,"posx":30,"posy":23,"cityid":374,"townid":824,"tokenid":"1a54f32ef8940690f47256a321a759de","tokenurl":"/mcm/api/land?token=1a54f32ef8940690f47256a321a759de","imageurl":"/mcm/images/land/2S/7910_2871c1f0070f.jpg","landname":"89"},{"id":281475001221360,"level":1,"status":1,"posx":31,"posy":23,"cityid":374,"townid":824,"tokenid":"48ba6e5b659350b8a2760b2ca33f944a","tokenurl":"/mcm/api/land?token=48ba6e5b659350b8a2760b2ca33f944a","imageurl":"/mcm/images/land/2S/7911_ee1230aed14.jpg","landname":"90"},{"id":281475001221361,"level":3,"status":0,"posx":8,"posy":24,"cityid":374,"townid":824,"tokenid":"edda6cb082fedd75d62c41557d25ca09","tokenurl":"/mcm/api/land?token=edda6cb082fedd75d62c41557d25ca09","imageurl":"/mcm/images/land/2B/19770_4f0dd46f3e4d.jpg","landname":"91"},{"id":281475001221362,"level":1,"status":1,"posx":9,"posy":24,"cityid":374,"townid":824,"tokenid":"1c4bfc660ea9228778aac9547e6754e0","tokenurl":"/mcm/api/land?token=1c4bfc660ea9228778aac9547e6754e0","imageurl":"/mcm/images/land/2S/7912_44371c2cbf36.jpg","landname":"92"},{"id":281475001221363,"level":2,"status":0,"posx":10,"posy":24,"cityid":374,"townid":824,"tokenid":"7ea031cccf0f9ac79f3512ff47cc85cc","tokenurl":"/mcm/api/land?token=7ea031cccf0f9ac79f3512ff47cc85cc","imageurl":"/mcm/images/land/2A/11864_207721f6b474.jpg","landname":"93"},{"id":281475001221364,"level":2,"status":0,"posx":11,"posy":24,"cityid":374,"townid":824,"tokenid":"3c745001e99c1718ff2227f04779fd02","tokenurl":"/mcm/api/land?token=3c745001e99c1718ff2227f04779fd02","imageurl":"/mcm/images/land/2A/11865_51e83f3f8333.jpg","landname":"94"},{"id":281475001221365,"level":3,"status":1,"posx":12,"posy":24,"cityid":374,"townid":824,"tokenid":"00a77053c9c9b2c94907461a74b4cfee","tokenurl":"/mcm/api/land?token=00a77053c9c9b2c94907461a74b4cfee","imageurl":"/mcm/images/land/2B/19771_58d3af6eee53.jpg","landname":"95"},{"id":281475001221366,"level":2,"status":1,"posx":17,"posy":24,"cityid":374,"townid":824,"tokenid":"95ae66df2832f85d5923ac9e502970a9","tokenurl":"/mcm/api/land?token=95ae66df2832f85d5923ac9e502970a9","imageurl":"/mcm/images/land/2A/11866_15ae77a9494.jpg","landname":"96"},{"id":281475001221367,"level":1,"status":1,"posx":18,"posy":24,"cityid":374,"townid":824,"tokenid":"b9adeb686e837d8ff10b0d640dea53f3","tokenurl":"/mcm/api/land?token=b9adeb686e837d8ff10b0d640dea53f3","imageurl":"/mcm/images/land/2S/7913_32b9a1d15f86.jpg","landname":"97"},{"id":281475001221368,"level":3,"status":0,"posx":19,"posy":24,"cityid":374,"townid":824,"tokenid":"ac302b753eabf95ccfc14b7bb0c317f5","tokenurl":"/mcm/api/land?token=ac302b753eabf95ccfc14b7bb0c317f5","imageurl":"/mcm/images/land/2B/19772_56f28f468584.jpg","landname":"98"},{"id":281475001221369,"level":3,"status":1,"posx":20,"posy":24,"cityid":374,"townid":824,"tokenid":"812de089cf93315a673305cf5fb48241","tokenurl":"/mcm/api/land?token=812de089cf93315a673305cf5fb48241","imageurl":"/mcm/images/land/2B/19773_56f980d03a98.jpg","landname":"99"},{"id":281475001221370,"level":3,"status":0,"posx":21,"posy":24,"cityid":374,"townid":824,"tokenid":"178a50fc747a43ad45450f4289e40edd","tokenurl":"/mcm/api/land?token=178a50fc747a43ad45450f4289e40edd","imageurl":"/mcm/images/land/2B/19774_1db33cde2347.jpg","landname":"100"},{"id":281475001221371,"level":1,"status":0,"posx":8,"posy":25,"cityid":374,"townid":824,"tokenid":"172732602b791be28e1702c6a489dcf8","tokenurl":"/mcm/api/land?token=172732602b791be28e1702c6a489dcf8","imageurl":"/mcm/images/land/2S/7914_322e9b98e490.jpg","landname":"101"},{"id":281475001221372,"level":3,"status":0,"posx":9,"posy":25,"cityid":374,"townid":824,"tokenid":"2f434d51255e4e8cad867f944fa5e35f","tokenurl":"/mcm/api/land?token=2f434d51255e4e8cad867f944fa5e35f","imageurl":"/mcm/images/land/2B/19775_5475faa76e29.jpg","landname":"102"},{"id":281475001221373,"level":3,"status":1,"posx":10,"posy":25,"cityid":374,"townid":824,"tokenid":"8a536af8f4676ccb3cda22ad63c96a1b","tokenurl":"/mcm/api/land?token=8a536af8f4676ccb3cda22ad63c96a1b","imageurl":"/mcm/images/land/2B/19776_515f86bdf901.jpg","landname":"103"},{"id":281475001221374,"level":2,"status":1,"posx":11,"posy":25,"cityid":374,"townid":824,"tokenid":"2985033e587c3b475de3b638e0cfee12","tokenurl":"/mcm/api/land?token=2985033e587c3b475de3b638e0cfee12","imageurl":"/mcm/images/land/2A/11867_2175448281bb.jpg","landname":"104"},{"id":281475001221375,"level":2,"status":1,"posx":12,"posy":25,"cityid":374,"townid":824,"tokenid":"ed1c2aba7bda740e25532060aca69093","tokenurl":"/mcm/api/land?token=ed1c2aba7bda740e25532060aca69093","imageurl":"/mcm/images/land/2A/11868_3b4512b85ee0.jpg","landname":"105"},{"id":281475001221376,"level":2,"status":1,"posx":17,"posy":25,"cityid":374,"townid":824,"tokenid":"92a3203fb190fded166eb05d540ad997","tokenurl":"/mcm/api/land?token=92a3203fb190fded166eb05d540ad997","imageurl":"/mcm/images/land/2A/11869_4313f636f04d.jpg","landname":"106"},{"id":281475001221377,"level":2,"status":1,"posx":18,"posy":25,"cityid":374,"townid":824,"tokenid":"e92a2dbb4471c8eee6a5e77bc223475b","tokenurl":"/mcm/api/land?token=e92a2dbb4471c8eee6a5e77bc223475b","imageurl":"/mcm/images/land/2A/11870_124a5c73e554.jpg","landname":"107"},{"id":281475001221378,"level":3,"status":1,"posx":19,"posy":25,"cityid":374,"townid":824,"tokenid":"55d3bb10eb977eaeb92881c8f775e399","tokenurl":"/mcm/api/land?token=55d3bb10eb977eaeb92881c8f775e399","imageurl":"/mcm/images/land/2B/19777_30e0b140f019.jpg","landname":"108"},{"id":281475001221379,"level":2,"status":0,"posx":20,"posy":25,"cityid":374,"townid":824,"tokenid":"4debe423590b5bff95a5c548153a4f11","tokenurl":"/mcm/api/land?token=4debe423590b5bff95a5c548153a4f11","imageurl":"/mcm/images/land/2A/11871_319cdcdcaebd.jpg","landname":"109"},{"id":281475001221380,"level":3,"status":1,"posx":21,"posy":25,"cityid":374,"townid":824,"tokenid":"f4fa3211835f4fd172c22ca568d72ba5","tokenurl":"/mcm/api/land?token=f4fa3211835f4fd172c22ca568d72ba5","imageurl":"/mcm/images/land/2B/19778_230252b19683.jpg","landname":"110"},{"id":281475001221381,"level":3,"status":1,"posx":27,"posy":26,"cityid":374,"townid":824,"tokenid":"487a674cd8c231884370e763787a128f","tokenurl":"/mcm/api/land?token=487a674cd8c231884370e763787a128f","imageurl":"/mcm/images/land/2B/19779_1bb591c2928d.jpg","landname":"111"},{"id":281475001221382,"level":3,"status":1,"posx":28,"posy":26,"cityid":374,"townid":824,"tokenid":"483145ce357a9446ed5a531be967d6cf","tokenurl":"/mcm/api/land?token=483145ce357a9446ed5a531be967d6cf","imageurl":"/mcm/images/land/2B/19780_5a941a6de2e9.jpg","landname":"112"},{"id":281475001221383,"level":3,"status":0,"posx":27,"posy":27,"cityid":374,"townid":824,"tokenid":"2a7d00aaef3cac85184b1e689b4b2e8d","tokenurl":"/mcm/api/land?token=2a7d00aaef3cac85184b1e689b4b2e8d","imageurl":"/mcm/images/land/2B/19781_1db1bbc28159.jpg","landname":"113"},{"id":281475001221384,"level":2,"status":0,"posx":28,"posy":27,"cityid":374,"townid":824,"tokenid":"9b6f431600d572af7dc81540d117d6c2","tokenurl":"/mcm/api/land?token=9b6f431600d572af7dc81540d117d6c2","imageurl":"/mcm/images/land/2A/11872_2188d6346c41.jpg","landname":"114"},{"id":281475001221385,"level":3,"status":1,"posx":32,"posy":27,"cityid":374,"townid":824,"tokenid":"4b119ef8721d381b1da1d530d835f483","tokenurl":"/mcm/api/land?token=4b119ef8721d381b1da1d530d835f483","imageurl":"/mcm/images/land/2B/19782_3d4e80044ed9.jpg","landname":"115"},{"id":281475001221386,"level":3,"status":1,"posx":33,"posy":27,"cityid":374,"townid":824,"tokenid":"5e8c899c7953acd9298b8464699dbf12","tokenurl":"/mcm/api/land?token=5e8c899c7953acd9298b8464699dbf12","imageurl":"/mcm/images/land/2B/19783_4ddc820cc037.jpg","landname":"116"},{"id":281475001221387,"level":2,"status":0,"posx":8,"posy":28,"cityid":374,"townid":824,"tokenid":"e40d98ab2e82fe9ba2b9034504dcb498","tokenurl":"/mcm/api/land?token=e40d98ab2e82fe9ba2b9034504dcb498","imageurl":"/mcm/images/land/2A/11873_2568c8b6c77b.jpg","landname":"117"},{"id":281475001221388,"level":3,"status":0,"posx":9,"posy":28,"cityid":374,"townid":824,"tokenid":"4dd254efad2993f65cccc59c510141e0","tokenurl":"/mcm/api/land?token=4dd254efad2993f65cccc59c510141e0","imageurl":"/mcm/images/land/2B/19784_4f1c15df4b5f.jpg","landname":"118"},{"id":281475001221389,"level":3,"status":1,"posx":10,"posy":28,"cityid":374,"townid":824,"tokenid":"a4976fef5d4223a4e7c48d5c1db6f2e4","tokenurl":"/mcm/api/land?token=a4976fef5d4223a4e7c48d5c1db6f2e4","imageurl":"/mcm/images/land/2B/19785_14e52d54630a.jpg","landname":"119"},{"id":281475001221390,"level":3,"status":0,"posx":11,"posy":28,"cityid":374,"townid":824,"tokenid":"41d84384794360a395f3cb27005d63bc","tokenurl":"/mcm/api/land?token=41d84384794360a395f3cb27005d63bc","imageurl":"/mcm/images/land/2B/19786_20d0eaf41858.jpg","landname":"120"},{"id":281475001221391,"level":3,"status":0,"posx":12,"posy":28,"cityid":374,"townid":824,"tokenid":"aa2617338b034b4ccaea1e3784c3cafa","tokenurl":"/mcm/api/land?token=aa2617338b034b4ccaea1e3784c3cafa","imageurl":"/mcm/images/land/2B/19787_582e37e9dbfb.jpg","landname":"121"},{"id":281475001221392,"level":2,"status":1,"posx":17,"posy":28,"cityid":374,"townid":824,"tokenid":"a5a92983fe57d0ba1949683bf01031af","tokenurl":"/mcm/api/land?token=a5a92983fe57d0ba1949683bf01031af","imageurl":"/mcm/images/land/2A/11874_5a9af556793b.jpg","landname":"122"},{"id":281475001221393,"level":1,"status":1,"posx":18,"posy":28,"cityid":374,"townid":824,"tokenid":"e7fa2d9e9e889113542487eff68a7847","tokenurl":"/mcm/api/land?token=e7fa2d9e9e889113542487eff68a7847","imageurl":"/mcm/images/land/2S/7915_263f98c5d29c.jpg","landname":"123"},{"id":281475001221394,"level":2,"status":0,"posx":19,"posy":28,"cityid":374,"townid":824,"tokenid":"b3842a550e5602a1378c21c956e0e016","tokenurl":"/mcm/api/land?token=b3842a550e5602a1378c21c956e0e016","imageurl":"/mcm/images/land/2A/11875_4d805e7c65eb.jpg","landname":"124"},{"id":281475001221395,"level":1,"status":0,"posx":20,"posy":28,"cityid":374,"townid":824,"tokenid":"32934e98bfd1a97941fcf179e3862bec","tokenurl":"/mcm/api/land?token=32934e98bfd1a97941fcf179e3862bec","imageurl":"/mcm/images/land/2S/7916_a9a9d9996bb.jpg","landname":"125"},{"id":281475001221396,"level":3,"status":0,"posx":21,"posy":28,"cityid":374,"townid":824,"tokenid":"7f9d9963e0268ed5e168b3a5357c69bf","tokenurl":"/mcm/api/land?token=7f9d9963e0268ed5e168b3a5357c69bf","imageurl":"/mcm/images/land/2B/19788_117a4816366d.jpg","landname":"126"},{"id":281475001221397,"level":1,"status":1,"posx":27,"posy":28,"cityid":374,"townid":824,"tokenid":"d677fc3c4b90ea23fabeffe45d7aee0c","tokenurl":"/mcm/api/land?token=d677fc3c4b90ea23fabeffe45d7aee0c","imageurl":"/mcm/images/land/2S/7917_5874e29aaa4.jpg","landname":"127"},{"id":281475001221398,"level":3,"status":0,"posx":28,"posy":28,"cityid":374,"townid":824,"tokenid":"624524008135d510a26e7594e4f2004c","tokenurl":"/mcm/api/land?token=624524008135d510a26e7594e4f2004c","imageurl":"/mcm/images/land/2B/19789_188fbb7c085d.jpg","landname":"128"},{"id":281475001221399,"level":3,"status":0,"posx":32,"posy":28,"cityid":374,"townid":824,"tokenid":"a2989f80c1881eb4e4324b1d94d8d3d6","tokenurl":"/mcm/api/land?token=a2989f80c1881eb4e4324b1d94d8d3d6","imageurl":"/mcm/images/land/2B/19790_46d52e1542ee.jpg","landname":"129"},{"id":281475001221400,"level":2,"status":0,"posx":33,"posy":28,"cityid":374,"townid":824,"tokenid":"fabfe3d94521233fdb08873c0a41955a","tokenurl":"/mcm/api/land?token=fabfe3d94521233fdb08873c0a41955a","imageurl":"/mcm/images/land/2A/11876_42350ac1c2d8.jpg","landname":"130"},{"id":281475001221401,"level":3,"status":0,"posx":8,"posy":29,"cityid":374,"townid":824,"tokenid":"cea65d560585d3b83b7ff5ead4c3afca","tokenurl":"/mcm/api/land?token=cea65d560585d3b83b7ff5ead4c3afca","imageurl":"/mcm/images/land/2B/19791_491ee0a37254.jpg","landname":"131"},{"id":281475001221402,"level":1,"status":0,"posx":9,"posy":29,"cityid":374,"townid":824,"tokenid":"cb9ffb83ef89fa3489597f3298b5dc1b","tokenurl":"/mcm/api/land?token=cb9ffb83ef89fa3489597f3298b5dc1b","imageurl":"/mcm/images/land/2S/7918_55e4b7d5d9af.jpg","landname":"132"},{"id":281475001221403,"level":3,"status":1,"posx":10,"posy":29,"cityid":374,"townid":824,"tokenid":"3c25ab33406e437ac45f99a32c6e79c2","tokenurl":"/mcm/api/land?token=3c25ab33406e437ac45f99a32c6e79c2","imageurl":"/mcm/images/land/2B/19792_204b6bdfa633.jpg","landname":"133"},{"id":281475001221404,"level":2,"status":0,"posx":11,"posy":29,"cityid":374,"townid":824,"tokenid":"8c652bfef7f8cb4b8946c29b9dbb0f69","tokenurl":"/mcm/api/land?token=8c652bfef7f8cb4b8946c29b9dbb0f69","imageurl":"/mcm/images/land/2A/11877_1e392a89cee8.jpg","landname":"134"},{"id":281475001221405,"level":3,"status":1,"posx":12,"posy":29,"cityid":374,"townid":824,"tokenid":"52998df0162f141f926187d05cb61e73","tokenurl":"/mcm/api/land?token=52998df0162f141f926187d05cb61e73","imageurl":"/mcm/images/land/2B/19793_2652bab0b07d.jpg","landname":"135"},{"id":281475001221406,"level":3,"status":0,"posx":17,"posy":29,"cityid":374,"townid":824,"tokenid":"633d52624fa92813e1a3b7df7dd12afa","tokenurl":"/mcm/api/land?token=633d52624fa92813e1a3b7df7dd12afa","imageurl":"/mcm/images/land/2B/19794_32debef7f8eb.jpg","landname":"136"},{"id":281475001221407,"level":3,"status":1,"posx":18,"posy":29,"cityid":374,"townid":824,"tokenid":"2a07b0f933db75f438b892884295def4","tokenurl":"/mcm/api/land?token=2a07b0f933db75f438b892884295def4","imageurl":"/mcm/images/land/2B/19795_eb3bb0915cc.jpg","landname":"137"},{"id":281475001221408,"level":3,"status":0,"posx":19,"posy":29,"cityid":374,"townid":824,"tokenid":"6db6e2a9edc92a02a5cf9668d62aacdf","tokenurl":"/mcm/api/land?token=6db6e2a9edc92a02a5cf9668d62aacdf","imageurl":"/mcm/images/land/2B/19796_262c53934fd2.jpg","landname":"138"},{"id":281475001221409,"level":3,"status":1,"posx":20,"posy":29,"cityid":374,"townid":824,"tokenid":"f091509a0412bd3ff4a2fbb4fa4451c3","tokenurl":"/mcm/api/land?token=f091509a0412bd3ff4a2fbb4fa4451c3","imageurl":"/mcm/images/land/2B/19797_10b73560446b.jpg","landname":"139"},{"id":281475001221410,"level":3,"status":1,"posx":21,"posy":29,"cityid":374,"townid":824,"tokenid":"78d03c371f6bb27ba827d57b7f6c84d4","tokenurl":"/mcm/api/land?token=78d03c371f6bb27ba827d57b7f6c84d4","imageurl":"/mcm/images/land/2B/19798_b078c64c3b7.jpg","landname":"140"},{"id":281475001221411,"level":3,"status":0,"posx":27,"posy":29,"cityid":374,"townid":824,"tokenid":"20b7bcd60b9536f849a244f827fb218c","tokenurl":"/mcm/api/land?token=20b7bcd60b9536f849a244f827fb218c","imageurl":"/mcm/images/land/2B/19799_7dd7e264ee2.jpg","landname":"141"},{"id":281475001221412,"level":1,"status":0,"posx":28,"posy":29,"cityid":374,"townid":824,"tokenid":"cb6a771fa76fb9c8525bc7978dba232c","tokenurl":"/mcm/api/land?token=cb6a771fa76fb9c8525bc7978dba232c","imageurl":"/mcm/images/land/2S/7919_104fb2fd38bc.jpg","landname":"142"},{"id":281475001221413,"level":3,"status":1,"posx":32,"posy":29,"cityid":374,"townid":824,"tokenid":"ea38dd11fbab0387c567e9d263bbfab7","tokenurl":"/mcm/api/land?token=ea38dd11fbab0387c567e9d263bbfab7","imageurl":"/mcm/images/land/2B/19800_4adef66691a5.jpg","landname":"143"},{"id":281475001221414,"level":2,"status":1,"posx":33,"posy":29,"cityid":374,"townid":824,"tokenid":"9ee2855340077669fb44b4b8dacc4eb2","tokenurl":"/mcm/api/land?token=9ee2855340077669fb44b4b8dacc4eb2","imageurl":"/mcm/images/land/2A/11878_40542c4cecfa.jpg","landname":"144"},{"id":281475001221415,"level":2,"status":0,"posx":27,"posy":30,"cityid":374,"townid":824,"tokenid":"8b4bd992a115bcd522cb38e3d7fb29b1","tokenurl":"/mcm/api/land?token=8b4bd992a115bcd522cb38e3d7fb29b1","imageurl":"/mcm/images/land/2A/11879_12cda02870ad.jpg","landname":"145"},{"id":281475001221416,"level":1,"status":0,"posx":28,"posy":30,"cityid":374,"townid":824,"tokenid":"cedafa7717f919e4f5a76d31a3f007a8","tokenurl":"/mcm/api/land?token=cedafa7717f919e4f5a76d31a3f007a8","imageurl":"/mcm/images/land/2S/7920_1d3724dec1b5.jpg","landname":"146"},{"id":281475001221417,"level":1,"status":1,"posx":32,"posy":30,"cityid":374,"townid":824,"tokenid":"b233ca18534f32972f5925c1c2486daa","tokenurl":"/mcm/api/land?token=b233ca18534f32972f5925c1c2486daa","imageurl":"/mcm/images/land/2S/7921_4150190f56d0.jpg","landname":"147"},{"id":281475001221418,"level":3,"status":0,"posx":33,"posy":30,"cityid":374,"townid":824,"tokenid":"cd25f25b9c74270258b72eb05e6e7698","tokenurl":"/mcm/api/land?token=cd25f25b9c74270258b72eb05e6e7698","imageurl":"/mcm/images/land/2B/19801_63267be859f.jpg","landname":"148"},{"id":281475001221419,"level":2,"status":1,"posx":32,"posy":31,"cityid":374,"townid":824,"tokenid":"4e35ebb215735499b93fbe1fc2fe6921","tokenurl":"/mcm/api/land?token=4e35ebb215735499b93fbe1fc2fe6921","imageurl":"/mcm/images/land/2A/11880_354483b67a8c.jpg","landname":"149"},{"id":281475001221420,"level":2,"status":0,"posx":33,"posy":31,"cityid":374,"townid":824,"tokenid":"56015ae199e8d1a5015f377dd7b0dbf3","tokenurl":"/mcm/api/land?token=56015ae199e8d1a5015f377dd7b0dbf3","imageurl":"/mcm/images/land/2A/11881_43a71e426b79.jpg","landname":"150"}]]],0,0,[],[],[]]
