[1,0,0,[["cc.JsonAsset",["_name","json"],1]],[[0,0,1,3]],[[0,"1291",[{"id":281475015704577,"level":2,"status":0,"posx":32,"posy":5,"cityid":595,"townid":1291,"tokenid":"0b46768585bab1881ef2534b456da4d1","tokenurl":"/mcm/api/land?token=0b46768585bab1881ef2534b456da4d1","imageurl":"/mcm/images/land/2A/12152_150d9c99a463.jpg","landname":"1"},{"id":281475015704578,"level":2,"status":0,"posx":33,"posy":5,"cityid":595,"townid":1291,"tokenid":"21ed9924bae430f0fbe06a01d35bc68d","tokenurl":"/mcm/api/land?token=21ed9924bae430f0fbe06a01d35bc68d","imageurl":"/mcm/images/land/2A/12153_38b031f62bd5.jpg","landname":"2"},{"id":281475015704579,"level":2,"status":1,"posx":5,"posy":6,"cityid":595,"townid":1291,"tokenid":"30add58485375161f5a95c8f3c9114a1","tokenurl":"/mcm/api/land?token=30add58485375161f5a95c8f3c9114a1","imageurl":"/mcm/images/land/2A/12154_39f5f93bd28b.jpg","landname":"3"},{"id":281475015704580,"level":1,"status":1,"posx":6,"posy":6,"cityid":595,"townid":1291,"tokenid":"17d41bf14d86c1c781e3678f0152aa48","tokenurl":"/mcm/api/land?token=17d41bf14d86c1c781e3678f0152aa48","imageurl":"/mcm/images/land/2S/8102_2a41f00f168.jpg","landname":"4"},{"id":281475015704581,"level":3,"status":0,"posx":21,"posy":6,"cityid":595,"townid":1291,"tokenid":"3002fc20d2bc7a0f949ecfe53cd1a4bd","tokenurl":"/mcm/api/land?token=3002fc20d2bc7a0f949ecfe53cd1a4bd","imageurl":"/mcm/images/land/2B/20252_3c3e1923d11f.jpg","landname":"5"},{"id":281475015704582,"level":1,"status":1,"posx":22,"posy":6,"cityid":595,"townid":1291,"tokenid":"838ba1fa6f129610a2ca0eb405902709","tokenurl":"/mcm/api/land?token=838ba1fa6f129610a2ca0eb405902709","imageurl":"/mcm/images/land/2S/8103_1ff55820ac7a.jpg","landname":"6"},{"id":281475015704583,"level":3,"status":1,"posx":23,"posy":6,"cityid":595,"townid":1291,"tokenid":"3aaa36cce0b2cac0477f01e01ddf5bfd","tokenurl":"/mcm/api/land?token=3aaa36cce0b2cac0477f01e01ddf5bfd","imageurl":"/mcm/images/land/2B/20253_154485445d3c.jpg","landname":"7"},{"id":281475015704584,"level":3,"status":1,"posx":24,"posy":6,"cityid":595,"townid":1291,"tokenid":"7157c8aaef142d8859eb1a4002ad1795","tokenurl":"/mcm/api/land?token=7157c8aaef142d8859eb1a4002ad1795","imageurl":"/mcm/images/land/2B/20254_134c20c7c106.jpg","landname":"8"},{"id":281475015704585,"level":2,"status":0,"posx":25,"posy":6,"cityid":595,"townid":1291,"tokenid":"7ee40e003e9d98f562948b88b88b9e22","tokenurl":"/mcm/api/land?token=7ee40e003e9d98f562948b88b88b9e22","imageurl":"/mcm/images/land/2A/12155_3386ef4b518e.jpg","landname":"9"},{"id":281475015704586,"level":1,"status":0,"posx":32,"posy":6,"cityid":595,"townid":1291,"tokenid":"62a2a2155dffe51d5d2ab80d76db036c","tokenurl":"/mcm/api/land?token=62a2a2155dffe51d5d2ab80d76db036c","imageurl":"/mcm/images/land/2S/8104_16e37cd73f99.jpg","landname":"10"},{"id":281475015704587,"level":1,"status":1,"posx":33,"posy":6,"cityid":595,"townid":1291,"tokenid":"a8aa1b4c1059af569ec8f4c4de9994ea","tokenurl":"/mcm/api/land?token=a8aa1b4c1059af569ec8f4c4de9994ea","imageurl":"/mcm/images/land/2S/8105_7731250e91f.jpg","landname":"11"},{"id":281475015704588,"level":2,"status":0,"posx":5,"posy":7,"cityid":595,"townid":1291,"tokenid":"a35c0a8bc0692f45569281e9db0cd3eb","tokenurl":"/mcm/api/land?token=a35c0a8bc0692f45569281e9db0cd3eb","imageurl":"/mcm/images/land/2A/12156_1df250d521d1.jpg","landname":"12"},{"id":281475015704589,"level":1,"status":1,"posx":6,"posy":7,"cityid":595,"townid":1291,"tokenid":"a5355d0d0d2524f978977985046ea54d","tokenurl":"/mcm/api/land?token=a5355d0d0d2524f978977985046ea54d","imageurl":"/mcm/images/land/2S/8106_43813d2b0f8.jpg","landname":"13"},{"id":281475015704590,"level":2,"status":0,"posx":21,"posy":7,"cityid":595,"townid":1291,"tokenid":"784ba437b7b94e42018f9e3aa821d5b4","tokenurl":"/mcm/api/land?token=784ba437b7b94e42018f9e3aa821d5b4","imageurl":"/mcm/images/land/2A/12157_421326ffe69f.jpg","landname":"14"},{"id":281475015704591,"level":2,"status":0,"posx":22,"posy":7,"cityid":595,"townid":1291,"tokenid":"16e9ca73101793b209b27a3bd92a142e","tokenurl":"/mcm/api/land?token=16e9ca73101793b209b27a3bd92a142e","imageurl":"/mcm/images/land/2A/12158_4449d17d8b09.jpg","landname":"15"},{"id":281475015704592,"level":2,"status":1,"posx":23,"posy":7,"cityid":595,"townid":1291,"tokenid":"fe5840a3a5bc4a25f644dd960eb4b717","tokenurl":"/mcm/api/land?token=fe5840a3a5bc4a25f644dd960eb4b717","imageurl":"/mcm/images/land/2A/12159_330d8eee72d3.jpg","landname":"16"},{"id":281475015704593,"level":3,"status":0,"posx":24,"posy":7,"cityid":595,"townid":1291,"tokenid":"4e406151c36011b33d03fb0f32873e7d","tokenurl":"/mcm/api/land?token=4e406151c36011b33d03fb0f32873e7d","imageurl":"/mcm/images/land/2B/20255_455007ad96c0.jpg","landname":"17"},{"id":281475015704594,"level":3,"status":1,"posx":25,"posy":7,"cityid":595,"townid":1291,"tokenid":"6aeb7fb3034fa4edd508beb559f2fa06","tokenurl":"/mcm/api/land?token=6aeb7fb3034fa4edd508beb559f2fa06","imageurl":"/mcm/images/land/2B/20256_46a69787102c.jpg","landname":"18"},{"id":281475015704595,"level":2,"status":0,"posx":32,"posy":7,"cityid":595,"townid":1291,"tokenid":"f4caddc227dd6ff468ea153d1bb50c1c","tokenurl":"/mcm/api/land?token=f4caddc227dd6ff468ea153d1bb50c1c","imageurl":"/mcm/images/land/2A/12160_4eaec603e157.jpg","landname":"19"},{"id":281475015704596,"level":1,"status":1,"posx":33,"posy":7,"cityid":595,"townid":1291,"tokenid":"ae584755f1297e5a217b48a7a029792d","tokenurl":"/mcm/api/land?token=ae584755f1297e5a217b48a7a029792d","imageurl":"/mcm/images/land/2S/8107_54e63f66a1cd.jpg","landname":"20"},{"id":281475015704597,"level":2,"status":0,"posx":5,"posy":8,"cityid":595,"townid":1291,"tokenid":"cbe7f5ad7a5d81e474ddb5ac5fd9292b","tokenurl":"/mcm/api/land?token=cbe7f5ad7a5d81e474ddb5ac5fd9292b","imageurl":"/mcm/images/land/2A/12161_21b9e164ce8a.jpg","landname":"21"},{"id":281475015704598,"level":3,"status":0,"posx":6,"posy":8,"cityid":595,"townid":1291,"tokenid":"374d21e9c6b83644b45a681a21a2d076","tokenurl":"/mcm/api/land?token=374d21e9c6b83644b45a681a21a2d076","imageurl":"/mcm/images/land/2B/20257_30fedb040a6d.jpg","landname":"22"},{"id":281475015704599,"level":3,"status":0,"posx":32,"posy":8,"cityid":595,"townid":1291,"tokenid":"3cbb86e3d9ca433a6e38b22d6a064774","tokenurl":"/mcm/api/land?token=3cbb86e3d9ca433a6e38b22d6a064774","imageurl":"/mcm/images/land/2B/20258_279619d6fa69.jpg","landname":"23"},{"id":281475015704600,"level":3,"status":0,"posx":33,"posy":8,"cityid":595,"townid":1291,"tokenid":"315c8dbf2b76c99ee9b18af73f7be845","tokenurl":"/mcm/api/land?token=315c8dbf2b76c99ee9b18af73f7be845","imageurl":"/mcm/images/land/2B/20259_2069e6490195.jpg","landname":"24"},{"id":281475015704601,"level":3,"status":0,"posx":5,"posy":9,"cityid":595,"townid":1291,"tokenid":"a53cba8ea389185732f1ff98a84c713a","tokenurl":"/mcm/api/land?token=a53cba8ea389185732f1ff98a84c713a","imageurl":"/mcm/images/land/2B/20260_2612fe74302c.jpg","landname":"25"},{"id":281475015704602,"level":1,"status":1,"posx":6,"posy":9,"cityid":595,"townid":1291,"tokenid":"4e93adcd6475febcbb950d73660995b4","tokenurl":"/mcm/api/land?token=4e93adcd6475febcbb950d73660995b4","imageurl":"/mcm/images/land/2S/8108_3cf34d2a2e01.jpg","landname":"26"},{"id":281475015704603,"level":3,"status":1,"posx":32,"posy":9,"cityid":595,"townid":1291,"tokenid":"caaf7a2ad72c6587c243cae8efd580a9","tokenurl":"/mcm/api/land?token=caaf7a2ad72c6587c243cae8efd580a9","imageurl":"/mcm/images/land/2B/20261_20395a0dc92.jpg","landname":"27"},{"id":281475015704604,"level":1,"status":0,"posx":33,"posy":9,"cityid":595,"townid":1291,"tokenid":"3f3bcdfb0c70e53acb5d09bc758632e7","tokenurl":"/mcm/api/land?token=3f3bcdfb0c70e53acb5d09bc758632e7","imageurl":"/mcm/images/land/2S/8109_7677a7dbed3.jpg","landname":"28"},{"id":281475015704605,"level":3,"status":1,"posx":5,"posy":10,"cityid":595,"townid":1291,"tokenid":"8f32d87777a10c241e31533d9eb26ad1","tokenurl":"/mcm/api/land?token=8f32d87777a10c241e31533d9eb26ad1","imageurl":"/mcm/images/land/2B/20262_448cf764b386.jpg","landname":"29"},{"id":281475015704606,"level":3,"status":1,"posx":6,"posy":10,"cityid":595,"townid":1291,"tokenid":"81b44a35d608c8b39f88acb3300f8f1e","tokenurl":"/mcm/api/land?token=81b44a35d608c8b39f88acb3300f8f1e","imageurl":"/mcm/images/land/2B/20263_510f308c0414.jpg","landname":"30"},{"id":281475015704607,"level":1,"status":0,"posx":8,"posy":10,"cityid":595,"townid":1291,"tokenid":"3ed61ac1cd51c308159ef3f4be1a1a0a","tokenurl":"/mcm/api/land?token=3ed61ac1cd51c308159ef3f4be1a1a0a","imageurl":"/mcm/images/land/2S/8110_4e7cdf3a5a0c.jpg","landname":"31"},{"id":281475015704608,"level":3,"status":0,"posx":9,"posy":10,"cityid":595,"townid":1291,"tokenid":"8ad3784d3fcc2ecf80461c4fdd4ba86e","tokenurl":"/mcm/api/land?token=8ad3784d3fcc2ecf80461c4fdd4ba86e","imageurl":"/mcm/images/land/2B/20264_56d13655eba1.jpg","landname":"32"},{"id":281475015704609,"level":2,"status":1,"posx":23,"posy":10,"cityid":595,"townid":1291,"tokenid":"3fb4a6b2c7741c094df1540ed4db6037","tokenurl":"/mcm/api/land?token=3fb4a6b2c7741c094df1540ed4db6037","imageurl":"/mcm/images/land/2A/12162_253a68b7ac0e.jpg","landname":"33"},{"id":281475015704610,"level":3,"status":1,"posx":24,"posy":10,"cityid":595,"townid":1291,"tokenid":"21214a3a85f5757991a799afa60eda2a","tokenurl":"/mcm/api/land?token=21214a3a85f5757991a799afa60eda2a","imageurl":"/mcm/images/land/2B/20265_19f9cd2dd9f9.jpg","landname":"34"},{"id":281475015704611,"level":3,"status":1,"posx":8,"posy":11,"cityid":595,"townid":1291,"tokenid":"cc880542623eb3c8540b9ee7257df01b","tokenurl":"/mcm/api/land?token=cc880542623eb3c8540b9ee7257df01b","imageurl":"/mcm/images/land/2B/20266_82fa5fc2c7c.jpg","landname":"35"},{"id":281475015704612,"level":3,"status":1,"posx":9,"posy":11,"cityid":595,"townid":1291,"tokenid":"5dd550c056d78600f1e7808b64ee9c59","tokenurl":"/mcm/api/land?token=5dd550c056d78600f1e7808b64ee9c59","imageurl":"/mcm/images/land/2B/20267_54968dabbc8b.jpg","landname":"36"},{"id":281475015704613,"level":3,"status":1,"posx":23,"posy":11,"cityid":595,"townid":1291,"tokenid":"881844cbec184dbfe2e5f683e34a2f79","tokenurl":"/mcm/api/land?token=881844cbec184dbfe2e5f683e34a2f79","imageurl":"/mcm/images/land/2B/20268_4e2d60fb8fcc.jpg","landname":"37"},{"id":281475015704614,"level":2,"status":1,"posx":24,"posy":11,"cityid":595,"townid":1291,"tokenid":"ddcbea846923f3790a2cfbb5cbb9f1a1","tokenurl":"/mcm/api/land?token=ddcbea846923f3790a2cfbb5cbb9f1a1","imageurl":"/mcm/images/land/2A/12163_3c2eb024e812.jpg","landname":"38"},{"id":281475015704615,"level":1,"status":1,"posx":8,"posy":12,"cityid":595,"townid":1291,"tokenid":"9608800a78a276c14f1429a50fd092de","tokenurl":"/mcm/api/land?token=9608800a78a276c14f1429a50fd092de","imageurl":"/mcm/images/land/2S/8111_2f996e77c908.jpg","landname":"39"},{"id":281475015704616,"level":3,"status":0,"posx":9,"posy":12,"cityid":595,"townid":1291,"tokenid":"49432dd9748624e771fb0fad90c37ab0","tokenurl":"/mcm/api/land?token=49432dd9748624e771fb0fad90c37ab0","imageurl":"/mcm/images/land/2B/20269_23cca7e3a244.jpg","landname":"40"},{"id":281475015704617,"level":1,"status":0,"posx":23,"posy":12,"cityid":595,"townid":1291,"tokenid":"191083c5e6bff3aea7df36fc9af70474","tokenurl":"/mcm/api/land?token=191083c5e6bff3aea7df36fc9af70474","imageurl":"/mcm/images/land/2S/8112_2524709a82f9.jpg","landname":"41"},{"id":281475015704618,"level":3,"status":0,"posx":24,"posy":12,"cityid":595,"townid":1291,"tokenid":"893ed23a8a46eb76efc3fbea209d7aaf","tokenurl":"/mcm/api/land?token=893ed23a8a46eb76efc3fbea209d7aaf","imageurl":"/mcm/images/land/2B/20270_4ff1ac1adcb6.jpg","landname":"42"},{"id":281475015704619,"level":2,"status":1,"posx":32,"posy":12,"cityid":595,"townid":1291,"tokenid":"d9a177b49d02729185a0c2a59fe2914e","tokenurl":"/mcm/api/land?token=d9a177b49d02729185a0c2a59fe2914e","imageurl":"/mcm/images/land/2A/12164_33c7ce190e62.jpg","landname":"43"},{"id":281475015704620,"level":3,"status":1,"posx":33,"posy":12,"cityid":595,"townid":1291,"tokenid":"3cd4b55e8a34e5aeda55e6b5cc5549ad","tokenurl":"/mcm/api/land?token=3cd4b55e8a34e5aeda55e6b5cc5549ad","imageurl":"/mcm/images/land/2B/20271_31796e2a4a09.jpg","landname":"44"},{"id":281475015704621,"level":3,"status":0,"posx":8,"posy":13,"cityid":595,"townid":1291,"tokenid":"2d69c4ad6e822bd3b98771932f6e5f53","tokenurl":"/mcm/api/land?token=2d69c4ad6e822bd3b98771932f6e5f53","imageurl":"/mcm/images/land/2B/20272_271966ee6ca6.jpg","landname":"45"},{"id":281475015704622,"level":3,"status":0,"posx":9,"posy":13,"cityid":595,"townid":1291,"tokenid":"479ac76228222b40ac373cb8bd0f5686","tokenurl":"/mcm/api/land?token=479ac76228222b40ac373cb8bd0f5686","imageurl":"/mcm/images/land/2B/20273_50b2a32456f0.jpg","landname":"46"},{"id":281475015704623,"level":2,"status":0,"posx":23,"posy":13,"cityid":595,"townid":1291,"tokenid":"59a8b979649378b47294ab7192a98f75","tokenurl":"/mcm/api/land?token=59a8b979649378b47294ab7192a98f75","imageurl":"/mcm/images/land/2A/12165_40c33135afbe.jpg","landname":"47"},{"id":281475015704624,"level":1,"status":0,"posx":24,"posy":13,"cityid":595,"townid":1291,"tokenid":"3dc82d02cb3302e5ab1cfef8437a6382","tokenurl":"/mcm/api/land?token=3dc82d02cb3302e5ab1cfef8437a6382","imageurl":"/mcm/images/land/2S/8113_56a80ebe302f.jpg","landname":"48"},{"id":281475015704625,"level":2,"status":0,"posx":32,"posy":13,"cityid":595,"townid":1291,"tokenid":"a06fc17bd1df8c0918f66d29efe7b057","tokenurl":"/mcm/api/land?token=a06fc17bd1df8c0918f66d29efe7b057","imageurl":"/mcm/images/land/2A/12166_406bc48fc85e.jpg","landname":"49"},{"id":281475015704626,"level":3,"status":1,"posx":33,"posy":13,"cityid":595,"townid":1291,"tokenid":"998919cf97ce6eb69f911e922cc393b0","tokenurl":"/mcm/api/land?token=998919cf97ce6eb69f911e922cc393b0","imageurl":"/mcm/images/land/2B/20274_1ed12b8ea3f3.jpg","landname":"50"},{"id":281475015704627,"level":3,"status":0,"posx":8,"posy":14,"cityid":595,"townid":1291,"tokenid":"1439e89a27e695108407f7a13819e0ae","tokenurl":"/mcm/api/land?token=1439e89a27e695108407f7a13819e0ae","imageurl":"/mcm/images/land/2B/20275_57a2bc5db9ab.jpg","landname":"51"},{"id":281475015704628,"level":3,"status":0,"posx":9,"posy":14,"cityid":595,"townid":1291,"tokenid":"96d192ba18ebe659581294cf3ee5b134","tokenurl":"/mcm/api/land?token=96d192ba18ebe659581294cf3ee5b134","imageurl":"/mcm/images/land/2B/20276_345e6990d632.jpg","landname":"52"},{"id":281475015704629,"level":3,"status":0,"posx":23,"posy":14,"cityid":595,"townid":1291,"tokenid":"dad043e602bd652432b1c2bb2e25b72c","tokenurl":"/mcm/api/land?token=dad043e602bd652432b1c2bb2e25b72c","imageurl":"/mcm/images/land/2B/20277_4b8e09f05a33.jpg","landname":"53"},{"id":281475015704630,"level":2,"status":1,"posx":24,"posy":14,"cityid":595,"townid":1291,"tokenid":"aead5c76caf885578a698d511b49cb08","tokenurl":"/mcm/api/land?token=aead5c76caf885578a698d511b49cb08","imageurl":"/mcm/images/land/2A/12167_27a43a9fe75b.jpg","landname":"54"},{"id":281475015704631,"level":3,"status":1,"posx":32,"posy":14,"cityid":595,"townid":1291,"tokenid":"dcc3f49866e195cae2d27e15a318c57c","tokenurl":"/mcm/api/land?token=dcc3f49866e195cae2d27e15a318c57c","imageurl":"/mcm/images/land/2B/20278_2fb2423dc790.jpg","landname":"55"},{"id":281475015704632,"level":2,"status":1,"posx":33,"posy":14,"cityid":595,"townid":1291,"tokenid":"b159dcd41bab02a00b53c68208fd06a6","tokenurl":"/mcm/api/land?token=b159dcd41bab02a00b53c68208fd06a6","imageurl":"/mcm/images/land/2A/12168_21a29c9b1398.jpg","landname":"56"},{"id":281475015704633,"level":1,"status":1,"posx":32,"posy":15,"cityid":595,"townid":1291,"tokenid":"024968cf85ab68dec71b41fdbc958bf3","tokenurl":"/mcm/api/land?token=024968cf85ab68dec71b41fdbc958bf3","imageurl":"/mcm/images/land/2S/8114_1bc3cabb7721.jpg","landname":"57"},{"id":281475015704634,"level":2,"status":0,"posx":33,"posy":15,"cityid":595,"townid":1291,"tokenid":"5288c99058aa1b50ef3ea6a543c3e996","tokenurl":"/mcm/api/land?token=5288c99058aa1b50ef3ea6a543c3e996","imageurl":"/mcm/images/land/2A/12169_312f341b865f.jpg","landname":"58"},{"id":281475015704635,"level":3,"status":1,"posx":8,"posy":16,"cityid":595,"townid":1291,"tokenid":"f2a3ce809150b9da48c7545e1337f386","tokenurl":"/mcm/api/land?token=f2a3ce809150b9da48c7545e1337f386","imageurl":"/mcm/images/land/2B/20279_281897e2ac4e.jpg","landname":"59"},{"id":281475015704636,"level":2,"status":1,"posx":9,"posy":16,"cityid":595,"townid":1291,"tokenid":"efd1320daf60b10ff1cad8285328e5ca","tokenurl":"/mcm/api/land?token=efd1320daf60b10ff1cad8285328e5ca","imageurl":"/mcm/images/land/2A/12170_d902286d536.jpg","landname":"60"},{"id":281475015704637,"level":3,"status":0,"posx":32,"posy":16,"cityid":595,"townid":1291,"tokenid":"0ba60cf6de2d1f48017ec34bcadabe5e","tokenurl":"/mcm/api/land?token=0ba60cf6de2d1f48017ec34bcadabe5e","imageurl":"/mcm/images/land/2B/20280_4540c1f6ee71.jpg","landname":"61"},{"id":281475015704638,"level":3,"status":0,"posx":33,"posy":16,"cityid":595,"townid":1291,"tokenid":"156988b14e3ae2ccffc58db73ba96d02","tokenurl":"/mcm/api/land?token=156988b14e3ae2ccffc58db73ba96d02","imageurl":"/mcm/images/land/2B/20281_58c00ac85e8a.jpg","landname":"62"},{"id":281475015704639,"level":1,"status":1,"posx":8,"posy":17,"cityid":595,"townid":1291,"tokenid":"ffcc2f6fa1c1d8673540cd506b1735b8","tokenurl":"/mcm/api/land?token=ffcc2f6fa1c1d8673540cd506b1735b8","imageurl":"/mcm/images/land/2S/8115_3ff82213b44b.jpg","landname":"63"},{"id":281475015704640,"level":3,"status":0,"posx":9,"posy":17,"cityid":595,"townid":1291,"tokenid":"41028dcf949d54b3f72094bd825c093c","tokenurl":"/mcm/api/land?token=41028dcf949d54b3f72094bd825c093c","imageurl":"/mcm/images/land/2B/20282_493e0d9d3e14.jpg","landname":"64"},{"id":281475015704641,"level":2,"status":1,"posx":8,"posy":18,"cityid":595,"townid":1291,"tokenid":"62a07e855e4d3f9f82fbc79e60ea108d","tokenurl":"/mcm/api/land?token=62a07e855e4d3f9f82fbc79e60ea108d","imageurl":"/mcm/images/land/2A/12171_5287faf7391.jpg","landname":"65"},{"id":281475015704642,"level":2,"status":1,"posx":9,"posy":18,"cityid":595,"townid":1291,"tokenid":"689caf87672cb20df9177e696591b476","tokenurl":"/mcm/api/land?token=689caf87672cb20df9177e696591b476","imageurl":"/mcm/images/land/2A/12172_3b854d8b600d.jpg","landname":"66"},{"id":281475015704643,"level":1,"status":0,"posx":20,"posy":18,"cityid":595,"townid":1291,"tokenid":"b66260eb6255cf03f56a79fa65ce4c11","tokenurl":"/mcm/api/land?token=b66260eb6255cf03f56a79fa65ce4c11","imageurl":"/mcm/images/land/2S/8116_57ed4655bb9.jpg","landname":"67"},{"id":281475015704644,"level":3,"status":0,"posx":21,"posy":18,"cityid":595,"townid":1291,"tokenid":"bf71c6216bbbc4efd6a60318dcc81675","tokenurl":"/mcm/api/land?token=bf71c6216bbbc4efd6a60318dcc81675","imageurl":"/mcm/images/land/2B/20283_16f2b98b51cf.jpg","landname":"68"},{"id":281475015704645,"level":3,"status":1,"posx":25,"posy":18,"cityid":595,"townid":1291,"tokenid":"6356edd9cac2e31e849f7f97bceb5d17","tokenurl":"/mcm/api/land?token=6356edd9cac2e31e849f7f97bceb5d17","imageurl":"/mcm/images/land/2B/20284_527dab297ce2.jpg","landname":"69"},{"id":281475015704646,"level":3,"status":1,"posx":26,"posy":18,"cityid":595,"townid":1291,"tokenid":"4be673a3b0d7c79a09e090fa8dfdba1e","tokenurl":"/mcm/api/land?token=4be673a3b0d7c79a09e090fa8dfdba1e","imageurl":"/mcm/images/land/2B/20285_32bc84077a1e.jpg","landname":"70"},{"id":281475015704647,"level":1,"status":0,"posx":8,"posy":19,"cityid":595,"townid":1291,"tokenid":"15a4f08a6e12716d67f42c26cc9f07fa","tokenurl":"/mcm/api/land?token=15a4f08a6e12716d67f42c26cc9f07fa","imageurl":"/mcm/images/land/2S/8117_9139475669d.jpg","landname":"71"},{"id":281475015704648,"level":3,"status":0,"posx":9,"posy":19,"cityid":595,"townid":1291,"tokenid":"3671475ef94870eb8969f92d780377e9","tokenurl":"/mcm/api/land?token=3671475ef94870eb8969f92d780377e9","imageurl":"/mcm/images/land/2B/20286_12be1a552fc0.jpg","landname":"72"},{"id":281475015704649,"level":2,"status":1,"posx":20,"posy":19,"cityid":595,"townid":1291,"tokenid":"cb79c33b07a5256d2aa695726325de6b","tokenurl":"/mcm/api/land?token=cb79c33b07a5256d2aa695726325de6b","imageurl":"/mcm/images/land/2A/12173_3bcf096df75f.jpg","landname":"73"},{"id":281475015704650,"level":3,"status":1,"posx":21,"posy":19,"cityid":595,"townid":1291,"tokenid":"76b2d6c23ea873359a9b87ac0e3d3a6e","tokenurl":"/mcm/api/land?token=76b2d6c23ea873359a9b87ac0e3d3a6e","imageurl":"/mcm/images/land/2B/20287_30c721412090.jpg","landname":"74"},{"id":281475015704651,"level":1,"status":1,"posx":25,"posy":19,"cityid":595,"townid":1291,"tokenid":"0024a37b2a4af364c49f718839289d43","tokenurl":"/mcm/api/land?token=0024a37b2a4af364c49f718839289d43","imageurl":"/mcm/images/land/2S/8118_3ea5a2c7c514.jpg","landname":"75"},{"id":281475015704652,"level":2,"status":0,"posx":26,"posy":19,"cityid":595,"townid":1291,"tokenid":"2c91ba5c5f48fbb284a0e7f1eea8a73c","tokenurl":"/mcm/api/land?token=2c91ba5c5f48fbb284a0e7f1eea8a73c","imageurl":"/mcm/images/land/2A/12174_204faca33791.jpg","landname":"76"},{"id":281475015704653,"level":2,"status":0,"posx":8,"posy":20,"cityid":595,"townid":1291,"tokenid":"088f66e99ad2580164f2b595c67d0ffb","tokenurl":"/mcm/api/land?token=088f66e99ad2580164f2b595c67d0ffb","imageurl":"/mcm/images/land/2A/12175_55c85a1d6dae.jpg","landname":"77"},{"id":281475015704654,"level":2,"status":0,"posx":9,"posy":20,"cityid":595,"townid":1291,"tokenid":"7cabc369fafa42efa843afd26ea57b76","tokenurl":"/mcm/api/land?token=7cabc369fafa42efa843afd26ea57b76","imageurl":"/mcm/images/land/2A/12176_d4004b64e08.jpg","landname":"78"},{"id":281475015704655,"level":2,"status":0,"posx":20,"posy":20,"cityid":595,"townid":1291,"tokenid":"259ece8e73bb947bcde004dc84abf3ef","tokenurl":"/mcm/api/land?token=259ece8e73bb947bcde004dc84abf3ef","imageurl":"/mcm/images/land/2A/12177_3f111447beb.jpg","landname":"79"},{"id":281475015704656,"level":3,"status":0,"posx":21,"posy":20,"cityid":595,"townid":1291,"tokenid":"bb91a8984b5a687292852aeeec0f62fd","tokenurl":"/mcm/api/land?token=bb91a8984b5a687292852aeeec0f62fd","imageurl":"/mcm/images/land/2B/20288_75a13cbe78.jpg","landname":"80"},{"id":281475015704657,"level":1,"status":0,"posx":25,"posy":20,"cityid":595,"townid":1291,"tokenid":"b8de82c7178c33762a79300c7b745b55","tokenurl":"/mcm/api/land?token=b8de82c7178c33762a79300c7b745b55","imageurl":"/mcm/images/land/2S/8119_22947f79317f.jpg","landname":"81"},{"id":281475015704658,"level":2,"status":0,"posx":26,"posy":20,"cityid":595,"townid":1291,"tokenid":"42d770c6f61358dbbead7d84d98e7fd7","tokenurl":"/mcm/api/land?token=42d770c6f61358dbbead7d84d98e7fd7","imageurl":"/mcm/images/land/2A/12178_30e7078f919d.jpg","landname":"82"},{"id":281475015704659,"level":3,"status":1,"posx":31,"posy":20,"cityid":595,"townid":1291,"tokenid":"f117ca8b51cb6f55697c5d3e7d3d8d27","tokenurl":"/mcm/api/land?token=f117ca8b51cb6f55697c5d3e7d3d8d27","imageurl":"/mcm/images/land/2B/20289_59b34b66ff6a.jpg","landname":"83"},{"id":281475015704660,"level":2,"status":0,"posx":32,"posy":20,"cityid":595,"townid":1291,"tokenid":"aa5a208d7dc694562a36f7e11fff7473","tokenurl":"/mcm/api/land?token=aa5a208d7dc694562a36f7e11fff7473","imageurl":"/mcm/images/land/2A/12179_1c5c937ae9ce.jpg","landname":"84"},{"id":281475015704661,"level":3,"status":0,"posx":20,"posy":21,"cityid":595,"townid":1291,"tokenid":"f383924e571adead31f8ad1d158b6003","tokenurl":"/mcm/api/land?token=f383924e571adead31f8ad1d158b6003","imageurl":"/mcm/images/land/2B/20290_34843553e188.jpg","landname":"85"},{"id":281475015704662,"level":2,"status":0,"posx":21,"posy":21,"cityid":595,"townid":1291,"tokenid":"eb3a2339b78f6748af68ef951d937935","tokenurl":"/mcm/api/land?token=eb3a2339b78f6748af68ef951d937935","imageurl":"/mcm/images/land/2A/12180_4583ab3b8003.jpg","landname":"86"},{"id":281475015704663,"level":1,"status":0,"posx":25,"posy":21,"cityid":595,"townid":1291,"tokenid":"5778f2f82a074cb5513210a7f4c38fd9","tokenurl":"/mcm/api/land?token=5778f2f82a074cb5513210a7f4c38fd9","imageurl":"/mcm/images/land/2S/8120_28c1dba44a84.jpg","landname":"87"},{"id":281475015704664,"level":3,"status":1,"posx":26,"posy":21,"cityid":595,"townid":1291,"tokenid":"f1c3f2de22b4b7d3bd14cd37afcd5410","tokenurl":"/mcm/api/land?token=f1c3f2de22b4b7d3bd14cd37afcd5410","imageurl":"/mcm/images/land/2B/20291_52a95d4fcf57.jpg","landname":"88"},{"id":281475015704665,"level":1,"status":1,"posx":31,"posy":21,"cityid":595,"townid":1291,"tokenid":"c2ec65254f4d8a8e8401637104573677","tokenurl":"/mcm/api/land?token=c2ec65254f4d8a8e8401637104573677","imageurl":"/mcm/images/land/2S/8121_10d32b7d497b.jpg","landname":"89"},{"id":281475015704666,"level":3,"status":1,"posx":32,"posy":21,"cityid":595,"townid":1291,"tokenid":"76d22169fdfd274e273beeceb574482c","tokenurl":"/mcm/api/land?token=76d22169fdfd274e273beeceb574482c","imageurl":"/mcm/images/land/2B/20292_25d8a6903451.jpg","landname":"90"},{"id":281475015704667,"level":3,"status":1,"posx":12,"posy":22,"cityid":595,"townid":1291,"tokenid":"35d813aad9ac61a98fe2923af987b830","tokenurl":"/mcm/api/land?token=35d813aad9ac61a98fe2923af987b830","imageurl":"/mcm/images/land/2B/20293_7c81f5673c9.jpg","landname":"91"},{"id":281475015704668,"level":3,"status":1,"posx":13,"posy":22,"cityid":595,"townid":1291,"tokenid":"df6e28db93f0108e1a923fc5a6f80dd2","tokenurl":"/mcm/api/land?token=df6e28db93f0108e1a923fc5a6f80dd2","imageurl":"/mcm/images/land/2B/20294_3e9e73276bc1.jpg","landname":"92"},{"id":281475015704669,"level":3,"status":0,"posx":20,"posy":22,"cityid":595,"townid":1291,"tokenid":"c2065e8c33f7699986bd6f9371341ac7","tokenurl":"/mcm/api/land?token=c2065e8c33f7699986bd6f9371341ac7","imageurl":"/mcm/images/land/2B/20295_3eedb404a847.jpg","landname":"93"},{"id":281475015704670,"level":3,"status":1,"posx":21,"posy":22,"cityid":595,"townid":1291,"tokenid":"e32e6c56abbd376713d4d19b9a93e1de","tokenurl":"/mcm/api/land?token=e32e6c56abbd376713d4d19b9a93e1de","imageurl":"/mcm/images/land/2B/20296_567d2d09cfc0.jpg","landname":"94"},{"id":281475015704671,"level":2,"status":1,"posx":25,"posy":22,"cityid":595,"townid":1291,"tokenid":"d483dce94cd5407bab1bfa7f54100ff4","tokenurl":"/mcm/api/land?token=d483dce94cd5407bab1bfa7f54100ff4","imageurl":"/mcm/images/land/2A/12181_3d7401e32314.jpg","landname":"95"},{"id":281475015704672,"level":2,"status":0,"posx":26,"posy":22,"cityid":595,"townid":1291,"tokenid":"99c537c144262e1ad0854667a0c4f9f1","tokenurl":"/mcm/api/land?token=99c537c144262e1ad0854667a0c4f9f1","imageurl":"/mcm/images/land/2A/12182_4666503b2ce5.jpg","landname":"96"},{"id":281475015704673,"level":3,"status":1,"posx":31,"posy":22,"cityid":595,"townid":1291,"tokenid":"fb9184d41f0eac1db72c4f7cc96b9efb","tokenurl":"/mcm/api/land?token=fb9184d41f0eac1db72c4f7cc96b9efb","imageurl":"/mcm/images/land/2B/20297_4d6dc5cca0e5.jpg","landname":"97"},{"id":281475015704674,"level":2,"status":1,"posx":32,"posy":22,"cityid":595,"townid":1291,"tokenid":"6a365a7fdfeb2eb069f7f8dad81eaa4d","tokenurl":"/mcm/api/land?token=6a365a7fdfeb2eb069f7f8dad81eaa4d","imageurl":"/mcm/images/land/2A/12183_591f57961235.jpg","landname":"98"},{"id":281475015704675,"level":1,"status":0,"posx":12,"posy":23,"cityid":595,"townid":1291,"tokenid":"3d14d2f41166c2f3c5c9107bc07b1363","tokenurl":"/mcm/api/land?token=3d14d2f41166c2f3c5c9107bc07b1363","imageurl":"/mcm/images/land/2S/8122_8284ac8d0b.jpg","landname":"99"},{"id":281475015704676,"level":1,"status":0,"posx":13,"posy":23,"cityid":595,"townid":1291,"tokenid":"ed3082f153aef4d35d3105a58cfc3224","tokenurl":"/mcm/api/land?token=ed3082f153aef4d35d3105a58cfc3224","imageurl":"/mcm/images/land/2S/8123_150dc72254d8.jpg","landname":"100"},{"id":281475015704677,"level":1,"status":1,"posx":31,"posy":23,"cityid":595,"townid":1291,"tokenid":"8044833a60f220563527c319e4fb35cf","tokenurl":"/mcm/api/land?token=8044833a60f220563527c319e4fb35cf","imageurl":"/mcm/images/land/2S/8124_318722878c1f.jpg","landname":"101"},{"id":281475015704678,"level":2,"status":0,"posx":32,"posy":23,"cityid":595,"townid":1291,"tokenid":"322dd2418a54f7aee4d0a7212bd455aa","tokenurl":"/mcm/api/land?token=322dd2418a54f7aee4d0a7212bd455aa","imageurl":"/mcm/images/land/2A/12184_4818064e4828.jpg","landname":"102"},{"id":281475015704679,"level":1,"status":0,"posx":12,"posy":24,"cityid":595,"townid":1291,"tokenid":"58eba75c44fd325019397b45bf63b93c","tokenurl":"/mcm/api/land?token=58eba75c44fd325019397b45bf63b93c","imageurl":"/mcm/images/land/2S/8125_516052b8b33.jpg","landname":"103"},{"id":281475015704680,"level":3,"status":0,"posx":13,"posy":24,"cityid":595,"townid":1291,"tokenid":"54b941dafc968c8cd2a365989a43510a","tokenurl":"/mcm/api/land?token=54b941dafc968c8cd2a365989a43510a","imageurl":"/mcm/images/land/2B/20298_218a21ddddf1.jpg","landname":"104"},{"id":281475015704681,"level":1,"status":0,"posx":31,"posy":24,"cityid":595,"townid":1291,"tokenid":"f4e2d85d9a2dd88e407769fd612acb42","tokenurl":"/mcm/api/land?token=f4e2d85d9a2dd88e407769fd612acb42","imageurl":"/mcm/images/land/2S/8126_553564a9af13.jpg","landname":"105"},{"id":281475015704682,"level":2,"status":1,"posx":32,"posy":24,"cityid":595,"townid":1291,"tokenid":"7dd4fe3b4b5774817d08eac4e00e6f70","tokenurl":"/mcm/api/land?token=7dd4fe3b4b5774817d08eac4e00e6f70","imageurl":"/mcm/images/land/2A/12185_26701dfe9696.jpg","landname":"106"},{"id":281475015704683,"level":2,"status":1,"posx":12,"posy":25,"cityid":595,"townid":1291,"tokenid":"7391755c1e03fc4e8815b088f2a6f74d","tokenurl":"/mcm/api/land?token=7391755c1e03fc4e8815b088f2a6f74d","imageurl":"/mcm/images/land/2A/12186_197ae11d1c13.jpg","landname":"107"},{"id":281475015704684,"level":3,"status":0,"posx":13,"posy":25,"cityid":595,"townid":1291,"tokenid":"36211a8b72031c6c62e1177d885a1bac","tokenurl":"/mcm/api/land?token=36211a8b72031c6c62e1177d885a1bac","imageurl":"/mcm/images/land/2B/20299_35406a7733d8.jpg","landname":"108"},{"id":281475015704685,"level":3,"status":0,"posx":6,"posy":26,"cityid":595,"townid":1291,"tokenid":"067469f56087e37b639da5ac2d86eaac","tokenurl":"/mcm/api/land?token=067469f56087e37b639da5ac2d86eaac","imageurl":"/mcm/images/land/2B/20300_11a3e09ac0c2.jpg","landname":"109"},{"id":281475015704686,"level":3,"status":1,"posx":7,"posy":26,"cityid":595,"townid":1291,"tokenid":"864faf08b82f035a04ba290b148a4f04","tokenurl":"/mcm/api/land?token=864faf08b82f035a04ba290b148a4f04","imageurl":"/mcm/images/land/2B/20301_51652601478b.jpg","landname":"110"},{"id":281475015704687,"level":3,"status":0,"posx":9,"posy":26,"cityid":595,"townid":1291,"tokenid":"7b32e3dec48b7693ec10be843ade21d7","tokenurl":"/mcm/api/land?token=7b32e3dec48b7693ec10be843ade21d7","imageurl":"/mcm/images/land/2B/20302_1b865be59f9e.jpg","landname":"111"},{"id":281475015704688,"level":3,"status":1,"posx":10,"posy":26,"cityid":595,"townid":1291,"tokenid":"a1a07cc0623adfa18be2060cedfcc2df","tokenurl":"/mcm/api/land?token=a1a07cc0623adfa18be2060cedfcc2df","imageurl":"/mcm/images/land/2B/20303_c0810b03759.jpg","landname":"112"},{"id":281475015704689,"level":2,"status":1,"posx":12,"posy":26,"cityid":595,"townid":1291,"tokenid":"825a1b22e17e9753a8b26667e529659f","tokenurl":"/mcm/api/land?token=825a1b22e17e9753a8b26667e529659f","imageurl":"/mcm/images/land/2A/12187_114eb00de8cd.jpg","landname":"113"},{"id":281475015704690,"level":3,"status":1,"posx":13,"posy":26,"cityid":595,"townid":1291,"tokenid":"f64b325b515cc3f4e7db0f7ea82014b6","tokenurl":"/mcm/api/land?token=f64b325b515cc3f4e7db0f7ea82014b6","imageurl":"/mcm/images/land/2B/20304_5514dde61da5.jpg","landname":"114"},{"id":281475015704691,"level":3,"status":1,"posx":6,"posy":27,"cityid":595,"townid":1291,"tokenid":"402d6aff8c799c2be687cd785879e97b","tokenurl":"/mcm/api/land?token=402d6aff8c799c2be687cd785879e97b","imageurl":"/mcm/images/land/2B/20305_2143cac264a5.jpg","landname":"115"},{"id":281475015704692,"level":1,"status":1,"posx":7,"posy":27,"cityid":595,"townid":1291,"tokenid":"7125e0c6ae3149c733c00c9c7e60d624","tokenurl":"/mcm/api/land?token=7125e0c6ae3149c733c00c9c7e60d624","imageurl":"/mcm/images/land/2S/8127_44892ffdcaaf.jpg","landname":"116"},{"id":281475015704693,"level":2,"status":1,"posx":9,"posy":27,"cityid":595,"townid":1291,"tokenid":"c143cd9ad6222846e2a076941e569e3c","tokenurl":"/mcm/api/land?token=c143cd9ad6222846e2a076941e569e3c","imageurl":"/mcm/images/land/2A/12188_39e790375557.jpg","landname":"117"},{"id":281475015704694,"level":2,"status":1,"posx":10,"posy":27,"cityid":595,"townid":1291,"tokenid":"cecd52e20d6cef16ce3c2b64e0be7e57","tokenurl":"/mcm/api/land?token=cecd52e20d6cef16ce3c2b64e0be7e57","imageurl":"/mcm/images/land/2A/12189_3db1656bfdf9.jpg","landname":"118"},{"id":281475015704695,"level":3,"status":1,"posx":23,"posy":27,"cityid":595,"townid":1291,"tokenid":"48e70bd578ed07f9b6ac0da08b85ce46","tokenurl":"/mcm/api/land?token=48e70bd578ed07f9b6ac0da08b85ce46","imageurl":"/mcm/images/land/2B/20306_4ef4581920be.jpg","landname":"119"},{"id":281475015704696,"level":3,"status":1,"posx":24,"posy":27,"cityid":595,"townid":1291,"tokenid":"3254281a9360681f49520294da6c5490","tokenurl":"/mcm/api/land?token=3254281a9360681f49520294da6c5490","imageurl":"/mcm/images/land/2B/20307_31b5661af684.jpg","landname":"120"},{"id":281475015704697,"level":1,"status":1,"posx":6,"posy":28,"cityid":595,"townid":1291,"tokenid":"a65755b81830d74c207fcacf9f7fd654","tokenurl":"/mcm/api/land?token=a65755b81830d74c207fcacf9f7fd654","imageurl":"/mcm/images/land/2S/8128_2b2c7e78d124.jpg","landname":"121"},{"id":281475015704698,"level":3,"status":0,"posx":7,"posy":28,"cityid":595,"townid":1291,"tokenid":"b4f6ae37850c92c2b73c07e5d0461530","tokenurl":"/mcm/api/land?token=b4f6ae37850c92c2b73c07e5d0461530","imageurl":"/mcm/images/land/2B/20308_e251cdfcc21.jpg","landname":"122"},{"id":281475015704699,"level":3,"status":0,"posx":9,"posy":28,"cityid":595,"townid":1291,"tokenid":"7575f78d9dccf808690378644ebeb3e4","tokenurl":"/mcm/api/land?token=7575f78d9dccf808690378644ebeb3e4","imageurl":"/mcm/images/land/2B/20309_f9a61b94d0d.jpg","landname":"123"},{"id":281475015704700,"level":3,"status":0,"posx":10,"posy":28,"cityid":595,"townid":1291,"tokenid":"e0d061b28ad657269aeb35532e60bf8b","tokenurl":"/mcm/api/land?token=e0d061b28ad657269aeb35532e60bf8b","imageurl":"/mcm/images/land/2B/20310_122d2f1a7df.jpg","landname":"124"},{"id":281475015704701,"level":2,"status":1,"posx":23,"posy":28,"cityid":595,"townid":1291,"tokenid":"bc695b0c59e1fdbc12a79882071c99f9","tokenurl":"/mcm/api/land?token=bc695b0c59e1fdbc12a79882071c99f9","imageurl":"/mcm/images/land/2A/12190_b42e77d8ae9.jpg","landname":"125"},{"id":281475015704702,"level":3,"status":0,"posx":24,"posy":28,"cityid":595,"townid":1291,"tokenid":"e753a7d58e64ae735eed8c13b7ca4a5d","tokenurl":"/mcm/api/land?token=e753a7d58e64ae735eed8c13b7ca4a5d","imageurl":"/mcm/images/land/2B/20311_75dca743fd5.jpg","landname":"126"},{"id":281475015704703,"level":2,"status":0,"posx":32,"posy":28,"cityid":595,"townid":1291,"tokenid":"c68aaf02ddab4f5192873c315a7022f4","tokenurl":"/mcm/api/land?token=c68aaf02ddab4f5192873c315a7022f4","imageurl":"/mcm/images/land/2A/12191_1562c0e9ddc2.jpg","landname":"127"},{"id":281475015704704,"level":3,"status":1,"posx":33,"posy":28,"cityid":595,"townid":1291,"tokenid":"282af2d0b8418c7eda6efaf995c99de1","tokenurl":"/mcm/api/land?token=282af2d0b8418c7eda6efaf995c99de1","imageurl":"/mcm/images/land/2B/20312_565a2fedd0c3.jpg","landname":"128"},{"id":281475015704705,"level":3,"status":1,"posx":6,"posy":29,"cityid":595,"townid":1291,"tokenid":"803411806ed73a7f3dde22b9c5bc1633","tokenurl":"/mcm/api/land?token=803411806ed73a7f3dde22b9c5bc1633","imageurl":"/mcm/images/land/2B/20313_1c8451fc74ce.jpg","landname":"129"},{"id":281475015704706,"level":1,"status":0,"posx":7,"posy":29,"cityid":595,"townid":1291,"tokenid":"76b8624b631be62752be75e44791c782","tokenurl":"/mcm/api/land?token=76b8624b631be62752be75e44791c782","imageurl":"/mcm/images/land/2S/8129_4d7ae9ba9f1c.jpg","landname":"130"},{"id":281475015704707,"level":3,"status":0,"posx":9,"posy":29,"cityid":595,"townid":1291,"tokenid":"f84b307344203c825130db1036759ebf","tokenurl":"/mcm/api/land?token=f84b307344203c825130db1036759ebf","imageurl":"/mcm/images/land/2B/20314_324128651da.jpg","landname":"131"},{"id":281475015704708,"level":3,"status":1,"posx":10,"posy":29,"cityid":595,"townid":1291,"tokenid":"8f9259128f1948a2a4f05798280a0ff7","tokenurl":"/mcm/api/land?token=8f9259128f1948a2a4f05798280a0ff7","imageurl":"/mcm/images/land/2B/20315_3c7d9870c48b.jpg","landname":"132"},{"id":281475015704709,"level":3,"status":1,"posx":23,"posy":29,"cityid":595,"townid":1291,"tokenid":"cc79b369c50f42b4d14647c94adea622","tokenurl":"/mcm/api/land?token=cc79b369c50f42b4d14647c94adea622","imageurl":"/mcm/images/land/2B/20316_f81d85a7c01.jpg","landname":"133"},{"id":281475015704710,"level":3,"status":1,"posx":24,"posy":29,"cityid":595,"townid":1291,"tokenid":"f2ac42931904bef692439ec7d55d69a6","tokenurl":"/mcm/api/land?token=f2ac42931904bef692439ec7d55d69a6","imageurl":"/mcm/images/land/2B/20317_580ade25ba8c.jpg","landname":"134"},{"id":281475015704711,"level":1,"status":0,"posx":32,"posy":29,"cityid":595,"townid":1291,"tokenid":"253922257dfa666dfc03af608c8d570a","tokenurl":"/mcm/api/land?token=253922257dfa666dfc03af608c8d570a","imageurl":"/mcm/images/land/2S/8130_37ca6a7d2c17.jpg","landname":"135"},{"id":281475015704712,"level":3,"status":1,"posx":33,"posy":29,"cityid":595,"townid":1291,"tokenid":"d4b7b6e07e050606adb063e7850684c9","tokenurl":"/mcm/api/land?token=d4b7b6e07e050606adb063e7850684c9","imageurl":"/mcm/images/land/2B/20318_995fa7e6b69.jpg","landname":"136"},{"id":281475015704713,"level":3,"status":0,"posx":6,"posy":30,"cityid":595,"townid":1291,"tokenid":"05e80803ffec63e36f46e0e95561225d","tokenurl":"/mcm/api/land?token=05e80803ffec63e36f46e0e95561225d","imageurl":"/mcm/images/land/2B/20319_5a02a1343107.jpg","landname":"137"},{"id":281475015704714,"level":2,"status":0,"posx":7,"posy":30,"cityid":595,"townid":1291,"tokenid":"13cb9786b82ba0a2c4c51c0cb0d53a15","tokenurl":"/mcm/api/land?token=13cb9786b82ba0a2c4c51c0cb0d53a15","imageurl":"/mcm/images/land/2A/12192_24fb405b7bf7.jpg","landname":"138"},{"id":281475015704715,"level":3,"status":1,"posx":9,"posy":30,"cityid":595,"townid":1291,"tokenid":"83541453864f21a54734f0eb68c194ba","tokenurl":"/mcm/api/land?token=83541453864f21a54734f0eb68c194ba","imageurl":"/mcm/images/land/2B/20320_2cf35c5c078.jpg","landname":"139"},{"id":281475015704716,"level":2,"status":1,"posx":10,"posy":30,"cityid":595,"townid":1291,"tokenid":"a2ba75166fd23232561770ab7b2dc7c3","tokenurl":"/mcm/api/land?token=a2ba75166fd23232561770ab7b2dc7c3","imageurl":"/mcm/images/land/2A/12193_22f11967f6d9.jpg","landname":"140"},{"id":281475015704717,"level":3,"status":0,"posx":23,"posy":30,"cityid":595,"townid":1291,"tokenid":"ba33649e9a75cda75fa05dfc3efb101e","tokenurl":"/mcm/api/land?token=ba33649e9a75cda75fa05dfc3efb101e","imageurl":"/mcm/images/land/2B/20321_2f92bcd9d7ce.jpg","landname":"141"},{"id":281475015704718,"level":2,"status":0,"posx":24,"posy":30,"cityid":595,"townid":1291,"tokenid":"b5f9e23e38ef8181dfad005a5f0dd674","tokenurl":"/mcm/api/land?token=b5f9e23e38ef8181dfad005a5f0dd674","imageurl":"/mcm/images/land/2A/12194_1e19f5cd22d7.jpg","landname":"142"},{"id":281475015704719,"level":3,"status":0,"posx":32,"posy":30,"cityid":595,"townid":1291,"tokenid":"c5a88416053e3fa862ab3daba01707cc","tokenurl":"/mcm/api/land?token=c5a88416053e3fa862ab3daba01707cc","imageurl":"/mcm/images/land/2B/20322_215200135304.jpg","landname":"143"},{"id":281475015704720,"level":3,"status":0,"posx":33,"posy":30,"cityid":595,"townid":1291,"tokenid":"0068caf24bcf829ad6e68129c316b770","tokenurl":"/mcm/api/land?token=0068caf24bcf829ad6e68129c316b770","imageurl":"/mcm/images/land/2B/20323_4203901ebe4f.jpg","landname":"144"},{"id":281475015704721,"level":3,"status":0,"posx":23,"posy":31,"cityid":595,"townid":1291,"tokenid":"04d97e7702ba1d6f3ca208331905c367","tokenurl":"/mcm/api/land?token=04d97e7702ba1d6f3ca208331905c367","imageurl":"/mcm/images/land/2B/20324_360763a73868.jpg","landname":"145"},{"id":281475015704722,"level":2,"status":1,"posx":24,"posy":31,"cityid":595,"townid":1291,"tokenid":"498c839b6cf774f6935ac1dc7295cd3c","tokenurl":"/mcm/api/land?token=498c839b6cf774f6935ac1dc7295cd3c","imageurl":"/mcm/images/land/2A/12195_1a5bcfc322f5.jpg","landname":"146"},{"id":281475015704723,"level":1,"status":1,"posx":32,"posy":31,"cityid":595,"townid":1291,"tokenid":"1c41d758cbf6a357e3bb2d2015d8edcc","tokenurl":"/mcm/api/land?token=1c41d758cbf6a357e3bb2d2015d8edcc","imageurl":"/mcm/images/land/2S/8131_1a4d93698187.jpg","landname":"147"},{"id":281475015704724,"level":3,"status":0,"posx":33,"posy":31,"cityid":595,"townid":1291,"tokenid":"fac89db6fd1a5f02e35b2a2c75a5491a","tokenurl":"/mcm/api/land?token=fac89db6fd1a5f02e35b2a2c75a5491a","imageurl":"/mcm/images/land/2B/20325_374dd4c421ba.jpg","landname":"148"},{"id":281475015704725,"level":3,"status":1,"posx":32,"posy":32,"cityid":595,"townid":1291,"tokenid":"be0e90781ffe412a2f046ee506d497e5","tokenurl":"/mcm/api/land?token=be0e90781ffe412a2f046ee506d497e5","imageurl":"/mcm/images/land/2B/20326_2fc381763db6.jpg","landname":"149"},{"id":281475015704726,"level":2,"status":1,"posx":33,"posy":32,"cityid":595,"townid":1291,"tokenid":"9e7549c278e3e13ffaa1a2a70e0da5ee","tokenurl":"/mcm/api/land?token=9e7549c278e3e13ffaa1a2a70e0da5ee","imageurl":"/mcm/images/land/2A/12196_51c771817717.jpg","landname":"150"}]]],0,0,[],[],[]]
