[1,0,0,[["cc.JsonAsset",["_name","json"],1]],[[0,0,1,3]],[[0,"1030",[{"id":281475007971479,"level":3,"status":0,"posx":23,"posy":5,"cityid":477,"townid":1030,"tokenid":"8eb652c099111c8bc48c1745c0162b11","tokenurl":"/mcm/api/land?token=8eb652c099111c8bc48c1745c0162b11","imageurl":"/mcm/images/land/2B/4577_3812d8febd.jpg","landname":"1"},{"id":281475007971480,"level":3,"status":0,"posx":24,"posy":5,"cityid":477,"townid":1030,"tokenid":"0adf597cab3db6e8d4f790465dc33125","tokenurl":"/mcm/api/land?token=0adf597cab3db6e8d4f790465dc33125","imageurl":"/mcm/images/land/2B/4578_4ced8e7e199c.jpg","landname":"2"},{"id":281475007971481,"level":2,"status":1,"posx":23,"posy":6,"cityid":477,"townid":1030,"tokenid":"f0d827a3a4a749dda9c5a6e0abf5a721","tokenurl":"/mcm/api/land?token=f0d827a3a4a749dda9c5a6e0abf5a721","imageurl":"/mcm/images/land/2A/2747_296a68fc560.jpg","landname":"3"},{"id":281475007971482,"level":2,"status":0,"posx":24,"posy":6,"cityid":477,"townid":1030,"tokenid":"bb480ffb32978a83df7141c0ce4c3f8b","tokenurl":"/mcm/api/land?token=bb480ffb32978a83df7141c0ce4c3f8b","imageurl":"/mcm/images/land/2A/2748_4502169b7be3.jpg","landname":"4"},{"id":281475007971483,"level":2,"status":1,"posx":28,"posy":6,"cityid":477,"townid":1030,"tokenid":"a9f923f14b9398e218953c718b7b142b","tokenurl":"/mcm/api/land?token=a9f923f14b9398e218953c718b7b142b","imageurl":"/mcm/images/land/2A/2749_448130b8fc53.jpg","landname":"5"},{"id":281475007971484,"level":3,"status":1,"posx":29,"posy":6,"cityid":477,"townid":1030,"tokenid":"993aa5cb136677a78ee0da48d25e458c","tokenurl":"/mcm/api/land?token=993aa5cb136677a78ee0da48d25e458c","imageurl":"/mcm/images/land/2B/4579_3b4a3a9de58b.jpg","landname":"6"},{"id":281475007971485,"level":3,"status":0,"posx":23,"posy":7,"cityid":477,"townid":1030,"tokenid":"8ef8d451a85ec590d3e502e429ec05dc","tokenurl":"/mcm/api/land?token=8ef8d451a85ec590d3e502e429ec05dc","imageurl":"/mcm/images/land/2B/4580_1ad5ea0bf6fb.jpg","landname":"7"},{"id":281475007971486,"level":2,"status":1,"posx":24,"posy":7,"cityid":477,"townid":1030,"tokenid":"520e8e543bf987369706f7961d17798c","tokenurl":"/mcm/api/land?token=520e8e543bf987369706f7961d17798c","imageurl":"/mcm/images/land/2A/2750_36d4d90f9f80.jpg","landname":"8"},{"id":281475007971487,"level":3,"status":0,"posx":28,"posy":7,"cityid":477,"townid":1030,"tokenid":"cc897a8af3896a11ca6490cf1194ac0c","tokenurl":"/mcm/api/land?token=cc897a8af3896a11ca6490cf1194ac0c","imageurl":"/mcm/images/land/2B/4581_416bfc65d4e.jpg","landname":"9"},{"id":281475007971488,"level":2,"status":1,"posx":29,"posy":7,"cityid":477,"townid":1030,"tokenid":"8983257744b1e85c362a3a7543a288f1","tokenurl":"/mcm/api/land?token=8983257744b1e85c362a3a7543a288f1","imageurl":"/mcm/images/land/2A/2751_49f12a32bfe5.jpg","landname":"10"},{"id":281475007971489,"level":3,"status":0,"posx":32,"posy":7,"cityid":477,"townid":1030,"tokenid":"9f1d8419120c1b8e6f9f4cafc2aec5d7","tokenurl":"/mcm/api/land?token=9f1d8419120c1b8e6f9f4cafc2aec5d7","imageurl":"/mcm/images/land/2B/4582_281f85cdcaf3.jpg","landname":"11"},{"id":281475007971490,"level":3,"status":1,"posx":33,"posy":7,"cityid":477,"townid":1030,"tokenid":"ddaacdc1c94d7cd190fbf2c3fe3d973f","tokenurl":"/mcm/api/land?token=ddaacdc1c94d7cd190fbf2c3fe3d973f","imageurl":"/mcm/images/land/2B/4583_3e03a1e0a8e8.jpg","landname":"12"},{"id":281475007971491,"level":1,"status":1,"posx":23,"posy":8,"cityid":477,"townid":1030,"tokenid":"4456e24dacf7896f544ca6da62de8fb1","tokenurl":"/mcm/api/land?token=4456e24dacf7896f544ca6da62de8fb1","imageurl":"/mcm/images/land/2S/1832_1940be0ebd4e.jpg","landname":"13"},{"id":281475007971492,"level":3,"status":0,"posx":24,"posy":8,"cityid":477,"townid":1030,"tokenid":"bf317f664488dfd722fdda9b27b972e5","tokenurl":"/mcm/api/land?token=bf317f664488dfd722fdda9b27b972e5","imageurl":"/mcm/images/land/2B/4584_249a3c816900.jpg","landname":"14"},{"id":281475007971493,"level":2,"status":0,"posx":28,"posy":8,"cityid":477,"townid":1030,"tokenid":"97c97c63cb0c4486d09c841e2c38eed9","tokenurl":"/mcm/api/land?token=97c97c63cb0c4486d09c841e2c38eed9","imageurl":"/mcm/images/land/2A/2752_3ad01671e55b.jpg","landname":"15"},{"id":281475007971494,"level":3,"status":1,"posx":29,"posy":8,"cityid":477,"townid":1030,"tokenid":"f0d4fb911c18ce674ef558eecd5f6a20","tokenurl":"/mcm/api/land?token=f0d4fb911c18ce674ef558eecd5f6a20","imageurl":"/mcm/images/land/2B/4585_35a2bf2e722f.jpg","landname":"16"},{"id":281475007971495,"level":2,"status":1,"posx":32,"posy":8,"cityid":477,"townid":1030,"tokenid":"b379d9a4518082077572614b7660cd33","tokenurl":"/mcm/api/land?token=b379d9a4518082077572614b7660cd33","imageurl":"/mcm/images/land/2A/2753_4558539d7d7.jpg","landname":"17"},{"id":281475007971496,"level":1,"status":1,"posx":33,"posy":8,"cityid":477,"townid":1030,"tokenid":"46a123651444959ad13a5765e47ed3f9","tokenurl":"/mcm/api/land?token=46a123651444959ad13a5765e47ed3f9","imageurl":"/mcm/images/land/2S/1833_181ab529b16d.jpg","landname":"18"},{"id":281475007971497,"level":3,"status":1,"posx":23,"posy":9,"cityid":477,"townid":1030,"tokenid":"a23a5698aa56aa661f37553c888ce655","tokenurl":"/mcm/api/land?token=a23a5698aa56aa661f37553c888ce655","imageurl":"/mcm/images/land/2B/4586_56aa76daf440.jpg","landname":"19"},{"id":281475007971498,"level":3,"status":0,"posx":24,"posy":9,"cityid":477,"townid":1030,"tokenid":"98874cbc4c359895b80cf739f574e421","tokenurl":"/mcm/api/land?token=98874cbc4c359895b80cf739f574e421","imageurl":"/mcm/images/land/2B/4587_17923f5afd1c.jpg","landname":"20"},{"id":281475007971499,"level":2,"status":0,"posx":28,"posy":9,"cityid":477,"townid":1030,"tokenid":"c06195a88d5c16a1396458880748b00c","tokenurl":"/mcm/api/land?token=c06195a88d5c16a1396458880748b00c","imageurl":"/mcm/images/land/2A/2754_320fe44b5ba0.jpg","landname":"21"},{"id":281475007971500,"level":3,"status":1,"posx":29,"posy":9,"cityid":477,"townid":1030,"tokenid":"c3ae00c5a1d32b79f0dafbf40e319050","tokenurl":"/mcm/api/land?token=c3ae00c5a1d32b79f0dafbf40e319050","imageurl":"/mcm/images/land/2B/4588_39acb25a9c50.jpg","landname":"22"},{"id":281475007971501,"level":2,"status":1,"posx":32,"posy":9,"cityid":477,"townid":1030,"tokenid":"caf4de30710f4a7c9be08cc329654c16","tokenurl":"/mcm/api/land?token=caf4de30710f4a7c9be08cc329654c16","imageurl":"/mcm/images/land/2A/2755_18d8fa9dddce.jpg","landname":"23"},{"id":281475007971502,"level":2,"status":0,"posx":33,"posy":9,"cityid":477,"townid":1030,"tokenid":"059d27043865ee0f9cb948e7ce4faeb1","tokenurl":"/mcm/api/land?token=059d27043865ee0f9cb948e7ce4faeb1","imageurl":"/mcm/images/land/2A/2756_4a4c5d872712.jpg","landname":"24"},{"id":281475007971503,"level":1,"status":0,"posx":6,"posy":10,"cityid":477,"townid":1030,"tokenid":"686676ef8b1a42bbbe82150beac9ad31","tokenurl":"/mcm/api/land?token=686676ef8b1a42bbbe82150beac9ad31","imageurl":"/mcm/images/land/2S/1834_564d47e8a737.jpg","landname":"25"},{"id":281475007971504,"level":3,"status":1,"posx":7,"posy":10,"cityid":477,"townid":1030,"tokenid":"b97d75fb7484c3bea7c6193e9b80cfbc","tokenurl":"/mcm/api/land?token=b97d75fb7484c3bea7c6193e9b80cfbc","imageurl":"/mcm/images/land/2B/4589_41614498cc42.jpg","landname":"26"},{"id":281475007971505,"level":2,"status":0,"posx":28,"posy":10,"cityid":477,"townid":1030,"tokenid":"352b96023b528d19bc8d8a551d9b221d","tokenurl":"/mcm/api/land?token=352b96023b528d19bc8d8a551d9b221d","imageurl":"/mcm/images/land/2A/2757_3321f5bdb188.jpg","landname":"27"},{"id":281475007971506,"level":2,"status":1,"posx":29,"posy":10,"cityid":477,"townid":1030,"tokenid":"4a2305d540c43a7873672d8bcec6ae80","tokenurl":"/mcm/api/land?token=4a2305d540c43a7873672d8bcec6ae80","imageurl":"/mcm/images/land/2A/2758_4b3ebb02d8f6.jpg","landname":"28"},{"id":281475007971507,"level":3,"status":1,"posx":32,"posy":10,"cityid":477,"townid":1030,"tokenid":"94e280b2a3017c94ae15316a6508f4e8","tokenurl":"/mcm/api/land?token=94e280b2a3017c94ae15316a6508f4e8","imageurl":"/mcm/images/land/2B/4590_2bfb333f22b2.jpg","landname":"29"},{"id":281475007971508,"level":2,"status":0,"posx":33,"posy":10,"cityid":477,"townid":1030,"tokenid":"eb8d9bc84b2388a626bd0f1a60413ba3","tokenurl":"/mcm/api/land?token=eb8d9bc84b2388a626bd0f1a60413ba3","imageurl":"/mcm/images/land/2A/2759_d491e82fea1.jpg","landname":"30"},{"id":281475007971509,"level":2,"status":1,"posx":6,"posy":11,"cityid":477,"townid":1030,"tokenid":"e7cc6c454f3741996f48c7c01da9f80a","tokenurl":"/mcm/api/land?token=e7cc6c454f3741996f48c7c01da9f80a","imageurl":"/mcm/images/land/2A/2760_a4b1097dee1.jpg","landname":"31"},{"id":281475007971510,"level":3,"status":1,"posx":7,"posy":11,"cityid":477,"townid":1030,"tokenid":"dead3a5e2c28d44074f00a75d36e5a38","tokenurl":"/mcm/api/land?token=dead3a5e2c28d44074f00a75d36e5a38","imageurl":"/mcm/images/land/2B/4591_b84034a59dd.jpg","landname":"32"},{"id":281475007971511,"level":2,"status":0,"posx":9,"posy":11,"cityid":477,"townid":1030,"tokenid":"ab53f6161692966faa3e367d6bdec382","tokenurl":"/mcm/api/land?token=ab53f6161692966faa3e367d6bdec382","imageurl":"/mcm/images/land/2A/2761_689896e3467.jpg","landname":"33"},{"id":281475007971512,"level":3,"status":1,"posx":10,"posy":11,"cityid":477,"townid":1030,"tokenid":"696025df6640b1fe31c65a1b7ecb0969","tokenurl":"/mcm/api/land?token=696025df6640b1fe31c65a1b7ecb0969","imageurl":"/mcm/images/land/2B/4592_428720fa56a7.jpg","landname":"34"},{"id":281475007971513,"level":1,"status":1,"posx":11,"posy":11,"cityid":477,"townid":1030,"tokenid":"df6bd9f6341fce75972dffa2e474bf1c","tokenurl":"/mcm/api/land?token=df6bd9f6341fce75972dffa2e474bf1c","imageurl":"/mcm/images/land/2S/1835_1fe46ec9cb71.jpg","landname":"35"},{"id":281475007971514,"level":1,"status":0,"posx":12,"posy":11,"cityid":477,"townid":1030,"tokenid":"946144c4d9153bd478a6f2272a3132cd","tokenurl":"/mcm/api/land?token=946144c4d9153bd478a6f2272a3132cd","imageurl":"/mcm/images/land/2S/1836_403544502caf.jpg","landname":"36"},{"id":281475007971515,"level":3,"status":1,"posx":13,"posy":11,"cityid":477,"townid":1030,"tokenid":"fca7cfff62fb348ba35a3d17e1201cba","tokenurl":"/mcm/api/land?token=fca7cfff62fb348ba35a3d17e1201cba","imageurl":"/mcm/images/land/2B/4593_5361397f4346.jpg","landname":"37"},{"id":281475007971516,"level":3,"status":0,"posx":32,"posy":11,"cityid":477,"townid":1030,"tokenid":"f6edf210682544b87250816277dabad9","tokenurl":"/mcm/api/land?token=f6edf210682544b87250816277dabad9","imageurl":"/mcm/images/land/2B/4594_53784d43a49d.jpg","landname":"38"},{"id":281475007971517,"level":2,"status":1,"posx":33,"posy":11,"cityid":477,"townid":1030,"tokenid":"f1b4e98ca7f2a29f5123d58e9b91af09","tokenurl":"/mcm/api/land?token=f1b4e98ca7f2a29f5123d58e9b91af09","imageurl":"/mcm/images/land/2A/2762_37084b6fbe79.jpg","landname":"39"},{"id":281475007971518,"level":3,"status":1,"posx":6,"posy":12,"cityid":477,"townid":1030,"tokenid":"3a5140d89ee90739e4d36c4b4f75e4e3","tokenurl":"/mcm/api/land?token=3a5140d89ee90739e4d36c4b4f75e4e3","imageurl":"/mcm/images/land/2B/4595_2052397822e5.jpg","landname":"40"},{"id":281475007971519,"level":2,"status":1,"posx":7,"posy":12,"cityid":477,"townid":1030,"tokenid":"7306dfb459ae125e075aef3255ccaf60","tokenurl":"/mcm/api/land?token=7306dfb459ae125e075aef3255ccaf60","imageurl":"/mcm/images/land/2A/2763_302bf20d67ac.jpg","landname":"41"},{"id":281475007971520,"level":1,"status":1,"posx":9,"posy":12,"cityid":477,"townid":1030,"tokenid":"6ab97d235a9ee64c8cb25eb4d68c0ba1","tokenurl":"/mcm/api/land?token=6ab97d235a9ee64c8cb25eb4d68c0ba1","imageurl":"/mcm/images/land/2S/1837_4123148e75be.jpg","landname":"42"},{"id":281475007971521,"level":3,"status":0,"posx":10,"posy":12,"cityid":477,"townid":1030,"tokenid":"bd32a954bca7ac5865e82bb3bd9bacea","tokenurl":"/mcm/api/land?token=bd32a954bca7ac5865e82bb3bd9bacea","imageurl":"/mcm/images/land/2B/4596_128ee3f2fd33.jpg","landname":"43"},{"id":281475007971522,"level":2,"status":0,"posx":11,"posy":12,"cityid":477,"townid":1030,"tokenid":"eead084acad31d821649fab8891d9a45","tokenurl":"/mcm/api/land?token=eead084acad31d821649fab8891d9a45","imageurl":"/mcm/images/land/2A/2764_333f0370eb3a.jpg","landname":"44"},{"id":281475007971523,"level":3,"status":0,"posx":12,"posy":12,"cityid":477,"townid":1030,"tokenid":"6247cd12a83ed2c00490c4bc52dabb64","tokenurl":"/mcm/api/land?token=6247cd12a83ed2c00490c4bc52dabb64","imageurl":"/mcm/images/land/2B/4597_25deb0bb1622.jpg","landname":"45"},{"id":281475007971524,"level":3,"status":1,"posx":13,"posy":12,"cityid":477,"townid":1030,"tokenid":"ca23f7bde581621331502be99e5b6478","tokenurl":"/mcm/api/land?token=ca23f7bde581621331502be99e5b6478","imageurl":"/mcm/images/land/2B/4598_20b0df5d00d6.jpg","landname":"46"},{"id":281475007971525,"level":1,"status":0,"posx":6,"posy":13,"cityid":477,"townid":1030,"tokenid":"71a224244284560d1da9a5d93c8bf032","tokenurl":"/mcm/api/land?token=71a224244284560d1da9a5d93c8bf032","imageurl":"/mcm/images/land/2S/1838_45bb4d2dff61.jpg","landname":"47"},{"id":281475007971526,"level":3,"status":0,"posx":7,"posy":13,"cityid":477,"townid":1030,"tokenid":"7746f98af89847828ec0db92291b38a0","tokenurl":"/mcm/api/land?token=7746f98af89847828ec0db92291b38a0","imageurl":"/mcm/images/land/2B/4599_d503106f95f.jpg","landname":"48"},{"id":281475007971527,"level":3,"status":0,"posx":6,"posy":14,"cityid":477,"townid":1030,"tokenid":"19a0b8b237377a1f5e56f5a794cab35d","tokenurl":"/mcm/api/land?token=19a0b8b237377a1f5e56f5a794cab35d","imageurl":"/mcm/images/land/2B/4600_59954a157bb.jpg","landname":"49"},{"id":281475007971528,"level":3,"status":1,"posx":7,"posy":14,"cityid":477,"townid":1030,"tokenid":"1b5a011069419bbea9693814e5b4fa90","tokenurl":"/mcm/api/land?token=1b5a011069419bbea9693814e5b4fa90","imageurl":"/mcm/images/land/2B/4601_3d9dc7d42407.jpg","landname":"50"},{"id":281475007971529,"level":3,"status":0,"posx":10,"posy":15,"cityid":477,"townid":1030,"tokenid":"625b491d7084f23431e284aa1a81825f","tokenurl":"/mcm/api/land?token=625b491d7084f23431e284aa1a81825f","imageurl":"/mcm/images/land/2B/4602_42798ea1c3eb.jpg","landname":"51"},{"id":281475007971530,"level":2,"status":0,"posx":11,"posy":15,"cityid":477,"townid":1030,"tokenid":"587e5791f2a87f7d959a89530ba264a4","tokenurl":"/mcm/api/land?token=587e5791f2a87f7d959a89530ba264a4","imageurl":"/mcm/images/land/2A/2765_3ae33541af38.jpg","landname":"52"},{"id":281475007971531,"level":1,"status":1,"posx":12,"posy":15,"cityid":477,"townid":1030,"tokenid":"0918c67eba974d0ff36c3a90c2bf2e94","tokenurl":"/mcm/api/land?token=0918c67eba974d0ff36c3a90c2bf2e94","imageurl":"/mcm/images/land/2S/1839_2c519a0593b.jpg","landname":"53"},{"id":281475007971532,"level":3,"status":0,"posx":13,"posy":15,"cityid":477,"townid":1030,"tokenid":"2e31e2fc9b89f4bc3260568d09c99815","tokenurl":"/mcm/api/land?token=2e31e2fc9b89f4bc3260568d09c99815","imageurl":"/mcm/images/land/2B/4603_d50778597a1.jpg","landname":"54"},{"id":281475007971533,"level":2,"status":1,"posx":14,"posy":15,"cityid":477,"townid":1030,"tokenid":"6483aefb5ed1918a55cf140df90f3a81","tokenurl":"/mcm/api/land?token=6483aefb5ed1918a55cf140df90f3a81","imageurl":"/mcm/images/land/2A/2766_3b78ac13dbd1.jpg","landname":"55"},{"id":281475007971534,"level":3,"status":1,"posx":10,"posy":16,"cityid":477,"townid":1030,"tokenid":"da92a2f1b573ef0bb090abfe83515abe","tokenurl":"/mcm/api/land?token=da92a2f1b573ef0bb090abfe83515abe","imageurl":"/mcm/images/land/2B/4604_1da085e1516a.jpg","landname":"56"},{"id":281475007971535,"level":1,"status":1,"posx":11,"posy":16,"cityid":477,"townid":1030,"tokenid":"daeaebd72dcee29d4ab59e5b504af3ab","tokenurl":"/mcm/api/land?token=daeaebd72dcee29d4ab59e5b504af3ab","imageurl":"/mcm/images/land/2S/1840_2f284eca512a.jpg","landname":"57"},{"id":281475007971536,"level":3,"status":0,"posx":12,"posy":16,"cityid":477,"townid":1030,"tokenid":"7f70cbf28a8fb38a4e8d885188cd9117","tokenurl":"/mcm/api/land?token=7f70cbf28a8fb38a4e8d885188cd9117","imageurl":"/mcm/images/land/2B/4605_46a186519605.jpg","landname":"58"},{"id":281475007971537,"level":2,"status":0,"posx":13,"posy":16,"cityid":477,"townid":1030,"tokenid":"0d46c8bec3ca442a88e360c7597e2264","tokenurl":"/mcm/api/land?token=0d46c8bec3ca442a88e360c7597e2264","imageurl":"/mcm/images/land/2A/2767_451dafaa80c4.jpg","landname":"59"},{"id":281475007971538,"level":3,"status":0,"posx":14,"posy":16,"cityid":477,"townid":1030,"tokenid":"3d58ba52589e6984cffb3611b80bc23b","tokenurl":"/mcm/api/land?token=3d58ba52589e6984cffb3611b80bc23b","imageurl":"/mcm/images/land/2B/4606_de949a5719b.jpg","landname":"60"},{"id":281475007971539,"level":3,"status":0,"posx":5,"posy":17,"cityid":477,"townid":1030,"tokenid":"5d1b97eefce66b2f126767cc868a1a1e","tokenurl":"/mcm/api/land?token=5d1b97eefce66b2f126767cc868a1a1e","imageurl":"/mcm/images/land/2B/4607_d167dcab6b8.jpg","landname":"61"},{"id":281475007971540,"level":3,"status":1,"posx":6,"posy":17,"cityid":477,"townid":1030,"tokenid":"b047ef9f001dce485cf88a70625a6e7e","tokenurl":"/mcm/api/land?token=b047ef9f001dce485cf88a70625a6e7e","imageurl":"/mcm/images/land/2B/4608_49ff75e9c679.jpg","landname":"62"},{"id":281475007971541,"level":3,"status":1,"posx":7,"posy":17,"cityid":477,"townid":1030,"tokenid":"00c1e603f5e238550a859b85d213670e","tokenurl":"/mcm/api/land?token=00c1e603f5e238550a859b85d213670e","imageurl":"/mcm/images/land/2B/4609_1664629d309a.jpg","landname":"63"},{"id":281475007971542,"level":1,"status":1,"posx":8,"posy":17,"cityid":477,"townid":1030,"tokenid":"a575b183d3b9dd6c31e24f5b213f8a27","tokenurl":"/mcm/api/land?token=a575b183d3b9dd6c31e24f5b213f8a27","imageurl":"/mcm/images/land/2S/1841_57207e37a1a4.jpg","landname":"64"},{"id":281475007971543,"level":3,"status":0,"posx":9,"posy":17,"cityid":477,"townid":1030,"tokenid":"e0978135211d0c0a03764d92169c3c1f","tokenurl":"/mcm/api/land?token=e0978135211d0c0a03764d92169c3c1f","imageurl":"/mcm/images/land/2B/4610_423bd60e60c1.jpg","landname":"65"},{"id":281475007971544,"level":1,"status":0,"posx":5,"posy":18,"cityid":477,"townid":1030,"tokenid":"5149672aab36865b45efcd9069ef2946","tokenurl":"/mcm/api/land?token=5149672aab36865b45efcd9069ef2946","imageurl":"/mcm/images/land/2S/1842_1725eff55e7a.jpg","landname":"66"},{"id":281475007971545,"level":1,"status":1,"posx":6,"posy":18,"cityid":477,"townid":1030,"tokenid":"39eba6e0f4075ac5d80f974432273dce","tokenurl":"/mcm/api/land?token=39eba6e0f4075ac5d80f974432273dce","imageurl":"/mcm/images/land/2S/1843_2e037a54c9c9.jpg","landname":"67"},{"id":281475007971546,"level":3,"status":1,"posx":7,"posy":18,"cityid":477,"townid":1030,"tokenid":"48b778d7b844a3839d9e4141c01a9a0f","tokenurl":"/mcm/api/land?token=48b778d7b844a3839d9e4141c01a9a0f","imageurl":"/mcm/images/land/2B/4611_52e91a4ccb19.jpg","landname":"68"},{"id":281475007971547,"level":1,"status":0,"posx":8,"posy":18,"cityid":477,"townid":1030,"tokenid":"d8e8e4af5f53647e13c6e6663b82107e","tokenurl":"/mcm/api/land?token=d8e8e4af5f53647e13c6e6663b82107e","imageurl":"/mcm/images/land/2S/1844_4993e44dbfd7.jpg","landname":"69"},{"id":281475007971548,"level":3,"status":1,"posx":9,"posy":18,"cityid":477,"townid":1030,"tokenid":"9a2ed9c61ead5f99e8ee2f51b39298e9","tokenurl":"/mcm/api/land?token=9a2ed9c61ead5f99e8ee2f51b39298e9","imageurl":"/mcm/images/land/2B/4612_170b50407c36.jpg","landname":"70"},{"id":281475007971549,"level":3,"status":0,"posx":28,"posy":20,"cityid":477,"townid":1030,"tokenid":"18a2e2955d858bb202b6975dcaf01a87","tokenurl":"/mcm/api/land?token=18a2e2955d858bb202b6975dcaf01a87","imageurl":"/mcm/images/land/2B/4613_4e58375826c3.jpg","landname":"71"},{"id":281475007971550,"level":2,"status":1,"posx":29,"posy":20,"cityid":477,"townid":1030,"tokenid":"bd96747dd7f0285a85e7ec0e0dbf0919","tokenurl":"/mcm/api/land?token=bd96747dd7f0285a85e7ec0e0dbf0919","imageurl":"/mcm/images/land/2A/2768_2066a6cd6fe.jpg","landname":"72"},{"id":281475007971551,"level":3,"status":0,"posx":32,"posy":20,"cityid":477,"townid":1030,"tokenid":"97044e5a577d02b7117a5511cf09ebcd","tokenurl":"/mcm/api/land?token=97044e5a577d02b7117a5511cf09ebcd","imageurl":"/mcm/images/land/2B/4614_7a75f1f1cc7.jpg","landname":"73"},{"id":281475007971552,"level":3,"status":0,"posx":33,"posy":20,"cityid":477,"townid":1030,"tokenid":"94c40a72c92dd319f71dbc1755c9a73a","tokenurl":"/mcm/api/land?token=94c40a72c92dd319f71dbc1755c9a73a","imageurl":"/mcm/images/land/2B/4615_4c9cf6d7c818.jpg","landname":"74"},{"id":281475007971553,"level":2,"status":0,"posx":28,"posy":21,"cityid":477,"townid":1030,"tokenid":"29e79ba184c24a40032adb23699cd95d","tokenurl":"/mcm/api/land?token=29e79ba184c24a40032adb23699cd95d","imageurl":"/mcm/images/land/2A/2769_41b93efa66ce.jpg","landname":"75"},{"id":281475007971554,"level":1,"status":1,"posx":29,"posy":21,"cityid":477,"townid":1030,"tokenid":"4df625f5d439811daa80bf779fafd8e8","tokenurl":"/mcm/api/land?token=4df625f5d439811daa80bf779fafd8e8","imageurl":"/mcm/images/land/2S/1845_4da9155737c3.jpg","landname":"76"},{"id":281475007971555,"level":2,"status":1,"posx":32,"posy":21,"cityid":477,"townid":1030,"tokenid":"c86c5a968388599fadc4a2b5b26445e8","tokenurl":"/mcm/api/land?token=c86c5a968388599fadc4a2b5b26445e8","imageurl":"/mcm/images/land/2A/2770_b9562e188bc.jpg","landname":"77"},{"id":281475007971556,"level":2,"status":0,"posx":33,"posy":21,"cityid":477,"townid":1030,"tokenid":"ee3132e86768e691d8a49eec45d5bf25","tokenurl":"/mcm/api/land?token=ee3132e86768e691d8a49eec45d5bf25","imageurl":"/mcm/images/land/2A/2771_1c18b339a7f6.jpg","landname":"78"},{"id":281475007971557,"level":2,"status":0,"posx":28,"posy":22,"cityid":477,"townid":1030,"tokenid":"0b042cbd26d475832446d67207b44404","tokenurl":"/mcm/api/land?token=0b042cbd26d475832446d67207b44404","imageurl":"/mcm/images/land/2A/2772_39be643283bc.jpg","landname":"79"},{"id":281475007971558,"level":3,"status":0,"posx":29,"posy":22,"cityid":477,"townid":1030,"tokenid":"049ef404c19e67f5607634f256c37015","tokenurl":"/mcm/api/land?token=049ef404c19e67f5607634f256c37015","imageurl":"/mcm/images/land/2B/4616_22b5649fa3a0.jpg","landname":"80"},{"id":281475007971559,"level":1,"status":0,"posx":32,"posy":22,"cityid":477,"townid":1030,"tokenid":"1c394e8e1eebb0eef1a7bfad0ebda9d3","tokenurl":"/mcm/api/land?token=1c394e8e1eebb0eef1a7bfad0ebda9d3","imageurl":"/mcm/images/land/2S/1846_25a59cb0b910.jpg","landname":"81"},{"id":281475007971560,"level":2,"status":0,"posx":33,"posy":22,"cityid":477,"townid":1030,"tokenid":"3d43ae7899ce807cf1ab631dd1152143","tokenurl":"/mcm/api/land?token=3d43ae7899ce807cf1ab631dd1152143","imageurl":"/mcm/images/land/2A/2773_1673cf75326d.jpg","landname":"82"},{"id":281475007971561,"level":3,"status":0,"posx":15,"posy":23,"cityid":477,"townid":1030,"tokenid":"a4468fe56ea44f16b0deab3a3ab711e3","tokenurl":"/mcm/api/land?token=a4468fe56ea44f16b0deab3a3ab711e3","imageurl":"/mcm/images/land/2B/4617_50a17a498b58.jpg","landname":"83"},{"id":281475007971562,"level":3,"status":0,"posx":16,"posy":23,"cityid":477,"townid":1030,"tokenid":"9538204d80489820bb5dfe7b9ce5bb9f","tokenurl":"/mcm/api/land?token=9538204d80489820bb5dfe7b9ce5bb9f","imageurl":"/mcm/images/land/2B/4618_24d27c489edd.jpg","landname":"84"},{"id":281475007971563,"level":3,"status":0,"posx":17,"posy":23,"cityid":477,"townid":1030,"tokenid":"1e3074fa999216f61fff6e71c01430f5","tokenurl":"/mcm/api/land?token=1e3074fa999216f61fff6e71c01430f5","imageurl":"/mcm/images/land/2B/4619_61b3408dee6.jpg","landname":"85"},{"id":281475007971564,"level":3,"status":1,"posx":18,"posy":23,"cityid":477,"townid":1030,"tokenid":"5a147f0ca85e33db7853a655abbe148d","tokenurl":"/mcm/api/land?token=5a147f0ca85e33db7853a655abbe148d","imageurl":"/mcm/images/land/2B/4620_3c3ece60e20c.jpg","landname":"86"},{"id":281475007971565,"level":2,"status":0,"posx":19,"posy":23,"cityid":477,"townid":1030,"tokenid":"2e7345b47a2daefdbfcad62059d43350","tokenurl":"/mcm/api/land?token=2e7345b47a2daefdbfcad62059d43350","imageurl":"/mcm/images/land/2A/2774_1519067dfb78.jpg","landname":"87"},{"id":281475007971566,"level":2,"status":1,"posx":28,"posy":23,"cityid":477,"townid":1030,"tokenid":"2216c51920180e8a540c67afb10360dc","tokenurl":"/mcm/api/land?token=2216c51920180e8a540c67afb10360dc","imageurl":"/mcm/images/land/2A/2775_253e60cac0cd.jpg","landname":"88"},{"id":281475007971567,"level":2,"status":1,"posx":29,"posy":23,"cityid":477,"townid":1030,"tokenid":"29531db3fbf4b5ccd317f0da5c19f50b","tokenurl":"/mcm/api/land?token=29531db3fbf4b5ccd317f0da5c19f50b","imageurl":"/mcm/images/land/2A/2776_400600d78f9a.jpg","landname":"89"},{"id":281475007971568,"level":2,"status":1,"posx":32,"posy":23,"cityid":477,"townid":1030,"tokenid":"03c9e5e0f7defb798157593f76446ff0","tokenurl":"/mcm/api/land?token=03c9e5e0f7defb798157593f76446ff0","imageurl":"/mcm/images/land/2A/2777_45a8fd3ebbe5.jpg","landname":"90"},{"id":281475007971569,"level":1,"status":1,"posx":33,"posy":23,"cityid":477,"townid":1030,"tokenid":"4a5515d17c27f5ab8101a4771fd3f834","tokenurl":"/mcm/api/land?token=4a5515d17c27f5ab8101a4771fd3f834","imageurl":"/mcm/images/land/2S/1847_2ac21fc765b3.jpg","landname":"91"},{"id":281475007971570,"level":3,"status":0,"posx":15,"posy":24,"cityid":477,"townid":1030,"tokenid":"b1755d1ba0334543561bdc074d55a088","tokenurl":"/mcm/api/land?token=b1755d1ba0334543561bdc074d55a088","imageurl":"/mcm/images/land/2B/4621_2b99300a7c76.jpg","landname":"92"},{"id":281475007971571,"level":3,"status":1,"posx":16,"posy":24,"cityid":477,"townid":1030,"tokenid":"0643dea22cd73cda57f80e7f9224efc3","tokenurl":"/mcm/api/land?token=0643dea22cd73cda57f80e7f9224efc3","imageurl":"/mcm/images/land/2B/4622_588e7ded06eb.jpg","landname":"93"},{"id":281475007971572,"level":3,"status":0,"posx":17,"posy":24,"cityid":477,"townid":1030,"tokenid":"ff12d29da82fa405e9ba7c245f7baaec","tokenurl":"/mcm/api/land?token=ff12d29da82fa405e9ba7c245f7baaec","imageurl":"/mcm/images/land/2B/4623_33d10a1aaeb9.jpg","landname":"94"},{"id":281475007971573,"level":3,"status":1,"posx":18,"posy":24,"cityid":477,"townid":1030,"tokenid":"b76c3101da50c3445069b63322fc2cb3","tokenurl":"/mcm/api/land?token=b76c3101da50c3445069b63322fc2cb3","imageurl":"/mcm/images/land/2B/4624_410eb7acf2ab.jpg","landname":"95"},{"id":281475007971574,"level":3,"status":0,"posx":19,"posy":24,"cityid":477,"townid":1030,"tokenid":"18bb402b66c44652dfd95c5191340146","tokenurl":"/mcm/api/land?token=18bb402b66c44652dfd95c5191340146","imageurl":"/mcm/images/land/2B/4625_257851a972cd.jpg","landname":"96"},{"id":281475007971575,"level":1,"status":0,"posx":28,"posy":24,"cityid":477,"townid":1030,"tokenid":"93dd3ab7a8b8d697bfd21236436b1cf7","tokenurl":"/mcm/api/land?token=93dd3ab7a8b8d697bfd21236436b1cf7","imageurl":"/mcm/images/land/2S/1848_2e04d724dac9.jpg","landname":"97"},{"id":281475007971576,"level":1,"status":1,"posx":29,"posy":24,"cityid":477,"townid":1030,"tokenid":"a756e04f9ec0340d39ccc9d6b60e9204","tokenurl":"/mcm/api/land?token=a756e04f9ec0340d39ccc9d6b60e9204","imageurl":"/mcm/images/land/2S/1849_4d027b1fe0c3.jpg","landname":"98"},{"id":281475007971577,"level":3,"status":1,"posx":32,"posy":24,"cityid":477,"townid":1030,"tokenid":"f15c8879e7c1a99245e79a10c6b5d25a","tokenurl":"/mcm/api/land?token=f15c8879e7c1a99245e79a10c6b5d25a","imageurl":"/mcm/images/land/2B/4626_4325f695c7eb.jpg","landname":"99"},{"id":281475007971578,"level":3,"status":1,"posx":33,"posy":24,"cityid":477,"townid":1030,"tokenid":"09e3c3de1835511db54cb41d8c25e256","tokenurl":"/mcm/api/land?token=09e3c3de1835511db54cb41d8c25e256","imageurl":"/mcm/images/land/2B/4627_d7e6af97d2e.jpg","landname":"100"},{"id":281475007971579,"level":3,"status":0,"posx":6,"posy":25,"cityid":477,"townid":1030,"tokenid":"cdbab24904b019a701411f2fc092c557","tokenurl":"/mcm/api/land?token=cdbab24904b019a701411f2fc092c557","imageurl":"/mcm/images/land/2B/4628_225ccd0913a6.jpg","landname":"101"},{"id":281475007971580,"level":2,"status":1,"posx":7,"posy":25,"cityid":477,"townid":1030,"tokenid":"d6af5e57eafbb98a1637f65e75be314d","tokenurl":"/mcm/api/land?token=d6af5e57eafbb98a1637f65e75be314d","imageurl":"/mcm/images/land/2A/2778_49ebd8834e15.jpg","landname":"102"},{"id":281475007971581,"level":2,"status":0,"posx":6,"posy":26,"cityid":477,"townid":1030,"tokenid":"15f8df9db4f2115c0c776f020b162bdf","tokenurl":"/mcm/api/land?token=15f8df9db4f2115c0c776f020b162bdf","imageurl":"/mcm/images/land/2A/2779_46c47a7da353.jpg","landname":"103"},{"id":281475007971582,"level":1,"status":1,"posx":7,"posy":26,"cityid":477,"townid":1030,"tokenid":"ee7a2d8f8788fe1e924f234454d54480","tokenurl":"/mcm/api/land?token=ee7a2d8f8788fe1e924f234454d54480","imageurl":"/mcm/images/land/2S/1850_2097bb60d66a.jpg","landname":"104"},{"id":281475007971583,"level":3,"status":0,"posx":21,"posy":26,"cityid":477,"townid":1030,"tokenid":"fdc2821835f536b4de6dc84f2c0bbbf2","tokenurl":"/mcm/api/land?token=fdc2821835f536b4de6dc84f2c0bbbf2","imageurl":"/mcm/images/land/2B/4629_580c5b021956.jpg","landname":"105"},{"id":281475007971584,"level":1,"status":0,"posx":22,"posy":26,"cityid":477,"townid":1030,"tokenid":"dd5481f4a805e94035b8205b9e391798","tokenurl":"/mcm/api/land?token=dd5481f4a805e94035b8205b9e391798","imageurl":"/mcm/images/land/2S/1851_587b537a8e42.jpg","landname":"106"},{"id":281475007971585,"level":3,"status":0,"posx":24,"posy":26,"cityid":477,"townid":1030,"tokenid":"4f2812405047c4be54e36d7aa6e7bd16","tokenurl":"/mcm/api/land?token=4f2812405047c4be54e36d7aa6e7bd16","imageurl":"/mcm/images/land/2B/4630_5755d83a0849.jpg","landname":"107"},{"id":281475007971586,"level":3,"status":1,"posx":25,"posy":26,"cityid":477,"townid":1030,"tokenid":"e2e731210bdc1b9b34734189528fbccc","tokenurl":"/mcm/api/land?token=e2e731210bdc1b9b34734189528fbccc","imageurl":"/mcm/images/land/2B/4631_2096edaae6f6.jpg","landname":"108"},{"id":281475007971587,"level":2,"status":1,"posx":28,"posy":26,"cityid":477,"townid":1030,"tokenid":"5b08b579e190cf29ee30642c5c53c81c","tokenurl":"/mcm/api/land?token=5b08b579e190cf29ee30642c5c53c81c","imageurl":"/mcm/images/land/2A/2780_3eea6303503a.jpg","landname":"109"},{"id":281475007971588,"level":3,"status":1,"posx":29,"posy":26,"cityid":477,"townid":1030,"tokenid":"691c1d561c0b5020636f16f803a071a8","tokenurl":"/mcm/api/land?token=691c1d561c0b5020636f16f803a071a8","imageurl":"/mcm/images/land/2B/4632_103a598f3e0c.jpg","landname":"110"},{"id":281475007971589,"level":2,"status":1,"posx":32,"posy":26,"cityid":477,"townid":1030,"tokenid":"659582129a66e860755023f7cd4bf96b","tokenurl":"/mcm/api/land?token=659582129a66e860755023f7cd4bf96b","imageurl":"/mcm/images/land/2A/2781_4d7db005d6a0.jpg","landname":"111"},{"id":281475007971590,"level":3,"status":1,"posx":33,"posy":26,"cityid":477,"townid":1030,"tokenid":"06db24cee817c0e173fd071434fc4fd3","tokenurl":"/mcm/api/land?token=06db24cee817c0e173fd071434fc4fd3","imageurl":"/mcm/images/land/2B/4633_38f1e2a3d12d.jpg","landname":"112"},{"id":281475007971591,"level":2,"status":0,"posx":6,"posy":27,"cityid":477,"townid":1030,"tokenid":"bc9cf98ce8c32ab8249772194066d3ad","tokenurl":"/mcm/api/land?token=bc9cf98ce8c32ab8249772194066d3ad","imageurl":"/mcm/images/land/2A/2782_8f50cce4f90.jpg","landname":"113"},{"id":281475007971592,"level":3,"status":1,"posx":7,"posy":27,"cityid":477,"townid":1030,"tokenid":"7fa6be78816cc1e2ab2da6e95aa6789b","tokenurl":"/mcm/api/land?token=7fa6be78816cc1e2ab2da6e95aa6789b","imageurl":"/mcm/images/land/2B/4634_15d8dc0ac36c.jpg","landname":"114"},{"id":281475007971593,"level":3,"status":0,"posx":21,"posy":27,"cityid":477,"townid":1030,"tokenid":"0b8e2b17e5a9cc2b83c54d241334e43b","tokenurl":"/mcm/api/land?token=0b8e2b17e5a9cc2b83c54d241334e43b","imageurl":"/mcm/images/land/2B/4635_5079bc9b97b4.jpg","landname":"115"},{"id":281475007971594,"level":2,"status":0,"posx":22,"posy":27,"cityid":477,"townid":1030,"tokenid":"4870cc9a035b1559aa1f8ec509332306","tokenurl":"/mcm/api/land?token=4870cc9a035b1559aa1f8ec509332306","imageurl":"/mcm/images/land/2A/2783_3e9ea7a5f136.jpg","landname":"116"},{"id":281475007971595,"level":3,"status":1,"posx":24,"posy":27,"cityid":477,"townid":1030,"tokenid":"421535d29e05b976dc957ecd557619ea","tokenurl":"/mcm/api/land?token=421535d29e05b976dc957ecd557619ea","imageurl":"/mcm/images/land/2B/4636_38083cd80a2b.jpg","landname":"117"},{"id":281475007971596,"level":1,"status":0,"posx":25,"posy":27,"cityid":477,"townid":1030,"tokenid":"898e4a2539bddaffffa07759abd99995","tokenurl":"/mcm/api/land?token=898e4a2539bddaffffa07759abd99995","imageurl":"/mcm/images/land/2S/1852_20a191d44012.jpg","landname":"118"},{"id":281475007971597,"level":3,"status":0,"posx":28,"posy":27,"cityid":477,"townid":1030,"tokenid":"3f01d1ad4d39c0909d1f8fbc44018842","tokenurl":"/mcm/api/land?token=3f01d1ad4d39c0909d1f8fbc44018842","imageurl":"/mcm/images/land/2B/4637_515939d8f7a9.jpg","landname":"119"},{"id":281475007971598,"level":1,"status":0,"posx":29,"posy":27,"cityid":477,"townid":1030,"tokenid":"358ffb10f06bbff4d136a548f53fc27b","tokenurl":"/mcm/api/land?token=358ffb10f06bbff4d136a548f53fc27b","imageurl":"/mcm/images/land/2S/1853_4bf28d3c50b.jpg","landname":"120"},{"id":281475007971599,"level":2,"status":0,"posx":32,"posy":27,"cityid":477,"townid":1030,"tokenid":"be87633f1e1a16002c79bc5f12b10ce3","tokenurl":"/mcm/api/land?token=be87633f1e1a16002c79bc5f12b10ce3","imageurl":"/mcm/images/land/2A/2784_40f8d7847445.jpg","landname":"121"},{"id":281475007971600,"level":1,"status":0,"posx":33,"posy":27,"cityid":477,"townid":1030,"tokenid":"c45a10dbdc7d56370b2456f8c6ffd53f","tokenurl":"/mcm/api/land?token=c45a10dbdc7d56370b2456f8c6ffd53f","imageurl":"/mcm/images/land/2S/1854_398720216c09.jpg","landname":"122"},{"id":281475007971601,"level":3,"status":0,"posx":6,"posy":28,"cityid":477,"townid":1030,"tokenid":"438a1956c52d6ce5c77f06977a1a093b","tokenurl":"/mcm/api/land?token=438a1956c52d6ce5c77f06977a1a093b","imageurl":"/mcm/images/land/2B/4638_53a5ab30347e.jpg","landname":"123"},{"id":281475007971602,"level":1,"status":0,"posx":7,"posy":28,"cityid":477,"townid":1030,"tokenid":"93041c5d0232efe5ed5060fdf05dc9eb","tokenurl":"/mcm/api/land?token=93041c5d0232efe5ed5060fdf05dc9eb","imageurl":"/mcm/images/land/2S/1855_38bced990f85.jpg","landname":"124"},{"id":281475007971603,"level":2,"status":0,"posx":21,"posy":28,"cityid":477,"townid":1030,"tokenid":"1944122d875e19301fb8e7b208228ee5","tokenurl":"/mcm/api/land?token=1944122d875e19301fb8e7b208228ee5","imageurl":"/mcm/images/land/2A/2785_3467efc6ba33.jpg","landname":"125"},{"id":281475007971604,"level":1,"status":0,"posx":22,"posy":28,"cityid":477,"townid":1030,"tokenid":"ea429c713af4ddf5469b8d0d973cae78","tokenurl":"/mcm/api/land?token=ea429c713af4ddf5469b8d0d973cae78","imageurl":"/mcm/images/land/2S/1856_45f6020c2cda.jpg","landname":"126"},{"id":281475007971605,"level":2,"status":1,"posx":24,"posy":28,"cityid":477,"townid":1030,"tokenid":"38d80224132bd35897a25d311da40a75","tokenurl":"/mcm/api/land?token=38d80224132bd35897a25d311da40a75","imageurl":"/mcm/images/land/2A/2786_598ac4e25fbb.jpg","landname":"127"},{"id":281475007971606,"level":3,"status":1,"posx":25,"posy":28,"cityid":477,"townid":1030,"tokenid":"4dd967ba185058be0c2e31775056e7c7","tokenurl":"/mcm/api/land?token=4dd967ba185058be0c2e31775056e7c7","imageurl":"/mcm/images/land/2B/4639_5988a365f9f9.jpg","landname":"128"},{"id":281475007971607,"level":3,"status":1,"posx":28,"posy":28,"cityid":477,"townid":1030,"tokenid":"35500e55cd2150b09278c9827996208a","tokenurl":"/mcm/api/land?token=35500e55cd2150b09278c9827996208a","imageurl":"/mcm/images/land/2B/4640_25e5a338fb14.jpg","landname":"129"},{"id":281475007971608,"level":3,"status":1,"posx":29,"posy":28,"cityid":477,"townid":1030,"tokenid":"7e6fbdf9bc0b2dd875396d0a0872da38","tokenurl":"/mcm/api/land?token=7e6fbdf9bc0b2dd875396d0a0872da38","imageurl":"/mcm/images/land/2B/4641_59d7c1bd4403.jpg","landname":"130"},{"id":281475007971609,"level":3,"status":0,"posx":32,"posy":28,"cityid":477,"townid":1030,"tokenid":"8736af6373e65647fb5e7d3cd01ac0f7","tokenurl":"/mcm/api/land?token=8736af6373e65647fb5e7d3cd01ac0f7","imageurl":"/mcm/images/land/2B/4642_45d65586dada.jpg","landname":"131"},{"id":281475007971610,"level":1,"status":1,"posx":33,"posy":28,"cityid":477,"townid":1030,"tokenid":"ff2bc9bf480d1da0bcb3741b8a471356","tokenurl":"/mcm/api/land?token=ff2bc9bf480d1da0bcb3741b8a471356","imageurl":"/mcm/images/land/2S/1857_19795842fcf9.jpg","landname":"132"},{"id":281475007971611,"level":2,"status":0,"posx":6,"posy":29,"cityid":477,"townid":1030,"tokenid":"232f77cb92254bc0d0a1e04fd45364fe","tokenurl":"/mcm/api/land?token=232f77cb92254bc0d0a1e04fd45364fe","imageurl":"/mcm/images/land/2A/2787_1528b0b262d1.jpg","landname":"133"},{"id":281475007971612,"level":3,"status":1,"posx":7,"posy":29,"cityid":477,"townid":1030,"tokenid":"43f1a9238a708ce068737115b65badac","tokenurl":"/mcm/api/land?token=43f1a9238a708ce068737115b65badac","imageurl":"/mcm/images/land/2B/4643_3bff50397dbb.jpg","landname":"134"},{"id":281475007971613,"level":3,"status":1,"posx":21,"posy":29,"cityid":477,"townid":1030,"tokenid":"8f6dcc7a253a44cc0a1dffef9331cab9","tokenurl":"/mcm/api/land?token=8f6dcc7a253a44cc0a1dffef9331cab9","imageurl":"/mcm/images/land/2B/4644_40ac723a8e8.jpg","landname":"135"},{"id":281475007971614,"level":3,"status":1,"posx":22,"posy":29,"cityid":477,"townid":1030,"tokenid":"bbfdaa1c695f3b03e29b509bb5d2841a","tokenurl":"/mcm/api/land?token=bbfdaa1c695f3b03e29b509bb5d2841a","imageurl":"/mcm/images/land/2B/4645_1a9b57c9c177.jpg","landname":"136"},{"id":281475007971615,"level":2,"status":1,"posx":24,"posy":29,"cityid":477,"townid":1030,"tokenid":"5660e7c13d588426fb361fa28b485587","tokenurl":"/mcm/api/land?token=5660e7c13d588426fb361fa28b485587","imageurl":"/mcm/images/land/2A/2788_4ced2865886.jpg","landname":"137"},{"id":281475007971616,"level":2,"status":0,"posx":25,"posy":29,"cityid":477,"townid":1030,"tokenid":"f16953ad6e1d3d9f45ab68796c9c9cf8","tokenurl":"/mcm/api/land?token=f16953ad6e1d3d9f45ab68796c9c9cf8","imageurl":"/mcm/images/land/2A/2789_5234e5596e87.jpg","landname":"138"},{"id":281475007971617,"level":3,"status":1,"posx":28,"posy":29,"cityid":477,"townid":1030,"tokenid":"77d096cc1d49d56faa4345cf918c1ef4","tokenurl":"/mcm/api/land?token=77d096cc1d49d56faa4345cf918c1ef4","imageurl":"/mcm/images/land/2B/4646_1d4483da4da3.jpg","landname":"139"},{"id":281475007971618,"level":2,"status":0,"posx":29,"posy":29,"cityid":477,"townid":1030,"tokenid":"1a1bf3876b5d2b5afdcffacf4e641fb8","tokenurl":"/mcm/api/land?token=1a1bf3876b5d2b5afdcffacf4e641fb8","imageurl":"/mcm/images/land/2A/2790_2abab24affb7.jpg","landname":"140"},{"id":281475007971619,"level":1,"status":1,"posx":32,"posy":29,"cityid":477,"townid":1030,"tokenid":"d73b712acdcc90c3ef2c96de25a8050c","tokenurl":"/mcm/api/land?token=d73b712acdcc90c3ef2c96de25a8050c","imageurl":"/mcm/images/land/2S/1858_4eddc73adcad.jpg","landname":"141"},{"id":281475007971620,"level":3,"status":0,"posx":33,"posy":29,"cityid":477,"townid":1030,"tokenid":"70ef8bcc1c2064354c8caf09274bbc10","tokenurl":"/mcm/api/land?token=70ef8bcc1c2064354c8caf09274bbc10","imageurl":"/mcm/images/land/2B/4647_203614ec5baf.jpg","landname":"142"},{"id":281475007971621,"level":3,"status":1,"posx":21,"posy":30,"cityid":477,"townid":1030,"tokenid":"ea5b8033e01726b7c19f004a5fad83e5","tokenurl":"/mcm/api/land?token=ea5b8033e01726b7c19f004a5fad83e5","imageurl":"/mcm/images/land/2B/4648_b049fb7254d.jpg","landname":"143"},{"id":281475007971622,"level":3,"status":1,"posx":22,"posy":30,"cityid":477,"townid":1030,"tokenid":"493c3e4d6a41dec52305cf6db68807b4","tokenurl":"/mcm/api/land?token=493c3e4d6a41dec52305cf6db68807b4","imageurl":"/mcm/images/land/2B/4649_2d7377a716e0.jpg","landname":"144"},{"id":281475007971623,"level":2,"status":1,"posx":24,"posy":30,"cityid":477,"townid":1030,"tokenid":"194b14edde423fa1d3032096a1b3bc4b","tokenurl":"/mcm/api/land?token=194b14edde423fa1d3032096a1b3bc4b","imageurl":"/mcm/images/land/2A/2791_57eeb0e76f76.jpg","landname":"145"},{"id":281475007971624,"level":1,"status":0,"posx":25,"posy":30,"cityid":477,"townid":1030,"tokenid":"e6fc1ce81ccb58f87279a66477b48e63","tokenurl":"/mcm/api/land?token=e6fc1ce81ccb58f87279a66477b48e63","imageurl":"/mcm/images/land/2S/1859_1103631f1c73.jpg","landname":"146"},{"id":281475007971625,"level":3,"status":0,"posx":28,"posy":30,"cityid":477,"townid":1030,"tokenid":"21e918ad885de9e11de230492b2c615a","tokenurl":"/mcm/api/land?token=21e918ad885de9e11de230492b2c615a","imageurl":"/mcm/images/land/2B/4650_857c745f151.jpg","landname":"147"},{"id":281475007971626,"level":3,"status":1,"posx":29,"posy":30,"cityid":477,"townid":1030,"tokenid":"1fc37cc1776597a3133d5b0a588f0e77","tokenurl":"/mcm/api/land?token=1fc37cc1776597a3133d5b0a588f0e77","imageurl":"/mcm/images/land/2B/4651_48a17ee3bc13.jpg","landname":"148"},{"id":281475007971627,"level":1,"status":0,"posx":32,"posy":30,"cityid":477,"townid":1030,"tokenid":"a1b9b0fe1a5ee9c0f5b3c6f33a8de53a","tokenurl":"/mcm/api/land?token=a1b9b0fe1a5ee9c0f5b3c6f33a8de53a","imageurl":"/mcm/images/land/2S/1860_300ee372c280.jpg","landname":"149"},{"id":281475007971628,"level":1,"status":1,"posx":33,"posy":30,"cityid":477,"townid":1030,"tokenid":"97d3d3f8509d86c86e1f0aa22713de22","tokenurl":"/mcm/api/land?token=97d3d3f8509d86c86e1f0aa22713de22","imageurl":"/mcm/images/land/2S/1861_3a18e5b04182.jpg","landname":"150"}]]],0,0,[],[],[]]
