[1,0,0,[["cc.JsonAsset",["_name","json"],1]],[[0,0,1,3]],[[0,"170",[{"id":281474981101719,"level":3,"status":0,"posx":7,"posy":5,"cityid":67,"townid":170,"tokenid":"a84271de63ac6355a5e7b004a5e15ae5","tokenurl":"/mcm/api/land?token=a84271de63ac6355a5e7b004a5e15ae5","imageurl":"/mcm/images/land/2B/7277_16f7439f0877.jpg","landname":"1"},{"id":281474981101720,"level":2,"status":0,"posx":8,"posy":5,"cityid":67,"townid":170,"tokenid":"1e57644f92c0451c64e72d261f4c6e91","tokenurl":"/mcm/api/land?token=1e57644f92c0451c64e72d261f4c6e91","imageurl":"/mcm/images/land/2A/4367_785c630a5f4.jpg","landname":"2"},{"id":281474981101721,"level":3,"status":1,"posx":16,"posy":5,"cityid":67,"townid":170,"tokenid":"8c1135507763a512991373ce4efd7568","tokenurl":"/mcm/api/land?token=8c1135507763a512991373ce4efd7568","imageurl":"/mcm/images/land/2B/7278_3b5c69f02861.jpg","landname":"3"},{"id":281474981101722,"level":3,"status":0,"posx":17,"posy":5,"cityid":67,"townid":170,"tokenid":"c4003de028a1074dd8d2a37bcaf654f6","tokenurl":"/mcm/api/land?token=c4003de028a1074dd8d2a37bcaf654f6","imageurl":"/mcm/images/land/2B/7279_4221755518c1.jpg","landname":"4"},{"id":281474981101723,"level":3,"status":1,"posx":20,"posy":5,"cityid":67,"townid":170,"tokenid":"b732ff54a6b4ed9af5f2b3ec7474184d","tokenurl":"/mcm/api/land?token=b732ff54a6b4ed9af5f2b3ec7474184d","imageurl":"/mcm/images/land/2B/7280_455bbbcac4d1.jpg","landname":"5"},{"id":281474981101724,"level":3,"status":1,"posx":21,"posy":5,"cityid":67,"townid":170,"tokenid":"94d0467faa9ae5c12515d189e79bd141","tokenurl":"/mcm/api/land?token=94d0467faa9ae5c12515d189e79bd141","imageurl":"/mcm/images/land/2B/7281_34ea3d1e4394.jpg","landname":"6"},{"id":281474981101725,"level":2,"status":0,"posx":7,"posy":6,"cityid":67,"townid":170,"tokenid":"fc7c7bfdfa6e85244b4d34b3f3a9a7ec","tokenurl":"/mcm/api/land?token=fc7c7bfdfa6e85244b4d34b3f3a9a7ec","imageurl":"/mcm/images/land/2A/4368_3eade5fecf0d.jpg","landname":"7"},{"id":281474981101726,"level":3,"status":0,"posx":8,"posy":6,"cityid":67,"townid":170,"tokenid":"96c6d75efd5458ca459a28d158ef48c4","tokenurl":"/mcm/api/land?token=96c6d75efd5458ca459a28d158ef48c4","imageurl":"/mcm/images/land/2B/7282_e92fe0ce332.jpg","landname":"8"},{"id":281474981101727,"level":3,"status":0,"posx":16,"posy":6,"cityid":67,"townid":170,"tokenid":"7a667faf72808dadd873b45dabe36295","tokenurl":"/mcm/api/land?token=7a667faf72808dadd873b45dabe36295","imageurl":"/mcm/images/land/2B/7283_153599ccf709.jpg","landname":"9"},{"id":281474981101728,"level":2,"status":0,"posx":17,"posy":6,"cityid":67,"townid":170,"tokenid":"ed5bd3904122151e40a7b41d4d484ce9","tokenurl":"/mcm/api/land?token=ed5bd3904122151e40a7b41d4d484ce9","imageurl":"/mcm/images/land/2A/4369_3a9a01460e9e.jpg","landname":"10"},{"id":281474981101729,"level":3,"status":0,"posx":20,"posy":6,"cityid":67,"townid":170,"tokenid":"1140b4b0395da58add3c04c1fea134ee","tokenurl":"/mcm/api/land?token=1140b4b0395da58add3c04c1fea134ee","imageurl":"/mcm/images/land/2B/7284_342a0b711d07.jpg","landname":"11"},{"id":281474981101730,"level":3,"status":0,"posx":21,"posy":6,"cityid":67,"townid":170,"tokenid":"4ac84fae902295dcc513a32409119a7c","tokenurl":"/mcm/api/land?token=4ac84fae902295dcc513a32409119a7c","imageurl":"/mcm/images/land/2B/7285_12335ba2e3d4.jpg","landname":"12"},{"id":281474981101731,"level":3,"status":1,"posx":7,"posy":7,"cityid":67,"townid":170,"tokenid":"50b84687570c93675fbf155d8f152225","tokenurl":"/mcm/api/land?token=50b84687570c93675fbf155d8f152225","imageurl":"/mcm/images/land/2B/7286_212e487dbcb.jpg","landname":"13"},{"id":281474981101732,"level":1,"status":0,"posx":8,"posy":7,"cityid":67,"townid":170,"tokenid":"accfdbf0e5654a5e2f6e7012b13df9d4","tokenurl":"/mcm/api/land?token=accfdbf0e5654a5e2f6e7012b13df9d4","imageurl":"/mcm/images/land/2S/2912_4811e374578a.jpg","landname":"14"},{"id":281474981101733,"level":2,"status":0,"posx":16,"posy":7,"cityid":67,"townid":170,"tokenid":"076ebe7eb70ade71996b7f1073ec8ba0","tokenurl":"/mcm/api/land?token=076ebe7eb70ade71996b7f1073ec8ba0","imageurl":"/mcm/images/land/2A/4370_5881e0b2cf0b.jpg","landname":"15"},{"id":281474981101734,"level":1,"status":0,"posx":17,"posy":7,"cityid":67,"townid":170,"tokenid":"a37d9b631b480d999c024ae8e64a4cd4","tokenurl":"/mcm/api/land?token=a37d9b631b480d999c024ae8e64a4cd4","imageurl":"/mcm/images/land/2S/2913_1d3470308e56.jpg","landname":"16"},{"id":281474981101735,"level":2,"status":1,"posx":20,"posy":7,"cityid":67,"townid":170,"tokenid":"7ab94f0dea802d381e41791ec6ae082b","tokenurl":"/mcm/api/land?token=7ab94f0dea802d381e41791ec6ae082b","imageurl":"/mcm/images/land/2A/4371_2d14d1bed49c.jpg","landname":"17"},{"id":281474981101736,"level":3,"status":1,"posx":21,"posy":7,"cityid":67,"townid":170,"tokenid":"f062dd2ec3062e597706268fe37d4f3d","tokenurl":"/mcm/api/land?token=f062dd2ec3062e597706268fe37d4f3d","imageurl":"/mcm/images/land/2B/7287_529be9d33374.jpg","landname":"18"},{"id":281474981101737,"level":2,"status":1,"posx":7,"posy":8,"cityid":67,"townid":170,"tokenid":"df833551d8e5c8319f7b7241e4a6b496","tokenurl":"/mcm/api/land?token=df833551d8e5c8319f7b7241e4a6b496","imageurl":"/mcm/images/land/2A/4372_3953a061e9ef.jpg","landname":"19"},{"id":281474981101738,"level":2,"status":1,"posx":8,"posy":8,"cityid":67,"townid":170,"tokenid":"6a1758b94f809bf468f7c5b3842bd01a","tokenurl":"/mcm/api/land?token=6a1758b94f809bf468f7c5b3842bd01a","imageurl":"/mcm/images/land/2A/4373_36410080996a.jpg","landname":"20"},{"id":281474981101739,"level":3,"status":0,"posx":16,"posy":8,"cityid":67,"townid":170,"tokenid":"7778fcf077cc52ef97de93f6da8625a0","tokenurl":"/mcm/api/land?token=7778fcf077cc52ef97de93f6da8625a0","imageurl":"/mcm/images/land/2B/7288_2d7b83e03775.jpg","landname":"21"},{"id":281474981101740,"level":3,"status":0,"posx":17,"posy":8,"cityid":67,"townid":170,"tokenid":"1994a57e38ddf828153312a74b1c75c8","tokenurl":"/mcm/api/land?token=1994a57e38ddf828153312a74b1c75c8","imageurl":"/mcm/images/land/2B/7289_211a5033959.jpg","landname":"22"},{"id":281474981101741,"level":2,"status":0,"posx":20,"posy":8,"cityid":67,"townid":170,"tokenid":"fd7a1550613f12bfa8f27c22f486cbf5","tokenurl":"/mcm/api/land?token=fd7a1550613f12bfa8f27c22f486cbf5","imageurl":"/mcm/images/land/2A/4374_52e3416c651a.jpg","landname":"23"},{"id":281474981101742,"level":3,"status":0,"posx":21,"posy":8,"cityid":67,"townid":170,"tokenid":"db75a13ff90370e1978b82091a159576","tokenurl":"/mcm/api/land?token=db75a13ff90370e1978b82091a159576","imageurl":"/mcm/images/land/2B/7290_4e660b724bc.jpg","landname":"24"},{"id":281474981101743,"level":1,"status":1,"posx":28,"posy":8,"cityid":67,"townid":170,"tokenid":"5e6d2a7ce08cfaed5e71639d8028350f","tokenurl":"/mcm/api/land?token=5e6d2a7ce08cfaed5e71639d8028350f","imageurl":"/mcm/images/land/2S/2914_3af6d182824.jpg","landname":"25"},{"id":281474981101744,"level":3,"status":0,"posx":29,"posy":8,"cityid":67,"townid":170,"tokenid":"b9fafa373c3513d5aa66f7ee2fabdce6","tokenurl":"/mcm/api/land?token=b9fafa373c3513d5aa66f7ee2fabdce6","imageurl":"/mcm/images/land/2B/7291_5a97d3ccc239.jpg","landname":"26"},{"id":281474981101745,"level":3,"status":1,"posx":32,"posy":8,"cityid":67,"townid":170,"tokenid":"64d898a282374a78d23fc3e0e57d8df6","tokenurl":"/mcm/api/land?token=64d898a282374a78d23fc3e0e57d8df6","imageurl":"/mcm/images/land/2B/7292_40c29b230a2.jpg","landname":"27"},{"id":281474981101746,"level":1,"status":1,"posx":33,"posy":8,"cityid":67,"townid":170,"tokenid":"0763ec1107aee87bdae6b1c45b8fdf3b","tokenurl":"/mcm/api/land?token=0763ec1107aee87bdae6b1c45b8fdf3b","imageurl":"/mcm/images/land/2S/2915_3b40c7e82076.jpg","landname":"28"},{"id":281474981101747,"level":3,"status":1,"posx":7,"posy":9,"cityid":67,"townid":170,"tokenid":"ed470c61042db4a4a775c2d25124becc","tokenurl":"/mcm/api/land?token=ed470c61042db4a4a775c2d25124becc","imageurl":"/mcm/images/land/2B/7293_43e74902f1cf.jpg","landname":"29"},{"id":281474981101748,"level":1,"status":1,"posx":8,"posy":9,"cityid":67,"townid":170,"tokenid":"2c31a8e281d3508a005f77dc2ec07eb3","tokenurl":"/mcm/api/land?token=2c31a8e281d3508a005f77dc2ec07eb3","imageurl":"/mcm/images/land/2S/2916_1747692dbcc3.jpg","landname":"30"},{"id":281474981101749,"level":2,"status":0,"posx":16,"posy":9,"cityid":67,"townid":170,"tokenid":"52c745c3b3492d3737c5fc3d2050d9eb","tokenurl":"/mcm/api/land?token=52c745c3b3492d3737c5fc3d2050d9eb","imageurl":"/mcm/images/land/2A/4375_3333d4fcd9c7.jpg","landname":"31"},{"id":281474981101750,"level":2,"status":1,"posx":17,"posy":9,"cityid":67,"townid":170,"tokenid":"341c9169e890c41d5628775042b39ce8","tokenurl":"/mcm/api/land?token=341c9169e890c41d5628775042b39ce8","imageurl":"/mcm/images/land/2A/4376_497b0774a74e.jpg","landname":"32"},{"id":281474981101751,"level":1,"status":1,"posx":20,"posy":9,"cityid":67,"townid":170,"tokenid":"029321ff75cb38d5541efca7b804dfb0","tokenurl":"/mcm/api/land?token=029321ff75cb38d5541efca7b804dfb0","imageurl":"/mcm/images/land/2S/2917_2f665ec761e9.jpg","landname":"33"},{"id":281474981101752,"level":3,"status":1,"posx":21,"posy":9,"cityid":67,"townid":170,"tokenid":"ef64e1fd28a1d0564f4acc6caae96f54","tokenurl":"/mcm/api/land?token=ef64e1fd28a1d0564f4acc6caae96f54","imageurl":"/mcm/images/land/2B/7294_297588ac23e3.jpg","landname":"34"},{"id":281474981101753,"level":2,"status":0,"posx":28,"posy":9,"cityid":67,"townid":170,"tokenid":"2c41bf087f08218763ddd583d42908b1","tokenurl":"/mcm/api/land?token=2c41bf087f08218763ddd583d42908b1","imageurl":"/mcm/images/land/2A/4377_4ea452d17f83.jpg","landname":"35"},{"id":281474981101754,"level":3,"status":1,"posx":29,"posy":9,"cityid":67,"townid":170,"tokenid":"50f8ed72ed04503aca4dd90cd9458f09","tokenurl":"/mcm/api/land?token=50f8ed72ed04503aca4dd90cd9458f09","imageurl":"/mcm/images/land/2B/7295_59545e5d476d.jpg","landname":"36"},{"id":281474981101755,"level":2,"status":1,"posx":32,"posy":9,"cityid":67,"townid":170,"tokenid":"e4cea95813ef1fa462a69634e7143f7c","tokenurl":"/mcm/api/land?token=e4cea95813ef1fa462a69634e7143f7c","imageurl":"/mcm/images/land/2A/4378_4ae77bd50c1d.jpg","landname":"37"},{"id":281474981101756,"level":2,"status":1,"posx":33,"posy":9,"cityid":67,"townid":170,"tokenid":"f912794b4e77c5c735ed7760221bc56b","tokenurl":"/mcm/api/land?token=f912794b4e77c5c735ed7760221bc56b","imageurl":"/mcm/images/land/2A/4379_58b5ad705adb.jpg","landname":"38"},{"id":281474981101757,"level":3,"status":0,"posx":28,"posy":10,"cityid":67,"townid":170,"tokenid":"4926edc9983a6d4456cdf68ff5fff6c3","tokenurl":"/mcm/api/land?token=4926edc9983a6d4456cdf68ff5fff6c3","imageurl":"/mcm/images/land/2B/7296_40224e581f1c.jpg","landname":"39"},{"id":281474981101758,"level":3,"status":1,"posx":29,"posy":10,"cityid":67,"townid":170,"tokenid":"4090a48dacf3b5f53e8d6769633c9f76","tokenurl":"/mcm/api/land?token=4090a48dacf3b5f53e8d6769633c9f76","imageurl":"/mcm/images/land/2B/7297_558c5a280f22.jpg","landname":"40"},{"id":281474981101759,"level":1,"status":0,"posx":32,"posy":10,"cityid":67,"townid":170,"tokenid":"1479785b7722371d45059fbccd8239fa","tokenurl":"/mcm/api/land?token=1479785b7722371d45059fbccd8239fa","imageurl":"/mcm/images/land/2S/2918_3826a32fa43a.jpg","landname":"41"},{"id":281474981101760,"level":3,"status":0,"posx":33,"posy":10,"cityid":67,"townid":170,"tokenid":"ad00bc2612caa752fb7e523c4baa71c9","tokenurl":"/mcm/api/land?token=ad00bc2612caa752fb7e523c4baa71c9","imageurl":"/mcm/images/land/2B/7298_59194458fa48.jpg","landname":"42"},{"id":281474981101761,"level":2,"status":0,"posx":28,"posy":11,"cityid":67,"townid":170,"tokenid":"4d0708a347704cfeb7d4f503406467eb","tokenurl":"/mcm/api/land?token=4d0708a347704cfeb7d4f503406467eb","imageurl":"/mcm/images/land/2A/4380_537d67be6b9e.jpg","landname":"43"},{"id":281474981101762,"level":3,"status":1,"posx":29,"posy":11,"cityid":67,"townid":170,"tokenid":"35cbb26badd14159d8f6c1e9f80e9801","tokenurl":"/mcm/api/land?token=35cbb26badd14159d8f6c1e9f80e9801","imageurl":"/mcm/images/land/2B/7299_2fcf6ad21523.jpg","landname":"44"},{"id":281474981101763,"level":3,"status":0,"posx":32,"posy":11,"cityid":67,"townid":170,"tokenid":"e2950eef3b5178798f20f8f7aa3447b3","tokenurl":"/mcm/api/land?token=e2950eef3b5178798f20f8f7aa3447b3","imageurl":"/mcm/images/land/2B/7300_272a3123f3d5.jpg","landname":"45"},{"id":281474981101764,"level":2,"status":1,"posx":33,"posy":11,"cityid":67,"townid":170,"tokenid":"f67e224f7d8cc7a5214a107d25a34c00","tokenurl":"/mcm/api/land?token=f67e224f7d8cc7a5214a107d25a34c00","imageurl":"/mcm/images/land/2A/4381_4cb2bc1fbbbf.jpg","landname":"46"},{"id":281474981101765,"level":3,"status":1,"posx":28,"posy":12,"cityid":67,"townid":170,"tokenid":"01cb4f4253426c7de58353a488739c53","tokenurl":"/mcm/api/land?token=01cb4f4253426c7de58353a488739c53","imageurl":"/mcm/images/land/2B/7301_149309e5c57f.jpg","landname":"47"},{"id":281474981101766,"level":3,"status":0,"posx":29,"posy":12,"cityid":67,"townid":170,"tokenid":"5796e716bd4e55b2c685cdcb2bccf795","tokenurl":"/mcm/api/land?token=5796e716bd4e55b2c685cdcb2bccf795","imageurl":"/mcm/images/land/2B/7302_7563929fa7f.jpg","landname":"48"},{"id":281474981101767,"level":3,"status":1,"posx":32,"posy":12,"cityid":67,"townid":170,"tokenid":"6b036eca76c54217741e5484132e29ed","tokenurl":"/mcm/api/land?token=6b036eca76c54217741e5484132e29ed","imageurl":"/mcm/images/land/2B/7303_246943d9fc57.jpg","landname":"49"},{"id":281474981101768,"level":1,"status":1,"posx":33,"posy":12,"cityid":67,"townid":170,"tokenid":"b76fc389db98518cfd9e81e263b83c9f","tokenurl":"/mcm/api/land?token=b76fc389db98518cfd9e81e263b83c9f","imageurl":"/mcm/images/land/2S/2919_1147a1b2b6da.jpg","landname":"50"},{"id":281474981101769,"level":2,"status":1,"posx":23,"posy":14,"cityid":67,"townid":170,"tokenid":"d106e300cda4fa71623eb0050f8e1e65","tokenurl":"/mcm/api/land?token=d106e300cda4fa71623eb0050f8e1e65","imageurl":"/mcm/images/land/2A/4382_592cd10d11a2.jpg","landname":"51"},{"id":281474981101770,"level":1,"status":0,"posx":24,"posy":14,"cityid":67,"townid":170,"tokenid":"3e21e684885afb972c7efa58ed6a174b","tokenurl":"/mcm/api/land?token=3e21e684885afb972c7efa58ed6a174b","imageurl":"/mcm/images/land/2S/2920_2ad1c77ed057.jpg","landname":"52"},{"id":281474981101771,"level":3,"status":0,"posx":23,"posy":15,"cityid":67,"townid":170,"tokenid":"a1d511c70a023fa1f2b205ee6effc9a2","tokenurl":"/mcm/api/land?token=a1d511c70a023fa1f2b205ee6effc9a2","imageurl":"/mcm/images/land/2B/7304_398f15f4ed31.jpg","landname":"53"},{"id":281474981101772,"level":3,"status":0,"posx":24,"posy":15,"cityid":67,"townid":170,"tokenid":"0c2f0921777589e77fc3cc158f052fc0","tokenurl":"/mcm/api/land?token=0c2f0921777589e77fc3cc158f052fc0","imageurl":"/mcm/images/land/2B/7305_3cf69b5affee.jpg","landname":"54"},{"id":281474981101773,"level":2,"status":1,"posx":33,"posy":15,"cityid":67,"townid":170,"tokenid":"d70e56df54e37fff08fa272d70d81fcc","tokenurl":"/mcm/api/land?token=d70e56df54e37fff08fa272d70d81fcc","imageurl":"/mcm/images/land/2A/4383_13d1ce40e910.jpg","landname":"55"},{"id":281474981101774,"level":1,"status":1,"posx":34,"posy":15,"cityid":67,"townid":170,"tokenid":"20c5e96f5382165e198d7983c5d1e97d","tokenurl":"/mcm/api/land?token=20c5e96f5382165e198d7983c5d1e97d","imageurl":"/mcm/images/land/2S/2921_525c07c93222.jpg","landname":"56"},{"id":281474981101775,"level":2,"status":1,"posx":11,"posy":16,"cityid":67,"townid":170,"tokenid":"98bb3186ecb4e09d0f2f68987881620f","tokenurl":"/mcm/api/land?token=98bb3186ecb4e09d0f2f68987881620f","imageurl":"/mcm/images/land/2A/4384_56bb8ac858b6.jpg","landname":"57"},{"id":281474981101776,"level":3,"status":1,"posx":12,"posy":16,"cityid":67,"townid":170,"tokenid":"6b869e32ec55c4b7eb538056cdc91413","tokenurl":"/mcm/api/land?token=6b869e32ec55c4b7eb538056cdc91413","imageurl":"/mcm/images/land/2B/7306_453932a17c2a.jpg","landname":"58"},{"id":281474981101777,"level":1,"status":1,"posx":23,"posy":16,"cityid":67,"townid":170,"tokenid":"af4d9894acc0f005a7a36cfb8c1ae314","tokenurl":"/mcm/api/land?token=af4d9894acc0f005a7a36cfb8c1ae314","imageurl":"/mcm/images/land/2S/2922_3fb06472b9f8.jpg","landname":"59"},{"id":281474981101778,"level":3,"status":0,"posx":24,"posy":16,"cityid":67,"townid":170,"tokenid":"c5aecb16e40452cdd9f5e0a10da67d7d","tokenurl":"/mcm/api/land?token=c5aecb16e40452cdd9f5e0a10da67d7d","imageurl":"/mcm/images/land/2B/7307_156f1ffab809.jpg","landname":"60"},{"id":281474981101779,"level":2,"status":0,"posx":33,"posy":16,"cityid":67,"townid":170,"tokenid":"c0f9bc6e89eae06820089abf2fe1c8de","tokenurl":"/mcm/api/land?token=c0f9bc6e89eae06820089abf2fe1c8de","imageurl":"/mcm/images/land/2A/4385_22757c6df62f.jpg","landname":"61"},{"id":281474981101780,"level":2,"status":0,"posx":34,"posy":16,"cityid":67,"townid":170,"tokenid":"8d641dd3ddfb1e69192d67a25d1cbae4","tokenurl":"/mcm/api/land?token=8d641dd3ddfb1e69192d67a25d1cbae4","imageurl":"/mcm/images/land/2A/4386_3af357a8e423.jpg","landname":"62"},{"id":281474981101781,"level":3,"status":1,"posx":11,"posy":17,"cityid":67,"townid":170,"tokenid":"d9f76f50aa0f32c050b5a1d92935ea7b","tokenurl":"/mcm/api/land?token=d9f76f50aa0f32c050b5a1d92935ea7b","imageurl":"/mcm/images/land/2B/7308_33ba947f664e.jpg","landname":"63"},{"id":281474981101782,"level":2,"status":1,"posx":12,"posy":17,"cityid":67,"townid":170,"tokenid":"bdc4ded965fcd27da0b7711fc4386238","tokenurl":"/mcm/api/land?token=bdc4ded965fcd27da0b7711fc4386238","imageurl":"/mcm/images/land/2A/4387_2a027d70df31.jpg","landname":"64"},{"id":281474981101783,"level":3,"status":1,"posx":23,"posy":17,"cityid":67,"townid":170,"tokenid":"741d575636a2c9545af3eeda1ccfcea4","tokenurl":"/mcm/api/land?token=741d575636a2c9545af3eeda1ccfcea4","imageurl":"/mcm/images/land/2B/7309_41821da4f170.jpg","landname":"65"},{"id":281474981101784,"level":1,"status":0,"posx":24,"posy":17,"cityid":67,"townid":170,"tokenid":"c2eb649d0a389159f4add5c19a428be0","tokenurl":"/mcm/api/land?token=c2eb649d0a389159f4add5c19a428be0","imageurl":"/mcm/images/land/2S/2923_13e9742fa7b4.jpg","landname":"66"},{"id":281474981101785,"level":3,"status":0,"posx":33,"posy":17,"cityid":67,"townid":170,"tokenid":"60ea712f881e56d500f9689d2d14d52b","tokenurl":"/mcm/api/land?token=60ea712f881e56d500f9689d2d14d52b","imageurl":"/mcm/images/land/2B/7310_8f244bed415.jpg","landname":"67"},{"id":281474981101786,"level":2,"status":0,"posx":34,"posy":17,"cityid":67,"townid":170,"tokenid":"75427e449af1396d4f912493d3dc24b8","tokenurl":"/mcm/api/land?token=75427e449af1396d4f912493d3dc24b8","imageurl":"/mcm/images/land/2A/4388_146d07f708ef.jpg","landname":"68"},{"id":281474981101787,"level":3,"status":0,"posx":7,"posy":18,"cityid":67,"townid":170,"tokenid":"87b5bff04dd71273a23fcf6a91809606","tokenurl":"/mcm/api/land?token=87b5bff04dd71273a23fcf6a91809606","imageurl":"/mcm/images/land/2B/7311_4843cd38ca7.jpg","landname":"69"},{"id":281474981101788,"level":3,"status":1,"posx":8,"posy":18,"cityid":67,"townid":170,"tokenid":"90471beb4c4ce05a9a370fb99f7a596a","tokenurl":"/mcm/api/land?token=90471beb4c4ce05a9a370fb99f7a596a","imageurl":"/mcm/images/land/2B/7312_84f293c7051.jpg","landname":"70"},{"id":281474981101789,"level":3,"status":0,"posx":11,"posy":18,"cityid":67,"townid":170,"tokenid":"358870336ca1822453d55b2fdec9d226","tokenurl":"/mcm/api/land?token=358870336ca1822453d55b2fdec9d226","imageurl":"/mcm/images/land/2B/7313_59ab18e45f44.jpg","landname":"71"},{"id":281474981101790,"level":2,"status":0,"posx":12,"posy":18,"cityid":67,"townid":170,"tokenid":"89eefc71e7f8762173b3de0b4856e5b2","tokenurl":"/mcm/api/land?token=89eefc71e7f8762173b3de0b4856e5b2","imageurl":"/mcm/images/land/2A/4389_1e425f99165b.jpg","landname":"72"},{"id":281474981101791,"level":2,"status":1,"posx":23,"posy":18,"cityid":67,"townid":170,"tokenid":"a7611b918614989d5dcbc7ed71121938","tokenurl":"/mcm/api/land?token=a7611b918614989d5dcbc7ed71121938","imageurl":"/mcm/images/land/2A/4390_313f7cbec341.jpg","landname":"73"},{"id":281474981101792,"level":3,"status":0,"posx":24,"posy":18,"cityid":67,"townid":170,"tokenid":"ea20e07e474c2bccb2ded9bd51bbbdc1","tokenurl":"/mcm/api/land?token=ea20e07e474c2bccb2ded9bd51bbbdc1","imageurl":"/mcm/images/land/2B/7314_106e786122ee.jpg","landname":"74"},{"id":281474981101793,"level":3,"status":1,"posx":33,"posy":18,"cityid":67,"townid":170,"tokenid":"3cfd0fc380e34e4838971af73c052204","tokenurl":"/mcm/api/land?token=3cfd0fc380e34e4838971af73c052204","imageurl":"/mcm/images/land/2B/7315_187d912e0e96.jpg","landname":"75"},{"id":281474981101794,"level":1,"status":0,"posx":34,"posy":18,"cityid":67,"townid":170,"tokenid":"beb07e857cc0e219ca8d30fedb9535eb","tokenurl":"/mcm/api/land?token=beb07e857cc0e219ca8d30fedb9535eb","imageurl":"/mcm/images/land/2S/2924_4346c6b2de8c.jpg","landname":"76"},{"id":281474981101795,"level":3,"status":0,"posx":7,"posy":19,"cityid":67,"townid":170,"tokenid":"5f841d8b3f748d10f3d0c506cc87a9ce","tokenurl":"/mcm/api/land?token=5f841d8b3f748d10f3d0c506cc87a9ce","imageurl":"/mcm/images/land/2B/7316_4f3b6a0b99d.jpg","landname":"77"},{"id":281474981101796,"level":3,"status":0,"posx":8,"posy":19,"cityid":67,"townid":170,"tokenid":"98c06abf7ea4ccdcada497262fda1da5","tokenurl":"/mcm/api/land?token=98c06abf7ea4ccdcada497262fda1da5","imageurl":"/mcm/images/land/2B/7317_41326e02fb9b.jpg","landname":"78"},{"id":281474981101797,"level":2,"status":1,"posx":11,"posy":19,"cityid":67,"townid":170,"tokenid":"a664c0216b65b458ff6ba05315c10a05","tokenurl":"/mcm/api/land?token=a664c0216b65b458ff6ba05315c10a05","imageurl":"/mcm/images/land/2A/4391_54578fd46dd5.jpg","landname":"79"},{"id":281474981101798,"level":1,"status":1,"posx":12,"posy":19,"cityid":67,"townid":170,"tokenid":"e9cfe0711789830679aa866e07262344","tokenurl":"/mcm/api/land?token=e9cfe0711789830679aa866e07262344","imageurl":"/mcm/images/land/2S/2925_3685823401d1.jpg","landname":"80"},{"id":281474981101799,"level":1,"status":0,"posx":33,"posy":19,"cityid":67,"townid":170,"tokenid":"eceb0517056d04269facffb32d611d5c","tokenurl":"/mcm/api/land?token=eceb0517056d04269facffb32d611d5c","imageurl":"/mcm/images/land/2S/2926_111e44f571bf.jpg","landname":"81"},{"id":281474981101800,"level":2,"status":0,"posx":34,"posy":19,"cityid":67,"townid":170,"tokenid":"ff80c78d8ecc850093b532e91834c9e5","tokenurl":"/mcm/api/land?token=ff80c78d8ecc850093b532e91834c9e5","imageurl":"/mcm/images/land/2A/4392_2528d5b9e5c6.jpg","landname":"82"},{"id":281474981101801,"level":2,"status":1,"posx":7,"posy":20,"cityid":67,"townid":170,"tokenid":"e070a612efac0db0ca1e4e491c5c9645","tokenurl":"/mcm/api/land?token=e070a612efac0db0ca1e4e491c5c9645","imageurl":"/mcm/images/land/2A/4393_51d1dd910dc2.jpg","landname":"83"},{"id":281474981101802,"level":1,"status":0,"posx":8,"posy":20,"cityid":67,"townid":170,"tokenid":"d76a6841016f6aa140144a2b6e54f264","tokenurl":"/mcm/api/land?token=d76a6841016f6aa140144a2b6e54f264","imageurl":"/mcm/images/land/2S/2927_39bbf2cca22.jpg","landname":"84"},{"id":281474981101803,"level":3,"status":0,"posx":11,"posy":20,"cityid":67,"townid":170,"tokenid":"2eb7181d96600156a381582c8159d862","tokenurl":"/mcm/api/land?token=2eb7181d96600156a381582c8159d862","imageurl":"/mcm/images/land/2B/7318_956d5456a9d.jpg","landname":"85"},{"id":281474981101804,"level":1,"status":0,"posx":12,"posy":20,"cityid":67,"townid":170,"tokenid":"327a1abdbf358de87215d85c7bf113b2","tokenurl":"/mcm/api/land?token=327a1abdbf358de87215d85c7bf113b2","imageurl":"/mcm/images/land/2S/2928_59ec50db3f47.jpg","landname":"86"},{"id":281474981101805,"level":2,"status":0,"posx":7,"posy":21,"cityid":67,"townid":170,"tokenid":"f35732320f2ff9dc5dbab484e037cf66","tokenurl":"/mcm/api/land?token=f35732320f2ff9dc5dbab484e037cf66","imageurl":"/mcm/images/land/2A/4394_3a696b59ade4.jpg","landname":"87"},{"id":281474981101806,"level":3,"status":0,"posx":8,"posy":21,"cityid":67,"townid":170,"tokenid":"f7f41911f6d9665012c9482dbe21fc2d","tokenurl":"/mcm/api/land?token=f7f41911f6d9665012c9482dbe21fc2d","imageurl":"/mcm/images/land/2B/7319_302490a32fc0.jpg","landname":"88"},{"id":281474981101807,"level":1,"status":1,"posx":26,"posy":21,"cityid":67,"townid":170,"tokenid":"a4596fa92bee93c8ec556e0bffc06a2f","tokenurl":"/mcm/api/land?token=a4596fa92bee93c8ec556e0bffc06a2f","imageurl":"/mcm/images/land/2S/2929_25f4fae1cfd.jpg","landname":"89"},{"id":281474981101808,"level":2,"status":1,"posx":27,"posy":21,"cityid":67,"townid":170,"tokenid":"22e551041280267a5db794e1e0a0b25f","tokenurl":"/mcm/api/land?token=22e551041280267a5db794e1e0a0b25f","imageurl":"/mcm/images/land/2A/4395_5ac660cdaed8.jpg","landname":"90"},{"id":281474981101809,"level":3,"status":1,"posx":7,"posy":22,"cityid":67,"townid":170,"tokenid":"2d1aa7f43bf0629c708e86b19016bb86","tokenurl":"/mcm/api/land?token=2d1aa7f43bf0629c708e86b19016bb86","imageurl":"/mcm/images/land/2B/7320_11eeb5af54ee.jpg","landname":"91"},{"id":281474981101810,"level":2,"status":0,"posx":8,"posy":22,"cityid":67,"townid":170,"tokenid":"a95ceb9c1fef342ecb3d8e66fb3b397a","tokenurl":"/mcm/api/land?token=a95ceb9c1fef342ecb3d8e66fb3b397a","imageurl":"/mcm/images/land/2A/4396_3d97136e813a.jpg","landname":"92"},{"id":281474981101811,"level":2,"status":1,"posx":23,"posy":22,"cityid":67,"townid":170,"tokenid":"ead40b2c32c639abef7a50e75dcea5ac","tokenurl":"/mcm/api/land?token=ead40b2c32c639abef7a50e75dcea5ac","imageurl":"/mcm/images/land/2A/4397_4e8ab8143131.jpg","landname":"93"},{"id":281474981101812,"level":1,"status":0,"posx":24,"posy":22,"cityid":67,"townid":170,"tokenid":"b21d8b789141e1c247261f73cac65c8d","tokenurl":"/mcm/api/land?token=b21d8b789141e1c247261f73cac65c8d","imageurl":"/mcm/images/land/2S/2930_4929c9abd373.jpg","landname":"94"},{"id":281474981101813,"level":1,"status":1,"posx":26,"posy":22,"cityid":67,"townid":170,"tokenid":"0f7a5c57540717c9e33b141854b8a68e","tokenurl":"/mcm/api/land?token=0f7a5c57540717c9e33b141854b8a68e","imageurl":"/mcm/images/land/2S/2931_5723447a9fd5.jpg","landname":"95"},{"id":281474981101814,"level":2,"status":1,"posx":27,"posy":22,"cityid":67,"townid":170,"tokenid":"3dda73331a21333d901ba4189d5aca54","tokenurl":"/mcm/api/land?token=3dda73331a21333d901ba4189d5aca54","imageurl":"/mcm/images/land/2A/4398_49f71be65e11.jpg","landname":"96"},{"id":281474981101815,"level":2,"status":0,"posx":33,"posy":22,"cityid":67,"townid":170,"tokenid":"d6ffd39a3746810357e9cc1c2034b243","tokenurl":"/mcm/api/land?token=d6ffd39a3746810357e9cc1c2034b243","imageurl":"/mcm/images/land/2A/4399_554abb745fa3.jpg","landname":"97"},{"id":281474981101816,"level":3,"status":0,"posx":34,"posy":22,"cityid":67,"townid":170,"tokenid":"97f082f567e4434313a3490059c088cb","tokenurl":"/mcm/api/land?token=97f082f567e4434313a3490059c088cb","imageurl":"/mcm/images/land/2B/7321_16d2c6d2ccf4.jpg","landname":"98"},{"id":281474981101817,"level":3,"status":1,"posx":23,"posy":23,"cityid":67,"townid":170,"tokenid":"4b2b4433f0c10cf2e7e35bf4dedb75ee","tokenurl":"/mcm/api/land?token=4b2b4433f0c10cf2e7e35bf4dedb75ee","imageurl":"/mcm/images/land/2B/7322_47269f865959.jpg","landname":"99"},{"id":281474981101818,"level":1,"status":1,"posx":24,"posy":23,"cityid":67,"townid":170,"tokenid":"8a34369b608052078b662044b2622887","tokenurl":"/mcm/api/land?token=8a34369b608052078b662044b2622887","imageurl":"/mcm/images/land/2S/2932_2d71c738d15f.jpg","landname":"100"},{"id":281474981101819,"level":3,"status":0,"posx":26,"posy":23,"cityid":67,"townid":170,"tokenid":"5b19c30fbc1dd1b298e3d1150614f09a","tokenurl":"/mcm/api/land?token=5b19c30fbc1dd1b298e3d1150614f09a","imageurl":"/mcm/images/land/2B/7323_214e6050e43b.jpg","landname":"101"},{"id":281474981101820,"level":3,"status":1,"posx":27,"posy":23,"cityid":67,"townid":170,"tokenid":"6e3c776b53a080831e4d4e6e9aea8603","tokenurl":"/mcm/api/land?token=6e3c776b53a080831e4d4e6e9aea8603","imageurl":"/mcm/images/land/2B/7324_32d68e4a855b.jpg","landname":"102"},{"id":281474981101821,"level":1,"status":0,"posx":33,"posy":23,"cityid":67,"townid":170,"tokenid":"5c76b3b4995ec212cca012776506ff9d","tokenurl":"/mcm/api/land?token=5c76b3b4995ec212cca012776506ff9d","imageurl":"/mcm/images/land/2S/2933_1667e1289e9.jpg","landname":"103"},{"id":281474981101822,"level":1,"status":0,"posx":34,"posy":23,"cityid":67,"townid":170,"tokenid":"a7ca32ef8fca59e85778481e18b4c50c","tokenurl":"/mcm/api/land?token=a7ca32ef8fca59e85778481e18b4c50c","imageurl":"/mcm/images/land/2S/2934_697b1528e11.jpg","landname":"104"},{"id":281474981101823,"level":3,"status":1,"posx":23,"posy":24,"cityid":67,"townid":170,"tokenid":"f1f4a770e39942e0717e3aa6df219434","tokenurl":"/mcm/api/land?token=f1f4a770e39942e0717e3aa6df219434","imageurl":"/mcm/images/land/2B/7325_235035fab280.jpg","landname":"105"},{"id":281474981101824,"level":3,"status":1,"posx":24,"posy":24,"cityid":67,"townid":170,"tokenid":"088eda004fbb7be8f46081ebabe67a03","tokenurl":"/mcm/api/land?token=088eda004fbb7be8f46081ebabe67a03","imageurl":"/mcm/images/land/2B/7326_1ed841228a6e.jpg","landname":"106"},{"id":281474981101825,"level":3,"status":1,"posx":26,"posy":24,"cityid":67,"townid":170,"tokenid":"e5d19add2f5e20e09763eb658b71e2ce","tokenurl":"/mcm/api/land?token=e5d19add2f5e20e09763eb658b71e2ce","imageurl":"/mcm/images/land/2B/7327_3d4e36477872.jpg","landname":"107"},{"id":281474981101826,"level":3,"status":0,"posx":27,"posy":24,"cityid":67,"townid":170,"tokenid":"fe187e04083661330a9a1915847bcd4b","tokenurl":"/mcm/api/land?token=fe187e04083661330a9a1915847bcd4b","imageurl":"/mcm/images/land/2B/7328_4318b6649204.jpg","landname":"108"},{"id":281474981101827,"level":1,"status":1,"posx":33,"posy":24,"cityid":67,"townid":170,"tokenid":"c14c8b74d4302f7308699538e88d4745","tokenurl":"/mcm/api/land?token=c14c8b74d4302f7308699538e88d4745","imageurl":"/mcm/images/land/2S/2935_4d4360ba4e69.jpg","landname":"109"},{"id":281474981101828,"level":3,"status":1,"posx":34,"posy":24,"cityid":67,"townid":170,"tokenid":"af189edd89dc802436a9ed4216a8dbdd","tokenurl":"/mcm/api/land?token=af189edd89dc802436a9ed4216a8dbdd","imageurl":"/mcm/images/land/2B/7329_42ec86ec7885.jpg","landname":"110"},{"id":281474981101829,"level":2,"status":1,"posx":23,"posy":25,"cityid":67,"townid":170,"tokenid":"57dc102fb838b7b8d0854f3c1652871a","tokenurl":"/mcm/api/land?token=57dc102fb838b7b8d0854f3c1652871a","imageurl":"/mcm/images/land/2A/4400_cfd85b3272f.jpg","landname":"111"},{"id":281474981101830,"level":2,"status":0,"posx":24,"posy":25,"cityid":67,"townid":170,"tokenid":"666373348ce88319342036b5ecddb170","tokenurl":"/mcm/api/land?token=666373348ce88319342036b5ecddb170","imageurl":"/mcm/images/land/2A/4401_45de9cbe9ff.jpg","landname":"112"},{"id":281474981101831,"level":3,"status":0,"posx":26,"posy":25,"cityid":67,"townid":170,"tokenid":"23b4ba33c2a25688a824dc659f78518d","tokenurl":"/mcm/api/land?token=23b4ba33c2a25688a824dc659f78518d","imageurl":"/mcm/images/land/2B/7330_4ad2d6c42da0.jpg","landname":"113"},{"id":281474981101832,"level":1,"status":1,"posx":27,"posy":25,"cityid":67,"townid":170,"tokenid":"9d629d62799362771e3e6fe04725c390","tokenurl":"/mcm/api/land?token=9d629d62799362771e3e6fe04725c390","imageurl":"/mcm/images/land/2S/2936_2bb94fd86975.jpg","landname":"114"},{"id":281474981101833,"level":3,"status":1,"posx":33,"posy":25,"cityid":67,"townid":170,"tokenid":"05f8ff33d2026b64e546410058d79e72","tokenurl":"/mcm/api/land?token=05f8ff33d2026b64e546410058d79e72","imageurl":"/mcm/images/land/2B/7331_1cf233a09251.jpg","landname":"115"},{"id":281474981101834,"level":3,"status":1,"posx":34,"posy":25,"cityid":67,"townid":170,"tokenid":"b0faf319981afeb62e9767b1022546d9","tokenurl":"/mcm/api/land?token=b0faf319981afeb62e9767b1022546d9","imageurl":"/mcm/images/land/2B/7332_45b8b4987e7.jpg","landname":"116"},{"id":281474981101835,"level":2,"status":1,"posx":23,"posy":26,"cityid":67,"townid":170,"tokenid":"c6ddb6eb4f37da539b5999dbee4f4009","tokenurl":"/mcm/api/land?token=c6ddb6eb4f37da539b5999dbee4f4009","imageurl":"/mcm/images/land/2A/4402_2f82853730a3.jpg","landname":"117"},{"id":281474981101836,"level":3,"status":1,"posx":24,"posy":26,"cityid":67,"townid":170,"tokenid":"cfa52e40fb62c61b214b16d98a43c4d3","tokenurl":"/mcm/api/land?token=cfa52e40fb62c61b214b16d98a43c4d3","imageurl":"/mcm/images/land/2B/7333_18094c598fd2.jpg","landname":"118"},{"id":281474981101837,"level":3,"status":1,"posx":33,"posy":26,"cityid":67,"townid":170,"tokenid":"1078fd051bfe20dcf3272b19512681af","tokenurl":"/mcm/api/land?token=1078fd051bfe20dcf3272b19512681af","imageurl":"/mcm/images/land/2B/7334_128500841da5.jpg","landname":"119"},{"id":281474981101838,"level":2,"status":1,"posx":34,"posy":26,"cityid":67,"townid":170,"tokenid":"1364dd7c286597896d62cff05e52955e","tokenurl":"/mcm/api/land?token=1364dd7c286597896d62cff05e52955e","imageurl":"/mcm/images/land/2A/4403_2bc5d734e850.jpg","landname":"120"},{"id":281474981101839,"level":2,"status":1,"posx":31,"posy":27,"cityid":67,"townid":170,"tokenid":"dc6d9f4108494d1281442b034930ad95","tokenurl":"/mcm/api/land?token=dc6d9f4108494d1281442b034930ad95","imageurl":"/mcm/images/land/2A/4404_57a5a11fd222.jpg","landname":"121"},{"id":281474981101840,"level":1,"status":1,"posx":32,"posy":27,"cityid":67,"townid":170,"tokenid":"4e79bc9df8a967c247407c6a56c7f1a1","tokenurl":"/mcm/api/land?token=4e79bc9df8a967c247407c6a56c7f1a1","imageurl":"/mcm/images/land/2S/2937_496b214f975e.jpg","landname":"122"},{"id":281474981101841,"level":3,"status":0,"posx":6,"posy":28,"cityid":67,"townid":170,"tokenid":"916cedadbb48e712eda6db852e76a0fa","tokenurl":"/mcm/api/land?token=916cedadbb48e712eda6db852e76a0fa","imageurl":"/mcm/images/land/2B/7335_2bfde8abb44b.jpg","landname":"123"},{"id":281474981101842,"level":3,"status":0,"posx":7,"posy":28,"cityid":67,"townid":170,"tokenid":"a10c1ec8c3bc08a165313d042cba39cf","tokenurl":"/mcm/api/land?token=a10c1ec8c3bc08a165313d042cba39cf","imageurl":"/mcm/images/land/2B/7336_2a57ea2e2015.jpg","landname":"124"},{"id":281474981101843,"level":3,"status":0,"posx":9,"posy":28,"cityid":67,"townid":170,"tokenid":"1d46ebfbe186c9292d04da706aa8a725","tokenurl":"/mcm/api/land?token=1d46ebfbe186c9292d04da706aa8a725","imageurl":"/mcm/images/land/2B/7337_2c7e62f12288.jpg","landname":"125"},{"id":281474981101844,"level":1,"status":1,"posx":10,"posy":28,"cityid":67,"townid":170,"tokenid":"8f59a7b7c391a7b7e6af6fb23b732b8a","tokenurl":"/mcm/api/land?token=8f59a7b7c391a7b7e6af6fb23b732b8a","imageurl":"/mcm/images/land/2S/2938_4eb9323b0a40.jpg","landname":"126"},{"id":281474981101845,"level":3,"status":1,"posx":31,"posy":28,"cityid":67,"townid":170,"tokenid":"1dbdc1cff2c66bd804bb4b4214a1fd68","tokenurl":"/mcm/api/land?token=1dbdc1cff2c66bd804bb4b4214a1fd68","imageurl":"/mcm/images/land/2B/7338_3a420bdcb1f4.jpg","landname":"127"},{"id":281474981101846,"level":3,"status":0,"posx":32,"posy":28,"cityid":67,"townid":170,"tokenid":"92bd81925bdcdd64c0ebc220ece9686b","tokenurl":"/mcm/api/land?token=92bd81925bdcdd64c0ebc220ece9686b","imageurl":"/mcm/images/land/2B/7339_123ee1363f31.jpg","landname":"128"},{"id":281474981101847,"level":2,"status":0,"posx":6,"posy":29,"cityid":67,"townid":170,"tokenid":"8e0736c8dd48d05447e477dab218abbc","tokenurl":"/mcm/api/land?token=8e0736c8dd48d05447e477dab218abbc","imageurl":"/mcm/images/land/2A/4405_23814d242197.jpg","landname":"129"},{"id":281474981101848,"level":3,"status":0,"posx":7,"posy":29,"cityid":67,"townid":170,"tokenid":"c1f0a8ae738f7f1a26f983a454b054a9","tokenurl":"/mcm/api/land?token=c1f0a8ae738f7f1a26f983a454b054a9","imageurl":"/mcm/images/land/2B/7340_1714cb0e41a2.jpg","landname":"130"},{"id":281474981101849,"level":1,"status":0,"posx":9,"posy":29,"cityid":67,"townid":170,"tokenid":"d6f44d54baf9d7099d4f75f1e46a1b4a","tokenurl":"/mcm/api/land?token=d6f44d54baf9d7099d4f75f1e46a1b4a","imageurl":"/mcm/images/land/2S/2939_2f9e94f28fd.jpg","landname":"131"},{"id":281474981101850,"level":3,"status":1,"posx":10,"posy":29,"cityid":67,"townid":170,"tokenid":"bd74a8cdfb5c9117f3d0a9b0532243ea","tokenurl":"/mcm/api/land?token=bd74a8cdfb5c9117f3d0a9b0532243ea","imageurl":"/mcm/images/land/2B/7341_581324bb5c4e.jpg","landname":"132"},{"id":281474981101851,"level":1,"status":0,"posx":31,"posy":29,"cityid":67,"townid":170,"tokenid":"5d6523dfe4f740c0b784238ffeba0b61","tokenurl":"/mcm/api/land?token=5d6523dfe4f740c0b784238ffeba0b61","imageurl":"/mcm/images/land/2S/2940_173eb6ae4c7e.jpg","landname":"133"},{"id":281474981101852,"level":3,"status":1,"posx":32,"posy":29,"cityid":67,"townid":170,"tokenid":"0052b0075d8f27643d639401b808de42","tokenurl":"/mcm/api/land?token=0052b0075d8f27643d639401b808de42","imageurl":"/mcm/images/land/2B/7342_30ada17afb44.jpg","landname":"134"},{"id":281474981101853,"level":2,"status":0,"posx":6,"posy":30,"cityid":67,"townid":170,"tokenid":"65d3cd226d495b1c7df1fcc767eba231","tokenurl":"/mcm/api/land?token=65d3cd226d495b1c7df1fcc767eba231","imageurl":"/mcm/images/land/2A/4406_361382d5303f.jpg","landname":"135"},{"id":281474981101854,"level":3,"status":0,"posx":7,"posy":30,"cityid":67,"townid":170,"tokenid":"5203f4c4d1cd64a534caa3263cbe9558","tokenurl":"/mcm/api/land?token=5203f4c4d1cd64a534caa3263cbe9558","imageurl":"/mcm/images/land/2B/7343_43ca9190494b.jpg","landname":"136"},{"id":281474981101855,"level":3,"status":1,"posx":9,"posy":30,"cityid":67,"townid":170,"tokenid":"c6c6707706d620cd91caf96d4b8e5baa","tokenurl":"/mcm/api/land?token=c6c6707706d620cd91caf96d4b8e5baa","imageurl":"/mcm/images/land/2B/7344_1e5de28bcdf3.jpg","landname":"137"},{"id":281474981101856,"level":3,"status":1,"posx":10,"posy":30,"cityid":67,"townid":170,"tokenid":"ec4a21cf7fefa305867aa829ae2111ca","tokenurl":"/mcm/api/land?token=ec4a21cf7fefa305867aa829ae2111ca","imageurl":"/mcm/images/land/2B/7345_1424ec1fcf5c.jpg","landname":"138"},{"id":281474981101857,"level":3,"status":1,"posx":31,"posy":30,"cityid":67,"townid":170,"tokenid":"29aadf0b6c01efa8724f1f5a783e3b48","tokenurl":"/mcm/api/land?token=29aadf0b6c01efa8724f1f5a783e3b48","imageurl":"/mcm/images/land/2B/7346_414c5b3a2a18.jpg","landname":"139"},{"id":281474981101858,"level":2,"status":1,"posx":32,"posy":30,"cityid":67,"townid":170,"tokenid":"886e31501a94c5a6dd62805cfe6ecc7b","tokenurl":"/mcm/api/land?token=886e31501a94c5a6dd62805cfe6ecc7b","imageurl":"/mcm/images/land/2A/4407_71b9f263d6a.jpg","landname":"140"},{"id":281474981101859,"level":3,"status":0,"posx":6,"posy":31,"cityid":67,"townid":170,"tokenid":"66466821258455f14118235c8da5fb5d","tokenurl":"/mcm/api/land?token=66466821258455f14118235c8da5fb5d","imageurl":"/mcm/images/land/2B/7347_28920cfe6499.jpg","landname":"141"},{"id":281474981101860,"level":3,"status":0,"posx":7,"posy":31,"cityid":67,"townid":170,"tokenid":"8d552c4ba4f8f854a7003b5f4ef2043c","tokenurl":"/mcm/api/land?token=8d552c4ba4f8f854a7003b5f4ef2043c","imageurl":"/mcm/images/land/2B/7348_35863f6b7ce7.jpg","landname":"142"},{"id":281474981101861,"level":3,"status":1,"posx":9,"posy":31,"cityid":67,"townid":170,"tokenid":"d16d995d69ab67a07b3074ee52086b01","tokenurl":"/mcm/api/land?token=d16d995d69ab67a07b3074ee52086b01","imageurl":"/mcm/images/land/2B/7349_23a1ec7ffae7.jpg","landname":"143"},{"id":281474981101862,"level":3,"status":1,"posx":10,"posy":31,"cityid":67,"townid":170,"tokenid":"1584d364d6a8c86289d4825b733cd260","tokenurl":"/mcm/api/land?token=1584d364d6a8c86289d4825b733cd260","imageurl":"/mcm/images/land/2B/7350_9a000ffcb18.jpg","landname":"144"},{"id":281474981101863,"level":2,"status":0,"posx":31,"posy":31,"cityid":67,"townid":170,"tokenid":"ac42eab77801a345e4a80b718423ebd1","tokenurl":"/mcm/api/land?token=ac42eab77801a345e4a80b718423ebd1","imageurl":"/mcm/images/land/2A/4408_31b35cc5d65c.jpg","landname":"145"},{"id":281474981101864,"level":2,"status":0,"posx":32,"posy":31,"cityid":67,"townid":170,"tokenid":"4428d77cae38eafced06921147268663","tokenurl":"/mcm/api/land?token=4428d77cae38eafced06921147268663","imageurl":"/mcm/images/land/2A/4409_52a36ebefaed.jpg","landname":"146"},{"id":281474981101865,"level":1,"status":0,"posx":6,"posy":32,"cityid":67,"townid":170,"tokenid":"a24bb730bfb60d88d6df0fddddd6f431","tokenurl":"/mcm/api/land?token=a24bb730bfb60d88d6df0fddddd6f431","imageurl":"/mcm/images/land/2S/2941_3d1170f4bfc0.jpg","landname":"147"},{"id":281474981101866,"level":3,"status":1,"posx":7,"posy":32,"cityid":67,"townid":170,"tokenid":"7b43904446d96b563e1d306cbfe3d376","tokenurl":"/mcm/api/land?token=7b43904446d96b563e1d306cbfe3d376","imageurl":"/mcm/images/land/2B/7351_5240a8db9828.jpg","landname":"148"},{"id":281474981101867,"level":2,"status":0,"posx":9,"posy":32,"cityid":67,"townid":170,"tokenid":"56e7e212bdcbf715200143c95ba49fed","tokenurl":"/mcm/api/land?token=56e7e212bdcbf715200143c95ba49fed","imageurl":"/mcm/images/land/2A/4410_3818794de62f.jpg","landname":"149"},{"id":281474981101868,"level":2,"status":0,"posx":10,"posy":32,"cityid":67,"townid":170,"tokenid":"560005703765f042b1484d974397e8b0","tokenurl":"/mcm/api/land?token=560005703765f042b1484d974397e8b0","imageurl":"/mcm/images/land/2A/4411_233b444ad000.jpg","landname":"150"}]]],0,0,[],[],[]]
