[1,0,0,[["cc.JsonAsset",["_name","json"],1]],[[0,0,1,3]],[[0,"309",[{"id":281474984378369,"level":3,"status":0,"posx":32,"posy":5,"cityid":117,"townid":309,"tokenid":"a4c0d699028919527adf7efa6982f66f","tokenurl":"/mcm/api/land?token=a4c0d699028919527adf7efa6982f66f","imageurl":"/mcm/images/land/2B/11702_6c8d9806d4d.jpg","landname":"1"},{"id":281474984378370,"level":1,"status":0,"posx":33,"posy":5,"cityid":117,"townid":309,"tokenid":"b4ebdaf7bb57088f3ae23ee7ad1e895f","tokenurl":"/mcm/api/land?token=b4ebdaf7bb57088f3ae23ee7ad1e895f","imageurl":"/mcm/images/land/2S/4682_b0678f4d4a4.jpg","landname":"2"},{"id":281474984378371,"level":1,"status":1,"posx":5,"posy":6,"cityid":117,"townid":309,"tokenid":"b3cdc6c9a20a192933a66a5def3dcc32","tokenurl":"/mcm/api/land?token=b3cdc6c9a20a192933a66a5def3dcc32","imageurl":"/mcm/images/land/2S/4683_584da5d293de.jpg","landname":"3"},{"id":281474984378372,"level":3,"status":1,"posx":6,"posy":6,"cityid":117,"townid":309,"tokenid":"7aadaf702b58f309758c8453743c3c23","tokenurl":"/mcm/api/land?token=7aadaf702b58f309758c8453743c3c23","imageurl":"/mcm/images/land/2B/11703_ff94e5173df.jpg","landname":"4"},{"id":281474984378373,"level":1,"status":1,"posx":21,"posy":6,"cityid":117,"townid":309,"tokenid":"f6126703ffb9dcab007946378bc8e96e","tokenurl":"/mcm/api/land?token=f6126703ffb9dcab007946378bc8e96e","imageurl":"/mcm/images/land/2S/4684_208f3c40cf7b.jpg","landname":"5"},{"id":281474984378374,"level":1,"status":1,"posx":22,"posy":6,"cityid":117,"townid":309,"tokenid":"c8ad4165bb33a5a57e24706dbbb57fb5","tokenurl":"/mcm/api/land?token=c8ad4165bb33a5a57e24706dbbb57fb5","imageurl":"/mcm/images/land/2S/4685_fa1ac106b83.jpg","landname":"6"},{"id":281474984378375,"level":2,"status":1,"posx":23,"posy":6,"cityid":117,"townid":309,"tokenid":"ff377f760c4e349b18d30c9eeba01d79","tokenurl":"/mcm/api/land?token=ff377f760c4e349b18d30c9eeba01d79","imageurl":"/mcm/images/land/2A/7022_549162cf1532.jpg","landname":"7"},{"id":281474984378376,"level":3,"status":0,"posx":24,"posy":6,"cityid":117,"townid":309,"tokenid":"2bb54bd814a42c25e74ce86086d1ca12","tokenurl":"/mcm/api/land?token=2bb54bd814a42c25e74ce86086d1ca12","imageurl":"/mcm/images/land/2B/11704_6d29269170d.jpg","landname":"8"},{"id":281474984378377,"level":3,"status":1,"posx":25,"posy":6,"cityid":117,"townid":309,"tokenid":"9d791924899521f40fbeb4538ed4ccec","tokenurl":"/mcm/api/land?token=9d791924899521f40fbeb4538ed4ccec","imageurl":"/mcm/images/land/2B/11705_2e54a883d7a7.jpg","landname":"9"},{"id":281474984378378,"level":3,"status":0,"posx":32,"posy":6,"cityid":117,"townid":309,"tokenid":"1f4db46c82a9bc798c55066c1c69b14d","tokenurl":"/mcm/api/land?token=1f4db46c82a9bc798c55066c1c69b14d","imageurl":"/mcm/images/land/2B/11706_4bf5ce1ef472.jpg","landname":"10"},{"id":281474984378379,"level":2,"status":0,"posx":33,"posy":6,"cityid":117,"townid":309,"tokenid":"59fd58e990d8d9798af29a60e057bcc1","tokenurl":"/mcm/api/land?token=59fd58e990d8d9798af29a60e057bcc1","imageurl":"/mcm/images/land/2A/7023_1c80075ed82d.jpg","landname":"11"},{"id":281474984378380,"level":3,"status":0,"posx":5,"posy":7,"cityid":117,"townid":309,"tokenid":"40e06757e39ff2d8e57a9e6202246899","tokenurl":"/mcm/api/land?token=40e06757e39ff2d8e57a9e6202246899","imageurl":"/mcm/images/land/2B/11707_51b655292cb3.jpg","landname":"12"},{"id":281474984378381,"level":2,"status":0,"posx":6,"posy":7,"cityid":117,"townid":309,"tokenid":"ee95c8a845eb47ea2dcbbf86bc499c86","tokenurl":"/mcm/api/land?token=ee95c8a845eb47ea2dcbbf86bc499c86","imageurl":"/mcm/images/land/2A/7024_33b82c91fecf.jpg","landname":"13"},{"id":281474984378382,"level":2,"status":0,"posx":21,"posy":7,"cityid":117,"townid":309,"tokenid":"715a48aeae8b0a24d595553e75e41cc3","tokenurl":"/mcm/api/land?token=715a48aeae8b0a24d595553e75e41cc3","imageurl":"/mcm/images/land/2A/7025_cddb267f917.jpg","landname":"14"},{"id":281474984378383,"level":3,"status":0,"posx":22,"posy":7,"cityid":117,"townid":309,"tokenid":"3e78baacbd5be1c2de1834663dbaf1fc","tokenurl":"/mcm/api/land?token=3e78baacbd5be1c2de1834663dbaf1fc","imageurl":"/mcm/images/land/2B/11708_365850d73f4a.jpg","landname":"15"},{"id":281474984378384,"level":3,"status":1,"posx":23,"posy":7,"cityid":117,"townid":309,"tokenid":"0a6cc98ee73c7dc0760faafd7b82a5bf","tokenurl":"/mcm/api/land?token=0a6cc98ee73c7dc0760faafd7b82a5bf","imageurl":"/mcm/images/land/2B/11709_183548d586dd.jpg","landname":"16"},{"id":281474984378385,"level":3,"status":1,"posx":24,"posy":7,"cityid":117,"townid":309,"tokenid":"c022739c01e5444364118fcd2564414f","tokenurl":"/mcm/api/land?token=c022739c01e5444364118fcd2564414f","imageurl":"/mcm/images/land/2B/11710_3fdb2474e14d.jpg","landname":"17"},{"id":281474984378386,"level":3,"status":1,"posx":25,"posy":7,"cityid":117,"townid":309,"tokenid":"6bd262b931e31673bf31573cc98a08bf","tokenurl":"/mcm/api/land?token=6bd262b931e31673bf31573cc98a08bf","imageurl":"/mcm/images/land/2B/11711_443c55981913.jpg","landname":"18"},{"id":281474984378387,"level":2,"status":1,"posx":32,"posy":7,"cityid":117,"townid":309,"tokenid":"65514b66ee2d01be3c26dbf107811b8e","tokenurl":"/mcm/api/land?token=65514b66ee2d01be3c26dbf107811b8e","imageurl":"/mcm/images/land/2A/7026_3a963484e6c4.jpg","landname":"19"},{"id":281474984378388,"level":1,"status":1,"posx":33,"posy":7,"cityid":117,"townid":309,"tokenid":"d1b2ff1b9b4b744e3383512d63f4b6a3","tokenurl":"/mcm/api/land?token=d1b2ff1b9b4b744e3383512d63f4b6a3","imageurl":"/mcm/images/land/2S/4686_49f756f65963.jpg","landname":"20"},{"id":281474984378389,"level":2,"status":1,"posx":5,"posy":8,"cityid":117,"townid":309,"tokenid":"5d79e876c81d10cb892f05a073a111be","tokenurl":"/mcm/api/land?token=5d79e876c81d10cb892f05a073a111be","imageurl":"/mcm/images/land/2A/7027_1f99d4538d24.jpg","landname":"21"},{"id":281474984378390,"level":3,"status":0,"posx":6,"posy":8,"cityid":117,"townid":309,"tokenid":"2288fcefe79533976c0b1400e24afcf3","tokenurl":"/mcm/api/land?token=2288fcefe79533976c0b1400e24afcf3","imageurl":"/mcm/images/land/2B/11712_59899002f8f7.jpg","landname":"22"},{"id":281474984378391,"level":1,"status":1,"posx":32,"posy":8,"cityid":117,"townid":309,"tokenid":"8068252f38276690eaf6064473fb28cc","tokenurl":"/mcm/api/land?token=8068252f38276690eaf6064473fb28cc","imageurl":"/mcm/images/land/2S/4687_17db05d5529a.jpg","landname":"23"},{"id":281474984378392,"level":3,"status":1,"posx":33,"posy":8,"cityid":117,"townid":309,"tokenid":"23b1cbc6de5da8c26bc4897b1111d31f","tokenurl":"/mcm/api/land?token=23b1cbc6de5da8c26bc4897b1111d31f","imageurl":"/mcm/images/land/2B/11713_1b37cb980f53.jpg","landname":"24"},{"id":281474984378393,"level":3,"status":1,"posx":5,"posy":9,"cityid":117,"townid":309,"tokenid":"67162676044c4a877d949c8b723c59f0","tokenurl":"/mcm/api/land?token=67162676044c4a877d949c8b723c59f0","imageurl":"/mcm/images/land/2B/11714_1a8e6f21eb9b.jpg","landname":"25"},{"id":281474984378394,"level":3,"status":0,"posx":6,"posy":9,"cityid":117,"townid":309,"tokenid":"a433cc559de8b0f484bdc589ae75d303","tokenurl":"/mcm/api/land?token=a433cc559de8b0f484bdc589ae75d303","imageurl":"/mcm/images/land/2B/11715_41b2bb3cb4.jpg","landname":"26"},{"id":281474984378395,"level":3,"status":0,"posx":32,"posy":9,"cityid":117,"townid":309,"tokenid":"5c2ff4c1f6d67d184e18898a05945e52","tokenurl":"/mcm/api/land?token=5c2ff4c1f6d67d184e18898a05945e52","imageurl":"/mcm/images/land/2B/11716_17e69915b967.jpg","landname":"27"},{"id":281474984378396,"level":3,"status":0,"posx":33,"posy":9,"cityid":117,"townid":309,"tokenid":"1163f38e7aa272fdccdaf024f20fcd06","tokenurl":"/mcm/api/land?token=1163f38e7aa272fdccdaf024f20fcd06","imageurl":"/mcm/images/land/2B/11717_3cabe99f8495.jpg","landname":"28"},{"id":281474984378397,"level":1,"status":0,"posx":5,"posy":10,"cityid":117,"townid":309,"tokenid":"71afa1601ec131c2adca03c2447fdc1d","tokenurl":"/mcm/api/land?token=71afa1601ec131c2adca03c2447fdc1d","imageurl":"/mcm/images/land/2S/4688_4914b96a3b2f.jpg","landname":"29"},{"id":281474984378398,"level":3,"status":1,"posx":6,"posy":10,"cityid":117,"townid":309,"tokenid":"b7d69aadaf7152d6f82c7f594227ba1f","tokenurl":"/mcm/api/land?token=b7d69aadaf7152d6f82c7f594227ba1f","imageurl":"/mcm/images/land/2B/11718_5636e472d119.jpg","landname":"30"},{"id":281474984378399,"level":3,"status":0,"posx":8,"posy":10,"cityid":117,"townid":309,"tokenid":"3fc1fb1277a64dcc5568f30117d138eb","tokenurl":"/mcm/api/land?token=3fc1fb1277a64dcc5568f30117d138eb","imageurl":"/mcm/images/land/2B/11719_1613806ae1b7.jpg","landname":"31"},{"id":281474984378400,"level":3,"status":0,"posx":9,"posy":10,"cityid":117,"townid":309,"tokenid":"7f07beb52976babdace9a4d995a80ba5","tokenurl":"/mcm/api/land?token=7f07beb52976babdace9a4d995a80ba5","imageurl":"/mcm/images/land/2B/11720_576cce37ff43.jpg","landname":"32"},{"id":281474984378401,"level":2,"status":0,"posx":23,"posy":10,"cityid":117,"townid":309,"tokenid":"7001bb0073a6e8e41b4ef35b892f3b0f","tokenurl":"/mcm/api/land?token=7001bb0073a6e8e41b4ef35b892f3b0f","imageurl":"/mcm/images/land/2A/7028_21411b0ad92b.jpg","landname":"33"},{"id":281474984378402,"level":3,"status":1,"posx":24,"posy":10,"cityid":117,"townid":309,"tokenid":"13b08e30a152f4a72e5b7db98ecda4af","tokenurl":"/mcm/api/land?token=13b08e30a152f4a72e5b7db98ecda4af","imageurl":"/mcm/images/land/2B/11721_e13c3cf507c.jpg","landname":"34"},{"id":281474984378403,"level":3,"status":1,"posx":8,"posy":11,"cityid":117,"townid":309,"tokenid":"27b9e8a69a7d1273fa504b3b42d0d465","tokenurl":"/mcm/api/land?token=27b9e8a69a7d1273fa504b3b42d0d465","imageurl":"/mcm/images/land/2B/11722_20152b36d64f.jpg","landname":"35"},{"id":281474984378404,"level":2,"status":1,"posx":9,"posy":11,"cityid":117,"townid":309,"tokenid":"d6e577e9efb7a95a6e0e93cd55e4851e","tokenurl":"/mcm/api/land?token=d6e577e9efb7a95a6e0e93cd55e4851e","imageurl":"/mcm/images/land/2A/7029_3e3e8834f4b6.jpg","landname":"36"},{"id":281474984378405,"level":2,"status":1,"posx":23,"posy":11,"cityid":117,"townid":309,"tokenid":"4d0656b138707fd81e3454b4d72cbdab","tokenurl":"/mcm/api/land?token=4d0656b138707fd81e3454b4d72cbdab","imageurl":"/mcm/images/land/2A/7030_d3ed4bf4b7a.jpg","landname":"37"},{"id":281474984378406,"level":2,"status":0,"posx":24,"posy":11,"cityid":117,"townid":309,"tokenid":"116adada7198b47908c4311c964c2f61","tokenurl":"/mcm/api/land?token=116adada7198b47908c4311c964c2f61","imageurl":"/mcm/images/land/2A/7031_24bf23ed618f.jpg","landname":"38"},{"id":281474984378407,"level":2,"status":1,"posx":8,"posy":12,"cityid":117,"townid":309,"tokenid":"dd7e5cb003bf2e760e4d89ff5677f8e7","tokenurl":"/mcm/api/land?token=dd7e5cb003bf2e760e4d89ff5677f8e7","imageurl":"/mcm/images/land/2A/7032_4cac4d3c7107.jpg","landname":"39"},{"id":281474984378408,"level":3,"status":0,"posx":9,"posy":12,"cityid":117,"townid":309,"tokenid":"eebc5c3c93c2fe85a5d9004bba0946e4","tokenurl":"/mcm/api/land?token=eebc5c3c93c2fe85a5d9004bba0946e4","imageurl":"/mcm/images/land/2B/11723_3df312d50d7b.jpg","landname":"40"},{"id":281474984378409,"level":3,"status":1,"posx":23,"posy":12,"cityid":117,"townid":309,"tokenid":"5478c5ab93f7dc4a0740336ea7acb1ac","tokenurl":"/mcm/api/land?token=5478c5ab93f7dc4a0740336ea7acb1ac","imageurl":"/mcm/images/land/2B/11724_b107cd447e6.jpg","landname":"41"},{"id":281474984378410,"level":2,"status":1,"posx":24,"posy":12,"cityid":117,"townid":309,"tokenid":"5b156b4ef93ecb74c45480a72df5f9b0","tokenurl":"/mcm/api/land?token=5b156b4ef93ecb74c45480a72df5f9b0","imageurl":"/mcm/images/land/2A/7033_afffb50dc47.jpg","landname":"42"},{"id":281474984378411,"level":2,"status":0,"posx":32,"posy":12,"cityid":117,"townid":309,"tokenid":"6a49dadb7a00f218bf73acacad29a61b","tokenurl":"/mcm/api/land?token=6a49dadb7a00f218bf73acacad29a61b","imageurl":"/mcm/images/land/2A/7034_1d427302a506.jpg","landname":"43"},{"id":281474984378412,"level":2,"status":0,"posx":33,"posy":12,"cityid":117,"townid":309,"tokenid":"a1d8b20f5ee01a37e4797295853b7127","tokenurl":"/mcm/api/land?token=a1d8b20f5ee01a37e4797295853b7127","imageurl":"/mcm/images/land/2A/7035_4202b98a437b.jpg","landname":"44"},{"id":281474984378413,"level":2,"status":1,"posx":8,"posy":13,"cityid":117,"townid":309,"tokenid":"d88168d617e007d08689d96b40a3e57f","tokenurl":"/mcm/api/land?token=d88168d617e007d08689d96b40a3e57f","imageurl":"/mcm/images/land/2A/7036_8f9012c00ea.jpg","landname":"45"},{"id":281474984378414,"level":3,"status":0,"posx":9,"posy":13,"cityid":117,"townid":309,"tokenid":"cef40b7217748cec30659e0022093619","tokenurl":"/mcm/api/land?token=cef40b7217748cec30659e0022093619","imageurl":"/mcm/images/land/2B/11725_bac021d4272.jpg","landname":"46"},{"id":281474984378415,"level":1,"status":0,"posx":23,"posy":13,"cityid":117,"townid":309,"tokenid":"37c37bb4fe35c7a864c562a783fc65bb","tokenurl":"/mcm/api/land?token=37c37bb4fe35c7a864c562a783fc65bb","imageurl":"/mcm/images/land/2S/4689_473e610966bb.jpg","landname":"47"},{"id":281474984378416,"level":3,"status":1,"posx":24,"posy":13,"cityid":117,"townid":309,"tokenid":"8727f3c5e4d9f55c1f47e249fabd48cd","tokenurl":"/mcm/api/land?token=8727f3c5e4d9f55c1f47e249fabd48cd","imageurl":"/mcm/images/land/2B/11726_3cb8f4630a54.jpg","landname":"48"},{"id":281474984378417,"level":2,"status":1,"posx":32,"posy":13,"cityid":117,"townid":309,"tokenid":"c73d63b108818ca7943c41d99f54a2f3","tokenurl":"/mcm/api/land?token=c73d63b108818ca7943c41d99f54a2f3","imageurl":"/mcm/images/land/2A/7037_44fe73af16dd.jpg","landname":"49"},{"id":281474984378418,"level":2,"status":1,"posx":33,"posy":13,"cityid":117,"townid":309,"tokenid":"deaddeda7945e35de76bbf656bd1ccdf","tokenurl":"/mcm/api/land?token=deaddeda7945e35de76bbf656bd1ccdf","imageurl":"/mcm/images/land/2A/7038_4ce25b18fdbc.jpg","landname":"50"},{"id":281474984378419,"level":3,"status":1,"posx":8,"posy":14,"cityid":117,"townid":309,"tokenid":"d918360acebd4e851158c40df7f13251","tokenurl":"/mcm/api/land?token=d918360acebd4e851158c40df7f13251","imageurl":"/mcm/images/land/2B/11727_1a1fc27ef257.jpg","landname":"51"},{"id":281474984378420,"level":2,"status":1,"posx":9,"posy":14,"cityid":117,"townid":309,"tokenid":"b8a63f7d9c13112730d880394aa9ee5d","tokenurl":"/mcm/api/land?token=b8a63f7d9c13112730d880394aa9ee5d","imageurl":"/mcm/images/land/2A/7039_43cb0c8763f5.jpg","landname":"52"},{"id":281474984378421,"level":3,"status":1,"posx":23,"posy":14,"cityid":117,"townid":309,"tokenid":"3b425a6719686c0fc358d61f6a189a10","tokenurl":"/mcm/api/land?token=3b425a6719686c0fc358d61f6a189a10","imageurl":"/mcm/images/land/2B/11728_a8c28d85d4.jpg","landname":"53"},{"id":281474984378422,"level":3,"status":1,"posx":24,"posy":14,"cityid":117,"townid":309,"tokenid":"aea3d09a8c51effdaa36c37700b240a9","tokenurl":"/mcm/api/land?token=aea3d09a8c51effdaa36c37700b240a9","imageurl":"/mcm/images/land/2B/11729_115fde5c46ef.jpg","landname":"54"},{"id":281474984378423,"level":2,"status":0,"posx":32,"posy":14,"cityid":117,"townid":309,"tokenid":"f21c321b86c054d81cf1ecd630b22203","tokenurl":"/mcm/api/land?token=f21c321b86c054d81cf1ecd630b22203","imageurl":"/mcm/images/land/2A/7040_59391e56d4a3.jpg","landname":"55"},{"id":281474984378424,"level":2,"status":0,"posx":33,"posy":14,"cityid":117,"townid":309,"tokenid":"21c25805487e612e30b5ac4315de8fd1","tokenurl":"/mcm/api/land?token=21c25805487e612e30b5ac4315de8fd1","imageurl":"/mcm/images/land/2A/7041_3a0d83fe37a2.jpg","landname":"56"},{"id":281474984378425,"level":3,"status":1,"posx":32,"posy":15,"cityid":117,"townid":309,"tokenid":"5cfc141ae16b5a90ce27b565c2178dfc","tokenurl":"/mcm/api/land?token=5cfc141ae16b5a90ce27b565c2178dfc","imageurl":"/mcm/images/land/2B/11730_1addc754f803.jpg","landname":"57"},{"id":281474984378426,"level":2,"status":1,"posx":33,"posy":15,"cityid":117,"townid":309,"tokenid":"e4ace3ab9759c65dd6f6473c1d6c0e6d","tokenurl":"/mcm/api/land?token=e4ace3ab9759c65dd6f6473c1d6c0e6d","imageurl":"/mcm/images/land/2A/7042_54bb2fb5d151.jpg","landname":"58"},{"id":281474984378427,"level":1,"status":1,"posx":8,"posy":16,"cityid":117,"townid":309,"tokenid":"5b993941f6befa857449494d27cea018","tokenurl":"/mcm/api/land?token=5b993941f6befa857449494d27cea018","imageurl":"/mcm/images/land/2S/4690_2593d99b5257.jpg","landname":"59"},{"id":281474984378428,"level":3,"status":1,"posx":9,"posy":16,"cityid":117,"townid":309,"tokenid":"acb3565a45c4bee4b54e155a8e9be421","tokenurl":"/mcm/api/land?token=acb3565a45c4bee4b54e155a8e9be421","imageurl":"/mcm/images/land/2B/11731_42384106b2cb.jpg","landname":"60"},{"id":281474984378429,"level":1,"status":0,"posx":32,"posy":16,"cityid":117,"townid":309,"tokenid":"b31d348ab4c9592b33d13a873551a9c8","tokenurl":"/mcm/api/land?token=b31d348ab4c9592b33d13a873551a9c8","imageurl":"/mcm/images/land/2S/4691_2963198defab.jpg","landname":"61"},{"id":281474984378430,"level":2,"status":0,"posx":33,"posy":16,"cityid":117,"townid":309,"tokenid":"d41d93d6cecce424df15dcbb289dacb2","tokenurl":"/mcm/api/land?token=d41d93d6cecce424df15dcbb289dacb2","imageurl":"/mcm/images/land/2A/7043_44b53e96b7f8.jpg","landname":"62"},{"id":281474984378431,"level":1,"status":1,"posx":8,"posy":17,"cityid":117,"townid":309,"tokenid":"c3749e5b765d82a12335b0279ac53c93","tokenurl":"/mcm/api/land?token=c3749e5b765d82a12335b0279ac53c93","imageurl":"/mcm/images/land/2S/4692_4ae5bee2f15a.jpg","landname":"63"},{"id":281474984378432,"level":3,"status":0,"posx":9,"posy":17,"cityid":117,"townid":309,"tokenid":"f5334831933ded535238526a303bcc20","tokenurl":"/mcm/api/land?token=f5334831933ded535238526a303bcc20","imageurl":"/mcm/images/land/2B/11732_38024d86b121.jpg","landname":"64"},{"id":281474984378433,"level":1,"status":1,"posx":8,"posy":18,"cityid":117,"townid":309,"tokenid":"852913825fc48377679aab57d1a9cff4","tokenurl":"/mcm/api/land?token=852913825fc48377679aab57d1a9cff4","imageurl":"/mcm/images/land/2S/4693_31c2df0bc3dc.jpg","landname":"65"},{"id":281474984378434,"level":2,"status":0,"posx":9,"posy":18,"cityid":117,"townid":309,"tokenid":"a25efd4fc9e1fc6ea45d437eed146287","tokenurl":"/mcm/api/land?token=a25efd4fc9e1fc6ea45d437eed146287","imageurl":"/mcm/images/land/2A/7044_1a543404e1d2.jpg","landname":"66"},{"id":281474984378435,"level":3,"status":0,"posx":20,"posy":18,"cityid":117,"townid":309,"tokenid":"2b3af80d8a73394da142b54aba3c0e44","tokenurl":"/mcm/api/land?token=2b3af80d8a73394da142b54aba3c0e44","imageurl":"/mcm/images/land/2B/11733_18afab43483e.jpg","landname":"67"},{"id":281474984378436,"level":1,"status":0,"posx":21,"posy":18,"cityid":117,"townid":309,"tokenid":"b619612edca1ed07cfa24653a08f52d5","tokenurl":"/mcm/api/land?token=b619612edca1ed07cfa24653a08f52d5","imageurl":"/mcm/images/land/2S/4694_c4ee612ec02.jpg","landname":"68"},{"id":281474984378437,"level":2,"status":0,"posx":25,"posy":18,"cityid":117,"townid":309,"tokenid":"a7a10a349f572c4af320c6c0fb4f7c7d","tokenurl":"/mcm/api/land?token=a7a10a349f572c4af320c6c0fb4f7c7d","imageurl":"/mcm/images/land/2A/7045_2f014691939a.jpg","landname":"69"},{"id":281474984378438,"level":3,"status":1,"posx":26,"posy":18,"cityid":117,"townid":309,"tokenid":"b31b7b183cf71f6f06f3a53f55e3e1d7","tokenurl":"/mcm/api/land?token=b31b7b183cf71f6f06f3a53f55e3e1d7","imageurl":"/mcm/images/land/2B/11734_402fc4705f06.jpg","landname":"70"},{"id":281474984378439,"level":3,"status":0,"posx":8,"posy":19,"cityid":117,"townid":309,"tokenid":"731ba119c5b315eb4a2e6defbd0a8645","tokenurl":"/mcm/api/land?token=731ba119c5b315eb4a2e6defbd0a8645","imageurl":"/mcm/images/land/2B/11735_2bfa53a1ca34.jpg","landname":"71"},{"id":281474984378440,"level":3,"status":0,"posx":9,"posy":19,"cityid":117,"townid":309,"tokenid":"f598b2ee2f07d707977431637b787c5a","tokenurl":"/mcm/api/land?token=f598b2ee2f07d707977431637b787c5a","imageurl":"/mcm/images/land/2B/11736_5dc8e3bce79.jpg","landname":"72"},{"id":281474984378441,"level":2,"status":0,"posx":20,"posy":19,"cityid":117,"townid":309,"tokenid":"10113d54d07e49e5dedcdee1ee933c61","tokenurl":"/mcm/api/land?token=10113d54d07e49e5dedcdee1ee933c61","imageurl":"/mcm/images/land/2A/7046_2118f9586e61.jpg","landname":"73"},{"id":281474984378442,"level":3,"status":0,"posx":21,"posy":19,"cityid":117,"townid":309,"tokenid":"dc51d77c2259e1348510379fd558a7ae","tokenurl":"/mcm/api/land?token=dc51d77c2259e1348510379fd558a7ae","imageurl":"/mcm/images/land/2B/11737_252cbbb9a7a0.jpg","landname":"74"},{"id":281474984378443,"level":3,"status":1,"posx":25,"posy":19,"cityid":117,"townid":309,"tokenid":"a23b7211aad27c2262f5720a1e273a60","tokenurl":"/mcm/api/land?token=a23b7211aad27c2262f5720a1e273a60","imageurl":"/mcm/images/land/2B/11738_3c670a919cd0.jpg","landname":"75"},{"id":281474984378444,"level":3,"status":0,"posx":26,"posy":19,"cityid":117,"townid":309,"tokenid":"57ea94b2f7e52459de8618e68213d756","tokenurl":"/mcm/api/land?token=57ea94b2f7e52459de8618e68213d756","imageurl":"/mcm/images/land/2B/11739_13dbbaec1498.jpg","landname":"76"},{"id":281474984378445,"level":3,"status":0,"posx":8,"posy":20,"cityid":117,"townid":309,"tokenid":"1fe45f6a85f84bc02f79f84f829adfc5","tokenurl":"/mcm/api/land?token=1fe45f6a85f84bc02f79f84f829adfc5","imageurl":"/mcm/images/land/2B/11740_42636f05de4e.jpg","landname":"77"},{"id":281474984378446,"level":1,"status":0,"posx":9,"posy":20,"cityid":117,"townid":309,"tokenid":"cc80e0c8a55f38a950d6e8b78e7cd68a","tokenurl":"/mcm/api/land?token=cc80e0c8a55f38a950d6e8b78e7cd68a","imageurl":"/mcm/images/land/2S/4695_20a763a36d50.jpg","landname":"78"},{"id":281474984378447,"level":1,"status":0,"posx":20,"posy":20,"cityid":117,"townid":309,"tokenid":"cffd1552ae3ce9975b3432444dfbe5fb","tokenurl":"/mcm/api/land?token=cffd1552ae3ce9975b3432444dfbe5fb","imageurl":"/mcm/images/land/2S/4696_adb57aed5c8.jpg","landname":"79"},{"id":281474984378448,"level":3,"status":1,"posx":21,"posy":20,"cityid":117,"townid":309,"tokenid":"57f72937f8074c0fbefb28399d1ace5b","tokenurl":"/mcm/api/land?token=57f72937f8074c0fbefb28399d1ace5b","imageurl":"/mcm/images/land/2B/11741_3abc0ce4d32.jpg","landname":"80"},{"id":281474984378449,"level":3,"status":0,"posx":25,"posy":20,"cityid":117,"townid":309,"tokenid":"63eda7afe725957d54552beab2ef98a3","tokenurl":"/mcm/api/land?token=63eda7afe725957d54552beab2ef98a3","imageurl":"/mcm/images/land/2B/11742_28b2e240dffd.jpg","landname":"81"},{"id":281474984378450,"level":3,"status":1,"posx":26,"posy":20,"cityid":117,"townid":309,"tokenid":"07d0a63805dfa75e8920371108fc3bf5","tokenurl":"/mcm/api/land?token=07d0a63805dfa75e8920371108fc3bf5","imageurl":"/mcm/images/land/2B/11743_1561dc6cd77f.jpg","landname":"82"},{"id":281474984378451,"level":3,"status":1,"posx":31,"posy":20,"cityid":117,"townid":309,"tokenid":"c8d6bd25af5cb916eb4dc9a17c79c212","tokenurl":"/mcm/api/land?token=c8d6bd25af5cb916eb4dc9a17c79c212","imageurl":"/mcm/images/land/2B/11744_3e3e96316a15.jpg","landname":"83"},{"id":281474984378452,"level":1,"status":0,"posx":32,"posy":20,"cityid":117,"townid":309,"tokenid":"d629dd8b176dde6904538bf75c27892a","tokenurl":"/mcm/api/land?token=d629dd8b176dde6904538bf75c27892a","imageurl":"/mcm/images/land/2S/4697_4aa442c6424a.jpg","landname":"84"},{"id":281474984378453,"level":1,"status":0,"posx":20,"posy":21,"cityid":117,"townid":309,"tokenid":"2506819ee77edeb543024d957fc3e9c2","tokenurl":"/mcm/api/land?token=2506819ee77edeb543024d957fc3e9c2","imageurl":"/mcm/images/land/2S/4698_44326084f5f1.jpg","landname":"85"},{"id":281474984378454,"level":3,"status":1,"posx":21,"posy":21,"cityid":117,"townid":309,"tokenid":"e084d131f27f6e88782c99b70bbbaff2","tokenurl":"/mcm/api/land?token=e084d131f27f6e88782c99b70bbbaff2","imageurl":"/mcm/images/land/2B/11745_1dd30c89ccc4.jpg","landname":"86"},{"id":281474984378455,"level":3,"status":1,"posx":25,"posy":21,"cityid":117,"townid":309,"tokenid":"41903848713994457b887ca8dc9fc25c","tokenurl":"/mcm/api/land?token=41903848713994457b887ca8dc9fc25c","imageurl":"/mcm/images/land/2B/11746_350233a96ea1.jpg","landname":"87"},{"id":281474984378456,"level":3,"status":1,"posx":26,"posy":21,"cityid":117,"townid":309,"tokenid":"47359de3c2cab4e1b5c12db0c3970c11","tokenurl":"/mcm/api/land?token=47359de3c2cab4e1b5c12db0c3970c11","imageurl":"/mcm/images/land/2B/11747_1cdfe80879d6.jpg","landname":"88"},{"id":281474984378457,"level":2,"status":1,"posx":31,"posy":21,"cityid":117,"townid":309,"tokenid":"7b5961982391b9b2fb6fb297f24f13fc","tokenurl":"/mcm/api/land?token=7b5961982391b9b2fb6fb297f24f13fc","imageurl":"/mcm/images/land/2A/7047_26fdb44a1e9b.jpg","landname":"89"},{"id":281474984378458,"level":3,"status":1,"posx":32,"posy":21,"cityid":117,"townid":309,"tokenid":"37b79dce45f74680aeee26a6c584b1da","tokenurl":"/mcm/api/land?token=37b79dce45f74680aeee26a6c584b1da","imageurl":"/mcm/images/land/2B/11748_34f2d7373429.jpg","landname":"90"},{"id":281474984378459,"level":2,"status":1,"posx":12,"posy":22,"cityid":117,"townid":309,"tokenid":"3ef57c7244171c2b708064418903b155","tokenurl":"/mcm/api/land?token=3ef57c7244171c2b708064418903b155","imageurl":"/mcm/images/land/2A/7048_37583477855c.jpg","landname":"91"},{"id":281474984378460,"level":2,"status":1,"posx":13,"posy":22,"cityid":117,"townid":309,"tokenid":"8cd01ae19de5da40f1cc419c264e82bf","tokenurl":"/mcm/api/land?token=8cd01ae19de5da40f1cc419c264e82bf","imageurl":"/mcm/images/land/2A/7049_299f52b4fb0c.jpg","landname":"92"},{"id":281474984378461,"level":2,"status":0,"posx":20,"posy":22,"cityid":117,"townid":309,"tokenid":"db9284357a6aca1528b85322f6cee8c8","tokenurl":"/mcm/api/land?token=db9284357a6aca1528b85322f6cee8c8","imageurl":"/mcm/images/land/2A/7050_18c72da62d70.jpg","landname":"93"},{"id":281474984378462,"level":1,"status":0,"posx":21,"posy":22,"cityid":117,"townid":309,"tokenid":"55177c478666e69196e82f2ee609d69d","tokenurl":"/mcm/api/land?token=55177c478666e69196e82f2ee609d69d","imageurl":"/mcm/images/land/2S/4699_b45c0bb0e12.jpg","landname":"94"},{"id":281474984378463,"level":3,"status":0,"posx":25,"posy":22,"cityid":117,"townid":309,"tokenid":"b983ed46c758d4e7b61c0c8df96d1a17","tokenurl":"/mcm/api/land?token=b983ed46c758d4e7b61c0c8df96d1a17","imageurl":"/mcm/images/land/2B/11749_220204859dc5.jpg","landname":"95"},{"id":281474984378464,"level":2,"status":0,"posx":26,"posy":22,"cityid":117,"townid":309,"tokenid":"7b9ee9d8af4a124be3b783e42222d430","tokenurl":"/mcm/api/land?token=7b9ee9d8af4a124be3b783e42222d430","imageurl":"/mcm/images/land/2A/7051_2d7b4828db6e.jpg","landname":"96"},{"id":281474984378465,"level":3,"status":1,"posx":31,"posy":22,"cityid":117,"townid":309,"tokenid":"6ac2df0a6e677a5c3409aced82e13ff4","tokenurl":"/mcm/api/land?token=6ac2df0a6e677a5c3409aced82e13ff4","imageurl":"/mcm/images/land/2B/11750_46596b87694b.jpg","landname":"97"},{"id":281474984378466,"level":1,"status":0,"posx":32,"posy":22,"cityid":117,"townid":309,"tokenid":"5fbece785339bad882868f8bb9c3792f","tokenurl":"/mcm/api/land?token=5fbece785339bad882868f8bb9c3792f","imageurl":"/mcm/images/land/2S/4700_21c1c5ddb028.jpg","landname":"98"},{"id":281474984378467,"level":3,"status":0,"posx":12,"posy":23,"cityid":117,"townid":309,"tokenid":"1cb6dab400d9f919b8049c6e3fd733f9","tokenurl":"/mcm/api/land?token=1cb6dab400d9f919b8049c6e3fd733f9","imageurl":"/mcm/images/land/2B/11751_59fb978c83d6.jpg","landname":"99"},{"id":281474984378468,"level":1,"status":1,"posx":13,"posy":23,"cityid":117,"townid":309,"tokenid":"d4e6f24d1a8185646a608c6771b50236","tokenurl":"/mcm/api/land?token=d4e6f24d1a8185646a608c6771b50236","imageurl":"/mcm/images/land/2S/4701_e69e6c7a050.jpg","landname":"100"},{"id":281474984378469,"level":3,"status":0,"posx":31,"posy":23,"cityid":117,"townid":309,"tokenid":"af925c049178346c90ba550bc2041a6d","tokenurl":"/mcm/api/land?token=af925c049178346c90ba550bc2041a6d","imageurl":"/mcm/images/land/2B/11752_1e9fd294e442.jpg","landname":"101"},{"id":281474984378470,"level":3,"status":0,"posx":32,"posy":23,"cityid":117,"townid":309,"tokenid":"8f82355e9bdb70ccb731329447ef197f","tokenurl":"/mcm/api/land?token=8f82355e9bdb70ccb731329447ef197f","imageurl":"/mcm/images/land/2B/11753_5086a88f1f4e.jpg","landname":"102"},{"id":281474984378471,"level":2,"status":0,"posx":12,"posy":24,"cityid":117,"townid":309,"tokenid":"6b5496b6385258a1b0d9762308edd811","tokenurl":"/mcm/api/land?token=6b5496b6385258a1b0d9762308edd811","imageurl":"/mcm/images/land/2A/7052_1deecddd3db7.jpg","landname":"103"},{"id":281474984378472,"level":3,"status":1,"posx":13,"posy":24,"cityid":117,"townid":309,"tokenid":"8cfde9a39640a0f947d56e63d307443e","tokenurl":"/mcm/api/land?token=8cfde9a39640a0f947d56e63d307443e","imageurl":"/mcm/images/land/2B/11754_1c5f15b94692.jpg","landname":"104"},{"id":281474984378473,"level":1,"status":1,"posx":31,"posy":24,"cityid":117,"townid":309,"tokenid":"b82d1d22fb04f9eeb5fd0388c8644e92","tokenurl":"/mcm/api/land?token=b82d1d22fb04f9eeb5fd0388c8644e92","imageurl":"/mcm/images/land/2S/4702_2afcb5cdb275.jpg","landname":"105"},{"id":281474984378474,"level":3,"status":1,"posx":32,"posy":24,"cityid":117,"townid":309,"tokenid":"108d601ff16bbd5aa1e4eb2850cac3bf","tokenurl":"/mcm/api/land?token=108d601ff16bbd5aa1e4eb2850cac3bf","imageurl":"/mcm/images/land/2B/11755_45e265fa0c85.jpg","landname":"106"},{"id":281474984378475,"level":3,"status":1,"posx":12,"posy":25,"cityid":117,"townid":309,"tokenid":"99e0fe9c534dfda41a40dcecbaaf3efa","tokenurl":"/mcm/api/land?token=99e0fe9c534dfda41a40dcecbaaf3efa","imageurl":"/mcm/images/land/2B/11756_22d8caf775c1.jpg","landname":"107"},{"id":281474984378476,"level":1,"status":0,"posx":13,"posy":25,"cityid":117,"townid":309,"tokenid":"9e2cc50895fad69c9676896d3d351315","tokenurl":"/mcm/api/land?token=9e2cc50895fad69c9676896d3d351315","imageurl":"/mcm/images/land/2S/4703_2650371240fb.jpg","landname":"108"},{"id":281474984378477,"level":3,"status":0,"posx":6,"posy":26,"cityid":117,"townid":309,"tokenid":"d729c35321b63d9dc176e7d08d537252","tokenurl":"/mcm/api/land?token=d729c35321b63d9dc176e7d08d537252","imageurl":"/mcm/images/land/2B/11757_54c2be1eead0.jpg","landname":"109"},{"id":281474984378478,"level":2,"status":1,"posx":7,"posy":26,"cityid":117,"townid":309,"tokenid":"180e18d31a98fe1f9682bec85d9ca3b1","tokenurl":"/mcm/api/land?token=180e18d31a98fe1f9682bec85d9ca3b1","imageurl":"/mcm/images/land/2A/7053_421e22841b49.jpg","landname":"110"},{"id":281474984378479,"level":1,"status":1,"posx":9,"posy":26,"cityid":117,"townid":309,"tokenid":"b71871d6c79e164c84e27491ce0082df","tokenurl":"/mcm/api/land?token=b71871d6c79e164c84e27491ce0082df","imageurl":"/mcm/images/land/2S/4704_a6c21196bd1.jpg","landname":"111"},{"id":281474984378480,"level":1,"status":1,"posx":10,"posy":26,"cityid":117,"townid":309,"tokenid":"0eaf02e585ec0f8925cabf7c66208889","tokenurl":"/mcm/api/land?token=0eaf02e585ec0f8925cabf7c66208889","imageurl":"/mcm/images/land/2S/4705_1bb9093a1e4a.jpg","landname":"112"},{"id":281474984378481,"level":3,"status":0,"posx":12,"posy":26,"cityid":117,"townid":309,"tokenid":"5c481dc5cdc51b0726a9df8cd418b723","tokenurl":"/mcm/api/land?token=5c481dc5cdc51b0726a9df8cd418b723","imageurl":"/mcm/images/land/2B/11758_9f2574002b3.jpg","landname":"113"},{"id":281474984378482,"level":3,"status":1,"posx":13,"posy":26,"cityid":117,"townid":309,"tokenid":"5d44c0b9823a22375d7658df833b55e2","tokenurl":"/mcm/api/land?token=5d44c0b9823a22375d7658df833b55e2","imageurl":"/mcm/images/land/2B/11759_360cd348236b.jpg","landname":"114"},{"id":281474984378483,"level":2,"status":0,"posx":6,"posy":27,"cityid":117,"townid":309,"tokenid":"b3efc9e25dab3963320b5469813f9ba7","tokenurl":"/mcm/api/land?token=b3efc9e25dab3963320b5469813f9ba7","imageurl":"/mcm/images/land/2A/7054_32fbdbfb8110.jpg","landname":"115"},{"id":281474984378484,"level":2,"status":1,"posx":7,"posy":27,"cityid":117,"townid":309,"tokenid":"464e9bbd27150bc459e67f52c8bec88a","tokenurl":"/mcm/api/land?token=464e9bbd27150bc459e67f52c8bec88a","imageurl":"/mcm/images/land/2A/7055_281a9fa06d61.jpg","landname":"116"},{"id":281474984378485,"level":3,"status":0,"posx":9,"posy":27,"cityid":117,"townid":309,"tokenid":"b39b35edffdcef450877edbcea5c8d4c","tokenurl":"/mcm/api/land?token=b39b35edffdcef450877edbcea5c8d4c","imageurl":"/mcm/images/land/2B/11760_2c928193b2a7.jpg","landname":"117"},{"id":281474984378486,"level":2,"status":0,"posx":10,"posy":27,"cityid":117,"townid":309,"tokenid":"577f2c24b60fd398887ba9d431f08395","tokenurl":"/mcm/api/land?token=577f2c24b60fd398887ba9d431f08395","imageurl":"/mcm/images/land/2A/7056_4498b45ea13d.jpg","landname":"118"},{"id":281474984378487,"level":1,"status":1,"posx":23,"posy":27,"cityid":117,"townid":309,"tokenid":"41e10e4b6ac436024a3061ba7a488029","tokenurl":"/mcm/api/land?token=41e10e4b6ac436024a3061ba7a488029","imageurl":"/mcm/images/land/2S/4706_3eb74658f931.jpg","landname":"119"},{"id":281474984378488,"level":3,"status":0,"posx":24,"posy":27,"cityid":117,"townid":309,"tokenid":"afefacf90d938c65c0b3469f5100192d","tokenurl":"/mcm/api/land?token=afefacf90d938c65c0b3469f5100192d","imageurl":"/mcm/images/land/2B/11761_585f5a40d84.jpg","landname":"120"},{"id":281474984378489,"level":2,"status":0,"posx":6,"posy":28,"cityid":117,"townid":309,"tokenid":"4ec1b522a55ee6e3cd4806b9ff47f2af","tokenurl":"/mcm/api/land?token=4ec1b522a55ee6e3cd4806b9ff47f2af","imageurl":"/mcm/images/land/2A/7057_35902f822490.jpg","landname":"121"},{"id":281474984378490,"level":1,"status":0,"posx":7,"posy":28,"cityid":117,"townid":309,"tokenid":"883154ded8e1c4f894b1f4b1f29d2a76","tokenurl":"/mcm/api/land?token=883154ded8e1c4f894b1f4b1f29d2a76","imageurl":"/mcm/images/land/2S/4707_3c1870d43d60.jpg","landname":"122"},{"id":281474984378491,"level":2,"status":1,"posx":9,"posy":28,"cityid":117,"townid":309,"tokenid":"e5ce13d06a43cf1df37c35603807e554","tokenurl":"/mcm/api/land?token=e5ce13d06a43cf1df37c35603807e554","imageurl":"/mcm/images/land/2A/7058_3f17f23800b7.jpg","landname":"123"},{"id":281474984378492,"level":3,"status":0,"posx":10,"posy":28,"cityid":117,"townid":309,"tokenid":"cfe016c47cd21780a06a36d885c30dc1","tokenurl":"/mcm/api/land?token=cfe016c47cd21780a06a36d885c30dc1","imageurl":"/mcm/images/land/2B/11762_fd739e4d07f.jpg","landname":"124"},{"id":281474984378493,"level":2,"status":0,"posx":23,"posy":28,"cityid":117,"townid":309,"tokenid":"486720be27bed9512ecd0d796175a701","tokenurl":"/mcm/api/land?token=486720be27bed9512ecd0d796175a701","imageurl":"/mcm/images/land/2A/7059_402ef1c0b278.jpg","landname":"125"},{"id":281474984378494,"level":3,"status":1,"posx":24,"posy":28,"cityid":117,"townid":309,"tokenid":"a7388dc1d5ace8b00fe18501e8d58c56","tokenurl":"/mcm/api/land?token=a7388dc1d5ace8b00fe18501e8d58c56","imageurl":"/mcm/images/land/2B/11763_2ed8fae0995c.jpg","landname":"126"},{"id":281474984378495,"level":3,"status":1,"posx":32,"posy":28,"cityid":117,"townid":309,"tokenid":"cb51fdafc95ccf39d1d75eb0d1e82f0e","tokenurl":"/mcm/api/land?token=cb51fdafc95ccf39d1d75eb0d1e82f0e","imageurl":"/mcm/images/land/2B/11764_205b380ae6d3.jpg","landname":"127"},{"id":281474984378496,"level":3,"status":1,"posx":33,"posy":28,"cityid":117,"townid":309,"tokenid":"cdadd0d3435e3ce2a7e4c9073417ffad","tokenurl":"/mcm/api/land?token=cdadd0d3435e3ce2a7e4c9073417ffad","imageurl":"/mcm/images/land/2B/11765_424a3917449c.jpg","landname":"128"},{"id":281474984378497,"level":2,"status":1,"posx":6,"posy":29,"cityid":117,"townid":309,"tokenid":"75d53e3d756b63cfe35a04a9596fdc1b","tokenurl":"/mcm/api/land?token=75d53e3d756b63cfe35a04a9596fdc1b","imageurl":"/mcm/images/land/2A/7060_1c9e68a1febb.jpg","landname":"129"},{"id":281474984378498,"level":1,"status":1,"posx":7,"posy":29,"cityid":117,"townid":309,"tokenid":"369f7b56f8cee1b61b9159834bf24413","tokenurl":"/mcm/api/land?token=369f7b56f8cee1b61b9159834bf24413","imageurl":"/mcm/images/land/2S/4708_4121f51e8805.jpg","landname":"130"},{"id":281474984378499,"level":1,"status":0,"posx":9,"posy":29,"cityid":117,"townid":309,"tokenid":"96c43789c064ba9329df62b95164e891","tokenurl":"/mcm/api/land?token=96c43789c064ba9329df62b95164e891","imageurl":"/mcm/images/land/2S/4709_189ba01c8d.jpg","landname":"131"},{"id":281474984378500,"level":2,"status":1,"posx":10,"posy":29,"cityid":117,"townid":309,"tokenid":"6f5af3da79c475815b293d4e5d773eae","tokenurl":"/mcm/api/land?token=6f5af3da79c475815b293d4e5d773eae","imageurl":"/mcm/images/land/2A/7061_47429dd74a54.jpg","landname":"132"},{"id":281474984378501,"level":3,"status":0,"posx":23,"posy":29,"cityid":117,"townid":309,"tokenid":"13ac5f619ff49f4663dd385117614f1a","tokenurl":"/mcm/api/land?token=13ac5f619ff49f4663dd385117614f1a","imageurl":"/mcm/images/land/2B/11766_28ac5776bea7.jpg","landname":"133"},{"id":281474984378502,"level":3,"status":1,"posx":24,"posy":29,"cityid":117,"townid":309,"tokenid":"df422e56a289a175077e81b8d1cbabd8","tokenurl":"/mcm/api/land?token=df422e56a289a175077e81b8d1cbabd8","imageurl":"/mcm/images/land/2B/11767_8b4272609ed.jpg","landname":"134"},{"id":281474984378503,"level":3,"status":1,"posx":32,"posy":29,"cityid":117,"townid":309,"tokenid":"02c7a19b9e27c8571c8f0f6f19fcdb36","tokenurl":"/mcm/api/land?token=02c7a19b9e27c8571c8f0f6f19fcdb36","imageurl":"/mcm/images/land/2B/11768_3cb55a2ba0a6.jpg","landname":"135"},{"id":281474984378504,"level":1,"status":1,"posx":33,"posy":29,"cityid":117,"townid":309,"tokenid":"3d612b3339e4f736ecfa10314f63f770","tokenurl":"/mcm/api/land?token=3d612b3339e4f736ecfa10314f63f770","imageurl":"/mcm/images/land/2S/4710_23c65ef649dc.jpg","landname":"136"},{"id":281474984378505,"level":3,"status":0,"posx":6,"posy":30,"cityid":117,"townid":309,"tokenid":"955fbab0d42b2c64334b5fe58b1bf533","tokenurl":"/mcm/api/land?token=955fbab0d42b2c64334b5fe58b1bf533","imageurl":"/mcm/images/land/2B/11769_2604df45d45e.jpg","landname":"137"},{"id":281474984378506,"level":2,"status":0,"posx":7,"posy":30,"cityid":117,"townid":309,"tokenid":"96cee5d68d03b6d3f5e16689e5cc0322","tokenurl":"/mcm/api/land?token=96cee5d68d03b6d3f5e16689e5cc0322","imageurl":"/mcm/images/land/2A/7062_58837a63d56e.jpg","landname":"138"},{"id":281474984378507,"level":3,"status":1,"posx":9,"posy":30,"cityid":117,"townid":309,"tokenid":"5d37bb1d3b4f73dbbdfa67cb637443fd","tokenurl":"/mcm/api/land?token=5d37bb1d3b4f73dbbdfa67cb637443fd","imageurl":"/mcm/images/land/2B/11770_1627432d771c.jpg","landname":"139"},{"id":281474984378508,"level":3,"status":0,"posx":10,"posy":30,"cityid":117,"townid":309,"tokenid":"3bbb00c475329b6be6632e2a3174e194","tokenurl":"/mcm/api/land?token=3bbb00c475329b6be6632e2a3174e194","imageurl":"/mcm/images/land/2B/11771_13514f2146ff.jpg","landname":"140"},{"id":281474984378509,"level":3,"status":0,"posx":23,"posy":30,"cityid":117,"townid":309,"tokenid":"ef1718928aae98e66dbb3338569d2887","tokenurl":"/mcm/api/land?token=ef1718928aae98e66dbb3338569d2887","imageurl":"/mcm/images/land/2B/11772_2c2f7429da77.jpg","landname":"141"},{"id":281474984378510,"level":2,"status":1,"posx":24,"posy":30,"cityid":117,"townid":309,"tokenid":"86fe66b86860ce480d687895abf8547e","tokenurl":"/mcm/api/land?token=86fe66b86860ce480d687895abf8547e","imageurl":"/mcm/images/land/2A/7063_a27954eda31.jpg","landname":"142"},{"id":281474984378511,"level":3,"status":0,"posx":32,"posy":30,"cityid":117,"townid":309,"tokenid":"fbfb8c35ac37367311f28d683d0cbb76","tokenurl":"/mcm/api/land?token=fbfb8c35ac37367311f28d683d0cbb76","imageurl":"/mcm/images/land/2B/11773_3fec93d0834f.jpg","landname":"143"},{"id":281474984378512,"level":3,"status":0,"posx":33,"posy":30,"cityid":117,"townid":309,"tokenid":"be52b2ff2cff2372cc1d65cc439b3a75","tokenurl":"/mcm/api/land?token=be52b2ff2cff2372cc1d65cc439b3a75","imageurl":"/mcm/images/land/2B/11774_2f20dc6dd51.jpg","landname":"144"},{"id":281474984378513,"level":2,"status":0,"posx":23,"posy":31,"cityid":117,"townid":309,"tokenid":"2fc100863e8e3719abf76893baa94b59","tokenurl":"/mcm/api/land?token=2fc100863e8e3719abf76893baa94b59","imageurl":"/mcm/images/land/2A/7064_34ea35e815d8.jpg","landname":"145"},{"id":281474984378514,"level":3,"status":0,"posx":24,"posy":31,"cityid":117,"townid":309,"tokenid":"be41d103cd33fb56484f8e2a7c1c1d13","tokenurl":"/mcm/api/land?token=be41d103cd33fb56484f8e2a7c1c1d13","imageurl":"/mcm/images/land/2B/11775_3ee32ff7dc5e.jpg","landname":"146"},{"id":281474984378515,"level":1,"status":0,"posx":32,"posy":31,"cityid":117,"townid":309,"tokenid":"d405a4612c26499f3244b951f3c67c1c","tokenurl":"/mcm/api/land?token=d405a4612c26499f3244b951f3c67c1c","imageurl":"/mcm/images/land/2S/4711_491f22e12e40.jpg","landname":"147"},{"id":281474984378516,"level":2,"status":1,"posx":33,"posy":31,"cityid":117,"townid":309,"tokenid":"036ec3908728c8fa8af651739d1b3bc5","tokenurl":"/mcm/api/land?token=036ec3908728c8fa8af651739d1b3bc5","imageurl":"/mcm/images/land/2A/7065_50795a085af9.jpg","landname":"148"},{"id":281474984378517,"level":3,"status":1,"posx":32,"posy":32,"cityid":117,"townid":309,"tokenid":"ef24b4094410c5bd79b299932f48b27b","tokenurl":"/mcm/api/land?token=ef24b4094410c5bd79b299932f48b27b","imageurl":"/mcm/images/land/2B/11776_d622a8f1c31.jpg","landname":"149"},{"id":281474984378518,"level":2,"status":0,"posx":33,"posy":32,"cityid":117,"townid":309,"tokenid":"81128be6838bc3ec3511bb57018a934d","tokenurl":"/mcm/api/land?token=81128be6838bc3ec3511bb57018a934d","imageurl":"/mcm/images/land/2A/7066_56d1c510380f.jpg","landname":"150"}]]],0,0,[],[],[]]
