[1,0,0,[["cc.JsonAsset",["_name","json"],1]],[[0,0,1,3]],[[0,"1347",[{"id":281475017539585,"level":3,"status":1,"posx":32,"posy":5,"cityid":623,"townid":1347,"tokenid":"13d38f68504ac69cf0304fe8f1e7e177","tokenurl":"/mcm/api/land?token=13d38f68504ac69cf0304fe8f1e7e177","imageurl":"/mcm/images/land/2B/24452_28341a1806e2.jpg","landname":"1"},{"id":281475017539586,"level":3,"status":0,"posx":33,"posy":5,"cityid":623,"townid":1347,"tokenid":"9e4f840e31be7bcc99ff21c225f79a17","tokenurl":"/mcm/api/land?token=9e4f840e31be7bcc99ff21c225f79a17","imageurl":"/mcm/images/land/2B/24453_3509d317c926.jpg","landname":"2"},{"id":281475017539587,"level":3,"status":0,"posx":5,"posy":6,"cityid":623,"townid":1347,"tokenid":"1e71ca3a3e7a594f8cf7019c44e7d273","tokenurl":"/mcm/api/land?token=1e71ca3a3e7a594f8cf7019c44e7d273","imageurl":"/mcm/images/land/2B/24454_3c42c4037aaf.jpg","landname":"3"},{"id":281475017539588,"level":3,"status":0,"posx":6,"posy":6,"cityid":623,"townid":1347,"tokenid":"d0f2dbb0edc6ea0d3bee6cee71ac9c5b","tokenurl":"/mcm/api/land?token=d0f2dbb0edc6ea0d3bee6cee71ac9c5b","imageurl":"/mcm/images/land/2B/24455_13c71ec982c8.jpg","landname":"4"},{"id":281475017539589,"level":2,"status":0,"posx":21,"posy":6,"cityid":623,"townid":1347,"tokenid":"5a8efd3b44a8e95992a98db4db0c31d2","tokenurl":"/mcm/api/land?token=5a8efd3b44a8e95992a98db4db0c31d2","imageurl":"/mcm/images/land/2A/14672_4ac249504ff5.jpg","landname":"5"},{"id":281475017539590,"level":3,"status":1,"posx":22,"posy":6,"cityid":623,"townid":1347,"tokenid":"3e32fac08ae98796a4af9d0857a31ee8","tokenurl":"/mcm/api/land?token=3e32fac08ae98796a4af9d0857a31ee8","imageurl":"/mcm/images/land/2B/24456_4afd5c4a5118.jpg","landname":"6"},{"id":281475017539591,"level":1,"status":0,"posx":23,"posy":6,"cityid":623,"townid":1347,"tokenid":"79ff8aea982229536dab1d15f04249fc","tokenurl":"/mcm/api/land?token=79ff8aea982229536dab1d15f04249fc","imageurl":"/mcm/images/land/2S/9782_d50f1a11ba1.jpg","landname":"7"},{"id":281475017539592,"level":3,"status":1,"posx":24,"posy":6,"cityid":623,"townid":1347,"tokenid":"1f8a5bf640583ec1c83f4872dca2572a","tokenurl":"/mcm/api/land?token=1f8a5bf640583ec1c83f4872dca2572a","imageurl":"/mcm/images/land/2B/24457_19ef6b724e7d.jpg","landname":"8"},{"id":281475017539593,"level":2,"status":1,"posx":25,"posy":6,"cityid":623,"townid":1347,"tokenid":"2d1258841cb1a92c12193c4ba22761b6","tokenurl":"/mcm/api/land?token=2d1258841cb1a92c12193c4ba22761b6","imageurl":"/mcm/images/land/2A/14673_53bc961575c9.jpg","landname":"9"},{"id":281475017539594,"level":1,"status":0,"posx":32,"posy":6,"cityid":623,"townid":1347,"tokenid":"dac391b47dda3a3526942c3c7d8e2234","tokenurl":"/mcm/api/land?token=dac391b47dda3a3526942c3c7d8e2234","imageurl":"/mcm/images/land/2S/9783_519ad8c3dbc9.jpg","landname":"10"},{"id":281475017539595,"level":3,"status":1,"posx":33,"posy":6,"cityid":623,"townid":1347,"tokenid":"e9cc10d335a2ceca6cf48001f626f15a","tokenurl":"/mcm/api/land?token=e9cc10d335a2ceca6cf48001f626f15a","imageurl":"/mcm/images/land/2B/24458_44798ec2c881.jpg","landname":"11"},{"id":281475017539596,"level":3,"status":0,"posx":5,"posy":7,"cityid":623,"townid":1347,"tokenid":"53ec233679a0fb11c009796d2f8430d5","tokenurl":"/mcm/api/land?token=53ec233679a0fb11c009796d2f8430d5","imageurl":"/mcm/images/land/2B/24459_58ef99019a52.jpg","landname":"12"},{"id":281475017539597,"level":3,"status":0,"posx":6,"posy":7,"cityid":623,"townid":1347,"tokenid":"396812ed19ed8a8f83a0f03649a0c6bf","tokenurl":"/mcm/api/land?token=396812ed19ed8a8f83a0f03649a0c6bf","imageurl":"/mcm/images/land/2B/24460_41a32fd5ed89.jpg","landname":"13"},{"id":281475017539598,"level":2,"status":1,"posx":21,"posy":7,"cityid":623,"townid":1347,"tokenid":"c69aa5cc75153daadae1e2805afee083","tokenurl":"/mcm/api/land?token=c69aa5cc75153daadae1e2805afee083","imageurl":"/mcm/images/land/2A/14674_35fbfaca33d8.jpg","landname":"14"},{"id":281475017539599,"level":1,"status":0,"posx":22,"posy":7,"cityid":623,"townid":1347,"tokenid":"3c4ab3245f566b37c079dffab0b93cf1","tokenurl":"/mcm/api/land?token=3c4ab3245f566b37c079dffab0b93cf1","imageurl":"/mcm/images/land/2S/9784_1ce7c2fe822b.jpg","landname":"15"},{"id":281475017539600,"level":1,"status":0,"posx":23,"posy":7,"cityid":623,"townid":1347,"tokenid":"e086e84333ce5d3d6ea7179ab4ed734c","tokenurl":"/mcm/api/land?token=e086e84333ce5d3d6ea7179ab4ed734c","imageurl":"/mcm/images/land/2S/9785_e30c11489be.jpg","landname":"16"},{"id":281475017539601,"level":1,"status":0,"posx":24,"posy":7,"cityid":623,"townid":1347,"tokenid":"2da843b85491f3426b57a67737340637","tokenurl":"/mcm/api/land?token=2da843b85491f3426b57a67737340637","imageurl":"/mcm/images/land/2S/9786_fbc11376007.jpg","landname":"17"},{"id":281475017539602,"level":2,"status":0,"posx":25,"posy":7,"cityid":623,"townid":1347,"tokenid":"466c5e85dd5dec26c3da765d363e0c5f","tokenurl":"/mcm/api/land?token=466c5e85dd5dec26c3da765d363e0c5f","imageurl":"/mcm/images/land/2A/14675_2e003ee741ad.jpg","landname":"18"},{"id":281475017539603,"level":3,"status":1,"posx":32,"posy":7,"cityid":623,"townid":1347,"tokenid":"0482da184bc6f4cfc0ec7448c86ef04f","tokenurl":"/mcm/api/land?token=0482da184bc6f4cfc0ec7448c86ef04f","imageurl":"/mcm/images/land/2B/24461_2a62e1a98db9.jpg","landname":"19"},{"id":281475017539604,"level":3,"status":1,"posx":33,"posy":7,"cityid":623,"townid":1347,"tokenid":"6f9915858e20993ac8c55fb9a34b9bc5","tokenurl":"/mcm/api/land?token=6f9915858e20993ac8c55fb9a34b9bc5","imageurl":"/mcm/images/land/2B/24462_3df55f235150.jpg","landname":"20"},{"id":281475017539605,"level":3,"status":0,"posx":5,"posy":8,"cityid":623,"townid":1347,"tokenid":"a53d6d2385b57297709d5dcc898c5393","tokenurl":"/mcm/api/land?token=a53d6d2385b57297709d5dcc898c5393","imageurl":"/mcm/images/land/2B/24463_5599230299d4.jpg","landname":"21"},{"id":281475017539606,"level":3,"status":1,"posx":6,"posy":8,"cityid":623,"townid":1347,"tokenid":"48ed3344dc377d0bff3668d8c3692141","tokenurl":"/mcm/api/land?token=48ed3344dc377d0bff3668d8c3692141","imageurl":"/mcm/images/land/2B/24464_2562109f094e.jpg","landname":"22"},{"id":281475017539607,"level":1,"status":1,"posx":32,"posy":8,"cityid":623,"townid":1347,"tokenid":"cfd545cd2d5af9e3fadacc80a7b7ac5d","tokenurl":"/mcm/api/land?token=cfd545cd2d5af9e3fadacc80a7b7ac5d","imageurl":"/mcm/images/land/2S/9787_1d3f8fd767d2.jpg","landname":"23"},{"id":281475017539608,"level":2,"status":1,"posx":33,"posy":8,"cityid":623,"townid":1347,"tokenid":"c631ace989491c28b17ad86100e09317","tokenurl":"/mcm/api/land?token=c631ace989491c28b17ad86100e09317","imageurl":"/mcm/images/land/2A/14676_31d05d429c0.jpg","landname":"24"},{"id":281475017539609,"level":3,"status":0,"posx":5,"posy":9,"cityid":623,"townid":1347,"tokenid":"d6a926ac1e0a12c7c866375ddcb72665","tokenurl":"/mcm/api/land?token=d6a926ac1e0a12c7c866375ddcb72665","imageurl":"/mcm/images/land/2B/24465_d67346339c7.jpg","landname":"25"},{"id":281475017539610,"level":3,"status":1,"posx":6,"posy":9,"cityid":623,"townid":1347,"tokenid":"5648ddea25318e43e724747a07d8bd10","tokenurl":"/mcm/api/land?token=5648ddea25318e43e724747a07d8bd10","imageurl":"/mcm/images/land/2B/24466_a74a4beeb9e.jpg","landname":"26"},{"id":281475017539611,"level":2,"status":0,"posx":32,"posy":9,"cityid":623,"townid":1347,"tokenid":"07e8bb995cddb682e6f44d2403aa4af6","tokenurl":"/mcm/api/land?token=07e8bb995cddb682e6f44d2403aa4af6","imageurl":"/mcm/images/land/2A/14677_425476ec3076.jpg","landname":"27"},{"id":281475017539612,"level":3,"status":1,"posx":33,"posy":9,"cityid":623,"townid":1347,"tokenid":"1bcb4e33c40dfe661ab352fc12407d2e","tokenurl":"/mcm/api/land?token=1bcb4e33c40dfe661ab352fc12407d2e","imageurl":"/mcm/images/land/2B/24467_46535a7ec01e.jpg","landname":"28"},{"id":281475017539613,"level":3,"status":0,"posx":5,"posy":10,"cityid":623,"townid":1347,"tokenid":"1ac2a38c54a4404818f3b0804766c07d","tokenurl":"/mcm/api/land?token=1ac2a38c54a4404818f3b0804766c07d","imageurl":"/mcm/images/land/2B/24468_26751457144.jpg","landname":"29"},{"id":281475017539614,"level":2,"status":1,"posx":6,"posy":10,"cityid":623,"townid":1347,"tokenid":"d4cf7ae5398e49fc6c6f7a0c8344a779","tokenurl":"/mcm/api/land?token=d4cf7ae5398e49fc6c6f7a0c8344a779","imageurl":"/mcm/images/land/2A/14678_387902853086.jpg","landname":"30"},{"id":281475017539615,"level":3,"status":1,"posx":8,"posy":10,"cityid":623,"townid":1347,"tokenid":"42bd8dfb061c6b4f6cc301266be2eb37","tokenurl":"/mcm/api/land?token=42bd8dfb061c6b4f6cc301266be2eb37","imageurl":"/mcm/images/land/2B/24469_405cda2d2471.jpg","landname":"31"},{"id":281475017539616,"level":2,"status":0,"posx":9,"posy":10,"cityid":623,"townid":1347,"tokenid":"b91c5ab1f2d2e3b52c03ad92e64a339a","tokenurl":"/mcm/api/land?token=b91c5ab1f2d2e3b52c03ad92e64a339a","imageurl":"/mcm/images/land/2A/14679_52fad2e92d05.jpg","landname":"32"},{"id":281475017539617,"level":2,"status":0,"posx":23,"posy":10,"cityid":623,"townid":1347,"tokenid":"e63759eb3ca2304adbc669c592713a5e","tokenurl":"/mcm/api/land?token=e63759eb3ca2304adbc669c592713a5e","imageurl":"/mcm/images/land/2A/14680_a56f57dbcbc.jpg","landname":"33"},{"id":281475017539618,"level":3,"status":1,"posx":24,"posy":10,"cityid":623,"townid":1347,"tokenid":"62257af08151e6a6c1f1546027b97296","tokenurl":"/mcm/api/land?token=62257af08151e6a6c1f1546027b97296","imageurl":"/mcm/images/land/2B/24470_2864e4572f60.jpg","landname":"34"},{"id":281475017539619,"level":3,"status":1,"posx":8,"posy":11,"cityid":623,"townid":1347,"tokenid":"531b8e537571ceb29e7a060b898c01d7","tokenurl":"/mcm/api/land?token=531b8e537571ceb29e7a060b898c01d7","imageurl":"/mcm/images/land/2B/24471_27d5fd53c5fe.jpg","landname":"35"},{"id":281475017539620,"level":3,"status":0,"posx":9,"posy":11,"cityid":623,"townid":1347,"tokenid":"0a37cfda211dfa660132ed2e730874a1","tokenurl":"/mcm/api/land?token=0a37cfda211dfa660132ed2e730874a1","imageurl":"/mcm/images/land/2B/24472_47272f1109e4.jpg","landname":"36"},{"id":281475017539621,"level":2,"status":0,"posx":23,"posy":11,"cityid":623,"townid":1347,"tokenid":"619e51700c67137cda3b535c03c2fbd2","tokenurl":"/mcm/api/land?token=619e51700c67137cda3b535c03c2fbd2","imageurl":"/mcm/images/land/2A/14681_117f30fb43c2.jpg","landname":"37"},{"id":281475017539622,"level":3,"status":0,"posx":24,"posy":11,"cityid":623,"townid":1347,"tokenid":"e3b6b53a8f15dbb1d86187a6efd714bf","tokenurl":"/mcm/api/land?token=e3b6b53a8f15dbb1d86187a6efd714bf","imageurl":"/mcm/images/land/2B/24473_3bf393b0e23e.jpg","landname":"38"},{"id":281475017539623,"level":3,"status":0,"posx":8,"posy":12,"cityid":623,"townid":1347,"tokenid":"12c8258c8770ca92c1fcc6e156e20066","tokenurl":"/mcm/api/land?token=12c8258c8770ca92c1fcc6e156e20066","imageurl":"/mcm/images/land/2B/24474_2b9c611f6f7.jpg","landname":"39"},{"id":281475017539624,"level":3,"status":1,"posx":9,"posy":12,"cityid":623,"townid":1347,"tokenid":"a2a57e08de2302773848cd614bbe7834","tokenurl":"/mcm/api/land?token=a2a57e08de2302773848cd614bbe7834","imageurl":"/mcm/images/land/2B/24475_1df35de9e9a4.jpg","landname":"40"},{"id":281475017539625,"level":3,"status":1,"posx":23,"posy":12,"cityid":623,"townid":1347,"tokenid":"48f901ac713e60b74642ad9ef751ff31","tokenurl":"/mcm/api/land?token=48f901ac713e60b74642ad9ef751ff31","imageurl":"/mcm/images/land/2B/24476_11f407ee7e3f.jpg","landname":"41"},{"id":281475017539626,"level":3,"status":1,"posx":24,"posy":12,"cityid":623,"townid":1347,"tokenid":"f64b96072890223fe3a1484ff2a2b181","tokenurl":"/mcm/api/land?token=f64b96072890223fe3a1484ff2a2b181","imageurl":"/mcm/images/land/2B/24477_3ea214676b4c.jpg","landname":"42"},{"id":281475017539627,"level":3,"status":0,"posx":32,"posy":12,"cityid":623,"townid":1347,"tokenid":"6ed8cedaa229b00a6a4b59529e53fbef","tokenurl":"/mcm/api/land?token=6ed8cedaa229b00a6a4b59529e53fbef","imageurl":"/mcm/images/land/2B/24478_4ae27fd8152f.jpg","landname":"43"},{"id":281475017539628,"level":3,"status":0,"posx":33,"posy":12,"cityid":623,"townid":1347,"tokenid":"1a5b10387b0b9bbc2f06bf657c122fa6","tokenurl":"/mcm/api/land?token=1a5b10387b0b9bbc2f06bf657c122fa6","imageurl":"/mcm/images/land/2B/24479_dec4f57b7a6.jpg","landname":"44"},{"id":281475017539629,"level":3,"status":0,"posx":8,"posy":13,"cityid":623,"townid":1347,"tokenid":"378ab01df136891bb69803363f2ddbff","tokenurl":"/mcm/api/land?token=378ab01df136891bb69803363f2ddbff","imageurl":"/mcm/images/land/2B/24480_560420a62e0f.jpg","landname":"45"},{"id":281475017539630,"level":1,"status":0,"posx":9,"posy":13,"cityid":623,"townid":1347,"tokenid":"01d59b85d9c42b3fd0d9ad4c7026d157","tokenurl":"/mcm/api/land?token=01d59b85d9c42b3fd0d9ad4c7026d157","imageurl":"/mcm/images/land/2S/9788_ec220fae410.jpg","landname":"46"},{"id":281475017539631,"level":3,"status":0,"posx":23,"posy":13,"cityid":623,"townid":1347,"tokenid":"27b07fc3962238616bc516b575279645","tokenurl":"/mcm/api/land?token=27b07fc3962238616bc516b575279645","imageurl":"/mcm/images/land/2B/24481_18a8ee54530.jpg","landname":"47"},{"id":281475017539632,"level":1,"status":0,"posx":24,"posy":13,"cityid":623,"townid":1347,"tokenid":"8a803afdbfe5a0af6735ff658eb425bc","tokenurl":"/mcm/api/land?token=8a803afdbfe5a0af6735ff658eb425bc","imageurl":"/mcm/images/land/2S/9789_3126cd1ea67d.jpg","landname":"48"},{"id":281475017539633,"level":2,"status":1,"posx":32,"posy":13,"cityid":623,"townid":1347,"tokenid":"545e783b784c50cff5455b72bece3f8d","tokenurl":"/mcm/api/land?token=545e783b784c50cff5455b72bece3f8d","imageurl":"/mcm/images/land/2A/14682_12f7bb78b7a9.jpg","landname":"49"},{"id":281475017539634,"level":3,"status":1,"posx":33,"posy":13,"cityid":623,"townid":1347,"tokenid":"e46cd0cfda63931c16b257397c7963ea","tokenurl":"/mcm/api/land?token=e46cd0cfda63931c16b257397c7963ea","imageurl":"/mcm/images/land/2B/24482_479d66325ff1.jpg","landname":"50"},{"id":281475017539635,"level":2,"status":0,"posx":8,"posy":14,"cityid":623,"townid":1347,"tokenid":"d8ca60410610aec7b0add632f2e15e5e","tokenurl":"/mcm/api/land?token=d8ca60410610aec7b0add632f2e15e5e","imageurl":"/mcm/images/land/2A/14683_38a1feb0628.jpg","landname":"51"},{"id":281475017539636,"level":1,"status":0,"posx":9,"posy":14,"cityid":623,"townid":1347,"tokenid":"ea04da24bd79571dd20582591be2df14","tokenurl":"/mcm/api/land?token=ea04da24bd79571dd20582591be2df14","imageurl":"/mcm/images/land/2S/9790_18afe2ac4ce.jpg","landname":"52"},{"id":281475017539637,"level":3,"status":1,"posx":23,"posy":14,"cityid":623,"townid":1347,"tokenid":"e2aab1fce750e717650c7ef6d9997566","tokenurl":"/mcm/api/land?token=e2aab1fce750e717650c7ef6d9997566","imageurl":"/mcm/images/land/2B/24483_2bac3c030c30.jpg","landname":"53"},{"id":281475017539638,"level":3,"status":1,"posx":24,"posy":14,"cityid":623,"townid":1347,"tokenid":"54ce439e76532310c5d13fd3e520406f","tokenurl":"/mcm/api/land?token=54ce439e76532310c5d13fd3e520406f","imageurl":"/mcm/images/land/2B/24484_47a9a88d4f09.jpg","landname":"54"},{"id":281475017539639,"level":3,"status":1,"posx":32,"posy":14,"cityid":623,"townid":1347,"tokenid":"2af1a982f2086ae13b6664188be76dd1","tokenurl":"/mcm/api/land?token=2af1a982f2086ae13b6664188be76dd1","imageurl":"/mcm/images/land/2B/24485_44857b07425c.jpg","landname":"55"},{"id":281475017539640,"level":3,"status":1,"posx":33,"posy":14,"cityid":623,"townid":1347,"tokenid":"5f42dcfc1163e4f1bf52c50640b5344e","tokenurl":"/mcm/api/land?token=5f42dcfc1163e4f1bf52c50640b5344e","imageurl":"/mcm/images/land/2B/24486_4a1843bf92f8.jpg","landname":"56"},{"id":281475017539641,"level":2,"status":1,"posx":32,"posy":15,"cityid":623,"townid":1347,"tokenid":"9eefd44a401834680f9746b90558abee","tokenurl":"/mcm/api/land?token=9eefd44a401834680f9746b90558abee","imageurl":"/mcm/images/land/2A/14684_dec6d4fd2eb.jpg","landname":"57"},{"id":281475017539642,"level":1,"status":1,"posx":33,"posy":15,"cityid":623,"townid":1347,"tokenid":"8746775c5b05b4821d544c0515b06cb8","tokenurl":"/mcm/api/land?token=8746775c5b05b4821d544c0515b06cb8","imageurl":"/mcm/images/land/2S/9791_1fecf424b0a.jpg","landname":"58"},{"id":281475017539643,"level":2,"status":1,"posx":8,"posy":16,"cityid":623,"townid":1347,"tokenid":"4d57a2521a585a12d9a5e87b417ce155","tokenurl":"/mcm/api/land?token=4d57a2521a585a12d9a5e87b417ce155","imageurl":"/mcm/images/land/2A/14685_42317df36973.jpg","landname":"59"},{"id":281475017539644,"level":1,"status":1,"posx":9,"posy":16,"cityid":623,"townid":1347,"tokenid":"fe78940ba11324b0badaa0f6b9341071","tokenurl":"/mcm/api/land?token=fe78940ba11324b0badaa0f6b9341071","imageurl":"/mcm/images/land/2S/9792_2662bc7f4a12.jpg","landname":"60"},{"id":281475017539645,"level":1,"status":0,"posx":32,"posy":16,"cityid":623,"townid":1347,"tokenid":"3fbe9fb83508e200fa447ebe57ac9c8a","tokenurl":"/mcm/api/land?token=3fbe9fb83508e200fa447ebe57ac9c8a","imageurl":"/mcm/images/land/2S/9793_16b4d90dee3c.jpg","landname":"61"},{"id":281475017539646,"level":3,"status":0,"posx":33,"posy":16,"cityid":623,"townid":1347,"tokenid":"8d7069a83558f094fee87fc8383288d6","tokenurl":"/mcm/api/land?token=8d7069a83558f094fee87fc8383288d6","imageurl":"/mcm/images/land/2B/24487_bf74bb6d9a7.jpg","landname":"62"},{"id":281475017539647,"level":3,"status":0,"posx":8,"posy":17,"cityid":623,"townid":1347,"tokenid":"505512ccfe4fb5c1dd5fae792ff1ebc5","tokenurl":"/mcm/api/land?token=505512ccfe4fb5c1dd5fae792ff1ebc5","imageurl":"/mcm/images/land/2B/24488_1c7cc6661a2e.jpg","landname":"63"},{"id":281475017539648,"level":2,"status":0,"posx":9,"posy":17,"cityid":623,"townid":1347,"tokenid":"d63d6b3d9208bfe26e879b589ba37503","tokenurl":"/mcm/api/land?token=d63d6b3d9208bfe26e879b589ba37503","imageurl":"/mcm/images/land/2A/14686_f5b54fea00a.jpg","landname":"64"},{"id":281475017539649,"level":2,"status":1,"posx":8,"posy":18,"cityid":623,"townid":1347,"tokenid":"22cb3cad7e824d2e9fe89a006e8a0e11","tokenurl":"/mcm/api/land?token=22cb3cad7e824d2e9fe89a006e8a0e11","imageurl":"/mcm/images/land/2A/14687_46ee7c6f80fc.jpg","landname":"65"},{"id":281475017539650,"level":2,"status":0,"posx":9,"posy":18,"cityid":623,"townid":1347,"tokenid":"f030ca5d416f3f7fef0f966a260747bd","tokenurl":"/mcm/api/land?token=f030ca5d416f3f7fef0f966a260747bd","imageurl":"/mcm/images/land/2A/14688_38e487161868.jpg","landname":"66"},{"id":281475017539651,"level":1,"status":1,"posx":20,"posy":18,"cityid":623,"townid":1347,"tokenid":"6d9105159aeffbaff16f17229030b8a2","tokenurl":"/mcm/api/land?token=6d9105159aeffbaff16f17229030b8a2","imageurl":"/mcm/images/land/2S/9794_57789ac50597.jpg","landname":"67"},{"id":281475017539652,"level":1,"status":1,"posx":21,"posy":18,"cityid":623,"townid":1347,"tokenid":"36c59ed8fdf07fbbbd1ab85918e3fab0","tokenurl":"/mcm/api/land?token=36c59ed8fdf07fbbbd1ab85918e3fab0","imageurl":"/mcm/images/land/2S/9795_5458de63f6b4.jpg","landname":"68"},{"id":281475017539653,"level":2,"status":1,"posx":25,"posy":18,"cityid":623,"townid":1347,"tokenid":"9ce7b16822ae01d25ce6d5ded8034777","tokenurl":"/mcm/api/land?token=9ce7b16822ae01d25ce6d5ded8034777","imageurl":"/mcm/images/land/2A/14689_4687c6ae9ce7.jpg","landname":"69"},{"id":281475017539654,"level":2,"status":1,"posx":26,"posy":18,"cityid":623,"townid":1347,"tokenid":"5cd4d1670b59a406dbe2466582945335","tokenurl":"/mcm/api/land?token=5cd4d1670b59a406dbe2466582945335","imageurl":"/mcm/images/land/2A/14690_33ef640c210a.jpg","landname":"70"},{"id":281475017539655,"level":1,"status":1,"posx":8,"posy":19,"cityid":623,"townid":1347,"tokenid":"b6442b2240d7b3e8f4061c55e7883962","tokenurl":"/mcm/api/land?token=b6442b2240d7b3e8f4061c55e7883962","imageurl":"/mcm/images/land/2S/9796_3cd0f1f2b73d.jpg","landname":"71"},{"id":281475017539656,"level":2,"status":0,"posx":9,"posy":19,"cityid":623,"townid":1347,"tokenid":"373e48de836ea7e45e591ba0c872c6f7","tokenurl":"/mcm/api/land?token=373e48de836ea7e45e591ba0c872c6f7","imageurl":"/mcm/images/land/2A/14691_41c75ac721fc.jpg","landname":"72"},{"id":281475017539657,"level":2,"status":0,"posx":20,"posy":19,"cityid":623,"townid":1347,"tokenid":"aef39569da306df66a985c06f19c27ee","tokenurl":"/mcm/api/land?token=aef39569da306df66a985c06f19c27ee","imageurl":"/mcm/images/land/2A/14692_dfc6bfd16f4.jpg","landname":"73"},{"id":281475017539658,"level":2,"status":0,"posx":21,"posy":19,"cityid":623,"townid":1347,"tokenid":"60c38d70729019822227f5ee0eecf2c1","tokenurl":"/mcm/api/land?token=60c38d70729019822227f5ee0eecf2c1","imageurl":"/mcm/images/land/2A/14693_2ba01e4534b8.jpg","landname":"74"},{"id":281475017539659,"level":2,"status":0,"posx":25,"posy":19,"cityid":623,"townid":1347,"tokenid":"af24809f6615f648495e29197bb2b06d","tokenurl":"/mcm/api/land?token=af24809f6615f648495e29197bb2b06d","imageurl":"/mcm/images/land/2A/14694_1221c9b78dd6.jpg","landname":"75"},{"id":281475017539660,"level":2,"status":0,"posx":26,"posy":19,"cityid":623,"townid":1347,"tokenid":"779fd80d97429186383ea91e71969f17","tokenurl":"/mcm/api/land?token=779fd80d97429186383ea91e71969f17","imageurl":"/mcm/images/land/2A/14695_1469a7e7406b.jpg","landname":"76"},{"id":281475017539661,"level":3,"status":1,"posx":8,"posy":20,"cityid":623,"townid":1347,"tokenid":"cd858cca31707875baba515dd56a0e95","tokenurl":"/mcm/api/land?token=cd858cca31707875baba515dd56a0e95","imageurl":"/mcm/images/land/2B/24489_3367a523c593.jpg","landname":"77"},{"id":281475017539662,"level":3,"status":1,"posx":9,"posy":20,"cityid":623,"townid":1347,"tokenid":"cbfbb995d58a0bc913f705b6bf4d1e6f","tokenurl":"/mcm/api/land?token=cbfbb995d58a0bc913f705b6bf4d1e6f","imageurl":"/mcm/images/land/2B/24490_db846f63fb7.jpg","landname":"78"},{"id":281475017539663,"level":2,"status":1,"posx":20,"posy":20,"cityid":623,"townid":1347,"tokenid":"f4c22a086aaaec4ee960da76281b68cb","tokenurl":"/mcm/api/land?token=f4c22a086aaaec4ee960da76281b68cb","imageurl":"/mcm/images/land/2A/14696_167b0c680202.jpg","landname":"79"},{"id":281475017539664,"level":3,"status":1,"posx":21,"posy":20,"cityid":623,"townid":1347,"tokenid":"b435e7ab6ab07b597a9c4783088649df","tokenurl":"/mcm/api/land?token=b435e7ab6ab07b597a9c4783088649df","imageurl":"/mcm/images/land/2B/24491_2c956a09017b.jpg","landname":"80"},{"id":281475017539665,"level":1,"status":1,"posx":25,"posy":20,"cityid":623,"townid":1347,"tokenid":"fe89b0bd896655c8aada44e27fcec71a","tokenurl":"/mcm/api/land?token=fe89b0bd896655c8aada44e27fcec71a","imageurl":"/mcm/images/land/2S/9797_3e0810189a45.jpg","landname":"81"},{"id":281475017539666,"level":2,"status":0,"posx":26,"posy":20,"cityid":623,"townid":1347,"tokenid":"3bfa813971fb72f539e3c52e67ef1a66","tokenurl":"/mcm/api/land?token=3bfa813971fb72f539e3c52e67ef1a66","imageurl":"/mcm/images/land/2A/14697_2043bf2bd95e.jpg","landname":"82"},{"id":281475017539667,"level":3,"status":1,"posx":31,"posy":20,"cityid":623,"townid":1347,"tokenid":"032df8ade293c7af63e6660b18f5466b","tokenurl":"/mcm/api/land?token=032df8ade293c7af63e6660b18f5466b","imageurl":"/mcm/images/land/2B/24492_18dc94391950.jpg","landname":"83"},{"id":281475017539668,"level":3,"status":0,"posx":32,"posy":20,"cityid":623,"townid":1347,"tokenid":"c41d7763ede6469adc43a17366973d12","tokenurl":"/mcm/api/land?token=c41d7763ede6469adc43a17366973d12","imageurl":"/mcm/images/land/2B/24493_1336bddca235.jpg","landname":"84"},{"id":281475017539669,"level":3,"status":0,"posx":20,"posy":21,"cityid":623,"townid":1347,"tokenid":"35dfe71408f7d227424f3d53c32057b5","tokenurl":"/mcm/api/land?token=35dfe71408f7d227424f3d53c32057b5","imageurl":"/mcm/images/land/2B/24494_631b2f3de57.jpg","landname":"85"},{"id":281475017539670,"level":1,"status":1,"posx":21,"posy":21,"cityid":623,"townid":1347,"tokenid":"616b795ed67f074bc8fbd81fa79ebffd","tokenurl":"/mcm/api/land?token=616b795ed67f074bc8fbd81fa79ebffd","imageurl":"/mcm/images/land/2S/9798_43d55099d6c1.jpg","landname":"86"},{"id":281475017539671,"level":1,"status":1,"posx":25,"posy":21,"cityid":623,"townid":1347,"tokenid":"7b30811731eb152074519be7ad63eceb","tokenurl":"/mcm/api/land?token=7b30811731eb152074519be7ad63eceb","imageurl":"/mcm/images/land/2S/9799_33c4c757db6c.jpg","landname":"87"},{"id":281475017539672,"level":3,"status":0,"posx":26,"posy":21,"cityid":623,"townid":1347,"tokenid":"87125eba50682b4bf121cc392c21c5cf","tokenurl":"/mcm/api/land?token=87125eba50682b4bf121cc392c21c5cf","imageurl":"/mcm/images/land/2B/24495_d64a3ba70ad.jpg","landname":"88"},{"id":281475017539673,"level":2,"status":1,"posx":31,"posy":21,"cityid":623,"townid":1347,"tokenid":"922fcd7d744d4fbc6e66a9f8d4e0e39d","tokenurl":"/mcm/api/land?token=922fcd7d744d4fbc6e66a9f8d4e0e39d","imageurl":"/mcm/images/land/2A/14698_2a0326c31ad3.jpg","landname":"89"},{"id":281475017539674,"level":1,"status":1,"posx":32,"posy":21,"cityid":623,"townid":1347,"tokenid":"a2207d061914c20db626e09d52a4fe80","tokenurl":"/mcm/api/land?token=a2207d061914c20db626e09d52a4fe80","imageurl":"/mcm/images/land/2S/9800_25226a028b04.jpg","landname":"90"},{"id":281475017539675,"level":3,"status":0,"posx":12,"posy":22,"cityid":623,"townid":1347,"tokenid":"b41d8cde464ccac587b32397d63a5a76","tokenurl":"/mcm/api/land?token=b41d8cde464ccac587b32397d63a5a76","imageurl":"/mcm/images/land/2B/24496_1812b381ab2d.jpg","landname":"91"},{"id":281475017539676,"level":3,"status":0,"posx":13,"posy":22,"cityid":623,"townid":1347,"tokenid":"2ad662c3a6b455c6205e8103e438c385","tokenurl":"/mcm/api/land?token=2ad662c3a6b455c6205e8103e438c385","imageurl":"/mcm/images/land/2B/24497_45c4bed006f.jpg","landname":"92"},{"id":281475017539677,"level":3,"status":0,"posx":20,"posy":22,"cityid":623,"townid":1347,"tokenid":"6a18e535cb5a592c61a3f8d4d8332ee1","tokenurl":"/mcm/api/land?token=6a18e535cb5a592c61a3f8d4d8332ee1","imageurl":"/mcm/images/land/2B/24498_20d5a4ea8e6e.jpg","landname":"93"},{"id":281475017539678,"level":1,"status":1,"posx":21,"posy":22,"cityid":623,"townid":1347,"tokenid":"2cdf151eaa226a2b4e990c22b54b78d4","tokenurl":"/mcm/api/land?token=2cdf151eaa226a2b4e990c22b54b78d4","imageurl":"/mcm/images/land/2S/9801_25f6c5223333.jpg","landname":"94"},{"id":281475017539679,"level":3,"status":0,"posx":25,"posy":22,"cityid":623,"townid":1347,"tokenid":"95b5484084c8c910a9a45af3c91f8123","tokenurl":"/mcm/api/land?token=95b5484084c8c910a9a45af3c91f8123","imageurl":"/mcm/images/land/2B/24499_3c81864d6c14.jpg","landname":"95"},{"id":281475017539680,"level":3,"status":1,"posx":26,"posy":22,"cityid":623,"townid":1347,"tokenid":"74b289cc6d24a37fc37fa65878e565f0","tokenurl":"/mcm/api/land?token=74b289cc6d24a37fc37fa65878e565f0","imageurl":"/mcm/images/land/2B/24500_36fcdd0d8682.jpg","landname":"96"},{"id":281475017539681,"level":2,"status":0,"posx":31,"posy":22,"cityid":623,"townid":1347,"tokenid":"b7a7aa08c4e03b6774aba2bedc021fb8","tokenurl":"/mcm/api/land?token=b7a7aa08c4e03b6774aba2bedc021fb8","imageurl":"/mcm/images/land/2A/14699_338b065c8754.jpg","landname":"97"},{"id":281475017539682,"level":2,"status":1,"posx":32,"posy":22,"cityid":623,"townid":1347,"tokenid":"e53248991d421b1a447bd899276477ea","tokenurl":"/mcm/api/land?token=e53248991d421b1a447bd899276477ea","imageurl":"/mcm/images/land/2A/14700_3ef1935153b2.jpg","landname":"98"},{"id":281475017539683,"level":3,"status":0,"posx":12,"posy":23,"cityid":623,"townid":1347,"tokenid":"e5862dc8259d480ca3a06399d0521d09","tokenurl":"/mcm/api/land?token=e5862dc8259d480ca3a06399d0521d09","imageurl":"/mcm/images/land/2B/24501_43c4c05d7eb3.jpg","landname":"99"},{"id":281475017539684,"level":3,"status":0,"posx":13,"posy":23,"cityid":623,"townid":1347,"tokenid":"16290e6a5a6a0272eb9a68edd9aea915","tokenurl":"/mcm/api/land?token=16290e6a5a6a0272eb9a68edd9aea915","imageurl":"/mcm/images/land/2B/24502_2194b2dd8394.jpg","landname":"100"},{"id":281475017539685,"level":2,"status":1,"posx":31,"posy":23,"cityid":623,"townid":1347,"tokenid":"9f13699fd743e45abaf2dbe25c848f6b","tokenurl":"/mcm/api/land?token=9f13699fd743e45abaf2dbe25c848f6b","imageurl":"/mcm/images/land/2A/14701_586f76e1cb2d.jpg","landname":"101"},{"id":281475017539686,"level":2,"status":0,"posx":32,"posy":23,"cityid":623,"townid":1347,"tokenid":"74ad9965e51d04016202d0687c6c511e","tokenurl":"/mcm/api/land?token=74ad9965e51d04016202d0687c6c511e","imageurl":"/mcm/images/land/2A/14702_237aa4900d90.jpg","landname":"102"},{"id":281475017539687,"level":3,"status":1,"posx":12,"posy":24,"cityid":623,"townid":1347,"tokenid":"c3ea8d583117a599233c8588bd28d272","tokenurl":"/mcm/api/land?token=c3ea8d583117a599233c8588bd28d272","imageurl":"/mcm/images/land/2B/24503_3092897e19cc.jpg","landname":"103"},{"id":281475017539688,"level":3,"status":0,"posx":13,"posy":24,"cityid":623,"townid":1347,"tokenid":"5a7a29edf2ec7d1463a6fa468a979916","tokenurl":"/mcm/api/land?token=5a7a29edf2ec7d1463a6fa468a979916","imageurl":"/mcm/images/land/2B/24504_35c2b1f81dd6.jpg","landname":"104"},{"id":281475017539689,"level":2,"status":1,"posx":31,"posy":24,"cityid":623,"townid":1347,"tokenid":"3dbb79ca66016c2ab36a598f75e1def8","tokenurl":"/mcm/api/land?token=3dbb79ca66016c2ab36a598f75e1def8","imageurl":"/mcm/images/land/2A/14703_46a04f1d7fed.jpg","landname":"105"},{"id":281475017539690,"level":1,"status":1,"posx":32,"posy":24,"cityid":623,"townid":1347,"tokenid":"514ddfca6c134910d9694074e70dd541","tokenurl":"/mcm/api/land?token=514ddfca6c134910d9694074e70dd541","imageurl":"/mcm/images/land/2S/9802_16b6b9f01c64.jpg","landname":"106"},{"id":281475017539691,"level":3,"status":1,"posx":12,"posy":25,"cityid":623,"townid":1347,"tokenid":"5de4081169e88b2892641bc6349671c3","tokenurl":"/mcm/api/land?token=5de4081169e88b2892641bc6349671c3","imageurl":"/mcm/images/land/2B/24505_2d645552aa72.jpg","landname":"107"},{"id":281475017539692,"level":3,"status":0,"posx":13,"posy":25,"cityid":623,"townid":1347,"tokenid":"861ce8c9c3bb15275886f6ccde43db45","tokenurl":"/mcm/api/land?token=861ce8c9c3bb15275886f6ccde43db45","imageurl":"/mcm/images/land/2B/24506_2c0062f693bd.jpg","landname":"108"},{"id":281475017539693,"level":3,"status":1,"posx":6,"posy":26,"cityid":623,"townid":1347,"tokenid":"8bdd6f309ee658bb3479c9c9eb419c30","tokenurl":"/mcm/api/land?token=8bdd6f309ee658bb3479c9c9eb419c30","imageurl":"/mcm/images/land/2B/24507_1bc272ebfdef.jpg","landname":"109"},{"id":281475017539694,"level":1,"status":1,"posx":7,"posy":26,"cityid":623,"townid":1347,"tokenid":"8c4133fafba5fe894d3485a7fd0b26dd","tokenurl":"/mcm/api/land?token=8c4133fafba5fe894d3485a7fd0b26dd","imageurl":"/mcm/images/land/2S/9803_4ed407bca646.jpg","landname":"110"},{"id":281475017539695,"level":3,"status":1,"posx":9,"posy":26,"cityid":623,"townid":1347,"tokenid":"7433dc59b1c9f124b6d746da7474305f","tokenurl":"/mcm/api/land?token=7433dc59b1c9f124b6d746da7474305f","imageurl":"/mcm/images/land/2B/24508_199d5ebb1837.jpg","landname":"111"},{"id":281475017539696,"level":2,"status":1,"posx":10,"posy":26,"cityid":623,"townid":1347,"tokenid":"9817109ff510bfa308d9cdabfe28da7c","tokenurl":"/mcm/api/land?token=9817109ff510bfa308d9cdabfe28da7c","imageurl":"/mcm/images/land/2A/14704_28de49e1f291.jpg","landname":"112"},{"id":281475017539697,"level":3,"status":0,"posx":12,"posy":26,"cityid":623,"townid":1347,"tokenid":"4c59a575fafb8410b435a15acba686a6","tokenurl":"/mcm/api/land?token=4c59a575fafb8410b435a15acba686a6","imageurl":"/mcm/images/land/2B/24509_2d64b25ccd4d.jpg","landname":"113"},{"id":281475017539698,"level":2,"status":0,"posx":13,"posy":26,"cityid":623,"townid":1347,"tokenid":"7dc7d8e9c8cd38d14e71f9eceb494ffb","tokenurl":"/mcm/api/land?token=7dc7d8e9c8cd38d14e71f9eceb494ffb","imageurl":"/mcm/images/land/2A/14705_5aeb1a3ab8ee.jpg","landname":"114"},{"id":281475017539699,"level":3,"status":0,"posx":6,"posy":27,"cityid":623,"townid":1347,"tokenid":"19e49af7ac9cddec039c6b04205c0ffc","tokenurl":"/mcm/api/land?token=19e49af7ac9cddec039c6b04205c0ffc","imageurl":"/mcm/images/land/2B/24510_31a6ba2ef2cf.jpg","landname":"115"},{"id":281475017539700,"level":1,"status":0,"posx":7,"posy":27,"cityid":623,"townid":1347,"tokenid":"51fedcc7922c939500ec7523d981f934","tokenurl":"/mcm/api/land?token=51fedcc7922c939500ec7523d981f934","imageurl":"/mcm/images/land/2S/9804_3a59a581f9ca.jpg","landname":"116"},{"id":281475017539701,"level":2,"status":1,"posx":9,"posy":27,"cityid":623,"townid":1347,"tokenid":"60656247f5f50c0436508d3161cf47e9","tokenurl":"/mcm/api/land?token=60656247f5f50c0436508d3161cf47e9","imageurl":"/mcm/images/land/2A/14706_31ef32451006.jpg","landname":"117"},{"id":281475017539702,"level":2,"status":0,"posx":10,"posy":27,"cityid":623,"townid":1347,"tokenid":"96e9bdf8c26c6db28b74772ceac338ba","tokenurl":"/mcm/api/land?token=96e9bdf8c26c6db28b74772ceac338ba","imageurl":"/mcm/images/land/2A/14707_57aeb89c8d36.jpg","landname":"118"},{"id":281475017539703,"level":2,"status":1,"posx":23,"posy":27,"cityid":623,"townid":1347,"tokenid":"4821f443a863c3290e8ac376f099b970","tokenurl":"/mcm/api/land?token=4821f443a863c3290e8ac376f099b970","imageurl":"/mcm/images/land/2A/14708_15377b0a2028.jpg","landname":"119"},{"id":281475017539704,"level":2,"status":0,"posx":24,"posy":27,"cityid":623,"townid":1347,"tokenid":"ac3c3f21d3f6d4fe92e9ea1e12e58d93","tokenurl":"/mcm/api/land?token=ac3c3f21d3f6d4fe92e9ea1e12e58d93","imageurl":"/mcm/images/land/2A/14709_11bf1325f8ff.jpg","landname":"120"},{"id":281475017539705,"level":3,"status":1,"posx":6,"posy":28,"cityid":623,"townid":1347,"tokenid":"610d4a43f09b320af5762861bc3af337","tokenurl":"/mcm/api/land?token=610d4a43f09b320af5762861bc3af337","imageurl":"/mcm/images/land/2B/24511_1a11428665fe.jpg","landname":"121"},{"id":281475017539706,"level":1,"status":1,"posx":7,"posy":28,"cityid":623,"townid":1347,"tokenid":"bf58b2061ec3e62928806525fccae899","tokenurl":"/mcm/api/land?token=bf58b2061ec3e62928806525fccae899","imageurl":"/mcm/images/land/2S/9805_1476286436a2.jpg","landname":"122"},{"id":281475017539707,"level":2,"status":0,"posx":9,"posy":28,"cityid":623,"townid":1347,"tokenid":"9b24e27514fa86427935ad24b1473bdb","tokenurl":"/mcm/api/land?token=9b24e27514fa86427935ad24b1473bdb","imageurl":"/mcm/images/land/2A/14710_14eaa4c8dab2.jpg","landname":"123"},{"id":281475017539708,"level":3,"status":0,"posx":10,"posy":28,"cityid":623,"townid":1347,"tokenid":"b50d50dacf9a5438c3b3c46d4dbaf2e0","tokenurl":"/mcm/api/land?token=b50d50dacf9a5438c3b3c46d4dbaf2e0","imageurl":"/mcm/images/land/2B/24512_1128faf6f7d3.jpg","landname":"124"},{"id":281475017539709,"level":1,"status":0,"posx":23,"posy":28,"cityid":623,"townid":1347,"tokenid":"1f0f02361e7e3010ac1c365ef31fa8c7","tokenurl":"/mcm/api/land?token=1f0f02361e7e3010ac1c365ef31fa8c7","imageurl":"/mcm/images/land/2S/9806_48959944bfc.jpg","landname":"125"},{"id":281475017539710,"level":3,"status":1,"posx":24,"posy":28,"cityid":623,"townid":1347,"tokenid":"9582c9cdfd237b821211449ff1454dbb","tokenurl":"/mcm/api/land?token=9582c9cdfd237b821211449ff1454dbb","imageurl":"/mcm/images/land/2B/24513_28969607edff.jpg","landname":"126"},{"id":281475017539711,"level":3,"status":1,"posx":32,"posy":28,"cityid":623,"townid":1347,"tokenid":"ecf027a5bd89a8435f178180315ebca4","tokenurl":"/mcm/api/land?token=ecf027a5bd89a8435f178180315ebca4","imageurl":"/mcm/images/land/2B/24514_bd24742616e.jpg","landname":"127"},{"id":281475017539712,"level":2,"status":0,"posx":33,"posy":28,"cityid":623,"townid":1347,"tokenid":"f65171c93022054da7010539b612ca3e","tokenurl":"/mcm/api/land?token=f65171c93022054da7010539b612ca3e","imageurl":"/mcm/images/land/2A/14711_ffcc284b720.jpg","landname":"128"},{"id":281475017539713,"level":3,"status":1,"posx":6,"posy":29,"cityid":623,"townid":1347,"tokenid":"3ae4e7a087480c7ee956ead9ab5ba22d","tokenurl":"/mcm/api/land?token=3ae4e7a087480c7ee956ead9ab5ba22d","imageurl":"/mcm/images/land/2B/24515_89e66ddc34e.jpg","landname":"129"},{"id":281475017539714,"level":3,"status":0,"posx":7,"posy":29,"cityid":623,"townid":1347,"tokenid":"9cba92d583f670531250115975a2f7e3","tokenurl":"/mcm/api/land?token=9cba92d583f670531250115975a2f7e3","imageurl":"/mcm/images/land/2B/24516_df792158633.jpg","landname":"130"},{"id":281475017539715,"level":1,"status":1,"posx":9,"posy":29,"cityid":623,"townid":1347,"tokenid":"7ebcf0c7bb148b59ab5b16a9622be09d","tokenurl":"/mcm/api/land?token=7ebcf0c7bb148b59ab5b16a9622be09d","imageurl":"/mcm/images/land/2S/9807_573801388a32.jpg","landname":"131"},{"id":281475017539716,"level":3,"status":1,"posx":10,"posy":29,"cityid":623,"townid":1347,"tokenid":"a71e6a0edfd8bd18079e14c04b6941b7","tokenurl":"/mcm/api/land?token=a71e6a0edfd8bd18079e14c04b6941b7","imageurl":"/mcm/images/land/2B/24517_3cecacd078fb.jpg","landname":"132"},{"id":281475017539717,"level":2,"status":1,"posx":23,"posy":29,"cityid":623,"townid":1347,"tokenid":"6a22f651d33253fae98355c4eac68b98","tokenurl":"/mcm/api/land?token=6a22f651d33253fae98355c4eac68b98","imageurl":"/mcm/images/land/2A/14712_505667fba566.jpg","landname":"133"},{"id":281475017539718,"level":3,"status":0,"posx":24,"posy":29,"cityid":623,"townid":1347,"tokenid":"8d3683c882d0a4b73f4b2675594e2e0b","tokenurl":"/mcm/api/land?token=8d3683c882d0a4b73f4b2675594e2e0b","imageurl":"/mcm/images/land/2B/24518_4dc4f61d7e2d.jpg","landname":"134"},{"id":281475017539719,"level":3,"status":1,"posx":32,"posy":29,"cityid":623,"townid":1347,"tokenid":"7484d0a6bed74120cbff54b6ad1f6771","tokenurl":"/mcm/api/land?token=7484d0a6bed74120cbff54b6ad1f6771","imageurl":"/mcm/images/land/2B/24519_340c3c5a53db.jpg","landname":"135"},{"id":281475017539720,"level":2,"status":1,"posx":33,"posy":29,"cityid":623,"townid":1347,"tokenid":"cd8699c0a12a6118bd9ed82e9ae46b0b","tokenurl":"/mcm/api/land?token=cd8699c0a12a6118bd9ed82e9ae46b0b","imageurl":"/mcm/images/land/2A/14713_2b8b536662a6.jpg","landname":"136"},{"id":281475017539721,"level":3,"status":0,"posx":6,"posy":30,"cityid":623,"townid":1347,"tokenid":"c327882f398c0c58395c978a46ee76bc","tokenurl":"/mcm/api/land?token=c327882f398c0c58395c978a46ee76bc","imageurl":"/mcm/images/land/2B/24520_374e9e7c7bba.jpg","landname":"137"},{"id":281475017539722,"level":1,"status":0,"posx":7,"posy":30,"cityid":623,"townid":1347,"tokenid":"71e264c7c4753ce81c00a9951604899b","tokenurl":"/mcm/api/land?token=71e264c7c4753ce81c00a9951604899b","imageurl":"/mcm/images/land/2S/9808_563591369a10.jpg","landname":"138"},{"id":281475017539723,"level":1,"status":0,"posx":9,"posy":30,"cityid":623,"townid":1347,"tokenid":"4389968e508e9ade957724f02d84478e","tokenurl":"/mcm/api/land?token=4389968e508e9ade957724f02d84478e","imageurl":"/mcm/images/land/2S/9809_15dfac49c8a7.jpg","landname":"139"},{"id":281475017539724,"level":3,"status":0,"posx":10,"posy":30,"cityid":623,"townid":1347,"tokenid":"d6e3e91ab1ae144c78b971df1c4b8827","tokenurl":"/mcm/api/land?token=d6e3e91ab1ae144c78b971df1c4b8827","imageurl":"/mcm/images/land/2B/24521_3618496b63a9.jpg","landname":"140"},{"id":281475017539725,"level":3,"status":1,"posx":23,"posy":30,"cityid":623,"townid":1347,"tokenid":"bb668809c2797126658529a9543712f0","tokenurl":"/mcm/api/land?token=bb668809c2797126658529a9543712f0","imageurl":"/mcm/images/land/2B/24522_233f5545936.jpg","landname":"141"},{"id":281475017539726,"level":3,"status":0,"posx":24,"posy":30,"cityid":623,"townid":1347,"tokenid":"f4d0d47dd372d49c686dadbac307fa99","tokenurl":"/mcm/api/land?token=f4d0d47dd372d49c686dadbac307fa99","imageurl":"/mcm/images/land/2B/24523_28a33ef2378b.jpg","landname":"142"},{"id":281475017539727,"level":3,"status":1,"posx":32,"posy":30,"cityid":623,"townid":1347,"tokenid":"837cec5fccf64dd6fecfeed3b6c629e4","tokenurl":"/mcm/api/land?token=837cec5fccf64dd6fecfeed3b6c629e4","imageurl":"/mcm/images/land/2B/24524_553ac4e89525.jpg","landname":"143"},{"id":281475017539728,"level":3,"status":0,"posx":33,"posy":30,"cityid":623,"townid":1347,"tokenid":"92f93ff945714a451f201efa0178be9f","tokenurl":"/mcm/api/land?token=92f93ff945714a451f201efa0178be9f","imageurl":"/mcm/images/land/2B/24525_275652305bf3.jpg","landname":"144"},{"id":281475017539729,"level":1,"status":0,"posx":23,"posy":31,"cityid":623,"townid":1347,"tokenid":"e8b3d15e7ef8f4b3d9f007c4aea3f843","tokenurl":"/mcm/api/land?token=e8b3d15e7ef8f4b3d9f007c4aea3f843","imageurl":"/mcm/images/land/2S/9810_681a0691442.jpg","landname":"145"},{"id":281475017539730,"level":3,"status":1,"posx":24,"posy":31,"cityid":623,"townid":1347,"tokenid":"5f8f86afe13bd568101b472ca1121540","tokenurl":"/mcm/api/land?token=5f8f86afe13bd568101b472ca1121540","imageurl":"/mcm/images/land/2B/24526_8b218e9a80.jpg","landname":"146"},{"id":281475017539731,"level":2,"status":1,"posx":32,"posy":31,"cityid":623,"townid":1347,"tokenid":"1dfc114f833f6b9733d548f8386ba380","tokenurl":"/mcm/api/land?token=1dfc114f833f6b9733d548f8386ba380","imageurl":"/mcm/images/land/2A/14714_d869ff1b86.jpg","landname":"147"},{"id":281475017539732,"level":2,"status":0,"posx":33,"posy":31,"cityid":623,"townid":1347,"tokenid":"2043f454ed49fe3469a65ce2e906bc14","tokenurl":"/mcm/api/land?token=2043f454ed49fe3469a65ce2e906bc14","imageurl":"/mcm/images/land/2A/14715_4300cc78df28.jpg","landname":"148"},{"id":281475017539733,"level":1,"status":0,"posx":32,"posy":32,"cityid":623,"townid":1347,"tokenid":"bc2ebe281f8060ab1413d6263972a84f","tokenurl":"/mcm/api/land?token=bc2ebe281f8060ab1413d6263972a84f","imageurl":"/mcm/images/land/2S/9811_1617f479656e.jpg","landname":"149"},{"id":281475017539734,"level":2,"status":1,"posx":33,"posy":32,"cityid":623,"townid":1347,"tokenid":"33136edfca5bc7878227d8495c340a1a","tokenurl":"/mcm/api/land?token=33136edfca5bc7878227d8495c340a1a","imageurl":"/mcm/images/land/2A/14716_4a8714c3d47a.jpg","landname":"150"}]]],0,0,[],[],[]]
