[1,0,0,[["cc.JsonAsset",["_name","json"],1]],[[0,0,1,3]],[[0,"801",[{"id":281475000500225,"level":2,"status":1,"posx":7,"posy":5,"cityid":363,"townid":801,"tokenid":"ae5daa768063c78988f42ea18b80ec68","tokenurl":"/mcm/api/land?token=ae5daa768063c78988f42ea18b80ec68","imageurl":"/mcm/images/land/2A/10802_4125559e747e.jpg","landname":"1"},{"id":281475000500226,"level":1,"status":1,"posx":8,"posy":5,"cityid":363,"townid":801,"tokenid":"2bdcc117cfb9597fd212916c17b7ff46","tokenurl":"/mcm/api/land?token=2bdcc117cfb9597fd212916c17b7ff46","imageurl":"/mcm/images/land/2S/7202_5136750a9f28.jpg","landname":"2"},{"id":281475000500227,"level":2,"status":1,"posx":16,"posy":5,"cityid":363,"townid":801,"tokenid":"9fd9c08da675efed545bba3960fdd1f3","tokenurl":"/mcm/api/land?token=9fd9c08da675efed545bba3960fdd1f3","imageurl":"/mcm/images/land/2A/10803_481941b3b238.jpg","landname":"3"},{"id":281475000500228,"level":1,"status":1,"posx":17,"posy":5,"cityid":363,"townid":801,"tokenid":"8eefa48c7d49527b1d44d376efeadde1","tokenurl":"/mcm/api/land?token=8eefa48c7d49527b1d44d376efeadde1","imageurl":"/mcm/images/land/2S/7203_2cac057115b7.jpg","landname":"4"},{"id":281475000500229,"level":2,"status":0,"posx":20,"posy":5,"cityid":363,"townid":801,"tokenid":"ac59d2d1b90f3e33283e23c6cc69eb05","tokenurl":"/mcm/api/land?token=ac59d2d1b90f3e33283e23c6cc69eb05","imageurl":"/mcm/images/land/2A/10804_540adc716fa3.jpg","landname":"5"},{"id":281475000500230,"level":1,"status":0,"posx":21,"posy":5,"cityid":363,"townid":801,"tokenid":"3e84648a3d1090940147e2935c087b89","tokenurl":"/mcm/api/land?token=3e84648a3d1090940147e2935c087b89","imageurl":"/mcm/images/land/2S/7204_14c18c9fe5f3.jpg","landname":"6"},{"id":281475000500231,"level":3,"status":0,"posx":7,"posy":6,"cityid":363,"townid":801,"tokenid":"cb24df037b1e190e68f52f9598fb3a02","tokenurl":"/mcm/api/land?token=cb24df037b1e190e68f52f9598fb3a02","imageurl":"/mcm/images/land/2B/18002_4398ded54a10.jpg","landname":"7"},{"id":281475000500232,"level":1,"status":0,"posx":8,"posy":6,"cityid":363,"townid":801,"tokenid":"43f4186f1fe07f1138f38ff1b9ed57e1","tokenurl":"/mcm/api/land?token=43f4186f1fe07f1138f38ff1b9ed57e1","imageurl":"/mcm/images/land/2S/7205_584a08900235.jpg","landname":"8"},{"id":281475000500233,"level":3,"status":1,"posx":16,"posy":6,"cityid":363,"townid":801,"tokenid":"9874a7b67d9881bd4cf39619419c7671","tokenurl":"/mcm/api/land?token=9874a7b67d9881bd4cf39619419c7671","imageurl":"/mcm/images/land/2B/18003_5711efeb565f.jpg","landname":"9"},{"id":281475000500234,"level":3,"status":1,"posx":17,"posy":6,"cityid":363,"townid":801,"tokenid":"8f7b5c7e9138e2f2f70c2809c7d8515e","tokenurl":"/mcm/api/land?token=8f7b5c7e9138e2f2f70c2809c7d8515e","imageurl":"/mcm/images/land/2B/18004_3cf74a6bbac4.jpg","landname":"10"},{"id":281475000500235,"level":3,"status":0,"posx":20,"posy":6,"cityid":363,"townid":801,"tokenid":"34a24adc117154191dbbc26aadb3450a","tokenurl":"/mcm/api/land?token=34a24adc117154191dbbc26aadb3450a","imageurl":"/mcm/images/land/2B/18005_575e0fc10a2d.jpg","landname":"11"},{"id":281475000500236,"level":3,"status":1,"posx":21,"posy":6,"cityid":363,"townid":801,"tokenid":"7fac1e9ad20821aee3498b1249ed29aa","tokenurl":"/mcm/api/land?token=7fac1e9ad20821aee3498b1249ed29aa","imageurl":"/mcm/images/land/2B/18006_29e262a2b08f.jpg","landname":"12"},{"id":281475000500237,"level":3,"status":1,"posx":7,"posy":7,"cityid":363,"townid":801,"tokenid":"3ff199be0c901fca90172e62fad03ff1","tokenurl":"/mcm/api/land?token=3ff199be0c901fca90172e62fad03ff1","imageurl":"/mcm/images/land/2B/18007_f4e0fe7076c.jpg","landname":"13"},{"id":281475000500238,"level":3,"status":0,"posx":8,"posy":7,"cityid":363,"townid":801,"tokenid":"a82b8e6a787d1edd9314ee03a81d3a63","tokenurl":"/mcm/api/land?token=a82b8e6a787d1edd9314ee03a81d3a63","imageurl":"/mcm/images/land/2B/18008_2ec51881b654.jpg","landname":"14"},{"id":281475000500239,"level":1,"status":1,"posx":16,"posy":7,"cityid":363,"townid":801,"tokenid":"4d6572e3ab36a62f0b1226f7a2db7dd8","tokenurl":"/mcm/api/land?token=4d6572e3ab36a62f0b1226f7a2db7dd8","imageurl":"/mcm/images/land/2S/7206_47484c086c1c.jpg","landname":"15"},{"id":281475000500240,"level":2,"status":0,"posx":17,"posy":7,"cityid":363,"townid":801,"tokenid":"7cb53f34a0efb873ac5b988c54c5641c","tokenurl":"/mcm/api/land?token=7cb53f34a0efb873ac5b988c54c5641c","imageurl":"/mcm/images/land/2A/10805_7f8051c3ac1.jpg","landname":"16"},{"id":281475000500241,"level":2,"status":1,"posx":20,"posy":7,"cityid":363,"townid":801,"tokenid":"2f81a4317758023d98a0b64d98a6f35e","tokenurl":"/mcm/api/land?token=2f81a4317758023d98a0b64d98a6f35e","imageurl":"/mcm/images/land/2A/10806_398534f95605.jpg","landname":"17"},{"id":281475000500242,"level":3,"status":1,"posx":21,"posy":7,"cityid":363,"townid":801,"tokenid":"aada2a2d8e32b621be6040e7d023df85","tokenurl":"/mcm/api/land?token=aada2a2d8e32b621be6040e7d023df85","imageurl":"/mcm/images/land/2B/18009_40772493669b.jpg","landname":"18"},{"id":281475000500243,"level":1,"status":0,"posx":7,"posy":8,"cityid":363,"townid":801,"tokenid":"5d9bed2665823607bbd8d2f336a54879","tokenurl":"/mcm/api/land?token=5d9bed2665823607bbd8d2f336a54879","imageurl":"/mcm/images/land/2S/7207_58baeb2f4507.jpg","landname":"19"},{"id":281475000500244,"level":3,"status":1,"posx":8,"posy":8,"cityid":363,"townid":801,"tokenid":"7cf8787e6688ac9c683517c637fdb3af","tokenurl":"/mcm/api/land?token=7cf8787e6688ac9c683517c637fdb3af","imageurl":"/mcm/images/land/2B/18010_50938035fd25.jpg","landname":"20"},{"id":281475000500245,"level":2,"status":0,"posx":16,"posy":8,"cityid":363,"townid":801,"tokenid":"814a63c7d727aadb332ccf97f29e535f","tokenurl":"/mcm/api/land?token=814a63c7d727aadb332ccf97f29e535f","imageurl":"/mcm/images/land/2A/10807_ce03ee5c37f.jpg","landname":"21"},{"id":281475000500246,"level":3,"status":0,"posx":17,"posy":8,"cityid":363,"townid":801,"tokenid":"92491b13e118ef8b257f68b6aff21771","tokenurl":"/mcm/api/land?token=92491b13e118ef8b257f68b6aff21771","imageurl":"/mcm/images/land/2B/18011_59218889939d.jpg","landname":"22"},{"id":281475000500247,"level":2,"status":0,"posx":20,"posy":8,"cityid":363,"townid":801,"tokenid":"415e18d6298e3bcc66b4427327b398e4","tokenurl":"/mcm/api/land?token=415e18d6298e3bcc66b4427327b398e4","imageurl":"/mcm/images/land/2A/10808_48739565caa9.jpg","landname":"23"},{"id":281475000500248,"level":2,"status":1,"posx":21,"posy":8,"cityid":363,"townid":801,"tokenid":"6700be2cbc5398182b4d1126514d0164","tokenurl":"/mcm/api/land?token=6700be2cbc5398182b4d1126514d0164","imageurl":"/mcm/images/land/2A/10809_328dc6dd1b39.jpg","landname":"24"},{"id":281475000500249,"level":3,"status":1,"posx":28,"posy":8,"cityid":363,"townid":801,"tokenid":"a25632a0b2fc11e5d60fbdb830bda4e1","tokenurl":"/mcm/api/land?token=a25632a0b2fc11e5d60fbdb830bda4e1","imageurl":"/mcm/images/land/2B/18012_50ff12f6fb2a.jpg","landname":"25"},{"id":281475000500250,"level":3,"status":1,"posx":29,"posy":8,"cityid":363,"townid":801,"tokenid":"b5cad700217cfcc963ae7ff9a58f46fa","tokenurl":"/mcm/api/land?token=b5cad700217cfcc963ae7ff9a58f46fa","imageurl":"/mcm/images/land/2B/18013_4bebaf0ef722.jpg","landname":"26"},{"id":281475000500251,"level":3,"status":1,"posx":32,"posy":8,"cityid":363,"townid":801,"tokenid":"204c35a00d1b6cfee8d16a5657988cd9","tokenurl":"/mcm/api/land?token=204c35a00d1b6cfee8d16a5657988cd9","imageurl":"/mcm/images/land/2B/18014_28306440c523.jpg","landname":"27"},{"id":281475000500252,"level":3,"status":0,"posx":33,"posy":8,"cityid":363,"townid":801,"tokenid":"1abbfc5ee948da2abdffb976078ef109","tokenurl":"/mcm/api/land?token=1abbfc5ee948da2abdffb976078ef109","imageurl":"/mcm/images/land/2B/18015_53ccfd858389.jpg","landname":"28"},{"id":281475000500253,"level":3,"status":0,"posx":7,"posy":9,"cityid":363,"townid":801,"tokenid":"d3c977b89e6f608b015b5688d6b8d0df","tokenurl":"/mcm/api/land?token=d3c977b89e6f608b015b5688d6b8d0df","imageurl":"/mcm/images/land/2B/18016_4a51934c6287.jpg","landname":"29"},{"id":281475000500254,"level":2,"status":0,"posx":8,"posy":9,"cityid":363,"townid":801,"tokenid":"a06d9c72566dd1c2ef3b4ca09d4bd37b","tokenurl":"/mcm/api/land?token=a06d9c72566dd1c2ef3b4ca09d4bd37b","imageurl":"/mcm/images/land/2A/10810_1779a6846f67.jpg","landname":"30"},{"id":281475000500255,"level":2,"status":0,"posx":16,"posy":9,"cityid":363,"townid":801,"tokenid":"24565ead2bbe8a874edd5f3c419bbbc3","tokenurl":"/mcm/api/land?token=24565ead2bbe8a874edd5f3c419bbbc3","imageurl":"/mcm/images/land/2A/10811_4145b4ff0632.jpg","landname":"31"},{"id":281475000500256,"level":3,"status":1,"posx":17,"posy":9,"cityid":363,"townid":801,"tokenid":"a39f61d137b02f2acd66b1f0e6e2239d","tokenurl":"/mcm/api/land?token=a39f61d137b02f2acd66b1f0e6e2239d","imageurl":"/mcm/images/land/2B/18017_2b0f65535dab.jpg","landname":"32"},{"id":281475000500257,"level":1,"status":0,"posx":20,"posy":9,"cityid":363,"townid":801,"tokenid":"8f2a01dc2529c0b4d578e91847b9fab3","tokenurl":"/mcm/api/land?token=8f2a01dc2529c0b4d578e91847b9fab3","imageurl":"/mcm/images/land/2S/7208_1c3beb49a0f5.jpg","landname":"33"},{"id":281475000500258,"level":1,"status":0,"posx":21,"posy":9,"cityid":363,"townid":801,"tokenid":"be16be57ca1f1a7b6da8005715c3d41d","tokenurl":"/mcm/api/land?token=be16be57ca1f1a7b6da8005715c3d41d","imageurl":"/mcm/images/land/2S/7209_13dd0d141a77.jpg","landname":"34"},{"id":281475000500259,"level":2,"status":1,"posx":28,"posy":9,"cityid":363,"townid":801,"tokenid":"a9bf201acc2f8dbc59c3cf053d28f75e","tokenurl":"/mcm/api/land?token=a9bf201acc2f8dbc59c3cf053d28f75e","imageurl":"/mcm/images/land/2A/10812_15062ee76ae5.jpg","landname":"35"},{"id":281475000500260,"level":3,"status":0,"posx":29,"posy":9,"cityid":363,"townid":801,"tokenid":"9da9012f2ccd0f645d7d9c3271dc86b3","tokenurl":"/mcm/api/land?token=9da9012f2ccd0f645d7d9c3271dc86b3","imageurl":"/mcm/images/land/2B/18018_398ed3643368.jpg","landname":"36"},{"id":281475000500261,"level":1,"status":0,"posx":32,"posy":9,"cityid":363,"townid":801,"tokenid":"126dcee6338b547770fd5c0e15d598df","tokenurl":"/mcm/api/land?token=126dcee6338b547770fd5c0e15d598df","imageurl":"/mcm/images/land/2S/7210_1d0ef45f6af1.jpg","landname":"37"},{"id":281475000500262,"level":1,"status":1,"posx":33,"posy":9,"cityid":363,"townid":801,"tokenid":"d067e89b8f5aec5aae4316cbf6b9bc92","tokenurl":"/mcm/api/land?token=d067e89b8f5aec5aae4316cbf6b9bc92","imageurl":"/mcm/images/land/2S/7211_1ee76e859726.jpg","landname":"38"},{"id":281475000500263,"level":2,"status":1,"posx":28,"posy":10,"cityid":363,"townid":801,"tokenid":"ae12196abf66e51af8df29fec6cb1d5e","tokenurl":"/mcm/api/land?token=ae12196abf66e51af8df29fec6cb1d5e","imageurl":"/mcm/images/land/2A/10813_83f0548f822.jpg","landname":"39"},{"id":281475000500264,"level":2,"status":0,"posx":29,"posy":10,"cityid":363,"townid":801,"tokenid":"4fae505c26447e9f266ea5b88fdd9707","tokenurl":"/mcm/api/land?token=4fae505c26447e9f266ea5b88fdd9707","imageurl":"/mcm/images/land/2A/10814_368ae12e17d0.jpg","landname":"40"},{"id":281475000500265,"level":2,"status":1,"posx":32,"posy":10,"cityid":363,"townid":801,"tokenid":"a69edfe5879f49ae3caced173b417148","tokenurl":"/mcm/api/land?token=a69edfe5879f49ae3caced173b417148","imageurl":"/mcm/images/land/2A/10815_559b31b11c35.jpg","landname":"41"},{"id":281475000500266,"level":2,"status":0,"posx":33,"posy":10,"cityid":363,"townid":801,"tokenid":"e1c315c3a3a54f1cb6f6dc33f0670e3a","tokenurl":"/mcm/api/land?token=e1c315c3a3a54f1cb6f6dc33f0670e3a","imageurl":"/mcm/images/land/2A/10816_4bf8e740a2e1.jpg","landname":"42"},{"id":281475000500267,"level":3,"status":1,"posx":28,"posy":11,"cityid":363,"townid":801,"tokenid":"45024857148cca51786906322f7a2dc6","tokenurl":"/mcm/api/land?token=45024857148cca51786906322f7a2dc6","imageurl":"/mcm/images/land/2B/18019_6cebf1af7be.jpg","landname":"43"},{"id":281475000500268,"level":2,"status":1,"posx":29,"posy":11,"cityid":363,"townid":801,"tokenid":"30cf7f2677169349343c9ea91f709f07","tokenurl":"/mcm/api/land?token=30cf7f2677169349343c9ea91f709f07","imageurl":"/mcm/images/land/2A/10817_1e24339556c1.jpg","landname":"44"},{"id":281475000500269,"level":1,"status":0,"posx":32,"posy":11,"cityid":363,"townid":801,"tokenid":"56e8d4c3ce168ec3d3423b03f1036a34","tokenurl":"/mcm/api/land?token=56e8d4c3ce168ec3d3423b03f1036a34","imageurl":"/mcm/images/land/2S/7212_5849d0afd80a.jpg","landname":"45"},{"id":281475000500270,"level":3,"status":1,"posx":33,"posy":11,"cityid":363,"townid":801,"tokenid":"0f7fe1ad8cfbe97d90aca6b7b0a18901","tokenurl":"/mcm/api/land?token=0f7fe1ad8cfbe97d90aca6b7b0a18901","imageurl":"/mcm/images/land/2B/18020_2110fa944adb.jpg","landname":"46"},{"id":281475000500271,"level":3,"status":1,"posx":28,"posy":12,"cityid":363,"townid":801,"tokenid":"820966cbe605881de1136115895136d6","tokenurl":"/mcm/api/land?token=820966cbe605881de1136115895136d6","imageurl":"/mcm/images/land/2B/18021_48cdc9750e4e.jpg","landname":"47"},{"id":281475000500272,"level":2,"status":0,"posx":29,"posy":12,"cityid":363,"townid":801,"tokenid":"5bf78b91245ef86a764f78f207565350","tokenurl":"/mcm/api/land?token=5bf78b91245ef86a764f78f207565350","imageurl":"/mcm/images/land/2A/10818_ab24d07d442.jpg","landname":"48"},{"id":281475000500273,"level":3,"status":0,"posx":32,"posy":12,"cityid":363,"townid":801,"tokenid":"132fe2ffbec8fbdcf13f2bb93014207b","tokenurl":"/mcm/api/land?token=132fe2ffbec8fbdcf13f2bb93014207b","imageurl":"/mcm/images/land/2B/18022_284885870a22.jpg","landname":"49"},{"id":281475000500274,"level":2,"status":1,"posx":33,"posy":12,"cityid":363,"townid":801,"tokenid":"5a3804c9105bb3289703143a0bff632b","tokenurl":"/mcm/api/land?token=5a3804c9105bb3289703143a0bff632b","imageurl":"/mcm/images/land/2A/10819_52fd001d7acc.jpg","landname":"50"},{"id":281475000500275,"level":3,"status":0,"posx":23,"posy":14,"cityid":363,"townid":801,"tokenid":"9a400839059d5e3750f74722fc3feac4","tokenurl":"/mcm/api/land?token=9a400839059d5e3750f74722fc3feac4","imageurl":"/mcm/images/land/2B/18023_501351cc6ef2.jpg","landname":"51"},{"id":281475000500276,"level":3,"status":0,"posx":24,"posy":14,"cityid":363,"townid":801,"tokenid":"69fcfebe92d8eeb586d6092d62824327","tokenurl":"/mcm/api/land?token=69fcfebe92d8eeb586d6092d62824327","imageurl":"/mcm/images/land/2B/18024_53ad75f34419.jpg","landname":"52"},{"id":281475000500277,"level":2,"status":1,"posx":23,"posy":15,"cityid":363,"townid":801,"tokenid":"876b634e43614c42a66404cf6cd61647","tokenurl":"/mcm/api/land?token=876b634e43614c42a66404cf6cd61647","imageurl":"/mcm/images/land/2A/10820_3121c8abe426.jpg","landname":"53"},{"id":281475000500278,"level":1,"status":0,"posx":24,"posy":15,"cityid":363,"townid":801,"tokenid":"f56417794817a0a4409ef81fe1b99441","tokenurl":"/mcm/api/land?token=f56417794817a0a4409ef81fe1b99441","imageurl":"/mcm/images/land/2S/7213_30545f095b8e.jpg","landname":"54"},{"id":281475000500279,"level":2,"status":1,"posx":33,"posy":15,"cityid":363,"townid":801,"tokenid":"486654add6fa186f69e3916edf30f486","tokenurl":"/mcm/api/land?token=486654add6fa186f69e3916edf30f486","imageurl":"/mcm/images/land/2A/10821_4c312021e5.jpg","landname":"55"},{"id":281475000500280,"level":3,"status":1,"posx":34,"posy":15,"cityid":363,"townid":801,"tokenid":"cc8345cf3726d8d575662c651b533a4d","tokenurl":"/mcm/api/land?token=cc8345cf3726d8d575662c651b533a4d","imageurl":"/mcm/images/land/2B/18025_56442f98bee3.jpg","landname":"56"},{"id":281475000500281,"level":3,"status":1,"posx":11,"posy":16,"cityid":363,"townid":801,"tokenid":"8fd886bf1f0e5d688f1036106ddf3cf1","tokenurl":"/mcm/api/land?token=8fd886bf1f0e5d688f1036106ddf3cf1","imageurl":"/mcm/images/land/2B/18026_4b1a85c68eda.jpg","landname":"57"},{"id":281475000500282,"level":3,"status":0,"posx":12,"posy":16,"cityid":363,"townid":801,"tokenid":"b1fa5b0a7d1ebc5ba7143b6100654f7a","tokenurl":"/mcm/api/land?token=b1fa5b0a7d1ebc5ba7143b6100654f7a","imageurl":"/mcm/images/land/2B/18027_472439ff6c95.jpg","landname":"58"},{"id":281475000500283,"level":3,"status":0,"posx":23,"posy":16,"cityid":363,"townid":801,"tokenid":"ab65f3083b035e43807e79656b21e949","tokenurl":"/mcm/api/land?token=ab65f3083b035e43807e79656b21e949","imageurl":"/mcm/images/land/2B/18028_36d0e2e2b8a9.jpg","landname":"59"},{"id":281475000500284,"level":2,"status":1,"posx":24,"posy":16,"cityid":363,"townid":801,"tokenid":"0e2a0ef6236f067ac206e73c2096b4e3","tokenurl":"/mcm/api/land?token=0e2a0ef6236f067ac206e73c2096b4e3","imageurl":"/mcm/images/land/2A/10822_44b66e0e33a9.jpg","landname":"60"},{"id":281475000500285,"level":3,"status":0,"posx":33,"posy":16,"cityid":363,"townid":801,"tokenid":"39df6bb021bbb8b3c86f7406ee115d91","tokenurl":"/mcm/api/land?token=39df6bb021bbb8b3c86f7406ee115d91","imageurl":"/mcm/images/land/2B/18029_1115ae199a6f.jpg","landname":"61"},{"id":281475000500286,"level":3,"status":1,"posx":34,"posy":16,"cityid":363,"townid":801,"tokenid":"e1d3dd5197d1a3d684f436f8a1095ad3","tokenurl":"/mcm/api/land?token=e1d3dd5197d1a3d684f436f8a1095ad3","imageurl":"/mcm/images/land/2B/18030_18c027dc1180.jpg","landname":"62"},{"id":281475000500287,"level":2,"status":0,"posx":11,"posy":17,"cityid":363,"townid":801,"tokenid":"556d950a1790e4f20a7e0e792fa0e46d","tokenurl":"/mcm/api/land?token=556d950a1790e4f20a7e0e792fa0e46d","imageurl":"/mcm/images/land/2A/10823_116262b68080.jpg","landname":"63"},{"id":281475000500288,"level":1,"status":1,"posx":12,"posy":17,"cityid":363,"townid":801,"tokenid":"a4dde79511639ae1da25783e115372e4","tokenurl":"/mcm/api/land?token=a4dde79511639ae1da25783e115372e4","imageurl":"/mcm/images/land/2S/7214_a1558ed153b.jpg","landname":"64"},{"id":281475000500289,"level":3,"status":1,"posx":23,"posy":17,"cityid":363,"townid":801,"tokenid":"064fa423b33d1c0bf227f3954e016d71","tokenurl":"/mcm/api/land?token=064fa423b33d1c0bf227f3954e016d71","imageurl":"/mcm/images/land/2B/18031_4e720b7c9af1.jpg","landname":"65"},{"id":281475000500290,"level":3,"status":0,"posx":24,"posy":17,"cityid":363,"townid":801,"tokenid":"fd90203388bf2b71047b3463cade5be8","tokenurl":"/mcm/api/land?token=fd90203388bf2b71047b3463cade5be8","imageurl":"/mcm/images/land/2B/18032_1ec63016297d.jpg","landname":"66"},{"id":281475000500291,"level":3,"status":1,"posx":33,"posy":17,"cityid":363,"townid":801,"tokenid":"cca6b5f79245ec55be6e713217819a36","tokenurl":"/mcm/api/land?token=cca6b5f79245ec55be6e713217819a36","imageurl":"/mcm/images/land/2B/18033_a601ee24d90.jpg","landname":"67"},{"id":281475000500292,"level":3,"status":1,"posx":34,"posy":17,"cityid":363,"townid":801,"tokenid":"9dc718bcc77bb58ab7522dc2b1f58569","tokenurl":"/mcm/api/land?token=9dc718bcc77bb58ab7522dc2b1f58569","imageurl":"/mcm/images/land/2B/18034_51f10adcfc4a.jpg","landname":"68"},{"id":281475000500293,"level":3,"status":1,"posx":7,"posy":18,"cityid":363,"townid":801,"tokenid":"de0e76ae3696d1a466cee48dec23b0ad","tokenurl":"/mcm/api/land?token=de0e76ae3696d1a466cee48dec23b0ad","imageurl":"/mcm/images/land/2B/18035_39e306ff6be9.jpg","landname":"69"},{"id":281475000500294,"level":2,"status":0,"posx":8,"posy":18,"cityid":363,"townid":801,"tokenid":"ce6aedfd0345a3606505cbc904719577","tokenurl":"/mcm/api/land?token=ce6aedfd0345a3606505cbc904719577","imageurl":"/mcm/images/land/2A/10824_2839324ed481.jpg","landname":"70"},{"id":281475000500295,"level":2,"status":0,"posx":11,"posy":18,"cityid":363,"townid":801,"tokenid":"96fea611b1cb1576329d2441930f7e3c","tokenurl":"/mcm/api/land?token=96fea611b1cb1576329d2441930f7e3c","imageurl":"/mcm/images/land/2A/10825_22640babaa16.jpg","landname":"71"},{"id":281475000500296,"level":2,"status":1,"posx":12,"posy":18,"cityid":363,"townid":801,"tokenid":"bc252e16f7d526bd863c921ecb3e23bf","tokenurl":"/mcm/api/land?token=bc252e16f7d526bd863c921ecb3e23bf","imageurl":"/mcm/images/land/2A/10826_18d5077d6077.jpg","landname":"72"},{"id":281475000500297,"level":2,"status":1,"posx":23,"posy":18,"cityid":363,"townid":801,"tokenid":"58d796068da1f8133133fed93dd52c82","tokenurl":"/mcm/api/land?token=58d796068da1f8133133fed93dd52c82","imageurl":"/mcm/images/land/2A/10827_580548ebe1aa.jpg","landname":"73"},{"id":281475000500298,"level":3,"status":0,"posx":24,"posy":18,"cityid":363,"townid":801,"tokenid":"cd847981a6600f08ef9be943c90355ce","tokenurl":"/mcm/api/land?token=cd847981a6600f08ef9be943c90355ce","imageurl":"/mcm/images/land/2B/18036_507f4c8f1e42.jpg","landname":"74"},{"id":281475000500299,"level":1,"status":0,"posx":33,"posy":18,"cityid":363,"townid":801,"tokenid":"a2c3a076930c806e5882ff32c8f733c4","tokenurl":"/mcm/api/land?token=a2c3a076930c806e5882ff32c8f733c4","imageurl":"/mcm/images/land/2S/7215_462313e70d22.jpg","landname":"75"},{"id":281475000500300,"level":3,"status":0,"posx":34,"posy":18,"cityid":363,"townid":801,"tokenid":"52cc282f57446bb38dd30787b85737a4","tokenurl":"/mcm/api/land?token=52cc282f57446bb38dd30787b85737a4","imageurl":"/mcm/images/land/2B/18037_12a43bc6e9e0.jpg","landname":"76"},{"id":281475000500301,"level":3,"status":0,"posx":7,"posy":19,"cityid":363,"townid":801,"tokenid":"16d2d16713a32be3060a5b384ed26802","tokenurl":"/mcm/api/land?token=16d2d16713a32be3060a5b384ed26802","imageurl":"/mcm/images/land/2B/18038_585a11bbcd04.jpg","landname":"77"},{"id":281475000500302,"level":2,"status":0,"posx":8,"posy":19,"cityid":363,"townid":801,"tokenid":"01ef3599f96bdfa2351803d7addf65c1","tokenurl":"/mcm/api/land?token=01ef3599f96bdfa2351803d7addf65c1","imageurl":"/mcm/images/land/2A/10828_36bf324f083d.jpg","landname":"78"},{"id":281475000500303,"level":3,"status":0,"posx":11,"posy":19,"cityid":363,"townid":801,"tokenid":"59cceddb79308110ee0c1c69b59f49fa","tokenurl":"/mcm/api/land?token=59cceddb79308110ee0c1c69b59f49fa","imageurl":"/mcm/images/land/2B/18039_236dd0069f9e.jpg","landname":"79"},{"id":281475000500304,"level":1,"status":0,"posx":12,"posy":19,"cityid":363,"townid":801,"tokenid":"5ab1cee5aa52321a1b3c1ba6af8801b7","tokenurl":"/mcm/api/land?token=5ab1cee5aa52321a1b3c1ba6af8801b7","imageurl":"/mcm/images/land/2S/7216_d1e28b35673.jpg","landname":"80"},{"id":281475000500305,"level":3,"status":0,"posx":33,"posy":19,"cityid":363,"townid":801,"tokenid":"0b71d949d4c224ddec9df6e630b57c07","tokenurl":"/mcm/api/land?token=0b71d949d4c224ddec9df6e630b57c07","imageurl":"/mcm/images/land/2B/18040_24a6e952ba38.jpg","landname":"81"},{"id":281475000500306,"level":3,"status":0,"posx":34,"posy":19,"cityid":363,"townid":801,"tokenid":"567f328d0e5e137683f170e1b4f04c9e","tokenurl":"/mcm/api/land?token=567f328d0e5e137683f170e1b4f04c9e","imageurl":"/mcm/images/land/2B/18041_254531f186cc.jpg","landname":"82"},{"id":281475000500307,"level":3,"status":0,"posx":7,"posy":20,"cityid":363,"townid":801,"tokenid":"eef74cc0cbeb1010f5dccc5d2531d061","tokenurl":"/mcm/api/land?token=eef74cc0cbeb1010f5dccc5d2531d061","imageurl":"/mcm/images/land/2B/18042_2931525b4959.jpg","landname":"83"},{"id":281475000500308,"level":1,"status":0,"posx":8,"posy":20,"cityid":363,"townid":801,"tokenid":"db91305884997e208c645645f1800de8","tokenurl":"/mcm/api/land?token=db91305884997e208c645645f1800de8","imageurl":"/mcm/images/land/2S/7217_532f4f8639de.jpg","landname":"84"},{"id":281475000500309,"level":3,"status":0,"posx":11,"posy":20,"cityid":363,"townid":801,"tokenid":"17fdcdc26f1bf900334a159690c0d958","tokenurl":"/mcm/api/land?token=17fdcdc26f1bf900334a159690c0d958","imageurl":"/mcm/images/land/2B/18043_560e78e4115b.jpg","landname":"85"},{"id":281475000500310,"level":2,"status":1,"posx":12,"posy":20,"cityid":363,"townid":801,"tokenid":"fbc04ce5d3fb39177eb5cedb0539dd37","tokenurl":"/mcm/api/land?token=fbc04ce5d3fb39177eb5cedb0539dd37","imageurl":"/mcm/images/land/2A/10829_22812048a61b.jpg","landname":"86"},{"id":281475000500311,"level":3,"status":0,"posx":7,"posy":21,"cityid":363,"townid":801,"tokenid":"4852a294e1341aa689e98edcffabfb96","tokenurl":"/mcm/api/land?token=4852a294e1341aa689e98edcffabfb96","imageurl":"/mcm/images/land/2B/18044_1fe03737ce55.jpg","landname":"87"},{"id":281475000500312,"level":2,"status":0,"posx":8,"posy":21,"cityid":363,"townid":801,"tokenid":"09a4920491237e120f427c03d0947674","tokenurl":"/mcm/api/land?token=09a4920491237e120f427c03d0947674","imageurl":"/mcm/images/land/2A/10830_c18b3ba6b4a.jpg","landname":"88"},{"id":281475000500313,"level":3,"status":1,"posx":26,"posy":21,"cityid":363,"townid":801,"tokenid":"9b20693678d08e60b645b5551a1e2c31","tokenurl":"/mcm/api/land?token=9b20693678d08e60b645b5551a1e2c31","imageurl":"/mcm/images/land/2B/18045_1d4449d419b1.jpg","landname":"89"},{"id":281475000500314,"level":2,"status":0,"posx":27,"posy":21,"cityid":363,"townid":801,"tokenid":"98100da00b6a643754be03a178ed3c05","tokenurl":"/mcm/api/land?token=98100da00b6a643754be03a178ed3c05","imageurl":"/mcm/images/land/2A/10831_2d165e2d8adf.jpg","landname":"90"},{"id":281475000500315,"level":3,"status":1,"posx":7,"posy":22,"cityid":363,"townid":801,"tokenid":"b8acad8eb325ef2a8b599e5a3aba4fbd","tokenurl":"/mcm/api/land?token=b8acad8eb325ef2a8b599e5a3aba4fbd","imageurl":"/mcm/images/land/2B/18046_348e234e531.jpg","landname":"91"},{"id":281475000500316,"level":3,"status":1,"posx":8,"posy":22,"cityid":363,"townid":801,"tokenid":"7afd9ec39ca62bae4b7c8fbe00a927ae","tokenurl":"/mcm/api/land?token=7afd9ec39ca62bae4b7c8fbe00a927ae","imageurl":"/mcm/images/land/2B/18047_1e131e144999.jpg","landname":"92"},{"id":281475000500317,"level":3,"status":1,"posx":23,"posy":22,"cityid":363,"townid":801,"tokenid":"e10d56ad005d386d038b6b389e0edbb8","tokenurl":"/mcm/api/land?token=e10d56ad005d386d038b6b389e0edbb8","imageurl":"/mcm/images/land/2B/18048_36912df7be22.jpg","landname":"93"},{"id":281475000500318,"level":2,"status":0,"posx":24,"posy":22,"cityid":363,"townid":801,"tokenid":"1beca788ed94a2bf6ee943dcff1496c3","tokenurl":"/mcm/api/land?token=1beca788ed94a2bf6ee943dcff1496c3","imageurl":"/mcm/images/land/2A/10832_231aca6f3cc6.jpg","landname":"94"},{"id":281475000500319,"level":1,"status":1,"posx":26,"posy":22,"cityid":363,"townid":801,"tokenid":"04334aef796c83f985343e8d06194396","tokenurl":"/mcm/api/land?token=04334aef796c83f985343e8d06194396","imageurl":"/mcm/images/land/2S/7218_271083453e53.jpg","landname":"95"},{"id":281475000500320,"level":3,"status":0,"posx":27,"posy":22,"cityid":363,"townid":801,"tokenid":"755db139d7d3fa58f87c45a951a4ec4e","tokenurl":"/mcm/api/land?token=755db139d7d3fa58f87c45a951a4ec4e","imageurl":"/mcm/images/land/2B/18049_3f9040fb81fe.jpg","landname":"96"},{"id":281475000500321,"level":3,"status":0,"posx":33,"posy":22,"cityid":363,"townid":801,"tokenid":"73e42130274e411b2268e3524181741b","tokenurl":"/mcm/api/land?token=73e42130274e411b2268e3524181741b","imageurl":"/mcm/images/land/2B/18050_2ef1625062a4.jpg","landname":"97"},{"id":281475000500322,"level":2,"status":1,"posx":34,"posy":22,"cityid":363,"townid":801,"tokenid":"528302ca42b21ba2b64d55ff9a58cfda","tokenurl":"/mcm/api/land?token=528302ca42b21ba2b64d55ff9a58cfda","imageurl":"/mcm/images/land/2A/10833_3bedc4604ba0.jpg","landname":"98"},{"id":281475000500323,"level":1,"status":1,"posx":23,"posy":23,"cityid":363,"townid":801,"tokenid":"a7fbf5d2f83ffc523d238d48d65a737d","tokenurl":"/mcm/api/land?token=a7fbf5d2f83ffc523d238d48d65a737d","imageurl":"/mcm/images/land/2S/7219_34633104da32.jpg","landname":"99"},{"id":281475000500324,"level":2,"status":1,"posx":24,"posy":23,"cityid":363,"townid":801,"tokenid":"f7f0efd18997e8bc268e48dde431bcd6","tokenurl":"/mcm/api/land?token=f7f0efd18997e8bc268e48dde431bcd6","imageurl":"/mcm/images/land/2A/10834_56a582d98847.jpg","landname":"100"},{"id":281475000500325,"level":2,"status":0,"posx":26,"posy":23,"cityid":363,"townid":801,"tokenid":"c3097d4af75cafe3ca176ad38be9773e","tokenurl":"/mcm/api/land?token=c3097d4af75cafe3ca176ad38be9773e","imageurl":"/mcm/images/land/2A/10835_2a1f7ac63d3.jpg","landname":"101"},{"id":281475000500326,"level":2,"status":1,"posx":27,"posy":23,"cityid":363,"townid":801,"tokenid":"4a579a50cefd7d0942299ebe9c1227af","tokenurl":"/mcm/api/land?token=4a579a50cefd7d0942299ebe9c1227af","imageurl":"/mcm/images/land/2A/10836_79839ac90b4.jpg","landname":"102"},{"id":281475000500327,"level":3,"status":0,"posx":33,"posy":23,"cityid":363,"townid":801,"tokenid":"a8aae41094c87aa735e6f99609bbcd57","tokenurl":"/mcm/api/land?token=a8aae41094c87aa735e6f99609bbcd57","imageurl":"/mcm/images/land/2B/18051_4d859413b283.jpg","landname":"103"},{"id":281475000500328,"level":3,"status":1,"posx":34,"posy":23,"cityid":363,"townid":801,"tokenid":"f194d6d6e38fff46be58e86d75d13597","tokenurl":"/mcm/api/land?token=f194d6d6e38fff46be58e86d75d13597","imageurl":"/mcm/images/land/2B/18052_4d7c9600613.jpg","landname":"104"},{"id":281475000500329,"level":2,"status":1,"posx":23,"posy":24,"cityid":363,"townid":801,"tokenid":"ba1f05ad094994a77a82f092b79a6ebb","tokenurl":"/mcm/api/land?token=ba1f05ad094994a77a82f092b79a6ebb","imageurl":"/mcm/images/land/2A/10837_4d86f3896dab.jpg","landname":"105"},{"id":281475000500330,"level":3,"status":1,"posx":24,"posy":24,"cityid":363,"townid":801,"tokenid":"f96df4fe854b585f096e6433844a0c06","tokenurl":"/mcm/api/land?token=f96df4fe854b585f096e6433844a0c06","imageurl":"/mcm/images/land/2B/18053_2d464165a55c.jpg","landname":"106"},{"id":281475000500331,"level":2,"status":0,"posx":26,"posy":24,"cityid":363,"townid":801,"tokenid":"546b32afdac1641282b2b9cd679205e5","tokenurl":"/mcm/api/land?token=546b32afdac1641282b2b9cd679205e5","imageurl":"/mcm/images/land/2A/10838_29fbb0c74950.jpg","landname":"107"},{"id":281475000500332,"level":3,"status":0,"posx":27,"posy":24,"cityid":363,"townid":801,"tokenid":"b23ba20dced43bc0bffd3d86df4579f5","tokenurl":"/mcm/api/land?token=b23ba20dced43bc0bffd3d86df4579f5","imageurl":"/mcm/images/land/2B/18054_b51d57d2468.jpg","landname":"108"},{"id":281475000500333,"level":3,"status":0,"posx":33,"posy":24,"cityid":363,"townid":801,"tokenid":"4660e81ffa65d5cb3a93348b2e098729","tokenurl":"/mcm/api/land?token=4660e81ffa65d5cb3a93348b2e098729","imageurl":"/mcm/images/land/2B/18055_4bf1b08aa25c.jpg","landname":"109"},{"id":281475000500334,"level":1,"status":0,"posx":34,"posy":24,"cityid":363,"townid":801,"tokenid":"2b9925051c01f3f8da239d881f87a3bf","tokenurl":"/mcm/api/land?token=2b9925051c01f3f8da239d881f87a3bf","imageurl":"/mcm/images/land/2S/7220_10ec7324bf5c.jpg","landname":"110"},{"id":281475000500335,"level":3,"status":1,"posx":23,"posy":25,"cityid":363,"townid":801,"tokenid":"a8835a800a19eed004ffd2b11923046f","tokenurl":"/mcm/api/land?token=a8835a800a19eed004ffd2b11923046f","imageurl":"/mcm/images/land/2B/18056_480669d4f91.jpg","landname":"111"},{"id":281475000500336,"level":2,"status":1,"posx":24,"posy":25,"cityid":363,"townid":801,"tokenid":"20082d32d4e1a495fa535b968404f785","tokenurl":"/mcm/api/land?token=20082d32d4e1a495fa535b968404f785","imageurl":"/mcm/images/land/2A/10839_346d24aedd31.jpg","landname":"112"},{"id":281475000500337,"level":3,"status":0,"posx":26,"posy":25,"cityid":363,"townid":801,"tokenid":"400345af09b50e2c8b5e28a75f6f6904","tokenurl":"/mcm/api/land?token=400345af09b50e2c8b5e28a75f6f6904","imageurl":"/mcm/images/land/2B/18057_52453763d486.jpg","landname":"113"},{"id":281475000500338,"level":2,"status":0,"posx":27,"posy":25,"cityid":363,"townid":801,"tokenid":"5c871c8dedff04f41fad08638c1278af","tokenurl":"/mcm/api/land?token=5c871c8dedff04f41fad08638c1278af","imageurl":"/mcm/images/land/2A/10840_adbeb71c535.jpg","landname":"114"},{"id":281475000500339,"level":3,"status":1,"posx":33,"posy":25,"cityid":363,"townid":801,"tokenid":"2271bbeb9272c8c8ca42354b711ea1c2","tokenurl":"/mcm/api/land?token=2271bbeb9272c8c8ca42354b711ea1c2","imageurl":"/mcm/images/land/2B/18058_353c4941775e.jpg","landname":"115"},{"id":281475000500340,"level":1,"status":0,"posx":34,"posy":25,"cityid":363,"townid":801,"tokenid":"36e63193d537003b9c7f8d91f03b126c","tokenurl":"/mcm/api/land?token=36e63193d537003b9c7f8d91f03b126c","imageurl":"/mcm/images/land/2S/7221_1ce182a30b84.jpg","landname":"116"},{"id":281475000500341,"level":1,"status":1,"posx":23,"posy":26,"cityid":363,"townid":801,"tokenid":"2f11a3ebac7997f788c415024b04d3f3","tokenurl":"/mcm/api/land?token=2f11a3ebac7997f788c415024b04d3f3","imageurl":"/mcm/images/land/2S/7222_805f9650047.jpg","landname":"117"},{"id":281475000500342,"level":1,"status":1,"posx":24,"posy":26,"cityid":363,"townid":801,"tokenid":"697e034d2b7bad773eecb384ea590855","tokenurl":"/mcm/api/land?token=697e034d2b7bad773eecb384ea590855","imageurl":"/mcm/images/land/2S/7223_c107525030e.jpg","landname":"118"},{"id":281475000500343,"level":2,"status":0,"posx":33,"posy":26,"cityid":363,"townid":801,"tokenid":"4bc641290a81e4762d87d47d9b20ccc3","tokenurl":"/mcm/api/land?token=4bc641290a81e4762d87d47d9b20ccc3","imageurl":"/mcm/images/land/2A/10841_1dd1c6353a02.jpg","landname":"119"},{"id":281475000500344,"level":1,"status":1,"posx":34,"posy":26,"cityid":363,"townid":801,"tokenid":"b1d8a24823dcc4e210c1c61ab71353c8","tokenurl":"/mcm/api/land?token=b1d8a24823dcc4e210c1c61ab71353c8","imageurl":"/mcm/images/land/2S/7224_149a2a92db61.jpg","landname":"120"},{"id":281475000500345,"level":2,"status":1,"posx":31,"posy":27,"cityid":363,"townid":801,"tokenid":"4e4370846fbb3bd05d423c83919b19b1","tokenurl":"/mcm/api/land?token=4e4370846fbb3bd05d423c83919b19b1","imageurl":"/mcm/images/land/2A/10842_3f6df5bf08a1.jpg","landname":"121"},{"id":281475000500346,"level":2,"status":0,"posx":32,"posy":27,"cityid":363,"townid":801,"tokenid":"0139b033915bf66b5a50f843ba8b26c5","tokenurl":"/mcm/api/land?token=0139b033915bf66b5a50f843ba8b26c5","imageurl":"/mcm/images/land/2A/10843_1071d47557ea.jpg","landname":"122"},{"id":281475000500347,"level":3,"status":1,"posx":6,"posy":28,"cityid":363,"townid":801,"tokenid":"9836dbca86ce739214394f238b4a0636","tokenurl":"/mcm/api/land?token=9836dbca86ce739214394f238b4a0636","imageurl":"/mcm/images/land/2B/18059_22d127897a9b.jpg","landname":"123"},{"id":281475000500348,"level":3,"status":1,"posx":7,"posy":28,"cityid":363,"townid":801,"tokenid":"c0ac20258dff478b115dd5207dabbad2","tokenurl":"/mcm/api/land?token=c0ac20258dff478b115dd5207dabbad2","imageurl":"/mcm/images/land/2B/18060_1ed4384ba021.jpg","landname":"124"},{"id":281475000500349,"level":2,"status":1,"posx":9,"posy":28,"cityid":363,"townid":801,"tokenid":"4962ecbf2e8178c7a0bb9620c8f637b9","tokenurl":"/mcm/api/land?token=4962ecbf2e8178c7a0bb9620c8f637b9","imageurl":"/mcm/images/land/2A/10844_2d4445dba801.jpg","landname":"125"},{"id":281475000500350,"level":3,"status":0,"posx":10,"posy":28,"cityid":363,"townid":801,"tokenid":"1a80f82ba168fa1367fe436a51e4a4f7","tokenurl":"/mcm/api/land?token=1a80f82ba168fa1367fe436a51e4a4f7","imageurl":"/mcm/images/land/2B/18061_2bdb7e5c02aa.jpg","landname":"126"},{"id":281475000500351,"level":2,"status":0,"posx":31,"posy":28,"cityid":363,"townid":801,"tokenid":"dc6a66dd5bdf0b9b4d32842ce00ebe9b","tokenurl":"/mcm/api/land?token=dc6a66dd5bdf0b9b4d32842ce00ebe9b","imageurl":"/mcm/images/land/2A/10845_58b6dcbf1803.jpg","landname":"127"},{"id":281475000500352,"level":3,"status":1,"posx":32,"posy":28,"cityid":363,"townid":801,"tokenid":"6fdff3e404fd565a29baf3aed48991e8","tokenurl":"/mcm/api/land?token=6fdff3e404fd565a29baf3aed48991e8","imageurl":"/mcm/images/land/2B/18062_53b0fd5dbdaa.jpg","landname":"128"},{"id":281475000500353,"level":3,"status":1,"posx":6,"posy":29,"cityid":363,"townid":801,"tokenid":"e508ce7ee2a5a8fa6a5ab3fa5ede0825","tokenurl":"/mcm/api/land?token=e508ce7ee2a5a8fa6a5ab3fa5ede0825","imageurl":"/mcm/images/land/2B/18063_382307b8d32e.jpg","landname":"129"},{"id":281475000500354,"level":3,"status":1,"posx":7,"posy":29,"cityid":363,"townid":801,"tokenid":"746cf6d1e8a15dc7380af9d9469cc9a1","tokenurl":"/mcm/api/land?token=746cf6d1e8a15dc7380af9d9469cc9a1","imageurl":"/mcm/images/land/2B/18064_4fdd2408ce85.jpg","landname":"130"},{"id":281475000500355,"level":3,"status":1,"posx":9,"posy":29,"cityid":363,"townid":801,"tokenid":"36c08642e622890842b71eb814da6d4c","tokenurl":"/mcm/api/land?token=36c08642e622890842b71eb814da6d4c","imageurl":"/mcm/images/land/2B/18065_3a72afdd52fb.jpg","landname":"131"},{"id":281475000500356,"level":3,"status":1,"posx":10,"posy":29,"cityid":363,"townid":801,"tokenid":"502f1744adc30e64030e85b6fb271884","tokenurl":"/mcm/api/land?token=502f1744adc30e64030e85b6fb271884","imageurl":"/mcm/images/land/2B/18066_2eadd3d8c63e.jpg","landname":"132"},{"id":281475000500357,"level":3,"status":0,"posx":31,"posy":29,"cityid":363,"townid":801,"tokenid":"344bcff1de237e058ad973d6e71bb8fe","tokenurl":"/mcm/api/land?token=344bcff1de237e058ad973d6e71bb8fe","imageurl":"/mcm/images/land/2B/18067_352d033b9a58.jpg","landname":"133"},{"id":281475000500358,"level":3,"status":0,"posx":32,"posy":29,"cityid":363,"townid":801,"tokenid":"705c606c25756ee49f68adc40bf51d91","tokenurl":"/mcm/api/land?token=705c606c25756ee49f68adc40bf51d91","imageurl":"/mcm/images/land/2B/18068_a36c473a10e.jpg","landname":"134"},{"id":281475000500359,"level":3,"status":0,"posx":6,"posy":30,"cityid":363,"townid":801,"tokenid":"69af35b219d78115ac5ca2769a2042b4","tokenurl":"/mcm/api/land?token=69af35b219d78115ac5ca2769a2042b4","imageurl":"/mcm/images/land/2B/18069_56fc93663dfb.jpg","landname":"135"},{"id":281475000500360,"level":3,"status":0,"posx":7,"posy":30,"cityid":363,"townid":801,"tokenid":"12964541aceefd2baff14913a1c238ef","tokenurl":"/mcm/api/land?token=12964541aceefd2baff14913a1c238ef","imageurl":"/mcm/images/land/2B/18070_af29f5ab3d8.jpg","landname":"136"},{"id":281475000500361,"level":3,"status":0,"posx":9,"posy":30,"cityid":363,"townid":801,"tokenid":"a4562db65483528302d8aa57069341df","tokenurl":"/mcm/api/land?token=a4562db65483528302d8aa57069341df","imageurl":"/mcm/images/land/2B/18071_28ea2a145274.jpg","landname":"137"},{"id":281475000500362,"level":2,"status":0,"posx":10,"posy":30,"cityid":363,"townid":801,"tokenid":"045fba5742ffb51db1e7576369db3b39","tokenurl":"/mcm/api/land?token=045fba5742ffb51db1e7576369db3b39","imageurl":"/mcm/images/land/2A/10846_21d844cee16b.jpg","landname":"138"},{"id":281475000500363,"level":1,"status":1,"posx":31,"posy":30,"cityid":363,"townid":801,"tokenid":"8a79eb6e503ff9514c026642ab5b43a8","tokenurl":"/mcm/api/land?token=8a79eb6e503ff9514c026642ab5b43a8","imageurl":"/mcm/images/land/2S/7225_21b0f5d300c6.jpg","landname":"139"},{"id":281475000500364,"level":1,"status":1,"posx":32,"posy":30,"cityid":363,"townid":801,"tokenid":"adad3ad5ef81f84012c86e90e4ff3f4b","tokenurl":"/mcm/api/land?token=adad3ad5ef81f84012c86e90e4ff3f4b","imageurl":"/mcm/images/land/2S/7226_2099e91ce37f.jpg","landname":"140"},{"id":281475000500365,"level":1,"status":1,"posx":6,"posy":31,"cityid":363,"townid":801,"tokenid":"d830bd52cab61a66f8e3adcefda634b4","tokenurl":"/mcm/api/land?token=d830bd52cab61a66f8e3adcefda634b4","imageurl":"/mcm/images/land/2S/7227_297feb662d25.jpg","landname":"141"},{"id":281475000500366,"level":3,"status":1,"posx":7,"posy":31,"cityid":363,"townid":801,"tokenid":"31c96fc4e5f9fd18ad3f29cc75c24de5","tokenurl":"/mcm/api/land?token=31c96fc4e5f9fd18ad3f29cc75c24de5","imageurl":"/mcm/images/land/2B/18072_51c54c764366.jpg","landname":"142"},{"id":281475000500367,"level":1,"status":0,"posx":9,"posy":31,"cityid":363,"townid":801,"tokenid":"236cfddc58a4a6bff19f2e5a5760579c","tokenurl":"/mcm/api/land?token=236cfddc58a4a6bff19f2e5a5760579c","imageurl":"/mcm/images/land/2S/7228_35914912bec9.jpg","landname":"143"},{"id":281475000500368,"level":3,"status":0,"posx":10,"posy":31,"cityid":363,"townid":801,"tokenid":"2070609b752d9e8a22eafa6802501bf0","tokenurl":"/mcm/api/land?token=2070609b752d9e8a22eafa6802501bf0","imageurl":"/mcm/images/land/2B/18073_49574826ff16.jpg","landname":"144"},{"id":281475000500369,"level":1,"status":1,"posx":31,"posy":31,"cityid":363,"townid":801,"tokenid":"5d4228032782d60b3c6b736c2ae09055","tokenurl":"/mcm/api/land?token=5d4228032782d60b3c6b736c2ae09055","imageurl":"/mcm/images/land/2S/7229_18ab93d6d813.jpg","landname":"145"},{"id":281475000500370,"level":3,"status":0,"posx":32,"posy":31,"cityid":363,"townid":801,"tokenid":"1f3329f277783ef3c54bbbbdb5bac6a8","tokenurl":"/mcm/api/land?token=1f3329f277783ef3c54bbbbdb5bac6a8","imageurl":"/mcm/images/land/2B/18074_32bd3a072f5b.jpg","landname":"146"},{"id":281475000500371,"level":3,"status":1,"posx":6,"posy":32,"cityid":363,"townid":801,"tokenid":"a255f9782d238937f9302c0933dabd8e","tokenurl":"/mcm/api/land?token=a255f9782d238937f9302c0933dabd8e","imageurl":"/mcm/images/land/2B/18075_2b70620531e3.jpg","landname":"147"},{"id":281475000500372,"level":3,"status":1,"posx":7,"posy":32,"cityid":363,"townid":801,"tokenid":"da36d24df7d579059cb830e48fac7b9e","tokenurl":"/mcm/api/land?token=da36d24df7d579059cb830e48fac7b9e","imageurl":"/mcm/images/land/2B/18076_1a50846a48f2.jpg","landname":"148"},{"id":281475000500373,"level":1,"status":0,"posx":9,"posy":32,"cityid":363,"townid":801,"tokenid":"9a9bd50cd8fab9acdf9dd4780b8870dd","tokenurl":"/mcm/api/land?token=9a9bd50cd8fab9acdf9dd4780b8870dd","imageurl":"/mcm/images/land/2S/7230_a72a772dd55.jpg","landname":"149"},{"id":281475000500374,"level":1,"status":1,"posx":10,"posy":32,"cityid":363,"townid":801,"tokenid":"0890aa82e043ae34de020811b5faebc5","tokenurl":"/mcm/api/land?token=0890aa82e043ae34de020811b5faebc5","imageurl":"/mcm/images/land/2S/7231_4e72795d650b.jpg","landname":"150"}]]],0,0,[],[],[]]
