[1,0,0,[["cc.JsonAsset",["_name","json"],1]],[[0,0,1,3]],[[0,"760",[{"id":281474999124119,"level":1,"status":1,"posx":15,"posy":5,"cityid":342,"townid":760,"tokenid":"96db2888dbe3f8eeb0c70945f33b97ef","tokenurl":"/mcm/api/land?token=96db2888dbe3f8eeb0c70945f33b97ef","imageurl":"/mcm/images/land/2S/5972_2d05d8b002e0.jpg","landname":"1"},{"id":281474999124120,"level":2,"status":0,"posx":16,"posy":5,"cityid":342,"townid":760,"tokenid":"6d4f54a2444c288d2c215f5efc62a040","tokenurl":"/mcm/api/land?token=6d4f54a2444c288d2c215f5efc62a040","imageurl":"/mcm/images/land/2A/8957_3520263e2176.jpg","landname":"2"},{"id":281474999124121,"level":3,"status":0,"posx":25,"posy":5,"cityid":342,"townid":760,"tokenid":"4877e454c077f9504f9d6a000fbb174c","tokenurl":"/mcm/api/land?token=4877e454c077f9504f9d6a000fbb174c","imageurl":"/mcm/images/land/2B/14927_28d653712573.jpg","landname":"3"},{"id":281474999124122,"level":3,"status":1,"posx":26,"posy":5,"cityid":342,"townid":760,"tokenid":"49f257ec32c18a034f495c1490650c8a","tokenurl":"/mcm/api/land?token=49f257ec32c18a034f495c1490650c8a","imageurl":"/mcm/images/land/2B/14928_1bafa9d9a059.jpg","landname":"4"},{"id":281474999124123,"level":3,"status":1,"posx":6,"posy":6,"cityid":342,"townid":760,"tokenid":"790036029f7615182cc27649ed7bd53c","tokenurl":"/mcm/api/land?token=790036029f7615182cc27649ed7bd53c","imageurl":"/mcm/images/land/2B/14929_1429f16324ca.jpg","landname":"5"},{"id":281474999124124,"level":1,"status":0,"posx":7,"posy":6,"cityid":342,"townid":760,"tokenid":"e0afdbe5aa32a7b7f8d2ed5b19003dd6","tokenurl":"/mcm/api/land?token=e0afdbe5aa32a7b7f8d2ed5b19003dd6","imageurl":"/mcm/images/land/2S/5973_1e46abf1dac5.jpg","landname":"6"},{"id":281474999124125,"level":3,"status":0,"posx":15,"posy":6,"cityid":342,"townid":760,"tokenid":"86996159f561b2dd0743cc586abf7da5","tokenurl":"/mcm/api/land?token=86996159f561b2dd0743cc586abf7da5","imageurl":"/mcm/images/land/2B/14930_27db8a0f5c3b.jpg","landname":"7"},{"id":281474999124126,"level":3,"status":1,"posx":16,"posy":6,"cityid":342,"townid":760,"tokenid":"91722e90976236519ee56176d265c93c","tokenurl":"/mcm/api/land?token=91722e90976236519ee56176d265c93c","imageurl":"/mcm/images/land/2B/14931_45a680792bef.jpg","landname":"8"},{"id":281474999124127,"level":3,"status":1,"posx":25,"posy":6,"cityid":342,"townid":760,"tokenid":"99c099573eac785afa7c4c6abd7e9afc","tokenurl":"/mcm/api/land?token=99c099573eac785afa7c4c6abd7e9afc","imageurl":"/mcm/images/land/2B/14932_14a641e151c6.jpg","landname":"9"},{"id":281474999124128,"level":1,"status":1,"posx":26,"posy":6,"cityid":342,"townid":760,"tokenid":"39c1d3ccb4e3c55600300a9eedf0e734","tokenurl":"/mcm/api/land?token=39c1d3ccb4e3c55600300a9eedf0e734","imageurl":"/mcm/images/land/2S/5974_415108b6d759.jpg","landname":"10"},{"id":281474999124129,"level":1,"status":0,"posx":30,"posy":6,"cityid":342,"townid":760,"tokenid":"1341f7a14c42d3c564888c64312c7142","tokenurl":"/mcm/api/land?token=1341f7a14c42d3c564888c64312c7142","imageurl":"/mcm/images/land/2S/5975_1dd8cd70d9e6.jpg","landname":"11"},{"id":281474999124130,"level":3,"status":1,"posx":31,"posy":6,"cityid":342,"townid":760,"tokenid":"8191948830bac01f368132f1f0867d1c","tokenurl":"/mcm/api/land?token=8191948830bac01f368132f1f0867d1c","imageurl":"/mcm/images/land/2B/14933_2e98ad2a776e.jpg","landname":"12"},{"id":281474999124131,"level":3,"status":0,"posx":33,"posy":6,"cityid":342,"townid":760,"tokenid":"ed309b4031a30eefb7a32eeca64ea625","tokenurl":"/mcm/api/land?token=ed309b4031a30eefb7a32eeca64ea625","imageurl":"/mcm/images/land/2B/14934_abf691c50b5.jpg","landname":"13"},{"id":281474999124132,"level":3,"status":0,"posx":34,"posy":6,"cityid":342,"townid":760,"tokenid":"ed35f6d1c4c06128e30b788400e8bc29","tokenurl":"/mcm/api/land?token=ed35f6d1c4c06128e30b788400e8bc29","imageurl":"/mcm/images/land/2B/14935_4f37aeab4cb5.jpg","landname":"14"},{"id":281474999124133,"level":3,"status":1,"posx":6,"posy":7,"cityid":342,"townid":760,"tokenid":"340561631ae1e8ccd2f04e285ca2283d","tokenurl":"/mcm/api/land?token=340561631ae1e8ccd2f04e285ca2283d","imageurl":"/mcm/images/land/2B/14936_240309bea1d0.jpg","landname":"15"},{"id":281474999124134,"level":3,"status":1,"posx":7,"posy":7,"cityid":342,"townid":760,"tokenid":"2375c99b36d97302c9e5e30c0e4ffad4","tokenurl":"/mcm/api/land?token=2375c99b36d97302c9e5e30c0e4ffad4","imageurl":"/mcm/images/land/2B/14937_7d158138e3f.jpg","landname":"16"},{"id":281474999124135,"level":2,"status":1,"posx":15,"posy":7,"cityid":342,"townid":760,"tokenid":"beeda63a52a977ebdcf11b3ef41c7a4a","tokenurl":"/mcm/api/land?token=beeda63a52a977ebdcf11b3ef41c7a4a","imageurl":"/mcm/images/land/2A/8958_37aaccf58f22.jpg","landname":"17"},{"id":281474999124136,"level":2,"status":1,"posx":16,"posy":7,"cityid":342,"townid":760,"tokenid":"fea64d3b5771d092cc4a8e0f89f03d7b","tokenurl":"/mcm/api/land?token=fea64d3b5771d092cc4a8e0f89f03d7b","imageurl":"/mcm/images/land/2A/8959_175ad29553ef.jpg","landname":"18"},{"id":281474999124137,"level":3,"status":0,"posx":21,"posy":7,"cityid":342,"townid":760,"tokenid":"225cd51f9109882a34f9d7bf3e1eceac","tokenurl":"/mcm/api/land?token=225cd51f9109882a34f9d7bf3e1eceac","imageurl":"/mcm/images/land/2B/14938_31504141fb53.jpg","landname":"19"},{"id":281474999124138,"level":3,"status":0,"posx":22,"posy":7,"cityid":342,"townid":760,"tokenid":"dd95aed57608f31b02fcdc529c844f8b","tokenurl":"/mcm/api/land?token=dd95aed57608f31b02fcdc529c844f8b","imageurl":"/mcm/images/land/2B/14939_3c972d90161.jpg","landname":"20"},{"id":281474999124139,"level":3,"status":1,"posx":25,"posy":7,"cityid":342,"townid":760,"tokenid":"dc35a4791b73ba685d1884d19554b195","tokenurl":"/mcm/api/land?token=dc35a4791b73ba685d1884d19554b195","imageurl":"/mcm/images/land/2B/14940_9c1a697d236.jpg","landname":"21"},{"id":281474999124140,"level":2,"status":1,"posx":26,"posy":7,"cityid":342,"townid":760,"tokenid":"2d08843e68c58b39b3ab191b0b8208db","tokenurl":"/mcm/api/land?token=2d08843e68c58b39b3ab191b0b8208db","imageurl":"/mcm/images/land/2A/8960_7f5fe7a7ce7.jpg","landname":"22"},{"id":281474999124141,"level":1,"status":0,"posx":30,"posy":7,"cityid":342,"townid":760,"tokenid":"a0651aeb2dde88bb2616a10800e888ff","tokenurl":"/mcm/api/land?token=a0651aeb2dde88bb2616a10800e888ff","imageurl":"/mcm/images/land/2S/5976_3a6812271f2b.jpg","landname":"23"},{"id":281474999124142,"level":1,"status":1,"posx":31,"posy":7,"cityid":342,"townid":760,"tokenid":"33bfff019a95d368f67addb1571068b1","tokenurl":"/mcm/api/land?token=33bfff019a95d368f67addb1571068b1","imageurl":"/mcm/images/land/2S/5977_cc444c95f32.jpg","landname":"24"},{"id":281474999124143,"level":3,"status":1,"posx":33,"posy":7,"cityid":342,"townid":760,"tokenid":"9e8e0dc422c9bb4e114b025c6d79ec74","tokenurl":"/mcm/api/land?token=9e8e0dc422c9bb4e114b025c6d79ec74","imageurl":"/mcm/images/land/2B/14941_3c6ea6a19a0a.jpg","landname":"25"},{"id":281474999124144,"level":3,"status":1,"posx":34,"posy":7,"cityid":342,"townid":760,"tokenid":"4ea11dbc76374e2aa5dd5a5b7550affd","tokenurl":"/mcm/api/land?token=4ea11dbc76374e2aa5dd5a5b7550affd","imageurl":"/mcm/images/land/2B/14942_4a1a7d5fa9c8.jpg","landname":"26"},{"id":281474999124145,"level":3,"status":0,"posx":6,"posy":8,"cityid":342,"townid":760,"tokenid":"76177ce3a5be487f76390fc76dd073dd","tokenurl":"/mcm/api/land?token=76177ce3a5be487f76390fc76dd073dd","imageurl":"/mcm/images/land/2B/14943_2621cdfc5dbd.jpg","landname":"27"},{"id":281474999124146,"level":3,"status":0,"posx":7,"posy":8,"cityid":342,"townid":760,"tokenid":"04a559bbd8155e4c54b4f9e3e0fa878f","tokenurl":"/mcm/api/land?token=04a559bbd8155e4c54b4f9e3e0fa878f","imageurl":"/mcm/images/land/2B/14944_3ba22dd34bd4.jpg","landname":"28"},{"id":281474999124147,"level":1,"status":1,"posx":15,"posy":8,"cityid":342,"townid":760,"tokenid":"99e40ad437dfb063244fad411be5e67c","tokenurl":"/mcm/api/land?token=99e40ad437dfb063244fad411be5e67c","imageurl":"/mcm/images/land/2S/5978_1e3a5a04e83e.jpg","landname":"29"},{"id":281474999124148,"level":3,"status":0,"posx":16,"posy":8,"cityid":342,"townid":760,"tokenid":"c862d30c4b02e4e66e0696245d894ae5","tokenurl":"/mcm/api/land?token=c862d30c4b02e4e66e0696245d894ae5","imageurl":"/mcm/images/land/2B/14945_36aedc4c0582.jpg","landname":"30"},{"id":281474999124149,"level":2,"status":1,"posx":21,"posy":8,"cityid":342,"townid":760,"tokenid":"a233470e39ecb41fa260e47547d825d7","tokenurl":"/mcm/api/land?token=a233470e39ecb41fa260e47547d825d7","imageurl":"/mcm/images/land/2A/8961_490a7aee29de.jpg","landname":"31"},{"id":281474999124150,"level":2,"status":1,"posx":22,"posy":8,"cityid":342,"townid":760,"tokenid":"f4deb3ee4dbe6e139c9e4662f8947613","tokenurl":"/mcm/api/land?token=f4deb3ee4dbe6e139c9e4662f8947613","imageurl":"/mcm/images/land/2A/8962_120ed0209356.jpg","landname":"32"},{"id":281474999124151,"level":1,"status":1,"posx":25,"posy":8,"cityid":342,"townid":760,"tokenid":"a6782bfadce49af66231fa866cd0b416","tokenurl":"/mcm/api/land?token=a6782bfadce49af66231fa866cd0b416","imageurl":"/mcm/images/land/2S/5979_3ad9e15c7e05.jpg","landname":"33"},{"id":281474999124152,"level":3,"status":0,"posx":26,"posy":8,"cityid":342,"townid":760,"tokenid":"6d733c812d0ef1975398ce08aa5839e8","tokenurl":"/mcm/api/land?token=6d733c812d0ef1975398ce08aa5839e8","imageurl":"/mcm/images/land/2B/14946_193e5274b437.jpg","landname":"34"},{"id":281474999124153,"level":2,"status":1,"posx":30,"posy":8,"cityid":342,"townid":760,"tokenid":"5db974812eaf72cade6017ad5a0409d2","tokenurl":"/mcm/api/land?token=5db974812eaf72cade6017ad5a0409d2","imageurl":"/mcm/images/land/2A/8963_50388327c181.jpg","landname":"35"},{"id":281474999124154,"level":1,"status":1,"posx":31,"posy":8,"cityid":342,"townid":760,"tokenid":"763d69f85560884f2c252bf2e10034ab","tokenurl":"/mcm/api/land?token=763d69f85560884f2c252bf2e10034ab","imageurl":"/mcm/images/land/2S/5980_d980f0f2d53.jpg","landname":"36"},{"id":281474999124155,"level":1,"status":0,"posx":33,"posy":8,"cityid":342,"townid":760,"tokenid":"2660aae95d144660749ea0913d782103","tokenurl":"/mcm/api/land?token=2660aae95d144660749ea0913d782103","imageurl":"/mcm/images/land/2S/5981_42f0011bc3c5.jpg","landname":"37"},{"id":281474999124156,"level":3,"status":1,"posx":34,"posy":8,"cityid":342,"townid":760,"tokenid":"06d30eca159a12496f147cafb6a35edf","tokenurl":"/mcm/api/land?token=06d30eca159a12496f147cafb6a35edf","imageurl":"/mcm/images/land/2B/14947_3339970f489d.jpg","landname":"38"},{"id":281474999124157,"level":3,"status":1,"posx":6,"posy":9,"cityid":342,"townid":760,"tokenid":"46f8c13a886326c626275147966cacb1","tokenurl":"/mcm/api/land?token=46f8c13a886326c626275147966cacb1","imageurl":"/mcm/images/land/2B/14948_fbfa4384ffa.jpg","landname":"39"},{"id":281474999124158,"level":3,"status":1,"posx":7,"posy":9,"cityid":342,"townid":760,"tokenid":"05791d288df8fc2e4f84a20b2a85fab7","tokenurl":"/mcm/api/land?token=05791d288df8fc2e4f84a20b2a85fab7","imageurl":"/mcm/images/land/2B/14949_4d8133115ed6.jpg","landname":"40"},{"id":281474999124159,"level":1,"status":0,"posx":15,"posy":9,"cityid":342,"townid":760,"tokenid":"14b80855de3653779f2365d7754be6e5","tokenurl":"/mcm/api/land?token=14b80855de3653779f2365d7754be6e5","imageurl":"/mcm/images/land/2S/5982_448adfb129c1.jpg","landname":"41"},{"id":281474999124160,"level":2,"status":0,"posx":16,"posy":9,"cityid":342,"townid":760,"tokenid":"2bd8ec20ec450b446f531c917f433bcf","tokenurl":"/mcm/api/land?token=2bd8ec20ec450b446f531c917f433bcf","imageurl":"/mcm/images/land/2A/8964_42209709c6c2.jpg","landname":"42"},{"id":281474999124161,"level":3,"status":1,"posx":21,"posy":9,"cityid":342,"townid":760,"tokenid":"693732fcb22c1420022d516792599bb5","tokenurl":"/mcm/api/land?token=693732fcb22c1420022d516792599bb5","imageurl":"/mcm/images/land/2B/14950_4fecf80f1899.jpg","landname":"43"},{"id":281474999124162,"level":3,"status":1,"posx":22,"posy":9,"cityid":342,"townid":760,"tokenid":"781cc3b69968c8aba287fe0ed1902925","tokenurl":"/mcm/api/land?token=781cc3b69968c8aba287fe0ed1902925","imageurl":"/mcm/images/land/2B/14951_3d2a77d2e355.jpg","landname":"44"},{"id":281474999124163,"level":3,"status":0,"posx":25,"posy":9,"cityid":342,"townid":760,"tokenid":"259edbaf86b7a7aa84630e11d762aebb","tokenurl":"/mcm/api/land?token=259edbaf86b7a7aa84630e11d762aebb","imageurl":"/mcm/images/land/2B/14952_341387c9a153.jpg","landname":"45"},{"id":281474999124164,"level":1,"status":1,"posx":26,"posy":9,"cityid":342,"townid":760,"tokenid":"402393fcf43c6a890a6291eac36e211f","tokenurl":"/mcm/api/land?token=402393fcf43c6a890a6291eac36e211f","imageurl":"/mcm/images/land/2S/5983_4dc6a23b181e.jpg","landname":"46"},{"id":281474999124165,"level":2,"status":0,"posx":30,"posy":9,"cityid":342,"townid":760,"tokenid":"ae1c38e5976591c5eaaee2e806ec58d8","tokenurl":"/mcm/api/land?token=ae1c38e5976591c5eaaee2e806ec58d8","imageurl":"/mcm/images/land/2A/8965_523fbacedf55.jpg","landname":"47"},{"id":281474999124166,"level":3,"status":1,"posx":31,"posy":9,"cityid":342,"townid":760,"tokenid":"597ad32c98f66adf8c8cb0dd86a408ee","tokenurl":"/mcm/api/land?token=597ad32c98f66adf8c8cb0dd86a408ee","imageurl":"/mcm/images/land/2B/14953_37a038a9a1f6.jpg","landname":"48"},{"id":281474999124167,"level":2,"status":1,"posx":33,"posy":9,"cityid":342,"townid":760,"tokenid":"19b48658f71edc1b33aefa5073b85404","tokenurl":"/mcm/api/land?token=19b48658f71edc1b33aefa5073b85404","imageurl":"/mcm/images/land/2A/8966_410068197600.jpg","landname":"49"},{"id":281474999124168,"level":2,"status":1,"posx":34,"posy":9,"cityid":342,"townid":760,"tokenid":"a5fa661a972d43fa35a03053fe0f1a5c","tokenurl":"/mcm/api/land?token=a5fa661a972d43fa35a03053fe0f1a5c","imageurl":"/mcm/images/land/2A/8967_530ecb330ba8.jpg","landname":"50"},{"id":281474999124169,"level":3,"status":1,"posx":6,"posy":10,"cityid":342,"townid":760,"tokenid":"52a9cb4c2f96060738bb7e3ed78498df","tokenurl":"/mcm/api/land?token=52a9cb4c2f96060738bb7e3ed78498df","imageurl":"/mcm/images/land/2B/14954_495ad7abd67d.jpg","landname":"51"},{"id":281474999124170,"level":2,"status":0,"posx":7,"posy":10,"cityid":342,"townid":760,"tokenid":"48578188d401c7eccae73c9b6ff1e9d1","tokenurl":"/mcm/api/land?token=48578188d401c7eccae73c9b6ff1e9d1","imageurl":"/mcm/images/land/2A/8968_1b621acb19e9.jpg","landname":"52"},{"id":281474999124171,"level":1,"status":1,"posx":11,"posy":10,"cityid":342,"townid":760,"tokenid":"2036316b933d13a03457fbdd2baed3f3","tokenurl":"/mcm/api/land?token=2036316b933d13a03457fbdd2baed3f3","imageurl":"/mcm/images/land/2S/5984_188488b4ce16.jpg","landname":"53"},{"id":281474999124172,"level":3,"status":1,"posx":12,"posy":10,"cityid":342,"townid":760,"tokenid":"cf6e80d9caed408cb75a13106b9e017c","tokenurl":"/mcm/api/land?token=cf6e80d9caed408cb75a13106b9e017c","imageurl":"/mcm/images/land/2B/14955_4fd802664046.jpg","landname":"54"},{"id":281474999124173,"level":3,"status":1,"posx":21,"posy":10,"cityid":342,"townid":760,"tokenid":"1e80fe95c155eeede3444d9b709179f9","tokenurl":"/mcm/api/land?token=1e80fe95c155eeede3444d9b709179f9","imageurl":"/mcm/images/land/2B/14956_38c5f37ce64.jpg","landname":"55"},{"id":281474999124174,"level":3,"status":1,"posx":22,"posy":10,"cityid":342,"townid":760,"tokenid":"f16945f864b701906c4e84975439933b","tokenurl":"/mcm/api/land?token=f16945f864b701906c4e84975439933b","imageurl":"/mcm/images/land/2B/14957_54927a8d8fb2.jpg","landname":"56"},{"id":281474999124175,"level":2,"status":1,"posx":30,"posy":10,"cityid":342,"townid":760,"tokenid":"e0bf83d8f3de8463527fef0d7f70da01","tokenurl":"/mcm/api/land?token=e0bf83d8f3de8463527fef0d7f70da01","imageurl":"/mcm/images/land/2A/8969_21503f0145f7.jpg","landname":"57"},{"id":281474999124176,"level":2,"status":0,"posx":31,"posy":10,"cityid":342,"townid":760,"tokenid":"7fca89e668a0d8e74d2c4f3e90d59373","tokenurl":"/mcm/api/land?token=7fca89e668a0d8e74d2c4f3e90d59373","imageurl":"/mcm/images/land/2A/8970_48b366b37501.jpg","landname":"58"},{"id":281474999124177,"level":1,"status":0,"posx":33,"posy":10,"cityid":342,"townid":760,"tokenid":"d704353b655d8cad79c5c3f55e11208c","tokenurl":"/mcm/api/land?token=d704353b655d8cad79c5c3f55e11208c","imageurl":"/mcm/images/land/2S/5985_4eb1a503a4ef.jpg","landname":"59"},{"id":281474999124178,"level":1,"status":1,"posx":34,"posy":10,"cityid":342,"townid":760,"tokenid":"bb17a93dd56f0864a37c8ae00e0f7cbb","tokenurl":"/mcm/api/land?token=bb17a93dd56f0864a37c8ae00e0f7cbb","imageurl":"/mcm/images/land/2S/5986_18cffe4a1025.jpg","landname":"60"},{"id":281474999124179,"level":3,"status":1,"posx":11,"posy":11,"cityid":342,"townid":760,"tokenid":"ac77a96178f938d35f74e8fde55c145d","tokenurl":"/mcm/api/land?token=ac77a96178f938d35f74e8fde55c145d","imageurl":"/mcm/images/land/2B/14958_24ad869091d0.jpg","landname":"61"},{"id":281474999124180,"level":3,"status":0,"posx":12,"posy":11,"cityid":342,"townid":760,"tokenid":"4a29ba92a2fe92c3d7e3fcd1a403a156","tokenurl":"/mcm/api/land?token=4a29ba92a2fe92c3d7e3fcd1a403a156","imageurl":"/mcm/images/land/2B/14959_5814ccc6830d.jpg","landname":"62"},{"id":281474999124181,"level":3,"status":1,"posx":21,"posy":11,"cityid":342,"townid":760,"tokenid":"c10cfafbd30f8be7b05ac7ef41ae15b0","tokenurl":"/mcm/api/land?token=c10cfafbd30f8be7b05ac7ef41ae15b0","imageurl":"/mcm/images/land/2B/14960_4c08cf546007.jpg","landname":"63"},{"id":281474999124182,"level":3,"status":0,"posx":22,"posy":11,"cityid":342,"townid":760,"tokenid":"a76bfc616dfc21a08dd7a8762b269b7e","tokenurl":"/mcm/api/land?token=a76bfc616dfc21a08dd7a8762b269b7e","imageurl":"/mcm/images/land/2B/14961_15b683e4e044.jpg","landname":"64"},{"id":281474999124183,"level":3,"status":0,"posx":11,"posy":12,"cityid":342,"townid":760,"tokenid":"606e8472249d8d3a4b07481d0606d06a","tokenurl":"/mcm/api/land?token=606e8472249d8d3a4b07481d0606d06a","imageurl":"/mcm/images/land/2B/14962_13aad57817c9.jpg","landname":"65"},{"id":281474999124184,"level":3,"status":0,"posx":12,"posy":12,"cityid":342,"townid":760,"tokenid":"a8e395f680114bf0fd7b052fb850d8b3","tokenurl":"/mcm/api/land?token=a8e395f680114bf0fd7b052fb850d8b3","imageurl":"/mcm/images/land/2B/14963_10f4b6d3834.jpg","landname":"66"},{"id":281474999124185,"level":3,"status":0,"posx":11,"posy":13,"cityid":342,"townid":760,"tokenid":"da33e29624e198f70e42f84dd6690ecf","tokenurl":"/mcm/api/land?token=da33e29624e198f70e42f84dd6690ecf","imageurl":"/mcm/images/land/2B/14964_3a76e4f2d0a0.jpg","landname":"67"},{"id":281474999124186,"level":2,"status":0,"posx":12,"posy":13,"cityid":342,"townid":760,"tokenid":"145a22e64126bfcd1fbe3f71bcadd133","tokenurl":"/mcm/api/land?token=145a22e64126bfcd1fbe3f71bcadd133","imageurl":"/mcm/images/land/2A/8971_1a79f62d609.jpg","landname":"68"},{"id":281474999124187,"level":2,"status":1,"posx":11,"posy":14,"cityid":342,"townid":760,"tokenid":"a8869a468821c301b6cc6a4309b72eb3","tokenurl":"/mcm/api/land?token=a8869a468821c301b6cc6a4309b72eb3","imageurl":"/mcm/images/land/2A/8972_4d0ec4b72079.jpg","landname":"69"},{"id":281474999124188,"level":3,"status":0,"posx":12,"posy":14,"cityid":342,"townid":760,"tokenid":"365f98f398ca2c1b1a1c8eac800b3ad5","tokenurl":"/mcm/api/land?token=365f98f398ca2c1b1a1c8eac800b3ad5","imageurl":"/mcm/images/land/2B/14965_15be34d34cf4.jpg","landname":"70"},{"id":281474999124189,"level":1,"status":0,"posx":8,"posy":20,"cityid":342,"townid":760,"tokenid":"517a9469979217fcd2c03c1f528116eb","tokenurl":"/mcm/api/land?token=517a9469979217fcd2c03c1f528116eb","imageurl":"/mcm/images/land/2S/5987_b2ca1e2d894.jpg","landname":"71"},{"id":281474999124190,"level":2,"status":1,"posx":9,"posy":20,"cityid":342,"townid":760,"tokenid":"d4b41fba0b42c8f7039f421a04d8e0cf","tokenurl":"/mcm/api/land?token=d4b41fba0b42c8f7039f421a04d8e0cf","imageurl":"/mcm/images/land/2A/8973_11a2c3b22b5a.jpg","landname":"72"},{"id":281474999124191,"level":3,"status":1,"posx":10,"posy":20,"cityid":342,"townid":760,"tokenid":"e6006aa56f7e25adb223f343ea03a0d2","tokenurl":"/mcm/api/land?token=e6006aa56f7e25adb223f343ea03a0d2","imageurl":"/mcm/images/land/2B/14966_32af555bdda8.jpg","landname":"73"},{"id":281474999124192,"level":1,"status":0,"posx":11,"posy":20,"cityid":342,"townid":760,"tokenid":"05d210f11299b030798c693fb97c9798","tokenurl":"/mcm/api/land?token=05d210f11299b030798c693fb97c9798","imageurl":"/mcm/images/land/2S/5988_1d3c151d942c.jpg","landname":"74"},{"id":281474999124193,"level":3,"status":0,"posx":12,"posy":20,"cityid":342,"townid":760,"tokenid":"4ac29c47f7a22729f1eedbcd9b76c42d","tokenurl":"/mcm/api/land?token=4ac29c47f7a22729f1eedbcd9b76c42d","imageurl":"/mcm/images/land/2B/14967_337c6f8b392f.jpg","landname":"75"},{"id":281474999124194,"level":2,"status":0,"posx":8,"posy":21,"cityid":342,"townid":760,"tokenid":"c904aed58df70939f31ce15f90978e63","tokenurl":"/mcm/api/land?token=c904aed58df70939f31ce15f90978e63","imageurl":"/mcm/images/land/2A/8974_a25cefc4e0e.jpg","landname":"76"},{"id":281474999124195,"level":2,"status":1,"posx":9,"posy":21,"cityid":342,"townid":760,"tokenid":"98a6e25f47f41e66b60a558015fc7646","tokenurl":"/mcm/api/land?token=98a6e25f47f41e66b60a558015fc7646","imageurl":"/mcm/images/land/2A/8975_536924630ce8.jpg","landname":"77"},{"id":281474999124196,"level":2,"status":1,"posx":10,"posy":21,"cityid":342,"townid":760,"tokenid":"d578e8b35bb5089982a6096e0fe75513","tokenurl":"/mcm/api/land?token=d578e8b35bb5089982a6096e0fe75513","imageurl":"/mcm/images/land/2A/8976_470f7c1d55db.jpg","landname":"78"},{"id":281474999124197,"level":2,"status":0,"posx":11,"posy":21,"cityid":342,"townid":760,"tokenid":"8e26f3a28476ed23a8a807270658c26a","tokenurl":"/mcm/api/land?token=8e26f3a28476ed23a8a807270658c26a","imageurl":"/mcm/images/land/2A/8977_56a58fd8bb13.jpg","landname":"79"},{"id":281474999124198,"level":3,"status":0,"posx":12,"posy":21,"cityid":342,"townid":760,"tokenid":"6904c3a709d833232881a814063f4322","tokenurl":"/mcm/api/land?token=6904c3a709d833232881a814063f4322","imageurl":"/mcm/images/land/2B/14968_26faf3535066.jpg","landname":"80"},{"id":281474999124199,"level":2,"status":1,"posx":27,"posy":22,"cityid":342,"townid":760,"tokenid":"912a959bb696deeb8a779c0cbc243b1e","tokenurl":"/mcm/api/land?token=912a959bb696deeb8a779c0cbc243b1e","imageurl":"/mcm/images/land/2A/8978_4c3791da962d.jpg","landname":"81"},{"id":281474999124200,"level":1,"status":0,"posx":28,"posy":22,"cityid":342,"townid":760,"tokenid":"3b38d9f6088d0e129deecae8f1e909f8","tokenurl":"/mcm/api/land?token=3b38d9f6088d0e129deecae8f1e909f8","imageurl":"/mcm/images/land/2S/5989_7ef513db93a.jpg","landname":"82"},{"id":281474999124201,"level":3,"status":0,"posx":29,"posy":22,"cityid":342,"townid":760,"tokenid":"63f7bd62ae9fae30d750e1da4a6ef499","tokenurl":"/mcm/api/land?token=63f7bd62ae9fae30d750e1da4a6ef499","imageurl":"/mcm/images/land/2B/14969_5a16362c824a.jpg","landname":"83"},{"id":281474999124202,"level":2,"status":1,"posx":30,"posy":22,"cityid":342,"townid":760,"tokenid":"49b6457ff69cd84d4e8f2a1c7d94baa3","tokenurl":"/mcm/api/land?token=49b6457ff69cd84d4e8f2a1c7d94baa3","imageurl":"/mcm/images/land/2A/8979_43dbaa7c0b32.jpg","landname":"84"},{"id":281474999124203,"level":3,"status":0,"posx":31,"posy":22,"cityid":342,"townid":760,"tokenid":"436dd17ed1ab6c92f867edb78e181997","tokenurl":"/mcm/api/land?token=436dd17ed1ab6c92f867edb78e181997","imageurl":"/mcm/images/land/2B/14970_55825806c194.jpg","landname":"85"},{"id":281474999124204,"level":3,"status":0,"posx":27,"posy":23,"cityid":342,"townid":760,"tokenid":"54755b482a58450e347a25663878381b","tokenurl":"/mcm/api/land?token=54755b482a58450e347a25663878381b","imageurl":"/mcm/images/land/2B/14971_4dc16cbb0135.jpg","landname":"86"},{"id":281474999124205,"level":2,"status":1,"posx":28,"posy":23,"cityid":342,"townid":760,"tokenid":"5732bf812d5b945f73cb65840b9e4013","tokenurl":"/mcm/api/land?token=5732bf812d5b945f73cb65840b9e4013","imageurl":"/mcm/images/land/2A/8980_1b9e24a6472b.jpg","landname":"87"},{"id":281474999124206,"level":2,"status":1,"posx":29,"posy":23,"cityid":342,"townid":760,"tokenid":"52ee3b490ef4d9bb14a74b60a6e59e37","tokenurl":"/mcm/api/land?token=52ee3b490ef4d9bb14a74b60a6e59e37","imageurl":"/mcm/images/land/2A/8981_218fe22e4ed6.jpg","landname":"88"},{"id":281474999124207,"level":1,"status":0,"posx":30,"posy":23,"cityid":342,"townid":760,"tokenid":"90e61b00946ee92d26e0bdee1e410d21","tokenurl":"/mcm/api/land?token=90e61b00946ee92d26e0bdee1e410d21","imageurl":"/mcm/images/land/2S/5990_3a929dbaba1a.jpg","landname":"89"},{"id":281474999124208,"level":2,"status":0,"posx":31,"posy":23,"cityid":342,"townid":760,"tokenid":"6d74153ac6db12b288ff33f6dbde2c6d","tokenurl":"/mcm/api/land?token=6d74153ac6db12b288ff33f6dbde2c6d","imageurl":"/mcm/images/land/2A/8982_3dc39aaaf77d.jpg","landname":"90"},{"id":281474999124209,"level":1,"status":1,"posx":8,"posy":24,"cityid":342,"townid":760,"tokenid":"a3dfddf47551781f4ff48af9e5f9620c","tokenurl":"/mcm/api/land?token=a3dfddf47551781f4ff48af9e5f9620c","imageurl":"/mcm/images/land/2S/5991_322993f33be9.jpg","landname":"91"},{"id":281474999124210,"level":2,"status":0,"posx":9,"posy":24,"cityid":342,"townid":760,"tokenid":"47b958f2dc3df9379ab9a9de13634d77","tokenurl":"/mcm/api/land?token=47b958f2dc3df9379ab9a9de13634d77","imageurl":"/mcm/images/land/2A/8983_4d053846fa31.jpg","landname":"92"},{"id":281474999124211,"level":2,"status":0,"posx":10,"posy":24,"cityid":342,"townid":760,"tokenid":"f86145500d4f8c34c67930a37c0a6857","tokenurl":"/mcm/api/land?token=f86145500d4f8c34c67930a37c0a6857","imageurl":"/mcm/images/land/2A/8984_14aa918791db.jpg","landname":"93"},{"id":281474999124212,"level":2,"status":0,"posx":11,"posy":24,"cityid":342,"townid":760,"tokenid":"50569c95c3b723f5d4c48e7993acc453","tokenurl":"/mcm/api/land?token=50569c95c3b723f5d4c48e7993acc453","imageurl":"/mcm/images/land/2A/8985_1193bd5aceb8.jpg","landname":"94"},{"id":281474999124213,"level":3,"status":0,"posx":12,"posy":24,"cityid":342,"townid":760,"tokenid":"d5611fa512b42c0c4060e4ae0df8f56b","tokenurl":"/mcm/api/land?token=d5611fa512b42c0c4060e4ae0df8f56b","imageurl":"/mcm/images/land/2B/14972_26e07be47203.jpg","landname":"95"},{"id":281474999124214,"level":1,"status":1,"posx":17,"posy":24,"cityid":342,"townid":760,"tokenid":"4b1b71d352950f1364fcf05fbe680e71","tokenurl":"/mcm/api/land?token=4b1b71d352950f1364fcf05fbe680e71","imageurl":"/mcm/images/land/2S/5992_595c449fe6ac.jpg","landname":"96"},{"id":281474999124215,"level":3,"status":1,"posx":18,"posy":24,"cityid":342,"townid":760,"tokenid":"ba20dd8268583f2d0ddfee3e8ec026d0","tokenurl":"/mcm/api/land?token=ba20dd8268583f2d0ddfee3e8ec026d0","imageurl":"/mcm/images/land/2B/14973_378f8db8f9ec.jpg","landname":"97"},{"id":281474999124216,"level":3,"status":1,"posx":19,"posy":24,"cityid":342,"townid":760,"tokenid":"77f846e629caf7719c5efcf9eb2cfccb","tokenurl":"/mcm/api/land?token=77f846e629caf7719c5efcf9eb2cfccb","imageurl":"/mcm/images/land/2B/14974_191d7452d372.jpg","landname":"98"},{"id":281474999124217,"level":3,"status":0,"posx":20,"posy":24,"cityid":342,"townid":760,"tokenid":"abba728af147288d8733e7d914c28ca1","tokenurl":"/mcm/api/land?token=abba728af147288d8733e7d914c28ca1","imageurl":"/mcm/images/land/2B/14975_51bbfab88100.jpg","landname":"99"},{"id":281474999124218,"level":1,"status":0,"posx":21,"posy":24,"cityid":342,"townid":760,"tokenid":"e5ad6dc2a0448b699509dad90c127029","tokenurl":"/mcm/api/land?token=e5ad6dc2a0448b699509dad90c127029","imageurl":"/mcm/images/land/2S/5993_1b45a0380237.jpg","landname":"100"},{"id":281474999124219,"level":3,"status":1,"posx":8,"posy":25,"cityid":342,"townid":760,"tokenid":"393464d272d4e4e0f1ab14f8c0d3e686","tokenurl":"/mcm/api/land?token=393464d272d4e4e0f1ab14f8c0d3e686","imageurl":"/mcm/images/land/2B/14976_19794c429483.jpg","landname":"101"},{"id":281474999124220,"level":3,"status":0,"posx":9,"posy":25,"cityid":342,"townid":760,"tokenid":"230c22f7aefc09d912c335e8d862d308","tokenurl":"/mcm/api/land?token=230c22f7aefc09d912c335e8d862d308","imageurl":"/mcm/images/land/2B/14977_17e14fd7ec3a.jpg","landname":"102"},{"id":281474999124221,"level":1,"status":0,"posx":10,"posy":25,"cityid":342,"townid":760,"tokenid":"8f49a988dd337886444183f1fcbf99e0","tokenurl":"/mcm/api/land?token=8f49a988dd337886444183f1fcbf99e0","imageurl":"/mcm/images/land/2S/5994_1bb01c3581e7.jpg","landname":"103"},{"id":281474999124222,"level":3,"status":1,"posx":11,"posy":25,"cityid":342,"townid":760,"tokenid":"43d2f3aaff9aa6260eb638e2d29155f4","tokenurl":"/mcm/api/land?token=43d2f3aaff9aa6260eb638e2d29155f4","imageurl":"/mcm/images/land/2B/14978_383bae329120.jpg","landname":"104"},{"id":281474999124223,"level":2,"status":0,"posx":12,"posy":25,"cityid":342,"townid":760,"tokenid":"3d49478320f74276a3b70bc9365f096d","tokenurl":"/mcm/api/land?token=3d49478320f74276a3b70bc9365f096d","imageurl":"/mcm/images/land/2A/8986_52ead89ee6f3.jpg","landname":"105"},{"id":281474999124224,"level":3,"status":1,"posx":17,"posy":25,"cityid":342,"townid":760,"tokenid":"6881eb16f48b0c3a54eefcf215263cf4","tokenurl":"/mcm/api/land?token=6881eb16f48b0c3a54eefcf215263cf4","imageurl":"/mcm/images/land/2B/14979_524a8d50fafb.jpg","landname":"106"},{"id":281474999124225,"level":3,"status":0,"posx":18,"posy":25,"cityid":342,"townid":760,"tokenid":"05cce4d08a8dc3a6dfb68c6158b73f05","tokenurl":"/mcm/api/land?token=05cce4d08a8dc3a6dfb68c6158b73f05","imageurl":"/mcm/images/land/2B/14980_4cd8e451dda6.jpg","landname":"107"},{"id":281474999124226,"level":3,"status":0,"posx":19,"posy":25,"cityid":342,"townid":760,"tokenid":"4aa4f79af6c0b018bb7af20b72fb04e8","tokenurl":"/mcm/api/land?token=4aa4f79af6c0b018bb7af20b72fb04e8","imageurl":"/mcm/images/land/2B/14981_58ab2606847e.jpg","landname":"108"},{"id":281474999124227,"level":3,"status":1,"posx":20,"posy":25,"cityid":342,"townid":760,"tokenid":"1e0f2e9d803ba245116cbe2113578b0e","tokenurl":"/mcm/api/land?token=1e0f2e9d803ba245116cbe2113578b0e","imageurl":"/mcm/images/land/2B/14982_3c748901eb43.jpg","landname":"109"},{"id":281474999124228,"level":2,"status":1,"posx":21,"posy":25,"cityid":342,"townid":760,"tokenid":"8f9c587eb20b1a61a31015e99b799665","tokenurl":"/mcm/api/land?token=8f9c587eb20b1a61a31015e99b799665","imageurl":"/mcm/images/land/2A/8987_12f3775518e0.jpg","landname":"110"},{"id":281474999124229,"level":3,"status":1,"posx":27,"posy":26,"cityid":342,"townid":760,"tokenid":"4aa3eb1ec8db7adf99f69313f129df2d","tokenurl":"/mcm/api/land?token=4aa3eb1ec8db7adf99f69313f129df2d","imageurl":"/mcm/images/land/2B/14983_a6f63caeb34.jpg","landname":"111"},{"id":281474999124230,"level":2,"status":0,"posx":28,"posy":26,"cityid":342,"townid":760,"tokenid":"d4507136d7047a44dd71578f56084c98","tokenurl":"/mcm/api/land?token=d4507136d7047a44dd71578f56084c98","imageurl":"/mcm/images/land/2A/8988_47244851c253.jpg","landname":"112"},{"id":281474999124231,"level":2,"status":0,"posx":27,"posy":27,"cityid":342,"townid":760,"tokenid":"2725e7019237452393caf76224abd8d0","tokenurl":"/mcm/api/land?token=2725e7019237452393caf76224abd8d0","imageurl":"/mcm/images/land/2A/8989_41c662939915.jpg","landname":"113"},{"id":281474999124232,"level":3,"status":0,"posx":28,"posy":27,"cityid":342,"townid":760,"tokenid":"9e4a84d31c88e3aeb15a267b0e808118","tokenurl":"/mcm/api/land?token=9e4a84d31c88e3aeb15a267b0e808118","imageurl":"/mcm/images/land/2B/14984_29da22b6aed2.jpg","landname":"114"},{"id":281474999124233,"level":3,"status":0,"posx":32,"posy":27,"cityid":342,"townid":760,"tokenid":"93bf72587319e253a5404ed23c0b1017","tokenurl":"/mcm/api/land?token=93bf72587319e253a5404ed23c0b1017","imageurl":"/mcm/images/land/2B/14985_167139330602.jpg","landname":"115"},{"id":281474999124234,"level":3,"status":0,"posx":33,"posy":27,"cityid":342,"townid":760,"tokenid":"c8cf2e1a46a416f0d07d9bf655cb33a1","tokenurl":"/mcm/api/land?token=c8cf2e1a46a416f0d07d9bf655cb33a1","imageurl":"/mcm/images/land/2B/14986_27f6bbf974a3.jpg","landname":"116"},{"id":281474999124235,"level":2,"status":0,"posx":8,"posy":28,"cityid":342,"townid":760,"tokenid":"9d24b753ba471c22ee9a18647f491c25","tokenurl":"/mcm/api/land?token=9d24b753ba471c22ee9a18647f491c25","imageurl":"/mcm/images/land/2A/8990_4586a3de097.jpg","landname":"117"},{"id":281474999124236,"level":2,"status":0,"posx":9,"posy":28,"cityid":342,"townid":760,"tokenid":"dc733434b5adc12dc84c8596e7cf2e20","tokenurl":"/mcm/api/land?token=dc733434b5adc12dc84c8596e7cf2e20","imageurl":"/mcm/images/land/2A/8991_35126185d7ce.jpg","landname":"118"},{"id":281474999124237,"level":1,"status":0,"posx":10,"posy":28,"cityid":342,"townid":760,"tokenid":"460d64a8e6d1febbff26f51954997dd0","tokenurl":"/mcm/api/land?token=460d64a8e6d1febbff26f51954997dd0","imageurl":"/mcm/images/land/2S/5995_39b1b5d8824.jpg","landname":"119"},{"id":281474999124238,"level":3,"status":0,"posx":11,"posy":28,"cityid":342,"townid":760,"tokenid":"c3be1e34312ca2d902baf434d5485321","tokenurl":"/mcm/api/land?token=c3be1e34312ca2d902baf434d5485321","imageurl":"/mcm/images/land/2B/14987_29a220679b59.jpg","landname":"120"},{"id":281474999124239,"level":1,"status":1,"posx":12,"posy":28,"cityid":342,"townid":760,"tokenid":"ee4e137e730940f92d8aecdf8b87e956","tokenurl":"/mcm/api/land?token=ee4e137e730940f92d8aecdf8b87e956","imageurl":"/mcm/images/land/2S/5996_499ca8ea753.jpg","landname":"121"},{"id":281474999124240,"level":3,"status":0,"posx":17,"posy":28,"cityid":342,"townid":760,"tokenid":"12accd2bdfcb03ae5be72eacab6e0ac8","tokenurl":"/mcm/api/land?token=12accd2bdfcb03ae5be72eacab6e0ac8","imageurl":"/mcm/images/land/2B/14988_47d4d074e115.jpg","landname":"122"},{"id":281474999124241,"level":2,"status":0,"posx":18,"posy":28,"cityid":342,"townid":760,"tokenid":"f0669623fef74c61c19f100b9b32cfa1","tokenurl":"/mcm/api/land?token=f0669623fef74c61c19f100b9b32cfa1","imageurl":"/mcm/images/land/2A/8992_ebaeae691d8.jpg","landname":"123"},{"id":281474999124242,"level":2,"status":0,"posx":19,"posy":28,"cityid":342,"townid":760,"tokenid":"584a1732afbdd31878ae2b5a1c585836","tokenurl":"/mcm/api/land?token=584a1732afbdd31878ae2b5a1c585836","imageurl":"/mcm/images/land/2A/8993_45fceef7dc14.jpg","landname":"124"},{"id":281474999124243,"level":1,"status":0,"posx":20,"posy":28,"cityid":342,"townid":760,"tokenid":"8ce67dea4a98ab2257694355f2395140","tokenurl":"/mcm/api/land?token=8ce67dea4a98ab2257694355f2395140","imageurl":"/mcm/images/land/2S/5997_2da8ec6ecd98.jpg","landname":"125"},{"id":281474999124244,"level":3,"status":1,"posx":21,"posy":28,"cityid":342,"townid":760,"tokenid":"085852caa89f91822d0fced3d2044b6f","tokenurl":"/mcm/api/land?token=085852caa89f91822d0fced3d2044b6f","imageurl":"/mcm/images/land/2B/14989_3ecdd1f6e0ce.jpg","landname":"126"},{"id":281474999124245,"level":3,"status":1,"posx":27,"posy":28,"cityid":342,"townid":760,"tokenid":"9928f833dc0841b4f7eb2a86a7cfee56","tokenurl":"/mcm/api/land?token=9928f833dc0841b4f7eb2a86a7cfee56","imageurl":"/mcm/images/land/2B/14990_1825291e5417.jpg","landname":"127"},{"id":281474999124246,"level":3,"status":0,"posx":28,"posy":28,"cityid":342,"townid":760,"tokenid":"66a0b6325445fee8f76e88b1db0b7641","tokenurl":"/mcm/api/land?token=66a0b6325445fee8f76e88b1db0b7641","imageurl":"/mcm/images/land/2B/14991_488a37c76972.jpg","landname":"128"},{"id":281474999124247,"level":2,"status":0,"posx":32,"posy":28,"cityid":342,"townid":760,"tokenid":"f5ff3bc7c34ebfcd4e7c9a68d40c312d","tokenurl":"/mcm/api/land?token=f5ff3bc7c34ebfcd4e7c9a68d40c312d","imageurl":"/mcm/images/land/2A/8994_2c69085994a4.jpg","landname":"129"},{"id":281474999124248,"level":2,"status":1,"posx":33,"posy":28,"cityid":342,"townid":760,"tokenid":"e4dfcde8aebff1354c29e4a23e048bbb","tokenurl":"/mcm/api/land?token=e4dfcde8aebff1354c29e4a23e048bbb","imageurl":"/mcm/images/land/2A/8995_154d1bb9524c.jpg","landname":"130"},{"id":281474999124249,"level":1,"status":0,"posx":8,"posy":29,"cityid":342,"townid":760,"tokenid":"64b593fdca270c3dc93cf45e005dd67f","tokenurl":"/mcm/api/land?token=64b593fdca270c3dc93cf45e005dd67f","imageurl":"/mcm/images/land/2S/5998_443e12b7a2d3.jpg","landname":"131"},{"id":281474999124250,"level":2,"status":0,"posx":9,"posy":29,"cityid":342,"townid":760,"tokenid":"0c8a34384035ee863d1de3e72c1f84d0","tokenurl":"/mcm/api/land?token=0c8a34384035ee863d1de3e72c1f84d0","imageurl":"/mcm/images/land/2A/8996_1cf42e551758.jpg","landname":"132"},{"id":281474999124251,"level":3,"status":0,"posx":10,"posy":29,"cityid":342,"townid":760,"tokenid":"232bb7dc06654f8acfea36596b02b0ee","tokenurl":"/mcm/api/land?token=232bb7dc06654f8acfea36596b02b0ee","imageurl":"/mcm/images/land/2B/14992_3e0676ba0751.jpg","landname":"133"},{"id":281474999124252,"level":2,"status":1,"posx":11,"posy":29,"cityid":342,"townid":760,"tokenid":"24676d9eb08c0da0c0f4517c936b1a67","tokenurl":"/mcm/api/land?token=24676d9eb08c0da0c0f4517c936b1a67","imageurl":"/mcm/images/land/2A/8997_491e4b62e054.jpg","landname":"134"},{"id":281474999124253,"level":2,"status":1,"posx":12,"posy":29,"cityid":342,"townid":760,"tokenid":"810d452407db051b3a2d75bab1c31578","tokenurl":"/mcm/api/land?token=810d452407db051b3a2d75bab1c31578","imageurl":"/mcm/images/land/2A/8998_32a26a2fc34c.jpg","landname":"135"},{"id":281474999124254,"level":1,"status":1,"posx":17,"posy":29,"cityid":342,"townid":760,"tokenid":"cd3680d43c7b9c5a0f7eeedf53727a06","tokenurl":"/mcm/api/land?token=cd3680d43c7b9c5a0f7eeedf53727a06","imageurl":"/mcm/images/land/2S/5999_518b7c82e614.jpg","landname":"136"},{"id":281474999124255,"level":3,"status":1,"posx":18,"posy":29,"cityid":342,"townid":760,"tokenid":"81df475252389f9b08e658f6d85ddf86","tokenurl":"/mcm/api/land?token=81df475252389f9b08e658f6d85ddf86","imageurl":"/mcm/images/land/2B/14993_f0c157c3a45.jpg","landname":"137"},{"id":281474999124256,"level":2,"status":0,"posx":19,"posy":29,"cityid":342,"townid":760,"tokenid":"0423cb934a29984fa5f981c8d217d60a","tokenurl":"/mcm/api/land?token=0423cb934a29984fa5f981c8d217d60a","imageurl":"/mcm/images/land/2A/8999_161cbf4b5c05.jpg","landname":"138"},{"id":281474999124257,"level":3,"status":0,"posx":20,"posy":29,"cityid":342,"townid":760,"tokenid":"57a685f9a5b16cdb4da405ccc39682c9","tokenurl":"/mcm/api/land?token=57a685f9a5b16cdb4da405ccc39682c9","imageurl":"/mcm/images/land/2B/14994_3515e3de462e.jpg","landname":"139"},{"id":281474999124258,"level":3,"status":1,"posx":21,"posy":29,"cityid":342,"townid":760,"tokenid":"6c890d6dd036210f86f3c7289117a5de","tokenurl":"/mcm/api/land?token=6c890d6dd036210f86f3c7289117a5de","imageurl":"/mcm/images/land/2B/14995_522a5a20f1c1.jpg","landname":"140"},{"id":281474999124259,"level":2,"status":0,"posx":27,"posy":29,"cityid":342,"townid":760,"tokenid":"0f42f1942ef8b5239c187dfb3bc99106","tokenurl":"/mcm/api/land?token=0f42f1942ef8b5239c187dfb3bc99106","imageurl":"/mcm/images/land/2A/9000_430f906ac08b.jpg","landname":"141"},{"id":281474999124260,"level":3,"status":1,"posx":28,"posy":29,"cityid":342,"townid":760,"tokenid":"172bf4062f35bf8deb869ddbc3416dc5","tokenurl":"/mcm/api/land?token=172bf4062f35bf8deb869ddbc3416dc5","imageurl":"/mcm/images/land/2B/14996_3390887bad3f.jpg","landname":"142"},{"id":281474999124261,"level":1,"status":1,"posx":32,"posy":29,"cityid":342,"townid":760,"tokenid":"d5a40dc83161a6a74b2d85df10a6f3e6","tokenurl":"/mcm/api/land?token=d5a40dc83161a6a74b2d85df10a6f3e6","imageurl":"/mcm/images/land/2S/6000_42e6c9aaf15d.jpg","landname":"143"},{"id":281474999124262,"level":3,"status":1,"posx":33,"posy":29,"cityid":342,"townid":760,"tokenid":"7b2e8b7d2a8cef7b72d475ddde137ddd","tokenurl":"/mcm/api/land?token=7b2e8b7d2a8cef7b72d475ddde137ddd","imageurl":"/mcm/images/land/2B/14997_1aeed1d100f3.jpg","landname":"144"},{"id":281474999124263,"level":3,"status":0,"posx":27,"posy":30,"cityid":342,"townid":760,"tokenid":"16cf9cacc559e2489f2817a58ebf0641","tokenurl":"/mcm/api/land?token=16cf9cacc559e2489f2817a58ebf0641","imageurl":"/mcm/images/land/2B/14998_499991d5e7ea.jpg","landname":"145"},{"id":281474999124264,"level":1,"status":1,"posx":28,"posy":30,"cityid":342,"townid":760,"tokenid":"44d539ade7fb9bfa215b16e45ca81df7","tokenurl":"/mcm/api/land?token=44d539ade7fb9bfa215b16e45ca81df7","imageurl":"/mcm/images/land/2S/6001_1a2005bef8da.jpg","landname":"146"},{"id":281474999124265,"level":3,"status":0,"posx":32,"posy":30,"cityid":342,"townid":760,"tokenid":"1ffb7aeb195e122285410237f878beb1","tokenurl":"/mcm/api/land?token=1ffb7aeb195e122285410237f878beb1","imageurl":"/mcm/images/land/2B/14999_276228c2ffb.jpg","landname":"147"},{"id":281474999124266,"level":3,"status":1,"posx":33,"posy":30,"cityid":342,"townid":760,"tokenid":"e7ddeb5aafc9c01424ed02de95e026c2","tokenurl":"/mcm/api/land?token=e7ddeb5aafc9c01424ed02de95e026c2","imageurl":"/mcm/images/land/2B/15000_2dd1fef29bba.jpg","landname":"148"},{"id":281474999124267,"level":2,"status":1,"posx":32,"posy":31,"cityid":342,"townid":760,"tokenid":"749f4f36213147804f55f4fc762305fa","tokenurl":"/mcm/api/land?token=749f4f36213147804f55f4fc762305fa","imageurl":"/mcm/images/land/2A/9001_4fbe827a244.jpg","landname":"149"},{"id":281474999124268,"level":3,"status":1,"posx":33,"posy":31,"cityid":342,"townid":760,"tokenid":"c6060eb8949b3a0c1f98576b78cd8f29","tokenurl":"/mcm/api/land?token=c6060eb8949b3a0c1f98576b78cd8f29","imageurl":"/mcm/images/land/2B/15001_4d2526507240.jpg","landname":"150"}]]],0,0,[],[],[]]
