[1,0,0,[["cc.JsonAsset",["_name","json"],1]],[[0,0,1,3]],[[0,"144",[{"id":281474980249751,"level":3,"status":0,"posx":7,"posy":5,"cityid":54,"townid":144,"tokenid":"ce7a6bfb6540b182377b244aca51e0f3","tokenurl":"/mcm/api/land?token=ce7a6bfb6540b182377b244aca51e0f3","imageurl":"/mcm/images/land/2B/5327_167b0ced80bb.jpg","landname":"1"},{"id":281474980249752,"level":2,"status":1,"posx":8,"posy":5,"cityid":54,"townid":144,"tokenid":"08c6bed72150367d36e41860565e3eb2","tokenurl":"/mcm/api/land?token=08c6bed72150367d36e41860565e3eb2","imageurl":"/mcm/images/land/2A/3197_4b9f1ebbfd0a.jpg","landname":"2"},{"id":281474980249753,"level":3,"status":1,"posx":16,"posy":5,"cityid":54,"townid":144,"tokenid":"dbf36c1ca23d0ec898fe9208fb84d04c","tokenurl":"/mcm/api/land?token=dbf36c1ca23d0ec898fe9208fb84d04c","imageurl":"/mcm/images/land/2B/5328_3d451b695aa4.jpg","landname":"3"},{"id":281474980249754,"level":3,"status":0,"posx":17,"posy":5,"cityid":54,"townid":144,"tokenid":"29882a47dafe799edeacce5062bf5572","tokenurl":"/mcm/api/land?token=29882a47dafe799edeacce5062bf5572","imageurl":"/mcm/images/land/2B/5329_2b1af1bc7f3c.jpg","landname":"4"},{"id":281474980249755,"level":3,"status":0,"posx":20,"posy":5,"cityid":54,"townid":144,"tokenid":"3f39b0689c6f1c446a177bf81d56a9e7","tokenurl":"/mcm/api/land?token=3f39b0689c6f1c446a177bf81d56a9e7","imageurl":"/mcm/images/land/2B/5330_4e8074eb1779.jpg","landname":"5"},{"id":281474980249756,"level":3,"status":0,"posx":21,"posy":5,"cityid":54,"townid":144,"tokenid":"3a6f0822b93fec3164101fd27f31f3ae","tokenurl":"/mcm/api/land?token=3a6f0822b93fec3164101fd27f31f3ae","imageurl":"/mcm/images/land/2B/5331_2e00d17cc212.jpg","landname":"6"},{"id":281474980249757,"level":2,"status":0,"posx":7,"posy":6,"cityid":54,"townid":144,"tokenid":"0d8bfef129ec8dc1636f12243fe5c668","tokenurl":"/mcm/api/land?token=0d8bfef129ec8dc1636f12243fe5c668","imageurl":"/mcm/images/land/2A/3198_4feec51e5c27.jpg","landname":"7"},{"id":281474980249758,"level":3,"status":1,"posx":8,"posy":6,"cityid":54,"townid":144,"tokenid":"4a196bb2658a9606d010a23067b7178a","tokenurl":"/mcm/api/land?token=4a196bb2658a9606d010a23067b7178a","imageurl":"/mcm/images/land/2B/5332_46b7af8ef71a.jpg","landname":"8"},{"id":281474980249759,"level":3,"status":1,"posx":16,"posy":6,"cityid":54,"townid":144,"tokenid":"2985382a250008026eda3fc3b8f2cbb7","tokenurl":"/mcm/api/land?token=2985382a250008026eda3fc3b8f2cbb7","imageurl":"/mcm/images/land/2B/5333_37b21fd2f7d5.jpg","landname":"9"},{"id":281474980249760,"level":2,"status":1,"posx":17,"posy":6,"cityid":54,"townid":144,"tokenid":"24f5f60f74e22014344e3911dd768700","tokenurl":"/mcm/api/land?token=24f5f60f74e22014344e3911dd768700","imageurl":"/mcm/images/land/2A/3199_392e3ddc02f7.jpg","landname":"10"},{"id":281474980249761,"level":3,"status":1,"posx":20,"posy":6,"cityid":54,"townid":144,"tokenid":"135223136129d7fd21e3e86f04ca7454","tokenurl":"/mcm/api/land?token=135223136129d7fd21e3e86f04ca7454","imageurl":"/mcm/images/land/2B/5334_1e0cf07172c3.jpg","landname":"11"},{"id":281474980249762,"level":3,"status":0,"posx":21,"posy":6,"cityid":54,"townid":144,"tokenid":"6d93af24d8fc80f7bf9014855821f6d2","tokenurl":"/mcm/api/land?token=6d93af24d8fc80f7bf9014855821f6d2","imageurl":"/mcm/images/land/2B/5335_b304034e0eb.jpg","landname":"12"},{"id":281474980249763,"level":3,"status":0,"posx":7,"posy":7,"cityid":54,"townid":144,"tokenid":"c3852e4265e0f27d4f73a6eb7d7e6ce7","tokenurl":"/mcm/api/land?token=c3852e4265e0f27d4f73a6eb7d7e6ce7","imageurl":"/mcm/images/land/2B/5336_3e50826dc990.jpg","landname":"13"},{"id":281474980249764,"level":3,"status":0,"posx":8,"posy":7,"cityid":54,"townid":144,"tokenid":"2ceb4fe4513e61d3699c652ae2381493","tokenurl":"/mcm/api/land?token=2ceb4fe4513e61d3699c652ae2381493","imageurl":"/mcm/images/land/2B/5337_4ef20033311e.jpg","landname":"14"},{"id":281474980249765,"level":3,"status":0,"posx":16,"posy":7,"cityid":54,"townid":144,"tokenid":"e3dce25e207571849650f7200196adc7","tokenurl":"/mcm/api/land?token=e3dce25e207571849650f7200196adc7","imageurl":"/mcm/images/land/2B/5338_958c579e838.jpg","landname":"15"},{"id":281474980249766,"level":3,"status":1,"posx":17,"posy":7,"cityid":54,"townid":144,"tokenid":"d39941d566393ad361cd6b5852a821b0","tokenurl":"/mcm/api/land?token=d39941d566393ad361cd6b5852a821b0","imageurl":"/mcm/images/land/2B/5339_5554c7c98d0a.jpg","landname":"16"},{"id":281474980249767,"level":2,"status":0,"posx":20,"posy":7,"cityid":54,"townid":144,"tokenid":"1ab6b06a58c52bf16e7f5e3ce0f804bc","tokenurl":"/mcm/api/land?token=1ab6b06a58c52bf16e7f5e3ce0f804bc","imageurl":"/mcm/images/land/2A/3200_3ce6be630ac3.jpg","landname":"17"},{"id":281474980249768,"level":1,"status":1,"posx":21,"posy":7,"cityid":54,"townid":144,"tokenid":"e2c5d334b5b18279f605ad9044be3539","tokenurl":"/mcm/api/land?token=e2c5d334b5b18279f605ad9044be3539","imageurl":"/mcm/images/land/2S/2132_1d62e4100505.jpg","landname":"18"},{"id":281474980249769,"level":2,"status":0,"posx":7,"posy":8,"cityid":54,"townid":144,"tokenid":"c6499ccbe1a4e7e0172e1b9596c5cce6","tokenurl":"/mcm/api/land?token=c6499ccbe1a4e7e0172e1b9596c5cce6","imageurl":"/mcm/images/land/2A/3201_20c0ba49e6fb.jpg","landname":"19"},{"id":281474980249770,"level":1,"status":1,"posx":8,"posy":8,"cityid":54,"townid":144,"tokenid":"70851f455a854932ad98bf45fd4e0e06","tokenurl":"/mcm/api/land?token=70851f455a854932ad98bf45fd4e0e06","imageurl":"/mcm/images/land/2S/2133_1823459827a5.jpg","landname":"20"},{"id":281474980249771,"level":2,"status":1,"posx":16,"posy":8,"cityid":54,"townid":144,"tokenid":"99c4e81aa4dd160ab3b2839c36a1e1af","tokenurl":"/mcm/api/land?token=99c4e81aa4dd160ab3b2839c36a1e1af","imageurl":"/mcm/images/land/2A/3202_482bf26f9c24.jpg","landname":"21"},{"id":281474980249772,"level":2,"status":1,"posx":17,"posy":8,"cityid":54,"townid":144,"tokenid":"13c78f45e2b5cd22c4466f1f328f84e7","tokenurl":"/mcm/api/land?token=13c78f45e2b5cd22c4466f1f328f84e7","imageurl":"/mcm/images/land/2A/3203_57242beef9bb.jpg","landname":"22"},{"id":281474980249773,"level":3,"status":1,"posx":20,"posy":8,"cityid":54,"townid":144,"tokenid":"e5e4bc536c39a76e3c9cc220f3c50e13","tokenurl":"/mcm/api/land?token=e5e4bc536c39a76e3c9cc220f3c50e13","imageurl":"/mcm/images/land/2B/5340_29b0acfd661a.jpg","landname":"23"},{"id":281474980249774,"level":2,"status":1,"posx":21,"posy":8,"cityid":54,"townid":144,"tokenid":"57be26bb5487e296215ab9c79c8b8edf","tokenurl":"/mcm/api/land?token=57be26bb5487e296215ab9c79c8b8edf","imageurl":"/mcm/images/land/2A/3204_3bbd19b825c5.jpg","landname":"24"},{"id":281474980249775,"level":2,"status":0,"posx":28,"posy":8,"cityid":54,"townid":144,"tokenid":"d036bcab80c9eae9f61edd421de4d2d3","tokenurl":"/mcm/api/land?token=d036bcab80c9eae9f61edd421de4d2d3","imageurl":"/mcm/images/land/2A/3205_3d7ce077ae7c.jpg","landname":"25"},{"id":281474980249776,"level":3,"status":0,"posx":29,"posy":8,"cityid":54,"townid":144,"tokenid":"fc9d3c4f410a041b3067af11c28ae3c2","tokenurl":"/mcm/api/land?token=fc9d3c4f410a041b3067af11c28ae3c2","imageurl":"/mcm/images/land/2B/5341_3a4a7b4fab97.jpg","landname":"26"},{"id":281474980249777,"level":1,"status":1,"posx":32,"posy":8,"cityid":54,"townid":144,"tokenid":"451158a88aadf9ee4477ff3c6b53423f","tokenurl":"/mcm/api/land?token=451158a88aadf9ee4477ff3c6b53423f","imageurl":"/mcm/images/land/2S/2134_892b1b82043.jpg","landname":"27"},{"id":281474980249778,"level":1,"status":1,"posx":33,"posy":8,"cityid":54,"townid":144,"tokenid":"8598e25ca317699099bd587f76c29174","tokenurl":"/mcm/api/land?token=8598e25ca317699099bd587f76c29174","imageurl":"/mcm/images/land/2S/2135_101015caced4.jpg","landname":"28"},{"id":281474980249779,"level":2,"status":1,"posx":7,"posy":9,"cityid":54,"townid":144,"tokenid":"224a522272976ada0bb5833bce35d349","tokenurl":"/mcm/api/land?token=224a522272976ada0bb5833bce35d349","imageurl":"/mcm/images/land/2A/3206_4a982f0de5f1.jpg","landname":"29"},{"id":281474980249780,"level":1,"status":1,"posx":8,"posy":9,"cityid":54,"townid":144,"tokenid":"3e8784d35882bc239f38c489b2bb95c9","tokenurl":"/mcm/api/land?token=3e8784d35882bc239f38c489b2bb95c9","imageurl":"/mcm/images/land/2S/2136_10fac9d9f475.jpg","landname":"30"},{"id":281474980249781,"level":3,"status":1,"posx":16,"posy":9,"cityid":54,"townid":144,"tokenid":"b5d7bb6ccf3c6db66acd63ef6110e425","tokenurl":"/mcm/api/land?token=b5d7bb6ccf3c6db66acd63ef6110e425","imageurl":"/mcm/images/land/2B/5342_52657d180b7e.jpg","landname":"31"},{"id":281474980249782,"level":1,"status":1,"posx":17,"posy":9,"cityid":54,"townid":144,"tokenid":"4307978dea741ac5a0f80674dffc85df","tokenurl":"/mcm/api/land?token=4307978dea741ac5a0f80674dffc85df","imageurl":"/mcm/images/land/2S/2137_57d2d9f8e72.jpg","landname":"32"},{"id":281474980249783,"level":3,"status":1,"posx":20,"posy":9,"cityid":54,"townid":144,"tokenid":"2723111609ddad699ddff5ec7e38a87f","tokenurl":"/mcm/api/land?token=2723111609ddad699ddff5ec7e38a87f","imageurl":"/mcm/images/land/2B/5343_49e8c362b83e.jpg","landname":"33"},{"id":281474980249784,"level":2,"status":0,"posx":21,"posy":9,"cityid":54,"townid":144,"tokenid":"0aa075c22a729958913964a49f9857db","tokenurl":"/mcm/api/land?token=0aa075c22a729958913964a49f9857db","imageurl":"/mcm/images/land/2A/3207_3955a35c6f8a.jpg","landname":"34"},{"id":281474980249785,"level":2,"status":0,"posx":28,"posy":9,"cityid":54,"townid":144,"tokenid":"3dc4648144b506258c7a7d0afaf601b0","tokenurl":"/mcm/api/land?token=3dc4648144b506258c7a7d0afaf601b0","imageurl":"/mcm/images/land/2A/3208_7d34b293b1d.jpg","landname":"35"},{"id":281474980249786,"level":1,"status":0,"posx":29,"posy":9,"cityid":54,"townid":144,"tokenid":"083949a734eb4822791001c98f1ce2b6","tokenurl":"/mcm/api/land?token=083949a734eb4822791001c98f1ce2b6","imageurl":"/mcm/images/land/2S/2138_3ac68048bd0f.jpg","landname":"36"},{"id":281474980249787,"level":3,"status":1,"posx":32,"posy":9,"cityid":54,"townid":144,"tokenid":"95581e7eea9fb6093bc62653cb097814","tokenurl":"/mcm/api/land?token=95581e7eea9fb6093bc62653cb097814","imageurl":"/mcm/images/land/2B/5344_43027c12e96c.jpg","landname":"37"},{"id":281474980249788,"level":2,"status":0,"posx":33,"posy":9,"cityid":54,"townid":144,"tokenid":"3eb649a80e0106f1c5d088e943ff9c5c","tokenurl":"/mcm/api/land?token=3eb649a80e0106f1c5d088e943ff9c5c","imageurl":"/mcm/images/land/2A/3209_364ba8b33ef3.jpg","landname":"38"},{"id":281474980249789,"level":2,"status":0,"posx":28,"posy":10,"cityid":54,"townid":144,"tokenid":"b47f8cee1d598ce553d4325d40b51330","tokenurl":"/mcm/api/land?token=b47f8cee1d598ce553d4325d40b51330","imageurl":"/mcm/images/land/2A/3210_29c6d1f43c0e.jpg","landname":"39"},{"id":281474980249790,"level":3,"status":0,"posx":29,"posy":10,"cityid":54,"townid":144,"tokenid":"8bebd8e4a47d27fa85cb2656ad9184b5","tokenurl":"/mcm/api/land?token=8bebd8e4a47d27fa85cb2656ad9184b5","imageurl":"/mcm/images/land/2B/5345_4f4139709f23.jpg","landname":"40"},{"id":281474980249791,"level":2,"status":1,"posx":32,"posy":10,"cityid":54,"townid":144,"tokenid":"3395d9d26bf437c23ae4b550f5c8a4c4","tokenurl":"/mcm/api/land?token=3395d9d26bf437c23ae4b550f5c8a4c4","imageurl":"/mcm/images/land/2A/3211_1beb7e2d05ad.jpg","landname":"41"},{"id":281474980249792,"level":3,"status":1,"posx":33,"posy":10,"cityid":54,"townid":144,"tokenid":"57dbd99984e5a902811bc259d250968c","tokenurl":"/mcm/api/land?token=57dbd99984e5a902811bc259d250968c","imageurl":"/mcm/images/land/2B/5346_29309e498c11.jpg","landname":"42"},{"id":281474980249793,"level":1,"status":0,"posx":28,"posy":11,"cityid":54,"townid":144,"tokenid":"d4be589d9b337086f1ccf5112599c672","tokenurl":"/mcm/api/land?token=d4be589d9b337086f1ccf5112599c672","imageurl":"/mcm/images/land/2S/2139_42f635aafe39.jpg","landname":"43"},{"id":281474980249794,"level":3,"status":0,"posx":29,"posy":11,"cityid":54,"townid":144,"tokenid":"6108ddc2ee4f76e8aa5a310048ecfe52","tokenurl":"/mcm/api/land?token=6108ddc2ee4f76e8aa5a310048ecfe52","imageurl":"/mcm/images/land/2B/5347_3cb76577e9e8.jpg","landname":"44"},{"id":281474980249795,"level":1,"status":0,"posx":32,"posy":11,"cityid":54,"townid":144,"tokenid":"4da926b99bd4546a46e2f884b4f46f78","tokenurl":"/mcm/api/land?token=4da926b99bd4546a46e2f884b4f46f78","imageurl":"/mcm/images/land/2S/2140_2fe71d846f94.jpg","landname":"45"},{"id":281474980249796,"level":3,"status":0,"posx":33,"posy":11,"cityid":54,"townid":144,"tokenid":"fde1f5b576f96293d62b31d5cddfc2ee","tokenurl":"/mcm/api/land?token=fde1f5b576f96293d62b31d5cddfc2ee","imageurl":"/mcm/images/land/2B/5348_3bc4305100eb.jpg","landname":"46"},{"id":281474980249797,"level":2,"status":0,"posx":28,"posy":12,"cityid":54,"townid":144,"tokenid":"12051fba8d033def9efb358132bd724f","tokenurl":"/mcm/api/land?token=12051fba8d033def9efb358132bd724f","imageurl":"/mcm/images/land/2A/3212_5359d3575ed0.jpg","landname":"47"},{"id":281474980249798,"level":2,"status":1,"posx":29,"posy":12,"cityid":54,"townid":144,"tokenid":"d63f0faa7440c7b4189f52ad5b5ce27b","tokenurl":"/mcm/api/land?token=d63f0faa7440c7b4189f52ad5b5ce27b","imageurl":"/mcm/images/land/2A/3213_37aecccaf979.jpg","landname":"48"},{"id":281474980249799,"level":2,"status":0,"posx":32,"posy":12,"cityid":54,"townid":144,"tokenid":"d9b401c607fbdc346bb4defe953eaad2","tokenurl":"/mcm/api/land?token=d9b401c607fbdc346bb4defe953eaad2","imageurl":"/mcm/images/land/2A/3214_44ff315d902b.jpg","landname":"49"},{"id":281474980249800,"level":3,"status":1,"posx":33,"posy":12,"cityid":54,"townid":144,"tokenid":"d72a1498c678c9872ef4f5b718a8086e","tokenurl":"/mcm/api/land?token=d72a1498c678c9872ef4f5b718a8086e","imageurl":"/mcm/images/land/2B/5349_15478e8b619.jpg","landname":"50"},{"id":281474980249801,"level":2,"status":1,"posx":23,"posy":14,"cityid":54,"townid":144,"tokenid":"f992d1a9e8dbb661f8d4671d6fef21c6","tokenurl":"/mcm/api/land?token=f992d1a9e8dbb661f8d4671d6fef21c6","imageurl":"/mcm/images/land/2A/3215_3028bb6f6991.jpg","landname":"51"},{"id":281474980249802,"level":3,"status":1,"posx":24,"posy":14,"cityid":54,"townid":144,"tokenid":"104fc4458e9fe2c064ded2fe849318b5","tokenurl":"/mcm/api/land?token=104fc4458e9fe2c064ded2fe849318b5","imageurl":"/mcm/images/land/2B/5350_3727ab9c4bf9.jpg","landname":"52"},{"id":281474980249803,"level":3,"status":1,"posx":23,"posy":15,"cityid":54,"townid":144,"tokenid":"dab1058fcac0cdf8144838ec51b1c102","tokenurl":"/mcm/api/land?token=dab1058fcac0cdf8144838ec51b1c102","imageurl":"/mcm/images/land/2B/5351_4a430d13408a.jpg","landname":"53"},{"id":281474980249804,"level":2,"status":0,"posx":24,"posy":15,"cityid":54,"townid":144,"tokenid":"3287ddab6acc32512ac08f5afa6433d3","tokenurl":"/mcm/api/land?token=3287ddab6acc32512ac08f5afa6433d3","imageurl":"/mcm/images/land/2A/3216_3a39b3528bd0.jpg","landname":"54"},{"id":281474980249805,"level":3,"status":0,"posx":33,"posy":15,"cityid":54,"townid":144,"tokenid":"e9c39b0f9aedbbed33f71031ca40c0d6","tokenurl":"/mcm/api/land?token=e9c39b0f9aedbbed33f71031ca40c0d6","imageurl":"/mcm/images/land/2B/5352_570b69f804ff.jpg","landname":"55"},{"id":281474980249806,"level":3,"status":0,"posx":34,"posy":15,"cityid":54,"townid":144,"tokenid":"f74a5db358a08b8b599ea6e92801539d","tokenurl":"/mcm/api/land?token=f74a5db358a08b8b599ea6e92801539d","imageurl":"/mcm/images/land/2B/5353_18612db2e342.jpg","landname":"56"},{"id":281474980249807,"level":1,"status":0,"posx":11,"posy":16,"cityid":54,"townid":144,"tokenid":"9afce730eaa2179e1dfddaa6d05a5c83","tokenurl":"/mcm/api/land?token=9afce730eaa2179e1dfddaa6d05a5c83","imageurl":"/mcm/images/land/2S/2141_25a5b2c0e53a.jpg","landname":"57"},{"id":281474980249808,"level":3,"status":1,"posx":12,"posy":16,"cityid":54,"townid":144,"tokenid":"9bfb25cea66772f942cd745abe5c9ec1","tokenurl":"/mcm/api/land?token=9bfb25cea66772f942cd745abe5c9ec1","imageurl":"/mcm/images/land/2B/5354_48b5b0a951c5.jpg","landname":"58"},{"id":281474980249809,"level":1,"status":0,"posx":23,"posy":16,"cityid":54,"townid":144,"tokenid":"d2cce818191a8e5d8fd76bef050f4256","tokenurl":"/mcm/api/land?token=d2cce818191a8e5d8fd76bef050f4256","imageurl":"/mcm/images/land/2S/2142_234f8db7a6ad.jpg","landname":"59"},{"id":281474980249810,"level":3,"status":1,"posx":24,"posy":16,"cityid":54,"townid":144,"tokenid":"3fe496122fa901b22a1f9c3800cd7cde","tokenurl":"/mcm/api/land?token=3fe496122fa901b22a1f9c3800cd7cde","imageurl":"/mcm/images/land/2B/5355_ee746f8afc7.jpg","landname":"60"},{"id":281474980249811,"level":3,"status":1,"posx":33,"posy":16,"cityid":54,"townid":144,"tokenid":"db5ec8f3c10cfe6ff77f2f9e7917588f","tokenurl":"/mcm/api/land?token=db5ec8f3c10cfe6ff77f2f9e7917588f","imageurl":"/mcm/images/land/2B/5356_28556d0d4b33.jpg","landname":"61"},{"id":281474980249812,"level":3,"status":1,"posx":34,"posy":16,"cityid":54,"townid":144,"tokenid":"d65d3dca239c70dba961243711e6bc22","tokenurl":"/mcm/api/land?token=d65d3dca239c70dba961243711e6bc22","imageurl":"/mcm/images/land/2B/5357_65e1bcafb1.jpg","landname":"62"},{"id":281474980249813,"level":3,"status":1,"posx":11,"posy":17,"cityid":54,"townid":144,"tokenid":"8e24838867d9d24d3604d09eab1b1f27","tokenurl":"/mcm/api/land?token=8e24838867d9d24d3604d09eab1b1f27","imageurl":"/mcm/images/land/2B/5358_2ad5cb6ea646.jpg","landname":"63"},{"id":281474980249814,"level":2,"status":0,"posx":12,"posy":17,"cityid":54,"townid":144,"tokenid":"55dc0a493831233b1d922b1873f01e4e","tokenurl":"/mcm/api/land?token=55dc0a493831233b1d922b1873f01e4e","imageurl":"/mcm/images/land/2A/3217_1bc90bfe070c.jpg","landname":"64"},{"id":281474980249815,"level":1,"status":0,"posx":23,"posy":17,"cityid":54,"townid":144,"tokenid":"b2593d99904425b70a3eae5df3ee52a4","tokenurl":"/mcm/api/land?token=b2593d99904425b70a3eae5df3ee52a4","imageurl":"/mcm/images/land/2S/2143_98288069a54.jpg","landname":"65"},{"id":281474980249816,"level":3,"status":0,"posx":24,"posy":17,"cityid":54,"townid":144,"tokenid":"4f836ab684c09c8f4f7748caf10df2af","tokenurl":"/mcm/api/land?token=4f836ab684c09c8f4f7748caf10df2af","imageurl":"/mcm/images/land/2B/5359_3ee343eb93e1.jpg","landname":"66"},{"id":281474980249817,"level":2,"status":1,"posx":33,"posy":17,"cityid":54,"townid":144,"tokenid":"bd5f99cc00a681e5ec2285cf72f07b65","tokenurl":"/mcm/api/land?token=bd5f99cc00a681e5ec2285cf72f07b65","imageurl":"/mcm/images/land/2A/3218_1eda59b3165c.jpg","landname":"67"},{"id":281474980249818,"level":1,"status":1,"posx":34,"posy":17,"cityid":54,"townid":144,"tokenid":"c7a3f1d7a92ea8e02af0c957991b5b00","tokenurl":"/mcm/api/land?token=c7a3f1d7a92ea8e02af0c957991b5b00","imageurl":"/mcm/images/land/2S/2144_1b6213d88dab.jpg","landname":"68"},{"id":281474980249819,"level":2,"status":0,"posx":7,"posy":18,"cityid":54,"townid":144,"tokenid":"add7b8077674a6a21b4fb05c409febe3","tokenurl":"/mcm/api/land?token=add7b8077674a6a21b4fb05c409febe3","imageurl":"/mcm/images/land/2A/3219_10e825c73425.jpg","landname":"69"},{"id":281474980249820,"level":3,"status":0,"posx":8,"posy":18,"cityid":54,"townid":144,"tokenid":"de4de121e234e27f7e8a9c4b36015be8","tokenurl":"/mcm/api/land?token=de4de121e234e27f7e8a9c4b36015be8","imageurl":"/mcm/images/land/2B/5360_54ea080c3f64.jpg","landname":"70"},{"id":281474980249821,"level":1,"status":0,"posx":11,"posy":18,"cityid":54,"townid":144,"tokenid":"24d4d42f44d6ee3955c929637bbc83b2","tokenurl":"/mcm/api/land?token=24d4d42f44d6ee3955c929637bbc83b2","imageurl":"/mcm/images/land/2S/2145_46bec0fb39b7.jpg","landname":"71"},{"id":281474980249822,"level":2,"status":0,"posx":12,"posy":18,"cityid":54,"townid":144,"tokenid":"5f4d8f65cb5db1840b67330464bb1fc1","tokenurl":"/mcm/api/land?token=5f4d8f65cb5db1840b67330464bb1fc1","imageurl":"/mcm/images/land/2A/3220_2b3fc2744a8f.jpg","landname":"72"},{"id":281474980249823,"level":3,"status":1,"posx":23,"posy":18,"cityid":54,"townid":144,"tokenid":"3af3d013299e1abd7350324421424c51","tokenurl":"/mcm/api/land?token=3af3d013299e1abd7350324421424c51","imageurl":"/mcm/images/land/2B/5361_299f825d71dc.jpg","landname":"73"},{"id":281474980249824,"level":3,"status":1,"posx":24,"posy":18,"cityid":54,"townid":144,"tokenid":"3ab0bc4586eb65f00d7775f9a4b7e2c4","tokenurl":"/mcm/api/land?token=3ab0bc4586eb65f00d7775f9a4b7e2c4","imageurl":"/mcm/images/land/2B/5362_390ed5583e68.jpg","landname":"74"},{"id":281474980249825,"level":2,"status":1,"posx":33,"posy":18,"cityid":54,"townid":144,"tokenid":"190291a0a85c202dd920d88a60b785fe","tokenurl":"/mcm/api/land?token=190291a0a85c202dd920d88a60b785fe","imageurl":"/mcm/images/land/2A/3221_1bafd178455d.jpg","landname":"75"},{"id":281474980249826,"level":2,"status":0,"posx":34,"posy":18,"cityid":54,"townid":144,"tokenid":"b205c7895840475184053130a22cefff","tokenurl":"/mcm/api/land?token=b205c7895840475184053130a22cefff","imageurl":"/mcm/images/land/2A/3222_e3f275001ba.jpg","landname":"76"},{"id":281474980249827,"level":3,"status":1,"posx":7,"posy":19,"cityid":54,"townid":144,"tokenid":"c8c019131782c49868378bc2355a0eaa","tokenurl":"/mcm/api/land?token=c8c019131782c49868378bc2355a0eaa","imageurl":"/mcm/images/land/2B/5363_4ef3ba85b03.jpg","landname":"77"},{"id":281474980249828,"level":2,"status":1,"posx":8,"posy":19,"cityid":54,"townid":144,"tokenid":"3853d1161e4d74f1f635bac559ac02f3","tokenurl":"/mcm/api/land?token=3853d1161e4d74f1f635bac559ac02f3","imageurl":"/mcm/images/land/2A/3223_112bb93d77a9.jpg","landname":"78"},{"id":281474980249829,"level":3,"status":0,"posx":11,"posy":19,"cityid":54,"townid":144,"tokenid":"e8c1e93ef0e19967b5f32487fb272769","tokenurl":"/mcm/api/land?token=e8c1e93ef0e19967b5f32487fb272769","imageurl":"/mcm/images/land/2B/5364_1faf0e45791.jpg","landname":"79"},{"id":281474980249830,"level":3,"status":0,"posx":12,"posy":19,"cityid":54,"townid":144,"tokenid":"b7a8491657d50a41a43640affc9f44e7","tokenurl":"/mcm/api/land?token=b7a8491657d50a41a43640affc9f44e7","imageurl":"/mcm/images/land/2B/5365_3ac36b898358.jpg","landname":"80"},{"id":281474980249831,"level":3,"status":0,"posx":33,"posy":19,"cityid":54,"townid":144,"tokenid":"b769ba8742b02bf7303713deb851e8d8","tokenurl":"/mcm/api/land?token=b769ba8742b02bf7303713deb851e8d8","imageurl":"/mcm/images/land/2B/5366_10b2a089a03a.jpg","landname":"81"},{"id":281474980249832,"level":3,"status":0,"posx":34,"posy":19,"cityid":54,"townid":144,"tokenid":"16a15ea239181f3a8f01f3a8cf08b176","tokenurl":"/mcm/api/land?token=16a15ea239181f3a8f01f3a8cf08b176","imageurl":"/mcm/images/land/2B/5367_1b9cd4b3f86c.jpg","landname":"82"},{"id":281474980249833,"level":2,"status":0,"posx":7,"posy":20,"cityid":54,"townid":144,"tokenid":"92d25e27c50c02d972b4ffdbcf40452a","tokenurl":"/mcm/api/land?token=92d25e27c50c02d972b4ffdbcf40452a","imageurl":"/mcm/images/land/2A/3224_2b1d39bb3ec3.jpg","landname":"83"},{"id":281474980249834,"level":1,"status":0,"posx":8,"posy":20,"cityid":54,"townid":144,"tokenid":"f96f59c58fdee424d2e8db15234eacc0","tokenurl":"/mcm/api/land?token=f96f59c58fdee424d2e8db15234eacc0","imageurl":"/mcm/images/land/2S/2146_33f4331f3562.jpg","landname":"84"},{"id":281474980249835,"level":2,"status":1,"posx":11,"posy":20,"cityid":54,"townid":144,"tokenid":"4718b6043ac7bb4d629e9fceb2560a40","tokenurl":"/mcm/api/land?token=4718b6043ac7bb4d629e9fceb2560a40","imageurl":"/mcm/images/land/2A/3225_207ac94bc2dc.jpg","landname":"85"},{"id":281474980249836,"level":1,"status":0,"posx":12,"posy":20,"cityid":54,"townid":144,"tokenid":"3e76567012cd95d61f4111294d52f8de","tokenurl":"/mcm/api/land?token=3e76567012cd95d61f4111294d52f8de","imageurl":"/mcm/images/land/2S/2147_59894dd1bf74.jpg","landname":"86"},{"id":281474980249837,"level":1,"status":1,"posx":7,"posy":21,"cityid":54,"townid":144,"tokenid":"a80deeb07414c353b0fc189bd0b3d777","tokenurl":"/mcm/api/land?token=a80deeb07414c353b0fc189bd0b3d777","imageurl":"/mcm/images/land/2S/2148_278a04653a7f.jpg","landname":"87"},{"id":281474980249838,"level":2,"status":0,"posx":8,"posy":21,"cityid":54,"townid":144,"tokenid":"3cf61b26217332b2f53cb78fe15ac2c9","tokenurl":"/mcm/api/land?token=3cf61b26217332b2f53cb78fe15ac2c9","imageurl":"/mcm/images/land/2A/3226_18355d6a19eb.jpg","landname":"88"},{"id":281474980249839,"level":3,"status":1,"posx":26,"posy":21,"cityid":54,"townid":144,"tokenid":"54fd57e16dba751339d8d178169cf22f","tokenurl":"/mcm/api/land?token=54fd57e16dba751339d8d178169cf22f","imageurl":"/mcm/images/land/2B/5368_a628a5e8f53.jpg","landname":"89"},{"id":281474980249840,"level":2,"status":1,"posx":27,"posy":21,"cityid":54,"townid":144,"tokenid":"da813ce44275931a5c0e628d88355a1c","tokenurl":"/mcm/api/land?token=da813ce44275931a5c0e628d88355a1c","imageurl":"/mcm/images/land/2A/3227_17714711d645.jpg","landname":"90"},{"id":281474980249841,"level":1,"status":1,"posx":7,"posy":22,"cityid":54,"townid":144,"tokenid":"61c5f5c9df71dbd61c170495100b3d11","tokenurl":"/mcm/api/land?token=61c5f5c9df71dbd61c170495100b3d11","imageurl":"/mcm/images/land/2S/2149_4b32bc533da0.jpg","landname":"91"},{"id":281474980249842,"level":2,"status":1,"posx":8,"posy":22,"cityid":54,"townid":144,"tokenid":"b489bea855df20d39d4edf868b4fbdf0","tokenurl":"/mcm/api/land?token=b489bea855df20d39d4edf868b4fbdf0","imageurl":"/mcm/images/land/2A/3228_490221a29808.jpg","landname":"92"},{"id":281474980249843,"level":3,"status":0,"posx":23,"posy":22,"cityid":54,"townid":144,"tokenid":"48f5a707c5cbb56f8eda4485ffc8c7c2","tokenurl":"/mcm/api/land?token=48f5a707c5cbb56f8eda4485ffc8c7c2","imageurl":"/mcm/images/land/2B/5369_517cd734a98.jpg","landname":"93"},{"id":281474980249844,"level":2,"status":1,"posx":24,"posy":22,"cityid":54,"townid":144,"tokenid":"04698403e1fa9c351d8c445bdc3fdeb0","tokenurl":"/mcm/api/land?token=04698403e1fa9c351d8c445bdc3fdeb0","imageurl":"/mcm/images/land/2A/3229_599f805e0861.jpg","landname":"94"},{"id":281474980249845,"level":1,"status":1,"posx":26,"posy":22,"cityid":54,"townid":144,"tokenid":"c4c5dbaefa2be23b91dbb53d93ac95b3","tokenurl":"/mcm/api/land?token=c4c5dbaefa2be23b91dbb53d93ac95b3","imageurl":"/mcm/images/land/2S/2150_328561edb569.jpg","landname":"95"},{"id":281474980249846,"level":3,"status":0,"posx":27,"posy":22,"cityid":54,"townid":144,"tokenid":"2ce3c6fa57d01bb06aefb0263e5ec22d","tokenurl":"/mcm/api/land?token=2ce3c6fa57d01bb06aefb0263e5ec22d","imageurl":"/mcm/images/land/2B/5370_4b18bfd288dd.jpg","landname":"96"},{"id":281474980249847,"level":3,"status":0,"posx":33,"posy":22,"cityid":54,"townid":144,"tokenid":"a0f08efe6b57e938e414d32a060a111b","tokenurl":"/mcm/api/land?token=a0f08efe6b57e938e414d32a060a111b","imageurl":"/mcm/images/land/2B/5371_5c93e7925a2.jpg","landname":"97"},{"id":281474980249848,"level":3,"status":0,"posx":34,"posy":22,"cityid":54,"townid":144,"tokenid":"077ab2dcb1189b4bdd63cfd5c68929a3","tokenurl":"/mcm/api/land?token=077ab2dcb1189b4bdd63cfd5c68929a3","imageurl":"/mcm/images/land/2B/5372_1420234359c1.jpg","landname":"98"},{"id":281474980249849,"level":3,"status":1,"posx":23,"posy":23,"cityid":54,"townid":144,"tokenid":"84cf28d649bb30023c2d979457b2e513","tokenurl":"/mcm/api/land?token=84cf28d649bb30023c2d979457b2e513","imageurl":"/mcm/images/land/2B/5373_10a64c46a231.jpg","landname":"99"},{"id":281474980249850,"level":3,"status":1,"posx":24,"posy":23,"cityid":54,"townid":144,"tokenid":"794f7f62ce1e3b6d44cf82a56c68ef4b","tokenurl":"/mcm/api/land?token=794f7f62ce1e3b6d44cf82a56c68ef4b","imageurl":"/mcm/images/land/2B/5374_1afda3bf21f7.jpg","landname":"100"},{"id":281474980249851,"level":3,"status":0,"posx":26,"posy":23,"cityid":54,"townid":144,"tokenid":"31d506052aeb17a21ce7dc91a62dc4d1","tokenurl":"/mcm/api/land?token=31d506052aeb17a21ce7dc91a62dc4d1","imageurl":"/mcm/images/land/2B/5375_1b3dafb2a568.jpg","landname":"101"},{"id":281474980249852,"level":2,"status":0,"posx":27,"posy":23,"cityid":54,"townid":144,"tokenid":"d71e37aa9657bd69578684c90df6b0a7","tokenurl":"/mcm/api/land?token=d71e37aa9657bd69578684c90df6b0a7","imageurl":"/mcm/images/land/2A/3230_24a5f255a0f.jpg","landname":"102"},{"id":281474980249853,"level":3,"status":0,"posx":33,"posy":23,"cityid":54,"townid":144,"tokenid":"2ecd74c269d99975ded9ff4a512f3301","tokenurl":"/mcm/api/land?token=2ecd74c269d99975ded9ff4a512f3301","imageurl":"/mcm/images/land/2B/5376_5152e8742781.jpg","landname":"103"},{"id":281474980249854,"level":3,"status":1,"posx":34,"posy":23,"cityid":54,"townid":144,"tokenid":"b4dca59c003fde8f99bbe6b72064986a","tokenurl":"/mcm/api/land?token=b4dca59c003fde8f99bbe6b72064986a","imageurl":"/mcm/images/land/2B/5377_413ebe087d39.jpg","landname":"104"},{"id":281474980249855,"level":3,"status":1,"posx":23,"posy":24,"cityid":54,"townid":144,"tokenid":"516d5402c284ab55d86e9be1c5e7c237","tokenurl":"/mcm/api/land?token=516d5402c284ab55d86e9be1c5e7c237","imageurl":"/mcm/images/land/2B/5378_5590e3124886.jpg","landname":"105"},{"id":281474980249856,"level":3,"status":1,"posx":24,"posy":24,"cityid":54,"townid":144,"tokenid":"27b92190925b925b9c841259ffcbd01c","tokenurl":"/mcm/api/land?token=27b92190925b925b9c841259ffcbd01c","imageurl":"/mcm/images/land/2B/5379_2ca2992609a1.jpg","landname":"106"},{"id":281474980249857,"level":3,"status":1,"posx":26,"posy":24,"cityid":54,"townid":144,"tokenid":"34faa0d0ff4448317ab4f21f484a42ee","tokenurl":"/mcm/api/land?token=34faa0d0ff4448317ab4f21f484a42ee","imageurl":"/mcm/images/land/2B/5380_7a9d98358fe.jpg","landname":"107"},{"id":281474980249858,"level":3,"status":1,"posx":27,"posy":24,"cityid":54,"townid":144,"tokenid":"31b717feb337b3ef96f8ecfa9842c519","tokenurl":"/mcm/api/land?token=31b717feb337b3ef96f8ecfa9842c519","imageurl":"/mcm/images/land/2B/5381_4257005a7241.jpg","landname":"108"},{"id":281474980249859,"level":3,"status":0,"posx":33,"posy":24,"cityid":54,"townid":144,"tokenid":"396bbca14eefc51b9e212451a549b1f9","tokenurl":"/mcm/api/land?token=396bbca14eefc51b9e212451a549b1f9","imageurl":"/mcm/images/land/2B/5382_1b5a7a3580a8.jpg","landname":"109"},{"id":281474980249860,"level":3,"status":0,"posx":34,"posy":24,"cityid":54,"townid":144,"tokenid":"6bbd437b6c636f2187521376d2a362c5","tokenurl":"/mcm/api/land?token=6bbd437b6c636f2187521376d2a362c5","imageurl":"/mcm/images/land/2B/5383_18ac5d9104af.jpg","landname":"110"},{"id":281474980249861,"level":3,"status":0,"posx":23,"posy":25,"cityid":54,"townid":144,"tokenid":"2ce48a0acfc82f0abdf05048aee47874","tokenurl":"/mcm/api/land?token=2ce48a0acfc82f0abdf05048aee47874","imageurl":"/mcm/images/land/2B/5384_57c184a8417a.jpg","landname":"111"},{"id":281474980249862,"level":3,"status":1,"posx":24,"posy":25,"cityid":54,"townid":144,"tokenid":"999cfe74e8e484cf382c73308334e469","tokenurl":"/mcm/api/land?token=999cfe74e8e484cf382c73308334e469","imageurl":"/mcm/images/land/2B/5385_55c17809ed44.jpg","landname":"112"},{"id":281474980249863,"level":2,"status":1,"posx":26,"posy":25,"cityid":54,"townid":144,"tokenid":"87f07e554ce2896452ed5c05c4433ad0","tokenurl":"/mcm/api/land?token=87f07e554ce2896452ed5c05c4433ad0","imageurl":"/mcm/images/land/2A/3231_3ba5878527f6.jpg","landname":"113"},{"id":281474980249864,"level":3,"status":1,"posx":27,"posy":25,"cityid":54,"townid":144,"tokenid":"b5b8e0e00c0b7383880d150c7ea0916a","tokenurl":"/mcm/api/land?token=b5b8e0e00c0b7383880d150c7ea0916a","imageurl":"/mcm/images/land/2B/5386_43f39cbb28b5.jpg","landname":"114"},{"id":281474980249865,"level":2,"status":0,"posx":33,"posy":25,"cityid":54,"townid":144,"tokenid":"c488dba99d45ea705e45574f3e0a9a26","tokenurl":"/mcm/api/land?token=c488dba99d45ea705e45574f3e0a9a26","imageurl":"/mcm/images/land/2A/3232_cd5607a3d18.jpg","landname":"115"},{"id":281474980249866,"level":2,"status":0,"posx":34,"posy":25,"cityid":54,"townid":144,"tokenid":"cb810111b3d3bdc5c971fd764da3300f","tokenurl":"/mcm/api/land?token=cb810111b3d3bdc5c971fd764da3300f","imageurl":"/mcm/images/land/2A/3233_40408ba07dab.jpg","landname":"116"},{"id":281474980249867,"level":2,"status":1,"posx":23,"posy":26,"cityid":54,"townid":144,"tokenid":"0941fd71e64a78c2ffebb73c2703373d","tokenurl":"/mcm/api/land?token=0941fd71e64a78c2ffebb73c2703373d","imageurl":"/mcm/images/land/2A/3234_19a92a8ef0ee.jpg","landname":"117"},{"id":281474980249868,"level":1,"status":1,"posx":24,"posy":26,"cityid":54,"townid":144,"tokenid":"e8fb2d890e04b0f30c6f1d90c2594657","tokenurl":"/mcm/api/land?token=e8fb2d890e04b0f30c6f1d90c2594657","imageurl":"/mcm/images/land/2S/2151_2fcbbdfa04c2.jpg","landname":"118"},{"id":281474980249869,"level":3,"status":1,"posx":33,"posy":26,"cityid":54,"townid":144,"tokenid":"22b415e101edc2dfa22cb517d050f784","tokenurl":"/mcm/api/land?token=22b415e101edc2dfa22cb517d050f784","imageurl":"/mcm/images/land/2B/5387_4f366bf1e961.jpg","landname":"119"},{"id":281474980249870,"level":3,"status":1,"posx":34,"posy":26,"cityid":54,"townid":144,"tokenid":"1f54a58127d455b8afb6ee1fb4697b51","tokenurl":"/mcm/api/land?token=1f54a58127d455b8afb6ee1fb4697b51","imageurl":"/mcm/images/land/2B/5388_2795ca0051d5.jpg","landname":"120"},{"id":281474980249871,"level":2,"status":0,"posx":31,"posy":27,"cityid":54,"townid":144,"tokenid":"e13471097d03d6f92e9e31747f4cfc1b","tokenurl":"/mcm/api/land?token=e13471097d03d6f92e9e31747f4cfc1b","imageurl":"/mcm/images/land/2A/3235_35769f76b579.jpg","landname":"121"},{"id":281474980249872,"level":2,"status":1,"posx":32,"posy":27,"cityid":54,"townid":144,"tokenid":"b78b783347926d0b5314c707d9e61e63","tokenurl":"/mcm/api/land?token=b78b783347926d0b5314c707d9e61e63","imageurl":"/mcm/images/land/2A/3236_35d0e528dde8.jpg","landname":"122"},{"id":281474980249873,"level":3,"status":0,"posx":6,"posy":28,"cityid":54,"townid":144,"tokenid":"8919f6678e5bccd50d9792c78af010d2","tokenurl":"/mcm/api/land?token=8919f6678e5bccd50d9792c78af010d2","imageurl":"/mcm/images/land/2B/5389_4542c5d532d5.jpg","landname":"123"},{"id":281474980249874,"level":2,"status":1,"posx":7,"posy":28,"cityid":54,"townid":144,"tokenid":"9491c91a9c6d1d405b3ddd6d67a2a252","tokenurl":"/mcm/api/land?token=9491c91a9c6d1d405b3ddd6d67a2a252","imageurl":"/mcm/images/land/2A/3237_2b06d3aaeb2f.jpg","landname":"124"},{"id":281474980249875,"level":3,"status":0,"posx":9,"posy":28,"cityid":54,"townid":144,"tokenid":"54b14b68df75a9f1c7165c23e0647916","tokenurl":"/mcm/api/land?token=54b14b68df75a9f1c7165c23e0647916","imageurl":"/mcm/images/land/2B/5390_38c77e7c4677.jpg","landname":"125"},{"id":281474980249876,"level":2,"status":0,"posx":10,"posy":28,"cityid":54,"townid":144,"tokenid":"6a10759e001809e69d6e587b8cae72a3","tokenurl":"/mcm/api/land?token=6a10759e001809e69d6e587b8cae72a3","imageurl":"/mcm/images/land/2A/3238_4d2dd7baf917.jpg","landname":"126"},{"id":281474980249877,"level":1,"status":1,"posx":31,"posy":28,"cityid":54,"townid":144,"tokenid":"32a2a8592d8a19d2e627d8c8e2ecb78a","tokenurl":"/mcm/api/land?token=32a2a8592d8a19d2e627d8c8e2ecb78a","imageurl":"/mcm/images/land/2S/2152_30d6d0a02ebd.jpg","landname":"127"},{"id":281474980249878,"level":1,"status":0,"posx":32,"posy":28,"cityid":54,"townid":144,"tokenid":"ad6c0cd2ead826f9beb12a77e8033a31","tokenurl":"/mcm/api/land?token=ad6c0cd2ead826f9beb12a77e8033a31","imageurl":"/mcm/images/land/2S/2153_13eb652be0.jpg","landname":"128"},{"id":281474980249879,"level":3,"status":1,"posx":6,"posy":29,"cityid":54,"townid":144,"tokenid":"bd51552adcefcc75bc2c916a4eed98b2","tokenurl":"/mcm/api/land?token=bd51552adcefcc75bc2c916a4eed98b2","imageurl":"/mcm/images/land/2B/5391_141f6e1477d8.jpg","landname":"129"},{"id":281474980249880,"level":2,"status":1,"posx":7,"posy":29,"cityid":54,"townid":144,"tokenid":"dd422baeae282baa6030e8669784afcd","tokenurl":"/mcm/api/land?token=dd422baeae282baa6030e8669784afcd","imageurl":"/mcm/images/land/2A/3239_28c95e75e3bb.jpg","landname":"130"},{"id":281474980249881,"level":3,"status":1,"posx":9,"posy":29,"cityid":54,"townid":144,"tokenid":"a4b775efcc17271f14f9b428af093aab","tokenurl":"/mcm/api/land?token=a4b775efcc17271f14f9b428af093aab","imageurl":"/mcm/images/land/2B/5392_22ff9688f1f3.jpg","landname":"131"},{"id":281474980249882,"level":3,"status":1,"posx":10,"posy":29,"cityid":54,"townid":144,"tokenid":"1482743dca8ace01a7af81475ac0bc28","tokenurl":"/mcm/api/land?token=1482743dca8ace01a7af81475ac0bc28","imageurl":"/mcm/images/land/2B/5393_c9adb4f50c.jpg","landname":"132"},{"id":281474980249883,"level":1,"status":0,"posx":31,"posy":29,"cityid":54,"townid":144,"tokenid":"2f7eda8d4eacfe367c7172dab1fa5bc1","tokenurl":"/mcm/api/land?token=2f7eda8d4eacfe367c7172dab1fa5bc1","imageurl":"/mcm/images/land/2S/2154_2a0c9d366d4e.jpg","landname":"133"},{"id":281474980249884,"level":2,"status":0,"posx":32,"posy":29,"cityid":54,"townid":144,"tokenid":"f0b54b8d0681a3905a4e350655802b0c","tokenurl":"/mcm/api/land?token=f0b54b8d0681a3905a4e350655802b0c","imageurl":"/mcm/images/land/2A/3240_573fc252fa3.jpg","landname":"134"},{"id":281474980249885,"level":3,"status":1,"posx":6,"posy":30,"cityid":54,"townid":144,"tokenid":"47a0aa4726a4861cc9fccbd5e52f8fe9","tokenurl":"/mcm/api/land?token=47a0aa4726a4861cc9fccbd5e52f8fe9","imageurl":"/mcm/images/land/2B/5394_35f3e8c02007.jpg","landname":"135"},{"id":281474980249886,"level":3,"status":0,"posx":7,"posy":30,"cityid":54,"townid":144,"tokenid":"c2394a9017db9bf47221c32f7ad772b2","tokenurl":"/mcm/api/land?token=c2394a9017db9bf47221c32f7ad772b2","imageurl":"/mcm/images/land/2B/5395_27e020847903.jpg","landname":"136"},{"id":281474980249887,"level":1,"status":1,"posx":9,"posy":30,"cityid":54,"townid":144,"tokenid":"591832d911c7dcc850861a0e122b5dd7","tokenurl":"/mcm/api/land?token=591832d911c7dcc850861a0e122b5dd7","imageurl":"/mcm/images/land/2S/2155_2d2b44716732.jpg","landname":"137"},{"id":281474980249888,"level":3,"status":1,"posx":10,"posy":30,"cityid":54,"townid":144,"tokenid":"7e1a023f4b79fffa7ee8f1cba4a60b0c","tokenurl":"/mcm/api/land?token=7e1a023f4b79fffa7ee8f1cba4a60b0c","imageurl":"/mcm/images/land/2B/5396_13161b83dd6d.jpg","landname":"138"},{"id":281474980249889,"level":3,"status":0,"posx":31,"posy":30,"cityid":54,"townid":144,"tokenid":"47c9c2c8e68e9341aaf4e91c364cbd63","tokenurl":"/mcm/api/land?token=47c9c2c8e68e9341aaf4e91c364cbd63","imageurl":"/mcm/images/land/2B/5397_77561c71adb.jpg","landname":"139"},{"id":281474980249890,"level":1,"status":1,"posx":32,"posy":30,"cityid":54,"townid":144,"tokenid":"e34a832b54c2747f6ffeed24fda49b67","tokenurl":"/mcm/api/land?token=e34a832b54c2747f6ffeed24fda49b67","imageurl":"/mcm/images/land/2S/2156_5202cf0211d4.jpg","landname":"140"},{"id":281474980249891,"level":3,"status":0,"posx":6,"posy":31,"cityid":54,"townid":144,"tokenid":"171ced7dde648c697aad4a0c480fbbaa","tokenurl":"/mcm/api/land?token=171ced7dde648c697aad4a0c480fbbaa","imageurl":"/mcm/images/land/2B/5398_3e456683d0b0.jpg","landname":"141"},{"id":281474980249892,"level":1,"status":0,"posx":7,"posy":31,"cityid":54,"townid":144,"tokenid":"1228ee1cf366f3ee29ac91833b56c64e","tokenurl":"/mcm/api/land?token=1228ee1cf366f3ee29ac91833b56c64e","imageurl":"/mcm/images/land/2S/2157_471ac48c8974.jpg","landname":"142"},{"id":281474980249893,"level":1,"status":0,"posx":9,"posy":31,"cityid":54,"townid":144,"tokenid":"20ec99b88631e9ba89ded02aef168756","tokenurl":"/mcm/api/land?token=20ec99b88631e9ba89ded02aef168756","imageurl":"/mcm/images/land/2S/2158_57e227471173.jpg","landname":"143"},{"id":281474980249894,"level":1,"status":0,"posx":10,"posy":31,"cityid":54,"townid":144,"tokenid":"a1e19ea9b0fed14637dfe8a8e136b42a","tokenurl":"/mcm/api/land?token=a1e19ea9b0fed14637dfe8a8e136b42a","imageurl":"/mcm/images/land/2S/2159_3c89e97b8e9f.jpg","landname":"144"},{"id":281474980249895,"level":3,"status":0,"posx":31,"posy":31,"cityid":54,"townid":144,"tokenid":"0b7a6aa13679f818e359f819277a406c","tokenurl":"/mcm/api/land?token=0b7a6aa13679f818e359f819277a406c","imageurl":"/mcm/images/land/2B/5399_4de262103c94.jpg","landname":"145"},{"id":281474980249896,"level":2,"status":1,"posx":32,"posy":31,"cityid":54,"townid":144,"tokenid":"80b9c903fb65dfee2cfabd8d330c9a74","tokenurl":"/mcm/api/land?token=80b9c903fb65dfee2cfabd8d330c9a74","imageurl":"/mcm/images/land/2A/3241_4f26fbd57419.jpg","landname":"146"},{"id":281474980249897,"level":3,"status":0,"posx":6,"posy":32,"cityid":54,"townid":144,"tokenid":"1cdbe7423e5ce588e40c2cd46fc6063a","tokenurl":"/mcm/api/land?token=1cdbe7423e5ce588e40c2cd46fc6063a","imageurl":"/mcm/images/land/2B/5400_1e805914a145.jpg","landname":"147"},{"id":281474980249898,"level":3,"status":0,"posx":7,"posy":32,"cityid":54,"townid":144,"tokenid":"0a3e9c32481c67ff4695651938579663","tokenurl":"/mcm/api/land?token=0a3e9c32481c67ff4695651938579663","imageurl":"/mcm/images/land/2B/5401_dd1b58a1cb1.jpg","landname":"148"},{"id":281474980249899,"level":1,"status":0,"posx":9,"posy":32,"cityid":54,"townid":144,"tokenid":"40d4bfb67ada1136e8c9e4074a1dbdee","tokenurl":"/mcm/api/land?token=40d4bfb67ada1136e8c9e4074a1dbdee","imageurl":"/mcm/images/land/2S/2160_39d28ee90b36.jpg","landname":"149"},{"id":281474980249900,"level":1,"status":1,"posx":10,"posy":32,"cityid":54,"townid":144,"tokenid":"4504ec2332f48f660280b2c673f5f65e","tokenurl":"/mcm/api/land?token=4504ec2332f48f660280b2c673f5f65e","imageurl":"/mcm/images/land/2S/2161_23ffe8db529e.jpg","landname":"150"}]]],0,0,[],[],[]]
