[1,0,0,[["cc.JsonAsset",["_name","json"],1]],[[0,0,1,3]],[[0,"1302",[{"id":281475016032407,"level":1,"status":0,"posx":15,"posy":5,"cityid":600,"townid":1302,"tokenid":"46b02adfdede632e66408aaaca9728b7","tokenurl":"/mcm/api/land?token=46b02adfdede632e66408aaaca9728b7","imageurl":"/mcm/images/land/2S/8432_4ea5bb86b97b.jpg","landname":"1"},{"id":281475016032408,"level":3,"status":1,"posx":16,"posy":5,"cityid":600,"townid":1302,"tokenid":"acab79b2e3a396c135db2f98517f60ea","tokenurl":"/mcm/api/land?token=acab79b2e3a396c135db2f98517f60ea","imageurl":"/mcm/images/land/2B/21077_1d0b53c1b1fe.jpg","landname":"2"},{"id":281475016032409,"level":3,"status":1,"posx":25,"posy":5,"cityid":600,"townid":1302,"tokenid":"d64bc6c2dfa4696c32ed0fad44e76e4c","tokenurl":"/mcm/api/land?token=d64bc6c2dfa4696c32ed0fad44e76e4c","imageurl":"/mcm/images/land/2B/21078_1765a9fe8fc0.jpg","landname":"3"},{"id":281475016032410,"level":3,"status":1,"posx":26,"posy":5,"cityid":600,"townid":1302,"tokenid":"4d33da4682f7c77a956c4cabe05bb871","tokenurl":"/mcm/api/land?token=4d33da4682f7c77a956c4cabe05bb871","imageurl":"/mcm/images/land/2B/21079_25b935db3962.jpg","landname":"4"},{"id":281475016032411,"level":3,"status":0,"posx":6,"posy":6,"cityid":600,"townid":1302,"tokenid":"b4a34ea33d30b9e94a36b5d93df52f97","tokenurl":"/mcm/api/land?token=b4a34ea33d30b9e94a36b5d93df52f97","imageurl":"/mcm/images/land/2B/21080_428408dad202.jpg","landname":"5"},{"id":281475016032412,"level":2,"status":0,"posx":7,"posy":6,"cityid":600,"townid":1302,"tokenid":"60e6d2ccc64bec37dea137fef3dc933c","tokenurl":"/mcm/api/land?token=60e6d2ccc64bec37dea137fef3dc933c","imageurl":"/mcm/images/land/2A/12647_26969aa33429.jpg","landname":"6"},{"id":281475016032413,"level":3,"status":0,"posx":15,"posy":6,"cityid":600,"townid":1302,"tokenid":"5a6b8e002610ed206593b0b9b0c93ebc","tokenurl":"/mcm/api/land?token=5a6b8e002610ed206593b0b9b0c93ebc","imageurl":"/mcm/images/land/2B/21081_46a70f1f3819.jpg","landname":"7"},{"id":281475016032414,"level":2,"status":1,"posx":16,"posy":6,"cityid":600,"townid":1302,"tokenid":"ab3a2a2f24c7d0d24d20bd28acc29b44","tokenurl":"/mcm/api/land?token=ab3a2a2f24c7d0d24d20bd28acc29b44","imageurl":"/mcm/images/land/2A/12648_24fd6cf44eb3.jpg","landname":"8"},{"id":281475016032415,"level":3,"status":1,"posx":25,"posy":6,"cityid":600,"townid":1302,"tokenid":"22136398ed91b94c54eb55df74b8a88d","tokenurl":"/mcm/api/land?token=22136398ed91b94c54eb55df74b8a88d","imageurl":"/mcm/images/land/2B/21082_205f0f089b1c.jpg","landname":"9"},{"id":281475016032416,"level":3,"status":0,"posx":26,"posy":6,"cityid":600,"townid":1302,"tokenid":"12bb926dc59ad8fd4472aafe96184991","tokenurl":"/mcm/api/land?token=12bb926dc59ad8fd4472aafe96184991","imageurl":"/mcm/images/land/2B/21083_4955c14941e2.jpg","landname":"10"},{"id":281475016032417,"level":3,"status":1,"posx":30,"posy":6,"cityid":600,"townid":1302,"tokenid":"3a815c4e4dc16f394848a63700bf9e68","tokenurl":"/mcm/api/land?token=3a815c4e4dc16f394848a63700bf9e68","imageurl":"/mcm/images/land/2B/21084_36e0943ddc66.jpg","landname":"11"},{"id":281475016032418,"level":2,"status":0,"posx":31,"posy":6,"cityid":600,"townid":1302,"tokenid":"5260216458d90c61d0af8ac0ccc295c3","tokenurl":"/mcm/api/land?token=5260216458d90c61d0af8ac0ccc295c3","imageurl":"/mcm/images/land/2A/12649_18716f865ddd.jpg","landname":"12"},{"id":281475016032419,"level":3,"status":0,"posx":33,"posy":6,"cityid":600,"townid":1302,"tokenid":"c271738350dbcf8fef4f33a67175d0b6","tokenurl":"/mcm/api/land?token=c271738350dbcf8fef4f33a67175d0b6","imageurl":"/mcm/images/land/2B/21085_4e3056145c99.jpg","landname":"13"},{"id":281475016032420,"level":1,"status":1,"posx":34,"posy":6,"cityid":600,"townid":1302,"tokenid":"18c0f745e328e23ed2bf366f38acfc53","tokenurl":"/mcm/api/land?token=18c0f745e328e23ed2bf366f38acfc53","imageurl":"/mcm/images/land/2S/8433_21957d870ac9.jpg","landname":"14"},{"id":281475016032421,"level":2,"status":0,"posx":6,"posy":7,"cityid":600,"townid":1302,"tokenid":"64796639382e09dec83d14594e3d0c86","tokenurl":"/mcm/api/land?token=64796639382e09dec83d14594e3d0c86","imageurl":"/mcm/images/land/2A/12650_2e91d4dec7fa.jpg","landname":"15"},{"id":281475016032422,"level":2,"status":1,"posx":7,"posy":7,"cityid":600,"townid":1302,"tokenid":"f411102f185873429b66edcf27c1e0b7","tokenurl":"/mcm/api/land?token=f411102f185873429b66edcf27c1e0b7","imageurl":"/mcm/images/land/2A/12651_2f6d049355be.jpg","landname":"16"},{"id":281475016032423,"level":3,"status":1,"posx":15,"posy":7,"cityid":600,"townid":1302,"tokenid":"5610d855595f4c161640513db781086b","tokenurl":"/mcm/api/land?token=5610d855595f4c161640513db781086b","imageurl":"/mcm/images/land/2B/21086_3f00f9036094.jpg","landname":"17"},{"id":281475016032424,"level":3,"status":0,"posx":16,"posy":7,"cityid":600,"townid":1302,"tokenid":"fd353169e006944d6457bf700efdda93","tokenurl":"/mcm/api/land?token=fd353169e006944d6457bf700efdda93","imageurl":"/mcm/images/land/2B/21087_6cbb0201777.jpg","landname":"18"},{"id":281475016032425,"level":1,"status":0,"posx":21,"posy":7,"cityid":600,"townid":1302,"tokenid":"252b72d2c637b0616ee8b15d79c76bd4","tokenurl":"/mcm/api/land?token=252b72d2c637b0616ee8b15d79c76bd4","imageurl":"/mcm/images/land/2S/8434_4e85afff872b.jpg","landname":"19"},{"id":281475016032426,"level":1,"status":0,"posx":22,"posy":7,"cityid":600,"townid":1302,"tokenid":"fe3115245da0e75c17d0a02065defa9a","tokenurl":"/mcm/api/land?token=fe3115245da0e75c17d0a02065defa9a","imageurl":"/mcm/images/land/2S/8435_1e9302f59b09.jpg","landname":"20"},{"id":281475016032427,"level":3,"status":1,"posx":25,"posy":7,"cityid":600,"townid":1302,"tokenid":"de4e5e97061246d033e12df5131892c7","tokenurl":"/mcm/api/land?token=de4e5e97061246d033e12df5131892c7","imageurl":"/mcm/images/land/2B/21088_260ca0ea777f.jpg","landname":"21"},{"id":281475016032428,"level":2,"status":0,"posx":26,"posy":7,"cityid":600,"townid":1302,"tokenid":"b884a9799722f60df202282619a4aa74","tokenurl":"/mcm/api/land?token=b884a9799722f60df202282619a4aa74","imageurl":"/mcm/images/land/2A/12652_48cce8bfe439.jpg","landname":"22"},{"id":281475016032429,"level":3,"status":0,"posx":30,"posy":7,"cityid":600,"townid":1302,"tokenid":"83284795165139e2dd4cc3908d9aa1de","tokenurl":"/mcm/api/land?token=83284795165139e2dd4cc3908d9aa1de","imageurl":"/mcm/images/land/2B/21089_2d66f24dd70b.jpg","landname":"23"},{"id":281475016032430,"level":3,"status":0,"posx":31,"posy":7,"cityid":600,"townid":1302,"tokenid":"bcd787bb6563da3e8ada78b2f882baad","tokenurl":"/mcm/api/land?token=bcd787bb6563da3e8ada78b2f882baad","imageurl":"/mcm/images/land/2B/21090_456f1581a403.jpg","landname":"24"},{"id":281475016032431,"level":2,"status":0,"posx":33,"posy":7,"cityid":600,"townid":1302,"tokenid":"c47b3e164fff4d4b2b9135fcf5c1ef7d","tokenurl":"/mcm/api/land?token=c47b3e164fff4d4b2b9135fcf5c1ef7d","imageurl":"/mcm/images/land/2A/12653_1be65e54359d.jpg","landname":"25"},{"id":281475016032432,"level":3,"status":0,"posx":34,"posy":7,"cityid":600,"townid":1302,"tokenid":"cba32463d743085b8b7362307319875c","tokenurl":"/mcm/api/land?token=cba32463d743085b8b7362307319875c","imageurl":"/mcm/images/land/2B/21091_441d4a12304c.jpg","landname":"26"},{"id":281475016032433,"level":3,"status":1,"posx":6,"posy":8,"cityid":600,"townid":1302,"tokenid":"80f714b22a261fcfad640730e1d1c067","tokenurl":"/mcm/api/land?token=80f714b22a261fcfad640730e1d1c067","imageurl":"/mcm/images/land/2B/21092_146656e2563d.jpg","landname":"27"},{"id":281475016032434,"level":2,"status":0,"posx":7,"posy":8,"cityid":600,"townid":1302,"tokenid":"5c8381097a39a0fa473259b943d47244","tokenurl":"/mcm/api/land?token=5c8381097a39a0fa473259b943d47244","imageurl":"/mcm/images/land/2A/12654_18a86dd4ca24.jpg","landname":"28"},{"id":281475016032435,"level":3,"status":1,"posx":15,"posy":8,"cityid":600,"townid":1302,"tokenid":"a22d0fa75d3b8b53698485b0868a3519","tokenurl":"/mcm/api/land?token=a22d0fa75d3b8b53698485b0868a3519","imageurl":"/mcm/images/land/2B/21093_3a97f42a4af3.jpg","landname":"29"},{"id":281475016032436,"level":1,"status":1,"posx":16,"posy":8,"cityid":600,"townid":1302,"tokenid":"68ab6ad194e3c5a103c9ab428ee4dbe3","tokenurl":"/mcm/api/land?token=68ab6ad194e3c5a103c9ab428ee4dbe3","imageurl":"/mcm/images/land/2S/8436_3e07b09546fe.jpg","landname":"30"},{"id":281475016032437,"level":3,"status":1,"posx":21,"posy":8,"cityid":600,"townid":1302,"tokenid":"369abe77e11ff22c15a03fd1d54938b3","tokenurl":"/mcm/api/land?token=369abe77e11ff22c15a03fd1d54938b3","imageurl":"/mcm/images/land/2B/21094_39d39d8b00e2.jpg","landname":"31"},{"id":281475016032438,"level":3,"status":0,"posx":22,"posy":8,"cityid":600,"townid":1302,"tokenid":"e9b5a1dd4cdb0ec26a9a586367bb24fd","tokenurl":"/mcm/api/land?token=e9b5a1dd4cdb0ec26a9a586367bb24fd","imageurl":"/mcm/images/land/2B/21095_2df9a5e5585b.jpg","landname":"32"},{"id":281475016032439,"level":3,"status":1,"posx":25,"posy":8,"cityid":600,"townid":1302,"tokenid":"97020f30a3a121b0b423cfc02710a948","tokenurl":"/mcm/api/land?token=97020f30a3a121b0b423cfc02710a948","imageurl":"/mcm/images/land/2B/21096_5273b2db52ff.jpg","landname":"33"},{"id":281475016032440,"level":3,"status":0,"posx":26,"posy":8,"cityid":600,"townid":1302,"tokenid":"b9a4f5b97d72316bfb040d5754b54096","tokenurl":"/mcm/api/land?token=b9a4f5b97d72316bfb040d5754b54096","imageurl":"/mcm/images/land/2B/21097_4008ba11abf8.jpg","landname":"34"},{"id":281475016032441,"level":2,"status":0,"posx":30,"posy":8,"cityid":600,"townid":1302,"tokenid":"b29e73bbc1e65d3d6a354a25426fe4f1","tokenurl":"/mcm/api/land?token=b29e73bbc1e65d3d6a354a25426fe4f1","imageurl":"/mcm/images/land/2A/12655_ae840be0eb7.jpg","landname":"35"},{"id":281475016032442,"level":1,"status":1,"posx":31,"posy":8,"cityid":600,"townid":1302,"tokenid":"d4c070779c2fffb98519d04a8fc4d23f","tokenurl":"/mcm/api/land?token=d4c070779c2fffb98519d04a8fc4d23f","imageurl":"/mcm/images/land/2S/8437_2c87d94fcb69.jpg","landname":"36"},{"id":281475016032443,"level":2,"status":1,"posx":33,"posy":8,"cityid":600,"townid":1302,"tokenid":"92b23b6eab2ad11a5c79c177f0f09377","tokenurl":"/mcm/api/land?token=92b23b6eab2ad11a5c79c177f0f09377","imageurl":"/mcm/images/land/2A/12656_1fd36449a647.jpg","landname":"37"},{"id":281475016032444,"level":3,"status":1,"posx":34,"posy":8,"cityid":600,"townid":1302,"tokenid":"0b58c5570cbe6e9c771b995c00eb7693","tokenurl":"/mcm/api/land?token=0b58c5570cbe6e9c771b995c00eb7693","imageurl":"/mcm/images/land/2B/21098_37a5e3be787.jpg","landname":"38"},{"id":281475016032445,"level":3,"status":0,"posx":6,"posy":9,"cityid":600,"townid":1302,"tokenid":"2a4f7f5045d5da2702a7b04d67770892","tokenurl":"/mcm/api/land?token=2a4f7f5045d5da2702a7b04d67770892","imageurl":"/mcm/images/land/2B/21099_4728889f6098.jpg","landname":"39"},{"id":281475016032446,"level":2,"status":1,"posx":7,"posy":9,"cityid":600,"townid":1302,"tokenid":"c2051a29f842e2dc3de270c65306eb24","tokenurl":"/mcm/api/land?token=c2051a29f842e2dc3de270c65306eb24","imageurl":"/mcm/images/land/2A/12657_d5bd13ef8d9.jpg","landname":"40"},{"id":281475016032447,"level":3,"status":0,"posx":15,"posy":9,"cityid":600,"townid":1302,"tokenid":"9b2a034fc62f7d41d2b1c54f8e4da10f","tokenurl":"/mcm/api/land?token=9b2a034fc62f7d41d2b1c54f8e4da10f","imageurl":"/mcm/images/land/2B/21100_540c4f584ea3.jpg","landname":"41"},{"id":281475016032448,"level":3,"status":0,"posx":16,"posy":9,"cityid":600,"townid":1302,"tokenid":"d75106f8a6df4025a2912d0474fe1de6","tokenurl":"/mcm/api/land?token=d75106f8a6df4025a2912d0474fe1de6","imageurl":"/mcm/images/land/2B/21101_21e8a6358a3d.jpg","landname":"42"},{"id":281475016032449,"level":3,"status":0,"posx":21,"posy":9,"cityid":600,"townid":1302,"tokenid":"4c323d65550fb036733fa4a951790543","tokenurl":"/mcm/api/land?token=4c323d65550fb036733fa4a951790543","imageurl":"/mcm/images/land/2B/21102_44222daf423.jpg","landname":"43"},{"id":281475016032450,"level":3,"status":0,"posx":22,"posy":9,"cityid":600,"townid":1302,"tokenid":"7a6256d30d77c78e5e95f88c54a4c4b1","tokenurl":"/mcm/api/land?token=7a6256d30d77c78e5e95f88c54a4c4b1","imageurl":"/mcm/images/land/2B/21103_90ac528a90a.jpg","landname":"44"},{"id":281475016032451,"level":2,"status":1,"posx":25,"posy":9,"cityid":600,"townid":1302,"tokenid":"8c13b0394eb5d60cf24f011fcb82503c","tokenurl":"/mcm/api/land?token=8c13b0394eb5d60cf24f011fcb82503c","imageurl":"/mcm/images/land/2A/12658_1e9b36a599f5.jpg","landname":"45"},{"id":281475016032452,"level":2,"status":1,"posx":26,"posy":9,"cityid":600,"townid":1302,"tokenid":"b5b94690c78ddecc0d0641930adae2a8","tokenurl":"/mcm/api/land?token=b5b94690c78ddecc0d0641930adae2a8","imageurl":"/mcm/images/land/2A/12659_2fd6053d13b9.jpg","landname":"46"},{"id":281475016032453,"level":3,"status":1,"posx":30,"posy":9,"cityid":600,"townid":1302,"tokenid":"58a9f9b4ae5d3128a6549e362433d629","tokenurl":"/mcm/api/land?token=58a9f9b4ae5d3128a6549e362433d629","imageurl":"/mcm/images/land/2B/21104_4ca98cf9f1c.jpg","landname":"47"},{"id":281475016032454,"level":2,"status":0,"posx":31,"posy":9,"cityid":600,"townid":1302,"tokenid":"37528d620f62587549ef3cbc350dbd3a","tokenurl":"/mcm/api/land?token=37528d620f62587549ef3cbc350dbd3a","imageurl":"/mcm/images/land/2A/12660_32d94efca747.jpg","landname":"48"},{"id":281475016032455,"level":3,"status":1,"posx":33,"posy":9,"cityid":600,"townid":1302,"tokenid":"90041509150339b17ed737130a8cfa17","tokenurl":"/mcm/api/land?token=90041509150339b17ed737130a8cfa17","imageurl":"/mcm/images/land/2B/21105_11c36d994c2b.jpg","landname":"49"},{"id":281475016032456,"level":3,"status":1,"posx":34,"posy":9,"cityid":600,"townid":1302,"tokenid":"0f19c412885ccccf65e3b5ac69099faf","tokenurl":"/mcm/api/land?token=0f19c412885ccccf65e3b5ac69099faf","imageurl":"/mcm/images/land/2B/21106_18db85938f07.jpg","landname":"50"},{"id":281475016032457,"level":2,"status":1,"posx":6,"posy":10,"cityid":600,"townid":1302,"tokenid":"2d46c3523bab72887b4d136d18b3f1d2","tokenurl":"/mcm/api/land?token=2d46c3523bab72887b4d136d18b3f1d2","imageurl":"/mcm/images/land/2A/12661_53ea0dd048ce.jpg","landname":"51"},{"id":281475016032458,"level":1,"status":1,"posx":7,"posy":10,"cityid":600,"townid":1302,"tokenid":"c35d235da7c5fe192874646f4ba44ece","tokenurl":"/mcm/api/land?token=c35d235da7c5fe192874646f4ba44ece","imageurl":"/mcm/images/land/2S/8438_59c5a09afcd5.jpg","landname":"52"},{"id":281475016032459,"level":1,"status":0,"posx":11,"posy":10,"cityid":600,"townid":1302,"tokenid":"349860f09be8c9912ba72fa2563ee20e","tokenurl":"/mcm/api/land?token=349860f09be8c9912ba72fa2563ee20e","imageurl":"/mcm/images/land/2S/8439_bacdcb5d11e.jpg","landname":"53"},{"id":281475016032460,"level":3,"status":0,"posx":12,"posy":10,"cityid":600,"townid":1302,"tokenid":"990b76ceb4cf11ff6987f76c16f7c21f","tokenurl":"/mcm/api/land?token=990b76ceb4cf11ff6987f76c16f7c21f","imageurl":"/mcm/images/land/2B/21107_2a69e7a6b8d.jpg","landname":"54"},{"id":281475016032461,"level":3,"status":1,"posx":21,"posy":10,"cityid":600,"townid":1302,"tokenid":"60ac924553fa73e9ca73dc7e27346f26","tokenurl":"/mcm/api/land?token=60ac924553fa73e9ca73dc7e27346f26","imageurl":"/mcm/images/land/2B/21108_2c13b3507258.jpg","landname":"55"},{"id":281475016032462,"level":2,"status":0,"posx":22,"posy":10,"cityid":600,"townid":1302,"tokenid":"004b00ec273f9e164bc95d5bd77304bd","tokenurl":"/mcm/api/land?token=004b00ec273f9e164bc95d5bd77304bd","imageurl":"/mcm/images/land/2A/12662_1c45c9f3b60d.jpg","landname":"56"},{"id":281475016032463,"level":2,"status":0,"posx":30,"posy":10,"cityid":600,"townid":1302,"tokenid":"b7362bc3dd33022b3fe2df9bfb5912be","tokenurl":"/mcm/api/land?token=b7362bc3dd33022b3fe2df9bfb5912be","imageurl":"/mcm/images/land/2A/12663_2f23b7152ed.jpg","landname":"57"},{"id":281475016032464,"level":3,"status":1,"posx":31,"posy":10,"cityid":600,"townid":1302,"tokenid":"7e047eff94ac49043563fe0f96cdff96","tokenurl":"/mcm/api/land?token=7e047eff94ac49043563fe0f96cdff96","imageurl":"/mcm/images/land/2B/21109_4a99b70093fe.jpg","landname":"58"},{"id":281475016032465,"level":1,"status":0,"posx":33,"posy":10,"cityid":600,"townid":1302,"tokenid":"d2a47cd6d9513db8ae258f75b785376e","tokenurl":"/mcm/api/land?token=d2a47cd6d9513db8ae258f75b785376e","imageurl":"/mcm/images/land/2S/8440_2d296fd7ecb4.jpg","landname":"59"},{"id":281475016032466,"level":3,"status":1,"posx":34,"posy":10,"cityid":600,"townid":1302,"tokenid":"e9d20a2e0eaa47ccd8c6c2cc145d4421","tokenurl":"/mcm/api/land?token=e9d20a2e0eaa47ccd8c6c2cc145d4421","imageurl":"/mcm/images/land/2B/21110_2ab065796fda.jpg","landname":"60"},{"id":281475016032467,"level":1,"status":1,"posx":11,"posy":11,"cityid":600,"townid":1302,"tokenid":"a5f7a7727677d8b317d3b013922b8a69","tokenurl":"/mcm/api/land?token=a5f7a7727677d8b317d3b013922b8a69","imageurl":"/mcm/images/land/2S/8441_225071d3b874.jpg","landname":"61"},{"id":281475016032468,"level":1,"status":1,"posx":12,"posy":11,"cityid":600,"townid":1302,"tokenid":"7746f2213cf3329275adffe8f92b68be","tokenurl":"/mcm/api/land?token=7746f2213cf3329275adffe8f92b68be","imageurl":"/mcm/images/land/2S/8442_8528d9152df.jpg","landname":"62"},{"id":281475016032469,"level":1,"status":1,"posx":21,"posy":11,"cityid":600,"townid":1302,"tokenid":"ec1a51d2b534fba22e6528ede67ce178","tokenurl":"/mcm/api/land?token=ec1a51d2b534fba22e6528ede67ce178","imageurl":"/mcm/images/land/2S/8443_4bf7693bae07.jpg","landname":"63"},{"id":281475016032470,"level":3,"status":0,"posx":22,"posy":11,"cityid":600,"townid":1302,"tokenid":"b588256f96cd8f4a430a195b33dc38b6","tokenurl":"/mcm/api/land?token=b588256f96cd8f4a430a195b33dc38b6","imageurl":"/mcm/images/land/2B/21111_34279acb7182.jpg","landname":"64"},{"id":281475016032471,"level":3,"status":1,"posx":11,"posy":12,"cityid":600,"townid":1302,"tokenid":"131e532ab0b743ac045ea9bbfddbf126","tokenurl":"/mcm/api/land?token=131e532ab0b743ac045ea9bbfddbf126","imageurl":"/mcm/images/land/2B/21112_3fbc366619ff.jpg","landname":"65"},{"id":281475016032472,"level":2,"status":1,"posx":12,"posy":12,"cityid":600,"townid":1302,"tokenid":"784e686955c323cc034c03d577558aa6","tokenurl":"/mcm/api/land?token=784e686955c323cc034c03d577558aa6","imageurl":"/mcm/images/land/2A/12664_aa30295ad44.jpg","landname":"66"},{"id":281475016032473,"level":1,"status":0,"posx":11,"posy":13,"cityid":600,"townid":1302,"tokenid":"bb050a4b8cfd2d264ba4f22944829701","tokenurl":"/mcm/api/land?token=bb050a4b8cfd2d264ba4f22944829701","imageurl":"/mcm/images/land/2S/8444_5443add06ad5.jpg","landname":"67"},{"id":281475016032474,"level":1,"status":1,"posx":12,"posy":13,"cityid":600,"townid":1302,"tokenid":"df423c9453ca4cfb6db59c3f457cb54c","tokenurl":"/mcm/api/land?token=df423c9453ca4cfb6db59c3f457cb54c","imageurl":"/mcm/images/land/2S/8445_307424b7b54e.jpg","landname":"68"},{"id":281475016032475,"level":3,"status":0,"posx":11,"posy":14,"cityid":600,"townid":1302,"tokenid":"66d462b046911bab7612b845f1bb68ce","tokenurl":"/mcm/api/land?token=66d462b046911bab7612b845f1bb68ce","imageurl":"/mcm/images/land/2B/21113_28ea7632ede2.jpg","landname":"69"},{"id":281475016032476,"level":1,"status":0,"posx":12,"posy":14,"cityid":600,"townid":1302,"tokenid":"04432b977042debd534686ea3996346d","tokenurl":"/mcm/api/land?token=04432b977042debd534686ea3996346d","imageurl":"/mcm/images/land/2S/8446_433ac4b6245a.jpg","landname":"70"},{"id":281475016032477,"level":2,"status":1,"posx":8,"posy":20,"cityid":600,"townid":1302,"tokenid":"773780888682d482bd3e041a6bbed850","tokenurl":"/mcm/api/land?token=773780888682d482bd3e041a6bbed850","imageurl":"/mcm/images/land/2A/12665_4e8617037787.jpg","landname":"71"},{"id":281475016032478,"level":1,"status":0,"posx":9,"posy":20,"cityid":600,"townid":1302,"tokenid":"8f931349940ad38854ecc847b8b40f9b","tokenurl":"/mcm/api/land?token=8f931349940ad38854ecc847b8b40f9b","imageurl":"/mcm/images/land/2S/8447_31ead8b8cf8e.jpg","landname":"72"},{"id":281475016032479,"level":2,"status":0,"posx":10,"posy":20,"cityid":600,"townid":1302,"tokenid":"b386cd3be2ef9d005e8915a1960fb898","tokenurl":"/mcm/api/land?token=b386cd3be2ef9d005e8915a1960fb898","imageurl":"/mcm/images/land/2A/12666_5270cf4953e1.jpg","landname":"73"},{"id":281475016032480,"level":3,"status":1,"posx":11,"posy":20,"cityid":600,"townid":1302,"tokenid":"bd11347633cf38afb30a8288abc01c97","tokenurl":"/mcm/api/land?token=bd11347633cf38afb30a8288abc01c97","imageurl":"/mcm/images/land/2B/21114_81b90b7897b.jpg","landname":"74"},{"id":281475016032481,"level":3,"status":1,"posx":12,"posy":20,"cityid":600,"townid":1302,"tokenid":"1289077cef8cd44fc4c1b5b20ec746a8","tokenurl":"/mcm/api/land?token=1289077cef8cd44fc4c1b5b20ec746a8","imageurl":"/mcm/images/land/2B/21115_1a1442f7757c.jpg","landname":"75"},{"id":281475016032482,"level":3,"status":0,"posx":8,"posy":21,"cityid":600,"townid":1302,"tokenid":"7132f102f4ed2d4ca2a5827d477d97fc","tokenurl":"/mcm/api/land?token=7132f102f4ed2d4ca2a5827d477d97fc","imageurl":"/mcm/images/land/2B/21116_27b14673fa40.jpg","landname":"76"},{"id":281475016032483,"level":3,"status":0,"posx":9,"posy":21,"cityid":600,"townid":1302,"tokenid":"420b7e0ecdafa50b08e96364c75281f0","tokenurl":"/mcm/api/land?token=420b7e0ecdafa50b08e96364c75281f0","imageurl":"/mcm/images/land/2B/21117_143014c106eb.jpg","landname":"77"},{"id":281475016032484,"level":3,"status":1,"posx":10,"posy":21,"cityid":600,"townid":1302,"tokenid":"a63a16f0922dfb9877ad6e84b0cccfba","tokenurl":"/mcm/api/land?token=a63a16f0922dfb9877ad6e84b0cccfba","imageurl":"/mcm/images/land/2B/21118_3c54360faf33.jpg","landname":"78"},{"id":281475016032485,"level":2,"status":0,"posx":11,"posy":21,"cityid":600,"townid":1302,"tokenid":"6a4551785bbaebd20c30b2be1c685c4d","tokenurl":"/mcm/api/land?token=6a4551785bbaebd20c30b2be1c685c4d","imageurl":"/mcm/images/land/2A/12667_51ad0b76a7ac.jpg","landname":"79"},{"id":281475016032486,"level":2,"status":1,"posx":12,"posy":21,"cityid":600,"townid":1302,"tokenid":"6253bacffdfbf3ab08695d8da7a403ce","tokenurl":"/mcm/api/land?token=6253bacffdfbf3ab08695d8da7a403ce","imageurl":"/mcm/images/land/2A/12668_507c28b23194.jpg","landname":"80"},{"id":281475016032487,"level":3,"status":1,"posx":27,"posy":22,"cityid":600,"townid":1302,"tokenid":"b6e19fc56a381c5f7585be40177e99b8","tokenurl":"/mcm/api/land?token=b6e19fc56a381c5f7585be40177e99b8","imageurl":"/mcm/images/land/2B/21119_310513405a20.jpg","landname":"81"},{"id":281475016032488,"level":2,"status":1,"posx":28,"posy":22,"cityid":600,"townid":1302,"tokenid":"639e8288ac1bcb6db01374c34cec2a40","tokenurl":"/mcm/api/land?token=639e8288ac1bcb6db01374c34cec2a40","imageurl":"/mcm/images/land/2A/12669_38ba39588093.jpg","landname":"82"},{"id":281475016032489,"level":1,"status":1,"posx":29,"posy":22,"cityid":600,"townid":1302,"tokenid":"67b9eba084a720c29eb7fd980b1ff15c","tokenurl":"/mcm/api/land?token=67b9eba084a720c29eb7fd980b1ff15c","imageurl":"/mcm/images/land/2S/8448_23f273329477.jpg","landname":"83"},{"id":281475016032490,"level":3,"status":1,"posx":30,"posy":22,"cityid":600,"townid":1302,"tokenid":"88f6a6f3c2bfd7d2728258500171d971","tokenurl":"/mcm/api/land?token=88f6a6f3c2bfd7d2728258500171d971","imageurl":"/mcm/images/land/2B/21120_28aaa83a3e6f.jpg","landname":"84"},{"id":281475016032491,"level":3,"status":0,"posx":31,"posy":22,"cityid":600,"townid":1302,"tokenid":"a7264023a833dabccc20023fcb5b67cf","tokenurl":"/mcm/api/land?token=a7264023a833dabccc20023fcb5b67cf","imageurl":"/mcm/images/land/2B/21121_2206c318020a.jpg","landname":"85"},{"id":281475016032492,"level":1,"status":0,"posx":27,"posy":23,"cityid":600,"townid":1302,"tokenid":"d041080a55ac4deb3e401c74ccdbea93","tokenurl":"/mcm/api/land?token=d041080a55ac4deb3e401c74ccdbea93","imageurl":"/mcm/images/land/2S/8449_182b3fda8863.jpg","landname":"86"},{"id":281475016032493,"level":3,"status":0,"posx":28,"posy":23,"cityid":600,"townid":1302,"tokenid":"c5d750c0c3a3be4d91a191577880ac54","tokenurl":"/mcm/api/land?token=c5d750c0c3a3be4d91a191577880ac54","imageurl":"/mcm/images/land/2B/21122_2f16c0f93b07.jpg","landname":"87"},{"id":281475016032494,"level":3,"status":0,"posx":29,"posy":23,"cityid":600,"townid":1302,"tokenid":"b4f95f579e362dde42c4e77e205949c1","tokenurl":"/mcm/api/land?token=b4f95f579e362dde42c4e77e205949c1","imageurl":"/mcm/images/land/2B/21123_2859ea5dd5d6.jpg","landname":"88"},{"id":281475016032495,"level":1,"status":1,"posx":30,"posy":23,"cityid":600,"townid":1302,"tokenid":"820302499ea7df5f890bbcf11383b9d1","tokenurl":"/mcm/api/land?token=820302499ea7df5f890bbcf11383b9d1","imageurl":"/mcm/images/land/2S/8450_480140602b97.jpg","landname":"89"},{"id":281475016032496,"level":2,"status":0,"posx":31,"posy":23,"cityid":600,"townid":1302,"tokenid":"cc705a86d531589d79a9df53caf24fdf","tokenurl":"/mcm/api/land?token=cc705a86d531589d79a9df53caf24fdf","imageurl":"/mcm/images/land/2A/12670_22f8192ae366.jpg","landname":"90"},{"id":281475016032497,"level":1,"status":0,"posx":8,"posy":24,"cityid":600,"townid":1302,"tokenid":"85c063ab1d6251deabafd3e532da0876","tokenurl":"/mcm/api/land?token=85c063ab1d6251deabafd3e532da0876","imageurl":"/mcm/images/land/2S/8451_2bb98d93d30f.jpg","landname":"91"},{"id":281475016032498,"level":1,"status":0,"posx":9,"posy":24,"cityid":600,"townid":1302,"tokenid":"27bcb02c4dde6744b621669d7340bac3","tokenurl":"/mcm/api/land?token=27bcb02c4dde6744b621669d7340bac3","imageurl":"/mcm/images/land/2S/8452_539aae3925c2.jpg","landname":"92"},{"id":281475016032499,"level":3,"status":1,"posx":10,"posy":24,"cityid":600,"townid":1302,"tokenid":"9ac4a11af5ffa9eea21f22d747b66b6e","tokenurl":"/mcm/api/land?token=9ac4a11af5ffa9eea21f22d747b66b6e","imageurl":"/mcm/images/land/2B/21124_10f98315fb85.jpg","landname":"93"},{"id":281475016032500,"level":3,"status":1,"posx":11,"posy":24,"cityid":600,"townid":1302,"tokenid":"54f448f29e4489ef077d96a976b4288a","tokenurl":"/mcm/api/land?token=54f448f29e4489ef077d96a976b4288a","imageurl":"/mcm/images/land/2B/21125_69f02b19ba3.jpg","landname":"94"},{"id":281475016032501,"level":2,"status":1,"posx":12,"posy":24,"cityid":600,"townid":1302,"tokenid":"b1e64e48493a204d3918e07f1c386200","tokenurl":"/mcm/api/land?token=b1e64e48493a204d3918e07f1c386200","imageurl":"/mcm/images/land/2A/12671_441f35c55d89.jpg","landname":"95"},{"id":281475016032502,"level":1,"status":1,"posx":17,"posy":24,"cityid":600,"townid":1302,"tokenid":"6f00359fbf540f5e5329429a51d546a0","tokenurl":"/mcm/api/land?token=6f00359fbf540f5e5329429a51d546a0","imageurl":"/mcm/images/land/2S/8453_45b8b4a8a0e0.jpg","landname":"96"},{"id":281475016032503,"level":2,"status":0,"posx":18,"posy":24,"cityid":600,"townid":1302,"tokenid":"2ef3bbd83c91afc60b33f6a9fa462182","tokenurl":"/mcm/api/land?token=2ef3bbd83c91afc60b33f6a9fa462182","imageurl":"/mcm/images/land/2A/12672_b5119f15bed.jpg","landname":"97"},{"id":281475016032504,"level":2,"status":1,"posx":19,"posy":24,"cityid":600,"townid":1302,"tokenid":"1629851331bb6fe10b12d0ebb22660b8","tokenurl":"/mcm/api/land?token=1629851331bb6fe10b12d0ebb22660b8","imageurl":"/mcm/images/land/2A/12673_272633dce5c5.jpg","landname":"98"},{"id":281475016032505,"level":2,"status":1,"posx":20,"posy":24,"cityid":600,"townid":1302,"tokenid":"b85453077664375aa507d08a103704ad","tokenurl":"/mcm/api/land?token=b85453077664375aa507d08a103704ad","imageurl":"/mcm/images/land/2A/12674_1800b4d7770b.jpg","landname":"99"},{"id":281475016032506,"level":1,"status":1,"posx":21,"posy":24,"cityid":600,"townid":1302,"tokenid":"dea4c3e6a8f6e68f404e5c3e2e014e15","tokenurl":"/mcm/api/land?token=dea4c3e6a8f6e68f404e5c3e2e014e15","imageurl":"/mcm/images/land/2S/8454_901b724e80b.jpg","landname":"100"},{"id":281475016032507,"level":1,"status":1,"posx":8,"posy":25,"cityid":600,"townid":1302,"tokenid":"cd4698760a2e0852f8c75c78ab7f9d26","tokenurl":"/mcm/api/land?token=cd4698760a2e0852f8c75c78ab7f9d26","imageurl":"/mcm/images/land/2S/8455_4d9a4996b229.jpg","landname":"101"},{"id":281475016032508,"level":2,"status":0,"posx":9,"posy":25,"cityid":600,"townid":1302,"tokenid":"edfed05ab945e6babe540f2108ef1acf","tokenurl":"/mcm/api/land?token=edfed05ab945e6babe540f2108ef1acf","imageurl":"/mcm/images/land/2A/12675_4c21c0bd281b.jpg","landname":"102"},{"id":281475016032509,"level":3,"status":1,"posx":10,"posy":25,"cityid":600,"townid":1302,"tokenid":"5dadb92254f3406006ca7b29ce2d79af","tokenurl":"/mcm/api/land?token=5dadb92254f3406006ca7b29ce2d79af","imageurl":"/mcm/images/land/2B/21126_458c955e5169.jpg","landname":"103"},{"id":281475016032510,"level":1,"status":0,"posx":11,"posy":25,"cityid":600,"townid":1302,"tokenid":"8e36df1f6371073c770c7ee86b8af175","tokenurl":"/mcm/api/land?token=8e36df1f6371073c770c7ee86b8af175","imageurl":"/mcm/images/land/2S/8456_1c49c7613c8.jpg","landname":"104"},{"id":281475016032511,"level":2,"status":1,"posx":12,"posy":25,"cityid":600,"townid":1302,"tokenid":"c26c131d3d22b4ca55da6558bbc86d3d","tokenurl":"/mcm/api/land?token=c26c131d3d22b4ca55da6558bbc86d3d","imageurl":"/mcm/images/land/2A/12676_29acd7e531b4.jpg","landname":"105"},{"id":281475016032512,"level":3,"status":0,"posx":17,"posy":25,"cityid":600,"townid":1302,"tokenid":"0d213c01b9b336730f0b562078f3d2f2","tokenurl":"/mcm/api/land?token=0d213c01b9b336730f0b562078f3d2f2","imageurl":"/mcm/images/land/2B/21127_2e5352eacde1.jpg","landname":"106"},{"id":281475016032513,"level":3,"status":1,"posx":18,"posy":25,"cityid":600,"townid":1302,"tokenid":"400f97575ec387a6b84b356407f0e4cf","tokenurl":"/mcm/api/land?token=400f97575ec387a6b84b356407f0e4cf","imageurl":"/mcm/images/land/2B/21128_2a68eb91eabd.jpg","landname":"107"},{"id":281475016032514,"level":2,"status":1,"posx":19,"posy":25,"cityid":600,"townid":1302,"tokenid":"c029ba422696ac05743252d33480632b","tokenurl":"/mcm/api/land?token=c029ba422696ac05743252d33480632b","imageurl":"/mcm/images/land/2A/12677_301caaf42ae5.jpg","landname":"108"},{"id":281475016032515,"level":3,"status":1,"posx":20,"posy":25,"cityid":600,"townid":1302,"tokenid":"741f713a9ce30b8c10587adc22ce6e5e","tokenurl":"/mcm/api/land?token=741f713a9ce30b8c10587adc22ce6e5e","imageurl":"/mcm/images/land/2B/21129_50839548e658.jpg","landname":"109"},{"id":281475016032516,"level":3,"status":0,"posx":21,"posy":25,"cityid":600,"townid":1302,"tokenid":"7ca62c97298a5ff295383ffd0cb309ee","tokenurl":"/mcm/api/land?token=7ca62c97298a5ff295383ffd0cb309ee","imageurl":"/mcm/images/land/2B/21130_162db28e8108.jpg","landname":"110"},{"id":281475016032517,"level":2,"status":1,"posx":27,"posy":26,"cityid":600,"townid":1302,"tokenid":"7808a7f7a98e960d2a207b75856697ad","tokenurl":"/mcm/api/land?token=7808a7f7a98e960d2a207b75856697ad","imageurl":"/mcm/images/land/2A/12678_4614dc50598e.jpg","landname":"111"},{"id":281475016032518,"level":3,"status":0,"posx":28,"posy":26,"cityid":600,"townid":1302,"tokenid":"013579f0d5a6d8b39cadec660626a89c","tokenurl":"/mcm/api/land?token=013579f0d5a6d8b39cadec660626a89c","imageurl":"/mcm/images/land/2B/21131_54ba18c70ce0.jpg","landname":"112"},{"id":281475016032519,"level":2,"status":0,"posx":27,"posy":27,"cityid":600,"townid":1302,"tokenid":"cfe57316aec5934b8f72f7e3f92303cd","tokenurl":"/mcm/api/land?token=cfe57316aec5934b8f72f7e3f92303cd","imageurl":"/mcm/images/land/2A/12679_54b0dfb1977b.jpg","landname":"113"},{"id":281475016032520,"level":2,"status":0,"posx":28,"posy":27,"cityid":600,"townid":1302,"tokenid":"2028e4041ed1f5c04f8a7b07ce8f339c","tokenurl":"/mcm/api/land?token=2028e4041ed1f5c04f8a7b07ce8f339c","imageurl":"/mcm/images/land/2A/12680_285739d06b2e.jpg","landname":"114"},{"id":281475016032521,"level":1,"status":0,"posx":32,"posy":27,"cityid":600,"townid":1302,"tokenid":"25dd2a27a551d9627901ae3463776ff4","tokenurl":"/mcm/api/land?token=25dd2a27a551d9627901ae3463776ff4","imageurl":"/mcm/images/land/2S/8457_4271dd83b472.jpg","landname":"115"},{"id":281475016032522,"level":3,"status":0,"posx":33,"posy":27,"cityid":600,"townid":1302,"tokenid":"9631ee4e7bb33b509e0985544441551f","tokenurl":"/mcm/api/land?token=9631ee4e7bb33b509e0985544441551f","imageurl":"/mcm/images/land/2B/21132_19687164c640.jpg","landname":"116"},{"id":281475016032523,"level":1,"status":0,"posx":8,"posy":28,"cityid":600,"townid":1302,"tokenid":"ef9cc49e6e05d633fd18357f432cb89b","tokenurl":"/mcm/api/land?token=ef9cc49e6e05d633fd18357f432cb89b","imageurl":"/mcm/images/land/2S/8458_31f8f497e6ec.jpg","landname":"117"},{"id":281475016032524,"level":3,"status":0,"posx":9,"posy":28,"cityid":600,"townid":1302,"tokenid":"24b82d3972d0d466ed66099e13c589b0","tokenurl":"/mcm/api/land?token=24b82d3972d0d466ed66099e13c589b0","imageurl":"/mcm/images/land/2B/21133_af940654cc4.jpg","landname":"118"},{"id":281475016032525,"level":3,"status":0,"posx":10,"posy":28,"cityid":600,"townid":1302,"tokenid":"723d2d666c95d4b5e56d0fd29367be1e","tokenurl":"/mcm/api/land?token=723d2d666c95d4b5e56d0fd29367be1e","imageurl":"/mcm/images/land/2B/21134_2f54cf4ea59.jpg","landname":"119"},{"id":281475016032526,"level":2,"status":1,"posx":11,"posy":28,"cityid":600,"townid":1302,"tokenid":"bb785be6a6f39d34842a5dcf04df4f33","tokenurl":"/mcm/api/land?token=bb785be6a6f39d34842a5dcf04df4f33","imageurl":"/mcm/images/land/2A/12681_44796cec42a.jpg","landname":"120"},{"id":281475016032527,"level":1,"status":0,"posx":12,"posy":28,"cityid":600,"townid":1302,"tokenid":"142519ecb4ac745eee736eb45c2358db","tokenurl":"/mcm/api/land?token=142519ecb4ac745eee736eb45c2358db","imageurl":"/mcm/images/land/2S/8459_3d99b7fa3d07.jpg","landname":"121"},{"id":281475016032528,"level":3,"status":1,"posx":17,"posy":28,"cityid":600,"townid":1302,"tokenid":"66cb9c8cb67cf16e068b6b4fb661f936","tokenurl":"/mcm/api/land?token=66cb9c8cb67cf16e068b6b4fb661f936","imageurl":"/mcm/images/land/2B/21135_2460d920929b.jpg","landname":"122"},{"id":281475016032529,"level":3,"status":1,"posx":18,"posy":28,"cityid":600,"townid":1302,"tokenid":"5359748692d40c35fc175a7cd5b67c70","tokenurl":"/mcm/api/land?token=5359748692d40c35fc175a7cd5b67c70","imageurl":"/mcm/images/land/2B/21136_a70251fb93b.jpg","landname":"123"},{"id":281475016032530,"level":3,"status":1,"posx":19,"posy":28,"cityid":600,"townid":1302,"tokenid":"2a6ffff4b194114f618b592287486dad","tokenurl":"/mcm/api/land?token=2a6ffff4b194114f618b592287486dad","imageurl":"/mcm/images/land/2B/21137_27bef23becf9.jpg","landname":"124"},{"id":281475016032531,"level":3,"status":1,"posx":20,"posy":28,"cityid":600,"townid":1302,"tokenid":"0c1103d921b5052bc250e93ab9bbf5ba","tokenurl":"/mcm/api/land?token=0c1103d921b5052bc250e93ab9bbf5ba","imageurl":"/mcm/images/land/2B/21138_25b42f61e4d5.jpg","landname":"125"},{"id":281475016032532,"level":2,"status":0,"posx":21,"posy":28,"cityid":600,"townid":1302,"tokenid":"1f22bebfacd38a43cb02f6cfad6d90d7","tokenurl":"/mcm/api/land?token=1f22bebfacd38a43cb02f6cfad6d90d7","imageurl":"/mcm/images/land/2A/12682_29cb4282af13.jpg","landname":"126"},{"id":281475016032533,"level":3,"status":1,"posx":27,"posy":28,"cityid":600,"townid":1302,"tokenid":"a37e19f56b4ca4be9a9dcce86a776758","tokenurl":"/mcm/api/land?token=a37e19f56b4ca4be9a9dcce86a776758","imageurl":"/mcm/images/land/2B/21139_166819a1c98b.jpg","landname":"127"},{"id":281475016032534,"level":3,"status":0,"posx":28,"posy":28,"cityid":600,"townid":1302,"tokenid":"1a291faf6e0d2c10cf7c16d3087cc5d3","tokenurl":"/mcm/api/land?token=1a291faf6e0d2c10cf7c16d3087cc5d3","imageurl":"/mcm/images/land/2B/21140_2ef6c209a99c.jpg","landname":"128"},{"id":281475016032535,"level":3,"status":1,"posx":32,"posy":28,"cityid":600,"townid":1302,"tokenid":"4ed2ff6b864365800e9da28c151a7f95","tokenurl":"/mcm/api/land?token=4ed2ff6b864365800e9da28c151a7f95","imageurl":"/mcm/images/land/2B/21141_1fe6d702ef27.jpg","landname":"129"},{"id":281475016032536,"level":3,"status":0,"posx":33,"posy":28,"cityid":600,"townid":1302,"tokenid":"b81826e7019ae9f0d8428f7411329ff7","tokenurl":"/mcm/api/land?token=b81826e7019ae9f0d8428f7411329ff7","imageurl":"/mcm/images/land/2B/21142_19708006ce81.jpg","landname":"130"},{"id":281475016032537,"level":2,"status":0,"posx":8,"posy":29,"cityid":600,"townid":1302,"tokenid":"3cc966f0ac19419c8123ef955485a2e0","tokenurl":"/mcm/api/land?token=3cc966f0ac19419c8123ef955485a2e0","imageurl":"/mcm/images/land/2A/12683_d6e643928af.jpg","landname":"131"},{"id":281475016032538,"level":1,"status":1,"posx":9,"posy":29,"cityid":600,"townid":1302,"tokenid":"403073d391dabfd5cbe6293979fc33cf","tokenurl":"/mcm/api/land?token=403073d391dabfd5cbe6293979fc33cf","imageurl":"/mcm/images/land/2S/8460_c250fd0ad09.jpg","landname":"132"},{"id":281475016032539,"level":2,"status":1,"posx":10,"posy":29,"cityid":600,"townid":1302,"tokenid":"534fc3db758d54a3964f26a1c718778e","tokenurl":"/mcm/api/land?token=534fc3db758d54a3964f26a1c718778e","imageurl":"/mcm/images/land/2A/12684_181e10f6dba7.jpg","landname":"133"},{"id":281475016032540,"level":2,"status":0,"posx":11,"posy":29,"cityid":600,"townid":1302,"tokenid":"914342daafa07cf6da8a6ed1314e678b","tokenurl":"/mcm/api/land?token=914342daafa07cf6da8a6ed1314e678b","imageurl":"/mcm/images/land/2A/12685_7e404a3e31e.jpg","landname":"134"},{"id":281475016032541,"level":2,"status":1,"posx":12,"posy":29,"cityid":600,"townid":1302,"tokenid":"fc603c744291e92a8d931d083c3168dd","tokenurl":"/mcm/api/land?token=fc603c744291e92a8d931d083c3168dd","imageurl":"/mcm/images/land/2A/12686_2f48d67e0dbf.jpg","landname":"135"},{"id":281475016032542,"level":2,"status":0,"posx":17,"posy":29,"cityid":600,"townid":1302,"tokenid":"0a540ffa789284aeb1135389bc9db8f3","tokenurl":"/mcm/api/land?token=0a540ffa789284aeb1135389bc9db8f3","imageurl":"/mcm/images/land/2A/12687_5896d9df76d4.jpg","landname":"136"},{"id":281475016032543,"level":3,"status":0,"posx":18,"posy":29,"cityid":600,"townid":1302,"tokenid":"543ace1c1d15cd06b218c931332364d9","tokenurl":"/mcm/api/land?token=543ace1c1d15cd06b218c931332364d9","imageurl":"/mcm/images/land/2B/21143_279c8dc452ab.jpg","landname":"137"},{"id":281475016032544,"level":3,"status":0,"posx":19,"posy":29,"cityid":600,"townid":1302,"tokenid":"50cc15231329595746609551f66d940e","tokenurl":"/mcm/api/land?token=50cc15231329595746609551f66d940e","imageurl":"/mcm/images/land/2B/21144_1a376929f4e6.jpg","landname":"138"},{"id":281475016032545,"level":3,"status":0,"posx":20,"posy":29,"cityid":600,"townid":1302,"tokenid":"8dbebfa539228e82805a8f8cefacbe8b","tokenurl":"/mcm/api/land?token=8dbebfa539228e82805a8f8cefacbe8b","imageurl":"/mcm/images/land/2B/21145_4711f83eec9.jpg","landname":"139"},{"id":281475016032546,"level":2,"status":0,"posx":21,"posy":29,"cityid":600,"townid":1302,"tokenid":"518cd9d7623c9f333ad9b7e4f09dae44","tokenurl":"/mcm/api/land?token=518cd9d7623c9f333ad9b7e4f09dae44","imageurl":"/mcm/images/land/2A/12688_2350ffc5caa6.jpg","landname":"140"},{"id":281475016032547,"level":3,"status":1,"posx":27,"posy":29,"cityid":600,"townid":1302,"tokenid":"b3e7f2fa16ef9fe6fdee0fcb315802a3","tokenurl":"/mcm/api/land?token=b3e7f2fa16ef9fe6fdee0fcb315802a3","imageurl":"/mcm/images/land/2B/21146_1ccc22b83f3b.jpg","landname":"141"},{"id":281475016032548,"level":3,"status":0,"posx":28,"posy":29,"cityid":600,"townid":1302,"tokenid":"df35c1650dc541be474c2f0589bfb2d7","tokenurl":"/mcm/api/land?token=df35c1650dc541be474c2f0589bfb2d7","imageurl":"/mcm/images/land/2B/21147_4c448169a900.jpg","landname":"142"},{"id":281475016032549,"level":2,"status":1,"posx":32,"posy":29,"cityid":600,"townid":1302,"tokenid":"6bf4bb01a3fb3b7677ed0f16bed7ac4b","tokenurl":"/mcm/api/land?token=6bf4bb01a3fb3b7677ed0f16bed7ac4b","imageurl":"/mcm/images/land/2A/12689_405b72752977.jpg","landname":"143"},{"id":281475016032550,"level":2,"status":1,"posx":33,"posy":29,"cityid":600,"townid":1302,"tokenid":"46ee9ace5a3708cd4a970180c5e3b4fa","tokenurl":"/mcm/api/land?token=46ee9ace5a3708cd4a970180c5e3b4fa","imageurl":"/mcm/images/land/2A/12690_53db8a7909ce.jpg","landname":"144"},{"id":281475016032551,"level":1,"status":1,"posx":27,"posy":30,"cityid":600,"townid":1302,"tokenid":"d2cb68675abc1df4595562cad23afeeb","tokenurl":"/mcm/api/land?token=d2cb68675abc1df4595562cad23afeeb","imageurl":"/mcm/images/land/2S/8461_397d9eeb46b5.jpg","landname":"145"},{"id":281475016032552,"level":2,"status":0,"posx":28,"posy":30,"cityid":600,"townid":1302,"tokenid":"25d10bfd1c20c99b1863b3d18786f17a","tokenurl":"/mcm/api/land?token=25d10bfd1c20c99b1863b3d18786f17a","imageurl":"/mcm/images/land/2A/12691_4e0dd26e3755.jpg","landname":"146"},{"id":281475016032553,"level":3,"status":0,"posx":32,"posy":30,"cityid":600,"townid":1302,"tokenid":"cd873cf1b46430edd8dcf64db0554e25","tokenurl":"/mcm/api/land?token=cd873cf1b46430edd8dcf64db0554e25","imageurl":"/mcm/images/land/2B/21148_1b166879b3bc.jpg","landname":"147"},{"id":281475016032554,"level":3,"status":0,"posx":33,"posy":30,"cityid":600,"townid":1302,"tokenid":"eb10f57cfe27903294f795973116cfaa","tokenurl":"/mcm/api/land?token=eb10f57cfe27903294f795973116cfaa","imageurl":"/mcm/images/land/2B/21149_203bf8a06be4.jpg","landname":"148"},{"id":281475016032555,"level":3,"status":1,"posx":32,"posy":31,"cityid":600,"townid":1302,"tokenid":"332d10fb7f3d5cdd2e5a1936644f8729","tokenurl":"/mcm/api/land?token=332d10fb7f3d5cdd2e5a1936644f8729","imageurl":"/mcm/images/land/2B/21150_5a93055c525e.jpg","landname":"149"},{"id":281475016032556,"level":3,"status":1,"posx":33,"posy":31,"cityid":600,"townid":1302,"tokenid":"6ce2667150f7ce35891f4735ebb76e0e","tokenurl":"/mcm/api/land?token=6ce2667150f7ce35891f4735ebb76e0e","imageurl":"/mcm/images/land/2B/21151_3c50105c068e.jpg","landname":"150"}]]],0,0,[],[],[]]
