[1,0,0,[["cc.JsonAsset",["_name","json"],1]],[[0,0,1,3]],[[0,"1007",[{"id":281475007250433,"level":3,"status":0,"posx":6,"posy":5,"cityid":466,"townid":1007,"tokenid":"a8de5780fc4c5bff1fde0f6ef1c9dbde","tokenurl":"/mcm/api/land?token=a8de5780fc4c5bff1fde0f6ef1c9dbde","imageurl":"/mcm/images/land/2B/2852_2d593f908b24.jpg","landname":"1"},{"id":281475007250434,"level":1,"status":1,"posx":7,"posy":5,"cityid":466,"townid":1007,"tokenid":"a18f0c3ba6b352f2a9fb2c2be6664c01","tokenurl":"/mcm/api/land?token=a18f0c3ba6b352f2a9fb2c2be6664c01","imageurl":"/mcm/images/land/2S/1142_48fc3904b8ab.jpg","landname":"2"},{"id":281475007250435,"level":3,"status":0,"posx":6,"posy":6,"cityid":466,"townid":1007,"tokenid":"9938b134588faf18347caed9f6dd1163","tokenurl":"/mcm/api/land?token=9938b134588faf18347caed9f6dd1163","imageurl":"/mcm/images/land/2B/2853_1d6937433fa4.jpg","landname":"3"},{"id":281475007250436,"level":2,"status":1,"posx":7,"posy":6,"cityid":466,"townid":1007,"tokenid":"d5589c19d235c08071b50c4b485f50ac","tokenurl":"/mcm/api/land?token=d5589c19d235c08071b50c4b485f50ac","imageurl":"/mcm/images/land/2A/1712_36e419b0837b.jpg","landname":"4"},{"id":281475007250437,"level":3,"status":0,"posx":18,"posy":6,"cityid":466,"townid":1007,"tokenid":"0bf1d0c4d17eaa6a41e703b0fa05116f","tokenurl":"/mcm/api/land?token=0bf1d0c4d17eaa6a41e703b0fa05116f","imageurl":"/mcm/images/land/2B/2854_4ec586c133db.jpg","landname":"5"},{"id":281475007250438,"level":3,"status":1,"posx":19,"posy":6,"cityid":466,"townid":1007,"tokenid":"b01a0750820b9bb84f5017d9a198f52b","tokenurl":"/mcm/api/land?token=b01a0750820b9bb84f5017d9a198f52b","imageurl":"/mcm/images/land/2B/2855_1a34f55d0b62.jpg","landname":"6"},{"id":281475007250439,"level":3,"status":0,"posx":20,"posy":6,"cityid":466,"townid":1007,"tokenid":"785a62bd7de729a1008fbb5486265bc7","tokenurl":"/mcm/api/land?token=785a62bd7de729a1008fbb5486265bc7","imageurl":"/mcm/images/land/2B/2856_498c13988ac.jpg","landname":"7"},{"id":281475007250440,"level":3,"status":0,"posx":21,"posy":6,"cityid":466,"townid":1007,"tokenid":"cbd517b2cb735af42d42394fab29caf4","tokenurl":"/mcm/api/land?token=cbd517b2cb735af42d42394fab29caf4","imageurl":"/mcm/images/land/2B/2857_34dd5252d36e.jpg","landname":"8"},{"id":281475007250441,"level":1,"status":1,"posx":22,"posy":6,"cityid":466,"townid":1007,"tokenid":"33e52592c73fc277bea47bebee893ac7","tokenurl":"/mcm/api/land?token=33e52592c73fc277bea47bebee893ac7","imageurl":"/mcm/images/land/2S/1143_33f7b3009fa8.jpg","landname":"9"},{"id":281475007250442,"level":1,"status":0,"posx":28,"posy":6,"cityid":466,"townid":1007,"tokenid":"d233bf93bd8e81835e2496a69bf26d5d","tokenurl":"/mcm/api/land?token=d233bf93bd8e81835e2496a69bf26d5d","imageurl":"/mcm/images/land/2S/1144_1406879bfab3.jpg","landname":"10"},{"id":281475007250443,"level":2,"status":0,"posx":29,"posy":6,"cityid":466,"townid":1007,"tokenid":"d6d62a6b7e7bccb446bfab64cc7e8c80","tokenurl":"/mcm/api/land?token=d6d62a6b7e7bccb446bfab64cc7e8c80","imageurl":"/mcm/images/land/2A/1713_561de8908c9.jpg","landname":"11"},{"id":281475007250444,"level":2,"status":1,"posx":31,"posy":6,"cityid":466,"townid":1007,"tokenid":"dc948143d0e1dc83238cb0b55a0924b2","tokenurl":"/mcm/api/land?token=dc948143d0e1dc83238cb0b55a0924b2","imageurl":"/mcm/images/land/2A/1714_26523f1c6288.jpg","landname":"12"},{"id":281475007250445,"level":1,"status":1,"posx":32,"posy":6,"cityid":466,"townid":1007,"tokenid":"b90e89b45993a66cc4b54d5a409c77c6","tokenurl":"/mcm/api/land?token=b90e89b45993a66cc4b54d5a409c77c6","imageurl":"/mcm/images/land/2S/1145_211c5d756187.jpg","landname":"13"},{"id":281475007250446,"level":2,"status":1,"posx":6,"posy":7,"cityid":466,"townid":1007,"tokenid":"0d25be2140586a0a3be06c8b98cf3d4f","tokenurl":"/mcm/api/land?token=0d25be2140586a0a3be06c8b98cf3d4f","imageurl":"/mcm/images/land/2A/1715_96cb295fe9c.jpg","landname":"14"},{"id":281475007250447,"level":2,"status":0,"posx":7,"posy":7,"cityid":466,"townid":1007,"tokenid":"3b28b8630e1d1090ac4a90b04b4804d2","tokenurl":"/mcm/api/land?token=3b28b8630e1d1090ac4a90b04b4804d2","imageurl":"/mcm/images/land/2A/1716_26f76b3708fd.jpg","landname":"15"},{"id":281475007250448,"level":2,"status":1,"posx":18,"posy":7,"cityid":466,"townid":1007,"tokenid":"f44a17e74bbd41b8cddb310042635b8d","tokenurl":"/mcm/api/land?token=f44a17e74bbd41b8cddb310042635b8d","imageurl":"/mcm/images/land/2A/1717_1c8896a271f8.jpg","landname":"16"},{"id":281475007250449,"level":1,"status":1,"posx":19,"posy":7,"cityid":466,"townid":1007,"tokenid":"40d4d0d030dc4f92b9ab9b2f371c3c1f","tokenurl":"/mcm/api/land?token=40d4d0d030dc4f92b9ab9b2f371c3c1f","imageurl":"/mcm/images/land/2S/1146_14218c2e669e.jpg","landname":"17"},{"id":281475007250450,"level":1,"status":0,"posx":20,"posy":7,"cityid":466,"townid":1007,"tokenid":"fc85748216d0e5aabf9be17f9eb4172c","tokenurl":"/mcm/api/land?token=fc85748216d0e5aabf9be17f9eb4172c","imageurl":"/mcm/images/land/2S/1147_34f24746c298.jpg","landname":"18"},{"id":281475007250451,"level":2,"status":0,"posx":21,"posy":7,"cityid":466,"townid":1007,"tokenid":"76330c631c8c2c5b42cf5ca8f5a28b1a","tokenurl":"/mcm/api/land?token=76330c631c8c2c5b42cf5ca8f5a28b1a","imageurl":"/mcm/images/land/2A/1718_2904459aecc9.jpg","landname":"19"},{"id":281475007250452,"level":2,"status":0,"posx":22,"posy":7,"cityid":466,"townid":1007,"tokenid":"94ff875efb972ae57b22952645630fe1","tokenurl":"/mcm/api/land?token=94ff875efb972ae57b22952645630fe1","imageurl":"/mcm/images/land/2A/1719_11a3d7518db5.jpg","landname":"20"},{"id":281475007250453,"level":3,"status":0,"posx":28,"posy":7,"cityid":466,"townid":1007,"tokenid":"dc19345593f411ae69b5a07bc9e2fa93","tokenurl":"/mcm/api/land?token=dc19345593f411ae69b5a07bc9e2fa93","imageurl":"/mcm/images/land/2B/2858_47dd9e7ebfd0.jpg","landname":"21"},{"id":281475007250454,"level":3,"status":1,"posx":29,"posy":7,"cityid":466,"townid":1007,"tokenid":"92d3708aa76a4d17140f2d88d161d9e6","tokenurl":"/mcm/api/land?token=92d3708aa76a4d17140f2d88d161d9e6","imageurl":"/mcm/images/land/2B/2859_edf4e805273.jpg","landname":"22"},{"id":281475007250455,"level":1,"status":1,"posx":31,"posy":7,"cityid":466,"townid":1007,"tokenid":"2c79a8178ce0d29a13d09f3464424391","tokenurl":"/mcm/api/land?token=2c79a8178ce0d29a13d09f3464424391","imageurl":"/mcm/images/land/2S/1148_2d546fef82be.jpg","landname":"23"},{"id":281475007250456,"level":3,"status":0,"posx":32,"posy":7,"cityid":466,"townid":1007,"tokenid":"5466b8ca12772475a06e2c519dffe5b8","tokenurl":"/mcm/api/land?token=5466b8ca12772475a06e2c519dffe5b8","imageurl":"/mcm/images/land/2B/2860_515a26ce061a.jpg","landname":"24"},{"id":281475007250457,"level":2,"status":0,"posx":6,"posy":8,"cityid":466,"townid":1007,"tokenid":"2786fd972a43d890f21d8a3cc94bb4a9","tokenurl":"/mcm/api/land?token=2786fd972a43d890f21d8a3cc94bb4a9","imageurl":"/mcm/images/land/2A/1720_aaaf43fb3fa.jpg","landname":"25"},{"id":281475007250458,"level":3,"status":1,"posx":7,"posy":8,"cityid":466,"townid":1007,"tokenid":"54cec91068769e69b8af73249d7ea765","tokenurl":"/mcm/api/land?token=54cec91068769e69b8af73249d7ea765","imageurl":"/mcm/images/land/2B/2861_2b18ad72a66d.jpg","landname":"26"},{"id":281475007250459,"level":1,"status":1,"posx":28,"posy":8,"cityid":466,"townid":1007,"tokenid":"580946a82b7a794eba4df6a3c7ce0fdd","tokenurl":"/mcm/api/land?token=580946a82b7a794eba4df6a3c7ce0fdd","imageurl":"/mcm/images/land/2S/1149_379a1ee9052d.jpg","landname":"27"},{"id":281475007250460,"level":3,"status":0,"posx":29,"posy":8,"cityid":466,"townid":1007,"tokenid":"e5973215307dbd10daae63a83128c3b6","tokenurl":"/mcm/api/land?token=e5973215307dbd10daae63a83128c3b6","imageurl":"/mcm/images/land/2B/2862_1abeb970d42f.jpg","landname":"28"},{"id":281475007250461,"level":2,"status":0,"posx":31,"posy":8,"cityid":466,"townid":1007,"tokenid":"bdc9bf2fcfeaa13dee0919776747a907","tokenurl":"/mcm/api/land?token=bdc9bf2fcfeaa13dee0919776747a907","imageurl":"/mcm/images/land/2A/1721_1947f6f670d7.jpg","landname":"29"},{"id":281475007250462,"level":1,"status":0,"posx":32,"posy":8,"cityid":466,"townid":1007,"tokenid":"130efca2370e44fdc22198e41fdc1122","tokenurl":"/mcm/api/land?token=130efca2370e44fdc22198e41fdc1122","imageurl":"/mcm/images/land/2S/1150_3c8cff11ec6e.jpg","landname":"30"},{"id":281475007250463,"level":3,"status":1,"posx":6,"posy":9,"cityid":466,"townid":1007,"tokenid":"b38ec0cafc681ab646117234eba500b0","tokenurl":"/mcm/api/land?token=b38ec0cafc681ab646117234eba500b0","imageurl":"/mcm/images/land/2B/2863_3f0838e38412.jpg","landname":"31"},{"id":281475007250464,"level":2,"status":1,"posx":7,"posy":9,"cityid":466,"townid":1007,"tokenid":"07a080e103c3a8494254916e8d5fc5aa","tokenurl":"/mcm/api/land?token=07a080e103c3a8494254916e8d5fc5aa","imageurl":"/mcm/images/land/2A/1722_396eafbcdffb.jpg","landname":"32"},{"id":281475007250465,"level":3,"status":0,"posx":28,"posy":9,"cityid":466,"townid":1007,"tokenid":"ecff91994ba2e527bfd81057a02241a5","tokenurl":"/mcm/api/land?token=ecff91994ba2e527bfd81057a02241a5","imageurl":"/mcm/images/land/2B/2864_1e6da9ad60ac.jpg","landname":"33"},{"id":281475007250466,"level":3,"status":1,"posx":29,"posy":9,"cityid":466,"townid":1007,"tokenid":"b39915908e2eecbe0b756f6f91d41c5f","tokenurl":"/mcm/api/land?token=b39915908e2eecbe0b756f6f91d41c5f","imageurl":"/mcm/images/land/2B/2865_3a8851d38a13.jpg","landname":"34"},{"id":281475007250467,"level":3,"status":0,"posx":31,"posy":9,"cityid":466,"townid":1007,"tokenid":"f0ef99f05baed5f97e8671a637be5562","tokenurl":"/mcm/api/land?token=f0ef99f05baed5f97e8671a637be5562","imageurl":"/mcm/images/land/2B/2866_2a26f5d0da9.jpg","landname":"35"},{"id":281475007250468,"level":3,"status":1,"posx":32,"posy":9,"cityid":466,"townid":1007,"tokenid":"470162b5bf43e3b94857042543cd9dc6","tokenurl":"/mcm/api/land?token=470162b5bf43e3b94857042543cd9dc6","imageurl":"/mcm/images/land/2B/2867_2b493d5c7e0.jpg","landname":"36"},{"id":281475007250469,"level":3,"status":1,"posx":28,"posy":10,"cityid":466,"townid":1007,"tokenid":"0e62be0cdcff84ee286a977c236d3692","tokenurl":"/mcm/api/land?token=0e62be0cdcff84ee286a977c236d3692","imageurl":"/mcm/images/land/2B/2868_1cfe29fa2133.jpg","landname":"37"},{"id":281475007250470,"level":3,"status":1,"posx":29,"posy":10,"cityid":466,"townid":1007,"tokenid":"1911cb82906513f58c78b9563f879706","tokenurl":"/mcm/api/land?token=1911cb82906513f58c78b9563f879706","imageurl":"/mcm/images/land/2B/2869_1ca4b8913771.jpg","landname":"38"},{"id":281475007250471,"level":2,"status":0,"posx":31,"posy":10,"cityid":466,"townid":1007,"tokenid":"ffddac75eacb88ddc052e50abcf75f35","tokenurl":"/mcm/api/land?token=ffddac75eacb88ddc052e50abcf75f35","imageurl":"/mcm/images/land/2A/1723_198ac2f2ffd8.jpg","landname":"39"},{"id":281475007250472,"level":2,"status":0,"posx":32,"posy":10,"cityid":466,"townid":1007,"tokenid":"e36f2698fd712ad02f98b3c253d230ea","tokenurl":"/mcm/api/land?token=e36f2698fd712ad02f98b3c253d230ea","imageurl":"/mcm/images/land/2A/1724_37dba4a68ca9.jpg","landname":"40"},{"id":281475007250473,"level":3,"status":0,"posx":9,"posy":14,"cityid":466,"townid":1007,"tokenid":"c1aab704364f7591ffd7c1853768a68b","tokenurl":"/mcm/api/land?token=c1aab704364f7591ffd7c1853768a68b","imageurl":"/mcm/images/land/2B/2870_18071a4e4b71.jpg","landname":"41"},{"id":281475007250474,"level":1,"status":1,"posx":10,"posy":14,"cityid":466,"townid":1007,"tokenid":"4c59c59d5d0d0321b1100475b686b53a","tokenurl":"/mcm/api/land?token=4c59c59d5d0d0321b1100475b686b53a","imageurl":"/mcm/images/land/2S/1151_2e81a086d0f5.jpg","landname":"42"},{"id":281475007250475,"level":2,"status":0,"posx":13,"posy":14,"cityid":466,"townid":1007,"tokenid":"644559611627e360df596b21e95f3d96","tokenurl":"/mcm/api/land?token=644559611627e360df596b21e95f3d96","imageurl":"/mcm/images/land/2A/1725_2d8931a16ea8.jpg","landname":"43"},{"id":281475007250476,"level":3,"status":1,"posx":14,"posy":14,"cityid":466,"townid":1007,"tokenid":"720e1c97c26ec38e3a6a7a4892f02422","tokenurl":"/mcm/api/land?token=720e1c97c26ec38e3a6a7a4892f02422","imageurl":"/mcm/images/land/2B/2871_2e9849717d44.jpg","landname":"44"},{"id":281475007250477,"level":3,"status":0,"posx":17,"posy":14,"cityid":466,"townid":1007,"tokenid":"8f904c5a4e3a89bdcb49dee94326371b","tokenurl":"/mcm/api/land?token=8f904c5a4e3a89bdcb49dee94326371b","imageurl":"/mcm/images/land/2B/2872_36a5a2549478.jpg","landname":"45"},{"id":281475007250478,"level":3,"status":0,"posx":18,"posy":14,"cityid":466,"townid":1007,"tokenid":"a24f31087e1230fd58552cc7453c018e","tokenurl":"/mcm/api/land?token=a24f31087e1230fd58552cc7453c018e","imageurl":"/mcm/images/land/2B/2873_5b24cf51ceb.jpg","landname":"46"},{"id":281475007250479,"level":3,"status":0,"posx":9,"posy":15,"cityid":466,"townid":1007,"tokenid":"add6e021496e12d25e0e0f293b5653cd","tokenurl":"/mcm/api/land?token=add6e021496e12d25e0e0f293b5653cd","imageurl":"/mcm/images/land/2B/2874_3bba14f69843.jpg","landname":"47"},{"id":281475007250480,"level":1,"status":1,"posx":10,"posy":15,"cityid":466,"townid":1007,"tokenid":"9c89a7c2bf7dd5412cffbeed9920ee30","tokenurl":"/mcm/api/land?token=9c89a7c2bf7dd5412cffbeed9920ee30","imageurl":"/mcm/images/land/2S/1152_469c2a301e61.jpg","landname":"48"},{"id":281475007250481,"level":3,"status":0,"posx":13,"posy":15,"cityid":466,"townid":1007,"tokenid":"3ca095e8af8aae88f073af52ba4f3964","tokenurl":"/mcm/api/land?token=3ca095e8af8aae88f073af52ba4f3964","imageurl":"/mcm/images/land/2B/2875_146abf112c44.jpg","landname":"49"},{"id":281475007250482,"level":3,"status":1,"posx":14,"posy":15,"cityid":466,"townid":1007,"tokenid":"9fb6537cbc6f47e71bcb99116b1469b5","tokenurl":"/mcm/api/land?token=9fb6537cbc6f47e71bcb99116b1469b5","imageurl":"/mcm/images/land/2B/2876_5324a41ee49b.jpg","landname":"50"},{"id":281475007250483,"level":1,"status":0,"posx":17,"posy":15,"cityid":466,"townid":1007,"tokenid":"8f8b2d346501d8ae17b9419d0395200d","tokenurl":"/mcm/api/land?token=8f8b2d346501d8ae17b9419d0395200d","imageurl":"/mcm/images/land/2S/1153_2dfeffc259ba.jpg","landname":"51"},{"id":281475007250484,"level":3,"status":0,"posx":18,"posy":15,"cityid":466,"townid":1007,"tokenid":"6ff9621067d70991c15113bfc31c2bf3","tokenurl":"/mcm/api/land?token=6ff9621067d70991c15113bfc31c2bf3","imageurl":"/mcm/images/land/2B/2877_23c2ef4dd6b2.jpg","landname":"52"},{"id":281475007250485,"level":1,"status":1,"posx":9,"posy":16,"cityid":466,"townid":1007,"tokenid":"78bd540b9328388fdfe7d3610abc7403","tokenurl":"/mcm/api/land?token=78bd540b9328388fdfe7d3610abc7403","imageurl":"/mcm/images/land/2S/1154_9a7a8fc26fc.jpg","landname":"53"},{"id":281475007250486,"level":2,"status":1,"posx":10,"posy":16,"cityid":466,"townid":1007,"tokenid":"db0227ae512bf0875aff6be9a9413946","tokenurl":"/mcm/api/land?token=db0227ae512bf0875aff6be9a9413946","imageurl":"/mcm/images/land/2A/1726_45e5e55708ba.jpg","landname":"54"},{"id":281475007250487,"level":2,"status":0,"posx":13,"posy":16,"cityid":466,"townid":1007,"tokenid":"f0ed003de40a304cb6aae3b924aa2748","tokenurl":"/mcm/api/land?token=f0ed003de40a304cb6aae3b924aa2748","imageurl":"/mcm/images/land/2A/1727_3fc699bdc765.jpg","landname":"55"},{"id":281475007250488,"level":1,"status":1,"posx":14,"posy":16,"cityid":466,"townid":1007,"tokenid":"750a1bb871e535507d4daa51932d0a30","tokenurl":"/mcm/api/land?token=750a1bb871e535507d4daa51932d0a30","imageurl":"/mcm/images/land/2S/1155_13e24ad8f17e.jpg","landname":"56"},{"id":281475007250489,"level":1,"status":1,"posx":17,"posy":16,"cityid":466,"townid":1007,"tokenid":"ac3d8e5b79d44886830e84618ff7dfb0","tokenurl":"/mcm/api/land?token=ac3d8e5b79d44886830e84618ff7dfb0","imageurl":"/mcm/images/land/2S/1156_38e1dc040242.jpg","landname":"57"},{"id":281475007250490,"level":2,"status":1,"posx":18,"posy":16,"cityid":466,"townid":1007,"tokenid":"7f1bc7ccd11503ad2a8184a8f03e3da3","tokenurl":"/mcm/api/land?token=7f1bc7ccd11503ad2a8184a8f03e3da3","imageurl":"/mcm/images/land/2A/1728_4e54a1c7e9e3.jpg","landname":"58"},{"id":281475007250491,"level":3,"status":0,"posx":29,"posy":16,"cityid":466,"townid":1007,"tokenid":"c0a90e865ef160c29cee79c7a5884e90","tokenurl":"/mcm/api/land?token=c0a90e865ef160c29cee79c7a5884e90","imageurl":"/mcm/images/land/2B/2878_577c0a0ccc32.jpg","landname":"59"},{"id":281475007250492,"level":3,"status":1,"posx":30,"posy":16,"cityid":466,"townid":1007,"tokenid":"95123020376ea8b9cc0b9373ea0565cf","tokenurl":"/mcm/api/land?token=95123020376ea8b9cc0b9373ea0565cf","imageurl":"/mcm/images/land/2B/2879_590989669ddc.jpg","landname":"60"},{"id":281475007250493,"level":2,"status":1,"posx":33,"posy":16,"cityid":466,"townid":1007,"tokenid":"150d589c14f81c2ae8ad4ab0e96f2065","tokenurl":"/mcm/api/land?token=150d589c14f81c2ae8ad4ab0e96f2065","imageurl":"/mcm/images/land/2A/1729_b04d654fbe2.jpg","landname":"61"},{"id":281475007250494,"level":3,"status":0,"posx":34,"posy":16,"cityid":466,"townid":1007,"tokenid":"7a46423b60f4d05e81909404bb924875","tokenurl":"/mcm/api/land?token=7a46423b60f4d05e81909404bb924875","imageurl":"/mcm/images/land/2B/2880_11b4ea61ca8f.jpg","landname":"62"},{"id":281475007250495,"level":3,"status":1,"posx":9,"posy":17,"cityid":466,"townid":1007,"tokenid":"316a49d5d3be82a0ce8d11d4e6d27cde","tokenurl":"/mcm/api/land?token=316a49d5d3be82a0ce8d11d4e6d27cde","imageurl":"/mcm/images/land/2B/2881_26be66be0906.jpg","landname":"63"},{"id":281475007250496,"level":1,"status":1,"posx":10,"posy":17,"cityid":466,"townid":1007,"tokenid":"531ac0b008d319cfb0b4007217d81603","tokenurl":"/mcm/api/land?token=531ac0b008d319cfb0b4007217d81603","imageurl":"/mcm/images/land/2S/1157_2b6a7db4d42d.jpg","landname":"64"},{"id":281475007250497,"level":3,"status":1,"posx":13,"posy":17,"cityid":466,"townid":1007,"tokenid":"ef980fa4c80e9242de5158e27291d170","tokenurl":"/mcm/api/land?token=ef980fa4c80e9242de5158e27291d170","imageurl":"/mcm/images/land/2B/2882_4b8f8ed8c5da.jpg","landname":"65"},{"id":281475007250498,"level":2,"status":0,"posx":14,"posy":17,"cityid":466,"townid":1007,"tokenid":"73918388dbb77bbb018a003db5ac5578","tokenurl":"/mcm/api/land?token=73918388dbb77bbb018a003db5ac5578","imageurl":"/mcm/images/land/2A/1730_32c27e6eab88.jpg","landname":"66"},{"id":281475007250499,"level":1,"status":1,"posx":17,"posy":17,"cityid":466,"townid":1007,"tokenid":"604d06ba0615cc9ac4d8b56154ed62f1","tokenurl":"/mcm/api/land?token=604d06ba0615cc9ac4d8b56154ed62f1","imageurl":"/mcm/images/land/2S/1158_22ab38b8caa8.jpg","landname":"67"},{"id":281475007250500,"level":3,"status":1,"posx":18,"posy":17,"cityid":466,"townid":1007,"tokenid":"9e80b9f3ba29906d19d96d94e52f9b36","tokenurl":"/mcm/api/land?token=9e80b9f3ba29906d19d96d94e52f9b36","imageurl":"/mcm/images/land/2B/2883_1a1cc55697d7.jpg","landname":"68"},{"id":281475007250501,"level":2,"status":1,"posx":29,"posy":17,"cityid":466,"townid":1007,"tokenid":"b8cb2dc8461e51fdf4df0becd1fdcdf0","tokenurl":"/mcm/api/land?token=b8cb2dc8461e51fdf4df0becd1fdcdf0","imageurl":"/mcm/images/land/2A/1731_166d3d73ea3f.jpg","landname":"69"},{"id":281475007250502,"level":3,"status":1,"posx":30,"posy":17,"cityid":466,"townid":1007,"tokenid":"e2f4bc78d16109409e3d7cff1918500a","tokenurl":"/mcm/api/land?token=e2f4bc78d16109409e3d7cff1918500a","imageurl":"/mcm/images/land/2B/2884_2f64ff8ad535.jpg","landname":"70"},{"id":281475007250503,"level":3,"status":0,"posx":33,"posy":17,"cityid":466,"townid":1007,"tokenid":"02615cabe5a1dfeddbe1fd94f90fb038","tokenurl":"/mcm/api/land?token=02615cabe5a1dfeddbe1fd94f90fb038","imageurl":"/mcm/images/land/2B/2885_33396e19fbed.jpg","landname":"71"},{"id":281475007250504,"level":2,"status":0,"posx":34,"posy":17,"cityid":466,"townid":1007,"tokenid":"a7ee228d6e5e1075026fb3204235c632","tokenurl":"/mcm/api/land?token=a7ee228d6e5e1075026fb3204235c632","imageurl":"/mcm/images/land/2A/1732_de29ae50c13.jpg","landname":"72"},{"id":281475007250505,"level":1,"status":0,"posx":3,"posy":18,"cityid":466,"townid":1007,"tokenid":"72418aa6fdb8f92ec38ac55f70d9ef26","tokenurl":"/mcm/api/land?token=72418aa6fdb8f92ec38ac55f70d9ef26","imageurl":"/mcm/images/land/2S/1159_49bd1ce65e6d.jpg","landname":"73"},{"id":281475007250506,"level":3,"status":1,"posx":4,"posy":18,"cityid":466,"townid":1007,"tokenid":"f0f18808378be89c636777c5ec512b80","tokenurl":"/mcm/api/land?token=f0f18808378be89c636777c5ec512b80","imageurl":"/mcm/images/land/2B/2886_33dea2368f4a.jpg","landname":"74"},{"id":281475007250507,"level":2,"status":1,"posx":9,"posy":18,"cityid":466,"townid":1007,"tokenid":"97b8817b0487213b85ebc1052454dd07","tokenurl":"/mcm/api/land?token=97b8817b0487213b85ebc1052454dd07","imageurl":"/mcm/images/land/2A/1733_1d64ebceeb95.jpg","landname":"75"},{"id":281475007250508,"level":2,"status":1,"posx":10,"posy":18,"cityid":466,"townid":1007,"tokenid":"754709727749a2dcc2ba426ab5652e82","tokenurl":"/mcm/api/land?token=754709727749a2dcc2ba426ab5652e82","imageurl":"/mcm/images/land/2A/1734_9fefa6fcbd3.jpg","landname":"76"},{"id":281475007250509,"level":3,"status":0,"posx":13,"posy":18,"cityid":466,"townid":1007,"tokenid":"4fc73f7f2b7a178502c5d96d6a5cdfce","tokenurl":"/mcm/api/land?token=4fc73f7f2b7a178502c5d96d6a5cdfce","imageurl":"/mcm/images/land/2B/2887_56e75c6c7876.jpg","landname":"77"},{"id":281475007250510,"level":2,"status":0,"posx":14,"posy":18,"cityid":466,"townid":1007,"tokenid":"b00db4ad9628981ee54518fed965b5e7","tokenurl":"/mcm/api/land?token=b00db4ad9628981ee54518fed965b5e7","imageurl":"/mcm/images/land/2A/1735_3ebda428c779.jpg","landname":"78"},{"id":281475007250511,"level":3,"status":0,"posx":17,"posy":18,"cityid":466,"townid":1007,"tokenid":"a5a97ecc4e58ff57f027ef37a1e4f042","tokenurl":"/mcm/api/land?token=a5a97ecc4e58ff57f027ef37a1e4f042","imageurl":"/mcm/images/land/2B/2888_38152bda1a9b.jpg","landname":"79"},{"id":281475007250512,"level":2,"status":1,"posx":18,"posy":18,"cityid":466,"townid":1007,"tokenid":"b8b9dbd7e9a412c3cc76f81f2f1307ce","tokenurl":"/mcm/api/land?token=b8b9dbd7e9a412c3cc76f81f2f1307ce","imageurl":"/mcm/images/land/2A/1736_29303a5c09e0.jpg","landname":"80"},{"id":281475007250513,"level":3,"status":1,"posx":29,"posy":18,"cityid":466,"townid":1007,"tokenid":"c45bef31f9e6228e2239b9a31a1dee7e","tokenurl":"/mcm/api/land?token=c45bef31f9e6228e2239b9a31a1dee7e","imageurl":"/mcm/images/land/2B/2889_2a0090c1b343.jpg","landname":"81"},{"id":281475007250514,"level":2,"status":1,"posx":30,"posy":18,"cityid":466,"townid":1007,"tokenid":"99c335ae3704d4d20607a26464bed3fc","tokenurl":"/mcm/api/land?token=99c335ae3704d4d20607a26464bed3fc","imageurl":"/mcm/images/land/2A/1737_298a8423b25.jpg","landname":"82"},{"id":281475007250515,"level":3,"status":0,"posx":33,"posy":18,"cityid":466,"townid":1007,"tokenid":"bcc4182f05e3b8dcb2fa08d4b41e07aa","tokenurl":"/mcm/api/land?token=bcc4182f05e3b8dcb2fa08d4b41e07aa","imageurl":"/mcm/images/land/2B/2890_7f0209a5b.jpg","landname":"83"},{"id":281475007250516,"level":3,"status":1,"posx":34,"posy":18,"cityid":466,"townid":1007,"tokenid":"a12d1082dbd31adbe5f41977be429c0a","tokenurl":"/mcm/api/land?token=a12d1082dbd31adbe5f41977be429c0a","imageurl":"/mcm/images/land/2B/2891_54f18237223a.jpg","landname":"84"},{"id":281475007250517,"level":3,"status":0,"posx":3,"posy":19,"cityid":466,"townid":1007,"tokenid":"4ed696fbc5df715f308dc67ed5a3f933","tokenurl":"/mcm/api/land?token=4ed696fbc5df715f308dc67ed5a3f933","imageurl":"/mcm/images/land/2B/2892_dfa66f21c5f.jpg","landname":"85"},{"id":281475007250518,"level":2,"status":0,"posx":4,"posy":19,"cityid":466,"townid":1007,"tokenid":"b6cfba70cce6e8f62cb96a66707d2ee5","tokenurl":"/mcm/api/land?token=b6cfba70cce6e8f62cb96a66707d2ee5","imageurl":"/mcm/images/land/2A/1738_4094db528071.jpg","landname":"86"},{"id":281475007250519,"level":3,"status":1,"posx":29,"posy":19,"cityid":466,"townid":1007,"tokenid":"f46318142a10b3fdff753bb59e733340","tokenurl":"/mcm/api/land?token=f46318142a10b3fdff753bb59e733340","imageurl":"/mcm/images/land/2B/2893_3b0d53e67625.jpg","landname":"87"},{"id":281475007250520,"level":1,"status":1,"posx":30,"posy":19,"cityid":466,"townid":1007,"tokenid":"d34d8a563ad88cf44c3c30f2d7d3631b","tokenurl":"/mcm/api/land?token=d34d8a563ad88cf44c3c30f2d7d3631b","imageurl":"/mcm/images/land/2S/1160_3c68b77109ad.jpg","landname":"88"},{"id":281475007250521,"level":3,"status":0,"posx":33,"posy":19,"cityid":466,"townid":1007,"tokenid":"df1cb55c818bc566ebf553dc867e667d","tokenurl":"/mcm/api/land?token=df1cb55c818bc566ebf553dc867e667d","imageurl":"/mcm/images/land/2B/2894_2ca5e91900c5.jpg","landname":"89"},{"id":281475007250522,"level":3,"status":0,"posx":34,"posy":19,"cityid":466,"townid":1007,"tokenid":"0848f564fa767dc27521eca4bccb857d","tokenurl":"/mcm/api/land?token=0848f564fa767dc27521eca4bccb857d","imageurl":"/mcm/images/land/2B/2895_203eeb05298c.jpg","landname":"90"},{"id":281475007250523,"level":1,"status":0,"posx":3,"posy":20,"cityid":466,"townid":1007,"tokenid":"1cb1c194b8e09cf45d8b5bbc0f529280","tokenurl":"/mcm/api/land?token=1cb1c194b8e09cf45d8b5bbc0f529280","imageurl":"/mcm/images/land/2S/1161_288237d82855.jpg","landname":"91"},{"id":281475007250524,"level":3,"status":0,"posx":4,"posy":20,"cityid":466,"townid":1007,"tokenid":"bbeef3666c03fe4c901df1fd7ed130b2","tokenurl":"/mcm/api/land?token=bbeef3666c03fe4c901df1fd7ed130b2","imageurl":"/mcm/images/land/2B/2896_16865d877dad.jpg","landname":"92"},{"id":281475007250525,"level":3,"status":1,"posx":9,"posy":20,"cityid":466,"townid":1007,"tokenid":"123dafc999f5dd8ce6b0fc52817fa777","tokenurl":"/mcm/api/land?token=123dafc999f5dd8ce6b0fc52817fa777","imageurl":"/mcm/images/land/2B/2897_470c77b5a268.jpg","landname":"93"},{"id":281475007250526,"level":1,"status":1,"posx":10,"posy":20,"cityid":466,"townid":1007,"tokenid":"0f2be1854cb22c4c364b667016d74ca9","tokenurl":"/mcm/api/land?token=0f2be1854cb22c4c364b667016d74ca9","imageurl":"/mcm/images/land/2S/1162_26476cd566d4.jpg","landname":"94"},{"id":281475007250527,"level":3,"status":1,"posx":13,"posy":20,"cityid":466,"townid":1007,"tokenid":"33998e9edae7cce5ce34b793b6d54172","tokenurl":"/mcm/api/land?token=33998e9edae7cce5ce34b793b6d54172","imageurl":"/mcm/images/land/2B/2898_1412859aa30c.jpg","landname":"95"},{"id":281475007250528,"level":3,"status":1,"posx":14,"posy":20,"cityid":466,"townid":1007,"tokenid":"c5514308af4dc322ed93c3b3679e669a","tokenurl":"/mcm/api/land?token=c5514308af4dc322ed93c3b3679e669a","imageurl":"/mcm/images/land/2B/2899_33f597f9c1eb.jpg","landname":"96"},{"id":281475007250529,"level":2,"status":1,"posx":17,"posy":20,"cityid":466,"townid":1007,"tokenid":"694554bd72fdb57939e2eb531bff2666","tokenurl":"/mcm/api/land?token=694554bd72fdb57939e2eb531bff2666","imageurl":"/mcm/images/land/2A/1739_fc3f3dc93cb.jpg","landname":"97"},{"id":281475007250530,"level":1,"status":0,"posx":18,"posy":20,"cityid":466,"townid":1007,"tokenid":"26d04b3feef74fa3cdbd4212b7da0861","tokenurl":"/mcm/api/land?token=26d04b3feef74fa3cdbd4212b7da0861","imageurl":"/mcm/images/land/2S/1163_31514163ac18.jpg","landname":"98"},{"id":281475007250531,"level":3,"status":1,"posx":29,"posy":20,"cityid":466,"townid":1007,"tokenid":"1c73e1e9c69cca0d8b86c711ada9b79f","tokenurl":"/mcm/api/land?token=1c73e1e9c69cca0d8b86c711ada9b79f","imageurl":"/mcm/images/land/2B/2900_d636bd826d.jpg","landname":"99"},{"id":281475007250532,"level":2,"status":0,"posx":30,"posy":20,"cityid":466,"townid":1007,"tokenid":"59d31c9f56415615b2e8871201ccd660","tokenurl":"/mcm/api/land?token=59d31c9f56415615b2e8871201ccd660","imageurl":"/mcm/images/land/2A/1740_4fc90f1d8525.jpg","landname":"100"},{"id":281475007250533,"level":3,"status":1,"posx":33,"posy":20,"cityid":466,"townid":1007,"tokenid":"5ca0ca6f46150a3e6dec786617d3e389","tokenurl":"/mcm/api/land?token=5ca0ca6f46150a3e6dec786617d3e389","imageurl":"/mcm/images/land/2B/2901_48c969b71036.jpg","landname":"101"},{"id":281475007250534,"level":2,"status":1,"posx":34,"posy":20,"cityid":466,"townid":1007,"tokenid":"4397ceca976745a615b6cf55f281032b","tokenurl":"/mcm/api/land?token=4397ceca976745a615b6cf55f281032b","imageurl":"/mcm/images/land/2A/1741_30260308ed73.jpg","landname":"102"},{"id":281475007250535,"level":1,"status":0,"posx":3,"posy":21,"cityid":466,"townid":1007,"tokenid":"bb9bf3e0965861f8efffd2381da8efb0","tokenurl":"/mcm/api/land?token=bb9bf3e0965861f8efffd2381da8efb0","imageurl":"/mcm/images/land/2S/1164_52084616a33.jpg","landname":"103"},{"id":281475007250536,"level":3,"status":1,"posx":4,"posy":21,"cityid":466,"townid":1007,"tokenid":"231edbfba591475f50a27601905e1b3b","tokenurl":"/mcm/api/land?token=231edbfba591475f50a27601905e1b3b","imageurl":"/mcm/images/land/2B/2902_21e5c9f4e159.jpg","landname":"104"},{"id":281475007250537,"level":2,"status":1,"posx":9,"posy":21,"cityid":466,"townid":1007,"tokenid":"241b7f3788748bff6f78abbc7f5a0849","tokenurl":"/mcm/api/land?token=241b7f3788748bff6f78abbc7f5a0849","imageurl":"/mcm/images/land/2A/1742_447cf51d4526.jpg","landname":"105"},{"id":281475007250538,"level":1,"status":0,"posx":10,"posy":21,"cityid":466,"townid":1007,"tokenid":"b1475ae2901bd04954a8351403f759f0","tokenurl":"/mcm/api/land?token=b1475ae2901bd04954a8351403f759f0","imageurl":"/mcm/images/land/2S/1165_3b3d21dda8eb.jpg","landname":"106"},{"id":281475007250539,"level":3,"status":0,"posx":13,"posy":21,"cityid":466,"townid":1007,"tokenid":"02ff2598b5422dc11531a4ab5f134ad2","tokenurl":"/mcm/api/land?token=02ff2598b5422dc11531a4ab5f134ad2","imageurl":"/mcm/images/land/2B/2903_94e9ab5d0e0.jpg","landname":"107"},{"id":281475007250540,"level":2,"status":0,"posx":14,"posy":21,"cityid":466,"townid":1007,"tokenid":"1c52f0d38e1eeaead82a2b88bd9d57fc","tokenurl":"/mcm/api/land?token=1c52f0d38e1eeaead82a2b88bd9d57fc","imageurl":"/mcm/images/land/2A/1743_56995ab7f743.jpg","landname":"108"},{"id":281475007250541,"level":3,"status":0,"posx":17,"posy":21,"cityid":466,"townid":1007,"tokenid":"f04367c95ebeb6576e1cf17c7c7000d1","tokenurl":"/mcm/api/land?token=f04367c95ebeb6576e1cf17c7c7000d1","imageurl":"/mcm/images/land/2B/2904_51c9acebd413.jpg","landname":"109"},{"id":281475007250542,"level":3,"status":1,"posx":18,"posy":21,"cityid":466,"townid":1007,"tokenid":"066120f4b22707f4dda34437f6ea0f85","tokenurl":"/mcm/api/land?token=066120f4b22707f4dda34437f6ea0f85","imageurl":"/mcm/images/land/2B/2905_4c09618da74.jpg","landname":"110"},{"id":281475007250543,"level":1,"status":0,"posx":3,"posy":22,"cityid":466,"townid":1007,"tokenid":"4c17c1468d2576143eb2b2f63f6fc3b7","tokenurl":"/mcm/api/land?token=4c17c1468d2576143eb2b2f63f6fc3b7","imageurl":"/mcm/images/land/2S/1166_2177aab85c4b.jpg","landname":"111"},{"id":281475007250544,"level":1,"status":0,"posx":4,"posy":22,"cityid":466,"townid":1007,"tokenid":"1d27e40a8ee86101b9e4d2154820d079","tokenurl":"/mcm/api/land?token=1d27e40a8ee86101b9e4d2154820d079","imageurl":"/mcm/images/land/2S/1167_4d0175d53b13.jpg","landname":"112"},{"id":281475007250545,"level":3,"status":1,"posx":9,"posy":22,"cityid":466,"townid":1007,"tokenid":"74efd406335be1137e95bc68a8822103","tokenurl":"/mcm/api/land?token=74efd406335be1137e95bc68a8822103","imageurl":"/mcm/images/land/2B/2906_225697d9ba0b.jpg","landname":"113"},{"id":281475007250546,"level":2,"status":0,"posx":10,"posy":22,"cityid":466,"townid":1007,"tokenid":"f6565304480898ea9df7bb6afeb9a8b8","tokenurl":"/mcm/api/land?token=f6565304480898ea9df7bb6afeb9a8b8","imageurl":"/mcm/images/land/2A/1744_387d2e4ee746.jpg","landname":"114"},{"id":281475007250547,"level":3,"status":1,"posx":13,"posy":22,"cityid":466,"townid":1007,"tokenid":"49f1ff13e109cdbfa76d85093bc6e30a","tokenurl":"/mcm/api/land?token=49f1ff13e109cdbfa76d85093bc6e30a","imageurl":"/mcm/images/land/2B/2907_458fb29393cf.jpg","landname":"115"},{"id":281475007250548,"level":3,"status":1,"posx":14,"posy":22,"cityid":466,"townid":1007,"tokenid":"0c20cdd81fac4e064e444f34422ac353","tokenurl":"/mcm/api/land?token=0c20cdd81fac4e064e444f34422ac353","imageurl":"/mcm/images/land/2B/2908_1ff7df7201cc.jpg","landname":"116"},{"id":281475007250549,"level":1,"status":0,"posx":17,"posy":22,"cityid":466,"townid":1007,"tokenid":"14d6ce98e73c058b078bdd443a90c6e5","tokenurl":"/mcm/api/land?token=14d6ce98e73c058b078bdd443a90c6e5","imageurl":"/mcm/images/land/2S/1168_35eaadff032c.jpg","landname":"117"},{"id":281475007250550,"level":1,"status":0,"posx":18,"posy":22,"cityid":466,"townid":1007,"tokenid":"8667a04af74fc0ff09d11d1dd6173556","tokenurl":"/mcm/api/land?token=8667a04af74fc0ff09d11d1dd6173556","imageurl":"/mcm/images/land/2S/1169_c2a0eb1505a.jpg","landname":"118"},{"id":281475007250551,"level":2,"status":1,"posx":9,"posy":23,"cityid":466,"townid":1007,"tokenid":"b0f63390ddd67f59072c93bd82997114","tokenurl":"/mcm/api/land?token=b0f63390ddd67f59072c93bd82997114","imageurl":"/mcm/images/land/2A/1745_1808fc23202c.jpg","landname":"119"},{"id":281475007250552,"level":2,"status":1,"posx":10,"posy":23,"cityid":466,"townid":1007,"tokenid":"5ee39074df90c5253058ca09d334816c","tokenurl":"/mcm/api/land?token=5ee39074df90c5253058ca09d334816c","imageurl":"/mcm/images/land/2A/1746_310eda972080.jpg","landname":"120"},{"id":281475007250553,"level":3,"status":0,"posx":13,"posy":23,"cityid":466,"townid":1007,"tokenid":"8db6c9511f0c877eea2790f78cf68048","tokenurl":"/mcm/api/land?token=8db6c9511f0c877eea2790f78cf68048","imageurl":"/mcm/images/land/2B/2909_546db29b0f57.jpg","landname":"121"},{"id":281475007250554,"level":3,"status":0,"posx":14,"posy":23,"cityid":466,"townid":1007,"tokenid":"fb16483fd24747a307e0ade4632cf8fc","tokenurl":"/mcm/api/land?token=fb16483fd24747a307e0ade4632cf8fc","imageurl":"/mcm/images/land/2B/2910_47ca3ffd6ef1.jpg","landname":"122"},{"id":281475007250555,"level":3,"status":1,"posx":17,"posy":23,"cityid":466,"townid":1007,"tokenid":"3eb57755f334762beb4815c238cb4263","tokenurl":"/mcm/api/land?token=3eb57755f334762beb4815c238cb4263","imageurl":"/mcm/images/land/2B/2911_24cdd89d4365.jpg","landname":"123"},{"id":281475007250556,"level":3,"status":0,"posx":18,"posy":23,"cityid":466,"townid":1007,"tokenid":"7be82ff3f5ae7073e83d0d317103bb88","tokenurl":"/mcm/api/land?token=7be82ff3f5ae7073e83d0d317103bb88","imageurl":"/mcm/images/land/2B/2912_361c449036fa.jpg","landname":"124"},{"id":281475007250557,"level":2,"status":0,"posx":9,"posy":24,"cityid":466,"townid":1007,"tokenid":"e4144e3f8f93ddbbf320a6da2c1dc291","tokenurl":"/mcm/api/land?token=e4144e3f8f93ddbbf320a6da2c1dc291","imageurl":"/mcm/images/land/2A/1747_4fcfe6a007c6.jpg","landname":"125"},{"id":281475007250558,"level":3,"status":0,"posx":10,"posy":24,"cityid":466,"townid":1007,"tokenid":"92b5080e39f3c8f9a71d1801773c2875","tokenurl":"/mcm/api/land?token=92b5080e39f3c8f9a71d1801773c2875","imageurl":"/mcm/images/land/2B/2913_686135b9d0d.jpg","landname":"126"},{"id":281475007250559,"level":2,"status":0,"posx":13,"posy":24,"cityid":466,"townid":1007,"tokenid":"2732c4346e096bdc4490a765f35d80ff","tokenurl":"/mcm/api/land?token=2732c4346e096bdc4490a765f35d80ff","imageurl":"/mcm/images/land/2A/1748_154fa854121e.jpg","landname":"127"},{"id":281475007250560,"level":3,"status":1,"posx":14,"posy":24,"cityid":466,"townid":1007,"tokenid":"568c1ef2723ca4efe6fc1ebf812b3288","tokenurl":"/mcm/api/land?token=568c1ef2723ca4efe6fc1ebf812b3288","imageurl":"/mcm/images/land/2B/2914_956b981ce1e.jpg","landname":"128"},{"id":281475007250561,"level":3,"status":0,"posx":17,"posy":24,"cityid":466,"townid":1007,"tokenid":"9bd4b1228e6ab8f87ff45e1ab3cf2440","tokenurl":"/mcm/api/land?token=9bd4b1228e6ab8f87ff45e1ab3cf2440","imageurl":"/mcm/images/land/2B/2915_59ab003172c4.jpg","landname":"129"},{"id":281475007250562,"level":2,"status":0,"posx":18,"posy":24,"cityid":466,"townid":1007,"tokenid":"a0fc0296ef202bce483aa73bf99e22d1","tokenurl":"/mcm/api/land?token=a0fc0296ef202bce483aa73bf99e22d1","imageurl":"/mcm/images/land/2A/1749_322d3b634f25.jpg","landname":"130"},{"id":281475007250563,"level":3,"status":1,"posx":30,"posy":25,"cityid":466,"townid":1007,"tokenid":"e871933155ac1d5763f9c5ee9f5097fc","tokenurl":"/mcm/api/land?token=e871933155ac1d5763f9c5ee9f5097fc","imageurl":"/mcm/images/land/2B/2916_bd701a06108.jpg","landname":"131"},{"id":281475007250564,"level":3,"status":1,"posx":31,"posy":25,"cityid":466,"townid":1007,"tokenid":"43fecdacc18a40aa314442054db3edc3","tokenurl":"/mcm/api/land?token=43fecdacc18a40aa314442054db3edc3","imageurl":"/mcm/images/land/2B/2917_391ff0c1571e.jpg","landname":"132"},{"id":281475007250565,"level":3,"status":1,"posx":30,"posy":26,"cityid":466,"townid":1007,"tokenid":"61f490836bfd6433abc215cbe0e59e18","tokenurl":"/mcm/api/land?token=61f490836bfd6433abc215cbe0e59e18","imageurl":"/mcm/images/land/2B/2918_31532fb3b8a4.jpg","landname":"133"},{"id":281475007250566,"level":2,"status":0,"posx":31,"posy":26,"cityid":466,"townid":1007,"tokenid":"a697eba61640e57f988a1584412ba90b","tokenurl":"/mcm/api/land?token=a697eba61640e57f988a1584412ba90b","imageurl":"/mcm/images/land/2A/1750_d98e7610ca0.jpg","landname":"134"},{"id":281475007250567,"level":1,"status":0,"posx":30,"posy":27,"cityid":466,"townid":1007,"tokenid":"af3289286d747ae065033ed43704443b","tokenurl":"/mcm/api/land?token=af3289286d747ae065033ed43704443b","imageurl":"/mcm/images/land/2S/1170_28b116fe4c42.jpg","landname":"135"},{"id":281475007250568,"level":2,"status":1,"posx":31,"posy":27,"cityid":466,"townid":1007,"tokenid":"502e01359a64b69b2be34cdc48fc0679","tokenurl":"/mcm/api/land?token=502e01359a64b69b2be34cdc48fc0679","imageurl":"/mcm/images/land/2A/1751_f609fc5b520.jpg","landname":"136"},{"id":281475007250569,"level":3,"status":1,"posx":30,"posy":28,"cityid":466,"townid":1007,"tokenid":"57ffb65d1e143862dcf9493cece84e91","tokenurl":"/mcm/api/land?token=57ffb65d1e143862dcf9493cece84e91","imageurl":"/mcm/images/land/2B/2919_25c76450c879.jpg","landname":"137"},{"id":281475007250570,"level":1,"status":0,"posx":31,"posy":28,"cityid":466,"townid":1007,"tokenid":"43427425115497d6176bcd42a5ad913f","tokenurl":"/mcm/api/land?token=43427425115497d6176bcd42a5ad913f","imageurl":"/mcm/images/land/2S/1171_481c00aea10a.jpg","landname":"138"},{"id":281475007250571,"level":2,"status":1,"posx":30,"posy":29,"cityid":466,"townid":1007,"tokenid":"09abe552b534ae85265573570fcfd3e6","tokenurl":"/mcm/api/land?token=09abe552b534ae85265573570fcfd3e6","imageurl":"/mcm/images/land/2A/1752_397a1f2708ea.jpg","landname":"139"},{"id":281475007250572,"level":3,"status":0,"posx":31,"posy":29,"cityid":466,"townid":1007,"tokenid":"88a0c094d5064b98e3b989a7545d6e08","tokenurl":"/mcm/api/land?token=88a0c094d5064b98e3b989a7545d6e08","imageurl":"/mcm/images/land/2B/2920_392065c399e9.jpg","landname":"140"},{"id":281475007250573,"level":3,"status":1,"posx":10,"posy":30,"cityid":466,"townid":1007,"tokenid":"4c67635eb3d32140d75c3c6d66a18e34","tokenurl":"/mcm/api/land?token=4c67635eb3d32140d75c3c6d66a18e34","imageurl":"/mcm/images/land/2B/2921_1faadba92018.jpg","landname":"141"},{"id":281475007250574,"level":2,"status":0,"posx":11,"posy":30,"cityid":466,"townid":1007,"tokenid":"64def6a339e0b92eee72b1477baac416","tokenurl":"/mcm/api/land?token=64def6a339e0b92eee72b1477baac416","imageurl":"/mcm/images/land/2A/1753_1b92251f9537.jpg","landname":"142"},{"id":281475007250575,"level":3,"status":0,"posx":12,"posy":30,"cityid":466,"townid":1007,"tokenid":"c7bf5e34e1aeaad8b82837632bb7fcde","tokenurl":"/mcm/api/land?token=c7bf5e34e1aeaad8b82837632bb7fcde","imageurl":"/mcm/images/land/2B/2922_3dfd66f72961.jpg","landname":"143"},{"id":281475007250576,"level":3,"status":0,"posx":13,"posy":30,"cityid":466,"townid":1007,"tokenid":"6f2e629f714e6833b9b1a8a7e9a48128","tokenurl":"/mcm/api/land?token=6f2e629f714e6833b9b1a8a7e9a48128","imageurl":"/mcm/images/land/2B/2923_4cdf37aaf859.jpg","landname":"144"},{"id":281475007250577,"level":3,"status":1,"posx":14,"posy":30,"cityid":466,"townid":1007,"tokenid":"a3365ffb6d2cea2ed498b46c2968b249","tokenurl":"/mcm/api/land?token=a3365ffb6d2cea2ed498b46c2968b249","imageurl":"/mcm/images/land/2B/2924_175c9a50c419.jpg","landname":"145"},{"id":281475007250578,"level":3,"status":0,"posx":10,"posy":31,"cityid":466,"townid":1007,"tokenid":"4448a2d957c9a7fcd59a87dd6e65d5d5","tokenurl":"/mcm/api/land?token=4448a2d957c9a7fcd59a87dd6e65d5d5","imageurl":"/mcm/images/land/2B/2925_53b599db980d.jpg","landname":"146"},{"id":281475007250579,"level":2,"status":0,"posx":11,"posy":31,"cityid":466,"townid":1007,"tokenid":"93209ba18b29bbf87524b6b49ba0daaf","tokenurl":"/mcm/api/land?token=93209ba18b29bbf87524b6b49ba0daaf","imageurl":"/mcm/images/land/2A/1754_445a25b00db4.jpg","landname":"147"},{"id":281475007250580,"level":3,"status":1,"posx":12,"posy":31,"cityid":466,"townid":1007,"tokenid":"a2c2463c0f818998b02f85a67bbca269","tokenurl":"/mcm/api/land?token=a2c2463c0f818998b02f85a67bbca269","imageurl":"/mcm/images/land/2B/2926_39ab26531a88.jpg","landname":"148"},{"id":281475007250581,"level":2,"status":1,"posx":13,"posy":31,"cityid":466,"townid":1007,"tokenid":"5b0ef7d600bc49280ed11156bcc20681","tokenurl":"/mcm/api/land?token=5b0ef7d600bc49280ed11156bcc20681","imageurl":"/mcm/images/land/2A/1755_3da9e4a258f1.jpg","landname":"149"},{"id":281475007250582,"level":2,"status":1,"posx":14,"posy":31,"cityid":466,"townid":1007,"tokenid":"9b8fa71fb6a2de867c7e4bdfa631be3a","tokenurl":"/mcm/api/land?token=9b8fa71fb6a2de867c7e4bdfa631be3a","imageurl":"/mcm/images/land/2A/1756_c9a1fe290ef.jpg","landname":"150"}]]],0,0,[],[],[]]
