[1,0,0,[["cc.JsonAsset",["_name","json"],1]],[[0,0,1,3]],[[0,"878",[{"id":281475002990743,"level":2,"status":1,"posx":6,"posy":5,"cityid":401,"townid":878,"tokenid":"a307c5001b4109868e0cebce9d613876","tokenurl":"/mcm/api/land?token=a307c5001b4109868e0cebce9d613876","imageurl":"/mcm/images/land/2A/14267_43e2f7e2979.jpg","landname":"1"},{"id":281475002990744,"level":1,"status":1,"posx":7,"posy":5,"cityid":401,"townid":878,"tokenid":"1da90324d643222dc68ee1db304cf726","tokenurl":"/mcm/api/land?token=1da90324d643222dc68ee1db304cf726","imageurl":"/mcm/images/land/2S/9512_53aadc7492af.jpg","landname":"2"},{"id":281475002990745,"level":2,"status":1,"posx":6,"posy":6,"cityid":401,"townid":878,"tokenid":"8f473e8d66f2ec6032dbd953268e419b","tokenurl":"/mcm/api/land?token=8f473e8d66f2ec6032dbd953268e419b","imageurl":"/mcm/images/land/2A/14268_29c49efac79.jpg","landname":"3"},{"id":281475002990746,"level":1,"status":0,"posx":7,"posy":6,"cityid":401,"townid":878,"tokenid":"c0c1392c8fe4a8d86ac6ef1cd90da771","tokenurl":"/mcm/api/land?token=c0c1392c8fe4a8d86ac6ef1cd90da771","imageurl":"/mcm/images/land/2S/9513_54582d742312.jpg","landname":"4"},{"id":281475002990747,"level":2,"status":1,"posx":18,"posy":6,"cityid":401,"townid":878,"tokenid":"47a53c8f4aec940bf691513844be8497","tokenurl":"/mcm/api/land?token=47a53c8f4aec940bf691513844be8497","imageurl":"/mcm/images/land/2A/14269_510017042427.jpg","landname":"5"},{"id":281475002990748,"level":1,"status":0,"posx":19,"posy":6,"cityid":401,"townid":878,"tokenid":"ff6c028c7fac60a7594e2f907f800261","tokenurl":"/mcm/api/land?token=ff6c028c7fac60a7594e2f907f800261","imageurl":"/mcm/images/land/2S/9514_40c2ca779248.jpg","landname":"6"},{"id":281475002990749,"level":2,"status":0,"posx":20,"posy":6,"cityid":401,"townid":878,"tokenid":"2d8c09fc4691cfb31de0c84e5cf9dd79","tokenurl":"/mcm/api/land?token=2d8c09fc4691cfb31de0c84e5cf9dd79","imageurl":"/mcm/images/land/2A/14270_56336df8f7d.jpg","landname":"7"},{"id":281475002990750,"level":2,"status":0,"posx":21,"posy":6,"cityid":401,"townid":878,"tokenid":"914a0fe59d38b46899bbae0d1c896ee8","tokenurl":"/mcm/api/land?token=914a0fe59d38b46899bbae0d1c896ee8","imageurl":"/mcm/images/land/2A/14271_7bad9eefc5f.jpg","landname":"8"},{"id":281475002990751,"level":1,"status":0,"posx":22,"posy":6,"cityid":401,"townid":878,"tokenid":"74d40fdd374759601967a37a60f7fcbb","tokenurl":"/mcm/api/land?token=74d40fdd374759601967a37a60f7fcbb","imageurl":"/mcm/images/land/2S/9515_35e7af05e8a.jpg","landname":"9"},{"id":281475002990752,"level":3,"status":1,"posx":28,"posy":6,"cityid":401,"townid":878,"tokenid":"d884b9ef693b778896117e6eff387122","tokenurl":"/mcm/api/land?token=d884b9ef693b778896117e6eff387122","imageurl":"/mcm/images/land/2B/23777_4a0ed0c03bcc.jpg","landname":"10"},{"id":281475002990753,"level":3,"status":0,"posx":29,"posy":6,"cityid":401,"townid":878,"tokenid":"57e50b6bdff24f372d6482e40647741c","tokenurl":"/mcm/api/land?token=57e50b6bdff24f372d6482e40647741c","imageurl":"/mcm/images/land/2B/23778_1549db8e3bea.jpg","landname":"11"},{"id":281475002990754,"level":1,"status":0,"posx":31,"posy":6,"cityid":401,"townid":878,"tokenid":"6bd14c7bf85cd450d253af8f0206d61a","tokenurl":"/mcm/api/land?token=6bd14c7bf85cd450d253af8f0206d61a","imageurl":"/mcm/images/land/2S/9516_1e8d55ded7df.jpg","landname":"12"},{"id":281475002990755,"level":1,"status":0,"posx":32,"posy":6,"cityid":401,"townid":878,"tokenid":"8d48efafbfd70401c08a773aa05245ab","tokenurl":"/mcm/api/land?token=8d48efafbfd70401c08a773aa05245ab","imageurl":"/mcm/images/land/2S/9517_55f764c21e53.jpg","landname":"13"},{"id":281475002990756,"level":3,"status":1,"posx":6,"posy":7,"cityid":401,"townid":878,"tokenid":"c97c9a66af78259340dfeefb53fc0634","tokenurl":"/mcm/api/land?token=c97c9a66af78259340dfeefb53fc0634","imageurl":"/mcm/images/land/2B/23779_82a01a91ca3.jpg","landname":"14"},{"id":281475002990757,"level":1,"status":1,"posx":7,"posy":7,"cityid":401,"townid":878,"tokenid":"6abbae1becefc12e2ce3e682f524903b","tokenurl":"/mcm/api/land?token=6abbae1becefc12e2ce3e682f524903b","imageurl":"/mcm/images/land/2S/9518_172f4fcf13ae.jpg","landname":"15"},{"id":281475002990758,"level":1,"status":0,"posx":18,"posy":7,"cityid":401,"townid":878,"tokenid":"078a027281e1f9ad6474cfd859cff997","tokenurl":"/mcm/api/land?token=078a027281e1f9ad6474cfd859cff997","imageurl":"/mcm/images/land/2S/9519_195f8c5fb87c.jpg","landname":"16"},{"id":281475002990759,"level":3,"status":1,"posx":19,"posy":7,"cityid":401,"townid":878,"tokenid":"eb07b455773b3fe020c25014befa0b25","tokenurl":"/mcm/api/land?token=eb07b455773b3fe020c25014befa0b25","imageurl":"/mcm/images/land/2B/23780_9ad9f72fe2d.jpg","landname":"17"},{"id":281475002990760,"level":3,"status":0,"posx":20,"posy":7,"cityid":401,"townid":878,"tokenid":"f90cdc830043b2378fe2eef1d302800e","tokenurl":"/mcm/api/land?token=f90cdc830043b2378fe2eef1d302800e","imageurl":"/mcm/images/land/2B/23781_43e392c98882.jpg","landname":"18"},{"id":281475002990761,"level":1,"status":1,"posx":21,"posy":7,"cityid":401,"townid":878,"tokenid":"f7e4e37b9c3634b0f7a5da2de6676c0b","tokenurl":"/mcm/api/land?token=f7e4e37b9c3634b0f7a5da2de6676c0b","imageurl":"/mcm/images/land/2S/9520_3576bb9b3364.jpg","landname":"19"},{"id":281475002990762,"level":2,"status":0,"posx":22,"posy":7,"cityid":401,"townid":878,"tokenid":"5292652cdf81f85507a13c88cc0ff39f","tokenurl":"/mcm/api/land?token=5292652cdf81f85507a13c88cc0ff39f","imageurl":"/mcm/images/land/2A/14272_8b2818393dd.jpg","landname":"20"},{"id":281475002990763,"level":2,"status":1,"posx":28,"posy":7,"cityid":401,"townid":878,"tokenid":"689c9d8f2d4004e3047e3f8e3a157971","tokenurl":"/mcm/api/land?token=689c9d8f2d4004e3047e3f8e3a157971","imageurl":"/mcm/images/land/2A/14273_3c0b53736827.jpg","landname":"21"},{"id":281475002990764,"level":2,"status":1,"posx":29,"posy":7,"cityid":401,"townid":878,"tokenid":"21ee20b17855e8691f76349d460e9eef","tokenurl":"/mcm/api/land?token=21ee20b17855e8691f76349d460e9eef","imageurl":"/mcm/images/land/2A/14274_13f6c0246de2.jpg","landname":"22"},{"id":281475002990765,"level":2,"status":1,"posx":31,"posy":7,"cityid":401,"townid":878,"tokenid":"e15aaa6c2fd71a36a2e1298e1630b433","tokenurl":"/mcm/api/land?token=e15aaa6c2fd71a36a2e1298e1630b433","imageurl":"/mcm/images/land/2A/14275_33c6b55b516f.jpg","landname":"23"},{"id":281475002990766,"level":2,"status":1,"posx":32,"posy":7,"cityid":401,"townid":878,"tokenid":"3431bee52ca909b2f12886b005d47179","tokenurl":"/mcm/api/land?token=3431bee52ca909b2f12886b005d47179","imageurl":"/mcm/images/land/2A/14276_a192013046.jpg","landname":"24"},{"id":281475002990767,"level":1,"status":1,"posx":6,"posy":8,"cityid":401,"townid":878,"tokenid":"9eed1882078eef7e29a2a409de99a0de","tokenurl":"/mcm/api/land?token=9eed1882078eef7e29a2a409de99a0de","imageurl":"/mcm/images/land/2S/9521_11f8aaaf35d2.jpg","landname":"25"},{"id":281475002990768,"level":1,"status":0,"posx":7,"posy":8,"cityid":401,"townid":878,"tokenid":"6a04785d21a9450b7c3c8c7c598d2258","tokenurl":"/mcm/api/land?token=6a04785d21a9450b7c3c8c7c598d2258","imageurl":"/mcm/images/land/2S/9522_33c7ba4303c6.jpg","landname":"26"},{"id":281475002990769,"level":3,"status":1,"posx":28,"posy":8,"cityid":401,"townid":878,"tokenid":"f16e2c36188790506cfdfe21ad05bc65","tokenurl":"/mcm/api/land?token=f16e2c36188790506cfdfe21ad05bc65","imageurl":"/mcm/images/land/2B/23782_3e0055030dd6.jpg","landname":"27"},{"id":281475002990770,"level":3,"status":0,"posx":29,"posy":8,"cityid":401,"townid":878,"tokenid":"42a462cd7e88a286f6d0855067a2f71c","tokenurl":"/mcm/api/land?token=42a462cd7e88a286f6d0855067a2f71c","imageurl":"/mcm/images/land/2B/23783_13e142c008d6.jpg","landname":"28"},{"id":281475002990771,"level":2,"status":1,"posx":31,"posy":8,"cityid":401,"townid":878,"tokenid":"48343326ce72ef857d413eb8307bedc0","tokenurl":"/mcm/api/land?token=48343326ce72ef857d413eb8307bedc0","imageurl":"/mcm/images/land/2A/14277_bc7b70d7637.jpg","landname":"29"},{"id":281475002990772,"level":3,"status":1,"posx":32,"posy":8,"cityid":401,"townid":878,"tokenid":"b5bd12cd40663b4dd6f3505ab3bbf13d","tokenurl":"/mcm/api/land?token=b5bd12cd40663b4dd6f3505ab3bbf13d","imageurl":"/mcm/images/land/2B/23784_4f1cc1fcdff.jpg","landname":"30"},{"id":281475002990773,"level":3,"status":0,"posx":6,"posy":9,"cityid":401,"townid":878,"tokenid":"98f96bfb2a93ca5eecb182f01baafa95","tokenurl":"/mcm/api/land?token=98f96bfb2a93ca5eecb182f01baafa95","imageurl":"/mcm/images/land/2B/23785_5395fbe6316.jpg","landname":"31"},{"id":281475002990774,"level":3,"status":0,"posx":7,"posy":9,"cityid":401,"townid":878,"tokenid":"bb7bca98a2cfe5659fe638ae26a5efa7","tokenurl":"/mcm/api/land?token=bb7bca98a2cfe5659fe638ae26a5efa7","imageurl":"/mcm/images/land/2B/23786_310ab384251a.jpg","landname":"32"},{"id":281475002990775,"level":2,"status":0,"posx":28,"posy":9,"cityid":401,"townid":878,"tokenid":"daf23beed6ad5d320f755462221a2a4a","tokenurl":"/mcm/api/land?token=daf23beed6ad5d320f755462221a2a4a","imageurl":"/mcm/images/land/2A/14278_18691e9262eb.jpg","landname":"33"},{"id":281475002990776,"level":3,"status":1,"posx":29,"posy":9,"cityid":401,"townid":878,"tokenid":"d50e6d4b0c719c7479298758e6dd46e8","tokenurl":"/mcm/api/land?token=d50e6d4b0c719c7479298758e6dd46e8","imageurl":"/mcm/images/land/2B/23787_14ae62de7c27.jpg","landname":"34"},{"id":281475002990777,"level":2,"status":1,"posx":31,"posy":9,"cityid":401,"townid":878,"tokenid":"d2926182b2dfc00ea4037dc46e77a703","tokenurl":"/mcm/api/land?token=d2926182b2dfc00ea4037dc46e77a703","imageurl":"/mcm/images/land/2A/14279_5803461a2817.jpg","landname":"35"},{"id":281475002990778,"level":3,"status":0,"posx":32,"posy":9,"cityid":401,"townid":878,"tokenid":"2ef3c18e7797b9ef7af45dcefc400103","tokenurl":"/mcm/api/land?token=2ef3c18e7797b9ef7af45dcefc400103","imageurl":"/mcm/images/land/2B/23788_5247b9d3fb85.jpg","landname":"36"},{"id":281475002990779,"level":3,"status":0,"posx":28,"posy":10,"cityid":401,"townid":878,"tokenid":"3985c4b73ad4c9aa10f942d3d0697689","tokenurl":"/mcm/api/land?token=3985c4b73ad4c9aa10f942d3d0697689","imageurl":"/mcm/images/land/2B/23789_fab032693be.jpg","landname":"37"},{"id":281475002990780,"level":2,"status":0,"posx":29,"posy":10,"cityid":401,"townid":878,"tokenid":"c04dbae5292aa6fbace621c36c7542b7","tokenurl":"/mcm/api/land?token=c04dbae5292aa6fbace621c36c7542b7","imageurl":"/mcm/images/land/2A/14280_3bf7a2426c6e.jpg","landname":"38"},{"id":281475002990781,"level":2,"status":0,"posx":31,"posy":10,"cityid":401,"townid":878,"tokenid":"1ac232acf26673951128fb3b7f49db3b","tokenurl":"/mcm/api/land?token=1ac232acf26673951128fb3b7f49db3b","imageurl":"/mcm/images/land/2A/14281_16a8995effa6.jpg","landname":"39"},{"id":281475002990782,"level":3,"status":1,"posx":32,"posy":10,"cityid":401,"townid":878,"tokenid":"13e5d2fd5e837520157edbef01707caa","tokenurl":"/mcm/api/land?token=13e5d2fd5e837520157edbef01707caa","imageurl":"/mcm/images/land/2B/23790_16bf31744914.jpg","landname":"40"},{"id":281475002990783,"level":3,"status":1,"posx":9,"posy":14,"cityid":401,"townid":878,"tokenid":"8c9f85d072f6f5bee2497c87414cab72","tokenurl":"/mcm/api/land?token=8c9f85d072f6f5bee2497c87414cab72","imageurl":"/mcm/images/land/2B/23791_37b6c8b50a68.jpg","landname":"41"},{"id":281475002990784,"level":3,"status":1,"posx":10,"posy":14,"cityid":401,"townid":878,"tokenid":"02f9e53b2b4328b9e1f99ba6da80b4f0","tokenurl":"/mcm/api/land?token=02f9e53b2b4328b9e1f99ba6da80b4f0","imageurl":"/mcm/images/land/2B/23792_ed8e65199b4.jpg","landname":"42"},{"id":281475002990785,"level":3,"status":1,"posx":13,"posy":14,"cityid":401,"townid":878,"tokenid":"eed35b35ee18281c510913df3c1b9ba4","tokenurl":"/mcm/api/land?token=eed35b35ee18281c510913df3c1b9ba4","imageurl":"/mcm/images/land/2B/23793_12958b2a90d3.jpg","landname":"43"},{"id":281475002990786,"level":3,"status":1,"posx":14,"posy":14,"cityid":401,"townid":878,"tokenid":"74fade3ed7ca08e08c11786f93748fae","tokenurl":"/mcm/api/land?token=74fade3ed7ca08e08c11786f93748fae","imageurl":"/mcm/images/land/2B/23794_1d9eb25a02da.jpg","landname":"44"},{"id":281475002990787,"level":2,"status":1,"posx":17,"posy":14,"cityid":401,"townid":878,"tokenid":"005586cd4c26b7fba4ade71e90c097f4","tokenurl":"/mcm/api/land?token=005586cd4c26b7fba4ade71e90c097f4","imageurl":"/mcm/images/land/2A/14282_1af6beec1260.jpg","landname":"45"},{"id":281475002990788,"level":2,"status":0,"posx":18,"posy":14,"cityid":401,"townid":878,"tokenid":"894309e40fa53c166915568060510967","tokenurl":"/mcm/api/land?token=894309e40fa53c166915568060510967","imageurl":"/mcm/images/land/2A/14283_2e28c48fed9d.jpg","landname":"46"},{"id":281475002990789,"level":2,"status":0,"posx":9,"posy":15,"cityid":401,"townid":878,"tokenid":"9b5e2ac8eefd96417271ffc2cf99d17d","tokenurl":"/mcm/api/land?token=9b5e2ac8eefd96417271ffc2cf99d17d","imageurl":"/mcm/images/land/2A/14284_e69ce03b207.jpg","landname":"47"},{"id":281475002990790,"level":3,"status":1,"posx":10,"posy":15,"cityid":401,"townid":878,"tokenid":"5d17f86fc369a1bd0525b0591cccfa31","tokenurl":"/mcm/api/land?token=5d17f86fc369a1bd0525b0591cccfa31","imageurl":"/mcm/images/land/2B/23795_60eaca197eb.jpg","landname":"48"},{"id":281475002990791,"level":3,"status":1,"posx":13,"posy":15,"cityid":401,"townid":878,"tokenid":"2ab3072cefcd6da63928ce1589d5ad33","tokenurl":"/mcm/api/land?token=2ab3072cefcd6da63928ce1589d5ad33","imageurl":"/mcm/images/land/2B/23796_47e5dda7b4eb.jpg","landname":"49"},{"id":281475002990792,"level":3,"status":0,"posx":14,"posy":15,"cityid":401,"townid":878,"tokenid":"a7da04eaaba810e83338550896a77bcd","tokenurl":"/mcm/api/land?token=a7da04eaaba810e83338550896a77bcd","imageurl":"/mcm/images/land/2B/23797_50a49ac2f08e.jpg","landname":"50"},{"id":281475002990793,"level":1,"status":0,"posx":17,"posy":15,"cityid":401,"townid":878,"tokenid":"77d6a156f3491fa4db029bcda1ff6e93","tokenurl":"/mcm/api/land?token=77d6a156f3491fa4db029bcda1ff6e93","imageurl":"/mcm/images/land/2S/9523_59a2d5128ea5.jpg","landname":"51"},{"id":281475002990794,"level":1,"status":0,"posx":18,"posy":15,"cityid":401,"townid":878,"tokenid":"f0cbf4665af4b56a76f49f3d82fd2579","tokenurl":"/mcm/api/land?token=f0cbf4665af4b56a76f49f3d82fd2579","imageurl":"/mcm/images/land/2S/9524_206074fa77b7.jpg","landname":"52"},{"id":281475002990795,"level":3,"status":1,"posx":9,"posy":16,"cityid":401,"townid":878,"tokenid":"6659762a160c09e5f162489507110ade","tokenurl":"/mcm/api/land?token=6659762a160c09e5f162489507110ade","imageurl":"/mcm/images/land/2B/23798_23edb0ba30c8.jpg","landname":"53"},{"id":281475002990796,"level":3,"status":0,"posx":10,"posy":16,"cityid":401,"townid":878,"tokenid":"805a98d22db6a0de278e649cb2795018","tokenurl":"/mcm/api/land?token=805a98d22db6a0de278e649cb2795018","imageurl":"/mcm/images/land/2B/23799_a306590ea1d.jpg","landname":"54"},{"id":281475002990797,"level":3,"status":0,"posx":13,"posy":16,"cityid":401,"townid":878,"tokenid":"dd6fffc7ac926fe2336737f8d1776f59","tokenurl":"/mcm/api/land?token=dd6fffc7ac926fe2336737f8d1776f59","imageurl":"/mcm/images/land/2B/23800_212beb9ecf92.jpg","landname":"55"},{"id":281475002990798,"level":1,"status":0,"posx":14,"posy":16,"cityid":401,"townid":878,"tokenid":"c5dca42a3f39bcee6d1ddcb65c303dc7","tokenurl":"/mcm/api/land?token=c5dca42a3f39bcee6d1ddcb65c303dc7","imageurl":"/mcm/images/land/2S/9525_2ebebea603ed.jpg","landname":"56"},{"id":281475002990799,"level":2,"status":0,"posx":17,"posy":16,"cityid":401,"townid":878,"tokenid":"4e37ca766f39a315b0fcbf9fc871ae34","tokenurl":"/mcm/api/land?token=4e37ca766f39a315b0fcbf9fc871ae34","imageurl":"/mcm/images/land/2A/14285_2c999c670ed1.jpg","landname":"57"},{"id":281475002990800,"level":2,"status":0,"posx":18,"posy":16,"cityid":401,"townid":878,"tokenid":"de8043905ff20dea1e1656b027cb56db","tokenurl":"/mcm/api/land?token=de8043905ff20dea1e1656b027cb56db","imageurl":"/mcm/images/land/2A/14286_294a45eee3d9.jpg","landname":"58"},{"id":281475002990801,"level":3,"status":0,"posx":29,"posy":16,"cityid":401,"townid":878,"tokenid":"2d20fa724dfcb13848a923b878f13bb4","tokenurl":"/mcm/api/land?token=2d20fa724dfcb13848a923b878f13bb4","imageurl":"/mcm/images/land/2B/23801_2b8a3da0f3a0.jpg","landname":"59"},{"id":281475002990802,"level":2,"status":1,"posx":30,"posy":16,"cityid":401,"townid":878,"tokenid":"e7b3579a47e6e2b37e9305ef884914ae","tokenurl":"/mcm/api/land?token=e7b3579a47e6e2b37e9305ef884914ae","imageurl":"/mcm/images/land/2A/14287_2f602314016d.jpg","landname":"60"},{"id":281475002990803,"level":2,"status":1,"posx":33,"posy":16,"cityid":401,"townid":878,"tokenid":"7c7f9eac215346a52d12cb71e0831c57","tokenurl":"/mcm/api/land?token=7c7f9eac215346a52d12cb71e0831c57","imageurl":"/mcm/images/land/2A/14288_44bbd28aaa14.jpg","landname":"61"},{"id":281475002990804,"level":3,"status":1,"posx":34,"posy":16,"cityid":401,"townid":878,"tokenid":"60b1d079370d7e3140126b63aae5af01","tokenurl":"/mcm/api/land?token=60b1d079370d7e3140126b63aae5af01","imageurl":"/mcm/images/land/2B/23802_587e5c1d2162.jpg","landname":"62"},{"id":281475002990805,"level":3,"status":0,"posx":9,"posy":17,"cityid":401,"townid":878,"tokenid":"f8636535ee29de3e877f39c432257d3f","tokenurl":"/mcm/api/land?token=f8636535ee29de3e877f39c432257d3f","imageurl":"/mcm/images/land/2B/23803_4c17fc833e8b.jpg","landname":"63"},{"id":281475002990806,"level":3,"status":1,"posx":10,"posy":17,"cityid":401,"townid":878,"tokenid":"2fc0c4e7d3bfe405c606b89c011fe9de","tokenurl":"/mcm/api/land?token=2fc0c4e7d3bfe405c606b89c011fe9de","imageurl":"/mcm/images/land/2B/23804_3fdacc30ca0e.jpg","landname":"64"},{"id":281475002990807,"level":3,"status":1,"posx":13,"posy":17,"cityid":401,"townid":878,"tokenid":"c563b90b944f589dac6ddb718858661a","tokenurl":"/mcm/api/land?token=c563b90b944f589dac6ddb718858661a","imageurl":"/mcm/images/land/2B/23805_4fbe3ddd0cab.jpg","landname":"65"},{"id":281475002990808,"level":3,"status":0,"posx":14,"posy":17,"cityid":401,"townid":878,"tokenid":"2c946ef08cd7c648539ecf00f8a62d06","tokenurl":"/mcm/api/land?token=2c946ef08cd7c648539ecf00f8a62d06","imageurl":"/mcm/images/land/2B/23806_1b46a6b4f3d5.jpg","landname":"66"},{"id":281475002990809,"level":3,"status":1,"posx":17,"posy":17,"cityid":401,"townid":878,"tokenid":"6bf728cd5beac5b10c00a88eea5e8041","tokenurl":"/mcm/api/land?token=6bf728cd5beac5b10c00a88eea5e8041","imageurl":"/mcm/images/land/2B/23807_23f57314567d.jpg","landname":"67"},{"id":281475002990810,"level":2,"status":0,"posx":18,"posy":17,"cityid":401,"townid":878,"tokenid":"c575eec914cd3e678cff3634adb5c509","tokenurl":"/mcm/api/land?token=c575eec914cd3e678cff3634adb5c509","imageurl":"/mcm/images/land/2A/14289_2049257560ee.jpg","landname":"68"},{"id":281475002990811,"level":1,"status":0,"posx":29,"posy":17,"cityid":401,"townid":878,"tokenid":"6386e382128c3edb00c343ec794b3b94","tokenurl":"/mcm/api/land?token=6386e382128c3edb00c343ec794b3b94","imageurl":"/mcm/images/land/2S/9526_212b62665c3d.jpg","landname":"69"},{"id":281475002990812,"level":3,"status":0,"posx":30,"posy":17,"cityid":401,"townid":878,"tokenid":"6de4f9bc4979d78653c21ed0bbbb52a5","tokenurl":"/mcm/api/land?token=6de4f9bc4979d78653c21ed0bbbb52a5","imageurl":"/mcm/images/land/2B/23808_193341019073.jpg","landname":"70"},{"id":281475002990813,"level":1,"status":1,"posx":33,"posy":17,"cityid":401,"townid":878,"tokenid":"b4db584e2c8d8a661011b1303a035c29","tokenurl":"/mcm/api/land?token=b4db584e2c8d8a661011b1303a035c29","imageurl":"/mcm/images/land/2S/9527_8a7a19ec85c.jpg","landname":"71"},{"id":281475002990814,"level":3,"status":1,"posx":34,"posy":17,"cityid":401,"townid":878,"tokenid":"d7b7f34cd680b83d87f8bbeba00579e8","tokenurl":"/mcm/api/land?token=d7b7f34cd680b83d87f8bbeba00579e8","imageurl":"/mcm/images/land/2B/23809_505562c3d992.jpg","landname":"72"},{"id":281475002990815,"level":2,"status":1,"posx":3,"posy":18,"cityid":401,"townid":878,"tokenid":"5d8783b264b087c5167aea8a88ad9c36","tokenurl":"/mcm/api/land?token=5d8783b264b087c5167aea8a88ad9c36","imageurl":"/mcm/images/land/2A/14290_433a23b967cb.jpg","landname":"73"},{"id":281475002990816,"level":3,"status":0,"posx":4,"posy":18,"cityid":401,"townid":878,"tokenid":"81620adf69866f64dee46a44d0606f1b","tokenurl":"/mcm/api/land?token=81620adf69866f64dee46a44d0606f1b","imageurl":"/mcm/images/land/2B/23810_4de3c1a6a165.jpg","landname":"74"},{"id":281475002990817,"level":3,"status":0,"posx":9,"posy":18,"cityid":401,"townid":878,"tokenid":"9653d53885dc54641800fb9362c0c69e","tokenurl":"/mcm/api/land?token=9653d53885dc54641800fb9362c0c69e","imageurl":"/mcm/images/land/2B/23811_43a82a2b4560.jpg","landname":"75"},{"id":281475002990818,"level":1,"status":1,"posx":10,"posy":18,"cityid":401,"townid":878,"tokenid":"d89dd1afc6263fcb73e18467e31cdd1a","tokenurl":"/mcm/api/land?token=d89dd1afc6263fcb73e18467e31cdd1a","imageurl":"/mcm/images/land/2S/9528_1fb2f34a1a78.jpg","landname":"76"},{"id":281475002990819,"level":2,"status":0,"posx":13,"posy":18,"cityid":401,"townid":878,"tokenid":"22d920b7174d0db4f636c7b36ecd7905","tokenurl":"/mcm/api/land?token=22d920b7174d0db4f636c7b36ecd7905","imageurl":"/mcm/images/land/2A/14291_472eeabf1f92.jpg","landname":"77"},{"id":281475002990820,"level":2,"status":0,"posx":14,"posy":18,"cityid":401,"townid":878,"tokenid":"beadefd33441e78243f24736502cceb4","tokenurl":"/mcm/api/land?token=beadefd33441e78243f24736502cceb4","imageurl":"/mcm/images/land/2A/14292_19a4c368afcd.jpg","landname":"78"},{"id":281475002990821,"level":3,"status":0,"posx":17,"posy":18,"cityid":401,"townid":878,"tokenid":"ef3d8c4ed7d1695dc0dc5372d931fa70","tokenurl":"/mcm/api/land?token=ef3d8c4ed7d1695dc0dc5372d931fa70","imageurl":"/mcm/images/land/2B/23812_156a0f822ad4.jpg","landname":"79"},{"id":281475002990822,"level":2,"status":1,"posx":18,"posy":18,"cityid":401,"townid":878,"tokenid":"40485207b3cce03a4d923542f4741e37","tokenurl":"/mcm/api/land?token=40485207b3cce03a4d923542f4741e37","imageurl":"/mcm/images/land/2A/14293_3d69abf8bde1.jpg","landname":"80"},{"id":281475002990823,"level":3,"status":1,"posx":29,"posy":18,"cityid":401,"townid":878,"tokenid":"df82e63a09766fad58a9d5f9fe88ad98","tokenurl":"/mcm/api/land?token=df82e63a09766fad58a9d5f9fe88ad98","imageurl":"/mcm/images/land/2B/23813_26f883dfa109.jpg","landname":"81"},{"id":281475002990824,"level":3,"status":0,"posx":30,"posy":18,"cityid":401,"townid":878,"tokenid":"d6b3e4aea634acb918b485b21e74c01d","tokenurl":"/mcm/api/land?token=d6b3e4aea634acb918b485b21e74c01d","imageurl":"/mcm/images/land/2B/23814_2892814ff714.jpg","landname":"82"},{"id":281475002990825,"level":3,"status":0,"posx":33,"posy":18,"cityid":401,"townid":878,"tokenid":"a222ac3c2d455c4f992ec6e1f16fb403","tokenurl":"/mcm/api/land?token=a222ac3c2d455c4f992ec6e1f16fb403","imageurl":"/mcm/images/land/2B/23815_3b2dba7a684a.jpg","landname":"83"},{"id":281475002990826,"level":2,"status":1,"posx":34,"posy":18,"cityid":401,"townid":878,"tokenid":"147fb420823cde884321819a5deb9034","tokenurl":"/mcm/api/land?token=147fb420823cde884321819a5deb9034","imageurl":"/mcm/images/land/2A/14294_2c6cc3c0acc9.jpg","landname":"84"},{"id":281475002990827,"level":3,"status":1,"posx":3,"posy":19,"cityid":401,"townid":878,"tokenid":"b1bbcb28bc4efbbfcd5227f2fa803ea9","tokenurl":"/mcm/api/land?token=b1bbcb28bc4efbbfcd5227f2fa803ea9","imageurl":"/mcm/images/land/2B/23816_401c171065f5.jpg","landname":"85"},{"id":281475002990828,"level":3,"status":1,"posx":4,"posy":19,"cityid":401,"townid":878,"tokenid":"c0832110b975a22dfbf0cfa907e6d6e0","tokenurl":"/mcm/api/land?token=c0832110b975a22dfbf0cfa907e6d6e0","imageurl":"/mcm/images/land/2B/23817_1eaa34955405.jpg","landname":"86"},{"id":281475002990829,"level":3,"status":0,"posx":29,"posy":19,"cityid":401,"townid":878,"tokenid":"2bb7b7a74d6a6b8ad72d5e3e4917d454","tokenurl":"/mcm/api/land?token=2bb7b7a74d6a6b8ad72d5e3e4917d454","imageurl":"/mcm/images/land/2B/23818_4e0f261a979.jpg","landname":"87"},{"id":281475002990830,"level":3,"status":1,"posx":30,"posy":19,"cityid":401,"townid":878,"tokenid":"24ec3ecce237de8cac3e75d0b71a973d","tokenurl":"/mcm/api/land?token=24ec3ecce237de8cac3e75d0b71a973d","imageurl":"/mcm/images/land/2B/23819_337afa0ee652.jpg","landname":"88"},{"id":281475002990831,"level":1,"status":1,"posx":33,"posy":19,"cityid":401,"townid":878,"tokenid":"02be9be47d875bdf60201cdad0ae381b","tokenurl":"/mcm/api/land?token=02be9be47d875bdf60201cdad0ae381b","imageurl":"/mcm/images/land/2S/9529_37cb7fcbcb9b.jpg","landname":"89"},{"id":281475002990832,"level":3,"status":0,"posx":34,"posy":19,"cityid":401,"townid":878,"tokenid":"0d77610473da890a4136299b95488af8","tokenurl":"/mcm/api/land?token=0d77610473da890a4136299b95488af8","imageurl":"/mcm/images/land/2B/23820_3e2774f54a9d.jpg","landname":"90"},{"id":281475002990833,"level":3,"status":0,"posx":3,"posy":20,"cityid":401,"townid":878,"tokenid":"d5203ed1a558779428d038283e613400","tokenurl":"/mcm/api/land?token=d5203ed1a558779428d038283e613400","imageurl":"/mcm/images/land/2B/23821_18b9b46ddce6.jpg","landname":"91"},{"id":281475002990834,"level":3,"status":1,"posx":4,"posy":20,"cityid":401,"townid":878,"tokenid":"da2eeb75b610df512210a41d83d4df25","tokenurl":"/mcm/api/land?token=da2eeb75b610df512210a41d83d4df25","imageurl":"/mcm/images/land/2B/23822_181fe69b263b.jpg","landname":"92"},{"id":281475002990835,"level":2,"status":0,"posx":9,"posy":20,"cityid":401,"townid":878,"tokenid":"7df6fc20b68779ea8fb0f607c16a844f","tokenurl":"/mcm/api/land?token=7df6fc20b68779ea8fb0f607c16a844f","imageurl":"/mcm/images/land/2A/14295_1740007f6f34.jpg","landname":"93"},{"id":281475002990836,"level":3,"status":1,"posx":10,"posy":20,"cityid":401,"townid":878,"tokenid":"47ef2b6811a27b075e155ec0ec5c4aa9","tokenurl":"/mcm/api/land?token=47ef2b6811a27b075e155ec0ec5c4aa9","imageurl":"/mcm/images/land/2B/23823_583e911b7d13.jpg","landname":"94"},{"id":281475002990837,"level":3,"status":1,"posx":13,"posy":20,"cityid":401,"townid":878,"tokenid":"6a5786b74e8221d1fe8833e1696049cb","tokenurl":"/mcm/api/land?token=6a5786b74e8221d1fe8833e1696049cb","imageurl":"/mcm/images/land/2B/23824_30e08aa51dfd.jpg","landname":"95"},{"id":281475002990838,"level":3,"status":0,"posx":14,"posy":20,"cityid":401,"townid":878,"tokenid":"5904f1ad2934a3b3dd1093aa61e85651","tokenurl":"/mcm/api/land?token=5904f1ad2934a3b3dd1093aa61e85651","imageurl":"/mcm/images/land/2B/23825_23a5c18b4ac1.jpg","landname":"96"},{"id":281475002990839,"level":1,"status":0,"posx":17,"posy":20,"cityid":401,"townid":878,"tokenid":"5a6d1e8cfd508f7254cbcce23a925e85","tokenurl":"/mcm/api/land?token=5a6d1e8cfd508f7254cbcce23a925e85","imageurl":"/mcm/images/land/2S/9530_1485d85a44f7.jpg","landname":"97"},{"id":281475002990840,"level":3,"status":0,"posx":18,"posy":20,"cityid":401,"townid":878,"tokenid":"4435be93cb55eec2990418d861ad8d38","tokenurl":"/mcm/api/land?token=4435be93cb55eec2990418d861ad8d38","imageurl":"/mcm/images/land/2B/23826_15f3c7c152d4.jpg","landname":"98"},{"id":281475002990841,"level":3,"status":0,"posx":29,"posy":20,"cityid":401,"townid":878,"tokenid":"8adce61de5afcdadc2e1a7f6c93fedf5","tokenurl":"/mcm/api/land?token=8adce61de5afcdadc2e1a7f6c93fedf5","imageurl":"/mcm/images/land/2B/23827_1bc56abfc3c8.jpg","landname":"99"},{"id":281475002990842,"level":3,"status":1,"posx":30,"posy":20,"cityid":401,"townid":878,"tokenid":"99554ad93412acb69a94dfe2d5059143","tokenurl":"/mcm/api/land?token=99554ad93412acb69a94dfe2d5059143","imageurl":"/mcm/images/land/2B/23828_52905b12eb04.jpg","landname":"100"},{"id":281475002990843,"level":2,"status":0,"posx":33,"posy":20,"cityid":401,"townid":878,"tokenid":"f8db824957997beb7eaa7fc8661ec2fe","tokenurl":"/mcm/api/land?token=f8db824957997beb7eaa7fc8661ec2fe","imageurl":"/mcm/images/land/2A/14296_422adc428434.jpg","landname":"101"},{"id":281475002990844,"level":1,"status":1,"posx":34,"posy":20,"cityid":401,"townid":878,"tokenid":"db6cf01cba89f50a5c9d75b29bc3ec53","tokenurl":"/mcm/api/land?token=db6cf01cba89f50a5c9d75b29bc3ec53","imageurl":"/mcm/images/land/2S/9531_589676b97b3a.jpg","landname":"102"},{"id":281475002990845,"level":2,"status":0,"posx":3,"posy":21,"cityid":401,"townid":878,"tokenid":"f6f2cc6870289fb430b6ddb351a3b4db","tokenurl":"/mcm/api/land?token=f6f2cc6870289fb430b6ddb351a3b4db","imageurl":"/mcm/images/land/2A/14297_19d1214761ef.jpg","landname":"103"},{"id":281475002990846,"level":3,"status":0,"posx":4,"posy":21,"cityid":401,"townid":878,"tokenid":"8d97e4701cae529904d8a09c5a50fcd6","tokenurl":"/mcm/api/land?token=8d97e4701cae529904d8a09c5a50fcd6","imageurl":"/mcm/images/land/2B/23829_5a3832830d1c.jpg","landname":"104"},{"id":281475002990847,"level":3,"status":0,"posx":9,"posy":21,"cityid":401,"townid":878,"tokenid":"db476ac8a67ab8707cb4956319bc6671","tokenurl":"/mcm/api/land?token=db476ac8a67ab8707cb4956319bc6671","imageurl":"/mcm/images/land/2B/23830_34ca6a71aa04.jpg","landname":"105"},{"id":281475002990848,"level":3,"status":1,"posx":10,"posy":21,"cityid":401,"townid":878,"tokenid":"af52c86a6647ef9dd3c97af463a9af5a","tokenurl":"/mcm/api/land?token=af52c86a6647ef9dd3c97af463a9af5a","imageurl":"/mcm/images/land/2B/23831_248e8ed44fe1.jpg","landname":"106"},{"id":281475002990849,"level":1,"status":1,"posx":13,"posy":21,"cityid":401,"townid":878,"tokenid":"d2a01876a3e955b793403fbe93d20c4a","tokenurl":"/mcm/api/land?token=d2a01876a3e955b793403fbe93d20c4a","imageurl":"/mcm/images/land/2S/9532_4de78a41304c.jpg","landname":"107"},{"id":281475002990850,"level":3,"status":0,"posx":14,"posy":21,"cityid":401,"townid":878,"tokenid":"1f7b0a28f460856e29176c2ea95fb930","tokenurl":"/mcm/api/land?token=1f7b0a28f460856e29176c2ea95fb930","imageurl":"/mcm/images/land/2B/23832_56d9cbc583ba.jpg","landname":"108"},{"id":281475002990851,"level":3,"status":1,"posx":17,"posy":21,"cityid":401,"townid":878,"tokenid":"66b514388663d794f49c5973f1c7b392","tokenurl":"/mcm/api/land?token=66b514388663d794f49c5973f1c7b392","imageurl":"/mcm/images/land/2B/23833_183bef60f093.jpg","landname":"109"},{"id":281475002990852,"level":3,"status":0,"posx":18,"posy":21,"cityid":401,"townid":878,"tokenid":"3e7cc2ca78fd0a1f5b6f7cddbdf97193","tokenurl":"/mcm/api/land?token=3e7cc2ca78fd0a1f5b6f7cddbdf97193","imageurl":"/mcm/images/land/2B/23834_505cf47dc484.jpg","landname":"110"},{"id":281475002990853,"level":3,"status":1,"posx":3,"posy":22,"cityid":401,"townid":878,"tokenid":"f042f7e944b4d6bc9792012c8ccebc04","tokenurl":"/mcm/api/land?token=f042f7e944b4d6bc9792012c8ccebc04","imageurl":"/mcm/images/land/2B/23835_390cbe841c0e.jpg","landname":"111"},{"id":281475002990854,"level":1,"status":0,"posx":4,"posy":22,"cityid":401,"townid":878,"tokenid":"d9e8311d2b9b5a34e2c324ae67894d14","tokenurl":"/mcm/api/land?token=d9e8311d2b9b5a34e2c324ae67894d14","imageurl":"/mcm/images/land/2S/9533_434bf9693030.jpg","landname":"112"},{"id":281475002990855,"level":2,"status":0,"posx":9,"posy":22,"cityid":401,"townid":878,"tokenid":"3fefa7ff5d41edb5a4aad6d7b72c6af2","tokenurl":"/mcm/api/land?token=3fefa7ff5d41edb5a4aad6d7b72c6af2","imageurl":"/mcm/images/land/2A/14298_3674f1b1fc98.jpg","landname":"113"},{"id":281475002990856,"level":3,"status":1,"posx":10,"posy":22,"cityid":401,"townid":878,"tokenid":"bcd30237dd78ddd2a3f94f85a640d0e6","tokenurl":"/mcm/api/land?token=bcd30237dd78ddd2a3f94f85a640d0e6","imageurl":"/mcm/images/land/2B/23836_408c11cba5db.jpg","landname":"114"},{"id":281475002990857,"level":2,"status":1,"posx":13,"posy":22,"cityid":401,"townid":878,"tokenid":"a54f56bd15b53d07024cc0a9dd1ad664","tokenurl":"/mcm/api/land?token=a54f56bd15b53d07024cc0a9dd1ad664","imageurl":"/mcm/images/land/2A/14299_7a903c56bac.jpg","landname":"115"},{"id":281475002990858,"level":1,"status":1,"posx":14,"posy":22,"cityid":401,"townid":878,"tokenid":"5f2d0c11f66146cacc3e41dead1a49ad","tokenurl":"/mcm/api/land?token=5f2d0c11f66146cacc3e41dead1a49ad","imageurl":"/mcm/images/land/2S/9534_498730f050e7.jpg","landname":"116"},{"id":281475002990859,"level":1,"status":1,"posx":17,"posy":22,"cityid":401,"townid":878,"tokenid":"79eba5a51274b5b8614564ed7fd63d6e","tokenurl":"/mcm/api/land?token=79eba5a51274b5b8614564ed7fd63d6e","imageurl":"/mcm/images/land/2S/9535_26b350a90566.jpg","landname":"117"},{"id":281475002990860,"level":2,"status":1,"posx":18,"posy":22,"cityid":401,"townid":878,"tokenid":"23e4aea14d9f2c58be4dec62c389f211","tokenurl":"/mcm/api/land?token=23e4aea14d9f2c58be4dec62c389f211","imageurl":"/mcm/images/land/2A/14300_4561e3938181.jpg","landname":"118"},{"id":281475002990861,"level":3,"status":1,"posx":9,"posy":23,"cityid":401,"townid":878,"tokenid":"ca7539a25107a1eef59036edacc7c36e","tokenurl":"/mcm/api/land?token=ca7539a25107a1eef59036edacc7c36e","imageurl":"/mcm/images/land/2B/23837_ec1a7026d57.jpg","landname":"119"},{"id":281475002990862,"level":1,"status":0,"posx":10,"posy":23,"cityid":401,"townid":878,"tokenid":"4a3e4e7562f438523b414cb65fd8c9bf","tokenurl":"/mcm/api/land?token=4a3e4e7562f438523b414cb65fd8c9bf","imageurl":"/mcm/images/land/2S/9536_f60c71b3698.jpg","landname":"120"},{"id":281475002990863,"level":3,"status":0,"posx":13,"posy":23,"cityid":401,"townid":878,"tokenid":"db50b7a1c71b97e0c422300930515d2f","tokenurl":"/mcm/api/land?token=db50b7a1c71b97e0c422300930515d2f","imageurl":"/mcm/images/land/2B/23838_410c2ec37936.jpg","landname":"121"},{"id":281475002990864,"level":2,"status":1,"posx":14,"posy":23,"cityid":401,"townid":878,"tokenid":"bfd20cdadfc769f72130d2683897b40f","tokenurl":"/mcm/api/land?token=bfd20cdadfc769f72130d2683897b40f","imageurl":"/mcm/images/land/2A/14301_413cb7b7d7bc.jpg","landname":"122"},{"id":281475002990865,"level":2,"status":0,"posx":17,"posy":23,"cityid":401,"townid":878,"tokenid":"a5d778edc8e261713e2dc627d5383353","tokenurl":"/mcm/api/land?token=a5d778edc8e261713e2dc627d5383353","imageurl":"/mcm/images/land/2A/14302_3b1d17d7831e.jpg","landname":"123"},{"id":281475002990866,"level":3,"status":0,"posx":18,"posy":23,"cityid":401,"townid":878,"tokenid":"e563c53546c33d2012017d45134f1a4f","tokenurl":"/mcm/api/land?token=e563c53546c33d2012017d45134f1a4f","imageurl":"/mcm/images/land/2B/23839_2a9099027cac.jpg","landname":"124"},{"id":281475002990867,"level":2,"status":0,"posx":9,"posy":24,"cityid":401,"townid":878,"tokenid":"6657f026bda30c02a57860c41b05dc53","tokenurl":"/mcm/api/land?token=6657f026bda30c02a57860c41b05dc53","imageurl":"/mcm/images/land/2A/14303_23099f007bd.jpg","landname":"125"},{"id":281475002990868,"level":3,"status":1,"posx":10,"posy":24,"cityid":401,"townid":878,"tokenid":"bdb28c44d8b645c56ddeb4f3054abc03","tokenurl":"/mcm/api/land?token=bdb28c44d8b645c56ddeb4f3054abc03","imageurl":"/mcm/images/land/2B/23840_24939d3559d9.jpg","landname":"126"},{"id":281475002990869,"level":2,"status":0,"posx":13,"posy":24,"cityid":401,"townid":878,"tokenid":"a7dd08c988bfca3fb0f4ca57eadf6ceb","tokenurl":"/mcm/api/land?token=a7dd08c988bfca3fb0f4ca57eadf6ceb","imageurl":"/mcm/images/land/2A/14304_591e4d3785d0.jpg","landname":"127"},{"id":281475002990870,"level":3,"status":0,"posx":14,"posy":24,"cityid":401,"townid":878,"tokenid":"fcefb08cc86278df6db793aeaf41106d","tokenurl":"/mcm/api/land?token=fcefb08cc86278df6db793aeaf41106d","imageurl":"/mcm/images/land/2B/23841_25d8dea4d2a2.jpg","landname":"128"},{"id":281475002990871,"level":1,"status":1,"posx":17,"posy":24,"cityid":401,"townid":878,"tokenid":"787dfd648a5aa3403f04666163fef3b9","tokenurl":"/mcm/api/land?token=787dfd648a5aa3403f04666163fef3b9","imageurl":"/mcm/images/land/2S/9537_2e09382cf028.jpg","landname":"129"},{"id":281475002990872,"level":3,"status":0,"posx":18,"posy":24,"cityid":401,"townid":878,"tokenid":"ed7adfbf4c6f9d199ab1fc238704a2b7","tokenurl":"/mcm/api/land?token=ed7adfbf4c6f9d199ab1fc238704a2b7","imageurl":"/mcm/images/land/2B/23842_112deb998ad2.jpg","landname":"130"},{"id":281475002990873,"level":2,"status":1,"posx":30,"posy":25,"cityid":401,"townid":878,"tokenid":"463f72c8b3bce30766a7dc5c85e74122","tokenurl":"/mcm/api/land?token=463f72c8b3bce30766a7dc5c85e74122","imageurl":"/mcm/images/land/2A/14305_4c9c75fc8a08.jpg","landname":"131"},{"id":281475002990874,"level":1,"status":1,"posx":31,"posy":25,"cityid":401,"townid":878,"tokenid":"24ac0c2b57de725de746e49a84e7ae98","tokenurl":"/mcm/api/land?token=24ac0c2b57de725de746e49a84e7ae98","imageurl":"/mcm/images/land/2S/9538_2cd522dd32b2.jpg","landname":"132"},{"id":281475002990875,"level":3,"status":1,"posx":30,"posy":26,"cityid":401,"townid":878,"tokenid":"596b266c9984dde87748fd41b794ff4d","tokenurl":"/mcm/api/land?token=596b266c9984dde87748fd41b794ff4d","imageurl":"/mcm/images/land/2B/23843_aea0620dfb7.jpg","landname":"133"},{"id":281475002990876,"level":3,"status":1,"posx":31,"posy":26,"cityid":401,"townid":878,"tokenid":"79aafcfee200e741a7df543a6bff3b7a","tokenurl":"/mcm/api/land?token=79aafcfee200e741a7df543a6bff3b7a","imageurl":"/mcm/images/land/2B/23844_473da12fc929.jpg","landname":"134"},{"id":281475002990877,"level":2,"status":0,"posx":30,"posy":27,"cityid":401,"townid":878,"tokenid":"e535260741e57eeef9819a40941ad2a2","tokenurl":"/mcm/api/land?token=e535260741e57eeef9819a40941ad2a2","imageurl":"/mcm/images/land/2A/14306_71628a85be.jpg","landname":"135"},{"id":281475002990878,"level":1,"status":1,"posx":31,"posy":27,"cityid":401,"townid":878,"tokenid":"66fcdd65a32d626c30bdce0e8064bee8","tokenurl":"/mcm/api/land?token=66fcdd65a32d626c30bdce0e8064bee8","imageurl":"/mcm/images/land/2S/9539_4ea50cd8e2d7.jpg","landname":"136"},{"id":281475002990879,"level":3,"status":1,"posx":30,"posy":28,"cityid":401,"townid":878,"tokenid":"27afeaf0b6aeea6aea6b6e1269e73d8f","tokenurl":"/mcm/api/land?token=27afeaf0b6aeea6aea6b6e1269e73d8f","imageurl":"/mcm/images/land/2B/23845_4459f54542e2.jpg","landname":"137"},{"id":281475002990880,"level":2,"status":0,"posx":31,"posy":28,"cityid":401,"townid":878,"tokenid":"7a7603d8d7138059f8bb37fa739013c4","tokenurl":"/mcm/api/land?token=7a7603d8d7138059f8bb37fa739013c4","imageurl":"/mcm/images/land/2A/14307_9ce1483a11a.jpg","landname":"138"},{"id":281475002990881,"level":3,"status":0,"posx":30,"posy":29,"cityid":401,"townid":878,"tokenid":"10dab067429dfe8a6883702d750e120f","tokenurl":"/mcm/api/land?token=10dab067429dfe8a6883702d750e120f","imageurl":"/mcm/images/land/2B/23846_3f8d0450dbb.jpg","landname":"139"},{"id":281475002990882,"level":2,"status":1,"posx":31,"posy":29,"cityid":401,"townid":878,"tokenid":"e7fcd8a746bd873832f3f45a0bdc2fda","tokenurl":"/mcm/api/land?token=e7fcd8a746bd873832f3f45a0bdc2fda","imageurl":"/mcm/images/land/2A/14308_143e92941085.jpg","landname":"140"},{"id":281475002990883,"level":2,"status":1,"posx":10,"posy":30,"cityid":401,"townid":878,"tokenid":"95b63591eda87c7d9016c6069ba02205","tokenurl":"/mcm/api/land?token=95b63591eda87c7d9016c6069ba02205","imageurl":"/mcm/images/land/2A/14309_26fb7cd43ef4.jpg","landname":"141"},{"id":281475002990884,"level":3,"status":0,"posx":11,"posy":30,"cityid":401,"townid":878,"tokenid":"83ddef23464d8afbb9f1da74718d0909","tokenurl":"/mcm/api/land?token=83ddef23464d8afbb9f1da74718d0909","imageurl":"/mcm/images/land/2B/23847_52ed6ed23e50.jpg","landname":"142"},{"id":281475002990885,"level":1,"status":0,"posx":12,"posy":30,"cityid":401,"townid":878,"tokenid":"181a85e58c9742c8e6f3d996f9dd75ce","tokenurl":"/mcm/api/land?token=181a85e58c9742c8e6f3d996f9dd75ce","imageurl":"/mcm/images/land/2S/9540_2c62f69535e5.jpg","landname":"143"},{"id":281475002990886,"level":1,"status":1,"posx":13,"posy":30,"cityid":401,"townid":878,"tokenid":"0634c66edced8f784fb2a7175cb8b19c","tokenurl":"/mcm/api/land?token=0634c66edced8f784fb2a7175cb8b19c","imageurl":"/mcm/images/land/2S/9541_2cde96911b08.jpg","landname":"144"},{"id":281475002990887,"level":3,"status":0,"posx":14,"posy":30,"cityid":401,"townid":878,"tokenid":"8ab6f5a20369e808baf064599acf980d","tokenurl":"/mcm/api/land?token=8ab6f5a20369e808baf064599acf980d","imageurl":"/mcm/images/land/2B/23848_420c642b30ee.jpg","landname":"145"},{"id":281475002990888,"level":3,"status":1,"posx":10,"posy":31,"cityid":401,"townid":878,"tokenid":"cb6289714cb7392d89fcbdc55b13ccf3","tokenurl":"/mcm/api/land?token=cb6289714cb7392d89fcbdc55b13ccf3","imageurl":"/mcm/images/land/2B/23849_520aa6cc67df.jpg","landname":"146"},{"id":281475002990889,"level":3,"status":1,"posx":11,"posy":31,"cityid":401,"townid":878,"tokenid":"1d81695ab1e912e203dc52c790500583","tokenurl":"/mcm/api/land?token=1d81695ab1e912e203dc52c790500583","imageurl":"/mcm/images/land/2B/23850_3e1cd5ca0eb5.jpg","landname":"147"},{"id":281475002990890,"level":2,"status":1,"posx":12,"posy":31,"cityid":401,"townid":878,"tokenid":"9af0a283efaba8278d76052de2a0c52c","tokenurl":"/mcm/api/land?token=9af0a283efaba8278d76052de2a0c52c","imageurl":"/mcm/images/land/2A/14310_31d6e3c383d3.jpg","landname":"148"},{"id":281475002990891,"level":2,"status":0,"posx":13,"posy":31,"cityid":401,"townid":878,"tokenid":"8422d906847b85cf391f01ac81c76346","tokenurl":"/mcm/api/land?token=8422d906847b85cf391f01ac81c76346","imageurl":"/mcm/images/land/2A/14311_4e0689947603.jpg","landname":"149"},{"id":281475002990892,"level":3,"status":0,"posx":14,"posy":31,"cityid":401,"townid":878,"tokenid":"9a1eda18e012383bad53c962461eab64","tokenurl":"/mcm/api/land?token=9a1eda18e012383bad53c962461eab64","imageurl":"/mcm/images/land/2B/23851_54d28f7399cf.jpg","landname":"150"}]]],0,0,[],[],[]]
