[1,0,0,[["cc.JsonAsset",["_name","json"],1]],[[0,0,1,3]],[[0,"917",[{"id":281475004301313,"level":3,"status":1,"posx":7,"posy":5,"cityid":421,"townid":917,"tokenid":"a266aed7c323d7ee07f9a877f824e178","tokenurl":"/mcm/api/land?token=a266aed7c323d7ee07f9a877f824e178","imageurl":"/mcm/images/land/2B/26702_13997e435894.jpg","landname":"1"},{"id":281475004301314,"level":3,"status":1,"posx":8,"posy":5,"cityid":421,"townid":917,"tokenid":"d657465d9c54de0786c9b0208a5f60df","tokenurl":"/mcm/api/land?token=d657465d9c54de0786c9b0208a5f60df","imageurl":"/mcm/images/land/2B/26703_3061c72c9cd3.jpg","landname":"2"},{"id":281475004301315,"level":2,"status":0,"posx":16,"posy":5,"cityid":421,"townid":917,"tokenid":"9955bc0ed964df54cff71c74f2373203","tokenurl":"/mcm/api/land?token=9955bc0ed964df54cff71c74f2373203","imageurl":"/mcm/images/land/2A/16022_482a1f9f1424.jpg","landname":"3"},{"id":281475004301316,"level":3,"status":0,"posx":17,"posy":5,"cityid":421,"townid":917,"tokenid":"df7d9b6c416a5ba53ebc75c2f80e61bf","tokenurl":"/mcm/api/land?token=df7d9b6c416a5ba53ebc75c2f80e61bf","imageurl":"/mcm/images/land/2B/26704_506ec29ff9da.jpg","landname":"4"},{"id":281475004301317,"level":1,"status":1,"posx":20,"posy":5,"cityid":421,"townid":917,"tokenid":"ba3ffb9f7561fc1e7bfa64bca9caa75f","tokenurl":"/mcm/api/land?token=ba3ffb9f7561fc1e7bfa64bca9caa75f","imageurl":"/mcm/images/land/2S/10682_582a93d317a8.jpg","landname":"5"},{"id":281475004301318,"level":3,"status":0,"posx":21,"posy":5,"cityid":421,"townid":917,"tokenid":"49c7a5f4fa699f7c56f3649c809eebb0","tokenurl":"/mcm/api/land?token=49c7a5f4fa699f7c56f3649c809eebb0","imageurl":"/mcm/images/land/2B/26705_3ab878c06e13.jpg","landname":"6"},{"id":281475004301319,"level":1,"status":1,"posx":7,"posy":6,"cityid":421,"townid":917,"tokenid":"cbc90a34524d24df1af1a8d240e47471","tokenurl":"/mcm/api/land?token=cbc90a34524d24df1af1a8d240e47471","imageurl":"/mcm/images/land/2S/10683_462616f6d31f.jpg","landname":"7"},{"id":281475004301320,"level":3,"status":1,"posx":8,"posy":6,"cityid":421,"townid":917,"tokenid":"a5c4aaa64b21ec6d5a88961b85945874","tokenurl":"/mcm/api/land?token=a5c4aaa64b21ec6d5a88961b85945874","imageurl":"/mcm/images/land/2B/26706_b3d3848238c.jpg","landname":"8"},{"id":281475004301321,"level":1,"status":0,"posx":16,"posy":6,"cityid":421,"townid":917,"tokenid":"c847a7da57e7746c3ec93b569848a5f1","tokenurl":"/mcm/api/land?token=c847a7da57e7746c3ec93b569848a5f1","imageurl":"/mcm/images/land/2S/10684_3b038ccb10bb.jpg","landname":"9"},{"id":281475004301322,"level":3,"status":0,"posx":17,"posy":6,"cityid":421,"townid":917,"tokenid":"aae0ef3b785cb51faa6fdef7b8844926","tokenurl":"/mcm/api/land?token=aae0ef3b785cb51faa6fdef7b8844926","imageurl":"/mcm/images/land/2B/26707_f8fad84d93.jpg","landname":"10"},{"id":281475004301323,"level":1,"status":0,"posx":20,"posy":6,"cityid":421,"townid":917,"tokenid":"b0a9b1b0b5a96e25df0cdf906a645b06","tokenurl":"/mcm/api/land?token=b0a9b1b0b5a96e25df0cdf906a645b06","imageurl":"/mcm/images/land/2S/10685_43a9ac2e0407.jpg","landname":"11"},{"id":281475004301324,"level":1,"status":1,"posx":21,"posy":6,"cityid":421,"townid":917,"tokenid":"0e002251032e0176a07ec3af9cd51e8b","tokenurl":"/mcm/api/land?token=0e002251032e0176a07ec3af9cd51e8b","imageurl":"/mcm/images/land/2S/10686_45ba54af39ce.jpg","landname":"12"},{"id":281475004301325,"level":1,"status":1,"posx":7,"posy":7,"cityid":421,"townid":917,"tokenid":"4d8a785db547c45aabb9c376d7808d79","tokenurl":"/mcm/api/land?token=4d8a785db547c45aabb9c376d7808d79","imageurl":"/mcm/images/land/2S/10687_94db7f2a537.jpg","landname":"13"},{"id":281475004301326,"level":3,"status":1,"posx":8,"posy":7,"cityid":421,"townid":917,"tokenid":"76ab1a9b4b68ecd33b649d1e3741d6f5","tokenurl":"/mcm/api/land?token=76ab1a9b4b68ecd33b649d1e3741d6f5","imageurl":"/mcm/images/land/2B/26708_343a6434ab51.jpg","landname":"14"},{"id":281475004301327,"level":1,"status":1,"posx":16,"posy":7,"cityid":421,"townid":917,"tokenid":"6761c2e9fe13b27d1574492bd6fb0c8c","tokenurl":"/mcm/api/land?token=6761c2e9fe13b27d1574492bd6fb0c8c","imageurl":"/mcm/images/land/2S/10688_3dc91a16a64a.jpg","landname":"15"},{"id":281475004301328,"level":1,"status":1,"posx":17,"posy":7,"cityid":421,"townid":917,"tokenid":"60bb82c8f5ea4434a5cbec2cae9ce67c","tokenurl":"/mcm/api/land?token=60bb82c8f5ea4434a5cbec2cae9ce67c","imageurl":"/mcm/images/land/2S/10689_161a54543d38.jpg","landname":"16"},{"id":281475004301329,"level":3,"status":0,"posx":20,"posy":7,"cityid":421,"townid":917,"tokenid":"2cbd31d624da5458b2977d23e660ea83","tokenurl":"/mcm/api/land?token=2cbd31d624da5458b2977d23e660ea83","imageurl":"/mcm/images/land/2B/26709_5123a00c0e2f.jpg","landname":"17"},{"id":281475004301330,"level":3,"status":1,"posx":21,"posy":7,"cityid":421,"townid":917,"tokenid":"84fc7674d889115a074c37b2eb7e0e92","tokenurl":"/mcm/api/land?token=84fc7674d889115a074c37b2eb7e0e92","imageurl":"/mcm/images/land/2B/26710_23c04aefed15.jpg","landname":"18"},{"id":281475004301331,"level":2,"status":1,"posx":7,"posy":8,"cityid":421,"townid":917,"tokenid":"7654095e830984e0a81d1edd193fa3da","tokenurl":"/mcm/api/land?token=7654095e830984e0a81d1edd193fa3da","imageurl":"/mcm/images/land/2A/16023_3bed55ee879.jpg","landname":"19"},{"id":281475004301332,"level":3,"status":0,"posx":8,"posy":8,"cityid":421,"townid":917,"tokenid":"b334932237321bb6fda989ae08b385a4","tokenurl":"/mcm/api/land?token=b334932237321bb6fda989ae08b385a4","imageurl":"/mcm/images/land/2B/26711_269fb6eadb16.jpg","landname":"20"},{"id":281475004301333,"level":1,"status":0,"posx":16,"posy":8,"cityid":421,"townid":917,"tokenid":"92eab0792174e3cf0e6e637c7c64cafb","tokenurl":"/mcm/api/land?token=92eab0792174e3cf0e6e637c7c64cafb","imageurl":"/mcm/images/land/2S/10690_2f6b1b80043d.jpg","landname":"21"},{"id":281475004301334,"level":1,"status":0,"posx":17,"posy":8,"cityid":421,"townid":917,"tokenid":"3a6f4c6e18f738a6d188e72d5428eb57","tokenurl":"/mcm/api/land?token=3a6f4c6e18f738a6d188e72d5428eb57","imageurl":"/mcm/images/land/2S/10691_58544b94e928.jpg","landname":"22"},{"id":281475004301335,"level":2,"status":1,"posx":20,"posy":8,"cityid":421,"townid":917,"tokenid":"61dff29524b5ce6c6107033e48d4358a","tokenurl":"/mcm/api/land?token=61dff29524b5ce6c6107033e48d4358a","imageurl":"/mcm/images/land/2A/16024_342dd02b5590.jpg","landname":"23"},{"id":281475004301336,"level":3,"status":0,"posx":21,"posy":8,"cityid":421,"townid":917,"tokenid":"261934e11c0269eece7ad8b55c92aa54","tokenurl":"/mcm/api/land?token=261934e11c0269eece7ad8b55c92aa54","imageurl":"/mcm/images/land/2B/26712_97bdd635839.jpg","landname":"24"},{"id":281475004301337,"level":2,"status":1,"posx":28,"posy":8,"cityid":421,"townid":917,"tokenid":"f4add83f1ce4c9616de7be9cbadd5ef6","tokenurl":"/mcm/api/land?token=f4add83f1ce4c9616de7be9cbadd5ef6","imageurl":"/mcm/images/land/2A/16025_259ac248fe59.jpg","landname":"25"},{"id":281475004301338,"level":2,"status":1,"posx":29,"posy":8,"cityid":421,"townid":917,"tokenid":"28cec4415cf0d442c130b6f5fae89c8e","tokenurl":"/mcm/api/land?token=28cec4415cf0d442c130b6f5fae89c8e","imageurl":"/mcm/images/land/2A/16026_216664d2bbb7.jpg","landname":"26"},{"id":281475004301339,"level":2,"status":0,"posx":32,"posy":8,"cityid":421,"townid":917,"tokenid":"c47743318701a930116f3270c6c88e18","tokenurl":"/mcm/api/land?token=c47743318701a930116f3270c6c88e18","imageurl":"/mcm/images/land/2A/16027_4480b081014c.jpg","landname":"27"},{"id":281475004301340,"level":1,"status":1,"posx":33,"posy":8,"cityid":421,"townid":917,"tokenid":"ec3f88816d91604e2722b94e03549eb3","tokenurl":"/mcm/api/land?token=ec3f88816d91604e2722b94e03549eb3","imageurl":"/mcm/images/land/2S/10692_3b9a93c5ba18.jpg","landname":"28"},{"id":281475004301341,"level":3,"status":1,"posx":7,"posy":9,"cityid":421,"townid":917,"tokenid":"9960cf870ebe4913ceb2926284d0381f","tokenurl":"/mcm/api/land?token=9960cf870ebe4913ceb2926284d0381f","imageurl":"/mcm/images/land/2B/26713_4b7c36e19a37.jpg","landname":"29"},{"id":281475004301342,"level":2,"status":1,"posx":8,"posy":9,"cityid":421,"townid":917,"tokenid":"a159f5436bff18df2b0a15d32b716329","tokenurl":"/mcm/api/land?token=a159f5436bff18df2b0a15d32b716329","imageurl":"/mcm/images/land/2A/16028_42d2333658a.jpg","landname":"30"},{"id":281475004301343,"level":2,"status":0,"posx":16,"posy":9,"cityid":421,"townid":917,"tokenid":"1f6a63e4da1a11e12f63eed102ccb762","tokenurl":"/mcm/api/land?token=1f6a63e4da1a11e12f63eed102ccb762","imageurl":"/mcm/images/land/2A/16029_1bf49a4e9006.jpg","landname":"31"},{"id":281475004301344,"level":2,"status":1,"posx":17,"posy":9,"cityid":421,"townid":917,"tokenid":"06a82e72d57193cefc27777aea073a30","tokenurl":"/mcm/api/land?token=06a82e72d57193cefc27777aea073a30","imageurl":"/mcm/images/land/2A/16030_410ce7123221.jpg","landname":"32"},{"id":281475004301345,"level":3,"status":0,"posx":20,"posy":9,"cityid":421,"townid":917,"tokenid":"456ec1c18e99072e6d84e3cda6b20a93","tokenurl":"/mcm/api/land?token=456ec1c18e99072e6d84e3cda6b20a93","imageurl":"/mcm/images/land/2B/26714_2f0c7fa8911d.jpg","landname":"33"},{"id":281475004301346,"level":3,"status":0,"posx":21,"posy":9,"cityid":421,"townid":917,"tokenid":"512586b123ad9313c8b6acee69ca8bf4","tokenurl":"/mcm/api/land?token=512586b123ad9313c8b6acee69ca8bf4","imageurl":"/mcm/images/land/2B/26715_4bf17c57bd52.jpg","landname":"34"},{"id":281475004301347,"level":3,"status":0,"posx":28,"posy":9,"cityid":421,"townid":917,"tokenid":"04b9ab4a375b25a7817989462ab62369","tokenurl":"/mcm/api/land?token=04b9ab4a375b25a7817989462ab62369","imageurl":"/mcm/images/land/2B/26716_140ef4eaa9eb.jpg","landname":"35"},{"id":281475004301348,"level":3,"status":1,"posx":29,"posy":9,"cityid":421,"townid":917,"tokenid":"bad984e4c04be7e062db7ed33d504fde","tokenurl":"/mcm/api/land?token=bad984e4c04be7e062db7ed33d504fde","imageurl":"/mcm/images/land/2B/26717_32be0473508e.jpg","landname":"36"},{"id":281475004301349,"level":3,"status":1,"posx":32,"posy":9,"cityid":421,"townid":917,"tokenid":"3563407383771b6688e9d4f4c9b9a73f","tokenurl":"/mcm/api/land?token=3563407383771b6688e9d4f4c9b9a73f","imageurl":"/mcm/images/land/2B/26718_3a35557bc31a.jpg","landname":"37"},{"id":281475004301350,"level":3,"status":0,"posx":33,"posy":9,"cityid":421,"townid":917,"tokenid":"31f5c19f9b1e99c2de720c54e83be19b","tokenurl":"/mcm/api/land?token=31f5c19f9b1e99c2de720c54e83be19b","imageurl":"/mcm/images/land/2B/26719_37b1216bedd.jpg","landname":"38"},{"id":281475004301351,"level":3,"status":1,"posx":28,"posy":10,"cityid":421,"townid":917,"tokenid":"bc6ea6ffe6d12ca257214000bbe47a89","tokenurl":"/mcm/api/land?token=bc6ea6ffe6d12ca257214000bbe47a89","imageurl":"/mcm/images/land/2B/26720_52223dae5f16.jpg","landname":"39"},{"id":281475004301352,"level":2,"status":1,"posx":29,"posy":10,"cityid":421,"townid":917,"tokenid":"9ae26bc514ac1f482739d49f3483a500","tokenurl":"/mcm/api/land?token=9ae26bc514ac1f482739d49f3483a500","imageurl":"/mcm/images/land/2A/16031_510abec9249f.jpg","landname":"40"},{"id":281475004301353,"level":3,"status":1,"posx":32,"posy":10,"cityid":421,"townid":917,"tokenid":"f15ba99f5ca43d30d56e35e9e572cf0d","tokenurl":"/mcm/api/land?token=f15ba99f5ca43d30d56e35e9e572cf0d","imageurl":"/mcm/images/land/2B/26721_563b68f3868e.jpg","landname":"41"},{"id":281475004301354,"level":1,"status":1,"posx":33,"posy":10,"cityid":421,"townid":917,"tokenid":"cd056dfa59c965a8ef1e1c4cef389126","tokenurl":"/mcm/api/land?token=cd056dfa59c965a8ef1e1c4cef389126","imageurl":"/mcm/images/land/2S/10693_309309a1848.jpg","landname":"42"},{"id":281475004301355,"level":2,"status":0,"posx":28,"posy":11,"cityid":421,"townid":917,"tokenid":"289c8997c8499eb9d910763ca7129716","tokenurl":"/mcm/api/land?token=289c8997c8499eb9d910763ca7129716","imageurl":"/mcm/images/land/2A/16032_ec9f2c58e41.jpg","landname":"43"},{"id":281475004301356,"level":2,"status":1,"posx":29,"posy":11,"cityid":421,"townid":917,"tokenid":"d5bd61efd1e8f6ca4358caa833a99f4d","tokenurl":"/mcm/api/land?token=d5bd61efd1e8f6ca4358caa833a99f4d","imageurl":"/mcm/images/land/2A/16033_3291ad3bb046.jpg","landname":"44"},{"id":281475004301357,"level":3,"status":0,"posx":32,"posy":11,"cityid":421,"townid":917,"tokenid":"795f4e5d1455b6b591b246bf18254168","tokenurl":"/mcm/api/land?token=795f4e5d1455b6b591b246bf18254168","imageurl":"/mcm/images/land/2B/26722_464ffc8fc53e.jpg","landname":"45"},{"id":281475004301358,"level":2,"status":0,"posx":33,"posy":11,"cityid":421,"townid":917,"tokenid":"e1bad8f396f67e84a1319d0aec8f88d4","tokenurl":"/mcm/api/land?token=e1bad8f396f67e84a1319d0aec8f88d4","imageurl":"/mcm/images/land/2A/16034_25deb6a0fdec.jpg","landname":"46"},{"id":281475004301359,"level":1,"status":1,"posx":28,"posy":12,"cityid":421,"townid":917,"tokenid":"2f7d7732d83d941ac74c95565012e9ff","tokenurl":"/mcm/api/land?token=2f7d7732d83d941ac74c95565012e9ff","imageurl":"/mcm/images/land/2S/10694_dd658a3eb25.jpg","landname":"47"},{"id":281475004301360,"level":3,"status":1,"posx":29,"posy":12,"cityid":421,"townid":917,"tokenid":"bdaf9732cbb5a7e2c026109af917d0d9","tokenurl":"/mcm/api/land?token=bdaf9732cbb5a7e2c026109af917d0d9","imageurl":"/mcm/images/land/2B/26723_2041f70ff84.jpg","landname":"48"},{"id":281475004301361,"level":2,"status":0,"posx":32,"posy":12,"cityid":421,"townid":917,"tokenid":"1a320e3392c8a6e929ce18a1ac91a042","tokenurl":"/mcm/api/land?token=1a320e3392c8a6e929ce18a1ac91a042","imageurl":"/mcm/images/land/2A/16035_1bfe82143283.jpg","landname":"49"},{"id":281475004301362,"level":3,"status":1,"posx":33,"posy":12,"cityid":421,"townid":917,"tokenid":"226e19715e203afcf98b566dd5e02614","tokenurl":"/mcm/api/land?token=226e19715e203afcf98b566dd5e02614","imageurl":"/mcm/images/land/2B/26724_38bca49d6527.jpg","landname":"50"},{"id":281475004301363,"level":3,"status":1,"posx":23,"posy":14,"cityid":421,"townid":917,"tokenid":"3ea223fc47b401250e4f7ee2ff3406d8","tokenurl":"/mcm/api/land?token=3ea223fc47b401250e4f7ee2ff3406d8","imageurl":"/mcm/images/land/2B/26725_32504314839.jpg","landname":"51"},{"id":281475004301364,"level":3,"status":1,"posx":24,"posy":14,"cityid":421,"townid":917,"tokenid":"06cc414070187ba19b4291ec01e81bed","tokenurl":"/mcm/api/land?token=06cc414070187ba19b4291ec01e81bed","imageurl":"/mcm/images/land/2B/26726_23ad5db43915.jpg","landname":"52"},{"id":281475004301365,"level":1,"status":0,"posx":23,"posy":15,"cityid":421,"townid":917,"tokenid":"13642935bf26870d071be09466dbc3b1","tokenurl":"/mcm/api/land?token=13642935bf26870d071be09466dbc3b1","imageurl":"/mcm/images/land/2S/10695_119a43a5784f.jpg","landname":"53"},{"id":281475004301366,"level":2,"status":0,"posx":24,"posy":15,"cityid":421,"townid":917,"tokenid":"2a9c8c301d5ae6b3de80d467cabde2fb","tokenurl":"/mcm/api/land?token=2a9c8c301d5ae6b3de80d467cabde2fb","imageurl":"/mcm/images/land/2A/16036_29449d1668ab.jpg","landname":"54"},{"id":281475004301367,"level":1,"status":0,"posx":33,"posy":15,"cityid":421,"townid":917,"tokenid":"f64d26a62ead3c3adf712fcf82f05ef4","tokenurl":"/mcm/api/land?token=f64d26a62ead3c3adf712fcf82f05ef4","imageurl":"/mcm/images/land/2S/10696_7a9387eb47b.jpg","landname":"55"},{"id":281475004301368,"level":3,"status":0,"posx":34,"posy":15,"cityid":421,"townid":917,"tokenid":"16cc22ecb261655203e1e53730d6f86b","tokenurl":"/mcm/api/land?token=16cc22ecb261655203e1e53730d6f86b","imageurl":"/mcm/images/land/2B/26727_3e0ec5d8202.jpg","landname":"56"},{"id":281475004301369,"level":3,"status":1,"posx":11,"posy":16,"cityid":421,"townid":917,"tokenid":"2325e0c3c90a7618e65df8053cef2ca1","tokenurl":"/mcm/api/land?token=2325e0c3c90a7618e65df8053cef2ca1","imageurl":"/mcm/images/land/2B/26728_440eadac99da.jpg","landname":"57"},{"id":281475004301370,"level":1,"status":0,"posx":12,"posy":16,"cityid":421,"townid":917,"tokenid":"5e805e45d229e6b15007e9021ca4b1de","tokenurl":"/mcm/api/land?token=5e805e45d229e6b15007e9021ca4b1de","imageurl":"/mcm/images/land/2S/10697_17b0d17d375e.jpg","landname":"58"},{"id":281475004301371,"level":1,"status":0,"posx":23,"posy":16,"cityid":421,"townid":917,"tokenid":"15032a44bed16bdeae2c8f9486d02301","tokenurl":"/mcm/api/land?token=15032a44bed16bdeae2c8f9486d02301","imageurl":"/mcm/images/land/2S/10698_13bfa7209a8.jpg","landname":"59"},{"id":281475004301372,"level":1,"status":0,"posx":24,"posy":16,"cityid":421,"townid":917,"tokenid":"ace91fd50d680f4d65c97d4220706cc6","tokenurl":"/mcm/api/land?token=ace91fd50d680f4d65c97d4220706cc6","imageurl":"/mcm/images/land/2S/10699_3f7ab1efa9f3.jpg","landname":"60"},{"id":281475004301373,"level":3,"status":1,"posx":33,"posy":16,"cityid":421,"townid":917,"tokenid":"909970970e8c58cfd30ec8ee37c26cbc","tokenurl":"/mcm/api/land?token=909970970e8c58cfd30ec8ee37c26cbc","imageurl":"/mcm/images/land/2B/26729_4f5b6cbd4b52.jpg","landname":"61"},{"id":281475004301374,"level":2,"status":1,"posx":34,"posy":16,"cityid":421,"townid":917,"tokenid":"5cb2d969a62ffb472959ed5a25ca3dfa","tokenurl":"/mcm/api/land?token=5cb2d969a62ffb472959ed5a25ca3dfa","imageurl":"/mcm/images/land/2A/16037_231a1d281915.jpg","landname":"62"},{"id":281475004301375,"level":3,"status":1,"posx":11,"posy":17,"cityid":421,"townid":917,"tokenid":"907a399467eddac5b969d237ed974e1c","tokenurl":"/mcm/api/land?token=907a399467eddac5b969d237ed974e1c","imageurl":"/mcm/images/land/2B/26730_51e6fb2280.jpg","landname":"63"},{"id":281475004301376,"level":3,"status":1,"posx":12,"posy":17,"cityid":421,"townid":917,"tokenid":"b07a4f94f883b028d2a676cc8653e18d","tokenurl":"/mcm/api/land?token=b07a4f94f883b028d2a676cc8653e18d","imageurl":"/mcm/images/land/2B/26731_39ee1d4694a.jpg","landname":"64"},{"id":281475004301377,"level":1,"status":0,"posx":23,"posy":17,"cityid":421,"townid":917,"tokenid":"4349506d6f3c61e0510f41feeb18d84d","tokenurl":"/mcm/api/land?token=4349506d6f3c61e0510f41feeb18d84d","imageurl":"/mcm/images/land/2S/10700_255444a014da.jpg","landname":"65"},{"id":281475004301378,"level":2,"status":0,"posx":24,"posy":17,"cityid":421,"townid":917,"tokenid":"c2422a5649e92bfb9312a68311ad0fc1","tokenurl":"/mcm/api/land?token=c2422a5649e92bfb9312a68311ad0fc1","imageurl":"/mcm/images/land/2A/16038_413aa60b858a.jpg","landname":"66"},{"id":281475004301379,"level":2,"status":0,"posx":33,"posy":17,"cityid":421,"townid":917,"tokenid":"0b13ff8024cbe418261915e4e699006c","tokenurl":"/mcm/api/land?token=0b13ff8024cbe418261915e4e699006c","imageurl":"/mcm/images/land/2A/16039_18cc22389578.jpg","landname":"67"},{"id":281475004301380,"level":3,"status":1,"posx":34,"posy":17,"cityid":421,"townid":917,"tokenid":"3b2c5a207e3a7384781070773a90551e","tokenurl":"/mcm/api/land?token=3b2c5a207e3a7384781070773a90551e","imageurl":"/mcm/images/land/2B/26732_4149592eda33.jpg","landname":"68"},{"id":281475004301381,"level":3,"status":0,"posx":7,"posy":18,"cityid":421,"townid":917,"tokenid":"3d70a79f81ec752a4a01a5229ec86314","tokenurl":"/mcm/api/land?token=3d70a79f81ec752a4a01a5229ec86314","imageurl":"/mcm/images/land/2B/26733_519c76e24856.jpg","landname":"69"},{"id":281475004301382,"level":3,"status":1,"posx":8,"posy":18,"cityid":421,"townid":917,"tokenid":"13ebdbf450a0f4fd46e4aa062ad675e7","tokenurl":"/mcm/api/land?token=13ebdbf450a0f4fd46e4aa062ad675e7","imageurl":"/mcm/images/land/2B/26734_8411b492bb5.jpg","landname":"70"},{"id":281475004301383,"level":2,"status":0,"posx":11,"posy":18,"cityid":421,"townid":917,"tokenid":"f4f79f47255b30b8229d883a1d6115da","tokenurl":"/mcm/api/land?token=f4f79f47255b30b8229d883a1d6115da","imageurl":"/mcm/images/land/2A/16040_20791c12a79e.jpg","landname":"71"},{"id":281475004301384,"level":3,"status":0,"posx":12,"posy":18,"cityid":421,"townid":917,"tokenid":"0c601b500b1a91989b5edba6c218d593","tokenurl":"/mcm/api/land?token=0c601b500b1a91989b5edba6c218d593","imageurl":"/mcm/images/land/2B/26735_375207f935a0.jpg","landname":"72"},{"id":281475004301385,"level":3,"status":1,"posx":23,"posy":18,"cityid":421,"townid":917,"tokenid":"77f6a5b4d26c168d4594fbf12435deda","tokenurl":"/mcm/api/land?token=77f6a5b4d26c168d4594fbf12435deda","imageurl":"/mcm/images/land/2B/26736_18813b3aa8cd.jpg","landname":"73"},{"id":281475004301386,"level":2,"status":0,"posx":24,"posy":18,"cityid":421,"townid":917,"tokenid":"627bca01a13739c0a6196baeb3419918","tokenurl":"/mcm/api/land?token=627bca01a13739c0a6196baeb3419918","imageurl":"/mcm/images/land/2A/16041_440bbaf353e2.jpg","landname":"74"},{"id":281475004301387,"level":2,"status":0,"posx":33,"posy":18,"cityid":421,"townid":917,"tokenid":"6e300aec9e48ea38feba45b6a5606cfc","tokenurl":"/mcm/api/land?token=6e300aec9e48ea38feba45b6a5606cfc","imageurl":"/mcm/images/land/2A/16042_18c7235c1f4.jpg","landname":"75"},{"id":281475004301388,"level":3,"status":0,"posx":34,"posy":18,"cityid":421,"townid":917,"tokenid":"d2fbe8cd943549d84dafd79c8fb8ee71","tokenurl":"/mcm/api/land?token=d2fbe8cd943549d84dafd79c8fb8ee71","imageurl":"/mcm/images/land/2B/26737_3c5397ffeb77.jpg","landname":"76"},{"id":281475004301389,"level":2,"status":1,"posx":7,"posy":19,"cityid":421,"townid":917,"tokenid":"234ecf8dc586efc32c865d2c521bba1e","tokenurl":"/mcm/api/land?token=234ecf8dc586efc32c865d2c521bba1e","imageurl":"/mcm/images/land/2A/16043_21924988e62f.jpg","landname":"77"},{"id":281475004301390,"level":3,"status":1,"posx":8,"posy":19,"cityid":421,"townid":917,"tokenid":"12003d9fee2d6469bf130179af74e8fd","tokenurl":"/mcm/api/land?token=12003d9fee2d6469bf130179af74e8fd","imageurl":"/mcm/images/land/2B/26738_45f4c9bd0192.jpg","landname":"78"},{"id":281475004301391,"level":3,"status":0,"posx":11,"posy":19,"cityid":421,"townid":917,"tokenid":"b9a7b80f0711b20bad2e6cd5ca2072dd","tokenurl":"/mcm/api/land?token=b9a7b80f0711b20bad2e6cd5ca2072dd","imageurl":"/mcm/images/land/2B/26739_2b7db2c8df50.jpg","landname":"79"},{"id":281475004301392,"level":3,"status":0,"posx":12,"posy":19,"cityid":421,"townid":917,"tokenid":"8b48d80df0f4c7238550695d1a0f593b","tokenurl":"/mcm/api/land?token=8b48d80df0f4c7238550695d1a0f593b","imageurl":"/mcm/images/land/2B/26740_1d29d25b99f4.jpg","landname":"80"},{"id":281475004301393,"level":2,"status":0,"posx":33,"posy":19,"cityid":421,"townid":917,"tokenid":"04f7fac5429539d342fc297ee244a85c","tokenurl":"/mcm/api/land?token=04f7fac5429539d342fc297ee244a85c","imageurl":"/mcm/images/land/2A/16044_45faa6edfd71.jpg","landname":"81"},{"id":281475004301394,"level":2,"status":1,"posx":34,"posy":19,"cityid":421,"townid":917,"tokenid":"c4f0fd8214ae8364e50885055cc76df1","tokenurl":"/mcm/api/land?token=c4f0fd8214ae8364e50885055cc76df1","imageurl":"/mcm/images/land/2A/16045_527aec5b0e60.jpg","landname":"82"},{"id":281475004301395,"level":2,"status":1,"posx":7,"posy":20,"cityid":421,"townid":917,"tokenid":"36bff3f7bf7f12a235135be0bca3bde9","tokenurl":"/mcm/api/land?token=36bff3f7bf7f12a235135be0bca3bde9","imageurl":"/mcm/images/land/2A/16046_40bf48d5d511.jpg","landname":"83"},{"id":281475004301396,"level":3,"status":1,"posx":8,"posy":20,"cityid":421,"townid":917,"tokenid":"b73e26c3323465c835a08f2f6490dd01","tokenurl":"/mcm/api/land?token=b73e26c3323465c835a08f2f6490dd01","imageurl":"/mcm/images/land/2B/26741_233347f01c29.jpg","landname":"84"},{"id":281475004301397,"level":3,"status":0,"posx":11,"posy":20,"cityid":421,"townid":917,"tokenid":"cc2fefb23642578008ea324ccdf8ddef","tokenurl":"/mcm/api/land?token=cc2fefb23642578008ea324ccdf8ddef","imageurl":"/mcm/images/land/2B/26742_473a42770e6e.jpg","landname":"85"},{"id":281475004301398,"level":2,"status":1,"posx":12,"posy":20,"cityid":421,"townid":917,"tokenid":"ae6d53e929cf92a4e55337ed1b6a644e","tokenurl":"/mcm/api/land?token=ae6d53e929cf92a4e55337ed1b6a644e","imageurl":"/mcm/images/land/2A/16047_2a25594c3332.jpg","landname":"86"},{"id":281475004301399,"level":2,"status":0,"posx":7,"posy":21,"cityid":421,"townid":917,"tokenid":"37ae05e9a757fed3d9b0c7cc5b04c94c","tokenurl":"/mcm/api/land?token=37ae05e9a757fed3d9b0c7cc5b04c94c","imageurl":"/mcm/images/land/2A/16048_269713b185ea.jpg","landname":"87"},{"id":281475004301400,"level":3,"status":1,"posx":8,"posy":21,"cityid":421,"townid":917,"tokenid":"8ae999698a34f013b5ea96a7c59cbf7c","tokenurl":"/mcm/api/land?token=8ae999698a34f013b5ea96a7c59cbf7c","imageurl":"/mcm/images/land/2B/26743_d40eb579bc7.jpg","landname":"88"},{"id":281475004301401,"level":3,"status":1,"posx":26,"posy":21,"cityid":421,"townid":917,"tokenid":"d0402a460b97a64ee412d590acad7b17","tokenurl":"/mcm/api/land?token=d0402a460b97a64ee412d590acad7b17","imageurl":"/mcm/images/land/2B/26744_15d2eb6cc993.jpg","landname":"89"},{"id":281475004301402,"level":3,"status":0,"posx":27,"posy":21,"cityid":421,"townid":917,"tokenid":"b9865cdee01b5bfba59dc56ffc1bf672","tokenurl":"/mcm/api/land?token=b9865cdee01b5bfba59dc56ffc1bf672","imageurl":"/mcm/images/land/2B/26745_4c55d7c01dbc.jpg","landname":"90"},{"id":281475004301403,"level":1,"status":1,"posx":7,"posy":22,"cityid":421,"townid":917,"tokenid":"25f410c69115f31130c4c1549a2778a5","tokenurl":"/mcm/api/land?token=25f410c69115f31130c4c1549a2778a5","imageurl":"/mcm/images/land/2S/10701_13ddf234dbaa.jpg","landname":"91"},{"id":281475004301404,"level":1,"status":1,"posx":8,"posy":22,"cityid":421,"townid":917,"tokenid":"36ae6bdfab920b34ae53fdf4ecaa9066","tokenurl":"/mcm/api/land?token=36ae6bdfab920b34ae53fdf4ecaa9066","imageurl":"/mcm/images/land/2S/10702_2332b5a5a230.jpg","landname":"92"},{"id":281475004301405,"level":1,"status":1,"posx":23,"posy":22,"cityid":421,"townid":917,"tokenid":"7c3fbe13e99503d54e9ef046704ba3b6","tokenurl":"/mcm/api/land?token=7c3fbe13e99503d54e9ef046704ba3b6","imageurl":"/mcm/images/land/2S/10703_337d7985384c.jpg","landname":"93"},{"id":281475004301406,"level":2,"status":1,"posx":24,"posy":22,"cityid":421,"townid":917,"tokenid":"24aca8f3c749eacd219309e9c4c5e4c5","tokenurl":"/mcm/api/land?token=24aca8f3c749eacd219309e9c4c5e4c5","imageurl":"/mcm/images/land/2A/16049_50f5f2e9c2ae.jpg","landname":"94"},{"id":281475004301407,"level":1,"status":1,"posx":26,"posy":22,"cityid":421,"townid":917,"tokenid":"d8da69cd88b0b8fa591318fd5a437eeb","tokenurl":"/mcm/api/land?token=d8da69cd88b0b8fa591318fd5a437eeb","imageurl":"/mcm/images/land/2S/10704_23fe969aa354.jpg","landname":"95"},{"id":281475004301408,"level":3,"status":0,"posx":27,"posy":22,"cityid":421,"townid":917,"tokenid":"5714137182f8b737c10a94cd853738c5","tokenurl":"/mcm/api/land?token=5714137182f8b737c10a94cd853738c5","imageurl":"/mcm/images/land/2B/26746_4916e2e6bb19.jpg","landname":"96"},{"id":281475004301409,"level":3,"status":1,"posx":33,"posy":22,"cityid":421,"townid":917,"tokenid":"756bc1d1bcd5cd406011b7a564476ef7","tokenurl":"/mcm/api/land?token=756bc1d1bcd5cd406011b7a564476ef7","imageurl":"/mcm/images/land/2B/26747_1b4ab7121dc.jpg","landname":"97"},{"id":281475004301410,"level":3,"status":0,"posx":34,"posy":22,"cityid":421,"townid":917,"tokenid":"fb62729efc49cc3c05ecca4739ac0faa","tokenurl":"/mcm/api/land?token=fb62729efc49cc3c05ecca4739ac0faa","imageurl":"/mcm/images/land/2B/26748_541ed5c744f4.jpg","landname":"98"},{"id":281475004301411,"level":2,"status":0,"posx":23,"posy":23,"cityid":421,"townid":917,"tokenid":"63f94d3694877c021351f93600187dc5","tokenurl":"/mcm/api/land?token=63f94d3694877c021351f93600187dc5","imageurl":"/mcm/images/land/2A/16050_ae5176b8096.jpg","landname":"99"},{"id":281475004301412,"level":3,"status":0,"posx":24,"posy":23,"cityid":421,"townid":917,"tokenid":"0dbc554f7f7f4e99771fe93808bdfceb","tokenurl":"/mcm/api/land?token=0dbc554f7f7f4e99771fe93808bdfceb","imageurl":"/mcm/images/land/2B/26749_3d1f463d0261.jpg","landname":"100"},{"id":281475004301413,"level":1,"status":1,"posx":26,"posy":23,"cityid":421,"townid":917,"tokenid":"330907a1653191525209db70d59f0201","tokenurl":"/mcm/api/land?token=330907a1653191525209db70d59f0201","imageurl":"/mcm/images/land/2S/10705_2059837bd2f0.jpg","landname":"101"},{"id":281475004301414,"level":3,"status":1,"posx":27,"posy":23,"cityid":421,"townid":917,"tokenid":"85816d18ed8941e6b947cee7d8fbe730","tokenurl":"/mcm/api/land?token=85816d18ed8941e6b947cee7d8fbe730","imageurl":"/mcm/images/land/2B/26750_4f80632744f6.jpg","landname":"102"},{"id":281475004301415,"level":3,"status":1,"posx":33,"posy":23,"cityid":421,"townid":917,"tokenid":"7b2bef2080a12535376d690b1949aa4a","tokenurl":"/mcm/api/land?token=7b2bef2080a12535376d690b1949aa4a","imageurl":"/mcm/images/land/2B/26751_55ff8d3040ad.jpg","landname":"103"},{"id":281475004301416,"level":2,"status":1,"posx":34,"posy":23,"cityid":421,"townid":917,"tokenid":"d96c03236fea5a14ecb1bf9ac25b7e1f","tokenurl":"/mcm/api/land?token=d96c03236fea5a14ecb1bf9ac25b7e1f","imageurl":"/mcm/images/land/2A/16051_513dad45cbc0.jpg","landname":"104"},{"id":281475004301417,"level":1,"status":1,"posx":23,"posy":24,"cityid":421,"townid":917,"tokenid":"7333e6fb2f768b4317b1747a3f39df15","tokenurl":"/mcm/api/land?token=7333e6fb2f768b4317b1747a3f39df15","imageurl":"/mcm/images/land/2S/10706_37dbc0652ac1.jpg","landname":"105"},{"id":281475004301418,"level":2,"status":0,"posx":24,"posy":24,"cityid":421,"townid":917,"tokenid":"e53085adbc8728347103372f3a648b3a","tokenurl":"/mcm/api/land?token=e53085adbc8728347103372f3a648b3a","imageurl":"/mcm/images/land/2A/16052_7e8d7db40f2.jpg","landname":"106"},{"id":281475004301419,"level":3,"status":0,"posx":26,"posy":24,"cityid":421,"townid":917,"tokenid":"3f8cb87084ef0d6938d2b03534659026","tokenurl":"/mcm/api/land?token=3f8cb87084ef0d6938d2b03534659026","imageurl":"/mcm/images/land/2B/26752_1d4cd9ca3df9.jpg","landname":"107"},{"id":281475004301420,"level":2,"status":1,"posx":27,"posy":24,"cityid":421,"townid":917,"tokenid":"5c83f617444b2e5a53d4e6379a165499","tokenurl":"/mcm/api/land?token=5c83f617444b2e5a53d4e6379a165499","imageurl":"/mcm/images/land/2A/16053_2382993aa1fe.jpg","landname":"108"},{"id":281475004301421,"level":3,"status":0,"posx":33,"posy":24,"cityid":421,"townid":917,"tokenid":"f7ee611e8e90cc758c916425c378baee","tokenurl":"/mcm/api/land?token=f7ee611e8e90cc758c916425c378baee","imageurl":"/mcm/images/land/2B/26753_597538da9b8e.jpg","landname":"109"},{"id":281475004301422,"level":2,"status":1,"posx":34,"posy":24,"cityid":421,"townid":917,"tokenid":"9985f001ef50431ebc2d3208756e091b","tokenurl":"/mcm/api/land?token=9985f001ef50431ebc2d3208756e091b","imageurl":"/mcm/images/land/2A/16054_3d7f7846bb4b.jpg","landname":"110"},{"id":281475004301423,"level":2,"status":1,"posx":23,"posy":25,"cityid":421,"townid":917,"tokenid":"f9a6c14a02a01244453786cb54d6acb3","tokenurl":"/mcm/api/land?token=f9a6c14a02a01244453786cb54d6acb3","imageurl":"/mcm/images/land/2A/16055_2059acda58a0.jpg","landname":"111"},{"id":281475004301424,"level":3,"status":1,"posx":24,"posy":25,"cityid":421,"townid":917,"tokenid":"e16b0526ed16d69bb53e227a14c4b9d2","tokenurl":"/mcm/api/land?token=e16b0526ed16d69bb53e227a14c4b9d2","imageurl":"/mcm/images/land/2B/26754_9433d74fa6d.jpg","landname":"112"},{"id":281475004301425,"level":2,"status":1,"posx":26,"posy":25,"cityid":421,"townid":917,"tokenid":"2d659895eb040d0d2f2b9815ab46be6d","tokenurl":"/mcm/api/land?token=2d659895eb040d0d2f2b9815ab46be6d","imageurl":"/mcm/images/land/2A/16056_8732f1d9a67.jpg","landname":"113"},{"id":281475004301426,"level":3,"status":0,"posx":27,"posy":25,"cityid":421,"townid":917,"tokenid":"12cb1a944b3fce7ac5832888b9c166eb","tokenurl":"/mcm/api/land?token=12cb1a944b3fce7ac5832888b9c166eb","imageurl":"/mcm/images/land/2B/26755_4465f63358c8.jpg","landname":"114"},{"id":281475004301427,"level":3,"status":1,"posx":33,"posy":25,"cityid":421,"townid":917,"tokenid":"2c55d80f320e32267f7f1c5c6d319982","tokenurl":"/mcm/api/land?token=2c55d80f320e32267f7f1c5c6d319982","imageurl":"/mcm/images/land/2B/26756_2384826475e.jpg","landname":"115"},{"id":281475004301428,"level":2,"status":0,"posx":34,"posy":25,"cityid":421,"townid":917,"tokenid":"34f5e01aef6c065806780ec63d0bcec5","tokenurl":"/mcm/api/land?token=34f5e01aef6c065806780ec63d0bcec5","imageurl":"/mcm/images/land/2A/16057_4da87a2e5ac2.jpg","landname":"116"},{"id":281475004301429,"level":3,"status":0,"posx":23,"posy":26,"cityid":421,"townid":917,"tokenid":"93ac8595fddf7e63980eed7dda00131e","tokenurl":"/mcm/api/land?token=93ac8595fddf7e63980eed7dda00131e","imageurl":"/mcm/images/land/2B/26757_3ae7b81eb678.jpg","landname":"117"},{"id":281475004301430,"level":2,"status":0,"posx":24,"posy":26,"cityid":421,"townid":917,"tokenid":"ca1477b128ef3f323d295a263b1365c1","tokenurl":"/mcm/api/land?token=ca1477b128ef3f323d295a263b1365c1","imageurl":"/mcm/images/land/2A/16058_4d1fb7190c1b.jpg","landname":"118"},{"id":281475004301431,"level":3,"status":0,"posx":33,"posy":26,"cityid":421,"townid":917,"tokenid":"006790d4c922e23643404d8025305e25","tokenurl":"/mcm/api/land?token=006790d4c922e23643404d8025305e25","imageurl":"/mcm/images/land/2B/26758_3f0116a11183.jpg","landname":"119"},{"id":281475004301432,"level":2,"status":0,"posx":34,"posy":26,"cityid":421,"townid":917,"tokenid":"561d77237d6196ba207ce6a59ed23b43","tokenurl":"/mcm/api/land?token=561d77237d6196ba207ce6a59ed23b43","imageurl":"/mcm/images/land/2A/16059_4fda4362a766.jpg","landname":"120"},{"id":281475004301433,"level":3,"status":0,"posx":31,"posy":27,"cityid":421,"townid":917,"tokenid":"5341782930a9729689c7e3a70a7cfa81","tokenurl":"/mcm/api/land?token=5341782930a9729689c7e3a70a7cfa81","imageurl":"/mcm/images/land/2B/26759_23dda2527fcd.jpg","landname":"121"},{"id":281475004301434,"level":1,"status":0,"posx":32,"posy":27,"cityid":421,"townid":917,"tokenid":"486ebcd2b45028f578919837fade513e","tokenurl":"/mcm/api/land?token=486ebcd2b45028f578919837fade513e","imageurl":"/mcm/images/land/2S/10707_1b66dd72cc87.jpg","landname":"122"},{"id":281475004301435,"level":2,"status":1,"posx":6,"posy":28,"cityid":421,"townid":917,"tokenid":"ca51b79ce6130d1f5110fff4fb033ebb","tokenurl":"/mcm/api/land?token=ca51b79ce6130d1f5110fff4fb033ebb","imageurl":"/mcm/images/land/2A/16060_1240c4c4a27a.jpg","landname":"123"},{"id":281475004301436,"level":1,"status":0,"posx":7,"posy":28,"cityid":421,"townid":917,"tokenid":"89b93d6fbfe472d965cac7663e85a4cb","tokenurl":"/mcm/api/land?token=89b93d6fbfe472d965cac7663e85a4cb","imageurl":"/mcm/images/land/2S/10708_4db94fb5c5ad.jpg","landname":"124"},{"id":281475004301437,"level":3,"status":0,"posx":9,"posy":28,"cityid":421,"townid":917,"tokenid":"2821fb040ee28876b6e6306b42fe26bd","tokenurl":"/mcm/api/land?token=2821fb040ee28876b6e6306b42fe26bd","imageurl":"/mcm/images/land/2B/26760_32eb3345c09a.jpg","landname":"125"},{"id":281475004301438,"level":3,"status":0,"posx":10,"posy":28,"cityid":421,"townid":917,"tokenid":"aedbece267b0a9a6efbd7acc2bf53cd7","tokenurl":"/mcm/api/land?token=aedbece267b0a9a6efbd7acc2bf53cd7","imageurl":"/mcm/images/land/2B/26761_1e287ace5927.jpg","landname":"126"},{"id":281475004301439,"level":2,"status":0,"posx":31,"posy":28,"cityid":421,"townid":917,"tokenid":"fcaf39d42f748544222ad018a83f7080","tokenurl":"/mcm/api/land?token=fcaf39d42f748544222ad018a83f7080","imageurl":"/mcm/images/land/2A/16061_412203b3707e.jpg","landname":"127"},{"id":281475004301440,"level":1,"status":0,"posx":32,"posy":28,"cityid":421,"townid":917,"tokenid":"541d3761c5f02e5a247c5d18b0e46649","tokenurl":"/mcm/api/land?token=541d3761c5f02e5a247c5d18b0e46649","imageurl":"/mcm/images/land/2S/10709_38567a4477a1.jpg","landname":"128"},{"id":281475004301441,"level":1,"status":0,"posx":6,"posy":29,"cityid":421,"townid":917,"tokenid":"0aa30950bdc16ce0199bfb57db75f207","tokenurl":"/mcm/api/land?token=0aa30950bdc16ce0199bfb57db75f207","imageurl":"/mcm/images/land/2S/10710_52365b992fea.jpg","landname":"129"},{"id":281475004301442,"level":3,"status":0,"posx":7,"posy":29,"cityid":421,"townid":917,"tokenid":"9452c3b7a6f9ec26d407b2c5bc5133bd","tokenurl":"/mcm/api/land?token=9452c3b7a6f9ec26d407b2c5bc5133bd","imageurl":"/mcm/images/land/2B/26762_36524fe877c7.jpg","landname":"130"},{"id":281475004301443,"level":3,"status":1,"posx":9,"posy":29,"cityid":421,"townid":917,"tokenid":"7ef088401b913afaa2d3ad9c25ab1f8e","tokenurl":"/mcm/api/land?token=7ef088401b913afaa2d3ad9c25ab1f8e","imageurl":"/mcm/images/land/2B/26763_3be0a0566369.jpg","landname":"131"},{"id":281475004301444,"level":3,"status":0,"posx":10,"posy":29,"cityid":421,"townid":917,"tokenid":"e2c7ded9c7923862128d3f5d4ebc9967","tokenurl":"/mcm/api/land?token=e2c7ded9c7923862128d3f5d4ebc9967","imageurl":"/mcm/images/land/2B/26764_3c5816588fea.jpg","landname":"132"},{"id":281475004301445,"level":3,"status":0,"posx":31,"posy":29,"cityid":421,"townid":917,"tokenid":"8a238bbc5a8cbb3e5b61b19a93ca9a80","tokenurl":"/mcm/api/land?token=8a238bbc5a8cbb3e5b61b19a93ca9a80","imageurl":"/mcm/images/land/2B/26765_1df680906ec5.jpg","landname":"133"},{"id":281475004301446,"level":3,"status":1,"posx":32,"posy":29,"cityid":421,"townid":917,"tokenid":"263e2aab260881003c3a352218bab0b5","tokenurl":"/mcm/api/land?token=263e2aab260881003c3a352218bab0b5","imageurl":"/mcm/images/land/2B/26766_4296356ab651.jpg","landname":"134"},{"id":281475004301447,"level":3,"status":0,"posx":6,"posy":30,"cityid":421,"townid":917,"tokenid":"df827b753da48b45295c0b0c76b46e8c","tokenurl":"/mcm/api/land?token=df827b753da48b45295c0b0c76b46e8c","imageurl":"/mcm/images/land/2B/26767_4bc7bd36856e.jpg","landname":"135"},{"id":281475004301448,"level":1,"status":0,"posx":7,"posy":30,"cityid":421,"townid":917,"tokenid":"f969830d151794f6d7a310e1653609e7","tokenurl":"/mcm/api/land?token=f969830d151794f6d7a310e1653609e7","imageurl":"/mcm/images/land/2S/10711_4f150615af86.jpg","landname":"136"},{"id":281475004301449,"level":3,"status":0,"posx":9,"posy":30,"cityid":421,"townid":917,"tokenid":"443a10fbe7076dcb0860fcbd41969120","tokenurl":"/mcm/api/land?token=443a10fbe7076dcb0860fcbd41969120","imageurl":"/mcm/images/land/2B/26768_45092563ec9f.jpg","landname":"137"},{"id":281475004301450,"level":2,"status":1,"posx":10,"posy":30,"cityid":421,"townid":917,"tokenid":"7aa0fc61c137eb9f42528a75dd2a9d33","tokenurl":"/mcm/api/land?token=7aa0fc61c137eb9f42528a75dd2a9d33","imageurl":"/mcm/images/land/2A/16062_2d206bd5c7b9.jpg","landname":"138"},{"id":281475004301451,"level":2,"status":1,"posx":31,"posy":30,"cityid":421,"townid":917,"tokenid":"e6bc822ecdb94ec12286731cbe96d1ad","tokenurl":"/mcm/api/land?token=e6bc822ecdb94ec12286731cbe96d1ad","imageurl":"/mcm/images/land/2A/16063_e49d9e70a2c.jpg","landname":"139"},{"id":281475004301452,"level":3,"status":0,"posx":32,"posy":30,"cityid":421,"townid":917,"tokenid":"607c921346ef8afb8468a44ec4626432","tokenurl":"/mcm/api/land?token=607c921346ef8afb8468a44ec4626432","imageurl":"/mcm/images/land/2B/26769_12aadcab1961.jpg","landname":"140"},{"id":281475004301453,"level":3,"status":1,"posx":6,"posy":31,"cityid":421,"townid":917,"tokenid":"48166181f67308dcc3facdfec84023d1","tokenurl":"/mcm/api/land?token=48166181f67308dcc3facdfec84023d1","imageurl":"/mcm/images/land/2B/26770_139efb807690.jpg","landname":"141"},{"id":281475004301454,"level":2,"status":0,"posx":7,"posy":31,"cityid":421,"townid":917,"tokenid":"3ca5976d35b5e30d74c5883ae887091e","tokenurl":"/mcm/api/land?token=3ca5976d35b5e30d74c5883ae887091e","imageurl":"/mcm/images/land/2A/16064_3d1f54e8b1b2.jpg","landname":"142"},{"id":281475004301455,"level":3,"status":1,"posx":9,"posy":31,"cityid":421,"townid":917,"tokenid":"aea1b1187cd6889e438f37ced4eab90c","tokenurl":"/mcm/api/land?token=aea1b1187cd6889e438f37ced4eab90c","imageurl":"/mcm/images/land/2B/26771_28d976508c63.jpg","landname":"143"},{"id":281475004301456,"level":3,"status":1,"posx":10,"posy":31,"cityid":421,"townid":917,"tokenid":"5ec941c83ef31b51699a7de6e988463c","tokenurl":"/mcm/api/land?token=5ec941c83ef31b51699a7de6e988463c","imageurl":"/mcm/images/land/2B/26772_111de0c7553a.jpg","landname":"144"},{"id":281475004301457,"level":3,"status":1,"posx":31,"posy":31,"cityid":421,"townid":917,"tokenid":"f7d0371b0fd0b2be486d7cd9be204e55","tokenurl":"/mcm/api/land?token=f7d0371b0fd0b2be486d7cd9be204e55","imageurl":"/mcm/images/land/2B/26773_2a15a195e7d0.jpg","landname":"145"},{"id":281475004301458,"level":2,"status":0,"posx":32,"posy":31,"cityid":421,"townid":917,"tokenid":"445c4480e3f14086d0206b10807de161","tokenurl":"/mcm/api/land?token=445c4480e3f14086d0206b10807de161","imageurl":"/mcm/images/land/2A/16065_2d17e0c9507e.jpg","landname":"146"},{"id":281475004301459,"level":2,"status":0,"posx":6,"posy":32,"cityid":421,"townid":917,"tokenid":"cf2a838c61927425ef28201061954439","tokenurl":"/mcm/api/land?token=cf2a838c61927425ef28201061954439","imageurl":"/mcm/images/land/2A/16066_92d5e8b1660.jpg","landname":"147"},{"id":281475004301460,"level":3,"status":1,"posx":7,"posy":32,"cityid":421,"townid":917,"tokenid":"c8c955f82605e4f2a92a0c29febd0745","tokenurl":"/mcm/api/land?token=c8c955f82605e4f2a92a0c29febd0745","imageurl":"/mcm/images/land/2B/26774_2942ad434f94.jpg","landname":"148"},{"id":281475004301461,"level":3,"status":0,"posx":9,"posy":32,"cityid":421,"townid":917,"tokenid":"a88599afffe24acd089bb48ce194ee2a","tokenurl":"/mcm/api/land?token=a88599afffe24acd089bb48ce194ee2a","imageurl":"/mcm/images/land/2B/26775_1e04a5a3e17f.jpg","landname":"149"},{"id":281475004301462,"level":3,"status":1,"posx":10,"posy":32,"cityid":421,"townid":917,"tokenid":"3feba77bddbacb2da554b171817a9584","tokenurl":"/mcm/api/land?token=3feba77bddbacb2da554b171817a9584","imageurl":"/mcm/images/land/2B/26776_2bd37dca3601.jpg","landname":"150"}]]],0,0,[],[],[]]
