[1,0,0,[["cc.JsonAsset",["_name","json"],1]],[[0,0,1,3]],[[0,"836",[{"id":281475001614487,"level":1,"status":0,"posx":23,"posy":5,"cityid":380,"townid":836,"tokenid":"bd18c7e3d8e1dd1be8ad0ba4dec8ab00","tokenurl":"/mcm/api/land?token=bd18c7e3d8e1dd1be8ad0ba4dec8ab00","imageurl":"/mcm/images/land/2S/8252_4adeaefbec7b.jpg","landname":"1"},{"id":281475001614488,"level":2,"status":1,"posx":24,"posy":5,"cityid":380,"townid":836,"tokenid":"bddc9cd20206f27d47cbdf0e74cc375f","tokenurl":"/mcm/api/land?token=bddc9cd20206f27d47cbdf0e74cc375f","imageurl":"/mcm/images/land/2A/12377_18e19351a71.jpg","landname":"2"},{"id":281475001614489,"level":2,"status":1,"posx":23,"posy":6,"cityid":380,"townid":836,"tokenid":"d6f3a2b4d6f665d3036553d751fdadaf","tokenurl":"/mcm/api/land?token=d6f3a2b4d6f665d3036553d751fdadaf","imageurl":"/mcm/images/land/2A/12378_1b1ab8e012ee.jpg","landname":"3"},{"id":281475001614490,"level":3,"status":1,"posx":24,"posy":6,"cityid":380,"townid":836,"tokenid":"95311c6ff51938e63e3e2a23fbed2cf6","tokenurl":"/mcm/api/land?token=95311c6ff51938e63e3e2a23fbed2cf6","imageurl":"/mcm/images/land/2B/20627_180c4efc4e73.jpg","landname":"4"},{"id":281475001614491,"level":1,"status":1,"posx":28,"posy":6,"cityid":380,"townid":836,"tokenid":"91c645d0a6ab5dc4039626f1c804bb7b","tokenurl":"/mcm/api/land?token=91c645d0a6ab5dc4039626f1c804bb7b","imageurl":"/mcm/images/land/2S/8253_38eeb70dfdc2.jpg","landname":"5"},{"id":281475001614492,"level":2,"status":0,"posx":29,"posy":6,"cityid":380,"townid":836,"tokenid":"fe0e694d62e10e7f3554695e5ebed277","tokenurl":"/mcm/api/land?token=fe0e694d62e10e7f3554695e5ebed277","imageurl":"/mcm/images/land/2A/12379_47c4c5630db9.jpg","landname":"6"},{"id":281475001614493,"level":1,"status":0,"posx":23,"posy":7,"cityid":380,"townid":836,"tokenid":"3e1b0066d4c0ecc10d653fd77fcc4332","tokenurl":"/mcm/api/land?token=3e1b0066d4c0ecc10d653fd77fcc4332","imageurl":"/mcm/images/land/2S/8254_3b11f9896382.jpg","landname":"7"},{"id":281475001614494,"level":2,"status":1,"posx":24,"posy":7,"cityid":380,"townid":836,"tokenid":"153235c54ab3157c94281c5d349b968b","tokenurl":"/mcm/api/land?token=153235c54ab3157c94281c5d349b968b","imageurl":"/mcm/images/land/2A/12380_4a0cb0e40612.jpg","landname":"8"},{"id":281475001614495,"level":2,"status":1,"posx":28,"posy":7,"cityid":380,"townid":836,"tokenid":"35b201863febafda4434b1111f8a9f61","tokenurl":"/mcm/api/land?token=35b201863febafda4434b1111f8a9f61","imageurl":"/mcm/images/land/2A/12381_2c10f33c3534.jpg","landname":"9"},{"id":281475001614496,"level":1,"status":0,"posx":29,"posy":7,"cityid":380,"townid":836,"tokenid":"9f9c37fc8ef548f90f7bd8bbf0e8053a","tokenurl":"/mcm/api/land?token=9f9c37fc8ef548f90f7bd8bbf0e8053a","imageurl":"/mcm/images/land/2S/8255_1fe98b3afcce.jpg","landname":"10"},{"id":281475001614497,"level":2,"status":0,"posx":32,"posy":7,"cityid":380,"townid":836,"tokenid":"86a82fd0f1d497423c23c2ed07b81474","tokenurl":"/mcm/api/land?token=86a82fd0f1d497423c23c2ed07b81474","imageurl":"/mcm/images/land/2A/12382_26232d21a99a.jpg","landname":"11"},{"id":281475001614498,"level":2,"status":0,"posx":33,"posy":7,"cityid":380,"townid":836,"tokenid":"75d330694ee5ee3e4238d983a33f7e26","tokenurl":"/mcm/api/land?token=75d330694ee5ee3e4238d983a33f7e26","imageurl":"/mcm/images/land/2A/12383_59440bd46a4.jpg","landname":"12"},{"id":281475001614499,"level":3,"status":1,"posx":23,"posy":8,"cityid":380,"townid":836,"tokenid":"89828e317354a1270633671951d17b93","tokenurl":"/mcm/api/land?token=89828e317354a1270633671951d17b93","imageurl":"/mcm/images/land/2B/20628_1074734ed52e.jpg","landname":"13"},{"id":281475001614500,"level":1,"status":1,"posx":24,"posy":8,"cityid":380,"townid":836,"tokenid":"b0c76f8364e35e9f6349a2d2ad1283a6","tokenurl":"/mcm/api/land?token=b0c76f8364e35e9f6349a2d2ad1283a6","imageurl":"/mcm/images/land/2S/8256_254f1429b588.jpg","landname":"14"},{"id":281475001614501,"level":3,"status":0,"posx":28,"posy":8,"cityid":380,"townid":836,"tokenid":"c699b5cf31905960b88bf891d61f5c54","tokenurl":"/mcm/api/land?token=c699b5cf31905960b88bf891d61f5c54","imageurl":"/mcm/images/land/2B/20629_544c2f6987d9.jpg","landname":"15"},{"id":281475001614502,"level":2,"status":0,"posx":29,"posy":8,"cityid":380,"townid":836,"tokenid":"e12993dd46fcd880db8b0206ed234978","tokenurl":"/mcm/api/land?token=e12993dd46fcd880db8b0206ed234978","imageurl":"/mcm/images/land/2A/12384_6f9bb8f6817.jpg","landname":"16"},{"id":281475001614503,"level":3,"status":1,"posx":32,"posy":8,"cityid":380,"townid":836,"tokenid":"32c4ecd11d551cc2a8a05b2e4cf3be40","tokenurl":"/mcm/api/land?token=32c4ecd11d551cc2a8a05b2e4cf3be40","imageurl":"/mcm/images/land/2B/20630_2fc05625d32f.jpg","landname":"17"},{"id":281475001614504,"level":3,"status":0,"posx":33,"posy":8,"cityid":380,"townid":836,"tokenid":"8f007c624156444514656f011d10ff79","tokenurl":"/mcm/api/land?token=8f007c624156444514656f011d10ff79","imageurl":"/mcm/images/land/2B/20631_42d59764b63d.jpg","landname":"18"},{"id":281475001614505,"level":3,"status":1,"posx":23,"posy":9,"cityid":380,"townid":836,"tokenid":"bd0896e862043c2445991fb7ee6f29ff","tokenurl":"/mcm/api/land?token=bd0896e862043c2445991fb7ee6f29ff","imageurl":"/mcm/images/land/2B/20632_4321eca1c44b.jpg","landname":"19"},{"id":281475001614506,"level":1,"status":1,"posx":24,"posy":9,"cityid":380,"townid":836,"tokenid":"b357bb5122341d82aedba7d14247e519","tokenurl":"/mcm/api/land?token=b357bb5122341d82aedba7d14247e519","imageurl":"/mcm/images/land/2S/8257_369ab23e5a84.jpg","landname":"20"},{"id":281475001614507,"level":2,"status":0,"posx":28,"posy":9,"cityid":380,"townid":836,"tokenid":"1ab7e4e106355c52ef6e152b7620c622","tokenurl":"/mcm/api/land?token=1ab7e4e106355c52ef6e152b7620c622","imageurl":"/mcm/images/land/2A/12385_54edca392108.jpg","landname":"21"},{"id":281475001614508,"level":3,"status":1,"posx":29,"posy":9,"cityid":380,"townid":836,"tokenid":"2055f0c9be42017670e7b6ef023020c8","tokenurl":"/mcm/api/land?token=2055f0c9be42017670e7b6ef023020c8","imageurl":"/mcm/images/land/2B/20633_2b5d7544a6b8.jpg","landname":"22"},{"id":281475001614509,"level":3,"status":0,"posx":32,"posy":9,"cityid":380,"townid":836,"tokenid":"2c92a8376ed1e4f31b3cec27a766681d","tokenurl":"/mcm/api/land?token=2c92a8376ed1e4f31b3cec27a766681d","imageurl":"/mcm/images/land/2B/20634_3bdfccef4f88.jpg","landname":"23"},{"id":281475001614510,"level":2,"status":0,"posx":33,"posy":9,"cityid":380,"townid":836,"tokenid":"f6b07baff6b66152a6a2a4a28e50e9b4","tokenurl":"/mcm/api/land?token=f6b07baff6b66152a6a2a4a28e50e9b4","imageurl":"/mcm/images/land/2A/12386_49165147f403.jpg","landname":"24"},{"id":281475001614511,"level":2,"status":1,"posx":6,"posy":10,"cityid":380,"townid":836,"tokenid":"52d6688673fc0953f0b2d819d4ccceb6","tokenurl":"/mcm/api/land?token=52d6688673fc0953f0b2d819d4ccceb6","imageurl":"/mcm/images/land/2A/12387_46befca2fd38.jpg","landname":"25"},{"id":281475001614512,"level":3,"status":0,"posx":7,"posy":10,"cityid":380,"townid":836,"tokenid":"76e81cd1c4c0bfc1b97ab38d363f0639","tokenurl":"/mcm/api/land?token=76e81cd1c4c0bfc1b97ab38d363f0639","imageurl":"/mcm/images/land/2B/20635_16b7c392da4c.jpg","landname":"26"},{"id":281475001614513,"level":3,"status":0,"posx":28,"posy":10,"cityid":380,"townid":836,"tokenid":"e22fc1a21d2461803ce710dee5b93a6b","tokenurl":"/mcm/api/land?token=e22fc1a21d2461803ce710dee5b93a6b","imageurl":"/mcm/images/land/2B/20636_23080472133.jpg","landname":"27"},{"id":281475001614514,"level":1,"status":1,"posx":29,"posy":10,"cityid":380,"townid":836,"tokenid":"bea8996c7f60bee201e76de80990c266","tokenurl":"/mcm/api/land?token=bea8996c7f60bee201e76de80990c266","imageurl":"/mcm/images/land/2S/8258_45346eaf5fa4.jpg","landname":"28"},{"id":281475001614515,"level":1,"status":0,"posx":32,"posy":10,"cityid":380,"townid":836,"tokenid":"a348119cde30cf2e7f2deff406cf0e0d","tokenurl":"/mcm/api/land?token=a348119cde30cf2e7f2deff406cf0e0d","imageurl":"/mcm/images/land/2S/8259_591941424211.jpg","landname":"29"},{"id":281475001614516,"level":3,"status":1,"posx":33,"posy":10,"cityid":380,"townid":836,"tokenid":"c6588b80b663a097570fdfe942566e75","tokenurl":"/mcm/api/land?token=c6588b80b663a097570fdfe942566e75","imageurl":"/mcm/images/land/2B/20637_4d72ba39c765.jpg","landname":"30"},{"id":281475001614517,"level":3,"status":1,"posx":6,"posy":11,"cityid":380,"townid":836,"tokenid":"4f59d6ea9c157602f78e1064e5da3e85","tokenurl":"/mcm/api/land?token=4f59d6ea9c157602f78e1064e5da3e85","imageurl":"/mcm/images/land/2B/20638_185d430ddbc0.jpg","landname":"31"},{"id":281475001614518,"level":2,"status":0,"posx":7,"posy":11,"cityid":380,"townid":836,"tokenid":"2ea947e9b87feb586dd80bb4ab36716b","tokenurl":"/mcm/api/land?token=2ea947e9b87feb586dd80bb4ab36716b","imageurl":"/mcm/images/land/2A/12388_58a245654e1c.jpg","landname":"32"},{"id":281475001614519,"level":3,"status":1,"posx":9,"posy":11,"cityid":380,"townid":836,"tokenid":"21198af7a633910d728f59c65ead9b97","tokenurl":"/mcm/api/land?token=21198af7a633910d728f59c65ead9b97","imageurl":"/mcm/images/land/2B/20639_25d28d9baf45.jpg","landname":"33"},{"id":281475001614520,"level":3,"status":1,"posx":10,"posy":11,"cityid":380,"townid":836,"tokenid":"97f871d5912b92347feaff74c101995e","tokenurl":"/mcm/api/land?token=97f871d5912b92347feaff74c101995e","imageurl":"/mcm/images/land/2B/20640_789433b0d77.jpg","landname":"34"},{"id":281475001614521,"level":2,"status":1,"posx":11,"posy":11,"cityid":380,"townid":836,"tokenid":"ad05b029efb3bff899d251a924d496e2","tokenurl":"/mcm/api/land?token=ad05b029efb3bff899d251a924d496e2","imageurl":"/mcm/images/land/2A/12389_4b1cb54661cc.jpg","landname":"35"},{"id":281475001614522,"level":3,"status":1,"posx":12,"posy":11,"cityid":380,"townid":836,"tokenid":"2f654171dd73fba701221b5c1fd163b4","tokenurl":"/mcm/api/land?token=2f654171dd73fba701221b5c1fd163b4","imageurl":"/mcm/images/land/2B/20641_131a3feb9cce.jpg","landname":"36"},{"id":281475001614523,"level":3,"status":1,"posx":13,"posy":11,"cityid":380,"townid":836,"tokenid":"6ac1ca1ff890abc21e08158d276f16e3","tokenurl":"/mcm/api/land?token=6ac1ca1ff890abc21e08158d276f16e3","imageurl":"/mcm/images/land/2B/20642_3d5475140f3c.jpg","landname":"37"},{"id":281475001614524,"level":2,"status":1,"posx":32,"posy":11,"cityid":380,"townid":836,"tokenid":"e3515e208b2b3a068e76a3e712200c91","tokenurl":"/mcm/api/land?token=e3515e208b2b3a068e76a3e712200c91","imageurl":"/mcm/images/land/2A/12390_274bf152f44e.jpg","landname":"38"},{"id":281475001614525,"level":3,"status":0,"posx":33,"posy":11,"cityid":380,"townid":836,"tokenid":"d5632ffa73a1eebc04b3c0c7675c538e","tokenurl":"/mcm/api/land?token=d5632ffa73a1eebc04b3c0c7675c538e","imageurl":"/mcm/images/land/2B/20643_e5c7b8babe8.jpg","landname":"39"},{"id":281475001614526,"level":3,"status":1,"posx":6,"posy":12,"cityid":380,"townid":836,"tokenid":"b6a379529b7f4d4ac2b1c47f01023752","tokenurl":"/mcm/api/land?token=b6a379529b7f4d4ac2b1c47f01023752","imageurl":"/mcm/images/land/2B/20644_2dc742093e24.jpg","landname":"40"},{"id":281475001614527,"level":1,"status":1,"posx":7,"posy":12,"cityid":380,"townid":836,"tokenid":"ff1876bb2de3310c635f5fc1249cb528","tokenurl":"/mcm/api/land?token=ff1876bb2de3310c635f5fc1249cb528","imageurl":"/mcm/images/land/2S/8260_51879bbfa6c.jpg","landname":"41"},{"id":281475001614528,"level":1,"status":0,"posx":9,"posy":12,"cityid":380,"townid":836,"tokenid":"35ef5959b1720127adeba8d47941d3d4","tokenurl":"/mcm/api/land?token=35ef5959b1720127adeba8d47941d3d4","imageurl":"/mcm/images/land/2S/8261_a097c58d683.jpg","landname":"42"},{"id":281475001614529,"level":3,"status":0,"posx":10,"posy":12,"cityid":380,"townid":836,"tokenid":"fdbdff445e0d0b1d9f13b19ce44175ba","tokenurl":"/mcm/api/land?token=fdbdff445e0d0b1d9f13b19ce44175ba","imageurl":"/mcm/images/land/2B/20645_1ff216d4d310.jpg","landname":"43"},{"id":281475001614530,"level":2,"status":1,"posx":11,"posy":12,"cityid":380,"townid":836,"tokenid":"363b6dbb4098580b2e856a428063aa42","tokenurl":"/mcm/api/land?token=363b6dbb4098580b2e856a428063aa42","imageurl":"/mcm/images/land/2A/12391_24f4ffacb978.jpg","landname":"44"},{"id":281475001614531,"level":3,"status":1,"posx":12,"posy":12,"cityid":380,"townid":836,"tokenid":"b1d374390f0af8ddc92ca237e2ecc467","tokenurl":"/mcm/api/land?token=b1d374390f0af8ddc92ca237e2ecc467","imageurl":"/mcm/images/land/2B/20646_4377ea00add0.jpg","landname":"45"},{"id":281475001614532,"level":2,"status":0,"posx":13,"posy":12,"cityid":380,"townid":836,"tokenid":"5b50ca0cc5319353be969304a7dcde81","tokenurl":"/mcm/api/land?token=5b50ca0cc5319353be969304a7dcde81","imageurl":"/mcm/images/land/2A/12392_17ac2ae2ca2d.jpg","landname":"46"},{"id":281475001614533,"level":3,"status":0,"posx":6,"posy":13,"cityid":380,"townid":836,"tokenid":"5c5dfb48fa0441c5cabaf76c1a3c4e4d","tokenurl":"/mcm/api/land?token=5c5dfb48fa0441c5cabaf76c1a3c4e4d","imageurl":"/mcm/images/land/2B/20647_39c6439315c0.jpg","landname":"47"},{"id":281475001614534,"level":3,"status":1,"posx":7,"posy":13,"cityid":380,"townid":836,"tokenid":"eeb9ddea3fa03493934fcb0ec62eca29","tokenurl":"/mcm/api/land?token=eeb9ddea3fa03493934fcb0ec62eca29","imageurl":"/mcm/images/land/2B/20648_12d88b4d3096.jpg","landname":"48"},{"id":281475001614535,"level":3,"status":0,"posx":6,"posy":14,"cityid":380,"townid":836,"tokenid":"6af5948affc26ad1181fe345869c755c","tokenurl":"/mcm/api/land?token=6af5948affc26ad1181fe345869c755c","imageurl":"/mcm/images/land/2B/20649_1ee5d19de6a7.jpg","landname":"49"},{"id":281475001614536,"level":1,"status":1,"posx":7,"posy":14,"cityid":380,"townid":836,"tokenid":"e9217ce062d8c77fec7d2d35942d6706","tokenurl":"/mcm/api/land?token=e9217ce062d8c77fec7d2d35942d6706","imageurl":"/mcm/images/land/2S/8262_1829bb22184e.jpg","landname":"50"},{"id":281475001614537,"level":3,"status":0,"posx":10,"posy":15,"cityid":380,"townid":836,"tokenid":"ab6363fac3e753c83908ecca571fc243","tokenurl":"/mcm/api/land?token=ab6363fac3e753c83908ecca571fc243","imageurl":"/mcm/images/land/2B/20650_45ff67832269.jpg","landname":"51"},{"id":281475001614538,"level":3,"status":1,"posx":11,"posy":15,"cityid":380,"townid":836,"tokenid":"69c1273f43f0ea07eab0e28d6b8ee8eb","tokenurl":"/mcm/api/land?token=69c1273f43f0ea07eab0e28d6b8ee8eb","imageurl":"/mcm/images/land/2B/20651_15eeb680ddc3.jpg","landname":"52"},{"id":281475001614539,"level":3,"status":0,"posx":12,"posy":15,"cityid":380,"townid":836,"tokenid":"c835a3e5593ba05f66dcd7f8910fc633","tokenurl":"/mcm/api/land?token=c835a3e5593ba05f66dcd7f8910fc633","imageurl":"/mcm/images/land/2B/20652_1c6b9cdf1c9e.jpg","landname":"53"},{"id":281475001614540,"level":3,"status":1,"posx":13,"posy":15,"cityid":380,"townid":836,"tokenid":"1940b7da423527b1fc53126827394dbb","tokenurl":"/mcm/api/land?token=1940b7da423527b1fc53126827394dbb","imageurl":"/mcm/images/land/2B/20653_54392d9bb711.jpg","landname":"54"},{"id":281475001614541,"level":3,"status":0,"posx":14,"posy":15,"cityid":380,"townid":836,"tokenid":"e2d045650cfd03b0e2282c98c3c8011d","tokenurl":"/mcm/api/land?token=e2d045650cfd03b0e2282c98c3c8011d","imageurl":"/mcm/images/land/2B/20654_186520e605b8.jpg","landname":"55"},{"id":281475001614542,"level":1,"status":0,"posx":10,"posy":16,"cityid":380,"townid":836,"tokenid":"3f7104bd05d584cf98f667cd20452ff8","tokenurl":"/mcm/api/land?token=3f7104bd05d584cf98f667cd20452ff8","imageurl":"/mcm/images/land/2S/8263_3557bf0af992.jpg","landname":"56"},{"id":281475001614543,"level":3,"status":0,"posx":11,"posy":16,"cityid":380,"townid":836,"tokenid":"566a48c592ef4cd26fb811b69bc47448","tokenurl":"/mcm/api/land?token=566a48c592ef4cd26fb811b69bc47448","imageurl":"/mcm/images/land/2B/20655_18cb5c484b7c.jpg","landname":"57"},{"id":281475001614544,"level":3,"status":0,"posx":12,"posy":16,"cityid":380,"townid":836,"tokenid":"00577fb472fd2cba46c60ef9dbd8d82e","tokenurl":"/mcm/api/land?token=00577fb472fd2cba46c60ef9dbd8d82e","imageurl":"/mcm/images/land/2B/20656_28b4c88d8a0c.jpg","landname":"58"},{"id":281475001614545,"level":2,"status":1,"posx":13,"posy":16,"cityid":380,"townid":836,"tokenid":"c23b4bb23bee2a8c419a0b781df28a52","tokenurl":"/mcm/api/land?token=c23b4bb23bee2a8c419a0b781df28a52","imageurl":"/mcm/images/land/2A/12393_48c789ef65eb.jpg","landname":"59"},{"id":281475001614546,"level":3,"status":1,"posx":14,"posy":16,"cityid":380,"townid":836,"tokenid":"7668c1697252b47a5a3faf6a9732bec2","tokenurl":"/mcm/api/land?token=7668c1697252b47a5a3faf6a9732bec2","imageurl":"/mcm/images/land/2B/20657_54a59e58201c.jpg","landname":"60"},{"id":281475001614547,"level":3,"status":1,"posx":5,"posy":17,"cityid":380,"townid":836,"tokenid":"9515107b9a5d9f8e99152ff0bc6b6fe5","tokenurl":"/mcm/api/land?token=9515107b9a5d9f8e99152ff0bc6b6fe5","imageurl":"/mcm/images/land/2B/20658_23dff4f9a856.jpg","landname":"61"},{"id":281475001614548,"level":3,"status":1,"posx":6,"posy":17,"cityid":380,"townid":836,"tokenid":"e9ab3d2622b7d3a8c3584b89e29473af","tokenurl":"/mcm/api/land?token=e9ab3d2622b7d3a8c3584b89e29473af","imageurl":"/mcm/images/land/2B/20659_524bcd0ebd46.jpg","landname":"62"},{"id":281475001614549,"level":3,"status":1,"posx":7,"posy":17,"cityid":380,"townid":836,"tokenid":"1ecf8f8d4012557c4fac08ae1c6e5dc2","tokenurl":"/mcm/api/land?token=1ecf8f8d4012557c4fac08ae1c6e5dc2","imageurl":"/mcm/images/land/2B/20660_b3ac3556e0f.jpg","landname":"63"},{"id":281475001614550,"level":3,"status":0,"posx":8,"posy":17,"cityid":380,"townid":836,"tokenid":"4d67a89396c986cc6937e64c8907b848","tokenurl":"/mcm/api/land?token=4d67a89396c986cc6937e64c8907b848","imageurl":"/mcm/images/land/2B/20661_126c759f50e2.jpg","landname":"64"},{"id":281475001614551,"level":2,"status":0,"posx":9,"posy":17,"cityid":380,"townid":836,"tokenid":"de34893f63ecfb69ea007d42fa2f2f34","tokenurl":"/mcm/api/land?token=de34893f63ecfb69ea007d42fa2f2f34","imageurl":"/mcm/images/land/2A/12394_3de924a8b129.jpg","landname":"65"},{"id":281475001614552,"level":1,"status":1,"posx":5,"posy":18,"cityid":380,"townid":836,"tokenid":"87f80b59980e522867ccad178db55f92","tokenurl":"/mcm/api/land?token=87f80b59980e522867ccad178db55f92","imageurl":"/mcm/images/land/2S/8264_39610e6d1e1.jpg","landname":"66"},{"id":281475001614553,"level":2,"status":0,"posx":6,"posy":18,"cityid":380,"townid":836,"tokenid":"b6c619199fa4ee3e80eaa68aba06c2c5","tokenurl":"/mcm/api/land?token=b6c619199fa4ee3e80eaa68aba06c2c5","imageurl":"/mcm/images/land/2A/12395_31c1b5665245.jpg","landname":"67"},{"id":281475001614554,"level":1,"status":1,"posx":7,"posy":18,"cityid":380,"townid":836,"tokenid":"2078920f492da5e4777d6ca28a3b52d0","tokenurl":"/mcm/api/land?token=2078920f492da5e4777d6ca28a3b52d0","imageurl":"/mcm/images/land/2S/8265_710e951340c.jpg","landname":"68"},{"id":281475001614555,"level":3,"status":0,"posx":8,"posy":18,"cityid":380,"townid":836,"tokenid":"6f21986ef7bba3dc9a5c2cda8ae62a2e","tokenurl":"/mcm/api/land?token=6f21986ef7bba3dc9a5c2cda8ae62a2e","imageurl":"/mcm/images/land/2B/20662_3f1eccfa4ce3.jpg","landname":"69"},{"id":281475001614556,"level":1,"status":0,"posx":9,"posy":18,"cityid":380,"townid":836,"tokenid":"10408e6129a519fc2f0a4143a77f77ad","tokenurl":"/mcm/api/land?token=10408e6129a519fc2f0a4143a77f77ad","imageurl":"/mcm/images/land/2S/8266_3ce9a0cc1969.jpg","landname":"70"},{"id":281475001614557,"level":2,"status":1,"posx":28,"posy":20,"cityid":380,"townid":836,"tokenid":"4192f32a7f11c35a78d0959815f618cf","tokenurl":"/mcm/api/land?token=4192f32a7f11c35a78d0959815f618cf","imageurl":"/mcm/images/land/2A/12396_515fa615aa28.jpg","landname":"71"},{"id":281475001614558,"level":2,"status":1,"posx":29,"posy":20,"cityid":380,"townid":836,"tokenid":"510f3b2ba6fd18680208e9e27dcb9c99","tokenurl":"/mcm/api/land?token=510f3b2ba6fd18680208e9e27dcb9c99","imageurl":"/mcm/images/land/2A/12397_496a7be8e4b2.jpg","landname":"72"},{"id":281475001614559,"level":1,"status":0,"posx":32,"posy":20,"cityid":380,"townid":836,"tokenid":"3d0aabf270f86aefe3d5e931423b9b0b","tokenurl":"/mcm/api/land?token=3d0aabf270f86aefe3d5e931423b9b0b","imageurl":"/mcm/images/land/2S/8267_4e2f797bcc86.jpg","landname":"73"},{"id":281475001614560,"level":3,"status":0,"posx":33,"posy":20,"cityid":380,"townid":836,"tokenid":"c2fd65a09147018aca63e8b6c5ea9896","tokenurl":"/mcm/api/land?token=c2fd65a09147018aca63e8b6c5ea9896","imageurl":"/mcm/images/land/2B/20663_2b22a01b290a.jpg","landname":"74"},{"id":281475001614561,"level":2,"status":0,"posx":28,"posy":21,"cityid":380,"townid":836,"tokenid":"4cd5a1accb5c1819a863608a6ab6e28f","tokenurl":"/mcm/api/land?token=4cd5a1accb5c1819a863608a6ab6e28f","imageurl":"/mcm/images/land/2A/12398_4d94da085e13.jpg","landname":"75"},{"id":281475001614562,"level":2,"status":1,"posx":29,"posy":21,"cityid":380,"townid":836,"tokenid":"4689c27860788baf1ed49a92b5492253","tokenurl":"/mcm/api/land?token=4689c27860788baf1ed49a92b5492253","imageurl":"/mcm/images/land/2A/12399_3959aa6ecf14.jpg","landname":"76"},{"id":281475001614563,"level":3,"status":1,"posx":32,"posy":21,"cityid":380,"townid":836,"tokenid":"32509a6c8d1da79f0de56f4411ec9652","tokenurl":"/mcm/api/land?token=32509a6c8d1da79f0de56f4411ec9652","imageurl":"/mcm/images/land/2B/20664_4f6d8e1fa486.jpg","landname":"77"},{"id":281475001614564,"level":1,"status":1,"posx":33,"posy":21,"cityid":380,"townid":836,"tokenid":"f1e6d404708db13548d0073c14e677b7","tokenurl":"/mcm/api/land?token=f1e6d404708db13548d0073c14e677b7","imageurl":"/mcm/images/land/2S/8268_12e76d9b69d.jpg","landname":"78"},{"id":281475001614565,"level":3,"status":1,"posx":28,"posy":22,"cityid":380,"townid":836,"tokenid":"f2e04b1b7cb1904f8e441bc7e0b20c1d","tokenurl":"/mcm/api/land?token=f2e04b1b7cb1904f8e441bc7e0b20c1d","imageurl":"/mcm/images/land/2B/20665_1fb15d0b93fd.jpg","landname":"79"},{"id":281475001614566,"level":3,"status":0,"posx":29,"posy":22,"cityid":380,"townid":836,"tokenid":"a62ea6677b869e5c65b7dfee9c4bbee9","tokenurl":"/mcm/api/land?token=a62ea6677b869e5c65b7dfee9c4bbee9","imageurl":"/mcm/images/land/2B/20666_24e5eccaf8a0.jpg","landname":"80"},{"id":281475001614567,"level":2,"status":0,"posx":32,"posy":22,"cityid":380,"townid":836,"tokenid":"328a2341a2841c12c09e3a1c0aa30f12","tokenurl":"/mcm/api/land?token=328a2341a2841c12c09e3a1c0aa30f12","imageurl":"/mcm/images/land/2A/12400_5387399e19d7.jpg","landname":"81"},{"id":281475001614568,"level":2,"status":1,"posx":33,"posy":22,"cityid":380,"townid":836,"tokenid":"aa2d1714b799db6a6233baf76d279ef7","tokenurl":"/mcm/api/land?token=aa2d1714b799db6a6233baf76d279ef7","imageurl":"/mcm/images/land/2A/12401_181aff8e4ba.jpg","landname":"82"},{"id":281475001614569,"level":2,"status":1,"posx":15,"posy":23,"cityid":380,"townid":836,"tokenid":"5d0dba6c28af57080727a2d89c3c0e48","tokenurl":"/mcm/api/land?token=5d0dba6c28af57080727a2d89c3c0e48","imageurl":"/mcm/images/land/2A/12402_259441a7f177.jpg","landname":"83"},{"id":281475001614570,"level":2,"status":1,"posx":16,"posy":23,"cityid":380,"townid":836,"tokenid":"99cc05ebbeb3947eb6c61cc17cd42a94","tokenurl":"/mcm/api/land?token=99cc05ebbeb3947eb6c61cc17cd42a94","imageurl":"/mcm/images/land/2A/12403_43587a9301f6.jpg","landname":"84"},{"id":281475001614571,"level":2,"status":0,"posx":17,"posy":23,"cityid":380,"townid":836,"tokenid":"d5e935598d00c7c5622526dacffa46f0","tokenurl":"/mcm/api/land?token=d5e935598d00c7c5622526dacffa46f0","imageurl":"/mcm/images/land/2A/12404_50a597191c36.jpg","landname":"85"},{"id":281475001614572,"level":3,"status":0,"posx":18,"posy":23,"cityid":380,"townid":836,"tokenid":"0ef2fc8989fd61b8ed8aa30f04a2e7ca","tokenurl":"/mcm/api/land?token=0ef2fc8989fd61b8ed8aa30f04a2e7ca","imageurl":"/mcm/images/land/2B/20667_982d25c388.jpg","landname":"86"},{"id":281475001614573,"level":3,"status":1,"posx":19,"posy":23,"cityid":380,"townid":836,"tokenid":"bdd68b3bb84ce81e6cdc62641b3fe239","tokenurl":"/mcm/api/land?token=bdd68b3bb84ce81e6cdc62641b3fe239","imageurl":"/mcm/images/land/2B/20668_1567b192a61e.jpg","landname":"87"},{"id":281475001614574,"level":1,"status":1,"posx":28,"posy":23,"cityid":380,"townid":836,"tokenid":"8beef604764e41304423e6cb1334e3cd","tokenurl":"/mcm/api/land?token=8beef604764e41304423e6cb1334e3cd","imageurl":"/mcm/images/land/2S/8269_2242f0d0b334.jpg","landname":"88"},{"id":281475001614575,"level":2,"status":1,"posx":29,"posy":23,"cityid":380,"townid":836,"tokenid":"9eef6eb09aa1882cdc05dac28a7c2c97","tokenurl":"/mcm/api/land?token=9eef6eb09aa1882cdc05dac28a7c2c97","imageurl":"/mcm/images/land/2A/12405_268152f081d7.jpg","landname":"89"},{"id":281475001614576,"level":1,"status":0,"posx":32,"posy":23,"cityid":380,"townid":836,"tokenid":"37a512591cae2e7433a5187b022aa9b3","tokenurl":"/mcm/api/land?token=37a512591cae2e7433a5187b022aa9b3","imageurl":"/mcm/images/land/2S/8270_4671366082f8.jpg","landname":"90"},{"id":281475001614577,"level":2,"status":0,"posx":33,"posy":23,"cityid":380,"townid":836,"tokenid":"d3e6a2401f76f1cc0d7d04ed147512fd","tokenurl":"/mcm/api/land?token=d3e6a2401f76f1cc0d7d04ed147512fd","imageurl":"/mcm/images/land/2A/12406_90833b72461.jpg","landname":"91"},{"id":281475001614578,"level":3,"status":0,"posx":15,"posy":24,"cityid":380,"townid":836,"tokenid":"f4ee4990f87583d4d876044370339265","tokenurl":"/mcm/api/land?token=f4ee4990f87583d4d876044370339265","imageurl":"/mcm/images/land/2B/20669_21fe8620d740.jpg","landname":"92"},{"id":281475001614579,"level":3,"status":0,"posx":16,"posy":24,"cityid":380,"townid":836,"tokenid":"4e74756c4027d58d9c8a07d39279fc76","tokenurl":"/mcm/api/land?token=4e74756c4027d58d9c8a07d39279fc76","imageurl":"/mcm/images/land/2B/20670_578a2fab21d0.jpg","landname":"93"},{"id":281475001614580,"level":2,"status":1,"posx":17,"posy":24,"cityid":380,"townid":836,"tokenid":"6cf3274805dc7edba1e54d44680d7e5c","tokenurl":"/mcm/api/land?token=6cf3274805dc7edba1e54d44680d7e5c","imageurl":"/mcm/images/land/2A/12407_597f62fb74ab.jpg","landname":"94"},{"id":281475001614581,"level":2,"status":0,"posx":18,"posy":24,"cityid":380,"townid":836,"tokenid":"c124c3a6d4a2d05c07df0eb922f57b36","tokenurl":"/mcm/api/land?token=c124c3a6d4a2d05c07df0eb922f57b36","imageurl":"/mcm/images/land/2A/12408_2e42dce5e3f3.jpg","landname":"95"},{"id":281475001614582,"level":3,"status":0,"posx":19,"posy":24,"cityid":380,"townid":836,"tokenid":"87d21c25d2f60c9a5ed08044d44dab64","tokenurl":"/mcm/api/land?token=87d21c25d2f60c9a5ed08044d44dab64","imageurl":"/mcm/images/land/2B/20671_336171fbf973.jpg","landname":"96"},{"id":281475001614583,"level":3,"status":1,"posx":28,"posy":24,"cityid":380,"townid":836,"tokenid":"a8bb98164ddd6cc653441cb6d454984c","tokenurl":"/mcm/api/land?token=a8bb98164ddd6cc653441cb6d454984c","imageurl":"/mcm/images/land/2B/20672_275ad351c1f.jpg","landname":"97"},{"id":281475001614584,"level":3,"status":1,"posx":29,"posy":24,"cityid":380,"townid":836,"tokenid":"e2184e0bf10d83c1c38e7db664c9c921","tokenurl":"/mcm/api/land?token=e2184e0bf10d83c1c38e7db664c9c921","imageurl":"/mcm/images/land/2B/20673_9aaaf5d18a2.jpg","landname":"98"},{"id":281475001614585,"level":3,"status":0,"posx":32,"posy":24,"cityid":380,"townid":836,"tokenid":"6104940d1bf0ebff2d22df5420783c45","tokenurl":"/mcm/api/land?token=6104940d1bf0ebff2d22df5420783c45","imageurl":"/mcm/images/land/2B/20674_36f29842901e.jpg","landname":"99"},{"id":281475001614586,"level":3,"status":1,"posx":33,"posy":24,"cityid":380,"townid":836,"tokenid":"7b38bcf8539b866454dd97054770a69e","tokenurl":"/mcm/api/land?token=7b38bcf8539b866454dd97054770a69e","imageurl":"/mcm/images/land/2B/20675_498fb8248ba6.jpg","landname":"100"},{"id":281475001614587,"level":2,"status":1,"posx":6,"posy":25,"cityid":380,"townid":836,"tokenid":"e1546a5eda812320b1bbd75f6c947eb1","tokenurl":"/mcm/api/land?token=e1546a5eda812320b1bbd75f6c947eb1","imageurl":"/mcm/images/land/2A/12409_1e6a3fad2ca6.jpg","landname":"101"},{"id":281475001614588,"level":3,"status":1,"posx":7,"posy":25,"cityid":380,"townid":836,"tokenid":"cef6d4e23e66e71580a78a97e004962e","tokenurl":"/mcm/api/land?token=cef6d4e23e66e71580a78a97e004962e","imageurl":"/mcm/images/land/2B/20676_22fc17571746.jpg","landname":"102"},{"id":281475001614589,"level":2,"status":1,"posx":6,"posy":26,"cityid":380,"townid":836,"tokenid":"3c1b1bff7601579c4bb78e6f656d7dfe","tokenurl":"/mcm/api/land?token=3c1b1bff7601579c4bb78e6f656d7dfe","imageurl":"/mcm/images/land/2A/12410_50d011544756.jpg","landname":"103"},{"id":281475001614590,"level":3,"status":0,"posx":7,"posy":26,"cityid":380,"townid":836,"tokenid":"3797d16a4508e9b05832c9f5ee9266d2","tokenurl":"/mcm/api/land?token=3797d16a4508e9b05832c9f5ee9266d2","imageurl":"/mcm/images/land/2B/20677_1df7c79e9725.jpg","landname":"104"},{"id":281475001614591,"level":2,"status":0,"posx":21,"posy":26,"cityid":380,"townid":836,"tokenid":"3634ad7d0e2fe670733528e5b5b837e8","tokenurl":"/mcm/api/land?token=3634ad7d0e2fe670733528e5b5b837e8","imageurl":"/mcm/images/land/2A/12411_1c6a4eecd8af.jpg","landname":"105"},{"id":281475001614592,"level":3,"status":0,"posx":22,"posy":26,"cityid":380,"townid":836,"tokenid":"27547f3c7ff71ff601172f28065d12a2","tokenurl":"/mcm/api/land?token=27547f3c7ff71ff601172f28065d12a2","imageurl":"/mcm/images/land/2B/20678_50bb0798eb75.jpg","landname":"106"},{"id":281475001614593,"level":1,"status":1,"posx":24,"posy":26,"cityid":380,"townid":836,"tokenid":"93c6107318ffda3a66f745857496b3af","tokenurl":"/mcm/api/land?token=93c6107318ffda3a66f745857496b3af","imageurl":"/mcm/images/land/2S/8271_45b88fddb075.jpg","landname":"107"},{"id":281475001614594,"level":3,"status":1,"posx":25,"posy":26,"cityid":380,"townid":836,"tokenid":"9b6f3fd2839d15d8444d4be38054ed5c","tokenurl":"/mcm/api/land?token=9b6f3fd2839d15d8444d4be38054ed5c","imageurl":"/mcm/images/land/2B/20679_3d5fd3b42cbf.jpg","landname":"108"},{"id":281475001614595,"level":2,"status":0,"posx":28,"posy":26,"cityid":380,"townid":836,"tokenid":"85c923e6d6c26346409c71e3d5f01d67","tokenurl":"/mcm/api/land?token=85c923e6d6c26346409c71e3d5f01d67","imageurl":"/mcm/images/land/2A/12412_12614a155ec1.jpg","landname":"109"},{"id":281475001614596,"level":2,"status":0,"posx":29,"posy":26,"cityid":380,"townid":836,"tokenid":"18b82df872df83817c83ed58cfc4ddda","tokenurl":"/mcm/api/land?token=18b82df872df83817c83ed58cfc4ddda","imageurl":"/mcm/images/land/2A/12413_236b1412694d.jpg","landname":"110"},{"id":281475001614597,"level":3,"status":1,"posx":32,"posy":26,"cityid":380,"townid":836,"tokenid":"7b0cc1c4b2f1f896aa632620905c8f5e","tokenurl":"/mcm/api/land?token=7b0cc1c4b2f1f896aa632620905c8f5e","imageurl":"/mcm/images/land/2B/20680_41f1fc64bd48.jpg","landname":"111"},{"id":281475001614598,"level":3,"status":0,"posx":33,"posy":26,"cityid":380,"townid":836,"tokenid":"d5b95cb2dcdaca99b1175bda5c3090c9","tokenurl":"/mcm/api/land?token=d5b95cb2dcdaca99b1175bda5c3090c9","imageurl":"/mcm/images/land/2B/20681_621847a03d5.jpg","landname":"112"},{"id":281475001614599,"level":2,"status":0,"posx":6,"posy":27,"cityid":380,"townid":836,"tokenid":"a6bde167e00e203a17f7d1192345f56b","tokenurl":"/mcm/api/land?token=a6bde167e00e203a17f7d1192345f56b","imageurl":"/mcm/images/land/2A/12414_471765b2f855.jpg","landname":"113"},{"id":281475001614600,"level":1,"status":0,"posx":7,"posy":27,"cityid":380,"townid":836,"tokenid":"de4a14c6e85cd20746df3a8f99c393fa","tokenurl":"/mcm/api/land?token=de4a14c6e85cd20746df3a8f99c393fa","imageurl":"/mcm/images/land/2S/8272_17c41b728619.jpg","landname":"114"},{"id":281475001614601,"level":2,"status":0,"posx":21,"posy":27,"cityid":380,"townid":836,"tokenid":"e97f8e17691eb38ffc841d90c94a0fb6","tokenurl":"/mcm/api/land?token=e97f8e17691eb38ffc841d90c94a0fb6","imageurl":"/mcm/images/land/2A/12415_3798dcb04028.jpg","landname":"115"},{"id":281475001614602,"level":3,"status":0,"posx":22,"posy":27,"cityid":380,"townid":836,"tokenid":"d47617a83fda467aa3dac86ec5fe258e","tokenurl":"/mcm/api/land?token=d47617a83fda467aa3dac86ec5fe258e","imageurl":"/mcm/images/land/2B/20682_3671c6953445.jpg","landname":"116"},{"id":281475001614603,"level":3,"status":0,"posx":24,"posy":27,"cityid":380,"townid":836,"tokenid":"9a3d69308cce471cea625ddb89e632f1","tokenurl":"/mcm/api/land?token=9a3d69308cce471cea625ddb89e632f1","imageurl":"/mcm/images/land/2B/20683_2281776cfa9d.jpg","landname":"117"},{"id":281475001614604,"level":3,"status":0,"posx":25,"posy":27,"cityid":380,"townid":836,"tokenid":"8a0ce792e620d069d6e2fd9ff05ffb0f","tokenurl":"/mcm/api/land?token=8a0ce792e620d069d6e2fd9ff05ffb0f","imageurl":"/mcm/images/land/2B/20684_401d5aaa8c83.jpg","landname":"118"},{"id":281475001614605,"level":3,"status":1,"posx":28,"posy":27,"cityid":380,"townid":836,"tokenid":"144f6fbf5768fed6cb923817a067b402","tokenurl":"/mcm/api/land?token=144f6fbf5768fed6cb923817a067b402","imageurl":"/mcm/images/land/2B/20685_59f0d85a8fd1.jpg","landname":"119"},{"id":281475001614606,"level":1,"status":1,"posx":29,"posy":27,"cityid":380,"townid":836,"tokenid":"a3fc32a95cedb04fc639633337bd5e1a","tokenurl":"/mcm/api/land?token=a3fc32a95cedb04fc639633337bd5e1a","imageurl":"/mcm/images/land/2S/8273_3add635cb4b0.jpg","landname":"120"},{"id":281475001614607,"level":3,"status":1,"posx":32,"posy":27,"cityid":380,"townid":836,"tokenid":"4e585b52bc2d4d0181ffca4d17f1aff5","tokenurl":"/mcm/api/land?token=4e585b52bc2d4d0181ffca4d17f1aff5","imageurl":"/mcm/images/land/2B/20686_4653b5059836.jpg","landname":"121"},{"id":281475001614608,"level":3,"status":0,"posx":33,"posy":27,"cityid":380,"townid":836,"tokenid":"1cac1fef3ae3d260acd82986be8d5a0f","tokenurl":"/mcm/api/land?token=1cac1fef3ae3d260acd82986be8d5a0f","imageurl":"/mcm/images/land/2B/20687_38b014d5069e.jpg","landname":"122"},{"id":281475001614609,"level":2,"status":1,"posx":6,"posy":28,"cityid":380,"townid":836,"tokenid":"b27143c59103b98d9ad02835f83ad04f","tokenurl":"/mcm/api/land?token=b27143c59103b98d9ad02835f83ad04f","imageurl":"/mcm/images/land/2A/12416_26740ec6422d.jpg","landname":"123"},{"id":281475001614610,"level":3,"status":0,"posx":7,"posy":28,"cityid":380,"townid":836,"tokenid":"2045f11dee01dd7450249a165527e5d4","tokenurl":"/mcm/api/land?token=2045f11dee01dd7450249a165527e5d4","imageurl":"/mcm/images/land/2B/20688_42a6b318bb0c.jpg","landname":"124"},{"id":281475001614611,"level":3,"status":1,"posx":21,"posy":28,"cityid":380,"townid":836,"tokenid":"e920ba984d0b9b5d6a1e8b3145e94131","tokenurl":"/mcm/api/land?token=e920ba984d0b9b5d6a1e8b3145e94131","imageurl":"/mcm/images/land/2B/20689_10080467b1e1.jpg","landname":"125"},{"id":281475001614612,"level":2,"status":1,"posx":22,"posy":28,"cityid":380,"townid":836,"tokenid":"16edcdfdb71ecce5c5fbb8ea982fea75","tokenurl":"/mcm/api/land?token=16edcdfdb71ecce5c5fbb8ea982fea75","imageurl":"/mcm/images/land/2A/12417_4eb91ee4e1a9.jpg","landname":"126"},{"id":281475001614613,"level":1,"status":0,"posx":24,"posy":28,"cityid":380,"townid":836,"tokenid":"25e4d61f47e838d053780d4e1776185a","tokenurl":"/mcm/api/land?token=25e4d61f47e838d053780d4e1776185a","imageurl":"/mcm/images/land/2S/8274_229523631fa1.jpg","landname":"127"},{"id":281475001614614,"level":1,"status":0,"posx":25,"posy":28,"cityid":380,"townid":836,"tokenid":"5066f8be039f74d03eda337c5a0b96ca","tokenurl":"/mcm/api/land?token=5066f8be039f74d03eda337c5a0b96ca","imageurl":"/mcm/images/land/2S/8275_56efd70c6949.jpg","landname":"128"},{"id":281475001614615,"level":3,"status":1,"posx":28,"posy":28,"cityid":380,"townid":836,"tokenid":"bdd385c2db0a539bf44bb7967343d6b8","tokenurl":"/mcm/api/land?token=bdd385c2db0a539bf44bb7967343d6b8","imageurl":"/mcm/images/land/2B/20690_10fb1973cb4d.jpg","landname":"129"},{"id":281475001614616,"level":1,"status":0,"posx":29,"posy":28,"cityid":380,"townid":836,"tokenid":"37ba8f70001e9c613cb2fec99d9f2398","tokenurl":"/mcm/api/land?token=37ba8f70001e9c613cb2fec99d9f2398","imageurl":"/mcm/images/land/2S/8276_295e3aeecb18.jpg","landname":"130"},{"id":281475001614617,"level":3,"status":0,"posx":32,"posy":28,"cityid":380,"townid":836,"tokenid":"2a1ea94651575a58192f4164b878c5e7","tokenurl":"/mcm/api/land?token=2a1ea94651575a58192f4164b878c5e7","imageurl":"/mcm/images/land/2B/20691_9a79f5d59e5.jpg","landname":"131"},{"id":281475001614618,"level":1,"status":0,"posx":33,"posy":28,"cityid":380,"townid":836,"tokenid":"df7d80ef7ddc269b26e1cc1d1e00c9b8","tokenurl":"/mcm/api/land?token=df7d80ef7ddc269b26e1cc1d1e00c9b8","imageurl":"/mcm/images/land/2S/8277_24e2e77ddf4b.jpg","landname":"132"},{"id":281475001614619,"level":2,"status":0,"posx":6,"posy":29,"cityid":380,"townid":836,"tokenid":"d39db8eb429b2aef1a5fd20a9f399d78","tokenurl":"/mcm/api/land?token=d39db8eb429b2aef1a5fd20a9f399d78","imageurl":"/mcm/images/land/2A/12418_1b4a37d3b3cf.jpg","landname":"133"},{"id":281475001614620,"level":3,"status":1,"posx":7,"posy":29,"cityid":380,"townid":836,"tokenid":"3bed157ff50ee16e53e4136f858c2588","tokenurl":"/mcm/api/land?token=3bed157ff50ee16e53e4136f858c2588","imageurl":"/mcm/images/land/2B/20692_282b93db8132.jpg","landname":"134"},{"id":281475001614621,"level":1,"status":1,"posx":21,"posy":29,"cityid":380,"townid":836,"tokenid":"76423ddf7c1ec8c13405a90c619a8cc6","tokenurl":"/mcm/api/land?token=76423ddf7c1ec8c13405a90c619a8cc6","imageurl":"/mcm/images/land/2S/8278_5147ddd81471.jpg","landname":"135"},{"id":281475001614622,"level":1,"status":0,"posx":22,"posy":29,"cityid":380,"townid":836,"tokenid":"682c263ea3b322b4eb7243136cd168b9","tokenurl":"/mcm/api/land?token=682c263ea3b322b4eb7243136cd168b9","imageurl":"/mcm/images/land/2S/8279_248b755900ca.jpg","landname":"136"},{"id":281475001614623,"level":3,"status":1,"posx":24,"posy":29,"cityid":380,"townid":836,"tokenid":"14fc197c155d5660fb199be2c8f383a4","tokenurl":"/mcm/api/land?token=14fc197c155d5660fb199be2c8f383a4","imageurl":"/mcm/images/land/2B/20693_2739be25c0d2.jpg","landname":"137"},{"id":281475001614624,"level":3,"status":0,"posx":25,"posy":29,"cityid":380,"townid":836,"tokenid":"ff91dc0162d294397516d0140a9ea15d","tokenurl":"/mcm/api/land?token=ff91dc0162d294397516d0140a9ea15d","imageurl":"/mcm/images/land/2B/20694_16f6602960d.jpg","landname":"138"},{"id":281475001614625,"level":3,"status":0,"posx":28,"posy":29,"cityid":380,"townid":836,"tokenid":"bfa01308a5ab5490b2469b2a172958a7","tokenurl":"/mcm/api/land?token=bfa01308a5ab5490b2469b2a172958a7","imageurl":"/mcm/images/land/2B/20695_60bae7eb6e0.jpg","landname":"139"},{"id":281475001614626,"level":2,"status":1,"posx":29,"posy":29,"cityid":380,"townid":836,"tokenid":"36d1c2ece8f5004e8201df3eb0582a1b","tokenurl":"/mcm/api/land?token=36d1c2ece8f5004e8201df3eb0582a1b","imageurl":"/mcm/images/land/2A/12419_3af3eb6dbb31.jpg","landname":"140"},{"id":281475001614627,"level":2,"status":0,"posx":32,"posy":29,"cityid":380,"townid":836,"tokenid":"5c2aaf95d1c2f7f2459b6ad395a9bc30","tokenurl":"/mcm/api/land?token=5c2aaf95d1c2f7f2459b6ad395a9bc30","imageurl":"/mcm/images/land/2A/12420_3b63f0ce3b4d.jpg","landname":"141"},{"id":281475001614628,"level":1,"status":1,"posx":33,"posy":29,"cityid":380,"townid":836,"tokenid":"f4524d4bf387200aa98932e40a3da74a","tokenurl":"/mcm/api/land?token=f4524d4bf387200aa98932e40a3da74a","imageurl":"/mcm/images/land/2S/8280_525dc89f7900.jpg","landname":"142"},{"id":281475001614629,"level":3,"status":0,"posx":21,"posy":30,"cityid":380,"townid":836,"tokenid":"84a4894d8d5fc19a156930c93ccdcc15","tokenurl":"/mcm/api/land?token=84a4894d8d5fc19a156930c93ccdcc15","imageurl":"/mcm/images/land/2B/20696_1a5f5d748b71.jpg","landname":"143"},{"id":281475001614630,"level":1,"status":1,"posx":22,"posy":30,"cityid":380,"townid":836,"tokenid":"44fe876ed750cb6d984823032df84a8a","tokenurl":"/mcm/api/land?token=44fe876ed750cb6d984823032df84a8a","imageurl":"/mcm/images/land/2S/8281_2b1fd08768fd.jpg","landname":"144"},{"id":281475001614631,"level":3,"status":1,"posx":24,"posy":30,"cityid":380,"townid":836,"tokenid":"b8e991f311146e8cca91d51d9bee2d84","tokenurl":"/mcm/api/land?token=b8e991f311146e8cca91d51d9bee2d84","imageurl":"/mcm/images/land/2B/20697_228fdb4801.jpg","landname":"145"},{"id":281475001614632,"level":3,"status":0,"posx":25,"posy":30,"cityid":380,"townid":836,"tokenid":"432c67b59d67de926ab80411a04d6b5c","tokenurl":"/mcm/api/land?token=432c67b59d67de926ab80411a04d6b5c","imageurl":"/mcm/images/land/2B/20698_2d0332f6f690.jpg","landname":"146"},{"id":281475001614633,"level":3,"status":1,"posx":28,"posy":30,"cityid":380,"townid":836,"tokenid":"f6124b2a1665ecd61bd7ad5d658d0696","tokenurl":"/mcm/api/land?token=f6124b2a1665ecd61bd7ad5d658d0696","imageurl":"/mcm/images/land/2B/20699_c57a7bab183.jpg","landname":"147"},{"id":281475001614634,"level":3,"status":0,"posx":29,"posy":30,"cityid":380,"townid":836,"tokenid":"2789cf047b9c547252f290fe7d2bc37a","tokenurl":"/mcm/api/land?token=2789cf047b9c547252f290fe7d2bc37a","imageurl":"/mcm/images/land/2B/20700_45b66e76200b.jpg","landname":"148"},{"id":281475001614635,"level":3,"status":1,"posx":32,"posy":30,"cityid":380,"townid":836,"tokenid":"b0191b6ab02182c132f0b9d957ee7ed9","tokenurl":"/mcm/api/land?token=b0191b6ab02182c132f0b9d957ee7ed9","imageurl":"/mcm/images/land/2B/20701_542e09e0e7d1.jpg","landname":"149"},{"id":281475001614636,"level":2,"status":0,"posx":33,"posy":30,"cityid":380,"townid":836,"tokenid":"17eac0eb11a99d9e4a472c33287bfe0b","tokenurl":"/mcm/api/land?token=17eac0eb11a99d9e4a472c33287bfe0b","imageurl":"/mcm/images/land/2A/12421_2903ffe74cc4.jpg","landname":"150"}]]],0,0,[],[],[]]
