[1,0,0,[["cc.JsonAsset",["_name","json"],1]],[[0,0,1,3]],[[0,"156",[{"id":281474980642967,"level":3,"status":1,"posx":7,"posy":5,"cityid":60,"townid":156,"tokenid":"4f5811a7518420065f1567bf82bf35a0","tokenurl":"/mcm/api/land?token=4f5811a7518420065f1567bf82bf35a0","imageurl":"/mcm/images/land/2B/6227_14431319817a.jpg","landname":"1"},{"id":281474980642968,"level":3,"status":1,"posx":8,"posy":5,"cityid":60,"townid":156,"tokenid":"7603759abd93b735944eb73440f0ffaa","tokenurl":"/mcm/api/land?token=7603759abd93b735944eb73440f0ffaa","imageurl":"/mcm/images/land/2B/6228_34853e12536c.jpg","landname":"2"},{"id":281474980642969,"level":2,"status":0,"posx":16,"posy":5,"cityid":60,"townid":156,"tokenid":"17d9a9ad45316416e591facb3f9db504","tokenurl":"/mcm/api/land?token=17d9a9ad45316416e591facb3f9db504","imageurl":"/mcm/images/land/2A/3737_16e1004ea15e.jpg","landname":"3"},{"id":281474980642970,"level":3,"status":0,"posx":17,"posy":5,"cityid":60,"townid":156,"tokenid":"d9cc0800ace9f8a741f834519309bee7","tokenurl":"/mcm/api/land?token=d9cc0800ace9f8a741f834519309bee7","imageurl":"/mcm/images/land/2B/6229_46469e329abb.jpg","landname":"4"},{"id":281474980642971,"level":3,"status":0,"posx":20,"posy":5,"cityid":60,"townid":156,"tokenid":"eb43be40e1b07c935505952a148940a8","tokenurl":"/mcm/api/land?token=eb43be40e1b07c935505952a148940a8","imageurl":"/mcm/images/land/2B/6230_d79f1aaebe8.jpg","landname":"5"},{"id":281474980642972,"level":2,"status":1,"posx":21,"posy":5,"cityid":60,"townid":156,"tokenid":"3ed063e13e1726dee780e0bd26910f72","tokenurl":"/mcm/api/land?token=3ed063e13e1726dee780e0bd26910f72","imageurl":"/mcm/images/land/2A/3738_63fd3cd9843.jpg","landname":"6"},{"id":281474980642973,"level":1,"status":1,"posx":7,"posy":6,"cityid":60,"townid":156,"tokenid":"65d55eb310e6f9ce4590d41d40e6e741","tokenurl":"/mcm/api/land?token=65d55eb310e6f9ce4590d41d40e6e741","imageurl":"/mcm/images/land/2S/2492_11b7199e7a13.jpg","landname":"7"},{"id":281474980642974,"level":2,"status":1,"posx":8,"posy":6,"cityid":60,"townid":156,"tokenid":"816c5e3f82b6f92e25c05f36776ded06","tokenurl":"/mcm/api/land?token=816c5e3f82b6f92e25c05f36776ded06","imageurl":"/mcm/images/land/2A/3739_2060c5a84582.jpg","landname":"8"},{"id":281474980642975,"level":3,"status":0,"posx":16,"posy":6,"cityid":60,"townid":156,"tokenid":"45874a376f92f75f6b197d6fee6c2375","tokenurl":"/mcm/api/land?token=45874a376f92f75f6b197d6fee6c2375","imageurl":"/mcm/images/land/2B/6231_4bbaab87bbd4.jpg","landname":"9"},{"id":281474980642976,"level":3,"status":1,"posx":17,"posy":6,"cityid":60,"townid":156,"tokenid":"a8e15df56fb098b94633f0089176c395","tokenurl":"/mcm/api/land?token=a8e15df56fb098b94633f0089176c395","imageurl":"/mcm/images/land/2B/6232_3309211dd173.jpg","landname":"10"},{"id":281474980642977,"level":3,"status":0,"posx":20,"posy":6,"cityid":60,"townid":156,"tokenid":"b3985ff0e8a48ae4f49ee184f460299a","tokenurl":"/mcm/api/land?token=b3985ff0e8a48ae4f49ee184f460299a","imageurl":"/mcm/images/land/2B/6233_19623ab4fc43.jpg","landname":"11"},{"id":281474980642978,"level":2,"status":0,"posx":21,"posy":6,"cityid":60,"townid":156,"tokenid":"86ee5ce12e0044af299ff744103ccae8","tokenurl":"/mcm/api/land?token=86ee5ce12e0044af299ff744103ccae8","imageurl":"/mcm/images/land/2A/3740_1e10fe506a56.jpg","landname":"12"},{"id":281474980642979,"level":3,"status":1,"posx":7,"posy":7,"cityid":60,"townid":156,"tokenid":"41b14ff891ba35146c375bc14127dddc","tokenurl":"/mcm/api/land?token=41b14ff891ba35146c375bc14127dddc","imageurl":"/mcm/images/land/2B/6234_993cb4e72ef.jpg","landname":"13"},{"id":281474980642980,"level":3,"status":1,"posx":8,"posy":7,"cityid":60,"townid":156,"tokenid":"234b66a02fb0e05d6d501861b807d6b5","tokenurl":"/mcm/api/land?token=234b66a02fb0e05d6d501861b807d6b5","imageurl":"/mcm/images/land/2B/6235_462ebd73d9ad.jpg","landname":"14"},{"id":281474980642981,"level":3,"status":1,"posx":16,"posy":7,"cityid":60,"townid":156,"tokenid":"edaa1326c51aa7861ae08724ea36f3ea","tokenurl":"/mcm/api/land?token=edaa1326c51aa7861ae08724ea36f3ea","imageurl":"/mcm/images/land/2B/6236_1ec4559228a4.jpg","landname":"15"},{"id":281474980642982,"level":2,"status":1,"posx":17,"posy":7,"cityid":60,"townid":156,"tokenid":"f1cdeff3be63aa4431bae992ee2c7a16","tokenurl":"/mcm/api/land?token=f1cdeff3be63aa4431bae992ee2c7a16","imageurl":"/mcm/images/land/2A/3741_57bccb490a35.jpg","landname":"16"},{"id":281474980642983,"level":3,"status":0,"posx":20,"posy":7,"cityid":60,"townid":156,"tokenid":"e5b9745cd25e7c8a28b089c1a47fd500","tokenurl":"/mcm/api/land?token=e5b9745cd25e7c8a28b089c1a47fd500","imageurl":"/mcm/images/land/2B/6237_27fcd24dec32.jpg","landname":"17"},{"id":281474980642984,"level":1,"status":0,"posx":21,"posy":7,"cityid":60,"townid":156,"tokenid":"99d74a40102db0ba5cb5565bbaa59e72","tokenurl":"/mcm/api/land?token=99d74a40102db0ba5cb5565bbaa59e72","imageurl":"/mcm/images/land/2S/2493_264549ad55c8.jpg","landname":"18"},{"id":281474980642985,"level":3,"status":1,"posx":7,"posy":8,"cityid":60,"townid":156,"tokenid":"f2bf8b639e553fece4cf5d6f0051fdd0","tokenurl":"/mcm/api/land?token=f2bf8b639e553fece4cf5d6f0051fdd0","imageurl":"/mcm/images/land/2B/6238_4f8e7bf1fae.jpg","landname":"19"},{"id":281474980642986,"level":3,"status":1,"posx":8,"posy":8,"cityid":60,"townid":156,"tokenid":"22a7210f43fb07105cc75272df9c6716","tokenurl":"/mcm/api/land?token=22a7210f43fb07105cc75272df9c6716","imageurl":"/mcm/images/land/2B/6239_5079eef45428.jpg","landname":"20"},{"id":281474980642987,"level":3,"status":1,"posx":16,"posy":8,"cityid":60,"townid":156,"tokenid":"a7f4f46a23d4c29f2486bdd14f621431","tokenurl":"/mcm/api/land?token=a7f4f46a23d4c29f2486bdd14f621431","imageurl":"/mcm/images/land/2B/6240_3deadbb097ce.jpg","landname":"21"},{"id":281474980642988,"level":3,"status":0,"posx":17,"posy":8,"cityid":60,"townid":156,"tokenid":"12dfa410ba889570c2eb81d394916516","tokenurl":"/mcm/api/land?token=12dfa410ba889570c2eb81d394916516","imageurl":"/mcm/images/land/2B/6241_586676927522.jpg","landname":"22"},{"id":281474980642989,"level":1,"status":1,"posx":20,"posy":8,"cityid":60,"townid":156,"tokenid":"05b8c024bf7cbcc9d1075186d10fecb4","tokenurl":"/mcm/api/land?token=05b8c024bf7cbcc9d1075186d10fecb4","imageurl":"/mcm/images/land/2S/2494_3e25c52e91d3.jpg","landname":"23"},{"id":281474980642990,"level":3,"status":0,"posx":21,"posy":8,"cityid":60,"townid":156,"tokenid":"be38473923fd4598d559363e3085784c","tokenurl":"/mcm/api/land?token=be38473923fd4598d559363e3085784c","imageurl":"/mcm/images/land/2B/6242_19eb3cff9c8.jpg","landname":"24"},{"id":281474980642991,"level":3,"status":0,"posx":28,"posy":8,"cityid":60,"townid":156,"tokenid":"b26062c1c85e4cc0ab1e4e7913707d4f","tokenurl":"/mcm/api/land?token=b26062c1c85e4cc0ab1e4e7913707d4f","imageurl":"/mcm/images/land/2B/6243_4c68b3f8a396.jpg","landname":"25"},{"id":281474980642992,"level":3,"status":1,"posx":29,"posy":8,"cityid":60,"townid":156,"tokenid":"8e9b9af6eca8166f7238d85adb36262a","tokenurl":"/mcm/api/land?token=8e9b9af6eca8166f7238d85adb36262a","imageurl":"/mcm/images/land/2B/6244_36ebda9e9d0e.jpg","landname":"26"},{"id":281474980642993,"level":1,"status":1,"posx":32,"posy":8,"cityid":60,"townid":156,"tokenid":"514c4ce8510d562f0b7f388cb98113f3","tokenurl":"/mcm/api/land?token=514c4ce8510d562f0b7f388cb98113f3","imageurl":"/mcm/images/land/2S/2495_4391c74585de.jpg","landname":"27"},{"id":281474980642994,"level":2,"status":0,"posx":33,"posy":8,"cityid":60,"townid":156,"tokenid":"4df6e5b567ba6e7ca566e1d2b4a0113e","tokenurl":"/mcm/api/land?token=4df6e5b567ba6e7ca566e1d2b4a0113e","imageurl":"/mcm/images/land/2A/3742_21253e7e6285.jpg","landname":"28"},{"id":281474980642995,"level":3,"status":0,"posx":7,"posy":9,"cityid":60,"townid":156,"tokenid":"98edc8287422c064c38b27954a5f1779","tokenurl":"/mcm/api/land?token=98edc8287422c064c38b27954a5f1779","imageurl":"/mcm/images/land/2B/6245_fe070b53ae1.jpg","landname":"29"},{"id":281474980642996,"level":3,"status":0,"posx":8,"posy":9,"cityid":60,"townid":156,"tokenid":"7094af258360eb71bc177df7c5e330b3","tokenurl":"/mcm/api/land?token=7094af258360eb71bc177df7c5e330b3","imageurl":"/mcm/images/land/2B/6246_fefe139a94d.jpg","landname":"30"},{"id":281474980642997,"level":3,"status":0,"posx":16,"posy":9,"cityid":60,"townid":156,"tokenid":"4b8fa41e4492f68b9643e963c67d4526","tokenurl":"/mcm/api/land?token=4b8fa41e4492f68b9643e963c67d4526","imageurl":"/mcm/images/land/2B/6247_202fba4bf33f.jpg","landname":"31"},{"id":281474980642998,"level":1,"status":1,"posx":17,"posy":9,"cityid":60,"townid":156,"tokenid":"52bf7d0382dde22ee925dbcdc681d048","tokenurl":"/mcm/api/land?token=52bf7d0382dde22ee925dbcdc681d048","imageurl":"/mcm/images/land/2S/2496_386fbfed0a9b.jpg","landname":"32"},{"id":281474980642999,"level":2,"status":1,"posx":20,"posy":9,"cityid":60,"townid":156,"tokenid":"e3f57794513d145c0f2e42826e03a875","tokenurl":"/mcm/api/land?token=e3f57794513d145c0f2e42826e03a875","imageurl":"/mcm/images/land/2A/3743_49a49850e57b.jpg","landname":"33"},{"id":281474980643000,"level":1,"status":0,"posx":21,"posy":9,"cityid":60,"townid":156,"tokenid":"492dd26e88b1e9253a45183a1769bf99","tokenurl":"/mcm/api/land?token=492dd26e88b1e9253a45183a1769bf99","imageurl":"/mcm/images/land/2S/2497_4d33c0e3b544.jpg","landname":"34"},{"id":281474980643001,"level":3,"status":1,"posx":28,"posy":9,"cityid":60,"townid":156,"tokenid":"daf604cefe28c650606b2d51c066e3f8","tokenurl":"/mcm/api/land?token=daf604cefe28c650606b2d51c066e3f8","imageurl":"/mcm/images/land/2B/6248_3411ffcd45de.jpg","landname":"35"},{"id":281474980643002,"level":2,"status":0,"posx":29,"posy":9,"cityid":60,"townid":156,"tokenid":"9c1b7f110993e9073aafa6c9a19b889a","tokenurl":"/mcm/api/land?token=9c1b7f110993e9073aafa6c9a19b889a","imageurl":"/mcm/images/land/2A/3744_330ad1bd699c.jpg","landname":"36"},{"id":281474980643003,"level":3,"status":0,"posx":32,"posy":9,"cityid":60,"townid":156,"tokenid":"a499f5224a26813144e3c0fde52bc565","tokenurl":"/mcm/api/land?token=a499f5224a26813144e3c0fde52bc565","imageurl":"/mcm/images/land/2B/6249_59655171da8.jpg","landname":"37"},{"id":281474980643004,"level":1,"status":1,"posx":33,"posy":9,"cityid":60,"townid":156,"tokenid":"d1327fa99f25a8c0dbf6e105a749f67f","tokenurl":"/mcm/api/land?token=d1327fa99f25a8c0dbf6e105a749f67f","imageurl":"/mcm/images/land/2S/2498_1433d8cc84f9.jpg","landname":"38"},{"id":281474980643005,"level":3,"status":0,"posx":28,"posy":10,"cityid":60,"townid":156,"tokenid":"1caf8389304061e65d74e5c58dc34ee9","tokenurl":"/mcm/api/land?token=1caf8389304061e65d74e5c58dc34ee9","imageurl":"/mcm/images/land/2B/6250_17c3bba509ba.jpg","landname":"39"},{"id":281474980643006,"level":2,"status":0,"posx":29,"posy":10,"cityid":60,"townid":156,"tokenid":"b0121795d8b33b3a8932e0e628b49afa","tokenurl":"/mcm/api/land?token=b0121795d8b33b3a8932e0e628b49afa","imageurl":"/mcm/images/land/2A/3745_4fe2bef5bd8b.jpg","landname":"40"},{"id":281474980643007,"level":3,"status":0,"posx":32,"posy":10,"cityid":60,"townid":156,"tokenid":"4c55bb450e06b7a594862dbbc2b241ca","tokenurl":"/mcm/api/land?token=4c55bb450e06b7a594862dbbc2b241ca","imageurl":"/mcm/images/land/2B/6251_1025a5eee024.jpg","landname":"41"},{"id":281474980643008,"level":2,"status":0,"posx":33,"posy":10,"cityid":60,"townid":156,"tokenid":"341fc5d32f55697fc25442ca91085ffe","tokenurl":"/mcm/api/land?token=341fc5d32f55697fc25442ca91085ffe","imageurl":"/mcm/images/land/2A/3746_49ec137d5769.jpg","landname":"42"},{"id":281474980643009,"level":2,"status":0,"posx":28,"posy":11,"cityid":60,"townid":156,"tokenid":"792f21136ee060546944e90b8ab01ba1","tokenurl":"/mcm/api/land?token=792f21136ee060546944e90b8ab01ba1","imageurl":"/mcm/images/land/2A/3747_25808c5e9666.jpg","landname":"43"},{"id":281474980643010,"level":2,"status":0,"posx":29,"posy":11,"cityid":60,"townid":156,"tokenid":"cbca7db35183b560bed3a72f0672bf05","tokenurl":"/mcm/api/land?token=cbca7db35183b560bed3a72f0672bf05","imageurl":"/mcm/images/land/2A/3748_53127209ff24.jpg","landname":"44"},{"id":281474980643011,"level":2,"status":1,"posx":32,"posy":11,"cityid":60,"townid":156,"tokenid":"e29c6eb8948eff08a22d527c0ee55c17","tokenurl":"/mcm/api/land?token=e29c6eb8948eff08a22d527c0ee55c17","imageurl":"/mcm/images/land/2A/3749_eb343f3370.jpg","landname":"45"},{"id":281474980643012,"level":1,"status":1,"posx":33,"posy":11,"cityid":60,"townid":156,"tokenid":"ff21ce81d5a3e307b58f24a074052348","tokenurl":"/mcm/api/land?token=ff21ce81d5a3e307b58f24a074052348","imageurl":"/mcm/images/land/2S/2499_3205b1ae39fb.jpg","landname":"46"},{"id":281474980643013,"level":3,"status":1,"posx":28,"posy":12,"cityid":60,"townid":156,"tokenid":"29b2d466857b2000b924c75bc6c42353","tokenurl":"/mcm/api/land?token=29b2d466857b2000b924c75bc6c42353","imageurl":"/mcm/images/land/2B/6252_39240ae65b85.jpg","landname":"47"},{"id":281474980643014,"level":1,"status":1,"posx":29,"posy":12,"cityid":60,"townid":156,"tokenid":"7216e1c1e8663a6f156941ff50d1b63c","tokenurl":"/mcm/api/land?token=7216e1c1e8663a6f156941ff50d1b63c","imageurl":"/mcm/images/land/2S/2500_123641076c1a.jpg","landname":"48"},{"id":281474980643015,"level":3,"status":1,"posx":32,"posy":12,"cityid":60,"townid":156,"tokenid":"2548182f0b534fb94f42486096e89203","tokenurl":"/mcm/api/land?token=2548182f0b534fb94f42486096e89203","imageurl":"/mcm/images/land/2B/6253_14916a035388.jpg","landname":"49"},{"id":281474980643016,"level":3,"status":0,"posx":33,"posy":12,"cityid":60,"townid":156,"tokenid":"482eca37637639b5e16b4ebe6c02ef33","tokenurl":"/mcm/api/land?token=482eca37637639b5e16b4ebe6c02ef33","imageurl":"/mcm/images/land/2B/6254_1d47ff150176.jpg","landname":"50"},{"id":281474980643017,"level":2,"status":0,"posx":23,"posy":14,"cityid":60,"townid":156,"tokenid":"8994a79e773e55c74b1f66c22e8d6637","tokenurl":"/mcm/api/land?token=8994a79e773e55c74b1f66c22e8d6637","imageurl":"/mcm/images/land/2A/3750_298eb288872f.jpg","landname":"51"},{"id":281474980643018,"level":2,"status":0,"posx":24,"posy":14,"cityid":60,"townid":156,"tokenid":"56874913f02a8a4ce59cde4a5c2f1d7c","tokenurl":"/mcm/api/land?token=56874913f02a8a4ce59cde4a5c2f1d7c","imageurl":"/mcm/images/land/2A/3751_5003e3bc4e7.jpg","landname":"52"},{"id":281474980643019,"level":2,"status":1,"posx":23,"posy":15,"cityid":60,"townid":156,"tokenid":"953f5dd0eddefefcf65095c81a0b33de","tokenurl":"/mcm/api/land?token=953f5dd0eddefefcf65095c81a0b33de","imageurl":"/mcm/images/land/2A/3752_49d12e9817cf.jpg","landname":"53"},{"id":281474980643020,"level":3,"status":1,"posx":24,"posy":15,"cityid":60,"townid":156,"tokenid":"17dea32769a0a2ed46ab47adc9a846a1","tokenurl":"/mcm/api/land?token=17dea32769a0a2ed46ab47adc9a846a1","imageurl":"/mcm/images/land/2B/6255_45fb2a2fa691.jpg","landname":"54"},{"id":281474980643021,"level":3,"status":0,"posx":33,"posy":15,"cityid":60,"townid":156,"tokenid":"99e8d5bb94992a9e8251b602f46b37f9","tokenurl":"/mcm/api/land?token=99e8d5bb94992a9e8251b602f46b37f9","imageurl":"/mcm/images/land/2B/6256_373fb37a2b42.jpg","landname":"55"},{"id":281474980643022,"level":1,"status":0,"posx":34,"posy":15,"cityid":60,"townid":156,"tokenid":"af44bda41c707ce62ffee765762ef4d3","tokenurl":"/mcm/api/land?token=af44bda41c707ce62ffee765762ef4d3","imageurl":"/mcm/images/land/2S/2501_386edc8b911a.jpg","landname":"56"},{"id":281474980643023,"level":2,"status":1,"posx":11,"posy":16,"cityid":60,"townid":156,"tokenid":"661ed11842256a9c18023ea13bae20e6","tokenurl":"/mcm/api/land?token=661ed11842256a9c18023ea13bae20e6","imageurl":"/mcm/images/land/2A/3753_12dc7dfa86af.jpg","landname":"57"},{"id":281474980643024,"level":1,"status":0,"posx":12,"posy":16,"cityid":60,"townid":156,"tokenid":"8a8f94e358ec1973a4a1a9ea64fa73fa","tokenurl":"/mcm/api/land?token=8a8f94e358ec1973a4a1a9ea64fa73fa","imageurl":"/mcm/images/land/2S/2502_31000ea1925.jpg","landname":"58"},{"id":281474980643025,"level":1,"status":0,"posx":23,"posy":16,"cityid":60,"townid":156,"tokenid":"8be3c835cbfafba26921c228576f747a","tokenurl":"/mcm/api/land?token=8be3c835cbfafba26921c228576f747a","imageurl":"/mcm/images/land/2S/2503_913898c1ff3.jpg","landname":"59"},{"id":281474980643026,"level":3,"status":0,"posx":24,"posy":16,"cityid":60,"townid":156,"tokenid":"33f3c992175b18019e7a440e82e08e0b","tokenurl":"/mcm/api/land?token=33f3c992175b18019e7a440e82e08e0b","imageurl":"/mcm/images/land/2B/6257_240cf911c905.jpg","landname":"60"},{"id":281474980643027,"level":2,"status":0,"posx":33,"posy":16,"cityid":60,"townid":156,"tokenid":"a7e911dd98874d7b04b98a08607781f0","tokenurl":"/mcm/api/land?token=a7e911dd98874d7b04b98a08607781f0","imageurl":"/mcm/images/land/2A/3754_311cce3733cd.jpg","landname":"61"},{"id":281474980643028,"level":3,"status":1,"posx":34,"posy":16,"cityid":60,"townid":156,"tokenid":"653044b82f4e5f73c51ed46cb286e710","tokenurl":"/mcm/api/land?token=653044b82f4e5f73c51ed46cb286e710","imageurl":"/mcm/images/land/2B/6258_4e774469ded.jpg","landname":"62"},{"id":281474980643029,"level":2,"status":1,"posx":11,"posy":17,"cityid":60,"townid":156,"tokenid":"0009bbe80020462c9c49fb55611a863b","tokenurl":"/mcm/api/land?token=0009bbe80020462c9c49fb55611a863b","imageurl":"/mcm/images/land/2A/3755_4c6d3a3f041b.jpg","landname":"63"},{"id":281474980643030,"level":3,"status":0,"posx":12,"posy":17,"cityid":60,"townid":156,"tokenid":"164e010f870e6df4e67d6a4590a8fd27","tokenurl":"/mcm/api/land?token=164e010f870e6df4e67d6a4590a8fd27","imageurl":"/mcm/images/land/2B/6259_ca915bd129b.jpg","landname":"64"},{"id":281474980643031,"level":1,"status":0,"posx":23,"posy":17,"cityid":60,"townid":156,"tokenid":"97055ef177745237a1d801c8c55e5e9f","tokenurl":"/mcm/api/land?token=97055ef177745237a1d801c8c55e5e9f","imageurl":"/mcm/images/land/2S/2504_1c239ca33f7e.jpg","landname":"65"},{"id":281474980643032,"level":3,"status":1,"posx":24,"posy":17,"cityid":60,"townid":156,"tokenid":"593a8f1939a3a1ffdc34eecd2d3a8588","tokenurl":"/mcm/api/land?token=593a8f1939a3a1ffdc34eecd2d3a8588","imageurl":"/mcm/images/land/2B/6260_3d8f068667d0.jpg","landname":"66"},{"id":281474980643033,"level":3,"status":1,"posx":33,"posy":17,"cityid":60,"townid":156,"tokenid":"d07b3e9bc03407c6777fddcc9a213bb2","tokenurl":"/mcm/api/land?token=d07b3e9bc03407c6777fddcc9a213bb2","imageurl":"/mcm/images/land/2B/6261_881db4605d4.jpg","landname":"67"},{"id":281474980643034,"level":2,"status":1,"posx":34,"posy":17,"cityid":60,"townid":156,"tokenid":"7cbd49902adf19c9b2414642e174323b","tokenurl":"/mcm/api/land?token=7cbd49902adf19c9b2414642e174323b","imageurl":"/mcm/images/land/2A/3756_36728bacb38b.jpg","landname":"68"},{"id":281474980643035,"level":3,"status":1,"posx":7,"posy":18,"cityid":60,"townid":156,"tokenid":"fed5a4170b10683ae4baece58cf0ae7a","tokenurl":"/mcm/api/land?token=fed5a4170b10683ae4baece58cf0ae7a","imageurl":"/mcm/images/land/2B/6262_3454bc74de8e.jpg","landname":"69"},{"id":281474980643036,"level":1,"status":1,"posx":8,"posy":18,"cityid":60,"townid":156,"tokenid":"00aa72d5e7bf5ec21d4fec29a1ece540","tokenurl":"/mcm/api/land?token=00aa72d5e7bf5ec21d4fec29a1ece540","imageurl":"/mcm/images/land/2S/2505_49de0c2c803f.jpg","landname":"70"},{"id":281474980643037,"level":1,"status":0,"posx":11,"posy":18,"cityid":60,"townid":156,"tokenid":"d53fd3a3885ad95adb423302c7722520","tokenurl":"/mcm/api/land?token=d53fd3a3885ad95adb423302c7722520","imageurl":"/mcm/images/land/2S/2506_87cc1926ce.jpg","landname":"71"},{"id":281474980643038,"level":2,"status":1,"posx":12,"posy":18,"cityid":60,"townid":156,"tokenid":"89838f7929a8d5d2bf4483107f7a6e02","tokenurl":"/mcm/api/land?token=89838f7929a8d5d2bf4483107f7a6e02","imageurl":"/mcm/images/land/2A/3757_d89351be353.jpg","landname":"72"},{"id":281474980643039,"level":2,"status":1,"posx":23,"posy":18,"cityid":60,"townid":156,"tokenid":"32e5e26e8589a31cab63859aca141a72","tokenurl":"/mcm/api/land?token=32e5e26e8589a31cab63859aca141a72","imageurl":"/mcm/images/land/2A/3758_4af2e380f68d.jpg","landname":"73"},{"id":281474980643040,"level":1,"status":0,"posx":24,"posy":18,"cityid":60,"townid":156,"tokenid":"0476ae53e66c8ca226458498bfc2c34d","tokenurl":"/mcm/api/land?token=0476ae53e66c8ca226458498bfc2c34d","imageurl":"/mcm/images/land/2S/2507_abbc0f50fd1.jpg","landname":"74"},{"id":281474980643041,"level":1,"status":0,"posx":33,"posy":18,"cityid":60,"townid":156,"tokenid":"a73789dbdee553263dea73ac40d98fab","tokenurl":"/mcm/api/land?token=a73789dbdee553263dea73ac40d98fab","imageurl":"/mcm/images/land/2S/2508_2b166cf5993e.jpg","landname":"75"},{"id":281474980643042,"level":2,"status":1,"posx":34,"posy":18,"cityid":60,"townid":156,"tokenid":"3d0ef42b37cd4f63ca21f20cc99b8f02","tokenurl":"/mcm/api/land?token=3d0ef42b37cd4f63ca21f20cc99b8f02","imageurl":"/mcm/images/land/2A/3759_2e7bd18ddc40.jpg","landname":"76"},{"id":281474980643043,"level":2,"status":0,"posx":7,"posy":19,"cityid":60,"townid":156,"tokenid":"68f6a95bdc35ce75c26b550ff5c097ae","tokenurl":"/mcm/api/land?token=68f6a95bdc35ce75c26b550ff5c097ae","imageurl":"/mcm/images/land/2A/3760_17118c5466c7.jpg","landname":"77"},{"id":281474980643044,"level":3,"status":0,"posx":8,"posy":19,"cityid":60,"townid":156,"tokenid":"f113360ad861336bdbfd007e4e0af581","tokenurl":"/mcm/api/land?token=f113360ad861336bdbfd007e4e0af581","imageurl":"/mcm/images/land/2B/6263_242e067cac09.jpg","landname":"78"},{"id":281474980643045,"level":3,"status":1,"posx":11,"posy":19,"cityid":60,"townid":156,"tokenid":"6171b40f77ed8166aace055593c42f58","tokenurl":"/mcm/api/land?token=6171b40f77ed8166aace055593c42f58","imageurl":"/mcm/images/land/2B/6264_42f35d942ffb.jpg","landname":"79"},{"id":281474980643046,"level":3,"status":1,"posx":12,"posy":19,"cityid":60,"townid":156,"tokenid":"621f6c17a57505e7391d5a556446e11f","tokenurl":"/mcm/api/land?token=621f6c17a57505e7391d5a556446e11f","imageurl":"/mcm/images/land/2B/6265_255c69b45b38.jpg","landname":"80"},{"id":281474980643047,"level":2,"status":1,"posx":33,"posy":19,"cityid":60,"townid":156,"tokenid":"41c97cdf3a1d66934a808e11545ce85e","tokenurl":"/mcm/api/land?token=41c97cdf3a1d66934a808e11545ce85e","imageurl":"/mcm/images/land/2A/3761_2dbbd3d699fd.jpg","landname":"81"},{"id":281474980643048,"level":2,"status":1,"posx":34,"posy":19,"cityid":60,"townid":156,"tokenid":"ef91db67ff0656d277cca86f00ec446d","tokenurl":"/mcm/api/land?token=ef91db67ff0656d277cca86f00ec446d","imageurl":"/mcm/images/land/2A/3762_3f3da0c0fb9c.jpg","landname":"82"},{"id":281474980643049,"level":3,"status":0,"posx":7,"posy":20,"cityid":60,"townid":156,"tokenid":"a70db1144fc62c53d1c253a09cf4a4ed","tokenurl":"/mcm/api/land?token=a70db1144fc62c53d1c253a09cf4a4ed","imageurl":"/mcm/images/land/2B/6266_1d06cb32a03f.jpg","landname":"83"},{"id":281474980643050,"level":3,"status":1,"posx":8,"posy":20,"cityid":60,"townid":156,"tokenid":"8a3ccded6a721a3734452990999c6198","tokenurl":"/mcm/api/land?token=8a3ccded6a721a3734452990999c6198","imageurl":"/mcm/images/land/2B/6267_31a4b00f7c75.jpg","landname":"84"},{"id":281474980643051,"level":1,"status":0,"posx":11,"posy":20,"cityid":60,"townid":156,"tokenid":"5294f93a8f7fc0dd58185a0ad0bf376a","tokenurl":"/mcm/api/land?token=5294f93a8f7fc0dd58185a0ad0bf376a","imageurl":"/mcm/images/land/2S/2509_452bee5dd1d6.jpg","landname":"85"},{"id":281474980643052,"level":2,"status":1,"posx":12,"posy":20,"cityid":60,"townid":156,"tokenid":"085859b4a1895f9d9a3cc8ef994b65ab","tokenurl":"/mcm/api/land?token=085859b4a1895f9d9a3cc8ef994b65ab","imageurl":"/mcm/images/land/2A/3763_2d4c284ce1a4.jpg","landname":"86"},{"id":281474980643053,"level":3,"status":1,"posx":7,"posy":21,"cityid":60,"townid":156,"tokenid":"ad18400796c2f12519375edd6cac4662","tokenurl":"/mcm/api/land?token=ad18400796c2f12519375edd6cac4662","imageurl":"/mcm/images/land/2B/6268_667e48619a0.jpg","landname":"87"},{"id":281474980643054,"level":1,"status":0,"posx":8,"posy":21,"cityid":60,"townid":156,"tokenid":"0cbccb79c0eca2da88758013b21fdeea","tokenurl":"/mcm/api/land?token=0cbccb79c0eca2da88758013b21fdeea","imageurl":"/mcm/images/land/2S/2510_7739e94936f.jpg","landname":"88"},{"id":281474980643055,"level":3,"status":0,"posx":26,"posy":21,"cityid":60,"townid":156,"tokenid":"dd34eaf1ff565415b16b672f5aa5abd8","tokenurl":"/mcm/api/land?token=dd34eaf1ff565415b16b672f5aa5abd8","imageurl":"/mcm/images/land/2B/6269_414f051aacfc.jpg","landname":"89"},{"id":281474980643056,"level":3,"status":1,"posx":27,"posy":21,"cityid":60,"townid":156,"tokenid":"689e4c5d206114ab04ea46b5463613fc","tokenurl":"/mcm/api/land?token=689e4c5d206114ab04ea46b5463613fc","imageurl":"/mcm/images/land/2B/6270_1fb3b2231df5.jpg","landname":"90"},{"id":281474980643057,"level":3,"status":0,"posx":7,"posy":22,"cityid":60,"townid":156,"tokenid":"4a3bed603ea6eeea59cd5c1c18a67147","tokenurl":"/mcm/api/land?token=4a3bed603ea6eeea59cd5c1c18a67147","imageurl":"/mcm/images/land/2B/6271_b9f078ebbc4.jpg","landname":"91"},{"id":281474980643058,"level":3,"status":1,"posx":8,"posy":22,"cityid":60,"townid":156,"tokenid":"31e296658f48b6d4cf8ab31cba8e0ec9","tokenurl":"/mcm/api/land?token=31e296658f48b6d4cf8ab31cba8e0ec9","imageurl":"/mcm/images/land/2B/6272_50fcec634cf7.jpg","landname":"92"},{"id":281474980643059,"level":3,"status":1,"posx":23,"posy":22,"cityid":60,"townid":156,"tokenid":"86527e2436dc06986bc82e35429a6817","tokenurl":"/mcm/api/land?token=86527e2436dc06986bc82e35429a6817","imageurl":"/mcm/images/land/2B/6273_217e2ede14bc.jpg","landname":"93"},{"id":281474980643060,"level":3,"status":0,"posx":24,"posy":22,"cityid":60,"townid":156,"tokenid":"9fe4190afec1c6ba18992ce8cc572af2","tokenurl":"/mcm/api/land?token=9fe4190afec1c6ba18992ce8cc572af2","imageurl":"/mcm/images/land/2B/6274_53bb4ace81b9.jpg","landname":"94"},{"id":281474980643061,"level":3,"status":1,"posx":26,"posy":22,"cityid":60,"townid":156,"tokenid":"4353554ad5920c80f021cc3e1f33afc8","tokenurl":"/mcm/api/land?token=4353554ad5920c80f021cc3e1f33afc8","imageurl":"/mcm/images/land/2B/6275_977d4466cba.jpg","landname":"95"},{"id":281474980643062,"level":3,"status":0,"posx":27,"posy":22,"cityid":60,"townid":156,"tokenid":"3ec57ac470c8892b97789100158ac57c","tokenurl":"/mcm/api/land?token=3ec57ac470c8892b97789100158ac57c","imageurl":"/mcm/images/land/2B/6276_3edc4ea532e9.jpg","landname":"96"},{"id":281474980643063,"level":3,"status":1,"posx":33,"posy":22,"cityid":60,"townid":156,"tokenid":"eecd4209ee8898d72f66ec841809092e","tokenurl":"/mcm/api/land?token=eecd4209ee8898d72f66ec841809092e","imageurl":"/mcm/images/land/2B/6277_1299c534c96e.jpg","landname":"97"},{"id":281474980643064,"level":3,"status":1,"posx":34,"posy":22,"cityid":60,"townid":156,"tokenid":"66dd0c1262f8f1f0b279eb072e98e567","tokenurl":"/mcm/api/land?token=66dd0c1262f8f1f0b279eb072e98e567","imageurl":"/mcm/images/land/2B/6278_149cf3f1bc84.jpg","landname":"98"},{"id":281474980643065,"level":3,"status":0,"posx":23,"posy":23,"cityid":60,"townid":156,"tokenid":"ac1014e68127be3cd6e8d6465b82fdc3","tokenurl":"/mcm/api/land?token=ac1014e68127be3cd6e8d6465b82fdc3","imageurl":"/mcm/images/land/2B/6279_a61de9a3fcd.jpg","landname":"99"},{"id":281474980643066,"level":3,"status":1,"posx":24,"posy":23,"cityid":60,"townid":156,"tokenid":"5c33ef9a97c0ad4207f4da375c224e1c","tokenurl":"/mcm/api/land?token=5c33ef9a97c0ad4207f4da375c224e1c","imageurl":"/mcm/images/land/2B/6280_c025c1f9a6b.jpg","landname":"100"},{"id":281474980643067,"level":1,"status":1,"posx":26,"posy":23,"cityid":60,"townid":156,"tokenid":"0bc51ce78f3455f5ca4aec6714eac48c","tokenurl":"/mcm/api/land?token=0bc51ce78f3455f5ca4aec6714eac48c","imageurl":"/mcm/images/land/2S/2511_a8db810ee98.jpg","landname":"101"},{"id":281474980643068,"level":2,"status":0,"posx":27,"posy":23,"cityid":60,"townid":156,"tokenid":"76d0ff072f1eb67033fc67e177841fa9","tokenurl":"/mcm/api/land?token=76d0ff072f1eb67033fc67e177841fa9","imageurl":"/mcm/images/land/2A/3764_330a628a5dfa.jpg","landname":"102"},{"id":281474980643069,"level":2,"status":1,"posx":33,"posy":23,"cityid":60,"townid":156,"tokenid":"696edf10bf030c2a66f9f20557b379c8","tokenurl":"/mcm/api/land?token=696edf10bf030c2a66f9f20557b379c8","imageurl":"/mcm/images/land/2A/3765_1995fce7f6cd.jpg","landname":"103"},{"id":281474980643070,"level":1,"status":1,"posx":34,"posy":23,"cityid":60,"townid":156,"tokenid":"e31d72700e5bba9c999ff0fd3a292e1e","tokenurl":"/mcm/api/land?token=e31d72700e5bba9c999ff0fd3a292e1e","imageurl":"/mcm/images/land/2S/2512_ec466f2fbb0.jpg","landname":"104"},{"id":281474980643071,"level":3,"status":1,"posx":23,"posy":24,"cityid":60,"townid":156,"tokenid":"289950d77a72dd74b45efc3c82ca6fb7","tokenurl":"/mcm/api/land?token=289950d77a72dd74b45efc3c82ca6fb7","imageurl":"/mcm/images/land/2B/6281_ad28bbdb2f3.jpg","landname":"105"},{"id":281474980643072,"level":3,"status":1,"posx":24,"posy":24,"cityid":60,"townid":156,"tokenid":"e494d756fab0be1f28c12786ab4aca5d","tokenurl":"/mcm/api/land?token=e494d756fab0be1f28c12786ab4aca5d","imageurl":"/mcm/images/land/2B/6282_490c4da2cd67.jpg","landname":"106"},{"id":281474980643073,"level":2,"status":1,"posx":26,"posy":24,"cityid":60,"townid":156,"tokenid":"26cf41057d9e18112789deee12b33f84","tokenurl":"/mcm/api/land?token=26cf41057d9e18112789deee12b33f84","imageurl":"/mcm/images/land/2A/3766_2d31e152656c.jpg","landname":"107"},{"id":281474980643074,"level":1,"status":1,"posx":27,"posy":24,"cityid":60,"townid":156,"tokenid":"80ec18130875d1f7ce4b12bdcbf577c1","tokenurl":"/mcm/api/land?token=80ec18130875d1f7ce4b12bdcbf577c1","imageurl":"/mcm/images/land/2S/2513_4ed304c1c3ab.jpg","landname":"108"},{"id":281474980643075,"level":2,"status":0,"posx":33,"posy":24,"cityid":60,"townid":156,"tokenid":"ac39159ec34251e1709bea7672a89a11","tokenurl":"/mcm/api/land?token=ac39159ec34251e1709bea7672a89a11","imageurl":"/mcm/images/land/2A/3767_257238646106.jpg","landname":"109"},{"id":281474980643076,"level":2,"status":1,"posx":34,"posy":24,"cityid":60,"townid":156,"tokenid":"4d991a5abb3fd1c3f608c5774127e1cc","tokenurl":"/mcm/api/land?token=4d991a5abb3fd1c3f608c5774127e1cc","imageurl":"/mcm/images/land/2A/3768_1d531dad8813.jpg","landname":"110"},{"id":281474980643077,"level":3,"status":0,"posx":23,"posy":25,"cityid":60,"townid":156,"tokenid":"9879ff6db6b7bdcac9c4fe690dd0cda5","tokenurl":"/mcm/api/land?token=9879ff6db6b7bdcac9c4fe690dd0cda5","imageurl":"/mcm/images/land/2B/6283_54d1f0d304ca.jpg","landname":"111"},{"id":281474980643078,"level":3,"status":0,"posx":24,"posy":25,"cityid":60,"townid":156,"tokenid":"0058e544fed540340054557f73c049bf","tokenurl":"/mcm/api/land?token=0058e544fed540340054557f73c049bf","imageurl":"/mcm/images/land/2B/6284_64916ec1e19.jpg","landname":"112"},{"id":281474980643079,"level":3,"status":0,"posx":26,"posy":25,"cityid":60,"townid":156,"tokenid":"42a45b18400c0bf7ab77417d94263e38","tokenurl":"/mcm/api/land?token=42a45b18400c0bf7ab77417d94263e38","imageurl":"/mcm/images/land/2B/6285_4387edba9049.jpg","landname":"113"},{"id":281474980643080,"level":1,"status":1,"posx":27,"posy":25,"cityid":60,"townid":156,"tokenid":"624236e50a92b959592ff11c493eb2c5","tokenurl":"/mcm/api/land?token=624236e50a92b959592ff11c493eb2c5","imageurl":"/mcm/images/land/2S/2514_38fdf65403c2.jpg","landname":"114"},{"id":281474980643081,"level":1,"status":0,"posx":33,"posy":25,"cityid":60,"townid":156,"tokenid":"f5ac45c3565803515a02ea182ab26290","tokenurl":"/mcm/api/land?token=f5ac45c3565803515a02ea182ab26290","imageurl":"/mcm/images/land/2S/2515_1039e272ed7c.jpg","landname":"115"},{"id":281474980643082,"level":1,"status":0,"posx":34,"posy":25,"cityid":60,"townid":156,"tokenid":"40fc67a49e5d380cfbb38c80ea445ff2","tokenurl":"/mcm/api/land?token=40fc67a49e5d380cfbb38c80ea445ff2","imageurl":"/mcm/images/land/2S/2516_5aba8a1f0dfd.jpg","landname":"116"},{"id":281474980643083,"level":1,"status":1,"posx":23,"posy":26,"cityid":60,"townid":156,"tokenid":"6ba5b3cf8c20af7cb0a7238be36114c1","tokenurl":"/mcm/api/land?token=6ba5b3cf8c20af7cb0a7238be36114c1","imageurl":"/mcm/images/land/2S/2517_3e77fbfed915.jpg","landname":"117"},{"id":281474980643084,"level":3,"status":0,"posx":24,"posy":26,"cityid":60,"townid":156,"tokenid":"7d53551489c1b11e194636a072571db8","tokenurl":"/mcm/api/land?token=7d53551489c1b11e194636a072571db8","imageurl":"/mcm/images/land/2B/6286_241c40b1c975.jpg","landname":"118"},{"id":281474980643085,"level":2,"status":1,"posx":33,"posy":26,"cityid":60,"townid":156,"tokenid":"c06d5294edc1cccdbb234480ceea6f52","tokenurl":"/mcm/api/land?token=c06d5294edc1cccdbb234480ceea6f52","imageurl":"/mcm/images/land/2A/3769_e510739591.jpg","landname":"119"},{"id":281474980643086,"level":3,"status":1,"posx":34,"posy":26,"cityid":60,"townid":156,"tokenid":"a4c3e7ab68408ebf9845be6aa840cd17","tokenurl":"/mcm/api/land?token=a4c3e7ab68408ebf9845be6aa840cd17","imageurl":"/mcm/images/land/2B/6287_182ac1e0c82b.jpg","landname":"120"},{"id":281474980643087,"level":1,"status":1,"posx":31,"posy":27,"cityid":60,"townid":156,"tokenid":"a03d1f2f123c21bb6875aa69cad952a2","tokenurl":"/mcm/api/land?token=a03d1f2f123c21bb6875aa69cad952a2","imageurl":"/mcm/images/land/2S/2518_186002f911a7.jpg","landname":"121"},{"id":281474980643088,"level":1,"status":1,"posx":32,"posy":27,"cityid":60,"townid":156,"tokenid":"822e1449f44c5de8983bbaa6512e4d10","tokenurl":"/mcm/api/land?token=822e1449f44c5de8983bbaa6512e4d10","imageurl":"/mcm/images/land/2S/2519_2bc837967c71.jpg","landname":"122"},{"id":281474980643089,"level":3,"status":0,"posx":6,"posy":28,"cityid":60,"townid":156,"tokenid":"d1316bec9b994dc135909990106b168e","tokenurl":"/mcm/api/land?token=d1316bec9b994dc135909990106b168e","imageurl":"/mcm/images/land/2B/6288_f6fed0a6ff2.jpg","landname":"123"},{"id":281474980643090,"level":3,"status":0,"posx":7,"posy":28,"cityid":60,"townid":156,"tokenid":"fdfddb76483aa127b6e0036ef8445f9a","tokenurl":"/mcm/api/land?token=fdfddb76483aa127b6e0036ef8445f9a","imageurl":"/mcm/images/land/2B/6289_b0c6abb936e.jpg","landname":"124"},{"id":281474980643091,"level":2,"status":0,"posx":9,"posy":28,"cityid":60,"townid":156,"tokenid":"c7cb8b2d0afb33a95fff368cfa26f1ec","tokenurl":"/mcm/api/land?token=c7cb8b2d0afb33a95fff368cfa26f1ec","imageurl":"/mcm/images/land/2A/3770_636452e9900.jpg","landname":"125"},{"id":281474980643092,"level":3,"status":1,"posx":10,"posy":28,"cityid":60,"townid":156,"tokenid":"34416ea731b4c00adef8252608e2e76b","tokenurl":"/mcm/api/land?token=34416ea731b4c00adef8252608e2e76b","imageurl":"/mcm/images/land/2B/6290_1a14eae5eb7f.jpg","landname":"126"},{"id":281474980643093,"level":2,"status":0,"posx":31,"posy":28,"cityid":60,"townid":156,"tokenid":"7a0561a75b1232ec33f988f87c603096","tokenurl":"/mcm/api/land?token=7a0561a75b1232ec33f988f87c603096","imageurl":"/mcm/images/land/2A/3771_1fabcb60cc2.jpg","landname":"127"},{"id":281474980643094,"level":2,"status":0,"posx":32,"posy":28,"cityid":60,"townid":156,"tokenid":"29d4b9702622ff2310cdf1795b963149","tokenurl":"/mcm/api/land?token=29d4b9702622ff2310cdf1795b963149","imageurl":"/mcm/images/land/2A/3772_1b7bc8a42f50.jpg","landname":"128"},{"id":281474980643095,"level":1,"status":0,"posx":6,"posy":29,"cityid":60,"townid":156,"tokenid":"d8264824dbf6dffae1131dc3c405b640","tokenurl":"/mcm/api/land?token=d8264824dbf6dffae1131dc3c405b640","imageurl":"/mcm/images/land/2S/2520_2057802a507.jpg","landname":"129"},{"id":281474980643096,"level":2,"status":1,"posx":7,"posy":29,"cityid":60,"townid":156,"tokenid":"fdc69cf355b0a55bcd30655ee37545fb","tokenurl":"/mcm/api/land?token=fdc69cf355b0a55bcd30655ee37545fb","imageurl":"/mcm/images/land/2A/3773_87ef9531822.jpg","landname":"130"},{"id":281474980643097,"level":3,"status":1,"posx":9,"posy":29,"cityid":60,"townid":156,"tokenid":"9d2d7865667845e2e16032cf2e29ebda","tokenurl":"/mcm/api/land?token=9d2d7865667845e2e16032cf2e29ebda","imageurl":"/mcm/images/land/2B/6291_34ba78ab6fae.jpg","landname":"131"},{"id":281474980643098,"level":3,"status":0,"posx":10,"posy":29,"cityid":60,"townid":156,"tokenid":"3b6ade88d83f0a8ee400b145427c00a7","tokenurl":"/mcm/api/land?token=3b6ade88d83f0a8ee400b145427c00a7","imageurl":"/mcm/images/land/2B/6292_482f51dc40ac.jpg","landname":"132"},{"id":281474980643099,"level":2,"status":0,"posx":31,"posy":29,"cityid":60,"townid":156,"tokenid":"b3997343a2bbe1ae21af2fa8e8707cc4","tokenurl":"/mcm/api/land?token=b3997343a2bbe1ae21af2fa8e8707cc4","imageurl":"/mcm/images/land/2A/3774_27aa362fea0f.jpg","landname":"133"},{"id":281474980643100,"level":2,"status":1,"posx":32,"posy":29,"cityid":60,"townid":156,"tokenid":"e8327c70f096710455f9ab73d465c12c","tokenurl":"/mcm/api/land?token=e8327c70f096710455f9ab73d465c12c","imageurl":"/mcm/images/land/2A/3775_cc1d20458d0.jpg","landname":"134"},{"id":281474980643101,"level":3,"status":0,"posx":6,"posy":30,"cityid":60,"townid":156,"tokenid":"f0bd7107aaebf11a106b5fdadfacd83e","tokenurl":"/mcm/api/land?token=f0bd7107aaebf11a106b5fdadfacd83e","imageurl":"/mcm/images/land/2B/6293_121ac3c38450.jpg","landname":"135"},{"id":281474980643102,"level":2,"status":0,"posx":7,"posy":30,"cityid":60,"townid":156,"tokenid":"6656de4eb0089ae04de4828b5fd6df60","tokenurl":"/mcm/api/land?token=6656de4eb0089ae04de4828b5fd6df60","imageurl":"/mcm/images/land/2A/3776_160519acf2a5.jpg","landname":"136"},{"id":281474980643103,"level":2,"status":1,"posx":9,"posy":30,"cityid":60,"townid":156,"tokenid":"658abcf6c6951c26a76a723f0da68f27","tokenurl":"/mcm/api/land?token=658abcf6c6951c26a76a723f0da68f27","imageurl":"/mcm/images/land/2A/3777_273c47e97bfe.jpg","landname":"137"},{"id":281474980643104,"level":2,"status":0,"posx":10,"posy":30,"cityid":60,"townid":156,"tokenid":"2c8cc95e036ab7c22a89ae94064cf796","tokenurl":"/mcm/api/land?token=2c8cc95e036ab7c22a89ae94064cf796","imageurl":"/mcm/images/land/2A/3778_1c21d4cc1502.jpg","landname":"138"},{"id":281474980643105,"level":2,"status":0,"posx":31,"posy":30,"cityid":60,"townid":156,"tokenid":"9c179d3be278c1bc5c9a2ebaab10df41","tokenurl":"/mcm/api/land?token=9c179d3be278c1bc5c9a2ebaab10df41","imageurl":"/mcm/images/land/2A/3779_15ccaf83fc4f.jpg","landname":"139"},{"id":281474980643106,"level":2,"status":0,"posx":32,"posy":30,"cityid":60,"townid":156,"tokenid":"4ad17d4b29d2bd8a606d2536fc429ed3","tokenurl":"/mcm/api/land?token=4ad17d4b29d2bd8a606d2536fc429ed3","imageurl":"/mcm/images/land/2A/3780_145e27670abe.jpg","landname":"140"},{"id":281474980643107,"level":3,"status":1,"posx":6,"posy":31,"cityid":60,"townid":156,"tokenid":"643fc69149745a2b7f0fcc64cdea1962","tokenurl":"/mcm/api/land?token=643fc69149745a2b7f0fcc64cdea1962","imageurl":"/mcm/images/land/2B/6294_4b90fe44db44.jpg","landname":"141"},{"id":281474980643108,"level":3,"status":0,"posx":7,"posy":31,"cityid":60,"townid":156,"tokenid":"3a12b4cbcdbd16a65ff7404069db6fea","tokenurl":"/mcm/api/land?token=3a12b4cbcdbd16a65ff7404069db6fea","imageurl":"/mcm/images/land/2B/6295_57545c9280e2.jpg","landname":"142"},{"id":281474980643109,"level":3,"status":0,"posx":9,"posy":31,"cityid":60,"townid":156,"tokenid":"189135e2cf1fb5c2427618fc2e84e4f9","tokenurl":"/mcm/api/land?token=189135e2cf1fb5c2427618fc2e84e4f9","imageurl":"/mcm/images/land/2B/6296_480a507817b0.jpg","landname":"143"},{"id":281474980643110,"level":1,"status":0,"posx":10,"posy":31,"cityid":60,"townid":156,"tokenid":"5669ca56336711f6edb10c81cf88c69e","tokenurl":"/mcm/api/land?token=5669ca56336711f6edb10c81cf88c69e","imageurl":"/mcm/images/land/2S/2521_34f62855e90e.jpg","landname":"144"},{"id":281474980643111,"level":3,"status":0,"posx":31,"posy":31,"cityid":60,"townid":156,"tokenid":"f285646bf059b6028ac8e015f12d6a58","tokenurl":"/mcm/api/land?token=f285646bf059b6028ac8e015f12d6a58","imageurl":"/mcm/images/land/2B/6297_45b80b14aba7.jpg","landname":"145"},{"id":281474980643112,"level":2,"status":0,"posx":32,"posy":31,"cityid":60,"townid":156,"tokenid":"d6cb6a591a956a314da864ccb77196f7","tokenurl":"/mcm/api/land?token=d6cb6a591a956a314da864ccb77196f7","imageurl":"/mcm/images/land/2A/3781_34595bd565f7.jpg","landname":"146"},{"id":281474980643113,"level":3,"status":1,"posx":6,"posy":32,"cityid":60,"townid":156,"tokenid":"b0ffd1252d4c2eb9b141f74f584b4e38","tokenurl":"/mcm/api/land?token=b0ffd1252d4c2eb9b141f74f584b4e38","imageurl":"/mcm/images/land/2B/6298_92d15567adf.jpg","landname":"147"},{"id":281474980643114,"level":3,"status":0,"posx":7,"posy":32,"cityid":60,"townid":156,"tokenid":"58cbc3d2138e20552ab29f3bcc77162b","tokenurl":"/mcm/api/land?token=58cbc3d2138e20552ab29f3bcc77162b","imageurl":"/mcm/images/land/2B/6299_347319164cfe.jpg","landname":"148"},{"id":281474980643115,"level":3,"status":1,"posx":9,"posy":32,"cityid":60,"townid":156,"tokenid":"e9722967d325671003a780f6bb4b8f67","tokenurl":"/mcm/api/land?token=e9722967d325671003a780f6bb4b8f67","imageurl":"/mcm/images/land/2B/6300_50350a3c20a5.jpg","landname":"149"},{"id":281474980643116,"level":3,"status":1,"posx":10,"posy":32,"cityid":60,"townid":156,"tokenid":"ca635bc993f58eb92b994101b1f7acb4","tokenurl":"/mcm/api/land?token=ca635bc993f58eb92b994101b1f7acb4","imageurl":"/mcm/images/land/2B/6301_30a9e9de97c5.jpg","landname":"150"}]]],0,0,[],[],[]]
