[1,0,0,[["cc.JsonAsset",["_name","json"],1]],[[0,0,1,3]],[[0,"1552",[{"id":281475023962263,"level":3,"status":1,"posx":15,"posy":5,"cityid":721,"townid":1552,"tokenid":"a60dc49f153eda68968b323af4dfd093","tokenurl":"/mcm/api/land?token=a60dc49f153eda68968b323af4dfd093","imageurl":"/mcm/images/land/2B/8027_24a3099cad2b.jpg","landname":"1"},{"id":281475023962264,"level":1,"status":0,"posx":16,"posy":5,"cityid":721,"townid":1552,"tokenid":"95f7efb9fa56fa5a7ca6022435673812","tokenurl":"/mcm/api/land?token=95f7efb9fa56fa5a7ca6022435673812","imageurl":"/mcm/images/land/2S/3212_b3e34a3b177.jpg","landname":"2"},{"id":281475023962265,"level":1,"status":1,"posx":25,"posy":5,"cityid":721,"townid":1552,"tokenid":"62f8ead0712ff26d49f1fecaca6d4e3d","tokenurl":"/mcm/api/land?token=62f8ead0712ff26d49f1fecaca6d4e3d","imageurl":"/mcm/images/land/2S/3213_26e13b76442d.jpg","landname":"3"},{"id":281475023962266,"level":2,"status":1,"posx":26,"posy":5,"cityid":721,"townid":1552,"tokenid":"a7f5e6149424abe5ff937d7594460eb9","tokenurl":"/mcm/api/land?token=a7f5e6149424abe5ff937d7594460eb9","imageurl":"/mcm/images/land/2A/4817_5327aa7b1661.jpg","landname":"4"},{"id":281475023962267,"level":1,"status":1,"posx":6,"posy":6,"cityid":721,"townid":1552,"tokenid":"1b9ba9a53f61c3ccd33de02ae02eae94","tokenurl":"/mcm/api/land?token=1b9ba9a53f61c3ccd33de02ae02eae94","imageurl":"/mcm/images/land/2S/3214_4d35abd323e6.jpg","landname":"5"},{"id":281475023962268,"level":2,"status":0,"posx":7,"posy":6,"cityid":721,"townid":1552,"tokenid":"767ee8a86d1bf84bc19f5c46efc35719","tokenurl":"/mcm/api/land?token=767ee8a86d1bf84bc19f5c46efc35719","imageurl":"/mcm/images/land/2A/4818_22821db12727.jpg","landname":"6"},{"id":281475023962269,"level":3,"status":0,"posx":15,"posy":6,"cityid":721,"townid":1552,"tokenid":"22eecca7607f93c87407036989e0594b","tokenurl":"/mcm/api/land?token=22eecca7607f93c87407036989e0594b","imageurl":"/mcm/images/land/2B/8028_59a6375646a5.jpg","landname":"7"},{"id":281475023962270,"level":3,"status":0,"posx":16,"posy":6,"cityid":721,"townid":1552,"tokenid":"596063b3c815af34083f66f2c7e0295e","tokenurl":"/mcm/api/land?token=596063b3c815af34083f66f2c7e0295e","imageurl":"/mcm/images/land/2B/8029_529f1781fd7d.jpg","landname":"8"},{"id":281475023962271,"level":3,"status":0,"posx":25,"posy":6,"cityid":721,"townid":1552,"tokenid":"df25288cd1b3cb8c55b499c789ed29c3","tokenurl":"/mcm/api/land?token=df25288cd1b3cb8c55b499c789ed29c3","imageurl":"/mcm/images/land/2B/8030_118eb4b4217d.jpg","landname":"9"},{"id":281475023962272,"level":3,"status":1,"posx":26,"posy":6,"cityid":721,"townid":1552,"tokenid":"a6eafd40e3101a7127f6312f5f7f543f","tokenurl":"/mcm/api/land?token=a6eafd40e3101a7127f6312f5f7f543f","imageurl":"/mcm/images/land/2B/8031_5807335d87fe.jpg","landname":"10"},{"id":281475023962273,"level":2,"status":1,"posx":30,"posy":6,"cityid":721,"townid":1552,"tokenid":"b4a0dff0c7bf168406741901fc07a61b","tokenurl":"/mcm/api/land?token=b4a0dff0c7bf168406741901fc07a61b","imageurl":"/mcm/images/land/2A/4819_1109b6e1c042.jpg","landname":"11"},{"id":281475023962274,"level":2,"status":0,"posx":31,"posy":6,"cityid":721,"townid":1552,"tokenid":"f3a10f646511bda42502ae46490b0eed","tokenurl":"/mcm/api/land?token=f3a10f646511bda42502ae46490b0eed","imageurl":"/mcm/images/land/2A/4820_430df96d87eb.jpg","landname":"12"},{"id":281475023962275,"level":3,"status":1,"posx":33,"posy":6,"cityid":721,"townid":1552,"tokenid":"6cea1c9a656a10601561739ea557666b","tokenurl":"/mcm/api/land?token=6cea1c9a656a10601561739ea557666b","imageurl":"/mcm/images/land/2B/8032_2701987850bc.jpg","landname":"13"},{"id":281475023962276,"level":3,"status":1,"posx":34,"posy":6,"cityid":721,"townid":1552,"tokenid":"fa43086515a62e950d7b1063a1483836","tokenurl":"/mcm/api/land?token=fa43086515a62e950d7b1063a1483836","imageurl":"/mcm/images/land/2B/8033_4b8693cd3b93.jpg","landname":"14"},{"id":281475023962277,"level":3,"status":1,"posx":6,"posy":7,"cityid":721,"townid":1552,"tokenid":"6619440ca040db6ed3d453b79b028142","tokenurl":"/mcm/api/land?token=6619440ca040db6ed3d453b79b028142","imageurl":"/mcm/images/land/2B/8034_45abadd1d437.jpg","landname":"15"},{"id":281475023962278,"level":3,"status":1,"posx":7,"posy":7,"cityid":721,"townid":1552,"tokenid":"7ac0ac5791580b28a56a6a4ae45173ef","tokenurl":"/mcm/api/land?token=7ac0ac5791580b28a56a6a4ae45173ef","imageurl":"/mcm/images/land/2B/8035_44953cac6852.jpg","landname":"16"},{"id":281475023962279,"level":3,"status":1,"posx":15,"posy":7,"cityid":721,"townid":1552,"tokenid":"94755824307404d8c8c0d081fa270cf8","tokenurl":"/mcm/api/land?token=94755824307404d8c8c0d081fa270cf8","imageurl":"/mcm/images/land/2B/8036_c1209388427.jpg","landname":"17"},{"id":281475023962280,"level":2,"status":0,"posx":16,"posy":7,"cityid":721,"townid":1552,"tokenid":"41371f5b8f693a069af71e10ae3abb8d","tokenurl":"/mcm/api/land?token=41371f5b8f693a069af71e10ae3abb8d","imageurl":"/mcm/images/land/2A/4821_2801e4d273ed.jpg","landname":"18"},{"id":281475023962281,"level":1,"status":0,"posx":21,"posy":7,"cityid":721,"townid":1552,"tokenid":"50f9b0c7f33d78630e8b2bb170604db6","tokenurl":"/mcm/api/land?token=50f9b0c7f33d78630e8b2bb170604db6","imageurl":"/mcm/images/land/2S/3215_4df0ea91ebfd.jpg","landname":"19"},{"id":281475023962282,"level":2,"status":1,"posx":22,"posy":7,"cityid":721,"townid":1552,"tokenid":"ba1b132b4ff3d5d65908fc045a37a703","tokenurl":"/mcm/api/land?token=ba1b132b4ff3d5d65908fc045a37a703","imageurl":"/mcm/images/land/2A/4822_546627438b41.jpg","landname":"20"},{"id":281475023962283,"level":2,"status":0,"posx":25,"posy":7,"cityid":721,"townid":1552,"tokenid":"69b52a64599d341175ab331fa33a19dd","tokenurl":"/mcm/api/land?token=69b52a64599d341175ab331fa33a19dd","imageurl":"/mcm/images/land/2A/4823_1e18b6461658.jpg","landname":"21"},{"id":281475023962284,"level":1,"status":1,"posx":26,"posy":7,"cityid":721,"townid":1552,"tokenid":"dc4ea418e80ffc074b7f9c366b3b93d3","tokenurl":"/mcm/api/land?token=dc4ea418e80ffc074b7f9c366b3b93d3","imageurl":"/mcm/images/land/2S/3216_6e797dd49fe.jpg","landname":"22"},{"id":281475023962285,"level":1,"status":0,"posx":30,"posy":7,"cityid":721,"townid":1552,"tokenid":"2d81e175cd233de4b6a21dab123dc9ec","tokenurl":"/mcm/api/land?token=2d81e175cd233de4b6a21dab123dc9ec","imageurl":"/mcm/images/land/2S/3217_ee10c8505b9.jpg","landname":"23"},{"id":281475023962286,"level":2,"status":0,"posx":31,"posy":7,"cityid":721,"townid":1552,"tokenid":"b8c68edf393e431e407e79811f14db45","tokenurl":"/mcm/api/land?token=b8c68edf393e431e407e79811f14db45","imageurl":"/mcm/images/land/2A/4824_370929552199.jpg","landname":"24"},{"id":281475023962287,"level":2,"status":0,"posx":33,"posy":7,"cityid":721,"townid":1552,"tokenid":"9130c439fb5cb82be04ef004194d50fb","tokenurl":"/mcm/api/land?token=9130c439fb5cb82be04ef004194d50fb","imageurl":"/mcm/images/land/2A/4825_a8864924138.jpg","landname":"25"},{"id":281475023962288,"level":3,"status":1,"posx":34,"posy":7,"cityid":721,"townid":1552,"tokenid":"4ec3ee57bc4e427be064271b7e03f593","tokenurl":"/mcm/api/land?token=4ec3ee57bc4e427be064271b7e03f593","imageurl":"/mcm/images/land/2B/8037_1674156dce8c.jpg","landname":"26"},{"id":281475023962289,"level":3,"status":1,"posx":6,"posy":8,"cityid":721,"townid":1552,"tokenid":"26bcb8318f4cb5e43723711ff6eb1e9e","tokenurl":"/mcm/api/land?token=26bcb8318f4cb5e43723711ff6eb1e9e","imageurl":"/mcm/images/land/2B/8038_15533b970afd.jpg","landname":"27"},{"id":281475023962290,"level":2,"status":1,"posx":7,"posy":8,"cityid":721,"townid":1552,"tokenid":"f78ffd93965e17844857e84ad53a7fb3","tokenurl":"/mcm/api/land?token=f78ffd93965e17844857e84ad53a7fb3","imageurl":"/mcm/images/land/2A/4826_b616a9869b3.jpg","landname":"28"},{"id":281475023962291,"level":3,"status":0,"posx":15,"posy":8,"cityid":721,"townid":1552,"tokenid":"7cbb4315e5d72f5828c3734ddfe0188e","tokenurl":"/mcm/api/land?token=7cbb4315e5d72f5828c3734ddfe0188e","imageurl":"/mcm/images/land/2B/8039_22c846d742b.jpg","landname":"29"},{"id":281475023962292,"level":1,"status":0,"posx":16,"posy":8,"cityid":721,"townid":1552,"tokenid":"fda4e858f214f4988b4842e19a1ceb7b","tokenurl":"/mcm/api/land?token=fda4e858f214f4988b4842e19a1ceb7b","imageurl":"/mcm/images/land/2S/3218_41a46e045399.jpg","landname":"30"},{"id":281475023962293,"level":3,"status":0,"posx":21,"posy":8,"cityid":721,"townid":1552,"tokenid":"f23a1617c439c972bfbc2ccddc57aea7","tokenurl":"/mcm/api/land?token=f23a1617c439c972bfbc2ccddc57aea7","imageurl":"/mcm/images/land/2B/8040_5a45e11b38f7.jpg","landname":"31"},{"id":281475023962294,"level":2,"status":1,"posx":22,"posy":8,"cityid":721,"townid":1552,"tokenid":"8fd870a56311a8c22a9f1bd5c1c38e09","tokenurl":"/mcm/api/land?token=8fd870a56311a8c22a9f1bd5c1c38e09","imageurl":"/mcm/images/land/2A/4827_2b704945d218.jpg","landname":"32"},{"id":281475023962295,"level":3,"status":1,"posx":25,"posy":8,"cityid":721,"townid":1552,"tokenid":"6b8e3033b62fb4ae80d7ab5925c324fe","tokenurl":"/mcm/api/land?token=6b8e3033b62fb4ae80d7ab5925c324fe","imageurl":"/mcm/images/land/2B/8041_489590bb61df.jpg","landname":"33"},{"id":281475023962296,"level":1,"status":1,"posx":26,"posy":8,"cityid":721,"townid":1552,"tokenid":"eef091b560244e73935c122adc413b53","tokenurl":"/mcm/api/land?token=eef091b560244e73935c122adc413b53","imageurl":"/mcm/images/land/2S/3219_4f1edf6ac4a6.jpg","landname":"34"},{"id":281475023962297,"level":2,"status":1,"posx":30,"posy":8,"cityid":721,"townid":1552,"tokenid":"a9a8d9a7e9be81abaaad92d13b012861","tokenurl":"/mcm/api/land?token=a9a8d9a7e9be81abaaad92d13b012861","imageurl":"/mcm/images/land/2A/4828_29d85d39c6c4.jpg","landname":"35"},{"id":281475023962298,"level":1,"status":1,"posx":31,"posy":8,"cityid":721,"townid":1552,"tokenid":"7ea5f6bd8495ccc13a77da77c6d0659f","tokenurl":"/mcm/api/land?token=7ea5f6bd8495ccc13a77da77c6d0659f","imageurl":"/mcm/images/land/2S/3220_26516fc4b9b4.jpg","landname":"36"},{"id":281475023962299,"level":3,"status":0,"posx":33,"posy":8,"cityid":721,"townid":1552,"tokenid":"9d1f4eb309a5437aa442f1e4b92b267f","tokenurl":"/mcm/api/land?token=9d1f4eb309a5437aa442f1e4b92b267f","imageurl":"/mcm/images/land/2B/8042_3ab50edd3f57.jpg","landname":"37"},{"id":281475023962300,"level":3,"status":1,"posx":34,"posy":8,"cityid":721,"townid":1552,"tokenid":"73cbfda3ee898550edaf7e235aafb94e","tokenurl":"/mcm/api/land?token=73cbfda3ee898550edaf7e235aafb94e","imageurl":"/mcm/images/land/2B/8043_22018f1bf5c8.jpg","landname":"38"},{"id":281475023962301,"level":3,"status":1,"posx":6,"posy":9,"cityid":721,"townid":1552,"tokenid":"60f516343f7820befeaf7fa9aa63389f","tokenurl":"/mcm/api/land?token=60f516343f7820befeaf7fa9aa63389f","imageurl":"/mcm/images/land/2B/8044_4e15762ac28a.jpg","landname":"39"},{"id":281475023962302,"level":3,"status":0,"posx":7,"posy":9,"cityid":721,"townid":1552,"tokenid":"769df2bd0825419846f39c9c87bf7541","tokenurl":"/mcm/api/land?token=769df2bd0825419846f39c9c87bf7541","imageurl":"/mcm/images/land/2B/8045_16b6b983d9dd.jpg","landname":"40"},{"id":281475023962303,"level":2,"status":1,"posx":15,"posy":9,"cityid":721,"townid":1552,"tokenid":"e9f13beaa92dfed490d6b5bc956ba8bc","tokenurl":"/mcm/api/land?token=e9f13beaa92dfed490d6b5bc956ba8bc","imageurl":"/mcm/images/land/2A/4829_155eca42a29e.jpg","landname":"41"},{"id":281475023962304,"level":2,"status":0,"posx":16,"posy":9,"cityid":721,"townid":1552,"tokenid":"a35778cd2ddbfe53db3e67afb2c7454b","tokenurl":"/mcm/api/land?token=a35778cd2ddbfe53db3e67afb2c7454b","imageurl":"/mcm/images/land/2A/4830_2b29add89fc3.jpg","landname":"42"},{"id":281475023962305,"level":2,"status":0,"posx":21,"posy":9,"cityid":721,"townid":1552,"tokenid":"763e1369b4b67616f1cc7f5a0133e59c","tokenurl":"/mcm/api/land?token=763e1369b4b67616f1cc7f5a0133e59c","imageurl":"/mcm/images/land/2A/4831_2284494ad483.jpg","landname":"43"},{"id":281475023962306,"level":1,"status":1,"posx":22,"posy":9,"cityid":721,"townid":1552,"tokenid":"0b1a8b7e269efa2c4ce11d0207d980aa","tokenurl":"/mcm/api/land?token=0b1a8b7e269efa2c4ce11d0207d980aa","imageurl":"/mcm/images/land/2S/3221_194b9bf5e2a2.jpg","landname":"44"},{"id":281475023962307,"level":1,"status":1,"posx":25,"posy":9,"cityid":721,"townid":1552,"tokenid":"3acad3d85420b4d5c280f54b97b73c8b","tokenurl":"/mcm/api/land?token=3acad3d85420b4d5c280f54b97b73c8b","imageurl":"/mcm/images/land/2S/3222_551c85bd7f0c.jpg","landname":"45"},{"id":281475023962308,"level":3,"status":0,"posx":26,"posy":9,"cityid":721,"townid":1552,"tokenid":"cf4380c93157645ab07cd2b0eb4b871d","tokenurl":"/mcm/api/land?token=cf4380c93157645ab07cd2b0eb4b871d","imageurl":"/mcm/images/land/2B/8046_4100e7f82919.jpg","landname":"46"},{"id":281475023962309,"level":3,"status":0,"posx":30,"posy":9,"cityid":721,"townid":1552,"tokenid":"f5f490bba0ffc3d274513039d20e378e","tokenurl":"/mcm/api/land?token=f5f490bba0ffc3d274513039d20e378e","imageurl":"/mcm/images/land/2B/8047_48629cd1096a.jpg","landname":"47"},{"id":281475023962310,"level":3,"status":1,"posx":31,"posy":9,"cityid":721,"townid":1552,"tokenid":"b3ac118a673c8b32755dfbaaa8f21113","tokenurl":"/mcm/api/land?token=b3ac118a673c8b32755dfbaaa8f21113","imageurl":"/mcm/images/land/2B/8048_441ca5bd5dec.jpg","landname":"48"},{"id":281475023962311,"level":3,"status":0,"posx":33,"posy":9,"cityid":721,"townid":1552,"tokenid":"264f1f3b7af8bbfabd48241c523f99a8","tokenurl":"/mcm/api/land?token=264f1f3b7af8bbfabd48241c523f99a8","imageurl":"/mcm/images/land/2B/8049_b74b35d231b.jpg","landname":"49"},{"id":281475023962312,"level":3,"status":0,"posx":34,"posy":9,"cityid":721,"townid":1552,"tokenid":"9eb2868fdad69f679cd2d12a1de97413","tokenurl":"/mcm/api/land?token=9eb2868fdad69f679cd2d12a1de97413","imageurl":"/mcm/images/land/2B/8050_3c71a0b82523.jpg","landname":"50"},{"id":281475023962313,"level":3,"status":0,"posx":6,"posy":10,"cityid":721,"townid":1552,"tokenid":"068fb153fd2f324f2e187eea57940e95","tokenurl":"/mcm/api/land?token=068fb153fd2f324f2e187eea57940e95","imageurl":"/mcm/images/land/2B/8051_42c02cfb8df6.jpg","landname":"51"},{"id":281475023962314,"level":2,"status":0,"posx":7,"posy":10,"cityid":721,"townid":1552,"tokenid":"97ffe259d4036c6bb2632e1fa9cfe8aa","tokenurl":"/mcm/api/land?token=97ffe259d4036c6bb2632e1fa9cfe8aa","imageurl":"/mcm/images/land/2A/4832_1a6442e8d0d8.jpg","landname":"52"},{"id":281475023962315,"level":3,"status":1,"posx":11,"posy":10,"cityid":721,"townid":1552,"tokenid":"25d019c4c45df8df07b82c95445f5b32","tokenurl":"/mcm/api/land?token=25d019c4c45df8df07b82c95445f5b32","imageurl":"/mcm/images/land/2B/8052_283a0566af10.jpg","landname":"53"},{"id":281475023962316,"level":3,"status":0,"posx":12,"posy":10,"cityid":721,"townid":1552,"tokenid":"ac497e5b19f13c82c6962b46bd436fe4","tokenurl":"/mcm/api/land?token=ac497e5b19f13c82c6962b46bd436fe4","imageurl":"/mcm/images/land/2B/8053_546cf3da3ecb.jpg","landname":"54"},{"id":281475023962317,"level":1,"status":0,"posx":21,"posy":10,"cityid":721,"townid":1552,"tokenid":"10e861990e5aa3d7aadb32d67d465c26","tokenurl":"/mcm/api/land?token=10e861990e5aa3d7aadb32d67d465c26","imageurl":"/mcm/images/land/2S/3223_92224e16696.jpg","landname":"55"},{"id":281475023962318,"level":2,"status":0,"posx":22,"posy":10,"cityid":721,"townid":1552,"tokenid":"b39bce8fb5dbe1b284f04c4262510767","tokenurl":"/mcm/api/land?token=b39bce8fb5dbe1b284f04c4262510767","imageurl":"/mcm/images/land/2A/4833_35ed2d22d255.jpg","landname":"56"},{"id":281475023962319,"level":2,"status":0,"posx":30,"posy":10,"cityid":721,"townid":1552,"tokenid":"c79199f6f7c3ffe37bfae148bda4bee7","tokenurl":"/mcm/api/land?token=c79199f6f7c3ffe37bfae148bda4bee7","imageurl":"/mcm/images/land/2A/4834_10648e9c1dfb.jpg","landname":"57"},{"id":281475023962320,"level":1,"status":0,"posx":31,"posy":10,"cityid":721,"townid":1552,"tokenid":"26866df2e93853e1614a35478afe717a","tokenurl":"/mcm/api/land?token=26866df2e93853e1614a35478afe717a","imageurl":"/mcm/images/land/2S/3224_545f8073f483.jpg","landname":"58"},{"id":281475023962321,"level":3,"status":0,"posx":33,"posy":10,"cityid":721,"townid":1552,"tokenid":"9e04d8a14c5e70cfb843148bf15cb69b","tokenurl":"/mcm/api/land?token=9e04d8a14c5e70cfb843148bf15cb69b","imageurl":"/mcm/images/land/2B/8054_db038b4b83.jpg","landname":"59"},{"id":281475023962322,"level":3,"status":0,"posx":34,"posy":10,"cityid":721,"townid":1552,"tokenid":"f5c552abd3b5261926725c292738a1e2","tokenurl":"/mcm/api/land?token=f5c552abd3b5261926725c292738a1e2","imageurl":"/mcm/images/land/2B/8055_46f235e320d1.jpg","landname":"60"},{"id":281475023962323,"level":1,"status":1,"posx":11,"posy":11,"cityid":721,"townid":1552,"tokenid":"7552cf7d475ffaa626bafabb25fcd939","tokenurl":"/mcm/api/land?token=7552cf7d475ffaa626bafabb25fcd939","imageurl":"/mcm/images/land/2S/3225_4260977d210b.jpg","landname":"61"},{"id":281475023962324,"level":2,"status":0,"posx":12,"posy":11,"cityid":721,"townid":1552,"tokenid":"3cb6b2566e40335190ddb90557ef1688","tokenurl":"/mcm/api/land?token=3cb6b2566e40335190ddb90557ef1688","imageurl":"/mcm/images/land/2A/4835_2583960f30b2.jpg","landname":"62"},{"id":281475023962325,"level":1,"status":0,"posx":21,"posy":11,"cityid":721,"townid":1552,"tokenid":"7e3888bddba46787d955dee3b97713ec","tokenurl":"/mcm/api/land?token=7e3888bddba46787d955dee3b97713ec","imageurl":"/mcm/images/land/2S/3226_2a614cc5e987.jpg","landname":"63"},{"id":281475023962326,"level":1,"status":0,"posx":22,"posy":11,"cityid":721,"townid":1552,"tokenid":"ab3d881d1a4c5d5d080590dc2b6f035c","tokenurl":"/mcm/api/land?token=ab3d881d1a4c5d5d080590dc2b6f035c","imageurl":"/mcm/images/land/2S/3227_4bcd88e723.jpg","landname":"64"},{"id":281475023962327,"level":2,"status":1,"posx":11,"posy":12,"cityid":721,"townid":1552,"tokenid":"6643d54e0a8918a1460650ea1b317fc6","tokenurl":"/mcm/api/land?token=6643d54e0a8918a1460650ea1b317fc6","imageurl":"/mcm/images/land/2A/4836_571fdf1fcb9f.jpg","landname":"65"},{"id":281475023962328,"level":2,"status":1,"posx":12,"posy":12,"cityid":721,"townid":1552,"tokenid":"bfddf915b30e154502b3448119192606","tokenurl":"/mcm/api/land?token=bfddf915b30e154502b3448119192606","imageurl":"/mcm/images/land/2A/4837_4f4d48f0ac65.jpg","landname":"66"},{"id":281475023962329,"level":2,"status":0,"posx":11,"posy":13,"cityid":721,"townid":1552,"tokenid":"36c451c45d16fe12f447d763fe44e778","tokenurl":"/mcm/api/land?token=36c451c45d16fe12f447d763fe44e778","imageurl":"/mcm/images/land/2A/4838_13c8e175db37.jpg","landname":"67"},{"id":281475023962330,"level":3,"status":0,"posx":12,"posy":13,"cityid":721,"townid":1552,"tokenid":"bcb014e2e4ec29e93585792d3b9bef22","tokenurl":"/mcm/api/land?token=bcb014e2e4ec29e93585792d3b9bef22","imageurl":"/mcm/images/land/2B/8056_24a22786b239.jpg","landname":"68"},{"id":281475023962331,"level":3,"status":0,"posx":11,"posy":14,"cityid":721,"townid":1552,"tokenid":"80f85374d6d111b38263f7491be1a184","tokenurl":"/mcm/api/land?token=80f85374d6d111b38263f7491be1a184","imageurl":"/mcm/images/land/2B/8057_185c9802a064.jpg","landname":"69"},{"id":281475023962332,"level":1,"status":0,"posx":12,"posy":14,"cityid":721,"townid":1552,"tokenid":"6d407c6f3ce52be3d31e65606a147fdc","tokenurl":"/mcm/api/land?token=6d407c6f3ce52be3d31e65606a147fdc","imageurl":"/mcm/images/land/2S/3228_3fbd0164f10c.jpg","landname":"70"},{"id":281475023962333,"level":3,"status":1,"posx":8,"posy":20,"cityid":721,"townid":1552,"tokenid":"9f3d42255d740045ee9b458cfc0d7ff9","tokenurl":"/mcm/api/land?token=9f3d42255d740045ee9b458cfc0d7ff9","imageurl":"/mcm/images/land/2B/8058_358e8b8ba062.jpg","landname":"71"},{"id":281475023962334,"level":3,"status":0,"posx":9,"posy":20,"cityid":721,"townid":1552,"tokenid":"6efdbe6b025ebb4c43286726b14c4c69","tokenurl":"/mcm/api/land?token=6efdbe6b025ebb4c43286726b14c4c69","imageurl":"/mcm/images/land/2B/8059_a8e7facfd8.jpg","landname":"72"},{"id":281475023962335,"level":2,"status":0,"posx":10,"posy":20,"cityid":721,"townid":1552,"tokenid":"fccf7693ab40c49e61fac6c733ff4a83","tokenurl":"/mcm/api/land?token=fccf7693ab40c49e61fac6c733ff4a83","imageurl":"/mcm/images/land/2A/4839_53bf21da4592.jpg","landname":"73"},{"id":281475023962336,"level":3,"status":0,"posx":11,"posy":20,"cityid":721,"townid":1552,"tokenid":"17cc96178901b9135a70b62b03c0fc4a","tokenurl":"/mcm/api/land?token=17cc96178901b9135a70b62b03c0fc4a","imageurl":"/mcm/images/land/2B/8060_280a53f57057.jpg","landname":"74"},{"id":281475023962337,"level":3,"status":1,"posx":12,"posy":20,"cityid":721,"townid":1552,"tokenid":"a4d29bb054af206f40983e821a25264c","tokenurl":"/mcm/api/land?token=a4d29bb054af206f40983e821a25264c","imageurl":"/mcm/images/land/2B/8061_17ed750ea43e.jpg","landname":"75"},{"id":281475023962338,"level":1,"status":1,"posx":8,"posy":21,"cityid":721,"townid":1552,"tokenid":"64048132af9fb20c0481d139a7cca2f6","tokenurl":"/mcm/api/land?token=64048132af9fb20c0481d139a7cca2f6","imageurl":"/mcm/images/land/2S/3229_3bbde18691f5.jpg","landname":"76"},{"id":281475023962339,"level":3,"status":1,"posx":9,"posy":21,"cityid":721,"townid":1552,"tokenid":"d5660f9ea7ec4ccbac29465c3fd4a525","tokenurl":"/mcm/api/land?token=d5660f9ea7ec4ccbac29465c3fd4a525","imageurl":"/mcm/images/land/2B/8062_5869a7ce7d66.jpg","landname":"77"},{"id":281475023962340,"level":3,"status":0,"posx":10,"posy":21,"cityid":721,"townid":1552,"tokenid":"b5c17b7bd600e3461765d0f3dd6def66","tokenurl":"/mcm/api/land?token=b5c17b7bd600e3461765d0f3dd6def66","imageurl":"/mcm/images/land/2B/8063_39238175ef02.jpg","landname":"78"},{"id":281475023962341,"level":3,"status":0,"posx":11,"posy":21,"cityid":721,"townid":1552,"tokenid":"4317c9f07f63a55dee6d73e9fca324e6","tokenurl":"/mcm/api/land?token=4317c9f07f63a55dee6d73e9fca324e6","imageurl":"/mcm/images/land/2B/8064_6eacef89f23.jpg","landname":"79"},{"id":281475023962342,"level":1,"status":0,"posx":12,"posy":21,"cityid":721,"townid":1552,"tokenid":"04be3196e1ef84b586df44678aa2a71c","tokenurl":"/mcm/api/land?token=04be3196e1ef84b586df44678aa2a71c","imageurl":"/mcm/images/land/2S/3230_40edfe712c65.jpg","landname":"80"},{"id":281475023962343,"level":1,"status":0,"posx":27,"posy":22,"cityid":721,"townid":1552,"tokenid":"43a23bbee47d976c97197002ec21e9f8","tokenurl":"/mcm/api/land?token=43a23bbee47d976c97197002ec21e9f8","imageurl":"/mcm/images/land/2S/3231_2cc4ebf22710.jpg","landname":"81"},{"id":281475023962344,"level":1,"status":1,"posx":28,"posy":22,"cityid":721,"townid":1552,"tokenid":"e08be06e1ccf670404242868939f3cbb","tokenurl":"/mcm/api/land?token=e08be06e1ccf670404242868939f3cbb","imageurl":"/mcm/images/land/2S/3232_2f8533ca90af.jpg","landname":"82"},{"id":281475023962345,"level":3,"status":1,"posx":29,"posy":22,"cityid":721,"townid":1552,"tokenid":"9e2f515250cf793a29c4d017be727aa3","tokenurl":"/mcm/api/land?token=9e2f515250cf793a29c4d017be727aa3","imageurl":"/mcm/images/land/2B/8065_3c00ea959a2d.jpg","landname":"83"},{"id":281475023962346,"level":2,"status":1,"posx":30,"posy":22,"cityid":721,"townid":1552,"tokenid":"2c8959a7ab6f4a8460ef8fa2903b5c43","tokenurl":"/mcm/api/land?token=2c8959a7ab6f4a8460ef8fa2903b5c43","imageurl":"/mcm/images/land/2A/4840_5a3e0ca96e1e.jpg","landname":"84"},{"id":281475023962347,"level":3,"status":1,"posx":31,"posy":22,"cityid":721,"townid":1552,"tokenid":"b5555e6f276857fc72ff4b93c3ffaa39","tokenurl":"/mcm/api/land?token=b5555e6f276857fc72ff4b93c3ffaa39","imageurl":"/mcm/images/land/2B/8066_3702fd593291.jpg","landname":"85"},{"id":281475023962348,"level":1,"status":0,"posx":27,"posy":23,"cityid":721,"townid":1552,"tokenid":"06c3aea6956bb032519ea0e487ba2f55","tokenurl":"/mcm/api/land?token=06c3aea6956bb032519ea0e487ba2f55","imageurl":"/mcm/images/land/2S/3233_41c2f1ffaeb1.jpg","landname":"86"},{"id":281475023962349,"level":2,"status":1,"posx":28,"posy":23,"cityid":721,"townid":1552,"tokenid":"f1dfd5dc96ae163c723b74c3257e1059","tokenurl":"/mcm/api/land?token=f1dfd5dc96ae163c723b74c3257e1059","imageurl":"/mcm/images/land/2A/4841_1dd9517531e4.jpg","landname":"87"},{"id":281475023962350,"level":2,"status":1,"posx":29,"posy":23,"cityid":721,"townid":1552,"tokenid":"15261969159d407176f461388ee3b2fe","tokenurl":"/mcm/api/land?token=15261969159d407176f461388ee3b2fe","imageurl":"/mcm/images/land/2A/4842_24fe96d666b1.jpg","landname":"88"},{"id":281475023962351,"level":3,"status":0,"posx":30,"posy":23,"cityid":721,"townid":1552,"tokenid":"ecee4cdd696d5196988988ef10056f8a","tokenurl":"/mcm/api/land?token=ecee4cdd696d5196988988ef10056f8a","imageurl":"/mcm/images/land/2B/8067_f7fa078e2cf.jpg","landname":"89"},{"id":281475023962352,"level":3,"status":0,"posx":31,"posy":23,"cityid":721,"townid":1552,"tokenid":"3ae76b90c5c31aad8be378742ad7c801","tokenurl":"/mcm/api/land?token=3ae76b90c5c31aad8be378742ad7c801","imageurl":"/mcm/images/land/2B/8068_1c80b68c4668.jpg","landname":"90"},{"id":281475023962353,"level":3,"status":1,"posx":8,"posy":24,"cityid":721,"townid":1552,"tokenid":"431e5a33541df5ca751695170a21147c","tokenurl":"/mcm/api/land?token=431e5a33541df5ca751695170a21147c","imageurl":"/mcm/images/land/2B/8069_16690c016fbb.jpg","landname":"91"},{"id":281475023962354,"level":3,"status":1,"posx":9,"posy":24,"cityid":721,"townid":1552,"tokenid":"2f95aca0164a556a02dc2c37a49a2999","tokenurl":"/mcm/api/land?token=2f95aca0164a556a02dc2c37a49a2999","imageurl":"/mcm/images/land/2B/8070_29dc59b72d29.jpg","landname":"92"},{"id":281475023962355,"level":3,"status":1,"posx":10,"posy":24,"cityid":721,"townid":1552,"tokenid":"2289f26632b461788a748018a764ed31","tokenurl":"/mcm/api/land?token=2289f26632b461788a748018a764ed31","imageurl":"/mcm/images/land/2B/8071_5a726cf82837.jpg","landname":"93"},{"id":281475023962356,"level":3,"status":1,"posx":11,"posy":24,"cityid":721,"townid":1552,"tokenid":"4a87b5e8f5986013f12e6c70509875d6","tokenurl":"/mcm/api/land?token=4a87b5e8f5986013f12e6c70509875d6","imageurl":"/mcm/images/land/2B/8072_20442ec33ca7.jpg","landname":"94"},{"id":281475023962357,"level":2,"status":0,"posx":12,"posy":24,"cityid":721,"townid":1552,"tokenid":"7ed049d9a6262e6e8953d1d52b7f4b47","tokenurl":"/mcm/api/land?token=7ed049d9a6262e6e8953d1d52b7f4b47","imageurl":"/mcm/images/land/2A/4843_3f697a9bfb2.jpg","landname":"95"},{"id":281475023962358,"level":2,"status":1,"posx":17,"posy":24,"cityid":721,"townid":1552,"tokenid":"558662ecfacc893b6d0c8d666776ace2","tokenurl":"/mcm/api/land?token=558662ecfacc893b6d0c8d666776ace2","imageurl":"/mcm/images/land/2A/4844_1118db47c57b.jpg","landname":"96"},{"id":281475023962359,"level":1,"status":1,"posx":18,"posy":24,"cityid":721,"townid":1552,"tokenid":"c28164933364bf528294bd41464c0614","tokenurl":"/mcm/api/land?token=c28164933364bf528294bd41464c0614","imageurl":"/mcm/images/land/2S/3234_aaa582dd567.jpg","landname":"97"},{"id":281475023962360,"level":3,"status":0,"posx":19,"posy":24,"cityid":721,"townid":1552,"tokenid":"5391eaf6208275dceb0e40adeba1bf7f","tokenurl":"/mcm/api/land?token=5391eaf6208275dceb0e40adeba1bf7f","imageurl":"/mcm/images/land/2B/8073_1bea04c369c3.jpg","landname":"98"},{"id":281475023962361,"level":3,"status":0,"posx":20,"posy":24,"cityid":721,"townid":1552,"tokenid":"0a8d10701a2929f0271b6a01eb8db8dd","tokenurl":"/mcm/api/land?token=0a8d10701a2929f0271b6a01eb8db8dd","imageurl":"/mcm/images/land/2B/8074_137b93c1593d.jpg","landname":"99"},{"id":281475023962362,"level":2,"status":0,"posx":21,"posy":24,"cityid":721,"townid":1552,"tokenid":"f24bb7f33c431a9d65b95d92ce0266be","tokenurl":"/mcm/api/land?token=f24bb7f33c431a9d65b95d92ce0266be","imageurl":"/mcm/images/land/2A/4845_2e218a566fb1.jpg","landname":"100"},{"id":281475023962363,"level":3,"status":1,"posx":8,"posy":25,"cityid":721,"townid":1552,"tokenid":"47a8b9163c5499cbea0c329870cae7e5","tokenurl":"/mcm/api/land?token=47a8b9163c5499cbea0c329870cae7e5","imageurl":"/mcm/images/land/2B/8075_28773f9c1bd3.jpg","landname":"101"},{"id":281475023962364,"level":3,"status":0,"posx":9,"posy":25,"cityid":721,"townid":1552,"tokenid":"c48658f8b5138c2c0366a4e7241a36ce","tokenurl":"/mcm/api/land?token=c48658f8b5138c2c0366a4e7241a36ce","imageurl":"/mcm/images/land/2B/8076_2fecacea3bb.jpg","landname":"102"},{"id":281475023962365,"level":3,"status":0,"posx":10,"posy":25,"cityid":721,"townid":1552,"tokenid":"b31fd43073cdfa005f015301aa52721a","tokenurl":"/mcm/api/land?token=b31fd43073cdfa005f015301aa52721a","imageurl":"/mcm/images/land/2B/8077_49fae588389c.jpg","landname":"103"},{"id":281475023962366,"level":3,"status":1,"posx":11,"posy":25,"cityid":721,"townid":1552,"tokenid":"a0d5bb58b250b7986a32bf4ae88ee25b","tokenurl":"/mcm/api/land?token=a0d5bb58b250b7986a32bf4ae88ee25b","imageurl":"/mcm/images/land/2B/8078_124527c1603a.jpg","landname":"104"},{"id":281475023962367,"level":3,"status":1,"posx":12,"posy":25,"cityid":721,"townid":1552,"tokenid":"625ddcc10881b49a7fb9291e01ada73a","tokenurl":"/mcm/api/land?token=625ddcc10881b49a7fb9291e01ada73a","imageurl":"/mcm/images/land/2B/8079_28f32ff41dca.jpg","landname":"105"},{"id":281475023962368,"level":3,"status":1,"posx":17,"posy":25,"cityid":721,"townid":1552,"tokenid":"97dc01b15831666471de0adf15881303","tokenurl":"/mcm/api/land?token=97dc01b15831666471de0adf15881303","imageurl":"/mcm/images/land/2B/8080_58159764989.jpg","landname":"106"},{"id":281475023962369,"level":2,"status":0,"posx":18,"posy":25,"cityid":721,"townid":1552,"tokenid":"2ed4096bc4d907c69b0ca83c1a7e7143","tokenurl":"/mcm/api/land?token=2ed4096bc4d907c69b0ca83c1a7e7143","imageurl":"/mcm/images/land/2A/4846_39299c78cc91.jpg","landname":"107"},{"id":281475023962370,"level":2,"status":1,"posx":19,"posy":25,"cityid":721,"townid":1552,"tokenid":"dd7f053e75c40d90c6545dac0ac10801","tokenurl":"/mcm/api/land?token=dd7f053e75c40d90c6545dac0ac10801","imageurl":"/mcm/images/land/2A/4847_5240ed896c07.jpg","landname":"108"},{"id":281475023962371,"level":3,"status":0,"posx":20,"posy":25,"cityid":721,"townid":1552,"tokenid":"306adced821cb517cc2dc9b5a7c4e96d","tokenurl":"/mcm/api/land?token=306adced821cb517cc2dc9b5a7c4e96d","imageurl":"/mcm/images/land/2B/8081_4af394b04a13.jpg","landname":"109"},{"id":281475023962372,"level":3,"status":1,"posx":21,"posy":25,"cityid":721,"townid":1552,"tokenid":"012cab076ff5cd51f4833dbd9c020c4b","tokenurl":"/mcm/api/land?token=012cab076ff5cd51f4833dbd9c020c4b","imageurl":"/mcm/images/land/2B/8082_1f6d656a4de5.jpg","landname":"110"},{"id":281475023962373,"level":1,"status":0,"posx":27,"posy":26,"cityid":721,"townid":1552,"tokenid":"a147b3abad003b6abd323cf96ee7814f","tokenurl":"/mcm/api/land?token=a147b3abad003b6abd323cf96ee7814f","imageurl":"/mcm/images/land/2S/3235_191cb0655276.jpg","landname":"111"},{"id":281475023962374,"level":2,"status":0,"posx":28,"posy":26,"cityid":721,"townid":1552,"tokenid":"f1fc192fa49822ca4ffed0e3e9dec8d1","tokenurl":"/mcm/api/land?token=f1fc192fa49822ca4ffed0e3e9dec8d1","imageurl":"/mcm/images/land/2A/4848_e75ff408ecb.jpg","landname":"112"},{"id":281475023962375,"level":3,"status":1,"posx":27,"posy":27,"cityid":721,"townid":1552,"tokenid":"1c18a027d2236ff96a1e00b65ec366d6","tokenurl":"/mcm/api/land?token=1c18a027d2236ff96a1e00b65ec366d6","imageurl":"/mcm/images/land/2B/8083_a98df27a267.jpg","landname":"113"},{"id":281475023962376,"level":3,"status":1,"posx":28,"posy":27,"cityid":721,"townid":1552,"tokenid":"5555a9586baba7a4bff03ce7827e3363","tokenurl":"/mcm/api/land?token=5555a9586baba7a4bff03ce7827e3363","imageurl":"/mcm/images/land/2B/8084_4e723fee0df5.jpg","landname":"114"},{"id":281475023962377,"level":3,"status":0,"posx":32,"posy":27,"cityid":721,"townid":1552,"tokenid":"befc1e4b1669aa288ec79b070c48bb41","tokenurl":"/mcm/api/land?token=befc1e4b1669aa288ec79b070c48bb41","imageurl":"/mcm/images/land/2B/8085_e7806f48e8e.jpg","landname":"115"},{"id":281475023962378,"level":3,"status":0,"posx":33,"posy":27,"cityid":721,"townid":1552,"tokenid":"9fce7c59d4e70d270e3f33918c0fbdcb","tokenurl":"/mcm/api/land?token=9fce7c59d4e70d270e3f33918c0fbdcb","imageurl":"/mcm/images/land/2B/8086_3bf455e55066.jpg","landname":"116"},{"id":281475023962379,"level":3,"status":0,"posx":8,"posy":28,"cityid":721,"townid":1552,"tokenid":"1895804a2fd18b710578956c25df092f","tokenurl":"/mcm/api/land?token=1895804a2fd18b710578956c25df092f","imageurl":"/mcm/images/land/2B/8087_17785e02c53a.jpg","landname":"117"},{"id":281475023962380,"level":2,"status":1,"posx":9,"posy":28,"cityid":721,"townid":1552,"tokenid":"0e80be0e9b7a3371f6754c1749cb7ff9","tokenurl":"/mcm/api/land?token=0e80be0e9b7a3371f6754c1749cb7ff9","imageurl":"/mcm/images/land/2A/4849_45163ac468e5.jpg","landname":"118"},{"id":281475023962381,"level":3,"status":1,"posx":10,"posy":28,"cityid":721,"townid":1552,"tokenid":"87b388fa02e9efd18798bf50c0d6215d","tokenurl":"/mcm/api/land?token=87b388fa02e9efd18798bf50c0d6215d","imageurl":"/mcm/images/land/2B/8088_7495621aa94.jpg","landname":"119"},{"id":281475023962382,"level":3,"status":0,"posx":11,"posy":28,"cityid":721,"townid":1552,"tokenid":"ac0deaf77a3def00846e09b4249e4a5f","tokenurl":"/mcm/api/land?token=ac0deaf77a3def00846e09b4249e4a5f","imageurl":"/mcm/images/land/2B/8089_500a6d108851.jpg","landname":"120"},{"id":281475023962383,"level":1,"status":0,"posx":12,"posy":28,"cityid":721,"townid":1552,"tokenid":"cbe3e0d2af9a2d805e840ddc3bd33493","tokenurl":"/mcm/api/land?token=cbe3e0d2af9a2d805e840ddc3bd33493","imageurl":"/mcm/images/land/2S/3236_c10ab881584.jpg","landname":"121"},{"id":281475023962384,"level":2,"status":1,"posx":17,"posy":28,"cityid":721,"townid":1552,"tokenid":"b260b5cf9d897dc26acf1d8d83e7a829","tokenurl":"/mcm/api/land?token=b260b5cf9d897dc26acf1d8d83e7a829","imageurl":"/mcm/images/land/2A/4850_535fa153c86f.jpg","landname":"122"},{"id":281475023962385,"level":3,"status":0,"posx":18,"posy":28,"cityid":721,"townid":1552,"tokenid":"2aec95892c4bc312e003ab57050cd367","tokenurl":"/mcm/api/land?token=2aec95892c4bc312e003ab57050cd367","imageurl":"/mcm/images/land/2B/8090_4be54fb172f7.jpg","landname":"123"},{"id":281475023962386,"level":1,"status":1,"posx":19,"posy":28,"cityid":721,"townid":1552,"tokenid":"1cd016a659a9e2bf9866073d78dde25f","tokenurl":"/mcm/api/land?token=1cd016a659a9e2bf9866073d78dde25f","imageurl":"/mcm/images/land/2S/3237_4f273f3be109.jpg","landname":"124"},{"id":281475023962387,"level":3,"status":1,"posx":20,"posy":28,"cityid":721,"townid":1552,"tokenid":"68513b63552c217e0267cf68de828151","tokenurl":"/mcm/api/land?token=68513b63552c217e0267cf68de828151","imageurl":"/mcm/images/land/2B/8091_4218651c9c3d.jpg","landname":"125"},{"id":281475023962388,"level":3,"status":1,"posx":21,"posy":28,"cityid":721,"townid":1552,"tokenid":"97217c3a5ec9753ac365f71a445317fa","tokenurl":"/mcm/api/land?token=97217c3a5ec9753ac365f71a445317fa","imageurl":"/mcm/images/land/2B/8092_48e3169f8f53.jpg","landname":"126"},{"id":281475023962389,"level":3,"status":0,"posx":27,"posy":28,"cityid":721,"townid":1552,"tokenid":"5873deceb8e38dddcb0004c2501cb2be","tokenurl":"/mcm/api/land?token=5873deceb8e38dddcb0004c2501cb2be","imageurl":"/mcm/images/land/2B/8093_13aeb2af9288.jpg","landname":"127"},{"id":281475023962390,"level":3,"status":1,"posx":28,"posy":28,"cityid":721,"townid":1552,"tokenid":"1183ab028feeb26183017c0fac6d69d4","tokenurl":"/mcm/api/land?token=1183ab028feeb26183017c0fac6d69d4","imageurl":"/mcm/images/land/2B/8094_11f5a0f5bd98.jpg","landname":"128"},{"id":281475023962391,"level":3,"status":1,"posx":32,"posy":28,"cityid":721,"townid":1552,"tokenid":"5152b33519fec7c21552a15adc414da8","tokenurl":"/mcm/api/land?token=5152b33519fec7c21552a15adc414da8","imageurl":"/mcm/images/land/2B/8095_328dd3e76f9a.jpg","landname":"129"},{"id":281475023962392,"level":1,"status":1,"posx":33,"posy":28,"cityid":721,"townid":1552,"tokenid":"353de4e88a6e289dcdca16f2b1371ac6","tokenurl":"/mcm/api/land?token=353de4e88a6e289dcdca16f2b1371ac6","imageurl":"/mcm/images/land/2S/3238_c81b40956dd.jpg","landname":"130"},{"id":281475023962393,"level":2,"status":0,"posx":8,"posy":29,"cityid":721,"townid":1552,"tokenid":"59637c02d145945f54bbc1a5b1518702","tokenurl":"/mcm/api/land?token=59637c02d145945f54bbc1a5b1518702","imageurl":"/mcm/images/land/2A/4851_32d7c887e4af.jpg","landname":"131"},{"id":281475023962394,"level":2,"status":1,"posx":9,"posy":29,"cityid":721,"townid":1552,"tokenid":"9937d870a0994169034129f1f0f54d0e","tokenurl":"/mcm/api/land?token=9937d870a0994169034129f1f0f54d0e","imageurl":"/mcm/images/land/2A/4852_181d78021f16.jpg","landname":"132"},{"id":281475023962395,"level":1,"status":1,"posx":10,"posy":29,"cityid":721,"townid":1552,"tokenid":"1b06a99bd478a72e2c152805d61d92d7","tokenurl":"/mcm/api/land?token=1b06a99bd478a72e2c152805d61d92d7","imageurl":"/mcm/images/land/2S/3239_421d0629609d.jpg","landname":"133"},{"id":281475023962396,"level":2,"status":0,"posx":11,"posy":29,"cityid":721,"townid":1552,"tokenid":"6fd2a0ac447c4d9f29d41f8a7f374b51","tokenurl":"/mcm/api/land?token=6fd2a0ac447c4d9f29d41f8a7f374b51","imageurl":"/mcm/images/land/2A/4853_4ceeb8f61963.jpg","landname":"134"},{"id":281475023962397,"level":1,"status":0,"posx":12,"posy":29,"cityid":721,"townid":1552,"tokenid":"1bd67c0d2f644f5ea8e3a30ca4e9d14f","tokenurl":"/mcm/api/land?token=1bd67c0d2f644f5ea8e3a30ca4e9d14f","imageurl":"/mcm/images/land/2S/3240_10fa5fc6c0f1.jpg","landname":"135"},{"id":281475023962398,"level":1,"status":1,"posx":17,"posy":29,"cityid":721,"townid":1552,"tokenid":"02d6870a25e7bdbff219409b4920f76f","tokenurl":"/mcm/api/land?token=02d6870a25e7bdbff219409b4920f76f","imageurl":"/mcm/images/land/2S/3241_376f8c73ec87.jpg","landname":"136"},{"id":281475023962399,"level":2,"status":0,"posx":18,"posy":29,"cityid":721,"townid":1552,"tokenid":"99f84028b8380cc63fea9eebc903364b","tokenurl":"/mcm/api/land?token=99f84028b8380cc63fea9eebc903364b","imageurl":"/mcm/images/land/2A/4854_37c83b0dc139.jpg","landname":"137"},{"id":281475023962400,"level":3,"status":0,"posx":19,"posy":29,"cityid":721,"townid":1552,"tokenid":"83fac8101c80205ca420c7c1f40fb9cb","tokenurl":"/mcm/api/land?token=83fac8101c80205ca420c7c1f40fb9cb","imageurl":"/mcm/images/land/2B/8096_2a3cfab55d8f.jpg","landname":"138"},{"id":281475023962401,"level":2,"status":0,"posx":20,"posy":29,"cityid":721,"townid":1552,"tokenid":"23ff4e017cd5268061d1681d5e56a808","tokenurl":"/mcm/api/land?token=23ff4e017cd5268061d1681d5e56a808","imageurl":"/mcm/images/land/2A/4855_945c6a5134.jpg","landname":"139"},{"id":281475023962402,"level":2,"status":1,"posx":21,"posy":29,"cityid":721,"townid":1552,"tokenid":"9bffa430573b6da91b97e0da42119b56","tokenurl":"/mcm/api/land?token=9bffa430573b6da91b97e0da42119b56","imageurl":"/mcm/images/land/2A/4856_3aa04b4a507c.jpg","landname":"140"},{"id":281475023962403,"level":3,"status":1,"posx":27,"posy":29,"cityid":721,"townid":1552,"tokenid":"2ae0b1c0409d002e494fd181f8888b2f","tokenurl":"/mcm/api/land?token=2ae0b1c0409d002e494fd181f8888b2f","imageurl":"/mcm/images/land/2B/8097_4b58336022a3.jpg","landname":"141"},{"id":281475023962404,"level":2,"status":1,"posx":28,"posy":29,"cityid":721,"townid":1552,"tokenid":"6839d236f8195690c31f2a3b11101676","tokenurl":"/mcm/api/land?token=6839d236f8195690c31f2a3b11101676","imageurl":"/mcm/images/land/2A/4857_1cc5cc8f30bb.jpg","landname":"142"},{"id":281475023962405,"level":3,"status":1,"posx":32,"posy":29,"cityid":721,"townid":1552,"tokenid":"68b3828df05de2dff123f0cb09f7a751","tokenurl":"/mcm/api/land?token=68b3828df05de2dff123f0cb09f7a751","imageurl":"/mcm/images/land/2B/8098_341365f7fe7b.jpg","landname":"143"},{"id":281475023962406,"level":2,"status":1,"posx":33,"posy":29,"cityid":721,"townid":1552,"tokenid":"23a9ee4df40e62201e83c3c4f7ecff95","tokenurl":"/mcm/api/land?token=23a9ee4df40e62201e83c3c4f7ecff95","imageurl":"/mcm/images/land/2A/4858_14762d650b2.jpg","landname":"144"},{"id":281475023962407,"level":3,"status":1,"posx":27,"posy":30,"cityid":721,"townid":1552,"tokenid":"93512725b71b0c183d89bb623c31d250","tokenurl":"/mcm/api/land?token=93512725b71b0c183d89bb623c31d250","imageurl":"/mcm/images/land/2B/8099_a9d563ea6f9.jpg","landname":"145"},{"id":281475023962408,"level":2,"status":1,"posx":28,"posy":30,"cityid":721,"townid":1552,"tokenid":"fb9401f9b70eba59b033115f0d83dfe8","tokenurl":"/mcm/api/land?token=fb9401f9b70eba59b033115f0d83dfe8","imageurl":"/mcm/images/land/2A/4859_1e6d394fd20a.jpg","landname":"146"},{"id":281475023962409,"level":2,"status":1,"posx":32,"posy":30,"cityid":721,"townid":1552,"tokenid":"301287627cae8ef59dd43eabef25152c","tokenurl":"/mcm/api/land?token=301287627cae8ef59dd43eabef25152c","imageurl":"/mcm/images/land/2A/4860_2146be113ef6.jpg","landname":"147"},{"id":281475023962410,"level":2,"status":0,"posx":33,"posy":30,"cityid":721,"townid":1552,"tokenid":"2de959a15ec7a1d6e4c7f6b32f78de1e","tokenurl":"/mcm/api/land?token=2de959a15ec7a1d6e4c7f6b32f78de1e","imageurl":"/mcm/images/land/2A/4861_41a6bb47103.jpg","landname":"148"},{"id":281475023962411,"level":3,"status":0,"posx":32,"posy":31,"cityid":721,"townid":1552,"tokenid":"f1be43ac51567dd7bc9334743484b8df","tokenurl":"/mcm/api/land?token=f1be43ac51567dd7bc9334743484b8df","imageurl":"/mcm/images/land/2B/8100_4a2fdfbe570c.jpg","landname":"149"},{"id":281475023962412,"level":3,"status":0,"posx":33,"posy":31,"cityid":721,"townid":1552,"tokenid":"a6029697f737c48b713c89c6640c8278","tokenurl":"/mcm/api/land?token=a6029697f737c48b713c89c6640c8278","imageurl":"/mcm/images/land/2B/8101_582b80e05f34.jpg","landname":"150"}]]],0,0,[],[],[]]
