[1,0,0,[["cc.JsonAsset",["_name","json"],1]],[[0,0,1,3]],[[0,"1094",[{"id":281475009347735,"level":1,"status":0,"posx":6,"posy":5,"cityid":498,"townid":1094,"tokenid":"305cf769f96c362b0b98387801161c5d","tokenurl":"/mcm/api/land?token=305cf769f96c362b0b98387801161c5d","imageurl":"/mcm/images/land/1S/4772_45654bf9b1f3.jpg","landname":"1"},{"id":281475009347736,"level":1,"status":0,"posx":7,"posy":5,"cityid":498,"townid":1094,"tokenid":"02f82ec4c67e3a403b24c735525ed0a6","tokenurl":"/mcm/api/land?token=02f82ec4c67e3a403b24c735525ed0a6","imageurl":"/mcm/images/land/1S/4773_52edae3addf6.jpg","landname":"2"},{"id":281475009347737,"level":1,"status":1,"posx":6,"posy":6,"cityid":498,"townid":1094,"tokenid":"a542415322503384ebaf562f1f3ec637","tokenurl":"/mcm/api/land?token=a542415322503384ebaf562f1f3ec637","imageurl":"/mcm/images/land/1S/4774_329617d4dfd7.jpg","landname":"3"},{"id":281475009347738,"level":1,"status":1,"posx":7,"posy":6,"cityid":498,"townid":1094,"tokenid":"6a93bb4d5d37148cb93c5f211da9d0ed","tokenurl":"/mcm/api/land?token=6a93bb4d5d37148cb93c5f211da9d0ed","imageurl":"/mcm/images/land/1S/4775_4611cf8789e5.jpg","landname":"4"},{"id":281475009347739,"level":1,"status":1,"posx":18,"posy":6,"cityid":498,"townid":1094,"tokenid":"adf0f8d2115feede8db489c073afa0ed","tokenurl":"/mcm/api/land?token=adf0f8d2115feede8db489c073afa0ed","imageurl":"/mcm/images/land/1S/4776_35ca70dc8a52.jpg","landname":"5"},{"id":281475009347740,"level":2,"status":1,"posx":19,"posy":6,"cityid":498,"townid":1094,"tokenid":"c6dcd610e807f26e8b328a88f8dad648","tokenurl":"/mcm/api/land?token=c6dcd610e807f26e8b328a88f8dad648","imageurl":"/mcm/images/land/1A/2387_2ecc28b8aac9.jpg","landname":"6"},{"id":281475009347741,"level":2,"status":1,"posx":20,"posy":6,"cityid":498,"townid":1094,"tokenid":"c75e77d542cf4f721dcec214750f6545","tokenurl":"/mcm/api/land?token=c75e77d542cf4f721dcec214750f6545","imageurl":"/mcm/images/land/1A/2388_2e1443385702.jpg","landname":"7"},{"id":281475009347742,"level":3,"status":1,"posx":21,"posy":6,"cityid":498,"townid":1094,"tokenid":"2cd8ba0ad3abdcc3a912880021170432","tokenurl":"/mcm/api/land?token=2cd8ba0ad3abdcc3a912880021170432","imageurl":"/mcm/images/land/1B/797_195cf11fb126.jpg","landname":"8"},{"id":281475009347743,"level":1,"status":1,"posx":22,"posy":6,"cityid":498,"townid":1094,"tokenid":"b2aa5eda1dcde8461bc800c63c120c23","tokenurl":"/mcm/api/land?token=b2aa5eda1dcde8461bc800c63c120c23","imageurl":"/mcm/images/land/1S/4777_44184e227dab.jpg","landname":"9"},{"id":281475009347744,"level":2,"status":1,"posx":28,"posy":6,"cityid":498,"townid":1094,"tokenid":"67ef6e66376b4fd9972516095cc0658b","tokenurl":"/mcm/api/land?token=67ef6e66376b4fd9972516095cc0658b","imageurl":"/mcm/images/land/1A/2389_4fdd658579e5.jpg","landname":"10"},{"id":281475009347745,"level":1,"status":1,"posx":29,"posy":6,"cityid":498,"townid":1094,"tokenid":"cfb47415f5d230d2f1ab82365c937ada","tokenurl":"/mcm/api/land?token=cfb47415f5d230d2f1ab82365c937ada","imageurl":"/mcm/images/land/1S/4778_4c3c53138776.jpg","landname":"11"},{"id":281475009347746,"level":1,"status":1,"posx":31,"posy":6,"cityid":498,"townid":1094,"tokenid":"ba0fd8a0b9e089135509001320085225","tokenurl":"/mcm/api/land?token=ba0fd8a0b9e089135509001320085225","imageurl":"/mcm/images/land/1S/4779_5a14104f7af7.jpg","landname":"12"},{"id":281475009347747,"level":1,"status":1,"posx":32,"posy":6,"cityid":498,"townid":1094,"tokenid":"73e6ac69ccdb8a22191f181908529523","tokenurl":"/mcm/api/land?token=73e6ac69ccdb8a22191f181908529523","imageurl":"/mcm/images/land/1S/4780_144c0030e4c0.jpg","landname":"13"},{"id":281475009347748,"level":1,"status":1,"posx":6,"posy":7,"cityid":498,"townid":1094,"tokenid":"22810f5ce518192d29e780a4bb44df16","tokenurl":"/mcm/api/land?token=22810f5ce518192d29e780a4bb44df16","imageurl":"/mcm/images/land/1S/4781_37c72d61793b.jpg","landname":"14"},{"id":281475009347749,"level":2,"status":1,"posx":7,"posy":7,"cityid":498,"townid":1094,"tokenid":"ec62d530e4ab5a6b36496ca5555338d8","tokenurl":"/mcm/api/land?token=ec62d530e4ab5a6b36496ca5555338d8","imageurl":"/mcm/images/land/1A/2390_1aba61ca80c9.jpg","landname":"15"},{"id":281475009347750,"level":2,"status":1,"posx":18,"posy":7,"cityid":498,"townid":1094,"tokenid":"c3f456afceb5a1f3f48c3908d1df571d","tokenurl":"/mcm/api/land?token=c3f456afceb5a1f3f48c3908d1df571d","imageurl":"/mcm/images/land/1A/2391_191fcdee90c8.jpg","landname":"16"},{"id":281475009347751,"level":1,"status":1,"posx":19,"posy":7,"cityid":498,"townid":1094,"tokenid":"23a32fdaefd20342e2932ca4837336d7","tokenurl":"/mcm/api/land?token=23a32fdaefd20342e2932ca4837336d7","imageurl":"/mcm/images/land/1S/4782_1f93e6b6b27d.jpg","landname":"17"},{"id":281475009347752,"level":1,"status":1,"posx":20,"posy":7,"cityid":498,"townid":1094,"tokenid":"0b4b48dfc4da7f69a64690728c4b836e","tokenurl":"/mcm/api/land?token=0b4b48dfc4da7f69a64690728c4b836e","imageurl":"/mcm/images/land/1S/4783_28e7d8cf9885.jpg","landname":"18"},{"id":281475009347753,"level":1,"status":1,"posx":21,"posy":7,"cityid":498,"townid":1094,"tokenid":"23fef0e02b217633c92e12c3bb135126","tokenurl":"/mcm/api/land?token=23fef0e02b217633c92e12c3bb135126","imageurl":"/mcm/images/land/1S/4784_4b4a8bbb0f71.jpg","landname":"19"},{"id":281475009347754,"level":2,"status":1,"posx":22,"posy":7,"cityid":498,"townid":1094,"tokenid":"2b212be1bff0734ee461066b2b9c34a5","tokenurl":"/mcm/api/land?token=2b212be1bff0734ee461066b2b9c34a5","imageurl":"/mcm/images/land/1A/2392_517b4214c864.jpg","landname":"20"},{"id":281475009347755,"level":1,"status":1,"posx":28,"posy":7,"cityid":498,"townid":1094,"tokenid":"6d094baa2fc6e48f00a4c0a618f5f70e","tokenurl":"/mcm/api/land?token=6d094baa2fc6e48f00a4c0a618f5f70e","imageurl":"/mcm/images/land/1S/4785_5966ac101fd0.jpg","landname":"21"},{"id":281475009347756,"level":1,"status":1,"posx":29,"posy":7,"cityid":498,"townid":1094,"tokenid":"130cdc1c7fb25066c2fdc5182240151a","tokenurl":"/mcm/api/land?token=130cdc1c7fb25066c2fdc5182240151a","imageurl":"/mcm/images/land/1S/4786_334d9e4e72ea.jpg","landname":"22"},{"id":281475009347757,"level":2,"status":1,"posx":31,"posy":7,"cityid":498,"townid":1094,"tokenid":"220a7f2a0ce3c39acc8575e066451a73","tokenurl":"/mcm/api/land?token=220a7f2a0ce3c39acc8575e066451a73","imageurl":"/mcm/images/land/1A/2393_24cbfb6d1341.jpg","landname":"23"},{"id":281475009347758,"level":1,"status":1,"posx":32,"posy":7,"cityid":498,"townid":1094,"tokenid":"9d73cdfec2686518ebd3cede63830737","tokenurl":"/mcm/api/land?token=9d73cdfec2686518ebd3cede63830737","imageurl":"/mcm/images/land/1S/4787_38697d7d3797.jpg","landname":"24"},{"id":281475009347759,"level":1,"status":1,"posx":6,"posy":8,"cityid":498,"townid":1094,"tokenid":"ad75679bc198e9cc100a2779ddafe1b0","tokenurl":"/mcm/api/land?token=ad75679bc198e9cc100a2779ddafe1b0","imageurl":"/mcm/images/land/1S/4788_399388298e86.jpg","landname":"25"},{"id":281475009347760,"level":1,"status":1,"posx":7,"posy":8,"cityid":498,"townid":1094,"tokenid":"36a5fca042cdf97a5371a68411486f95","tokenurl":"/mcm/api/land?token=36a5fca042cdf97a5371a68411486f95","imageurl":"/mcm/images/land/1S/4789_173d0751eece.jpg","landname":"26"},{"id":281475009347761,"level":1,"status":1,"posx":28,"posy":8,"cityid":498,"townid":1094,"tokenid":"7db540eccdc3ee5244fea26bc905d1fa","tokenurl":"/mcm/api/land?token=7db540eccdc3ee5244fea26bc905d1fa","imageurl":"/mcm/images/land/1S/4790_1d87b21e6e5a.jpg","landname":"27"},{"id":281475009347762,"level":2,"status":1,"posx":29,"posy":8,"cityid":498,"townid":1094,"tokenid":"21bd4d60b72c8509e162f54eaad028c2","tokenurl":"/mcm/api/land?token=21bd4d60b72c8509e162f54eaad028c2","imageurl":"/mcm/images/land/1A/2394_4f598a377f28.jpg","landname":"28"},{"id":281475009347763,"level":1,"status":1,"posx":31,"posy":8,"cityid":498,"townid":1094,"tokenid":"67cfdd7deb980ae36502c5199bd4473a","tokenurl":"/mcm/api/land?token=67cfdd7deb980ae36502c5199bd4473a","imageurl":"/mcm/images/land/1S/4791_374d36ab4c32.jpg","landname":"29"},{"id":281475009347764,"level":1,"status":1,"posx":32,"posy":8,"cityid":498,"townid":1094,"tokenid":"178af1556ecb6f5f7b92ce851ccf0c77","tokenurl":"/mcm/api/land?token=178af1556ecb6f5f7b92ce851ccf0c77","imageurl":"/mcm/images/land/1S/4792_30687695d179.jpg","landname":"30"},{"id":281475009347765,"level":3,"status":1,"posx":6,"posy":9,"cityid":498,"townid":1094,"tokenid":"ce41ba3f7be035bb5914dc29ec69db0b","tokenurl":"/mcm/api/land?token=ce41ba3f7be035bb5914dc29ec69db0b","imageurl":"/mcm/images/land/1B/798_40beb14e58a2.jpg","landname":"31"},{"id":281475009347766,"level":1,"status":1,"posx":7,"posy":9,"cityid":498,"townid":1094,"tokenid":"7af7125b20f0f46ea32306e696339079","tokenurl":"/mcm/api/land?token=7af7125b20f0f46ea32306e696339079","imageurl":"/mcm/images/land/1S/4793_33a03de9921e.jpg","landname":"32"},{"id":281475009347767,"level":3,"status":1,"posx":28,"posy":9,"cityid":498,"townid":1094,"tokenid":"62a12a2a46fc59acbf9bfbf71a9e5ef7","tokenurl":"/mcm/api/land?token=62a12a2a46fc59acbf9bfbf71a9e5ef7","imageurl":"/mcm/images/land/1B/799_c1e5115853c.jpg","landname":"33"},{"id":281475009347768,"level":1,"status":1,"posx":29,"posy":9,"cityid":498,"townid":1094,"tokenid":"c590ae304306ca3942d36bb4dfb7281c","tokenurl":"/mcm/api/land?token=c590ae304306ca3942d36bb4dfb7281c","imageurl":"/mcm/images/land/1S/4794_58b23632c6a1.jpg","landname":"34"},{"id":281475009347769,"level":1,"status":1,"posx":31,"posy":9,"cityid":498,"townid":1094,"tokenid":"f7f9cec4a8fc61b56c9811cfa1ee4e9f","tokenurl":"/mcm/api/land?token=f7f9cec4a8fc61b56c9811cfa1ee4e9f","imageurl":"/mcm/images/land/1S/4795_4b4293c3f864.jpg","landname":"35"},{"id":281475009347770,"level":1,"status":1,"posx":32,"posy":9,"cityid":498,"townid":1094,"tokenid":"9637296566ae727f2034a97a4a9353ea","tokenurl":"/mcm/api/land?token=9637296566ae727f2034a97a4a9353ea","imageurl":"/mcm/images/land/1S/4796_26f249ba9f08.jpg","landname":"36"},{"id":281475009347771,"level":1,"status":1,"posx":28,"posy":10,"cityid":498,"townid":1094,"tokenid":"d6565dba9b19ecae46cfc324a108bced","tokenurl":"/mcm/api/land?token=d6565dba9b19ecae46cfc324a108bced","imageurl":"/mcm/images/land/1S/4797_13b698fc4d47.jpg","landname":"37"},{"id":281475009347772,"level":1,"status":1,"posx":29,"posy":10,"cityid":498,"townid":1094,"tokenid":"3d978351febdb0b444ef616a2b5ce1e0","tokenurl":"/mcm/api/land?token=3d978351febdb0b444ef616a2b5ce1e0","imageurl":"/mcm/images/land/1S/4798_d77198ae30e.jpg","landname":"38"},{"id":281475009347773,"level":2,"status":1,"posx":31,"posy":10,"cityid":498,"townid":1094,"tokenid":"6c81fd28fffaa614b7e7123a4801b754","tokenurl":"/mcm/api/land?token=6c81fd28fffaa614b7e7123a4801b754","imageurl":"/mcm/images/land/1A/2395_534bf41c3b6c.jpg","landname":"39"},{"id":281475009347774,"level":3,"status":1,"posx":32,"posy":10,"cityid":498,"townid":1094,"tokenid":"a1019f88c78fdf34fa41e141ee827878","tokenurl":"/mcm/api/land?token=a1019f88c78fdf34fa41e141ee827878","imageurl":"/mcm/images/land/1B/800_8ee63798b3a.jpg","landname":"40"},{"id":281475009347775,"level":1,"status":1,"posx":9,"posy":14,"cityid":498,"townid":1094,"tokenid":"db67ffa6941464786153c4d54a449f96","tokenurl":"/mcm/api/land?token=db67ffa6941464786153c4d54a449f96","imageurl":"/mcm/images/land/1S/4799_535ffb232a92.jpg","landname":"41"},{"id":281475009347776,"level":1,"status":1,"posx":10,"posy":14,"cityid":498,"townid":1094,"tokenid":"5b379e395d7a9ee0e816527b1e8f5928","tokenurl":"/mcm/api/land?token=5b379e395d7a9ee0e816527b1e8f5928","imageurl":"/mcm/images/land/1S/4800_519a329aaf98.jpg","landname":"42"},{"id":281475009347777,"level":2,"status":1,"posx":13,"posy":14,"cityid":498,"townid":1094,"tokenid":"5ddc1fa607effc7d8a312e21130eb7a8","tokenurl":"/mcm/api/land?token=5ddc1fa607effc7d8a312e21130eb7a8","imageurl":"/mcm/images/land/1A/2396_4043d80cf647.jpg","landname":"43"},{"id":281475009347778,"level":2,"status":1,"posx":14,"posy":14,"cityid":498,"townid":1094,"tokenid":"f6ea5ada7ad541baf7a4b1457474d3d4","tokenurl":"/mcm/api/land?token=f6ea5ada7ad541baf7a4b1457474d3d4","imageurl":"/mcm/images/land/1A/2397_377a01e97132.jpg","landname":"44"},{"id":281475009347779,"level":1,"status":1,"posx":17,"posy":14,"cityid":498,"townid":1094,"tokenid":"cef89781833ca273685cc9c027693a0e","tokenurl":"/mcm/api/land?token=cef89781833ca273685cc9c027693a0e","imageurl":"/mcm/images/land/1S/4801_2c9e6699d408.jpg","landname":"45"},{"id":281475009347780,"level":1,"status":1,"posx":18,"posy":14,"cityid":498,"townid":1094,"tokenid":"5d49e4edc8eb4a7bebb46905bae79ea4","tokenurl":"/mcm/api/land?token=5d49e4edc8eb4a7bebb46905bae79ea4","imageurl":"/mcm/images/land/1S/4802_46c723d6eae8.jpg","landname":"46"},{"id":281475009347781,"level":1,"status":1,"posx":9,"posy":15,"cityid":498,"townid":1094,"tokenid":"4546fed733fcd6c143954fedabee8be8","tokenurl":"/mcm/api/land?token=4546fed733fcd6c143954fedabee8be8","imageurl":"/mcm/images/land/1S/4803_53adbe5f5181.jpg","landname":"47"},{"id":281475009347782,"level":1,"status":1,"posx":10,"posy":15,"cityid":498,"townid":1094,"tokenid":"dccbac56f69b9877e32a4195fd78fef4","tokenurl":"/mcm/api/land?token=dccbac56f69b9877e32a4195fd78fef4","imageurl":"/mcm/images/land/1S/4804_f11f8b6d81c.jpg","landname":"48"},{"id":281475009347783,"level":2,"status":1,"posx":13,"posy":15,"cityid":498,"townid":1094,"tokenid":"446c48bb3abd6e4891c305d4fb150bcb","tokenurl":"/mcm/api/land?token=446c48bb3abd6e4891c305d4fb150bcb","imageurl":"/mcm/images/land/1A/2398_3956a0643857.jpg","landname":"49"},{"id":281475009347784,"level":2,"status":1,"posx":14,"posy":15,"cityid":498,"townid":1094,"tokenid":"6e63b4da6fffc46aaa55755ddc7fb3c4","tokenurl":"/mcm/api/land?token=6e63b4da6fffc46aaa55755ddc7fb3c4","imageurl":"/mcm/images/land/1A/2399_4d208632cba5.jpg","landname":"50"},{"id":281475009347785,"level":1,"status":1,"posx":17,"posy":15,"cityid":498,"townid":1094,"tokenid":"6ddfab957d656fa5e426002b329ecad0","tokenurl":"/mcm/api/land?token=6ddfab957d656fa5e426002b329ecad0","imageurl":"/mcm/images/land/1S/4805_4b380542e0e8.jpg","landname":"51"},{"id":281475009347786,"level":2,"status":1,"posx":18,"posy":15,"cityid":498,"townid":1094,"tokenid":"0692fa36715955b8764d4e7323997c26","tokenurl":"/mcm/api/land?token=0692fa36715955b8764d4e7323997c26","imageurl":"/mcm/images/land/1A/2400_49193f6258e.jpg","landname":"52"},{"id":281475009347787,"level":1,"status":1,"posx":9,"posy":16,"cityid":498,"townid":1094,"tokenid":"5fd1715b72604904bc4ee9e145127eed","tokenurl":"/mcm/api/land?token=5fd1715b72604904bc4ee9e145127eed","imageurl":"/mcm/images/land/1S/4806_2183910b7856.jpg","landname":"53"},{"id":281475009347788,"level":1,"status":1,"posx":10,"posy":16,"cityid":498,"townid":1094,"tokenid":"d10622cb47a7dd93b3c1060a512d4a6e","tokenurl":"/mcm/api/land?token=d10622cb47a7dd93b3c1060a512d4a6e","imageurl":"/mcm/images/land/1S/4807_53bec38e985b.jpg","landname":"54"},{"id":281475009347789,"level":2,"status":1,"posx":13,"posy":16,"cityid":498,"townid":1094,"tokenid":"3bd237d93298a262b5836f5d328c7889","tokenurl":"/mcm/api/land?token=3bd237d93298a262b5836f5d328c7889","imageurl":"/mcm/images/land/1A/2401_2114ea0ba264.jpg","landname":"55"},{"id":281475009347790,"level":2,"status":1,"posx":14,"posy":16,"cityid":498,"townid":1094,"tokenid":"c8607d236ddc498c68ca4b4f7fcbfb5c","tokenurl":"/mcm/api/land?token=c8607d236ddc498c68ca4b4f7fcbfb5c","imageurl":"/mcm/images/land/1A/2402_51b936a91f88.jpg","landname":"56"},{"id":281475009347791,"level":2,"status":1,"posx":17,"posy":16,"cityid":498,"townid":1094,"tokenid":"528f120059f8561d2c8955cc33e463f4","tokenurl":"/mcm/api/land?token=528f120059f8561d2c8955cc33e463f4","imageurl":"/mcm/images/land/1A/2403_b1e7dcf0d25.jpg","landname":"57"},{"id":281475009347792,"level":1,"status":1,"posx":18,"posy":16,"cityid":498,"townid":1094,"tokenid":"befbf0c7ddcb47ce44841f0e2cdb479d","tokenurl":"/mcm/api/land?token=befbf0c7ddcb47ce44841f0e2cdb479d","imageurl":"/mcm/images/land/1S/4808_3d2e5984bd5f.jpg","landname":"58"},{"id":281475009347793,"level":2,"status":1,"posx":29,"posy":16,"cityid":498,"townid":1094,"tokenid":"210636c646a2bf23e360afe74a0cfc32","tokenurl":"/mcm/api/land?token=210636c646a2bf23e360afe74a0cfc32","imageurl":"/mcm/images/land/1A/2404_51416721ebed.jpg","landname":"59"},{"id":281475009347794,"level":1,"status":1,"posx":30,"posy":16,"cityid":498,"townid":1094,"tokenid":"e83b5688dbc345e5a57c4a0c19f4f82c","tokenurl":"/mcm/api/land?token=e83b5688dbc345e5a57c4a0c19f4f82c","imageurl":"/mcm/images/land/1S/4809_2815b295ed2f.jpg","landname":"60"},{"id":281475009347795,"level":2,"status":1,"posx":33,"posy":16,"cityid":498,"townid":1094,"tokenid":"198001e34a840e6802d3f972a51b3807","tokenurl":"/mcm/api/land?token=198001e34a840e6802d3f972a51b3807","imageurl":"/mcm/images/land/1A/2405_4c43935dada2.jpg","landname":"61"},{"id":281475009347796,"level":1,"status":1,"posx":34,"posy":16,"cityid":498,"townid":1094,"tokenid":"c69ce222fcefbd0468b09b96e4f47e36","tokenurl":"/mcm/api/land?token=c69ce222fcefbd0468b09b96e4f47e36","imageurl":"/mcm/images/land/1S/4810_eef7ca64514.jpg","landname":"62"},{"id":281475009347797,"level":2,"status":1,"posx":9,"posy":17,"cityid":498,"townid":1094,"tokenid":"bc1d0ff396b8248f067633ead5980091","tokenurl":"/mcm/api/land?token=bc1d0ff396b8248f067633ead5980091","imageurl":"/mcm/images/land/1A/2406_42702224888c.jpg","landname":"63"},{"id":281475009347798,"level":3,"status":1,"posx":10,"posy":17,"cityid":498,"townid":1094,"tokenid":"fa7d771546a67a52e532618e241b7528","tokenurl":"/mcm/api/land?token=fa7d771546a67a52e532618e241b7528","imageurl":"/mcm/images/land/1B/801_491ac513db3b.jpg","landname":"64"},{"id":281475009347799,"level":2,"status":1,"posx":13,"posy":17,"cityid":498,"townid":1094,"tokenid":"416045a1bc63bc3a9ffa1cc9cce03e8a","tokenurl":"/mcm/api/land?token=416045a1bc63bc3a9ffa1cc9cce03e8a","imageurl":"/mcm/images/land/1A/2407_2dfd3eef4ed.jpg","landname":"65"},{"id":281475009347800,"level":1,"status":1,"posx":14,"posy":17,"cityid":498,"townid":1094,"tokenid":"a047e5f91093240149038c69c4344870","tokenurl":"/mcm/api/land?token=a047e5f91093240149038c69c4344870","imageurl":"/mcm/images/land/1S/4811_4b5d23d27763.jpg","landname":"66"},{"id":281475009347801,"level":1,"status":1,"posx":17,"posy":17,"cityid":498,"townid":1094,"tokenid":"50d951feffcffda141223f0184c27c19","tokenurl":"/mcm/api/land?token=50d951feffcffda141223f0184c27c19","imageurl":"/mcm/images/land/1S/4812_345a12c02d52.jpg","landname":"67"},{"id":281475009347802,"level":1,"status":1,"posx":18,"posy":17,"cityid":498,"townid":1094,"tokenid":"157176960babc7a1642b5a781da3cd31","tokenurl":"/mcm/api/land?token=157176960babc7a1642b5a781da3cd31","imageurl":"/mcm/images/land/1S/4813_4cf5ee08f3f5.jpg","landname":"68"},{"id":281475009347803,"level":2,"status":1,"posx":29,"posy":17,"cityid":498,"townid":1094,"tokenid":"9f1efd86fea12ace6a6249bcacace06e","tokenurl":"/mcm/api/land?token=9f1efd86fea12ace6a6249bcacace06e","imageurl":"/mcm/images/land/1A/2408_2c75b4750bfe.jpg","landname":"69"},{"id":281475009347804,"level":2,"status":1,"posx":30,"posy":17,"cityid":498,"townid":1094,"tokenid":"de4002caa987b8fb8f8840af01221e2c","tokenurl":"/mcm/api/land?token=de4002caa987b8fb8f8840af01221e2c","imageurl":"/mcm/images/land/1A/2409_56a52bebdaae.jpg","landname":"70"},{"id":281475009347805,"level":2,"status":1,"posx":33,"posy":17,"cityid":498,"townid":1094,"tokenid":"615609ce2f6caf1387ef79b199a1be7a","tokenurl":"/mcm/api/land?token=615609ce2f6caf1387ef79b199a1be7a","imageurl":"/mcm/images/land/1A/2410_18e08f23c8d9.jpg","landname":"71"},{"id":281475009347806,"level":3,"status":1,"posx":34,"posy":17,"cityid":498,"townid":1094,"tokenid":"706e4535ffe4f796f8fa1ad8ca4760c1","tokenurl":"/mcm/api/land?token=706e4535ffe4f796f8fa1ad8ca4760c1","imageurl":"/mcm/images/land/1B/802_531b8d80d7b4.jpg","landname":"72"},{"id":281475009347807,"level":2,"status":1,"posx":3,"posy":18,"cityid":498,"townid":1094,"tokenid":"f50feefd3d6c5700ec9ad280ca35e4fa","tokenurl":"/mcm/api/land?token=f50feefd3d6c5700ec9ad280ca35e4fa","imageurl":"/mcm/images/land/1A/2411_b086c23ef19.jpg","landname":"73"},{"id":281475009347808,"level":2,"status":1,"posx":4,"posy":18,"cityid":498,"townid":1094,"tokenid":"99efaa59a9152a5169b3b2093f1c1259","tokenurl":"/mcm/api/land?token=99efaa59a9152a5169b3b2093f1c1259","imageurl":"/mcm/images/land/1A/2412_3255bd1696b8.jpg","landname":"74"},{"id":281475009347809,"level":1,"status":1,"posx":9,"posy":18,"cityid":498,"townid":1094,"tokenid":"563581de4653c89a11c795bd18e3704a","tokenurl":"/mcm/api/land?token=563581de4653c89a11c795bd18e3704a","imageurl":"/mcm/images/land/1S/4814_510e23617698.jpg","landname":"75"},{"id":281475009347810,"level":2,"status":1,"posx":10,"posy":18,"cityid":498,"townid":1094,"tokenid":"017c2dbe8ebd642d83556821d96686e2","tokenurl":"/mcm/api/land?token=017c2dbe8ebd642d83556821d96686e2","imageurl":"/mcm/images/land/1A/2413_16975d1c2bbf.jpg","landname":"76"},{"id":281475009347811,"level":3,"status":1,"posx":13,"posy":18,"cityid":498,"townid":1094,"tokenid":"b37920ed48de7d5d718b2de74cd301a5","tokenurl":"/mcm/api/land?token=b37920ed48de7d5d718b2de74cd301a5","imageurl":"/mcm/images/land/1B/803_53879b95df08.jpg","landname":"77"},{"id":281475009347812,"level":2,"status":1,"posx":14,"posy":18,"cityid":498,"townid":1094,"tokenid":"c9299791d53922a71bea62add6714f62","tokenurl":"/mcm/api/land?token=c9299791d53922a71bea62add6714f62","imageurl":"/mcm/images/land/1A/2414_cc07facaa0e.jpg","landname":"78"},{"id":281475009347813,"level":3,"status":1,"posx":17,"posy":18,"cityid":498,"townid":1094,"tokenid":"9e99c55af2e1d606d1ab212cd4bd5ffa","tokenurl":"/mcm/api/land?token=9e99c55af2e1d606d1ab212cd4bd5ffa","imageurl":"/mcm/images/land/1B/804_1fff6fc9a908.jpg","landname":"79"},{"id":281475009347814,"level":1,"status":1,"posx":18,"posy":18,"cityid":498,"townid":1094,"tokenid":"e28a2ce261ba383148017826e52aff71","tokenurl":"/mcm/api/land?token=e28a2ce261ba383148017826e52aff71","imageurl":"/mcm/images/land/1S/4815_16f7b2bf6579.jpg","landname":"80"},{"id":281475009347815,"level":1,"status":1,"posx":29,"posy":18,"cityid":498,"townid":1094,"tokenid":"6768fb052d4e3bef9526db8cbdc15f6a","tokenurl":"/mcm/api/land?token=6768fb052d4e3bef9526db8cbdc15f6a","imageurl":"/mcm/images/land/1S/4816_1fb876cafcb0.jpg","landname":"81"},{"id":281475009347816,"level":1,"status":1,"posx":30,"posy":18,"cityid":498,"townid":1094,"tokenid":"d25898b09c7a3c9803e00e82bd07698d","tokenurl":"/mcm/api/land?token=d25898b09c7a3c9803e00e82bd07698d","imageurl":"/mcm/images/land/1S/4817_548b8c18d3c9.jpg","landname":"82"},{"id":281475009347817,"level":2,"status":1,"posx":33,"posy":18,"cityid":498,"townid":1094,"tokenid":"e12e354529d2aac704af652bc957aa3f","tokenurl":"/mcm/api/land?token=e12e354529d2aac704af652bc957aa3f","imageurl":"/mcm/images/land/1A/2415_7d6e21c1a7d.jpg","landname":"83"},{"id":281475009347818,"level":3,"status":1,"posx":34,"posy":18,"cityid":498,"townid":1094,"tokenid":"3741cc957663e31cb733da5b8ac83561","tokenurl":"/mcm/api/land?token=3741cc957663e31cb733da5b8ac83561","imageurl":"/mcm/images/land/1B/805_2c8d26286d46.jpg","landname":"84"},{"id":281475009347819,"level":2,"status":1,"posx":3,"posy":19,"cityid":498,"townid":1094,"tokenid":"32cfac7331ba359d67166871daa5bb77","tokenurl":"/mcm/api/land?token=32cfac7331ba359d67166871daa5bb77","imageurl":"/mcm/images/land/1A/2416_757f5ccfba0.jpg","landname":"85"},{"id":281475009347820,"level":3,"status":1,"posx":4,"posy":19,"cityid":498,"townid":1094,"tokenid":"9c16bbfed47ff163d756b2e273b8c84a","tokenurl":"/mcm/api/land?token=9c16bbfed47ff163d756b2e273b8c84a","imageurl":"/mcm/images/land/1B/806_1902fab7d401.jpg","landname":"86"},{"id":281475009347821,"level":1,"status":1,"posx":29,"posy":19,"cityid":498,"townid":1094,"tokenid":"12c21285962eda5ff8ce04143840c9f2","tokenurl":"/mcm/api/land?token=12c21285962eda5ff8ce04143840c9f2","imageurl":"/mcm/images/land/1S/4818_362b0d60afd0.jpg","landname":"87"},{"id":281475009347822,"level":1,"status":1,"posx":30,"posy":19,"cityid":498,"townid":1094,"tokenid":"1416600f61c974b647dc09c612c67e4b","tokenurl":"/mcm/api/land?token=1416600f61c974b647dc09c612c67e4b","imageurl":"/mcm/images/land/1S/4819_1ca9ad823bce.jpg","landname":"88"},{"id":281475009347823,"level":1,"status":1,"posx":33,"posy":19,"cityid":498,"townid":1094,"tokenid":"cc67b82f826bbac71e8be588f1b5ec16","tokenurl":"/mcm/api/land?token=cc67b82f826bbac71e8be588f1b5ec16","imageurl":"/mcm/images/land/1S/4820_4ab96c35bdc2.jpg","landname":"89"},{"id":281475009347824,"level":3,"status":1,"posx":34,"posy":19,"cityid":498,"townid":1094,"tokenid":"07731b7e76922b4c9faf48c733aa3890","tokenurl":"/mcm/api/land?token=07731b7e76922b4c9faf48c733aa3890","imageurl":"/mcm/images/land/1B/807_7b7d2623c2f.jpg","landname":"90"},{"id":281475009347825,"level":1,"status":1,"posx":3,"posy":20,"cityid":498,"townid":1094,"tokenid":"dcafb0ab8c440f56e86c944170e267c8","tokenurl":"/mcm/api/land?token=dcafb0ab8c440f56e86c944170e267c8","imageurl":"/mcm/images/land/1S/4821_5712d1e2331c.jpg","landname":"91"},{"id":281475009347826,"level":1,"status":1,"posx":4,"posy":20,"cityid":498,"townid":1094,"tokenid":"e057d77895ea5cbfbf3ddc384a80df02","tokenurl":"/mcm/api/land?token=e057d77895ea5cbfbf3ddc384a80df02","imageurl":"/mcm/images/land/1S/4822_54f441b9c231.jpg","landname":"92"},{"id":281475009347827,"level":1,"status":1,"posx":9,"posy":20,"cityid":498,"townid":1094,"tokenid":"791a5cb98dfd802431bd9715715222e3","tokenurl":"/mcm/api/land?token=791a5cb98dfd802431bd9715715222e3","imageurl":"/mcm/images/land/1S/4823_4c61a5384ec5.jpg","landname":"93"},{"id":281475009347828,"level":1,"status":1,"posx":10,"posy":20,"cityid":498,"townid":1094,"tokenid":"cccdf0dbfd3d81ce041d0ed35f0a9857","tokenurl":"/mcm/api/land?token=cccdf0dbfd3d81ce041d0ed35f0a9857","imageurl":"/mcm/images/land/1S/4824_12b22334fef5.jpg","landname":"94"},{"id":281475009347829,"level":1,"status":1,"posx":13,"posy":20,"cityid":498,"townid":1094,"tokenid":"1c0efecea12e5e96dc1c9427adb2719a","tokenurl":"/mcm/api/land?token=1c0efecea12e5e96dc1c9427adb2719a","imageurl":"/mcm/images/land/1S/4825_3990a9a0d612.jpg","landname":"95"},{"id":281475009347830,"level":1,"status":1,"posx":14,"posy":20,"cityid":498,"townid":1094,"tokenid":"ca0c3b3c91bfb61eea7336bf6a145d21","tokenurl":"/mcm/api/land?token=ca0c3b3c91bfb61eea7336bf6a145d21","imageurl":"/mcm/images/land/1S/4826_223d9b5ce9e5.jpg","landname":"96"},{"id":281475009347831,"level":3,"status":1,"posx":17,"posy":20,"cityid":498,"townid":1094,"tokenid":"fb7067babab1b3cbd6d042731231a370","tokenurl":"/mcm/api/land?token=fb7067babab1b3cbd6d042731231a370","imageurl":"/mcm/images/land/1B/808_4071c7166c7.jpg","landname":"97"},{"id":281475009347832,"level":2,"status":1,"posx":18,"posy":20,"cityid":498,"townid":1094,"tokenid":"f468b9ffef4b270cca520fee4fb36f59","tokenurl":"/mcm/api/land?token=f468b9ffef4b270cca520fee4fb36f59","imageurl":"/mcm/images/land/1A/2417_42ba464aff54.jpg","landname":"98"},{"id":281475009347833,"level":1,"status":1,"posx":29,"posy":20,"cityid":498,"townid":1094,"tokenid":"425e0d97c3517d36b86b84588e04f11a","tokenurl":"/mcm/api/land?token=425e0d97c3517d36b86b84588e04f11a","imageurl":"/mcm/images/land/1S/4827_3ce9e11810ee.jpg","landname":"99"},{"id":281475009347834,"level":1,"status":1,"posx":30,"posy":20,"cityid":498,"townid":1094,"tokenid":"5dd3b5ebcf2188753466f5964452c3cd","tokenurl":"/mcm/api/land?token=5dd3b5ebcf2188753466f5964452c3cd","imageurl":"/mcm/images/land/1S/4828_42b32ae4584e.jpg","landname":"100"},{"id":281475009347835,"level":2,"status":1,"posx":33,"posy":20,"cityid":498,"townid":1094,"tokenid":"5c0064a8507b684c9beb7934560d2b0d","tokenurl":"/mcm/api/land?token=5c0064a8507b684c9beb7934560d2b0d","imageurl":"/mcm/images/land/1A/2418_525fa2531bf.jpg","landname":"101"},{"id":281475009347836,"level":2,"status":1,"posx":34,"posy":20,"cityid":498,"townid":1094,"tokenid":"a3dc56e6dbf1b77014e119effb95cfc8","tokenurl":"/mcm/api/land?token=a3dc56e6dbf1b77014e119effb95cfc8","imageurl":"/mcm/images/land/1A/2419_28f1b250ad10.jpg","landname":"102"},{"id":281475009347837,"level":3,"status":1,"posx":3,"posy":21,"cityid":498,"townid":1094,"tokenid":"66d8b448bf0a22d6df7cec4682b31f34","tokenurl":"/mcm/api/land?token=66d8b448bf0a22d6df7cec4682b31f34","imageurl":"/mcm/images/land/1B/809_345a91a1e379.jpg","landname":"103"},{"id":281475009347838,"level":2,"status":1,"posx":4,"posy":21,"cityid":498,"townid":1094,"tokenid":"6f3b40bcd29002fa4e7275e47aea085c","tokenurl":"/mcm/api/land?token=6f3b40bcd29002fa4e7275e47aea085c","imageurl":"/mcm/images/land/1A/2420_58886ad3d6ca.jpg","landname":"104"},{"id":281475009347839,"level":1,"status":1,"posx":9,"posy":21,"cityid":498,"townid":1094,"tokenid":"3d97c5083f34e0285217b92d1b491d4a","tokenurl":"/mcm/api/land?token=3d97c5083f34e0285217b92d1b491d4a","imageurl":"/mcm/images/land/1S/4829_5d734a4d604.jpg","landname":"105"},{"id":281475009347840,"level":1,"status":1,"posx":10,"posy":21,"cityid":498,"townid":1094,"tokenid":"c3dc682f16dda8c6be9cbcbef0cb4b76","tokenurl":"/mcm/api/land?token=c3dc682f16dda8c6be9cbcbef0cb4b76","imageurl":"/mcm/images/land/1S/4830_39d573849d6c.jpg","landname":"106"},{"id":281475009347841,"level":3,"status":1,"posx":13,"posy":21,"cityid":498,"townid":1094,"tokenid":"78479783eba22cf3ecf0dc7b6f05c4ce","tokenurl":"/mcm/api/land?token=78479783eba22cf3ecf0dc7b6f05c4ce","imageurl":"/mcm/images/land/1B/810_388163cd2fdd.jpg","landname":"107"},{"id":281475009347842,"level":1,"status":1,"posx":14,"posy":21,"cityid":498,"townid":1094,"tokenid":"93d7d1df75873773ef83884f5d418002","tokenurl":"/mcm/api/land?token=93d7d1df75873773ef83884f5d418002","imageurl":"/mcm/images/land/1S/4831_1d7e8b65e0ff.jpg","landname":"108"},{"id":281475009347843,"level":2,"status":1,"posx":17,"posy":21,"cityid":498,"townid":1094,"tokenid":"4fc907f1885776e7941cf3466240185f","tokenurl":"/mcm/api/land?token=4fc907f1885776e7941cf3466240185f","imageurl":"/mcm/images/land/1A/2421_1dbcabd0a3b3.jpg","landname":"109"},{"id":281475009347844,"level":1,"status":1,"posx":18,"posy":21,"cityid":498,"townid":1094,"tokenid":"bceab09266e88e7c8ea13a7327dd3145","tokenurl":"/mcm/api/land?token=bceab09266e88e7c8ea13a7327dd3145","imageurl":"/mcm/images/land/1S/4832_42ea843773d6.jpg","landname":"110"},{"id":281475009347845,"level":1,"status":1,"posx":3,"posy":22,"cityid":498,"townid":1094,"tokenid":"398f574597f8a56395987c6045c42737","tokenurl":"/mcm/api/land?token=398f574597f8a56395987c6045c42737","imageurl":"/mcm/images/land/1S/4833_4318da28a305.jpg","landname":"111"},{"id":281475009347846,"level":1,"status":1,"posx":4,"posy":22,"cityid":498,"townid":1094,"tokenid":"62938917d7998b7cfd71a409d7e07be3","tokenurl":"/mcm/api/land?token=62938917d7998b7cfd71a409d7e07be3","imageurl":"/mcm/images/land/1S/4834_312731c88ed3.jpg","landname":"112"},{"id":281475009347847,"level":1,"status":1,"posx":9,"posy":22,"cityid":498,"townid":1094,"tokenid":"170187aa041f0b282d133d04603ce94d","tokenurl":"/mcm/api/land?token=170187aa041f0b282d133d04603ce94d","imageurl":"/mcm/images/land/1S/4835_9de9207184d.jpg","landname":"113"},{"id":281475009347848,"level":1,"status":1,"posx":10,"posy":22,"cityid":498,"townid":1094,"tokenid":"cdd94e6c736789d636c456686c69796c","tokenurl":"/mcm/api/land?token=cdd94e6c736789d636c456686c69796c","imageurl":"/mcm/images/land/1S/4836_323f2d966132.jpg","landname":"114"},{"id":281475009347849,"level":2,"status":1,"posx":13,"posy":22,"cityid":498,"townid":1094,"tokenid":"956311c685685fcd1ec55a6b445d44e4","tokenurl":"/mcm/api/land?token=956311c685685fcd1ec55a6b445d44e4","imageurl":"/mcm/images/land/1A/2422_2d878517d220.jpg","landname":"115"},{"id":281475009347850,"level":2,"status":1,"posx":14,"posy":22,"cityid":498,"townid":1094,"tokenid":"c30df2e28f01c409956b0474d487f860","tokenurl":"/mcm/api/land?token=c30df2e28f01c409956b0474d487f860","imageurl":"/mcm/images/land/1A/2423_3b9b1b460b9f.jpg","landname":"116"},{"id":281475009347851,"level":1,"status":1,"posx":17,"posy":22,"cityid":498,"townid":1094,"tokenid":"e218db74a059c3f81feb946571cf3e59","tokenurl":"/mcm/api/land?token=e218db74a059c3f81feb946571cf3e59","imageurl":"/mcm/images/land/1S/4837_42216ef1cc96.jpg","landname":"117"},{"id":281475009347852,"level":1,"status":1,"posx":18,"posy":22,"cityid":498,"townid":1094,"tokenid":"8635a49d168078b8faa55ba6101f1bc7","tokenurl":"/mcm/api/land?token=8635a49d168078b8faa55ba6101f1bc7","imageurl":"/mcm/images/land/1S/4838_2600aeb78864.jpg","landname":"118"},{"id":281475009347853,"level":2,"status":1,"posx":9,"posy":23,"cityid":498,"townid":1094,"tokenid":"564cc767d09f0109153401d7698a2246","tokenurl":"/mcm/api/land?token=564cc767d09f0109153401d7698a2246","imageurl":"/mcm/images/land/1A/2424_1bc82381c3d4.jpg","landname":"119"},{"id":281475009347854,"level":1,"status":1,"posx":10,"posy":23,"cityid":498,"townid":1094,"tokenid":"da137bf19d2f10afc0885892f735c319","tokenurl":"/mcm/api/land?token=da137bf19d2f10afc0885892f735c319","imageurl":"/mcm/images/land/1S/4839_19883ea08f03.jpg","landname":"120"},{"id":281475009347855,"level":1,"status":1,"posx":13,"posy":23,"cityid":498,"townid":1094,"tokenid":"0941923472e7ef91cbf5493f97000555","tokenurl":"/mcm/api/land?token=0941923472e7ef91cbf5493f97000555","imageurl":"/mcm/images/land/1S/4840_460c6ea8fb93.jpg","landname":"121"},{"id":281475009347856,"level":2,"status":1,"posx":14,"posy":23,"cityid":498,"townid":1094,"tokenid":"6c83ae1668b9f654e149d24488f31950","tokenurl":"/mcm/api/land?token=6c83ae1668b9f654e149d24488f31950","imageurl":"/mcm/images/land/1A/2425_1762bac051f6.jpg","landname":"122"},{"id":281475009347857,"level":1,"status":1,"posx":17,"posy":23,"cityid":498,"townid":1094,"tokenid":"22720827971386aa4b0b898e8b7b343b","tokenurl":"/mcm/api/land?token=22720827971386aa4b0b898e8b7b343b","imageurl":"/mcm/images/land/1S/4841_1a6c8d195b1d.jpg","landname":"123"},{"id":281475009347858,"level":1,"status":1,"posx":18,"posy":23,"cityid":498,"townid":1094,"tokenid":"cedca231bba0b742f8fe0529d42e0fb5","tokenurl":"/mcm/api/land?token=cedca231bba0b742f8fe0529d42e0fb5","imageurl":"/mcm/images/land/1S/4842_4ecf8c97f6e2.jpg","landname":"124"},{"id":281475009347859,"level":1,"status":1,"posx":9,"posy":24,"cityid":498,"townid":1094,"tokenid":"e7ac0f13d596d910bd73c5d601283227","tokenurl":"/mcm/api/land?token=e7ac0f13d596d910bd73c5d601283227","imageurl":"/mcm/images/land/1S/4843_19954bf87fc3.jpg","landname":"125"},{"id":281475009347860,"level":1,"status":1,"posx":10,"posy":24,"cityid":498,"townid":1094,"tokenid":"f6db80730cde89a4edc199708a03206f","tokenurl":"/mcm/api/land?token=f6db80730cde89a4edc199708a03206f","imageurl":"/mcm/images/land/1S/4844_561b95b19d7d.jpg","landname":"126"},{"id":281475009347861,"level":1,"status":1,"posx":13,"posy":24,"cityid":498,"townid":1094,"tokenid":"6161908e6a74e61155914ff1af5a1cc0","tokenurl":"/mcm/api/land?token=6161908e6a74e61155914ff1af5a1cc0","imageurl":"/mcm/images/land/1S/4845_3fbd0ae07062.jpg","landname":"127"},{"id":281475009347862,"level":1,"status":1,"posx":14,"posy":24,"cityid":498,"townid":1094,"tokenid":"d6e4594b65515b4134fd83d9b616baed","tokenurl":"/mcm/api/land?token=d6e4594b65515b4134fd83d9b616baed","imageurl":"/mcm/images/land/1S/4846_1baf7dc1c7a7.jpg","landname":"128"},{"id":281475009347863,"level":1,"status":1,"posx":17,"posy":24,"cityid":498,"townid":1094,"tokenid":"9ca11eff806375574c469decf2abd948","tokenurl":"/mcm/api/land?token=9ca11eff806375574c469decf2abd948","imageurl":"/mcm/images/land/1S/4847_3df08bd1ad0a.jpg","landname":"129"},{"id":281475009347864,"level":1,"status":1,"posx":18,"posy":24,"cityid":498,"townid":1094,"tokenid":"526b889f9f9f618279e10fdd5f94d91a","tokenurl":"/mcm/api/land?token=526b889f9f9f618279e10fdd5f94d91a","imageurl":"/mcm/images/land/1S/4848_1cab816b64e4.jpg","landname":"130"},{"id":281475009347865,"level":1,"status":1,"posx":30,"posy":25,"cityid":498,"townid":1094,"tokenid":"31b4ec465767ecf9eeeb9f01ee0c84d6","tokenurl":"/mcm/api/land?token=31b4ec465767ecf9eeeb9f01ee0c84d6","imageurl":"/mcm/images/land/1S/4849_1fa0c5c72f05.jpg","landname":"131"},{"id":281475009347866,"level":1,"status":1,"posx":31,"posy":25,"cityid":498,"townid":1094,"tokenid":"8e9567b36f64542910619ece7c90fd32","tokenurl":"/mcm/api/land?token=8e9567b36f64542910619ece7c90fd32","imageurl":"/mcm/images/land/1S/4850_2016a5a8ad67.jpg","landname":"132"},{"id":281475009347867,"level":2,"status":1,"posx":30,"posy":26,"cityid":498,"townid":1094,"tokenid":"4a5f9033d0ef62fb027d36d02aa36ba1","tokenurl":"/mcm/api/land?token=4a5f9033d0ef62fb027d36d02aa36ba1","imageurl":"/mcm/images/land/1A/2426_28e7766a9559.jpg","landname":"133"},{"id":281475009347868,"level":1,"status":1,"posx":31,"posy":26,"cityid":498,"townid":1094,"tokenid":"767564ed4844c59acb2fc083c489f44c","tokenurl":"/mcm/api/land?token=767564ed4844c59acb2fc083c489f44c","imageurl":"/mcm/images/land/1S/4851_1928af7aab03.jpg","landname":"134"},{"id":281475009347869,"level":1,"status":1,"posx":30,"posy":27,"cityid":498,"townid":1094,"tokenid":"27c2554c96f0421c9bed2950941c0c92","tokenurl":"/mcm/api/land?token=27c2554c96f0421c9bed2950941c0c92","imageurl":"/mcm/images/land/1S/4852_11058fcb8ac0.jpg","landname":"135"},{"id":281475009347870,"level":2,"status":1,"posx":31,"posy":27,"cityid":498,"townid":1094,"tokenid":"64c05a69b6cd4f0cd46a397f488d904e","tokenurl":"/mcm/api/land?token=64c05a69b6cd4f0cd46a397f488d904e","imageurl":"/mcm/images/land/1A/2427_7778baa7d90.jpg","landname":"136"},{"id":281475009347871,"level":2,"status":1,"posx":30,"posy":28,"cityid":498,"townid":1094,"tokenid":"87e26f09347e45d6b4d7cdf9abb0b75c","tokenurl":"/mcm/api/land?token=87e26f09347e45d6b4d7cdf9abb0b75c","imageurl":"/mcm/images/land/1A/2428_5717630b8ac8.jpg","landname":"137"},{"id":281475009347872,"level":2,"status":1,"posx":31,"posy":28,"cityid":498,"townid":1094,"tokenid":"12649fdf82b3c25216fe885584b34b5f","tokenurl":"/mcm/api/land?token=12649fdf82b3c25216fe885584b34b5f","imageurl":"/mcm/images/land/1A/2429_59a960ebd9f8.jpg","landname":"138"},{"id":281475009347873,"level":1,"status":1,"posx":30,"posy":29,"cityid":498,"townid":1094,"tokenid":"55c2df742f418f9db592fac897795233","tokenurl":"/mcm/api/land?token=55c2df742f418f9db592fac897795233","imageurl":"/mcm/images/land/1S/4853_486374899283.jpg","landname":"139"},{"id":281475009347874,"level":1,"status":1,"posx":31,"posy":29,"cityid":498,"townid":1094,"tokenid":"a9f3eac115a3314cae6db120d71dec2b","tokenurl":"/mcm/api/land?token=a9f3eac115a3314cae6db120d71dec2b","imageurl":"/mcm/images/land/1S/4854_a3b51caf291.jpg","landname":"140"},{"id":281475009347875,"level":1,"status":1,"posx":10,"posy":30,"cityid":498,"townid":1094,"tokenid":"708c7e6ae8751aa303459c39974b201b","tokenurl":"/mcm/api/land?token=708c7e6ae8751aa303459c39974b201b","imageurl":"/mcm/images/land/1S/4855_497463c9d253.jpg","landname":"141"},{"id":281475009347876,"level":1,"status":1,"posx":11,"posy":30,"cityid":498,"townid":1094,"tokenid":"ed85cb2d6a1ec23cf1f34a707d5f87f4","tokenurl":"/mcm/api/land?token=ed85cb2d6a1ec23cf1f34a707d5f87f4","imageurl":"/mcm/images/land/1S/4856_4abfbdda7b41.jpg","landname":"142"},{"id":281475009347877,"level":2,"status":1,"posx":12,"posy":30,"cityid":498,"townid":1094,"tokenid":"477357f573e4ddc85c9e911a684e8725","tokenurl":"/mcm/api/land?token=477357f573e4ddc85c9e911a684e8725","imageurl":"/mcm/images/land/1A/2430_d35c592ca77.jpg","landname":"143"},{"id":281475009347878,"level":3,"status":1,"posx":13,"posy":30,"cityid":498,"townid":1094,"tokenid":"decdab6042235a956e5ff0e7b0af9c99","tokenurl":"/mcm/api/land?token=decdab6042235a956e5ff0e7b0af9c99","imageurl":"/mcm/images/land/1B/811_435e64e4a4e3.jpg","landname":"144"},{"id":281475009347879,"level":1,"status":1,"posx":14,"posy":30,"cityid":498,"townid":1094,"tokenid":"14b5f12c522a1600bb2c26a576b70229","tokenurl":"/mcm/api/land?token=14b5f12c522a1600bb2c26a576b70229","imageurl":"/mcm/images/land/1S/4857_1aa97b8f7ea9.jpg","landname":"145"},{"id":281475009347880,"level":1,"status":1,"posx":10,"posy":31,"cityid":498,"townid":1094,"tokenid":"8f218e8bbe61a16b5310da1488454f96","tokenurl":"/mcm/api/land?token=8f218e8bbe61a16b5310da1488454f96","imageurl":"/mcm/images/land/1S/4858_4f84f3b62905.jpg","landname":"146"},{"id":281475009347881,"level":1,"status":1,"posx":11,"posy":31,"cityid":498,"townid":1094,"tokenid":"1c80cbab5452c6ba90e0726246849214","tokenurl":"/mcm/api/land?token=1c80cbab5452c6ba90e0726246849214","imageurl":"/mcm/images/land/1S/4859_4721d2964a51.jpg","landname":"147"},{"id":281475009347882,"level":1,"status":1,"posx":12,"posy":31,"cityid":498,"townid":1094,"tokenid":"871bf8cc30558dfb94880bc7642d1d32","tokenurl":"/mcm/api/land?token=871bf8cc30558dfb94880bc7642d1d32","imageurl":"/mcm/images/land/1S/4860_28f3d6273bff.jpg","landname":"148"},{"id":281475009347883,"level":2,"status":1,"posx":13,"posy":31,"cityid":498,"townid":1094,"tokenid":"122d05a75d4b72c7d64f16a44e4f82b8","tokenurl":"/mcm/api/land?token=122d05a75d4b72c7d64f16a44e4f82b8","imageurl":"/mcm/images/land/1A/2431_2576831f6b1c.jpg","landname":"149"},{"id":281475009347884,"level":1,"status":1,"posx":14,"posy":31,"cityid":498,"townid":1094,"tokenid":"f1f43a73460ee2ac87d55cf9a07b2871","tokenurl":"/mcm/api/land?token=f1f43a73460ee2ac87d55cf9a07b2871","imageurl":"/mcm/images/land/1S/4861_363d118efd1a.jpg","landname":"150"}]]],0,0,[],[],[]]
