[1,0,0,[["cc.JsonAsset",["_name","json"],1]],[[0,0,1,3]],[[0,"879",[{"id":281475003056129,"level":2,"status":0,"posx":7,"posy":5,"cityid":402,"townid":879,"tokenid":"7819b2b91252c51a1156d8c3d149298f","tokenurl":"/mcm/api/land?token=7819b2b91252c51a1156d8c3d149298f","imageurl":"/mcm/images/land/2A/14312_3e9accaea78c.jpg","landname":"1"},{"id":281475003056130,"level":3,"status":1,"posx":8,"posy":5,"cityid":402,"townid":879,"tokenid":"173ae38d4256865f75a3e01e18b9d3a1","tokenurl":"/mcm/api/land?token=173ae38d4256865f75a3e01e18b9d3a1","imageurl":"/mcm/images/land/2B/23852_59e28542e9ab.jpg","landname":"2"},{"id":281475003056131,"level":3,"status":0,"posx":16,"posy":5,"cityid":402,"townid":879,"tokenid":"e43c548b47e77d9c9fcdbfb6b173e460","tokenurl":"/mcm/api/land?token=e43c548b47e77d9c9fcdbfb6b173e460","imageurl":"/mcm/images/land/2B/23853_2882f7838a5f.jpg","landname":"3"},{"id":281475003056132,"level":1,"status":1,"posx":17,"posy":5,"cityid":402,"townid":879,"tokenid":"9cb1d3be9fec9240268ad6237cbb9c6e","tokenurl":"/mcm/api/land?token=9cb1d3be9fec9240268ad6237cbb9c6e","imageurl":"/mcm/images/land/2S/9542_4409814a08a4.jpg","landname":"4"},{"id":281475003056133,"level":3,"status":1,"posx":20,"posy":5,"cityid":402,"townid":879,"tokenid":"c47869600a86082ddb2daa06b861352e","tokenurl":"/mcm/api/land?token=c47869600a86082ddb2daa06b861352e","imageurl":"/mcm/images/land/2B/23854_550da5196b62.jpg","landname":"5"},{"id":281475003056134,"level":3,"status":1,"posx":21,"posy":5,"cityid":402,"townid":879,"tokenid":"8d332741dce12cdb503714319876fa7f","tokenurl":"/mcm/api/land?token=8d332741dce12cdb503714319876fa7f","imageurl":"/mcm/images/land/2B/23855_447b271c94a0.jpg","landname":"6"},{"id":281475003056135,"level":1,"status":1,"posx":7,"posy":6,"cityid":402,"townid":879,"tokenid":"f804cb3eb586750c970196f82da9495b","tokenurl":"/mcm/api/land?token=f804cb3eb586750c970196f82da9495b","imageurl":"/mcm/images/land/2S/9543_4ca37594dabd.jpg","landname":"7"},{"id":281475003056136,"level":1,"status":0,"posx":8,"posy":6,"cityid":402,"townid":879,"tokenid":"ba377c434dfd34ec8f036cc9cbc7d6fe","tokenurl":"/mcm/api/land?token=ba377c434dfd34ec8f036cc9cbc7d6fe","imageurl":"/mcm/images/land/2S/9544_12d9c8b3c1ef.jpg","landname":"8"},{"id":281475003056137,"level":2,"status":1,"posx":16,"posy":6,"cityid":402,"townid":879,"tokenid":"06886321b67c42891a72993b99a175bb","tokenurl":"/mcm/api/land?token=06886321b67c42891a72993b99a175bb","imageurl":"/mcm/images/land/2A/14313_4cd9159ea921.jpg","landname":"9"},{"id":281475003056138,"level":2,"status":0,"posx":17,"posy":6,"cityid":402,"townid":879,"tokenid":"7e49ec0d1b4814ebd24b46dffd058dea","tokenurl":"/mcm/api/land?token=7e49ec0d1b4814ebd24b46dffd058dea","imageurl":"/mcm/images/land/2A/14314_42dc0c97055.jpg","landname":"10"},{"id":281475003056139,"level":3,"status":0,"posx":20,"posy":6,"cityid":402,"townid":879,"tokenid":"621325dc7fe9d0500facb1c3d46ab840","tokenurl":"/mcm/api/land?token=621325dc7fe9d0500facb1c3d46ab840","imageurl":"/mcm/images/land/2B/23856_3aa83226feb4.jpg","landname":"11"},{"id":281475003056140,"level":2,"status":1,"posx":21,"posy":6,"cityid":402,"townid":879,"tokenid":"d2d6fcc91b7683e15c4836d1a45b5c96","tokenurl":"/mcm/api/land?token=d2d6fcc91b7683e15c4836d1a45b5c96","imageurl":"/mcm/images/land/2A/14315_536159bf62ec.jpg","landname":"12"},{"id":281475003056141,"level":3,"status":1,"posx":7,"posy":7,"cityid":402,"townid":879,"tokenid":"118e47d97001cc5413eb40c35cb76ddb","tokenurl":"/mcm/api/land?token=118e47d97001cc5413eb40c35cb76ddb","imageurl":"/mcm/images/land/2B/23857_2ac104839961.jpg","landname":"13"},{"id":281475003056142,"level":1,"status":1,"posx":8,"posy":7,"cityid":402,"townid":879,"tokenid":"225b872933b6cd6caa802b5a8e881516","tokenurl":"/mcm/api/land?token=225b872933b6cd6caa802b5a8e881516","imageurl":"/mcm/images/land/2S/9545_43fd85b679e.jpg","landname":"14"},{"id":281475003056143,"level":2,"status":0,"posx":16,"posy":7,"cityid":402,"townid":879,"tokenid":"c5c23b4c59077bbcd2e223a04835f379","tokenurl":"/mcm/api/land?token=c5c23b4c59077bbcd2e223a04835f379","imageurl":"/mcm/images/land/2A/14316_471e2663e455.jpg","landname":"15"},{"id":281475003056144,"level":3,"status":0,"posx":17,"posy":7,"cityid":402,"townid":879,"tokenid":"9885d657ef3be30934ea074ac1f40bc6","tokenurl":"/mcm/api/land?token=9885d657ef3be30934ea074ac1f40bc6","imageurl":"/mcm/images/land/2B/23858_4a9e38234892.jpg","landname":"16"},{"id":281475003056145,"level":3,"status":0,"posx":20,"posy":7,"cityid":402,"townid":879,"tokenid":"a505864af79ffc104d5d195e7a49db26","tokenurl":"/mcm/api/land?token=a505864af79ffc104d5d195e7a49db26","imageurl":"/mcm/images/land/2B/23859_565867e1c81d.jpg","landname":"17"},{"id":281475003056146,"level":3,"status":0,"posx":21,"posy":7,"cityid":402,"townid":879,"tokenid":"2f95269b7c7aed0569be63cbf80b9165","tokenurl":"/mcm/api/land?token=2f95269b7c7aed0569be63cbf80b9165","imageurl":"/mcm/images/land/2B/23860_2b0e063a949b.jpg","landname":"18"},{"id":281475003056147,"level":3,"status":1,"posx":7,"posy":8,"cityid":402,"townid":879,"tokenid":"7440f99196870d8f958d3b0da414ea49","tokenurl":"/mcm/api/land?token=7440f99196870d8f958d3b0da414ea49","imageurl":"/mcm/images/land/2B/23861_57943b9d40f9.jpg","landname":"19"},{"id":281475003056148,"level":3,"status":1,"posx":8,"posy":8,"cityid":402,"townid":879,"tokenid":"8ed4b4e6a37b68c81141ff8d920da95f","tokenurl":"/mcm/api/land?token=8ed4b4e6a37b68c81141ff8d920da95f","imageurl":"/mcm/images/land/2B/23862_105453244d3e.jpg","landname":"20"},{"id":281475003056149,"level":1,"status":0,"posx":16,"posy":8,"cityid":402,"townid":879,"tokenid":"3bc0880a590e9871235c003daa510292","tokenurl":"/mcm/api/land?token=3bc0880a590e9871235c003daa510292","imageurl":"/mcm/images/land/2S/9546_4802b650f1cd.jpg","landname":"21"},{"id":281475003056150,"level":2,"status":0,"posx":17,"posy":8,"cityid":402,"townid":879,"tokenid":"745c76e1c354edf5b32f6c45aea05052","tokenurl":"/mcm/api/land?token=745c76e1c354edf5b32f6c45aea05052","imageurl":"/mcm/images/land/2A/14317_14ecc7e8afe3.jpg","landname":"22"},{"id":281475003056151,"level":2,"status":0,"posx":20,"posy":8,"cityid":402,"townid":879,"tokenid":"f5c56216d9429a5a4759717be9b94bfd","tokenurl":"/mcm/api/land?token=f5c56216d9429a5a4759717be9b94bfd","imageurl":"/mcm/images/land/2A/14318_50afc62b0333.jpg","landname":"23"},{"id":281475003056152,"level":3,"status":0,"posx":21,"posy":8,"cityid":402,"townid":879,"tokenid":"c5bf5d8b7244686d18495e4d0072dcaa","tokenurl":"/mcm/api/land?token=c5bf5d8b7244686d18495e4d0072dcaa","imageurl":"/mcm/images/land/2B/23863_35224cd81474.jpg","landname":"24"},{"id":281475003056153,"level":3,"status":1,"posx":28,"posy":8,"cityid":402,"townid":879,"tokenid":"36a4315f8c5b3e54232c08d3b637426f","tokenurl":"/mcm/api/land?token=36a4315f8c5b3e54232c08d3b637426f","imageurl":"/mcm/images/land/2B/23864_49bab5b2973e.jpg","landname":"25"},{"id":281475003056154,"level":3,"status":1,"posx":29,"posy":8,"cityid":402,"townid":879,"tokenid":"12e8954a9b69d341658d5f412ad58301","tokenurl":"/mcm/api/land?token=12e8954a9b69d341658d5f412ad58301","imageurl":"/mcm/images/land/2B/23865_375b46ef29ff.jpg","landname":"26"},{"id":281475003056155,"level":3,"status":1,"posx":32,"posy":8,"cityid":402,"townid":879,"tokenid":"4e7437eb6a751b3366da957dde3733e1","tokenurl":"/mcm/api/land?token=4e7437eb6a751b3366da957dde3733e1","imageurl":"/mcm/images/land/2B/23866_5943b5fa8762.jpg","landname":"27"},{"id":281475003056156,"level":3,"status":0,"posx":33,"posy":8,"cityid":402,"townid":879,"tokenid":"4e9051e6d9cb0da291c97e66db31cdae","tokenurl":"/mcm/api/land?token=4e9051e6d9cb0da291c97e66db31cdae","imageurl":"/mcm/images/land/2B/23867_5a3b0aeb5b62.jpg","landname":"28"},{"id":281475003056157,"level":1,"status":1,"posx":7,"posy":9,"cityid":402,"townid":879,"tokenid":"bbf41615b22c3914d2f31abf3d600624","tokenurl":"/mcm/api/land?token=bbf41615b22c3914d2f31abf3d600624","imageurl":"/mcm/images/land/2S/9547_49a2792b0efc.jpg","landname":"29"},{"id":281475003056158,"level":1,"status":0,"posx":8,"posy":9,"cityid":402,"townid":879,"tokenid":"a4f185f637fee2bbf3e72a5141a59904","tokenurl":"/mcm/api/land?token=a4f185f637fee2bbf3e72a5141a59904","imageurl":"/mcm/images/land/2S/9548_2efbc22844c0.jpg","landname":"30"},{"id":281475003056159,"level":3,"status":1,"posx":16,"posy":9,"cityid":402,"townid":879,"tokenid":"7a8a25333c409dddfa5cf1492518432e","tokenurl":"/mcm/api/land?token=7a8a25333c409dddfa5cf1492518432e","imageurl":"/mcm/images/land/2B/23868_4f51efc92778.jpg","landname":"31"},{"id":281475003056160,"level":2,"status":0,"posx":17,"posy":9,"cityid":402,"townid":879,"tokenid":"ccba8e4305e2bb4b7d9359e7920af3a4","tokenurl":"/mcm/api/land?token=ccba8e4305e2bb4b7d9359e7920af3a4","imageurl":"/mcm/images/land/2A/14319_3b8a7ecb4541.jpg","landname":"32"},{"id":281475003056161,"level":3,"status":0,"posx":20,"posy":9,"cityid":402,"townid":879,"tokenid":"d2d4f716c4a5023a034e10d17f0641d1","tokenurl":"/mcm/api/land?token=d2d4f716c4a5023a034e10d17f0641d1","imageurl":"/mcm/images/land/2B/23869_5243d0a7fecb.jpg","landname":"33"},{"id":281475003056162,"level":1,"status":1,"posx":21,"posy":9,"cityid":402,"townid":879,"tokenid":"8a20da53f92d672e1d181eec642d3d3d","tokenurl":"/mcm/api/land?token=8a20da53f92d672e1d181eec642d3d3d","imageurl":"/mcm/images/land/2S/9549_396948af5340.jpg","landname":"34"},{"id":281475003056163,"level":3,"status":0,"posx":28,"posy":9,"cityid":402,"townid":879,"tokenid":"679c0973957fc5c6d87d063c6516fb1c","tokenurl":"/mcm/api/land?token=679c0973957fc5c6d87d063c6516fb1c","imageurl":"/mcm/images/land/2B/23870_3475f4b116cc.jpg","landname":"35"},{"id":281475003056164,"level":3,"status":0,"posx":29,"posy":9,"cityid":402,"townid":879,"tokenid":"e67aec011b78e7fb0e1d735a3dd2a5f6","tokenurl":"/mcm/api/land?token=e67aec011b78e7fb0e1d735a3dd2a5f6","imageurl":"/mcm/images/land/2B/23871_179029f96bc8.jpg","landname":"36"},{"id":281475003056165,"level":1,"status":0,"posx":32,"posy":9,"cityid":402,"townid":879,"tokenid":"cb6233a0b4fcd5954bb9c2831e1abffa","tokenurl":"/mcm/api/land?token=cb6233a0b4fcd5954bb9c2831e1abffa","imageurl":"/mcm/images/land/2S/9550_4be7094cfece.jpg","landname":"37"},{"id":281475003056166,"level":2,"status":0,"posx":33,"posy":9,"cityid":402,"townid":879,"tokenid":"7b9ab2298f75b762ecea0014c7f473fb","tokenurl":"/mcm/api/land?token=7b9ab2298f75b762ecea0014c7f473fb","imageurl":"/mcm/images/land/2A/14320_433bde2651ce.jpg","landname":"38"},{"id":281475003056167,"level":3,"status":0,"posx":28,"posy":10,"cityid":402,"townid":879,"tokenid":"e2bf6b78094c40ae6b0870d7e37a72db","tokenurl":"/mcm/api/land?token=e2bf6b78094c40ae6b0870d7e37a72db","imageurl":"/mcm/images/land/2B/23872_1c4f875c3da6.jpg","landname":"39"},{"id":281475003056168,"level":3,"status":1,"posx":29,"posy":10,"cityid":402,"townid":879,"tokenid":"66077f38ee88dea0a4706c249816e79f","tokenurl":"/mcm/api/land?token=66077f38ee88dea0a4706c249816e79f","imageurl":"/mcm/images/land/2B/23873_4682551714b8.jpg","landname":"40"},{"id":281475003056169,"level":3,"status":1,"posx":32,"posy":10,"cityid":402,"townid":879,"tokenid":"485ce74c981c367f6abd046471c0bba0","tokenurl":"/mcm/api/land?token=485ce74c981c367f6abd046471c0bba0","imageurl":"/mcm/images/land/2B/23874_47d0dd96f0f4.jpg","landname":"41"},{"id":281475003056170,"level":3,"status":1,"posx":33,"posy":10,"cityid":402,"townid":879,"tokenid":"12401c5b3597176d5e4cb7abbf9c9d4b","tokenurl":"/mcm/api/land?token=12401c5b3597176d5e4cb7abbf9c9d4b","imageurl":"/mcm/images/land/2B/23875_25986d7950a1.jpg","landname":"42"},{"id":281475003056171,"level":3,"status":1,"posx":28,"posy":11,"cityid":402,"townid":879,"tokenid":"2ed42603850b53f0c90f9fc2cf15a670","tokenurl":"/mcm/api/land?token=2ed42603850b53f0c90f9fc2cf15a670","imageurl":"/mcm/images/land/2B/23876_374183e96534.jpg","landname":"43"},{"id":281475003056172,"level":2,"status":1,"posx":29,"posy":11,"cityid":402,"townid":879,"tokenid":"8973cb3bacd014cb2a39d1906b4c41d7","tokenurl":"/mcm/api/land?token=8973cb3bacd014cb2a39d1906b4c41d7","imageurl":"/mcm/images/land/2A/14321_31a662520a53.jpg","landname":"44"},{"id":281475003056173,"level":3,"status":0,"posx":32,"posy":11,"cityid":402,"townid":879,"tokenid":"7d742b3c42bc308b1b871a9c3d661e40","tokenurl":"/mcm/api/land?token=7d742b3c42bc308b1b871a9c3d661e40","imageurl":"/mcm/images/land/2B/23877_2c9857ddd23e.jpg","landname":"45"},{"id":281475003056174,"level":3,"status":0,"posx":33,"posy":11,"cityid":402,"townid":879,"tokenid":"177f84db0f48a389cde4999f9c940a31","tokenurl":"/mcm/api/land?token=177f84db0f48a389cde4999f9c940a31","imageurl":"/mcm/images/land/2B/23878_4a5d0828b2e5.jpg","landname":"46"},{"id":281475003056175,"level":3,"status":1,"posx":28,"posy":12,"cityid":402,"townid":879,"tokenid":"57bafeb495dac3070a40972d6a4d6cf1","tokenurl":"/mcm/api/land?token=57bafeb495dac3070a40972d6a4d6cf1","imageurl":"/mcm/images/land/2B/23879_20bdd7e70568.jpg","landname":"47"},{"id":281475003056176,"level":1,"status":1,"posx":29,"posy":12,"cityid":402,"townid":879,"tokenid":"93baba6f952f340eb16c34d822f607ec","tokenurl":"/mcm/api/land?token=93baba6f952f340eb16c34d822f607ec","imageurl":"/mcm/images/land/2S/9551_9ebcf38c5c6.jpg","landname":"48"},{"id":281475003056177,"level":3,"status":0,"posx":32,"posy":12,"cityid":402,"townid":879,"tokenid":"32b2ba89e86ac39fdcac8d5631d0e64b","tokenurl":"/mcm/api/land?token=32b2ba89e86ac39fdcac8d5631d0e64b","imageurl":"/mcm/images/land/2B/23880_43476a2dd1ef.jpg","landname":"49"},{"id":281475003056178,"level":2,"status":0,"posx":33,"posy":12,"cityid":402,"townid":879,"tokenid":"223a5210370e9f9edf157245e78b0fc7","tokenurl":"/mcm/api/land?token=223a5210370e9f9edf157245e78b0fc7","imageurl":"/mcm/images/land/2A/14322_159bc73a6d6b.jpg","landname":"50"},{"id":281475003056179,"level":3,"status":1,"posx":23,"posy":14,"cityid":402,"townid":879,"tokenid":"00e2743dd909c6bd68a75dc1972fdc7c","tokenurl":"/mcm/api/land?token=00e2743dd909c6bd68a75dc1972fdc7c","imageurl":"/mcm/images/land/2B/23881_4654cd21326.jpg","landname":"51"},{"id":281475003056180,"level":3,"status":1,"posx":24,"posy":14,"cityid":402,"townid":879,"tokenid":"8d184553fdb8765df85f61e266c85431","tokenurl":"/mcm/api/land?token=8d184553fdb8765df85f61e266c85431","imageurl":"/mcm/images/land/2B/23882_4a6710996ea9.jpg","landname":"52"},{"id":281475003056181,"level":3,"status":1,"posx":23,"posy":15,"cityid":402,"townid":879,"tokenid":"743fa81e19fcaf32fcadee8b399773cd","tokenurl":"/mcm/api/land?token=743fa81e19fcaf32fcadee8b399773cd","imageurl":"/mcm/images/land/2B/23883_2a1922aa1598.jpg","landname":"53"},{"id":281475003056182,"level":3,"status":0,"posx":24,"posy":15,"cityid":402,"townid":879,"tokenid":"7bafdd36d2c50fd7a45d33d3fb5ed59a","tokenurl":"/mcm/api/land?token=7bafdd36d2c50fd7a45d33d3fb5ed59a","imageurl":"/mcm/images/land/2B/23884_32ffd42d50fd.jpg","landname":"54"},{"id":281475003056183,"level":3,"status":1,"posx":33,"posy":15,"cityid":402,"townid":879,"tokenid":"f7ea725b4277e4ebf8c71808f9370a83","tokenurl":"/mcm/api/land?token=f7ea725b4277e4ebf8c71808f9370a83","imageurl":"/mcm/images/land/2B/23885_1e01b3ff57c3.jpg","landname":"55"},{"id":281475003056184,"level":3,"status":0,"posx":34,"posy":15,"cityid":402,"townid":879,"tokenid":"75132dc3149f22540ed76d6b13012918","tokenurl":"/mcm/api/land?token=75132dc3149f22540ed76d6b13012918","imageurl":"/mcm/images/land/2B/23886_4e14d4d500b0.jpg","landname":"56"},{"id":281475003056185,"level":2,"status":1,"posx":11,"posy":16,"cityid":402,"townid":879,"tokenid":"744d6ab49d65b280ba987d1c99db3eaa","tokenurl":"/mcm/api/land?token=744d6ab49d65b280ba987d1c99db3eaa","imageurl":"/mcm/images/land/2A/14323_2d2f73d3cfaf.jpg","landname":"57"},{"id":281475003056186,"level":2,"status":1,"posx":12,"posy":16,"cityid":402,"townid":879,"tokenid":"1901ebc0ffbdb85d6a697203150e612a","tokenurl":"/mcm/api/land?token=1901ebc0ffbdb85d6a697203150e612a","imageurl":"/mcm/images/land/2A/14324_55dfa94d5664.jpg","landname":"58"},{"id":281475003056187,"level":2,"status":1,"posx":23,"posy":16,"cityid":402,"townid":879,"tokenid":"8e16e7f470ee5bc59867c4a4ab7c93cc","tokenurl":"/mcm/api/land?token=8e16e7f470ee5bc59867c4a4ab7c93cc","imageurl":"/mcm/images/land/2A/14325_10678bb5710.jpg","landname":"59"},{"id":281475003056188,"level":1,"status":0,"posx":24,"posy":16,"cityid":402,"townid":879,"tokenid":"e029cb72a9035afd54bd56a7bd45e027","tokenurl":"/mcm/api/land?token=e029cb72a9035afd54bd56a7bd45e027","imageurl":"/mcm/images/land/2S/9552_1e85ed7fd57c.jpg","landname":"60"},{"id":281475003056189,"level":3,"status":0,"posx":33,"posy":16,"cityid":402,"townid":879,"tokenid":"a630f19603b2fdb253d0f614dee15861","tokenurl":"/mcm/api/land?token=a630f19603b2fdb253d0f614dee15861","imageurl":"/mcm/images/land/2B/23887_449ad4766655.jpg","landname":"61"},{"id":281475003056190,"level":1,"status":0,"posx":34,"posy":16,"cityid":402,"townid":879,"tokenid":"41bdd7ab30021a1af8c0be30dc1ace23","tokenurl":"/mcm/api/land?token=41bdd7ab30021a1af8c0be30dc1ace23","imageurl":"/mcm/images/land/2S/9553_94d959dabd6.jpg","landname":"62"},{"id":281475003056191,"level":2,"status":0,"posx":11,"posy":17,"cityid":402,"townid":879,"tokenid":"8e51b956687e97111ed61ba9eb6e5219","tokenurl":"/mcm/api/land?token=8e51b956687e97111ed61ba9eb6e5219","imageurl":"/mcm/images/land/2A/14326_1bbf9effe547.jpg","landname":"63"},{"id":281475003056192,"level":1,"status":0,"posx":12,"posy":17,"cityid":402,"townid":879,"tokenid":"73e5a628ea6ab7dba8497be01aaf172a","tokenurl":"/mcm/api/land?token=73e5a628ea6ab7dba8497be01aaf172a","imageurl":"/mcm/images/land/2S/9554_118351f4e15b.jpg","landname":"64"},{"id":281475003056193,"level":3,"status":0,"posx":23,"posy":17,"cityid":402,"townid":879,"tokenid":"0ac89de6d86805b9a277e7dde69579a0","tokenurl":"/mcm/api/land?token=0ac89de6d86805b9a277e7dde69579a0","imageurl":"/mcm/images/land/2B/23888_4b23d9a9d572.jpg","landname":"65"},{"id":281475003056194,"level":2,"status":1,"posx":24,"posy":17,"cityid":402,"townid":879,"tokenid":"cc98cb570141f2a6120cc881e4508fe9","tokenurl":"/mcm/api/land?token=cc98cb570141f2a6120cc881e4508fe9","imageurl":"/mcm/images/land/2A/14327_588afb031469.jpg","landname":"66"},{"id":281475003056195,"level":2,"status":0,"posx":33,"posy":17,"cityid":402,"townid":879,"tokenid":"2babe0d0822d3c407bd136fe576954db","tokenurl":"/mcm/api/land?token=2babe0d0822d3c407bd136fe576954db","imageurl":"/mcm/images/land/2A/14328_313dfd728fc5.jpg","landname":"67"},{"id":281475003056196,"level":2,"status":0,"posx":34,"posy":17,"cityid":402,"townid":879,"tokenid":"d23e00297a32c794e1f1ca6ac3e2515c","tokenurl":"/mcm/api/land?token=d23e00297a32c794e1f1ca6ac3e2515c","imageurl":"/mcm/images/land/2A/14329_40800ba6ca77.jpg","landname":"68"},{"id":281475003056197,"level":2,"status":0,"posx":7,"posy":18,"cityid":402,"townid":879,"tokenid":"50bb5404076cf04c8e4fe2585b66caec","tokenurl":"/mcm/api/land?token=50bb5404076cf04c8e4fe2585b66caec","imageurl":"/mcm/images/land/2A/14330_52aef59e992c.jpg","landname":"69"},{"id":281475003056198,"level":3,"status":1,"posx":8,"posy":18,"cityid":402,"townid":879,"tokenid":"d6cdbdcf39b0436a302aefad5b097d04","tokenurl":"/mcm/api/land?token=d6cdbdcf39b0436a302aefad5b097d04","imageurl":"/mcm/images/land/2B/23889_33ce4e678ed2.jpg","landname":"70"},{"id":281475003056199,"level":3,"status":0,"posx":11,"posy":18,"cityid":402,"townid":879,"tokenid":"644e33e3282d5582ed25dd630beb1125","tokenurl":"/mcm/api/land?token=644e33e3282d5582ed25dd630beb1125","imageurl":"/mcm/images/land/2B/23890_19f961beef15.jpg","landname":"71"},{"id":281475003056200,"level":3,"status":0,"posx":12,"posy":18,"cityid":402,"townid":879,"tokenid":"c8034eda94fef9691186dd2db17c8ce8","tokenurl":"/mcm/api/land?token=c8034eda94fef9691186dd2db17c8ce8","imageurl":"/mcm/images/land/2B/23891_4a620a31cd2d.jpg","landname":"72"},{"id":281475003056201,"level":1,"status":1,"posx":23,"posy":18,"cityid":402,"townid":879,"tokenid":"b5fe8032dbb86f5c732a3c6ee45abd1f","tokenurl":"/mcm/api/land?token=b5fe8032dbb86f5c732a3c6ee45abd1f","imageurl":"/mcm/images/land/2S/9555_49d50ec8276f.jpg","landname":"73"},{"id":281475003056202,"level":2,"status":1,"posx":24,"posy":18,"cityid":402,"townid":879,"tokenid":"b2fbb052eea2901d276716dd45afc23b","tokenurl":"/mcm/api/land?token=b2fbb052eea2901d276716dd45afc23b","imageurl":"/mcm/images/land/2A/14331_1c752c8ec4cd.jpg","landname":"74"},{"id":281475003056203,"level":1,"status":0,"posx":33,"posy":18,"cityid":402,"townid":879,"tokenid":"6e09192f5681e2345ef2994765ca6e3f","tokenurl":"/mcm/api/land?token=6e09192f5681e2345ef2994765ca6e3f","imageurl":"/mcm/images/land/2S/9556_f73888b5559.jpg","landname":"75"},{"id":281475003056204,"level":3,"status":0,"posx":34,"posy":18,"cityid":402,"townid":879,"tokenid":"e4de870be91ba3b0b41613cd7cdaa8e7","tokenurl":"/mcm/api/land?token=e4de870be91ba3b0b41613cd7cdaa8e7","imageurl":"/mcm/images/land/2B/23892_2ff8ee6def2.jpg","landname":"76"},{"id":281475003056205,"level":1,"status":1,"posx":7,"posy":19,"cityid":402,"townid":879,"tokenid":"91d56dbd4c17b4d5e4f43c04e92096d2","tokenurl":"/mcm/api/land?token=91d56dbd4c17b4d5e4f43c04e92096d2","imageurl":"/mcm/images/land/2S/9557_ef1be28a518.jpg","landname":"77"},{"id":281475003056206,"level":2,"status":1,"posx":8,"posy":19,"cityid":402,"townid":879,"tokenid":"f4b94dc93ed0f0ffef41f25e60c20332","tokenurl":"/mcm/api/land?token=f4b94dc93ed0f0ffef41f25e60c20332","imageurl":"/mcm/images/land/2A/14332_57a8e2091249.jpg","landname":"78"},{"id":281475003056207,"level":2,"status":0,"posx":11,"posy":19,"cityid":402,"townid":879,"tokenid":"5e2280d80109ee87d8d13593371a87da","tokenurl":"/mcm/api/land?token=5e2280d80109ee87d8d13593371a87da","imageurl":"/mcm/images/land/2A/14333_5299a8441ab9.jpg","landname":"79"},{"id":281475003056208,"level":3,"status":0,"posx":12,"posy":19,"cityid":402,"townid":879,"tokenid":"c39cef4a14572db3f776169d13f163d8","tokenurl":"/mcm/api/land?token=c39cef4a14572db3f776169d13f163d8","imageurl":"/mcm/images/land/2B/23893_21f7ded31fdd.jpg","landname":"80"},{"id":281475003056209,"level":3,"status":0,"posx":33,"posy":19,"cityid":402,"townid":879,"tokenid":"02f8897f42c5b0b6788928e319528a77","tokenurl":"/mcm/api/land?token=02f8897f42c5b0b6788928e319528a77","imageurl":"/mcm/images/land/2B/23894_4e69567e5b21.jpg","landname":"81"},{"id":281475003056210,"level":2,"status":0,"posx":34,"posy":19,"cityid":402,"townid":879,"tokenid":"e5a0eb86f7d977ed352664765ab3f16f","tokenurl":"/mcm/api/land?token=e5a0eb86f7d977ed352664765ab3f16f","imageurl":"/mcm/images/land/2A/14334_19d0a0b30576.jpg","landname":"82"},{"id":281475003056211,"level":3,"status":0,"posx":7,"posy":20,"cityid":402,"townid":879,"tokenid":"4cb5a1d937554ff5cf26ef9744936ccf","tokenurl":"/mcm/api/land?token=4cb5a1d937554ff5cf26ef9744936ccf","imageurl":"/mcm/images/land/2B/23895_489afd67ec86.jpg","landname":"83"},{"id":281475003056212,"level":3,"status":1,"posx":8,"posy":20,"cityid":402,"townid":879,"tokenid":"a880eb48efa330c9fa964f671426de76","tokenurl":"/mcm/api/land?token=a880eb48efa330c9fa964f671426de76","imageurl":"/mcm/images/land/2B/23896_4e458a1c384f.jpg","landname":"84"},{"id":281475003056213,"level":3,"status":0,"posx":11,"posy":20,"cityid":402,"townid":879,"tokenid":"3b9b5180c48ad1779b5f1d4ee19e0bb3","tokenurl":"/mcm/api/land?token=3b9b5180c48ad1779b5f1d4ee19e0bb3","imageurl":"/mcm/images/land/2B/23897_48cc7a9a21b7.jpg","landname":"85"},{"id":281475003056214,"level":3,"status":1,"posx":12,"posy":20,"cityid":402,"townid":879,"tokenid":"64f41bdd66922a2682275fb105cc41f0","tokenurl":"/mcm/api/land?token=64f41bdd66922a2682275fb105cc41f0","imageurl":"/mcm/images/land/2B/23898_4cf23718b436.jpg","landname":"86"},{"id":281475003056215,"level":1,"status":0,"posx":7,"posy":21,"cityid":402,"townid":879,"tokenid":"90bbd20a73528fc813748970b0910b25","tokenurl":"/mcm/api/land?token=90bbd20a73528fc813748970b0910b25","imageurl":"/mcm/images/land/2S/9558_204d1dd6119a.jpg","landname":"87"},{"id":281475003056216,"level":3,"status":1,"posx":8,"posy":21,"cityid":402,"townid":879,"tokenid":"22215732fed813d6123a3db1ebd8f3a4","tokenurl":"/mcm/api/land?token=22215732fed813d6123a3db1ebd8f3a4","imageurl":"/mcm/images/land/2B/23899_48ab21f37aa0.jpg","landname":"88"},{"id":281475003056217,"level":1,"status":1,"posx":26,"posy":21,"cityid":402,"townid":879,"tokenid":"80fb74f00d9849f81b6f00b574033c08","tokenurl":"/mcm/api/land?token=80fb74f00d9849f81b6f00b574033c08","imageurl":"/mcm/images/land/2S/9559_31476082dade.jpg","landname":"89"},{"id":281475003056218,"level":3,"status":0,"posx":27,"posy":21,"cityid":402,"townid":879,"tokenid":"6adbe922dce4332911540a23590464bb","tokenurl":"/mcm/api/land?token=6adbe922dce4332911540a23590464bb","imageurl":"/mcm/images/land/2B/23900_22f31323fed0.jpg","landname":"90"},{"id":281475003056219,"level":1,"status":1,"posx":7,"posy":22,"cityid":402,"townid":879,"tokenid":"8750e4b39dd2568cd15555c2f9e49d30","tokenurl":"/mcm/api/land?token=8750e4b39dd2568cd15555c2f9e49d30","imageurl":"/mcm/images/land/2S/9560_16458a70afd3.jpg","landname":"91"},{"id":281475003056220,"level":2,"status":0,"posx":8,"posy":22,"cityid":402,"townid":879,"tokenid":"de6ad5f7a2cd6422573e148520120e69","tokenurl":"/mcm/api/land?token=de6ad5f7a2cd6422573e148520120e69","imageurl":"/mcm/images/land/2A/14335_52f3720ca66d.jpg","landname":"92"},{"id":281475003056221,"level":2,"status":0,"posx":23,"posy":22,"cityid":402,"townid":879,"tokenid":"17e8caf3a764da9107b7788e4eff784e","tokenurl":"/mcm/api/land?token=17e8caf3a764da9107b7788e4eff784e","imageurl":"/mcm/images/land/2A/14336_199cd2dff139.jpg","landname":"93"},{"id":281475003056222,"level":3,"status":1,"posx":24,"posy":22,"cityid":402,"townid":879,"tokenid":"e6829719e55fe180d9daca41b416598a","tokenurl":"/mcm/api/land?token=e6829719e55fe180d9daca41b416598a","imageurl":"/mcm/images/land/2B/23901_21ca4b330a12.jpg","landname":"94"},{"id":281475003056223,"level":2,"status":1,"posx":26,"posy":22,"cityid":402,"townid":879,"tokenid":"6ecff8e98f0e30455887bbdedf8a7607","tokenurl":"/mcm/api/land?token=6ecff8e98f0e30455887bbdedf8a7607","imageurl":"/mcm/images/land/2A/14337_352014f17ff4.jpg","landname":"95"},{"id":281475003056224,"level":3,"status":0,"posx":27,"posy":22,"cityid":402,"townid":879,"tokenid":"5b58c93dbf550d8273996c3dea726a19","tokenurl":"/mcm/api/land?token=5b58c93dbf550d8273996c3dea726a19","imageurl":"/mcm/images/land/2B/23902_374f02e22cbd.jpg","landname":"96"},{"id":281475003056225,"level":2,"status":0,"posx":33,"posy":22,"cityid":402,"townid":879,"tokenid":"719baa77d06592fc4deb8601002ee4ac","tokenurl":"/mcm/api/land?token=719baa77d06592fc4deb8601002ee4ac","imageurl":"/mcm/images/land/2A/14338_3b14e03aa4f9.jpg","landname":"97"},{"id":281475003056226,"level":1,"status":1,"posx":34,"posy":22,"cityid":402,"townid":879,"tokenid":"52e5a36e768c8f3c388b238b685f47da","tokenurl":"/mcm/api/land?token=52e5a36e768c8f3c388b238b685f47da","imageurl":"/mcm/images/land/2S/9561_284870c46009.jpg","landname":"98"},{"id":281475003056227,"level":2,"status":1,"posx":23,"posy":23,"cityid":402,"townid":879,"tokenid":"35cbe9284b175ff9270add5438f19244","tokenurl":"/mcm/api/land?token=35cbe9284b175ff9270add5438f19244","imageurl":"/mcm/images/land/2A/14339_14ba695e6cb6.jpg","landname":"99"},{"id":281475003056228,"level":3,"status":1,"posx":24,"posy":23,"cityid":402,"townid":879,"tokenid":"5b24a7eb36458722216035fd564154c4","tokenurl":"/mcm/api/land?token=5b24a7eb36458722216035fd564154c4","imageurl":"/mcm/images/land/2B/23903_587511e70376.jpg","landname":"100"},{"id":281475003056229,"level":2,"status":0,"posx":26,"posy":23,"cityid":402,"townid":879,"tokenid":"cf391bd8dde6c75a151bfb24c0c5dc72","tokenurl":"/mcm/api/land?token=cf391bd8dde6c75a151bfb24c0c5dc72","imageurl":"/mcm/images/land/2A/14340_2caff031c88d.jpg","landname":"101"},{"id":281475003056230,"level":1,"status":1,"posx":27,"posy":23,"cityid":402,"townid":879,"tokenid":"19128dffc763b40408d797c3a8fb3333","tokenurl":"/mcm/api/land?token=19128dffc763b40408d797c3a8fb3333","imageurl":"/mcm/images/land/2S/9562_1c42f17f1d6d.jpg","landname":"102"},{"id":281475003056231,"level":3,"status":0,"posx":33,"posy":23,"cityid":402,"townid":879,"tokenid":"1a8a2e065db93140ec453c07afdca292","tokenurl":"/mcm/api/land?token=1a8a2e065db93140ec453c07afdca292","imageurl":"/mcm/images/land/2B/23904_30d8be9a694e.jpg","landname":"103"},{"id":281475003056232,"level":2,"status":0,"posx":34,"posy":23,"cityid":402,"townid":879,"tokenid":"a05390e169ee9614a9da9d3da4e5a6ee","tokenurl":"/mcm/api/land?token=a05390e169ee9614a9da9d3da4e5a6ee","imageurl":"/mcm/images/land/2A/14341_40be959fa644.jpg","landname":"104"},{"id":281475003056233,"level":3,"status":1,"posx":23,"posy":24,"cityid":402,"townid":879,"tokenid":"e572b826105cec0b248f1527cbf28ca8","tokenurl":"/mcm/api/land?token=e572b826105cec0b248f1527cbf28ca8","imageurl":"/mcm/images/land/2B/23905_2c903c99d2d4.jpg","landname":"105"},{"id":281475003056234,"level":1,"status":0,"posx":24,"posy":24,"cityid":402,"townid":879,"tokenid":"a162dc751645d513ab02e1e59bcacba2","tokenurl":"/mcm/api/land?token=a162dc751645d513ab02e1e59bcacba2","imageurl":"/mcm/images/land/2S/9563_107fe3c49360.jpg","landname":"106"},{"id":281475003056235,"level":2,"status":0,"posx":26,"posy":24,"cityid":402,"townid":879,"tokenid":"782e706da860617514cb548b15738d42","tokenurl":"/mcm/api/land?token=782e706da860617514cb548b15738d42","imageurl":"/mcm/images/land/2A/14342_4c5554d88a09.jpg","landname":"107"},{"id":281475003056236,"level":1,"status":0,"posx":27,"posy":24,"cityid":402,"townid":879,"tokenid":"afd2b14deadf90a3dff4a74272ff70e6","tokenurl":"/mcm/api/land?token=afd2b14deadf90a3dff4a74272ff70e6","imageurl":"/mcm/images/land/2S/9564_54037b8deaba.jpg","landname":"108"},{"id":281475003056237,"level":2,"status":1,"posx":33,"posy":24,"cityid":402,"townid":879,"tokenid":"039c0d5bd5e2ac3d420138747a2db724","tokenurl":"/mcm/api/land?token=039c0d5bd5e2ac3d420138747a2db724","imageurl":"/mcm/images/land/2A/14343_2200f6849c8a.jpg","landname":"109"},{"id":281475003056238,"level":3,"status":0,"posx":34,"posy":24,"cityid":402,"townid":879,"tokenid":"6de8258e07af2358d80bf3ce1c89a1d8","tokenurl":"/mcm/api/land?token=6de8258e07af2358d80bf3ce1c89a1d8","imageurl":"/mcm/images/land/2B/23906_2053ff0c95a7.jpg","landname":"110"},{"id":281475003056239,"level":1,"status":1,"posx":23,"posy":25,"cityid":402,"townid":879,"tokenid":"e129358bd7af8159a932688b5691b47b","tokenurl":"/mcm/api/land?token=e129358bd7af8159a932688b5691b47b","imageurl":"/mcm/images/land/2S/9565_52604eab976f.jpg","landname":"111"},{"id":281475003056240,"level":3,"status":1,"posx":24,"posy":25,"cityid":402,"townid":879,"tokenid":"f3323d7bbfd660dcaf31161f18176805","tokenurl":"/mcm/api/land?token=f3323d7bbfd660dcaf31161f18176805","imageurl":"/mcm/images/land/2B/23907_28718abda733.jpg","landname":"112"},{"id":281475003056241,"level":3,"status":0,"posx":26,"posy":25,"cityid":402,"townid":879,"tokenid":"4bb59424c1f39ba08d0829f6a0842ef1","tokenurl":"/mcm/api/land?token=4bb59424c1f39ba08d0829f6a0842ef1","imageurl":"/mcm/images/land/2B/23908_17f5bde25581.jpg","landname":"113"},{"id":281475003056242,"level":2,"status":0,"posx":27,"posy":25,"cityid":402,"townid":879,"tokenid":"ef6146188abb8d799d53bd5381b5d14c","tokenurl":"/mcm/api/land?token=ef6146188abb8d799d53bd5381b5d14c","imageurl":"/mcm/images/land/2A/14344_3b834ade6f09.jpg","landname":"114"},{"id":281475003056243,"level":2,"status":1,"posx":33,"posy":25,"cityid":402,"townid":879,"tokenid":"da849cd064179311b809660b1aa12391","tokenurl":"/mcm/api/land?token=da849cd064179311b809660b1aa12391","imageurl":"/mcm/images/land/2A/14345_8145a47d8de.jpg","landname":"115"},{"id":281475003056244,"level":3,"status":1,"posx":34,"posy":25,"cityid":402,"townid":879,"tokenid":"efe571f2e485781269dc13bb7fda7379","tokenurl":"/mcm/api/land?token=efe571f2e485781269dc13bb7fda7379","imageurl":"/mcm/images/land/2B/23909_47b3ad9b5c5c.jpg","landname":"116"},{"id":281475003056245,"level":3,"status":0,"posx":23,"posy":26,"cityid":402,"townid":879,"tokenid":"8ae20c691fb187f161dfcf145cd7bc94","tokenurl":"/mcm/api/land?token=8ae20c691fb187f161dfcf145cd7bc94","imageurl":"/mcm/images/land/2B/23910_5296f3fb86a4.jpg","landname":"117"},{"id":281475003056246,"level":3,"status":1,"posx":24,"posy":26,"cityid":402,"townid":879,"tokenid":"305d45556ff4f360a96df8c1ca01a7c3","tokenurl":"/mcm/api/land?token=305d45556ff4f360a96df8c1ca01a7c3","imageurl":"/mcm/images/land/2B/23911_4442f4d788ca.jpg","landname":"118"},{"id":281475003056247,"level":3,"status":1,"posx":33,"posy":26,"cityid":402,"townid":879,"tokenid":"655891d4b475c6f56f580ded7a8529ff","tokenurl":"/mcm/api/land?token=655891d4b475c6f56f580ded7a8529ff","imageurl":"/mcm/images/land/2B/23912_49e672804590.jpg","landname":"119"},{"id":281475003056248,"level":2,"status":0,"posx":34,"posy":26,"cityid":402,"townid":879,"tokenid":"1f3e31993dd3294790f6284dce952cd9","tokenurl":"/mcm/api/land?token=1f3e31993dd3294790f6284dce952cd9","imageurl":"/mcm/images/land/2A/14346_23d854a739f9.jpg","landname":"120"},{"id":281475003056249,"level":2,"status":1,"posx":31,"posy":27,"cityid":402,"townid":879,"tokenid":"f6565ae8d8bca3cf232938baf11e17c7","tokenurl":"/mcm/api/land?token=f6565ae8d8bca3cf232938baf11e17c7","imageurl":"/mcm/images/land/2A/14347_4ec955f28a0b.jpg","landname":"121"},{"id":281475003056250,"level":2,"status":1,"posx":32,"posy":27,"cityid":402,"townid":879,"tokenid":"568064e7cbd02050019b43790f4ad643","tokenurl":"/mcm/api/land?token=568064e7cbd02050019b43790f4ad643","imageurl":"/mcm/images/land/2A/14348_183188433827.jpg","landname":"122"},{"id":281475003056251,"level":3,"status":0,"posx":6,"posy":28,"cityid":402,"townid":879,"tokenid":"2fc64f3d274b0fc895e7b9269e05eb62","tokenurl":"/mcm/api/land?token=2fc64f3d274b0fc895e7b9269e05eb62","imageurl":"/mcm/images/land/2B/23913_1824b5d09e42.jpg","landname":"123"},{"id":281475003056252,"level":2,"status":1,"posx":7,"posy":28,"cityid":402,"townid":879,"tokenid":"f38f659e3cdc3c3c0c6d32aaaceb1180","tokenurl":"/mcm/api/land?token=f38f659e3cdc3c3c0c6d32aaaceb1180","imageurl":"/mcm/images/land/2A/14349_bd6f35aa6a.jpg","landname":"124"},{"id":281475003056253,"level":1,"status":0,"posx":9,"posy":28,"cityid":402,"townid":879,"tokenid":"bf1d102d478408af94eefd126e91652a","tokenurl":"/mcm/api/land?token=bf1d102d478408af94eefd126e91652a","imageurl":"/mcm/images/land/2S/9566_3908b501ba01.jpg","landname":"125"},{"id":281475003056254,"level":3,"status":0,"posx":10,"posy":28,"cityid":402,"townid":879,"tokenid":"562ca8dd7a073d7709aaee22a323dba9","tokenurl":"/mcm/api/land?token=562ca8dd7a073d7709aaee22a323dba9","imageurl":"/mcm/images/land/2B/23914_53c14932aed.jpg","landname":"126"},{"id":281475003056255,"level":1,"status":0,"posx":31,"posy":28,"cityid":402,"townid":879,"tokenid":"34bd255aaa61f219a04e2d2c56427aa4","tokenurl":"/mcm/api/land?token=34bd255aaa61f219a04e2d2c56427aa4","imageurl":"/mcm/images/land/2S/9567_3dcf4f338f14.jpg","landname":"127"},{"id":281475003056256,"level":3,"status":1,"posx":32,"posy":28,"cityid":402,"townid":879,"tokenid":"fe5695e536e23be28bd4d6d95cc8123c","tokenurl":"/mcm/api/land?token=fe5695e536e23be28bd4d6d95cc8123c","imageurl":"/mcm/images/land/2B/23915_24b5f9703844.jpg","landname":"128"},{"id":281475003056257,"level":3,"status":0,"posx":6,"posy":29,"cityid":402,"townid":879,"tokenid":"f9b4568bc2cb84a2255f13631c7bf560","tokenurl":"/mcm/api/land?token=f9b4568bc2cb84a2255f13631c7bf560","imageurl":"/mcm/images/land/2B/23916_1085933c8973.jpg","landname":"129"},{"id":281475003056258,"level":3,"status":0,"posx":7,"posy":29,"cityid":402,"townid":879,"tokenid":"6320a984f48b442335ab90ade13964bd","tokenurl":"/mcm/api/land?token=6320a984f48b442335ab90ade13964bd","imageurl":"/mcm/images/land/2B/23917_2dae4ccca7b.jpg","landname":"130"},{"id":281475003056259,"level":3,"status":1,"posx":9,"posy":29,"cityid":402,"townid":879,"tokenid":"600dcd09677bdc052c2d1a221fa872a0","tokenurl":"/mcm/api/land?token=600dcd09677bdc052c2d1a221fa872a0","imageurl":"/mcm/images/land/2B/23918_3fcbf5d5787a.jpg","landname":"131"},{"id":281475003056260,"level":2,"status":1,"posx":10,"posy":29,"cityid":402,"townid":879,"tokenid":"1c4d12138b49f177dd01ab4f29d4c686","tokenurl":"/mcm/api/land?token=1c4d12138b49f177dd01ab4f29d4c686","imageurl":"/mcm/images/land/2A/14350_10c6222d9f7.jpg","landname":"132"},{"id":281475003056261,"level":3,"status":1,"posx":31,"posy":29,"cityid":402,"townid":879,"tokenid":"1d6e0cdd7a478e58d7b8164ad36b94d4","tokenurl":"/mcm/api/land?token=1d6e0cdd7a478e58d7b8164ad36b94d4","imageurl":"/mcm/images/land/2B/23919_101e51d6d867.jpg","landname":"133"},{"id":281475003056262,"level":1,"status":1,"posx":32,"posy":29,"cityid":402,"townid":879,"tokenid":"3e94118c18da424159476f13b08a524b","tokenurl":"/mcm/api/land?token=3e94118c18da424159476f13b08a524b","imageurl":"/mcm/images/land/2S/9568_2ed696436dc4.jpg","landname":"134"},{"id":281475003056263,"level":1,"status":0,"posx":6,"posy":30,"cityid":402,"townid":879,"tokenid":"85296302c42009eca04569ee5aa169a2","tokenurl":"/mcm/api/land?token=85296302c42009eca04569ee5aa169a2","imageurl":"/mcm/images/land/2S/9569_3b34c7b16f06.jpg","landname":"135"},{"id":281475003056264,"level":2,"status":1,"posx":7,"posy":30,"cityid":402,"townid":879,"tokenid":"0849d961710c494f9a48593f1ca30269","tokenurl":"/mcm/api/land?token=0849d961710c494f9a48593f1ca30269","imageurl":"/mcm/images/land/2A/14351_2dafded0c8b.jpg","landname":"136"},{"id":281475003056265,"level":3,"status":1,"posx":9,"posy":30,"cityid":402,"townid":879,"tokenid":"37bc4fe384b4f650755c8be863f1c52e","tokenurl":"/mcm/api/land?token=37bc4fe384b4f650755c8be863f1c52e","imageurl":"/mcm/images/land/2B/23920_2caf6adbf333.jpg","landname":"137"},{"id":281475003056266,"level":3,"status":1,"posx":10,"posy":30,"cityid":402,"townid":879,"tokenid":"30147211bf4d2176df9d7888be5919b7","tokenurl":"/mcm/api/land?token=30147211bf4d2176df9d7888be5919b7","imageurl":"/mcm/images/land/2B/23921_331376b6bfef.jpg","landname":"138"},{"id":281475003056267,"level":2,"status":1,"posx":31,"posy":30,"cityid":402,"townid":879,"tokenid":"c03dd7a0d44d71c36e3f9b19ce4560ef","tokenurl":"/mcm/api/land?token=c03dd7a0d44d71c36e3f9b19ce4560ef","imageurl":"/mcm/images/land/2A/14352_cc6d374ceac.jpg","landname":"139"},{"id":281475003056268,"level":3,"status":1,"posx":32,"posy":30,"cityid":402,"townid":879,"tokenid":"a70500996a6a5aa05803e37f5cd94b3b","tokenurl":"/mcm/api/land?token=a70500996a6a5aa05803e37f5cd94b3b","imageurl":"/mcm/images/land/2B/23922_34d09f943b3b.jpg","landname":"140"},{"id":281475003056269,"level":3,"status":1,"posx":6,"posy":31,"cityid":402,"townid":879,"tokenid":"730e02447032d76231518d26cd57d15c","tokenurl":"/mcm/api/land?token=730e02447032d76231518d26cd57d15c","imageurl":"/mcm/images/land/2B/23923_25eceeda43f.jpg","landname":"141"},{"id":281475003056270,"level":2,"status":1,"posx":7,"posy":31,"cityid":402,"townid":879,"tokenid":"b83cd0feff7bd696dd2838975d29c322","tokenurl":"/mcm/api/land?token=b83cd0feff7bd696dd2838975d29c322","imageurl":"/mcm/images/land/2A/14353_498d8072be54.jpg","landname":"142"},{"id":281475003056271,"level":2,"status":1,"posx":9,"posy":31,"cityid":402,"townid":879,"tokenid":"4e20203b9ba1e914236e7778a7f88e37","tokenurl":"/mcm/api/land?token=4e20203b9ba1e914236e7778a7f88e37","imageurl":"/mcm/images/land/2A/14354_1a1dbb18c7df.jpg","landname":"143"},{"id":281475003056272,"level":1,"status":0,"posx":10,"posy":31,"cityid":402,"townid":879,"tokenid":"cf4cd9016e5b78bdc161e1431c08a532","tokenurl":"/mcm/api/land?token=cf4cd9016e5b78bdc161e1431c08a532","imageurl":"/mcm/images/land/2S/9570_554387797379.jpg","landname":"144"},{"id":281475003056273,"level":2,"status":1,"posx":31,"posy":31,"cityid":402,"townid":879,"tokenid":"89e756f29450459dad934aa17e7cddbf","tokenurl":"/mcm/api/land?token=89e756f29450459dad934aa17e7cddbf","imageurl":"/mcm/images/land/2A/14355_4d3b6cbfcba5.jpg","landname":"145"},{"id":281475003056274,"level":1,"status":1,"posx":32,"posy":31,"cityid":402,"townid":879,"tokenid":"21fd477dfee4b9646becdb3f65e9d21e","tokenurl":"/mcm/api/land?token=21fd477dfee4b9646becdb3f65e9d21e","imageurl":"/mcm/images/land/2S/9571_2eb0d13088b1.jpg","landname":"146"},{"id":281475003056275,"level":3,"status":0,"posx":6,"posy":32,"cityid":402,"townid":879,"tokenid":"444aa15e6638ac7783fd7c213cb97389","tokenurl":"/mcm/api/land?token=444aa15e6638ac7783fd7c213cb97389","imageurl":"/mcm/images/land/2B/23924_4270f49da6ae.jpg","landname":"147"},{"id":281475003056276,"level":2,"status":0,"posx":7,"posy":32,"cityid":402,"townid":879,"tokenid":"5008636816dda6a048ab79cc3687dcbd","tokenurl":"/mcm/api/land?token=5008636816dda6a048ab79cc3687dcbd","imageurl":"/mcm/images/land/2A/14356_cbd81491fae.jpg","landname":"148"},{"id":281475003056277,"level":3,"status":1,"posx":9,"posy":32,"cityid":402,"townid":879,"tokenid":"7937a42a1249b7f7aa2fc312f684e70b","tokenurl":"/mcm/api/land?token=7937a42a1249b7f7aa2fc312f684e70b","imageurl":"/mcm/images/land/2B/23925_470aee9afc86.jpg","landname":"149"},{"id":281475003056278,"level":3,"status":0,"posx":10,"posy":32,"cityid":402,"townid":879,"tokenid":"1d3b820a52c11ec5c1128c7857a3e280","tokenurl":"/mcm/api/land?token=1d3b820a52c11ec5c1128c7857a3e280","imageurl":"/mcm/images/land/2B/23926_12beb9a57107.jpg","landname":"150"}]]],0,0,[],[],[]]
