[1,0,0,[["cc.JsonAsset",["_name","json"],1]],[[0,0,1,3]],[[0,"178",[{"id":281474981363863,"level":1,"status":1,"posx":32,"posy":5,"cityid":71,"townid":178,"tokenid":"cfaa5d2339acc13939b3bae763b106fe","tokenurl":"/mcm/api/land?token=cfaa5d2339acc13939b3bae763b106fe","imageurl":"/mcm/images/land/2S/3152_5a02cf99edec.jpg","landname":"1"},{"id":281474981363864,"level":3,"status":1,"posx":33,"posy":5,"cityid":71,"townid":178,"tokenid":"4b1917d25f608d17de1f53794c024df8","tokenurl":"/mcm/api/land?token=4b1917d25f608d17de1f53794c024df8","imageurl":"/mcm/images/land/2B/7877_503596b8d195.jpg","landname":"2"},{"id":281474981363865,"level":3,"status":1,"posx":5,"posy":6,"cityid":71,"townid":178,"tokenid":"42762170cee65f5bd8c916524ad93dab","tokenurl":"/mcm/api/land?token=42762170cee65f5bd8c916524ad93dab","imageurl":"/mcm/images/land/2B/7878_b3af0ec9acf.jpg","landname":"3"},{"id":281474981363866,"level":3,"status":1,"posx":6,"posy":6,"cityid":71,"townid":178,"tokenid":"4ff9f7dfd11bdfe7b257d347d3439436","tokenurl":"/mcm/api/land?token=4ff9f7dfd11bdfe7b257d347d3439436","imageurl":"/mcm/images/land/2B/7879_e0a69b7ebbe.jpg","landname":"4"},{"id":281474981363867,"level":3,"status":1,"posx":21,"posy":6,"cityid":71,"townid":178,"tokenid":"a6c1938f69f11ad949b346f01d6fc546","tokenurl":"/mcm/api/land?token=a6c1938f69f11ad949b346f01d6fc546","imageurl":"/mcm/images/land/2B/7880_265d0d99a6b2.jpg","landname":"5"},{"id":281474981363868,"level":2,"status":1,"posx":22,"posy":6,"cityid":71,"townid":178,"tokenid":"62cd43bd5135360439fcc21ecbee48dd","tokenurl":"/mcm/api/land?token=62cd43bd5135360439fcc21ecbee48dd","imageurl":"/mcm/images/land/2A/4727_133a6aee65fc.jpg","landname":"6"},{"id":281474981363869,"level":3,"status":1,"posx":23,"posy":6,"cityid":71,"townid":178,"tokenid":"830a5b4ffd5a55a3f13b4fc0b5f14e63","tokenurl":"/mcm/api/land?token=830a5b4ffd5a55a3f13b4fc0b5f14e63","imageurl":"/mcm/images/land/2B/7881_8a3f3f36c76.jpg","landname":"7"},{"id":281474981363870,"level":3,"status":0,"posx":24,"posy":6,"cityid":71,"townid":178,"tokenid":"0538af16e26bf51cb42a19296d5f8635","tokenurl":"/mcm/api/land?token=0538af16e26bf51cb42a19296d5f8635","imageurl":"/mcm/images/land/2B/7882_3a73700f3d9e.jpg","landname":"8"},{"id":281474981363871,"level":1,"status":1,"posx":25,"posy":6,"cityid":71,"townid":178,"tokenid":"b86bab869df2309f653934b98df011db","tokenurl":"/mcm/api/land?token=b86bab869df2309f653934b98df011db","imageurl":"/mcm/images/land/2S/3153_37bbc4b21ae7.jpg","landname":"9"},{"id":281474981363872,"level":3,"status":0,"posx":32,"posy":6,"cityid":71,"townid":178,"tokenid":"6cbfbd080c670639e344aa8156dad5a4","tokenurl":"/mcm/api/land?token=6cbfbd080c670639e344aa8156dad5a4","imageurl":"/mcm/images/land/2B/7883_1016801d70f5.jpg","landname":"10"},{"id":281474981363873,"level":2,"status":1,"posx":33,"posy":6,"cityid":71,"townid":178,"tokenid":"dc07d586bb0bbf4f3aacfdb59893a058","tokenurl":"/mcm/api/land?token=dc07d586bb0bbf4f3aacfdb59893a058","imageurl":"/mcm/images/land/2A/4728_1b2c2e2d584a.jpg","landname":"11"},{"id":281474981363874,"level":3,"status":1,"posx":5,"posy":7,"cityid":71,"townid":178,"tokenid":"cb2073b03c2d77bd57f796090ea8694f","tokenurl":"/mcm/api/land?token=cb2073b03c2d77bd57f796090ea8694f","imageurl":"/mcm/images/land/2B/7884_568e38a77e8b.jpg","landname":"12"},{"id":281474981363875,"level":3,"status":0,"posx":6,"posy":7,"cityid":71,"townid":178,"tokenid":"a1dfd0243d0464096c6f5bb9c28c8554","tokenurl":"/mcm/api/land?token=a1dfd0243d0464096c6f5bb9c28c8554","imageurl":"/mcm/images/land/2B/7885_47b4f57076a8.jpg","landname":"13"},{"id":281474981363876,"level":2,"status":1,"posx":21,"posy":7,"cityid":71,"townid":178,"tokenid":"b76cb174a2c83e7d789daa97586affb0","tokenurl":"/mcm/api/land?token=b76cb174a2c83e7d789daa97586affb0","imageurl":"/mcm/images/land/2A/4729_c77cf999bda.jpg","landname":"14"},{"id":281474981363877,"level":3,"status":1,"posx":22,"posy":7,"cityid":71,"townid":178,"tokenid":"ea4c2d93806be5b677335b02ae4fb223","tokenurl":"/mcm/api/land?token=ea4c2d93806be5b677335b02ae4fb223","imageurl":"/mcm/images/land/2B/7886_be97ca6fccc.jpg","landname":"15"},{"id":281474981363878,"level":1,"status":1,"posx":23,"posy":7,"cityid":71,"townid":178,"tokenid":"bbbdc9b0ac38e90a177c75eff8e00990","tokenurl":"/mcm/api/land?token=bbbdc9b0ac38e90a177c75eff8e00990","imageurl":"/mcm/images/land/2S/3154_3eeb14b18dd1.jpg","landname":"16"},{"id":281474981363879,"level":1,"status":0,"posx":24,"posy":7,"cityid":71,"townid":178,"tokenid":"0f4b6862fe49b67e90bf96e534db8351","tokenurl":"/mcm/api/land?token=0f4b6862fe49b67e90bf96e534db8351","imageurl":"/mcm/images/land/2S/3155_1f78094e0ca9.jpg","landname":"17"},{"id":281474981363880,"level":3,"status":0,"posx":25,"posy":7,"cityid":71,"townid":178,"tokenid":"f43e9cba8a73eb92f9c29b56efb7f0e5","tokenurl":"/mcm/api/land?token=f43e9cba8a73eb92f9c29b56efb7f0e5","imageurl":"/mcm/images/land/2B/7887_9915848b99a.jpg","landname":"18"},{"id":281474981363881,"level":3,"status":0,"posx":32,"posy":7,"cityid":71,"townid":178,"tokenid":"5172980a6b4ca78cdbea8588b60b9541","tokenurl":"/mcm/api/land?token=5172980a6b4ca78cdbea8588b60b9541","imageurl":"/mcm/images/land/2B/7888_580e60a36af0.jpg","landname":"19"},{"id":281474981363882,"level":3,"status":0,"posx":33,"posy":7,"cityid":71,"townid":178,"tokenid":"69b5644eaddfcd4f4a97d71879ca98e4","tokenurl":"/mcm/api/land?token=69b5644eaddfcd4f4a97d71879ca98e4","imageurl":"/mcm/images/land/2B/7889_585c22c5fd5e.jpg","landname":"20"},{"id":281474981363883,"level":1,"status":1,"posx":5,"posy":8,"cityid":71,"townid":178,"tokenid":"d13fff450dfe0522a47cd6c493dfe211","tokenurl":"/mcm/api/land?token=d13fff450dfe0522a47cd6c493dfe211","imageurl":"/mcm/images/land/2S/3156_3529c07844b8.jpg","landname":"21"},{"id":281474981363884,"level":1,"status":0,"posx":6,"posy":8,"cityid":71,"townid":178,"tokenid":"e290cc4b08673f386a06c0223ec45e56","tokenurl":"/mcm/api/land?token=e290cc4b08673f386a06c0223ec45e56","imageurl":"/mcm/images/land/2S/3157_49a146b05cda.jpg","landname":"22"},{"id":281474981363885,"level":1,"status":0,"posx":32,"posy":8,"cityid":71,"townid":178,"tokenid":"53cb95eb2cbe27087fef38f9bf04e7cf","tokenurl":"/mcm/api/land?token=53cb95eb2cbe27087fef38f9bf04e7cf","imageurl":"/mcm/images/land/2S/3158_2b450655df13.jpg","landname":"23"},{"id":281474981363886,"level":3,"status":1,"posx":33,"posy":8,"cityid":71,"townid":178,"tokenid":"4c300e4268c73bb5e8b019a3fd2821c3","tokenurl":"/mcm/api/land?token=4c300e4268c73bb5e8b019a3fd2821c3","imageurl":"/mcm/images/land/2B/7890_30ceab91d08f.jpg","landname":"24"},{"id":281474981363887,"level":3,"status":1,"posx":5,"posy":9,"cityid":71,"townid":178,"tokenid":"449ede8bdaff7fb1eca1799df4c74f11","tokenurl":"/mcm/api/land?token=449ede8bdaff7fb1eca1799df4c74f11","imageurl":"/mcm/images/land/2B/7891_52bde4602b3d.jpg","landname":"25"},{"id":281474981363888,"level":1,"status":0,"posx":6,"posy":9,"cityid":71,"townid":178,"tokenid":"9591945349312a5c817442a5c0e8db5d","tokenurl":"/mcm/api/land?token=9591945349312a5c817442a5c0e8db5d","imageurl":"/mcm/images/land/2S/3159_f836ddb8d10.jpg","landname":"26"},{"id":281474981363889,"level":3,"status":0,"posx":32,"posy":9,"cityid":71,"townid":178,"tokenid":"cca6dc3451ccbe37882dea9172c86b7a","tokenurl":"/mcm/api/land?token=cca6dc3451ccbe37882dea9172c86b7a","imageurl":"/mcm/images/land/2B/7892_591ab74ac63d.jpg","landname":"27"},{"id":281474981363890,"level":3,"status":0,"posx":33,"posy":9,"cityid":71,"townid":178,"tokenid":"98ada2c0a0a7d83943dfaaffe8cafd3c","tokenurl":"/mcm/api/land?token=98ada2c0a0a7d83943dfaaffe8cafd3c","imageurl":"/mcm/images/land/2B/7893_361aa5fcc026.jpg","landname":"28"},{"id":281474981363891,"level":2,"status":0,"posx":5,"posy":10,"cityid":71,"townid":178,"tokenid":"6c9071ca02adc523d3bd082b0b1fd977","tokenurl":"/mcm/api/land?token=6c9071ca02adc523d3bd082b0b1fd977","imageurl":"/mcm/images/land/2A/4730_2ccc16e38284.jpg","landname":"29"},{"id":281474981363892,"level":2,"status":1,"posx":6,"posy":10,"cityid":71,"townid":178,"tokenid":"3f757f46c50f779c0fe4a80c933f8926","tokenurl":"/mcm/api/land?token=3f757f46c50f779c0fe4a80c933f8926","imageurl":"/mcm/images/land/2A/4731_47ef6aa24ba.jpg","landname":"30"},{"id":281474981363893,"level":2,"status":0,"posx":8,"posy":10,"cityid":71,"townid":178,"tokenid":"b665b9d416cc8791e15578423af86c68","tokenurl":"/mcm/api/land?token=b665b9d416cc8791e15578423af86c68","imageurl":"/mcm/images/land/2A/4732_159c058028d0.jpg","landname":"31"},{"id":281474981363894,"level":1,"status":0,"posx":9,"posy":10,"cityid":71,"townid":178,"tokenid":"5446e57a2a30e28aa436da4077f3bed5","tokenurl":"/mcm/api/land?token=5446e57a2a30e28aa436da4077f3bed5","imageurl":"/mcm/images/land/2S/3160_47510907c46c.jpg","landname":"32"},{"id":281474981363895,"level":3,"status":1,"posx":23,"posy":10,"cityid":71,"townid":178,"tokenid":"1cb405998f84ebd737932df478d79a31","tokenurl":"/mcm/api/land?token=1cb405998f84ebd737932df478d79a31","imageurl":"/mcm/images/land/2B/7894_20422efdf8eb.jpg","landname":"33"},{"id":281474981363896,"level":3,"status":1,"posx":24,"posy":10,"cityid":71,"townid":178,"tokenid":"5765fe217f74a5e361022ca019abc533","tokenurl":"/mcm/api/land?token=5765fe217f74a5e361022ca019abc533","imageurl":"/mcm/images/land/2B/7895_3ccfd60c9e1c.jpg","landname":"34"},{"id":281474981363897,"level":1,"status":1,"posx":8,"posy":11,"cityid":71,"townid":178,"tokenid":"f8dd356b23ba2eeb19cb40f984017f4f","tokenurl":"/mcm/api/land?token=f8dd356b23ba2eeb19cb40f984017f4f","imageurl":"/mcm/images/land/2S/3161_2f8e6a265d42.jpg","landname":"35"},{"id":281474981363898,"level":2,"status":1,"posx":9,"posy":11,"cityid":71,"townid":178,"tokenid":"21b76d13e3cf48f56c65671dae4950d0","tokenurl":"/mcm/api/land?token=21b76d13e3cf48f56c65671dae4950d0","imageurl":"/mcm/images/land/2A/4733_342846bb746a.jpg","landname":"36"},{"id":281474981363899,"level":3,"status":0,"posx":23,"posy":11,"cityid":71,"townid":178,"tokenid":"1198d333ccb4d91fa3fa3786434b45a2","tokenurl":"/mcm/api/land?token=1198d333ccb4d91fa3fa3786434b45a2","imageurl":"/mcm/images/land/2B/7896_12e5369e0009.jpg","landname":"37"},{"id":281474981363900,"level":3,"status":1,"posx":24,"posy":11,"cityid":71,"townid":178,"tokenid":"fc8c2082ec1c13341cac7455823a87aa","tokenurl":"/mcm/api/land?token=fc8c2082ec1c13341cac7455823a87aa","imageurl":"/mcm/images/land/2B/7897_128ff4db3629.jpg","landname":"38"},{"id":281474981363901,"level":3,"status":1,"posx":8,"posy":12,"cityid":71,"townid":178,"tokenid":"d64049dbf6fbdb1f2df86743bd36e7d9","tokenurl":"/mcm/api/land?token=d64049dbf6fbdb1f2df86743bd36e7d9","imageurl":"/mcm/images/land/2B/7898_3882c5150ff7.jpg","landname":"39"},{"id":281474981363902,"level":3,"status":1,"posx":9,"posy":12,"cityid":71,"townid":178,"tokenid":"7862fb8c08b73c167593152d48dd2c97","tokenurl":"/mcm/api/land?token=7862fb8c08b73c167593152d48dd2c97","imageurl":"/mcm/images/land/2B/7899_50da4355af63.jpg","landname":"40"},{"id":281474981363903,"level":2,"status":0,"posx":23,"posy":12,"cityid":71,"townid":178,"tokenid":"b875fb42d753b69debae632b990195d8","tokenurl":"/mcm/api/land?token=b875fb42d753b69debae632b990195d8","imageurl":"/mcm/images/land/2A/4734_3c38f212fe81.jpg","landname":"41"},{"id":281474981363904,"level":2,"status":1,"posx":24,"posy":12,"cityid":71,"townid":178,"tokenid":"0489be3df4680dd35c681e4b4acc6d82","tokenurl":"/mcm/api/land?token=0489be3df4680dd35c681e4b4acc6d82","imageurl":"/mcm/images/land/2A/4735_f8d21f104f0.jpg","landname":"42"},{"id":281474981363905,"level":1,"status":0,"posx":32,"posy":12,"cityid":71,"townid":178,"tokenid":"44b19a3f759642f0a355078f6305337e","tokenurl":"/mcm/api/land?token=44b19a3f759642f0a355078f6305337e","imageurl":"/mcm/images/land/2S/3162_55f1ad446a8d.jpg","landname":"43"},{"id":281474981363906,"level":2,"status":1,"posx":33,"posy":12,"cityid":71,"townid":178,"tokenid":"30857b321aa560c1aeaa99915e130ff2","tokenurl":"/mcm/api/land?token=30857b321aa560c1aeaa99915e130ff2","imageurl":"/mcm/images/land/2A/4736_480f354e5dca.jpg","landname":"44"},{"id":281474981363907,"level":1,"status":0,"posx":8,"posy":13,"cityid":71,"townid":178,"tokenid":"19b6cad2b51938575f657df3d8deefca","tokenurl":"/mcm/api/land?token=19b6cad2b51938575f657df3d8deefca","imageurl":"/mcm/images/land/2S/3163_e91d0db945c.jpg","landname":"45"},{"id":281474981363908,"level":3,"status":1,"posx":9,"posy":13,"cityid":71,"townid":178,"tokenid":"395e3068a796b9a947b931c28411319e","tokenurl":"/mcm/api/land?token=395e3068a796b9a947b931c28411319e","imageurl":"/mcm/images/land/2B/7900_3fe42674bd3b.jpg","landname":"46"},{"id":281474981363909,"level":2,"status":0,"posx":23,"posy":13,"cityid":71,"townid":178,"tokenid":"0bc5627503a2f56bf31d6c49b0bec4d3","tokenurl":"/mcm/api/land?token=0bc5627503a2f56bf31d6c49b0bec4d3","imageurl":"/mcm/images/land/2A/4737_40db003a2471.jpg","landname":"47"},{"id":281474981363910,"level":2,"status":1,"posx":24,"posy":13,"cityid":71,"townid":178,"tokenid":"9f64415979a1f8006f26125c5a8d0e3b","tokenurl":"/mcm/api/land?token=9f64415979a1f8006f26125c5a8d0e3b","imageurl":"/mcm/images/land/2A/4738_2e492d17850.jpg","landname":"48"},{"id":281474981363911,"level":3,"status":0,"posx":32,"posy":13,"cityid":71,"townid":178,"tokenid":"ab37717f12c7f391f08fb10a930ee011","tokenurl":"/mcm/api/land?token=ab37717f12c7f391f08fb10a930ee011","imageurl":"/mcm/images/land/2B/7901_1fdc14b08d.jpg","landname":"49"},{"id":281474981363912,"level":3,"status":0,"posx":33,"posy":13,"cityid":71,"townid":178,"tokenid":"61b97bdfa8d45efdb417c2ff02e27aab","tokenurl":"/mcm/api/land?token=61b97bdfa8d45efdb417c2ff02e27aab","imageurl":"/mcm/images/land/2B/7902_8bcdd3724e6.jpg","landname":"50"},{"id":281474981363913,"level":2,"status":0,"posx":8,"posy":14,"cityid":71,"townid":178,"tokenid":"540c7a2d477f5868f2916373a33cef35","tokenurl":"/mcm/api/land?token=540c7a2d477f5868f2916373a33cef35","imageurl":"/mcm/images/land/2A/4739_43c443fa737.jpg","landname":"51"},{"id":281474981363914,"level":3,"status":1,"posx":9,"posy":14,"cityid":71,"townid":178,"tokenid":"525243b7f8abce159d10f3938f877098","tokenurl":"/mcm/api/land?token=525243b7f8abce159d10f3938f877098","imageurl":"/mcm/images/land/2B/7903_373af79c05a4.jpg","landname":"52"},{"id":281474981363915,"level":1,"status":1,"posx":23,"posy":14,"cityid":71,"townid":178,"tokenid":"bdce1c1db28a8ba240b42bf12b3eb61a","tokenurl":"/mcm/api/land?token=bdce1c1db28a8ba240b42bf12b3eb61a","imageurl":"/mcm/images/land/2S/3164_52aa9723016d.jpg","landname":"53"},{"id":281474981363916,"level":2,"status":0,"posx":24,"posy":14,"cityid":71,"townid":178,"tokenid":"3983867c4670057a9753444c73f3a2f1","tokenurl":"/mcm/api/land?token=3983867c4670057a9753444c73f3a2f1","imageurl":"/mcm/images/land/2A/4740_2b57989bda50.jpg","landname":"54"},{"id":281474981363917,"level":2,"status":1,"posx":32,"posy":14,"cityid":71,"townid":178,"tokenid":"18ad5fd632383e34b5cf7fa59d024534","tokenurl":"/mcm/api/land?token=18ad5fd632383e34b5cf7fa59d024534","imageurl":"/mcm/images/land/2A/4741_1a591c52aca.jpg","landname":"55"},{"id":281474981363918,"level":2,"status":1,"posx":33,"posy":14,"cityid":71,"townid":178,"tokenid":"8f6a283f0efad79fa948aad9b5f32f6d","tokenurl":"/mcm/api/land?token=8f6a283f0efad79fa948aad9b5f32f6d","imageurl":"/mcm/images/land/2A/4742_3a1f07df104d.jpg","landname":"56"},{"id":281474981363919,"level":3,"status":0,"posx":32,"posy":15,"cityid":71,"townid":178,"tokenid":"36552ebe555b30c871b80d7db37b3564","tokenurl":"/mcm/api/land?token=36552ebe555b30c871b80d7db37b3564","imageurl":"/mcm/images/land/2B/7904_49cd088cc9e4.jpg","landname":"57"},{"id":281474981363920,"level":3,"status":0,"posx":33,"posy":15,"cityid":71,"townid":178,"tokenid":"3525a38a3e24294be3bb1a82938841b6","tokenurl":"/mcm/api/land?token=3525a38a3e24294be3bb1a82938841b6","imageurl":"/mcm/images/land/2B/7905_25c1588165a9.jpg","landname":"58"},{"id":281474981363921,"level":3,"status":1,"posx":8,"posy":16,"cityid":71,"townid":178,"tokenid":"a44c8475872d18acd7d87286c05ff53c","tokenurl":"/mcm/api/land?token=a44c8475872d18acd7d87286c05ff53c","imageurl":"/mcm/images/land/2B/7906_2a753fe8bdba.jpg","landname":"59"},{"id":281474981363922,"level":1,"status":1,"posx":9,"posy":16,"cityid":71,"townid":178,"tokenid":"470e4d3d117e92403d4fbfe67b87058b","tokenurl":"/mcm/api/land?token=470e4d3d117e92403d4fbfe67b87058b","imageurl":"/mcm/images/land/2S/3165_cb9d25c19ef.jpg","landname":"60"},{"id":281474981363923,"level":2,"status":0,"posx":32,"posy":16,"cityid":71,"townid":178,"tokenid":"367153c0c7c12e54ae779f499ca41c68","tokenurl":"/mcm/api/land?token=367153c0c7c12e54ae779f499ca41c68","imageurl":"/mcm/images/land/2A/4743_26439b88034b.jpg","landname":"61"},{"id":281474981363924,"level":3,"status":1,"posx":33,"posy":16,"cityid":71,"townid":178,"tokenid":"a32b20f627d1f0c253afe538eab16caa","tokenurl":"/mcm/api/land?token=a32b20f627d1f0c253afe538eab16caa","imageurl":"/mcm/images/land/2B/7907_33bfd97c4166.jpg","landname":"62"},{"id":281474981363925,"level":2,"status":0,"posx":8,"posy":17,"cityid":71,"townid":178,"tokenid":"def7b46fffe1a0eaa5fefec26881a26b","tokenurl":"/mcm/api/land?token=def7b46fffe1a0eaa5fefec26881a26b","imageurl":"/mcm/images/land/2A/4744_1924139c386c.jpg","landname":"63"},{"id":281474981363926,"level":2,"status":0,"posx":9,"posy":17,"cityid":71,"townid":178,"tokenid":"2538258a2d591ae2ad221dcf845aac87","tokenurl":"/mcm/api/land?token=2538258a2d591ae2ad221dcf845aac87","imageurl":"/mcm/images/land/2A/4745_371bc6c2bd34.jpg","landname":"64"},{"id":281474981363927,"level":1,"status":0,"posx":8,"posy":18,"cityid":71,"townid":178,"tokenid":"8f838186a39b4076c561f391c9729347","tokenurl":"/mcm/api/land?token=8f838186a39b4076c561f391c9729347","imageurl":"/mcm/images/land/2S/3166_395f91b70ab0.jpg","landname":"65"},{"id":281474981363928,"level":1,"status":1,"posx":9,"posy":18,"cityid":71,"townid":178,"tokenid":"3d33e35a7ed54d7a7ed448e28824ebf9","tokenurl":"/mcm/api/land?token=3d33e35a7ed54d7a7ed448e28824ebf9","imageurl":"/mcm/images/land/2S/3167_93551b8af14.jpg","landname":"66"},{"id":281474981363929,"level":3,"status":0,"posx":20,"posy":18,"cityid":71,"townid":178,"tokenid":"6838f61681bb669db598d4ed006f42a6","tokenurl":"/mcm/api/land?token=6838f61681bb669db598d4ed006f42a6","imageurl":"/mcm/images/land/2B/7908_48346ea1598f.jpg","landname":"67"},{"id":281474981363930,"level":3,"status":0,"posx":21,"posy":18,"cityid":71,"townid":178,"tokenid":"47deebaafec711a941f81e5d1effdda1","tokenurl":"/mcm/api/land?token=47deebaafec711a941f81e5d1effdda1","imageurl":"/mcm/images/land/2B/7909_4d81defcb73f.jpg","landname":"68"},{"id":281474981363931,"level":3,"status":1,"posx":25,"posy":18,"cityid":71,"townid":178,"tokenid":"97a907e0a8c3665781657d6f83e27f02","tokenurl":"/mcm/api/land?token=97a907e0a8c3665781657d6f83e27f02","imageurl":"/mcm/images/land/2B/7910_11df4a0edc8e.jpg","landname":"69"},{"id":281474981363932,"level":1,"status":1,"posx":26,"posy":18,"cityid":71,"townid":178,"tokenid":"79a254a8df0a91e740e232aeb4cb1381","tokenurl":"/mcm/api/land?token=79a254a8df0a91e740e232aeb4cb1381","imageurl":"/mcm/images/land/2S/3168_52b819756a00.jpg","landname":"70"},{"id":281474981363933,"level":2,"status":0,"posx":8,"posy":19,"cityid":71,"townid":178,"tokenid":"0aef4907328d7c4f36ca225c5d56bd0e","tokenurl":"/mcm/api/land?token=0aef4907328d7c4f36ca225c5d56bd0e","imageurl":"/mcm/images/land/2A/4746_3b821beb415.jpg","landname":"71"},{"id":281474981363934,"level":1,"status":1,"posx":9,"posy":19,"cityid":71,"townid":178,"tokenid":"8bc7cdb8545bde4b1e7c037ca0cae615","tokenurl":"/mcm/api/land?token=8bc7cdb8545bde4b1e7c037ca0cae615","imageurl":"/mcm/images/land/2S/3169_225f17adb8ec.jpg","landname":"72"},{"id":281474981363935,"level":3,"status":0,"posx":20,"posy":19,"cityid":71,"townid":178,"tokenid":"008e168d8d2589ef9d8c67a6c08a4d41","tokenurl":"/mcm/api/land?token=008e168d8d2589ef9d8c67a6c08a4d41","imageurl":"/mcm/images/land/2B/7911_40f49cdb0e00.jpg","landname":"73"},{"id":281474981363936,"level":1,"status":1,"posx":21,"posy":19,"cityid":71,"townid":178,"tokenid":"3404891a9b556f17a4454cb9466863b0","tokenurl":"/mcm/api/land?token=3404891a9b556f17a4454cb9466863b0","imageurl":"/mcm/images/land/2S/3170_597e68fe91c2.jpg","landname":"74"},{"id":281474981363937,"level":2,"status":0,"posx":25,"posy":19,"cityid":71,"townid":178,"tokenid":"bf3ee5a250961ef8e906cd8bd85bab26","tokenurl":"/mcm/api/land?token=bf3ee5a250961ef8e906cd8bd85bab26","imageurl":"/mcm/images/land/2A/4747_fa06dc4c389.jpg","landname":"75"},{"id":281474981363938,"level":1,"status":0,"posx":26,"posy":19,"cityid":71,"townid":178,"tokenid":"97f44ba776060f282782fa2095c36038","tokenurl":"/mcm/api/land?token=97f44ba776060f282782fa2095c36038","imageurl":"/mcm/images/land/2S/3171_132977cf7951.jpg","landname":"76"},{"id":281474981363939,"level":2,"status":0,"posx":8,"posy":20,"cityid":71,"townid":178,"tokenid":"661969ec2372eefa65c2c4f03a120add","tokenurl":"/mcm/api/land?token=661969ec2372eefa65c2c4f03a120add","imageurl":"/mcm/images/land/2A/4748_1951d4153515.jpg","landname":"77"},{"id":281474981363940,"level":2,"status":0,"posx":9,"posy":20,"cityid":71,"townid":178,"tokenid":"6c82cb4b8c3c08486ca3e7c5c66f7763","tokenurl":"/mcm/api/land?token=6c82cb4b8c3c08486ca3e7c5c66f7763","imageurl":"/mcm/images/land/2A/4749_35f0a59a90.jpg","landname":"78"},{"id":281474981363941,"level":2,"status":1,"posx":20,"posy":20,"cityid":71,"townid":178,"tokenid":"f2ab98909cae7eb396628cfd2f2bf648","tokenurl":"/mcm/api/land?token=f2ab98909cae7eb396628cfd2f2bf648","imageurl":"/mcm/images/land/2A/4750_5819cba6534e.jpg","landname":"79"},{"id":281474981363942,"level":3,"status":1,"posx":21,"posy":20,"cityid":71,"townid":178,"tokenid":"1342864fd704b5e3df82a14eac2952c4","tokenurl":"/mcm/api/land?token=1342864fd704b5e3df82a14eac2952c4","imageurl":"/mcm/images/land/2B/7912_2a3d7a6f8242.jpg","landname":"80"},{"id":281474981363943,"level":1,"status":0,"posx":25,"posy":20,"cityid":71,"townid":178,"tokenid":"ed85dfba7d260b3d481417be8495b413","tokenurl":"/mcm/api/land?token=ed85dfba7d260b3d481417be8495b413","imageurl":"/mcm/images/land/2S/3172_53676b0f99fb.jpg","landname":"81"},{"id":281474981363944,"level":3,"status":0,"posx":26,"posy":20,"cityid":71,"townid":178,"tokenid":"ce82c6b7d6a4abe214199a33cd7ec9ac","tokenurl":"/mcm/api/land?token=ce82c6b7d6a4abe214199a33cd7ec9ac","imageurl":"/mcm/images/land/2B/7913_1f40e0441d5.jpg","landname":"82"},{"id":281474981363945,"level":2,"status":1,"posx":31,"posy":20,"cityid":71,"townid":178,"tokenid":"fa6ca10f2d3e8eb778968513e5b799fe","tokenurl":"/mcm/api/land?token=fa6ca10f2d3e8eb778968513e5b799fe","imageurl":"/mcm/images/land/2A/4751_264a0555b654.jpg","landname":"83"},{"id":281474981363946,"level":3,"status":1,"posx":32,"posy":20,"cityid":71,"townid":178,"tokenid":"5f7d1c78cb747b784c45154dd3060b60","tokenurl":"/mcm/api/land?token=5f7d1c78cb747b784c45154dd3060b60","imageurl":"/mcm/images/land/2B/7914_39cc59c2dd62.jpg","landname":"84"},{"id":281474981363947,"level":3,"status":0,"posx":20,"posy":21,"cityid":71,"townid":178,"tokenid":"b9122ebf69f1bfe4aa28872ce2df1944","tokenurl":"/mcm/api/land?token=b9122ebf69f1bfe4aa28872ce2df1944","imageurl":"/mcm/images/land/2B/7915_171d3e5a1e1f.jpg","landname":"85"},{"id":281474981363948,"level":3,"status":1,"posx":21,"posy":21,"cityid":71,"townid":178,"tokenid":"05cb50b3754b952e99f578a68eec9a86","tokenurl":"/mcm/api/land?token=05cb50b3754b952e99f578a68eec9a86","imageurl":"/mcm/images/land/2B/7916_e2261c048a7.jpg","landname":"86"},{"id":281474981363949,"level":3,"status":0,"posx":25,"posy":21,"cityid":71,"townid":178,"tokenid":"20e10452f45ed2a814598690aeef1e1b","tokenurl":"/mcm/api/land?token=20e10452f45ed2a814598690aeef1e1b","imageurl":"/mcm/images/land/2B/7917_1a9c4c9934ca.jpg","landname":"87"},{"id":281474981363950,"level":2,"status":1,"posx":26,"posy":21,"cityid":71,"townid":178,"tokenid":"8f153f4d20e0da4ef6ec9f7607103faf","tokenurl":"/mcm/api/land?token=8f153f4d20e0da4ef6ec9f7607103faf","imageurl":"/mcm/images/land/2A/4752_77f7adb26cf.jpg","landname":"88"},{"id":281474981363951,"level":2,"status":0,"posx":31,"posy":21,"cityid":71,"townid":178,"tokenid":"334211ca6f500b35b10873fe9d1823a5","tokenurl":"/mcm/api/land?token=334211ca6f500b35b10873fe9d1823a5","imageurl":"/mcm/images/land/2A/4753_48ff834b4ff.jpg","landname":"89"},{"id":281474981363952,"level":2,"status":0,"posx":32,"posy":21,"cityid":71,"townid":178,"tokenid":"3680eabc5a3aa4f4fdb0e023cf878c43","tokenurl":"/mcm/api/land?token=3680eabc5a3aa4f4fdb0e023cf878c43","imageurl":"/mcm/images/land/2A/4754_61d50dfa82d.jpg","landname":"90"},{"id":281474981363953,"level":2,"status":1,"posx":12,"posy":22,"cityid":71,"townid":178,"tokenid":"fb2a8847c0b392b78995fe3211f44f7b","tokenurl":"/mcm/api/land?token=fb2a8847c0b392b78995fe3211f44f7b","imageurl":"/mcm/images/land/2A/4755_1fda225fd7e9.jpg","landname":"91"},{"id":281474981363954,"level":3,"status":0,"posx":13,"posy":22,"cityid":71,"townid":178,"tokenid":"2d2be46bd94815404dfeb5402568712d","tokenurl":"/mcm/api/land?token=2d2be46bd94815404dfeb5402568712d","imageurl":"/mcm/images/land/2B/7918_1442cee99809.jpg","landname":"92"},{"id":281474981363955,"level":2,"status":1,"posx":20,"posy":22,"cityid":71,"townid":178,"tokenid":"11c25fb24c8a3f816d060ce63339efd1","tokenurl":"/mcm/api/land?token=11c25fb24c8a3f816d060ce63339efd1","imageurl":"/mcm/images/land/2A/4756_480b7ffd683b.jpg","landname":"93"},{"id":281474981363956,"level":1,"status":1,"posx":21,"posy":22,"cityid":71,"townid":178,"tokenid":"d4a25eb84bcac40dc8594229203f4812","tokenurl":"/mcm/api/land?token=d4a25eb84bcac40dc8594229203f4812","imageurl":"/mcm/images/land/2S/3173_4437a57893eb.jpg","landname":"94"},{"id":281474981363957,"level":2,"status":0,"posx":25,"posy":22,"cityid":71,"townid":178,"tokenid":"b5bcd5a5e1964770b7e2acb7fa737640","tokenurl":"/mcm/api/land?token=b5bcd5a5e1964770b7e2acb7fa737640","imageurl":"/mcm/images/land/2A/4757_3c72041d5dd8.jpg","landname":"95"},{"id":281474981363958,"level":3,"status":0,"posx":26,"posy":22,"cityid":71,"townid":178,"tokenid":"91dfc27f272242872daa2a0000347255","tokenurl":"/mcm/api/land?token=91dfc27f272242872daa2a0000347255","imageurl":"/mcm/images/land/2B/7919_4d5a21e56a5a.jpg","landname":"96"},{"id":281474981363959,"level":1,"status":1,"posx":31,"posy":22,"cityid":71,"townid":178,"tokenid":"ef5e5e0ab0f70846d02dfe88d9d9ed4d","tokenurl":"/mcm/api/land?token=ef5e5e0ab0f70846d02dfe88d9d9ed4d","imageurl":"/mcm/images/land/2S/3174_3871e6a08042.jpg","landname":"97"},{"id":281474981363960,"level":3,"status":0,"posx":32,"posy":22,"cityid":71,"townid":178,"tokenid":"bd8582584e80d3a2a17b5eb2844b5d56","tokenurl":"/mcm/api/land?token=bd8582584e80d3a2a17b5eb2844b5d56","imageurl":"/mcm/images/land/2B/7920_47950ea01e03.jpg","landname":"98"},{"id":281474981363961,"level":1,"status":0,"posx":12,"posy":23,"cityid":71,"townid":178,"tokenid":"920383182ad7dae0f0986808d14c4ebe","tokenurl":"/mcm/api/land?token=920383182ad7dae0f0986808d14c4ebe","imageurl":"/mcm/images/land/2S/3175_2510437efeb4.jpg","landname":"99"},{"id":281474981363962,"level":3,"status":1,"posx":13,"posy":23,"cityid":71,"townid":178,"tokenid":"6c69016b71a8ffa6e5b9339eb3c89ddd","tokenurl":"/mcm/api/land?token=6c69016b71a8ffa6e5b9339eb3c89ddd","imageurl":"/mcm/images/land/2B/7921_52881ed92057.jpg","landname":"100"},{"id":281474981363963,"level":2,"status":1,"posx":31,"posy":23,"cityid":71,"townid":178,"tokenid":"66745e0614b9c4133b8e8ec5968153e6","tokenurl":"/mcm/api/land?token=66745e0614b9c4133b8e8ec5968153e6","imageurl":"/mcm/images/land/2A/4758_dee97382141.jpg","landname":"101"},{"id":281474981363964,"level":2,"status":1,"posx":32,"posy":23,"cityid":71,"townid":178,"tokenid":"08fcc5afc4aac236c6f3cd33caf7db13","tokenurl":"/mcm/api/land?token=08fcc5afc4aac236c6f3cd33caf7db13","imageurl":"/mcm/images/land/2A/4759_4bab3a61d06d.jpg","landname":"102"},{"id":281474981363965,"level":1,"status":0,"posx":12,"posy":24,"cityid":71,"townid":178,"tokenid":"1036760e5b19de81c476337ab445b1d4","tokenurl":"/mcm/api/land?token=1036760e5b19de81c476337ab445b1d4","imageurl":"/mcm/images/land/2S/3176_384272725893.jpg","landname":"103"},{"id":281474981363966,"level":3,"status":1,"posx":13,"posy":24,"cityid":71,"townid":178,"tokenid":"e31f4df9c77c19bfb60d2bed1685c888","tokenurl":"/mcm/api/land?token=e31f4df9c77c19bfb60d2bed1685c888","imageurl":"/mcm/images/land/2B/7922_1088d71c659c.jpg","landname":"104"},{"id":281474981363967,"level":3,"status":1,"posx":31,"posy":24,"cityid":71,"townid":178,"tokenid":"09af88710a1cb11ed4153c06fbaa34f4","tokenurl":"/mcm/api/land?token=09af88710a1cb11ed4153c06fbaa34f4","imageurl":"/mcm/images/land/2B/7923_24c6e3af19c6.jpg","landname":"105"},{"id":281474981363968,"level":3,"status":1,"posx":32,"posy":24,"cityid":71,"townid":178,"tokenid":"a287eb49255b03f3ed2fc29a95e5aca7","tokenurl":"/mcm/api/land?token=a287eb49255b03f3ed2fc29a95e5aca7","imageurl":"/mcm/images/land/2B/7924_2dfc7beef97a.jpg","landname":"106"},{"id":281474981363969,"level":2,"status":0,"posx":12,"posy":25,"cityid":71,"townid":178,"tokenid":"2cf4984eda0a787c3c3e9220adc6e809","tokenurl":"/mcm/api/land?token=2cf4984eda0a787c3c3e9220adc6e809","imageurl":"/mcm/images/land/2A/4760_14bf93d2fd97.jpg","landname":"107"},{"id":281474981363970,"level":1,"status":1,"posx":13,"posy":25,"cityid":71,"townid":178,"tokenid":"595a061e956e6a409377185b011d4a7f","tokenurl":"/mcm/api/land?token=595a061e956e6a409377185b011d4a7f","imageurl":"/mcm/images/land/2S/3177_3131687e3776.jpg","landname":"108"},{"id":281474981363971,"level":3,"status":0,"posx":6,"posy":26,"cityid":71,"townid":178,"tokenid":"16dd8293a023ed584be463ad40b238eb","tokenurl":"/mcm/api/land?token=16dd8293a023ed584be463ad40b238eb","imageurl":"/mcm/images/land/2B/7925_4f971c9d34f7.jpg","landname":"109"},{"id":281474981363972,"level":3,"status":1,"posx":7,"posy":26,"cityid":71,"townid":178,"tokenid":"7527cdc89d71cb3ffc19fe21e38dac4a","tokenurl":"/mcm/api/land?token=7527cdc89d71cb3ffc19fe21e38dac4a","imageurl":"/mcm/images/land/2B/7926_3214fc4a1541.jpg","landname":"110"},{"id":281474981363973,"level":3,"status":1,"posx":9,"posy":26,"cityid":71,"townid":178,"tokenid":"1dd94ea58f63876a41b96c388a173def","tokenurl":"/mcm/api/land?token=1dd94ea58f63876a41b96c388a173def","imageurl":"/mcm/images/land/2B/7927_33c71f2d1d3.jpg","landname":"111"},{"id":281474981363974,"level":3,"status":1,"posx":10,"posy":26,"cityid":71,"townid":178,"tokenid":"e592eed060f2e3e97ccaaaefa4f6f0b2","tokenurl":"/mcm/api/land?token=e592eed060f2e3e97ccaaaefa4f6f0b2","imageurl":"/mcm/images/land/2B/7928_27a60179c2e1.jpg","landname":"112"},{"id":281474981363975,"level":3,"status":1,"posx":12,"posy":26,"cityid":71,"townid":178,"tokenid":"47dd8e9a339373eb71de9683624ae68c","tokenurl":"/mcm/api/land?token=47dd8e9a339373eb71de9683624ae68c","imageurl":"/mcm/images/land/2B/7929_54b811ab4d3e.jpg","landname":"113"},{"id":281474981363976,"level":3,"status":0,"posx":13,"posy":26,"cityid":71,"townid":178,"tokenid":"bea8556bc5563c1aab94b6ae2b116bd7","tokenurl":"/mcm/api/land?token=bea8556bc5563c1aab94b6ae2b116bd7","imageurl":"/mcm/images/land/2B/7930_4dd9a2f3fe9a.jpg","landname":"114"},{"id":281474981363977,"level":3,"status":0,"posx":6,"posy":27,"cityid":71,"townid":178,"tokenid":"9e3b91670485b928773a2c212e912d2f","tokenurl":"/mcm/api/land?token=9e3b91670485b928773a2c212e912d2f","imageurl":"/mcm/images/land/2B/7931_55c48363fc57.jpg","landname":"115"},{"id":281474981363978,"level":2,"status":0,"posx":7,"posy":27,"cityid":71,"townid":178,"tokenid":"81ca539ade3d62c8954a3e1ad655ad15","tokenurl":"/mcm/api/land?token=81ca539ade3d62c8954a3e1ad655ad15","imageurl":"/mcm/images/land/2A/4761_34ee3182fe1a.jpg","landname":"116"},{"id":281474981363979,"level":2,"status":1,"posx":9,"posy":27,"cityid":71,"townid":178,"tokenid":"de1d8a3f185e52b50c36ec7bea2e28bf","tokenurl":"/mcm/api/land?token=de1d8a3f185e52b50c36ec7bea2e28bf","imageurl":"/mcm/images/land/2A/4762_42ad27da152b.jpg","landname":"117"},{"id":281474981363980,"level":3,"status":1,"posx":10,"posy":27,"cityid":71,"townid":178,"tokenid":"20631ab024f4033f16ace364e7072824","tokenurl":"/mcm/api/land?token=20631ab024f4033f16ace364e7072824","imageurl":"/mcm/images/land/2B/7932_4d87fd9162b8.jpg","landname":"118"},{"id":281474981363981,"level":2,"status":1,"posx":23,"posy":27,"cityid":71,"townid":178,"tokenid":"a78e79d602b917b9538613c045562532","tokenurl":"/mcm/api/land?token=a78e79d602b917b9538613c045562532","imageurl":"/mcm/images/land/2A/4763_3a7c499b50c.jpg","landname":"119"},{"id":281474981363982,"level":2,"status":1,"posx":24,"posy":27,"cityid":71,"townid":178,"tokenid":"b86240fd79cc5bd29b5c2283b1967a8c","tokenurl":"/mcm/api/land?token=b86240fd79cc5bd29b5c2283b1967a8c","imageurl":"/mcm/images/land/2A/4764_32f14abf839c.jpg","landname":"120"},{"id":281474981363983,"level":2,"status":0,"posx":6,"posy":28,"cityid":71,"townid":178,"tokenid":"204b8068588959822f756597fde53e21","tokenurl":"/mcm/api/land?token=204b8068588959822f756597fde53e21","imageurl":"/mcm/images/land/2A/4765_4379e9469300.jpg","landname":"121"},{"id":281474981363984,"level":3,"status":0,"posx":7,"posy":28,"cityid":71,"townid":178,"tokenid":"57b2092124ae646afb022a6fdb148cb7","tokenurl":"/mcm/api/land?token=57b2092124ae646afb022a6fdb148cb7","imageurl":"/mcm/images/land/2B/7933_97d8407c9ba.jpg","landname":"122"},{"id":281474981363985,"level":3,"status":0,"posx":9,"posy":28,"cityid":71,"townid":178,"tokenid":"aa9cfa52d8c350fd61f05fcf30c236c1","tokenurl":"/mcm/api/land?token=aa9cfa52d8c350fd61f05fcf30c236c1","imageurl":"/mcm/images/land/2B/7934_3c06451f58b.jpg","landname":"123"},{"id":281474981363986,"level":3,"status":0,"posx":10,"posy":28,"cityid":71,"townid":178,"tokenid":"1c097910980cc35e154419ca6d35bf22","tokenurl":"/mcm/api/land?token=1c097910980cc35e154419ca6d35bf22","imageurl":"/mcm/images/land/2B/7935_30c066a2f698.jpg","landname":"124"},{"id":281474981363987,"level":2,"status":0,"posx":23,"posy":28,"cityid":71,"townid":178,"tokenid":"187337b6921789ba0c2f367a0515d499","tokenurl":"/mcm/api/land?token=187337b6921789ba0c2f367a0515d499","imageurl":"/mcm/images/land/2A/4766_56da0106a723.jpg","landname":"125"},{"id":281474981363988,"level":3,"status":1,"posx":24,"posy":28,"cityid":71,"townid":178,"tokenid":"55df3f22c3fcf62ce66d46f287e548d9","tokenurl":"/mcm/api/land?token=55df3f22c3fcf62ce66d46f287e548d9","imageurl":"/mcm/images/land/2B/7936_95dacdd28ea.jpg","landname":"126"},{"id":281474981363989,"level":3,"status":0,"posx":32,"posy":28,"cityid":71,"townid":178,"tokenid":"f211f30d7debfacc28de7751a0984a00","tokenurl":"/mcm/api/land?token=f211f30d7debfacc28de7751a0984a00","imageurl":"/mcm/images/land/2B/7937_384681c5f7e9.jpg","landname":"127"},{"id":281474981363990,"level":3,"status":0,"posx":33,"posy":28,"cityid":71,"townid":178,"tokenid":"50cf756eb329109667dce0ff0fb5b8de","tokenurl":"/mcm/api/land?token=50cf756eb329109667dce0ff0fb5b8de","imageurl":"/mcm/images/land/2B/7938_482cab411667.jpg","landname":"128"},{"id":281474981363991,"level":3,"status":0,"posx":6,"posy":29,"cityid":71,"townid":178,"tokenid":"0c7267a2eb18f60693b3875abf596363","tokenurl":"/mcm/api/land?token=0c7267a2eb18f60693b3875abf596363","imageurl":"/mcm/images/land/2B/7939_393ecd011d86.jpg","landname":"129"},{"id":281474981363992,"level":2,"status":1,"posx":7,"posy":29,"cityid":71,"townid":178,"tokenid":"4921966b273ff51872b11c0d940fdfa1","tokenurl":"/mcm/api/land?token=4921966b273ff51872b11c0d940fdfa1","imageurl":"/mcm/images/land/2A/4767_2ce3cad069f5.jpg","landname":"130"},{"id":281474981363993,"level":2,"status":1,"posx":9,"posy":29,"cityid":71,"townid":178,"tokenid":"eee4167ada97e69be0638ad1306f1dfc","tokenurl":"/mcm/api/land?token=eee4167ada97e69be0638ad1306f1dfc","imageurl":"/mcm/images/land/2A/4768_43c5cc33168c.jpg","landname":"131"},{"id":281474981363994,"level":3,"status":0,"posx":10,"posy":29,"cityid":71,"townid":178,"tokenid":"344ed7111045306cbf54df15e1a25077","tokenurl":"/mcm/api/land?token=344ed7111045306cbf54df15e1a25077","imageurl":"/mcm/images/land/2B/7940_165fda675cb.jpg","landname":"132"},{"id":281474981363995,"level":3,"status":1,"posx":23,"posy":29,"cityid":71,"townid":178,"tokenid":"cba084e2a84e9802fa9530bfdb65b3fb","tokenurl":"/mcm/api/land?token=cba084e2a84e9802fa9530bfdb65b3fb","imageurl":"/mcm/images/land/2B/7941_53bffed64c49.jpg","landname":"133"},{"id":281474981363996,"level":3,"status":0,"posx":24,"posy":29,"cityid":71,"townid":178,"tokenid":"7d8b647bb8a4ab5e85325321ff2c9e99","tokenurl":"/mcm/api/land?token=7d8b647bb8a4ab5e85325321ff2c9e99","imageurl":"/mcm/images/land/2B/7942_245045c44ebe.jpg","landname":"134"},{"id":281474981363997,"level":2,"status":0,"posx":32,"posy":29,"cityid":71,"townid":178,"tokenid":"1db72fe0d3b1def17bcef1f62047add8","tokenurl":"/mcm/api/land?token=1db72fe0d3b1def17bcef1f62047add8","imageurl":"/mcm/images/land/2A/4769_59d8ab4dbf0e.jpg","landname":"135"},{"id":281474981363998,"level":3,"status":1,"posx":33,"posy":29,"cityid":71,"townid":178,"tokenid":"fc16ef26b5341efcfe6e3c988fae3e24","tokenurl":"/mcm/api/land?token=fc16ef26b5341efcfe6e3c988fae3e24","imageurl":"/mcm/images/land/2B/7943_2108e54e6606.jpg","landname":"136"},{"id":281474981363999,"level":3,"status":0,"posx":6,"posy":30,"cityid":71,"townid":178,"tokenid":"33a220d4c3a5a99b28a91c51c5754325","tokenurl":"/mcm/api/land?token=33a220d4c3a5a99b28a91c51c5754325","imageurl":"/mcm/images/land/2B/7944_2611e054a6ae.jpg","landname":"137"},{"id":281474981364000,"level":1,"status":0,"posx":7,"posy":30,"cityid":71,"townid":178,"tokenid":"3400542c42077635194ea0db757a1635","tokenurl":"/mcm/api/land?token=3400542c42077635194ea0db757a1635","imageurl":"/mcm/images/land/2S/3178_30423a1c1eee.jpg","landname":"138"},{"id":281474981364001,"level":3,"status":1,"posx":9,"posy":30,"cityid":71,"townid":178,"tokenid":"4271edf7bccb188935162b290c5e0cc3","tokenurl":"/mcm/api/land?token=4271edf7bccb188935162b290c5e0cc3","imageurl":"/mcm/images/land/2B/7945_4cef417db83b.jpg","landname":"139"},{"id":281474981364002,"level":3,"status":0,"posx":10,"posy":30,"cityid":71,"townid":178,"tokenid":"cea53fed7f5f0e53086be6cb3561c239","tokenurl":"/mcm/api/land?token=cea53fed7f5f0e53086be6cb3561c239","imageurl":"/mcm/images/land/2B/7946_4ac25c63cd56.jpg","landname":"140"},{"id":281474981364003,"level":1,"status":0,"posx":23,"posy":30,"cityid":71,"townid":178,"tokenid":"17747caaf5e5afc7178dc8f55743cc0b","tokenurl":"/mcm/api/land?token=17747caaf5e5afc7178dc8f55743cc0b","imageurl":"/mcm/images/land/2S/3179_537dee1850df.jpg","landname":"141"},{"id":281474981364004,"level":2,"status":0,"posx":24,"posy":30,"cityid":71,"townid":178,"tokenid":"c7feaf2ff427fabc28a324b44cb3cb6f","tokenurl":"/mcm/api/land?token=c7feaf2ff427fabc28a324b44cb3cb6f","imageurl":"/mcm/images/land/2A/4770_55e9f63180ed.jpg","landname":"142"},{"id":281474981364005,"level":3,"status":0,"posx":32,"posy":30,"cityid":71,"townid":178,"tokenid":"4061a730c90173c7d0155aa1d2ebc887","tokenurl":"/mcm/api/land?token=4061a730c90173c7d0155aa1d2ebc887","imageurl":"/mcm/images/land/2B/7947_31b014849941.jpg","landname":"143"},{"id":281474981364006,"level":3,"status":1,"posx":33,"posy":30,"cityid":71,"townid":178,"tokenid":"590bd9e23709aa0c5dc15c4a6c051f31","tokenurl":"/mcm/api/land?token=590bd9e23709aa0c5dc15c4a6c051f31","imageurl":"/mcm/images/land/2B/7948_1b093ea23415.jpg","landname":"144"},{"id":281474981364007,"level":3,"status":0,"posx":23,"posy":31,"cityid":71,"townid":178,"tokenid":"a496e399d39a6cadf6d641ade67d1ee4","tokenurl":"/mcm/api/land?token=a496e399d39a6cadf6d641ade67d1ee4","imageurl":"/mcm/images/land/2B/7949_1792b2dff816.jpg","landname":"145"},{"id":281474981364008,"level":3,"status":1,"posx":24,"posy":31,"cityid":71,"townid":178,"tokenid":"f0d8f0c09597a1fcea0943cf9e56f9e9","tokenurl":"/mcm/api/land?token=f0d8f0c09597a1fcea0943cf9e56f9e9","imageurl":"/mcm/images/land/2B/7950_16a8c30cb377.jpg","landname":"146"},{"id":281474981364009,"level":1,"status":0,"posx":32,"posy":31,"cityid":71,"townid":178,"tokenid":"ee75d26908048f9234f162c16666e73b","tokenurl":"/mcm/api/land?token=ee75d26908048f9234f162c16666e73b","imageurl":"/mcm/images/land/2S/3180_d1304d0add5.jpg","landname":"147"},{"id":281474981364010,"level":2,"status":0,"posx":33,"posy":31,"cityid":71,"townid":178,"tokenid":"d20445a77ade0e7bfa18e46af2a07d1b","tokenurl":"/mcm/api/land?token=d20445a77ade0e7bfa18e46af2a07d1b","imageurl":"/mcm/images/land/2A/4771_531451374c18.jpg","landname":"148"},{"id":281474981364011,"level":3,"status":1,"posx":32,"posy":32,"cityid":71,"townid":178,"tokenid":"12ca4674821a49a3727d25ddbe43840e","tokenurl":"/mcm/api/land?token=12ca4674821a49a3727d25ddbe43840e","imageurl":"/mcm/images/land/2B/7951_5aa0fa86e929.jpg","landname":"149"},{"id":281474981364012,"level":1,"status":1,"posx":33,"posy":32,"cityid":71,"townid":178,"tokenid":"ee08980e0dde01a14ac2062ac7e45f89","tokenurl":"/mcm/api/land?token=ee08980e0dde01a14ac2062ac7e45f89","imageurl":"/mcm/images/land/2S/3181_3bd45ae655cb.jpg","landname":"150"}]]],0,0,[],[],[]]
