[1,0,0,[["cc.JsonAsset",["_name","json"],1]],[[0,0,1,3]],[[0,"262",[{"id":281474983133335,"level":1,"status":1,"posx":32,"posy":5,"cityid":98,"townid":262,"tokenid":"02d88d2335ce4bec9252b8fd9a15ef0c","tokenurl":"/mcm/api/land?token=02d88d2335ce4bec9252b8fd9a15ef0c","imageurl":"/mcm/images/land/1S/5492_1ee35f32d645.jpg","landname":"1"},{"id":281474983133336,"level":2,"status":1,"posx":33,"posy":5,"cityid":98,"townid":262,"tokenid":"b1217c323b9c604e086108376d9e7b40","tokenurl":"/mcm/api/land?token=b1217c323b9c604e086108376d9e7b40","imageurl":"/mcm/images/land/1A/2747_57b35f241e4d.jpg","landname":"2"},{"id":281474983133337,"level":1,"status":1,"posx":5,"posy":6,"cityid":98,"townid":262,"tokenid":"92e4a3aeeea75685acdb62396d62c821","tokenurl":"/mcm/api/land?token=92e4a3aeeea75685acdb62396d62c821","imageurl":"/mcm/images/land/1S/5493_27c886455c04.jpg","landname":"3"},{"id":281474983133338,"level":2,"status":0,"posx":6,"posy":6,"cityid":98,"townid":262,"tokenid":"f1bb5237455587237d1feb7de19b1bfb","tokenurl":"/mcm/api/land?token=f1bb5237455587237d1feb7de19b1bfb","imageurl":"/mcm/images/land/1A/2748_1d1afcab47b5.jpg","landname":"4"},{"id":281474983133339,"level":1,"status":1,"posx":21,"posy":6,"cityid":98,"townid":262,"tokenid":"ceaeeb4af45810105a8ccd8be2740d0e","tokenurl":"/mcm/api/land?token=ceaeeb4af45810105a8ccd8be2740d0e","imageurl":"/mcm/images/land/1S/5494_2c32c2487fe3.jpg","landname":"5"},{"id":281474983133340,"level":1,"status":1,"posx":22,"posy":6,"cityid":98,"townid":262,"tokenid":"ccb04937cdab632b4eb60a7d0a8d01ba","tokenurl":"/mcm/api/land?token=ccb04937cdab632b4eb60a7d0a8d01ba","imageurl":"/mcm/images/land/1S/5495_25d823714e4e.jpg","landname":"6"},{"id":281474983133341,"level":2,"status":1,"posx":23,"posy":6,"cityid":98,"townid":262,"tokenid":"e6eb3c3f44b967cd0d0657c35ae4f544","tokenurl":"/mcm/api/land?token=e6eb3c3f44b967cd0d0657c35ae4f544","imageurl":"/mcm/images/land/1A/2749_1ae1fdc34c89.jpg","landname":"7"},{"id":281474983133342,"level":1,"status":1,"posx":24,"posy":6,"cityid":98,"townid":262,"tokenid":"2980d244f13521347d02e4bd8e8cc3e7","tokenurl":"/mcm/api/land?token=2980d244f13521347d02e4bd8e8cc3e7","imageurl":"/mcm/images/land/1S/5496_d92db4e3a24.jpg","landname":"8"},{"id":281474983133343,"level":1,"status":0,"posx":25,"posy":6,"cityid":98,"townid":262,"tokenid":"e5a2b36da28050bae93f32f6eb1bd45f","tokenurl":"/mcm/api/land?token=e5a2b36da28050bae93f32f6eb1bd45f","imageurl":"/mcm/images/land/1S/5497_ea4dcbce05c.jpg","landname":"9"},{"id":281474983133344,"level":2,"status":0,"posx":32,"posy":6,"cityid":98,"townid":262,"tokenid":"cda77a36b7d385457a932ebbe82ee8af","tokenurl":"/mcm/api/land?token=cda77a36b7d385457a932ebbe82ee8af","imageurl":"/mcm/images/land/1A/2750_377951d9bd1f.jpg","landname":"10"},{"id":281474983133345,"level":1,"status":0,"posx":33,"posy":6,"cityid":98,"townid":262,"tokenid":"b0f8fefe040ad5c3540ff2c53b679693","tokenurl":"/mcm/api/land?token=b0f8fefe040ad5c3540ff2c53b679693","imageurl":"/mcm/images/land/1S/5498_10c66379c048.jpg","landname":"11"},{"id":281474983133346,"level":2,"status":1,"posx":5,"posy":7,"cityid":98,"townid":262,"tokenid":"650deff3e6e009b3915bc9d6fcf70c2b","tokenurl":"/mcm/api/land?token=650deff3e6e009b3915bc9d6fcf70c2b","imageurl":"/mcm/images/land/1A/2751_18607b537f94.jpg","landname":"12"},{"id":281474983133347,"level":1,"status":1,"posx":6,"posy":7,"cityid":98,"townid":262,"tokenid":"4ed71ed53895c4c6fe2f651a133fc9dc","tokenurl":"/mcm/api/land?token=4ed71ed53895c4c6fe2f651a133fc9dc","imageurl":"/mcm/images/land/1S/5499_42078040cc5a.jpg","landname":"13"},{"id":281474983133348,"level":3,"status":1,"posx":21,"posy":7,"cityid":98,"townid":262,"tokenid":"21510171462ad49645cfc9cc4d85e7fa","tokenurl":"/mcm/api/land?token=21510171462ad49645cfc9cc4d85e7fa","imageurl":"/mcm/images/land/1B/917_3b4d18095fa0.jpg","landname":"14"},{"id":281474983133349,"level":1,"status":1,"posx":22,"posy":7,"cityid":98,"townid":262,"tokenid":"033c4672e5c3dd448cd9ecb95b0edece","tokenurl":"/mcm/api/land?token=033c4672e5c3dd448cd9ecb95b0edece","imageurl":"/mcm/images/land/1S/5500_3c6d06e6e8dd.jpg","landname":"15"},{"id":281474983133350,"level":1,"status":0,"posx":23,"posy":7,"cityid":98,"townid":262,"tokenid":"269fe27105a10da8d47dce002e837169","tokenurl":"/mcm/api/land?token=269fe27105a10da8d47dce002e837169","imageurl":"/mcm/images/land/1S/5501_424b8d88d2e0.jpg","landname":"16"},{"id":281474983133351,"level":1,"status":1,"posx":24,"posy":7,"cityid":98,"townid":262,"tokenid":"55b1c54eb9657b13ec873944255c3ec3","tokenurl":"/mcm/api/land?token=55b1c54eb9657b13ec873944255c3ec3","imageurl":"/mcm/images/land/1S/5502_1b41a3318664.jpg","landname":"17"},{"id":281474983133352,"level":1,"status":1,"posx":25,"posy":7,"cityid":98,"townid":262,"tokenid":"0ba6978415561e7be39c6a14a11ee4e3","tokenurl":"/mcm/api/land?token=0ba6978415561e7be39c6a14a11ee4e3","imageurl":"/mcm/images/land/1S/5503_1a814661b3f7.jpg","landname":"18"},{"id":281474983133353,"level":3,"status":0,"posx":32,"posy":7,"cityid":98,"townid":262,"tokenid":"035d3437152f45a160fc8527efde62e9","tokenurl":"/mcm/api/land?token=035d3437152f45a160fc8527efde62e9","imageurl":"/mcm/images/land/1B/918_48c9a5afa123.jpg","landname":"19"},{"id":281474983133354,"level":2,"status":0,"posx":33,"posy":7,"cityid":98,"townid":262,"tokenid":"2ea5b5aeecb166fac0f0a14ed4fbcb7a","tokenurl":"/mcm/api/land?token=2ea5b5aeecb166fac0f0a14ed4fbcb7a","imageurl":"/mcm/images/land/1A/2752_5ace54d9e532.jpg","landname":"20"},{"id":281474983133355,"level":1,"status":1,"posx":5,"posy":8,"cityid":98,"townid":262,"tokenid":"4356de7906ea6a5ee82d1f126f68d79c","tokenurl":"/mcm/api/land?token=4356de7906ea6a5ee82d1f126f68d79c","imageurl":"/mcm/images/land/1S/5504_3b19a7ae2b94.jpg","landname":"21"},{"id":281474983133356,"level":1,"status":0,"posx":6,"posy":8,"cityid":98,"townid":262,"tokenid":"7d580ad62fc4a40fc659289889fbf867","tokenurl":"/mcm/api/land?token=7d580ad62fc4a40fc659289889fbf867","imageurl":"/mcm/images/land/1S/5505_46d2ddd84207.jpg","landname":"22"},{"id":281474983133357,"level":1,"status":1,"posx":32,"posy":8,"cityid":98,"townid":262,"tokenid":"0a942879c9ba576fb3f04df7605a5f53","tokenurl":"/mcm/api/land?token=0a942879c9ba576fb3f04df7605a5f53","imageurl":"/mcm/images/land/1S/5506_2ea7041c1589.jpg","landname":"23"},{"id":281474983133358,"level":2,"status":1,"posx":33,"posy":8,"cityid":98,"townid":262,"tokenid":"d2d0bfdaa3181642543aec8dbc911942","tokenurl":"/mcm/api/land?token=d2d0bfdaa3181642543aec8dbc911942","imageurl":"/mcm/images/land/1A/2753_3e8111988104.jpg","landname":"24"},{"id":281474983133359,"level":2,"status":0,"posx":5,"posy":9,"cityid":98,"townid":262,"tokenid":"dbb58b1e712a6e09bb7ec74c78543b1c","tokenurl":"/mcm/api/land?token=dbb58b1e712a6e09bb7ec74c78543b1c","imageurl":"/mcm/images/land/1A/2754_442f9fa86761.jpg","landname":"25"},{"id":281474983133360,"level":2,"status":0,"posx":6,"posy":9,"cityid":98,"townid":262,"tokenid":"2b71151276a64513190d9b96dc461d01","tokenurl":"/mcm/api/land?token=2b71151276a64513190d9b96dc461d01","imageurl":"/mcm/images/land/1A/2755_450548aa54ef.jpg","landname":"26"},{"id":281474983133361,"level":1,"status":0,"posx":32,"posy":9,"cityid":98,"townid":262,"tokenid":"370da5fee3928d7ea577e6634e159891","tokenurl":"/mcm/api/land?token=370da5fee3928d7ea577e6634e159891","imageurl":"/mcm/images/land/1S/5507_37549ce4b716.jpg","landname":"27"},{"id":281474983133362,"level":2,"status":1,"posx":33,"posy":9,"cityid":98,"townid":262,"tokenid":"9ce6d5b746c6b35bb289dfc575c075d6","tokenurl":"/mcm/api/land?token=9ce6d5b746c6b35bb289dfc575c075d6","imageurl":"/mcm/images/land/1A/2756_15411ac3258f.jpg","landname":"28"},{"id":281474983133363,"level":1,"status":1,"posx":5,"posy":10,"cityid":98,"townid":262,"tokenid":"aac5c2e1e378738b61c1598662777152","tokenurl":"/mcm/api/land?token=aac5c2e1e378738b61c1598662777152","imageurl":"/mcm/images/land/1S/5508_a7c24a94a0f.jpg","landname":"29"},{"id":281474983133364,"level":3,"status":1,"posx":6,"posy":10,"cityid":98,"townid":262,"tokenid":"a76b60a5500ff8d74f8f1e3fd8ba4e36","tokenurl":"/mcm/api/land?token=a76b60a5500ff8d74f8f1e3fd8ba4e36","imageurl":"/mcm/images/land/1B/919_56e3da2321e2.jpg","landname":"30"},{"id":281474983133365,"level":1,"status":1,"posx":8,"posy":10,"cityid":98,"townid":262,"tokenid":"f31fbea3fa5fa6a233c1a71ca2a0101a","tokenurl":"/mcm/api/land?token=f31fbea3fa5fa6a233c1a71ca2a0101a","imageurl":"/mcm/images/land/1S/5509_35b707a5a676.jpg","landname":"31"},{"id":281474983133366,"level":1,"status":0,"posx":9,"posy":10,"cityid":98,"townid":262,"tokenid":"fb940d9ece97e1e3f0e5f9945d51a262","tokenurl":"/mcm/api/land?token=fb940d9ece97e1e3f0e5f9945d51a262","imageurl":"/mcm/images/land/1S/5510_d38c994274e.jpg","landname":"32"},{"id":281474983133367,"level":1,"status":0,"posx":23,"posy":10,"cityid":98,"townid":262,"tokenid":"39c557af4d6ecb1b9e52207d17c59813","tokenurl":"/mcm/api/land?token=39c557af4d6ecb1b9e52207d17c59813","imageurl":"/mcm/images/land/1S/5511_1f80ee0f921e.jpg","landname":"33"},{"id":281474983133368,"level":1,"status":1,"posx":24,"posy":10,"cityid":98,"townid":262,"tokenid":"80a756d98259754cd8cd1d84a13db6fb","tokenurl":"/mcm/api/land?token=80a756d98259754cd8cd1d84a13db6fb","imageurl":"/mcm/images/land/1S/5512_26e08e49e000.jpg","landname":"34"},{"id":281474983133369,"level":1,"status":1,"posx":8,"posy":11,"cityid":98,"townid":262,"tokenid":"8416dc62f7b3231221bb73f90a7a328a","tokenurl":"/mcm/api/land?token=8416dc62f7b3231221bb73f90a7a328a","imageurl":"/mcm/images/land/1S/5513_456f168488de.jpg","landname":"35"},{"id":281474983133370,"level":1,"status":0,"posx":9,"posy":11,"cityid":98,"townid":262,"tokenid":"1de398dea8d9a91b660441f3592f9612","tokenurl":"/mcm/api/land?token=1de398dea8d9a91b660441f3592f9612","imageurl":"/mcm/images/land/1S/5514_295dbd32160b.jpg","landname":"36"},{"id":281474983133371,"level":3,"status":0,"posx":23,"posy":11,"cityid":98,"townid":262,"tokenid":"0104ebd7fd25e227a8cd54bf81481718","tokenurl":"/mcm/api/land?token=0104ebd7fd25e227a8cd54bf81481718","imageurl":"/mcm/images/land/1B/920_2af59163d9eb.jpg","landname":"37"},{"id":281474983133372,"level":1,"status":0,"posx":24,"posy":11,"cityid":98,"townid":262,"tokenid":"bed17ad1c6f0e50871b8f520ea89a2db","tokenurl":"/mcm/api/land?token=bed17ad1c6f0e50871b8f520ea89a2db","imageurl":"/mcm/images/land/1S/5515_4dd683e23a62.jpg","landname":"38"},{"id":281474983133373,"level":2,"status":1,"posx":8,"posy":12,"cityid":98,"townid":262,"tokenid":"97b4262fd2f62b6781dfbddc98871e8e","tokenurl":"/mcm/api/land?token=97b4262fd2f62b6781dfbddc98871e8e","imageurl":"/mcm/images/land/1A/2757_27911a29729c.jpg","landname":"39"},{"id":281474983133374,"level":2,"status":0,"posx":9,"posy":12,"cityid":98,"townid":262,"tokenid":"2cdf6e14755c07d5fe5ab814b8f1844e","tokenurl":"/mcm/api/land?token=2cdf6e14755c07d5fe5ab814b8f1844e","imageurl":"/mcm/images/land/1A/2758_224d2effb2d9.jpg","landname":"40"},{"id":281474983133375,"level":1,"status":0,"posx":23,"posy":12,"cityid":98,"townid":262,"tokenid":"74ac9f91ab42cc3567ea6ed6e3dcc026","tokenurl":"/mcm/api/land?token=74ac9f91ab42cc3567ea6ed6e3dcc026","imageurl":"/mcm/images/land/1S/5516_47bba08802e5.jpg","landname":"41"},{"id":281474983133376,"level":2,"status":1,"posx":24,"posy":12,"cityid":98,"townid":262,"tokenid":"d143c8752c5225c64464ac478f532240","tokenurl":"/mcm/api/land?token=d143c8752c5225c64464ac478f532240","imageurl":"/mcm/images/land/1A/2759_72ccf81b0a4.jpg","landname":"42"},{"id":281474983133377,"level":2,"status":0,"posx":32,"posy":12,"cityid":98,"townid":262,"tokenid":"545047cc87d2eed7de0b31f0c9ec75ca","tokenurl":"/mcm/api/land?token=545047cc87d2eed7de0b31f0c9ec75ca","imageurl":"/mcm/images/land/1A/2760_17a49d882043.jpg","landname":"43"},{"id":281474983133378,"level":2,"status":1,"posx":33,"posy":12,"cityid":98,"townid":262,"tokenid":"a28229d7334dfec27dc1b9383df97bf3","tokenurl":"/mcm/api/land?token=a28229d7334dfec27dc1b9383df97bf3","imageurl":"/mcm/images/land/1A/2761_272c58e5f828.jpg","landname":"44"},{"id":281474983133379,"level":1,"status":0,"posx":8,"posy":13,"cityid":98,"townid":262,"tokenid":"d0ea1d509d515702da8ee4aa39346f74","tokenurl":"/mcm/api/land?token=d0ea1d509d515702da8ee4aa39346f74","imageurl":"/mcm/images/land/1S/5517_40cdbe498ac8.jpg","landname":"45"},{"id":281474983133380,"level":1,"status":1,"posx":9,"posy":13,"cityid":98,"townid":262,"tokenid":"5df9e7ff59e0a77f65a1dc79e8847bc6","tokenurl":"/mcm/api/land?token=5df9e7ff59e0a77f65a1dc79e8847bc6","imageurl":"/mcm/images/land/1S/5518_8262843a610.jpg","landname":"46"},{"id":281474983133381,"level":1,"status":0,"posx":23,"posy":13,"cityid":98,"townid":262,"tokenid":"705cce05795cddb64e36710babbfab9a","tokenurl":"/mcm/api/land?token=705cce05795cddb64e36710babbfab9a","imageurl":"/mcm/images/land/1S/5519_294a39a73968.jpg","landname":"47"},{"id":281474983133382,"level":1,"status":1,"posx":24,"posy":13,"cityid":98,"townid":262,"tokenid":"7aebf76a4ee076ec0a63dc516e3fd45b","tokenurl":"/mcm/api/land?token=7aebf76a4ee076ec0a63dc516e3fd45b","imageurl":"/mcm/images/land/1S/5520_49f4b66f20ff.jpg","landname":"48"},{"id":281474983133383,"level":1,"status":0,"posx":32,"posy":13,"cityid":98,"townid":262,"tokenid":"6fe0ab270ee3024c52d538069151e921","tokenurl":"/mcm/api/land?token=6fe0ab270ee3024c52d538069151e921","imageurl":"/mcm/images/land/1S/5521_c80338e6155.jpg","landname":"49"},{"id":281474983133384,"level":2,"status":0,"posx":33,"posy":13,"cityid":98,"townid":262,"tokenid":"ba41f84f82cef70113e767f86bfb2fa0","tokenurl":"/mcm/api/land?token=ba41f84f82cef70113e767f86bfb2fa0","imageurl":"/mcm/images/land/1A/2762_104120d4ae0.jpg","landname":"50"},{"id":281474983133385,"level":3,"status":0,"posx":8,"posy":14,"cityid":98,"townid":262,"tokenid":"51bf9d47a1702a364352b4a0e616f0f0","tokenurl":"/mcm/api/land?token=51bf9d47a1702a364352b4a0e616f0f0","imageurl":"/mcm/images/land/1B/921_1560b436768e.jpg","landname":"51"},{"id":281474983133386,"level":1,"status":1,"posx":9,"posy":14,"cityid":98,"townid":262,"tokenid":"d5de52d16b64c25c4d47de6befaa7f96","tokenurl":"/mcm/api/land?token=d5de52d16b64c25c4d47de6befaa7f96","imageurl":"/mcm/images/land/1S/5522_2f366ca5edc1.jpg","landname":"52"},{"id":281474983133387,"level":2,"status":0,"posx":23,"posy":14,"cityid":98,"townid":262,"tokenid":"1f06c590dff4e8523a1fca924ceb13a1","tokenurl":"/mcm/api/land?token=1f06c590dff4e8523a1fca924ceb13a1","imageurl":"/mcm/images/land/1A/2763_18ba4ffba517.jpg","landname":"53"},{"id":281474983133388,"level":1,"status":0,"posx":24,"posy":14,"cityid":98,"townid":262,"tokenid":"a649ffb622abd817e2506a565f20d495","tokenurl":"/mcm/api/land?token=a649ffb622abd817e2506a565f20d495","imageurl":"/mcm/images/land/1S/5523_53e5ce96154a.jpg","landname":"54"},{"id":281474983133389,"level":2,"status":0,"posx":32,"posy":14,"cityid":98,"townid":262,"tokenid":"ca02ae35a43b0b9f373dbe2dee680996","tokenurl":"/mcm/api/land?token=ca02ae35a43b0b9f373dbe2dee680996","imageurl":"/mcm/images/land/1A/2764_1b3ff40ff6e9.jpg","landname":"55"},{"id":281474983133390,"level":2,"status":0,"posx":33,"posy":14,"cityid":98,"townid":262,"tokenid":"4e5bac17e0796977da0d0328ae5bc1e4","tokenurl":"/mcm/api/land?token=4e5bac17e0796977da0d0328ae5bc1e4","imageurl":"/mcm/images/land/1A/2765_aaff65f9114.jpg","landname":"56"},{"id":281474983133391,"level":2,"status":0,"posx":32,"posy":15,"cityid":98,"townid":262,"tokenid":"6c21a21a1c54ba80ca52467c47fc5bd1","tokenurl":"/mcm/api/land?token=6c21a21a1c54ba80ca52467c47fc5bd1","imageurl":"/mcm/images/land/1A/2766_4ed783962a13.jpg","landname":"57"},{"id":281474983133392,"level":1,"status":1,"posx":33,"posy":15,"cityid":98,"townid":262,"tokenid":"bd224cf3deb4eecf3ca75f7cb91e855a","tokenurl":"/mcm/api/land?token=bd224cf3deb4eecf3ca75f7cb91e855a","imageurl":"/mcm/images/land/1S/5524_67c2f6825d7.jpg","landname":"58"},{"id":281474983133393,"level":2,"status":0,"posx":8,"posy":16,"cityid":98,"townid":262,"tokenid":"9f476bcc26a876bb80830115000250bf","tokenurl":"/mcm/api/land?token=9f476bcc26a876bb80830115000250bf","imageurl":"/mcm/images/land/1A/2767_8aab04d4a05.jpg","landname":"59"},{"id":281474983133394,"level":3,"status":1,"posx":9,"posy":16,"cityid":98,"townid":262,"tokenid":"e1c942012f7a86b91f45543adf93e1d6","tokenurl":"/mcm/api/land?token=e1c942012f7a86b91f45543adf93e1d6","imageurl":"/mcm/images/land/1B/922_3470cd699c5b.jpg","landname":"60"},{"id":281474983133395,"level":1,"status":1,"posx":32,"posy":16,"cityid":98,"townid":262,"tokenid":"4b45df61f9d3cb8b6dbe66da91a031fc","tokenurl":"/mcm/api/land?token=4b45df61f9d3cb8b6dbe66da91a031fc","imageurl":"/mcm/images/land/1S/5525_3429bc935ac2.jpg","landname":"61"},{"id":281474983133396,"level":1,"status":1,"posx":33,"posy":16,"cityid":98,"townid":262,"tokenid":"c04d008134191cc70e4a2ffe2c595675","tokenurl":"/mcm/api/land?token=c04d008134191cc70e4a2ffe2c595675","imageurl":"/mcm/images/land/1S/5526_d87514dcb39.jpg","landname":"62"},{"id":281474983133397,"level":1,"status":1,"posx":8,"posy":17,"cityid":98,"townid":262,"tokenid":"dbd66be0454a923808a43bc450a1c263","tokenurl":"/mcm/api/land?token=dbd66be0454a923808a43bc450a1c263","imageurl":"/mcm/images/land/1S/5527_29265f81d54b.jpg","landname":"63"},{"id":281474983133398,"level":1,"status":0,"posx":9,"posy":17,"cityid":98,"townid":262,"tokenid":"b842bc207dd747a6b96a8e57089c3c73","tokenurl":"/mcm/api/land?token=b842bc207dd747a6b96a8e57089c3c73","imageurl":"/mcm/images/land/1S/5528_4d9ad84500ca.jpg","landname":"64"},{"id":281474983133399,"level":2,"status":1,"posx":8,"posy":18,"cityid":98,"townid":262,"tokenid":"9f9d2e88d70227c53fe81041456e1c33","tokenurl":"/mcm/api/land?token=9f9d2e88d70227c53fe81041456e1c33","imageurl":"/mcm/images/land/1A/2768_3a1bfba1dd07.jpg","landname":"65"},{"id":281474983133400,"level":1,"status":0,"posx":9,"posy":18,"cityid":98,"townid":262,"tokenid":"982d1d76f814b5b3143bb27709400859","tokenurl":"/mcm/api/land?token=982d1d76f814b5b3143bb27709400859","imageurl":"/mcm/images/land/1S/5529_2db627447a1b.jpg","landname":"66"},{"id":281474983133401,"level":1,"status":1,"posx":20,"posy":18,"cityid":98,"townid":262,"tokenid":"159d65d286416652b6f8e09918c2ead9","tokenurl":"/mcm/api/land?token=159d65d286416652b6f8e09918c2ead9","imageurl":"/mcm/images/land/1S/5530_3feb954a510.jpg","landname":"67"},{"id":281474983133402,"level":1,"status":1,"posx":21,"posy":18,"cityid":98,"townid":262,"tokenid":"cd5d2b0627697b1c51c3deaa16277795","tokenurl":"/mcm/api/land?token=cd5d2b0627697b1c51c3deaa16277795","imageurl":"/mcm/images/land/1S/5531_546331f3f577.jpg","landname":"68"},{"id":281474983133403,"level":1,"status":1,"posx":25,"posy":18,"cityid":98,"townid":262,"tokenid":"619f82f7352e476d0638d0e278d67ef1","tokenurl":"/mcm/api/land?token=619f82f7352e476d0638d0e278d67ef1","imageurl":"/mcm/images/land/1S/5532_1c672503d2a1.jpg","landname":"69"},{"id":281474983133404,"level":1,"status":1,"posx":26,"posy":18,"cityid":98,"townid":262,"tokenid":"bf79edef5d532af4169c3237b7e2fc00","tokenurl":"/mcm/api/land?token=bf79edef5d532af4169c3237b7e2fc00","imageurl":"/mcm/images/land/1S/5533_4ea139314304.jpg","landname":"70"},{"id":281474983133405,"level":1,"status":0,"posx":8,"posy":19,"cityid":98,"townid":262,"tokenid":"cc866be863e5a10f71051e862745ea32","tokenurl":"/mcm/api/land?token=cc866be863e5a10f71051e862745ea32","imageurl":"/mcm/images/land/1S/5534_337f1590e6b5.jpg","landname":"71"},{"id":281474983133406,"level":1,"status":1,"posx":9,"posy":19,"cityid":98,"townid":262,"tokenid":"7dfde979d974c07f42b39c9564f9c1c2","tokenurl":"/mcm/api/land?token=7dfde979d974c07f42b39c9564f9c1c2","imageurl":"/mcm/images/land/1S/5535_1f7f9af8a988.jpg","landname":"72"},{"id":281474983133407,"level":1,"status":1,"posx":20,"posy":19,"cityid":98,"townid":262,"tokenid":"7c348ca1df753245e6fa759b52524410","tokenurl":"/mcm/api/land?token=7c348ca1df753245e6fa759b52524410","imageurl":"/mcm/images/land/1S/5536_3f1d897f1dd8.jpg","landname":"73"},{"id":281474983133408,"level":1,"status":1,"posx":21,"posy":19,"cityid":98,"townid":262,"tokenid":"28705f483c86ab666adeb44998b20955","tokenurl":"/mcm/api/land?token=28705f483c86ab666adeb44998b20955","imageurl":"/mcm/images/land/1S/5537_3e1333d1fd38.jpg","landname":"74"},{"id":281474983133409,"level":1,"status":1,"posx":25,"posy":19,"cityid":98,"townid":262,"tokenid":"6a9d7230fee3ceb2645ab0ccf188b017","tokenurl":"/mcm/api/land?token=6a9d7230fee3ceb2645ab0ccf188b017","imageurl":"/mcm/images/land/1S/5538_42e569227a17.jpg","landname":"75"},{"id":281474983133410,"level":1,"status":0,"posx":26,"posy":19,"cityid":98,"townid":262,"tokenid":"6687bdc0d9e3a6b383ee1450abe7d30f","tokenurl":"/mcm/api/land?token=6687bdc0d9e3a6b383ee1450abe7d30f","imageurl":"/mcm/images/land/1S/5539_484fb47a88be.jpg","landname":"76"},{"id":281474983133411,"level":1,"status":0,"posx":8,"posy":20,"cityid":98,"townid":262,"tokenid":"1f9aaba1d6a49fbf0825e75bd3dcab7d","tokenurl":"/mcm/api/land?token=1f9aaba1d6a49fbf0825e75bd3dcab7d","imageurl":"/mcm/images/land/1S/5540_10ecbefd12ca.jpg","landname":"77"},{"id":281474983133412,"level":1,"status":1,"posx":9,"posy":20,"cityid":98,"townid":262,"tokenid":"918bfab51fd2c48f3d4e5740772d2975","tokenurl":"/mcm/api/land?token=918bfab51fd2c48f3d4e5740772d2975","imageurl":"/mcm/images/land/1S/5541_31f7742fff53.jpg","landname":"78"},{"id":281474983133413,"level":2,"status":1,"posx":20,"posy":20,"cityid":98,"townid":262,"tokenid":"4990bc685dd5796d24b7c6cb6ffa3580","tokenurl":"/mcm/api/land?token=4990bc685dd5796d24b7c6cb6ffa3580","imageurl":"/mcm/images/land/1A/2769_4a8e93f041b2.jpg","landname":"79"},{"id":281474983133414,"level":1,"status":1,"posx":21,"posy":20,"cityid":98,"townid":262,"tokenid":"fb1f75eb92070c8676f6ed0fd09f14ea","tokenurl":"/mcm/api/land?token=fb1f75eb92070c8676f6ed0fd09f14ea","imageurl":"/mcm/images/land/1S/5542_56d7df7a4b8e.jpg","landname":"80"},{"id":281474983133415,"level":1,"status":0,"posx":25,"posy":20,"cityid":98,"townid":262,"tokenid":"33ecf2212f228c31558316956f07e78e","tokenurl":"/mcm/api/land?token=33ecf2212f228c31558316956f07e78e","imageurl":"/mcm/images/land/1S/5543_175185cb5f92.jpg","landname":"81"},{"id":281474983133416,"level":3,"status":1,"posx":26,"posy":20,"cityid":98,"townid":262,"tokenid":"69cfd0a5fefec5de836be2079703bd14","tokenurl":"/mcm/api/land?token=69cfd0a5fefec5de836be2079703bd14","imageurl":"/mcm/images/land/1B/923_4e3f25d0ca05.jpg","landname":"82"},{"id":281474983133417,"level":2,"status":1,"posx":31,"posy":20,"cityid":98,"townid":262,"tokenid":"10dc4668dbe83800700bf34f6b553006","tokenurl":"/mcm/api/land?token=10dc4668dbe83800700bf34f6b553006","imageurl":"/mcm/images/land/1A/2770_50104b009b3f.jpg","landname":"83"},{"id":281474983133418,"level":1,"status":0,"posx":32,"posy":20,"cityid":98,"townid":262,"tokenid":"6e866eb5ef4f8029bfbac602cc735632","tokenurl":"/mcm/api/land?token=6e866eb5ef4f8029bfbac602cc735632","imageurl":"/mcm/images/land/1S/5544_35d63be0b257.jpg","landname":"84"},{"id":281474983133419,"level":2,"status":1,"posx":20,"posy":21,"cityid":98,"townid":262,"tokenid":"d24878ac9b35a48bb15a82a468cb7122","tokenurl":"/mcm/api/land?token=d24878ac9b35a48bb15a82a468cb7122","imageurl":"/mcm/images/land/1A/2771_c46222eb8c8.jpg","landname":"85"},{"id":281474983133420,"level":2,"status":1,"posx":21,"posy":21,"cityid":98,"townid":262,"tokenid":"3c701a9d11d8f1f4c2c6121b10dad763","tokenurl":"/mcm/api/land?token=3c701a9d11d8f1f4c2c6121b10dad763","imageurl":"/mcm/images/land/1A/2772_2996769cb033.jpg","landname":"86"},{"id":281474983133421,"level":1,"status":1,"posx":25,"posy":21,"cityid":98,"townid":262,"tokenid":"ee8ac8c88920911e8cd7c0013734fd4e","tokenurl":"/mcm/api/land?token=ee8ac8c88920911e8cd7c0013734fd4e","imageurl":"/mcm/images/land/1S/5545_ebe627af000.jpg","landname":"87"},{"id":281474983133422,"level":2,"status":0,"posx":26,"posy":21,"cityid":98,"townid":262,"tokenid":"00b02ee3a6727fc21818bd19b0fefe82","tokenurl":"/mcm/api/land?token=00b02ee3a6727fc21818bd19b0fefe82","imageurl":"/mcm/images/land/1A/2773_312c853e874c.jpg","landname":"88"},{"id":281474983133423,"level":1,"status":0,"posx":31,"posy":21,"cityid":98,"townid":262,"tokenid":"db4fcff1623126b35f8d4976eac4cb6d","tokenurl":"/mcm/api/land?token=db4fcff1623126b35f8d4976eac4cb6d","imageurl":"/mcm/images/land/1S/5546_4a345e2e30a3.jpg","landname":"89"},{"id":281474983133424,"level":3,"status":0,"posx":32,"posy":21,"cityid":98,"townid":262,"tokenid":"c8745a3eb6b66c1f378ac693c173c36c","tokenurl":"/mcm/api/land?token=c8745a3eb6b66c1f378ac693c173c36c","imageurl":"/mcm/images/land/1B/924_a0886d76b4d.jpg","landname":"90"},{"id":281474983133425,"level":1,"status":0,"posx":12,"posy":22,"cityid":98,"townid":262,"tokenid":"e98bbdec23ed6454813cf5384abb1d93","tokenurl":"/mcm/api/land?token=e98bbdec23ed6454813cf5384abb1d93","imageurl":"/mcm/images/land/1S/5547_148d28532bca.jpg","landname":"91"},{"id":281474983133426,"level":1,"status":0,"posx":13,"posy":22,"cityid":98,"townid":262,"tokenid":"886f119a1d0f64eee9bdf0229d34af50","tokenurl":"/mcm/api/land?token=886f119a1d0f64eee9bdf0229d34af50","imageurl":"/mcm/images/land/1S/5548_c8d89320aed.jpg","landname":"92"},{"id":281474983133427,"level":1,"status":0,"posx":20,"posy":22,"cityid":98,"townid":262,"tokenid":"cc2d1357e7d6fd24c9b0caf19915dccf","tokenurl":"/mcm/api/land?token=cc2d1357e7d6fd24c9b0caf19915dccf","imageurl":"/mcm/images/land/1S/5549_5668786b72da.jpg","landname":"93"},{"id":281474983133428,"level":2,"status":0,"posx":21,"posy":22,"cityid":98,"townid":262,"tokenid":"efed1ef93a0f8dae6aa2b21e778b4c3d","tokenurl":"/mcm/api/land?token=efed1ef93a0f8dae6aa2b21e778b4c3d","imageurl":"/mcm/images/land/1A/2774_19f708b0adeb.jpg","landname":"94"},{"id":281474983133429,"level":2,"status":1,"posx":25,"posy":22,"cityid":98,"townid":262,"tokenid":"b0b619d66dc0a79a0d1859d80b55762f","tokenurl":"/mcm/api/land?token=b0b619d66dc0a79a0d1859d80b55762f","imageurl":"/mcm/images/land/1A/2775_1ed72dec64c3.jpg","landname":"95"},{"id":281474983133430,"level":2,"status":1,"posx":26,"posy":22,"cityid":98,"townid":262,"tokenid":"4afb4ce8a21970edf7ab06a31b4f360e","tokenurl":"/mcm/api/land?token=4afb4ce8a21970edf7ab06a31b4f360e","imageurl":"/mcm/images/land/1A/2776_2b8c848c72ba.jpg","landname":"96"},{"id":281474983133431,"level":1,"status":0,"posx":31,"posy":22,"cityid":98,"townid":262,"tokenid":"d974a048b99263d419a79426dd06bd59","tokenurl":"/mcm/api/land?token=d974a048b99263d419a79426dd06bd59","imageurl":"/mcm/images/land/1S/5550_39d94b318062.jpg","landname":"97"},{"id":281474983133432,"level":3,"status":1,"posx":32,"posy":22,"cityid":98,"townid":262,"tokenid":"e78e24d1a218053e167b01ea0bd31e93","tokenurl":"/mcm/api/land?token=e78e24d1a218053e167b01ea0bd31e93","imageurl":"/mcm/images/land/1B/925_547efc77f750.jpg","landname":"98"},{"id":281474983133433,"level":3,"status":1,"posx":12,"posy":23,"cityid":98,"townid":262,"tokenid":"55e61db3daba5bc6f22af5852b01b550","tokenurl":"/mcm/api/land?token=55e61db3daba5bc6f22af5852b01b550","imageurl":"/mcm/images/land/1B/926_dc5baadebf6.jpg","landname":"99"},{"id":281474983133434,"level":2,"status":1,"posx":13,"posy":23,"cityid":98,"townid":262,"tokenid":"2d79dd927fd7b2d3c87a0d31708fb43d","tokenurl":"/mcm/api/land?token=2d79dd927fd7b2d3c87a0d31708fb43d","imageurl":"/mcm/images/land/1A/2777_1547bc843379.jpg","landname":"100"},{"id":281474983133435,"level":2,"status":0,"posx":31,"posy":23,"cityid":98,"townid":262,"tokenid":"30455e4016aa532eb21c51895db0378b","tokenurl":"/mcm/api/land?token=30455e4016aa532eb21c51895db0378b","imageurl":"/mcm/images/land/1A/2778_4a4b1867c25d.jpg","landname":"101"},{"id":281474983133436,"level":1,"status":0,"posx":32,"posy":23,"cityid":98,"townid":262,"tokenid":"92f9ff76b6f89be63d9e8259a23f64b2","tokenurl":"/mcm/api/land?token=92f9ff76b6f89be63d9e8259a23f64b2","imageurl":"/mcm/images/land/1S/5551_4ff211f8ca96.jpg","landname":"102"},{"id":281474983133437,"level":1,"status":0,"posx":12,"posy":24,"cityid":98,"townid":262,"tokenid":"a4c608ba859805158954c22d530e9639","tokenurl":"/mcm/api/land?token=a4c608ba859805158954c22d530e9639","imageurl":"/mcm/images/land/1S/5552_1a06b0b3c965.jpg","landname":"103"},{"id":281474983133438,"level":2,"status":0,"posx":13,"posy":24,"cityid":98,"townid":262,"tokenid":"6b576c9baa1a4c0caeb75de3bd340de8","tokenurl":"/mcm/api/land?token=6b576c9baa1a4c0caeb75de3bd340de8","imageurl":"/mcm/images/land/1A/2779_45b5750dd045.jpg","landname":"104"},{"id":281474983133439,"level":2,"status":1,"posx":31,"posy":24,"cityid":98,"townid":262,"tokenid":"57c63ba4a209d2bd1ef515d58b199218","tokenurl":"/mcm/api/land?token=57c63ba4a209d2bd1ef515d58b199218","imageurl":"/mcm/images/land/1A/2780_1c07a828a41b.jpg","landname":"105"},{"id":281474983133440,"level":1,"status":0,"posx":32,"posy":24,"cityid":98,"townid":262,"tokenid":"b51d372a14dea550244a90548b6f382e","tokenurl":"/mcm/api/land?token=b51d372a14dea550244a90548b6f382e","imageurl":"/mcm/images/land/1S/5553_40cd89fd4ca.jpg","landname":"106"},{"id":281474983133441,"level":2,"status":1,"posx":12,"posy":25,"cityid":98,"townid":262,"tokenid":"39abf6b245f3b9e15d4beaa99df26ea7","tokenurl":"/mcm/api/land?token=39abf6b245f3b9e15d4beaa99df26ea7","imageurl":"/mcm/images/land/1A/2781_402741cf490b.jpg","landname":"107"},{"id":281474983133442,"level":1,"status":1,"posx":13,"posy":25,"cityid":98,"townid":262,"tokenid":"5a98b8b183159f40ee67733cc0d80b6d","tokenurl":"/mcm/api/land?token=5a98b8b183159f40ee67733cc0d80b6d","imageurl":"/mcm/images/land/1S/5554_e3476cd72a2.jpg","landname":"108"},{"id":281474983133443,"level":1,"status":1,"posx":6,"posy":26,"cityid":98,"townid":262,"tokenid":"46c68fca708031332fd3f43eb0e877bb","tokenurl":"/mcm/api/land?token=46c68fca708031332fd3f43eb0e877bb","imageurl":"/mcm/images/land/1S/5555_518f28f2d334.jpg","landname":"109"},{"id":281474983133444,"level":2,"status":1,"posx":7,"posy":26,"cityid":98,"townid":262,"tokenid":"ea81f9cc4c3e797a621128e865ac862a","tokenurl":"/mcm/api/land?token=ea81f9cc4c3e797a621128e865ac862a","imageurl":"/mcm/images/land/1A/2782_96a62e3e469.jpg","landname":"110"},{"id":281474983133445,"level":2,"status":0,"posx":9,"posy":26,"cityid":98,"townid":262,"tokenid":"054f0341fe24df078382e2fd8a255f9d","tokenurl":"/mcm/api/land?token=054f0341fe24df078382e2fd8a255f9d","imageurl":"/mcm/images/land/1A/2783_37541f0a8e51.jpg","landname":"111"},{"id":281474983133446,"level":2,"status":0,"posx":10,"posy":26,"cityid":98,"townid":262,"tokenid":"ff676f1cd1acea5fa6b085ef1fcd3583","tokenurl":"/mcm/api/land?token=ff676f1cd1acea5fa6b085ef1fcd3583","imageurl":"/mcm/images/land/1A/2784_4ba57ebe7b90.jpg","landname":"112"},{"id":281474983133447,"level":2,"status":0,"posx":12,"posy":26,"cityid":98,"townid":262,"tokenid":"6a226ac09ead25f7c8007a941d76ab87","tokenurl":"/mcm/api/land?token=6a226ac09ead25f7c8007a941d76ab87","imageurl":"/mcm/images/land/1A/2785_55dc8b239b20.jpg","landname":"113"},{"id":281474983133448,"level":2,"status":0,"posx":13,"posy":26,"cityid":98,"townid":262,"tokenid":"a513d00c5e456aa6f441a2f3ca29d86a","tokenurl":"/mcm/api/land?token=a513d00c5e456aa6f441a2f3ca29d86a","imageurl":"/mcm/images/land/1A/2786_b18928afb22.jpg","landname":"114"},{"id":281474983133449,"level":1,"status":1,"posx":6,"posy":27,"cityid":98,"townid":262,"tokenid":"5d01aac3518a5bc0c0f098460a29fa05","tokenurl":"/mcm/api/land?token=5d01aac3518a5bc0c0f098460a29fa05","imageurl":"/mcm/images/land/1S/5556_5a6e41e0e8b1.jpg","landname":"115"},{"id":281474983133450,"level":1,"status":1,"posx":7,"posy":27,"cityid":98,"townid":262,"tokenid":"ad3750955eb829249866f2b610c48792","tokenurl":"/mcm/api/land?token=ad3750955eb829249866f2b610c48792","imageurl":"/mcm/images/land/1S/5557_1ae93e2bfa29.jpg","landname":"116"},{"id":281474983133451,"level":1,"status":1,"posx":9,"posy":27,"cityid":98,"townid":262,"tokenid":"75663932c3e4f9977d18a03b77f326f2","tokenurl":"/mcm/api/land?token=75663932c3e4f9977d18a03b77f326f2","imageurl":"/mcm/images/land/1S/5558_44d6841c282a.jpg","landname":"117"},{"id":281474983133452,"level":3,"status":0,"posx":10,"posy":27,"cityid":98,"townid":262,"tokenid":"287615dadf88f012380b08f2d7803a60","tokenurl":"/mcm/api/land?token=287615dadf88f012380b08f2d7803a60","imageurl":"/mcm/images/land/1B/927_4afc2d37af84.jpg","landname":"118"},{"id":281474983133453,"level":1,"status":1,"posx":23,"posy":27,"cityid":98,"townid":262,"tokenid":"46ba6c4e90da3240dfa727a385aabf8f","tokenurl":"/mcm/api/land?token=46ba6c4e90da3240dfa727a385aabf8f","imageurl":"/mcm/images/land/1S/5559_44a15a48d679.jpg","landname":"119"},{"id":281474983133454,"level":2,"status":0,"posx":24,"posy":27,"cityid":98,"townid":262,"tokenid":"9ede1be4a1a27b6694226aa70e31628a","tokenurl":"/mcm/api/land?token=9ede1be4a1a27b6694226aa70e31628a","imageurl":"/mcm/images/land/1A/2787_86daa5b9316.jpg","landname":"120"},{"id":281474983133455,"level":1,"status":0,"posx":6,"posy":28,"cityid":98,"townid":262,"tokenid":"c653f4d65c060829b3ee5ecf664f1e23","tokenurl":"/mcm/api/land?token=c653f4d65c060829b3ee5ecf664f1e23","imageurl":"/mcm/images/land/1S/5560_562cf3bf0d39.jpg","landname":"121"},{"id":281474983133456,"level":1,"status":1,"posx":7,"posy":28,"cityid":98,"townid":262,"tokenid":"f07d86d3513ecefdb17cb173ed1aebf1","tokenurl":"/mcm/api/land?token=f07d86d3513ecefdb17cb173ed1aebf1","imageurl":"/mcm/images/land/1S/5561_21af4dd20876.jpg","landname":"122"},{"id":281474983133457,"level":1,"status":0,"posx":9,"posy":28,"cityid":98,"townid":262,"tokenid":"81d679f615a6213d2ec99e9bde5db801","tokenurl":"/mcm/api/land?token=81d679f615a6213d2ec99e9bde5db801","imageurl":"/mcm/images/land/1S/5562_1f11b9624978.jpg","landname":"123"},{"id":281474983133458,"level":1,"status":0,"posx":10,"posy":28,"cityid":98,"townid":262,"tokenid":"b66fb8a0085a8b296110b36b6876bf05","tokenurl":"/mcm/api/land?token=b66fb8a0085a8b296110b36b6876bf05","imageurl":"/mcm/images/land/1S/5563_41fb85f9950d.jpg","landname":"124"},{"id":281474983133459,"level":2,"status":1,"posx":23,"posy":28,"cityid":98,"townid":262,"tokenid":"74306f44868ee6ffa454b0d7b8971619","tokenurl":"/mcm/api/land?token=74306f44868ee6ffa454b0d7b8971619","imageurl":"/mcm/images/land/1A/2788_539599a7034.jpg","landname":"125"},{"id":281474983133460,"level":1,"status":0,"posx":24,"posy":28,"cityid":98,"townid":262,"tokenid":"a29c54bc4c8b825a71e8321808cf2eb0","tokenurl":"/mcm/api/land?token=a29c54bc4c8b825a71e8321808cf2eb0","imageurl":"/mcm/images/land/1S/5564_1acbabdd3ccf.jpg","landname":"126"},{"id":281474983133461,"level":1,"status":0,"posx":32,"posy":28,"cityid":98,"townid":262,"tokenid":"58f3470311e0f6456ef2834ec5bc1829","tokenurl":"/mcm/api/land?token=58f3470311e0f6456ef2834ec5bc1829","imageurl":"/mcm/images/land/1S/5565_256c05101f6c.jpg","landname":"127"},{"id":281474983133462,"level":3,"status":1,"posx":33,"posy":28,"cityid":98,"townid":262,"tokenid":"e67fc2dc9c173dc2dae4788704c35d82","tokenurl":"/mcm/api/land?token=e67fc2dc9c173dc2dae4788704c35d82","imageurl":"/mcm/images/land/1B/928_1ad03befe553.jpg","landname":"128"},{"id":281474983133463,"level":1,"status":0,"posx":6,"posy":29,"cityid":98,"townid":262,"tokenid":"bf80a6f0b5cba87a256245cafd31f875","tokenurl":"/mcm/api/land?token=bf80a6f0b5cba87a256245cafd31f875","imageurl":"/mcm/images/land/1S/5566_105b3c3e5ddd.jpg","landname":"129"},{"id":281474983133464,"level":1,"status":1,"posx":7,"posy":29,"cityid":98,"townid":262,"tokenid":"62aa55c286e9396062ef7108d2d4e07b","tokenurl":"/mcm/api/land?token=62aa55c286e9396062ef7108d2d4e07b","imageurl":"/mcm/images/land/1S/5567_3e8b0d1ba689.jpg","landname":"130"},{"id":281474983133465,"level":1,"status":0,"posx":9,"posy":29,"cityid":98,"townid":262,"tokenid":"bddf3e402fe5a04c263a3b8200bf703c","tokenurl":"/mcm/api/land?token=bddf3e402fe5a04c263a3b8200bf703c","imageurl":"/mcm/images/land/1S/5568_4270a83db428.jpg","landname":"131"},{"id":281474983133466,"level":1,"status":0,"posx":10,"posy":29,"cityid":98,"townid":262,"tokenid":"5ef3613aefec9fb2490a6bae5595d931","tokenurl":"/mcm/api/land?token=5ef3613aefec9fb2490a6bae5595d931","imageurl":"/mcm/images/land/1S/5569_59527bf6bdfd.jpg","landname":"132"},{"id":281474983133467,"level":1,"status":0,"posx":23,"posy":29,"cityid":98,"townid":262,"tokenid":"715aef9eeb851d8cd83824c0b93ebec7","tokenurl":"/mcm/api/land?token=715aef9eeb851d8cd83824c0b93ebec7","imageurl":"/mcm/images/land/1S/5570_233425da1412.jpg","landname":"133"},{"id":281474983133468,"level":1,"status":1,"posx":24,"posy":29,"cityid":98,"townid":262,"tokenid":"f274a00eca116498f4f543d869ea27fd","tokenurl":"/mcm/api/land?token=f274a00eca116498f4f543d869ea27fd","imageurl":"/mcm/images/land/1S/5571_de61c0f19d6.jpg","landname":"134"},{"id":281474983133469,"level":3,"status":0,"posx":32,"posy":29,"cityid":98,"townid":262,"tokenid":"862cc2b55d196b201f6dd48066414923","tokenurl":"/mcm/api/land?token=862cc2b55d196b201f6dd48066414923","imageurl":"/mcm/images/land/1B/929_536061b3d2b5.jpg","landname":"135"},{"id":281474983133470,"level":1,"status":1,"posx":33,"posy":29,"cityid":98,"townid":262,"tokenid":"0de42de8e132dd982a81b9b7165a460d","tokenurl":"/mcm/api/land?token=0de42de8e132dd982a81b9b7165a460d","imageurl":"/mcm/images/land/1S/5572_3f049b54c8d2.jpg","landname":"136"},{"id":281474983133471,"level":1,"status":0,"posx":6,"posy":30,"cityid":98,"townid":262,"tokenid":"379a585dca37daded40a1adbd516d942","tokenurl":"/mcm/api/land?token=379a585dca37daded40a1adbd516d942","imageurl":"/mcm/images/land/1S/5573_362884bee8ce.jpg","landname":"137"},{"id":281474983133472,"level":2,"status":1,"posx":7,"posy":30,"cityid":98,"townid":262,"tokenid":"582394deca76d043017e8589fc2265bd","tokenurl":"/mcm/api/land?token=582394deca76d043017e8589fc2265bd","imageurl":"/mcm/images/land/1A/2789_580e59635ab7.jpg","landname":"138"},{"id":281474983133473,"level":1,"status":1,"posx":9,"posy":30,"cityid":98,"townid":262,"tokenid":"5bbe15e606a0b904e8c9e89b52284944","tokenurl":"/mcm/api/land?token=5bbe15e606a0b904e8c9e89b52284944","imageurl":"/mcm/images/land/1S/5574_e825273a277.jpg","landname":"139"},{"id":281474983133474,"level":2,"status":0,"posx":10,"posy":30,"cityid":98,"townid":262,"tokenid":"68e7cbb47ac65c3df95dbf139a037c6c","tokenurl":"/mcm/api/land?token=68e7cbb47ac65c3df95dbf139a037c6c","imageurl":"/mcm/images/land/1A/2790_5ac4dbac43fd.jpg","landname":"140"},{"id":281474983133475,"level":1,"status":0,"posx":23,"posy":30,"cityid":98,"townid":262,"tokenid":"1eb215d7c09d68cf7976f0f47fa7c3d5","tokenurl":"/mcm/api/land?token=1eb215d7c09d68cf7976f0f47fa7c3d5","imageurl":"/mcm/images/land/1S/5575_162b8a1e5b53.jpg","landname":"141"},{"id":281474983133476,"level":1,"status":0,"posx":24,"posy":30,"cityid":98,"townid":262,"tokenid":"923d3947a9339206a263336574931a0c","tokenurl":"/mcm/api/land?token=923d3947a9339206a263336574931a0c","imageurl":"/mcm/images/land/1S/5576_213c608f6576.jpg","landname":"142"},{"id":281474983133477,"level":1,"status":0,"posx":32,"posy":30,"cityid":98,"townid":262,"tokenid":"1ee59893f519fd68c9ac5406f26fd024","tokenurl":"/mcm/api/land?token=1ee59893f519fd68c9ac5406f26fd024","imageurl":"/mcm/images/land/1S/5577_1a33238aad29.jpg","landname":"143"},{"id":281474983133478,"level":1,"status":1,"posx":33,"posy":30,"cityid":98,"townid":262,"tokenid":"6a922fb6ab29144dcce7b7dc39d80e93","tokenurl":"/mcm/api/land?token=6a922fb6ab29144dcce7b7dc39d80e93","imageurl":"/mcm/images/land/1S/5578_36b5f5c23d2.jpg","landname":"144"},{"id":281474983133479,"level":3,"status":1,"posx":23,"posy":31,"cityid":98,"townid":262,"tokenid":"2f470ed331e2e53ddc2c6645061a91b7","tokenurl":"/mcm/api/land?token=2f470ed331e2e53ddc2c6645061a91b7","imageurl":"/mcm/images/land/1B/930_29bb4ee5773e.jpg","landname":"145"},{"id":281474983133480,"level":2,"status":1,"posx":24,"posy":31,"cityid":98,"townid":262,"tokenid":"16c238c3c72f2320b4f5caa1ffde2fa9","tokenurl":"/mcm/api/land?token=16c238c3c72f2320b4f5caa1ffde2fa9","imageurl":"/mcm/images/land/1A/2791_302ba2dbc93e.jpg","landname":"146"},{"id":281474983133481,"level":1,"status":0,"posx":32,"posy":31,"cityid":98,"townid":262,"tokenid":"260aa92b95bfc59c84e64ab3b59dd3bf","tokenurl":"/mcm/api/land?token=260aa92b95bfc59c84e64ab3b59dd3bf","imageurl":"/mcm/images/land/1S/5579_1e2c857cd004.jpg","landname":"147"},{"id":281474983133482,"level":1,"status":0,"posx":33,"posy":31,"cityid":98,"townid":262,"tokenid":"a5093d446280bb226f18df787cca701e","tokenurl":"/mcm/api/land?token=a5093d446280bb226f18df787cca701e","imageurl":"/mcm/images/land/1S/5580_4eadaba24df2.jpg","landname":"148"},{"id":281474983133483,"level":1,"status":0,"posx":32,"posy":32,"cityid":98,"townid":262,"tokenid":"3211f252a52480bada54fd38a75a09fb","tokenurl":"/mcm/api/land?token=3211f252a52480bada54fd38a75a09fb","imageurl":"/mcm/images/land/1S/5581_47872bb4d109.jpg","landname":"149"},{"id":281474983133484,"level":3,"status":0,"posx":33,"posy":32,"cityid":98,"townid":262,"tokenid":"9c7f207d4edb38407519ccf129553ce6","tokenurl":"/mcm/api/land?token=9c7f207d4edb38407519ccf129553ce6","imageurl":"/mcm/images/land/1B/931_16f300a0a665.jpg","landname":"150"}]]],0,0,[],[],[]]
