[1,0,0,[["cc.JsonAsset",["_name","json"],1]],[[0,0,1,3]],[[0,"418",[{"id":281474987917463,"level":2,"status":0,"posx":32,"posy":5,"cityid":171,"townid":418,"tokenid":"9ab45398ca3027943cc4edda42584fab","tokenurl":"/mcm/api/land?token=9ab45398ca3027943cc4edda42584fab","imageurl":"/mcm/images/land/2A/11927_a915da071c8.jpg","landname":"1"},{"id":281474987917464,"level":3,"status":1,"posx":33,"posy":5,"cityid":171,"townid":418,"tokenid":"869c5ae39bd69f8bb000da48200cce17","tokenurl":"/mcm/api/land?token=869c5ae39bd69f8bb000da48200cce17","imageurl":"/mcm/images/land/2B/19877_1132a8d65e8a.jpg","landname":"2"},{"id":281474987917465,"level":3,"status":1,"posx":5,"posy":6,"cityid":171,"townid":418,"tokenid":"1832f8598e7ef6f2b3829f34ef029c1a","tokenurl":"/mcm/api/land?token=1832f8598e7ef6f2b3829f34ef029c1a","imageurl":"/mcm/images/land/2B/19878_23041f85d3a8.jpg","landname":"3"},{"id":281474987917466,"level":3,"status":0,"posx":6,"posy":6,"cityid":171,"townid":418,"tokenid":"066a5fc451f16ccf6363ae5fdb342bf9","tokenurl":"/mcm/api/land?token=066a5fc451f16ccf6363ae5fdb342bf9","imageurl":"/mcm/images/land/2B/19879_1f1aef01f05f.jpg","landname":"4"},{"id":281474987917467,"level":3,"status":1,"posx":21,"posy":6,"cityid":171,"townid":418,"tokenid":"eeaf14141ae9624b45d54fe684b4910a","tokenurl":"/mcm/api/land?token=eeaf14141ae9624b45d54fe684b4910a","imageurl":"/mcm/images/land/2B/19880_255d64349d1b.jpg","landname":"5"},{"id":281474987917468,"level":3,"status":1,"posx":22,"posy":6,"cityid":171,"townid":418,"tokenid":"6171fa054abb12992a9fbd71e4fb6dc9","tokenurl":"/mcm/api/land?token=6171fa054abb12992a9fbd71e4fb6dc9","imageurl":"/mcm/images/land/2B/19881_3cb67bf42c14.jpg","landname":"6"},{"id":281474987917469,"level":2,"status":0,"posx":23,"posy":6,"cityid":171,"townid":418,"tokenid":"6b91b763987f72a437e37a90da5a6bfb","tokenurl":"/mcm/api/land?token=6b91b763987f72a437e37a90da5a6bfb","imageurl":"/mcm/images/land/2A/11928_17fcd726e13f.jpg","landname":"7"},{"id":281474987917470,"level":2,"status":1,"posx":24,"posy":6,"cityid":171,"townid":418,"tokenid":"570cd90f0921a41f5a06343f2df52fd8","tokenurl":"/mcm/api/land?token=570cd90f0921a41f5a06343f2df52fd8","imageurl":"/mcm/images/land/2A/11929_983d4110faa.jpg","landname":"8"},{"id":281474987917471,"level":2,"status":1,"posx":25,"posy":6,"cityid":171,"townid":418,"tokenid":"b9df15bee44d607a1179495322d0715a","tokenurl":"/mcm/api/land?token=b9df15bee44d607a1179495322d0715a","imageurl":"/mcm/images/land/2A/11930_45cdfde9d2ce.jpg","landname":"9"},{"id":281474987917472,"level":2,"status":0,"posx":32,"posy":6,"cityid":171,"townid":418,"tokenid":"2aa788ec2ea9a55072f0c1b568b9d311","tokenurl":"/mcm/api/land?token=2aa788ec2ea9a55072f0c1b568b9d311","imageurl":"/mcm/images/land/2A/11931_c54b55d237e.jpg","landname":"10"},{"id":281474987917473,"level":3,"status":1,"posx":33,"posy":6,"cityid":171,"townid":418,"tokenid":"ed0336831e8def12006d5509ad66c57b","tokenurl":"/mcm/api/land?token=ed0336831e8def12006d5509ad66c57b","imageurl":"/mcm/images/land/2B/19882_4c131ea44dfa.jpg","landname":"11"},{"id":281474987917474,"level":2,"status":0,"posx":5,"posy":7,"cityid":171,"townid":418,"tokenid":"a1aeae229581b93911f1be0fce8b6aa9","tokenurl":"/mcm/api/land?token=a1aeae229581b93911f1be0fce8b6aa9","imageurl":"/mcm/images/land/2A/11932_12600e0d80f2.jpg","landname":"12"},{"id":281474987917475,"level":3,"status":0,"posx":6,"posy":7,"cityid":171,"townid":418,"tokenid":"367ee6e9b9422c971637cd9ecc230f88","tokenurl":"/mcm/api/land?token=367ee6e9b9422c971637cd9ecc230f88","imageurl":"/mcm/images/land/2B/19883_530a44df8f02.jpg","landname":"13"},{"id":281474987917476,"level":2,"status":1,"posx":21,"posy":7,"cityid":171,"townid":418,"tokenid":"de053f730de4c21117a42dc7e9225e2a","tokenurl":"/mcm/api/land?token=de053f730de4c21117a42dc7e9225e2a","imageurl":"/mcm/images/land/2A/11933_4730afd87abc.jpg","landname":"14"},{"id":281474987917477,"level":1,"status":0,"posx":22,"posy":7,"cityid":171,"townid":418,"tokenid":"d51c1e6ece23ff53e116acae6867b431","tokenurl":"/mcm/api/land?token=d51c1e6ece23ff53e116acae6867b431","imageurl":"/mcm/images/land/2S/7952_2c265e46f739.jpg","landname":"15"},{"id":281474987917478,"level":1,"status":0,"posx":23,"posy":7,"cityid":171,"townid":418,"tokenid":"e238e42b9489d88dd809247f09115180","tokenurl":"/mcm/api/land?token=e238e42b9489d88dd809247f09115180","imageurl":"/mcm/images/land/2S/7953_34cf69f15f27.jpg","landname":"16"},{"id":281474987917479,"level":3,"status":1,"posx":24,"posy":7,"cityid":171,"townid":418,"tokenid":"001cc90f24f5ea19806bb43b01c660ab","tokenurl":"/mcm/api/land?token=001cc90f24f5ea19806bb43b01c660ab","imageurl":"/mcm/images/land/2B/19884_52933ef26369.jpg","landname":"17"},{"id":281474987917480,"level":3,"status":1,"posx":25,"posy":7,"cityid":171,"townid":418,"tokenid":"58b6c835847da11e2ed58b9cf760408e","tokenurl":"/mcm/api/land?token=58b6c835847da11e2ed58b9cf760408e","imageurl":"/mcm/images/land/2B/19885_2b6b53b288f4.jpg","landname":"18"},{"id":281474987917481,"level":3,"status":0,"posx":32,"posy":7,"cityid":171,"townid":418,"tokenid":"0500ac1a551408753476fe3b3bbed2ed","tokenurl":"/mcm/api/land?token=0500ac1a551408753476fe3b3bbed2ed","imageurl":"/mcm/images/land/2B/19886_cad19642c1a.jpg","landname":"19"},{"id":281474987917482,"level":3,"status":1,"posx":33,"posy":7,"cityid":171,"townid":418,"tokenid":"7ebe15633e7b954d9afe4085b9e8ed11","tokenurl":"/mcm/api/land?token=7ebe15633e7b954d9afe4085b9e8ed11","imageurl":"/mcm/images/land/2B/19887_4727cd6c7abe.jpg","landname":"20"},{"id":281474987917483,"level":2,"status":1,"posx":5,"posy":8,"cityid":171,"townid":418,"tokenid":"b23aff8a565d0f86b7882d9575d0e5fb","tokenurl":"/mcm/api/land?token=b23aff8a565d0f86b7882d9575d0e5fb","imageurl":"/mcm/images/land/2A/11934_265c6ec5438e.jpg","landname":"21"},{"id":281474987917484,"level":2,"status":0,"posx":6,"posy":8,"cityid":171,"townid":418,"tokenid":"c08dd822e498878ee8899fc309cbff62","tokenurl":"/mcm/api/land?token=c08dd822e498878ee8899fc309cbff62","imageurl":"/mcm/images/land/2A/11935_1d9ca1833c1d.jpg","landname":"22"},{"id":281474987917485,"level":3,"status":1,"posx":32,"posy":8,"cityid":171,"townid":418,"tokenid":"46b24daa23e1c209161961c3cf4cbd51","tokenurl":"/mcm/api/land?token=46b24daa23e1c209161961c3cf4cbd51","imageurl":"/mcm/images/land/2B/19888_9acbcaeebed.jpg","landname":"23"},{"id":281474987917486,"level":2,"status":0,"posx":33,"posy":8,"cityid":171,"townid":418,"tokenid":"4b162baf23d9ae3d4aa5c06102427eb1","tokenurl":"/mcm/api/land?token=4b162baf23d9ae3d4aa5c06102427eb1","imageurl":"/mcm/images/land/2A/11936_43380fbde29c.jpg","landname":"24"},{"id":281474987917487,"level":2,"status":1,"posx":5,"posy":9,"cityid":171,"townid":418,"tokenid":"053d730dd754651822568e41cbdf23c7","tokenurl":"/mcm/api/land?token=053d730dd754651822568e41cbdf23c7","imageurl":"/mcm/images/land/2A/11937_56fd6e5eefed.jpg","landname":"25"},{"id":281474987917488,"level":2,"status":0,"posx":6,"posy":9,"cityid":171,"townid":418,"tokenid":"5ee0f8bd28cbd3161a7e75351f0df4d9","tokenurl":"/mcm/api/land?token=5ee0f8bd28cbd3161a7e75351f0df4d9","imageurl":"/mcm/images/land/2A/11938_1d59ad573a69.jpg","landname":"26"},{"id":281474987917489,"level":3,"status":1,"posx":32,"posy":9,"cityid":171,"townid":418,"tokenid":"f4a9e6badb440ed1366b1c576e27ed68","tokenurl":"/mcm/api/land?token=f4a9e6badb440ed1366b1c576e27ed68","imageurl":"/mcm/images/land/2B/19889_473bad3f11ea.jpg","landname":"27"},{"id":281474987917490,"level":3,"status":1,"posx":33,"posy":9,"cityid":171,"townid":418,"tokenid":"7924346ea633af131edf8dd1ba0279f7","tokenurl":"/mcm/api/land?token=7924346ea633af131edf8dd1ba0279f7","imageurl":"/mcm/images/land/2B/19890_79d8a2dc189.jpg","landname":"28"},{"id":281474987917491,"level":3,"status":0,"posx":5,"posy":10,"cityid":171,"townid":418,"tokenid":"ec3831c6cce5179136b417367b81413a","tokenurl":"/mcm/api/land?token=ec3831c6cce5179136b417367b81413a","imageurl":"/mcm/images/land/2B/19891_3e7308eca45.jpg","landname":"29"},{"id":281474987917492,"level":3,"status":1,"posx":6,"posy":10,"cityid":171,"townid":418,"tokenid":"9df960da5f866eb385f978b64c547771","tokenurl":"/mcm/api/land?token=9df960da5f866eb385f978b64c547771","imageurl":"/mcm/images/land/2B/19892_4745af939344.jpg","landname":"30"},{"id":281474987917493,"level":3,"status":0,"posx":8,"posy":10,"cityid":171,"townid":418,"tokenid":"4bb87e4bb14699ba817826a7518e4958","tokenurl":"/mcm/api/land?token=4bb87e4bb14699ba817826a7518e4958","imageurl":"/mcm/images/land/2B/19893_18d86d4eaf57.jpg","landname":"31"},{"id":281474987917494,"level":1,"status":0,"posx":9,"posy":10,"cityid":171,"townid":418,"tokenid":"372a82dbc69da64b2f5cf6119aefa10d","tokenurl":"/mcm/api/land?token=372a82dbc69da64b2f5cf6119aefa10d","imageurl":"/mcm/images/land/2S/7954_3ed4ca04e4e9.jpg","landname":"32"},{"id":281474987917495,"level":3,"status":1,"posx":23,"posy":10,"cityid":171,"townid":418,"tokenid":"c13702e529db1a82c7d0c9dec9b1d651","tokenurl":"/mcm/api/land?token=c13702e529db1a82c7d0c9dec9b1d651","imageurl":"/mcm/images/land/2B/19894_2e9fbabec39c.jpg","landname":"33"},{"id":281474987917496,"level":2,"status":1,"posx":24,"posy":10,"cityid":171,"townid":418,"tokenid":"95a2f51626d140bdf2a7bea58fca5ef5","tokenurl":"/mcm/api/land?token=95a2f51626d140bdf2a7bea58fca5ef5","imageurl":"/mcm/images/land/2A/11939_212f600b9fa.jpg","landname":"34"},{"id":281474987917497,"level":3,"status":0,"posx":8,"posy":11,"cityid":171,"townid":418,"tokenid":"476d2cf529945bea550b8dc538a47f8e","tokenurl":"/mcm/api/land?token=476d2cf529945bea550b8dc538a47f8e","imageurl":"/mcm/images/land/2B/19895_da85a6940d4.jpg","landname":"35"},{"id":281474987917498,"level":3,"status":0,"posx":9,"posy":11,"cityid":171,"townid":418,"tokenid":"fabebc7210ff879dee52cbc6496824da","tokenurl":"/mcm/api/land?token=fabebc7210ff879dee52cbc6496824da","imageurl":"/mcm/images/land/2B/19896_1c1e5601ab6b.jpg","landname":"36"},{"id":281474987917499,"level":1,"status":0,"posx":23,"posy":11,"cityid":171,"townid":418,"tokenid":"5ddcb2a59a54e00e810a8defa6a2978d","tokenurl":"/mcm/api/land?token=5ddcb2a59a54e00e810a8defa6a2978d","imageurl":"/mcm/images/land/2S/7955_3ad862fa4629.jpg","landname":"37"},{"id":281474987917500,"level":1,"status":0,"posx":24,"posy":11,"cityid":171,"townid":418,"tokenid":"f0e2ddfee760c66877719535c9315acc","tokenurl":"/mcm/api/land?token=f0e2ddfee760c66877719535c9315acc","imageurl":"/mcm/images/land/2S/7956_1aa1a7fb3892.jpg","landname":"38"},{"id":281474987917501,"level":3,"status":0,"posx":8,"posy":12,"cityid":171,"townid":418,"tokenid":"d9ea8fbeab1a05bef205e5512452ec1a","tokenurl":"/mcm/api/land?token=d9ea8fbeab1a05bef205e5512452ec1a","imageurl":"/mcm/images/land/2B/19897_4dd0269f3186.jpg","landname":"39"},{"id":281474987917502,"level":3,"status":1,"posx":9,"posy":12,"cityid":171,"townid":418,"tokenid":"306794de996a8551d1e92f9a5354cd8c","tokenurl":"/mcm/api/land?token=306794de996a8551d1e92f9a5354cd8c","imageurl":"/mcm/images/land/2B/19898_2ca8301cb52a.jpg","landname":"40"},{"id":281474987917503,"level":2,"status":0,"posx":23,"posy":12,"cityid":171,"townid":418,"tokenid":"df3b773930211192df9033f60089facf","tokenurl":"/mcm/api/land?token=df3b773930211192df9033f60089facf","imageurl":"/mcm/images/land/2A/11940_187b879002d9.jpg","landname":"41"},{"id":281474987917504,"level":2,"status":1,"posx":24,"posy":12,"cityid":171,"townid":418,"tokenid":"6e4c64119d4df093ae588a02257b42c3","tokenurl":"/mcm/api/land?token=6e4c64119d4df093ae588a02257b42c3","imageurl":"/mcm/images/land/2A/11941_224bd16f87d7.jpg","landname":"42"},{"id":281474987917505,"level":3,"status":1,"posx":32,"posy":12,"cityid":171,"townid":418,"tokenid":"0d5304129993071ee4d8a55db0a8fae1","tokenurl":"/mcm/api/land?token=0d5304129993071ee4d8a55db0a8fae1","imageurl":"/mcm/images/land/2B/19899_d51fd3a8adb.jpg","landname":"43"},{"id":281474987917506,"level":3,"status":1,"posx":33,"posy":12,"cityid":171,"townid":418,"tokenid":"0d5e9d0fb08307e0272859279b49bafd","tokenurl":"/mcm/api/land?token=0d5e9d0fb08307e0272859279b49bafd","imageurl":"/mcm/images/land/2B/19900_47563aa6da04.jpg","landname":"44"},{"id":281474987917507,"level":3,"status":1,"posx":8,"posy":13,"cityid":171,"townid":418,"tokenid":"77f1b7d36e1c5c8ef40ca3d65fed6c0c","tokenurl":"/mcm/api/land?token=77f1b7d36e1c5c8ef40ca3d65fed6c0c","imageurl":"/mcm/images/land/2B/19901_484e8da20fe2.jpg","landname":"45"},{"id":281474987917508,"level":2,"status":0,"posx":9,"posy":13,"cityid":171,"townid":418,"tokenid":"d840dfe13d5e98a7a90f103074caf44e","tokenurl":"/mcm/api/land?token=d840dfe13d5e98a7a90f103074caf44e","imageurl":"/mcm/images/land/2A/11942_7e5d5d60720.jpg","landname":"46"},{"id":281474987917509,"level":2,"status":1,"posx":23,"posy":13,"cityid":171,"townid":418,"tokenid":"d2dbeaf968dac9bf7c93caace3805ec6","tokenurl":"/mcm/api/land?token=d2dbeaf968dac9bf7c93caace3805ec6","imageurl":"/mcm/images/land/2A/11943_2ae470375882.jpg","landname":"47"},{"id":281474987917510,"level":3,"status":0,"posx":24,"posy":13,"cityid":171,"townid":418,"tokenid":"7c75376b1c4f07c0b652fabb330fc1ba","tokenurl":"/mcm/api/land?token=7c75376b1c4f07c0b652fabb330fc1ba","imageurl":"/mcm/images/land/2B/19902_21952cf7339c.jpg","landname":"48"},{"id":281474987917511,"level":3,"status":1,"posx":32,"posy":13,"cityid":171,"townid":418,"tokenid":"2dec90c2394fa8120f396eb8a1e5284a","tokenurl":"/mcm/api/land?token=2dec90c2394fa8120f396eb8a1e5284a","imageurl":"/mcm/images/land/2B/19903_2c683a5713fb.jpg","landname":"49"},{"id":281474987917512,"level":3,"status":1,"posx":33,"posy":13,"cityid":171,"townid":418,"tokenid":"6371efea27d5c4d6f783b77c2a60f965","tokenurl":"/mcm/api/land?token=6371efea27d5c4d6f783b77c2a60f965","imageurl":"/mcm/images/land/2B/19904_c08a6860419.jpg","landname":"50"},{"id":281474987917513,"level":1,"status":1,"posx":8,"posy":14,"cityid":171,"townid":418,"tokenid":"01e0bb357a8cdc868f1ac72911a81784","tokenurl":"/mcm/api/land?token=01e0bb357a8cdc868f1ac72911a81784","imageurl":"/mcm/images/land/2S/7957_41ef270c9b38.jpg","landname":"51"},{"id":281474987917514,"level":3,"status":1,"posx":9,"posy":14,"cityid":171,"townid":418,"tokenid":"2a85f99023ec37c4bd4855445f348094","tokenurl":"/mcm/api/land?token=2a85f99023ec37c4bd4855445f348094","imageurl":"/mcm/images/land/2B/19905_475eeaad298d.jpg","landname":"52"},{"id":281474987917515,"level":1,"status":0,"posx":23,"posy":14,"cityid":171,"townid":418,"tokenid":"6eee526f28f85c4b13bca9f721734178","tokenurl":"/mcm/api/land?token=6eee526f28f85c4b13bca9f721734178","imageurl":"/mcm/images/land/2S/7958_36b181f295c6.jpg","landname":"53"},{"id":281474987917516,"level":3,"status":1,"posx":24,"posy":14,"cityid":171,"townid":418,"tokenid":"bb680b51c7b4e829f3a1af157735dd95","tokenurl":"/mcm/api/land?token=bb680b51c7b4e829f3a1af157735dd95","imageurl":"/mcm/images/land/2B/19906_15a23b821f0.jpg","landname":"54"},{"id":281474987917517,"level":1,"status":1,"posx":32,"posy":14,"cityid":171,"townid":418,"tokenid":"9954d9b10443421c205a325cebf7fe82","tokenurl":"/mcm/api/land?token=9954d9b10443421c205a325cebf7fe82","imageurl":"/mcm/images/land/2S/7959_124b1ef589ac.jpg","landname":"55"},{"id":281474987917518,"level":2,"status":0,"posx":33,"posy":14,"cityid":171,"townid":418,"tokenid":"d1116fdf037539be126474f0f585cf4f","tokenurl":"/mcm/api/land?token=d1116fdf037539be126474f0f585cf4f","imageurl":"/mcm/images/land/2A/11944_87cbbf5b2c.jpg","landname":"56"},{"id":281474987917519,"level":2,"status":1,"posx":32,"posy":15,"cityid":171,"townid":418,"tokenid":"0d38d5bdacc092e909ac3015afa6f21c","tokenurl":"/mcm/api/land?token=0d38d5bdacc092e909ac3015afa6f21c","imageurl":"/mcm/images/land/2A/11945_2a315729dfcf.jpg","landname":"57"},{"id":281474987917520,"level":3,"status":0,"posx":33,"posy":15,"cityid":171,"townid":418,"tokenid":"9cffadc605d57303cd89a2a00e0da580","tokenurl":"/mcm/api/land?token=9cffadc605d57303cd89a2a00e0da580","imageurl":"/mcm/images/land/2B/19907_3952b713739.jpg","landname":"58"},{"id":281474987917521,"level":1,"status":1,"posx":8,"posy":16,"cityid":171,"townid":418,"tokenid":"4f87262b6245eb9af14ae5d2ab71caf4","tokenurl":"/mcm/api/land?token=4f87262b6245eb9af14ae5d2ab71caf4","imageurl":"/mcm/images/land/2S/7960_8493aec8f0e.jpg","landname":"59"},{"id":281474987917522,"level":3,"status":0,"posx":9,"posy":16,"cityid":171,"townid":418,"tokenid":"5d94341dd27c366022bd3077c4887640","tokenurl":"/mcm/api/land?token=5d94341dd27c366022bd3077c4887640","imageurl":"/mcm/images/land/2B/19908_34171ce4dbef.jpg","landname":"60"},{"id":281474987917523,"level":3,"status":0,"posx":32,"posy":16,"cityid":171,"townid":418,"tokenid":"da797e82a471e578cba5c52a3dfc8666","tokenurl":"/mcm/api/land?token=da797e82a471e578cba5c52a3dfc8666","imageurl":"/mcm/images/land/2B/19909_4a6912652e5a.jpg","landname":"61"},{"id":281474987917524,"level":2,"status":0,"posx":33,"posy":16,"cityid":171,"townid":418,"tokenid":"81c38bee548304b01e0f1e2e547b1d1f","tokenurl":"/mcm/api/land?token=81c38bee548304b01e0f1e2e547b1d1f","imageurl":"/mcm/images/land/2A/11946_1db6fae7e420.jpg","landname":"62"},{"id":281474987917525,"level":1,"status":1,"posx":8,"posy":17,"cityid":171,"townid":418,"tokenid":"65d1a3d04904d453b448eec0f3f06b14","tokenurl":"/mcm/api/land?token=65d1a3d04904d453b448eec0f3f06b14","imageurl":"/mcm/images/land/2S/7961_49f36b3a0a91.jpg","landname":"63"},{"id":281474987917526,"level":3,"status":0,"posx":9,"posy":17,"cityid":171,"townid":418,"tokenid":"3e14c59fffdf3324861d28ab80ebcfbb","tokenurl":"/mcm/api/land?token=3e14c59fffdf3324861d28ab80ebcfbb","imageurl":"/mcm/images/land/2B/19910_562975169943.jpg","landname":"64"},{"id":281474987917527,"level":2,"status":1,"posx":8,"posy":18,"cityid":171,"townid":418,"tokenid":"6108f4a9e6d5805c0aba86ed951c4112","tokenurl":"/mcm/api/land?token=6108f4a9e6d5805c0aba86ed951c4112","imageurl":"/mcm/images/land/2A/11947_4a8cfe3160d7.jpg","landname":"65"},{"id":281474987917528,"level":3,"status":0,"posx":9,"posy":18,"cityid":171,"townid":418,"tokenid":"8bddbc57ce608457bea7ecd1c629a19d","tokenurl":"/mcm/api/land?token=8bddbc57ce608457bea7ecd1c629a19d","imageurl":"/mcm/images/land/2B/19911_1cd7664d7a24.jpg","landname":"66"},{"id":281474987917529,"level":3,"status":1,"posx":20,"posy":18,"cityid":171,"townid":418,"tokenid":"dd3d1f1afae0cac690bd2333b0f0feab","tokenurl":"/mcm/api/land?token=dd3d1f1afae0cac690bd2333b0f0feab","imageurl":"/mcm/images/land/2B/19912_192a731946c2.jpg","landname":"67"},{"id":281474987917530,"level":3,"status":1,"posx":21,"posy":18,"cityid":171,"townid":418,"tokenid":"97b42777ef85c115a3bcaef5c3c872ec","tokenurl":"/mcm/api/land?token=97b42777ef85c115a3bcaef5c3c872ec","imageurl":"/mcm/images/land/2B/19913_44d2cee2f235.jpg","landname":"68"},{"id":281474987917531,"level":3,"status":1,"posx":25,"posy":18,"cityid":171,"townid":418,"tokenid":"8ec42018b0d226e47658eec985a004b9","tokenurl":"/mcm/api/land?token=8ec42018b0d226e47658eec985a004b9","imageurl":"/mcm/images/land/2B/19914_32bdefa3613f.jpg","landname":"69"},{"id":281474987917532,"level":1,"status":1,"posx":26,"posy":18,"cityid":171,"townid":418,"tokenid":"3da28d8a9c9f05ccf32ab43126d29563","tokenurl":"/mcm/api/land?token=3da28d8a9c9f05ccf32ab43126d29563","imageurl":"/mcm/images/land/2S/7962_1c07a315a4b5.jpg","landname":"70"},{"id":281474987917533,"level":3,"status":1,"posx":8,"posy":19,"cityid":171,"townid":418,"tokenid":"40f183623940aa3bbcbba91d495c0889","tokenurl":"/mcm/api/land?token=40f183623940aa3bbcbba91d495c0889","imageurl":"/mcm/images/land/2B/19915_477554a747f0.jpg","landname":"71"},{"id":281474987917534,"level":3,"status":0,"posx":9,"posy":19,"cityid":171,"townid":418,"tokenid":"749929603de4a381264b184fd8c20fed","tokenurl":"/mcm/api/land?token=749929603de4a381264b184fd8c20fed","imageurl":"/mcm/images/land/2B/19916_14c8b055b3da.jpg","landname":"72"},{"id":281474987917535,"level":2,"status":1,"posx":20,"posy":19,"cityid":171,"townid":418,"tokenid":"976e40b55a50bc4c581fc7e14789125e","tokenurl":"/mcm/api/land?token=976e40b55a50bc4c581fc7e14789125e","imageurl":"/mcm/images/land/2A/11948_5360dd8200d9.jpg","landname":"73"},{"id":281474987917536,"level":3,"status":0,"posx":21,"posy":19,"cityid":171,"townid":418,"tokenid":"c3f023c6470a45c30cf2cc556f0f43f2","tokenurl":"/mcm/api/land?token=c3f023c6470a45c30cf2cc556f0f43f2","imageurl":"/mcm/images/land/2B/19917_187305566c00.jpg","landname":"74"},{"id":281474987917537,"level":1,"status":1,"posx":25,"posy":19,"cityid":171,"townid":418,"tokenid":"541601d6684a5d6e8cbe2f6e9a2f3195","tokenurl":"/mcm/api/land?token=541601d6684a5d6e8cbe2f6e9a2f3195","imageurl":"/mcm/images/land/2S/7963_51de81eec55b.jpg","landname":"75"},{"id":281474987917538,"level":2,"status":0,"posx":26,"posy":19,"cityid":171,"townid":418,"tokenid":"15c90a9b2c35e47e1a456a0f9a351923","tokenurl":"/mcm/api/land?token=15c90a9b2c35e47e1a456a0f9a351923","imageurl":"/mcm/images/land/2A/11949_4edcf51fa7f6.jpg","landname":"76"},{"id":281474987917539,"level":3,"status":0,"posx":8,"posy":20,"cityid":171,"townid":418,"tokenid":"6d2385036ad708b7e481f5a135aa7280","tokenurl":"/mcm/api/land?token=6d2385036ad708b7e481f5a135aa7280","imageurl":"/mcm/images/land/2B/19918_46b64fc351f1.jpg","landname":"77"},{"id":281474987917540,"level":3,"status":0,"posx":9,"posy":20,"cityid":171,"townid":418,"tokenid":"a7646b948c2a93d17bb554d8e51f3483","tokenurl":"/mcm/api/land?token=a7646b948c2a93d17bb554d8e51f3483","imageurl":"/mcm/images/land/2B/19919_36d8004d43e0.jpg","landname":"78"},{"id":281474987917541,"level":3,"status":1,"posx":20,"posy":20,"cityid":171,"townid":418,"tokenid":"4f0c7df39410c33f69fffd7af23c91e5","tokenurl":"/mcm/api/land?token=4f0c7df39410c33f69fffd7af23c91e5","imageurl":"/mcm/images/land/2B/19920_3b6197dd9e0f.jpg","landname":"79"},{"id":281474987917542,"level":2,"status":0,"posx":21,"posy":20,"cityid":171,"townid":418,"tokenid":"c38e41e4bc2deadb1534dda197bbbb0c","tokenurl":"/mcm/api/land?token=c38e41e4bc2deadb1534dda197bbbb0c","imageurl":"/mcm/images/land/2A/11950_e524c14c53d.jpg","landname":"80"},{"id":281474987917543,"level":1,"status":0,"posx":25,"posy":20,"cityid":171,"townid":418,"tokenid":"bf3ed1cd95344447cbe462ea0fa0c206","tokenurl":"/mcm/api/land?token=bf3ed1cd95344447cbe462ea0fa0c206","imageurl":"/mcm/images/land/2S/7964_59ad305bb441.jpg","landname":"81"},{"id":281474987917544,"level":1,"status":0,"posx":26,"posy":20,"cityid":171,"townid":418,"tokenid":"29a0e3bac0799124b2065754dbecafbd","tokenurl":"/mcm/api/land?token=29a0e3bac0799124b2065754dbecafbd","imageurl":"/mcm/images/land/2S/7965_be91736a2d2.jpg","landname":"82"},{"id":281474987917545,"level":2,"status":0,"posx":31,"posy":20,"cityid":171,"townid":418,"tokenid":"f2557118a0a1cf399e664762acca4982","tokenurl":"/mcm/api/land?token=f2557118a0a1cf399e664762acca4982","imageurl":"/mcm/images/land/2A/11951_56ee8817ad9c.jpg","landname":"83"},{"id":281474987917546,"level":1,"status":1,"posx":32,"posy":20,"cityid":171,"townid":418,"tokenid":"fcbccdf6de59bbed1067a25269193634","tokenurl":"/mcm/api/land?token=fcbccdf6de59bbed1067a25269193634","imageurl":"/mcm/images/land/2S/7966_75d98baa555.jpg","landname":"84"},{"id":281474987917547,"level":3,"status":0,"posx":20,"posy":21,"cityid":171,"townid":418,"tokenid":"9737c077ba6f5dab313481f3a879f6fc","tokenurl":"/mcm/api/land?token=9737c077ba6f5dab313481f3a879f6fc","imageurl":"/mcm/images/land/2B/19921_3e30abefab2d.jpg","landname":"85"},{"id":281474987917548,"level":3,"status":0,"posx":21,"posy":21,"cityid":171,"townid":418,"tokenid":"a52f233416f64dab9158bd9df9c5d6fd","tokenurl":"/mcm/api/land?token=a52f233416f64dab9158bd9df9c5d6fd","imageurl":"/mcm/images/land/2B/19922_173d1e7aa337.jpg","landname":"86"},{"id":281474987917549,"level":3,"status":0,"posx":25,"posy":21,"cityid":171,"townid":418,"tokenid":"e1fb45699f1f718657dee6ac8c7e70ef","tokenurl":"/mcm/api/land?token=e1fb45699f1f718657dee6ac8c7e70ef","imageurl":"/mcm/images/land/2B/19923_302b4c115e35.jpg","landname":"87"},{"id":281474987917550,"level":3,"status":0,"posx":26,"posy":21,"cityid":171,"townid":418,"tokenid":"7b29e20e24e3af3fe1fee4fef30b0535","tokenurl":"/mcm/api/land?token=7b29e20e24e3af3fe1fee4fef30b0535","imageurl":"/mcm/images/land/2B/19924_5af063edbedb.jpg","landname":"88"},{"id":281474987917551,"level":1,"status":1,"posx":31,"posy":21,"cityid":171,"townid":418,"tokenid":"ddc5185b9762eace6a5a035fe207c3d0","tokenurl":"/mcm/api/land?token=ddc5185b9762eace6a5a035fe207c3d0","imageurl":"/mcm/images/land/2S/7967_5b1179f7359.jpg","landname":"89"},{"id":281474987917552,"level":2,"status":1,"posx":32,"posy":21,"cityid":171,"townid":418,"tokenid":"a237861e0967d9110aa9e1e33728807c","tokenurl":"/mcm/api/land?token=a237861e0967d9110aa9e1e33728807c","imageurl":"/mcm/images/land/2A/11952_48ebe73acf99.jpg","landname":"90"},{"id":281474987917553,"level":3,"status":0,"posx":12,"posy":22,"cityid":171,"townid":418,"tokenid":"2690b3646c2d8ab83190efe48673c82f","tokenurl":"/mcm/api/land?token=2690b3646c2d8ab83190efe48673c82f","imageurl":"/mcm/images/land/2B/19925_d85f8e08df6.jpg","landname":"91"},{"id":281474987917554,"level":3,"status":0,"posx":13,"posy":22,"cityid":171,"townid":418,"tokenid":"09555423be69351be65b630ee3958f00","tokenurl":"/mcm/api/land?token=09555423be69351be65b630ee3958f00","imageurl":"/mcm/images/land/2B/19926_c842c60a915.jpg","landname":"92"},{"id":281474987917555,"level":3,"status":0,"posx":20,"posy":22,"cityid":171,"townid":418,"tokenid":"f74d4d26f6f122da683435f1d2a50dcd","tokenurl":"/mcm/api/land?token=f74d4d26f6f122da683435f1d2a50dcd","imageurl":"/mcm/images/land/2B/19927_c90a7650b0f.jpg","landname":"93"},{"id":281474987917556,"level":1,"status":0,"posx":21,"posy":22,"cityid":171,"townid":418,"tokenid":"615e4d6a40b6269e9d6e6065c60bb17a","tokenurl":"/mcm/api/land?token=615e4d6a40b6269e9d6e6065c60bb17a","imageurl":"/mcm/images/land/2S/7968_573596892f8e.jpg","landname":"94"},{"id":281474987917557,"level":1,"status":0,"posx":25,"posy":22,"cityid":171,"townid":418,"tokenid":"a257f153682603bcc7d483de0b0ccb7b","tokenurl":"/mcm/api/land?token=a257f153682603bcc7d483de0b0ccb7b","imageurl":"/mcm/images/land/2S/7969_3d9cc465d353.jpg","landname":"95"},{"id":281474987917558,"level":2,"status":1,"posx":26,"posy":22,"cityid":171,"townid":418,"tokenid":"4d1af531b7d18ff8ceeef76a04498071","tokenurl":"/mcm/api/land?token=4d1af531b7d18ff8ceeef76a04498071","imageurl":"/mcm/images/land/2A/11953_3a4246f48853.jpg","landname":"96"},{"id":281474987917559,"level":3,"status":1,"posx":31,"posy":22,"cityid":171,"townid":418,"tokenid":"2cbca95ba9beb5cd3493f8f386d0aab2","tokenurl":"/mcm/api/land?token=2cbca95ba9beb5cd3493f8f386d0aab2","imageurl":"/mcm/images/land/2B/19928_514cedae3176.jpg","landname":"97"},{"id":281474987917560,"level":1,"status":0,"posx":32,"posy":22,"cityid":171,"townid":418,"tokenid":"a118bded9a0a972657934a61f258f360","tokenurl":"/mcm/api/land?token=a118bded9a0a972657934a61f258f360","imageurl":"/mcm/images/land/2S/7970_25304e09ed1a.jpg","landname":"98"},{"id":281474987917561,"level":2,"status":1,"posx":12,"posy":23,"cityid":171,"townid":418,"tokenid":"535977f4da2323c3aa3392fa18cc96b2","tokenurl":"/mcm/api/land?token=535977f4da2323c3aa3392fa18cc96b2","imageurl":"/mcm/images/land/2A/11954_20edb72f8baa.jpg","landname":"99"},{"id":281474987917562,"level":3,"status":0,"posx":13,"posy":23,"cityid":171,"townid":418,"tokenid":"17692b6402f6d8a5ae843621a9564efb","tokenurl":"/mcm/api/land?token=17692b6402f6d8a5ae843621a9564efb","imageurl":"/mcm/images/land/2B/19929_22f5b662907f.jpg","landname":"100"},{"id":281474987917563,"level":2,"status":1,"posx":31,"posy":23,"cityid":171,"townid":418,"tokenid":"71c6df83aa83122f07046ba38880488c","tokenurl":"/mcm/api/land?token=71c6df83aa83122f07046ba38880488c","imageurl":"/mcm/images/land/2A/11955_279950586f28.jpg","landname":"101"},{"id":281474987917564,"level":2,"status":1,"posx":32,"posy":23,"cityid":171,"townid":418,"tokenid":"4275f92083633afe400ad75cad728f23","tokenurl":"/mcm/api/land?token=4275f92083633afe400ad75cad728f23","imageurl":"/mcm/images/land/2A/11956_12882ca4ffa3.jpg","landname":"102"},{"id":281474987917565,"level":3,"status":0,"posx":12,"posy":24,"cityid":171,"townid":418,"tokenid":"406ee674beab728e26d17b3d7b180437","tokenurl":"/mcm/api/land?token=406ee674beab728e26d17b3d7b180437","imageurl":"/mcm/images/land/2B/19930_3365d25a47b2.jpg","landname":"103"},{"id":281474987917566,"level":3,"status":0,"posx":13,"posy":24,"cityid":171,"townid":418,"tokenid":"d286856de40bfcd0f346d952d9310ed1","tokenurl":"/mcm/api/land?token=d286856de40bfcd0f346d952d9310ed1","imageurl":"/mcm/images/land/2B/19931_316820274d79.jpg","landname":"104"},{"id":281474987917567,"level":1,"status":1,"posx":31,"posy":24,"cityid":171,"townid":418,"tokenid":"cbf4504c5d0356b70d391b4ec7eb8506","tokenurl":"/mcm/api/land?token=cbf4504c5d0356b70d391b4ec7eb8506","imageurl":"/mcm/images/land/2S/7971_1026a4d2bb31.jpg","landname":"105"},{"id":281474987917568,"level":2,"status":0,"posx":32,"posy":24,"cityid":171,"townid":418,"tokenid":"b05d316aab5e370d1f35c77065700e2d","tokenurl":"/mcm/api/land?token=b05d316aab5e370d1f35c77065700e2d","imageurl":"/mcm/images/land/2A/11957_3f22d033be59.jpg","landname":"106"},{"id":281474987917569,"level":2,"status":0,"posx":12,"posy":25,"cityid":171,"townid":418,"tokenid":"61dd093c53e85eee1277ca5171d18b31","tokenurl":"/mcm/api/land?token=61dd093c53e85eee1277ca5171d18b31","imageurl":"/mcm/images/land/2A/11958_4d351db24804.jpg","landname":"107"},{"id":281474987917570,"level":3,"status":1,"posx":13,"posy":25,"cityid":171,"townid":418,"tokenid":"871986b8b944d94fed6bac68502dffb4","tokenurl":"/mcm/api/land?token=871986b8b944d94fed6bac68502dffb4","imageurl":"/mcm/images/land/2B/19932_3743ede5e7bc.jpg","landname":"108"},{"id":281474987917571,"level":2,"status":0,"posx":6,"posy":26,"cityid":171,"townid":418,"tokenid":"8f1dea217fc6148118eedd135caaf7c8","tokenurl":"/mcm/api/land?token=8f1dea217fc6148118eedd135caaf7c8","imageurl":"/mcm/images/land/2A/11959_32a931cb9950.jpg","landname":"109"},{"id":281474987917572,"level":3,"status":1,"posx":7,"posy":26,"cityid":171,"townid":418,"tokenid":"d8d6fe85a69cb1f97b546bb39a3a60f1","tokenurl":"/mcm/api/land?token=d8d6fe85a69cb1f97b546bb39a3a60f1","imageurl":"/mcm/images/land/2B/19933_478b2ac4c931.jpg","landname":"110"},{"id":281474987917573,"level":2,"status":1,"posx":9,"posy":26,"cityid":171,"townid":418,"tokenid":"140df96fe922f5f184e79a11e4919d5f","tokenurl":"/mcm/api/land?token=140df96fe922f5f184e79a11e4919d5f","imageurl":"/mcm/images/land/2A/11960_121adc3e8c39.jpg","landname":"111"},{"id":281474987917574,"level":3,"status":1,"posx":10,"posy":26,"cityid":171,"townid":418,"tokenid":"d763b76bd901b5dca6ff8f5a4cbd6402","tokenurl":"/mcm/api/land?token=d763b76bd901b5dca6ff8f5a4cbd6402","imageurl":"/mcm/images/land/2B/19934_29e8eea2a4e5.jpg","landname":"112"},{"id":281474987917575,"level":2,"status":0,"posx":12,"posy":26,"cityid":171,"townid":418,"tokenid":"72e829771ae33021d90c77af76dc1ed4","tokenurl":"/mcm/api/land?token=72e829771ae33021d90c77af76dc1ed4","imageurl":"/mcm/images/land/2A/11961_35905426b18c.jpg","landname":"113"},{"id":281474987917576,"level":3,"status":1,"posx":13,"posy":26,"cityid":171,"townid":418,"tokenid":"f48dca5a665cc75214b8a7cc8c0bfe25","tokenurl":"/mcm/api/land?token=f48dca5a665cc75214b8a7cc8c0bfe25","imageurl":"/mcm/images/land/2B/19935_4fe3cce78426.jpg","landname":"114"},{"id":281474987917577,"level":1,"status":0,"posx":6,"posy":27,"cityid":171,"townid":418,"tokenid":"8a36fb620ba8b956e8399711d947dc16","tokenurl":"/mcm/api/land?token=8a36fb620ba8b956e8399711d947dc16","imageurl":"/mcm/images/land/2S/7972_4b8dd4958154.jpg","landname":"115"},{"id":281474987917578,"level":1,"status":1,"posx":7,"posy":27,"cityid":171,"townid":418,"tokenid":"5f7969a13d99b9e4918f94095bda5803","tokenurl":"/mcm/api/land?token=5f7969a13d99b9e4918f94095bda5803","imageurl":"/mcm/images/land/2S/7973_5ab62fe35ae7.jpg","landname":"116"},{"id":281474987917579,"level":3,"status":1,"posx":9,"posy":27,"cityid":171,"townid":418,"tokenid":"a64aa19fc195891358f91bd89a663ffd","tokenurl":"/mcm/api/land?token=a64aa19fc195891358f91bd89a663ffd","imageurl":"/mcm/images/land/2B/19936_27622304e585.jpg","landname":"117"},{"id":281474987917580,"level":3,"status":0,"posx":10,"posy":27,"cityid":171,"townid":418,"tokenid":"358fba832db9da8efcda7be2cab5d0cc","tokenurl":"/mcm/api/land?token=358fba832db9da8efcda7be2cab5d0cc","imageurl":"/mcm/images/land/2B/19937_172be29127e5.jpg","landname":"118"},{"id":281474987917581,"level":3,"status":1,"posx":23,"posy":27,"cityid":171,"townid":418,"tokenid":"3a4a793d83867414bc2ff03d9741cab1","tokenurl":"/mcm/api/land?token=3a4a793d83867414bc2ff03d9741cab1","imageurl":"/mcm/images/land/2B/19938_505ec56fce22.jpg","landname":"119"},{"id":281474987917582,"level":3,"status":0,"posx":24,"posy":27,"cityid":171,"townid":418,"tokenid":"5534230cc013e8df40182cf4ddf9450c","tokenurl":"/mcm/api/land?token=5534230cc013e8df40182cf4ddf9450c","imageurl":"/mcm/images/land/2B/19939_27ec2f23b673.jpg","landname":"120"},{"id":281474987917583,"level":3,"status":0,"posx":6,"posy":28,"cityid":171,"townid":418,"tokenid":"6387c14b68490755f4f3243f7921539f","tokenurl":"/mcm/api/land?token=6387c14b68490755f4f3243f7921539f","imageurl":"/mcm/images/land/2B/19940_f32dc9ceef8.jpg","landname":"121"},{"id":281474987917584,"level":3,"status":0,"posx":7,"posy":28,"cityid":171,"townid":418,"tokenid":"83f31e6286eeb8dd6c634ecdca0b47c9","tokenurl":"/mcm/api/land?token=83f31e6286eeb8dd6c634ecdca0b47c9","imageurl":"/mcm/images/land/2B/19941_2b8ec8d472a9.jpg","landname":"122"},{"id":281474987917585,"level":3,"status":0,"posx":9,"posy":28,"cityid":171,"townid":418,"tokenid":"d242b8bd8af76e835889d0599fc1fca1","tokenurl":"/mcm/api/land?token=d242b8bd8af76e835889d0599fc1fca1","imageurl":"/mcm/images/land/2B/19942_41479207851a.jpg","landname":"123"},{"id":281474987917586,"level":2,"status":1,"posx":10,"posy":28,"cityid":171,"townid":418,"tokenid":"96a3c1c9a172a23ceaf1ab7bed2d5860","tokenurl":"/mcm/api/land?token=96a3c1c9a172a23ceaf1ab7bed2d5860","imageurl":"/mcm/images/land/2A/11962_1f4e0bce667b.jpg","landname":"124"},{"id":281474987917587,"level":2,"status":1,"posx":23,"posy":28,"cityid":171,"townid":418,"tokenid":"f487f62c5003a4b0ac390e7666b4687c","tokenurl":"/mcm/api/land?token=f487f62c5003a4b0ac390e7666b4687c","imageurl":"/mcm/images/land/2A/11963_fef89f66185.jpg","landname":"125"},{"id":281474987917588,"level":3,"status":1,"posx":24,"posy":28,"cityid":171,"townid":418,"tokenid":"deb2ee412c706353d333d91df27666a8","tokenurl":"/mcm/api/land?token=deb2ee412c706353d333d91df27666a8","imageurl":"/mcm/images/land/2B/19943_4954bfc5347b.jpg","landname":"126"},{"id":281474987917589,"level":1,"status":1,"posx":32,"posy":28,"cityid":171,"townid":418,"tokenid":"d23af0f101611ecb06680104f26f6e6a","tokenurl":"/mcm/api/land?token=d23af0f101611ecb06680104f26f6e6a","imageurl":"/mcm/images/land/2S/7974_7e17a4dd55c.jpg","landname":"127"},{"id":281474987917590,"level":2,"status":0,"posx":33,"posy":28,"cityid":171,"townid":418,"tokenid":"7c71218f765cada2bdfed1e335c4bdaf","tokenurl":"/mcm/api/land?token=7c71218f765cada2bdfed1e335c4bdaf","imageurl":"/mcm/images/land/2A/11964_533f3bb6d529.jpg","landname":"128"},{"id":281474987917591,"level":1,"status":1,"posx":6,"posy":29,"cityid":171,"townid":418,"tokenid":"440eec54f9a949ec69fc5a7979e71456","tokenurl":"/mcm/api/land?token=440eec54f9a949ec69fc5a7979e71456","imageurl":"/mcm/images/land/2S/7975_43d7ffb4945a.jpg","landname":"129"},{"id":281474987917592,"level":3,"status":1,"posx":7,"posy":29,"cityid":171,"townid":418,"tokenid":"f6ba04579fad7aad304966c77095217a","tokenurl":"/mcm/api/land?token=f6ba04579fad7aad304966c77095217a","imageurl":"/mcm/images/land/2B/19944_a29b99e0687.jpg","landname":"130"},{"id":281474987917593,"level":3,"status":0,"posx":9,"posy":29,"cityid":171,"townid":418,"tokenid":"b5c9f85a5f7f19e0a0a53e0cc52a9ca0","tokenurl":"/mcm/api/land?token=b5c9f85a5f7f19e0a0a53e0cc52a9ca0","imageurl":"/mcm/images/land/2B/19945_cee09ce84a8.jpg","landname":"131"},{"id":281474987917594,"level":2,"status":0,"posx":10,"posy":29,"cityid":171,"townid":418,"tokenid":"115922ae5e4c135e4868d8657d97d149","tokenurl":"/mcm/api/land?token=115922ae5e4c135e4868d8657d97d149","imageurl":"/mcm/images/land/2A/11965_2de283c66def.jpg","landname":"132"},{"id":281474987917595,"level":2,"status":0,"posx":23,"posy":29,"cityid":171,"townid":418,"tokenid":"046e939bb2fa5e4f39edaac5a62cc05a","tokenurl":"/mcm/api/land?token=046e939bb2fa5e4f39edaac5a62cc05a","imageurl":"/mcm/images/land/2A/11966_3645cdd3b5d3.jpg","landname":"133"},{"id":281474987917596,"level":1,"status":1,"posx":24,"posy":29,"cityid":171,"townid":418,"tokenid":"ab0972026510b23786f3d782091cf9f4","tokenurl":"/mcm/api/land?token=ab0972026510b23786f3d782091cf9f4","imageurl":"/mcm/images/land/2S/7976_fff4f72c01d.jpg","landname":"134"},{"id":281474987917597,"level":3,"status":0,"posx":32,"posy":29,"cityid":171,"townid":418,"tokenid":"3144fe58a3713ea3ed4db8a24c06b5fb","tokenurl":"/mcm/api/land?token=3144fe58a3713ea3ed4db8a24c06b5fb","imageurl":"/mcm/images/land/2B/19946_4864246dfa4b.jpg","landname":"135"},{"id":281474987917598,"level":3,"status":0,"posx":33,"posy":29,"cityid":171,"townid":418,"tokenid":"3b162e045410f97b942297ebd228deb5","tokenurl":"/mcm/api/land?token=3b162e045410f97b942297ebd228deb5","imageurl":"/mcm/images/land/2B/19947_509c5c4bb1c3.jpg","landname":"136"},{"id":281474987917599,"level":3,"status":1,"posx":6,"posy":30,"cityid":171,"townid":418,"tokenid":"885b6f693f464b45b385ee427de7e7a2","tokenurl":"/mcm/api/land?token=885b6f693f464b45b385ee427de7e7a2","imageurl":"/mcm/images/land/2B/19948_37e1681e1739.jpg","landname":"137"},{"id":281474987917600,"level":3,"status":1,"posx":7,"posy":30,"cityid":171,"townid":418,"tokenid":"30a720ac6e889378437171e0d2ae4028","tokenurl":"/mcm/api/land?token=30a720ac6e889378437171e0d2ae4028","imageurl":"/mcm/images/land/2B/19949_356480b967e1.jpg","landname":"138"},{"id":281474987917601,"level":2,"status":1,"posx":9,"posy":30,"cityid":171,"townid":418,"tokenid":"31698cb384f32efbf386d20099ca54d0","tokenurl":"/mcm/api/land?token=31698cb384f32efbf386d20099ca54d0","imageurl":"/mcm/images/land/2A/11967_444757699d68.jpg","landname":"139"},{"id":281474987917602,"level":2,"status":0,"posx":10,"posy":30,"cityid":171,"townid":418,"tokenid":"ba5ed31d680729a7894dad536acae2e6","tokenurl":"/mcm/api/land?token=ba5ed31d680729a7894dad536acae2e6","imageurl":"/mcm/images/land/2A/11968_2e11cc0fe528.jpg","landname":"140"},{"id":281474987917603,"level":2,"status":1,"posx":23,"posy":30,"cityid":171,"townid":418,"tokenid":"985fc39c327737d129f3ece2c76ed756","tokenurl":"/mcm/api/land?token=985fc39c327737d129f3ece2c76ed756","imageurl":"/mcm/images/land/2A/11969_406b240ec327.jpg","landname":"141"},{"id":281474987917604,"level":2,"status":1,"posx":24,"posy":30,"cityid":171,"townid":418,"tokenid":"33985c639fceb8d0be2125793caab519","tokenurl":"/mcm/api/land?token=33985c639fceb8d0be2125793caab519","imageurl":"/mcm/images/land/2A/11970_4dbb68b7794c.jpg","landname":"142"},{"id":281474987917605,"level":1,"status":1,"posx":32,"posy":30,"cityid":171,"townid":418,"tokenid":"62679395d328b255389a9b3b107b52a7","tokenurl":"/mcm/api/land?token=62679395d328b255389a9b3b107b52a7","imageurl":"/mcm/images/land/2S/7977_2aac75afd5ed.jpg","landname":"143"},{"id":281474987917606,"level":3,"status":0,"posx":33,"posy":30,"cityid":171,"townid":418,"tokenid":"53e8dca69d980cf1a6efd0e9b15cd0f8","tokenurl":"/mcm/api/land?token=53e8dca69d980cf1a6efd0e9b15cd0f8","imageurl":"/mcm/images/land/2B/19950_38b88b4fccd7.jpg","landname":"144"},{"id":281474987917607,"level":2,"status":0,"posx":23,"posy":31,"cityid":171,"townid":418,"tokenid":"5daebbec27cba1c353d605ed89bad228","tokenurl":"/mcm/api/land?token=5daebbec27cba1c353d605ed89bad228","imageurl":"/mcm/images/land/2A/11971_1440bafa2c81.jpg","landname":"145"},{"id":281474987917608,"level":1,"status":0,"posx":24,"posy":31,"cityid":171,"townid":418,"tokenid":"ca2380f955f57bbc981eb456498cc7e7","tokenurl":"/mcm/api/land?token=ca2380f955f57bbc981eb456498cc7e7","imageurl":"/mcm/images/land/2S/7978_38d808c6d6ff.jpg","landname":"146"},{"id":281474987917609,"level":1,"status":1,"posx":32,"posy":31,"cityid":171,"townid":418,"tokenid":"a455c803bed084fb25b3d38df8a5f39b","tokenurl":"/mcm/api/land?token=a455c803bed084fb25b3d38df8a5f39b","imageurl":"/mcm/images/land/2S/7979_58bef6650722.jpg","landname":"147"},{"id":281474987917610,"level":1,"status":0,"posx":33,"posy":31,"cityid":171,"townid":418,"tokenid":"49b52ac02f9f65977f5b4bc57c012de2","tokenurl":"/mcm/api/land?token=49b52ac02f9f65977f5b4bc57c012de2","imageurl":"/mcm/images/land/2S/7980_1832fc9e8b2.jpg","landname":"148"},{"id":281474987917611,"level":1,"status":0,"posx":32,"posy":32,"cityid":171,"townid":418,"tokenid":"b1a311b8067ceeda2cb0f4a0e1e90702","tokenurl":"/mcm/api/land?token=b1a311b8067ceeda2cb0f4a0e1e90702","imageurl":"/mcm/images/land/2S/7981_58b0ff37e21d.jpg","landname":"149"},{"id":281474987917612,"level":3,"status":1,"posx":33,"posy":32,"cityid":171,"townid":418,"tokenid":"20c36d1397a2933b38aad4d7fe409c78","tokenurl":"/mcm/api/land?token=20c36d1397a2933b38aad4d7fe409c78","imageurl":"/mcm/images/land/2B/19951_2f392d678721.jpg","landname":"150"}]]],0,0,[],[],[]]
