[1,0,0,[["cc.JsonAsset",["_name","json"],1]],[[0,0,1,3]],[[0,"870",[{"id":281475002728599,"level":3,"status":1,"posx":15,"posy":5,"cityid":397,"townid":870,"tokenid":"8b87fea80380ad08a3bddbff3618f4bd","tokenurl":"/mcm/api/land?token=8b87fea80380ad08a3bddbff3618f4bd","imageurl":"/mcm/images/land/2B/23177_c8aa3c88513.jpg","landname":"1"},{"id":281475002728600,"level":3,"status":0,"posx":16,"posy":5,"cityid":397,"townid":870,"tokenid":"7f14db2a27ef2c1e1dae43e5ec64b830","tokenurl":"/mcm/api/land?token=7f14db2a27ef2c1e1dae43e5ec64b830","imageurl":"/mcm/images/land/2B/23178_1b5e49c4a2fa.jpg","landname":"2"},{"id":281475002728601,"level":3,"status":1,"posx":25,"posy":5,"cityid":397,"townid":870,"tokenid":"777982b99e679bae61c301005656dc43","tokenurl":"/mcm/api/land?token=777982b99e679bae61c301005656dc43","imageurl":"/mcm/images/land/2B/23179_52491333184d.jpg","landname":"3"},{"id":281475002728602,"level":3,"status":0,"posx":26,"posy":5,"cityid":397,"townid":870,"tokenid":"9d519ad094c8d9447a76bc63ae18ea13","tokenurl":"/mcm/api/land?token=9d519ad094c8d9447a76bc63ae18ea13","imageurl":"/mcm/images/land/2B/23180_2fcbb0bb5e4f.jpg","landname":"4"},{"id":281475002728603,"level":1,"status":0,"posx":6,"posy":6,"cityid":397,"townid":870,"tokenid":"f0f1cbc7dd22357c36a9ac3d9d603e71","tokenurl":"/mcm/api/land?token=f0f1cbc7dd22357c36a9ac3d9d603e71","imageurl":"/mcm/images/land/2S/9272_468176395448.jpg","landname":"5"},{"id":281475002728604,"level":2,"status":1,"posx":7,"posy":6,"cityid":397,"townid":870,"tokenid":"ae133a78d701a88f6da7d7cd48168a15","tokenurl":"/mcm/api/land?token=ae133a78d701a88f6da7d7cd48168a15","imageurl":"/mcm/images/land/2A/13907_1bc1c0646eb.jpg","landname":"6"},{"id":281475002728605,"level":2,"status":1,"posx":15,"posy":6,"cityid":397,"townid":870,"tokenid":"249b7f4a3c7345d4f5736a672bdf07a6","tokenurl":"/mcm/api/land?token=249b7f4a3c7345d4f5736a672bdf07a6","imageurl":"/mcm/images/land/2A/13908_326de770d814.jpg","landname":"7"},{"id":281475002728606,"level":1,"status":1,"posx":16,"posy":6,"cityid":397,"townid":870,"tokenid":"af07b03aa96fde2f0bf56b169dcc25fa","tokenurl":"/mcm/api/land?token=af07b03aa96fde2f0bf56b169dcc25fa","imageurl":"/mcm/images/land/2S/9273_504ba4704b29.jpg","landname":"8"},{"id":281475002728607,"level":3,"status":0,"posx":25,"posy":6,"cityid":397,"townid":870,"tokenid":"30982e176992327bbac63ad2394db3bc","tokenurl":"/mcm/api/land?token=30982e176992327bbac63ad2394db3bc","imageurl":"/mcm/images/land/2B/23181_122d54aa96a6.jpg","landname":"9"},{"id":281475002728608,"level":1,"status":1,"posx":26,"posy":6,"cityid":397,"townid":870,"tokenid":"f2daa7d976d07ee96fdc83e67d014471","tokenurl":"/mcm/api/land?token=f2daa7d976d07ee96fdc83e67d014471","imageurl":"/mcm/images/land/2S/9274_357a96b4159f.jpg","landname":"10"},{"id":281475002728609,"level":2,"status":0,"posx":30,"posy":6,"cityid":397,"townid":870,"tokenid":"0b43245f71345c657437a883581d1dd8","tokenurl":"/mcm/api/land?token=0b43245f71345c657437a883581d1dd8","imageurl":"/mcm/images/land/2A/13909_1588f8db1fdb.jpg","landname":"11"},{"id":281475002728610,"level":1,"status":0,"posx":31,"posy":6,"cityid":397,"townid":870,"tokenid":"e132e3d08ff6842b634ba631e2b8ea3d","tokenurl":"/mcm/api/land?token=e132e3d08ff6842b634ba631e2b8ea3d","imageurl":"/mcm/images/land/2S/9275_33e32e9fba8c.jpg","landname":"12"},{"id":281475002728611,"level":3,"status":1,"posx":33,"posy":6,"cityid":397,"townid":870,"tokenid":"d4d1dbe3389922749581289e376fbc34","tokenurl":"/mcm/api/land?token=d4d1dbe3389922749581289e376fbc34","imageurl":"/mcm/images/land/2B/23182_e0999805d3c.jpg","landname":"13"},{"id":281475002728612,"level":3,"status":1,"posx":34,"posy":6,"cityid":397,"townid":870,"tokenid":"4564651cb5449b4c35e904f14de821eb","tokenurl":"/mcm/api/land?token=4564651cb5449b4c35e904f14de821eb","imageurl":"/mcm/images/land/2B/23183_2fb826bf5105.jpg","landname":"14"},{"id":281475002728613,"level":3,"status":1,"posx":6,"posy":7,"cityid":397,"townid":870,"tokenid":"4fcdefeff211b6e8d1ff281ee203972f","tokenurl":"/mcm/api/land?token=4fcdefeff211b6e8d1ff281ee203972f","imageurl":"/mcm/images/land/2B/23184_403068b4549a.jpg","landname":"15"},{"id":281475002728614,"level":3,"status":0,"posx":7,"posy":7,"cityid":397,"townid":870,"tokenid":"a3a5416e583b770dea06a51c06c6a17d","tokenurl":"/mcm/api/land?token=a3a5416e583b770dea06a51c06c6a17d","imageurl":"/mcm/images/land/2B/23185_bdcf2b56a9e.jpg","landname":"16"},{"id":281475002728615,"level":2,"status":0,"posx":15,"posy":7,"cityid":397,"townid":870,"tokenid":"fdd5f14eab7cd9a2550d68417b2bdc1f","tokenurl":"/mcm/api/land?token=fdd5f14eab7cd9a2550d68417b2bdc1f","imageurl":"/mcm/images/land/2A/13910_918ba91506e.jpg","landname":"17"},{"id":281475002728616,"level":3,"status":1,"posx":16,"posy":7,"cityid":397,"townid":870,"tokenid":"a5a6563a80c0d2c2fee252ee26d0c886","tokenurl":"/mcm/api/land?token=a5a6563a80c0d2c2fee252ee26d0c886","imageurl":"/mcm/images/land/2B/23186_1f6b7b391ceb.jpg","landname":"18"},{"id":281475002728617,"level":3,"status":1,"posx":21,"posy":7,"cityid":397,"townid":870,"tokenid":"da9cfea5e2101582cc5256cc3518db18","tokenurl":"/mcm/api/land?token=da9cfea5e2101582cc5256cc3518db18","imageurl":"/mcm/images/land/2B/23187_3400664504e1.jpg","landname":"19"},{"id":281475002728618,"level":2,"status":0,"posx":22,"posy":7,"cityid":397,"townid":870,"tokenid":"33d79607f6866bfa66fa14abceb2813d","tokenurl":"/mcm/api/land?token=33d79607f6866bfa66fa14abceb2813d","imageurl":"/mcm/images/land/2A/13911_2307e3d654f0.jpg","landname":"20"},{"id":281475002728619,"level":2,"status":0,"posx":25,"posy":7,"cityid":397,"townid":870,"tokenid":"631148bfbb095d194ace7d9ed2848214","tokenurl":"/mcm/api/land?token=631148bfbb095d194ace7d9ed2848214","imageurl":"/mcm/images/land/2A/13912_2cbd9e40bf44.jpg","landname":"21"},{"id":281475002728620,"level":3,"status":0,"posx":26,"posy":7,"cityid":397,"townid":870,"tokenid":"5b5e34df9f9d458162b81a5f93905ced","tokenurl":"/mcm/api/land?token=5b5e34df9f9d458162b81a5f93905ced","imageurl":"/mcm/images/land/2B/23188_7e65b88df3f.jpg","landname":"22"},{"id":281475002728621,"level":2,"status":1,"posx":30,"posy":7,"cityid":397,"townid":870,"tokenid":"e510de707edccc2d3981f588dbeee993","tokenurl":"/mcm/api/land?token=e510de707edccc2d3981f588dbeee993","imageurl":"/mcm/images/land/2A/13913_1bb97d31686d.jpg","landname":"23"},{"id":281475002728622,"level":2,"status":1,"posx":31,"posy":7,"cityid":397,"townid":870,"tokenid":"3a1883b1847a4ebcbb1565b5439f3761","tokenurl":"/mcm/api/land?token=3a1883b1847a4ebcbb1565b5439f3761","imageurl":"/mcm/images/land/2A/13914_4b1166d4aa04.jpg","landname":"24"},{"id":281475002728623,"level":1,"status":0,"posx":33,"posy":7,"cityid":397,"townid":870,"tokenid":"261d89a1f737b4dfb5af2138cfef6927","tokenurl":"/mcm/api/land?token=261d89a1f737b4dfb5af2138cfef6927","imageurl":"/mcm/images/land/2S/9276_afb5cd7e04a.jpg","landname":"25"},{"id":281475002728624,"level":2,"status":0,"posx":34,"posy":7,"cityid":397,"townid":870,"tokenid":"82d42766601b94b1ccb63104bcf7da24","tokenurl":"/mcm/api/land?token=82d42766601b94b1ccb63104bcf7da24","imageurl":"/mcm/images/land/2A/13915_14028eba96c0.jpg","landname":"26"},{"id":281475002728625,"level":1,"status":0,"posx":6,"posy":8,"cityid":397,"townid":870,"tokenid":"a831b2eba6f2fcf2fc64dbbeb17d0739","tokenurl":"/mcm/api/land?token=a831b2eba6f2fcf2fc64dbbeb17d0739","imageurl":"/mcm/images/land/2S/9277_46fb6a519580.jpg","landname":"27"},{"id":281475002728626,"level":3,"status":1,"posx":7,"posy":8,"cityid":397,"townid":870,"tokenid":"4201418612258802757968f019560e04","tokenurl":"/mcm/api/land?token=4201418612258802757968f019560e04","imageurl":"/mcm/images/land/2B/23189_29f089f628a1.jpg","landname":"28"},{"id":281475002728627,"level":3,"status":0,"posx":15,"posy":8,"cityid":397,"townid":870,"tokenid":"685237ffbfad1e8c46f6e947ca42550c","tokenurl":"/mcm/api/land?token=685237ffbfad1e8c46f6e947ca42550c","imageurl":"/mcm/images/land/2B/23190_1d50569b9e77.jpg","landname":"29"},{"id":281475002728628,"level":2,"status":0,"posx":16,"posy":8,"cityid":397,"townid":870,"tokenid":"973487906e3c06ac8d9feb91864d7e01","tokenurl":"/mcm/api/land?token=973487906e3c06ac8d9feb91864d7e01","imageurl":"/mcm/images/land/2A/13916_b2162d75eec.jpg","landname":"30"},{"id":281475002728629,"level":2,"status":1,"posx":21,"posy":8,"cityid":397,"townid":870,"tokenid":"ff48fd86eb9feb72f648c19b21ba9da7","tokenurl":"/mcm/api/land?token=ff48fd86eb9feb72f648c19b21ba9da7","imageurl":"/mcm/images/land/2A/13917_39c30ced636e.jpg","landname":"31"},{"id":281475002728630,"level":2,"status":1,"posx":22,"posy":8,"cityid":397,"townid":870,"tokenid":"c19cda99777a88158b402cd1e691d7e2","tokenurl":"/mcm/api/land?token=c19cda99777a88158b402cd1e691d7e2","imageurl":"/mcm/images/land/2A/13918_18974afd26bc.jpg","landname":"32"},{"id":281475002728631,"level":3,"status":0,"posx":25,"posy":8,"cityid":397,"townid":870,"tokenid":"399dc5b53fa7b01d15cb605ccd40d1f7","tokenurl":"/mcm/api/land?token=399dc5b53fa7b01d15cb605ccd40d1f7","imageurl":"/mcm/images/land/2B/23191_5825487ce5c.jpg","landname":"33"},{"id":281475002728632,"level":2,"status":0,"posx":26,"posy":8,"cityid":397,"townid":870,"tokenid":"21abd64346e933c1d03c47a6e06b64ca","tokenurl":"/mcm/api/land?token=21abd64346e933c1d03c47a6e06b64ca","imageurl":"/mcm/images/land/2A/13919_42caccbb43bf.jpg","landname":"34"},{"id":281475002728633,"level":1,"status":0,"posx":30,"posy":8,"cityid":397,"townid":870,"tokenid":"e78f7a734669184a68e073c3c2b43587","tokenurl":"/mcm/api/land?token=e78f7a734669184a68e073c3c2b43587","imageurl":"/mcm/images/land/2S/9278_2f09e4873393.jpg","landname":"35"},{"id":281475002728634,"level":3,"status":1,"posx":31,"posy":8,"cityid":397,"townid":870,"tokenid":"886e9bb38d02746feaead893047edfcc","tokenurl":"/mcm/api/land?token=886e9bb38d02746feaead893047edfcc","imageurl":"/mcm/images/land/2B/23192_ee8c59ef64c.jpg","landname":"36"},{"id":281475002728635,"level":3,"status":1,"posx":33,"posy":8,"cityid":397,"townid":870,"tokenid":"58574c75d4f4f29efda5a09b9c960b14","tokenurl":"/mcm/api/land?token=58574c75d4f4f29efda5a09b9c960b14","imageurl":"/mcm/images/land/2B/23193_3494415e03fb.jpg","landname":"37"},{"id":281475002728636,"level":3,"status":0,"posx":34,"posy":8,"cityid":397,"townid":870,"tokenid":"2d0760502c07ae1aa9f100eb1eca4671","tokenurl":"/mcm/api/land?token=2d0760502c07ae1aa9f100eb1eca4671","imageurl":"/mcm/images/land/2B/23194_178fb6f87787.jpg","landname":"38"},{"id":281475002728637,"level":3,"status":1,"posx":6,"posy":9,"cityid":397,"townid":870,"tokenid":"72951d11725574dd16bb435e0a5709cd","tokenurl":"/mcm/api/land?token=72951d11725574dd16bb435e0a5709cd","imageurl":"/mcm/images/land/2B/23195_23d355d5812a.jpg","landname":"39"},{"id":281475002728638,"level":1,"status":1,"posx":7,"posy":9,"cityid":397,"townid":870,"tokenid":"a841aecd06549ef98b8906f9e74c9496","tokenurl":"/mcm/api/land?token=a841aecd06549ef98b8906f9e74c9496","imageurl":"/mcm/images/land/2S/9279_111546b2ac17.jpg","landname":"40"},{"id":281475002728639,"level":3,"status":0,"posx":15,"posy":9,"cityid":397,"townid":870,"tokenid":"14721afb2daf4c691bbb4a7683dd7940","tokenurl":"/mcm/api/land?token=14721afb2daf4c691bbb4a7683dd7940","imageurl":"/mcm/images/land/2B/23196_a8cbbea8e8e.jpg","landname":"41"},{"id":281475002728640,"level":2,"status":1,"posx":16,"posy":9,"cityid":397,"townid":870,"tokenid":"2c7f9704a784773e773a1a2aa2b26303","tokenurl":"/mcm/api/land?token=2c7f9704a784773e773a1a2aa2b26303","imageurl":"/mcm/images/land/2A/13920_346e13569242.jpg","landname":"42"},{"id":281475002728641,"level":1,"status":1,"posx":21,"posy":9,"cityid":397,"townid":870,"tokenid":"c5d4ac2a4f14dcf1a414dc3ea55d984e","tokenurl":"/mcm/api/land?token=c5d4ac2a4f14dcf1a414dc3ea55d984e","imageurl":"/mcm/images/land/2S/9280_422b402724f3.jpg","landname":"43"},{"id":281475002728642,"level":2,"status":0,"posx":22,"posy":9,"cityid":397,"townid":870,"tokenid":"01b3dcc8f7eaf88e5c05d1093bf542d1","tokenurl":"/mcm/api/land?token=01b3dcc8f7eaf88e5c05d1093bf542d1","imageurl":"/mcm/images/land/2A/13921_21d1cc6f1b55.jpg","landname":"44"},{"id":281475002728643,"level":2,"status":1,"posx":25,"posy":9,"cityid":397,"townid":870,"tokenid":"212482c63de558d86c10535eb1c71639","tokenurl":"/mcm/api/land?token=212482c63de558d86c10535eb1c71639","imageurl":"/mcm/images/land/2A/13922_2b5416c5b350.jpg","landname":"45"},{"id":281475002728644,"level":3,"status":1,"posx":26,"posy":9,"cityid":397,"townid":870,"tokenid":"903af727447b40f4aceed394c4b507a1","tokenurl":"/mcm/api/land?token=903af727447b40f4aceed394c4b507a1","imageurl":"/mcm/images/land/2B/23197_243c1009316f.jpg","landname":"46"},{"id":281475002728645,"level":1,"status":1,"posx":30,"posy":9,"cityid":397,"townid":870,"tokenid":"d286779b897c74f02bb24849146017c9","tokenurl":"/mcm/api/land?token=d286779b897c74f02bb24849146017c9","imageurl":"/mcm/images/land/2S/9281_3c805c7ad1f4.jpg","landname":"47"},{"id":281475002728646,"level":1,"status":1,"posx":31,"posy":9,"cityid":397,"townid":870,"tokenid":"da7baf2d8e2c5e718af717f0b100dc6c","tokenurl":"/mcm/api/land?token=da7baf2d8e2c5e718af717f0b100dc6c","imageurl":"/mcm/images/land/2S/9282_41468b4743f9.jpg","landname":"48"},{"id":281475002728647,"level":3,"status":1,"posx":33,"posy":9,"cityid":397,"townid":870,"tokenid":"ec6a015710fa6efe1223e23f8ad59292","tokenurl":"/mcm/api/land?token=ec6a015710fa6efe1223e23f8ad59292","imageurl":"/mcm/images/land/2B/23198_559e507264fe.jpg","landname":"49"},{"id":281475002728648,"level":3,"status":1,"posx":34,"posy":9,"cityid":397,"townid":870,"tokenid":"56206f7015bf1c8f04756e37d933e34b","tokenurl":"/mcm/api/land?token=56206f7015bf1c8f04756e37d933e34b","imageurl":"/mcm/images/land/2B/23199_21d1cb4210f5.jpg","landname":"50"},{"id":281475002728649,"level":2,"status":0,"posx":6,"posy":10,"cityid":397,"townid":870,"tokenid":"9040d1345112913ee6c3016a47963b99","tokenurl":"/mcm/api/land?token=9040d1345112913ee6c3016a47963b99","imageurl":"/mcm/images/land/2A/13923_580ac7d7bcc0.jpg","landname":"51"},{"id":281475002728650,"level":2,"status":1,"posx":7,"posy":10,"cityid":397,"townid":870,"tokenid":"ab1e51afcab0f233dcd74212e084262a","tokenurl":"/mcm/api/land?token=ab1e51afcab0f233dcd74212e084262a","imageurl":"/mcm/images/land/2A/13924_134220465c52.jpg","landname":"52"},{"id":281475002728651,"level":3,"status":1,"posx":11,"posy":10,"cityid":397,"townid":870,"tokenid":"6be110d05430c9cf9ca9bd31adc7938f","tokenurl":"/mcm/api/land?token=6be110d05430c9cf9ca9bd31adc7938f","imageurl":"/mcm/images/land/2B/23200_24edd63f5ffc.jpg","landname":"53"},{"id":281475002728652,"level":1,"status":1,"posx":12,"posy":10,"cityid":397,"townid":870,"tokenid":"5397fdf3a65a3e0478b0a0d8bfa9d01d","tokenurl":"/mcm/api/land?token=5397fdf3a65a3e0478b0a0d8bfa9d01d","imageurl":"/mcm/images/land/2S/9283_f02771aa369.jpg","landname":"54"},{"id":281475002728653,"level":3,"status":1,"posx":21,"posy":10,"cityid":397,"townid":870,"tokenid":"831e5cd0a24e1b5326c25936b6869e78","tokenurl":"/mcm/api/land?token=831e5cd0a24e1b5326c25936b6869e78","imageurl":"/mcm/images/land/2B/23201_4cf53ccb5ce.jpg","landname":"55"},{"id":281475002728654,"level":3,"status":0,"posx":22,"posy":10,"cityid":397,"townid":870,"tokenid":"373a9059cda3094d1b694532fb662a4c","tokenurl":"/mcm/api/land?token=373a9059cda3094d1b694532fb662a4c","imageurl":"/mcm/images/land/2B/23202_3943d64ba3d4.jpg","landname":"56"},{"id":281475002728655,"level":3,"status":1,"posx":30,"posy":10,"cityid":397,"townid":870,"tokenid":"4dce1411313ae8e5c7c599c053959c83","tokenurl":"/mcm/api/land?token=4dce1411313ae8e5c7c599c053959c83","imageurl":"/mcm/images/land/2B/23203_3ff594a6c140.jpg","landname":"57"},{"id":281475002728656,"level":3,"status":0,"posx":31,"posy":10,"cityid":397,"townid":870,"tokenid":"ebc409df25d79b277a41cfd2c358362e","tokenurl":"/mcm/api/land?token=ebc409df25d79b277a41cfd2c358362e","imageurl":"/mcm/images/land/2B/23204_521cc723310c.jpg","landname":"58"},{"id":281475002728657,"level":3,"status":1,"posx":33,"posy":10,"cityid":397,"townid":870,"tokenid":"349219170a5010de41c2be659ed26a67","tokenurl":"/mcm/api/land?token=349219170a5010de41c2be659ed26a67","imageurl":"/mcm/images/land/2B/23205_588fe86205c2.jpg","landname":"59"},{"id":281475002728658,"level":2,"status":0,"posx":34,"posy":10,"cityid":397,"townid":870,"tokenid":"1a3b84cb309dbaec54335af9908c7b86","tokenurl":"/mcm/api/land?token=1a3b84cb309dbaec54335af9908c7b86","imageurl":"/mcm/images/land/2A/13925_21e47678f36c.jpg","landname":"60"},{"id":281475002728659,"level":2,"status":0,"posx":11,"posy":11,"cityid":397,"townid":870,"tokenid":"c09765aaad2885cfc46b7c66b93d9728","tokenurl":"/mcm/api/land?token=c09765aaad2885cfc46b7c66b93d9728","imageurl":"/mcm/images/land/2A/13926_39ec4481cd5b.jpg","landname":"61"},{"id":281475002728660,"level":3,"status":0,"posx":12,"posy":11,"cityid":397,"townid":870,"tokenid":"8eb012bef4ce4191562188f34416f81b","tokenurl":"/mcm/api/land?token=8eb012bef4ce4191562188f34416f81b","imageurl":"/mcm/images/land/2B/23206_715551278b8.jpg","landname":"62"},{"id":281475002728661,"level":2,"status":0,"posx":21,"posy":11,"cityid":397,"townid":870,"tokenid":"a0bfc5db639fd07a453cbae7b101003c","tokenurl":"/mcm/api/land?token=a0bfc5db639fd07a453cbae7b101003c","imageurl":"/mcm/images/land/2A/13927_55fbd713fed9.jpg","landname":"63"},{"id":281475002728662,"level":3,"status":1,"posx":22,"posy":11,"cityid":397,"townid":870,"tokenid":"ecd3b3519355696b3d0ed4b8f23f3369","tokenurl":"/mcm/api/land?token=ecd3b3519355696b3d0ed4b8f23f3369","imageurl":"/mcm/images/land/2B/23207_34673965e493.jpg","landname":"64"},{"id":281475002728663,"level":3,"status":0,"posx":11,"posy":12,"cityid":397,"townid":870,"tokenid":"ad8374f8d5d91d5fe3c7f1ce2adfb4c8","tokenurl":"/mcm/api/land?token=ad8374f8d5d91d5fe3c7f1ce2adfb4c8","imageurl":"/mcm/images/land/2B/23208_994ad86e25d.jpg","landname":"65"},{"id":281475002728664,"level":1,"status":0,"posx":12,"posy":12,"cityid":397,"townid":870,"tokenid":"10b0932a849cbc3e6e4a0d172c67e1b6","tokenurl":"/mcm/api/land?token=10b0932a849cbc3e6e4a0d172c67e1b6","imageurl":"/mcm/images/land/2S/9284_2bb988f2d564.jpg","landname":"66"},{"id":281475002728665,"level":3,"status":0,"posx":11,"posy":13,"cityid":397,"townid":870,"tokenid":"c63bc3859e52edaa6b2025f8c93baf5b","tokenurl":"/mcm/api/land?token=c63bc3859e52edaa6b2025f8c93baf5b","imageurl":"/mcm/images/land/2B/23209_1ee8873c1cd2.jpg","landname":"67"},{"id":281475002728666,"level":3,"status":1,"posx":12,"posy":13,"cityid":397,"townid":870,"tokenid":"c2989f3f8f7acc5aa18121e2bca30221","tokenurl":"/mcm/api/land?token=c2989f3f8f7acc5aa18121e2bca30221","imageurl":"/mcm/images/land/2B/23210_2850a7eb424e.jpg","landname":"68"},{"id":281475002728667,"level":2,"status":1,"posx":11,"posy":14,"cityid":397,"townid":870,"tokenid":"51b93884255f8d60226f8bfc6c3d79e2","tokenurl":"/mcm/api/land?token=51b93884255f8d60226f8bfc6c3d79e2","imageurl":"/mcm/images/land/2A/13928_234d97a83abf.jpg","landname":"69"},{"id":281475002728668,"level":3,"status":1,"posx":12,"posy":14,"cityid":397,"townid":870,"tokenid":"bd4ab54ddc8cfef3de7b0a3e368a72fa","tokenurl":"/mcm/api/land?token=bd4ab54ddc8cfef3de7b0a3e368a72fa","imageurl":"/mcm/images/land/2B/23211_3651bb3e757d.jpg","landname":"70"},{"id":281475002728669,"level":3,"status":0,"posx":8,"posy":20,"cityid":397,"townid":870,"tokenid":"3012c7c0cd853983cd19dd4fc05a45ea","tokenurl":"/mcm/api/land?token=3012c7c0cd853983cd19dd4fc05a45ea","imageurl":"/mcm/images/land/2B/23212_36ef9bda3143.jpg","landname":"71"},{"id":281475002728670,"level":3,"status":1,"posx":9,"posy":20,"cityid":397,"townid":870,"tokenid":"5e03a30e6e35f6b10f44cc0cfb000f75","tokenurl":"/mcm/api/land?token=5e03a30e6e35f6b10f44cc0cfb000f75","imageurl":"/mcm/images/land/2B/23213_2a37fd5a5806.jpg","landname":"72"},{"id":281475002728671,"level":2,"status":1,"posx":10,"posy":20,"cityid":397,"townid":870,"tokenid":"ac66ebde322e259e8c25b37902e584d3","tokenurl":"/mcm/api/land?token=ac66ebde322e259e8c25b37902e584d3","imageurl":"/mcm/images/land/2A/13929_b90e685e233.jpg","landname":"73"},{"id":281475002728672,"level":3,"status":0,"posx":11,"posy":20,"cityid":397,"townid":870,"tokenid":"e17d6ad399ab06123bddfe34f6e33127","tokenurl":"/mcm/api/land?token=e17d6ad399ab06123bddfe34f6e33127","imageurl":"/mcm/images/land/2B/23214_4ae1c776b72.jpg","landname":"74"},{"id":281475002728673,"level":2,"status":1,"posx":12,"posy":20,"cityid":397,"townid":870,"tokenid":"9a87173ca96f764f4253975daa6a0802","tokenurl":"/mcm/api/land?token=9a87173ca96f764f4253975daa6a0802","imageurl":"/mcm/images/land/2A/13930_1869d4628864.jpg","landname":"75"},{"id":281475002728674,"level":2,"status":1,"posx":8,"posy":21,"cityid":397,"townid":870,"tokenid":"aab8040aff9b59d208b497aea187e228","tokenurl":"/mcm/api/land?token=aab8040aff9b59d208b497aea187e228","imageurl":"/mcm/images/land/2A/13931_5d2506845e5.jpg","landname":"76"},{"id":281475002728675,"level":3,"status":0,"posx":9,"posy":21,"cityid":397,"townid":870,"tokenid":"0c046d4dd58cccf6c16ba8687a4a59e7","tokenurl":"/mcm/api/land?token=0c046d4dd58cccf6c16ba8687a4a59e7","imageurl":"/mcm/images/land/2B/23215_5e085991404.jpg","landname":"77"},{"id":281475002728676,"level":3,"status":1,"posx":10,"posy":21,"cityid":397,"townid":870,"tokenid":"2de477d11297297256fcc920b5b1de85","tokenurl":"/mcm/api/land?token=2de477d11297297256fcc920b5b1de85","imageurl":"/mcm/images/land/2B/23216_1ed1322bd8b0.jpg","landname":"78"},{"id":281475002728677,"level":2,"status":1,"posx":11,"posy":21,"cityid":397,"townid":870,"tokenid":"3a2fe1cf3b6433f69b64103eabe44d47","tokenurl":"/mcm/api/land?token=3a2fe1cf3b6433f69b64103eabe44d47","imageurl":"/mcm/images/land/2A/13932_597b4a561189.jpg","landname":"79"},{"id":281475002728678,"level":3,"status":0,"posx":12,"posy":21,"cityid":397,"townid":870,"tokenid":"edb2a29c7b800188178899859807fefb","tokenurl":"/mcm/api/land?token=edb2a29c7b800188178899859807fefb","imageurl":"/mcm/images/land/2B/23217_2cb3d345b62e.jpg","landname":"80"},{"id":281475002728679,"level":3,"status":1,"posx":27,"posy":22,"cityid":397,"townid":870,"tokenid":"6633a5d3abd49de5e96e68208e650c29","tokenurl":"/mcm/api/land?token=6633a5d3abd49de5e96e68208e650c29","imageurl":"/mcm/images/land/2B/23218_1a9ac4c8ba0b.jpg","landname":"81"},{"id":281475002728680,"level":2,"status":1,"posx":28,"posy":22,"cityid":397,"townid":870,"tokenid":"ba0b65d2517028a399da43b7f3823d29","tokenurl":"/mcm/api/land?token=ba0b65d2517028a399da43b7f3823d29","imageurl":"/mcm/images/land/2A/13933_5e9936d49e2.jpg","landname":"82"},{"id":281475002728681,"level":1,"status":1,"posx":29,"posy":22,"cityid":397,"townid":870,"tokenid":"03e2f66d21b3367581781a5c0956b0e0","tokenurl":"/mcm/api/land?token=03e2f66d21b3367581781a5c0956b0e0","imageurl":"/mcm/images/land/2S/9285_4a62722105e1.jpg","landname":"83"},{"id":281475002728682,"level":1,"status":1,"posx":30,"posy":22,"cityid":397,"townid":870,"tokenid":"1b52e995ba2f9986dc0ab06fa9774a72","tokenurl":"/mcm/api/land?token=1b52e995ba2f9986dc0ab06fa9774a72","imageurl":"/mcm/images/land/2S/9286_3a37b0e90b6e.jpg","landname":"84"},{"id":281475002728683,"level":3,"status":1,"posx":31,"posy":22,"cityid":397,"townid":870,"tokenid":"057e02ceb4df4c44bbedd1e1eb4c57de","tokenurl":"/mcm/api/land?token=057e02ceb4df4c44bbedd1e1eb4c57de","imageurl":"/mcm/images/land/2B/23219_49af18cb3b11.jpg","landname":"85"},{"id":281475002728684,"level":2,"status":1,"posx":27,"posy":23,"cityid":397,"townid":870,"tokenid":"b1c0172a3caf78ff1a8ecfa78f85f7f1","tokenurl":"/mcm/api/land?token=b1c0172a3caf78ff1a8ecfa78f85f7f1","imageurl":"/mcm/images/land/2A/13934_32ed1166f1ba.jpg","landname":"86"},{"id":281475002728685,"level":2,"status":0,"posx":28,"posy":23,"cityid":397,"townid":870,"tokenid":"fa0cc1c727709f76537a235d3eba27ed","tokenurl":"/mcm/api/land?token=fa0cc1c727709f76537a235d3eba27ed","imageurl":"/mcm/images/land/2A/13935_527c4a68d9d1.jpg","landname":"87"},{"id":281475002728686,"level":2,"status":1,"posx":29,"posy":23,"cityid":397,"townid":870,"tokenid":"74b333e9d421927297b0df0c72c5aec7","tokenurl":"/mcm/api/land?token=74b333e9d421927297b0df0c72c5aec7","imageurl":"/mcm/images/land/2A/13936_52740e7afa4e.jpg","landname":"88"},{"id":281475002728687,"level":1,"status":1,"posx":30,"posy":23,"cityid":397,"townid":870,"tokenid":"1c99ca82b0268b65ad2fa693ed1fc99d","tokenurl":"/mcm/api/land?token=1c99ca82b0268b65ad2fa693ed1fc99d","imageurl":"/mcm/images/land/2S/9287_1e76fd5ff313.jpg","landname":"89"},{"id":281475002728688,"level":3,"status":0,"posx":31,"posy":23,"cityid":397,"townid":870,"tokenid":"9edd8b94f08e9049dc4547aa359161ad","tokenurl":"/mcm/api/land?token=9edd8b94f08e9049dc4547aa359161ad","imageurl":"/mcm/images/land/2B/23220_33c18e3aec9c.jpg","landname":"90"},{"id":281475002728689,"level":1,"status":0,"posx":8,"posy":24,"cityid":397,"townid":870,"tokenid":"137546eee22e0438ddb206fc394e62f3","tokenurl":"/mcm/api/land?token=137546eee22e0438ddb206fc394e62f3","imageurl":"/mcm/images/land/2S/9288_53796c292a6f.jpg","landname":"91"},{"id":281475002728690,"level":2,"status":0,"posx":9,"posy":24,"cityid":397,"townid":870,"tokenid":"d5c412ee743b5333bb19c1dd161af2b0","tokenurl":"/mcm/api/land?token=d5c412ee743b5333bb19c1dd161af2b0","imageurl":"/mcm/images/land/2A/13937_4320ee54c99c.jpg","landname":"92"},{"id":281475002728691,"level":3,"status":1,"posx":10,"posy":24,"cityid":397,"townid":870,"tokenid":"0f8a24e1b45d8964ae22e82d1fdc2d6a","tokenurl":"/mcm/api/land?token=0f8a24e1b45d8964ae22e82d1fdc2d6a","imageurl":"/mcm/images/land/2B/23221_1a60c65a1686.jpg","landname":"93"},{"id":281475002728692,"level":3,"status":0,"posx":11,"posy":24,"cityid":397,"townid":870,"tokenid":"e89046260e1c1907ecac3f01edbb1249","tokenurl":"/mcm/api/land?token=e89046260e1c1907ecac3f01edbb1249","imageurl":"/mcm/images/land/2B/23222_3d1366c9fd00.jpg","landname":"94"},{"id":281475002728693,"level":3,"status":1,"posx":12,"posy":24,"cityid":397,"townid":870,"tokenid":"5259610617a22f8def729754e034b123","tokenurl":"/mcm/api/land?token=5259610617a22f8def729754e034b123","imageurl":"/mcm/images/land/2B/23223_586adc280c2b.jpg","landname":"95"},{"id":281475002728694,"level":1,"status":0,"posx":17,"posy":24,"cityid":397,"townid":870,"tokenid":"983439ae00014cd6d756f354c81bbd45","tokenurl":"/mcm/api/land?token=983439ae00014cd6d756f354c81bbd45","imageurl":"/mcm/images/land/2S/9289_1f15bb19d295.jpg","landname":"96"},{"id":281475002728695,"level":3,"status":0,"posx":18,"posy":24,"cityid":397,"townid":870,"tokenid":"0ee65ebf036dfe1b654737c8caee1d28","tokenurl":"/mcm/api/land?token=0ee65ebf036dfe1b654737c8caee1d28","imageurl":"/mcm/images/land/2B/23224_39dbedcb3e83.jpg","landname":"97"},{"id":281475002728696,"level":2,"status":1,"posx":19,"posy":24,"cityid":397,"townid":870,"tokenid":"b6c46914244ae0303cf8e87514313cbb","tokenurl":"/mcm/api/land?token=b6c46914244ae0303cf8e87514313cbb","imageurl":"/mcm/images/land/2A/13938_387225004bd8.jpg","landname":"98"},{"id":281475002728697,"level":3,"status":1,"posx":20,"posy":24,"cityid":397,"townid":870,"tokenid":"af0ecd67f2158213f7a643983a055375","tokenurl":"/mcm/api/land?token=af0ecd67f2158213f7a643983a055375","imageurl":"/mcm/images/land/2B/23225_39ff2a552b91.jpg","landname":"99"},{"id":281475002728698,"level":1,"status":0,"posx":21,"posy":24,"cityid":397,"townid":870,"tokenid":"06f501c27536c4ddaf8e02b8d7daaa2b","tokenurl":"/mcm/api/land?token=06f501c27536c4ddaf8e02b8d7daaa2b","imageurl":"/mcm/images/land/2S/9290_111b9c377b1c.jpg","landname":"100"},{"id":281475002728699,"level":2,"status":0,"posx":8,"posy":25,"cityid":397,"townid":870,"tokenid":"78dd61fda5dcbb80ffefd8cd2c1e41e1","tokenurl":"/mcm/api/land?token=78dd61fda5dcbb80ffefd8cd2c1e41e1","imageurl":"/mcm/images/land/2A/13939_2ac1de7bc387.jpg","landname":"101"},{"id":281475002728700,"level":1,"status":1,"posx":9,"posy":25,"cityid":397,"townid":870,"tokenid":"636cf7223a23967d3e1ecb5584047da1","tokenurl":"/mcm/api/land?token=636cf7223a23967d3e1ecb5584047da1","imageurl":"/mcm/images/land/2S/9291_a3502eed118.jpg","landname":"102"},{"id":281475002728701,"level":3,"status":0,"posx":10,"posy":25,"cityid":397,"townid":870,"tokenid":"70c070818e65a086e4f7a8a53c0e3b86","tokenurl":"/mcm/api/land?token=70c070818e65a086e4f7a8a53c0e3b86","imageurl":"/mcm/images/land/2B/23226_177d2db569ae.jpg","landname":"103"},{"id":281475002728702,"level":1,"status":0,"posx":11,"posy":25,"cityid":397,"townid":870,"tokenid":"912d82f91f7168ca3542b4cea3ca4a1f","tokenurl":"/mcm/api/land?token=912d82f91f7168ca3542b4cea3ca4a1f","imageurl":"/mcm/images/land/2S/9292_2c6564536c45.jpg","landname":"104"},{"id":281475002728703,"level":3,"status":1,"posx":12,"posy":25,"cityid":397,"townid":870,"tokenid":"c03597ae127085eed0fac4c7512a7824","tokenurl":"/mcm/api/land?token=c03597ae127085eed0fac4c7512a7824","imageurl":"/mcm/images/land/2B/23227_4e142da33f7c.jpg","landname":"105"},{"id":281475002728704,"level":3,"status":0,"posx":17,"posy":25,"cityid":397,"townid":870,"tokenid":"071045771bd5e2d82d77d696dc22c1c5","tokenurl":"/mcm/api/land?token=071045771bd5e2d82d77d696dc22c1c5","imageurl":"/mcm/images/land/2B/23228_1867dbb6283.jpg","landname":"106"},{"id":281475002728705,"level":3,"status":0,"posx":18,"posy":25,"cityid":397,"townid":870,"tokenid":"bf581f365e096cb638c67d7d4799f18c","tokenurl":"/mcm/api/land?token=bf581f365e096cb638c67d7d4799f18c","imageurl":"/mcm/images/land/2B/23229_2074ff668ca8.jpg","landname":"107"},{"id":281475002728706,"level":3,"status":1,"posx":19,"posy":25,"cityid":397,"townid":870,"tokenid":"298e6270b046df5488eb75cb56883901","tokenurl":"/mcm/api/land?token=298e6270b046df5488eb75cb56883901","imageurl":"/mcm/images/land/2B/23230_2ac9857fc8e0.jpg","landname":"108"},{"id":281475002728707,"level":1,"status":0,"posx":20,"posy":25,"cityid":397,"townid":870,"tokenid":"1d268645ab0f8a992c519d2e602911e3","tokenurl":"/mcm/api/land?token=1d268645ab0f8a992c519d2e602911e3","imageurl":"/mcm/images/land/2S/9293_271b3b51396b.jpg","landname":"109"},{"id":281475002728708,"level":3,"status":0,"posx":21,"posy":25,"cityid":397,"townid":870,"tokenid":"8e7f35e313166837f291622a71cea2b4","tokenurl":"/mcm/api/land?token=8e7f35e313166837f291622a71cea2b4","imageurl":"/mcm/images/land/2B/23231_4bda438ddec2.jpg","landname":"110"},{"id":281475002728709,"level":3,"status":1,"posx":27,"posy":26,"cityid":397,"townid":870,"tokenid":"02e98efe8a8fc525df3ef0f03b423503","tokenurl":"/mcm/api/land?token=02e98efe8a8fc525df3ef0f03b423503","imageurl":"/mcm/images/land/2B/23232_32a6592434bc.jpg","landname":"111"},{"id":281475002728710,"level":3,"status":0,"posx":28,"posy":26,"cityid":397,"townid":870,"tokenid":"2d61d2d9773cedbfe695a33d84a04565","tokenurl":"/mcm/api/land?token=2d61d2d9773cedbfe695a33d84a04565","imageurl":"/mcm/images/land/2B/23233_2c347c1d2f6f.jpg","landname":"112"},{"id":281475002728711,"level":3,"status":0,"posx":27,"posy":27,"cityid":397,"townid":870,"tokenid":"f7953ddba249c3847efd610b0ee4e595","tokenurl":"/mcm/api/land?token=f7953ddba249c3847efd610b0ee4e595","imageurl":"/mcm/images/land/2B/23234_468943d4e6e5.jpg","landname":"113"},{"id":281475002728712,"level":1,"status":1,"posx":28,"posy":27,"cityid":397,"townid":870,"tokenid":"8c3868b8198cd1ea2c05fba309a74cd7","tokenurl":"/mcm/api/land?token=8c3868b8198cd1ea2c05fba309a74cd7","imageurl":"/mcm/images/land/2S/9294_242c83f9dfb.jpg","landname":"114"},{"id":281475002728713,"level":2,"status":0,"posx":32,"posy":27,"cityid":397,"townid":870,"tokenid":"adffac3347ad6c197686c293549756f6","tokenurl":"/mcm/api/land?token=adffac3347ad6c197686c293549756f6","imageurl":"/mcm/images/land/2A/13940_c1824024177.jpg","landname":"115"},{"id":281475002728714,"level":2,"status":0,"posx":33,"posy":27,"cityid":397,"townid":870,"tokenid":"802523203fc26674e25c2f7724ee4148","tokenurl":"/mcm/api/land?token=802523203fc26674e25c2f7724ee4148","imageurl":"/mcm/images/land/2A/13941_1404a29e6520.jpg","landname":"116"},{"id":281475002728715,"level":2,"status":0,"posx":8,"posy":28,"cityid":397,"townid":870,"tokenid":"d0b03b687501b5ac0212e9405f0bb472","tokenurl":"/mcm/api/land?token=d0b03b687501b5ac0212e9405f0bb472","imageurl":"/mcm/images/land/2A/13942_21d73d3d00e7.jpg","landname":"117"},{"id":281475002728716,"level":1,"status":0,"posx":9,"posy":28,"cityid":397,"townid":870,"tokenid":"ecae5a7ecccb362db6b61215db2071af","tokenurl":"/mcm/api/land?token=ecae5a7ecccb362db6b61215db2071af","imageurl":"/mcm/images/land/2S/9295_442ff82ed3ee.jpg","landname":"118"},{"id":281475002728717,"level":3,"status":1,"posx":10,"posy":28,"cityid":397,"townid":870,"tokenid":"f22e4a6afe3f791346a482552212d765","tokenurl":"/mcm/api/land?token=f22e4a6afe3f791346a482552212d765","imageurl":"/mcm/images/land/2B/23235_1f55ffda03ff.jpg","landname":"119"},{"id":281475002728718,"level":3,"status":0,"posx":11,"posy":28,"cityid":397,"townid":870,"tokenid":"87ea34eabdd58c922504622f1fb83bfe","tokenurl":"/mcm/api/land?token=87ea34eabdd58c922504622f1fb83bfe","imageurl":"/mcm/images/land/2B/23236_41460bb60850.jpg","landname":"120"},{"id":281475002728719,"level":2,"status":0,"posx":12,"posy":28,"cityid":397,"townid":870,"tokenid":"789b8529f9fd77495a3e4c97ba4baa7c","tokenurl":"/mcm/api/land?token=789b8529f9fd77495a3e4c97ba4baa7c","imageurl":"/mcm/images/land/2A/13943_19c11f2eb50.jpg","landname":"121"},{"id":281475002728720,"level":3,"status":0,"posx":17,"posy":28,"cityid":397,"townid":870,"tokenid":"9e2028755e3349b347a365a9b6ed90b5","tokenurl":"/mcm/api/land?token=9e2028755e3349b347a365a9b6ed90b5","imageurl":"/mcm/images/land/2B/23237_21de5ca894ca.jpg","landname":"122"},{"id":281475002728721,"level":1,"status":1,"posx":18,"posy":28,"cityid":397,"townid":870,"tokenid":"f062b64a0e290a9036688d9e1707b17b","tokenurl":"/mcm/api/land?token=f062b64a0e290a9036688d9e1707b17b","imageurl":"/mcm/images/land/2S/9296_49ee547d9d78.jpg","landname":"123"},{"id":281475002728722,"level":3,"status":1,"posx":19,"posy":28,"cityid":397,"townid":870,"tokenid":"8e5f3f29918dff6b7394e78aead9430f","tokenurl":"/mcm/api/land?token=8e5f3f29918dff6b7394e78aead9430f","imageurl":"/mcm/images/land/2B/23238_19df2093882d.jpg","landname":"124"},{"id":281475002728723,"level":3,"status":0,"posx":20,"posy":28,"cityid":397,"townid":870,"tokenid":"93f6141abed8180e9bdfedbc1e99bb5a","tokenurl":"/mcm/api/land?token=93f6141abed8180e9bdfedbc1e99bb5a","imageurl":"/mcm/images/land/2B/23239_b4c5ee07b1a.jpg","landname":"125"},{"id":281475002728724,"level":2,"status":0,"posx":21,"posy":28,"cityid":397,"townid":870,"tokenid":"958c77fdfdd9d5a528e1765096b5e770","tokenurl":"/mcm/api/land?token=958c77fdfdd9d5a528e1765096b5e770","imageurl":"/mcm/images/land/2A/13944_2c181726a426.jpg","landname":"126"},{"id":281475002728725,"level":2,"status":0,"posx":27,"posy":28,"cityid":397,"townid":870,"tokenid":"4b82643858c2d105b4dbce035918e908","tokenurl":"/mcm/api/land?token=4b82643858c2d105b4dbce035918e908","imageurl":"/mcm/images/land/2A/13945_54e06cc98139.jpg","landname":"127"},{"id":281475002728726,"level":3,"status":0,"posx":28,"posy":28,"cityid":397,"townid":870,"tokenid":"7fd2ad0b3f6196aff4f09972f0181e65","tokenurl":"/mcm/api/land?token=7fd2ad0b3f6196aff4f09972f0181e65","imageurl":"/mcm/images/land/2B/23240_4d143ebaaa2.jpg","landname":"128"},{"id":281475002728727,"level":3,"status":1,"posx":32,"posy":28,"cityid":397,"townid":870,"tokenid":"f59ba3f4087050c32800c2f4cc7c8c5e","tokenurl":"/mcm/api/land?token=f59ba3f4087050c32800c2f4cc7c8c5e","imageurl":"/mcm/images/land/2B/23241_9b940489f25.jpg","landname":"129"},{"id":281475002728728,"level":2,"status":0,"posx":33,"posy":28,"cityid":397,"townid":870,"tokenid":"c95fae5641f9edaf4baf23912833460f","tokenurl":"/mcm/api/land?token=c95fae5641f9edaf4baf23912833460f","imageurl":"/mcm/images/land/2A/13946_868d7a4aa6.jpg","landname":"130"},{"id":281475002728729,"level":2,"status":1,"posx":8,"posy":29,"cityid":397,"townid":870,"tokenid":"a1fe6de90bcb937d4a1e2ff21deab700","tokenurl":"/mcm/api/land?token=a1fe6de90bcb937d4a1e2ff21deab700","imageurl":"/mcm/images/land/2A/13947_9cc575c663b.jpg","landname":"131"},{"id":281475002728730,"level":2,"status":1,"posx":9,"posy":29,"cityid":397,"townid":870,"tokenid":"9e8a31094a07fbed54568f3358232952","tokenurl":"/mcm/api/land?token=9e8a31094a07fbed54568f3358232952","imageurl":"/mcm/images/land/2A/13948_3821c691192.jpg","landname":"132"},{"id":281475002728731,"level":3,"status":0,"posx":10,"posy":29,"cityid":397,"townid":870,"tokenid":"ad58ba59800d0367927ab89cfa04791b","tokenurl":"/mcm/api/land?token=ad58ba59800d0367927ab89cfa04791b","imageurl":"/mcm/images/land/2B/23242_30c8d8b93ac6.jpg","landname":"133"},{"id":281475002728732,"level":1,"status":1,"posx":11,"posy":29,"cityid":397,"townid":870,"tokenid":"e0ba8c836fe4ba9375878119204ca507","tokenurl":"/mcm/api/land?token=e0ba8c836fe4ba9375878119204ca507","imageurl":"/mcm/images/land/2S/9297_2ef501861e98.jpg","landname":"134"},{"id":281475002728733,"level":3,"status":0,"posx":12,"posy":29,"cityid":397,"townid":870,"tokenid":"97367ffc96bd56cd207ab3eaf8e77df9","tokenurl":"/mcm/api/land?token=97367ffc96bd56cd207ab3eaf8e77df9","imageurl":"/mcm/images/land/2B/23243_2281d3f589d8.jpg","landname":"135"},{"id":281475002728734,"level":1,"status":0,"posx":17,"posy":29,"cityid":397,"townid":870,"tokenid":"8f7efa064d7aa1a123c3f83a2e911dba","tokenurl":"/mcm/api/land?token=8f7efa064d7aa1a123c3f83a2e911dba","imageurl":"/mcm/images/land/2S/9298_1b12cee67c86.jpg","landname":"136"},{"id":281475002728735,"level":3,"status":0,"posx":18,"posy":29,"cityid":397,"townid":870,"tokenid":"adab608eb02d26e46dba357965a66a49","tokenurl":"/mcm/api/land?token=adab608eb02d26e46dba357965a66a49","imageurl":"/mcm/images/land/2B/23244_1e2dd2bd4e14.jpg","landname":"137"},{"id":281475002728736,"level":1,"status":0,"posx":19,"posy":29,"cityid":397,"townid":870,"tokenid":"56492bc1dbdfc5470ac7c86a14e80b59","tokenurl":"/mcm/api/land?token=56492bc1dbdfc5470ac7c86a14e80b59","imageurl":"/mcm/images/land/2S/9299_294d2acda47b.jpg","landname":"138"},{"id":281475002728737,"level":3,"status":1,"posx":20,"posy":29,"cityid":397,"townid":870,"tokenid":"f40fe27b3ac016fe750322951808739a","tokenurl":"/mcm/api/land?token=f40fe27b3ac016fe750322951808739a","imageurl":"/mcm/images/land/2B/23245_34dea52e9b35.jpg","landname":"139"},{"id":281475002728738,"level":3,"status":1,"posx":21,"posy":29,"cityid":397,"townid":870,"tokenid":"19b857aed4b81275658867d1f27651df","tokenurl":"/mcm/api/land?token=19b857aed4b81275658867d1f27651df","imageurl":"/mcm/images/land/2B/23246_3f5f546bc0c.jpg","landname":"140"},{"id":281475002728739,"level":3,"status":1,"posx":27,"posy":29,"cityid":397,"townid":870,"tokenid":"128377d0daacef8a9e2891f615d386d8","tokenurl":"/mcm/api/land?token=128377d0daacef8a9e2891f615d386d8","imageurl":"/mcm/images/land/2B/23247_405e7681a776.jpg","landname":"141"},{"id":281475002728740,"level":2,"status":0,"posx":28,"posy":29,"cityid":397,"townid":870,"tokenid":"8c99d90a83187eef134ee565683655a9","tokenurl":"/mcm/api/land?token=8c99d90a83187eef134ee565683655a9","imageurl":"/mcm/images/land/2A/13949_2a9e6eb2ca55.jpg","landname":"142"},{"id":281475002728741,"level":3,"status":1,"posx":32,"posy":29,"cityid":397,"townid":870,"tokenid":"b957a33dcca45aa78fbd4404344557de","tokenurl":"/mcm/api/land?token=b957a33dcca45aa78fbd4404344557de","imageurl":"/mcm/images/land/2B/23248_28380ea4a845.jpg","landname":"143"},{"id":281475002728742,"level":3,"status":0,"posx":33,"posy":29,"cityid":397,"townid":870,"tokenid":"f9cd995308cd8316425fd8a5c4ee57b1","tokenurl":"/mcm/api/land?token=f9cd995308cd8316425fd8a5c4ee57b1","imageurl":"/mcm/images/land/2B/23249_1ac5406ec405.jpg","landname":"144"},{"id":281475002728743,"level":3,"status":0,"posx":27,"posy":30,"cityid":397,"townid":870,"tokenid":"1ff1c20a304ed81f567d8dec57da5516","tokenurl":"/mcm/api/land?token=1ff1c20a304ed81f567d8dec57da5516","imageurl":"/mcm/images/land/2B/23250_168e38357ac.jpg","landname":"145"},{"id":281475002728744,"level":3,"status":0,"posx":28,"posy":30,"cityid":397,"townid":870,"tokenid":"abac29bbce2c916e697b2738639f3cb8","tokenurl":"/mcm/api/land?token=abac29bbce2c916e697b2738639f3cb8","imageurl":"/mcm/images/land/2B/23251_1336a9b07bd0.jpg","landname":"146"},{"id":281475002728745,"level":1,"status":0,"posx":32,"posy":30,"cityid":397,"townid":870,"tokenid":"6127811a47e97008f8a81dbb4ab1c186","tokenurl":"/mcm/api/land?token=6127811a47e97008f8a81dbb4ab1c186","imageurl":"/mcm/images/land/2S/9300_173cbf3275c6.jpg","landname":"147"},{"id":281475002728746,"level":2,"status":1,"posx":33,"posy":30,"cityid":397,"townid":870,"tokenid":"93d99122f4392723894abead3812da64","tokenurl":"/mcm/api/land?token=93d99122f4392723894abead3812da64","imageurl":"/mcm/images/land/2A/13950_38b65f0d0344.jpg","landname":"148"},{"id":281475002728747,"level":1,"status":1,"posx":32,"posy":31,"cityid":397,"townid":870,"tokenid":"d4119371138c4c7d01070296dc80f7a7","tokenurl":"/mcm/api/land?token=d4119371138c4c7d01070296dc80f7a7","imageurl":"/mcm/images/land/2S/9301_2a4ab6d0851c.jpg","landname":"149"},{"id":281475002728748,"level":2,"status":1,"posx":33,"posy":31,"cityid":397,"townid":870,"tokenid":"9c67da0dba75beb9786faa4ad125c8df","tokenurl":"/mcm/api/land?token=9c67da0dba75beb9786faa4ad125c8df","imageurl":"/mcm/images/land/2A/13951_2bdbc5cd236c.jpg","landname":"150"}]]],0,0,[],[],[]]
