[1,0,0,[["cc.JsonAsset",["_name","json"],1]],[[0,0,1,3]],[[0,"1381",[{"id":281475018653697,"level":1,"status":0,"posx":7,"posy":5,"cityid":640,"townid":1381,"tokenid":"d0b7978c82254373980149e19d51c1a2","tokenurl":"/mcm/api/land?token=d0b7978c82254373980149e19d51c1a2","imageurl":"/mcm/images/land/2S/10802_2f11ebca3991.jpg","landname":"1"},{"id":281475018653698,"level":1,"status":1,"posx":8,"posy":5,"cityid":640,"townid":1381,"tokenid":"d4ef40cce64feab8b93e2ccf5569d437","tokenurl":"/mcm/api/land?token=d4ef40cce64feab8b93e2ccf5569d437","imageurl":"/mcm/images/land/2S/10803_2dc7f58720f3.jpg","landname":"2"},{"id":281475018653699,"level":1,"status":0,"posx":16,"posy":5,"cityid":640,"townid":1381,"tokenid":"c6e2088d69200b339a5ffeb2a85b6d1f","tokenurl":"/mcm/api/land?token=c6e2088d69200b339a5ffeb2a85b6d1f","imageurl":"/mcm/images/land/2S/10804_2790fff2fdba.jpg","landname":"3"},{"id":281475018653700,"level":1,"status":1,"posx":17,"posy":5,"cityid":640,"townid":1381,"tokenid":"86f8f6c9d1d757b2d44c92012bc5a08c","tokenurl":"/mcm/api/land?token=86f8f6c9d1d757b2d44c92012bc5a08c","imageurl":"/mcm/images/land/2S/10805_2aba1c45a615.jpg","landname":"4"},{"id":281475018653701,"level":1,"status":1,"posx":20,"posy":5,"cityid":640,"townid":1381,"tokenid":"a51ad111cc08bcf3520e8205fdce7398","tokenurl":"/mcm/api/land?token=a51ad111cc08bcf3520e8205fdce7398","imageurl":"/mcm/images/land/2S/10806_4bfcad49d934.jpg","landname":"5"},{"id":281475018653702,"level":3,"status":0,"posx":21,"posy":5,"cityid":640,"townid":1381,"tokenid":"e43f7d00ec36c48b23e1be18a891056e","tokenurl":"/mcm/api/land?token=e43f7d00ec36c48b23e1be18a891056e","imageurl":"/mcm/images/land/2B/27002_5729d890a188.jpg","landname":"6"},{"id":281475018653703,"level":3,"status":0,"posx":7,"posy":6,"cityid":640,"townid":1381,"tokenid":"74521c28e743eb58f3984de7407b9a66","tokenurl":"/mcm/api/land?token=74521c28e743eb58f3984de7407b9a66","imageurl":"/mcm/images/land/2B/27003_161acaaedb0a.jpg","landname":"7"},{"id":281475018653704,"level":3,"status":1,"posx":8,"posy":6,"cityid":640,"townid":1381,"tokenid":"d0ad4fd16e3d69f0d2c40e1a00153e76","tokenurl":"/mcm/api/land?token=d0ad4fd16e3d69f0d2c40e1a00153e76","imageurl":"/mcm/images/land/2B/27004_4b28441fddc6.jpg","landname":"8"},{"id":281475018653705,"level":1,"status":0,"posx":16,"posy":6,"cityid":640,"townid":1381,"tokenid":"4e4590e2d81be84d4b7fb8888296bb2c","tokenurl":"/mcm/api/land?token=4e4590e2d81be84d4b7fb8888296bb2c","imageurl":"/mcm/images/land/2S/10807_2b805fd26ef7.jpg","landname":"9"},{"id":281475018653706,"level":1,"status":0,"posx":17,"posy":6,"cityid":640,"townid":1381,"tokenid":"d3bb15e28b65cfb571e5a2354cc61c49","tokenurl":"/mcm/api/land?token=d3bb15e28b65cfb571e5a2354cc61c49","imageurl":"/mcm/images/land/2S/10808_1debade224f3.jpg","landname":"10"},{"id":281475018653707,"level":1,"status":1,"posx":20,"posy":6,"cityid":640,"townid":1381,"tokenid":"6204c0f0f030cb4d414ce39442d86e45","tokenurl":"/mcm/api/land?token=6204c0f0f030cb4d414ce39442d86e45","imageurl":"/mcm/images/land/2S/10809_58353ff319a2.jpg","landname":"11"},{"id":281475018653708,"level":3,"status":0,"posx":21,"posy":6,"cityid":640,"townid":1381,"tokenid":"776ff6dcc00fdc870a7ec56a9c850e30","tokenurl":"/mcm/api/land?token=776ff6dcc00fdc870a7ec56a9c850e30","imageurl":"/mcm/images/land/2B/27005_95b76730e5f.jpg","landname":"12"},{"id":281475018653709,"level":3,"status":0,"posx":7,"posy":7,"cityid":640,"townid":1381,"tokenid":"83c1429e4531b670ff090f3518fd4f15","tokenurl":"/mcm/api/land?token=83c1429e4531b670ff090f3518fd4f15","imageurl":"/mcm/images/land/2B/27006_5755fdf11d0e.jpg","landname":"13"},{"id":281475018653710,"level":3,"status":0,"posx":8,"posy":7,"cityid":640,"townid":1381,"tokenid":"11ab1dc294cc4d6a7829c3c9b10d46a5","tokenurl":"/mcm/api/land?token=11ab1dc294cc4d6a7829c3c9b10d46a5","imageurl":"/mcm/images/land/2B/27007_1432daf7d2e0.jpg","landname":"14"},{"id":281475018653711,"level":2,"status":0,"posx":16,"posy":7,"cityid":640,"townid":1381,"tokenid":"a38b2a26242a5f4b19a194008be108f1","tokenurl":"/mcm/api/land?token=a38b2a26242a5f4b19a194008be108f1","imageurl":"/mcm/images/land/2A/16202_21e9d3cdf1fc.jpg","landname":"15"},{"id":281475018653712,"level":1,"status":1,"posx":17,"posy":7,"cityid":640,"townid":1381,"tokenid":"c0f5cff4541d386f3e4ea292920d34d9","tokenurl":"/mcm/api/land?token=c0f5cff4541d386f3e4ea292920d34d9","imageurl":"/mcm/images/land/2S/10810_5277698eb20.jpg","landname":"16"},{"id":281475018653713,"level":3,"status":0,"posx":20,"posy":7,"cityid":640,"townid":1381,"tokenid":"df888356c84de2fa8f0fa3f7bc53b6a1","tokenurl":"/mcm/api/land?token=df888356c84de2fa8f0fa3f7bc53b6a1","imageurl":"/mcm/images/land/2B/27008_14342dd2df6.jpg","landname":"17"},{"id":281475018653714,"level":1,"status":0,"posx":21,"posy":7,"cityid":640,"townid":1381,"tokenid":"55f6235afc5e8577b35c13059edf39ae","tokenurl":"/mcm/api/land?token=55f6235afc5e8577b35c13059edf39ae","imageurl":"/mcm/images/land/2S/10811_5939da243334.jpg","landname":"18"},{"id":281475018653715,"level":1,"status":1,"posx":7,"posy":8,"cityid":640,"townid":1381,"tokenid":"50021360b78f2b600695547d603c5477","tokenurl":"/mcm/api/land?token=50021360b78f2b600695547d603c5477","imageurl":"/mcm/images/land/2S/10812_4ab079037ce1.jpg","landname":"19"},{"id":281475018653716,"level":2,"status":0,"posx":8,"posy":8,"cityid":640,"townid":1381,"tokenid":"dbd0b72d4c35036d4b0f10a510ae9ad4","tokenurl":"/mcm/api/land?token=dbd0b72d4c35036d4b0f10a510ae9ad4","imageurl":"/mcm/images/land/2A/16203_3495cb72591c.jpg","landname":"20"},{"id":281475018653717,"level":3,"status":1,"posx":16,"posy":8,"cityid":640,"townid":1381,"tokenid":"4f501e9741b5a61e133ee55a8a837af6","tokenurl":"/mcm/api/land?token=4f501e9741b5a61e133ee55a8a837af6","imageurl":"/mcm/images/land/2B/27009_1488582ab3ba.jpg","landname":"21"},{"id":281475018653718,"level":3,"status":0,"posx":17,"posy":8,"cityid":640,"townid":1381,"tokenid":"717b65d6e8d75feba306f145f5c0dc15","tokenurl":"/mcm/api/land?token=717b65d6e8d75feba306f145f5c0dc15","imageurl":"/mcm/images/land/2B/27010_2ca55ff8669a.jpg","landname":"22"},{"id":281475018653719,"level":3,"status":1,"posx":20,"posy":8,"cityid":640,"townid":1381,"tokenid":"8fa12518341b40e5d083c8437d8d39dc","tokenurl":"/mcm/api/land?token=8fa12518341b40e5d083c8437d8d39dc","imageurl":"/mcm/images/land/2B/27011_35f109d3f618.jpg","landname":"23"},{"id":281475018653720,"level":3,"status":0,"posx":21,"posy":8,"cityid":640,"townid":1381,"tokenid":"54a644f377e873a05f8817d3ed423f25","tokenurl":"/mcm/api/land?token=54a644f377e873a05f8817d3ed423f25","imageurl":"/mcm/images/land/2B/27012_174fe6692326.jpg","landname":"24"},{"id":281475018653721,"level":2,"status":0,"posx":28,"posy":8,"cityid":640,"townid":1381,"tokenid":"6d6368fc59b48f8a4f532d8886678379","tokenurl":"/mcm/api/land?token=6d6368fc59b48f8a4f532d8886678379","imageurl":"/mcm/images/land/2A/16204_365ef3f5999f.jpg","landname":"25"},{"id":281475018653722,"level":1,"status":1,"posx":29,"posy":8,"cityid":640,"townid":1381,"tokenid":"0c7b95a621dcdcaf37cf10213c73500b","tokenurl":"/mcm/api/land?token=0c7b95a621dcdcaf37cf10213c73500b","imageurl":"/mcm/images/land/2S/10813_3eb8d4275ea7.jpg","landname":"26"},{"id":281475018653723,"level":2,"status":0,"posx":32,"posy":8,"cityid":640,"townid":1381,"tokenid":"feaacc0a34fd61c82f2af7e48667ce75","tokenurl":"/mcm/api/land?token=feaacc0a34fd61c82f2af7e48667ce75","imageurl":"/mcm/images/land/2A/16205_36fe22a51f74.jpg","landname":"27"},{"id":281475018653724,"level":2,"status":0,"posx":33,"posy":8,"cityid":640,"townid":1381,"tokenid":"ecfcc998cee887cac68a7fd2aa75f5c5","tokenurl":"/mcm/api/land?token=ecfcc998cee887cac68a7fd2aa75f5c5","imageurl":"/mcm/images/land/2A/16206_1182e0c9e90a.jpg","landname":"28"},{"id":281475018653725,"level":2,"status":1,"posx":7,"posy":9,"cityid":640,"townid":1381,"tokenid":"708a309a49317d1fc0676a96c523cd3d","tokenurl":"/mcm/api/land?token=708a309a49317d1fc0676a96c523cd3d","imageurl":"/mcm/images/land/2A/16207_3b14fa22db.jpg","landname":"29"},{"id":281475018653726,"level":1,"status":1,"posx":8,"posy":9,"cityid":640,"townid":1381,"tokenid":"952abcbaa7e7025edbd134ff5366a05f","tokenurl":"/mcm/api/land?token=952abcbaa7e7025edbd134ff5366a05f","imageurl":"/mcm/images/land/2S/10814_2d745635804c.jpg","landname":"30"},{"id":281475018653727,"level":2,"status":0,"posx":16,"posy":9,"cityid":640,"townid":1381,"tokenid":"a93e3a9db1f2f90f0ecf7645b389e808","tokenurl":"/mcm/api/land?token=a93e3a9db1f2f90f0ecf7645b389e808","imageurl":"/mcm/images/land/2A/16208_2b3a2537c556.jpg","landname":"31"},{"id":281475018653728,"level":2,"status":1,"posx":17,"posy":9,"cityid":640,"townid":1381,"tokenid":"51e53426b4e6d7c99eb0c35879dffb7a","tokenurl":"/mcm/api/land?token=51e53426b4e6d7c99eb0c35879dffb7a","imageurl":"/mcm/images/land/2A/16209_46062c53495a.jpg","landname":"32"},{"id":281475018653729,"level":3,"status":1,"posx":20,"posy":9,"cityid":640,"townid":1381,"tokenid":"e7104be8166a183fab176fad468d4575","tokenurl":"/mcm/api/land?token=e7104be8166a183fab176fad468d4575","imageurl":"/mcm/images/land/2B/27013_4ca62b60380b.jpg","landname":"33"},{"id":281475018653730,"level":2,"status":1,"posx":21,"posy":9,"cityid":640,"townid":1381,"tokenid":"7be8a16275008a53aba02987cc971c16","tokenurl":"/mcm/api/land?token=7be8a16275008a53aba02987cc971c16","imageurl":"/mcm/images/land/2A/16210_138b701aa413.jpg","landname":"34"},{"id":281475018653731,"level":3,"status":0,"posx":28,"posy":9,"cityid":640,"townid":1381,"tokenid":"138659fb0ebc4209e329b7f9b3e1ee12","tokenurl":"/mcm/api/land?token=138659fb0ebc4209e329b7f9b3e1ee12","imageurl":"/mcm/images/land/2B/27014_38aac93776d9.jpg","landname":"35"},{"id":281475018653732,"level":2,"status":0,"posx":29,"posy":9,"cityid":640,"townid":1381,"tokenid":"fcbb4bbc265c96a691e95bf537c56433","tokenurl":"/mcm/api/land?token=fcbb4bbc265c96a691e95bf537c56433","imageurl":"/mcm/images/land/2A/16211_1443992c049f.jpg","landname":"36"},{"id":281475018653733,"level":3,"status":1,"posx":32,"posy":9,"cityid":640,"townid":1381,"tokenid":"2398dcaf8ca09e8282b1e3f772ca3733","tokenurl":"/mcm/api/land?token=2398dcaf8ca09e8282b1e3f772ca3733","imageurl":"/mcm/images/land/2B/27015_42ebae9def6e.jpg","landname":"37"},{"id":281475018653734,"level":2,"status":0,"posx":33,"posy":9,"cityid":640,"townid":1381,"tokenid":"045a5525effe20d6089ccb91716c1c32","tokenurl":"/mcm/api/land?token=045a5525effe20d6089ccb91716c1c32","imageurl":"/mcm/images/land/2A/16212_5100871f5c5c.jpg","landname":"38"},{"id":281475018653735,"level":1,"status":1,"posx":28,"posy":10,"cityid":640,"townid":1381,"tokenid":"06f327a2f9f9eec592ac27374ac039ad","tokenurl":"/mcm/api/land?token=06f327a2f9f9eec592ac27374ac039ad","imageurl":"/mcm/images/land/2S/10815_c31b70c0945.jpg","landname":"39"},{"id":281475018653736,"level":2,"status":1,"posx":29,"posy":10,"cityid":640,"townid":1381,"tokenid":"5b9f858cd5c90d6066259eb00332f0af","tokenurl":"/mcm/api/land?token=5b9f858cd5c90d6066259eb00332f0af","imageurl":"/mcm/images/land/2A/16213_2ed0e2f9d6a0.jpg","landname":"40"},{"id":281475018653737,"level":3,"status":0,"posx":32,"posy":10,"cityid":640,"townid":1381,"tokenid":"83f913189f0023f272d0308e9084b9a9","tokenurl":"/mcm/api/land?token=83f913189f0023f272d0308e9084b9a9","imageurl":"/mcm/images/land/2B/27016_2998d0132de7.jpg","landname":"41"},{"id":281475018653738,"level":2,"status":1,"posx":33,"posy":10,"cityid":640,"townid":1381,"tokenid":"74448b8fb98bae38182ebfb46820bc4a","tokenurl":"/mcm/api/land?token=74448b8fb98bae38182ebfb46820bc4a","imageurl":"/mcm/images/land/2A/16214_561492ea6d0b.jpg","landname":"42"},{"id":281475018653739,"level":3,"status":0,"posx":28,"posy":11,"cityid":640,"townid":1381,"tokenid":"018f7ef2e56fa91b8a61b3aeb64f3f23","tokenurl":"/mcm/api/land?token=018f7ef2e56fa91b8a61b3aeb64f3f23","imageurl":"/mcm/images/land/2B/27017_4998b58d8fe9.jpg","landname":"43"},{"id":281475018653740,"level":3,"status":0,"posx":29,"posy":11,"cityid":640,"townid":1381,"tokenid":"3ef92351b29f7e56405e124dc5e55a1a","tokenurl":"/mcm/api/land?token=3ef92351b29f7e56405e124dc5e55a1a","imageurl":"/mcm/images/land/2B/27018_3042ff8908b6.jpg","landname":"44"},{"id":281475018653741,"level":3,"status":1,"posx":32,"posy":11,"cityid":640,"townid":1381,"tokenid":"b5201ea01a5aa7ceb56425c6c142bed2","tokenurl":"/mcm/api/land?token=b5201ea01a5aa7ceb56425c6c142bed2","imageurl":"/mcm/images/land/2B/27019_2e9c64da87a7.jpg","landname":"45"},{"id":281475018653742,"level":1,"status":1,"posx":33,"posy":11,"cityid":640,"townid":1381,"tokenid":"9ec9c13679ce6074c0629c5033a767cf","tokenurl":"/mcm/api/land?token=9ec9c13679ce6074c0629c5033a767cf","imageurl":"/mcm/images/land/2S/10816_1ed3514e0f05.jpg","landname":"46"},{"id":281475018653743,"level":3,"status":0,"posx":28,"posy":12,"cityid":640,"townid":1381,"tokenid":"b1e966f890903bb92ee585a5a9a47c62","tokenurl":"/mcm/api/land?token=b1e966f890903bb92ee585a5a9a47c62","imageurl":"/mcm/images/land/2B/27020_412d88f28f9b.jpg","landname":"47"},{"id":281475018653744,"level":2,"status":1,"posx":29,"posy":12,"cityid":640,"townid":1381,"tokenid":"09adf527ee6c7cf036980b262eaec9de","tokenurl":"/mcm/api/land?token=09adf527ee6c7cf036980b262eaec9de","imageurl":"/mcm/images/land/2A/16215_5a47976e4360.jpg","landname":"48"},{"id":281475018653745,"level":2,"status":1,"posx":32,"posy":12,"cityid":640,"townid":1381,"tokenid":"52b80785bd7b6daa3db6a0241e11b4a8","tokenurl":"/mcm/api/land?token=52b80785bd7b6daa3db6a0241e11b4a8","imageurl":"/mcm/images/land/2A/16216_2f0418aab4be.jpg","landname":"49"},{"id":281475018653746,"level":3,"status":0,"posx":33,"posy":12,"cityid":640,"townid":1381,"tokenid":"80e8fa97a9f4c9ebc41fe6ae4f28b58c","tokenurl":"/mcm/api/land?token=80e8fa97a9f4c9ebc41fe6ae4f28b58c","imageurl":"/mcm/images/land/2B/27021_3c4c40950aac.jpg","landname":"50"},{"id":281475018653747,"level":3,"status":0,"posx":23,"posy":14,"cityid":640,"townid":1381,"tokenid":"161edd71da1e89eff2c9b31f3292f801","tokenurl":"/mcm/api/land?token=161edd71da1e89eff2c9b31f3292f801","imageurl":"/mcm/images/land/2B/27022_5a8952fb7572.jpg","landname":"51"},{"id":281475018653748,"level":3,"status":0,"posx":24,"posy":14,"cityid":640,"townid":1381,"tokenid":"46b198a97c91c275f75e131f289d9619","tokenurl":"/mcm/api/land?token=46b198a97c91c275f75e131f289d9619","imageurl":"/mcm/images/land/2B/27023_1f909aac51f.jpg","landname":"52"},{"id":281475018653749,"level":3,"status":0,"posx":23,"posy":15,"cityid":640,"townid":1381,"tokenid":"ac15b48d31c3127ad249553f9f324089","tokenurl":"/mcm/api/land?token=ac15b48d31c3127ad249553f9f324089","imageurl":"/mcm/images/land/2B/27024_515600044a28.jpg","landname":"53"},{"id":281475018653750,"level":3,"status":0,"posx":24,"posy":15,"cityid":640,"townid":1381,"tokenid":"3ca833daa3183b7de3b34e8ee2bbf20c","tokenurl":"/mcm/api/land?token=3ca833daa3183b7de3b34e8ee2bbf20c","imageurl":"/mcm/images/land/2B/27025_4eb870b5b545.jpg","landname":"54"},{"id":281475018653751,"level":1,"status":0,"posx":33,"posy":15,"cityid":640,"townid":1381,"tokenid":"f2dd771ea73c1f9a5b1147c475193085","tokenurl":"/mcm/api/land?token=f2dd771ea73c1f9a5b1147c475193085","imageurl":"/mcm/images/land/2S/10817_379ae86b055b.jpg","landname":"55"},{"id":281475018653752,"level":2,"status":1,"posx":34,"posy":15,"cityid":640,"townid":1381,"tokenid":"0f708b30d48bbf82c21f4f705e101e23","tokenurl":"/mcm/api/land?token=0f708b30d48bbf82c21f4f705e101e23","imageurl":"/mcm/images/land/2A/16217_3c289c6b4172.jpg","landname":"56"},{"id":281475018653753,"level":3,"status":0,"posx":11,"posy":16,"cityid":640,"townid":1381,"tokenid":"9220830cfc6a1c5a02c1318f4c86e197","tokenurl":"/mcm/api/land?token=9220830cfc6a1c5a02c1318f4c86e197","imageurl":"/mcm/images/land/2B/27026_461e4b4bc6a7.jpg","landname":"57"},{"id":281475018653754,"level":3,"status":0,"posx":12,"posy":16,"cityid":640,"townid":1381,"tokenid":"8d4bdff101c1f24d503cf31488db6ae0","tokenurl":"/mcm/api/land?token=8d4bdff101c1f24d503cf31488db6ae0","imageurl":"/mcm/images/land/2B/27027_159cf026528a.jpg","landname":"58"},{"id":281475018653755,"level":2,"status":1,"posx":23,"posy":16,"cityid":640,"townid":1381,"tokenid":"221443e635631b9143f06930204953b1","tokenurl":"/mcm/api/land?token=221443e635631b9143f06930204953b1","imageurl":"/mcm/images/land/2A/16218_7e3addbc835.jpg","landname":"59"},{"id":281475018653756,"level":3,"status":1,"posx":24,"posy":16,"cityid":640,"townid":1381,"tokenid":"8757ecc62effb917b29882ecfbb1b5bc","tokenurl":"/mcm/api/land?token=8757ecc62effb917b29882ecfbb1b5bc","imageurl":"/mcm/images/land/2B/27028_2ed30b37baca.jpg","landname":"60"},{"id":281475018653757,"level":3,"status":1,"posx":33,"posy":16,"cityid":640,"townid":1381,"tokenid":"5b3d6fd4f459d4919e335c304f3c5734","tokenurl":"/mcm/api/land?token=5b3d6fd4f459d4919e335c304f3c5734","imageurl":"/mcm/images/land/2B/27029_376c08aba73a.jpg","landname":"61"},{"id":281475018653758,"level":3,"status":0,"posx":34,"posy":16,"cityid":640,"townid":1381,"tokenid":"b6f2ee40ba3fa13d285f876fc559de72","tokenurl":"/mcm/api/land?token=b6f2ee40ba3fa13d285f876fc559de72","imageurl":"/mcm/images/land/2B/27030_56c8669d44c0.jpg","landname":"62"},{"id":281475018653759,"level":3,"status":0,"posx":11,"posy":17,"cityid":640,"townid":1381,"tokenid":"8270e38a70253f69d0778a651909c8b9","tokenurl":"/mcm/api/land?token=8270e38a70253f69d0778a651909c8b9","imageurl":"/mcm/images/land/2B/27031_2fb71b84c787.jpg","landname":"63"},{"id":281475018653760,"level":3,"status":0,"posx":12,"posy":17,"cityid":640,"townid":1381,"tokenid":"9c8bd4a9081c7cd48dec552323fde866","tokenurl":"/mcm/api/land?token=9c8bd4a9081c7cd48dec552323fde866","imageurl":"/mcm/images/land/2B/27032_1978eba36984.jpg","landname":"64"},{"id":281475018653761,"level":2,"status":1,"posx":23,"posy":17,"cityid":640,"townid":1381,"tokenid":"da635a9721afe977322b4bf6cd5b05df","tokenurl":"/mcm/api/land?token=da635a9721afe977322b4bf6cd5b05df","imageurl":"/mcm/images/land/2A/16219_2e4cb3847a5.jpg","landname":"65"},{"id":281475018653762,"level":1,"status":0,"posx":24,"posy":17,"cityid":640,"townid":1381,"tokenid":"5271f712039542def81d8c143eacbe41","tokenurl":"/mcm/api/land?token=5271f712039542def81d8c143eacbe41","imageurl":"/mcm/images/land/2S/10818_3fe96bd8c616.jpg","landname":"66"},{"id":281475018653763,"level":3,"status":1,"posx":33,"posy":17,"cityid":640,"townid":1381,"tokenid":"a2ff6dfb74ef474130149d533ecb34d2","tokenurl":"/mcm/api/land?token=a2ff6dfb74ef474130149d533ecb34d2","imageurl":"/mcm/images/land/2B/27033_b7eea323bb.jpg","landname":"67"},{"id":281475018653764,"level":2,"status":0,"posx":34,"posy":17,"cityid":640,"townid":1381,"tokenid":"8235e5395ffa51d57570569cb621947e","tokenurl":"/mcm/api/land?token=8235e5395ffa51d57570569cb621947e","imageurl":"/mcm/images/land/2A/16220_53d607bb1a42.jpg","landname":"68"},{"id":281475018653765,"level":2,"status":1,"posx":7,"posy":18,"cityid":640,"townid":1381,"tokenid":"1ba43ef79be25efbff5702b4a61137a0","tokenurl":"/mcm/api/land?token=1ba43ef79be25efbff5702b4a61137a0","imageurl":"/mcm/images/land/2A/16221_197fca5b4d3b.jpg","landname":"69"},{"id":281475018653766,"level":1,"status":0,"posx":8,"posy":18,"cityid":640,"townid":1381,"tokenid":"c2f05ca2b621f8b38f1d2983cb1296a3","tokenurl":"/mcm/api/land?token=c2f05ca2b621f8b38f1d2983cb1296a3","imageurl":"/mcm/images/land/2S/10819_303e180935be.jpg","landname":"70"},{"id":281475018653767,"level":3,"status":0,"posx":11,"posy":18,"cityid":640,"townid":1381,"tokenid":"99672c02ff1e1a39c595872da50c6759","tokenurl":"/mcm/api/land?token=99672c02ff1e1a39c595872da50c6759","imageurl":"/mcm/images/land/2B/27034_1d1f842d7763.jpg","landname":"71"},{"id":281475018653768,"level":3,"status":1,"posx":12,"posy":18,"cityid":640,"townid":1381,"tokenid":"ca6c61bd555f7c5fdbafc9f52eb1e32e","tokenurl":"/mcm/api/land?token=ca6c61bd555f7c5fdbafc9f52eb1e32e","imageurl":"/mcm/images/land/2B/27035_20572a3f17d7.jpg","landname":"72"},{"id":281475018653769,"level":1,"status":0,"posx":23,"posy":18,"cityid":640,"townid":1381,"tokenid":"db2fb917f8073cb5adcefbc70975bc4c","tokenurl":"/mcm/api/land?token=db2fb917f8073cb5adcefbc70975bc4c","imageurl":"/mcm/images/land/2S/10820_2ae27d159096.jpg","landname":"73"},{"id":281475018653770,"level":2,"status":1,"posx":24,"posy":18,"cityid":640,"townid":1381,"tokenid":"dbb7d7182f95e63dee0eba31d48291f3","tokenurl":"/mcm/api/land?token=dbb7d7182f95e63dee0eba31d48291f3","imageurl":"/mcm/images/land/2A/16222_4e4c2e32c4.jpg","landname":"74"},{"id":281475018653771,"level":1,"status":0,"posx":33,"posy":18,"cityid":640,"townid":1381,"tokenid":"5afe5b8bd5ae6ae5be9c60342db710d1","tokenurl":"/mcm/api/land?token=5afe5b8bd5ae6ae5be9c60342db710d1","imageurl":"/mcm/images/land/2S/10821_a51002fb94f.jpg","landname":"75"},{"id":281475018653772,"level":3,"status":0,"posx":34,"posy":18,"cityid":640,"townid":1381,"tokenid":"3397b69bb7ff967d37508385efd8eaf0","tokenurl":"/mcm/api/land?token=3397b69bb7ff967d37508385efd8eaf0","imageurl":"/mcm/images/land/2B/27036_4818e5ef0984.jpg","landname":"76"},{"id":281475018653773,"level":1,"status":1,"posx":7,"posy":19,"cityid":640,"townid":1381,"tokenid":"1dcc81da90578d1c5835d0868ccef5fc","tokenurl":"/mcm/api/land?token=1dcc81da90578d1c5835d0868ccef5fc","imageurl":"/mcm/images/land/2S/10822_1ef6c6cc940c.jpg","landname":"77"},{"id":281475018653774,"level":3,"status":1,"posx":8,"posy":19,"cityid":640,"townid":1381,"tokenid":"efa7bbc5161a54891dfbaf5abd644243","tokenurl":"/mcm/api/land?token=efa7bbc5161a54891dfbaf5abd644243","imageurl":"/mcm/images/land/2B/27037_22f55652c6b0.jpg","landname":"78"},{"id":281475018653775,"level":2,"status":1,"posx":11,"posy":19,"cityid":640,"townid":1381,"tokenid":"6bc0f7de2290495943c60a3e02a4c3b8","tokenurl":"/mcm/api/land?token=6bc0f7de2290495943c60a3e02a4c3b8","imageurl":"/mcm/images/land/2A/16223_351cf3c80573.jpg","landname":"79"},{"id":281475018653776,"level":2,"status":0,"posx":12,"posy":19,"cityid":640,"townid":1381,"tokenid":"0ed74ecf97a2aec4e5e2691acd81c478","tokenurl":"/mcm/api/land?token=0ed74ecf97a2aec4e5e2691acd81c478","imageurl":"/mcm/images/land/2A/16224_16844536d769.jpg","landname":"80"},{"id":281475018653777,"level":1,"status":1,"posx":33,"posy":19,"cityid":640,"townid":1381,"tokenid":"4621b5e0fc70ed5c265553097c772f00","tokenurl":"/mcm/api/land?token=4621b5e0fc70ed5c265553097c772f00","imageurl":"/mcm/images/land/2S/10823_57e6ff0c91de.jpg","landname":"81"},{"id":281475018653778,"level":1,"status":1,"posx":34,"posy":19,"cityid":640,"townid":1381,"tokenid":"9cd7aa49df4bf94da770f4945be4716d","tokenurl":"/mcm/api/land?token=9cd7aa49df4bf94da770f4945be4716d","imageurl":"/mcm/images/land/2S/10824_4874f410881d.jpg","landname":"82"},{"id":281475018653779,"level":3,"status":0,"posx":7,"posy":20,"cityid":640,"townid":1381,"tokenid":"139042be6ff9b7b3fc6e04265dd51955","tokenurl":"/mcm/api/land?token=139042be6ff9b7b3fc6e04265dd51955","imageurl":"/mcm/images/land/2B/27038_1ff2ac39c9c5.jpg","landname":"83"},{"id":281475018653780,"level":1,"status":1,"posx":8,"posy":20,"cityid":640,"townid":1381,"tokenid":"b1ed87c1fafa9ce9afbaa3dc3513554b","tokenurl":"/mcm/api/land?token=b1ed87c1fafa9ce9afbaa3dc3513554b","imageurl":"/mcm/images/land/2S/10825_4780dd9f56dd.jpg","landname":"84"},{"id":281475018653781,"level":3,"status":0,"posx":11,"posy":20,"cityid":640,"townid":1381,"tokenid":"a0bd0b49645893bba2d65aee49fc2d60","tokenurl":"/mcm/api/land?token=a0bd0b49645893bba2d65aee49fc2d60","imageurl":"/mcm/images/land/2B/27039_ef250ebea2e.jpg","landname":"85"},{"id":281475018653782,"level":3,"status":0,"posx":12,"posy":20,"cityid":640,"townid":1381,"tokenid":"367b62af84342424bd0652f07ab901da","tokenurl":"/mcm/api/land?token=367b62af84342424bd0652f07ab901da","imageurl":"/mcm/images/land/2B/27040_1be28fa30090.jpg","landname":"86"},{"id":281475018653783,"level":3,"status":1,"posx":7,"posy":21,"cityid":640,"townid":1381,"tokenid":"d85e460ea8a998f30af54cddad64555e","tokenurl":"/mcm/api/land?token=d85e460ea8a998f30af54cddad64555e","imageurl":"/mcm/images/land/2B/27041_2e0a9a1f443b.jpg","landname":"87"},{"id":281475018653784,"level":1,"status":0,"posx":8,"posy":21,"cityid":640,"townid":1381,"tokenid":"107244fcabf45906de218a060da59b52","tokenurl":"/mcm/api/land?token=107244fcabf45906de218a060da59b52","imageurl":"/mcm/images/land/2S/10826_1f2186ff74a3.jpg","landname":"88"},{"id":281475018653785,"level":2,"status":1,"posx":26,"posy":21,"cityid":640,"townid":1381,"tokenid":"8b0cf6a57032e199f2749a047e3bbc3a","tokenurl":"/mcm/api/land?token=8b0cf6a57032e199f2749a047e3bbc3a","imageurl":"/mcm/images/land/2A/16225_5a53a41a57c4.jpg","landname":"89"},{"id":281475018653786,"level":3,"status":1,"posx":27,"posy":21,"cityid":640,"townid":1381,"tokenid":"323425147ab29ebcfdec1947b7851bc0","tokenurl":"/mcm/api/land?token=323425147ab29ebcfdec1947b7851bc0","imageurl":"/mcm/images/land/2B/27042_59385921ec2.jpg","landname":"90"},{"id":281475018653787,"level":3,"status":0,"posx":7,"posy":22,"cityid":640,"townid":1381,"tokenid":"48808c5a65f5b6fa45d882d936434717","tokenurl":"/mcm/api/land?token=48808c5a65f5b6fa45d882d936434717","imageurl":"/mcm/images/land/2B/27043_3b9086a01a52.jpg","landname":"91"},{"id":281475018653788,"level":2,"status":0,"posx":8,"posy":22,"cityid":640,"townid":1381,"tokenid":"cf2ef9119250f956ba6b59397acbf844","tokenurl":"/mcm/api/land?token=cf2ef9119250f956ba6b59397acbf844","imageurl":"/mcm/images/land/2A/16226_46b0a8f6ef5.jpg","landname":"92"},{"id":281475018653789,"level":3,"status":1,"posx":23,"posy":22,"cityid":640,"townid":1381,"tokenid":"9992e87ccb3f160c73361e566f2fd010","tokenurl":"/mcm/api/land?token=9992e87ccb3f160c73361e566f2fd010","imageurl":"/mcm/images/land/2B/27044_11673a170141.jpg","landname":"93"},{"id":281475018653790,"level":1,"status":1,"posx":24,"posy":22,"cityid":640,"townid":1381,"tokenid":"628da5429af10e4daf6264461a7acd4b","tokenurl":"/mcm/api/land?token=628da5429af10e4daf6264461a7acd4b","imageurl":"/mcm/images/land/2S/10827_20d9fc9f6bbd.jpg","landname":"94"},{"id":281475018653791,"level":3,"status":0,"posx":26,"posy":22,"cityid":640,"townid":1381,"tokenid":"3a076f7df3a21ada8c1150e0656c122b","tokenurl":"/mcm/api/land?token=3a076f7df3a21ada8c1150e0656c122b","imageurl":"/mcm/images/land/2B/27045_3c7f943edbe3.jpg","landname":"95"},{"id":281475018653792,"level":2,"status":1,"posx":27,"posy":22,"cityid":640,"townid":1381,"tokenid":"9da7d026706bfd20e1d467b71b3ec8f7","tokenurl":"/mcm/api/land?token=9da7d026706bfd20e1d467b71b3ec8f7","imageurl":"/mcm/images/land/2A/16227_179433cc445c.jpg","landname":"96"},{"id":281475018653793,"level":2,"status":0,"posx":33,"posy":22,"cityid":640,"townid":1381,"tokenid":"3dc8866262766626b33cf6ee78dd45bf","tokenurl":"/mcm/api/land?token=3dc8866262766626b33cf6ee78dd45bf","imageurl":"/mcm/images/land/2A/16228_13415a767f26.jpg","landname":"97"},{"id":281475018653794,"level":3,"status":1,"posx":34,"posy":22,"cityid":640,"townid":1381,"tokenid":"20cea7c5d6473a8230f9e28f6a674f8b","tokenurl":"/mcm/api/land?token=20cea7c5d6473a8230f9e28f6a674f8b","imageurl":"/mcm/images/land/2B/27046_4645900127d9.jpg","landname":"98"},{"id":281475018653795,"level":3,"status":1,"posx":23,"posy":23,"cityid":640,"townid":1381,"tokenid":"03aa0a4141edc55ac096c947355af707","tokenurl":"/mcm/api/land?token=03aa0a4141edc55ac096c947355af707","imageurl":"/mcm/images/land/2B/27047_47ab9f7abf7c.jpg","landname":"99"},{"id":281475018653796,"level":3,"status":1,"posx":24,"posy":23,"cityid":640,"townid":1381,"tokenid":"662ff7f92ac1236aa6b01a4919251179","tokenurl":"/mcm/api/land?token=662ff7f92ac1236aa6b01a4919251179","imageurl":"/mcm/images/land/2B/27048_5abb50a4db34.jpg","landname":"100"},{"id":281475018653797,"level":2,"status":0,"posx":26,"posy":23,"cityid":640,"townid":1381,"tokenid":"5f22d622714bae39dee5e5319ffdba05","tokenurl":"/mcm/api/land?token=5f22d622714bae39dee5e5319ffdba05","imageurl":"/mcm/images/land/2A/16229_31c35a86e0d0.jpg","landname":"101"},{"id":281475018653798,"level":3,"status":1,"posx":27,"posy":23,"cityid":640,"townid":1381,"tokenid":"fdaca06da6073b9f91e178d66b73972a","tokenurl":"/mcm/api/land?token=fdaca06da6073b9f91e178d66b73972a","imageurl":"/mcm/images/land/2B/27049_12c63bcb033f.jpg","landname":"102"},{"id":281475018653799,"level":3,"status":0,"posx":33,"posy":23,"cityid":640,"townid":1381,"tokenid":"9551c4c03a249f4e755b28fbc1fd4934","tokenurl":"/mcm/api/land?token=9551c4c03a249f4e755b28fbc1fd4934","imageurl":"/mcm/images/land/2B/27050_c2231956d99.jpg","landname":"103"},{"id":281475018653800,"level":2,"status":1,"posx":34,"posy":23,"cityid":640,"townid":1381,"tokenid":"aea4192f1564b8e49cca8cba2c36e654","tokenurl":"/mcm/api/land?token=aea4192f1564b8e49cca8cba2c36e654","imageurl":"/mcm/images/land/2A/16230_11ed4770aa2b.jpg","landname":"104"},{"id":281475018653801,"level":3,"status":1,"posx":23,"posy":24,"cityid":640,"townid":1381,"tokenid":"7d2d5064ddb044d4b55395986bae96de","tokenurl":"/mcm/api/land?token=7d2d5064ddb044d4b55395986bae96de","imageurl":"/mcm/images/land/2B/27051_1222ddacebdf.jpg","landname":"105"},{"id":281475018653802,"level":1,"status":0,"posx":24,"posy":24,"cityid":640,"townid":1381,"tokenid":"40715697ea1d32425abbd81c7970b0d1","tokenurl":"/mcm/api/land?token=40715697ea1d32425abbd81c7970b0d1","imageurl":"/mcm/images/land/2S/10828_41cd0fd72526.jpg","landname":"106"},{"id":281475018653803,"level":3,"status":1,"posx":26,"posy":24,"cityid":640,"townid":1381,"tokenid":"98b41dd3b39034c993f8184184830f5f","tokenurl":"/mcm/api/land?token=98b41dd3b39034c993f8184184830f5f","imageurl":"/mcm/images/land/2B/27052_562f983bd791.jpg","landname":"107"},{"id":281475018653804,"level":3,"status":1,"posx":27,"posy":24,"cityid":640,"townid":1381,"tokenid":"4830349ad1e5ed167c19da95ad1673bf","tokenurl":"/mcm/api/land?token=4830349ad1e5ed167c19da95ad1673bf","imageurl":"/mcm/images/land/2B/27053_39709324635f.jpg","landname":"108"},{"id":281475018653805,"level":3,"status":1,"posx":33,"posy":24,"cityid":640,"townid":1381,"tokenid":"7bb27f6bd0859836069fa3c36e225d39","tokenurl":"/mcm/api/land?token=7bb27f6bd0859836069fa3c36e225d39","imageurl":"/mcm/images/land/2B/27054_3130115b6e22.jpg","landname":"109"},{"id":281475018653806,"level":2,"status":1,"posx":34,"posy":24,"cityid":640,"townid":1381,"tokenid":"1ac7a3e6b7cb95936ee2fab99237bc5c","tokenurl":"/mcm/api/land?token=1ac7a3e6b7cb95936ee2fab99237bc5c","imageurl":"/mcm/images/land/2A/16231_270e0768911b.jpg","landname":"110"},{"id":281475018653807,"level":1,"status":0,"posx":23,"posy":25,"cityid":640,"townid":1381,"tokenid":"513bb68d385955cef981f12c9e36334c","tokenurl":"/mcm/api/land?token=513bb68d385955cef981f12c9e36334c","imageurl":"/mcm/images/land/2S/10829_40ae81df879c.jpg","landname":"111"},{"id":281475018653808,"level":3,"status":0,"posx":24,"posy":25,"cityid":640,"townid":1381,"tokenid":"496cb86065bc8bd0cdb108dcf343d5ce","tokenurl":"/mcm/api/land?token=496cb86065bc8bd0cdb108dcf343d5ce","imageurl":"/mcm/images/land/2B/27055_197dc0dd716b.jpg","landname":"112"},{"id":281475018653809,"level":3,"status":1,"posx":26,"posy":25,"cityid":640,"townid":1381,"tokenid":"292c90f57d081d91c2a9f141ce9b211c","tokenurl":"/mcm/api/land?token=292c90f57d081d91c2a9f141ce9b211c","imageurl":"/mcm/images/land/2B/27056_1ae51b53d8b6.jpg","landname":"113"},{"id":281475018653810,"level":2,"status":0,"posx":27,"posy":25,"cityid":640,"townid":1381,"tokenid":"b9f8db685784c0792425f8ee823221ad","tokenurl":"/mcm/api/land?token=b9f8db685784c0792425f8ee823221ad","imageurl":"/mcm/images/land/2A/16232_22f35e511588.jpg","landname":"114"},{"id":281475018653811,"level":3,"status":0,"posx":33,"posy":25,"cityid":640,"townid":1381,"tokenid":"993982c919ef8ceffc79f6bdb8a504fb","tokenurl":"/mcm/api/land?token=993982c919ef8ceffc79f6bdb8a504fb","imageurl":"/mcm/images/land/2B/27057_1bf4615d4b1b.jpg","landname":"115"},{"id":281475018653812,"level":3,"status":0,"posx":34,"posy":25,"cityid":640,"townid":1381,"tokenid":"a4bcadb8205014fdf1732c62b8d641f7","tokenurl":"/mcm/api/land?token=a4bcadb8205014fdf1732c62b8d641f7","imageurl":"/mcm/images/land/2B/27058_54ce808ce7ba.jpg","landname":"116"},{"id":281475018653813,"level":3,"status":1,"posx":23,"posy":26,"cityid":640,"townid":1381,"tokenid":"2585ea0810b5ebbbf39d289108258834","tokenurl":"/mcm/api/land?token=2585ea0810b5ebbbf39d289108258834","imageurl":"/mcm/images/land/2B/27059_15f3009e18a2.jpg","landname":"117"},{"id":281475018653814,"level":3,"status":1,"posx":24,"posy":26,"cityid":640,"townid":1381,"tokenid":"245e53685cd691a93adc5ed8a19f71ad","tokenurl":"/mcm/api/land?token=245e53685cd691a93adc5ed8a19f71ad","imageurl":"/mcm/images/land/2B/27060_40bdd84b99aa.jpg","landname":"118"},{"id":281475018653815,"level":2,"status":0,"posx":33,"posy":26,"cityid":640,"townid":1381,"tokenid":"abca942b5b8109ab68408b1039263cc1","tokenurl":"/mcm/api/land?token=abca942b5b8109ab68408b1039263cc1","imageurl":"/mcm/images/land/2A/16233_3abfb35e93f4.jpg","landname":"119"},{"id":281475018653816,"level":1,"status":0,"posx":34,"posy":26,"cityid":640,"townid":1381,"tokenid":"251bcd3cb9b49904a670d406b9e30965","tokenurl":"/mcm/api/land?token=251bcd3cb9b49904a670d406b9e30965","imageurl":"/mcm/images/land/2S/10830_55531a5cdd66.jpg","landname":"120"},{"id":281475018653817,"level":3,"status":1,"posx":31,"posy":27,"cityid":640,"townid":1381,"tokenid":"1568e61a4053db52344105796b8f33ed","tokenurl":"/mcm/api/land?token=1568e61a4053db52344105796b8f33ed","imageurl":"/mcm/images/land/2B/27061_4414b56c7c9b.jpg","landname":"121"},{"id":281475018653818,"level":3,"status":1,"posx":32,"posy":27,"cityid":640,"townid":1381,"tokenid":"43649ccbc0531879069ab54063c27716","tokenurl":"/mcm/api/land?token=43649ccbc0531879069ab54063c27716","imageurl":"/mcm/images/land/2B/27062_345f012368d7.jpg","landname":"122"},{"id":281475018653819,"level":2,"status":1,"posx":6,"posy":28,"cityid":640,"townid":1381,"tokenid":"eb797e1e0038cd3a1d39547e98d07094","tokenurl":"/mcm/api/land?token=eb797e1e0038cd3a1d39547e98d07094","imageurl":"/mcm/images/land/2A/16234_49091209e802.jpg","landname":"123"},{"id":281475018653820,"level":2,"status":1,"posx":7,"posy":28,"cityid":640,"townid":1381,"tokenid":"1fe8037050e92270cb52889bf07442aa","tokenurl":"/mcm/api/land?token=1fe8037050e92270cb52889bf07442aa","imageurl":"/mcm/images/land/2A/16235_20b75606395c.jpg","landname":"124"},{"id":281475018653821,"level":3,"status":1,"posx":9,"posy":28,"cityid":640,"townid":1381,"tokenid":"133bbed6434391616a10d4b0e4e8d206","tokenurl":"/mcm/api/land?token=133bbed6434391616a10d4b0e4e8d206","imageurl":"/mcm/images/land/2B/27063_32566c2de2b5.jpg","landname":"125"},{"id":281475018653822,"level":2,"status":1,"posx":10,"posy":28,"cityid":640,"townid":1381,"tokenid":"b9c5a5eef06a221d8f45ec9c40793afd","tokenurl":"/mcm/api/land?token=b9c5a5eef06a221d8f45ec9c40793afd","imageurl":"/mcm/images/land/2A/16236_56ab3f5d9ef5.jpg","landname":"126"},{"id":281475018653823,"level":3,"status":1,"posx":31,"posy":28,"cityid":640,"townid":1381,"tokenid":"60d92aecbd171c88afe88f97d7124ce2","tokenurl":"/mcm/api/land?token=60d92aecbd171c88afe88f97d7124ce2","imageurl":"/mcm/images/land/2B/27064_3610b08ec73c.jpg","landname":"127"},{"id":281475018653824,"level":3,"status":0,"posx":32,"posy":28,"cityid":640,"townid":1381,"tokenid":"c613f2d81b77bddbfd23cb79167bf768","tokenurl":"/mcm/api/land?token=c613f2d81b77bddbfd23cb79167bf768","imageurl":"/mcm/images/land/2B/27065_3b095e2ab3cb.jpg","landname":"128"},{"id":281475018653825,"level":3,"status":1,"posx":6,"posy":29,"cityid":640,"townid":1381,"tokenid":"ecaed0b85fd4f29f3fc1503dfe3ad2d7","tokenurl":"/mcm/api/land?token=ecaed0b85fd4f29f3fc1503dfe3ad2d7","imageurl":"/mcm/images/land/2B/27066_39d26afa06c4.jpg","landname":"129"},{"id":281475018653826,"level":2,"status":0,"posx":7,"posy":29,"cityid":640,"townid":1381,"tokenid":"d89c71586f7ed5dbe13546c0e102be23","tokenurl":"/mcm/api/land?token=d89c71586f7ed5dbe13546c0e102be23","imageurl":"/mcm/images/land/2A/16237_20f546b4dd04.jpg","landname":"130"},{"id":281475018653827,"level":2,"status":1,"posx":9,"posy":29,"cityid":640,"townid":1381,"tokenid":"c291312d0a67619396766652dce0795a","tokenurl":"/mcm/api/land?token=c291312d0a67619396766652dce0795a","imageurl":"/mcm/images/land/2A/16238_590149d3ca31.jpg","landname":"131"},{"id":281475018653828,"level":2,"status":0,"posx":10,"posy":29,"cityid":640,"townid":1381,"tokenid":"ba038a4214e5a322032c4c8a693d2987","tokenurl":"/mcm/api/land?token=ba038a4214e5a322032c4c8a693d2987","imageurl":"/mcm/images/land/2A/16239_21edd946ed7b.jpg","landname":"132"},{"id":281475018653829,"level":3,"status":1,"posx":31,"posy":29,"cityid":640,"townid":1381,"tokenid":"f18e094a3a2aae15cf11db7b7e1d41ad","tokenurl":"/mcm/api/land?token=f18e094a3a2aae15cf11db7b7e1d41ad","imageurl":"/mcm/images/land/2B/27067_396299da3253.jpg","landname":"133"},{"id":281475018653830,"level":2,"status":0,"posx":32,"posy":29,"cityid":640,"townid":1381,"tokenid":"813aa1e0309ca21f9335939785453915","tokenurl":"/mcm/api/land?token=813aa1e0309ca21f9335939785453915","imageurl":"/mcm/images/land/2A/16240_41e8873d20f9.jpg","landname":"134"},{"id":281475018653831,"level":3,"status":1,"posx":6,"posy":30,"cityid":640,"townid":1381,"tokenid":"426b5f9dbeccff26a32d743f114158e4","tokenurl":"/mcm/api/land?token=426b5f9dbeccff26a32d743f114158e4","imageurl":"/mcm/images/land/2B/27068_3c9357a1b8af.jpg","landname":"135"},{"id":281475018653832,"level":3,"status":0,"posx":7,"posy":30,"cityid":640,"townid":1381,"tokenid":"f637f87c4e28b115f7916d0594cecd36","tokenurl":"/mcm/api/land?token=f637f87c4e28b115f7916d0594cecd36","imageurl":"/mcm/images/land/2B/27069_14f547f9c035.jpg","landname":"136"},{"id":281475018653833,"level":2,"status":0,"posx":9,"posy":30,"cityid":640,"townid":1381,"tokenid":"7a82278c0a8bec276e0ebc9e8013cab1","tokenurl":"/mcm/api/land?token=7a82278c0a8bec276e0ebc9e8013cab1","imageurl":"/mcm/images/land/2A/16241_b0424935075.jpg","landname":"137"},{"id":281475018653834,"level":2,"status":0,"posx":10,"posy":30,"cityid":640,"townid":1381,"tokenid":"1c0901ed83f33178135db9c42dbc3d86","tokenurl":"/mcm/api/land?token=1c0901ed83f33178135db9c42dbc3d86","imageurl":"/mcm/images/land/2A/16242_4b147ce2db09.jpg","landname":"138"},{"id":281475018653835,"level":2,"status":0,"posx":31,"posy":30,"cityid":640,"townid":1381,"tokenid":"1306ee15177a7fffe054ddfefbacf2fa","tokenurl":"/mcm/api/land?token=1306ee15177a7fffe054ddfefbacf2fa","imageurl":"/mcm/images/land/2A/16243_2e4061c98c49.jpg","landname":"139"},{"id":281475018653836,"level":3,"status":1,"posx":32,"posy":30,"cityid":640,"townid":1381,"tokenid":"cfa2cfaba955faa6c8db6f49173b6353","tokenurl":"/mcm/api/land?token=cfa2cfaba955faa6c8db6f49173b6353","imageurl":"/mcm/images/land/2B/27070_513bc9ba8bbf.jpg","landname":"140"},{"id":281475018653837,"level":3,"status":1,"posx":6,"posy":31,"cityid":640,"townid":1381,"tokenid":"78ba7734f670b007361b3ba4f6ef0f66","tokenurl":"/mcm/api/land?token=78ba7734f670b007361b3ba4f6ef0f66","imageurl":"/mcm/images/land/2B/27071_2554e36f42a3.jpg","landname":"141"},{"id":281475018653838,"level":3,"status":1,"posx":7,"posy":31,"cityid":640,"townid":1381,"tokenid":"3fc9b4fd912951743be8a17f1c4dbfb5","tokenurl":"/mcm/api/land?token=3fc9b4fd912951743be8a17f1c4dbfb5","imageurl":"/mcm/images/land/2B/27072_1a442368fe8b.jpg","landname":"142"},{"id":281475018653839,"level":1,"status":0,"posx":9,"posy":31,"cityid":640,"townid":1381,"tokenid":"ef7eeab78f5e9336f6014d37648d4ee4","tokenurl":"/mcm/api/land?token=ef7eeab78f5e9336f6014d37648d4ee4","imageurl":"/mcm/images/land/2S/10831_43dd9a57e84.jpg","landname":"143"},{"id":281475018653840,"level":2,"status":1,"posx":10,"posy":31,"cityid":640,"townid":1381,"tokenid":"d22c1613c71ce665f5db83094a5675e4","tokenurl":"/mcm/api/land?token=d22c1613c71ce665f5db83094a5675e4","imageurl":"/mcm/images/land/2A/16244_12073faf6355.jpg","landname":"144"},{"id":281475018653841,"level":3,"status":0,"posx":31,"posy":31,"cityid":640,"townid":1381,"tokenid":"eb599e7a50c53827626a2863d2566c09","tokenurl":"/mcm/api/land?token=eb599e7a50c53827626a2863d2566c09","imageurl":"/mcm/images/land/2B/27073_390f295490a6.jpg","landname":"145"},{"id":281475018653842,"level":2,"status":0,"posx":32,"posy":31,"cityid":640,"townid":1381,"tokenid":"1039dbe6583f10cb4099f94320c7f54c","tokenurl":"/mcm/api/land?token=1039dbe6583f10cb4099f94320c7f54c","imageurl":"/mcm/images/land/2A/16245_4aae0585f1bf.jpg","landname":"146"},{"id":281475018653843,"level":3,"status":1,"posx":6,"posy":32,"cityid":640,"townid":1381,"tokenid":"c3d981ddd22e004136ab746a4f9c0711","tokenurl":"/mcm/api/land?token=c3d981ddd22e004136ab746a4f9c0711","imageurl":"/mcm/images/land/2B/27074_289e051d052f.jpg","landname":"147"},{"id":281475018653844,"level":2,"status":0,"posx":7,"posy":32,"cityid":640,"townid":1381,"tokenid":"e7decf0e37a2c89b7d62858548c5026e","tokenurl":"/mcm/api/land?token=e7decf0e37a2c89b7d62858548c5026e","imageurl":"/mcm/images/land/2A/16246_1ee396af73f6.jpg","landname":"148"},{"id":281475018653845,"level":3,"status":1,"posx":9,"posy":32,"cityid":640,"townid":1381,"tokenid":"d4481bf86bd29d7aa86333420695bdda","tokenurl":"/mcm/api/land?token=d4481bf86bd29d7aa86333420695bdda","imageurl":"/mcm/images/land/2B/27075_2e74e56e1ab2.jpg","landname":"149"},{"id":281475018653846,"level":3,"status":1,"posx":10,"posy":32,"cityid":640,"townid":1381,"tokenid":"f2e6718e1a340451172a168714531a0a","tokenurl":"/mcm/api/land?token=f2e6718e1a340451172a168714531a0a","imageurl":"/mcm/images/land/2B/27076_4ec058fd06b8.jpg","landname":"150"}]]],0,0,[],[],[]]
