[1,0,0,[["cc.JsonAsset",["_name","json"],1]],[[0,0,1,3]],[[0,"594",[{"id":281474993684631,"level":2,"status":0,"posx":7,"posy":5,"cityid":259,"townid":594,"tokenid":"4f43416672146a9bd2765441a22416ee","tokenurl":"/mcm/api/land?token=4f43416672146a9bd2765441a22416ee","imageurl":"/mcm/images/land/2A/1487_1662c753fef3.jpg","landname":"1"},{"id":281474993684632,"level":1,"status":1,"posx":8,"posy":5,"cityid":259,"townid":594,"tokenid":"a6e3de16158d1c564b0dc953ff29effa","tokenurl":"/mcm/api/land?token=a6e3de16158d1c564b0dc953ff29effa","imageurl":"/mcm/images/land/2S/992_9c23e544239.jpg","landname":"2"},{"id":281474993684633,"level":1,"status":0,"posx":16,"posy":5,"cityid":259,"townid":594,"tokenid":"1c2a0355c0402b95b6d3dcd63f9f7bcf","tokenurl":"/mcm/api/land?token=1c2a0355c0402b95b6d3dcd63f9f7bcf","imageurl":"/mcm/images/land/2S/993_1173fb57a31b.jpg","landname":"3"},{"id":281474993684634,"level":3,"status":0,"posx":17,"posy":5,"cityid":259,"townid":594,"tokenid":"7b5b82415a005cf243f19f3be4c525de","tokenurl":"/mcm/api/land?token=7b5b82415a005cf243f19f3be4c525de","imageurl":"/mcm/images/land/2B/2477_54ff08bff361.jpg","landname":"4"},{"id":281474993684635,"level":3,"status":1,"posx":20,"posy":5,"cityid":259,"townid":594,"tokenid":"33745bf187a6f28f1721cb831e9cef5b","tokenurl":"/mcm/api/land?token=33745bf187a6f28f1721cb831e9cef5b","imageurl":"/mcm/images/land/2B/2478_55f7db80f66b.jpg","landname":"5"},{"id":281474993684636,"level":2,"status":1,"posx":21,"posy":5,"cityid":259,"townid":594,"tokenid":"4ebe9c0ebbc794e0f290d42242ad7110","tokenurl":"/mcm/api/land?token=4ebe9c0ebbc794e0f290d42242ad7110","imageurl":"/mcm/images/land/2A/1488_59ac6e51d8a3.jpg","landname":"6"},{"id":281474993684637,"level":2,"status":0,"posx":7,"posy":6,"cityid":259,"townid":594,"tokenid":"91beb063d4501873bcd418487cd7525c","tokenurl":"/mcm/api/land?token=91beb063d4501873bcd418487cd7525c","imageurl":"/mcm/images/land/2A/1489_1cc601600283.jpg","landname":"7"},{"id":281474993684638,"level":1,"status":1,"posx":8,"posy":6,"cityid":259,"townid":594,"tokenid":"ac18e684c5ce842ba329f85f8d800944","tokenurl":"/mcm/api/land?token=ac18e684c5ce842ba329f85f8d800944","imageurl":"/mcm/images/land/2S/994_5aac796049a8.jpg","landname":"8"},{"id":281474993684639,"level":3,"status":0,"posx":16,"posy":6,"cityid":259,"townid":594,"tokenid":"364db170337241092a05fa8a1ec90597","tokenurl":"/mcm/api/land?token=364db170337241092a05fa8a1ec90597","imageurl":"/mcm/images/land/2B/2479_124231e32971.jpg","landname":"9"},{"id":281474993684640,"level":2,"status":1,"posx":17,"posy":6,"cityid":259,"townid":594,"tokenid":"0fbe915523f31d2a600d1a9858a0dfd8","tokenurl":"/mcm/api/land?token=0fbe915523f31d2a600d1a9858a0dfd8","imageurl":"/mcm/images/land/2A/1490_508a358c4795.jpg","landname":"10"},{"id":281474993684641,"level":2,"status":0,"posx":20,"posy":6,"cityid":259,"townid":594,"tokenid":"b992bd1c57ac650526fc4b766a82a940","tokenurl":"/mcm/api/land?token=b992bd1c57ac650526fc4b766a82a940","imageurl":"/mcm/images/land/2A/1491_2e2ec7bb413b.jpg","landname":"11"},{"id":281474993684642,"level":2,"status":0,"posx":21,"posy":6,"cityid":259,"townid":594,"tokenid":"2670078cfb3c76abf82eb77b2b46cbfd","tokenurl":"/mcm/api/land?token=2670078cfb3c76abf82eb77b2b46cbfd","imageurl":"/mcm/images/land/2A/1492_2f7eb5e080d5.jpg","landname":"12"},{"id":281474993684643,"level":3,"status":0,"posx":7,"posy":7,"cityid":259,"townid":594,"tokenid":"19684b9ee0a1e52ee3f596437da166e5","tokenurl":"/mcm/api/land?token=19684b9ee0a1e52ee3f596437da166e5","imageurl":"/mcm/images/land/2B/2480_23a461732c7c.jpg","landname":"13"},{"id":281474993684644,"level":3,"status":1,"posx":8,"posy":7,"cityid":259,"townid":594,"tokenid":"4e46e121b519f4587b1dca68579472de","tokenurl":"/mcm/api/land?token=4e46e121b519f4587b1dca68579472de","imageurl":"/mcm/images/land/2B/2481_389b341a1bbc.jpg","landname":"14"},{"id":281474993684645,"level":1,"status":0,"posx":16,"posy":7,"cityid":259,"townid":594,"tokenid":"73aa1f4e17bfdfb744e1ab5a9a9bbeec","tokenurl":"/mcm/api/land?token=73aa1f4e17bfdfb744e1ab5a9a9bbeec","imageurl":"/mcm/images/land/2S/995_946eb40a4a5.jpg","landname":"15"},{"id":281474993684646,"level":2,"status":1,"posx":17,"posy":7,"cityid":259,"townid":594,"tokenid":"5c879edc47dd80a32342523aa7819b8b","tokenurl":"/mcm/api/land?token=5c879edc47dd80a32342523aa7819b8b","imageurl":"/mcm/images/land/2A/1493_195bbc33d92e.jpg","landname":"16"},{"id":281474993684647,"level":3,"status":1,"posx":20,"posy":7,"cityid":259,"townid":594,"tokenid":"cab0808c64a20b16ed6998f1d53ced44","tokenurl":"/mcm/api/land?token=cab0808c64a20b16ed6998f1d53ced44","imageurl":"/mcm/images/land/2B/2482_58e6ae59ea02.jpg","landname":"17"},{"id":281474993684648,"level":3,"status":1,"posx":21,"posy":7,"cityid":259,"townid":594,"tokenid":"c2a4f7792d29ec4e04ae57fc324e8e8b","tokenurl":"/mcm/api/land?token=c2a4f7792d29ec4e04ae57fc324e8e8b","imageurl":"/mcm/images/land/2B/2483_3d0862242b84.jpg","landname":"18"},{"id":281474993684649,"level":3,"status":1,"posx":7,"posy":8,"cityid":259,"townid":594,"tokenid":"b256ad92b705e9516dcd16d926bb614e","tokenurl":"/mcm/api/land?token=b256ad92b705e9516dcd16d926bb614e","imageurl":"/mcm/images/land/2B/2484_4221a700fd64.jpg","landname":"19"},{"id":281474993684650,"level":3,"status":0,"posx":8,"posy":8,"cityid":259,"townid":594,"tokenid":"d4b109ee2ad3956ed2c6ed715217c38f","tokenurl":"/mcm/api/land?token=d4b109ee2ad3956ed2c6ed715217c38f","imageurl":"/mcm/images/land/2B/2485_246e207087b5.jpg","landname":"20"},{"id":281474993684651,"level":2,"status":1,"posx":16,"posy":8,"cityid":259,"townid":594,"tokenid":"87217309e47695cb4e4d1a85eba87374","tokenurl":"/mcm/api/land?token=87217309e47695cb4e4d1a85eba87374","imageurl":"/mcm/images/land/2A/1494_144dc57c676e.jpg","landname":"21"},{"id":281474993684652,"level":2,"status":0,"posx":17,"posy":8,"cityid":259,"townid":594,"tokenid":"a747a831f45776884637a0d6f75d54f2","tokenurl":"/mcm/api/land?token=a747a831f45776884637a0d6f75d54f2","imageurl":"/mcm/images/land/2A/1495_4b16df3fbb2b.jpg","landname":"22"},{"id":281474993684653,"level":1,"status":0,"posx":20,"posy":8,"cityid":259,"townid":594,"tokenid":"f62d1996e6ebda41ca6ffeaad0eccd5d","tokenurl":"/mcm/api/land?token=f62d1996e6ebda41ca6ffeaad0eccd5d","imageurl":"/mcm/images/land/2S/996_5a0e708af90b.jpg","landname":"23"},{"id":281474993684654,"level":3,"status":0,"posx":21,"posy":8,"cityid":259,"townid":594,"tokenid":"c385df67132c1e4624443fc7687ccbfa","tokenurl":"/mcm/api/land?token=c385df67132c1e4624443fc7687ccbfa","imageurl":"/mcm/images/land/2B/2486_229aadc846e2.jpg","landname":"24"},{"id":281474993684655,"level":3,"status":0,"posx":28,"posy":8,"cityid":259,"townid":594,"tokenid":"57958f943a3823342d4c41d2de85b9ef","tokenurl":"/mcm/api/land?token=57958f943a3823342d4c41d2de85b9ef","imageurl":"/mcm/images/land/2B/2487_3afbde203b11.jpg","landname":"25"},{"id":281474993684656,"level":3,"status":0,"posx":29,"posy":8,"cityid":259,"townid":594,"tokenid":"a4d05a41ea5faa829953acb8d420606a","tokenurl":"/mcm/api/land?token=a4d05a41ea5faa829953acb8d420606a","imageurl":"/mcm/images/land/2B/2488_537b60db3cf3.jpg","landname":"26"},{"id":281474993684657,"level":3,"status":1,"posx":32,"posy":8,"cityid":259,"townid":594,"tokenid":"3b98b740c2da44e0f92863899ba8f7da","tokenurl":"/mcm/api/land?token=3b98b740c2da44e0f92863899ba8f7da","imageurl":"/mcm/images/land/2B/2489_24f48793f3e.jpg","landname":"27"},{"id":281474993684658,"level":3,"status":1,"posx":33,"posy":8,"cityid":259,"townid":594,"tokenid":"3419e84026d9255effdf93e3c8913485","tokenurl":"/mcm/api/land?token=3419e84026d9255effdf93e3c8913485","imageurl":"/mcm/images/land/2B/2490_1f81842db0db.jpg","landname":"28"},{"id":281474993684659,"level":3,"status":1,"posx":7,"posy":9,"cityid":259,"townid":594,"tokenid":"b06949b3e03c283344cbde8d3e5907c5","tokenurl":"/mcm/api/land?token=b06949b3e03c283344cbde8d3e5907c5","imageurl":"/mcm/images/land/2B/2491_2699ff9a09cb.jpg","landname":"29"},{"id":281474993684660,"level":2,"status":1,"posx":8,"posy":9,"cityid":259,"townid":594,"tokenid":"675a8df2d382c54fddbeeb74e6da1c12","tokenurl":"/mcm/api/land?token=675a8df2d382c54fddbeeb74e6da1c12","imageurl":"/mcm/images/land/2A/1496_41436ed71ace.jpg","landname":"30"},{"id":281474993684661,"level":1,"status":0,"posx":16,"posy":9,"cityid":259,"townid":594,"tokenid":"7e9c7a1524f7d698ebe61488bdd042ee","tokenurl":"/mcm/api/land?token=7e9c7a1524f7d698ebe61488bdd042ee","imageurl":"/mcm/images/land/2S/997_2b8d4e3cdb55.jpg","landname":"31"},{"id":281474993684662,"level":2,"status":1,"posx":17,"posy":9,"cityid":259,"townid":594,"tokenid":"23a01cb4f4a6609d4557dfc657fdb34b","tokenurl":"/mcm/api/land?token=23a01cb4f4a6609d4557dfc657fdb34b","imageurl":"/mcm/images/land/2A/1497_3e8224995917.jpg","landname":"32"},{"id":281474993684663,"level":3,"status":0,"posx":20,"posy":9,"cityid":259,"townid":594,"tokenid":"37a8ddd084042d24db98268946320f4d","tokenurl":"/mcm/api/land?token=37a8ddd084042d24db98268946320f4d","imageurl":"/mcm/images/land/2B/2492_ec603525d12.jpg","landname":"33"},{"id":281474993684664,"level":1,"status":1,"posx":21,"posy":9,"cityid":259,"townid":594,"tokenid":"d8def688622d751e6c99f4d0e634fbba","tokenurl":"/mcm/api/land?token=d8def688622d751e6c99f4d0e634fbba","imageurl":"/mcm/images/land/2S/998_52d2c46cc84a.jpg","landname":"34"},{"id":281474993684665,"level":2,"status":0,"posx":28,"posy":9,"cityid":259,"townid":594,"tokenid":"ec6eb46ec13e77285e22a44523efbb0e","tokenurl":"/mcm/api/land?token=ec6eb46ec13e77285e22a44523efbb0e","imageurl":"/mcm/images/land/2A/1498_383efab68213.jpg","landname":"35"},{"id":281474993684666,"level":3,"status":0,"posx":29,"posy":9,"cityid":259,"townid":594,"tokenid":"58c4e77c15002b0eb0e4be85abdf638f","tokenurl":"/mcm/api/land?token=58c4e77c15002b0eb0e4be85abdf638f","imageurl":"/mcm/images/land/2B/2493_1a459d330eda.jpg","landname":"36"},{"id":281474993684667,"level":3,"status":1,"posx":32,"posy":9,"cityid":259,"townid":594,"tokenid":"452a94aeed2fb88a0dad9e249e3c230a","tokenurl":"/mcm/api/land?token=452a94aeed2fb88a0dad9e249e3c230a","imageurl":"/mcm/images/land/2B/2494_2b6356ab5eb2.jpg","landname":"37"},{"id":281474993684668,"level":1,"status":1,"posx":33,"posy":9,"cityid":259,"townid":594,"tokenid":"6ff8e39b0c0b3660f756aae0c569c011","tokenurl":"/mcm/api/land?token=6ff8e39b0c0b3660f756aae0c569c011","imageurl":"/mcm/images/land/2S/999_5311a2378187.jpg","landname":"38"},{"id":281474993684669,"level":3,"status":0,"posx":28,"posy":10,"cityid":259,"townid":594,"tokenid":"56dbb3afe22a4c2dc5937649c4a6f19f","tokenurl":"/mcm/api/land?token=56dbb3afe22a4c2dc5937649c4a6f19f","imageurl":"/mcm/images/land/2B/2495_3922d05c2007.jpg","landname":"39"},{"id":281474993684670,"level":2,"status":0,"posx":29,"posy":10,"cityid":259,"townid":594,"tokenid":"dc5d7a2b626e5cd96d33a74f13e2435f","tokenurl":"/mcm/api/land?token=dc5d7a2b626e5cd96d33a74f13e2435f","imageurl":"/mcm/images/land/2A/1499_4f6013ac8290.jpg","landname":"40"},{"id":281474993684671,"level":3,"status":0,"posx":32,"posy":10,"cityid":259,"townid":594,"tokenid":"06bf66b5430aa8820fe607c8b5d04149","tokenurl":"/mcm/api/land?token=06bf66b5430aa8820fe607c8b5d04149","imageurl":"/mcm/images/land/2B/2496_c3e31e041ea.jpg","landname":"41"},{"id":281474993684672,"level":3,"status":0,"posx":33,"posy":10,"cityid":259,"townid":594,"tokenid":"dab830f562a0c78239ac10a02464d26f","tokenurl":"/mcm/api/land?token=dab830f562a0c78239ac10a02464d26f","imageurl":"/mcm/images/land/2B/2497_28349a18a833.jpg","landname":"42"},{"id":281474993684673,"level":3,"status":0,"posx":28,"posy":11,"cityid":259,"townid":594,"tokenid":"74b8b49fa0bd6b74c9ba7c2708cb78c5","tokenurl":"/mcm/api/land?token=74b8b49fa0bd6b74c9ba7c2708cb78c5","imageurl":"/mcm/images/land/2B/2498_32b14eda2572.jpg","landname":"43"},{"id":281474993684674,"level":3,"status":1,"posx":29,"posy":11,"cityid":259,"townid":594,"tokenid":"91da397b03756634fe69b11ce9b756ed","tokenurl":"/mcm/api/land?token=91da397b03756634fe69b11ce9b756ed","imageurl":"/mcm/images/land/2B/2499_10227b78efeb.jpg","landname":"44"},{"id":281474993684675,"level":1,"status":1,"posx":32,"posy":11,"cityid":259,"townid":594,"tokenid":"ddf2a12c410782aa327cac935fce2968","tokenurl":"/mcm/api/land?token=ddf2a12c410782aa327cac935fce2968","imageurl":"/mcm/images/land/2S/1000_14848a71e69e.jpg","landname":"45"},{"id":281474993684676,"level":1,"status":1,"posx":33,"posy":11,"cityid":259,"townid":594,"tokenid":"70484c91ed6a2d9a5deb849087d0aeec","tokenurl":"/mcm/api/land?token=70484c91ed6a2d9a5deb849087d0aeec","imageurl":"/mcm/images/land/2S/1001_37ffa7deae70.jpg","landname":"46"},{"id":281474993684677,"level":2,"status":0,"posx":28,"posy":12,"cityid":259,"townid":594,"tokenid":"d3bbf307806867e90214a9440d04c349","tokenurl":"/mcm/api/land?token=d3bbf307806867e90214a9440d04c349","imageurl":"/mcm/images/land/2A/1500_3787b57da150.jpg","landname":"47"},{"id":281474993684678,"level":2,"status":0,"posx":29,"posy":12,"cityid":259,"townid":594,"tokenid":"9d733cc9a026136171f5fa1f7045b822","tokenurl":"/mcm/api/land?token=9d733cc9a026136171f5fa1f7045b822","imageurl":"/mcm/images/land/2A/1501_1f654a9ea898.jpg","landname":"48"},{"id":281474993684679,"level":1,"status":1,"posx":32,"posy":12,"cityid":259,"townid":594,"tokenid":"72163bdc7ca9a16afe7774a3b913c793","tokenurl":"/mcm/api/land?token=72163bdc7ca9a16afe7774a3b913c793","imageurl":"/mcm/images/land/2S/1002_a096d95fd1e.jpg","landname":"49"},{"id":281474993684680,"level":3,"status":1,"posx":33,"posy":12,"cityid":259,"townid":594,"tokenid":"25e6227b035f9595f8aee15d63da2606","tokenurl":"/mcm/api/land?token=25e6227b035f9595f8aee15d63da2606","imageurl":"/mcm/images/land/2B/2500_620f565ff3b.jpg","landname":"50"},{"id":281474993684681,"level":3,"status":0,"posx":23,"posy":14,"cityid":259,"townid":594,"tokenid":"3ec3dc1b44a30b6717ee41c12404901c","tokenurl":"/mcm/api/land?token=3ec3dc1b44a30b6717ee41c12404901c","imageurl":"/mcm/images/land/2B/2501_3191fed621c9.jpg","landname":"51"},{"id":281474993684682,"level":2,"status":1,"posx":24,"posy":14,"cityid":259,"townid":594,"tokenid":"eddae6db6309cf1887812bb590ecb904","tokenurl":"/mcm/api/land?token=eddae6db6309cf1887812bb590ecb904","imageurl":"/mcm/images/land/2A/1502_5761fa5ba68b.jpg","landname":"52"},{"id":281474993684683,"level":3,"status":1,"posx":23,"posy":15,"cityid":259,"townid":594,"tokenid":"582132d04c0c75e0629a270897b49395","tokenurl":"/mcm/api/land?token=582132d04c0c75e0629a270897b49395","imageurl":"/mcm/images/land/2B/2502_404d2c802357.jpg","landname":"53"},{"id":281474993684684,"level":3,"status":1,"posx":24,"posy":15,"cityid":259,"townid":594,"tokenid":"cd4ad3d9a1d44a434b62d5630f55c4b4","tokenurl":"/mcm/api/land?token=cd4ad3d9a1d44a434b62d5630f55c4b4","imageurl":"/mcm/images/land/2B/2503_eec368211c9.jpg","landname":"54"},{"id":281474993684685,"level":1,"status":1,"posx":33,"posy":15,"cityid":259,"townid":594,"tokenid":"319138abe86bc4dfc21bf68d46fd07b7","tokenurl":"/mcm/api/land?token=319138abe86bc4dfc21bf68d46fd07b7","imageurl":"/mcm/images/land/2S/1003_2d198510aab7.jpg","landname":"55"},{"id":281474993684686,"level":2,"status":1,"posx":34,"posy":15,"cityid":259,"townid":594,"tokenid":"5c3157914b63a93acd31c67ad0e974ee","tokenurl":"/mcm/api/land?token=5c3157914b63a93acd31c67ad0e974ee","imageurl":"/mcm/images/land/2A/1503_191531df9b.jpg","landname":"56"},{"id":281474993684687,"level":3,"status":0,"posx":11,"posy":16,"cityid":259,"townid":594,"tokenid":"619c8e5f3935e466f641c80e5765c70c","tokenurl":"/mcm/api/land?token=619c8e5f3935e466f641c80e5765c70c","imageurl":"/mcm/images/land/2B/2504_4736da8c7d88.jpg","landname":"57"},{"id":281474993684688,"level":3,"status":0,"posx":12,"posy":16,"cityid":259,"townid":594,"tokenid":"601dd9e182a9d4d3d1e20c8cc3cf2222","tokenurl":"/mcm/api/land?token=601dd9e182a9d4d3d1e20c8cc3cf2222","imageurl":"/mcm/images/land/2B/2505_5a387229888f.jpg","landname":"58"},{"id":281474993684689,"level":2,"status":0,"posx":23,"posy":16,"cityid":259,"townid":594,"tokenid":"6fa93281bf70f685e6d7744248a58e40","tokenurl":"/mcm/api/land?token=6fa93281bf70f685e6d7744248a58e40","imageurl":"/mcm/images/land/2A/1504_2e23db763702.jpg","landname":"59"},{"id":281474993684690,"level":2,"status":1,"posx":24,"posy":16,"cityid":259,"townid":594,"tokenid":"9aade52bbf1b7d4b34b6458cf43e5ce7","tokenurl":"/mcm/api/land?token=9aade52bbf1b7d4b34b6458cf43e5ce7","imageurl":"/mcm/images/land/2A/1505_240dd1cd864.jpg","landname":"60"},{"id":281474993684691,"level":3,"status":1,"posx":33,"posy":16,"cityid":259,"townid":594,"tokenid":"add8142822cd2d311d23144816195e5e","tokenurl":"/mcm/api/land?token=add8142822cd2d311d23144816195e5e","imageurl":"/mcm/images/land/2B/2506_2ac066deef50.jpg","landname":"61"},{"id":281474993684692,"level":3,"status":1,"posx":34,"posy":16,"cityid":259,"townid":594,"tokenid":"61680726eb3606e05a4f391f22dcbd4b","tokenurl":"/mcm/api/land?token=61680726eb3606e05a4f391f22dcbd4b","imageurl":"/mcm/images/land/2B/2507_4896b290e081.jpg","landname":"62"},{"id":281474993684693,"level":1,"status":0,"posx":11,"posy":17,"cityid":259,"townid":594,"tokenid":"dd2f1bb7e67fbc25af0879f949c16496","tokenurl":"/mcm/api/land?token=dd2f1bb7e67fbc25af0879f949c16496","imageurl":"/mcm/images/land/2S/1004_1a47b72089a5.jpg","landname":"63"},{"id":281474993684694,"level":3,"status":1,"posx":12,"posy":17,"cityid":259,"townid":594,"tokenid":"ca7705ab69399820a626a93bb2769f68","tokenurl":"/mcm/api/land?token=ca7705ab69399820a626a93bb2769f68","imageurl":"/mcm/images/land/2B/2508_3639f831b613.jpg","landname":"64"},{"id":281474993684695,"level":3,"status":0,"posx":23,"posy":17,"cityid":259,"townid":594,"tokenid":"ad3343274d2d3d250f7d4b7cbd313a5e","tokenurl":"/mcm/api/land?token=ad3343274d2d3d250f7d4b7cbd313a5e","imageurl":"/mcm/images/land/2B/2509_55cc0a7eca21.jpg","landname":"65"},{"id":281474993684696,"level":2,"status":0,"posx":24,"posy":17,"cityid":259,"townid":594,"tokenid":"4bb084690053019414c49a3874ab847e","tokenurl":"/mcm/api/land?token=4bb084690053019414c49a3874ab847e","imageurl":"/mcm/images/land/2A/1506_534afb4affdc.jpg","landname":"66"},{"id":281474993684697,"level":3,"status":0,"posx":33,"posy":17,"cityid":259,"townid":594,"tokenid":"74513a5719ec69a3c43d8f412d92d47a","tokenurl":"/mcm/api/land?token=74513a5719ec69a3c43d8f412d92d47a","imageurl":"/mcm/images/land/2B/2510_27a064add2e0.jpg","landname":"67"},{"id":281474993684698,"level":3,"status":0,"posx":34,"posy":17,"cityid":259,"townid":594,"tokenid":"8af60460dd1718dc782aa2cb5dac8474","tokenurl":"/mcm/api/land?token=8af60460dd1718dc782aa2cb5dac8474","imageurl":"/mcm/images/land/2B/2511_57e359111203.jpg","landname":"68"},{"id":281474993684699,"level":2,"status":0,"posx":7,"posy":18,"cityid":259,"townid":594,"tokenid":"e606372481d97c48726546c130e6924f","tokenurl":"/mcm/api/land?token=e606372481d97c48726546c130e6924f","imageurl":"/mcm/images/land/2A/1507_4a350569cd3d.jpg","landname":"69"},{"id":281474993684700,"level":2,"status":0,"posx":8,"posy":18,"cityid":259,"townid":594,"tokenid":"816feee11661b8a47e162c3996bb2b57","tokenurl":"/mcm/api/land?token=816feee11661b8a47e162c3996bb2b57","imageurl":"/mcm/images/land/2A/1508_3389b7aa6d89.jpg","landname":"70"},{"id":281474993684701,"level":3,"status":1,"posx":11,"posy":18,"cityid":259,"townid":594,"tokenid":"9bd4f85e080a6340c8cc99b15e0ba8f0","tokenurl":"/mcm/api/land?token=9bd4f85e080a6340c8cc99b15e0ba8f0","imageurl":"/mcm/images/land/2B/2512_542b83877254.jpg","landname":"71"},{"id":281474993684702,"level":2,"status":1,"posx":12,"posy":18,"cityid":259,"townid":594,"tokenid":"cc3129f856084888bed24b854212a2d7","tokenurl":"/mcm/api/land?token=cc3129f856084888bed24b854212a2d7","imageurl":"/mcm/images/land/2A/1509_37c4680813ca.jpg","landname":"72"},{"id":281474993684703,"level":1,"status":1,"posx":23,"posy":18,"cityid":259,"townid":594,"tokenid":"27346528300e16e6a5067740d2b38b55","tokenurl":"/mcm/api/land?token=27346528300e16e6a5067740d2b38b55","imageurl":"/mcm/images/land/2S/1005_347018ffc03d.jpg","landname":"73"},{"id":281474993684704,"level":3,"status":0,"posx":24,"posy":18,"cityid":259,"townid":594,"tokenid":"6e0c26d9348b81685132368340f2947e","tokenurl":"/mcm/api/land?token=6e0c26d9348b81685132368340f2947e","imageurl":"/mcm/images/land/2B/2513_320d5dc83f25.jpg","landname":"74"},{"id":281474993684705,"level":3,"status":1,"posx":33,"posy":18,"cityid":259,"townid":594,"tokenid":"7df60bf34ee2ef14218b5fa6fe0f1f48","tokenurl":"/mcm/api/land?token=7df60bf34ee2ef14218b5fa6fe0f1f48","imageurl":"/mcm/images/land/2B/2514_1e93665a2db5.jpg","landname":"75"},{"id":281474993684706,"level":2,"status":0,"posx":34,"posy":18,"cityid":259,"townid":594,"tokenid":"99ee1568174136ad895dd3fef69de135","tokenurl":"/mcm/api/land?token=99ee1568174136ad895dd3fef69de135","imageurl":"/mcm/images/land/2A/1510_be1ac0bb2da.jpg","landname":"76"},{"id":281474993684707,"level":2,"status":1,"posx":7,"posy":19,"cityid":259,"townid":594,"tokenid":"a043435737627939cdf75454155b4f6b","tokenurl":"/mcm/api/land?token=a043435737627939cdf75454155b4f6b","imageurl":"/mcm/images/land/2A/1511_232686f3c8b2.jpg","landname":"77"},{"id":281474993684708,"level":3,"status":1,"posx":8,"posy":19,"cityid":259,"townid":594,"tokenid":"d84de92c5aea4a94e26816c9e80236f9","tokenurl":"/mcm/api/land?token=d84de92c5aea4a94e26816c9e80236f9","imageurl":"/mcm/images/land/2B/2515_5d4f372f4a5.jpg","landname":"78"},{"id":281474993684709,"level":1,"status":1,"posx":11,"posy":19,"cityid":259,"townid":594,"tokenid":"d675cb3c855cf9593f246ea2aac29043","tokenurl":"/mcm/api/land?token=d675cb3c855cf9593f246ea2aac29043","imageurl":"/mcm/images/land/2S/1006_54ecfcd5fab0.jpg","landname":"79"},{"id":281474993684710,"level":3,"status":1,"posx":12,"posy":19,"cityid":259,"townid":594,"tokenid":"9d27c7eedc4ff6af89ac86972cca646a","tokenurl":"/mcm/api/land?token=9d27c7eedc4ff6af89ac86972cca646a","imageurl":"/mcm/images/land/2B/2516_3b0ef23c70df.jpg","landname":"80"},{"id":281474993684711,"level":1,"status":1,"posx":33,"posy":19,"cityid":259,"townid":594,"tokenid":"78938b4e6d2a8b677e7847fc5896ef28","tokenurl":"/mcm/api/land?token=78938b4e6d2a8b677e7847fc5896ef28","imageurl":"/mcm/images/land/2S/1007_33f94dab85e0.jpg","landname":"81"},{"id":281474993684712,"level":3,"status":1,"posx":34,"posy":19,"cityid":259,"townid":594,"tokenid":"67fe27f1aa20646891df297bb5b53c56","tokenurl":"/mcm/api/land?token=67fe27f1aa20646891df297bb5b53c56","imageurl":"/mcm/images/land/2B/2517_2c8ded386ebb.jpg","landname":"82"},{"id":281474993684713,"level":2,"status":1,"posx":7,"posy":20,"cityid":259,"townid":594,"tokenid":"98a5b6d960b93e9acb97c8455c1d7878","tokenurl":"/mcm/api/land?token=98a5b6d960b93e9acb97c8455c1d7878","imageurl":"/mcm/images/land/2A/1512_4d19ab8dd0c6.jpg","landname":"83"},{"id":281474993684714,"level":1,"status":0,"posx":8,"posy":20,"cityid":259,"townid":594,"tokenid":"08d97144d5bfbf3034dff8e7a592100f","tokenurl":"/mcm/api/land?token=08d97144d5bfbf3034dff8e7a592100f","imageurl":"/mcm/images/land/2S/1008_2450339948b0.jpg","landname":"84"},{"id":281474993684715,"level":1,"status":0,"posx":11,"posy":20,"cityid":259,"townid":594,"tokenid":"576fc58a02faa2c299ff378b449cf960","tokenurl":"/mcm/api/land?token=576fc58a02faa2c299ff378b449cf960","imageurl":"/mcm/images/land/2S/1009_2dc5b3ab45f5.jpg","landname":"85"},{"id":281474993684716,"level":1,"status":1,"posx":12,"posy":20,"cityid":259,"townid":594,"tokenid":"44a97bbf71f9ffa10d2eb227c3526841","tokenurl":"/mcm/api/land?token=44a97bbf71f9ffa10d2eb227c3526841","imageurl":"/mcm/images/land/2S/1010_3640bdf291b5.jpg","landname":"86"},{"id":281474993684717,"level":3,"status":1,"posx":7,"posy":21,"cityid":259,"townid":594,"tokenid":"b607798a72f6c388ae2c37ba6d70bda7","tokenurl":"/mcm/api/land?token=b607798a72f6c388ae2c37ba6d70bda7","imageurl":"/mcm/images/land/2B/2518_279af80558b8.jpg","landname":"87"},{"id":281474993684718,"level":2,"status":1,"posx":8,"posy":21,"cityid":259,"townid":594,"tokenid":"0f4e1a1f9ca13206b227db01e2adb07e","tokenurl":"/mcm/api/land?token=0f4e1a1f9ca13206b227db01e2adb07e","imageurl":"/mcm/images/land/2A/1513_5918cfbbe7bd.jpg","landname":"88"},{"id":281474993684719,"level":3,"status":0,"posx":26,"posy":21,"cityid":259,"townid":594,"tokenid":"7d3796a301c1839da418a77a3f2909c3","tokenurl":"/mcm/api/land?token=7d3796a301c1839da418a77a3f2909c3","imageurl":"/mcm/images/land/2B/2519_46283709ef2a.jpg","landname":"89"},{"id":281474993684720,"level":3,"status":0,"posx":27,"posy":21,"cityid":259,"townid":594,"tokenid":"7bf2fe7c8e7e41ab2b43fe0a039c0b54","tokenurl":"/mcm/api/land?token=7bf2fe7c8e7e41ab2b43fe0a039c0b54","imageurl":"/mcm/images/land/2B/2520_7300893a600.jpg","landname":"90"},{"id":281474993684721,"level":3,"status":1,"posx":7,"posy":22,"cityid":259,"townid":594,"tokenid":"a81723bf8de33216088075c0c8acb46c","tokenurl":"/mcm/api/land?token=a81723bf8de33216088075c0c8acb46c","imageurl":"/mcm/images/land/2B/2521_a50a74f95d8.jpg","landname":"91"},{"id":281474993684722,"level":3,"status":0,"posx":8,"posy":22,"cityid":259,"townid":594,"tokenid":"5109a0f2003e33413aeefff55525049b","tokenurl":"/mcm/api/land?token=5109a0f2003e33413aeefff55525049b","imageurl":"/mcm/images/land/2B/2522_4af2c1a7b4d.jpg","landname":"92"},{"id":281474993684723,"level":3,"status":0,"posx":23,"posy":22,"cityid":259,"townid":594,"tokenid":"803844c64d0d7fb0b081e2abaeda4c9b","tokenurl":"/mcm/api/land?token=803844c64d0d7fb0b081e2abaeda4c9b","imageurl":"/mcm/images/land/2B/2523_19dd58a4b1e0.jpg","landname":"93"},{"id":281474993684724,"level":1,"status":0,"posx":24,"posy":22,"cityid":259,"townid":594,"tokenid":"0f81703cbd0d4a80d5e111aad9f30cd1","tokenurl":"/mcm/api/land?token=0f81703cbd0d4a80d5e111aad9f30cd1","imageurl":"/mcm/images/land/2S/1011_3bcd7b3468f3.jpg","landname":"94"},{"id":281474993684725,"level":1,"status":0,"posx":26,"posy":22,"cityid":259,"townid":594,"tokenid":"fe3ca58460e49dbff2801997ce9108bc","tokenurl":"/mcm/api/land?token=fe3ca58460e49dbff2801997ce9108bc","imageurl":"/mcm/images/land/2S/1012_5039ef31aae.jpg","landname":"95"},{"id":281474993684726,"level":3,"status":0,"posx":27,"posy":22,"cityid":259,"townid":594,"tokenid":"e2bf8e9a1243f9b4288bba78cbc82d02","tokenurl":"/mcm/api/land?token=e2bf8e9a1243f9b4288bba78cbc82d02","imageurl":"/mcm/images/land/2B/2524_1087c306b208.jpg","landname":"96"},{"id":281474993684727,"level":3,"status":0,"posx":33,"posy":22,"cityid":259,"townid":594,"tokenid":"d1a2a01c1f516fd83b4844c74b0a7262","tokenurl":"/mcm/api/land?token=d1a2a01c1f516fd83b4844c74b0a7262","imageurl":"/mcm/images/land/2B/2525_d23afa4401a.jpg","landname":"97"},{"id":281474993684728,"level":2,"status":0,"posx":34,"posy":22,"cityid":259,"townid":594,"tokenid":"fedf64919f470ad7a8bf752714e7819f","tokenurl":"/mcm/api/land?token=fedf64919f470ad7a8bf752714e7819f","imageurl":"/mcm/images/land/2A/1514_1075a687a50f.jpg","landname":"98"},{"id":281474993684729,"level":3,"status":0,"posx":23,"posy":23,"cityid":259,"townid":594,"tokenid":"1de938ce21c603524c03f515677ddfe6","tokenurl":"/mcm/api/land?token=1de938ce21c603524c03f515677ddfe6","imageurl":"/mcm/images/land/2B/2526_16bb5e2d5f8d.jpg","landname":"99"},{"id":281474993684730,"level":1,"status":0,"posx":24,"posy":23,"cityid":259,"townid":594,"tokenid":"11d7dc9ad72a7500ab4530719669f577","tokenurl":"/mcm/api/land?token=11d7dc9ad72a7500ab4530719669f577","imageurl":"/mcm/images/land/2S/1013_333f62df4a55.jpg","landname":"100"},{"id":281474993684731,"level":2,"status":0,"posx":26,"posy":23,"cityid":259,"townid":594,"tokenid":"63fedc62a9f0c4e5fddb4391328ceda9","tokenurl":"/mcm/api/land?token=63fedc62a9f0c4e5fddb4391328ceda9","imageurl":"/mcm/images/land/2A/1515_157a1755b93e.jpg","landname":"101"},{"id":281474993684732,"level":1,"status":0,"posx":27,"posy":23,"cityid":259,"townid":594,"tokenid":"a338ae17a51a48f7959b07ee084038bc","tokenurl":"/mcm/api/land?token=a338ae17a51a48f7959b07ee084038bc","imageurl":"/mcm/images/land/2S/1014_1602f6ba6629.jpg","landname":"102"},{"id":281474993684733,"level":3,"status":1,"posx":33,"posy":23,"cityid":259,"townid":594,"tokenid":"b623a6ea1fe5b05b35eda93c1f743b99","tokenurl":"/mcm/api/land?token=b623a6ea1fe5b05b35eda93c1f743b99","imageurl":"/mcm/images/land/2B/2527_369a65a9a44e.jpg","landname":"103"},{"id":281474993684734,"level":3,"status":1,"posx":34,"posy":23,"cityid":259,"townid":594,"tokenid":"3fa3f39e456bef4d39c865821e9f3265","tokenurl":"/mcm/api/land?token=3fa3f39e456bef4d39c865821e9f3265","imageurl":"/mcm/images/land/2B/2528_54059aafad04.jpg","landname":"104"},{"id":281474993684735,"level":2,"status":1,"posx":23,"posy":24,"cityid":259,"townid":594,"tokenid":"5378d226a90c1a4854a20b412b02a897","tokenurl":"/mcm/api/land?token=5378d226a90c1a4854a20b412b02a897","imageurl":"/mcm/images/land/2A/1516_4130b42bbd75.jpg","landname":"105"},{"id":281474993684736,"level":3,"status":1,"posx":24,"posy":24,"cityid":259,"townid":594,"tokenid":"b3b268079f6b2a9881be9ac080372bb4","tokenurl":"/mcm/api/land?token=b3b268079f6b2a9881be9ac080372bb4","imageurl":"/mcm/images/land/2B/2529_321be8a595d6.jpg","landname":"106"},{"id":281474993684737,"level":3,"status":0,"posx":26,"posy":24,"cityid":259,"townid":594,"tokenid":"5e95fad4a505e8d4139a780de9927499","tokenurl":"/mcm/api/land?token=5e95fad4a505e8d4139a780de9927499","imageurl":"/mcm/images/land/2B/2530_42e789c6f4df.jpg","landname":"107"},{"id":281474993684738,"level":1,"status":0,"posx":27,"posy":24,"cityid":259,"townid":594,"tokenid":"59d708b9b8bdf34de80a6fa8f71529ae","tokenurl":"/mcm/api/land?token=59d708b9b8bdf34de80a6fa8f71529ae","imageurl":"/mcm/images/land/2S/1015_18c4c879715f.jpg","landname":"108"},{"id":281474993684739,"level":3,"status":0,"posx":33,"posy":24,"cityid":259,"townid":594,"tokenid":"9301d5a5668f9c60b0acdd40d8d94cd2","tokenurl":"/mcm/api/land?token=9301d5a5668f9c60b0acdd40d8d94cd2","imageurl":"/mcm/images/land/2B/2531_53bc10e5b673.jpg","landname":"109"},{"id":281474993684740,"level":3,"status":1,"posx":34,"posy":24,"cityid":259,"townid":594,"tokenid":"3e8a275fcaad8271b2df19e0c241df3d","tokenurl":"/mcm/api/land?token=3e8a275fcaad8271b2df19e0c241df3d","imageurl":"/mcm/images/land/2B/2532_3c7e32eb0389.jpg","landname":"110"},{"id":281474993684741,"level":3,"status":0,"posx":23,"posy":25,"cityid":259,"townid":594,"tokenid":"fa52557eb7ce5a1cc5a0768d9316a1eb","tokenurl":"/mcm/api/land?token=fa52557eb7ce5a1cc5a0768d9316a1eb","imageurl":"/mcm/images/land/2B/2533_533b5447932c.jpg","landname":"111"},{"id":281474993684742,"level":3,"status":1,"posx":24,"posy":25,"cityid":259,"townid":594,"tokenid":"1e822e8d81bf9deac4c3096c6afacde1","tokenurl":"/mcm/api/land?token=1e822e8d81bf9deac4c3096c6afacde1","imageurl":"/mcm/images/land/2B/2534_1d0c6135443c.jpg","landname":"112"},{"id":281474993684743,"level":2,"status":1,"posx":26,"posy":25,"cityid":259,"townid":594,"tokenid":"ed149fec19c16e0e57814da768bbde89","tokenurl":"/mcm/api/land?token=ed149fec19c16e0e57814da768bbde89","imageurl":"/mcm/images/land/2A/1517_37cb43bb49d8.jpg","landname":"113"},{"id":281474993684744,"level":1,"status":1,"posx":27,"posy":25,"cityid":259,"townid":594,"tokenid":"9767465ff11dcc9669dbfbcbce5f1b0a","tokenurl":"/mcm/api/land?token=9767465ff11dcc9669dbfbcbce5f1b0a","imageurl":"/mcm/images/land/2S/1016_2bc35f6dd003.jpg","landname":"114"},{"id":281474993684745,"level":3,"status":1,"posx":33,"posy":25,"cityid":259,"townid":594,"tokenid":"dee978d02761a21492957ab75faf08b8","tokenurl":"/mcm/api/land?token=dee978d02761a21492957ab75faf08b8","imageurl":"/mcm/images/land/2B/2535_3deda9d692df.jpg","landname":"115"},{"id":281474993684746,"level":1,"status":0,"posx":34,"posy":25,"cityid":259,"townid":594,"tokenid":"4349e1688a7876e62814301822d32299","tokenurl":"/mcm/api/land?token=4349e1688a7876e62814301822d32299","imageurl":"/mcm/images/land/2S/1017_437f5aca034d.jpg","landname":"116"},{"id":281474993684747,"level":3,"status":1,"posx":23,"posy":26,"cityid":259,"townid":594,"tokenid":"8d2216cf89842ce61fb14c655b409a50","tokenurl":"/mcm/api/land?token=8d2216cf89842ce61fb14c655b409a50","imageurl":"/mcm/images/land/2B/2536_5a24ba237ecd.jpg","landname":"117"},{"id":281474993684748,"level":2,"status":0,"posx":24,"posy":26,"cityid":259,"townid":594,"tokenid":"efeed65922c9116fb024fbbcbc7d665d","tokenurl":"/mcm/api/land?token=efeed65922c9116fb024fbbcbc7d665d","imageurl":"/mcm/images/land/2A/1518_43b763beb1ac.jpg","landname":"118"},{"id":281474993684749,"level":3,"status":0,"posx":33,"posy":26,"cityid":259,"townid":594,"tokenid":"9ea2bb181507b2ea0fb9c8c81c92b4ef","tokenurl":"/mcm/api/land?token=9ea2bb181507b2ea0fb9c8c81c92b4ef","imageurl":"/mcm/images/land/2B/2537_40f57f9b079f.jpg","landname":"119"},{"id":281474993684750,"level":3,"status":0,"posx":34,"posy":26,"cityid":259,"townid":594,"tokenid":"5d1093575224c97eebb928f51a9c2634","tokenurl":"/mcm/api/land?token=5d1093575224c97eebb928f51a9c2634","imageurl":"/mcm/images/land/2B/2538_24cac43a2f36.jpg","landname":"120"},{"id":281474993684751,"level":3,"status":1,"posx":31,"posy":27,"cityid":259,"townid":594,"tokenid":"58cb6bde473d45488d7e3bfcbaf1f186","tokenurl":"/mcm/api/land?token=58cb6bde473d45488d7e3bfcbaf1f186","imageurl":"/mcm/images/land/2B/2539_5454945c5815.jpg","landname":"121"},{"id":281474993684752,"level":3,"status":0,"posx":32,"posy":27,"cityid":259,"townid":594,"tokenid":"4afdc501e92ad1e4ea7aa7204b786cde","tokenurl":"/mcm/api/land?token=4afdc501e92ad1e4ea7aa7204b786cde","imageurl":"/mcm/images/land/2B/2540_1b39809e5b32.jpg","landname":"122"},{"id":281474993684753,"level":3,"status":1,"posx":6,"posy":28,"cityid":259,"townid":594,"tokenid":"60c33270180c08cd475fcda4a4a38c2c","tokenurl":"/mcm/api/land?token=60c33270180c08cd475fcda4a4a38c2c","imageurl":"/mcm/images/land/2B/2541_2b0a2a5ce4f8.jpg","landname":"123"},{"id":281474993684754,"level":1,"status":0,"posx":7,"posy":28,"cityid":259,"townid":594,"tokenid":"7067a37fe2ace9d1e7132e9e98073f64","tokenurl":"/mcm/api/land?token=7067a37fe2ace9d1e7132e9e98073f64","imageurl":"/mcm/images/land/2S/1018_1913f6ede9d0.jpg","landname":"124"},{"id":281474993684755,"level":2,"status":1,"posx":9,"posy":28,"cityid":259,"townid":594,"tokenid":"19ac0ef201b22810a161d4789c6d7eb5","tokenurl":"/mcm/api/land?token=19ac0ef201b22810a161d4789c6d7eb5","imageurl":"/mcm/images/land/2A/1519_24bff682e2e2.jpg","landname":"125"},{"id":281474993684756,"level":2,"status":0,"posx":10,"posy":28,"cityid":259,"townid":594,"tokenid":"4050cfcf2d8955cdab714f30e1e6afcb","tokenurl":"/mcm/api/land?token=4050cfcf2d8955cdab714f30e1e6afcb","imageurl":"/mcm/images/land/2A/1520_22b02a4871f1.jpg","landname":"126"},{"id":281474993684757,"level":2,"status":1,"posx":31,"posy":28,"cityid":259,"townid":594,"tokenid":"099b613e2b05eeb28a4bcef0b0a1b3b3","tokenurl":"/mcm/api/land?token=099b613e2b05eeb28a4bcef0b0a1b3b3","imageurl":"/mcm/images/land/2A/1521_5602c9693f1.jpg","landname":"127"},{"id":281474993684758,"level":3,"status":0,"posx":32,"posy":28,"cityid":259,"townid":594,"tokenid":"86036e76e5e1244cf7a509fd53100fc7","tokenurl":"/mcm/api/land?token=86036e76e5e1244cf7a509fd53100fc7","imageurl":"/mcm/images/land/2B/2542_30122e7707d2.jpg","landname":"128"},{"id":281474993684759,"level":2,"status":0,"posx":6,"posy":29,"cityid":259,"townid":594,"tokenid":"cbd973a3043aec639724cbc77723ec84","tokenurl":"/mcm/api/land?token=cbd973a3043aec639724cbc77723ec84","imageurl":"/mcm/images/land/2A/1522_2bac83cb42c3.jpg","landname":"129"},{"id":281474993684760,"level":3,"status":1,"posx":7,"posy":29,"cityid":259,"townid":594,"tokenid":"0c2ead3af3226a0df49f438b241487aa","tokenurl":"/mcm/api/land?token=0c2ead3af3226a0df49f438b241487aa","imageurl":"/mcm/images/land/2B/2543_2baec3b8b6eb.jpg","landname":"130"},{"id":281474993684761,"level":2,"status":0,"posx":9,"posy":29,"cityid":259,"townid":594,"tokenid":"6a66f117afc03d33ed9fe0d4cc1b4564","tokenurl":"/mcm/api/land?token=6a66f117afc03d33ed9fe0d4cc1b4564","imageurl":"/mcm/images/land/2A/1523_51f75d80bec0.jpg","landname":"131"},{"id":281474993684762,"level":1,"status":0,"posx":10,"posy":29,"cityid":259,"townid":594,"tokenid":"29e408013e89a0c776cc5415f0f8f634","tokenurl":"/mcm/api/land?token=29e408013e89a0c776cc5415f0f8f634","imageurl":"/mcm/images/land/2S/1019_3814199be4d4.jpg","landname":"132"},{"id":281474993684763,"level":2,"status":1,"posx":31,"posy":29,"cityid":259,"townid":594,"tokenid":"f9800409ed8447a123ba6047638bb8ba","tokenurl":"/mcm/api/land?token=f9800409ed8447a123ba6047638bb8ba","imageurl":"/mcm/images/land/2A/1524_4204fbf4a3b5.jpg","landname":"133"},{"id":281474993684764,"level":3,"status":0,"posx":32,"posy":29,"cityid":259,"townid":594,"tokenid":"bc3fe3d240ae2c44964f4424a11c5fac","tokenurl":"/mcm/api/land?token=bc3fe3d240ae2c44964f4424a11c5fac","imageurl":"/mcm/images/land/2B/2544_419636b60f01.jpg","landname":"134"},{"id":281474993684765,"level":3,"status":1,"posx":6,"posy":30,"cityid":259,"townid":594,"tokenid":"9397d97bbe5459a6fefa953362dc0820","tokenurl":"/mcm/api/land?token=9397d97bbe5459a6fefa953362dc0820","imageurl":"/mcm/images/land/2B/2545_32d55a8d62e7.jpg","landname":"135"},{"id":281474993684766,"level":3,"status":0,"posx":7,"posy":30,"cityid":259,"townid":594,"tokenid":"a4343422ff582868a53b7da802705d30","tokenurl":"/mcm/api/land?token=a4343422ff582868a53b7da802705d30","imageurl":"/mcm/images/land/2B/2546_21b0c6116904.jpg","landname":"136"},{"id":281474993684767,"level":1,"status":1,"posx":9,"posy":30,"cityid":259,"townid":594,"tokenid":"3a9271af13a7a272de45bc5aa9b79c2c","tokenurl":"/mcm/api/land?token=3a9271af13a7a272de45bc5aa9b79c2c","imageurl":"/mcm/images/land/2S/1020_51a8a58af390.jpg","landname":"137"},{"id":281474993684768,"level":1,"status":1,"posx":10,"posy":30,"cityid":259,"townid":594,"tokenid":"154e9f8c752ae5cafdb4a33f524f3be1","tokenurl":"/mcm/api/land?token=154e9f8c752ae5cafdb4a33f524f3be1","imageurl":"/mcm/images/land/2S/1021_4678ce021ec1.jpg","landname":"138"},{"id":281474993684769,"level":3,"status":1,"posx":31,"posy":30,"cityid":259,"townid":594,"tokenid":"6f4211932419acd12f42e133e75c3273","tokenurl":"/mcm/api/land?token=6f4211932419acd12f42e133e75c3273","imageurl":"/mcm/images/land/2B/2547_1882968ee5ae.jpg","landname":"139"},{"id":281474993684770,"level":3,"status":1,"posx":32,"posy":30,"cityid":259,"townid":594,"tokenid":"e567cf834cb6bf2e517bac50bdeea888","tokenurl":"/mcm/api/land?token=e567cf834cb6bf2e517bac50bdeea888","imageurl":"/mcm/images/land/2B/2548_147b33ece46e.jpg","landname":"140"},{"id":281474993684771,"level":3,"status":0,"posx":6,"posy":31,"cityid":259,"townid":594,"tokenid":"dfcc1631dbeded4015b2829c2c29b26c","tokenurl":"/mcm/api/land?token=dfcc1631dbeded4015b2829c2c29b26c","imageurl":"/mcm/images/land/2B/2549_d946ba268a8.jpg","landname":"141"},{"id":281474993684772,"level":2,"status":0,"posx":7,"posy":31,"cityid":259,"townid":594,"tokenid":"fe21857bdc1b854471c95696a7146b0c","tokenurl":"/mcm/api/land?token=fe21857bdc1b854471c95696a7146b0c","imageurl":"/mcm/images/land/2A/1525_764a0532a37.jpg","landname":"142"},{"id":281474993684773,"level":3,"status":1,"posx":9,"posy":31,"cityid":259,"townid":594,"tokenid":"93408670df164724eb20297060d9ae96","tokenurl":"/mcm/api/land?token=93408670df164724eb20297060d9ae96","imageurl":"/mcm/images/land/2B/2550_241d14269545.jpg","landname":"143"},{"id":281474993684774,"level":2,"status":1,"posx":10,"posy":31,"cityid":259,"townid":594,"tokenid":"a9ad9704df52a8b22eb01476e2df17ec","tokenurl":"/mcm/api/land?token=a9ad9704df52a8b22eb01476e2df17ec","imageurl":"/mcm/images/land/2A/1526_1a83318dbae8.jpg","landname":"144"},{"id":281474993684775,"level":2,"status":1,"posx":31,"posy":31,"cityid":259,"townid":594,"tokenid":"d2948f435056cefc983578e27402fb47","tokenurl":"/mcm/api/land?token=d2948f435056cefc983578e27402fb47","imageurl":"/mcm/images/land/2A/1527_478767e0d744.jpg","landname":"145"},{"id":281474993684776,"level":2,"status":0,"posx":32,"posy":31,"cityid":259,"townid":594,"tokenid":"2e8de18454940d085f7dd0c9f3d3c61e","tokenurl":"/mcm/api/land?token=2e8de18454940d085f7dd0c9f3d3c61e","imageurl":"/mcm/images/land/2A/1528_10208c05f8d1.jpg","landname":"146"},{"id":281474993684777,"level":3,"status":1,"posx":6,"posy":32,"cityid":259,"townid":594,"tokenid":"29be14b7d03a4d958aea9c583808f60e","tokenurl":"/mcm/api/land?token=29be14b7d03a4d958aea9c583808f60e","imageurl":"/mcm/images/land/2B/2551_2b8805674db1.jpg","landname":"147"},{"id":281474993684778,"level":2,"status":1,"posx":7,"posy":32,"cityid":259,"townid":594,"tokenid":"efd8b45dacb92b5909484ba6e0a5d9e2","tokenurl":"/mcm/api/land?token=efd8b45dacb92b5909484ba6e0a5d9e2","imageurl":"/mcm/images/land/2A/1529_1bdd7adf35a9.jpg","landname":"148"},{"id":281474993684779,"level":2,"status":1,"posx":9,"posy":32,"cityid":259,"townid":594,"tokenid":"fe5049aab64bf38dd126d192cc5716da","tokenurl":"/mcm/api/land?token=fe5049aab64bf38dd126d192cc5716da","imageurl":"/mcm/images/land/2A/1530_8fac75e4fbd.jpg","landname":"149"},{"id":281474993684780,"level":2,"status":0,"posx":10,"posy":32,"cityid":259,"townid":594,"tokenid":"11fa8b123d9a59cb9e55a21232e3223b","tokenurl":"/mcm/api/land?token=11fa8b123d9a59cb9e55a21232e3223b","imageurl":"/mcm/images/land/2A/1531_27859825e1b4.jpg","landname":"150"}]]],0,0,[],[],[]]
