[1,0,0,[["cc.JsonAsset",["_name","json"],1]],[[0,0,1,3]],[[0,"30",[{"id":281474977235095,"level":1,"status":1,"posx":15,"posy":5,"cityid":8,"townid":30,"tokenid":"6fdb74a38a883f9a2db9963807893aec","tokenurl":"/mcm/api/land?token=6fdb74a38a883f9a2db9963807893aec","imageurl":"/mcm/images/land/1S/2612_45668d7d2b90.jpg","landname":"1"},{"id":281474977235096,"level":2,"status":1,"posx":16,"posy":5,"cityid":8,"townid":30,"tokenid":"9f57a4e191ec1ead29233151535ffe1a","tokenurl":"/mcm/api/land?token=9f57a4e191ec1ead29233151535ffe1a","imageurl":"/mcm/images/land/1A/1307_4238288d6d79.jpg","landname":"2"},{"id":281474977235097,"level":2,"status":0,"posx":25,"posy":5,"cityid":8,"townid":30,"tokenid":"d7b779fd6e83f76223dbf38b9566bf17","tokenurl":"/mcm/api/land?token=d7b779fd6e83f76223dbf38b9566bf17","imageurl":"/mcm/images/land/1A/1308_46086210ce0d.jpg","landname":"3"},{"id":281474977235098,"level":1,"status":1,"posx":26,"posy":5,"cityid":8,"townid":30,"tokenid":"614250f6e56bbedbe7a7072e993871e1","tokenurl":"/mcm/api/land?token=614250f6e56bbedbe7a7072e993871e1","imageurl":"/mcm/images/land/1S/2613_50077ba17674.jpg","landname":"4"},{"id":281474977235099,"level":1,"status":0,"posx":6,"posy":6,"cityid":8,"townid":30,"tokenid":"8ef572b57a837cb6e2ca4d8c66026a1e","tokenurl":"/mcm/api/land?token=8ef572b57a837cb6e2ca4d8c66026a1e","imageurl":"/mcm/images/land/1S/2614_505eaeca9e83.jpg","landname":"5"},{"id":281474977235100,"level":2,"status":0,"posx":7,"posy":6,"cityid":8,"townid":30,"tokenid":"1dd5ffcdda9d4146fad32611388abb21","tokenurl":"/mcm/api/land?token=1dd5ffcdda9d4146fad32611388abb21","imageurl":"/mcm/images/land/1A/1309_7f762024a28.jpg","landname":"6"},{"id":281474977235101,"level":1,"status":0,"posx":15,"posy":6,"cityid":8,"townid":30,"tokenid":"ea5e9ce007d9cf0f774bbf24180a28c4","tokenurl":"/mcm/api/land?token=ea5e9ce007d9cf0f774bbf24180a28c4","imageurl":"/mcm/images/land/1S/2615_582200b92b8c.jpg","landname":"7"},{"id":281474977235102,"level":1,"status":1,"posx":16,"posy":6,"cityid":8,"townid":30,"tokenid":"2a3dcb41f6ec898260832677756a2338","tokenurl":"/mcm/api/land?token=2a3dcb41f6ec898260832677756a2338","imageurl":"/mcm/images/land/1S/2616_4af822dba71c.jpg","landname":"8"},{"id":281474977235103,"level":1,"status":0,"posx":25,"posy":6,"cityid":8,"townid":30,"tokenid":"122854d159a410d4bc4a7249da6ba7ff","tokenurl":"/mcm/api/land?token=122854d159a410d4bc4a7249da6ba7ff","imageurl":"/mcm/images/land/1S/2617_43feb2c6fb8a.jpg","landname":"9"},{"id":281474977235104,"level":2,"status":0,"posx":26,"posy":6,"cityid":8,"townid":30,"tokenid":"f3acea2e914067a1b283d5c919c68147","tokenurl":"/mcm/api/land?token=f3acea2e914067a1b283d5c919c68147","imageurl":"/mcm/images/land/1A/1310_1d7c8b9baa8.jpg","landname":"10"},{"id":281474977235105,"level":1,"status":0,"posx":30,"posy":6,"cityid":8,"townid":30,"tokenid":"352f8f5729841da9f429cba3340fa4e9","tokenurl":"/mcm/api/land?token=352f8f5729841da9f429cba3340fa4e9","imageurl":"/mcm/images/land/1S/2618_1c80c18a3053.jpg","landname":"11"},{"id":281474977235106,"level":1,"status":0,"posx":31,"posy":6,"cityid":8,"townid":30,"tokenid":"45e7b60bc7db7ea23fb8140cd93244f2","tokenurl":"/mcm/api/land?token=45e7b60bc7db7ea23fb8140cd93244f2","imageurl":"/mcm/images/land/1S/2619_29f63341ff6f.jpg","landname":"12"},{"id":281474977235107,"level":1,"status":1,"posx":33,"posy":6,"cityid":8,"townid":30,"tokenid":"10faeb275e5542d7517632032f0dea3d","tokenurl":"/mcm/api/land?token=10faeb275e5542d7517632032f0dea3d","imageurl":"/mcm/images/land/1S/2620_162b27895568.jpg","landname":"13"},{"id":281474977235108,"level":2,"status":0,"posx":34,"posy":6,"cityid":8,"townid":30,"tokenid":"829249ebac243c7412b48fc62e92659d","tokenurl":"/mcm/api/land?token=829249ebac243c7412b48fc62e92659d","imageurl":"/mcm/images/land/1A/1311_398b820dc065.jpg","landname":"14"},{"id":281474977235109,"level":3,"status":0,"posx":6,"posy":7,"cityid":8,"townid":30,"tokenid":"3dfb25645bccf432deea14de7c99f0e4","tokenurl":"/mcm/api/land?token=3dfb25645bccf432deea14de7c99f0e4","imageurl":"/mcm/images/land/1B/437_53b61c92e6c9.jpg","landname":"15"},{"id":281474977235110,"level":2,"status":1,"posx":7,"posy":7,"cityid":8,"townid":30,"tokenid":"99c0ccc99b711a563240e08bf2f75d87","tokenurl":"/mcm/api/land?token=99c0ccc99b711a563240e08bf2f75d87","imageurl":"/mcm/images/land/1A/1312_89a0e00217c.jpg","landname":"16"},{"id":281474977235111,"level":3,"status":0,"posx":15,"posy":7,"cityid":8,"townid":30,"tokenid":"2d24a0ec9e4cf5e73356b5cc35cd9551","tokenurl":"/mcm/api/land?token=2d24a0ec9e4cf5e73356b5cc35cd9551","imageurl":"/mcm/images/land/1B/438_334b65a0caf8.jpg","landname":"17"},{"id":281474977235112,"level":1,"status":0,"posx":16,"posy":7,"cityid":8,"townid":30,"tokenid":"6da002cc7e9169a987b733d3b78467c6","tokenurl":"/mcm/api/land?token=6da002cc7e9169a987b733d3b78467c6","imageurl":"/mcm/images/land/1S/2621_30efd3f7ef12.jpg","landname":"18"},{"id":281474977235113,"level":1,"status":0,"posx":21,"posy":7,"cityid":8,"townid":30,"tokenid":"9734859a66a676b249e29e0297bfc3e2","tokenurl":"/mcm/api/land?token=9734859a66a676b249e29e0297bfc3e2","imageurl":"/mcm/images/land/1S/2622_58d801b0d82f.jpg","landname":"19"},{"id":281474977235114,"level":1,"status":0,"posx":22,"posy":7,"cityid":8,"townid":30,"tokenid":"f56e06dfa7ba1ed54300b8a0cef68a4f","tokenurl":"/mcm/api/land?token=f56e06dfa7ba1ed54300b8a0cef68a4f","imageurl":"/mcm/images/land/1S/2623_1f91d184fb56.jpg","landname":"20"},{"id":281474977235115,"level":1,"status":0,"posx":25,"posy":7,"cityid":8,"townid":30,"tokenid":"922b69e5d62a38b450afc6980999dcea","tokenurl":"/mcm/api/land?token=922b69e5d62a38b450afc6980999dcea","imageurl":"/mcm/images/land/1S/2624_f2e97ada622.jpg","landname":"21"},{"id":281474977235116,"level":1,"status":0,"posx":26,"posy":7,"cityid":8,"townid":30,"tokenid":"edc7f04b7f122461a0b848852a6a175c","tokenurl":"/mcm/api/land?token=edc7f04b7f122461a0b848852a6a175c","imageurl":"/mcm/images/land/1S/2625_341824657211.jpg","landname":"22"},{"id":281474977235117,"level":2,"status":0,"posx":30,"posy":7,"cityid":8,"townid":30,"tokenid":"80c70e054d2412dcf94b06d19f27790f","tokenurl":"/mcm/api/land?token=80c70e054d2412dcf94b06d19f27790f","imageurl":"/mcm/images/land/1A/1313_563b433a84ce.jpg","landname":"23"},{"id":281474977235118,"level":2,"status":1,"posx":31,"posy":7,"cityid":8,"townid":30,"tokenid":"3b969ef49b9b8d05d4e82d78ccceb118","tokenurl":"/mcm/api/land?token=3b969ef49b9b8d05d4e82d78ccceb118","imageurl":"/mcm/images/land/1A/1314_55b632c27fe7.jpg","landname":"24"},{"id":281474977235119,"level":3,"status":0,"posx":33,"posy":7,"cityid":8,"townid":30,"tokenid":"344673e36d3073b311d1c11b69bdaa7f","tokenurl":"/mcm/api/land?token=344673e36d3073b311d1c11b69bdaa7f","imageurl":"/mcm/images/land/1B/439_52e0c82b8517.jpg","landname":"25"},{"id":281474977235120,"level":1,"status":1,"posx":34,"posy":7,"cityid":8,"townid":30,"tokenid":"26c1e00ab965adcac2b350e031f8a17f","tokenurl":"/mcm/api/land?token=26c1e00ab965adcac2b350e031f8a17f","imageurl":"/mcm/images/land/1S/2626_23df1c6bc288.jpg","landname":"26"},{"id":281474977235121,"level":2,"status":1,"posx":6,"posy":8,"cityid":8,"townid":30,"tokenid":"b134364c6a58f091498e7c0aad6ae238","tokenurl":"/mcm/api/land?token=b134364c6a58f091498e7c0aad6ae238","imageurl":"/mcm/images/land/1A/1315_5249b5cb2b28.jpg","landname":"27"},{"id":281474977235122,"level":2,"status":1,"posx":7,"posy":8,"cityid":8,"townid":30,"tokenid":"ea630a22ac38f8e492262bda1ddcd1ea","tokenurl":"/mcm/api/land?token=ea630a22ac38f8e492262bda1ddcd1ea","imageurl":"/mcm/images/land/1A/1316_44970e5c73c.jpg","landname":"28"},{"id":281474977235123,"level":2,"status":0,"posx":15,"posy":8,"cityid":8,"townid":30,"tokenid":"bdbc6a54a383a44b4c1f0c0c0ed5542a","tokenurl":"/mcm/api/land?token=bdbc6a54a383a44b4c1f0c0c0ed5542a","imageurl":"/mcm/images/land/1A/1317_13a893fb3f05.jpg","landname":"29"},{"id":281474977235124,"level":1,"status":0,"posx":16,"posy":8,"cityid":8,"townid":30,"tokenid":"2831e024269349ff1885db2788afcb20","tokenurl":"/mcm/api/land?token=2831e024269349ff1885db2788afcb20","imageurl":"/mcm/images/land/1S/2627_131179e4370c.jpg","landname":"30"},{"id":281474977235125,"level":1,"status":1,"posx":21,"posy":8,"cityid":8,"townid":30,"tokenid":"07a7589403287da12f28267ddf876e25","tokenurl":"/mcm/api/land?token=07a7589403287da12f28267ddf876e25","imageurl":"/mcm/images/land/1S/2628_54f0b3e866e2.jpg","landname":"31"},{"id":281474977235126,"level":1,"status":1,"posx":22,"posy":8,"cityid":8,"townid":30,"tokenid":"66ad6b4200a560d0af358f0c71ed02f9","tokenurl":"/mcm/api/land?token=66ad6b4200a560d0af358f0c71ed02f9","imageurl":"/mcm/images/land/1S/2629_3f4518cd3628.jpg","landname":"32"},{"id":281474977235127,"level":1,"status":1,"posx":25,"posy":8,"cityid":8,"townid":30,"tokenid":"67f974da6184b5bf07e5872e4087e1ca","tokenurl":"/mcm/api/land?token=67f974da6184b5bf07e5872e4087e1ca","imageurl":"/mcm/images/land/1S/2630_1cae5fe96f11.jpg","landname":"33"},{"id":281474977235128,"level":2,"status":1,"posx":26,"posy":8,"cityid":8,"townid":30,"tokenid":"55718707f3da6165c1e434853701513a","tokenurl":"/mcm/api/land?token=55718707f3da6165c1e434853701513a","imageurl":"/mcm/images/land/1A/1318_3ac268a56914.jpg","landname":"34"},{"id":281474977235129,"level":1,"status":1,"posx":30,"posy":8,"cityid":8,"townid":30,"tokenid":"98bedfef9a4c625b073663bbb47992ca","tokenurl":"/mcm/api/land?token=98bedfef9a4c625b073663bbb47992ca","imageurl":"/mcm/images/land/1S/2631_1cf19a687bd7.jpg","landname":"35"},{"id":281474977235130,"level":2,"status":0,"posx":31,"posy":8,"cityid":8,"townid":30,"tokenid":"21220c68256830316ac1bb56d2265f7c","tokenurl":"/mcm/api/land?token=21220c68256830316ac1bb56d2265f7c","imageurl":"/mcm/images/land/1A/1319_2010c7462f5d.jpg","landname":"36"},{"id":281474977235131,"level":1,"status":0,"posx":33,"posy":8,"cityid":8,"townid":30,"tokenid":"64e1069466a534f01017c7a4f582ec67","tokenurl":"/mcm/api/land?token=64e1069466a534f01017c7a4f582ec67","imageurl":"/mcm/images/land/1S/2632_30e3b3fd40f.jpg","landname":"37"},{"id":281474977235132,"level":1,"status":1,"posx":34,"posy":8,"cityid":8,"townid":30,"tokenid":"e184694e83c070b40d9e2a76d33ad3a3","tokenurl":"/mcm/api/land?token=e184694e83c070b40d9e2a76d33ad3a3","imageurl":"/mcm/images/land/1S/2633_519783024e58.jpg","landname":"38"},{"id":281474977235133,"level":1,"status":1,"posx":6,"posy":9,"cityid":8,"townid":30,"tokenid":"ee097c36cdb7028bb2d2dfed74db9f6d","tokenurl":"/mcm/api/land?token=ee097c36cdb7028bb2d2dfed74db9f6d","imageurl":"/mcm/images/land/1S/2634_4d10576bebc4.jpg","landname":"39"},{"id":281474977235134,"level":1,"status":0,"posx":7,"posy":9,"cityid":8,"townid":30,"tokenid":"d5c22d2550ced9dca3d734c414ddc7f1","tokenurl":"/mcm/api/land?token=d5c22d2550ced9dca3d734c414ddc7f1","imageurl":"/mcm/images/land/1S/2635_416d2e96b2dc.jpg","landname":"40"},{"id":281474977235135,"level":1,"status":1,"posx":15,"posy":9,"cityid":8,"townid":30,"tokenid":"b96f7213e301ef9a8170ded92cd9984a","tokenurl":"/mcm/api/land?token=b96f7213e301ef9a8170ded92cd9984a","imageurl":"/mcm/images/land/1S/2636_388acbfbe3c7.jpg","landname":"41"},{"id":281474977235136,"level":2,"status":0,"posx":16,"posy":9,"cityid":8,"townid":30,"tokenid":"bc7449756437a8c2c3feec5b9a515f06","tokenurl":"/mcm/api/land?token=bc7449756437a8c2c3feec5b9a515f06","imageurl":"/mcm/images/land/1A/1320_56fe3ef583cb.jpg","landname":"42"},{"id":281474977235137,"level":1,"status":1,"posx":21,"posy":9,"cityid":8,"townid":30,"tokenid":"7b4a979f85727b7883e697a6a170dcd9","tokenurl":"/mcm/api/land?token=7b4a979f85727b7883e697a6a170dcd9","imageurl":"/mcm/images/land/1S/2637_1e4cff373292.jpg","landname":"43"},{"id":281474977235138,"level":1,"status":0,"posx":22,"posy":9,"cityid":8,"townid":30,"tokenid":"12a8658b3e264e294ec5b7b43ac7172b","tokenurl":"/mcm/api/land?token=12a8658b3e264e294ec5b7b43ac7172b","imageurl":"/mcm/images/land/1S/2638_2b03e9504e45.jpg","landname":"44"},{"id":281474977235139,"level":2,"status":0,"posx":25,"posy":9,"cityid":8,"townid":30,"tokenid":"57beaf57f1a6a15cfac9f37c1bc241b3","tokenurl":"/mcm/api/land?token=57beaf57f1a6a15cfac9f37c1bc241b3","imageurl":"/mcm/images/land/1A/1321_4e28ca8f1490.jpg","landname":"45"},{"id":281474977235140,"level":1,"status":1,"posx":26,"posy":9,"cityid":8,"townid":30,"tokenid":"30ba1fd4cd0db711949c0a133119abc4","tokenurl":"/mcm/api/land?token=30ba1fd4cd0db711949c0a133119abc4","imageurl":"/mcm/images/land/1S/2639_12506aa02c76.jpg","landname":"46"},{"id":281474977235141,"level":2,"status":0,"posx":30,"posy":9,"cityid":8,"townid":30,"tokenid":"ec132c9fc646234d07616e4c21fbde5c","tokenurl":"/mcm/api/land?token=ec132c9fc646234d07616e4c21fbde5c","imageurl":"/mcm/images/land/1A/1322_b383c108deb.jpg","landname":"47"},{"id":281474977235142,"level":1,"status":1,"posx":31,"posy":9,"cityid":8,"townid":30,"tokenid":"ad8ecada1df5ad939ab42bd12cc6e46d","tokenurl":"/mcm/api/land?token=ad8ecada1df5ad939ab42bd12cc6e46d","imageurl":"/mcm/images/land/1S/2640_52521f1a8d6a.jpg","landname":"48"},{"id":281474977235143,"level":3,"status":1,"posx":33,"posy":9,"cityid":8,"townid":30,"tokenid":"daf08dd47606304190937bd7bd850990","tokenurl":"/mcm/api/land?token=daf08dd47606304190937bd7bd850990","imageurl":"/mcm/images/land/1B/440_2284c3c19c1f.jpg","landname":"49"},{"id":281474977235144,"level":1,"status":0,"posx":34,"posy":9,"cityid":8,"townid":30,"tokenid":"452d5d38b3c50fadbd7787d303f85baa","tokenurl":"/mcm/api/land?token=452d5d38b3c50fadbd7787d303f85baa","imageurl":"/mcm/images/land/1S/2641_68176dfed24.jpg","landname":"50"},{"id":281474977235145,"level":1,"status":0,"posx":6,"posy":10,"cityid":8,"townid":30,"tokenid":"b1c011366d84e15f553b7dcf55948391","tokenurl":"/mcm/api/land?token=b1c011366d84e15f553b7dcf55948391","imageurl":"/mcm/images/land/1S/2642_2a0ec637e77f.jpg","landname":"51"},{"id":281474977235146,"level":2,"status":1,"posx":7,"posy":10,"cityid":8,"townid":30,"tokenid":"acab7aab6e4022ebf5d93bde2a27b45f","tokenurl":"/mcm/api/land?token=acab7aab6e4022ebf5d93bde2a27b45f","imageurl":"/mcm/images/land/1A/1323_4a892a2dfe42.jpg","landname":"52"},{"id":281474977235147,"level":1,"status":0,"posx":11,"posy":10,"cityid":8,"townid":30,"tokenid":"09691acc6dffcc10a6da05b23e177962","tokenurl":"/mcm/api/land?token=09691acc6dffcc10a6da05b23e177962","imageurl":"/mcm/images/land/1S/2643_47aa2add2f7.jpg","landname":"53"},{"id":281474977235148,"level":3,"status":1,"posx":12,"posy":10,"cityid":8,"townid":30,"tokenid":"b825e6567c639f7bba435f0a7c937ff7","tokenurl":"/mcm/api/land?token=b825e6567c639f7bba435f0a7c937ff7","imageurl":"/mcm/images/land/1B/441_28585cd4ee34.jpg","landname":"54"},{"id":281474977235149,"level":2,"status":0,"posx":21,"posy":10,"cityid":8,"townid":30,"tokenid":"ff9cb33b5add7fff0c1223fa5c783e93","tokenurl":"/mcm/api/land?token=ff9cb33b5add7fff0c1223fa5c783e93","imageurl":"/mcm/images/land/1A/1324_4b76fc522bab.jpg","landname":"55"},{"id":281474977235150,"level":3,"status":0,"posx":22,"posy":10,"cityid":8,"townid":30,"tokenid":"2c05aa6c7407d74d43340b69142fab9f","tokenurl":"/mcm/api/land?token=2c05aa6c7407d74d43340b69142fab9f","imageurl":"/mcm/images/land/1B/442_141a59ac6816.jpg","landname":"56"},{"id":281474977235151,"level":1,"status":1,"posx":30,"posy":10,"cityid":8,"townid":30,"tokenid":"7e2bf8f0ca86b2b04c6f4216b2731346","tokenurl":"/mcm/api/land?token=7e2bf8f0ca86b2b04c6f4216b2731346","imageurl":"/mcm/images/land/1S/2644_3c5dea570bbe.jpg","landname":"57"},{"id":281474977235152,"level":2,"status":1,"posx":31,"posy":10,"cityid":8,"townid":30,"tokenid":"04af84264bb76adcdbd28cf3af0a6c75","tokenurl":"/mcm/api/land?token=04af84264bb76adcdbd28cf3af0a6c75","imageurl":"/mcm/images/land/1A/1325_28dd3e473ea6.jpg","landname":"58"},{"id":281474977235153,"level":1,"status":0,"posx":33,"posy":10,"cityid":8,"townid":30,"tokenid":"ea4c16b43bbddf62c80724c80f5d57d7","tokenurl":"/mcm/api/land?token=ea4c16b43bbddf62c80724c80f5d57d7","imageurl":"/mcm/images/land/1S/2645_2a394027d9a1.jpg","landname":"59"},{"id":281474977235154,"level":3,"status":0,"posx":34,"posy":10,"cityid":8,"townid":30,"tokenid":"16114f470c5cf0e94f7beb4ffbf22b5a","tokenurl":"/mcm/api/land?token=16114f470c5cf0e94f7beb4ffbf22b5a","imageurl":"/mcm/images/land/1B/443_50129a998e98.jpg","landname":"60"},{"id":281474977235155,"level":1,"status":0,"posx":11,"posy":11,"cityid":8,"townid":30,"tokenid":"13d65d5e5515ff19155109f455b7c183","tokenurl":"/mcm/api/land?token=13d65d5e5515ff19155109f455b7c183","imageurl":"/mcm/images/land/1S/2646_5424f491a79c.jpg","landname":"61"},{"id":281474977235156,"level":3,"status":1,"posx":12,"posy":11,"cityid":8,"townid":30,"tokenid":"585cf724983d9231750d9acc6961f83f","tokenurl":"/mcm/api/land?token=585cf724983d9231750d9acc6961f83f","imageurl":"/mcm/images/land/1B/444_10d0f451acfb.jpg","landname":"62"},{"id":281474977235157,"level":1,"status":0,"posx":21,"posy":11,"cityid":8,"townid":30,"tokenid":"fb821c8e3f07bc439de923e210338670","tokenurl":"/mcm/api/land?token=fb821c8e3f07bc439de923e210338670","imageurl":"/mcm/images/land/1S/2647_19e683abfb4b.jpg","landname":"63"},{"id":281474977235158,"level":1,"status":1,"posx":22,"posy":11,"cityid":8,"townid":30,"tokenid":"a1faaa5767cfca148304f1f181aff9d1","tokenurl":"/mcm/api/land?token=a1faaa5767cfca148304f1f181aff9d1","imageurl":"/mcm/images/land/1S/2648_9f6291e25b5.jpg","landname":"64"},{"id":281474977235159,"level":1,"status":1,"posx":11,"posy":12,"cityid":8,"townid":30,"tokenid":"d60c315a4242f2e775ddff59ceb090f2","tokenurl":"/mcm/api/land?token=d60c315a4242f2e775ddff59ceb090f2","imageurl":"/mcm/images/land/1S/2649_20dd65b1c67f.jpg","landname":"65"},{"id":281474977235160,"level":1,"status":0,"posx":12,"posy":12,"cityid":8,"townid":30,"tokenid":"dff012320640b8bc48fc6b5ffae0a681","tokenurl":"/mcm/api/land?token=dff012320640b8bc48fc6b5ffae0a681","imageurl":"/mcm/images/land/1S/2650_3606058c53b9.jpg","landname":"66"},{"id":281474977235161,"level":1,"status":1,"posx":11,"posy":13,"cityid":8,"townid":30,"tokenid":"e887a53af5582dda678ca28be551bea6","tokenurl":"/mcm/api/land?token=e887a53af5582dda678ca28be551bea6","imageurl":"/mcm/images/land/1S/2651_597b011900d7.jpg","landname":"67"},{"id":281474977235162,"level":1,"status":0,"posx":12,"posy":13,"cityid":8,"townid":30,"tokenid":"56b868f8ceec96f0fe987d87f4e6f304","tokenurl":"/mcm/api/land?token=56b868f8ceec96f0fe987d87f4e6f304","imageurl":"/mcm/images/land/1S/2652_30ee80c46d51.jpg","landname":"68"},{"id":281474977235163,"level":1,"status":0,"posx":11,"posy":14,"cityid":8,"townid":30,"tokenid":"5a60f6ab6e4fd2c9336b00204c7ed307","tokenurl":"/mcm/api/land?token=5a60f6ab6e4fd2c9336b00204c7ed307","imageurl":"/mcm/images/land/1S/2653_e086f321d64.jpg","landname":"69"},{"id":281474977235164,"level":2,"status":0,"posx":12,"posy":14,"cityid":8,"townid":30,"tokenid":"37bb32bebba4774b4da1fca6c2a7596d","tokenurl":"/mcm/api/land?token=37bb32bebba4774b4da1fca6c2a7596d","imageurl":"/mcm/images/land/1A/1326_4952aedb41c3.jpg","landname":"70"},{"id":281474977235165,"level":2,"status":1,"posx":8,"posy":20,"cityid":8,"townid":30,"tokenid":"aa209a0dddf577431a0db21f7fbf638f","tokenurl":"/mcm/api/land?token=aa209a0dddf577431a0db21f7fbf638f","imageurl":"/mcm/images/land/1A/1327_584a71f31205.jpg","landname":"71"},{"id":281474977235166,"level":3,"status":1,"posx":9,"posy":20,"cityid":8,"townid":30,"tokenid":"2a61af0e6a9b9bd1111daf9c8659420e","tokenurl":"/mcm/api/land?token=2a61af0e6a9b9bd1111daf9c8659420e","imageurl":"/mcm/images/land/1B/445_1d9ca9c9bdd2.jpg","landname":"72"},{"id":281474977235167,"level":1,"status":1,"posx":10,"posy":20,"cityid":8,"townid":30,"tokenid":"447e5e0156ecc3609d4a7ba0dd2f92c9","tokenurl":"/mcm/api/land?token=447e5e0156ecc3609d4a7ba0dd2f92c9","imageurl":"/mcm/images/land/1S/2654_42b084ada94e.jpg","landname":"73"},{"id":281474977235168,"level":1,"status":0,"posx":11,"posy":20,"cityid":8,"townid":30,"tokenid":"3663db6c1e051a434e0a28d0c5233065","tokenurl":"/mcm/api/land?token=3663db6c1e051a434e0a28d0c5233065","imageurl":"/mcm/images/land/1S/2655_f402a15ebea.jpg","landname":"74"},{"id":281474977235169,"level":2,"status":1,"posx":12,"posy":20,"cityid":8,"townid":30,"tokenid":"c1c8af45aac5a58cacb2469f03c666e6","tokenurl":"/mcm/api/land?token=c1c8af45aac5a58cacb2469f03c666e6","imageurl":"/mcm/images/land/1A/1328_1649c6f21262.jpg","landname":"75"},{"id":281474977235170,"level":2,"status":0,"posx":8,"posy":21,"cityid":8,"townid":30,"tokenid":"d80b6e3d8a24f4ba3056a4c38fd64931","tokenurl":"/mcm/api/land?token=d80b6e3d8a24f4ba3056a4c38fd64931","imageurl":"/mcm/images/land/1A/1329_4928c7c62b46.jpg","landname":"76"},{"id":281474977235171,"level":2,"status":1,"posx":9,"posy":21,"cityid":8,"townid":30,"tokenid":"16e8415b23836d03e87631e77472ef42","tokenurl":"/mcm/api/land?token=16e8415b23836d03e87631e77472ef42","imageurl":"/mcm/images/land/1A/1330_47ad7e05cf22.jpg","landname":"77"},{"id":281474977235172,"level":1,"status":1,"posx":10,"posy":21,"cityid":8,"townid":30,"tokenid":"7593a3b4bf796516684e294a04d7a975","tokenurl":"/mcm/api/land?token=7593a3b4bf796516684e294a04d7a975","imageurl":"/mcm/images/land/1S/2656_b40bd827c88.jpg","landname":"78"},{"id":281474977235173,"level":1,"status":0,"posx":11,"posy":21,"cityid":8,"townid":30,"tokenid":"83d96d7e4bc0255bf035579cc6e60af6","tokenurl":"/mcm/api/land?token=83d96d7e4bc0255bf035579cc6e60af6","imageurl":"/mcm/images/land/1S/2657_2908a40a4272.jpg","landname":"79"},{"id":281474977235174,"level":1,"status":1,"posx":12,"posy":21,"cityid":8,"townid":30,"tokenid":"18455a182bdfeee4ce691db350c6abde","tokenurl":"/mcm/api/land?token=18455a182bdfeee4ce691db350c6abde","imageurl":"/mcm/images/land/1S/2658_3117c6733cd3.jpg","landname":"80"},{"id":281474977235175,"level":1,"status":0,"posx":27,"posy":22,"cityid":8,"townid":30,"tokenid":"24c24e953c3ef34b469776b5fd40f855","tokenurl":"/mcm/api/land?token=24c24e953c3ef34b469776b5fd40f855","imageurl":"/mcm/images/land/1S/2659_456492fa589d.jpg","landname":"81"},{"id":281474977235176,"level":1,"status":0,"posx":28,"posy":22,"cityid":8,"townid":30,"tokenid":"015271cd40fc663290c419c7118e5da7","tokenurl":"/mcm/api/land?token=015271cd40fc663290c419c7118e5da7","imageurl":"/mcm/images/land/1S/2660_523a15b7281b.jpg","landname":"82"},{"id":281474977235177,"level":1,"status":1,"posx":29,"posy":22,"cityid":8,"townid":30,"tokenid":"c2d97aea3eb4b2c042b2d42558249859","tokenurl":"/mcm/api/land?token=c2d97aea3eb4b2c042b2d42558249859","imageurl":"/mcm/images/land/1S/2661_4dcc1800c2db.jpg","landname":"83"},{"id":281474977235178,"level":1,"status":0,"posx":30,"posy":22,"cityid":8,"townid":30,"tokenid":"6dfe8a2bdec67ddeb879d2b6116b4a9b","tokenurl":"/mcm/api/land?token=6dfe8a2bdec67ddeb879d2b6116b4a9b","imageurl":"/mcm/images/land/1S/2662_442cac0e579e.jpg","landname":"84"},{"id":281474977235179,"level":1,"status":1,"posx":31,"posy":22,"cityid":8,"townid":30,"tokenid":"90436bd08f0f4653fed37798f1d0d7a8","tokenurl":"/mcm/api/land?token=90436bd08f0f4653fed37798f1d0d7a8","imageurl":"/mcm/images/land/1S/2663_1004a4a9c135.jpg","landname":"85"},{"id":281474977235180,"level":1,"status":0,"posx":27,"posy":23,"cityid":8,"townid":30,"tokenid":"99e68749afdbc0f340cf6b04f4197246","tokenurl":"/mcm/api/land?token=99e68749afdbc0f340cf6b04f4197246","imageurl":"/mcm/images/land/1S/2664_2946ed38139d.jpg","landname":"86"},{"id":281474977235181,"level":3,"status":1,"posx":28,"posy":23,"cityid":8,"townid":30,"tokenid":"3229c8561b05de3c1880eace8ed36874","tokenurl":"/mcm/api/land?token=3229c8561b05de3c1880eace8ed36874","imageurl":"/mcm/images/land/1B/446_4e4606ad46c0.jpg","landname":"87"},{"id":281474977235182,"level":1,"status":0,"posx":29,"posy":23,"cityid":8,"townid":30,"tokenid":"9bc3aa8c7c317389e614b93430037851","tokenurl":"/mcm/api/land?token=9bc3aa8c7c317389e614b93430037851","imageurl":"/mcm/images/land/1S/2665_38be49e15650.jpg","landname":"88"},{"id":281474977235183,"level":1,"status":1,"posx":30,"posy":23,"cityid":8,"townid":30,"tokenid":"29fba854811d1ee557d27de402066bca","tokenurl":"/mcm/api/land?token=29fba854811d1ee557d27de402066bca","imageurl":"/mcm/images/land/1S/2666_405a2d77ebff.jpg","landname":"89"},{"id":281474977235184,"level":2,"status":0,"posx":31,"posy":23,"cityid":8,"townid":30,"tokenid":"29976845fde61e6104e8d8ce1665f5f3","tokenurl":"/mcm/api/land?token=29976845fde61e6104e8d8ce1665f5f3","imageurl":"/mcm/images/land/1A/1331_27b1727800cc.jpg","landname":"90"},{"id":281474977235185,"level":3,"status":1,"posx":8,"posy":24,"cityid":8,"townid":30,"tokenid":"4a0034482a4a72595a982f0dbcc6970b","tokenurl":"/mcm/api/land?token=4a0034482a4a72595a982f0dbcc6970b","imageurl":"/mcm/images/land/1B/447_4cf2e1462d97.jpg","landname":"91"},{"id":281474977235186,"level":1,"status":1,"posx":9,"posy":24,"cityid":8,"townid":30,"tokenid":"252070672bbd374bb91f573e95d4cd7e","tokenurl":"/mcm/api/land?token=252070672bbd374bb91f573e95d4cd7e","imageurl":"/mcm/images/land/1S/2667_50462e4be6ed.jpg","landname":"92"},{"id":281474977235187,"level":2,"status":0,"posx":10,"posy":24,"cityid":8,"townid":30,"tokenid":"6546e728df8923d03e71f986b2964ba3","tokenurl":"/mcm/api/land?token=6546e728df8923d03e71f986b2964ba3","imageurl":"/mcm/images/land/1A/1332_395242ef51.jpg","landname":"93"},{"id":281474977235188,"level":3,"status":1,"posx":11,"posy":24,"cityid":8,"townid":30,"tokenid":"9c3f49e32228f0dae3c142aa52cc3774","tokenurl":"/mcm/api/land?token=9c3f49e32228f0dae3c142aa52cc3774","imageurl":"/mcm/images/land/1B/448_37cc8b47ed5d.jpg","landname":"94"},{"id":281474977235189,"level":1,"status":0,"posx":12,"posy":24,"cityid":8,"townid":30,"tokenid":"695945d10ff6f7d4e9baee8e63c7a888","tokenurl":"/mcm/api/land?token=695945d10ff6f7d4e9baee8e63c7a888","imageurl":"/mcm/images/land/1S/2668_420a7aad9530.jpg","landname":"95"},{"id":281474977235190,"level":1,"status":1,"posx":17,"posy":24,"cityid":8,"townid":30,"tokenid":"5eba73e048576f481ac9f00102037a3c","tokenurl":"/mcm/api/land?token=5eba73e048576f481ac9f00102037a3c","imageurl":"/mcm/images/land/1S/2669_537a28b1b171.jpg","landname":"96"},{"id":281474977235191,"level":2,"status":1,"posx":18,"posy":24,"cityid":8,"townid":30,"tokenid":"0f02def3665c3b1b1b1f0d9b3a5345f5","tokenurl":"/mcm/api/land?token=0f02def3665c3b1b1b1f0d9b3a5345f5","imageurl":"/mcm/images/land/1A/1333_3088c110a0cd.jpg","landname":"97"},{"id":281474977235192,"level":1,"status":0,"posx":19,"posy":24,"cityid":8,"townid":30,"tokenid":"dba08cdc8fabadededaef088e04c35f2","tokenurl":"/mcm/api/land?token=dba08cdc8fabadededaef088e04c35f2","imageurl":"/mcm/images/land/1S/2670_1a809622d0c.jpg","landname":"98"},{"id":281474977235193,"level":1,"status":0,"posx":20,"posy":24,"cityid":8,"townid":30,"tokenid":"99f1798867e7a7b19e3a81a2a8e38d8d","tokenurl":"/mcm/api/land?token=99f1798867e7a7b19e3a81a2a8e38d8d","imageurl":"/mcm/images/land/1S/2671_502047554690.jpg","landname":"99"},{"id":281474977235194,"level":2,"status":1,"posx":21,"posy":24,"cityid":8,"townid":30,"tokenid":"a411defdfadb2973b600af581c96be2f","tokenurl":"/mcm/api/land?token=a411defdfadb2973b600af581c96be2f","imageurl":"/mcm/images/land/1A/1334_3edc4acd060a.jpg","landname":"100"},{"id":281474977235195,"level":1,"status":1,"posx":8,"posy":25,"cityid":8,"townid":30,"tokenid":"b6c4ca6afd1f817091b2465e29b35fc2","tokenurl":"/mcm/api/land?token=b6c4ca6afd1f817091b2465e29b35fc2","imageurl":"/mcm/images/land/1S/2672_16d968462343.jpg","landname":"101"},{"id":281474977235196,"level":2,"status":0,"posx":9,"posy":25,"cityid":8,"townid":30,"tokenid":"f2834ed88e71a52c624c7de3b90911f2","tokenurl":"/mcm/api/land?token=f2834ed88e71a52c624c7de3b90911f2","imageurl":"/mcm/images/land/1A/1335_5168673c9340.jpg","landname":"102"},{"id":281474977235197,"level":1,"status":0,"posx":10,"posy":25,"cityid":8,"townid":30,"tokenid":"1f0aa9e9813dcc6302d553053b9f188a","tokenurl":"/mcm/api/land?token=1f0aa9e9813dcc6302d553053b9f188a","imageurl":"/mcm/images/land/1S/2673_54e93eb90cae.jpg","landname":"103"},{"id":281474977235198,"level":3,"status":0,"posx":11,"posy":25,"cityid":8,"townid":30,"tokenid":"2650bb43379f89edec742375d9c9a632","tokenurl":"/mcm/api/land?token=2650bb43379f89edec742375d9c9a632","imageurl":"/mcm/images/land/1B/449_12430ea959e8.jpg","landname":"104"},{"id":281474977235199,"level":1,"status":0,"posx":12,"posy":25,"cityid":8,"townid":30,"tokenid":"ac1575b11f316791a20dc7af11283018","tokenurl":"/mcm/api/land?token=ac1575b11f316791a20dc7af11283018","imageurl":"/mcm/images/land/1S/2674_527c9c0c7e88.jpg","landname":"105"},{"id":281474977235200,"level":1,"status":0,"posx":17,"posy":25,"cityid":8,"townid":30,"tokenid":"c092771cf80faff74bf0fa29c8d7bd2a","tokenurl":"/mcm/api/land?token=c092771cf80faff74bf0fa29c8d7bd2a","imageurl":"/mcm/images/land/1S/2675_29b64b36a806.jpg","landname":"106"},{"id":281474977235201,"level":1,"status":1,"posx":18,"posy":25,"cityid":8,"townid":30,"tokenid":"5c60cdee156c7768e12cbd7376588b85","tokenurl":"/mcm/api/land?token=5c60cdee156c7768e12cbd7376588b85","imageurl":"/mcm/images/land/1S/2676_36734a9bfc6e.jpg","landname":"107"},{"id":281474977235202,"level":1,"status":1,"posx":19,"posy":25,"cityid":8,"townid":30,"tokenid":"9b143465b41eb26f5a459be0a1562ef3","tokenurl":"/mcm/api/land?token=9b143465b41eb26f5a459be0a1562ef3","imageurl":"/mcm/images/land/1S/2677_2bf4e1d36479.jpg","landname":"108"},{"id":281474977235203,"level":2,"status":0,"posx":20,"posy":25,"cityid":8,"townid":30,"tokenid":"9cca88faac6b8370160219e84d867381","tokenurl":"/mcm/api/land?token=9cca88faac6b8370160219e84d867381","imageurl":"/mcm/images/land/1A/1336_315704d65596.jpg","landname":"109"},{"id":281474977235204,"level":2,"status":1,"posx":21,"posy":25,"cityid":8,"townid":30,"tokenid":"2d7282d6d6f395aec1cd2052acf592c2","tokenurl":"/mcm/api/land?token=2d7282d6d6f395aec1cd2052acf592c2","imageurl":"/mcm/images/land/1A/1337_3dc7b0a703ed.jpg","landname":"110"},{"id":281474977235205,"level":2,"status":1,"posx":27,"posy":26,"cityid":8,"townid":30,"tokenid":"3d0e522bccfd2bdcbbd0749c6d41cad3","tokenurl":"/mcm/api/land?token=3d0e522bccfd2bdcbbd0749c6d41cad3","imageurl":"/mcm/images/land/1A/1338_4cd1db8ea413.jpg","landname":"111"},{"id":281474977235206,"level":3,"status":0,"posx":28,"posy":26,"cityid":8,"townid":30,"tokenid":"31644852dc799a42eb902a7a63c497a0","tokenurl":"/mcm/api/land?token=31644852dc799a42eb902a7a63c497a0","imageurl":"/mcm/images/land/1B/450_7fdbf6c4a1.jpg","landname":"112"},{"id":281474977235207,"level":2,"status":1,"posx":27,"posy":27,"cityid":8,"townid":30,"tokenid":"15fdd7e2c476e92a3be15a69cd3842af","tokenurl":"/mcm/api/land?token=15fdd7e2c476e92a3be15a69cd3842af","imageurl":"/mcm/images/land/1A/1339_2cc8841d23d8.jpg","landname":"113"},{"id":281474977235208,"level":1,"status":1,"posx":28,"posy":27,"cityid":8,"townid":30,"tokenid":"b2279013c0becdad74d3317f135b7c2b","tokenurl":"/mcm/api/land?token=b2279013c0becdad74d3317f135b7c2b","imageurl":"/mcm/images/land/1S/2678_3237bc481e88.jpg","landname":"114"},{"id":281474977235209,"level":1,"status":1,"posx":32,"posy":27,"cityid":8,"townid":30,"tokenid":"5e5b5156fc9b0093a061515f7131b9cf","tokenurl":"/mcm/api/land?token=5e5b5156fc9b0093a061515f7131b9cf","imageurl":"/mcm/images/land/1S/2679_269509f7342f.jpg","landname":"115"},{"id":281474977235210,"level":2,"status":0,"posx":33,"posy":27,"cityid":8,"townid":30,"tokenid":"2fd2b1452538f5deb5347ae27145394b","tokenurl":"/mcm/api/land?token=2fd2b1452538f5deb5347ae27145394b","imageurl":"/mcm/images/land/1A/1340_1e0f3bf5fa50.jpg","landname":"116"},{"id":281474977235211,"level":2,"status":0,"posx":8,"posy":28,"cityid":8,"townid":30,"tokenid":"e528129cf4375cc761c225a0bd81e0bb","tokenurl":"/mcm/api/land?token=e528129cf4375cc761c225a0bd81e0bb","imageurl":"/mcm/images/land/1A/1341_d2693ee088f.jpg","landname":"117"},{"id":281474977235212,"level":2,"status":0,"posx":9,"posy":28,"cityid":8,"townid":30,"tokenid":"23c21fd7f43cdef61bdf337126c5b9b6","tokenurl":"/mcm/api/land?token=23c21fd7f43cdef61bdf337126c5b9b6","imageurl":"/mcm/images/land/1A/1342_2b0f0418e366.jpg","landname":"118"},{"id":281474977235213,"level":1,"status":1,"posx":10,"posy":28,"cityid":8,"townid":30,"tokenid":"64d2b72e48aaeb444c8ee706aa9dd017","tokenurl":"/mcm/api/land?token=64d2b72e48aaeb444c8ee706aa9dd017","imageurl":"/mcm/images/land/1S/2680_3b4bfb946946.jpg","landname":"119"},{"id":281474977235214,"level":2,"status":0,"posx":11,"posy":28,"cityid":8,"townid":30,"tokenid":"cb55995b669cb02e8ed76b9d7ec82e1b","tokenurl":"/mcm/api/land?token=cb55995b669cb02e8ed76b9d7ec82e1b","imageurl":"/mcm/images/land/1A/1343_2740fdef7de3.jpg","landname":"120"},{"id":281474977235215,"level":1,"status":0,"posx":12,"posy":28,"cityid":8,"townid":30,"tokenid":"9d2c11f6c07734e28664a7358b5e4555","tokenurl":"/mcm/api/land?token=9d2c11f6c07734e28664a7358b5e4555","imageurl":"/mcm/images/land/1S/2681_4d61c3794fd5.jpg","landname":"121"},{"id":281474977235216,"level":1,"status":1,"posx":17,"posy":28,"cityid":8,"townid":30,"tokenid":"5b6ad6095767b9a538fb13579f09da7e","tokenurl":"/mcm/api/land?token=5b6ad6095767b9a538fb13579f09da7e","imageurl":"/mcm/images/land/1S/2682_582cbd23f66.jpg","landname":"122"},{"id":281474977235217,"level":1,"status":1,"posx":18,"posy":28,"cityid":8,"townid":30,"tokenid":"a2253f2fa298f246c2477dac1f104dcf","tokenurl":"/mcm/api/land?token=a2253f2fa298f246c2477dac1f104dcf","imageurl":"/mcm/images/land/1S/2683_54d645fd3644.jpg","landname":"123"},{"id":281474977235218,"level":2,"status":0,"posx":19,"posy":28,"cityid":8,"townid":30,"tokenid":"bcf99bf5521e26d5ad3022760f8609c4","tokenurl":"/mcm/api/land?token=bcf99bf5521e26d5ad3022760f8609c4","imageurl":"/mcm/images/land/1A/1344_b15cd0aa56.jpg","landname":"124"},{"id":281474977235219,"level":1,"status":1,"posx":20,"posy":28,"cityid":8,"townid":30,"tokenid":"bc8aee29534ff9400c70fedbd9526ce8","tokenurl":"/mcm/api/land?token=bc8aee29534ff9400c70fedbd9526ce8","imageurl":"/mcm/images/land/1S/2684_571928a5e665.jpg","landname":"125"},{"id":281474977235220,"level":1,"status":1,"posx":21,"posy":28,"cityid":8,"townid":30,"tokenid":"757facbc62a176072d2b296fe9129efd","tokenurl":"/mcm/api/land?token=757facbc62a176072d2b296fe9129efd","imageurl":"/mcm/images/land/1S/2685_376fe59676f7.jpg","landname":"126"},{"id":281474977235221,"level":2,"status":0,"posx":27,"posy":28,"cityid":8,"townid":30,"tokenid":"9a18b712097e5098fd44fcb3db3f11b0","tokenurl":"/mcm/api/land?token=9a18b712097e5098fd44fcb3db3f11b0","imageurl":"/mcm/images/land/1A/1345_1da54eacea57.jpg","landname":"127"},{"id":281474977235222,"level":1,"status":0,"posx":28,"posy":28,"cityid":8,"townid":30,"tokenid":"9ebec9258b7f60fe5953712048c953aa","tokenurl":"/mcm/api/land?token=9ebec9258b7f60fe5953712048c953aa","imageurl":"/mcm/images/land/1S/2686_2bb2452b4e36.jpg","landname":"128"},{"id":281474977235223,"level":2,"status":1,"posx":32,"posy":28,"cityid":8,"townid":30,"tokenid":"87b4233aa4b27e092f162081a2e6f7eb","tokenurl":"/mcm/api/land?token=87b4233aa4b27e092f162081a2e6f7eb","imageurl":"/mcm/images/land/1A/1346_37ee926f3b3b.jpg","landname":"129"},{"id":281474977235224,"level":1,"status":0,"posx":33,"posy":28,"cityid":8,"townid":30,"tokenid":"2276660490bda406fa82a1bcf55bc395","tokenurl":"/mcm/api/land?token=2276660490bda406fa82a1bcf55bc395","imageurl":"/mcm/images/land/1S/2687_6fdf63de0c7.jpg","landname":"130"},{"id":281474977235225,"level":1,"status":0,"posx":8,"posy":29,"cityid":8,"townid":30,"tokenid":"649c3ebf1bca46a2728ae7f06b79d260","tokenurl":"/mcm/api/land?token=649c3ebf1bca46a2728ae7f06b79d260","imageurl":"/mcm/images/land/1S/2688_3aa4955f5aa0.jpg","landname":"131"},{"id":281474977235226,"level":2,"status":1,"posx":9,"posy":29,"cityid":8,"townid":30,"tokenid":"9787a64419c5c8d134d55175c5d1461f","tokenurl":"/mcm/api/land?token=9787a64419c5c8d134d55175c5d1461f","imageurl":"/mcm/images/land/1A/1347_29b43bb13e86.jpg","landname":"132"},{"id":281474977235227,"level":1,"status":1,"posx":10,"posy":29,"cityid":8,"townid":30,"tokenid":"42de5f6a509b8ec08aa1788bbc6fd4dc","tokenurl":"/mcm/api/land?token=42de5f6a509b8ec08aa1788bbc6fd4dc","imageurl":"/mcm/images/land/1S/2689_4058d550dccc.jpg","landname":"133"},{"id":281474977235228,"level":1,"status":0,"posx":11,"posy":29,"cityid":8,"townid":30,"tokenid":"031a6dd1c16fb7a2ca85404d5be6ff04","tokenurl":"/mcm/api/land?token=031a6dd1c16fb7a2ca85404d5be6ff04","imageurl":"/mcm/images/land/1S/2690_2f4e22aa84df.jpg","landname":"134"},{"id":281474977235229,"level":1,"status":0,"posx":12,"posy":29,"cityid":8,"townid":30,"tokenid":"c5ec4cec2b8664d09a2be24d73787d9c","tokenurl":"/mcm/api/land?token=c5ec4cec2b8664d09a2be24d73787d9c","imageurl":"/mcm/images/land/1S/2691_18a12f71ceb8.jpg","landname":"135"},{"id":281474977235230,"level":2,"status":1,"posx":17,"posy":29,"cityid":8,"townid":30,"tokenid":"95bbad0b7fd872b3258b7135ef7ebf3b","tokenurl":"/mcm/api/land?token=95bbad0b7fd872b3258b7135ef7ebf3b","imageurl":"/mcm/images/land/1A/1348_323dea0b643f.jpg","landname":"136"},{"id":281474977235231,"level":2,"status":1,"posx":18,"posy":29,"cityid":8,"townid":30,"tokenid":"4f90e3df2d90bc089d97930b0f1bb1aa","tokenurl":"/mcm/api/land?token=4f90e3df2d90bc089d97930b0f1bb1aa","imageurl":"/mcm/images/land/1A/1349_50ca37fd8bb6.jpg","landname":"137"},{"id":281474977235232,"level":2,"status":1,"posx":19,"posy":29,"cityid":8,"townid":30,"tokenid":"c91b27f69c602329b466cf5f2a39d041","tokenurl":"/mcm/api/land?token=c91b27f69c602329b466cf5f2a39d041","imageurl":"/mcm/images/land/1A/1350_315c7b2f9ef6.jpg","landname":"138"},{"id":281474977235233,"level":3,"status":1,"posx":20,"posy":29,"cityid":8,"townid":30,"tokenid":"9c588f37f8e479bc3982014331155330","tokenurl":"/mcm/api/land?token=9c588f37f8e479bc3982014331155330","imageurl":"/mcm/images/land/1B/451_1e24d767763d.jpg","landname":"139"},{"id":281474977235234,"level":1,"status":1,"posx":21,"posy":29,"cityid":8,"townid":30,"tokenid":"d63f8050da3900a640751f22c89f8cae","tokenurl":"/mcm/api/land?token=d63f8050da3900a640751f22c89f8cae","imageurl":"/mcm/images/land/1S/2692_28ef1d5a7d4b.jpg","landname":"140"},{"id":281474977235235,"level":2,"status":1,"posx":27,"posy":29,"cityid":8,"townid":30,"tokenid":"d79f90363bb0df2a6024f4716afe3033","tokenurl":"/mcm/api/land?token=d79f90363bb0df2a6024f4716afe3033","imageurl":"/mcm/images/land/1A/1351_d0dbcf96de5.jpg","landname":"141"},{"id":281474977235236,"level":1,"status":1,"posx":28,"posy":29,"cityid":8,"townid":30,"tokenid":"5df3fb1ce73c2fb37768564167824a96","tokenurl":"/mcm/api/land?token=5df3fb1ce73c2fb37768564167824a96","imageurl":"/mcm/images/land/1S/2693_a8ec1d3a9b7.jpg","landname":"142"},{"id":281474977235237,"level":1,"status":1,"posx":32,"posy":29,"cityid":8,"townid":30,"tokenid":"ef5e03d9a68d011b0b46d844b43f7e86","tokenurl":"/mcm/api/land?token=ef5e03d9a68d011b0b46d844b43f7e86","imageurl":"/mcm/images/land/1S/2694_48faabbe021c.jpg","landname":"143"},{"id":281474977235238,"level":1,"status":1,"posx":33,"posy":29,"cityid":8,"townid":30,"tokenid":"f5d95db24399eb6a6834414dc715fd1a","tokenurl":"/mcm/api/land?token=f5d95db24399eb6a6834414dc715fd1a","imageurl":"/mcm/images/land/1S/2695_2136b59391d6.jpg","landname":"144"},{"id":281474977235239,"level":1,"status":1,"posx":27,"posy":30,"cityid":8,"townid":30,"tokenid":"68926b37d79e90be5bb85b501319aea3","tokenurl":"/mcm/api/land?token=68926b37d79e90be5bb85b501319aea3","imageurl":"/mcm/images/land/1S/2696_12444c86c9c8.jpg","landname":"145"},{"id":281474977235240,"level":1,"status":1,"posx":28,"posy":30,"cityid":8,"townid":30,"tokenid":"0169e245161614f913c0b7f4097e5d04","tokenurl":"/mcm/api/land?token=0169e245161614f913c0b7f4097e5d04","imageurl":"/mcm/images/land/1S/2697_28b404a70e5d.jpg","landname":"146"},{"id":281474977235241,"level":1,"status":0,"posx":32,"posy":30,"cityid":8,"townid":30,"tokenid":"4f29d3f45efd5652ca4bb274cb5c159e","tokenurl":"/mcm/api/land?token=4f29d3f45efd5652ca4bb274cb5c159e","imageurl":"/mcm/images/land/1S/2698_4059eb048729.jpg","landname":"147"},{"id":281474977235242,"level":1,"status":0,"posx":33,"posy":30,"cityid":8,"townid":30,"tokenid":"7a76d9dba617d7bc652147144fe78281","tokenurl":"/mcm/api/land?token=7a76d9dba617d7bc652147144fe78281","imageurl":"/mcm/images/land/1S/2699_9d7ffeea809.jpg","landname":"148"},{"id":281474977235243,"level":1,"status":0,"posx":32,"posy":31,"cityid":8,"townid":30,"tokenid":"f7db4a4e14aa37360bcc1e3b4168fb5f","tokenurl":"/mcm/api/land?token=f7db4a4e14aa37360bcc1e3b4168fb5f","imageurl":"/mcm/images/land/1S/2700_5973305efe8b.jpg","landname":"149"},{"id":281474977235244,"level":1,"status":1,"posx":33,"posy":31,"cityid":8,"townid":30,"tokenid":"379fa51b5a034eb766ab5a691747e429","tokenurl":"/mcm/api/land?token=379fa51b5a034eb766ab5a691747e429","imageurl":"/mcm/images/land/1S/2701_1a71257a7df6.jpg","landname":"150"}]]],0,0,[],[],[]]
