[1,0,0,[["cc.JsonAsset",["_name","json"],1]],[[0,0,1,3]],[[0,"583",[{"id":281474993356801,"level":3,"status":1,"posx":23,"posy":5,"cityid":254,"townid":583,"tokenid":"7f183c883b0b6611b1baf5cd29427b29","tokenurl":"/mcm/api/land?token=7f183c883b0b6611b1baf5cd29427b29","imageurl":"/mcm/images/land/2B/1652_306d2602356f.jpg","landname":"1"},{"id":281474993356802,"level":1,"status":1,"posx":24,"posy":5,"cityid":254,"townid":583,"tokenid":"ad6caf24bf008b00c2a9e1ae8cbf156b","tokenurl":"/mcm/api/land?token=ad6caf24bf008b00c2a9e1ae8cbf156b","imageurl":"/mcm/images/land/2S/662_2b53f1b8706e.jpg","landname":"2"},{"id":281474993356803,"level":2,"status":1,"posx":23,"posy":6,"cityid":254,"townid":583,"tokenid":"0ab5fcf2502864ce5805bd35ab1f35c4","tokenurl":"/mcm/api/land?token=0ab5fcf2502864ce5805bd35ab1f35c4","imageurl":"/mcm/images/land/2A/992_11f24ba44d0c.jpg","landname":"3"},{"id":281474993356804,"level":3,"status":0,"posx":24,"posy":6,"cityid":254,"townid":583,"tokenid":"fe61b8f4f196b9233c2bc7b742e0b1f2","tokenurl":"/mcm/api/land?token=fe61b8f4f196b9233c2bc7b742e0b1f2","imageurl":"/mcm/images/land/2B/1653_1f6a2933c75d.jpg","landname":"4"},{"id":281474993356805,"level":3,"status":0,"posx":28,"posy":6,"cityid":254,"townid":583,"tokenid":"a64c15bb6ec07a6461c74bf5259c8248","tokenurl":"/mcm/api/land?token=a64c15bb6ec07a6461c74bf5259c8248","imageurl":"/mcm/images/land/2B/1654_4ef8b12f7238.jpg","landname":"5"},{"id":281474993356806,"level":2,"status":1,"posx":29,"posy":6,"cityid":254,"townid":583,"tokenid":"e4a0e6c13e75c99d795673b6900744ea","tokenurl":"/mcm/api/land?token=e4a0e6c13e75c99d795673b6900744ea","imageurl":"/mcm/images/land/2A/993_4066c49825a.jpg","landname":"6"},{"id":281474993356807,"level":2,"status":1,"posx":23,"posy":7,"cityid":254,"townid":583,"tokenid":"9b6de7fcc034fb563465a00b650df0bf","tokenurl":"/mcm/api/land?token=9b6de7fcc034fb563465a00b650df0bf","imageurl":"/mcm/images/land/2A/994_17490c229e2f.jpg","landname":"7"},{"id":281474993356808,"level":3,"status":1,"posx":24,"posy":7,"cityid":254,"townid":583,"tokenid":"778a4d1450722143aabd2f39bd9c13b9","tokenurl":"/mcm/api/land?token=778a4d1450722143aabd2f39bd9c13b9","imageurl":"/mcm/images/land/2B/1655_22dfbe651142.jpg","landname":"8"},{"id":281474993356809,"level":1,"status":0,"posx":28,"posy":7,"cityid":254,"townid":583,"tokenid":"c5754bff6ad2a8b27c23ac3aa2a11621","tokenurl":"/mcm/api/land?token=c5754bff6ad2a8b27c23ac3aa2a11621","imageurl":"/mcm/images/land/2S/663_10d87f12a21f.jpg","landname":"9"},{"id":281474993356810,"level":3,"status":1,"posx":29,"posy":7,"cityid":254,"townid":583,"tokenid":"d77b857ea3927fd0d18243b1c1f08dd9","tokenurl":"/mcm/api/land?token=d77b857ea3927fd0d18243b1c1f08dd9","imageurl":"/mcm/images/land/2B/1656_a61cf742024.jpg","landname":"10"},{"id":281474993356811,"level":1,"status":1,"posx":32,"posy":7,"cityid":254,"townid":583,"tokenid":"1c0f8c5927eb480d77110f1afb0442e7","tokenurl":"/mcm/api/land?token=1c0f8c5927eb480d77110f1afb0442e7","imageurl":"/mcm/images/land/2S/664_5452dd50df6.jpg","landname":"11"},{"id":281474993356812,"level":2,"status":0,"posx":33,"posy":7,"cityid":254,"townid":583,"tokenid":"89c27b1a687b4d109a9f096183ea66cf","tokenurl":"/mcm/api/land?token=89c27b1a687b4d109a9f096183ea66cf","imageurl":"/mcm/images/land/2A/995_1b16c9ae8500.jpg","landname":"12"},{"id":281474993356813,"level":3,"status":0,"posx":23,"posy":8,"cityid":254,"townid":583,"tokenid":"37a43ebcc35fa0a3eccd930c87b2ad9d","tokenurl":"/mcm/api/land?token=37a43ebcc35fa0a3eccd930c87b2ad9d","imageurl":"/mcm/images/land/2B/1657_188773675233.jpg","landname":"13"},{"id":281474993356814,"level":1,"status":0,"posx":24,"posy":8,"cityid":254,"townid":583,"tokenid":"fb9c042c62bce9d43e0a8842b908c066","tokenurl":"/mcm/api/land?token=fb9c042c62bce9d43e0a8842b908c066","imageurl":"/mcm/images/land/2S/665_44de38fcacb5.jpg","landname":"14"},{"id":281474993356815,"level":3,"status":1,"posx":28,"posy":8,"cityid":254,"townid":583,"tokenid":"20d967868d6b0b6409b46576dadc1811","tokenurl":"/mcm/api/land?token=20d967868d6b0b6409b46576dadc1811","imageurl":"/mcm/images/land/2B/1658_17ee82d56f9a.jpg","landname":"15"},{"id":281474993356816,"level":3,"status":0,"posx":29,"posy":8,"cityid":254,"townid":583,"tokenid":"ce8c16e0cc3cc53f92cfcf6c0538131a","tokenurl":"/mcm/api/land?token=ce8c16e0cc3cc53f92cfcf6c0538131a","imageurl":"/mcm/images/land/2B/1659_68b52eff119.jpg","landname":"16"},{"id":281474993356817,"level":3,"status":1,"posx":32,"posy":8,"cityid":254,"townid":583,"tokenid":"2d55cb4bfd70be8742da411c2270ca28","tokenurl":"/mcm/api/land?token=2d55cb4bfd70be8742da411c2270ca28","imageurl":"/mcm/images/land/2B/1660_6b9d910e184.jpg","landname":"17"},{"id":281474993356818,"level":3,"status":1,"posx":33,"posy":8,"cityid":254,"townid":583,"tokenid":"dbc98144ea60100ee96981216c31ae65","tokenurl":"/mcm/api/land?token=dbc98144ea60100ee96981216c31ae65","imageurl":"/mcm/images/land/2B/1661_48e3b99045d6.jpg","landname":"18"},{"id":281474993356819,"level":3,"status":1,"posx":23,"posy":9,"cityid":254,"townid":583,"tokenid":"f06b1f3036fcdc429ee8b115757195e0","tokenurl":"/mcm/api/land?token=f06b1f3036fcdc429ee8b115757195e0","imageurl":"/mcm/images/land/2B/1662_39b64532aebe.jpg","landname":"19"},{"id":281474993356820,"level":1,"status":0,"posx":24,"posy":9,"cityid":254,"townid":583,"tokenid":"630d9a0868f270b0042560a7bba30bbc","tokenurl":"/mcm/api/land?token=630d9a0868f270b0042560a7bba30bbc","imageurl":"/mcm/images/land/2S/666_1f0fed35d917.jpg","landname":"20"},{"id":281474993356821,"level":3,"status":0,"posx":28,"posy":9,"cityid":254,"townid":583,"tokenid":"dfa075f4e3f22fcd46c00ed6752285ce","tokenurl":"/mcm/api/land?token=dfa075f4e3f22fcd46c00ed6752285ce","imageurl":"/mcm/images/land/2B/1663_9b490e5cf59.jpg","landname":"21"},{"id":281474993356822,"level":2,"status":0,"posx":29,"posy":9,"cityid":254,"townid":583,"tokenid":"8ffbb279f3530f01879d6526a701f8d8","tokenurl":"/mcm/api/land?token=8ffbb279f3530f01879d6526a701f8d8","imageurl":"/mcm/images/land/2A/996_2ff06900d115.jpg","landname":"22"},{"id":281474993356823,"level":3,"status":0,"posx":32,"posy":9,"cityid":254,"townid":583,"tokenid":"18015bdfa7cc5b8b3ab34acff7976200","tokenurl":"/mcm/api/land?token=18015bdfa7cc5b8b3ab34acff7976200","imageurl":"/mcm/images/land/2B/1664_50c3d37ec597.jpg","landname":"23"},{"id":281474993356824,"level":3,"status":1,"posx":33,"posy":9,"cityid":254,"townid":583,"tokenid":"be55e365dbec35c9729ddff13c85e747","tokenurl":"/mcm/api/land?token=be55e365dbec35c9729ddff13c85e747","imageurl":"/mcm/images/land/2B/1665_243e3bca171d.jpg","landname":"24"},{"id":281474993356825,"level":3,"status":1,"posx":6,"posy":10,"cityid":254,"townid":583,"tokenid":"8b13b86452b8f8c22ab2e5ca2c4269f4","tokenurl":"/mcm/api/land?token=8b13b86452b8f8c22ab2e5ca2c4269f4","imageurl":"/mcm/images/land/2B/1666_375d56b9c823.jpg","landname":"25"},{"id":281474993356826,"level":3,"status":0,"posx":7,"posy":10,"cityid":254,"townid":583,"tokenid":"ed59a09dd423104ebb4316a806633b4d","tokenurl":"/mcm/api/land?token=ed59a09dd423104ebb4316a806633b4d","imageurl":"/mcm/images/land/2B/1667_24a0121ba8e9.jpg","landname":"26"},{"id":281474993356827,"level":1,"status":1,"posx":28,"posy":10,"cityid":254,"townid":583,"tokenid":"9317e0a95ddf137ac151b57603c9b4b4","tokenurl":"/mcm/api/land?token=9317e0a95ddf137ac151b57603c9b4b4","imageurl":"/mcm/images/land/2S/667_6b4dc5b611a.jpg","landname":"27"},{"id":281474993356828,"level":1,"status":1,"posx":29,"posy":10,"cityid":254,"townid":583,"tokenid":"20666db53fb3cae31b7459f98c8d9b4c","tokenurl":"/mcm/api/land?token=20666db53fb3cae31b7459f98c8d9b4c","imageurl":"/mcm/images/land/2S/668_10633f908d56.jpg","landname":"28"},{"id":281474993356829,"level":1,"status":1,"posx":32,"posy":10,"cityid":254,"townid":583,"tokenid":"ae9a405ac277d2e5a1d0595fa7f56b87","tokenurl":"/mcm/api/land?token=ae9a405ac277d2e5a1d0595fa7f56b87","imageurl":"/mcm/images/land/2S/669_fb31346622e.jpg","landname":"29"},{"id":281474993356830,"level":3,"status":1,"posx":33,"posy":10,"cityid":254,"townid":583,"tokenid":"718acc8d79f6d901db8c99999b3e9242","tokenurl":"/mcm/api/land?token=718acc8d79f6d901db8c99999b3e9242","imageurl":"/mcm/images/land/2B/1668_19fdeb9a2c62.jpg","landname":"30"},{"id":281474993356831,"level":2,"status":1,"posx":6,"posy":11,"cityid":254,"townid":583,"tokenid":"719d2d4dadb21cf7f9451fb7698ebb8b","tokenurl":"/mcm/api/land?token=719d2d4dadb21cf7f9451fb7698ebb8b","imageurl":"/mcm/images/land/2A/997_3f9eb9eb840d.jpg","landname":"31"},{"id":281474993356832,"level":3,"status":0,"posx":7,"posy":11,"cityid":254,"townid":583,"tokenid":"6a9d28fcbecad6a96239dc5cecbf4880","tokenurl":"/mcm/api/land?token=6a9d28fcbecad6a96239dc5cecbf4880","imageurl":"/mcm/images/land/2B/1669_28cc744c18f8.jpg","landname":"32"},{"id":281474993356833,"level":1,"status":1,"posx":9,"posy":11,"cityid":254,"townid":583,"tokenid":"02ccdd3f46f473e814afa6b669c65494","tokenurl":"/mcm/api/land?token=02ccdd3f46f473e814afa6b669c65494","imageurl":"/mcm/images/land/2S/670_1d809e65c919.jpg","landname":"33"},{"id":281474993356834,"level":3,"status":1,"posx":10,"posy":11,"cityid":254,"townid":583,"tokenid":"d15678d49f81cf8bd9d6539e3c150319","tokenurl":"/mcm/api/land?token=d15678d49f81cf8bd9d6539e3c150319","imageurl":"/mcm/images/land/2B/1670_4140c72652dc.jpg","landname":"34"},{"id":281474993356835,"level":2,"status":0,"posx":11,"posy":11,"cityid":254,"townid":583,"tokenid":"abe01f7757fa56e69e4a78f1ef780083","tokenurl":"/mcm/api/land?token=abe01f7757fa56e69e4a78f1ef780083","imageurl":"/mcm/images/land/2A/998_29f66720a583.jpg","landname":"35"},{"id":281474993356836,"level":2,"status":0,"posx":12,"posy":11,"cityid":254,"townid":583,"tokenid":"3ff48fa3f961ac9a5b5e57d87d607860","tokenurl":"/mcm/api/land?token=3ff48fa3f961ac9a5b5e57d87d607860","imageurl":"/mcm/images/land/2A/999_2ba1d4e3f7fb.jpg","landname":"36"},{"id":281474993356837,"level":2,"status":0,"posx":13,"posy":11,"cityid":254,"townid":583,"tokenid":"4331a4ea02164eb7199d351b71f185bb","tokenurl":"/mcm/api/land?token=4331a4ea02164eb7199d351b71f185bb","imageurl":"/mcm/images/land/2A/1000_25b4c6dc421e.jpg","landname":"37"},{"id":281474993356838,"level":3,"status":1,"posx":32,"posy":11,"cityid":254,"townid":583,"tokenid":"a9d2214a1d1d03cef8cd3afacd06d149","tokenurl":"/mcm/api/land?token=a9d2214a1d1d03cef8cd3afacd06d149","imageurl":"/mcm/images/land/2B/1671_2a06400e0328.jpg","landname":"38"},{"id":281474993356839,"level":3,"status":0,"posx":33,"posy":11,"cityid":254,"townid":583,"tokenid":"86f9752ca97e583749e5f162b3051b23","tokenurl":"/mcm/api/land?token=86f9752ca97e583749e5f162b3051b23","imageurl":"/mcm/images/land/2B/1672_3e3800c344bc.jpg","landname":"39"},{"id":281474993356840,"level":3,"status":1,"posx":6,"posy":12,"cityid":254,"townid":583,"tokenid":"6af9f230ec44d1fdb9f1a05d0d0dd3fa","tokenurl":"/mcm/api/land?token=6af9f230ec44d1fdb9f1a05d0d0dd3fa","imageurl":"/mcm/images/land/2B/1673_3652cf308d37.jpg","landname":"40"},{"id":281474993356841,"level":2,"status":0,"posx":7,"posy":12,"cityid":254,"townid":583,"tokenid":"f780dfbe1ccda8a8e2fb6c46fe865d0a","tokenurl":"/mcm/api/land?token=f780dfbe1ccda8a8e2fb6c46fe865d0a","imageurl":"/mcm/images/land/2A/1001_4c806757b88a.jpg","landname":"41"},{"id":281474993356842,"level":3,"status":0,"posx":9,"posy":12,"cityid":254,"townid":583,"tokenid":"3945059013a44e15c3c6ffc8b6f79b6d","tokenurl":"/mcm/api/land?token=3945059013a44e15c3c6ffc8b6f79b6d","imageurl":"/mcm/images/land/2B/1674_17b76f7eb8c9.jpg","landname":"42"},{"id":281474993356843,"level":3,"status":0,"posx":10,"posy":12,"cityid":254,"townid":583,"tokenid":"b16f77d9c9f76535518fb4bf727646f9","tokenurl":"/mcm/api/land?token=b16f77d9c9f76535518fb4bf727646f9","imageurl":"/mcm/images/land/2B/1675_245303357199.jpg","landname":"43"},{"id":281474993356844,"level":2,"status":1,"posx":11,"posy":12,"cityid":254,"townid":583,"tokenid":"9e3a72c67ed4ac9daaf8ac62de8dd8e6","tokenurl":"/mcm/api/land?token=9e3a72c67ed4ac9daaf8ac62de8dd8e6","imageurl":"/mcm/images/land/2A/1002_2d30027ca856.jpg","landname":"44"},{"id":281474993356845,"level":3,"status":1,"posx":12,"posy":12,"cityid":254,"townid":583,"tokenid":"4379b39cc462de23e1bf7372aeb5d04a","tokenurl":"/mcm/api/land?token=4379b39cc462de23e1bf7372aeb5d04a","imageurl":"/mcm/images/land/2B/1676_2c6f47ae1cad.jpg","landname":"45"},{"id":281474993356846,"level":3,"status":1,"posx":13,"posy":12,"cityid":254,"townid":583,"tokenid":"7ebcfad5d750cebb57b86bfc95882e45","tokenurl":"/mcm/api/land?token=7ebcfad5d750cebb57b86bfc95882e45","imageurl":"/mcm/images/land/2B/1677_2b449c33d79e.jpg","landname":"46"},{"id":281474993356847,"level":3,"status":0,"posx":6,"posy":13,"cityid":254,"townid":583,"tokenid":"f1a25bc513602c8836f3a57e052100a7","tokenurl":"/mcm/api/land?token=f1a25bc513602c8836f3a57e052100a7","imageurl":"/mcm/images/land/2B/1678_17116d48393d.jpg","landname":"47"},{"id":281474993356848,"level":3,"status":0,"posx":7,"posy":13,"cityid":254,"townid":583,"tokenid":"b0f0621afff053e07c8548c85907c6fc","tokenurl":"/mcm/api/land?token=b0f0621afff053e07c8548c85907c6fc","imageurl":"/mcm/images/land/2B/1679_140729bb0e22.jpg","landname":"48"},{"id":281474993356849,"level":3,"status":0,"posx":6,"posy":14,"cityid":254,"townid":583,"tokenid":"0f1d591347167b000256859e56e9b468","tokenurl":"/mcm/api/land?token=0f1d591347167b000256859e56e9b468","imageurl":"/mcm/images/land/2B/1680_268377e5a302.jpg","landname":"49"},{"id":281474993356850,"level":3,"status":0,"posx":7,"posy":14,"cityid":254,"townid":583,"tokenid":"141bbd2c884c02d1036f0a0a3d1e6d4e","tokenurl":"/mcm/api/land?token=141bbd2c884c02d1036f0a0a3d1e6d4e","imageurl":"/mcm/images/land/2B/1681_4ee370d7aa46.jpg","landname":"50"},{"id":281474993356851,"level":2,"status":0,"posx":10,"posy":15,"cityid":254,"townid":583,"tokenid":"5b0a8eac34e1c5932c0736e2b983dd47","tokenurl":"/mcm/api/land?token=5b0a8eac34e1c5932c0736e2b983dd47","imageurl":"/mcm/images/land/2A/1003_2160812967ff.jpg","landname":"51"},{"id":281474993356852,"level":1,"status":1,"posx":11,"posy":15,"cityid":254,"townid":583,"tokenid":"e20aa65b511b4d2c8fcaf28d7f11ae2c","tokenurl":"/mcm/api/land?token=e20aa65b511b4d2c8fcaf28d7f11ae2c","imageurl":"/mcm/images/land/2S/671_23c0fcdb33af.jpg","landname":"52"},{"id":281474993356853,"level":3,"status":1,"posx":12,"posy":15,"cityid":254,"townid":583,"tokenid":"6f028736cd3dba4b7fa1136954614b47","tokenurl":"/mcm/api/land?token=6f028736cd3dba4b7fa1136954614b47","imageurl":"/mcm/images/land/2B/1682_1f72362d549c.jpg","landname":"53"},{"id":281474993356854,"level":3,"status":1,"posx":13,"posy":15,"cityid":254,"townid":583,"tokenid":"f129892f01004752a4eef27e9a889317","tokenurl":"/mcm/api/land?token=f129892f01004752a4eef27e9a889317","imageurl":"/mcm/images/land/2B/1683_2be62133ef29.jpg","landname":"54"},{"id":281474993356855,"level":1,"status":0,"posx":14,"posy":15,"cityid":254,"townid":583,"tokenid":"821aa3f1a4ad47227c19b18747500cd9","tokenurl":"/mcm/api/land?token=821aa3f1a4ad47227c19b18747500cd9","imageurl":"/mcm/images/land/2S/672_2d330abf478f.jpg","landname":"55"},{"id":281474993356856,"level":1,"status":0,"posx":10,"posy":16,"cityid":254,"townid":583,"tokenid":"dfbc81801339c36e92da28079036d062","tokenurl":"/mcm/api/land?token=dfbc81801339c36e92da28079036d062","imageurl":"/mcm/images/land/2S/673_54d1624c2248.jpg","landname":"56"},{"id":281474993356857,"level":3,"status":1,"posx":11,"posy":16,"cityid":254,"townid":583,"tokenid":"b421fb090fd2c787c4d8690e101d9ec3","tokenurl":"/mcm/api/land?token=b421fb090fd2c787c4d8690e101d9ec3","imageurl":"/mcm/images/land/2B/1684_2bc4478cd612.jpg","landname":"57"},{"id":281474993356858,"level":2,"status":1,"posx":12,"posy":16,"cityid":254,"townid":583,"tokenid":"a6ddb26676eb8921a4725a0cd5c31269","tokenurl":"/mcm/api/land?token=a6ddb26676eb8921a4725a0cd5c31269","imageurl":"/mcm/images/land/2A/1004_1836bc3ce047.jpg","landname":"58"},{"id":281474993356859,"level":2,"status":0,"posx":13,"posy":16,"cityid":254,"townid":583,"tokenid":"f1e3c53dfbface40aeb269cff9fbe0bb","tokenurl":"/mcm/api/land?token=f1e3c53dfbface40aeb269cff9fbe0bb","imageurl":"/mcm/images/land/2A/1005_433bdd7cc20d.jpg","landname":"59"},{"id":281474993356860,"level":3,"status":1,"posx":14,"posy":16,"cityid":254,"townid":583,"tokenid":"d926920cc89ba36cbf55eb672e05311f","tokenurl":"/mcm/api/land?token=d926920cc89ba36cbf55eb672e05311f","imageurl":"/mcm/images/land/2B/1685_3259114a6ae2.jpg","landname":"60"},{"id":281474993356861,"level":3,"status":1,"posx":5,"posy":17,"cityid":254,"townid":583,"tokenid":"1da73f3a5492510ae3c060ea4e8595e2","tokenurl":"/mcm/api/land?token=1da73f3a5492510ae3c060ea4e8595e2","imageurl":"/mcm/images/land/2B/1686_382978795940.jpg","landname":"61"},{"id":281474993356862,"level":3,"status":0,"posx":6,"posy":17,"cityid":254,"townid":583,"tokenid":"5fdd06f2b0a330fb956d50c71da0f0e9","tokenurl":"/mcm/api/land?token=5fdd06f2b0a330fb956d50c71da0f0e9","imageurl":"/mcm/images/land/2B/1687_32d1fc6f3088.jpg","landname":"62"},{"id":281474993356863,"level":1,"status":1,"posx":7,"posy":17,"cityid":254,"townid":583,"tokenid":"ead0e0e4f2741e51d7659c8d4649ffdb","tokenurl":"/mcm/api/land?token=ead0e0e4f2741e51d7659c8d4649ffdb","imageurl":"/mcm/images/land/2S/674_58f6019ba218.jpg","landname":"63"},{"id":281474993356864,"level":3,"status":1,"posx":8,"posy":17,"cityid":254,"townid":583,"tokenid":"3d0c254b8bb119a84467fbfc4bfec1ab","tokenurl":"/mcm/api/land?token=3d0c254b8bb119a84467fbfc4bfec1ab","imageurl":"/mcm/images/land/2B/1688_32597ee8a051.jpg","landname":"64"},{"id":281474993356865,"level":2,"status":1,"posx":9,"posy":17,"cityid":254,"townid":583,"tokenid":"9f01a0870384bfa2cb25bfe4c25a7566","tokenurl":"/mcm/api/land?token=9f01a0870384bfa2cb25bfe4c25a7566","imageurl":"/mcm/images/land/2A/1006_1ba66dfee847.jpg","landname":"65"},{"id":281474993356866,"level":2,"status":1,"posx":5,"posy":18,"cityid":254,"townid":583,"tokenid":"2a2ea8dbfbc96a5eaec816d3477b5500","tokenurl":"/mcm/api/land?token=2a2ea8dbfbc96a5eaec816d3477b5500","imageurl":"/mcm/images/land/2A/1007_1ea655f2300e.jpg","landname":"66"},{"id":281474993356867,"level":2,"status":1,"posx":6,"posy":18,"cityid":254,"townid":583,"tokenid":"b6c87778bd089c43de2d7a5ba56ccdc6","tokenurl":"/mcm/api/land?token=b6c87778bd089c43de2d7a5ba56ccdc6","imageurl":"/mcm/images/land/2A/1008_1de1c374cb5b.jpg","landname":"67"},{"id":281474993356868,"level":2,"status":0,"posx":7,"posy":18,"cityid":254,"townid":583,"tokenid":"27c43ab2cae8d2486b67383cbe110d5e","tokenurl":"/mcm/api/land?token=27c43ab2cae8d2486b67383cbe110d5e","imageurl":"/mcm/images/land/2A/1009_58b1ff71d51a.jpg","landname":"68"},{"id":281474993356869,"level":3,"status":0,"posx":8,"posy":18,"cityid":254,"townid":583,"tokenid":"c457621e30ffbe2367761013d8765f0e","tokenurl":"/mcm/api/land?token=c457621e30ffbe2367761013d8765f0e","imageurl":"/mcm/images/land/2B/1689_3dc004b743bd.jpg","landname":"69"},{"id":281474993356870,"level":1,"status":0,"posx":9,"posy":18,"cityid":254,"townid":583,"tokenid":"dd5cba7811325737563eacd45cd482fe","tokenurl":"/mcm/api/land?token=dd5cba7811325737563eacd45cd482fe","imageurl":"/mcm/images/land/2S/675_22edf1aa4e39.jpg","landname":"70"},{"id":281474993356871,"level":3,"status":1,"posx":28,"posy":20,"cityid":254,"townid":583,"tokenid":"7cd488143dedaaa9ff1fa7309c5caf81","tokenurl":"/mcm/api/land?token=7cd488143dedaaa9ff1fa7309c5caf81","imageurl":"/mcm/images/land/2B/1690_42d9451dbd53.jpg","landname":"71"},{"id":281474993356872,"level":2,"status":0,"posx":29,"posy":20,"cityid":254,"townid":583,"tokenid":"12c388f0604ab3c8c9efcc0e2eef92f7","tokenurl":"/mcm/api/land?token=12c388f0604ab3c8c9efcc0e2eef92f7","imageurl":"/mcm/images/land/2A/1010_40bddc506a8b.jpg","landname":"72"},{"id":281474993356873,"level":1,"status":0,"posx":32,"posy":20,"cityid":254,"townid":583,"tokenid":"818675dd832cfe1fdbd7050285bfb36e","tokenurl":"/mcm/api/land?token=818675dd832cfe1fdbd7050285bfb36e","imageurl":"/mcm/images/land/2S/676_40edf66054f3.jpg","landname":"73"},{"id":281474993356874,"level":1,"status":1,"posx":33,"posy":20,"cityid":254,"townid":583,"tokenid":"cf85e712d295450ffeb44d0f69753573","tokenurl":"/mcm/api/land?token=cf85e712d295450ffeb44d0f69753573","imageurl":"/mcm/images/land/2S/677_193549437982.jpg","landname":"74"},{"id":281474993356875,"level":2,"status":1,"posx":28,"posy":21,"cityid":254,"townid":583,"tokenid":"8f10eabd85483aeef851aeba8d5ebfe4","tokenurl":"/mcm/api/land?token=8f10eabd85483aeef851aeba8d5ebfe4","imageurl":"/mcm/images/land/2A/1011_1f76101453b6.jpg","landname":"75"},{"id":281474993356876,"level":2,"status":0,"posx":29,"posy":21,"cityid":254,"townid":583,"tokenid":"d259f6ff0bf5550a2335f4b33cdb5c32","tokenurl":"/mcm/api/land?token=d259f6ff0bf5550a2335f4b33cdb5c32","imageurl":"/mcm/images/land/2A/1012_1e37a37c9063.jpg","landname":"76"},{"id":281474993356877,"level":3,"status":1,"posx":32,"posy":21,"cityid":254,"townid":583,"tokenid":"fc6e37355f7e12a0a64688b06a5b5879","tokenurl":"/mcm/api/land?token=fc6e37355f7e12a0a64688b06a5b5879","imageurl":"/mcm/images/land/2B/1691_2ccceefab683.jpg","landname":"77"},{"id":281474993356878,"level":2,"status":1,"posx":33,"posy":21,"cityid":254,"townid":583,"tokenid":"8bb304b27afe4a898ae95d7c638ad805","tokenurl":"/mcm/api/land?token=8bb304b27afe4a898ae95d7c638ad805","imageurl":"/mcm/images/land/2A/1013_4a05b0c73dcb.jpg","landname":"78"},{"id":281474993356879,"level":3,"status":1,"posx":28,"posy":22,"cityid":254,"townid":583,"tokenid":"2c1d1c697e379ae9a642871a8d3a89e2","tokenurl":"/mcm/api/land?token=2c1d1c697e379ae9a642871a8d3a89e2","imageurl":"/mcm/images/land/2B/1692_297528ebeb22.jpg","landname":"79"},{"id":281474993356880,"level":3,"status":1,"posx":29,"posy":22,"cityid":254,"townid":583,"tokenid":"015688c53ac1756df47f6e1342f8769c","tokenurl":"/mcm/api/land?token=015688c53ac1756df47f6e1342f8769c","imageurl":"/mcm/images/land/2B/1693_4519fec7f122.jpg","landname":"80"},{"id":281474993356881,"level":3,"status":1,"posx":32,"posy":22,"cityid":254,"townid":583,"tokenid":"1e317313b5efbd293d364120f97bdb5b","tokenurl":"/mcm/api/land?token=1e317313b5efbd293d364120f97bdb5b","imageurl":"/mcm/images/land/2B/1694_fc381965f9.jpg","landname":"81"},{"id":281474993356882,"level":3,"status":0,"posx":33,"posy":22,"cityid":254,"townid":583,"tokenid":"d68e813104b648d5b8442f47742d08b4","tokenurl":"/mcm/api/land?token=d68e813104b648d5b8442f47742d08b4","imageurl":"/mcm/images/land/2B/1695_2bcbb0771951.jpg","landname":"82"},{"id":281474993356883,"level":3,"status":0,"posx":15,"posy":23,"cityid":254,"townid":583,"tokenid":"51cd0697a71dc75dee73f0733b139908","tokenurl":"/mcm/api/land?token=51cd0697a71dc75dee73f0733b139908","imageurl":"/mcm/images/land/2B/1696_19fac04da36b.jpg","landname":"83"},{"id":281474993356884,"level":1,"status":1,"posx":16,"posy":23,"cityid":254,"townid":583,"tokenid":"80efc0cfeca5ba4782e4bfc9a3d8e710","tokenurl":"/mcm/api/land?token=80efc0cfeca5ba4782e4bfc9a3d8e710","imageurl":"/mcm/images/land/2S/678_3986e5428a8b.jpg","landname":"84"},{"id":281474993356885,"level":3,"status":0,"posx":17,"posy":23,"cityid":254,"townid":583,"tokenid":"92c4186777e4ba7fe190858d9a793be9","tokenurl":"/mcm/api/land?token=92c4186777e4ba7fe190858d9a793be9","imageurl":"/mcm/images/land/2B/1697_1e9705a84583.jpg","landname":"85"},{"id":281474993356886,"level":2,"status":1,"posx":18,"posy":23,"cityid":254,"townid":583,"tokenid":"0a6a7be02701beb592cf4817576e6c86","tokenurl":"/mcm/api/land?token=0a6a7be02701beb592cf4817576e6c86","imageurl":"/mcm/images/land/2A/1014_10fe7e6ebdda.jpg","landname":"86"},{"id":281474993356887,"level":2,"status":0,"posx":19,"posy":23,"cityid":254,"townid":583,"tokenid":"99a290c7190cff6b4029b46a15c4919f","tokenurl":"/mcm/api/land?token=99a290c7190cff6b4029b46a15c4919f","imageurl":"/mcm/images/land/2A/1015_191c8109252d.jpg","landname":"87"},{"id":281474993356888,"level":2,"status":0,"posx":28,"posy":23,"cityid":254,"townid":583,"tokenid":"79d26d5ab982ffa30e562b3a2dfaeaf8","tokenurl":"/mcm/api/land?token=79d26d5ab982ffa30e562b3a2dfaeaf8","imageurl":"/mcm/images/land/2A/1016_2d04caf83f16.jpg","landname":"88"},{"id":281474993356889,"level":3,"status":0,"posx":29,"posy":23,"cityid":254,"townid":583,"tokenid":"b7e13e8227f47b5ac58abdf571881b36","tokenurl":"/mcm/api/land?token=b7e13e8227f47b5ac58abdf571881b36","imageurl":"/mcm/images/land/2B/1698_743db3af647.jpg","landname":"89"},{"id":281474993356890,"level":3,"status":1,"posx":32,"posy":23,"cityid":254,"townid":583,"tokenid":"1c3bc464cc86bb2ded3f3d18b94f3e80","tokenurl":"/mcm/api/land?token=1c3bc464cc86bb2ded3f3d18b94f3e80","imageurl":"/mcm/images/land/2B/1699_1d1a429faf31.jpg","landname":"90"},{"id":281474993356891,"level":2,"status":0,"posx":33,"posy":23,"cityid":254,"townid":583,"tokenid":"c4159c4605d02ebe96af3a541640d581","tokenurl":"/mcm/api/land?token=c4159c4605d02ebe96af3a541640d581","imageurl":"/mcm/images/land/2A/1017_40281c71db3a.jpg","landname":"91"},{"id":281474993356892,"level":3,"status":1,"posx":15,"posy":24,"cityid":254,"townid":583,"tokenid":"d776566d77156337e2a7500ca5d4fe4e","tokenurl":"/mcm/api/land?token=d776566d77156337e2a7500ca5d4fe4e","imageurl":"/mcm/images/land/2B/1700_1029143af904.jpg","landname":"92"},{"id":281474993356893,"level":1,"status":0,"posx":16,"posy":24,"cityid":254,"townid":583,"tokenid":"0ccf50f222e91942eef713a00807ba2c","tokenurl":"/mcm/api/land?token=0ccf50f222e91942eef713a00807ba2c","imageurl":"/mcm/images/land/2S/679_5589d352db8c.jpg","landname":"93"},{"id":281474993356894,"level":1,"status":0,"posx":17,"posy":24,"cityid":254,"townid":583,"tokenid":"ea5edf23220e11cff0e7a19355a667db","tokenurl":"/mcm/api/land?token=ea5edf23220e11cff0e7a19355a667db","imageurl":"/mcm/images/land/2S/680_448ee6ae24d8.jpg","landname":"94"},{"id":281474993356895,"level":3,"status":1,"posx":18,"posy":24,"cityid":254,"townid":583,"tokenid":"bc22f7e42ddf5b33cb99a5222e419ed1","tokenurl":"/mcm/api/land?token=bc22f7e42ddf5b33cb99a5222e419ed1","imageurl":"/mcm/images/land/2B/1701_104aa51612b5.jpg","landname":"95"},{"id":281474993356896,"level":3,"status":0,"posx":19,"posy":24,"cityid":254,"townid":583,"tokenid":"d21572fa80230e909b795541ce1d03b6","tokenurl":"/mcm/api/land?token=d21572fa80230e909b795541ce1d03b6","imageurl":"/mcm/images/land/2B/1702_1e1e40f1050a.jpg","landname":"96"},{"id":281474993356897,"level":2,"status":1,"posx":28,"posy":24,"cityid":254,"townid":583,"tokenid":"cde03634c169a65631e03ff9bdc2ab81","tokenurl":"/mcm/api/land?token=cde03634c169a65631e03ff9bdc2ab81","imageurl":"/mcm/images/land/2A/1018_412bc9f03c3e.jpg","landname":"97"},{"id":281474993356898,"level":2,"status":1,"posx":29,"posy":24,"cityid":254,"townid":583,"tokenid":"fbb3182d9a50c4683cf7d2fa4be1f88b","tokenurl":"/mcm/api/land?token=fbb3182d9a50c4683cf7d2fa4be1f88b","imageurl":"/mcm/images/land/2A/1019_4fac7d66f790.jpg","landname":"98"},{"id":281474993356899,"level":1,"status":1,"posx":32,"posy":24,"cityid":254,"townid":583,"tokenid":"45482f70d91d209e3bd8ebb8e208541e","tokenurl":"/mcm/api/land?token=45482f70d91d209e3bd8ebb8e208541e","imageurl":"/mcm/images/land/2S/681_26b77b4c77f3.jpg","landname":"99"},{"id":281474993356900,"level":2,"status":0,"posx":33,"posy":24,"cityid":254,"townid":583,"tokenid":"32b47af4138fafe175b0aab7dabb7374","tokenurl":"/mcm/api/land?token=32b47af4138fafe175b0aab7dabb7374","imageurl":"/mcm/images/land/2A/1020_47dfdad2119f.jpg","landname":"100"},{"id":281474993356901,"level":1,"status":0,"posx":6,"posy":25,"cityid":254,"townid":583,"tokenid":"20fb7db2303c35b25b2f69700fadd64b","tokenurl":"/mcm/api/land?token=20fb7db2303c35b25b2f69700fadd64b","imageurl":"/mcm/images/land/2S/682_da61ceb5491.jpg","landname":"101"},{"id":281474993356902,"level":3,"status":0,"posx":7,"posy":25,"cityid":254,"townid":583,"tokenid":"0854c2ef9640766e527f1f79e17b0699","tokenurl":"/mcm/api/land?token=0854c2ef9640766e527f1f79e17b0699","imageurl":"/mcm/images/land/2B/1703_4b1fc7d20ee9.jpg","landname":"102"},{"id":281474993356903,"level":3,"status":1,"posx":6,"posy":26,"cityid":254,"townid":583,"tokenid":"9942d06d4c340d30d25f7a54a295680f","tokenurl":"/mcm/api/land?token=9942d06d4c340d30d25f7a54a295680f","imageurl":"/mcm/images/land/2B/1704_540cf3042b41.jpg","landname":"103"},{"id":281474993356904,"level":3,"status":1,"posx":7,"posy":26,"cityid":254,"townid":583,"tokenid":"95f042a14066abe2e8fa74dfadf29b6b","tokenurl":"/mcm/api/land?token=95f042a14066abe2e8fa74dfadf29b6b","imageurl":"/mcm/images/land/2B/1705_3fa6ca629cf4.jpg","landname":"104"},{"id":281474993356905,"level":3,"status":1,"posx":21,"posy":26,"cityid":254,"townid":583,"tokenid":"28eede7b6928d2c8ebe2629ccbaf6cb9","tokenurl":"/mcm/api/land?token=28eede7b6928d2c8ebe2629ccbaf6cb9","imageurl":"/mcm/images/land/2B/1706_22f2d1486f3.jpg","landname":"105"},{"id":281474993356906,"level":3,"status":0,"posx":22,"posy":26,"cityid":254,"townid":583,"tokenid":"d54d4f5a56abf5749d4b454b7eb5a202","tokenurl":"/mcm/api/land?token=d54d4f5a56abf5749d4b454b7eb5a202","imageurl":"/mcm/images/land/2B/1707_bd894c23eb2.jpg","landname":"106"},{"id":281474993356907,"level":2,"status":1,"posx":24,"posy":26,"cityid":254,"townid":583,"tokenid":"d418f0b7ef8b055addd335003d89f323","tokenurl":"/mcm/api/land?token=d418f0b7ef8b055addd335003d89f323","imageurl":"/mcm/images/land/2A/1021_4ae481250cd2.jpg","landname":"107"},{"id":281474993356908,"level":3,"status":0,"posx":25,"posy":26,"cityid":254,"townid":583,"tokenid":"c72997eb14106027f28e401b24518a5f","tokenurl":"/mcm/api/land?token=c72997eb14106027f28e401b24518a5f","imageurl":"/mcm/images/land/2B/1708_1ce287f3b17d.jpg","landname":"108"},{"id":281474993356909,"level":1,"status":0,"posx":28,"posy":26,"cityid":254,"townid":583,"tokenid":"a60805524f8187f47da1640a7e6e2300","tokenurl":"/mcm/api/land?token=a60805524f8187f47da1640a7e6e2300","imageurl":"/mcm/images/land/2S/683_3d4b8ddd749d.jpg","landname":"109"},{"id":281474993356910,"level":3,"status":0,"posx":29,"posy":26,"cityid":254,"townid":583,"tokenid":"31ddadcc10866526134e4d59c3bcf92d","tokenurl":"/mcm/api/land?token=31ddadcc10866526134e4d59c3bcf92d","imageurl":"/mcm/images/land/2B/1709_a3158937a3f.jpg","landname":"110"},{"id":281474993356911,"level":2,"status":1,"posx":32,"posy":26,"cityid":254,"townid":583,"tokenid":"b7f6de944b5c4383a2a12d44a7578b67","tokenurl":"/mcm/api/land?token=b7f6de944b5c4383a2a12d44a7578b67","imageurl":"/mcm/images/land/2A/1022_17bc3153fcdd.jpg","landname":"111"},{"id":281474993356912,"level":1,"status":0,"posx":33,"posy":26,"cityid":254,"townid":583,"tokenid":"1bd887903ceef06ddca5ee563c4e435d","tokenurl":"/mcm/api/land?token=1bd887903ceef06ddca5ee563c4e435d","imageurl":"/mcm/images/land/2S/684_90561a48896.jpg","landname":"112"},{"id":281474993356913,"level":3,"status":0,"posx":6,"posy":27,"cityid":254,"townid":583,"tokenid":"1b7d32fc3b69a7cc459366575a7de7e4","tokenurl":"/mcm/api/land?token=1b7d32fc3b69a7cc459366575a7de7e4","imageurl":"/mcm/images/land/2B/1710_1d73b8aea137.jpg","landname":"113"},{"id":281474993356914,"level":2,"status":0,"posx":7,"posy":27,"cityid":254,"townid":583,"tokenid":"0abf4cb63147859fa49a9c145c2378cb","tokenurl":"/mcm/api/land?token=0abf4cb63147859fa49a9c145c2378cb","imageurl":"/mcm/images/land/2A/1023_17a94bf353de.jpg","landname":"114"},{"id":281474993356915,"level":3,"status":0,"posx":21,"posy":27,"cityid":254,"townid":583,"tokenid":"1f11db6b09e7510df56082b85a5011f6","tokenurl":"/mcm/api/land?token=1f11db6b09e7510df56082b85a5011f6","imageurl":"/mcm/images/land/2B/1711_7d7fa7816c8.jpg","landname":"115"},{"id":281474993356916,"level":3,"status":0,"posx":22,"posy":27,"cityid":254,"townid":583,"tokenid":"21fd8a7a2433f519f55ac5d51faee1bb","tokenurl":"/mcm/api/land?token=21fd8a7a2433f519f55ac5d51faee1bb","imageurl":"/mcm/images/land/2B/1712_865db4c8633.jpg","landname":"116"},{"id":281474993356917,"level":1,"status":0,"posx":24,"posy":27,"cityid":254,"townid":583,"tokenid":"b89c19e0993e5a6abad12beda5bc63df","tokenurl":"/mcm/api/land?token=b89c19e0993e5a6abad12beda5bc63df","imageurl":"/mcm/images/land/2S/685_f7b12a53dec.jpg","landname":"117"},{"id":281474993356918,"level":1,"status":1,"posx":25,"posy":27,"cityid":254,"townid":583,"tokenid":"59873b5193cd480d007af40e4f1ed359","tokenurl":"/mcm/api/land?token=59873b5193cd480d007af40e4f1ed359","imageurl":"/mcm/images/land/2S/686_3839ba2dcbdd.jpg","landname":"118"},{"id":281474993356919,"level":2,"status":1,"posx":28,"posy":27,"cityid":254,"townid":583,"tokenid":"26f9dbd8821394e03701fcea34844513","tokenurl":"/mcm/api/land?token=26f9dbd8821394e03701fcea34844513","imageurl":"/mcm/images/land/2A/1024_22a566bd345d.jpg","landname":"119"},{"id":281474993356920,"level":2,"status":1,"posx":29,"posy":27,"cityid":254,"townid":583,"tokenid":"1534bf378f327d055d0cb29dd1cb6df1","tokenurl":"/mcm/api/land?token=1534bf378f327d055d0cb29dd1cb6df1","imageurl":"/mcm/images/land/2A/1025_b2ae021c3f3.jpg","landname":"120"},{"id":281474993356921,"level":2,"status":0,"posx":32,"posy":27,"cityid":254,"townid":583,"tokenid":"b9db53908af56c52f9a08f7146052ccc","tokenurl":"/mcm/api/land?token=b9db53908af56c52f9a08f7146052ccc","imageurl":"/mcm/images/land/2A/1026_1a0fc9ca198a.jpg","landname":"121"},{"id":281474993356922,"level":1,"status":0,"posx":33,"posy":27,"cityid":254,"townid":583,"tokenid":"e3009422347e449c91a42f4026a36cbe","tokenurl":"/mcm/api/land?token=e3009422347e449c91a42f4026a36cbe","imageurl":"/mcm/images/land/2S/687_229c97365d51.jpg","landname":"122"},{"id":281474993356923,"level":2,"status":0,"posx":6,"posy":28,"cityid":254,"townid":583,"tokenid":"fc400d7dd118dab28fea7412e84ac3da","tokenurl":"/mcm/api/land?token=fc400d7dd118dab28fea7412e84ac3da","imageurl":"/mcm/images/land/2A/1027_32f26a8149d0.jpg","landname":"123"},{"id":281474993356924,"level":1,"status":1,"posx":7,"posy":28,"cityid":254,"townid":583,"tokenid":"39047f71edca44ceaa309631e5ce9cc1","tokenurl":"/mcm/api/land?token=39047f71edca44ceaa309631e5ce9cc1","imageurl":"/mcm/images/land/2S/688_135513e074.jpg","landname":"124"},{"id":281474993356925,"level":3,"status":0,"posx":21,"posy":28,"cityid":254,"townid":583,"tokenid":"21debb4543d18e64fcdd8fe8a0be472f","tokenurl":"/mcm/api/land?token=21debb4543d18e64fcdd8fe8a0be472f","imageurl":"/mcm/images/land/2B/1713_607d478b79a.jpg","landname":"125"},{"id":281474993356926,"level":2,"status":0,"posx":22,"posy":28,"cityid":254,"townid":583,"tokenid":"220655976e12f3c0f2ccf94b548db121","tokenurl":"/mcm/api/land?token=220655976e12f3c0f2ccf94b548db121","imageurl":"/mcm/images/land/2A/1028_26ac71cd892b.jpg","landname":"126"},{"id":281474993356927,"level":3,"status":1,"posx":24,"posy":28,"cityid":254,"townid":583,"tokenid":"bce80b7f95a4d7596c09a5f27cf1cc2d","tokenurl":"/mcm/api/land?token=bce80b7f95a4d7596c09a5f27cf1cc2d","imageurl":"/mcm/images/land/2B/1714_5342b0121835.jpg","landname":"127"},{"id":281474993356928,"level":3,"status":0,"posx":25,"posy":28,"cityid":254,"townid":583,"tokenid":"fc0c1d0a10f0ec918b69c5c44e01b0a7","tokenurl":"/mcm/api/land?token=fc0c1d0a10f0ec918b69c5c44e01b0a7","imageurl":"/mcm/images/land/2B/1715_2347977e4212.jpg","landname":"128"},{"id":281474993356929,"level":1,"status":1,"posx":28,"posy":28,"cityid":254,"townid":583,"tokenid":"b62cba03fe1ab6b0f29aa45965b1c7f1","tokenurl":"/mcm/api/land?token=b62cba03fe1ab6b0f29aa45965b1c7f1","imageurl":"/mcm/images/land/2S/689_3152562b07b7.jpg","landname":"129"},{"id":281474993356930,"level":3,"status":1,"posx":29,"posy":28,"cityid":254,"townid":583,"tokenid":"93d567157c5d4c8bca581ecf5540f28e","tokenurl":"/mcm/api/land?token=93d567157c5d4c8bca581ecf5540f28e","imageurl":"/mcm/images/land/2B/1716_459839c6f755.jpg","landname":"130"},{"id":281474993356931,"level":3,"status":0,"posx":32,"posy":28,"cityid":254,"townid":583,"tokenid":"5c2f71919cbba9d53a1510ffcdb6429d","tokenurl":"/mcm/api/land?token=5c2f71919cbba9d53a1510ffcdb6429d","imageurl":"/mcm/images/land/2B/1717_45b8cb93c43a.jpg","landname":"131"},{"id":281474993356932,"level":2,"status":1,"posx":33,"posy":28,"cityid":254,"townid":583,"tokenid":"ee51d72536d0f453a111c11df9977c13","tokenurl":"/mcm/api/land?token=ee51d72536d0f453a111c11df9977c13","imageurl":"/mcm/images/land/2A/1029_1955462eab34.jpg","landname":"132"},{"id":281474993356933,"level":2,"status":1,"posx":6,"posy":29,"cityid":254,"townid":583,"tokenid":"c73d866ae6bc34acc3a3ff749a3c89b0","tokenurl":"/mcm/api/land?token=c73d866ae6bc34acc3a3ff749a3c89b0","imageurl":"/mcm/images/land/2A/1030_568e536a84ab.jpg","landname":"133"},{"id":281474993356934,"level":2,"status":1,"posx":7,"posy":29,"cityid":254,"townid":583,"tokenid":"41a185cf76cb711869375d4e084f1287","tokenurl":"/mcm/api/land?token=41a185cf76cb711869375d4e084f1287","imageurl":"/mcm/images/land/2A/1031_1cedccd57603.jpg","landname":"134"},{"id":281474993356935,"level":3,"status":1,"posx":21,"posy":29,"cityid":254,"townid":583,"tokenid":"901fd14f028d6f3d99144774df8d52c5","tokenurl":"/mcm/api/land?token=901fd14f028d6f3d99144774df8d52c5","imageurl":"/mcm/images/land/2B/1718_1e091ee16f19.jpg","landname":"135"},{"id":281474993356936,"level":2,"status":0,"posx":22,"posy":29,"cityid":254,"townid":583,"tokenid":"773693b5449154c18564d06a08ea484a","tokenurl":"/mcm/api/land?token=773693b5449154c18564d06a08ea484a","imageurl":"/mcm/images/land/2A/1032_472f8f9d1357.jpg","landname":"136"},{"id":281474993356937,"level":3,"status":0,"posx":24,"posy":29,"cityid":254,"townid":583,"tokenid":"bf6844dc347b892266668a50c6670087","tokenurl":"/mcm/api/land?token=bf6844dc347b892266668a50c6670087","imageurl":"/mcm/images/land/2B/1719_17a7cd6fc6d0.jpg","landname":"137"},{"id":281474993356938,"level":2,"status":0,"posx":25,"posy":29,"cityid":254,"townid":583,"tokenid":"70179f9a76b08519849a152708b3f403","tokenurl":"/mcm/api/land?token=70179f9a76b08519849a152708b3f403","imageurl":"/mcm/images/land/2A/1033_3f620dca3fcc.jpg","landname":"138"},{"id":281474993356939,"level":2,"status":0,"posx":28,"posy":29,"cityid":254,"townid":583,"tokenid":"c6cb0e166321b497d79ad43cce41c5cd","tokenurl":"/mcm/api/land?token=c6cb0e166321b497d79ad43cce41c5cd","imageurl":"/mcm/images/land/2A/1034_45caae541193.jpg","landname":"139"},{"id":281474993356940,"level":3,"status":1,"posx":29,"posy":29,"cityid":254,"townid":583,"tokenid":"86bd3b53274eddef51dbc470f2b2dc58","tokenurl":"/mcm/api/land?token=86bd3b53274eddef51dbc470f2b2dc58","imageurl":"/mcm/images/land/2B/1720_50bf03d56fe7.jpg","landname":"140"},{"id":281474993356941,"level":1,"status":1,"posx":32,"posy":29,"cityid":254,"townid":583,"tokenid":"db0fca31e310edbc9f29d4072db7d5e3","tokenurl":"/mcm/api/land?token=db0fca31e310edbc9f29d4072db7d5e3","imageurl":"/mcm/images/land/2S/690_3ebbf17ed92f.jpg","landname":"141"},{"id":281474993356942,"level":2,"status":1,"posx":33,"posy":29,"cityid":254,"townid":583,"tokenid":"fe4363970dce3406b7cb3317ddaa924d","tokenurl":"/mcm/api/land?token=fe4363970dce3406b7cb3317ddaa924d","imageurl":"/mcm/images/land/2A/1035_2218c0ac69fb.jpg","landname":"142"},{"id":281474993356943,"level":3,"status":1,"posx":21,"posy":30,"cityid":254,"townid":583,"tokenid":"0009d7b4e94dd7f393e29cdfec9edcc2","tokenurl":"/mcm/api/land?token=0009d7b4e94dd7f393e29cdfec9edcc2","imageurl":"/mcm/images/land/2B/1721_4106c4ead834.jpg","landname":"143"},{"id":281474993356944,"level":3,"status":0,"posx":22,"posy":30,"cityid":254,"townid":583,"tokenid":"0f63b169e4dd6ea1b2e834e181072c1c","tokenurl":"/mcm/api/land?token=0f63b169e4dd6ea1b2e834e181072c1c","imageurl":"/mcm/images/land/2B/1722_a105582ca86.jpg","landname":"144"},{"id":281474993356945,"level":3,"status":0,"posx":24,"posy":30,"cityid":254,"townid":583,"tokenid":"860b562f628214fe52c7f12b7c1d10b4","tokenurl":"/mcm/api/land?token=860b562f628214fe52c7f12b7c1d10b4","imageurl":"/mcm/images/land/2B/1723_2fff612e6951.jpg","landname":"145"},{"id":281474993356946,"level":3,"status":1,"posx":25,"posy":30,"cityid":254,"townid":583,"tokenid":"91348de1f7508dc1d68f255ac10b6170","tokenurl":"/mcm/api/land?token=91348de1f7508dc1d68f255ac10b6170","imageurl":"/mcm/images/land/2B/1724_56601454faca.jpg","landname":"146"},{"id":281474993356947,"level":2,"status":0,"posx":28,"posy":30,"cityid":254,"townid":583,"tokenid":"f3951bcafacb557f425843070c7ca7cb","tokenurl":"/mcm/api/land?token=f3951bcafacb557f425843070c7ca7cb","imageurl":"/mcm/images/land/2A/1036_513c1bd2f0c7.jpg","landname":"147"},{"id":281474993356948,"level":3,"status":0,"posx":29,"posy":30,"cityid":254,"townid":583,"tokenid":"8830abb38d8616336a9224d23d1df0ad","tokenurl":"/mcm/api/land?token=8830abb38d8616336a9224d23d1df0ad","imageurl":"/mcm/images/land/2B/1725_1bff0382a421.jpg","landname":"148"},{"id":281474993356949,"level":3,"status":0,"posx":32,"posy":30,"cityid":254,"townid":583,"tokenid":"1508d4fb793962748a46f81f27959513","tokenurl":"/mcm/api/land?token=1508d4fb793962748a46f81f27959513","imageurl":"/mcm/images/land/2B/1726_3b6c8ebb24fc.jpg","landname":"149"},{"id":281474993356950,"level":1,"status":0,"posx":33,"posy":30,"cityid":254,"townid":583,"tokenid":"c8c8e0a8b21b16bd643c364534921f9f","tokenurl":"/mcm/api/land?token=c8c8e0a8b21b16bd643c364534921f9f","imageurl":"/mcm/images/land/2S/691_b69921e3f0e.jpg","landname":"150"}]]],0,0,[],[],[]]
