[1,0,0,[["cc.JsonAsset",["_name","json"],1]],[[0,0,1,3]],[[0,"165",[{"id":281474980970497,"level":1,"status":0,"posx":6,"posy":5,"cityid":65,"townid":165,"tokenid":"b4b4ad1a86bf31894dbd13b339eb76a6","tokenurl":"/mcm/api/land?token=b4b4ad1a86bf31894dbd13b339eb76a6","imageurl":"/mcm/images/land/2S/2762_5333fffe51f5.jpg","landname":"1"},{"id":281474980970498,"level":3,"status":1,"posx":7,"posy":5,"cityid":65,"townid":165,"tokenid":"0087e9742db961279ec2325d723f638c","tokenurl":"/mcm/api/land?token=0087e9742db961279ec2325d723f638c","imageurl":"/mcm/images/land/2B/6902_533282766e92.jpg","landname":"2"},{"id":281474980970499,"level":2,"status":1,"posx":6,"posy":6,"cityid":65,"townid":165,"tokenid":"9ea4a6e26e069f037772f405fa5d10de","tokenurl":"/mcm/api/land?token=9ea4a6e26e069f037772f405fa5d10de","imageurl":"/mcm/images/land/2A/4142_4ce6e05fee1d.jpg","landname":"3"},{"id":281474980970500,"level":1,"status":0,"posx":7,"posy":6,"cityid":65,"townid":165,"tokenid":"4bd13c03583f962928e8ab054988397a","tokenurl":"/mcm/api/land?token=4bd13c03583f962928e8ab054988397a","imageurl":"/mcm/images/land/2S/2763_4e5eca2b0911.jpg","landname":"4"},{"id":281474980970501,"level":3,"status":1,"posx":18,"posy":6,"cityid":65,"townid":165,"tokenid":"5f5168716736374cce408ef1377339c2","tokenurl":"/mcm/api/land?token=5f5168716736374cce408ef1377339c2","imageurl":"/mcm/images/land/2B/6903_3aa0dda70b46.jpg","landname":"5"},{"id":281474980970502,"level":3,"status":1,"posx":19,"posy":6,"cityid":65,"townid":165,"tokenid":"7a62acf1e7fe3bfd1d9c3d91087b484b","tokenurl":"/mcm/api/land?token=7a62acf1e7fe3bfd1d9c3d91087b484b","imageurl":"/mcm/images/land/2B/6904_37ab331db75a.jpg","landname":"6"},{"id":281474980970503,"level":3,"status":0,"posx":20,"posy":6,"cityid":65,"townid":165,"tokenid":"a90f0999e25f132783c484915b3f2149","tokenurl":"/mcm/api/land?token=a90f0999e25f132783c484915b3f2149","imageurl":"/mcm/images/land/2B/6905_1dafb84748c5.jpg","landname":"7"},{"id":281474980970504,"level":2,"status":0,"posx":21,"posy":6,"cityid":65,"townid":165,"tokenid":"b1d048b31ae1a0b31bffc3ed000caf9f","tokenurl":"/mcm/api/land?token=b1d048b31ae1a0b31bffc3ed000caf9f","imageurl":"/mcm/images/land/2A/4143_78534975c32.jpg","landname":"8"},{"id":281474980970505,"level":3,"status":1,"posx":22,"posy":6,"cityid":65,"townid":165,"tokenid":"264e05d6db2c9a8c0bac1fbc8121d009","tokenurl":"/mcm/api/land?token=264e05d6db2c9a8c0bac1fbc8121d009","imageurl":"/mcm/images/land/2B/6906_2a38e071c441.jpg","landname":"9"},{"id":281474980970506,"level":3,"status":0,"posx":28,"posy":6,"cityid":65,"townid":165,"tokenid":"92fef6cbe0e024b055db8786e91427f9","tokenurl":"/mcm/api/land?token=92fef6cbe0e024b055db8786e91427f9","imageurl":"/mcm/images/land/2B/6907_38d839631a1.jpg","landname":"10"},{"id":281474980970507,"level":3,"status":1,"posx":29,"posy":6,"cityid":65,"townid":165,"tokenid":"33f6796456b7153836fc632ff33b97ea","tokenurl":"/mcm/api/land?token=33f6796456b7153836fc632ff33b97ea","imageurl":"/mcm/images/land/2B/6908_11393fb594f0.jpg","landname":"11"},{"id":281474980970508,"level":3,"status":0,"posx":31,"posy":6,"cityid":65,"townid":165,"tokenid":"08c85ca815649a61931f3029ba2436c5","tokenurl":"/mcm/api/land?token=08c85ca815649a61931f3029ba2436c5","imageurl":"/mcm/images/land/2B/6909_16d162761bc0.jpg","landname":"12"},{"id":281474980970509,"level":3,"status":0,"posx":32,"posy":6,"cityid":65,"townid":165,"tokenid":"64671850e69f057a4099bfb9e0ea9e32","tokenurl":"/mcm/api/land?token=64671850e69f057a4099bfb9e0ea9e32","imageurl":"/mcm/images/land/2B/6910_581ce3beb239.jpg","landname":"13"},{"id":281474980970510,"level":2,"status":1,"posx":6,"posy":7,"cityid":65,"townid":165,"tokenid":"c08b29e8cd958b9ed06aa36f182c6cf5","tokenurl":"/mcm/api/land?token=c08b29e8cd958b9ed06aa36f182c6cf5","imageurl":"/mcm/images/land/2A/4144_4cb19225ccdd.jpg","landname":"14"},{"id":281474980970511,"level":3,"status":0,"posx":7,"posy":7,"cityid":65,"townid":165,"tokenid":"772df0b953be9d3512d59c8ac848b522","tokenurl":"/mcm/api/land?token=772df0b953be9d3512d59c8ac848b522","imageurl":"/mcm/images/land/2B/6911_40cd6ccc223d.jpg","landname":"15"},{"id":281474980970512,"level":2,"status":1,"posx":18,"posy":7,"cityid":65,"townid":165,"tokenid":"332355dc3b35d7a6da48904998443af3","tokenurl":"/mcm/api/land?token=332355dc3b35d7a6da48904998443af3","imageurl":"/mcm/images/land/2A/4145_3df13101cf7d.jpg","landname":"16"},{"id":281474980970513,"level":2,"status":0,"posx":19,"posy":7,"cityid":65,"townid":165,"tokenid":"a905aae0706e9803f2e688c21c6e9db0","tokenurl":"/mcm/api/land?token=a905aae0706e9803f2e688c21c6e9db0","imageurl":"/mcm/images/land/2A/4146_1302a187af4.jpg","landname":"17"},{"id":281474980970514,"level":3,"status":0,"posx":20,"posy":7,"cityid":65,"townid":165,"tokenid":"79a05eaed67e0da9a833fa4736203274","tokenurl":"/mcm/api/land?token=79a05eaed67e0da9a833fa4736203274","imageurl":"/mcm/images/land/2B/6912_420a2f30af56.jpg","landname":"18"},{"id":281474980970515,"level":2,"status":0,"posx":21,"posy":7,"cityid":65,"townid":165,"tokenid":"b63b2dc25a2f4263538a646abb716021","tokenurl":"/mcm/api/land?token=b63b2dc25a2f4263538a646abb716021","imageurl":"/mcm/images/land/2A/4147_1569e1c9e8f1.jpg","landname":"19"},{"id":281474980970516,"level":3,"status":0,"posx":22,"posy":7,"cityid":65,"townid":165,"tokenid":"3788f0ae97a156e76ebf8f1da85ef54f","tokenurl":"/mcm/api/land?token=3788f0ae97a156e76ebf8f1da85ef54f","imageurl":"/mcm/images/land/2B/6913_56155c878311.jpg","landname":"20"},{"id":281474980970517,"level":2,"status":1,"posx":28,"posy":7,"cityid":65,"townid":165,"tokenid":"f8e6c889655e152805721b86040f63b3","tokenurl":"/mcm/api/land?token=f8e6c889655e152805721b86040f63b3","imageurl":"/mcm/images/land/2A/4148_36c6c2a73856.jpg","landname":"21"},{"id":281474980970518,"level":3,"status":1,"posx":29,"posy":7,"cityid":65,"townid":165,"tokenid":"cff5727c668c2529050669cf155fd067","tokenurl":"/mcm/api/land?token=cff5727c668c2529050669cf155fd067","imageurl":"/mcm/images/land/2B/6914_e1bd0755338.jpg","landname":"22"},{"id":281474980970519,"level":3,"status":0,"posx":31,"posy":7,"cityid":65,"townid":165,"tokenid":"7ddf9fd7ed92ba5d824b580d58f3c76d","tokenurl":"/mcm/api/land?token=7ddf9fd7ed92ba5d824b580d58f3c76d","imageurl":"/mcm/images/land/2B/6915_256f19cc1245.jpg","landname":"23"},{"id":281474980970520,"level":3,"status":0,"posx":32,"posy":7,"cityid":65,"townid":165,"tokenid":"c0e5c9d7863480778e5068a5207c46ca","tokenurl":"/mcm/api/land?token=c0e5c9d7863480778e5068a5207c46ca","imageurl":"/mcm/images/land/2B/6916_4b13c3de2426.jpg","landname":"24"},{"id":281474980970521,"level":3,"status":1,"posx":6,"posy":8,"cityid":65,"townid":165,"tokenid":"11fc378397675571db7806febb8b2d92","tokenurl":"/mcm/api/land?token=11fc378397675571db7806febb8b2d92","imageurl":"/mcm/images/land/2B/6917_5412222950a2.jpg","landname":"25"},{"id":281474980970522,"level":2,"status":1,"posx":7,"posy":8,"cityid":65,"townid":165,"tokenid":"f27dfae75ca5ac203c1df8970437875d","tokenurl":"/mcm/api/land?token=f27dfae75ca5ac203c1df8970437875d","imageurl":"/mcm/images/land/2A/4149_15f47ed812e6.jpg","landname":"26"},{"id":281474980970523,"level":2,"status":0,"posx":28,"posy":8,"cityid":65,"townid":165,"tokenid":"046b6d98300221babcf175998caa36e2","tokenurl":"/mcm/api/land?token=046b6d98300221babcf175998caa36e2","imageurl":"/mcm/images/land/2A/4150_564252ae4418.jpg","landname":"27"},{"id":281474980970524,"level":1,"status":1,"posx":29,"posy":8,"cityid":65,"townid":165,"tokenid":"dc817a355ef00d72ee98818321e68de0","tokenurl":"/mcm/api/land?token=dc817a355ef00d72ee98818321e68de0","imageurl":"/mcm/images/land/2S/2764_32e772f12f95.jpg","landname":"28"},{"id":281474980970525,"level":2,"status":0,"posx":31,"posy":8,"cityid":65,"townid":165,"tokenid":"ec4898d15614ca3c6687dbed5b751889","tokenurl":"/mcm/api/land?token=ec4898d15614ca3c6687dbed5b751889","imageurl":"/mcm/images/land/2A/4151_500d84059c7.jpg","landname":"29"},{"id":281474980970526,"level":3,"status":0,"posx":32,"posy":8,"cityid":65,"townid":165,"tokenid":"d61052fe7aacd2f4e84f7b77063cd65e","tokenurl":"/mcm/api/land?token=d61052fe7aacd2f4e84f7b77063cd65e","imageurl":"/mcm/images/land/2B/6918_363ed6836f46.jpg","landname":"30"},{"id":281474980970527,"level":2,"status":0,"posx":6,"posy":9,"cityid":65,"townid":165,"tokenid":"815ac5bed1d6e751f307b2833c38021b","tokenurl":"/mcm/api/land?token=815ac5bed1d6e751f307b2833c38021b","imageurl":"/mcm/images/land/2A/4152_165834127619.jpg","landname":"31"},{"id":281474980970528,"level":2,"status":1,"posx":7,"posy":9,"cityid":65,"townid":165,"tokenid":"cb95139c835ff4559f84b6fc96df61d7","tokenurl":"/mcm/api/land?token=cb95139c835ff4559f84b6fc96df61d7","imageurl":"/mcm/images/land/2A/4153_115b430df3dd.jpg","landname":"32"},{"id":281474980970529,"level":1,"status":1,"posx":28,"posy":9,"cityid":65,"townid":165,"tokenid":"af044d3550cae423150da1297bfaf567","tokenurl":"/mcm/api/land?token=af044d3550cae423150da1297bfaf567","imageurl":"/mcm/images/land/2S/2765_20d8085001fb.jpg","landname":"33"},{"id":281474980970530,"level":2,"status":0,"posx":29,"posy":9,"cityid":65,"townid":165,"tokenid":"11113cb597c24ec589b3cf0b7dcac01b","tokenurl":"/mcm/api/land?token=11113cb597c24ec589b3cf0b7dcac01b","imageurl":"/mcm/images/land/2A/4154_331df7977c22.jpg","landname":"34"},{"id":281474980970531,"level":1,"status":0,"posx":31,"posy":9,"cityid":65,"townid":165,"tokenid":"466dd034e0292e8e1a674f6bd4eee544","tokenurl":"/mcm/api/land?token=466dd034e0292e8e1a674f6bd4eee544","imageurl":"/mcm/images/land/2S/2766_37656639fc56.jpg","landname":"35"},{"id":281474980970532,"level":3,"status":0,"posx":32,"posy":9,"cityid":65,"townid":165,"tokenid":"7afbfc8c2f3037f10b63e9c050b69c90","tokenurl":"/mcm/api/land?token=7afbfc8c2f3037f10b63e9c050b69c90","imageurl":"/mcm/images/land/2B/6919_1c4134928034.jpg","landname":"36"},{"id":281474980970533,"level":3,"status":0,"posx":28,"posy":10,"cityid":65,"townid":165,"tokenid":"37b1e1104a47f9bdf7f1bd046cea27e4","tokenurl":"/mcm/api/land?token=37b1e1104a47f9bdf7f1bd046cea27e4","imageurl":"/mcm/images/land/2B/6920_3ea296cf74b9.jpg","landname":"37"},{"id":281474980970534,"level":3,"status":0,"posx":29,"posy":10,"cityid":65,"townid":165,"tokenid":"332cb1d8dd17f2f119cab3efaadb89d2","tokenurl":"/mcm/api/land?token=332cb1d8dd17f2f119cab3efaadb89d2","imageurl":"/mcm/images/land/2B/6921_583fe27fb797.jpg","landname":"38"},{"id":281474980970535,"level":3,"status":1,"posx":31,"posy":10,"cityid":65,"townid":165,"tokenid":"8f7e1d3494cf5f8db1854c1b62f54d21","tokenurl":"/mcm/api/land?token=8f7e1d3494cf5f8db1854c1b62f54d21","imageurl":"/mcm/images/land/2B/6922_51606b6c0f93.jpg","landname":"39"},{"id":281474980970536,"level":3,"status":0,"posx":32,"posy":10,"cityid":65,"townid":165,"tokenid":"e1fbd2673c8aefa7ca179f934118eb5b","tokenurl":"/mcm/api/land?token=e1fbd2673c8aefa7ca179f934118eb5b","imageurl":"/mcm/images/land/2B/6923_4c95a1ae4094.jpg","landname":"40"},{"id":281474980970537,"level":1,"status":1,"posx":9,"posy":14,"cityid":65,"townid":165,"tokenid":"e5f9fabdf5a34473e0de89b53fd56b42","tokenurl":"/mcm/api/land?token=e5f9fabdf5a34473e0de89b53fd56b42","imageurl":"/mcm/images/land/2S/2767_78d556afcdb.jpg","landname":"41"},{"id":281474980970538,"level":2,"status":0,"posx":10,"posy":14,"cityid":65,"townid":165,"tokenid":"26cb91ef7c0605ec1de9794738127cec","tokenurl":"/mcm/api/land?token=26cb91ef7c0605ec1de9794738127cec","imageurl":"/mcm/images/land/2A/4155_405ae4b16d88.jpg","landname":"42"},{"id":281474980970539,"level":3,"status":1,"posx":13,"posy":14,"cityid":65,"townid":165,"tokenid":"d19f861552a5b6fde50145a9849d9970","tokenurl":"/mcm/api/land?token=d19f861552a5b6fde50145a9849d9970","imageurl":"/mcm/images/land/2B/6924_3a9818bb3d5a.jpg","landname":"43"},{"id":281474980970540,"level":3,"status":1,"posx":14,"posy":14,"cityid":65,"townid":165,"tokenid":"4b8b8239b0605a98334317ffd7023fec","tokenurl":"/mcm/api/land?token=4b8b8239b0605a98334317ffd7023fec","imageurl":"/mcm/images/land/2B/6925_184a6eb84ffa.jpg","landname":"44"},{"id":281474980970541,"level":2,"status":1,"posx":17,"posy":14,"cityid":65,"townid":165,"tokenid":"a599cc3dc2d48a1e2d8e3de0bc304013","tokenurl":"/mcm/api/land?token=a599cc3dc2d48a1e2d8e3de0bc304013","imageurl":"/mcm/images/land/2A/4156_155b3006bfb5.jpg","landname":"45"},{"id":281474980970542,"level":3,"status":0,"posx":18,"posy":14,"cityid":65,"townid":165,"tokenid":"bf0873dadddd960912f803ed861742d9","tokenurl":"/mcm/api/land?token=bf0873dadddd960912f803ed861742d9","imageurl":"/mcm/images/land/2B/6926_244de1d0f3cf.jpg","landname":"46"},{"id":281474980970543,"level":2,"status":1,"posx":9,"posy":15,"cityid":65,"townid":165,"tokenid":"6cc35c7b398d026b71427cfcbd10f67d","tokenurl":"/mcm/api/land?token=6cc35c7b398d026b71427cfcbd10f67d","imageurl":"/mcm/images/land/2A/4157_4a0a95ee40bc.jpg","landname":"47"},{"id":281474980970544,"level":2,"status":1,"posx":10,"posy":15,"cityid":65,"townid":165,"tokenid":"26af0b38ed179f85e45e4911da31be26","tokenurl":"/mcm/api/land?token=26af0b38ed179f85e45e4911da31be26","imageurl":"/mcm/images/land/2A/4158_11bfe37bb968.jpg","landname":"48"},{"id":281474980970545,"level":3,"status":1,"posx":13,"posy":15,"cityid":65,"townid":165,"tokenid":"07028e66804be74790498d81b2cafa2a","tokenurl":"/mcm/api/land?token=07028e66804be74790498d81b2cafa2a","imageurl":"/mcm/images/land/2B/6927_1ff8516dcbcf.jpg","landname":"49"},{"id":281474980970546,"level":2,"status":1,"posx":14,"posy":15,"cityid":65,"townid":165,"tokenid":"3e4d25199b283e0a1383b14a1c574aaa","tokenurl":"/mcm/api/land?token=3e4d25199b283e0a1383b14a1c574aaa","imageurl":"/mcm/images/land/2A/4159_4a1b51caa231.jpg","landname":"50"},{"id":281474980970547,"level":2,"status":0,"posx":17,"posy":15,"cityid":65,"townid":165,"tokenid":"c2db8323ba82be633732b85ce1281d23","tokenurl":"/mcm/api/land?token=c2db8323ba82be633732b85ce1281d23","imageurl":"/mcm/images/land/2A/4160_497a1fecb6fd.jpg","landname":"51"},{"id":281474980970548,"level":3,"status":1,"posx":18,"posy":15,"cityid":65,"townid":165,"tokenid":"695cf804d2fabf18155ac1a344c979df","tokenurl":"/mcm/api/land?token=695cf804d2fabf18155ac1a344c979df","imageurl":"/mcm/images/land/2B/6928_a462fe9dc69.jpg","landname":"52"},{"id":281474980970549,"level":2,"status":0,"posx":9,"posy":16,"cityid":65,"townid":165,"tokenid":"f01ca084e076705e5eb462a5087a7dad","tokenurl":"/mcm/api/land?token=f01ca084e076705e5eb462a5087a7dad","imageurl":"/mcm/images/land/2A/4161_5388782d3358.jpg","landname":"53"},{"id":281474980970550,"level":1,"status":1,"posx":10,"posy":16,"cityid":65,"townid":165,"tokenid":"72a20abc7f3e5cd1c9474ae079139749","tokenurl":"/mcm/api/land?token=72a20abc7f3e5cd1c9474ae079139749","imageurl":"/mcm/images/land/2S/2768_18973191fd55.jpg","landname":"54"},{"id":281474980970551,"level":3,"status":0,"posx":13,"posy":16,"cityid":65,"townid":165,"tokenid":"8b90a7c18d4c64f3576e0d63c612b8e2","tokenurl":"/mcm/api/land?token=8b90a7c18d4c64f3576e0d63c612b8e2","imageurl":"/mcm/images/land/2B/6929_6a94e754238.jpg","landname":"55"},{"id":281474980970552,"level":2,"status":0,"posx":14,"posy":16,"cityid":65,"townid":165,"tokenid":"772cf1bab2e864be906555b4a51856de","tokenurl":"/mcm/api/land?token=772cf1bab2e864be906555b4a51856de","imageurl":"/mcm/images/land/2A/4162_19c705f8ad29.jpg","landname":"56"},{"id":281474980970553,"level":3,"status":0,"posx":17,"posy":16,"cityid":65,"townid":165,"tokenid":"e33eb220e7c59f76763146541862de87","tokenurl":"/mcm/api/land?token=e33eb220e7c59f76763146541862de87","imageurl":"/mcm/images/land/2B/6930_79a11f97194.jpg","landname":"57"},{"id":281474980970554,"level":1,"status":1,"posx":18,"posy":16,"cityid":65,"townid":165,"tokenid":"664a963761c7a3ac96c16bc0a00afdf8","tokenurl":"/mcm/api/land?token=664a963761c7a3ac96c16bc0a00afdf8","imageurl":"/mcm/images/land/2S/2769_3de1a0a3e9e3.jpg","landname":"58"},{"id":281474980970555,"level":2,"status":1,"posx":29,"posy":16,"cityid":65,"townid":165,"tokenid":"d2ab470a0fb571078880941963a5372a","tokenurl":"/mcm/api/land?token=d2ab470a0fb571078880941963a5372a","imageurl":"/mcm/images/land/2A/4163_3aebc9977cac.jpg","landname":"59"},{"id":281474980970556,"level":3,"status":1,"posx":30,"posy":16,"cityid":65,"townid":165,"tokenid":"78d6d068c4445ef71d5956f6d53ee658","tokenurl":"/mcm/api/land?token=78d6d068c4445ef71d5956f6d53ee658","imageurl":"/mcm/images/land/2B/6931_3d7da12696b7.jpg","landname":"60"},{"id":281474980970557,"level":1,"status":1,"posx":33,"posy":16,"cityid":65,"townid":165,"tokenid":"efc9b166147d90e52f9ffd288bfb132e","tokenurl":"/mcm/api/land?token=efc9b166147d90e52f9ffd288bfb132e","imageurl":"/mcm/images/land/2S/2770_3850b5560ff5.jpg","landname":"61"},{"id":281474980970558,"level":3,"status":1,"posx":34,"posy":16,"cityid":65,"townid":165,"tokenid":"5495a58320cd901f0331c8e34659da86","tokenurl":"/mcm/api/land?token=5495a58320cd901f0331c8e34659da86","imageurl":"/mcm/images/land/2B/6932_4aeeeea76d80.jpg","landname":"62"},{"id":281474980970559,"level":3,"status":1,"posx":9,"posy":17,"cityid":65,"townid":165,"tokenid":"7c59dbf956cf215815b668c3d20bebca","tokenurl":"/mcm/api/land?token=7c59dbf956cf215815b668c3d20bebca","imageurl":"/mcm/images/land/2B/6933_2522cd9186ca.jpg","landname":"63"},{"id":281474980970560,"level":3,"status":1,"posx":10,"posy":17,"cityid":65,"townid":165,"tokenid":"3cccff72ed4939ce37980ef2a718923c","tokenurl":"/mcm/api/land?token=3cccff72ed4939ce37980ef2a718923c","imageurl":"/mcm/images/land/2B/6934_526e2704aa34.jpg","landname":"64"},{"id":281474980970561,"level":1,"status":0,"posx":13,"posy":17,"cityid":65,"townid":165,"tokenid":"e001b4ea1fca7348d5e9137587cf80b4","tokenurl":"/mcm/api/land?token=e001b4ea1fca7348d5e9137587cf80b4","imageurl":"/mcm/images/land/2S/2771_48bb4e2d7e8f.jpg","landname":"65"},{"id":281474980970562,"level":1,"status":0,"posx":14,"posy":17,"cityid":65,"townid":165,"tokenid":"e5ddbc0d0e47f9ed7fe6dd14447f319a","tokenurl":"/mcm/api/land?token=e5ddbc0d0e47f9ed7fe6dd14447f319a","imageurl":"/mcm/images/land/2S/2772_211759ef5e96.jpg","landname":"66"},{"id":281474980970563,"level":2,"status":1,"posx":17,"posy":17,"cityid":65,"townid":165,"tokenid":"0c125725bf21f342de60f0af8565c380","tokenurl":"/mcm/api/land?token=0c125725bf21f342de60f0af8565c380","imageurl":"/mcm/images/land/2A/4164_39743244136c.jpg","landname":"67"},{"id":281474980970564,"level":2,"status":0,"posx":18,"posy":17,"cityid":65,"townid":165,"tokenid":"115658458b9f9f1b815c0b909be837b2","tokenurl":"/mcm/api/land?token=115658458b9f9f1b815c0b909be837b2","imageurl":"/mcm/images/land/2A/4165_20b3425da353.jpg","landname":"68"},{"id":281474980970565,"level":3,"status":1,"posx":29,"posy":17,"cityid":65,"townid":165,"tokenid":"410a34c1b067bed4d21821eec37a7499","tokenurl":"/mcm/api/land?token=410a34c1b067bed4d21821eec37a7499","imageurl":"/mcm/images/land/2B/6935_5774b218b01d.jpg","landname":"69"},{"id":281474980970566,"level":3,"status":1,"posx":30,"posy":17,"cityid":65,"townid":165,"tokenid":"53dccd8f3df2a22c5bcd2482d7e1d748","tokenurl":"/mcm/api/land?token=53dccd8f3df2a22c5bcd2482d7e1d748","imageurl":"/mcm/images/land/2B/6936_13cd8c40fd22.jpg","landname":"70"},{"id":281474980970567,"level":1,"status":1,"posx":33,"posy":17,"cityid":65,"townid":165,"tokenid":"819c7d2656f108ba989e8f11afc6a2f7","tokenurl":"/mcm/api/land?token=819c7d2656f108ba989e8f11afc6a2f7","imageurl":"/mcm/images/land/2S/2773_4b0ab791f3e5.jpg","landname":"71"},{"id":281474980970568,"level":1,"status":0,"posx":34,"posy":17,"cityid":65,"townid":165,"tokenid":"d86593f70778529cf97393269bbf4096","tokenurl":"/mcm/api/land?token=d86593f70778529cf97393269bbf4096","imageurl":"/mcm/images/land/2S/2774_2190dd882a02.jpg","landname":"72"},{"id":281474980970569,"level":3,"status":0,"posx":3,"posy":18,"cityid":65,"townid":165,"tokenid":"d364f07dccb5cbf6a29db76fce4eaab8","tokenurl":"/mcm/api/land?token=d364f07dccb5cbf6a29db76fce4eaab8","imageurl":"/mcm/images/land/2B/6937_e7e43c1147.jpg","landname":"73"},{"id":281474980970570,"level":1,"status":0,"posx":4,"posy":18,"cityid":65,"townid":165,"tokenid":"6b37cd6e8813b0dd8eaefe73e806d8d8","tokenurl":"/mcm/api/land?token=6b37cd6e8813b0dd8eaefe73e806d8d8","imageurl":"/mcm/images/land/2S/2775_36b1c0157220.jpg","landname":"74"},{"id":281474980970571,"level":1,"status":1,"posx":9,"posy":18,"cityid":65,"townid":165,"tokenid":"f419e9638a987ab02e7042cc35305a28","tokenurl":"/mcm/api/land?token=f419e9638a987ab02e7042cc35305a28","imageurl":"/mcm/images/land/2S/2776_45f32d2174fc.jpg","landname":"75"},{"id":281474980970572,"level":1,"status":0,"posx":10,"posy":18,"cityid":65,"townid":165,"tokenid":"b16920e05f93e13a0bec71cb32eafc1a","tokenurl":"/mcm/api/land?token=b16920e05f93e13a0bec71cb32eafc1a","imageurl":"/mcm/images/land/2S/2777_51589f26365f.jpg","landname":"76"},{"id":281474980970573,"level":1,"status":1,"posx":13,"posy":18,"cityid":65,"townid":165,"tokenid":"584793019bd02ba829ef87356163f9d1","tokenurl":"/mcm/api/land?token=584793019bd02ba829ef87356163f9d1","imageurl":"/mcm/images/land/2S/2778_c82bcca8393.jpg","landname":"77"},{"id":281474980970574,"level":2,"status":0,"posx":14,"posy":18,"cityid":65,"townid":165,"tokenid":"08df66dce2167d3eb5773d268b38493a","tokenurl":"/mcm/api/land?token=08df66dce2167d3eb5773d268b38493a","imageurl":"/mcm/images/land/2A/4166_46198a6bbb0d.jpg","landname":"78"},{"id":281474980970575,"level":3,"status":1,"posx":17,"posy":18,"cityid":65,"townid":165,"tokenid":"f4d4ebcdb9e7e7d11d710e165516c5a6","tokenurl":"/mcm/api/land?token=f4d4ebcdb9e7e7d11d710e165516c5a6","imageurl":"/mcm/images/land/2B/6938_1fc3dcf9533f.jpg","landname":"79"},{"id":281474980970576,"level":3,"status":1,"posx":18,"posy":18,"cityid":65,"townid":165,"tokenid":"a7ed154e9c9d9a3255be397e325bda5a","tokenurl":"/mcm/api/land?token=a7ed154e9c9d9a3255be397e325bda5a","imageurl":"/mcm/images/land/2B/6939_289bdb65b6a0.jpg","landname":"80"},{"id":281474980970577,"level":3,"status":0,"posx":29,"posy":18,"cityid":65,"townid":165,"tokenid":"81af001bcc39d83c02e1437e0615fae5","tokenurl":"/mcm/api/land?token=81af001bcc39d83c02e1437e0615fae5","imageurl":"/mcm/images/land/2B/6940_4deb76755840.jpg","landname":"81"},{"id":281474980970578,"level":3,"status":1,"posx":30,"posy":18,"cityid":65,"townid":165,"tokenid":"edcf470e548417e0e5500306bdd5533f","tokenurl":"/mcm/api/land?token=edcf470e548417e0e5500306bdd5533f","imageurl":"/mcm/images/land/2B/6941_12f457d6d45a.jpg","landname":"82"},{"id":281474980970579,"level":3,"status":1,"posx":33,"posy":18,"cityid":65,"townid":165,"tokenid":"b34bfb88242f2fc8e9fb9254dcae6579","tokenurl":"/mcm/api/land?token=b34bfb88242f2fc8e9fb9254dcae6579","imageurl":"/mcm/images/land/2B/6942_20eb6e903dc4.jpg","landname":"83"},{"id":281474980970580,"level":3,"status":1,"posx":34,"posy":18,"cityid":65,"townid":165,"tokenid":"ef064cdefa6dc0fb28bddbed34ad9883","tokenurl":"/mcm/api/land?token=ef064cdefa6dc0fb28bddbed34ad9883","imageurl":"/mcm/images/land/2B/6943_5369c322e1b3.jpg","landname":"84"},{"id":281474980970581,"level":3,"status":0,"posx":3,"posy":19,"cityid":65,"townid":165,"tokenid":"a4d15e9133ec444b513be368492868fd","tokenurl":"/mcm/api/land?token=a4d15e9133ec444b513be368492868fd","imageurl":"/mcm/images/land/2B/6944_aab50b0ec30.jpg","landname":"85"},{"id":281474980970582,"level":2,"status":0,"posx":4,"posy":19,"cityid":65,"townid":165,"tokenid":"a439fd99716a0ec484f3f8feba85ad35","tokenurl":"/mcm/api/land?token=a439fd99716a0ec484f3f8feba85ad35","imageurl":"/mcm/images/land/2A/4167_18e75cd7d248.jpg","landname":"86"},{"id":281474980970583,"level":2,"status":1,"posx":29,"posy":19,"cityid":65,"townid":165,"tokenid":"c7a4197075a3e12e144bf57a277deb60","tokenurl":"/mcm/api/land?token=c7a4197075a3e12e144bf57a277deb60","imageurl":"/mcm/images/land/2A/4168_30625103e54e.jpg","landname":"87"},{"id":281474980970584,"level":3,"status":0,"posx":30,"posy":19,"cityid":65,"townid":165,"tokenid":"6b6d4988787d35c4f25eb80b94b1618e","tokenurl":"/mcm/api/land?token=6b6d4988787d35c4f25eb80b94b1618e","imageurl":"/mcm/images/land/2B/6945_122135a39d5.jpg","landname":"88"},{"id":281474980970585,"level":3,"status":0,"posx":33,"posy":19,"cityid":65,"townid":165,"tokenid":"042004fad8d36a436a6267c49fd29129","tokenurl":"/mcm/api/land?token=042004fad8d36a436a6267c49fd29129","imageurl":"/mcm/images/land/2B/6946_2d672fc4164b.jpg","landname":"89"},{"id":281474980970586,"level":2,"status":0,"posx":34,"posy":19,"cityid":65,"townid":165,"tokenid":"3d83d4728870fa9e35bcc8f8d38f7ca3","tokenurl":"/mcm/api/land?token=3d83d4728870fa9e35bcc8f8d38f7ca3","imageurl":"/mcm/images/land/2A/4169_5a0611c4a931.jpg","landname":"90"},{"id":281474980970587,"level":3,"status":0,"posx":3,"posy":20,"cityid":65,"townid":165,"tokenid":"9fff17023e4189b13fb9b692720982d3","tokenurl":"/mcm/api/land?token=9fff17023e4189b13fb9b692720982d3","imageurl":"/mcm/images/land/2B/6947_3701a8446e77.jpg","landname":"91"},{"id":281474980970588,"level":3,"status":0,"posx":4,"posy":20,"cityid":65,"townid":165,"tokenid":"801a15934608d4b6708c2ffbfc3dc297","tokenurl":"/mcm/api/land?token=801a15934608d4b6708c2ffbfc3dc297","imageurl":"/mcm/images/land/2B/6948_351c7e8ae63f.jpg","landname":"92"},{"id":281474980970589,"level":2,"status":0,"posx":9,"posy":20,"cityid":65,"townid":165,"tokenid":"a1b40293600bcb4ed36fbe6ce4be27e6","tokenurl":"/mcm/api/land?token=a1b40293600bcb4ed36fbe6ce4be27e6","imageurl":"/mcm/images/land/2A/4170_19f96ea36884.jpg","landname":"93"},{"id":281474980970590,"level":2,"status":1,"posx":10,"posy":20,"cityid":65,"townid":165,"tokenid":"41177162dada150c600c3c3208fd5fb0","tokenurl":"/mcm/api/land?token=41177162dada150c600c3c3208fd5fb0","imageurl":"/mcm/images/land/2A/4171_23263eeaf18b.jpg","landname":"94"},{"id":281474980970591,"level":1,"status":1,"posx":13,"posy":20,"cityid":65,"townid":165,"tokenid":"ce589a3fbbaa0e09529865e4741f80f6","tokenurl":"/mcm/api/land?token=ce589a3fbbaa0e09529865e4741f80f6","imageurl":"/mcm/images/land/2S/2779_2604164c3779.jpg","landname":"95"},{"id":281474980970592,"level":3,"status":1,"posx":14,"posy":20,"cityid":65,"townid":165,"tokenid":"df7ccba7ac90ce41ba42371db5260d00","tokenurl":"/mcm/api/land?token=df7ccba7ac90ce41ba42371db5260d00","imageurl":"/mcm/images/land/2B/6949_14da7ff7fe5.jpg","landname":"96"},{"id":281474980970593,"level":3,"status":1,"posx":17,"posy":20,"cityid":65,"townid":165,"tokenid":"5a0e71cdb8361e3ec5a012333c7a7764","tokenurl":"/mcm/api/land?token=5a0e71cdb8361e3ec5a012333c7a7764","imageurl":"/mcm/images/land/2B/6950_5842618053be.jpg","landname":"97"},{"id":281474980970594,"level":2,"status":0,"posx":18,"posy":20,"cityid":65,"townid":165,"tokenid":"97cadc2646d1ee0e50988f776eeb55a7","tokenurl":"/mcm/api/land?token=97cadc2646d1ee0e50988f776eeb55a7","imageurl":"/mcm/images/land/2A/4172_4d935ba69824.jpg","landname":"98"},{"id":281474980970595,"level":3,"status":1,"posx":29,"posy":20,"cityid":65,"townid":165,"tokenid":"e9b0f79f9b450825eb8d14a88b56071e","tokenurl":"/mcm/api/land?token=e9b0f79f9b450825eb8d14a88b56071e","imageurl":"/mcm/images/land/2B/6951_1253cff45eb5.jpg","landname":"99"},{"id":281474980970596,"level":3,"status":1,"posx":30,"posy":20,"cityid":65,"townid":165,"tokenid":"ec1b9ff7a14cf9936feaba99c5de328f","tokenurl":"/mcm/api/land?token=ec1b9ff7a14cf9936feaba99c5de328f","imageurl":"/mcm/images/land/2B/6952_1c2a4f50f8f4.jpg","landname":"100"},{"id":281474980970597,"level":1,"status":0,"posx":33,"posy":20,"cityid":65,"townid":165,"tokenid":"a506bdf36343faba7cb293891b7fc91f","tokenurl":"/mcm/api/land?token=a506bdf36343faba7cb293891b7fc91f","imageurl":"/mcm/images/land/2S/2780_159cdae56a2c.jpg","landname":"101"},{"id":281474980970598,"level":1,"status":1,"posx":34,"posy":20,"cityid":65,"townid":165,"tokenid":"938d3de5a44a2e6d2c0b90e29ea85994","tokenurl":"/mcm/api/land?token=938d3de5a44a2e6d2c0b90e29ea85994","imageurl":"/mcm/images/land/2S/2781_563a976a3561.jpg","landname":"102"},{"id":281474980970599,"level":2,"status":1,"posx":3,"posy":21,"cityid":65,"townid":165,"tokenid":"3e06a4995fe2ed9774a032f7ba4d4a5c","tokenurl":"/mcm/api/land?token=3e06a4995fe2ed9774a032f7ba4d4a5c","imageurl":"/mcm/images/land/2A/4173_40f1eb62145.jpg","landname":"103"},{"id":281474980970600,"level":3,"status":0,"posx":4,"posy":21,"cityid":65,"townid":165,"tokenid":"e31dc5e343dc271f842bdd8be312a3fe","tokenurl":"/mcm/api/land?token=e31dc5e343dc271f842bdd8be312a3fe","imageurl":"/mcm/images/land/2B/6953_a046a244d07.jpg","landname":"104"},{"id":281474980970601,"level":3,"status":0,"posx":9,"posy":21,"cityid":65,"townid":165,"tokenid":"ef35ae6ac1ee0c293f040f8a3393797a","tokenurl":"/mcm/api/land?token=ef35ae6ac1ee0c293f040f8a3393797a","imageurl":"/mcm/images/land/2B/6954_4f94163f5fc2.jpg","landname":"105"},{"id":281474980970602,"level":3,"status":0,"posx":10,"posy":21,"cityid":65,"townid":165,"tokenid":"2812eca06d3fe49685e8431a21fdc6c8","tokenurl":"/mcm/api/land?token=2812eca06d3fe49685e8431a21fdc6c8","imageurl":"/mcm/images/land/2B/6955_2a172e6bf14.jpg","landname":"106"},{"id":281474980970603,"level":2,"status":1,"posx":13,"posy":21,"cityid":65,"townid":165,"tokenid":"f22779d9614d483fa8ee814718828fc4","tokenurl":"/mcm/api/land?token=f22779d9614d483fa8ee814718828fc4","imageurl":"/mcm/images/land/2A/4174_3df9acd42d9f.jpg","landname":"107"},{"id":281474980970604,"level":2,"status":0,"posx":14,"posy":21,"cityid":65,"townid":165,"tokenid":"87bfd3c2268e259054a8bd89e76bad64","tokenurl":"/mcm/api/land?token=87bfd3c2268e259054a8bd89e76bad64","imageurl":"/mcm/images/land/2A/4175_4317cc177b91.jpg","landname":"108"},{"id":281474980970605,"level":3,"status":1,"posx":17,"posy":21,"cityid":65,"townid":165,"tokenid":"1ed6bb4b33b3b6d99ec3023cfa57da9a","tokenurl":"/mcm/api/land?token=1ed6bb4b33b3b6d99ec3023cfa57da9a","imageurl":"/mcm/images/land/2B/6956_30620341bdb2.jpg","landname":"109"},{"id":281474980970606,"level":3,"status":1,"posx":18,"posy":21,"cityid":65,"townid":165,"tokenid":"cb7be1065838006e95c2d17d51ad9f0a","tokenurl":"/mcm/api/land?token=cb7be1065838006e95c2d17d51ad9f0a","imageurl":"/mcm/images/land/2B/6957_4c34dc8a2ccf.jpg","landname":"110"},{"id":281474980970607,"level":2,"status":1,"posx":3,"posy":22,"cityid":65,"townid":165,"tokenid":"270160630c49e7da072b69299bdfe5e3","tokenurl":"/mcm/api/land?token=270160630c49e7da072b69299bdfe5e3","imageurl":"/mcm/images/land/2A/4176_1f2bc8d24247.jpg","landname":"111"},{"id":281474980970608,"level":1,"status":0,"posx":4,"posy":22,"cityid":65,"townid":165,"tokenid":"14ff433e764376f0858f4fd867b78cdf","tokenurl":"/mcm/api/land?token=14ff433e764376f0858f4fd867b78cdf","imageurl":"/mcm/images/land/2S/2782_17fdba4b4f52.jpg","landname":"112"},{"id":281474980970609,"level":3,"status":1,"posx":9,"posy":22,"cityid":65,"townid":165,"tokenid":"2d6b32e879f2399f9f3ade795aa1aa3d","tokenurl":"/mcm/api/land?token=2d6b32e879f2399f9f3ade795aa1aa3d","imageurl":"/mcm/images/land/2B/6958_593bbcb6e045.jpg","landname":"113"},{"id":281474980970610,"level":2,"status":0,"posx":10,"posy":22,"cityid":65,"townid":165,"tokenid":"3daae53a10a5f4010b59b23bd87829cb","tokenurl":"/mcm/api/land?token=3daae53a10a5f4010b59b23bd87829cb","imageurl":"/mcm/images/land/2A/4177_2ece770e861.jpg","landname":"114"},{"id":281474980970611,"level":3,"status":0,"posx":13,"posy":22,"cityid":65,"townid":165,"tokenid":"ab4f0963d0a79cb3b3a7acf111ee9427","tokenurl":"/mcm/api/land?token=ab4f0963d0a79cb3b3a7acf111ee9427","imageurl":"/mcm/images/land/2B/6959_41fc1726f25d.jpg","landname":"115"},{"id":281474980970612,"level":1,"status":1,"posx":14,"posy":22,"cityid":65,"townid":165,"tokenid":"b1d22a825b6edd115f6d991cf806e915","tokenurl":"/mcm/api/land?token=b1d22a825b6edd115f6d991cf806e915","imageurl":"/mcm/images/land/2S/2783_4a08af8883d0.jpg","landname":"116"},{"id":281474980970613,"level":3,"status":0,"posx":17,"posy":22,"cityid":65,"townid":165,"tokenid":"b385354fb178a0187dedf6ea1374c9d6","tokenurl":"/mcm/api/land?token=b385354fb178a0187dedf6ea1374c9d6","imageurl":"/mcm/images/land/2B/6960_40f692331901.jpg","landname":"117"},{"id":281474980970614,"level":1,"status":0,"posx":18,"posy":22,"cityid":65,"townid":165,"tokenid":"3f016802afc232e0b0fd033bf02e06b3","tokenurl":"/mcm/api/land?token=3f016802afc232e0b0fd033bf02e06b3","imageurl":"/mcm/images/land/2S/2784_4b2b053fe98e.jpg","landname":"118"},{"id":281474980970615,"level":2,"status":0,"posx":9,"posy":23,"cityid":65,"townid":165,"tokenid":"b998405fd87c4cb477ef8d1b797ef75e","tokenurl":"/mcm/api/land?token=b998405fd87c4cb477ef8d1b797ef75e","imageurl":"/mcm/images/land/2A/4178_4f659023b7.jpg","landname":"119"},{"id":281474980970616,"level":3,"status":1,"posx":10,"posy":23,"cityid":65,"townid":165,"tokenid":"0facb0bf8c87044bd654608acc983bd6","tokenurl":"/mcm/api/land?token=0facb0bf8c87044bd654608acc983bd6","imageurl":"/mcm/images/land/2B/6961_527e0f61f85e.jpg","landname":"120"},{"id":281474980970617,"level":2,"status":1,"posx":13,"posy":23,"cityid":65,"townid":165,"tokenid":"4ca3d98ebd519507762923a646874999","tokenurl":"/mcm/api/land?token=4ca3d98ebd519507762923a646874999","imageurl":"/mcm/images/land/2A/4179_2d839b06e3c6.jpg","landname":"121"},{"id":281474980970618,"level":2,"status":0,"posx":14,"posy":23,"cityid":65,"townid":165,"tokenid":"de7774ea0ca4fa18a648ef66acaf0229","tokenurl":"/mcm/api/land?token=de7774ea0ca4fa18a648ef66acaf0229","imageurl":"/mcm/images/land/2A/4180_41447521f3e3.jpg","landname":"122"},{"id":281474980970619,"level":3,"status":0,"posx":17,"posy":23,"cityid":65,"townid":165,"tokenid":"f9151ac3122907f1711f77ee90970093","tokenurl":"/mcm/api/land?token=f9151ac3122907f1711f77ee90970093","imageurl":"/mcm/images/land/2B/6962_38eccb6bc67f.jpg","landname":"123"},{"id":281474980970620,"level":3,"status":1,"posx":18,"posy":23,"cityid":65,"townid":165,"tokenid":"e3da3c80f35aa88134a7ccb492574d1d","tokenurl":"/mcm/api/land?token=e3da3c80f35aa88134a7ccb492574d1d","imageurl":"/mcm/images/land/2B/6963_3658d12a0321.jpg","landname":"124"},{"id":281474980970621,"level":1,"status":0,"posx":9,"posy":24,"cityid":65,"townid":165,"tokenid":"b6ae65aed9a17716914e81ae33d181f8","tokenurl":"/mcm/api/land?token=b6ae65aed9a17716914e81ae33d181f8","imageurl":"/mcm/images/land/2S/2785_2ee0b0054425.jpg","landname":"125"},{"id":281474980970622,"level":1,"status":1,"posx":10,"posy":24,"cityid":65,"townid":165,"tokenid":"5e1b351929efb197e84c4b6e61ed3ce1","tokenurl":"/mcm/api/land?token=5e1b351929efb197e84c4b6e61ed3ce1","imageurl":"/mcm/images/land/2S/2786_24c440e96a37.jpg","landname":"126"},{"id":281474980970623,"level":3,"status":0,"posx":13,"posy":24,"cityid":65,"townid":165,"tokenid":"11be68ee4acc016a098c12b918bf5f3e","tokenurl":"/mcm/api/land?token=11be68ee4acc016a098c12b918bf5f3e","imageurl":"/mcm/images/land/2B/6964_17ebd3860a29.jpg","landname":"127"},{"id":281474980970624,"level":3,"status":0,"posx":14,"posy":24,"cityid":65,"townid":165,"tokenid":"0997c20d47a455a539e8a62ccb68b1b2","tokenurl":"/mcm/api/land?token=0997c20d47a455a539e8a62ccb68b1b2","imageurl":"/mcm/images/land/2B/6965_3f4b398affe2.jpg","landname":"128"},{"id":281474980970625,"level":3,"status":0,"posx":17,"posy":24,"cityid":65,"townid":165,"tokenid":"f291950caa9562c15db4bdae69329065","tokenurl":"/mcm/api/land?token=f291950caa9562c15db4bdae69329065","imageurl":"/mcm/images/land/2B/6966_1c057ff44614.jpg","landname":"129"},{"id":281474980970626,"level":2,"status":1,"posx":18,"posy":24,"cityid":65,"townid":165,"tokenid":"52538aaf8dd5aef584ab41f94f77319d","tokenurl":"/mcm/api/land?token=52538aaf8dd5aef584ab41f94f77319d","imageurl":"/mcm/images/land/2A/4181_2208e20dd286.jpg","landname":"130"},{"id":281474980970627,"level":3,"status":0,"posx":30,"posy":25,"cityid":65,"townid":165,"tokenid":"09b92c9b24f64bce5527a16fd01286ea","tokenurl":"/mcm/api/land?token=09b92c9b24f64bce5527a16fd01286ea","imageurl":"/mcm/images/land/2B/6967_68efb2c5eec.jpg","landname":"131"},{"id":281474980970628,"level":1,"status":1,"posx":31,"posy":25,"cityid":65,"townid":165,"tokenid":"b9e775756db39b341bdfe7b87cd4d969","tokenurl":"/mcm/api/land?token=b9e775756db39b341bdfe7b87cd4d969","imageurl":"/mcm/images/land/2S/2787_1a2e6a8bf1eb.jpg","landname":"132"},{"id":281474980970629,"level":3,"status":1,"posx":30,"posy":26,"cityid":65,"townid":165,"tokenid":"4c18f6c33f7c8cb61410080904760f45","tokenurl":"/mcm/api/land?token=4c18f6c33f7c8cb61410080904760f45","imageurl":"/mcm/images/land/2B/6968_1a4a5a0b33f9.jpg","landname":"133"},{"id":281474980970630,"level":3,"status":1,"posx":31,"posy":26,"cityid":65,"townid":165,"tokenid":"dd4d911cc572c3c6bf7f90c00d20043d","tokenurl":"/mcm/api/land?token=dd4d911cc572c3c6bf7f90c00d20043d","imageurl":"/mcm/images/land/2B/6969_1a339e019259.jpg","landname":"134"},{"id":281474980970631,"level":1,"status":0,"posx":30,"posy":27,"cityid":65,"townid":165,"tokenid":"20608b5ccab1b2516b9143af70ae4610","tokenurl":"/mcm/api/land?token=20608b5ccab1b2516b9143af70ae4610","imageurl":"/mcm/images/land/2S/2788_a929d4608b4.jpg","landname":"135"},{"id":281474980970632,"level":1,"status":0,"posx":31,"posy":27,"cityid":65,"townid":165,"tokenid":"34d44dbfeb0d86095c1dcf56f7106746","tokenurl":"/mcm/api/land?token=34d44dbfeb0d86095c1dcf56f7106746","imageurl":"/mcm/images/land/2S/2789_233239732b56.jpg","landname":"136"},{"id":281474980970633,"level":3,"status":0,"posx":30,"posy":28,"cityid":65,"townid":165,"tokenid":"3accc6f6c13bc909026fc55d09693f32","tokenurl":"/mcm/api/land?token=3accc6f6c13bc909026fc55d09693f32","imageurl":"/mcm/images/land/2B/6970_30d77558dd1.jpg","landname":"137"},{"id":281474980970634,"level":1,"status":0,"posx":31,"posy":28,"cityid":65,"townid":165,"tokenid":"a0f86cc29eab161b207e1cd6057fdce5","tokenurl":"/mcm/api/land?token=a0f86cc29eab161b207e1cd6057fdce5","imageurl":"/mcm/images/land/2S/2790_53acdf5554f1.jpg","landname":"138"},{"id":281474980970635,"level":3,"status":0,"posx":30,"posy":29,"cityid":65,"townid":165,"tokenid":"d0c53ecc00d0a37362cae0573bf2cf2c","tokenurl":"/mcm/api/land?token=d0c53ecc00d0a37362cae0573bf2cf2c","imageurl":"/mcm/images/land/2B/6971_5336320f741.jpg","landname":"139"},{"id":281474980970636,"level":3,"status":1,"posx":31,"posy":29,"cityid":65,"townid":165,"tokenid":"6e1fde1680bd86e3e3812d5a579929de","tokenurl":"/mcm/api/land?token=6e1fde1680bd86e3e3812d5a579929de","imageurl":"/mcm/images/land/2B/6972_20c23dfe6278.jpg","landname":"140"},{"id":281474980970637,"level":2,"status":1,"posx":10,"posy":30,"cityid":65,"townid":165,"tokenid":"47b8465165d4df1fafb04590cfdef2da","tokenurl":"/mcm/api/land?token=47b8465165d4df1fafb04590cfdef2da","imageurl":"/mcm/images/land/2A/4182_498f1442542f.jpg","landname":"141"},{"id":281474980970638,"level":2,"status":0,"posx":11,"posy":30,"cityid":65,"townid":165,"tokenid":"58de1a7d1f7f6492260024359a946419","tokenurl":"/mcm/api/land?token=58de1a7d1f7f6492260024359a946419","imageurl":"/mcm/images/land/2A/4183_1fb237fd12e0.jpg","landname":"142"},{"id":281474980970639,"level":3,"status":1,"posx":12,"posy":30,"cityid":65,"townid":165,"tokenid":"ea9d50d7b0df59a49b02dc3611b78888","tokenurl":"/mcm/api/land?token=ea9d50d7b0df59a49b02dc3611b78888","imageurl":"/mcm/images/land/2B/6973_2a29f15c40f.jpg","landname":"143"},{"id":281474980970640,"level":2,"status":1,"posx":13,"posy":30,"cityid":65,"townid":165,"tokenid":"cb9cdc0c1f6d94a58406c597f18daa02","tokenurl":"/mcm/api/land?token=cb9cdc0c1f6d94a58406c597f18daa02","imageurl":"/mcm/images/land/2A/4184_1671290e1085.jpg","landname":"144"},{"id":281474980970641,"level":1,"status":1,"posx":14,"posy":30,"cityid":65,"townid":165,"tokenid":"01e32cce03160c45baa7608b0a302bd4","tokenurl":"/mcm/api/land?token=01e32cce03160c45baa7608b0a302bd4","imageurl":"/mcm/images/land/2S/2791_1d4151ec4d41.jpg","landname":"145"},{"id":281474980970642,"level":2,"status":1,"posx":10,"posy":31,"cityid":65,"townid":165,"tokenid":"a800b59a36d0b05e9de6fed97de275b3","tokenurl":"/mcm/api/land?token=a800b59a36d0b05e9de6fed97de275b3","imageurl":"/mcm/images/land/2A/4185_1adb1658f96f.jpg","landname":"146"},{"id":281474980970643,"level":3,"status":1,"posx":11,"posy":31,"cityid":65,"townid":165,"tokenid":"d423485dad601444aa88f57032565fe1","tokenurl":"/mcm/api/land?token=d423485dad601444aa88f57032565fe1","imageurl":"/mcm/images/land/2B/6974_5a5911d83005.jpg","landname":"147"},{"id":281474980970644,"level":2,"status":0,"posx":12,"posy":31,"cityid":65,"townid":165,"tokenid":"19fe8d98f41ce202ff9dec3baa648e7b","tokenurl":"/mcm/api/land?token=19fe8d98f41ce202ff9dec3baa648e7b","imageurl":"/mcm/images/land/2A/4186_584500bf9cbd.jpg","landname":"148"},{"id":281474980970645,"level":3,"status":1,"posx":13,"posy":31,"cityid":65,"townid":165,"tokenid":"39e2e49c89db073c57aa6660b399889f","tokenurl":"/mcm/api/land?token=39e2e49c89db073c57aa6660b399889f","imageurl":"/mcm/images/land/2B/6975_dd95d056894.jpg","landname":"149"},{"id":281474980970646,"level":3,"status":0,"posx":14,"posy":31,"cityid":65,"townid":165,"tokenid":"77211ec7227937ef37549060d582204b","tokenurl":"/mcm/api/land?token=77211ec7227937ef37549060d582204b","imageurl":"/mcm/images/land/2B/6976_3130b1979b96.jpg","landname":"150"}]]],0,0,[],[],[]]
