[1,0,0,[["cc.JsonAsset",["_name","json"],1]],[[0,0,1,3]],[[0,"35",[{"id":281474977300781,"level":1,"status":0,"posx":7,"posy":5,"cityid":9,"townid":35,"tokenid":"bcac96586449b57cd66334cee060ca22","tokenurl":"/mcm/api/land?token=bcac96586449b57cd66334cee060ca22","imageurl":"/mcm/images/land/1S/3062_5a3415d2ff61.jpg","landname":"1"},{"id":281474977300782,"level":1,"status":1,"posx":8,"posy":5,"cityid":9,"townid":35,"tokenid":"82d9fb91a8488e4f0ee63a17f6c2f308","tokenurl":"/mcm/api/land?token=82d9fb91a8488e4f0ee63a17f6c2f308","imageurl":"/mcm/images/land/1S/3063_234779ab4890.jpg","landname":"2"},{"id":281474977300783,"level":2,"status":1,"posx":16,"posy":5,"cityid":9,"townid":35,"tokenid":"3e4e119e75e56e0e1ca6bcafe48072c9","tokenurl":"/mcm/api/land?token=3e4e119e75e56e0e1ca6bcafe48072c9","imageurl":"/mcm/images/land/1A/1532_1e045f542dce.jpg","landname":"3"},{"id":281474977300784,"level":2,"status":1,"posx":17,"posy":5,"cityid":9,"townid":35,"tokenid":"2d88515d798161e4871357b39cf27158","tokenurl":"/mcm/api/land?token=2d88515d798161e4871357b39cf27158","imageurl":"/mcm/images/land/1A/1533_b04d79e9aa5.jpg","landname":"4"},{"id":281474977300785,"level":1,"status":0,"posx":20,"posy":5,"cityid":9,"townid":35,"tokenid":"9f3bf6e540d8e7989561668f5473a28e","tokenurl":"/mcm/api/land?token=9f3bf6e540d8e7989561668f5473a28e","imageurl":"/mcm/images/land/1S/3064_35d7d393294e.jpg","landname":"5"},{"id":281474977300786,"level":1,"status":1,"posx":21,"posy":5,"cityid":9,"townid":35,"tokenid":"286a9aa4f40091fd2e96ab6af1eb3803","tokenurl":"/mcm/api/land?token=286a9aa4f40091fd2e96ab6af1eb3803","imageurl":"/mcm/images/land/1S/3065_327de234a8c2.jpg","landname":"6"},{"id":281474977300787,"level":1,"status":1,"posx":7,"posy":6,"cityid":9,"townid":35,"tokenid":"6ac8b3a0d8c011049ddf907c67b60e9a","tokenurl":"/mcm/api/land?token=6ac8b3a0d8c011049ddf907c67b60e9a","imageurl":"/mcm/images/land/1S/3066_2c3ea95054ab.jpg","landname":"7"},{"id":281474977300788,"level":1,"status":0,"posx":8,"posy":6,"cityid":9,"townid":35,"tokenid":"948ebdef93dce432c38c806f5e737dbe","tokenurl":"/mcm/api/land?token=948ebdef93dce432c38c806f5e737dbe","imageurl":"/mcm/images/land/1S/3067_e1fde21a6b5.jpg","landname":"8"},{"id":281474977300789,"level":1,"status":1,"posx":16,"posy":6,"cityid":9,"townid":35,"tokenid":"794d79f8f620794d1664dbe719c71230","tokenurl":"/mcm/api/land?token=794d79f8f620794d1664dbe719c71230","imageurl":"/mcm/images/land/1S/3068_5a0d2aed6c9d.jpg","landname":"9"},{"id":281474977300790,"level":2,"status":0,"posx":17,"posy":6,"cityid":9,"townid":35,"tokenid":"68b6cdc1507cfa726063feb0ce902672","tokenurl":"/mcm/api/land?token=68b6cdc1507cfa726063feb0ce902672","imageurl":"/mcm/images/land/1A/1534_204f8afb1706.jpg","landname":"10"},{"id":281474977300791,"level":1,"status":0,"posx":20,"posy":6,"cityid":9,"townid":35,"tokenid":"441aa2e38e0c3759aef2be28ae7d4ffa","tokenurl":"/mcm/api/land?token=441aa2e38e0c3759aef2be28ae7d4ffa","imageurl":"/mcm/images/land/1S/3069_3f16782a64b3.jpg","landname":"11"},{"id":281474977300792,"level":1,"status":1,"posx":21,"posy":6,"cityid":9,"townid":35,"tokenid":"944336f6659a0113f14b533d478ab38e","tokenurl":"/mcm/api/land?token=944336f6659a0113f14b533d478ab38e","imageurl":"/mcm/images/land/1S/3070_1940435e3937.jpg","landname":"12"},{"id":281474977300793,"level":2,"status":0,"posx":7,"posy":7,"cityid":9,"townid":35,"tokenid":"c6546efafc745c85a77ce93c14a92950","tokenurl":"/mcm/api/land?token=c6546efafc745c85a77ce93c14a92950","imageurl":"/mcm/images/land/1A/1535_e701e31ca74.jpg","landname":"13"},{"id":281474977300794,"level":2,"status":0,"posx":8,"posy":7,"cityid":9,"townid":35,"tokenid":"09af11f298521f5e010f372a767493bb","tokenurl":"/mcm/api/land?token=09af11f298521f5e010f372a767493bb","imageurl":"/mcm/images/land/1A/1536_1afce6e2aaa1.jpg","landname":"14"},{"id":281474977300795,"level":1,"status":0,"posx":16,"posy":7,"cityid":9,"townid":35,"tokenid":"5fd47c98ca55f41f9aedf0cc5a725e09","tokenurl":"/mcm/api/land?token=5fd47c98ca55f41f9aedf0cc5a725e09","imageurl":"/mcm/images/land/1S/3071_3e704e7d75a.jpg","landname":"15"},{"id":281474977300796,"level":1,"status":1,"posx":17,"posy":7,"cityid":9,"townid":35,"tokenid":"013b99cffcb4aa0e4de6bd23d5df94a9","tokenurl":"/mcm/api/land?token=013b99cffcb4aa0e4de6bd23d5df94a9","imageurl":"/mcm/images/land/1S/3072_14145d82dfb1.jpg","landname":"16"},{"id":281474977300797,"level":1,"status":1,"posx":20,"posy":7,"cityid":9,"townid":35,"tokenid":"c73596ba09c6dcec3da3e70cbc913071","tokenurl":"/mcm/api/land?token=c73596ba09c6dcec3da3e70cbc913071","imageurl":"/mcm/images/land/1S/3073_4ee1e957c964.jpg","landname":"17"},{"id":281474977300798,"level":2,"status":0,"posx":21,"posy":7,"cityid":9,"townid":35,"tokenid":"5dd6d347c8d9816fe5969badfbe8c487","tokenurl":"/mcm/api/land?token=5dd6d347c8d9816fe5969badfbe8c487","imageurl":"/mcm/images/land/1A/1537_297f25d45f5c.jpg","landname":"18"},{"id":281474977300799,"level":1,"status":1,"posx":7,"posy":8,"cityid":9,"townid":35,"tokenid":"b51b7b4910f6589f679db04a0f540896","tokenurl":"/mcm/api/land?token=b51b7b4910f6589f679db04a0f540896","imageurl":"/mcm/images/land/1S/3074_2fd5949ab991.jpg","landname":"19"},{"id":281474977300800,"level":1,"status":0,"posx":8,"posy":8,"cityid":9,"townid":35,"tokenid":"5f2b864f80529d2e30ca0c162c119e36","tokenurl":"/mcm/api/land?token=5f2b864f80529d2e30ca0c162c119e36","imageurl":"/mcm/images/land/1S/3075_d258eee2384.jpg","landname":"20"},{"id":281474977300801,"level":3,"status":0,"posx":16,"posy":8,"cityid":9,"townid":35,"tokenid":"e2821aae3a80885fb7ed2b213e80bf96","tokenurl":"/mcm/api/land?token=e2821aae3a80885fb7ed2b213e80bf96","imageurl":"/mcm/images/land/1B/512_39062a02e53e.jpg","landname":"21"},{"id":281474977300802,"level":2,"status":1,"posx":17,"posy":8,"cityid":9,"townid":35,"tokenid":"237b9358edd2855f4b0315bc46af1dfd","tokenurl":"/mcm/api/land?token=237b9358edd2855f4b0315bc46af1dfd","imageurl":"/mcm/images/land/1A/1538_239f75601854.jpg","landname":"22"},{"id":281474977300803,"level":2,"status":0,"posx":20,"posy":8,"cityid":9,"townid":35,"tokenid":"b6ce434168ff063426386e3466e7c5aa","tokenurl":"/mcm/api/land?token=b6ce434168ff063426386e3466e7c5aa","imageurl":"/mcm/images/land/1A/1539_2c209a58dba3.jpg","landname":"23"},{"id":281474977300804,"level":1,"status":0,"posx":21,"posy":8,"cityid":9,"townid":35,"tokenid":"627f8414d3bddaa29d5b726d2319dc4e","tokenurl":"/mcm/api/land?token=627f8414d3bddaa29d5b726d2319dc4e","imageurl":"/mcm/images/land/1S/3076_4c35e4be32b0.jpg","landname":"24"},{"id":281474977300805,"level":3,"status":1,"posx":28,"posy":8,"cityid":9,"townid":35,"tokenid":"1046e5e63e331e27c44f8b648857063f","tokenurl":"/mcm/api/land?token=1046e5e63e331e27c44f8b648857063f","imageurl":"/mcm/images/land/1B/513_5a2af5653540.jpg","landname":"25"},{"id":281474977300806,"level":2,"status":0,"posx":29,"posy":8,"cityid":9,"townid":35,"tokenid":"a8307422c0ac3293e6eba526cd8261c9","tokenurl":"/mcm/api/land?token=a8307422c0ac3293e6eba526cd8261c9","imageurl":"/mcm/images/land/1A/1540_1cd123411710.jpg","landname":"26"},{"id":281474977300807,"level":3,"status":0,"posx":32,"posy":8,"cityid":9,"townid":35,"tokenid":"ce8f65b6fd091479f653dbb9be59bbc1","tokenurl":"/mcm/api/land?token=ce8f65b6fd091479f653dbb9be59bbc1","imageurl":"/mcm/images/land/1B/514_c6263be2c1a.jpg","landname":"27"},{"id":281474977300808,"level":3,"status":1,"posx":33,"posy":8,"cityid":9,"townid":35,"tokenid":"5ea6cd8b7797d18e680871f5e2025be0","tokenurl":"/mcm/api/land?token=5ea6cd8b7797d18e680871f5e2025be0","imageurl":"/mcm/images/land/1B/515_3a6f1e371262.jpg","landname":"28"},{"id":281474977300809,"level":1,"status":0,"posx":7,"posy":9,"cityid":9,"townid":35,"tokenid":"370a95fd45841cdcc7f5857eb84f6bd1","tokenurl":"/mcm/api/land?token=370a95fd45841cdcc7f5857eb84f6bd1","imageurl":"/mcm/images/land/1S/3077_4b13eb81685b.jpg","landname":"29"},{"id":281474977300810,"level":1,"status":0,"posx":8,"posy":9,"cityid":9,"townid":35,"tokenid":"dd871e6c158b9404411aaecf10580172","tokenurl":"/mcm/api/land?token=dd871e6c158b9404411aaecf10580172","imageurl":"/mcm/images/land/1S/3078_20ad28a4dde4.jpg","landname":"30"},{"id":281474977300811,"level":1,"status":0,"posx":16,"posy":9,"cityid":9,"townid":35,"tokenid":"08b479fbd23000b30a24028e4d64b67e","tokenurl":"/mcm/api/land?token=08b479fbd23000b30a24028e4d64b67e","imageurl":"/mcm/images/land/1S/3079_35acf45e258a.jpg","landname":"31"},{"id":281474977300812,"level":1,"status":0,"posx":17,"posy":9,"cityid":9,"townid":35,"tokenid":"3c5f2e0ac95d8ee24d49878d30dd1ced","tokenurl":"/mcm/api/land?token=3c5f2e0ac95d8ee24d49878d30dd1ced","imageurl":"/mcm/images/land/1S/3080_4b493d53b42a.jpg","landname":"32"},{"id":281474977300813,"level":1,"status":1,"posx":20,"posy":9,"cityid":9,"townid":35,"tokenid":"0465f343ab9a729a0682fdc2101a4b59","tokenurl":"/mcm/api/land?token=0465f343ab9a729a0682fdc2101a4b59","imageurl":"/mcm/images/land/1S/3081_ebcbce2d723.jpg","landname":"33"},{"id":281474977300814,"level":1,"status":1,"posx":21,"posy":9,"cityid":9,"townid":35,"tokenid":"9d9e5b9f0745e58192c0dd2b726937af","tokenurl":"/mcm/api/land?token=9d9e5b9f0745e58192c0dd2b726937af","imageurl":"/mcm/images/land/1S/3082_57d1ab43facc.jpg","landname":"34"},{"id":281474977300815,"level":2,"status":0,"posx":28,"posy":9,"cityid":9,"townid":35,"tokenid":"e67a2e145d76b48f6ffd424603083cb1","tokenurl":"/mcm/api/land?token=e67a2e145d76b48f6ffd424603083cb1","imageurl":"/mcm/images/land/1A/1541_12ef0a604a18.jpg","landname":"35"},{"id":281474977300816,"level":1,"status":0,"posx":29,"posy":9,"cityid":9,"townid":35,"tokenid":"d92066cbc3decf74187f19de6d2c7f0c","tokenurl":"/mcm/api/land?token=d92066cbc3decf74187f19de6d2c7f0c","imageurl":"/mcm/images/land/1S/3083_48c96282342f.jpg","landname":"36"},{"id":281474977300817,"level":1,"status":1,"posx":32,"posy":9,"cityid":9,"townid":35,"tokenid":"993f127eed7cc2ab8254beca06cb6309","tokenurl":"/mcm/api/land?token=993f127eed7cc2ab8254beca06cb6309","imageurl":"/mcm/images/land/1S/3084_95798d2ab35.jpg","landname":"37"},{"id":281474977300818,"level":1,"status":0,"posx":33,"posy":9,"cityid":9,"townid":35,"tokenid":"a201203294d649564f14137f98170962","tokenurl":"/mcm/api/land?token=a201203294d649564f14137f98170962","imageurl":"/mcm/images/land/1S/3085_1a31ffe5e0d2.jpg","landname":"38"},{"id":281474977300819,"level":1,"status":1,"posx":28,"posy":10,"cityid":9,"townid":35,"tokenid":"32b7720bd41f64694b7df0d6f9298b7a","tokenurl":"/mcm/api/land?token=32b7720bd41f64694b7df0d6f9298b7a","imageurl":"/mcm/images/land/1S/3086_120ea5c702b1.jpg","landname":"39"},{"id":281474977300820,"level":2,"status":0,"posx":29,"posy":10,"cityid":9,"townid":35,"tokenid":"f1392dad84762b3b6bfe7fdc28ce309d","tokenurl":"/mcm/api/land?token=f1392dad84762b3b6bfe7fdc28ce309d","imageurl":"/mcm/images/land/1A/1542_21c7161b8505.jpg","landname":"40"},{"id":281474977300821,"level":1,"status":1,"posx":32,"posy":10,"cityid":9,"townid":35,"tokenid":"06110bb6405bf5b6dfa70eb697514aeb","tokenurl":"/mcm/api/land?token=06110bb6405bf5b6dfa70eb697514aeb","imageurl":"/mcm/images/land/1S/3087_42866cfd82ae.jpg","landname":"41"},{"id":281474977300822,"level":2,"status":0,"posx":33,"posy":10,"cityid":9,"townid":35,"tokenid":"c14f29fee6104a77814cc5de4f6564f7","tokenurl":"/mcm/api/land?token=c14f29fee6104a77814cc5de4f6564f7","imageurl":"/mcm/images/land/1A/1543_2ad7c5c4520c.jpg","landname":"42"},{"id":281474977300823,"level":1,"status":0,"posx":28,"posy":11,"cityid":9,"townid":35,"tokenid":"0e281ff5aadb7f013127295051c5bc45","tokenurl":"/mcm/api/land?token=0e281ff5aadb7f013127295051c5bc45","imageurl":"/mcm/images/land/1S/3088_47554a36b267.jpg","landname":"43"},{"id":281474977300824,"level":1,"status":1,"posx":29,"posy":11,"cityid":9,"townid":35,"tokenid":"26934169889cc3a06cfadb1421b5e10d","tokenurl":"/mcm/api/land?token=26934169889cc3a06cfadb1421b5e10d","imageurl":"/mcm/images/land/1S/3089_2c626b5d7ef6.jpg","landname":"44"},{"id":281474977300825,"level":2,"status":0,"posx":32,"posy":11,"cityid":9,"townid":35,"tokenid":"066aad5724049586d9005b5ba9268fe6","tokenurl":"/mcm/api/land?token=066aad5724049586d9005b5ba9268fe6","imageurl":"/mcm/images/land/1A/1544_1e87a8a55a5c.jpg","landname":"45"},{"id":281474977300826,"level":1,"status":0,"posx":33,"posy":11,"cityid":9,"townid":35,"tokenid":"6bba2473c1e9d6e8fa35d81cab602ffb","tokenurl":"/mcm/api/land?token=6bba2473c1e9d6e8fa35d81cab602ffb","imageurl":"/mcm/images/land/1S/3090_579d6cfa5edc.jpg","landname":"46"},{"id":281474977300827,"level":2,"status":1,"posx":28,"posy":12,"cityid":9,"townid":35,"tokenid":"800582e72a8a173fd6141551b52d210a","tokenurl":"/mcm/api/land?token=800582e72a8a173fd6141551b52d210a","imageurl":"/mcm/images/land/1A/1545_2af4a71abe6d.jpg","landname":"47"},{"id":281474977300828,"level":2,"status":1,"posx":29,"posy":12,"cityid":9,"townid":35,"tokenid":"b805ae9421abc3adf12374fba29efada","tokenurl":"/mcm/api/land?token=b805ae9421abc3adf12374fba29efada","imageurl":"/mcm/images/land/1A/1546_21a59237efcd.jpg","landname":"48"},{"id":281474977300829,"level":3,"status":1,"posx":32,"posy":12,"cityid":9,"townid":35,"tokenid":"6edaa68c807dc1a8a8143b15eb32412d","tokenurl":"/mcm/api/land?token=6edaa68c807dc1a8a8143b15eb32412d","imageurl":"/mcm/images/land/1B/516_19ae6be66a1a.jpg","landname":"49"},{"id":281474977300830,"level":1,"status":0,"posx":33,"posy":12,"cityid":9,"townid":35,"tokenid":"508b64530e809e05536d76f58ee936b4","tokenurl":"/mcm/api/land?token=508b64530e809e05536d76f58ee936b4","imageurl":"/mcm/images/land/1S/3091_297cc85d505e.jpg","landname":"50"},{"id":281474977300831,"level":2,"status":0,"posx":23,"posy":14,"cityid":9,"townid":35,"tokenid":"98f853bf549a1d36e7448d970e1ff382","tokenurl":"/mcm/api/land?token=98f853bf549a1d36e7448d970e1ff382","imageurl":"/mcm/images/land/1A/1547_461193574e86.jpg","landname":"51"},{"id":281474977300832,"level":1,"status":0,"posx":24,"posy":14,"cityid":9,"townid":35,"tokenid":"0704f37fba5ab6e9620a2d6cca5aef50","tokenurl":"/mcm/api/land?token=0704f37fba5ab6e9620a2d6cca5aef50","imageurl":"/mcm/images/land/1S/3092_54f10a2576ff.jpg","landname":"52"},{"id":281474977300833,"level":2,"status":0,"posx":23,"posy":15,"cityid":9,"townid":35,"tokenid":"8062d4c61b71083af09b87d774d84a83","tokenurl":"/mcm/api/land?token=8062d4c61b71083af09b87d774d84a83","imageurl":"/mcm/images/land/1A/1548_5abccad19a0f.jpg","landname":"53"},{"id":281474977300834,"level":1,"status":1,"posx":24,"posy":15,"cityid":9,"townid":35,"tokenid":"17434c1e8d4c67c802c19d63711eff7b","tokenurl":"/mcm/api/land?token=17434c1e8d4c67c802c19d63711eff7b","imageurl":"/mcm/images/land/1S/3093_27a942ebb53b.jpg","landname":"54"},{"id":281474977300835,"level":1,"status":0,"posx":33,"posy":15,"cityid":9,"townid":35,"tokenid":"d99a8f29a5247cadbff6d3b182519c81","tokenurl":"/mcm/api/land?token=d99a8f29a5247cadbff6d3b182519c81","imageurl":"/mcm/images/land/1S/3094_493eae5b3b9e.jpg","landname":"55"},{"id":281474977300836,"level":1,"status":1,"posx":34,"posy":15,"cityid":9,"townid":35,"tokenid":"a31785a6cef0dcaa7712eac9a3101841","tokenurl":"/mcm/api/land?token=a31785a6cef0dcaa7712eac9a3101841","imageurl":"/mcm/images/land/1S/3095_3138c295db33.jpg","landname":"56"},{"id":281474977300837,"level":1,"status":0,"posx":11,"posy":16,"cityid":9,"townid":35,"tokenid":"38004b0d1da6064f5470f56f0b925394","tokenurl":"/mcm/api/land?token=38004b0d1da6064f5470f56f0b925394","imageurl":"/mcm/images/land/1S/3096_4bc9db4c65a4.jpg","landname":"57"},{"id":281474977300838,"level":2,"status":0,"posx":12,"posy":16,"cityid":9,"townid":35,"tokenid":"cf823bda8134b03e252c78d627ca48dc","tokenurl":"/mcm/api/land?token=cf823bda8134b03e252c78d627ca48dc","imageurl":"/mcm/images/land/1A/1549_49970ed3d3fb.jpg","landname":"58"},{"id":281474977300839,"level":2,"status":0,"posx":23,"posy":16,"cityid":9,"townid":35,"tokenid":"b7e1983c2e60665dca96164dc785a08f","tokenurl":"/mcm/api/land?token=b7e1983c2e60665dca96164dc785a08f","imageurl":"/mcm/images/land/1A/1550_8c464127d31.jpg","landname":"59"},{"id":281474977300840,"level":3,"status":0,"posx":24,"posy":16,"cityid":9,"townid":35,"tokenid":"8b8e63986c03d1a378462c3749d1f674","tokenurl":"/mcm/api/land?token=8b8e63986c03d1a378462c3749d1f674","imageurl":"/mcm/images/land/1B/517_218c29b1dab9.jpg","landname":"60"},{"id":281474977300841,"level":1,"status":1,"posx":33,"posy":16,"cityid":9,"townid":35,"tokenid":"88c2f48e75dd834217d1e498ae91f578","tokenurl":"/mcm/api/land?token=88c2f48e75dd834217d1e498ae91f578","imageurl":"/mcm/images/land/1S/3097_537a9fc1ec8f.jpg","landname":"61"},{"id":281474977300842,"level":2,"status":1,"posx":34,"posy":16,"cityid":9,"townid":35,"tokenid":"3d28bf7239c0a0c51090f1391baee4da","tokenurl":"/mcm/api/land?token=3d28bf7239c0a0c51090f1391baee4da","imageurl":"/mcm/images/land/1A/1551_3a80a93ce1b9.jpg","landname":"62"},{"id":281474977300843,"level":2,"status":0,"posx":11,"posy":17,"cityid":9,"townid":35,"tokenid":"f56c1528a604ec37de93f4f3042c8a2a","tokenurl":"/mcm/api/land?token=f56c1528a604ec37de93f4f3042c8a2a","imageurl":"/mcm/images/land/1A/1552_55054dade7c.jpg","landname":"63"},{"id":281474977300844,"level":1,"status":1,"posx":12,"posy":17,"cityid":9,"townid":35,"tokenid":"410be1fd48c4556d8be6d460b2e07e29","tokenurl":"/mcm/api/land?token=410be1fd48c4556d8be6d460b2e07e29","imageurl":"/mcm/images/land/1S/3098_2d2c84abc009.jpg","landname":"64"},{"id":281474977300845,"level":1,"status":0,"posx":23,"posy":17,"cityid":9,"townid":35,"tokenid":"5e8a156ff8299abc3555d56d91867bea","tokenurl":"/mcm/api/land?token=5e8a156ff8299abc3555d56d91867bea","imageurl":"/mcm/images/land/1S/3099_3faf6173a376.jpg","landname":"65"},{"id":281474977300846,"level":2,"status":1,"posx":24,"posy":17,"cityid":9,"townid":35,"tokenid":"2a9cbd4576856cf08ea68100bb4efcd6","tokenurl":"/mcm/api/land?token=2a9cbd4576856cf08ea68100bb4efcd6","imageurl":"/mcm/images/land/1A/1553_5b8e4d52ca6.jpg","landname":"66"},{"id":281474977300847,"level":1,"status":1,"posx":33,"posy":17,"cityid":9,"townid":35,"tokenid":"97fd72df968c0563b5e9034452cbe06f","tokenurl":"/mcm/api/land?token=97fd72df968c0563b5e9034452cbe06f","imageurl":"/mcm/images/land/1S/3100_351350518c5f.jpg","landname":"67"},{"id":281474977300848,"level":1,"status":0,"posx":34,"posy":17,"cityid":9,"townid":35,"tokenid":"b9ce1a2f4605ab6fdd1bde0f7492e093","tokenurl":"/mcm/api/land?token=b9ce1a2f4605ab6fdd1bde0f7492e093","imageurl":"/mcm/images/land/1S/3101_d4007d67559.jpg","landname":"68"},{"id":281474977300849,"level":1,"status":0,"posx":7,"posy":18,"cityid":9,"townid":35,"tokenid":"be6e228d3c0d46404b1627dc07c8db65","tokenurl":"/mcm/api/land?token=be6e228d3c0d46404b1627dc07c8db65","imageurl":"/mcm/images/land/1S/3102_29d35e4ece03.jpg","landname":"69"},{"id":281474977300850,"level":3,"status":0,"posx":8,"posy":18,"cityid":9,"townid":35,"tokenid":"6a0287391e77dfea56357fe1e2b016b2","tokenurl":"/mcm/api/land?token=6a0287391e77dfea56357fe1e2b016b2","imageurl":"/mcm/images/land/1B/518_37fd12af7165.jpg","landname":"70"},{"id":281474977300851,"level":2,"status":1,"posx":11,"posy":18,"cityid":9,"townid":35,"tokenid":"568de7e7ac2a84bbc2abea73bfb6846e","tokenurl":"/mcm/api/land?token=568de7e7ac2a84bbc2abea73bfb6846e","imageurl":"/mcm/images/land/1A/1554_329f78b85ca1.jpg","landname":"71"},{"id":281474977300852,"level":2,"status":1,"posx":12,"posy":18,"cityid":9,"townid":35,"tokenid":"e2cfcfe89b3df0f1242e2d837a412d67","tokenurl":"/mcm/api/land?token=e2cfcfe89b3df0f1242e2d837a412d67","imageurl":"/mcm/images/land/1A/1555_594eb83c7747.jpg","landname":"72"},{"id":281474977300853,"level":3,"status":1,"posx":23,"posy":18,"cityid":9,"townid":35,"tokenid":"db7dfbfac8ec4cf93ead9511f998f889","tokenurl":"/mcm/api/land?token=db7dfbfac8ec4cf93ead9511f998f889","imageurl":"/mcm/images/land/1B/519_2400147291b.jpg","landname":"73"},{"id":281474977300854,"level":1,"status":1,"posx":24,"posy":18,"cityid":9,"townid":35,"tokenid":"c73a9bd0855a2a575e113dc500f53ad7","tokenurl":"/mcm/api/land?token=c73a9bd0855a2a575e113dc500f53ad7","imageurl":"/mcm/images/land/1S/3103_23791670cffc.jpg","landname":"74"},{"id":281474977300855,"level":2,"status":0,"posx":33,"posy":18,"cityid":9,"townid":35,"tokenid":"0838fb999a3ee25e5187dcd9bda910c8","tokenurl":"/mcm/api/land?token=0838fb999a3ee25e5187dcd9bda910c8","imageurl":"/mcm/images/land/1A/1556_2b908a87440f.jpg","landname":"75"},{"id":281474977300856,"level":1,"status":0,"posx":34,"posy":18,"cityid":9,"townid":35,"tokenid":"5a24f572761580aeb07e6e44fc7cfb72","tokenurl":"/mcm/api/land?token=5a24f572761580aeb07e6e44fc7cfb72","imageurl":"/mcm/images/land/1S/3104_463b9f908498.jpg","landname":"76"},{"id":281474977300857,"level":1,"status":0,"posx":7,"posy":19,"cityid":9,"townid":35,"tokenid":"9acbec3100cb9d8f369ffdd183463cca","tokenurl":"/mcm/api/land?token=9acbec3100cb9d8f369ffdd183463cca","imageurl":"/mcm/images/land/1S/3105_55218d51396e.jpg","landname":"77"},{"id":281474977300858,"level":3,"status":0,"posx":8,"posy":19,"cityid":9,"townid":35,"tokenid":"a9e06483574cdd1c4af683a842ba8211","tokenurl":"/mcm/api/land?token=a9e06483574cdd1c4af683a842ba8211","imageurl":"/mcm/images/land/1B/520_3745a09145ea.jpg","landname":"78"},{"id":281474977300859,"level":3,"status":0,"posx":11,"posy":19,"cityid":9,"townid":35,"tokenid":"651c3c7fbec992b869c3fbb31c275383","tokenurl":"/mcm/api/land?token=651c3c7fbec992b869c3fbb31c275383","imageurl":"/mcm/images/land/1B/521_37fcfffb0928.jpg","landname":"79"},{"id":281474977300860,"level":2,"status":0,"posx":12,"posy":19,"cityid":9,"townid":35,"tokenid":"e7fc99105eda2d97df1f4ecc2778be5d","tokenurl":"/mcm/api/land?token=e7fc99105eda2d97df1f4ecc2778be5d","imageurl":"/mcm/images/land/1A/1557_376564c8013e.jpg","landname":"80"},{"id":281474977300861,"level":2,"status":1,"posx":33,"posy":19,"cityid":9,"townid":35,"tokenid":"038bf80c28f8a5d78fbf54ad8a80462c","tokenurl":"/mcm/api/land?token=038bf80c28f8a5d78fbf54ad8a80462c","imageurl":"/mcm/images/land/1A/1558_4babb286a5f4.jpg","landname":"81"},{"id":281474977300862,"level":1,"status":0,"posx":34,"posy":19,"cityid":9,"townid":35,"tokenid":"4250e41bad6b14f196ef9bd5796ce3cc","tokenurl":"/mcm/api/land?token=4250e41bad6b14f196ef9bd5796ce3cc","imageurl":"/mcm/images/land/1S/3106_352a433cf0c4.jpg","landname":"82"},{"id":281474977300863,"level":1,"status":0,"posx":7,"posy":20,"cityid":9,"townid":35,"tokenid":"38c5d4bf121f696789bc827d2709ab50","tokenurl":"/mcm/api/land?token=38c5d4bf121f696789bc827d2709ab50","imageurl":"/mcm/images/land/1S/3107_2adfe9de2316.jpg","landname":"83"},{"id":281474977300864,"level":2,"status":1,"posx":8,"posy":20,"cityid":9,"townid":35,"tokenid":"1f57778d45bd7c878cfec106afce5af5","tokenurl":"/mcm/api/land?token=1f57778d45bd7c878cfec106afce5af5","imageurl":"/mcm/images/land/1A/1559_e24b7c29a20.jpg","landname":"84"},{"id":281474977300865,"level":1,"status":1,"posx":11,"posy":20,"cityid":9,"townid":35,"tokenid":"ae6cf9339e6c1bd5904530b05deae29c","tokenurl":"/mcm/api/land?token=ae6cf9339e6c1bd5904530b05deae29c","imageurl":"/mcm/images/land/1S/3108_275dc19eec9f.jpg","landname":"85"},{"id":281474977300866,"level":2,"status":0,"posx":12,"posy":20,"cityid":9,"townid":35,"tokenid":"07aee32d66766c1f59b671b714ad8648","tokenurl":"/mcm/api/land?token=07aee32d66766c1f59b671b714ad8648","imageurl":"/mcm/images/land/1A/1560_3d21759b07f3.jpg","landname":"86"},{"id":281474977300867,"level":1,"status":1,"posx":7,"posy":21,"cityid":9,"townid":35,"tokenid":"66e3040adba776d4d646cc3f4f8a2d0c","tokenurl":"/mcm/api/land?token=66e3040adba776d4d646cc3f4f8a2d0c","imageurl":"/mcm/images/land/1S/3109_50f32e1fdaa6.jpg","landname":"87"},{"id":281474977300868,"level":1,"status":0,"posx":8,"posy":21,"cityid":9,"townid":35,"tokenid":"80ba667a6436409ba445651409d146f8","tokenurl":"/mcm/api/land?token=80ba667a6436409ba445651409d146f8","imageurl":"/mcm/images/land/1S/3110_9d3b0e4b0b9.jpg","landname":"88"},{"id":281474977300869,"level":3,"status":1,"posx":26,"posy":21,"cityid":9,"townid":35,"tokenid":"b80266fbcbaf3ae8b57cb0e3a966cbb4","tokenurl":"/mcm/api/land?token=b80266fbcbaf3ae8b57cb0e3a966cbb4","imageurl":"/mcm/images/land/1B/522_170233a94ec1.jpg","landname":"89"},{"id":281474977300870,"level":1,"status":0,"posx":27,"posy":21,"cityid":9,"townid":35,"tokenid":"f0a6bbdbbefae97e0abb7a7c40e3cefd","tokenurl":"/mcm/api/land?token=f0a6bbdbbefae97e0abb7a7c40e3cefd","imageurl":"/mcm/images/land/1S/3111_38e130c6cc2.jpg","landname":"90"},{"id":281474977300871,"level":1,"status":0,"posx":7,"posy":22,"cityid":9,"townid":35,"tokenid":"6f3697a9d1ac44304a7bfbe9b1b09f30","tokenurl":"/mcm/api/land?token=6f3697a9d1ac44304a7bfbe9b1b09f30","imageurl":"/mcm/images/land/1S/3112_1ff25ae4be36.jpg","landname":"91"},{"id":281474977300872,"level":2,"status":1,"posx":8,"posy":22,"cityid":9,"townid":35,"tokenid":"d27e39b6ceecd7eff3662e249b59d801","tokenurl":"/mcm/api/land?token=d27e39b6ceecd7eff3662e249b59d801","imageurl":"/mcm/images/land/1A/1561_1bfd5b9c0384.jpg","landname":"92"},{"id":281474977300873,"level":2,"status":1,"posx":23,"posy":22,"cityid":9,"townid":35,"tokenid":"1be78178a9aa938f5f5c7165f41a6f9e","tokenurl":"/mcm/api/land?token=1be78178a9aa938f5f5c7165f41a6f9e","imageurl":"/mcm/images/land/1A/1562_cc58bba7122.jpg","landname":"93"},{"id":281474977300874,"level":1,"status":1,"posx":24,"posy":22,"cityid":9,"townid":35,"tokenid":"309feaa1a9500daffba4b45e40168252","tokenurl":"/mcm/api/land?token=309feaa1a9500daffba4b45e40168252","imageurl":"/mcm/images/land/1S/3113_154a67697335.jpg","landname":"94"},{"id":281474977300875,"level":2,"status":1,"posx":26,"posy":22,"cityid":9,"townid":35,"tokenid":"eb6ef4c2640119545c750bdb1f3f0d11","tokenurl":"/mcm/api/land?token=eb6ef4c2640119545c750bdb1f3f0d11","imageurl":"/mcm/images/land/1A/1563_577ec496e581.jpg","landname":"95"},{"id":281474977300876,"level":1,"status":1,"posx":27,"posy":22,"cityid":9,"townid":35,"tokenid":"d26c5d8d2df3dc7b6094c3065a4d6175","tokenurl":"/mcm/api/land?token=d26c5d8d2df3dc7b6094c3065a4d6175","imageurl":"/mcm/images/land/1S/3114_1308e0edaed.jpg","landname":"96"},{"id":281474977300877,"level":1,"status":1,"posx":33,"posy":22,"cityid":9,"townid":35,"tokenid":"3dbd227c578259bd560c5e35ceb71d2d","tokenurl":"/mcm/api/land?token=3dbd227c578259bd560c5e35ceb71d2d","imageurl":"/mcm/images/land/1S/3115_3f26a2c14f52.jpg","landname":"97"},{"id":281474977300878,"level":1,"status":0,"posx":34,"posy":22,"cityid":9,"townid":35,"tokenid":"ac390bb2a9320dbc3b8dede9b07bd66c","tokenurl":"/mcm/api/land?token=ac390bb2a9320dbc3b8dede9b07bd66c","imageurl":"/mcm/images/land/1S/3116_14fdcd536858.jpg","landname":"98"},{"id":281474977300879,"level":1,"status":1,"posx":23,"posy":23,"cityid":9,"townid":35,"tokenid":"85712c3ede01f9a21c8c5858020b1f85","tokenurl":"/mcm/api/land?token=85712c3ede01f9a21c8c5858020b1f85","imageurl":"/mcm/images/land/1S/3117_523a40d03215.jpg","landname":"99"},{"id":281474977300880,"level":1,"status":1,"posx":24,"posy":23,"cityid":9,"townid":35,"tokenid":"45e94f160810fd93d552724a4f7ad967","tokenurl":"/mcm/api/land?token=45e94f160810fd93d552724a4f7ad967","imageurl":"/mcm/images/land/1S/3118_5a8def842847.jpg","landname":"100"},{"id":281474977300881,"level":1,"status":1,"posx":26,"posy":23,"cityid":9,"townid":35,"tokenid":"2e6a39777578323e81b44037e6d9f06d","tokenurl":"/mcm/api/land?token=2e6a39777578323e81b44037e6d9f06d","imageurl":"/mcm/images/land/1S/3119_36ceaa2f1d1d.jpg","landname":"101"},{"id":281474977300882,"level":3,"status":1,"posx":27,"posy":23,"cityid":9,"townid":35,"tokenid":"fd1f58020eba363f9b410e4d54b2e37d","tokenurl":"/mcm/api/land?token=fd1f58020eba363f9b410e4d54b2e37d","imageurl":"/mcm/images/land/1B/523_1764fff722ca.jpg","landname":"102"},{"id":281474977300883,"level":1,"status":1,"posx":33,"posy":23,"cityid":9,"townid":35,"tokenid":"a348e2c54454667c7229e91c599195b7","tokenurl":"/mcm/api/land?token=a348e2c54454667c7229e91c599195b7","imageurl":"/mcm/images/land/1S/3120_4afec26ceeef.jpg","landname":"103"},{"id":281474977300884,"level":1,"status":0,"posx":34,"posy":23,"cityid":9,"townid":35,"tokenid":"493f2d0860dbb96374c4829e12d8b077","tokenurl":"/mcm/api/land?token=493f2d0860dbb96374c4829e12d8b077","imageurl":"/mcm/images/land/1S/3121_2bc37e2e11fb.jpg","landname":"104"},{"id":281474977300885,"level":2,"status":0,"posx":23,"posy":24,"cityid":9,"townid":35,"tokenid":"28df200db859d2d2bf35476691815353","tokenurl":"/mcm/api/land?token=28df200db859d2d2bf35476691815353","imageurl":"/mcm/images/land/1A/1564_21db5c5f5307.jpg","landname":"105"},{"id":281474977300886,"level":1,"status":1,"posx":24,"posy":24,"cityid":9,"townid":35,"tokenid":"a0d86992a5901cbc152ae110feedc9a8","tokenurl":"/mcm/api/land?token=a0d86992a5901cbc152ae110feedc9a8","imageurl":"/mcm/images/land/1S/3122_4dae080fee8f.jpg","landname":"106"},{"id":281474977300887,"level":2,"status":0,"posx":26,"posy":24,"cityid":9,"townid":35,"tokenid":"76d2d0ac1dda9e53d7734b8c09fdd28c","tokenurl":"/mcm/api/land?token=76d2d0ac1dda9e53d7734b8c09fdd28c","imageurl":"/mcm/images/land/1A/1565_3235ea06dc4a.jpg","landname":"107"},{"id":281474977300888,"level":1,"status":0,"posx":27,"posy":24,"cityid":9,"townid":35,"tokenid":"1ec015746700fed0a3ec9a10c337ae55","tokenurl":"/mcm/api/land?token=1ec015746700fed0a3ec9a10c337ae55","imageurl":"/mcm/images/land/1S/3123_4ae274f00360.jpg","landname":"108"},{"id":281474977300889,"level":1,"status":1,"posx":33,"posy":24,"cityid":9,"townid":35,"tokenid":"3e85fb87933935a2c865d8e70acfe39a","tokenurl":"/mcm/api/land?token=3e85fb87933935a2c865d8e70acfe39a","imageurl":"/mcm/images/land/1S/3124_ec443df5e5c.jpg","landname":"109"},{"id":281474977300890,"level":2,"status":1,"posx":34,"posy":24,"cityid":9,"townid":35,"tokenid":"2a5ff0f4c009d94850eb4e59db3c207b","tokenurl":"/mcm/api/land?token=2a5ff0f4c009d94850eb4e59db3c207b","imageurl":"/mcm/images/land/1A/1566_34de7352baad.jpg","landname":"110"},{"id":281474977300891,"level":2,"status":1,"posx":23,"posy":25,"cityid":9,"townid":35,"tokenid":"e6756f3fea98faba8d4bc3515980515d","tokenurl":"/mcm/api/land?token=e6756f3fea98faba8d4bc3515980515d","imageurl":"/mcm/images/land/1A/1567_398f235f5f56.jpg","landname":"111"},{"id":281474977300892,"level":2,"status":1,"posx":24,"posy":25,"cityid":9,"townid":35,"tokenid":"7eb50844bd3858b31f8e6d02bd4a7231","tokenurl":"/mcm/api/land?token=7eb50844bd3858b31f8e6d02bd4a7231","imageurl":"/mcm/images/land/1A/1568_41a70eb2f37c.jpg","landname":"112"},{"id":281474977300893,"level":1,"status":0,"posx":26,"posy":25,"cityid":9,"townid":35,"tokenid":"8787acc170ea6829234256222691cb27","tokenurl":"/mcm/api/land?token=8787acc170ea6829234256222691cb27","imageurl":"/mcm/images/land/1S/3125_c2b9f4af86b.jpg","landname":"113"},{"id":281474977300894,"level":2,"status":1,"posx":27,"posy":25,"cityid":9,"townid":35,"tokenid":"106e0e32c4ee4b3442e59ab08ce8b8a5","tokenurl":"/mcm/api/land?token=106e0e32c4ee4b3442e59ab08ce8b8a5","imageurl":"/mcm/images/land/1A/1569_42fe484e1b4a.jpg","landname":"114"},{"id":281474977300895,"level":2,"status":0,"posx":33,"posy":25,"cityid":9,"townid":35,"tokenid":"8771878ee897ac2d4a957c17905cdc48","tokenurl":"/mcm/api/land?token=8771878ee897ac2d4a957c17905cdc48","imageurl":"/mcm/images/land/1A/1570_56ae7de09425.jpg","landname":"115"},{"id":281474977300896,"level":1,"status":1,"posx":34,"posy":25,"cityid":9,"townid":35,"tokenid":"ec4dc4e752b311e2c5245783d98536b7","tokenurl":"/mcm/api/land?token=ec4dc4e752b311e2c5245783d98536b7","imageurl":"/mcm/images/land/1S/3126_1044de6454c8.jpg","landname":"116"},{"id":281474977300897,"level":1,"status":1,"posx":23,"posy":26,"cityid":9,"townid":35,"tokenid":"c44b94958ef97d603b83f0145bb82234","tokenurl":"/mcm/api/land?token=c44b94958ef97d603b83f0145bb82234","imageurl":"/mcm/images/land/1S/3127_37668fed6cb2.jpg","landname":"117"},{"id":281474977300898,"level":2,"status":1,"posx":24,"posy":26,"cityid":9,"townid":35,"tokenid":"e4f6c255c288d6a523d9508b01406d19","tokenurl":"/mcm/api/land?token=e4f6c255c288d6a523d9508b01406d19","imageurl":"/mcm/images/land/1A/1571_3dc39c574352.jpg","landname":"118"},{"id":281474977300899,"level":1,"status":0,"posx":33,"posy":26,"cityid":9,"townid":35,"tokenid":"7d44030d0cf982ab37f90cac9d0a1027","tokenurl":"/mcm/api/land?token=7d44030d0cf982ab37f90cac9d0a1027","imageurl":"/mcm/images/land/1S/3128_ef79f2dbeb.jpg","landname":"119"},{"id":281474977300900,"level":3,"status":1,"posx":34,"posy":26,"cityid":9,"townid":35,"tokenid":"4d79ca5579784e4fda98c3512de2c0ac","tokenurl":"/mcm/api/land?token=4d79ca5579784e4fda98c3512de2c0ac","imageurl":"/mcm/images/land/1B/524_3c94d9750979.jpg","landname":"120"},{"id":281474977300901,"level":1,"status":0,"posx":31,"posy":27,"cityid":9,"townid":35,"tokenid":"0ccbb6ce0881de13b1808f21b88805a9","tokenurl":"/mcm/api/land?token=0ccbb6ce0881de13b1808f21b88805a9","imageurl":"/mcm/images/land/1S/3129_218ce4b753cd.jpg","landname":"121"},{"id":281474977300902,"level":1,"status":0,"posx":32,"posy":27,"cityid":9,"townid":35,"tokenid":"45281559afd137f733632d9042ecffa5","tokenurl":"/mcm/api/land?token=45281559afd137f733632d9042ecffa5","imageurl":"/mcm/images/land/1S/3130_564e9c09456f.jpg","landname":"122"},{"id":281474977300903,"level":1,"status":1,"posx":6,"posy":28,"cityid":9,"townid":35,"tokenid":"4aaf7b4b49732edf7b015adf84d0c9b3","tokenurl":"/mcm/api/land?token=4aaf7b4b49732edf7b015adf84d0c9b3","imageurl":"/mcm/images/land/1S/3131_4851fd3d0c68.jpg","landname":"123"},{"id":281474977300904,"level":1,"status":0,"posx":7,"posy":28,"cityid":9,"townid":35,"tokenid":"634e2475bb091d114ecc562bbf0a0ba2","tokenurl":"/mcm/api/land?token=634e2475bb091d114ecc562bbf0a0ba2","imageurl":"/mcm/images/land/1S/3132_3a2519f49993.jpg","landname":"124"},{"id":281474977300905,"level":1,"status":1,"posx":9,"posy":28,"cityid":9,"townid":35,"tokenid":"de56cb15f2fc3e7ef9efab9fe59029fb","tokenurl":"/mcm/api/land?token=de56cb15f2fc3e7ef9efab9fe59029fb","imageurl":"/mcm/images/land/1S/3133_394a47594c42.jpg","landname":"125"},{"id":281474977300906,"level":1,"status":0,"posx":10,"posy":28,"cityid":9,"townid":35,"tokenid":"afb21594382b936797d95b0672669755","tokenurl":"/mcm/api/land?token=afb21594382b936797d95b0672669755","imageurl":"/mcm/images/land/1S/3134_44e48181085e.jpg","landname":"126"},{"id":281474977300907,"level":3,"status":0,"posx":31,"posy":28,"cityid":9,"townid":35,"tokenid":"a38c0e8bb1a27cac488a0b07e00d09ca","tokenurl":"/mcm/api/land?token=a38c0e8bb1a27cac488a0b07e00d09ca","imageurl":"/mcm/images/land/1B/525_5e75d246850.jpg","landname":"127"},{"id":281474977300908,"level":1,"status":1,"posx":32,"posy":28,"cityid":9,"townid":35,"tokenid":"59f81f28b115e1f5cbc63688328b639f","tokenurl":"/mcm/api/land?token=59f81f28b115e1f5cbc63688328b639f","imageurl":"/mcm/images/land/1S/3135_3fbd4b4065e2.jpg","landname":"128"},{"id":281474977300909,"level":1,"status":1,"posx":6,"posy":29,"cityid":9,"townid":35,"tokenid":"8dbf2fb19aa57c2f05abd1a1934ed90f","tokenurl":"/mcm/api/land?token=8dbf2fb19aa57c2f05abd1a1934ed90f","imageurl":"/mcm/images/land/1S/3136_12f3154a4b73.jpg","landname":"129"},{"id":281474977300910,"level":1,"status":0,"posx":7,"posy":29,"cityid":9,"townid":35,"tokenid":"95d77eb65d63c094dafd8fb9cc0ec3e4","tokenurl":"/mcm/api/land?token=95d77eb65d63c094dafd8fb9cc0ec3e4","imageurl":"/mcm/images/land/1S/3137_56d2a8d820b7.jpg","landname":"130"},{"id":281474977300911,"level":1,"status":1,"posx":9,"posy":29,"cityid":9,"townid":35,"tokenid":"f97227cc381e9b086cff873bd6863fc5","tokenurl":"/mcm/api/land?token=f97227cc381e9b086cff873bd6863fc5","imageurl":"/mcm/images/land/1S/3138_3d7f3f9d0641.jpg","landname":"131"},{"id":281474977300912,"level":1,"status":0,"posx":10,"posy":29,"cityid":9,"townid":35,"tokenid":"98aefc583851dcd99a63f4e5245566b6","tokenurl":"/mcm/api/land?token=98aefc583851dcd99a63f4e5245566b6","imageurl":"/mcm/images/land/1S/3139_277e19a7cd7b.jpg","landname":"132"},{"id":281474977300913,"level":1,"status":0,"posx":31,"posy":29,"cityid":9,"townid":35,"tokenid":"965f5647a6d60f481ac290de37d7084a","tokenurl":"/mcm/api/land?token=965f5647a6d60f481ac290de37d7084a","imageurl":"/mcm/images/land/1S/3140_204f9e12291c.jpg","landname":"133"},{"id":281474977300914,"level":1,"status":1,"posx":32,"posy":29,"cityid":9,"townid":35,"tokenid":"1b397753af8a789abc674b7cc0f10fb0","tokenurl":"/mcm/api/land?token=1b397753af8a789abc674b7cc0f10fb0","imageurl":"/mcm/images/land/1S/3141_b232d5cdf5d.jpg","landname":"134"},{"id":281474977300915,"level":3,"status":1,"posx":6,"posy":30,"cityid":9,"townid":35,"tokenid":"f6bb1856d348c9d0813d06f550b274aa","tokenurl":"/mcm/api/land?token=f6bb1856d348c9d0813d06f550b274aa","imageurl":"/mcm/images/land/1B/526_5317f68dc7c8.jpg","landname":"135"},{"id":281474977300916,"level":1,"status":0,"posx":7,"posy":30,"cityid":9,"townid":35,"tokenid":"c18ce4808cb0a59b81c8c85df05664b5","tokenurl":"/mcm/api/land?token=c18ce4808cb0a59b81c8c85df05664b5","imageurl":"/mcm/images/land/1S/3142_28fbfb89ff73.jpg","landname":"136"},{"id":281474977300917,"level":1,"status":1,"posx":9,"posy":30,"cityid":9,"townid":35,"tokenid":"8d7c28786af53dc2c42f9daae879f2d9","tokenurl":"/mcm/api/land?token=8d7c28786af53dc2c42f9daae879f2d9","imageurl":"/mcm/images/land/1S/3143_209fde9691b2.jpg","landname":"137"},{"id":281474977300918,"level":1,"status":0,"posx":10,"posy":30,"cityid":9,"townid":35,"tokenid":"0101d622a19e2e9a8d2383945bc7ac5e","tokenurl":"/mcm/api/land?token=0101d622a19e2e9a8d2383945bc7ac5e","imageurl":"/mcm/images/land/1S/3144_581000fef1d1.jpg","landname":"138"},{"id":281474977300919,"level":2,"status":0,"posx":31,"posy":30,"cityid":9,"townid":35,"tokenid":"9c49399fff234938758028d271edda96","tokenurl":"/mcm/api/land?token=9c49399fff234938758028d271edda96","imageurl":"/mcm/images/land/1A/1572_850233bd17d.jpg","landname":"139"},{"id":281474977300920,"level":1,"status":1,"posx":32,"posy":30,"cityid":9,"townid":35,"tokenid":"9f2ee7078fff4b3572997679b3e72952","tokenurl":"/mcm/api/land?token=9f2ee7078fff4b3572997679b3e72952","imageurl":"/mcm/images/land/1S/3145_11b50c31e483.jpg","landname":"140"},{"id":281474977300921,"level":1,"status":0,"posx":6,"posy":31,"cityid":9,"townid":35,"tokenid":"6b0624b41e361c17923a32a1244a4fdb","tokenurl":"/mcm/api/land?token=6b0624b41e361c17923a32a1244a4fdb","imageurl":"/mcm/images/land/1S/3146_1abbf07f45c4.jpg","landname":"141"},{"id":281474977300922,"level":1,"status":1,"posx":7,"posy":31,"cityid":9,"townid":35,"tokenid":"8c8a9ae44b41e8a623f63975a3fe2854","tokenurl":"/mcm/api/land?token=8c8a9ae44b41e8a623f63975a3fe2854","imageurl":"/mcm/images/land/1S/3147_4780aa2453e9.jpg","landname":"142"},{"id":281474977300923,"level":2,"status":1,"posx":9,"posy":31,"cityid":9,"townid":35,"tokenid":"568e60070bd5005bb745a895cc2fdd01","tokenurl":"/mcm/api/land?token=568e60070bd5005bb745a895cc2fdd01","imageurl":"/mcm/images/land/1A/1573_253201c1d8e5.jpg","landname":"143"},{"id":281474977300924,"level":2,"status":1,"posx":10,"posy":31,"cityid":9,"townid":35,"tokenid":"03e06ac7f057e2a65d6855418b27b2a7","tokenurl":"/mcm/api/land?token=03e06ac7f057e2a65d6855418b27b2a7","imageurl":"/mcm/images/land/1A/1574_19baecc7310c.jpg","landname":"144"},{"id":281474977300925,"level":2,"status":1,"posx":31,"posy":31,"cityid":9,"townid":35,"tokenid":"5b68e7d1ee2add649ceb7b6042c195a2","tokenurl":"/mcm/api/land?token=5b68e7d1ee2add649ceb7b6042c195a2","imageurl":"/mcm/images/land/1A/1575_52e154a104a.jpg","landname":"145"},{"id":281474977300926,"level":1,"status":1,"posx":32,"posy":31,"cityid":9,"townid":35,"tokenid":"bc66ddd7b39627038b31ad7511346b88","tokenurl":"/mcm/api/land?token=bc66ddd7b39627038b31ad7511346b88","imageurl":"/mcm/images/land/1S/3148_119407c9ece3.jpg","landname":"146"},{"id":281474977300927,"level":2,"status":0,"posx":6,"posy":32,"cityid":9,"townid":35,"tokenid":"39dc53b34d95c9872f113e1da9d2ca21","tokenurl":"/mcm/api/land?token=39dc53b34d95c9872f113e1da9d2ca21","imageurl":"/mcm/images/land/1A/1576_4c26cf08421d.jpg","landname":"147"},{"id":281474977300928,"level":1,"status":1,"posx":7,"posy":32,"cityid":9,"townid":35,"tokenid":"539757310a5f0854c15566a691cba0c5","tokenurl":"/mcm/api/land?token=539757310a5f0854c15566a691cba0c5","imageurl":"/mcm/images/land/1S/3149_869f585fb78.jpg","landname":"148"},{"id":281474977300929,"level":1,"status":1,"posx":9,"posy":32,"cityid":9,"townid":35,"tokenid":"20a441a534edf4d18de285c5b17a276a","tokenurl":"/mcm/api/land?token=20a441a534edf4d18de285c5b17a276a","imageurl":"/mcm/images/land/1S/3150_39c297d8cc64.jpg","landname":"149"},{"id":281474977300930,"level":1,"status":0,"posx":10,"posy":32,"cityid":9,"townid":35,"tokenid":"4f554f128b4a81f2f53bda25aa27fb7d","tokenurl":"/mcm/api/land?token=4f554f128b4a81f2f53bda25aa27fb7d","imageurl":"/mcm/images/land/1S/3151_351e941fd7cb.jpg","landname":"150"}]]],0,0,[],[],[]]
