[1,0,0,[["cc.JsonAsset",["_name","json"],1]],[[0,0,1,3]],[[0,"1406",[{"id":281475019440279,"level":3,"status":0,"posx":15,"posy":5,"cityid":652,"townid":1406,"tokenid":"89b139f3d0ea096faba3834fb2fcc186","tokenurl":"/mcm/api/land?token=89b139f3d0ea096faba3834fb2fcc186","imageurl":"/mcm/images/land/2B/28877_14e5e8e1af9d.jpg","landname":"1"},{"id":281475019440280,"level":2,"status":0,"posx":16,"posy":5,"cityid":652,"townid":1406,"tokenid":"9d9658ff938b7d28cab4833599198410","tokenurl":"/mcm/api/land?token=9d9658ff938b7d28cab4833599198410","imageurl":"/mcm/images/land/2A/17327_292cab4503a4.jpg","landname":"2"},{"id":281475019440281,"level":2,"status":0,"posx":25,"posy":5,"cityid":652,"townid":1406,"tokenid":"13c3daa87931ca673a25184a8fa9a091","tokenurl":"/mcm/api/land?token=13c3daa87931ca673a25184a8fa9a091","imageurl":"/mcm/images/land/2A/17328_66af75e95eb.jpg","landname":"3"},{"id":281475019440282,"level":1,"status":0,"posx":26,"posy":5,"cityid":652,"townid":1406,"tokenid":"31a8f2fb9569d9bb37c0cc5dd24b4935","tokenurl":"/mcm/api/land?token=31a8f2fb9569d9bb37c0cc5dd24b4935","imageurl":"/mcm/images/land/2S/11552_692d2b3ec24.jpg","landname":"4"},{"id":281475019440283,"level":2,"status":0,"posx":6,"posy":6,"cityid":652,"townid":1406,"tokenid":"74616869b99c0d5e74b1ad6dd27f3c3b","tokenurl":"/mcm/api/land?token=74616869b99c0d5e74b1ad6dd27f3c3b","imageurl":"/mcm/images/land/2A/17329_44b28849d95e.jpg","landname":"5"},{"id":281475019440284,"level":3,"status":1,"posx":7,"posy":6,"cityid":652,"townid":1406,"tokenid":"0b2fce0200b3df3597c3a182926442e0","tokenurl":"/mcm/api/land?token=0b2fce0200b3df3597c3a182926442e0","imageurl":"/mcm/images/land/2B/28878_49158980fa8d.jpg","landname":"6"},{"id":281475019440285,"level":1,"status":0,"posx":15,"posy":6,"cityid":652,"townid":1406,"tokenid":"d6a8c54ca60ef1ef5c041f933e86aae2","tokenurl":"/mcm/api/land?token=d6a8c54ca60ef1ef5c041f933e86aae2","imageurl":"/mcm/images/land/2S/11553_138d168e0495.jpg","landname":"7"},{"id":281475019440286,"level":2,"status":1,"posx":16,"posy":6,"cityid":652,"townid":1406,"tokenid":"fedabfff1bcafd5b6a47192ce2b265f3","tokenurl":"/mcm/api/land?token=fedabfff1bcafd5b6a47192ce2b265f3","imageurl":"/mcm/images/land/2A/17330_3d5c6090d163.jpg","landname":"8"},{"id":281475019440287,"level":2,"status":0,"posx":25,"posy":6,"cityid":652,"townid":1406,"tokenid":"c122dd3dcb3f483cdd40113f93ff4247","tokenurl":"/mcm/api/land?token=c122dd3dcb3f483cdd40113f93ff4247","imageurl":"/mcm/images/land/2A/17331_45a504639d9c.jpg","landname":"9"},{"id":281475019440288,"level":2,"status":1,"posx":26,"posy":6,"cityid":652,"townid":1406,"tokenid":"e13eec2bf949e8304019e32424f77099","tokenurl":"/mcm/api/land?token=e13eec2bf949e8304019e32424f77099","imageurl":"/mcm/images/land/2A/17332_3d0bbc43fa3d.jpg","landname":"10"},{"id":281475019440289,"level":3,"status":0,"posx":30,"posy":6,"cityid":652,"townid":1406,"tokenid":"cacd1431908ff2593578014217b89daa","tokenurl":"/mcm/api/land?token=cacd1431908ff2593578014217b89daa","imageurl":"/mcm/images/land/2B/28879_46baac9469c4.jpg","landname":"11"},{"id":281475019440290,"level":3,"status":0,"posx":31,"posy":6,"cityid":652,"townid":1406,"tokenid":"61909267ddecdf1f15c2521bb14df8c6","tokenurl":"/mcm/api/land?token=61909267ddecdf1f15c2521bb14df8c6","imageurl":"/mcm/images/land/2B/28880_172ee2fcfe7a.jpg","landname":"12"},{"id":281475019440291,"level":3,"status":0,"posx":33,"posy":6,"cityid":652,"townid":1406,"tokenid":"50d75d26ffaf59f4dade2d2ce805f431","tokenurl":"/mcm/api/land?token=50d75d26ffaf59f4dade2d2ce805f431","imageurl":"/mcm/images/land/2B/28881_f71b6d37e8f.jpg","landname":"13"},{"id":281475019440292,"level":3,"status":0,"posx":34,"posy":6,"cityid":652,"townid":1406,"tokenid":"5ae91e6bc2128772bf78ebe633231f7b","tokenurl":"/mcm/api/land?token=5ae91e6bc2128772bf78ebe633231f7b","imageurl":"/mcm/images/land/2B/28882_1d3f0fae495c.jpg","landname":"14"},{"id":281475019440293,"level":1,"status":1,"posx":6,"posy":7,"cityid":652,"townid":1406,"tokenid":"d49722f9b5c820d5aebe21d6d5dd3e7d","tokenurl":"/mcm/api/land?token=d49722f9b5c820d5aebe21d6d5dd3e7d","imageurl":"/mcm/images/land/2S/11554_32eac1452643.jpg","landname":"15"},{"id":281475019440294,"level":3,"status":0,"posx":7,"posy":7,"cityid":652,"townid":1406,"tokenid":"d1ef5c9daeef31daeda52eed7714b6b2","tokenurl":"/mcm/api/land?token=d1ef5c9daeef31daeda52eed7714b6b2","imageurl":"/mcm/images/land/2B/28883_1f9963e50e32.jpg","landname":"16"},{"id":281475019440295,"level":3,"status":1,"posx":15,"posy":7,"cityid":652,"townid":1406,"tokenid":"c307b1da970c2f0bd1c7bbfe735c4c82","tokenurl":"/mcm/api/land?token=c307b1da970c2f0bd1c7bbfe735c4c82","imageurl":"/mcm/images/land/2B/28884_4c7343ffe9a0.jpg","landname":"17"},{"id":281475019440296,"level":3,"status":0,"posx":16,"posy":7,"cityid":652,"townid":1406,"tokenid":"496e91b824f9c1a0de708228aa22543a","tokenurl":"/mcm/api/land?token=496e91b824f9c1a0de708228aa22543a","imageurl":"/mcm/images/land/2B/28885_4830bcf96df8.jpg","landname":"18"},{"id":281475019440297,"level":3,"status":0,"posx":21,"posy":7,"cityid":652,"townid":1406,"tokenid":"f44a94c23dc1db4d3e0fa276693d53d7","tokenurl":"/mcm/api/land?token=f44a94c23dc1db4d3e0fa276693d53d7","imageurl":"/mcm/images/land/2B/28886_107c9b5eadbf.jpg","landname":"19"},{"id":281475019440298,"level":3,"status":0,"posx":22,"posy":7,"cityid":652,"townid":1406,"tokenid":"efbfa2695da87969d1339495b946a942","tokenurl":"/mcm/api/land?token=efbfa2695da87969d1339495b946a942","imageurl":"/mcm/images/land/2B/28887_446e43442f5d.jpg","landname":"20"},{"id":281475019440299,"level":3,"status":0,"posx":25,"posy":7,"cityid":652,"townid":1406,"tokenid":"a98b6af7ea44aa452bc337273b5505b1","tokenurl":"/mcm/api/land?token=a98b6af7ea44aa452bc337273b5505b1","imageurl":"/mcm/images/land/2B/28888_3dbee4a677ba.jpg","landname":"21"},{"id":281475019440300,"level":1,"status":1,"posx":26,"posy":7,"cityid":652,"townid":1406,"tokenid":"232f9435de82a2ae1d645a613ea1a05a","tokenurl":"/mcm/api/land?token=232f9435de82a2ae1d645a613ea1a05a","imageurl":"/mcm/images/land/2S/11555_3f6d1f94eb0c.jpg","landname":"22"},{"id":281475019440301,"level":1,"status":0,"posx":30,"posy":7,"cityid":652,"townid":1406,"tokenid":"48b624dd4f935b011191877698521547","tokenurl":"/mcm/api/land?token=48b624dd4f935b011191877698521547","imageurl":"/mcm/images/land/2S/11556_3c82c8949b69.jpg","landname":"23"},{"id":281475019440302,"level":3,"status":0,"posx":31,"posy":7,"cityid":652,"townid":1406,"tokenid":"a3f91a02f78b98a6fb44ed1fe8445fef","tokenurl":"/mcm/api/land?token=a3f91a02f78b98a6fb44ed1fe8445fef","imageurl":"/mcm/images/land/2B/28889_55709cb50c23.jpg","landname":"24"},{"id":281475019440303,"level":3,"status":1,"posx":33,"posy":7,"cityid":652,"townid":1406,"tokenid":"4bc7ce9cc41c37f073b060892473c297","tokenurl":"/mcm/api/land?token=4bc7ce9cc41c37f073b060892473c297","imageurl":"/mcm/images/land/2B/28890_837db9b66bf.jpg","landname":"25"},{"id":281475019440304,"level":2,"status":1,"posx":34,"posy":7,"cityid":652,"townid":1406,"tokenid":"762b363d00c5a2a297b20e61dc31a9e8","tokenurl":"/mcm/api/land?token=762b363d00c5a2a297b20e61dc31a9e8","imageurl":"/mcm/images/land/2A/17333_3eb3a4ca9267.jpg","landname":"26"},{"id":281475019440305,"level":2,"status":1,"posx":6,"posy":8,"cityid":652,"townid":1406,"tokenid":"582c2dd4c04de748bab5156995b24f7b","tokenurl":"/mcm/api/land?token=582c2dd4c04de748bab5156995b24f7b","imageurl":"/mcm/images/land/2A/17334_37f71de91da6.jpg","landname":"27"},{"id":281475019440306,"level":1,"status":0,"posx":7,"posy":8,"cityid":652,"townid":1406,"tokenid":"7617a2976769755775b8a699c4d6ac1d","tokenurl":"/mcm/api/land?token=7617a2976769755775b8a699c4d6ac1d","imageurl":"/mcm/images/land/2S/11557_5589798ca7a3.jpg","landname":"28"},{"id":281475019440307,"level":1,"status":0,"posx":15,"posy":8,"cityid":652,"townid":1406,"tokenid":"b7646068c908277be94491123ed2d541","tokenurl":"/mcm/api/land?token=b7646068c908277be94491123ed2d541","imageurl":"/mcm/images/land/2S/11558_20d29d5d3b68.jpg","landname":"29"},{"id":281475019440308,"level":2,"status":1,"posx":16,"posy":8,"cityid":652,"townid":1406,"tokenid":"fd5c5977de6f2c78886513792c5a96e9","tokenurl":"/mcm/api/land?token=fd5c5977de6f2c78886513792c5a96e9","imageurl":"/mcm/images/land/2A/17335_4f25cf466d01.jpg","landname":"30"},{"id":281475019440309,"level":3,"status":0,"posx":21,"posy":8,"cityid":652,"townid":1406,"tokenid":"bcc3dc56ae6f0ab4e2fc3566712d4849","tokenurl":"/mcm/api/land?token=bcc3dc56ae6f0ab4e2fc3566712d4849","imageurl":"/mcm/images/land/2B/28891_e68a4cb7471.jpg","landname":"31"},{"id":281475019440310,"level":1,"status":0,"posx":22,"posy":8,"cityid":652,"townid":1406,"tokenid":"30c1cb5bf97f4fe84e30beb76ce38e17","tokenurl":"/mcm/api/land?token=30c1cb5bf97f4fe84e30beb76ce38e17","imageurl":"/mcm/images/land/2S/11559_350b065d90d2.jpg","landname":"32"},{"id":281475019440311,"level":3,"status":1,"posx":25,"posy":8,"cityid":652,"townid":1406,"tokenid":"b9b21ef16c3fca550ed8c37aae3fa943","tokenurl":"/mcm/api/land?token=b9b21ef16c3fca550ed8c37aae3fa943","imageurl":"/mcm/images/land/2B/28892_414cc7943892.jpg","landname":"33"},{"id":281475019440312,"level":3,"status":1,"posx":26,"posy":8,"cityid":652,"townid":1406,"tokenid":"d8715b632dee5764a270edb1f406a140","tokenurl":"/mcm/api/land?token=d8715b632dee5764a270edb1f406a140","imageurl":"/mcm/images/land/2B/28893_2d94891b28a4.jpg","landname":"34"},{"id":281475019440313,"level":1,"status":0,"posx":30,"posy":8,"cityid":652,"townid":1406,"tokenid":"ab745ddad2438dd8abee4f9fb7fa5bc1","tokenurl":"/mcm/api/land?token=ab745ddad2438dd8abee4f9fb7fa5bc1","imageurl":"/mcm/images/land/2S/11560_1df80269aa50.jpg","landname":"35"},{"id":281475019440314,"level":2,"status":0,"posx":31,"posy":8,"cityid":652,"townid":1406,"tokenid":"2f185f7a992e69e6d9e23b637c7809ad","tokenurl":"/mcm/api/land?token=2f185f7a992e69e6d9e23b637c7809ad","imageurl":"/mcm/images/land/2A/17336_ba995d3207f.jpg","landname":"36"},{"id":281475019440315,"level":3,"status":1,"posx":33,"posy":8,"cityid":652,"townid":1406,"tokenid":"5ea935a1d9f5d1f16e3e673fca82ce2c","tokenurl":"/mcm/api/land?token=5ea935a1d9f5d1f16e3e673fca82ce2c","imageurl":"/mcm/images/land/2B/28894_17f14eff4376.jpg","landname":"37"},{"id":281475019440316,"level":2,"status":0,"posx":34,"posy":8,"cityid":652,"townid":1406,"tokenid":"2066e9ad1bd265b9f9470de434d87a8d","tokenurl":"/mcm/api/land?token=2066e9ad1bd265b9f9470de434d87a8d","imageurl":"/mcm/images/land/2A/17337_27c43c22d988.jpg","landname":"38"},{"id":281475019440317,"level":2,"status":0,"posx":6,"posy":9,"cityid":652,"townid":1406,"tokenid":"69b68b884e86c26a441fc0149ef7a4f0","tokenurl":"/mcm/api/land?token=69b68b884e86c26a441fc0149ef7a4f0","imageurl":"/mcm/images/land/2A/17338_6dbba723b43.jpg","landname":"39"},{"id":281475019440318,"level":2,"status":0,"posx":7,"posy":9,"cityid":652,"townid":1406,"tokenid":"18776678099a06ef2b15447db3c41dff","tokenurl":"/mcm/api/land?token=18776678099a06ef2b15447db3c41dff","imageurl":"/mcm/images/land/2A/17339_20012ecc86bb.jpg","landname":"40"},{"id":281475019440319,"level":2,"status":0,"posx":15,"posy":9,"cityid":652,"townid":1406,"tokenid":"cefb7e86b08c4bea05d3c5c4daf7b186","tokenurl":"/mcm/api/land?token=cefb7e86b08c4bea05d3c5c4daf7b186","imageurl":"/mcm/images/land/2A/17340_1768e6492172.jpg","landname":"41"},{"id":281475019440320,"level":2,"status":0,"posx":16,"posy":9,"cityid":652,"townid":1406,"tokenid":"a4f8b9ad3100727bd24eb6229734c0ee","tokenurl":"/mcm/api/land?token=a4f8b9ad3100727bd24eb6229734c0ee","imageurl":"/mcm/images/land/2A/17341_1bfce8e3e8b5.jpg","landname":"42"},{"id":281475019440321,"level":2,"status":0,"posx":21,"posy":9,"cityid":652,"townid":1406,"tokenid":"d8cc547ae7cb48c69656b41d552d9c16","tokenurl":"/mcm/api/land?token=d8cc547ae7cb48c69656b41d552d9c16","imageurl":"/mcm/images/land/2A/17342_a4c5df84ffe.jpg","landname":"43"},{"id":281475019440322,"level":1,"status":1,"posx":22,"posy":9,"cityid":652,"townid":1406,"tokenid":"c90fba13d2dbc23a161b8fe05d880cfe","tokenurl":"/mcm/api/land?token=c90fba13d2dbc23a161b8fe05d880cfe","imageurl":"/mcm/images/land/2S/11561_1c9e05d4be9c.jpg","landname":"44"},{"id":281475019440323,"level":3,"status":0,"posx":25,"posy":9,"cityid":652,"townid":1406,"tokenid":"a61056e995d257eaf1fd39f6ed8fc11c","tokenurl":"/mcm/api/land?token=a61056e995d257eaf1fd39f6ed8fc11c","imageurl":"/mcm/images/land/2B/28895_121d5ac9c377.jpg","landname":"45"},{"id":281475019440324,"level":2,"status":0,"posx":26,"posy":9,"cityid":652,"townid":1406,"tokenid":"49aa7104367f6a5248d9d7b786d2c8fb","tokenurl":"/mcm/api/land?token=49aa7104367f6a5248d9d7b786d2c8fb","imageurl":"/mcm/images/land/2A/17343_1ecf452274b7.jpg","landname":"46"},{"id":281475019440325,"level":2,"status":1,"posx":30,"posy":9,"cityid":652,"townid":1406,"tokenid":"7968b3b175bd6bff5263f7bdfae64f53","tokenurl":"/mcm/api/land?token=7968b3b175bd6bff5263f7bdfae64f53","imageurl":"/mcm/images/land/2A/17344_22a61e2c5091.jpg","landname":"47"},{"id":281475019440326,"level":1,"status":0,"posx":31,"posy":9,"cityid":652,"townid":1406,"tokenid":"8814eed22cb1d994a0eb4434118dcf86","tokenurl":"/mcm/api/land?token=8814eed22cb1d994a0eb4434118dcf86","imageurl":"/mcm/images/land/2S/11562_1294144643cb.jpg","landname":"48"},{"id":281475019440327,"level":2,"status":0,"posx":33,"posy":9,"cityid":652,"townid":1406,"tokenid":"3a037ab9910af6ba7e57b9a90d335053","tokenurl":"/mcm/api/land?token=3a037ab9910af6ba7e57b9a90d335053","imageurl":"/mcm/images/land/2A/17345_67cd2ca2b7b.jpg","landname":"49"},{"id":281475019440328,"level":1,"status":1,"posx":34,"posy":9,"cityid":652,"townid":1406,"tokenid":"c71237a9b22601f3d73fedf64b264e12","tokenurl":"/mcm/api/land?token=c71237a9b22601f3d73fedf64b264e12","imageurl":"/mcm/images/land/2S/11563_512ac9d1d636.jpg","landname":"50"},{"id":281475019440329,"level":3,"status":1,"posx":6,"posy":10,"cityid":652,"townid":1406,"tokenid":"900367ec613c98d6561791299726ddf6","tokenurl":"/mcm/api/land?token=900367ec613c98d6561791299726ddf6","imageurl":"/mcm/images/land/2B/28896_49a54e23872a.jpg","landname":"51"},{"id":281475019440330,"level":1,"status":0,"posx":7,"posy":10,"cityid":652,"townid":1406,"tokenid":"1e067472b645378fcc87f44e69abceb9","tokenurl":"/mcm/api/land?token=1e067472b645378fcc87f44e69abceb9","imageurl":"/mcm/images/land/2S/11564_352c806df79c.jpg","landname":"52"},{"id":281475019440331,"level":2,"status":0,"posx":11,"posy":10,"cityid":652,"townid":1406,"tokenid":"3408afc7f90f774a4f9a20039de3a989","tokenurl":"/mcm/api/land?token=3408afc7f90f774a4f9a20039de3a989","imageurl":"/mcm/images/land/2A/17346_1caf764232c.jpg","landname":"53"},{"id":281475019440332,"level":3,"status":0,"posx":12,"posy":10,"cityid":652,"townid":1406,"tokenid":"7590da98098ad8fe84f740ef070f32be","tokenurl":"/mcm/api/land?token=7590da98098ad8fe84f740ef070f32be","imageurl":"/mcm/images/land/2B/28897_78d3b2b6542.jpg","landname":"54"},{"id":281475019440333,"level":1,"status":0,"posx":21,"posy":10,"cityid":652,"townid":1406,"tokenid":"5fc475e29292598fc1b44219e117a863","tokenurl":"/mcm/api/land?token=5fc475e29292598fc1b44219e117a863","imageurl":"/mcm/images/land/2S/11565_36e87450aaba.jpg","landname":"55"},{"id":281475019440334,"level":3,"status":1,"posx":22,"posy":10,"cityid":652,"townid":1406,"tokenid":"f03a5d6d6e727ff7c2ccece877c32b14","tokenurl":"/mcm/api/land?token=f03a5d6d6e727ff7c2ccece877c32b14","imageurl":"/mcm/images/land/2B/28898_36e356530669.jpg","landname":"56"},{"id":281475019440335,"level":3,"status":0,"posx":30,"posy":10,"cityid":652,"townid":1406,"tokenid":"9a8224f3ec9fa2d745837ad76520fe8b","tokenurl":"/mcm/api/land?token=9a8224f3ec9fa2d745837ad76520fe8b","imageurl":"/mcm/images/land/2B/28899_40f21e49c852.jpg","landname":"57"},{"id":281475019440336,"level":3,"status":1,"posx":31,"posy":10,"cityid":652,"townid":1406,"tokenid":"c16b99e74a1d6b923d91b59151a3db26","tokenurl":"/mcm/api/land?token=c16b99e74a1d6b923d91b59151a3db26","imageurl":"/mcm/images/land/2B/28900_cba1b42f969.jpg","landname":"58"},{"id":281475019440337,"level":3,"status":1,"posx":33,"posy":10,"cityid":652,"townid":1406,"tokenid":"e32665a8d275b9fb61c6d64afeed16de","tokenurl":"/mcm/api/land?token=e32665a8d275b9fb61c6d64afeed16de","imageurl":"/mcm/images/land/2B/28901_255bdf28e91a.jpg","landname":"59"},{"id":281475019440338,"level":3,"status":0,"posx":34,"posy":10,"cityid":652,"townid":1406,"tokenid":"527d841c48fcbf6f7fb91de9cd62b70c","tokenurl":"/mcm/api/land?token=527d841c48fcbf6f7fb91de9cd62b70c","imageurl":"/mcm/images/land/2B/28902_d864ebe155.jpg","landname":"60"},{"id":281475019440339,"level":3,"status":1,"posx":11,"posy":11,"cityid":652,"townid":1406,"tokenid":"5ed52f3b90905fe49f4597f4e2fda659","tokenurl":"/mcm/api/land?token=5ed52f3b90905fe49f4597f4e2fda659","imageurl":"/mcm/images/land/2B/28903_4d245f7f5522.jpg","landname":"61"},{"id":281475019440340,"level":1,"status":1,"posx":12,"posy":11,"cityid":652,"townid":1406,"tokenid":"75a9918d3d648783d607e2503d80c9b6","tokenurl":"/mcm/api/land?token=75a9918d3d648783d607e2503d80c9b6","imageurl":"/mcm/images/land/2S/11566_fabe93ba06d.jpg","landname":"62"},{"id":281475019440341,"level":3,"status":1,"posx":21,"posy":11,"cityid":652,"townid":1406,"tokenid":"95cc9205637972a81928ab503f6d5b0d","tokenurl":"/mcm/api/land?token=95cc9205637972a81928ab503f6d5b0d","imageurl":"/mcm/images/land/2B/28904_35797daa6bf4.jpg","landname":"63"},{"id":281475019440342,"level":1,"status":0,"posx":22,"posy":11,"cityid":652,"townid":1406,"tokenid":"9378a1a18cbe3aa23fc19b15d1993dbf","tokenurl":"/mcm/api/land?token=9378a1a18cbe3aa23fc19b15d1993dbf","imageurl":"/mcm/images/land/2S/11567_cf5a84b1ae7.jpg","landname":"64"},{"id":281475019440343,"level":3,"status":1,"posx":11,"posy":12,"cityid":652,"townid":1406,"tokenid":"787e3fb563d37b236d9aae9c9e85a558","tokenurl":"/mcm/api/land?token=787e3fb563d37b236d9aae9c9e85a558","imageurl":"/mcm/images/land/2B/28905_52f11b8b1db6.jpg","landname":"65"},{"id":281475019440344,"level":3,"status":0,"posx":12,"posy":12,"cityid":652,"townid":1406,"tokenid":"a54f0e3511f80a48c79e84b6e3fa7742","tokenurl":"/mcm/api/land?token=a54f0e3511f80a48c79e84b6e3fa7742","imageurl":"/mcm/images/land/2B/28906_3a047838135b.jpg","landname":"66"},{"id":281475019440345,"level":3,"status":1,"posx":11,"posy":13,"cityid":652,"townid":1406,"tokenid":"4dfd811406b7e08950d50bd2a347b427","tokenurl":"/mcm/api/land?token=4dfd811406b7e08950d50bd2a347b427","imageurl":"/mcm/images/land/2B/28907_68daed1bccf.jpg","landname":"67"},{"id":281475019440346,"level":3,"status":1,"posx":12,"posy":13,"cityid":652,"townid":1406,"tokenid":"8688e9f52fbef72ecd50aca2b4eed673","tokenurl":"/mcm/api/land?token=8688e9f52fbef72ecd50aca2b4eed673","imageurl":"/mcm/images/land/2B/28908_2ca3b0bb281f.jpg","landname":"68"},{"id":281475019440347,"level":3,"status":1,"posx":11,"posy":14,"cityid":652,"townid":1406,"tokenid":"29c721e1887011043b6930d01f21fde7","tokenurl":"/mcm/api/land?token=29c721e1887011043b6930d01f21fde7","imageurl":"/mcm/images/land/2B/28909_441c4009bc92.jpg","landname":"69"},{"id":281475019440348,"level":1,"status":1,"posx":12,"posy":14,"cityid":652,"townid":1406,"tokenid":"1b7de43abd0d751947972fb3b0ffed1b","tokenurl":"/mcm/api/land?token=1b7de43abd0d751947972fb3b0ffed1b","imageurl":"/mcm/images/land/2S/11568_27c396139e3d.jpg","landname":"70"},{"id":281475019440349,"level":3,"status":1,"posx":8,"posy":20,"cityid":652,"townid":1406,"tokenid":"38710beff33f457ae8b360bfd05fddae","tokenurl":"/mcm/api/land?token=38710beff33f457ae8b360bfd05fddae","imageurl":"/mcm/images/land/2B/28910_49bfb692f0a1.jpg","landname":"71"},{"id":281475019440350,"level":3,"status":0,"posx":9,"posy":20,"cityid":652,"townid":1406,"tokenid":"e058a3c5e83e5a2969e373329deb3846","tokenurl":"/mcm/api/land?token=e058a3c5e83e5a2969e373329deb3846","imageurl":"/mcm/images/land/2B/28911_5501290a3c05.jpg","landname":"72"},{"id":281475019440351,"level":3,"status":1,"posx":10,"posy":20,"cityid":652,"townid":1406,"tokenid":"5edac389c7c8b85ac39ccb15a498d36f","tokenurl":"/mcm/api/land?token=5edac389c7c8b85ac39ccb15a498d36f","imageurl":"/mcm/images/land/2B/28912_3049d0bc3ad6.jpg","landname":"73"},{"id":281475019440352,"level":3,"status":0,"posx":11,"posy":20,"cityid":652,"townid":1406,"tokenid":"7cabbee02c115e14fd6bdc67c66f246c","tokenurl":"/mcm/api/land?token=7cabbee02c115e14fd6bdc67c66f246c","imageurl":"/mcm/images/land/2B/28913_2f54a02ae6c4.jpg","landname":"74"},{"id":281475019440353,"level":2,"status":0,"posx":12,"posy":20,"cityid":652,"townid":1406,"tokenid":"4a1f7ba9913074894ccc19624fe379c4","tokenurl":"/mcm/api/land?token=4a1f7ba9913074894ccc19624fe379c4","imageurl":"/mcm/images/land/2A/17347_3f208a2b33ff.jpg","landname":"75"},{"id":281475019440354,"level":3,"status":0,"posx":8,"posy":21,"cityid":652,"townid":1406,"tokenid":"203552a012999bf44e38607227860541","tokenurl":"/mcm/api/land?token=203552a012999bf44e38607227860541","imageurl":"/mcm/images/land/2B/28914_898374d8eaf.jpg","landname":"76"},{"id":281475019440355,"level":3,"status":1,"posx":9,"posy":21,"cityid":652,"townid":1406,"tokenid":"9cc6719e3900aded0241d549bd7ebdbe","tokenurl":"/mcm/api/land?token=9cc6719e3900aded0241d549bd7ebdbe","imageurl":"/mcm/images/land/2B/28915_3fe44fa3d87b.jpg","landname":"77"},{"id":281475019440356,"level":3,"status":0,"posx":10,"posy":21,"cityid":652,"townid":1406,"tokenid":"6ad91b25111f9b107cc0e0e4626fbbf6","tokenurl":"/mcm/api/land?token=6ad91b25111f9b107cc0e0e4626fbbf6","imageurl":"/mcm/images/land/2B/28916_4bb4fe72b4c7.jpg","landname":"78"},{"id":281475019440357,"level":3,"status":1,"posx":11,"posy":21,"cityid":652,"townid":1406,"tokenid":"0e8bceac0f08b028417bc57e7a7d69a0","tokenurl":"/mcm/api/land?token=0e8bceac0f08b028417bc57e7a7d69a0","imageurl":"/mcm/images/land/2B/28917_269f6d606eae.jpg","landname":"79"},{"id":281475019440358,"level":3,"status":1,"posx":12,"posy":21,"cityid":652,"townid":1406,"tokenid":"66d2596f31963ea5e2195a08bd7dbe25","tokenurl":"/mcm/api/land?token=66d2596f31963ea5e2195a08bd7dbe25","imageurl":"/mcm/images/land/2B/28918_28183c4c74d1.jpg","landname":"80"},{"id":281475019440359,"level":3,"status":1,"posx":27,"posy":22,"cityid":652,"townid":1406,"tokenid":"908f1f0a860c69e0dddf7fc21b71f7e5","tokenurl":"/mcm/api/land?token=908f1f0a860c69e0dddf7fc21b71f7e5","imageurl":"/mcm/images/land/2B/28919_16dbd49effa6.jpg","landname":"81"},{"id":281475019440360,"level":3,"status":1,"posx":28,"posy":22,"cityid":652,"townid":1406,"tokenid":"52279545b31ce2b94d82c2013217d04c","tokenurl":"/mcm/api/land?token=52279545b31ce2b94d82c2013217d04c","imageurl":"/mcm/images/land/2B/28920_33b02ec14d4.jpg","landname":"82"},{"id":281475019440361,"level":2,"status":0,"posx":29,"posy":22,"cityid":652,"townid":1406,"tokenid":"17061fb58c70d002a084fe291875ae11","tokenurl":"/mcm/api/land?token=17061fb58c70d002a084fe291875ae11","imageurl":"/mcm/images/land/2A/17348_59c0255f0d69.jpg","landname":"83"},{"id":281475019440362,"level":3,"status":0,"posx":30,"posy":22,"cityid":652,"townid":1406,"tokenid":"02df8b00a8201624de7be1f2f56e4ef6","tokenurl":"/mcm/api/land?token=02df8b00a8201624de7be1f2f56e4ef6","imageurl":"/mcm/images/land/2B/28921_48b468ac9b60.jpg","landname":"84"},{"id":281475019440363,"level":3,"status":1,"posx":31,"posy":22,"cityid":652,"townid":1406,"tokenid":"4d483c5cc2f03a2d5be6c15423dd3656","tokenurl":"/mcm/api/land?token=4d483c5cc2f03a2d5be6c15423dd3656","imageurl":"/mcm/images/land/2B/28922_3ff578190017.jpg","landname":"85"},{"id":281475019440364,"level":2,"status":1,"posx":27,"posy":23,"cityid":652,"townid":1406,"tokenid":"e75224413ab4681b629cb8739b6587e1","tokenurl":"/mcm/api/land?token=e75224413ab4681b629cb8739b6587e1","imageurl":"/mcm/images/land/2A/17349_20a284a2ab15.jpg","landname":"86"},{"id":281475019440365,"level":3,"status":0,"posx":28,"posy":23,"cityid":652,"townid":1406,"tokenid":"7987839c0faf2684dc9eea1be2257ea1","tokenurl":"/mcm/api/land?token=7987839c0faf2684dc9eea1be2257ea1","imageurl":"/mcm/images/land/2B/28923_13e93684099f.jpg","landname":"87"},{"id":281475019440366,"level":2,"status":1,"posx":29,"posy":23,"cityid":652,"townid":1406,"tokenid":"5e167c7e44adffe9ddef48181d0775d5","tokenurl":"/mcm/api/land?token=5e167c7e44adffe9ddef48181d0775d5","imageurl":"/mcm/images/land/2A/17350_50178a44dab1.jpg","landname":"88"},{"id":281475019440367,"level":1,"status":1,"posx":30,"posy":23,"cityid":652,"townid":1406,"tokenid":"6e69c2969dc8067c18bd62f5c743e7c8","tokenurl":"/mcm/api/land?token=6e69c2969dc8067c18bd62f5c743e7c8","imageurl":"/mcm/images/land/2S/11569_36eb921a602c.jpg","landname":"89"},{"id":281475019440368,"level":2,"status":1,"posx":31,"posy":23,"cityid":652,"townid":1406,"tokenid":"d442c51712b98cd76bc311075b3ade4b","tokenurl":"/mcm/api/land?token=d442c51712b98cd76bc311075b3ade4b","imageurl":"/mcm/images/land/2A/17351_1e94c346095e.jpg","landname":"90"},{"id":281475019440369,"level":3,"status":1,"posx":8,"posy":24,"cityid":652,"townid":1406,"tokenid":"24816e1a46c1d528550dad35eb3cce2e","tokenurl":"/mcm/api/land?token=24816e1a46c1d528550dad35eb3cce2e","imageurl":"/mcm/images/land/2B/28924_3a1c04490878.jpg","landname":"91"},{"id":281475019440370,"level":1,"status":1,"posx":9,"posy":24,"cityid":652,"townid":1406,"tokenid":"df6a8b8e772c5921b08dfc62860ec794","tokenurl":"/mcm/api/land?token=df6a8b8e772c5921b08dfc62860ec794","imageurl":"/mcm/images/land/2S/11570_2648fb8ecc72.jpg","landname":"92"},{"id":281475019440371,"level":3,"status":0,"posx":10,"posy":24,"cityid":652,"townid":1406,"tokenid":"60a8b4c91f034acf33ee107d877383fd","tokenurl":"/mcm/api/land?token=60a8b4c91f034acf33ee107d877383fd","imageurl":"/mcm/images/land/2B/28925_ef789d55a30.jpg","landname":"93"},{"id":281475019440372,"level":3,"status":0,"posx":11,"posy":24,"cityid":652,"townid":1406,"tokenid":"93f4c2d9ea849b855bedda539102e939","tokenurl":"/mcm/api/land?token=93f4c2d9ea849b855bedda539102e939","imageurl":"/mcm/images/land/2B/28926_52096bd1a051.jpg","landname":"94"},{"id":281475019440373,"level":2,"status":0,"posx":12,"posy":24,"cityid":652,"townid":1406,"tokenid":"0ecb3c55afbb4efffd2bd078ef4d25d2","tokenurl":"/mcm/api/land?token=0ecb3c55afbb4efffd2bd078ef4d25d2","imageurl":"/mcm/images/land/2A/17352_3559afac3d15.jpg","landname":"95"},{"id":281475019440374,"level":2,"status":1,"posx":17,"posy":24,"cityid":652,"townid":1406,"tokenid":"b48660b3e656121cf6e82b5854d2b74c","tokenurl":"/mcm/api/land?token=b48660b3e656121cf6e82b5854d2b74c","imageurl":"/mcm/images/land/2A/17353_4ff122507e03.jpg","landname":"96"},{"id":281475019440375,"level":1,"status":1,"posx":18,"posy":24,"cityid":652,"townid":1406,"tokenid":"7b6224a4f8fdb427ca87d4ba1926c16f","tokenurl":"/mcm/api/land?token=7b6224a4f8fdb427ca87d4ba1926c16f","imageurl":"/mcm/images/land/2S/11571_3aa0c9c0306f.jpg","landname":"97"},{"id":281475019440376,"level":2,"status":1,"posx":19,"posy":24,"cityid":652,"townid":1406,"tokenid":"e74d7303b579bcd769f03e9872436e45","tokenurl":"/mcm/api/land?token=e74d7303b579bcd769f03e9872436e45","imageurl":"/mcm/images/land/2A/17354_13a181881982.jpg","landname":"98"},{"id":281475019440377,"level":1,"status":1,"posx":20,"posy":24,"cityid":652,"townid":1406,"tokenid":"6d8a0ec665c2370bb87f82513e96ccdd","tokenurl":"/mcm/api/land?token=6d8a0ec665c2370bb87f82513e96ccdd","imageurl":"/mcm/images/land/2S/11572_1e9cedd79586.jpg","landname":"99"},{"id":281475019440378,"level":2,"status":1,"posx":21,"posy":24,"cityid":652,"townid":1406,"tokenid":"b6597053a040a6d818423a7aaa07592b","tokenurl":"/mcm/api/land?token=b6597053a040a6d818423a7aaa07592b","imageurl":"/mcm/images/land/2A/17355_255e812c4258.jpg","landname":"100"},{"id":281475019440379,"level":3,"status":0,"posx":8,"posy":25,"cityid":652,"townid":1406,"tokenid":"c95a3193e09a60e1b385053568b57a7c","tokenurl":"/mcm/api/land?token=c95a3193e09a60e1b385053568b57a7c","imageurl":"/mcm/images/land/2B/28927_4c9236114169.jpg","landname":"101"},{"id":281475019440380,"level":3,"status":1,"posx":9,"posy":25,"cityid":652,"townid":1406,"tokenid":"c19ee86bbe4e193c7eae8144c186e02a","tokenurl":"/mcm/api/land?token=c19ee86bbe4e193c7eae8144c186e02a","imageurl":"/mcm/images/land/2B/28928_47f16ab53bac.jpg","landname":"102"},{"id":281475019440381,"level":3,"status":1,"posx":10,"posy":25,"cityid":652,"townid":1406,"tokenid":"189afe263ef03e9fcfd63c7dfed62c7b","tokenurl":"/mcm/api/land?token=189afe263ef03e9fcfd63c7dfed62c7b","imageurl":"/mcm/images/land/2B/28929_38e3007f4ee3.jpg","landname":"103"},{"id":281475019440382,"level":2,"status":1,"posx":11,"posy":25,"cityid":652,"townid":1406,"tokenid":"de0b4c26dcf8f23e0106cba4db937545","tokenurl":"/mcm/api/land?token=de0b4c26dcf8f23e0106cba4db937545","imageurl":"/mcm/images/land/2A/17356_5168f57cb29a.jpg","landname":"104"},{"id":281475019440383,"level":1,"status":1,"posx":12,"posy":25,"cityid":652,"townid":1406,"tokenid":"b4ded12c6161c7c018f779f6ddda1ef9","tokenurl":"/mcm/api/land?token=b4ded12c6161c7c018f779f6ddda1ef9","imageurl":"/mcm/images/land/2S/11573_a01dc23f8da.jpg","landname":"105"},{"id":281475019440384,"level":3,"status":1,"posx":17,"posy":25,"cityid":652,"townid":1406,"tokenid":"9c3f3953740808a73fe3ed5c0a396163","tokenurl":"/mcm/api/land?token=9c3f3953740808a73fe3ed5c0a396163","imageurl":"/mcm/images/land/2B/28930_399a161b9d61.jpg","landname":"106"},{"id":281475019440385,"level":2,"status":1,"posx":18,"posy":25,"cityid":652,"townid":1406,"tokenid":"40f130e6887db24cffd48b4f838aa910","tokenurl":"/mcm/api/land?token=40f130e6887db24cffd48b4f838aa910","imageurl":"/mcm/images/land/2A/17357_3e47685e1ac0.jpg","landname":"107"},{"id":281475019440386,"level":3,"status":1,"posx":19,"posy":25,"cityid":652,"townid":1406,"tokenid":"b3c3a37d86f11e5265c51e744981f34b","tokenurl":"/mcm/api/land?token=b3c3a37d86f11e5265c51e744981f34b","imageurl":"/mcm/images/land/2B/28931_3d99648234d6.jpg","landname":"108"},{"id":281475019440387,"level":1,"status":1,"posx":20,"posy":25,"cityid":652,"townid":1406,"tokenid":"91c945e91e061fc1971c303c20854bb5","tokenurl":"/mcm/api/land?token=91c945e91e061fc1971c303c20854bb5","imageurl":"/mcm/images/land/2S/11574_38cb459f65a2.jpg","landname":"109"},{"id":281475019440388,"level":1,"status":0,"posx":21,"posy":25,"cityid":652,"townid":1406,"tokenid":"be5208dcf715ed985991b82710f8443c","tokenurl":"/mcm/api/land?token=be5208dcf715ed985991b82710f8443c","imageurl":"/mcm/images/land/2S/11575_384f9d357f81.jpg","landname":"110"},{"id":281475019440389,"level":1,"status":0,"posx":27,"posy":26,"cityid":652,"townid":1406,"tokenid":"1a82940f651990d65ecd82404c5cb375","tokenurl":"/mcm/api/land?token=1a82940f651990d65ecd82404c5cb375","imageurl":"/mcm/images/land/2S/11576_1361bab723a2.jpg","landname":"111"},{"id":281475019440390,"level":3,"status":1,"posx":28,"posy":26,"cityid":652,"townid":1406,"tokenid":"e659207d0d5f70c183fd9381dc891725","tokenurl":"/mcm/api/land?token=e659207d0d5f70c183fd9381dc891725","imageurl":"/mcm/images/land/2B/28932_52393fd43632.jpg","landname":"112"},{"id":281475019440391,"level":3,"status":0,"posx":27,"posy":27,"cityid":652,"townid":1406,"tokenid":"8264c211b846b900938cea3717c6ff3e","tokenurl":"/mcm/api/land?token=8264c211b846b900938cea3717c6ff3e","imageurl":"/mcm/images/land/2B/28933_176856a5c415.jpg","landname":"113"},{"id":281475019440392,"level":2,"status":0,"posx":28,"posy":27,"cityid":652,"townid":1406,"tokenid":"291b6058320e6b69309bf94fd679993e","tokenurl":"/mcm/api/land?token=291b6058320e6b69309bf94fd679993e","imageurl":"/mcm/images/land/2A/17358_45c05acd00c8.jpg","landname":"114"},{"id":281475019440393,"level":1,"status":1,"posx":32,"posy":27,"cityid":652,"townid":1406,"tokenid":"d6cdac52fe6bd0663dcf3232f3b3d30b","tokenurl":"/mcm/api/land?token=d6cdac52fe6bd0663dcf3232f3b3d30b","imageurl":"/mcm/images/land/2S/11577_497f38b6cab9.jpg","landname":"115"},{"id":281475019440394,"level":2,"status":1,"posx":33,"posy":27,"cityid":652,"townid":1406,"tokenid":"fa3360578d3e0ae1614d57ea98028765","tokenurl":"/mcm/api/land?token=fa3360578d3e0ae1614d57ea98028765","imageurl":"/mcm/images/land/2A/17359_293d4ab5896e.jpg","landname":"116"},{"id":281475019440395,"level":3,"status":0,"posx":8,"posy":28,"cityid":652,"townid":1406,"tokenid":"34ed6881303766182347769475571dfd","tokenurl":"/mcm/api/land?token=34ed6881303766182347769475571dfd","imageurl":"/mcm/images/land/2B/28934_44210831ab3b.jpg","landname":"117"},{"id":281475019440396,"level":3,"status":1,"posx":9,"posy":28,"cityid":652,"townid":1406,"tokenid":"f077b83ccf6ead8fb1378fa8821abcca","tokenurl":"/mcm/api/land?token=f077b83ccf6ead8fb1378fa8821abcca","imageurl":"/mcm/images/land/2B/28935_3773d2ac4758.jpg","landname":"118"},{"id":281475019440397,"level":3,"status":1,"posx":10,"posy":28,"cityid":652,"townid":1406,"tokenid":"5d250885b6530d41a94ca8e57a138234","tokenurl":"/mcm/api/land?token=5d250885b6530d41a94ca8e57a138234","imageurl":"/mcm/images/land/2B/28936_367c70a3e8f6.jpg","landname":"119"},{"id":281475019440398,"level":1,"status":0,"posx":11,"posy":28,"cityid":652,"townid":1406,"tokenid":"ad292e55fab6f9f8ed04bf7ece6d9ba4","tokenurl":"/mcm/api/land?token=ad292e55fab6f9f8ed04bf7ece6d9ba4","imageurl":"/mcm/images/land/2S/11578_53a4ae625e35.jpg","landname":"120"},{"id":281475019440399,"level":3,"status":0,"posx":12,"posy":28,"cityid":652,"townid":1406,"tokenid":"2ea1228e2ee932da015048673a3607d8","tokenurl":"/mcm/api/land?token=2ea1228e2ee932da015048673a3607d8","imageurl":"/mcm/images/land/2B/28937_142f63470a10.jpg","landname":"121"},{"id":281475019440400,"level":3,"status":0,"posx":17,"posy":28,"cityid":652,"townid":1406,"tokenid":"bbdafab9bb0381ff64780a89703c30fa","tokenurl":"/mcm/api/land?token=bbdafab9bb0381ff64780a89703c30fa","imageurl":"/mcm/images/land/2B/28938_254ac51f11d8.jpg","landname":"122"},{"id":281475019440401,"level":2,"status":1,"posx":18,"posy":28,"cityid":652,"townid":1406,"tokenid":"54201ea6498203522ff1b1bbb1caacc1","tokenurl":"/mcm/api/land?token=54201ea6498203522ff1b1bbb1caacc1","imageurl":"/mcm/images/land/2A/17360_17d911e9a853.jpg","landname":"123"},{"id":281475019440402,"level":3,"status":1,"posx":19,"posy":28,"cityid":652,"townid":1406,"tokenid":"a1dd592a5ebb36051492b3e21fc4fde8","tokenurl":"/mcm/api/land?token=a1dd592a5ebb36051492b3e21fc4fde8","imageurl":"/mcm/images/land/2B/28939_400ec9e6695c.jpg","landname":"124"},{"id":281475019440403,"level":2,"status":0,"posx":20,"posy":28,"cityid":652,"townid":1406,"tokenid":"75d1d1594651ca95508f694f7100fc94","tokenurl":"/mcm/api/land?token=75d1d1594651ca95508f694f7100fc94","imageurl":"/mcm/images/land/2A/17361_3436bd1fc904.jpg","landname":"125"},{"id":281475019440404,"level":1,"status":1,"posx":21,"posy":28,"cityid":652,"townid":1406,"tokenid":"adbc421e9b30670b2f10e7e62ca24793","tokenurl":"/mcm/api/land?token=adbc421e9b30670b2f10e7e62ca24793","imageurl":"/mcm/images/land/2S/11579_2ac880cf5104.jpg","landname":"126"},{"id":281475019440405,"level":3,"status":1,"posx":27,"posy":28,"cityid":652,"townid":1406,"tokenid":"08ee65c477e12ae0824aa7cacdb08bd5","tokenurl":"/mcm/api/land?token=08ee65c477e12ae0824aa7cacdb08bd5","imageurl":"/mcm/images/land/2B/28940_526097474859.jpg","landname":"127"},{"id":281475019440406,"level":3,"status":1,"posx":28,"posy":28,"cityid":652,"townid":1406,"tokenid":"b7dfff4316b7a87c9e0c90d705f6130f","tokenurl":"/mcm/api/land?token=b7dfff4316b7a87c9e0c90d705f6130f","imageurl":"/mcm/images/land/2B/28941_2a250d1d13f2.jpg","landname":"128"},{"id":281475019440407,"level":2,"status":1,"posx":32,"posy":28,"cityid":652,"townid":1406,"tokenid":"f734897686a8e3b6e1f6e7a21375e2b4","tokenurl":"/mcm/api/land?token=f734897686a8e3b6e1f6e7a21375e2b4","imageurl":"/mcm/images/land/2A/17362_de6c6617fea.jpg","landname":"129"},{"id":281475019440408,"level":3,"status":1,"posx":33,"posy":28,"cityid":652,"townid":1406,"tokenid":"54b1ddd0c4114fca4196285340eade9b","tokenurl":"/mcm/api/land?token=54b1ddd0c4114fca4196285340eade9b","imageurl":"/mcm/images/land/2B/28942_14c20a032a9e.jpg","landname":"130"},{"id":281475019440409,"level":2,"status":0,"posx":8,"posy":29,"cityid":652,"townid":1406,"tokenid":"a3ec3eec7947080731eff28462a3689d","tokenurl":"/mcm/api/land?token=a3ec3eec7947080731eff28462a3689d","imageurl":"/mcm/images/land/2A/17363_4c2b5dd1505e.jpg","landname":"131"},{"id":281475019440410,"level":1,"status":0,"posx":9,"posy":29,"cityid":652,"townid":1406,"tokenid":"bb73d829db796a9cbf7c846258af617a","tokenurl":"/mcm/api/land?token=bb73d829db796a9cbf7c846258af617a","imageurl":"/mcm/images/land/2S/11580_566417ec440a.jpg","landname":"132"},{"id":281475019440411,"level":3,"status":0,"posx":10,"posy":29,"cityid":652,"townid":1406,"tokenid":"48f9c5a1f1fae63f2c7fac5973d39934","tokenurl":"/mcm/api/land?token=48f9c5a1f1fae63f2c7fac5973d39934","imageurl":"/mcm/images/land/2B/28943_403b7cb6ff47.jpg","landname":"133"},{"id":281475019440412,"level":2,"status":0,"posx":11,"posy":29,"cityid":652,"townid":1406,"tokenid":"59e3bd98dd0893437d1d79a5de3dc9a2","tokenurl":"/mcm/api/land?token=59e3bd98dd0893437d1d79a5de3dc9a2","imageurl":"/mcm/images/land/2A/17364_bb541328143.jpg","landname":"134"},{"id":281475019440413,"level":3,"status":1,"posx":12,"posy":29,"cityid":652,"townid":1406,"tokenid":"1c708072276ea54adbd4257c7b80055a","tokenurl":"/mcm/api/land?token=1c708072276ea54adbd4257c7b80055a","imageurl":"/mcm/images/land/2B/28944_23d56581ea8d.jpg","landname":"135"},{"id":281475019440414,"level":2,"status":1,"posx":17,"posy":29,"cityid":652,"townid":1406,"tokenid":"e138abe425eaacf493724594e665cbac","tokenurl":"/mcm/api/land?token=e138abe425eaacf493724594e665cbac","imageurl":"/mcm/images/land/2A/17365_5aae17b4623e.jpg","landname":"136"},{"id":281475019440415,"level":2,"status":0,"posx":18,"posy":29,"cityid":652,"townid":1406,"tokenid":"a35455d6de5b1bf5259036e49d276a57","tokenurl":"/mcm/api/land?token=a35455d6de5b1bf5259036e49d276a57","imageurl":"/mcm/images/land/2A/17366_48d58262a0.jpg","landname":"137"},{"id":281475019440416,"level":2,"status":0,"posx":19,"posy":29,"cityid":652,"townid":1406,"tokenid":"690c7e6ac00766ced29062f6a43f5667","tokenurl":"/mcm/api/land?token=690c7e6ac00766ced29062f6a43f5667","imageurl":"/mcm/images/land/2A/17367_23a40a4eccb.jpg","landname":"138"},{"id":281475019440417,"level":2,"status":1,"posx":20,"posy":29,"cityid":652,"townid":1406,"tokenid":"0ab0547a2a77d334ce5277181cd10d45","tokenurl":"/mcm/api/land?token=0ab0547a2a77d334ce5277181cd10d45","imageurl":"/mcm/images/land/2A/17368_193435d6a76a.jpg","landname":"139"},{"id":281475019440418,"level":2,"status":1,"posx":21,"posy":29,"cityid":652,"townid":1406,"tokenid":"ec3acacbdcc83fef92baebf3ab231c44","tokenurl":"/mcm/api/land?token=ec3acacbdcc83fef92baebf3ab231c44","imageurl":"/mcm/images/land/2A/17369_52eec702f2f9.jpg","landname":"140"},{"id":281475019440419,"level":3,"status":0,"posx":27,"posy":29,"cityid":652,"townid":1406,"tokenid":"9ed14f93432ead790373c8ddfc50e4e8","tokenurl":"/mcm/api/land?token=9ed14f93432ead790373c8ddfc50e4e8","imageurl":"/mcm/images/land/2B/28945_2aaa8f9288c2.jpg","landname":"141"},{"id":281475019440420,"level":2,"status":1,"posx":28,"posy":29,"cityid":652,"townid":1406,"tokenid":"fd6307e34f502d81c9e21b4aa880a1a7","tokenurl":"/mcm/api/land?token=fd6307e34f502d81c9e21b4aa880a1a7","imageurl":"/mcm/images/land/2A/17370_585e0cbdd181.jpg","landname":"142"},{"id":281475019440421,"level":3,"status":0,"posx":32,"posy":29,"cityid":652,"townid":1406,"tokenid":"07333795e9d462bfeedb0965f8f307d9","tokenurl":"/mcm/api/land?token=07333795e9d462bfeedb0965f8f307d9","imageurl":"/mcm/images/land/2B/28946_15f859df5ec3.jpg","landname":"143"},{"id":281475019440422,"level":3,"status":0,"posx":33,"posy":29,"cityid":652,"townid":1406,"tokenid":"a63b76f59cd1322e1ae8c955f4d3060d","tokenurl":"/mcm/api/land?token=a63b76f59cd1322e1ae8c955f4d3060d","imageurl":"/mcm/images/land/2B/28947_4bdd8f344889.jpg","landname":"144"},{"id":281475019440423,"level":3,"status":0,"posx":27,"posy":30,"cityid":652,"townid":1406,"tokenid":"efcb443ee232c05686db71509e22044e","tokenurl":"/mcm/api/land?token=efcb443ee232c05686db71509e22044e","imageurl":"/mcm/images/land/2B/28948_5b94ad82366.jpg","landname":"145"},{"id":281475019440424,"level":3,"status":0,"posx":28,"posy":30,"cityid":652,"townid":1406,"tokenid":"e90fd077d07c7ead2327eaeae77eef3f","tokenurl":"/mcm/api/land?token=e90fd077d07c7ead2327eaeae77eef3f","imageurl":"/mcm/images/land/2B/28949_563bff589a56.jpg","landname":"146"},{"id":281475019440425,"level":2,"status":1,"posx":32,"posy":30,"cityid":652,"townid":1406,"tokenid":"d152cd16654322e22fd8d2d61892c3dc","tokenurl":"/mcm/api/land?token=d152cd16654322e22fd8d2d61892c3dc","imageurl":"/mcm/images/land/2A/17371_485a4555aa76.jpg","landname":"147"},{"id":281475019440426,"level":1,"status":1,"posx":33,"posy":30,"cityid":652,"townid":1406,"tokenid":"30073bf99fb7c3d3950438efa095d688","tokenurl":"/mcm/api/land?token=30073bf99fb7c3d3950438efa095d688","imageurl":"/mcm/images/land/2S/11581_2627c85348c2.jpg","landname":"148"},{"id":281475019440427,"level":3,"status":0,"posx":32,"posy":31,"cityid":652,"townid":1406,"tokenid":"05737e1c9e3cb0ab0d225b25edc669e9","tokenurl":"/mcm/api/land?token=05737e1c9e3cb0ab0d225b25edc669e9","imageurl":"/mcm/images/land/2B/28950_21e9d9d3349c.jpg","landname":"149"},{"id":281475019440428,"level":3,"status":1,"posx":33,"posy":31,"cityid":652,"townid":1406,"tokenid":"5e61ea08098c28e3d6ccd875c1f6e383","tokenurl":"/mcm/api/land?token=5e61ea08098c28e3d6ccd875c1f6e383","imageurl":"/mcm/images/land/2B/28951_12c29a7b83d1.jpg","landname":"150"}]]],0,0,[],[],[]]
