[1,0,0,[["cc.JsonAsset",["_name","json"],1]],[[0,0,1,3]],[[0,"496",[{"id":281474990473367,"level":3,"status":1,"posx":15,"posy":5,"cityid":210,"townid":496,"tokenid":"0506c83de0422336eb8505b7989b47f2","tokenurl":"/mcm/api/land?token=0506c83de0422336eb8505b7989b47f2","imageurl":"/mcm/images/land/2B/25727_3d1684b6204f.jpg","landname":"1"},{"id":281474990473368,"level":3,"status":0,"posx":16,"posy":5,"cityid":210,"townid":496,"tokenid":"dadb5d297883405c0cc473d1f13db1e6","tokenurl":"/mcm/api/land?token=dadb5d297883405c0cc473d1f13db1e6","imageurl":"/mcm/images/land/2B/25728_10dd6789877c.jpg","landname":"2"},{"id":281474990473369,"level":3,"status":1,"posx":25,"posy":5,"cityid":210,"townid":496,"tokenid":"902eeb034ad25379972d61b76257f9bf","tokenurl":"/mcm/api/land?token=902eeb034ad25379972d61b76257f9bf","imageurl":"/mcm/images/land/2B/25729_27d4d37aabb8.jpg","landname":"3"},{"id":281474990473370,"level":3,"status":1,"posx":26,"posy":5,"cityid":210,"townid":496,"tokenid":"01dae77ae503c7a2104ef6de6f9a9ffd","tokenurl":"/mcm/api/land?token=01dae77ae503c7a2104ef6de6f9a9ffd","imageurl":"/mcm/images/land/2B/25730_1009e7b90831.jpg","landname":"4"},{"id":281474990473371,"level":3,"status":1,"posx":6,"posy":6,"cityid":210,"townid":496,"tokenid":"f05c3786d766dee47092749b17c2ad28","tokenurl":"/mcm/api/land?token=f05c3786d766dee47092749b17c2ad28","imageurl":"/mcm/images/land/2B/25731_673d92c9930.jpg","landname":"5"},{"id":281474990473372,"level":2,"status":1,"posx":7,"posy":6,"cityid":210,"townid":496,"tokenid":"3e28ab5f81969ede6d91fc7afb790df8","tokenurl":"/mcm/api/land?token=3e28ab5f81969ede6d91fc7afb790df8","imageurl":"/mcm/images/land/2A/15437_42b76ae1abf3.jpg","landname":"6"},{"id":281474990473373,"level":3,"status":0,"posx":15,"posy":6,"cityid":210,"townid":496,"tokenid":"66e0c29a9ea155b2a4e157ec36120261","tokenurl":"/mcm/api/land?token=66e0c29a9ea155b2a4e157ec36120261","imageurl":"/mcm/images/land/2B/25732_9205d1a66e4.jpg","landname":"7"},{"id":281474990473374,"level":1,"status":1,"posx":16,"posy":6,"cityid":210,"townid":496,"tokenid":"bd629873bdd14f7eb6b784dce15241d1","tokenurl":"/mcm/api/land?token=bd629873bdd14f7eb6b784dce15241d1","imageurl":"/mcm/images/land/2S/10292_58dc71773974.jpg","landname":"8"},{"id":281474990473375,"level":2,"status":0,"posx":25,"posy":6,"cityid":210,"townid":496,"tokenid":"97d8af94120ad8042a6304786dc7ecc1","tokenurl":"/mcm/api/land?token=97d8af94120ad8042a6304786dc7ecc1","imageurl":"/mcm/images/land/2A/15438_1d76069d9464.jpg","landname":"9"},{"id":281474990473376,"level":2,"status":0,"posx":26,"posy":6,"cityid":210,"townid":496,"tokenid":"186b00d7e930725b781980dff768a8a7","tokenurl":"/mcm/api/land?token=186b00d7e930725b781980dff768a8a7","imageurl":"/mcm/images/land/2A/15439_143462091514.jpg","landname":"10"},{"id":281474990473377,"level":3,"status":1,"posx":30,"posy":6,"cityid":210,"townid":496,"tokenid":"17e7e7c47948f1b6e2923533428b22ec","tokenurl":"/mcm/api/land?token=17e7e7c47948f1b6e2923533428b22ec","imageurl":"/mcm/images/land/2B/25733_1299a2e52015.jpg","landname":"11"},{"id":281474990473378,"level":1,"status":0,"posx":31,"posy":6,"cityid":210,"townid":496,"tokenid":"7cd2dd4d2b0e241d5c87b0e4104336fc","tokenurl":"/mcm/api/land?token=7cd2dd4d2b0e241d5c87b0e4104336fc","imageurl":"/mcm/images/land/2S/10293_f1b111f9d4a.jpg","landname":"12"},{"id":281474990473379,"level":2,"status":0,"posx":33,"posy":6,"cityid":210,"townid":496,"tokenid":"d708464e10afbd2c3c1457509e569538","tokenurl":"/mcm/api/land?token=d708464e10afbd2c3c1457509e569538","imageurl":"/mcm/images/land/2A/15440_2dcf98856672.jpg","landname":"13"},{"id":281474990473380,"level":3,"status":0,"posx":34,"posy":6,"cityid":210,"townid":496,"tokenid":"258ea7b760a3b882c14173891b4ef3a0","tokenurl":"/mcm/api/land?token=258ea7b760a3b882c14173891b4ef3a0","imageurl":"/mcm/images/land/2B/25734_d87d1827fe0.jpg","landname":"14"},{"id":281474990473381,"level":1,"status":1,"posx":6,"posy":7,"cityid":210,"townid":496,"tokenid":"3bf6254db87e1c6f54aba4d5891beec7","tokenurl":"/mcm/api/land?token=3bf6254db87e1c6f54aba4d5891beec7","imageurl":"/mcm/images/land/2S/10294_4d32090e74bf.jpg","landname":"15"},{"id":281474990473382,"level":3,"status":1,"posx":7,"posy":7,"cityid":210,"townid":496,"tokenid":"8f5f69b266c6f575435a47344f12edf5","tokenurl":"/mcm/api/land?token=8f5f69b266c6f575435a47344f12edf5","imageurl":"/mcm/images/land/2B/25735_190c78d1fb6d.jpg","landname":"16"},{"id":281474990473383,"level":2,"status":0,"posx":15,"posy":7,"cityid":210,"townid":496,"tokenid":"1c2f91de85af5906be84684391241fff","tokenurl":"/mcm/api/land?token=1c2f91de85af5906be84684391241fff","imageurl":"/mcm/images/land/2A/15441_47cc9d7ca593.jpg","landname":"17"},{"id":281474990473384,"level":3,"status":1,"posx":16,"posy":7,"cityid":210,"townid":496,"tokenid":"c3a9bf2b39520f5031ae7a92dce5fc36","tokenurl":"/mcm/api/land?token=c3a9bf2b39520f5031ae7a92dce5fc36","imageurl":"/mcm/images/land/2B/25736_9694714aced.jpg","landname":"18"},{"id":281474990473385,"level":1,"status":0,"posx":21,"posy":7,"cityid":210,"townid":496,"tokenid":"1b09f635aa920389bae4fda05e8a10a8","tokenurl":"/mcm/api/land?token=1b09f635aa920389bae4fda05e8a10a8","imageurl":"/mcm/images/land/2S/10295_3dd417c29483.jpg","landname":"19"},{"id":281474990473386,"level":3,"status":0,"posx":22,"posy":7,"cityid":210,"townid":496,"tokenid":"8bab42e7c26e898bb24524376c6b5d49","tokenurl":"/mcm/api/land?token=8bab42e7c26e898bb24524376c6b5d49","imageurl":"/mcm/images/land/2B/25737_276c9d02a35b.jpg","landname":"20"},{"id":281474990473387,"level":3,"status":1,"posx":25,"posy":7,"cityid":210,"townid":496,"tokenid":"a38df7dc1b23428a1977546e974145bb","tokenurl":"/mcm/api/land?token=a38df7dc1b23428a1977546e974145bb","imageurl":"/mcm/images/land/2B/25738_555bfed74f55.jpg","landname":"21"},{"id":281474990473388,"level":1,"status":0,"posx":26,"posy":7,"cityid":210,"townid":496,"tokenid":"2bd6ac818fa9f8535a072fbb1b753525","tokenurl":"/mcm/api/land?token=2bd6ac818fa9f8535a072fbb1b753525","imageurl":"/mcm/images/land/2S/10296_490cdd00386e.jpg","landname":"22"},{"id":281474990473389,"level":3,"status":0,"posx":30,"posy":7,"cityid":210,"townid":496,"tokenid":"41424828959dcd522449b978db54547a","tokenurl":"/mcm/api/land?token=41424828959dcd522449b978db54547a","imageurl":"/mcm/images/land/2B/25739_2d1a3a50a185.jpg","landname":"23"},{"id":281474990473390,"level":3,"status":1,"posx":31,"posy":7,"cityid":210,"townid":496,"tokenid":"a1629a72d9f57cbb534bf8538429aced","tokenurl":"/mcm/api/land?token=a1629a72d9f57cbb534bf8538429aced","imageurl":"/mcm/images/land/2B/25740_4b02db35732.jpg","landname":"24"},{"id":281474990473391,"level":2,"status":0,"posx":33,"posy":7,"cityid":210,"townid":496,"tokenid":"67bc1453c97bb46dba09e245507a1da6","tokenurl":"/mcm/api/land?token=67bc1453c97bb46dba09e245507a1da6","imageurl":"/mcm/images/land/2A/15442_3e616cd281e5.jpg","landname":"25"},{"id":281474990473392,"level":1,"status":1,"posx":34,"posy":7,"cityid":210,"townid":496,"tokenid":"7c73c3f3e9072ae6d242a74d9e814516","tokenurl":"/mcm/api/land?token=7c73c3f3e9072ae6d242a74d9e814516","imageurl":"/mcm/images/land/2S/10297_38f8ffe63a61.jpg","landname":"26"},{"id":281474990473393,"level":1,"status":1,"posx":6,"posy":8,"cityid":210,"townid":496,"tokenid":"6633aaa82dc0da743f34fb68e5f7bf17","tokenurl":"/mcm/api/land?token=6633aaa82dc0da743f34fb68e5f7bf17","imageurl":"/mcm/images/land/2S/10298_61090addb88.jpg","landname":"27"},{"id":281474990473394,"level":1,"status":0,"posx":7,"posy":8,"cityid":210,"townid":496,"tokenid":"8049637f7f32ebfbc9c2e7565571f2a4","tokenurl":"/mcm/api/land?token=8049637f7f32ebfbc9c2e7565571f2a4","imageurl":"/mcm/images/land/2S/10299_4a8eb58262df.jpg","landname":"28"},{"id":281474990473395,"level":2,"status":1,"posx":15,"posy":8,"cityid":210,"townid":496,"tokenid":"0e33a3f5cc31e400e22f0deef51c5a85","tokenurl":"/mcm/api/land?token=0e33a3f5cc31e400e22f0deef51c5a85","imageurl":"/mcm/images/land/2A/15443_190e22c551ae.jpg","landname":"29"},{"id":281474990473396,"level":3,"status":1,"posx":16,"posy":8,"cityid":210,"townid":496,"tokenid":"a7269ab76d1b8286f3b4257d300cc918","tokenurl":"/mcm/api/land?token=a7269ab76d1b8286f3b4257d300cc918","imageurl":"/mcm/images/land/2B/25741_43d7bb9c0af5.jpg","landname":"30"},{"id":281474990473397,"level":2,"status":1,"posx":21,"posy":8,"cityid":210,"townid":496,"tokenid":"9fbbd6dc7f389cc5408792277be9e7d1","tokenurl":"/mcm/api/land?token=9fbbd6dc7f389cc5408792277be9e7d1","imageurl":"/mcm/images/land/2A/15444_4b5e26473be9.jpg","landname":"31"},{"id":281474990473398,"level":1,"status":1,"posx":22,"posy":8,"cityid":210,"townid":496,"tokenid":"be9ad55aeeb26e2959e9f53c85a17563","tokenurl":"/mcm/api/land?token=be9ad55aeeb26e2959e9f53c85a17563","imageurl":"/mcm/images/land/2S/10300_165105ec9df.jpg","landname":"32"},{"id":281474990473399,"level":3,"status":1,"posx":25,"posy":8,"cityid":210,"townid":496,"tokenid":"b33e4b0368bdf65d1a6cd8ab73830835","tokenurl":"/mcm/api/land?token=b33e4b0368bdf65d1a6cd8ab73830835","imageurl":"/mcm/images/land/2B/25742_305d07ffbdd.jpg","landname":"33"},{"id":281474990473400,"level":2,"status":0,"posx":26,"posy":8,"cityid":210,"townid":496,"tokenid":"b558312d957fe4b143ffe357be7de2ab","tokenurl":"/mcm/api/land?token=b558312d957fe4b143ffe357be7de2ab","imageurl":"/mcm/images/land/2A/15445_55e7e2a360a6.jpg","landname":"34"},{"id":281474990473401,"level":1,"status":0,"posx":30,"posy":8,"cityid":210,"townid":496,"tokenid":"8897a5bcb7cc13af1e34e6d3fc49a355","tokenurl":"/mcm/api/land?token=8897a5bcb7cc13af1e34e6d3fc49a355","imageurl":"/mcm/images/land/2S/10301_b94eb52a281.jpg","landname":"35"},{"id":281474990473402,"level":2,"status":0,"posx":31,"posy":8,"cityid":210,"townid":496,"tokenid":"6f896b25200ba4ade6a5c4c95492e8a4","tokenurl":"/mcm/api/land?token=6f896b25200ba4ade6a5c4c95492e8a4","imageurl":"/mcm/images/land/2A/15446_7c4c2d35147.jpg","landname":"36"},{"id":281474990473403,"level":3,"status":0,"posx":33,"posy":8,"cityid":210,"townid":496,"tokenid":"50fa294834f9c3d4f646ad603cad1297","tokenurl":"/mcm/api/land?token=50fa294834f9c3d4f646ad603cad1297","imageurl":"/mcm/images/land/2B/25743_17d79364fa2b.jpg","landname":"37"},{"id":281474990473404,"level":3,"status":0,"posx":34,"posy":8,"cityid":210,"townid":496,"tokenid":"caf6e4c4601ccfd83870913dc513927b","tokenurl":"/mcm/api/land?token=caf6e4c4601ccfd83870913dc513927b","imageurl":"/mcm/images/land/2B/25744_378ce38ff0e2.jpg","landname":"38"},{"id":281474990473405,"level":2,"status":1,"posx":6,"posy":9,"cityid":210,"townid":496,"tokenid":"5cd2d3a552b8abe0753bf65948a0ba1f","tokenurl":"/mcm/api/land?token=5cd2d3a552b8abe0753bf65948a0ba1f","imageurl":"/mcm/images/land/2A/15447_630ca773a49.jpg","landname":"39"},{"id":281474990473406,"level":1,"status":1,"posx":7,"posy":9,"cityid":210,"townid":496,"tokenid":"cf6dcb3e0c90a3a12e29e9706a8ccad7","tokenurl":"/mcm/api/land?token=cf6dcb3e0c90a3a12e29e9706a8ccad7","imageurl":"/mcm/images/land/2S/10302_61c50f31e49.jpg","landname":"40"},{"id":281474990473407,"level":3,"status":0,"posx":15,"posy":9,"cityid":210,"townid":496,"tokenid":"615c454fa4cdadd7b47191d4ef809325","tokenurl":"/mcm/api/land?token=615c454fa4cdadd7b47191d4ef809325","imageurl":"/mcm/images/land/2B/25745_100a187bd7ce.jpg","landname":"41"},{"id":281474990473408,"level":3,"status":0,"posx":16,"posy":9,"cityid":210,"townid":496,"tokenid":"a73196aff2a63c96c221440568b734c8","tokenurl":"/mcm/api/land?token=a73196aff2a63c96c221440568b734c8","imageurl":"/mcm/images/land/2B/25746_54c70817e90d.jpg","landname":"42"},{"id":281474990473409,"level":3,"status":0,"posx":21,"posy":9,"cityid":210,"townid":496,"tokenid":"b03906b826f8759939bdefdae3a237e5","tokenurl":"/mcm/api/land?token=b03906b826f8759939bdefdae3a237e5","imageurl":"/mcm/images/land/2B/25747_1351a7b5a8e8.jpg","landname":"43"},{"id":281474990473410,"level":3,"status":1,"posx":22,"posy":9,"cityid":210,"townid":496,"tokenid":"0ae8fbbf65b904229f5ea41df723a906","tokenurl":"/mcm/api/land?token=0ae8fbbf65b904229f5ea41df723a906","imageurl":"/mcm/images/land/2B/25748_506deb327187.jpg","landname":"44"},{"id":281474990473411,"level":2,"status":0,"posx":25,"posy":9,"cityid":210,"townid":496,"tokenid":"d5c2064e7ac84c7ee91711a5dcdbbacc","tokenurl":"/mcm/api/land?token=d5c2064e7ac84c7ee91711a5dcdbbacc","imageurl":"/mcm/images/land/2A/15448_47298127422f.jpg","landname":"45"},{"id":281474990473412,"level":2,"status":1,"posx":26,"posy":9,"cityid":210,"townid":496,"tokenid":"a88ce0a6c32d6d58a79569f435bd8f4b","tokenurl":"/mcm/api/land?token=a88ce0a6c32d6d58a79569f435bd8f4b","imageurl":"/mcm/images/land/2A/15449_b1e5db40e3d.jpg","landname":"46"},{"id":281474990473413,"level":1,"status":1,"posx":30,"posy":9,"cityid":210,"townid":496,"tokenid":"cc12f04ad3594ba37532337f1e303edd","tokenurl":"/mcm/api/land?token=cc12f04ad3594ba37532337f1e303edd","imageurl":"/mcm/images/land/2S/10303_5587fd2b3876.jpg","landname":"47"},{"id":281474990473414,"level":3,"status":0,"posx":31,"posy":9,"cityid":210,"townid":496,"tokenid":"ef7feab56c459946118274dc483acd65","tokenurl":"/mcm/api/land?token=ef7feab56c459946118274dc483acd65","imageurl":"/mcm/images/land/2B/25749_28825a2f7a69.jpg","landname":"48"},{"id":281474990473415,"level":2,"status":0,"posx":33,"posy":9,"cityid":210,"townid":496,"tokenid":"f1355451f251278ea386118e53bc878c","tokenurl":"/mcm/api/land?token=f1355451f251278ea386118e53bc878c","imageurl":"/mcm/images/land/2A/15450_1895afdd054c.jpg","landname":"49"},{"id":281474990473416,"level":2,"status":0,"posx":34,"posy":9,"cityid":210,"townid":496,"tokenid":"8b2ed64fe93c56e57e68873da2c43442","tokenurl":"/mcm/api/land?token=8b2ed64fe93c56e57e68873da2c43442","imageurl":"/mcm/images/land/2A/15451_347375c8398a.jpg","landname":"50"},{"id":281474990473417,"level":2,"status":1,"posx":6,"posy":10,"cityid":210,"townid":496,"tokenid":"865a89fc6f2f643e417c21836a6dbfb6","tokenurl":"/mcm/api/land?token=865a89fc6f2f643e417c21836a6dbfb6","imageurl":"/mcm/images/land/2A/15452_1b522eb004b3.jpg","landname":"51"},{"id":281474990473418,"level":3,"status":1,"posx":7,"posy":10,"cityid":210,"townid":496,"tokenid":"6a41ba64131dd74e5cebed2bf17aef62","tokenurl":"/mcm/api/land?token=6a41ba64131dd74e5cebed2bf17aef62","imageurl":"/mcm/images/land/2B/25750_4e755bfc684e.jpg","landname":"52"},{"id":281474990473419,"level":1,"status":0,"posx":11,"posy":10,"cityid":210,"townid":496,"tokenid":"2c63e0bbf09c0bdfce427d37e808dbf0","tokenurl":"/mcm/api/land?token=2c63e0bbf09c0bdfce427d37e808dbf0","imageurl":"/mcm/images/land/2S/10304_f8417c41f09.jpg","landname":"53"},{"id":281474990473420,"level":2,"status":0,"posx":12,"posy":10,"cityid":210,"townid":496,"tokenid":"e3ca741af71ce20b2e868575300972fc","tokenurl":"/mcm/api/land?token=e3ca741af71ce20b2e868575300972fc","imageurl":"/mcm/images/land/2A/15453_1c669b564442.jpg","landname":"54"},{"id":281474990473421,"level":3,"status":0,"posx":21,"posy":10,"cityid":210,"townid":496,"tokenid":"b71d26a0ff3f157a853de2921cbb653d","tokenurl":"/mcm/api/land?token=b71d26a0ff3f157a853de2921cbb653d","imageurl":"/mcm/images/land/2B/25751_33c8a54acc7f.jpg","landname":"55"},{"id":281474990473422,"level":1,"status":1,"posx":22,"posy":10,"cityid":210,"townid":496,"tokenid":"0adebb51200d6d5ccbfc36cd2335a61d","tokenurl":"/mcm/api/land?token=0adebb51200d6d5ccbfc36cd2335a61d","imageurl":"/mcm/images/land/2S/10305_2ae5c18ca35c.jpg","landname":"56"},{"id":281474990473423,"level":1,"status":1,"posx":30,"posy":10,"cityid":210,"townid":496,"tokenid":"c992b6dd7c24eb7151f61687924fa5e5","tokenurl":"/mcm/api/land?token=c992b6dd7c24eb7151f61687924fa5e5","imageurl":"/mcm/images/land/2S/10306_3359f39adb07.jpg","landname":"57"},{"id":281474990473424,"level":2,"status":0,"posx":31,"posy":10,"cityid":210,"townid":496,"tokenid":"f141cf443fa881717abdb52190d6b74d","tokenurl":"/mcm/api/land?token=f141cf443fa881717abdb52190d6b74d","imageurl":"/mcm/images/land/2A/15454_3c67a396a8cd.jpg","landname":"58"},{"id":281474990473425,"level":2,"status":1,"posx":33,"posy":10,"cityid":210,"townid":496,"tokenid":"4bf82c99235bfa68c1ebef2ebceb15ab","tokenurl":"/mcm/api/land?token=4bf82c99235bfa68c1ebef2ebceb15ab","imageurl":"/mcm/images/land/2A/15455_266c830d7809.jpg","landname":"59"},{"id":281474990473426,"level":1,"status":0,"posx":34,"posy":10,"cityid":210,"townid":496,"tokenid":"29a9f4a6fd7f63beb9a73682c22fbbaa","tokenurl":"/mcm/api/land?token=29a9f4a6fd7f63beb9a73682c22fbbaa","imageurl":"/mcm/images/land/2S/10307_367f4518b6c3.jpg","landname":"60"},{"id":281474990473427,"level":3,"status":1,"posx":11,"posy":11,"cityid":210,"townid":496,"tokenid":"c63173fe123631da08888d5df82d9e01","tokenurl":"/mcm/api/land?token=c63173fe123631da08888d5df82d9e01","imageurl":"/mcm/images/land/2B/25752_54186ede2198.jpg","landname":"61"},{"id":281474990473428,"level":3,"status":1,"posx":12,"posy":11,"cityid":210,"townid":496,"tokenid":"84143acbe8fe73bdc2c9fe012eb242ee","tokenurl":"/mcm/api/land?token=84143acbe8fe73bdc2c9fe012eb242ee","imageurl":"/mcm/images/land/2B/25753_4d4c557864e9.jpg","landname":"62"},{"id":281474990473429,"level":3,"status":0,"posx":21,"posy":11,"cityid":210,"townid":496,"tokenid":"ee8a685f531c3919a31edf9c07d0bb15","tokenurl":"/mcm/api/land?token=ee8a685f531c3919a31edf9c07d0bb15","imageurl":"/mcm/images/land/2B/25754_55f130f6ef7d.jpg","landname":"63"},{"id":281474990473430,"level":2,"status":1,"posx":22,"posy":11,"cityid":210,"townid":496,"tokenid":"d472d026061d5485066bb422f17bb973","tokenurl":"/mcm/api/land?token=d472d026061d5485066bb422f17bb973","imageurl":"/mcm/images/land/2A/15456_2086603bacd.jpg","landname":"64"},{"id":281474990473431,"level":2,"status":0,"posx":11,"posy":12,"cityid":210,"townid":496,"tokenid":"b8dbaa898e76f029bb0c5854c650b470","tokenurl":"/mcm/api/land?token=b8dbaa898e76f029bb0c5854c650b470","imageurl":"/mcm/images/land/2A/15457_1fdb3cfedde8.jpg","landname":"65"},{"id":281474990473432,"level":1,"status":1,"posx":12,"posy":12,"cityid":210,"townid":496,"tokenid":"470fb8f4f1bf06e0e2a02f14a09d1a35","tokenurl":"/mcm/api/land?token=470fb8f4f1bf06e0e2a02f14a09d1a35","imageurl":"/mcm/images/land/2S/10308_38a1b4b61142.jpg","landname":"66"},{"id":281474990473433,"level":3,"status":0,"posx":11,"posy":13,"cityid":210,"townid":496,"tokenid":"64d9f3db76c31b9eee272bc8bc02cc32","tokenurl":"/mcm/api/land?token=64d9f3db76c31b9eee272bc8bc02cc32","imageurl":"/mcm/images/land/2B/25755_54592806be7.jpg","landname":"67"},{"id":281474990473434,"level":3,"status":1,"posx":12,"posy":13,"cityid":210,"townid":496,"tokenid":"1005f473b1f7e13cbe17e17475abe903","tokenurl":"/mcm/api/land?token=1005f473b1f7e13cbe17e17475abe903","imageurl":"/mcm/images/land/2B/25756_2a19842251ad.jpg","landname":"68"},{"id":281474990473435,"level":1,"status":1,"posx":11,"posy":14,"cityid":210,"townid":496,"tokenid":"b507a86456b65dc29b9edfa18a9629e3","tokenurl":"/mcm/api/land?token=b507a86456b65dc29b9edfa18a9629e3","imageurl":"/mcm/images/land/2S/10309_4ee12e7d650.jpg","landname":"69"},{"id":281474990473436,"level":3,"status":0,"posx":12,"posy":14,"cityid":210,"townid":496,"tokenid":"9eee2dc14d5b58d00c0fca9319063bb6","tokenurl":"/mcm/api/land?token=9eee2dc14d5b58d00c0fca9319063bb6","imageurl":"/mcm/images/land/2B/25757_3d3710d240d2.jpg","landname":"70"},{"id":281474990473437,"level":3,"status":1,"posx":8,"posy":20,"cityid":210,"townid":496,"tokenid":"9cd3aef616e52b2c4c9b2b0e67b013c8","tokenurl":"/mcm/api/land?token=9cd3aef616e52b2c4c9b2b0e67b013c8","imageurl":"/mcm/images/land/2B/25758_6ea06287691.jpg","landname":"71"},{"id":281474990473438,"level":3,"status":0,"posx":9,"posy":20,"cityid":210,"townid":496,"tokenid":"ae216eebd23010c0a104c8af7c1682c8","tokenurl":"/mcm/api/land?token=ae216eebd23010c0a104c8af7c1682c8","imageurl":"/mcm/images/land/2B/25759_1264ef5944df.jpg","landname":"72"},{"id":281474990473439,"level":3,"status":0,"posx":10,"posy":20,"cityid":210,"townid":496,"tokenid":"eeffe09a771e0b4a9a9aa0d2240a2b4a","tokenurl":"/mcm/api/land?token=eeffe09a771e0b4a9a9aa0d2240a2b4a","imageurl":"/mcm/images/land/2B/25760_5a9c9d8adaf2.jpg","landname":"73"},{"id":281474990473440,"level":1,"status":0,"posx":11,"posy":20,"cityid":210,"townid":496,"tokenid":"519e646925cbbe9ff021aec5cb8db672","tokenurl":"/mcm/api/land?token=519e646925cbbe9ff021aec5cb8db672","imageurl":"/mcm/images/land/2S/10310_1a57d197fd99.jpg","landname":"74"},{"id":281474990473441,"level":2,"status":1,"posx":12,"posy":20,"cityid":210,"townid":496,"tokenid":"deee317c55b95888a232da1ad525eaac","tokenurl":"/mcm/api/land?token=deee317c55b95888a232da1ad525eaac","imageurl":"/mcm/images/land/2A/15458_25b036944cca.jpg","landname":"75"},{"id":281474990473442,"level":3,"status":1,"posx":8,"posy":21,"cityid":210,"townid":496,"tokenid":"c8a41b120d71e723877b66ebf27d2a0c","tokenurl":"/mcm/api/land?token=c8a41b120d71e723877b66ebf27d2a0c","imageurl":"/mcm/images/land/2B/25761_3a0badc2d081.jpg","landname":"76"},{"id":281474990473443,"level":1,"status":1,"posx":9,"posy":21,"cityid":210,"townid":496,"tokenid":"a6b445f2723f5185c3333eb6c962d801","tokenurl":"/mcm/api/land?token=a6b445f2723f5185c3333eb6c962d801","imageurl":"/mcm/images/land/2S/10311_516cc0a013b4.jpg","landname":"77"},{"id":281474990473444,"level":3,"status":0,"posx":10,"posy":21,"cityid":210,"townid":496,"tokenid":"6cb17b802855918a79e00ab1a5d6969b","tokenurl":"/mcm/api/land?token=6cb17b802855918a79e00ab1a5d6969b","imageurl":"/mcm/images/land/2B/25762_1ec91b5eeb05.jpg","landname":"78"},{"id":281474990473445,"level":3,"status":0,"posx":11,"posy":21,"cityid":210,"townid":496,"tokenid":"f0345a9f4709f25d9e0b3b5b81868e7b","tokenurl":"/mcm/api/land?token=f0345a9f4709f25d9e0b3b5b81868e7b","imageurl":"/mcm/images/land/2B/25763_1a45b3b64fd3.jpg","landname":"79"},{"id":281474990473446,"level":2,"status":1,"posx":12,"posy":21,"cityid":210,"townid":496,"tokenid":"4ec9e1fe7aa2ae6485220730847ee8f7","tokenurl":"/mcm/api/land?token=4ec9e1fe7aa2ae6485220730847ee8f7","imageurl":"/mcm/images/land/2A/15459_1d046917ef6c.jpg","landname":"80"},{"id":281474990473447,"level":3,"status":1,"posx":27,"posy":22,"cityid":210,"townid":496,"tokenid":"6e3b2364c03e1acae721f187754b7ab5","tokenurl":"/mcm/api/land?token=6e3b2364c03e1acae721f187754b7ab5","imageurl":"/mcm/images/land/2B/25764_4763ffd0e215.jpg","landname":"81"},{"id":281474990473448,"level":3,"status":0,"posx":28,"posy":22,"cityid":210,"townid":496,"tokenid":"58b5b8c17700a314a438f8157df161fb","tokenurl":"/mcm/api/land?token=58b5b8c17700a314a438f8157df161fb","imageurl":"/mcm/images/land/2B/25765_35229e4584d2.jpg","landname":"82"},{"id":281474990473449,"level":3,"status":1,"posx":29,"posy":22,"cityid":210,"townid":496,"tokenid":"46b28e1894a4b9b50fe229daa13cab33","tokenurl":"/mcm/api/land?token=46b28e1894a4b9b50fe229daa13cab33","imageurl":"/mcm/images/land/2B/25766_3436a67a2bf4.jpg","landname":"83"},{"id":281474990473450,"level":3,"status":0,"posx":30,"posy":22,"cityid":210,"townid":496,"tokenid":"d1d35c4e8500d49787e3d11598017340","tokenurl":"/mcm/api/land?token=d1d35c4e8500d49787e3d11598017340","imageurl":"/mcm/images/land/2B/25767_282a508ae2b0.jpg","landname":"84"},{"id":281474990473451,"level":3,"status":0,"posx":31,"posy":22,"cityid":210,"townid":496,"tokenid":"d668c05ff370a7a462a43ac900b07227","tokenurl":"/mcm/api/land?token=d668c05ff370a7a462a43ac900b07227","imageurl":"/mcm/images/land/2B/25768_3cdd275f8628.jpg","landname":"85"},{"id":281474990473452,"level":2,"status":1,"posx":27,"posy":23,"cityid":210,"townid":496,"tokenid":"7c0965e5027449374560359215a9ba1e","tokenurl":"/mcm/api/land?token=7c0965e5027449374560359215a9ba1e","imageurl":"/mcm/images/land/2A/15460_bcd18909df0.jpg","landname":"86"},{"id":281474990473453,"level":3,"status":1,"posx":28,"posy":23,"cityid":210,"townid":496,"tokenid":"b0587c984bec67411731e992a8a9f65f","tokenurl":"/mcm/api/land?token=b0587c984bec67411731e992a8a9f65f","imageurl":"/mcm/images/land/2B/25769_59065bd44e10.jpg","landname":"87"},{"id":281474990473454,"level":3,"status":1,"posx":29,"posy":23,"cityid":210,"townid":496,"tokenid":"133b1b677cfa93ecc9dcd767268f3a6e","tokenurl":"/mcm/api/land?token=133b1b677cfa93ecc9dcd767268f3a6e","imageurl":"/mcm/images/land/2B/25770_37d6328f4686.jpg","landname":"88"},{"id":281474990473455,"level":2,"status":0,"posx":30,"posy":23,"cityid":210,"townid":496,"tokenid":"edc73e9ac47e93cedad476384a576ba3","tokenurl":"/mcm/api/land?token=edc73e9ac47e93cedad476384a576ba3","imageurl":"/mcm/images/land/2A/15461_40c6bc9979a3.jpg","landname":"89"},{"id":281474990473456,"level":3,"status":0,"posx":31,"posy":23,"cityid":210,"townid":496,"tokenid":"50cf0ec80f4db7d5d0f1f541b7696c2e","tokenurl":"/mcm/api/land?token=50cf0ec80f4db7d5d0f1f541b7696c2e","imageurl":"/mcm/images/land/2B/25771_16365ad7ea25.jpg","landname":"90"},{"id":281474990473457,"level":3,"status":0,"posx":8,"posy":24,"cityid":210,"townid":496,"tokenid":"668757aa681f040b9ce062edbb85fac9","tokenurl":"/mcm/api/land?token=668757aa681f040b9ce062edbb85fac9","imageurl":"/mcm/images/land/2B/25772_339ba1d6691e.jpg","landname":"91"},{"id":281474990473458,"level":2,"status":1,"posx":9,"posy":24,"cityid":210,"townid":496,"tokenid":"fa8fa2d2467746a9d19973a93f84f0a6","tokenurl":"/mcm/api/land?token=fa8fa2d2467746a9d19973a93f84f0a6","imageurl":"/mcm/images/land/2A/15462_1245ba8fa2c5.jpg","landname":"92"},{"id":281474990473459,"level":2,"status":1,"posx":10,"posy":24,"cityid":210,"townid":496,"tokenid":"7ca4c17596efc204111cd03d6675ac5a","tokenurl":"/mcm/api/land?token=7ca4c17596efc204111cd03d6675ac5a","imageurl":"/mcm/images/land/2A/15463_4bce626abc5e.jpg","landname":"93"},{"id":281474990473460,"level":2,"status":0,"posx":11,"posy":24,"cityid":210,"townid":496,"tokenid":"9f8c602138e122db81a28e2b322b28c4","tokenurl":"/mcm/api/land?token=9f8c602138e122db81a28e2b322b28c4","imageurl":"/mcm/images/land/2A/15464_27abfd601a7f.jpg","landname":"94"},{"id":281474990473461,"level":2,"status":1,"posx":12,"posy":24,"cityid":210,"townid":496,"tokenid":"f5ed7b66ea6474cc056b836c06e1f897","tokenurl":"/mcm/api/land?token=f5ed7b66ea6474cc056b836c06e1f897","imageurl":"/mcm/images/land/2A/15465_3dde3474abe8.jpg","landname":"95"},{"id":281474990473462,"level":3,"status":0,"posx":17,"posy":24,"cityid":210,"townid":496,"tokenid":"b876979372c21950f504b7ccfb86816a","tokenurl":"/mcm/api/land?token=b876979372c21950f504b7ccfb86816a","imageurl":"/mcm/images/land/2B/25773_1445bccd7759.jpg","landname":"96"},{"id":281474990473463,"level":3,"status":1,"posx":18,"posy":24,"cityid":210,"townid":496,"tokenid":"47e5625db25d00833ca6806d8fbda04c","tokenurl":"/mcm/api/land?token=47e5625db25d00833ca6806d8fbda04c","imageurl":"/mcm/images/land/2B/25774_38df95a761ea.jpg","landname":"97"},{"id":281474990473464,"level":2,"status":1,"posx":19,"posy":24,"cityid":210,"townid":496,"tokenid":"09558a9166148e470ff988f2c8fa0aa5","tokenurl":"/mcm/api/land?token=09558a9166148e470ff988f2c8fa0aa5","imageurl":"/mcm/images/land/2A/15466_53ea3631386b.jpg","landname":"98"},{"id":281474990473465,"level":3,"status":0,"posx":20,"posy":24,"cityid":210,"townid":496,"tokenid":"698e6e37a22145ebf31a45b516aa2dd1","tokenurl":"/mcm/api/land?token=698e6e37a22145ebf31a45b516aa2dd1","imageurl":"/mcm/images/land/2B/25775_2ff58d611827.jpg","landname":"99"},{"id":281474990473466,"level":2,"status":0,"posx":21,"posy":24,"cityid":210,"townid":496,"tokenid":"2c7f56cb1ca475da0b352ecfabde7fb7","tokenurl":"/mcm/api/land?token=2c7f56cb1ca475da0b352ecfabde7fb7","imageurl":"/mcm/images/land/2A/15467_585676324fe9.jpg","landname":"100"},{"id":281474990473467,"level":2,"status":1,"posx":8,"posy":25,"cityid":210,"townid":496,"tokenid":"357905a173d86d2b7c155046eba221c9","tokenurl":"/mcm/api/land?token=357905a173d86d2b7c155046eba221c9","imageurl":"/mcm/images/land/2A/15468_cd167b0423.jpg","landname":"101"},{"id":281474990473468,"level":1,"status":0,"posx":9,"posy":25,"cityid":210,"townid":496,"tokenid":"9c47e5a8d88b1adb38350643d939f863","tokenurl":"/mcm/api/land?token=9c47e5a8d88b1adb38350643d939f863","imageurl":"/mcm/images/land/2S/10312_39e967721496.jpg","landname":"102"},{"id":281474990473469,"level":1,"status":0,"posx":10,"posy":25,"cityid":210,"townid":496,"tokenid":"c10a33a691b953bc98f2d30224f8f49d","tokenurl":"/mcm/api/land?token=c10a33a691b953bc98f2d30224f8f49d","imageurl":"/mcm/images/land/2S/10313_5606d88849d8.jpg","landname":"103"},{"id":281474990473470,"level":2,"status":0,"posx":11,"posy":25,"cityid":210,"townid":496,"tokenid":"86b0042d4914332c1964d2e69e605e4d","tokenurl":"/mcm/api/land?token=86b0042d4914332c1964d2e69e605e4d","imageurl":"/mcm/images/land/2A/15469_56aeadb9de28.jpg","landname":"104"},{"id":281474990473471,"level":3,"status":1,"posx":12,"posy":25,"cityid":210,"townid":496,"tokenid":"cf785222ff189c949973c5e09adaf6ff","tokenurl":"/mcm/api/land?token=cf785222ff189c949973c5e09adaf6ff","imageurl":"/mcm/images/land/2B/25776_298de22ea5c8.jpg","landname":"105"},{"id":281474990473472,"level":2,"status":0,"posx":17,"posy":25,"cityid":210,"townid":496,"tokenid":"6a43da950f6380b1befa69295daf0e9c","tokenurl":"/mcm/api/land?token=6a43da950f6380b1befa69295daf0e9c","imageurl":"/mcm/images/land/2A/15470_38c242c6a878.jpg","landname":"106"},{"id":281474990473473,"level":3,"status":0,"posx":18,"posy":25,"cityid":210,"townid":496,"tokenid":"aa4ec08fd594107b73ce26357e7e449b","tokenurl":"/mcm/api/land?token=aa4ec08fd594107b73ce26357e7e449b","imageurl":"/mcm/images/land/2B/25777_c8178afcdc.jpg","landname":"107"},{"id":281474990473474,"level":3,"status":0,"posx":19,"posy":25,"cityid":210,"townid":496,"tokenid":"94a6117a657515523cbedef348897ebd","tokenurl":"/mcm/api/land?token=94a6117a657515523cbedef348897ebd","imageurl":"/mcm/images/land/2B/25778_25ed88eb31f3.jpg","landname":"108"},{"id":281474990473475,"level":3,"status":1,"posx":20,"posy":25,"cityid":210,"townid":496,"tokenid":"10b96c1d5f27e288cb91042dae1c6362","tokenurl":"/mcm/api/land?token=10b96c1d5f27e288cb91042dae1c6362","imageurl":"/mcm/images/land/2B/25779_3c9b5f046053.jpg","landname":"109"},{"id":281474990473476,"level":3,"status":1,"posx":21,"posy":25,"cityid":210,"townid":496,"tokenid":"cefc4701226274066ac3378dbf1f912d","tokenurl":"/mcm/api/land?token=cefc4701226274066ac3378dbf1f912d","imageurl":"/mcm/images/land/2B/25780_58a6a922feeb.jpg","landname":"110"},{"id":281474990473477,"level":1,"status":0,"posx":27,"posy":26,"cityid":210,"townid":496,"tokenid":"32d90d4d055e84f4f5dd661267a8cb21","tokenurl":"/mcm/api/land?token=32d90d4d055e84f4f5dd661267a8cb21","imageurl":"/mcm/images/land/2S/10314_1ae7fcc23b40.jpg","landname":"111"},{"id":281474990473478,"level":2,"status":1,"posx":28,"posy":26,"cityid":210,"townid":496,"tokenid":"5b3fa7f948f62ef93e9c1c5e0be7d301","tokenurl":"/mcm/api/land?token=5b3fa7f948f62ef93e9c1c5e0be7d301","imageurl":"/mcm/images/land/2A/15471_74660ffd222.jpg","landname":"112"},{"id":281474990473479,"level":2,"status":0,"posx":27,"posy":27,"cityid":210,"townid":496,"tokenid":"40bd2104946745eff856a5aab09fb482","tokenurl":"/mcm/api/land?token=40bd2104946745eff856a5aab09fb482","imageurl":"/mcm/images/land/2A/15472_6ce4a9b864f.jpg","landname":"113"},{"id":281474990473480,"level":1,"status":1,"posx":28,"posy":27,"cityid":210,"townid":496,"tokenid":"ee38661f70291896b4bf830221742839","tokenurl":"/mcm/api/land?token=ee38661f70291896b4bf830221742839","imageurl":"/mcm/images/land/2S/10315_12b3d2e2cc55.jpg","landname":"114"},{"id":281474990473481,"level":3,"status":0,"posx":32,"posy":27,"cityid":210,"townid":496,"tokenid":"63d29b84bcbe1fe740a14d57609d2b7e","tokenurl":"/mcm/api/land?token=63d29b84bcbe1fe740a14d57609d2b7e","imageurl":"/mcm/images/land/2B/25781_44306566a130.jpg","landname":"115"},{"id":281474990473482,"level":1,"status":1,"posx":33,"posy":27,"cityid":210,"townid":496,"tokenid":"707fb999033c9cf502951f16679c776a","tokenurl":"/mcm/api/land?token=707fb999033c9cf502951f16679c776a","imageurl":"/mcm/images/land/2S/10316_c7e0be293b9.jpg","landname":"116"},{"id":281474990473483,"level":2,"status":1,"posx":8,"posy":28,"cityid":210,"townid":496,"tokenid":"0fb0720aff6deef725ebcde4f0a378df","tokenurl":"/mcm/api/land?token=0fb0720aff6deef725ebcde4f0a378df","imageurl":"/mcm/images/land/2A/15473_4028a78799c7.jpg","landname":"117"},{"id":281474990473484,"level":3,"status":1,"posx":9,"posy":28,"cityid":210,"townid":496,"tokenid":"a33d328a62d9214d465083f92f6efd7c","tokenurl":"/mcm/api/land?token=a33d328a62d9214d465083f92f6efd7c","imageurl":"/mcm/images/land/2B/25782_3a638aa115bd.jpg","landname":"118"},{"id":281474990473485,"level":3,"status":1,"posx":10,"posy":28,"cityid":210,"townid":496,"tokenid":"8307bcc30f326ea33596a60443adab9e","tokenurl":"/mcm/api/land?token=8307bcc30f326ea33596a60443adab9e","imageurl":"/mcm/images/land/2B/25783_51ef070a637.jpg","landname":"119"},{"id":281474990473486,"level":3,"status":1,"posx":11,"posy":28,"cityid":210,"townid":496,"tokenid":"ee7fd961f01277d63e0be236a3cf8c74","tokenurl":"/mcm/api/land?token=ee7fd961f01277d63e0be236a3cf8c74","imageurl":"/mcm/images/land/2B/25784_3e68df79920e.jpg","landname":"120"},{"id":281474990473487,"level":3,"status":1,"posx":12,"posy":28,"cityid":210,"townid":496,"tokenid":"9c8c514bef6da1910b79af208f196a1b","tokenurl":"/mcm/api/land?token=9c8c514bef6da1910b79af208f196a1b","imageurl":"/mcm/images/land/2B/25785_488f5c4d5937.jpg","landname":"121"},{"id":281474990473488,"level":3,"status":0,"posx":17,"posy":28,"cityid":210,"townid":496,"tokenid":"578437a8b0ec11fbe4397028e272e2ca","tokenurl":"/mcm/api/land?token=578437a8b0ec11fbe4397028e272e2ca","imageurl":"/mcm/images/land/2B/25786_409c3493a120.jpg","landname":"122"},{"id":281474990473489,"level":2,"status":0,"posx":18,"posy":28,"cityid":210,"townid":496,"tokenid":"c7a95fc452718399b168a56978fa9b71","tokenurl":"/mcm/api/land?token=c7a95fc452718399b168a56978fa9b71","imageurl":"/mcm/images/land/2A/15474_39205b2d7eed.jpg","landname":"123"},{"id":281474990473490,"level":3,"status":0,"posx":19,"posy":28,"cityid":210,"townid":496,"tokenid":"8abf5891e56786ff0d44e403f7d7a770","tokenurl":"/mcm/api/land?token=8abf5891e56786ff0d44e403f7d7a770","imageurl":"/mcm/images/land/2B/25787_4cb6f1c033a5.jpg","landname":"124"},{"id":281474990473491,"level":1,"status":0,"posx":20,"posy":28,"cityid":210,"townid":496,"tokenid":"d1f272795e2804e0d719520d489fb243","tokenurl":"/mcm/api/land?token=d1f272795e2804e0d719520d489fb243","imageurl":"/mcm/images/land/2S/10317_375bd49dc9f5.jpg","landname":"125"},{"id":281474990473492,"level":1,"status":0,"posx":21,"posy":28,"cityid":210,"townid":496,"tokenid":"82baf6668e0484b0b77dfc0af81bfd80","tokenurl":"/mcm/api/land?token=82baf6668e0484b0b77dfc0af81bfd80","imageurl":"/mcm/images/land/2S/10318_83d79699afe.jpg","landname":"126"},{"id":281474990473493,"level":1,"status":1,"posx":27,"posy":28,"cityid":210,"townid":496,"tokenid":"21517ed304215dcccdd9dca8d935af9d","tokenurl":"/mcm/api/land?token=21517ed304215dcccdd9dca8d935af9d","imageurl":"/mcm/images/land/2S/10319_10e4e7821735.jpg","landname":"127"},{"id":281474990473494,"level":2,"status":0,"posx":28,"posy":28,"cityid":210,"townid":496,"tokenid":"2850ddfb718be21cb2e2a68fcba11112","tokenurl":"/mcm/api/land?token=2850ddfb718be21cb2e2a68fcba11112","imageurl":"/mcm/images/land/2A/15475_b24f5d0c32b.jpg","landname":"128"},{"id":281474990473495,"level":1,"status":0,"posx":32,"posy":28,"cityid":210,"townid":496,"tokenid":"d498c992fe843b6c494dd27f1ff16fdb","tokenurl":"/mcm/api/land?token=d498c992fe843b6c494dd27f1ff16fdb","imageurl":"/mcm/images/land/2S/10320_2e61cef173ae.jpg","landname":"129"},{"id":281474990473496,"level":1,"status":0,"posx":33,"posy":28,"cityid":210,"townid":496,"tokenid":"e904a7a210fa76007e913fbb90ed7311","tokenurl":"/mcm/api/land?token=e904a7a210fa76007e913fbb90ed7311","imageurl":"/mcm/images/land/2S/10321_9d138dba78d.jpg","landname":"130"},{"id":281474990473497,"level":3,"status":0,"posx":8,"posy":29,"cityid":210,"townid":496,"tokenid":"1826503d5219786279813e91eddc6cd2","tokenurl":"/mcm/api/land?token=1826503d5219786279813e91eddc6cd2","imageurl":"/mcm/images/land/2B/25788_4d9f50e7929f.jpg","landname":"131"},{"id":281474990473498,"level":3,"status":0,"posx":9,"posy":29,"cityid":210,"townid":496,"tokenid":"8c06bd7dba1070983c84bba9f380de67","tokenurl":"/mcm/api/land?token=8c06bd7dba1070983c84bba9f380de67","imageurl":"/mcm/images/land/2B/25789_4d378f43437d.jpg","landname":"132"},{"id":281474990473499,"level":2,"status":1,"posx":10,"posy":29,"cityid":210,"townid":496,"tokenid":"c913a79182b990c4122c2f4142ec07a4","tokenurl":"/mcm/api/land?token=c913a79182b990c4122c2f4142ec07a4","imageurl":"/mcm/images/land/2A/15476_14bd289d2ffb.jpg","landname":"133"},{"id":281474990473500,"level":2,"status":1,"posx":11,"posy":29,"cityid":210,"townid":496,"tokenid":"be97eac0a757dfb25e3cd623ac43518f","tokenurl":"/mcm/api/land?token=be97eac0a757dfb25e3cd623ac43518f","imageurl":"/mcm/images/land/2A/15477_3edf7cb1fbf5.jpg","landname":"134"},{"id":281474990473501,"level":3,"status":1,"posx":12,"posy":29,"cityid":210,"townid":496,"tokenid":"61ca96a2bc07d3f6a76650e3f68d3ad4","tokenurl":"/mcm/api/land?token=61ca96a2bc07d3f6a76650e3f68d3ad4","imageurl":"/mcm/images/land/2B/25790_36bbe635bf40.jpg","landname":"135"},{"id":281474990473502,"level":2,"status":0,"posx":17,"posy":29,"cityid":210,"townid":496,"tokenid":"a2abd87eadd15c1bab587d1a66a2a24c","tokenurl":"/mcm/api/land?token=a2abd87eadd15c1bab587d1a66a2a24c","imageurl":"/mcm/images/land/2A/15478_53f2f85324dc.jpg","landname":"136"},{"id":281474990473503,"level":3,"status":0,"posx":18,"posy":29,"cityid":210,"townid":496,"tokenid":"3ce166d4aa9a9cbf69d7b3ce80e89f72","tokenurl":"/mcm/api/land?token=3ce166d4aa9a9cbf69d7b3ce80e89f72","imageurl":"/mcm/images/land/2B/25791_4f10bb92c868.jpg","landname":"137"},{"id":281474990473504,"level":3,"status":0,"posx":19,"posy":29,"cityid":210,"townid":496,"tokenid":"576e78c78ff7c66ffde86a213fdc6630","tokenurl":"/mcm/api/land?token=576e78c78ff7c66ffde86a213fdc6630","imageurl":"/mcm/images/land/2B/25792_2062432024a4.jpg","landname":"138"},{"id":281474990473505,"level":3,"status":1,"posx":20,"posy":29,"cityid":210,"townid":496,"tokenid":"770ed6f5177f140b18c4ef31681a001c","tokenurl":"/mcm/api/land?token=770ed6f5177f140b18c4ef31681a001c","imageurl":"/mcm/images/land/2B/25793_2d87f835dfdf.jpg","landname":"139"},{"id":281474990473506,"level":3,"status":1,"posx":21,"posy":29,"cityid":210,"townid":496,"tokenid":"4fc108ac60a937d2898cd6f59d45d789","tokenurl":"/mcm/api/land?token=4fc108ac60a937d2898cd6f59d45d789","imageurl":"/mcm/images/land/2B/25794_40a54cc68140.jpg","landname":"140"},{"id":281474990473507,"level":2,"status":1,"posx":27,"posy":29,"cityid":210,"townid":496,"tokenid":"0df34cdad2c18aec71bd0e48f16ab3c5","tokenurl":"/mcm/api/land?token=0df34cdad2c18aec71bd0e48f16ab3c5","imageurl":"/mcm/images/land/2A/15479_64467c8fc1b.jpg","landname":"141"},{"id":281474990473508,"level":3,"status":1,"posx":28,"posy":29,"cityid":210,"townid":496,"tokenid":"ed37eacd682ef847dacdb0e104e759cb","tokenurl":"/mcm/api/land?token=ed37eacd682ef847dacdb0e104e759cb","imageurl":"/mcm/images/land/2B/25795_107c2ed119e7.jpg","landname":"142"},{"id":281474990473509,"level":3,"status":0,"posx":32,"posy":29,"cityid":210,"townid":496,"tokenid":"6368d4b612ece3b6a6b6892e5ca0a49f","tokenurl":"/mcm/api/land?token=6368d4b612ece3b6a6b6892e5ca0a49f","imageurl":"/mcm/images/land/2B/25796_3936388b9e94.jpg","landname":"143"},{"id":281474990473510,"level":3,"status":1,"posx":33,"posy":29,"cityid":210,"townid":496,"tokenid":"98e9f500c6480ef57ed89e3400f31b49","tokenurl":"/mcm/api/land?token=98e9f500c6480ef57ed89e3400f31b49","imageurl":"/mcm/images/land/2B/25797_34d8c02d01ac.jpg","landname":"144"},{"id":281474990473511,"level":3,"status":0,"posx":27,"posy":30,"cityid":210,"townid":496,"tokenid":"0ec1e061986599805eb44ad7e408c3d6","tokenurl":"/mcm/api/land?token=0ec1e061986599805eb44ad7e408c3d6","imageurl":"/mcm/images/land/2B/25798_44654dce46d3.jpg","landname":"145"},{"id":281474990473512,"level":3,"status":1,"posx":28,"posy":30,"cityid":210,"townid":496,"tokenid":"f3578a60b5b629497582ca9e194716aa","tokenurl":"/mcm/api/land?token=f3578a60b5b629497582ca9e194716aa","imageurl":"/mcm/images/land/2B/25799_53489192c984.jpg","landname":"146"},{"id":281474990473513,"level":2,"status":0,"posx":32,"posy":30,"cityid":210,"townid":496,"tokenid":"cdf163d6ef127210d3c99bf865580743","tokenurl":"/mcm/api/land?token=cdf163d6ef127210d3c99bf865580743","imageurl":"/mcm/images/land/2A/15480_152c18315218.jpg","landname":"147"},{"id":281474990473514,"level":3,"status":1,"posx":33,"posy":30,"cityid":210,"townid":496,"tokenid":"83fdb57516a60d77937f67b0955ed274","tokenurl":"/mcm/api/land?token=83fdb57516a60d77937f67b0955ed274","imageurl":"/mcm/images/land/2B/25800_176e437ae52f.jpg","landname":"148"},{"id":281474990473515,"level":3,"status":1,"posx":32,"posy":31,"cityid":210,"townid":496,"tokenid":"432995c92021cb9fe6b15bdaf0ce07b1","tokenurl":"/mcm/api/land?token=432995c92021cb9fe6b15bdaf0ce07b1","imageurl":"/mcm/images/land/2B/25801_2902b5ce616d.jpg","landname":"149"},{"id":281474990473516,"level":2,"status":1,"posx":33,"posy":31,"cityid":210,"townid":496,"tokenid":"e0b026fe3b5b5eb16200b2970789a4fe","tokenurl":"/mcm/api/land?token=e0b026fe3b5b5eb16200b2970789a4fe","imageurl":"/mcm/images/land/2A/15481_5216ae08970a.jpg","landname":"150"}]]],0,0,[],[],[]]
