[1,0,0,[["cc.JsonAsset",["_name","json"],1]],[[0,0,1,3]],[[0,"1589",[{"id":281475025207297,"level":3,"status":1,"posx":32,"posy":5,"cityid":740,"townid":1589,"tokenid":"8eefcadc3097fbbd8055889eee9d802c","tokenurl":"/mcm/api/land?token=8eefcadc3097fbbd8055889eee9d802c","imageurl":"/mcm/images/land/2B/10802_287b4ad45ba9.jpg","landname":"1"},{"id":281475025207298,"level":3,"status":1,"posx":33,"posy":5,"cityid":740,"townid":1589,"tokenid":"677c91490da8b9e24e37ab52971742d8","tokenurl":"/mcm/api/land?token=677c91490da8b9e24e37ab52971742d8","imageurl":"/mcm/images/land/2B/10803_295fa420307e.jpg","landname":"2"},{"id":281475025207299,"level":1,"status":0,"posx":5,"posy":6,"cityid":740,"townid":1589,"tokenid":"f5f6e27e5d0a8e357a9b38f8c655a621","tokenurl":"/mcm/api/land?token=f5f6e27e5d0a8e357a9b38f8c655a621","imageurl":"/mcm/images/land/2S/4322_4656d2a171f3.jpg","landname":"3"},{"id":281475025207300,"level":3,"status":1,"posx":6,"posy":6,"cityid":740,"townid":1589,"tokenid":"552e3f315899b78da050650b46843c78","tokenurl":"/mcm/api/land?token=552e3f315899b78da050650b46843c78","imageurl":"/mcm/images/land/2B/10804_3a0fdee09787.jpg","landname":"4"},{"id":281475025207301,"level":3,"status":1,"posx":21,"posy":6,"cityid":740,"townid":1589,"tokenid":"92e54f1d5ca38488c172550ef559bbe5","tokenurl":"/mcm/api/land?token=92e54f1d5ca38488c172550ef559bbe5","imageurl":"/mcm/images/land/2B/10805_dc2794c4a78.jpg","landname":"5"},{"id":281475025207302,"level":3,"status":1,"posx":22,"posy":6,"cityid":740,"townid":1589,"tokenid":"1962c3e99a54b1db4ff5f1441ec0a8b4","tokenurl":"/mcm/api/land?token=1962c3e99a54b1db4ff5f1441ec0a8b4","imageurl":"/mcm/images/land/2B/10806_489eb0e54a3e.jpg","landname":"6"},{"id":281475025207303,"level":2,"status":0,"posx":23,"posy":6,"cityid":740,"townid":1589,"tokenid":"64d95cc5b2408938071207ef7b140633","tokenurl":"/mcm/api/land?token=64d95cc5b2408938071207ef7b140633","imageurl":"/mcm/images/land/2A/6482_8f7da78fdc.jpg","landname":"7"},{"id":281475025207304,"level":3,"status":1,"posx":24,"posy":6,"cityid":740,"townid":1589,"tokenid":"d80c93c7c70f49fcb43c850667ca1f60","tokenurl":"/mcm/api/land?token=d80c93c7c70f49fcb43c850667ca1f60","imageurl":"/mcm/images/land/2B/10807_26df0b793da7.jpg","landname":"8"},{"id":281475025207305,"level":3,"status":0,"posx":25,"posy":6,"cityid":740,"townid":1589,"tokenid":"8d87a004a13ec0445aa9c6d1e39bd1b5","tokenurl":"/mcm/api/land?token=8d87a004a13ec0445aa9c6d1e39bd1b5","imageurl":"/mcm/images/land/2B/10808_1c6719130b7f.jpg","landname":"9"},{"id":281475025207306,"level":2,"status":0,"posx":32,"posy":6,"cityid":740,"townid":1589,"tokenid":"c31214e2eb751c48a775f8dd2a9871cc","tokenurl":"/mcm/api/land?token=c31214e2eb751c48a775f8dd2a9871cc","imageurl":"/mcm/images/land/2A/6483_397ccfc9bc6b.jpg","landname":"10"},{"id":281475025207307,"level":3,"status":1,"posx":33,"posy":6,"cityid":740,"townid":1589,"tokenid":"94e56041a6880ebc6adb80e64accf1b5","tokenurl":"/mcm/api/land?token=94e56041a6880ebc6adb80e64accf1b5","imageurl":"/mcm/images/land/2B/10809_2556d88483bc.jpg","landname":"11"},{"id":281475025207308,"level":2,"status":0,"posx":5,"posy":7,"cityid":740,"townid":1589,"tokenid":"e5a1034566a18eaaca10c26d143b086c","tokenurl":"/mcm/api/land?token=e5a1034566a18eaaca10c26d143b086c","imageurl":"/mcm/images/land/2A/6484_4999f1c85399.jpg","landname":"12"},{"id":281475025207309,"level":3,"status":1,"posx":6,"posy":7,"cityid":740,"townid":1589,"tokenid":"d9bd66a388682048265cb8e88d033548","tokenurl":"/mcm/api/land?token=d9bd66a388682048265cb8e88d033548","imageurl":"/mcm/images/land/2B/10810_41b2d4e4d481.jpg","landname":"13"},{"id":281475025207310,"level":2,"status":1,"posx":21,"posy":7,"cityid":740,"townid":1589,"tokenid":"dd3df0362349a1856c2bbc645180c423","tokenurl":"/mcm/api/land?token=dd3df0362349a1856c2bbc645180c423","imageurl":"/mcm/images/land/2A/6485_270fe681c06c.jpg","landname":"14"},{"id":281475025207311,"level":3,"status":0,"posx":22,"posy":7,"cityid":740,"townid":1589,"tokenid":"6e1f2a57b79a59bc94bdae0269792bca","tokenurl":"/mcm/api/land?token=6e1f2a57b79a59bc94bdae0269792bca","imageurl":"/mcm/images/land/2B/10811_24bbb5a4359d.jpg","landname":"15"},{"id":281475025207312,"level":1,"status":0,"posx":23,"posy":7,"cityid":740,"townid":1589,"tokenid":"975c5b137df728d8e465beb96ae5cfff","tokenurl":"/mcm/api/land?token=975c5b137df728d8e465beb96ae5cfff","imageurl":"/mcm/images/land/2S/4323_10440b2616ce.jpg","landname":"16"},{"id":281475025207313,"level":3,"status":0,"posx":24,"posy":7,"cityid":740,"townid":1589,"tokenid":"b3c139958a6836eb807ce6597dfafacb","tokenurl":"/mcm/api/land?token=b3c139958a6836eb807ce6597dfafacb","imageurl":"/mcm/images/land/2B/10812_4c18d96604d5.jpg","landname":"17"},{"id":281475025207314,"level":3,"status":0,"posx":25,"posy":7,"cityid":740,"townid":1589,"tokenid":"699e68d3f2a4685dc0160c4f8a2f789f","tokenurl":"/mcm/api/land?token=699e68d3f2a4685dc0160c4f8a2f789f","imageurl":"/mcm/images/land/2B/10813_5614d8de5f61.jpg","landname":"18"},{"id":281475025207315,"level":2,"status":1,"posx":32,"posy":7,"cityid":740,"townid":1589,"tokenid":"0200a908478262e7a2a021e766fcbdda","tokenurl":"/mcm/api/land?token=0200a908478262e7a2a021e766fcbdda","imageurl":"/mcm/images/land/2A/6486_a10c6011cf.jpg","landname":"19"},{"id":281475025207316,"level":3,"status":0,"posx":33,"posy":7,"cityid":740,"townid":1589,"tokenid":"834b018905923917b1055d31c5f6deb9","tokenurl":"/mcm/api/land?token=834b018905923917b1055d31c5f6deb9","imageurl":"/mcm/images/land/2B/10814_11b212c860c.jpg","landname":"20"},{"id":281475025207317,"level":3,"status":0,"posx":5,"posy":8,"cityid":740,"townid":1589,"tokenid":"079bff8ac0d788e39340d164b3f791ab","tokenurl":"/mcm/api/land?token=079bff8ac0d788e39340d164b3f791ab","imageurl":"/mcm/images/land/2B/10815_38644fa99678.jpg","landname":"21"},{"id":281475025207318,"level":2,"status":1,"posx":6,"posy":8,"cityid":740,"townid":1589,"tokenid":"9d7d77212dc9d8c32db7d30214d5d34f","tokenurl":"/mcm/api/land?token=9d7d77212dc9d8c32db7d30214d5d34f","imageurl":"/mcm/images/land/2A/6487_d7b98d90259.jpg","landname":"22"},{"id":281475025207319,"level":3,"status":0,"posx":32,"posy":8,"cityid":740,"townid":1589,"tokenid":"a71098d84c68ae0a018983eb176e6b1b","tokenurl":"/mcm/api/land?token=a71098d84c68ae0a018983eb176e6b1b","imageurl":"/mcm/images/land/2B/10816_36efadaec7e3.jpg","landname":"23"},{"id":281475025207320,"level":1,"status":0,"posx":33,"posy":8,"cityid":740,"townid":1589,"tokenid":"a647bf2857fe5e5ec1874dc6dcc19355","tokenurl":"/mcm/api/land?token=a647bf2857fe5e5ec1874dc6dcc19355","imageurl":"/mcm/images/land/2S/4324_2f4dc65748a4.jpg","landname":"24"},{"id":281475025207321,"level":3,"status":1,"posx":5,"posy":9,"cityid":740,"townid":1589,"tokenid":"614b4826fc317c397ec42393495bd521","tokenurl":"/mcm/api/land?token=614b4826fc317c397ec42393495bd521","imageurl":"/mcm/images/land/2B/10817_4f9c1aa99bcb.jpg","landname":"25"},{"id":281475025207322,"level":3,"status":0,"posx":6,"posy":9,"cityid":740,"townid":1589,"tokenid":"4c5dd23f8cb43e96d6867d81caccce17","tokenurl":"/mcm/api/land?token=4c5dd23f8cb43e96d6867d81caccce17","imageurl":"/mcm/images/land/2B/10818_4faec24a2852.jpg","landname":"26"},{"id":281475025207323,"level":3,"status":1,"posx":32,"posy":9,"cityid":740,"townid":1589,"tokenid":"217b4ae2ee9c97e7ebc207392a52b402","tokenurl":"/mcm/api/land?token=217b4ae2ee9c97e7ebc207392a52b402","imageurl":"/mcm/images/land/2B/10819_464e33cf8a46.jpg","landname":"27"},{"id":281475025207324,"level":3,"status":0,"posx":33,"posy":9,"cityid":740,"townid":1589,"tokenid":"3f0604e893574a227b29bbf66c3ca3f8","tokenurl":"/mcm/api/land?token=3f0604e893574a227b29bbf66c3ca3f8","imageurl":"/mcm/images/land/2B/10820_303511a03b1b.jpg","landname":"28"},{"id":281475025207325,"level":2,"status":1,"posx":5,"posy":10,"cityid":740,"townid":1589,"tokenid":"a3440613fc5c857cbb1b2abf5cc9e750","tokenurl":"/mcm/api/land?token=a3440613fc5c857cbb1b2abf5cc9e750","imageurl":"/mcm/images/land/2A/6488_3b4a5928f895.jpg","landname":"29"},{"id":281475025207326,"level":2,"status":0,"posx":6,"posy":10,"cityid":740,"townid":1589,"tokenid":"92fc372c7fc4e161b2339a7a9f4fe337","tokenurl":"/mcm/api/land?token=92fc372c7fc4e161b2339a7a9f4fe337","imageurl":"/mcm/images/land/2A/6489_551a67d69745.jpg","landname":"30"},{"id":281475025207327,"level":2,"status":1,"posx":8,"posy":10,"cityid":740,"townid":1589,"tokenid":"2d66558b8cbc3bbb75cfda50021ef0f9","tokenurl":"/mcm/api/land?token=2d66558b8cbc3bbb75cfda50021ef0f9","imageurl":"/mcm/images/land/2A/6490_51439034ccaa.jpg","landname":"31"},{"id":281475025207328,"level":2,"status":0,"posx":9,"posy":10,"cityid":740,"townid":1589,"tokenid":"cbb2e468f94b4ba5ab090c3b364f16f7","tokenurl":"/mcm/api/land?token=cbb2e468f94b4ba5ab090c3b364f16f7","imageurl":"/mcm/images/land/2A/6491_34fccac7b12b.jpg","landname":"32"},{"id":281475025207329,"level":3,"status":1,"posx":23,"posy":10,"cityid":740,"townid":1589,"tokenid":"3b5e33a16fdcfd18967b5c436d7fbfd0","tokenurl":"/mcm/api/land?token=3b5e33a16fdcfd18967b5c436d7fbfd0","imageurl":"/mcm/images/land/2B/10821_a1a817ae89.jpg","landname":"33"},{"id":281475025207330,"level":3,"status":0,"posx":24,"posy":10,"cityid":740,"townid":1589,"tokenid":"649e5bbfb5dde4ca00301e6916145953","tokenurl":"/mcm/api/land?token=649e5bbfb5dde4ca00301e6916145953","imageurl":"/mcm/images/land/2B/10822_57e3c6dfcb66.jpg","landname":"34"},{"id":281475025207331,"level":3,"status":1,"posx":8,"posy":11,"cityid":740,"townid":1589,"tokenid":"a5ba37bce89a51e63d8580cac48c226c","tokenurl":"/mcm/api/land?token=a5ba37bce89a51e63d8580cac48c226c","imageurl":"/mcm/images/land/2B/10823_27e83f9f8824.jpg","landname":"35"},{"id":281475025207332,"level":1,"status":0,"posx":9,"posy":11,"cityid":740,"townid":1589,"tokenid":"d5ccfa446df763652e406a90d556c79e","tokenurl":"/mcm/api/land?token=d5ccfa446df763652e406a90d556c79e","imageurl":"/mcm/images/land/2S/4325_3e48830a09a1.jpg","landname":"36"},{"id":281475025207333,"level":1,"status":1,"posx":23,"posy":11,"cityid":740,"townid":1589,"tokenid":"f4b499eedad798a4d3b969b703f037d4","tokenurl":"/mcm/api/land?token=f4b499eedad798a4d3b969b703f037d4","imageurl":"/mcm/images/land/2S/4326_1084d6a782c0.jpg","landname":"37"},{"id":281475025207334,"level":3,"status":0,"posx":24,"posy":11,"cityid":740,"townid":1589,"tokenid":"64a1394bc692b41a91624d5237fa7ff2","tokenurl":"/mcm/api/land?token=64a1394bc692b41a91624d5237fa7ff2","imageurl":"/mcm/images/land/2B/10824_7102b6cefc2.jpg","landname":"38"},{"id":281475025207335,"level":1,"status":0,"posx":8,"posy":12,"cityid":740,"townid":1589,"tokenid":"0feb53db69661e0dbcffb544d1006e37","tokenurl":"/mcm/api/land?token=0feb53db69661e0dbcffb544d1006e37","imageurl":"/mcm/images/land/2S/4327_3ab8e5894d77.jpg","landname":"39"},{"id":281475025207336,"level":3,"status":0,"posx":9,"posy":12,"cityid":740,"townid":1589,"tokenid":"aa4ec803e14e8ac39094d68b286c1dac","tokenurl":"/mcm/api/land?token=aa4ec803e14e8ac39094d68b286c1dac","imageurl":"/mcm/images/land/2B/10825_23644919f8be.jpg","landname":"40"},{"id":281475025207337,"level":3,"status":0,"posx":23,"posy":12,"cityid":740,"townid":1589,"tokenid":"29b05db3001dc42f1445a12649955fa6","tokenurl":"/mcm/api/land?token=29b05db3001dc42f1445a12649955fa6","imageurl":"/mcm/images/land/2B/10826_4a61f6b66bbc.jpg","landname":"41"},{"id":281475025207338,"level":3,"status":1,"posx":24,"posy":12,"cityid":740,"townid":1589,"tokenid":"7e78bb3a4fb1361e78096e4f02f3fc5b","tokenurl":"/mcm/api/land?token=7e78bb3a4fb1361e78096e4f02f3fc5b","imageurl":"/mcm/images/land/2B/10827_55ed3797f173.jpg","landname":"42"},{"id":281475025207339,"level":2,"status":1,"posx":32,"posy":12,"cityid":740,"townid":1589,"tokenid":"93f3fc9ad610c051004aa9a23cd8ed7a","tokenurl":"/mcm/api/land?token=93f3fc9ad610c051004aa9a23cd8ed7a","imageurl":"/mcm/images/land/2A/6492_38f202545c4e.jpg","landname":"43"},{"id":281475025207340,"level":2,"status":1,"posx":33,"posy":12,"cityid":740,"townid":1589,"tokenid":"232e12966ea46c8c87556a716c3865a6","tokenurl":"/mcm/api/land?token=232e12966ea46c8c87556a716c3865a6","imageurl":"/mcm/images/land/2A/6493_345d554bb840.jpg","landname":"44"},{"id":281475025207341,"level":3,"status":0,"posx":8,"posy":13,"cityid":740,"townid":1589,"tokenid":"5d883aaf45352257ad0635233604b45b","tokenurl":"/mcm/api/land?token=5d883aaf45352257ad0635233604b45b","imageurl":"/mcm/images/land/2B/10828_28745b30427a.jpg","landname":"45"},{"id":281475025207342,"level":2,"status":1,"posx":9,"posy":13,"cityid":740,"townid":1589,"tokenid":"03359a7913ab6e0ef81c0e20746cc402","tokenurl":"/mcm/api/land?token=03359a7913ab6e0ef81c0e20746cc402","imageurl":"/mcm/images/land/2A/6494_3e272f686ede.jpg","landname":"46"},{"id":281475025207343,"level":2,"status":0,"posx":23,"posy":13,"cityid":740,"townid":1589,"tokenid":"5aedc8a3e6d5e22cbfadc9cb7f9a152b","tokenurl":"/mcm/api/land?token=5aedc8a3e6d5e22cbfadc9cb7f9a152b","imageurl":"/mcm/images/land/2A/6495_4868565c1586.jpg","landname":"47"},{"id":281475025207344,"level":3,"status":1,"posx":24,"posy":13,"cityid":740,"townid":1589,"tokenid":"ea65733d2f5284459fcc754abe007b4d","tokenurl":"/mcm/api/land?token=ea65733d2f5284459fcc754abe007b4d","imageurl":"/mcm/images/land/2B/10829_56deaf8c532e.jpg","landname":"48"},{"id":281475025207345,"level":1,"status":1,"posx":32,"posy":13,"cityid":740,"townid":1589,"tokenid":"f6e07c0ff54da3142670f53434ea66bf","tokenurl":"/mcm/api/land?token=f6e07c0ff54da3142670f53434ea66bf","imageurl":"/mcm/images/land/2S/4328_149f98613dcd.jpg","landname":"49"},{"id":281475025207346,"level":1,"status":0,"posx":33,"posy":13,"cityid":740,"townid":1589,"tokenid":"f68412f60e9a8a97e53d9d3c33c9828c","tokenurl":"/mcm/api/land?token=f68412f60e9a8a97e53d9d3c33c9828c","imageurl":"/mcm/images/land/2S/4329_328275282962.jpg","landname":"50"},{"id":281475025207347,"level":3,"status":1,"posx":8,"posy":14,"cityid":740,"townid":1589,"tokenid":"c29a394477bc19b917f4bf29bcd613dd","tokenurl":"/mcm/api/land?token=c29a394477bc19b917f4bf29bcd613dd","imageurl":"/mcm/images/land/2B/10830_4508f908496f.jpg","landname":"51"},{"id":281475025207348,"level":2,"status":0,"posx":9,"posy":14,"cityid":740,"townid":1589,"tokenid":"fbc6ff2fec2b4512cf40302836bc2822","tokenurl":"/mcm/api/land?token=fbc6ff2fec2b4512cf40302836bc2822","imageurl":"/mcm/images/land/2A/6496_16bbbd36aa4f.jpg","landname":"52"},{"id":281475025207349,"level":3,"status":0,"posx":23,"posy":14,"cityid":740,"townid":1589,"tokenid":"6f281e05038557964be2b6539c7274b4","tokenurl":"/mcm/api/land?token=6f281e05038557964be2b6539c7274b4","imageurl":"/mcm/images/land/2B/10831_11514be5c1.jpg","landname":"53"},{"id":281475025207350,"level":2,"status":0,"posx":24,"posy":14,"cityid":740,"townid":1589,"tokenid":"f34955f6feb1c02159aadadd6239e63c","tokenurl":"/mcm/api/land?token=f34955f6feb1c02159aadadd6239e63c","imageurl":"/mcm/images/land/2A/6497_596425ea4449.jpg","landname":"54"},{"id":281475025207351,"level":1,"status":1,"posx":32,"posy":14,"cityid":740,"townid":1589,"tokenid":"5340c896c8450c62fdfce7148497fe58","tokenurl":"/mcm/api/land?token=5340c896c8450c62fdfce7148497fe58","imageurl":"/mcm/images/land/2S/4330_28cb303946ef.jpg","landname":"55"},{"id":281475025207352,"level":2,"status":1,"posx":33,"posy":14,"cityid":740,"townid":1589,"tokenid":"a01f77393f0d048a25bddbe4f1b20ee6","tokenurl":"/mcm/api/land?token=a01f77393f0d048a25bddbe4f1b20ee6","imageurl":"/mcm/images/land/2A/6498_54af81a0782e.jpg","landname":"56"},{"id":281475025207353,"level":2,"status":0,"posx":32,"posy":15,"cityid":740,"townid":1589,"tokenid":"8185442734c8fbf53863051189280e2c","tokenurl":"/mcm/api/land?token=8185442734c8fbf53863051189280e2c","imageurl":"/mcm/images/land/2A/6499_283c6f12cac1.jpg","landname":"57"},{"id":281475025207354,"level":3,"status":1,"posx":33,"posy":15,"cityid":740,"townid":1589,"tokenid":"77831a82a85f00b1829d9450752563b8","tokenurl":"/mcm/api/land?token=77831a82a85f00b1829d9450752563b8","imageurl":"/mcm/images/land/2B/10832_3e53de34de33.jpg","landname":"58"},{"id":281475025207355,"level":1,"status":0,"posx":8,"posy":16,"cityid":740,"townid":1589,"tokenid":"24040bd3a004563c7a549b7e75571838","tokenurl":"/mcm/api/land?token=24040bd3a004563c7a549b7e75571838","imageurl":"/mcm/images/land/2S/4331_37420fb3dfdd.jpg","landname":"59"},{"id":281475025207356,"level":1,"status":1,"posx":9,"posy":16,"cityid":740,"townid":1589,"tokenid":"3d2c77b224c92497e5ae6fd4fcb44eb3","tokenurl":"/mcm/api/land?token=3d2c77b224c92497e5ae6fd4fcb44eb3","imageurl":"/mcm/images/land/2S/4332_37a49a612867.jpg","landname":"60"},{"id":281475025207357,"level":2,"status":1,"posx":32,"posy":16,"cityid":740,"townid":1589,"tokenid":"cb00c84c56cfba3d37cbd28512a5fb48","tokenurl":"/mcm/api/land?token=cb00c84c56cfba3d37cbd28512a5fb48","imageurl":"/mcm/images/land/2A/6500_166afec970d3.jpg","landname":"61"},{"id":281475025207358,"level":3,"status":0,"posx":33,"posy":16,"cityid":740,"townid":1589,"tokenid":"208d2420eb5cd5f947d8979179a41b69","tokenurl":"/mcm/api/land?token=208d2420eb5cd5f947d8979179a41b69","imageurl":"/mcm/images/land/2B/10833_c44d2b1b843.jpg","landname":"62"},{"id":281475025207359,"level":2,"status":1,"posx":8,"posy":17,"cityid":740,"townid":1589,"tokenid":"ab0b711eb39ed2954cf49f7f4e63e87c","tokenurl":"/mcm/api/land?token=ab0b711eb39ed2954cf49f7f4e63e87c","imageurl":"/mcm/images/land/2A/6501_212822cc30c5.jpg","landname":"63"},{"id":281475025207360,"level":2,"status":0,"posx":9,"posy":17,"cityid":740,"townid":1589,"tokenid":"4259f36868a70f953fff231456721a8b","tokenurl":"/mcm/api/land?token=4259f36868a70f953fff231456721a8b","imageurl":"/mcm/images/land/2A/6502_49008c5ba552.jpg","landname":"64"},{"id":281475025207361,"level":1,"status":0,"posx":8,"posy":18,"cityid":740,"townid":1589,"tokenid":"7f7d088b4613697d5c983705da276565","tokenurl":"/mcm/api/land?token=7f7d088b4613697d5c983705da276565","imageurl":"/mcm/images/land/2S/4333_4b16a94a6f2c.jpg","landname":"65"},{"id":281475025207362,"level":1,"status":0,"posx":9,"posy":18,"cityid":740,"townid":1589,"tokenid":"77ad13b09b23079f1e2cfd967115bb26","tokenurl":"/mcm/api/land?token=77ad13b09b23079f1e2cfd967115bb26","imageurl":"/mcm/images/land/2S/4334_27087b29e9ac.jpg","landname":"66"},{"id":281475025207363,"level":3,"status":1,"posx":20,"posy":18,"cityid":740,"townid":1589,"tokenid":"e226ea9202ec96c6bec76adb4e3979c3","tokenurl":"/mcm/api/land?token=e226ea9202ec96c6bec76adb4e3979c3","imageurl":"/mcm/images/land/2B/10834_4f1ada9522d2.jpg","landname":"67"},{"id":281475025207364,"level":3,"status":1,"posx":21,"posy":18,"cityid":740,"townid":1589,"tokenid":"17a6c344d4af8a0e6e7b600fa153f2be","tokenurl":"/mcm/api/land?token=17a6c344d4af8a0e6e7b600fa153f2be","imageurl":"/mcm/images/land/2B/10835_28734e7da78e.jpg","landname":"68"},{"id":281475025207365,"level":1,"status":0,"posx":25,"posy":18,"cityid":740,"townid":1589,"tokenid":"0f446d46e02c22b2bdfed004d9af7538","tokenurl":"/mcm/api/land?token=0f446d46e02c22b2bdfed004d9af7538","imageurl":"/mcm/images/land/2S/4335_83c6592a54a.jpg","landname":"69"},{"id":281475025207366,"level":3,"status":1,"posx":26,"posy":18,"cityid":740,"townid":1589,"tokenid":"e6a8702b3b4494c61c3d4d014dcc77a0","tokenurl":"/mcm/api/land?token=e6a8702b3b4494c61c3d4d014dcc77a0","imageurl":"/mcm/images/land/2B/10836_1be29d4bbd16.jpg","landname":"70"},{"id":281475025207367,"level":2,"status":1,"posx":8,"posy":19,"cityid":740,"townid":1589,"tokenid":"e999c48031f7c0574d9c9db307b53070","tokenurl":"/mcm/api/land?token=e999c48031f7c0574d9c9db307b53070","imageurl":"/mcm/images/land/2A/6503_100a16aaa73a.jpg","landname":"71"},{"id":281475025207368,"level":3,"status":0,"posx":9,"posy":19,"cityid":740,"townid":1589,"tokenid":"2bada38c3ff2040d916ca205f7252b81","tokenurl":"/mcm/api/land?token=2bada38c3ff2040d916ca205f7252b81","imageurl":"/mcm/images/land/2B/10837_48803c5e63fe.jpg","landname":"72"},{"id":281475025207369,"level":1,"status":1,"posx":20,"posy":19,"cityid":740,"townid":1589,"tokenid":"93c8d14ee30d6bc15f50d67d7bbefc22","tokenurl":"/mcm/api/land?token=93c8d14ee30d6bc15f50d67d7bbefc22","imageurl":"/mcm/images/land/2S/4336_2b0ea5b13a0c.jpg","landname":"73"},{"id":281475025207370,"level":3,"status":1,"posx":21,"posy":19,"cityid":740,"townid":1589,"tokenid":"cbcc31e95d53936e0bdf42febb3dded0","tokenurl":"/mcm/api/land?token=cbcc31e95d53936e0bdf42febb3dded0","imageurl":"/mcm/images/land/2B/10838_1398d6782e39.jpg","landname":"74"},{"id":281475025207371,"level":2,"status":1,"posx":25,"posy":19,"cityid":740,"townid":1589,"tokenid":"40ac56835c6b68e7bd2c725f89e79cea","tokenurl":"/mcm/api/land?token=40ac56835c6b68e7bd2c725f89e79cea","imageurl":"/mcm/images/land/2A/6504_143491d868d9.jpg","landname":"75"},{"id":281475025207372,"level":3,"status":0,"posx":26,"posy":19,"cityid":740,"townid":1589,"tokenid":"d28673dcfd45dd59898af32c71580df9","tokenurl":"/mcm/api/land?token=d28673dcfd45dd59898af32c71580df9","imageurl":"/mcm/images/land/2B/10839_58becc3b3d23.jpg","landname":"76"},{"id":281475025207373,"level":1,"status":0,"posx":8,"posy":20,"cityid":740,"townid":1589,"tokenid":"fb55c68043c84fea70e1c6d185003186","tokenurl":"/mcm/api/land?token=fb55c68043c84fea70e1c6d185003186","imageurl":"/mcm/images/land/2S/4337_267a770c016c.jpg","landname":"77"},{"id":281475025207374,"level":2,"status":0,"posx":9,"posy":20,"cityid":740,"townid":1589,"tokenid":"6bb9dddb7963367a331ab8f92179bb55","tokenurl":"/mcm/api/land?token=6bb9dddb7963367a331ab8f92179bb55","imageurl":"/mcm/images/land/2A/6505_470d52d9b7ac.jpg","landname":"78"},{"id":281475025207375,"level":3,"status":1,"posx":20,"posy":20,"cityid":740,"townid":1589,"tokenid":"8c119acd36c3da70bb11651ba12c3475","tokenurl":"/mcm/api/land?token=8c119acd36c3da70bb11651ba12c3475","imageurl":"/mcm/images/land/2B/10840_33cf902bd6ec.jpg","landname":"79"},{"id":281475025207376,"level":2,"status":1,"posx":21,"posy":20,"cityid":740,"townid":1589,"tokenid":"1e3a6a90bca7122bb39647670b58a15c","tokenurl":"/mcm/api/land?token=1e3a6a90bca7122bb39647670b58a15c","imageurl":"/mcm/images/land/2A/6506_e5ef8a6527a.jpg","landname":"80"},{"id":281475025207377,"level":3,"status":0,"posx":25,"posy":20,"cityid":740,"townid":1589,"tokenid":"427c07e358942d73bdce7550d5722608","tokenurl":"/mcm/api/land?token=427c07e358942d73bdce7550d5722608","imageurl":"/mcm/images/land/2B/10841_4209684d32df.jpg","landname":"81"},{"id":281475025207378,"level":1,"status":0,"posx":26,"posy":20,"cityid":740,"townid":1589,"tokenid":"45824f0b6236c156456b7952c9c71a8e","tokenurl":"/mcm/api/land?token=45824f0b6236c156456b7952c9c71a8e","imageurl":"/mcm/images/land/2S/4338_54146184628b.jpg","landname":"82"},{"id":281475025207379,"level":2,"status":0,"posx":31,"posy":20,"cityid":740,"townid":1589,"tokenid":"7300c7bb22c922a434b31bf5ff5e9d4f","tokenurl":"/mcm/api/land?token=7300c7bb22c922a434b31bf5ff5e9d4f","imageurl":"/mcm/images/land/2A/6507_2d44b6e6ec80.jpg","landname":"83"},{"id":281475025207380,"level":1,"status":1,"posx":32,"posy":20,"cityid":740,"townid":1589,"tokenid":"a39e95967487ee4eaf1b6600e2cbd0a2","tokenurl":"/mcm/api/land?token=a39e95967487ee4eaf1b6600e2cbd0a2","imageurl":"/mcm/images/land/2S/4339_2412fb0d7928.jpg","landname":"84"},{"id":281475025207381,"level":2,"status":1,"posx":20,"posy":21,"cityid":740,"townid":1589,"tokenid":"2351b2c3c3f122e3eab72541e5a8c885","tokenurl":"/mcm/api/land?token=2351b2c3c3f122e3eab72541e5a8c885","imageurl":"/mcm/images/land/2A/6508_59c2f9fd54b6.jpg","landname":"85"},{"id":281475025207382,"level":3,"status":0,"posx":21,"posy":21,"cityid":740,"townid":1589,"tokenid":"8d900912ae2b64cdf52a00b20ab30228","tokenurl":"/mcm/api/land?token=8d900912ae2b64cdf52a00b20ab30228","imageurl":"/mcm/images/land/2B/10842_397d3e19b793.jpg","landname":"86"},{"id":281475025207383,"level":3,"status":0,"posx":25,"posy":21,"cityid":740,"townid":1589,"tokenid":"aeaacfd2114194b974528a0eee49544c","tokenurl":"/mcm/api/land?token=aeaacfd2114194b974528a0eee49544c","imageurl":"/mcm/images/land/2B/10843_3ab38e416e59.jpg","landname":"87"},{"id":281475025207384,"level":2,"status":1,"posx":26,"posy":21,"cityid":740,"townid":1589,"tokenid":"da6d3470645252093079ea8ee097cfb4","tokenurl":"/mcm/api/land?token=da6d3470645252093079ea8ee097cfb4","imageurl":"/mcm/images/land/2A/6509_38466c45eb.jpg","landname":"88"},{"id":281475025207385,"level":1,"status":0,"posx":31,"posy":21,"cityid":740,"townid":1589,"tokenid":"e360db3ea681cc45a63ef77bf8a41631","tokenurl":"/mcm/api/land?token=e360db3ea681cc45a63ef77bf8a41631","imageurl":"/mcm/images/land/2S/4340_53f0c8ba2f30.jpg","landname":"89"},{"id":281475025207386,"level":3,"status":1,"posx":32,"posy":21,"cityid":740,"townid":1589,"tokenid":"4d44c02a7fbd8abae0f7c2e1094e9b7b","tokenurl":"/mcm/api/land?token=4d44c02a7fbd8abae0f7c2e1094e9b7b","imageurl":"/mcm/images/land/2B/10844_55ae078562c6.jpg","landname":"90"},{"id":281475025207387,"level":3,"status":0,"posx":12,"posy":22,"cityid":740,"townid":1589,"tokenid":"56705aa1d5c77cf7c660e9de459b8c2f","tokenurl":"/mcm/api/land?token=56705aa1d5c77cf7c660e9de459b8c2f","imageurl":"/mcm/images/land/2B/10845_90ee1204f27.jpg","landname":"91"},{"id":281475025207388,"level":3,"status":0,"posx":13,"posy":22,"cityid":740,"townid":1589,"tokenid":"2739b940e4d470544f545348a88acdb5","tokenurl":"/mcm/api/land?token=2739b940e4d470544f545348a88acdb5","imageurl":"/mcm/images/land/2B/10846_26eba2b78e3c.jpg","landname":"92"},{"id":281475025207389,"level":3,"status":0,"posx":20,"posy":22,"cityid":740,"townid":1589,"tokenid":"3f297f44eba0ab0682f1356d144b5f77","tokenurl":"/mcm/api/land?token=3f297f44eba0ab0682f1356d144b5f77","imageurl":"/mcm/images/land/2B/10847_4e4de49d291.jpg","landname":"93"},{"id":281475025207390,"level":1,"status":1,"posx":21,"posy":22,"cityid":740,"townid":1589,"tokenid":"14df8dfa4cf1bd93c6ef5865ccee0998","tokenurl":"/mcm/api/land?token=14df8dfa4cf1bd93c6ef5865ccee0998","imageurl":"/mcm/images/land/2S/4341_3ce49ff901a8.jpg","landname":"94"},{"id":281475025207391,"level":3,"status":0,"posx":25,"posy":22,"cityid":740,"townid":1589,"tokenid":"8ef9772277c1c919ec99a34d3452d8a3","tokenurl":"/mcm/api/land?token=8ef9772277c1c919ec99a34d3452d8a3","imageurl":"/mcm/images/land/2B/10848_2725b4a4132c.jpg","landname":"95"},{"id":281475025207392,"level":3,"status":1,"posx":26,"posy":22,"cityid":740,"townid":1589,"tokenid":"4d0a02a37b2af27c7d3c0f68356eda05","tokenurl":"/mcm/api/land?token=4d0a02a37b2af27c7d3c0f68356eda05","imageurl":"/mcm/images/land/2B/10849_23accadf9065.jpg","landname":"96"},{"id":281475025207393,"level":1,"status":1,"posx":31,"posy":22,"cityid":740,"townid":1589,"tokenid":"eb852c53e0aa6e23221ee35131c3e9ce","tokenurl":"/mcm/api/land?token=eb852c53e0aa6e23221ee35131c3e9ce","imageurl":"/mcm/images/land/2S/4342_50ee75b9a0d9.jpg","landname":"97"},{"id":281475025207394,"level":1,"status":1,"posx":32,"posy":22,"cityid":740,"townid":1589,"tokenid":"508f0e1befd457faead114fd5294f2a8","tokenurl":"/mcm/api/land?token=508f0e1befd457faead114fd5294f2a8","imageurl":"/mcm/images/land/2S/4343_1c1eae5e5cc4.jpg","landname":"98"},{"id":281475025207395,"level":2,"status":1,"posx":12,"posy":23,"cityid":740,"townid":1589,"tokenid":"632c5ea4fe1c03bd35a6991671969a82","tokenurl":"/mcm/api/land?token=632c5ea4fe1c03bd35a6991671969a82","imageurl":"/mcm/images/land/2A/6510_42a99f23a084.jpg","landname":"99"},{"id":281475025207396,"level":3,"status":1,"posx":13,"posy":23,"cityid":740,"townid":1589,"tokenid":"3c9dd1ebb87a9b7a24997e95b5db0d1e","tokenurl":"/mcm/api/land?token=3c9dd1ebb87a9b7a24997e95b5db0d1e","imageurl":"/mcm/images/land/2B/10850_539429d7e50c.jpg","landname":"100"},{"id":281475025207397,"level":2,"status":0,"posx":31,"posy":23,"cityid":740,"townid":1589,"tokenid":"065ff5300cd09add5636cbd328e8c6d0","tokenurl":"/mcm/api/land?token=065ff5300cd09add5636cbd328e8c6d0","imageurl":"/mcm/images/land/2A/6511_1b807ed2222d.jpg","landname":"101"},{"id":281475025207398,"level":3,"status":1,"posx":32,"posy":23,"cityid":740,"townid":1589,"tokenid":"ff04d1744e84f5e9f903cdee9c10b9e6","tokenurl":"/mcm/api/land?token=ff04d1744e84f5e9f903cdee9c10b9e6","imageurl":"/mcm/images/land/2B/10851_3a091ebbd5b1.jpg","landname":"102"},{"id":281475025207399,"level":2,"status":0,"posx":12,"posy":24,"cityid":740,"townid":1589,"tokenid":"7401bf00148301d41377abc36b34f3d8","tokenurl":"/mcm/api/land?token=7401bf00148301d41377abc36b34f3d8","imageurl":"/mcm/images/land/2A/6512_569a24fd540b.jpg","landname":"103"},{"id":281475025207400,"level":3,"status":0,"posx":13,"posy":24,"cityid":740,"townid":1589,"tokenid":"bdb586ed9f44c25362b2ad7fa7fbc7f4","tokenurl":"/mcm/api/land?token=bdb586ed9f44c25362b2ad7fa7fbc7f4","imageurl":"/mcm/images/land/2B/10852_57603d636950.jpg","landname":"104"},{"id":281475025207401,"level":3,"status":0,"posx":31,"posy":24,"cityid":740,"townid":1589,"tokenid":"18d52b38616c48734fefbe1ce222774f","tokenurl":"/mcm/api/land?token=18d52b38616c48734fefbe1ce222774f","imageurl":"/mcm/images/land/2B/10853_cf9dcf213a2.jpg","landname":"105"},{"id":281475025207402,"level":1,"status":0,"posx":32,"posy":24,"cityid":740,"townid":1589,"tokenid":"7894df788267b7d9a0ba9fc2d603a938","tokenurl":"/mcm/api/land?token=7894df788267b7d9a0ba9fc2d603a938","imageurl":"/mcm/images/land/2S/4344_24a1e6b63e1c.jpg","landname":"106"},{"id":281475025207403,"level":2,"status":0,"posx":12,"posy":25,"cityid":740,"townid":1589,"tokenid":"8b6ac3ceb14301a3c79f6dd50001e797","tokenurl":"/mcm/api/land?token=8b6ac3ceb14301a3c79f6dd50001e797","imageurl":"/mcm/images/land/2A/6513_4a4084cd19ad.jpg","landname":"107"},{"id":281475025207404,"level":2,"status":1,"posx":13,"posy":25,"cityid":740,"townid":1589,"tokenid":"b997ede1368cfce07764be05023fd610","tokenurl":"/mcm/api/land?token=b997ede1368cfce07764be05023fd610","imageurl":"/mcm/images/land/2A/6514_22ad623e4631.jpg","landname":"108"},{"id":281475025207405,"level":2,"status":1,"posx":6,"posy":26,"cityid":740,"townid":1589,"tokenid":"02926a76e17e8edc2af028880bd0176c","tokenurl":"/mcm/api/land?token=02926a76e17e8edc2af028880bd0176c","imageurl":"/mcm/images/land/2A/6515_3e7170095c3d.jpg","landname":"109"},{"id":281475025207406,"level":2,"status":0,"posx":7,"posy":26,"cityid":740,"townid":1589,"tokenid":"14345c429c86f3d99e918c762a824d92","tokenurl":"/mcm/api/land?token=14345c429c86f3d99e918c762a824d92","imageurl":"/mcm/images/land/2A/6516_16ec4bb13de7.jpg","landname":"110"},{"id":281475025207407,"level":3,"status":0,"posx":9,"posy":26,"cityid":740,"townid":1589,"tokenid":"e2d5bc3c4d92e88a2a9b1fb35bcefcc4","tokenurl":"/mcm/api/land?token=e2d5bc3c4d92e88a2a9b1fb35bcefcc4","imageurl":"/mcm/images/land/2B/10854_3c64d596dc39.jpg","landname":"111"},{"id":281475025207408,"level":3,"status":1,"posx":10,"posy":26,"cityid":740,"townid":1589,"tokenid":"6fd182794f0aa30c8a488d1a74f9da6e","tokenurl":"/mcm/api/land?token=6fd182794f0aa30c8a488d1a74f9da6e","imageurl":"/mcm/images/land/2B/10855_4c1492372bd.jpg","landname":"112"},{"id":281475025207409,"level":3,"status":1,"posx":12,"posy":26,"cityid":740,"townid":1589,"tokenid":"ee4d64762bda7e2d112cb360bad0b92d","tokenurl":"/mcm/api/land?token=ee4d64762bda7e2d112cb360bad0b92d","imageurl":"/mcm/images/land/2B/10856_50cbb5ccbeb6.jpg","landname":"113"},{"id":281475025207410,"level":3,"status":0,"posx":13,"posy":26,"cityid":740,"townid":1589,"tokenid":"1d702a38c37c5125f18973450cf793b3","tokenurl":"/mcm/api/land?token=1d702a38c37c5125f18973450cf793b3","imageurl":"/mcm/images/land/2B/10857_413ad2c96961.jpg","landname":"114"},{"id":281475025207411,"level":3,"status":1,"posx":6,"posy":27,"cityid":740,"townid":1589,"tokenid":"7b666e1c2d2b9c31f5b3fbb21267c24e","tokenurl":"/mcm/api/land?token=7b666e1c2d2b9c31f5b3fbb21267c24e","imageurl":"/mcm/images/land/2B/10858_1e9f9776625a.jpg","landname":"115"},{"id":281475025207412,"level":3,"status":1,"posx":7,"posy":27,"cityid":740,"townid":1589,"tokenid":"a1584be8001c869129a0fa293f1e6e48","tokenurl":"/mcm/api/land?token=a1584be8001c869129a0fa293f1e6e48","imageurl":"/mcm/images/land/2B/10859_212a8cef6166.jpg","landname":"116"},{"id":281475025207413,"level":3,"status":0,"posx":9,"posy":27,"cityid":740,"townid":1589,"tokenid":"a8b67b15dca402ef48ad1899991f554c","tokenurl":"/mcm/api/land?token=a8b67b15dca402ef48ad1899991f554c","imageurl":"/mcm/images/land/2B/10860_1a8d24f8e86c.jpg","landname":"117"},{"id":281475025207414,"level":2,"status":0,"posx":10,"posy":27,"cityid":740,"townid":1589,"tokenid":"e143622433711134df87020b6cc137cd","tokenurl":"/mcm/api/land?token=e143622433711134df87020b6cc137cd","imageurl":"/mcm/images/land/2A/6517_b13ae5153ef.jpg","landname":"118"},{"id":281475025207415,"level":3,"status":1,"posx":23,"posy":27,"cityid":740,"townid":1589,"tokenid":"44873f37f524a0a6419611fd5fc23e7d","tokenurl":"/mcm/api/land?token=44873f37f524a0a6419611fd5fc23e7d","imageurl":"/mcm/images/land/2B/10861_3e41e535e6d3.jpg","landname":"119"},{"id":281475025207416,"level":3,"status":0,"posx":24,"posy":27,"cityid":740,"townid":1589,"tokenid":"064a6e3a509d416f20e681c082a1a9f8","tokenurl":"/mcm/api/land?token=064a6e3a509d416f20e681c082a1a9f8","imageurl":"/mcm/images/land/2B/10862_3687fd15f13e.jpg","landname":"120"},{"id":281475025207417,"level":3,"status":1,"posx":6,"posy":28,"cityid":740,"townid":1589,"tokenid":"9ac7560ffc0b9636db14fcebb3c9f18a","tokenurl":"/mcm/api/land?token=9ac7560ffc0b9636db14fcebb3c9f18a","imageurl":"/mcm/images/land/2B/10863_1b7aa09ddd3e.jpg","landname":"121"},{"id":281475025207418,"level":2,"status":0,"posx":7,"posy":28,"cityid":740,"townid":1589,"tokenid":"dd1e8a10fd1a861cd84e470a09c8e60f","tokenurl":"/mcm/api/land?token=dd1e8a10fd1a861cd84e470a09c8e60f","imageurl":"/mcm/images/land/2A/6518_1fbd552c81ca.jpg","landname":"122"},{"id":281475025207419,"level":3,"status":1,"posx":9,"posy":28,"cityid":740,"townid":1589,"tokenid":"0b37371a3b076b0fd5f08478b0612139","tokenurl":"/mcm/api/land?token=0b37371a3b076b0fd5f08478b0612139","imageurl":"/mcm/images/land/2B/10864_cbce353b9cd.jpg","landname":"123"},{"id":281475025207420,"level":1,"status":1,"posx":10,"posy":28,"cityid":740,"townid":1589,"tokenid":"018c341ebca0ecaa449a324295daf588","tokenurl":"/mcm/api/land?token=018c341ebca0ecaa449a324295daf588","imageurl":"/mcm/images/land/2S/4345_2b4347101386.jpg","landname":"124"},{"id":281475025207421,"level":3,"status":1,"posx":23,"posy":28,"cityid":740,"townid":1589,"tokenid":"937483444333c80c493ec6529170d097","tokenurl":"/mcm/api/land?token=937483444333c80c493ec6529170d097","imageurl":"/mcm/images/land/2B/10865_3408b537a6b2.jpg","landname":"125"},{"id":281475025207422,"level":2,"status":0,"posx":24,"posy":28,"cityid":740,"townid":1589,"tokenid":"83effc4ad03fa4c6c4a50c41f4201c70","tokenurl":"/mcm/api/land?token=83effc4ad03fa4c6c4a50c41f4201c70","imageurl":"/mcm/images/land/2A/6519_e4baff86b20.jpg","landname":"126"},{"id":281475025207423,"level":3,"status":0,"posx":32,"posy":28,"cityid":740,"townid":1589,"tokenid":"ce60c43e5a0bf8c14706b48000416bb9","tokenurl":"/mcm/api/land?token=ce60c43e5a0bf8c14706b48000416bb9","imageurl":"/mcm/images/land/2B/10866_3e8c079201a8.jpg","landname":"127"},{"id":281475025207424,"level":3,"status":0,"posx":33,"posy":28,"cityid":740,"townid":1589,"tokenid":"30e5ad6c24de7075ffaebef2a250dd5e","tokenurl":"/mcm/api/land?token=30e5ad6c24de7075ffaebef2a250dd5e","imageurl":"/mcm/images/land/2B/10867_30719279ea34.jpg","landname":"128"},{"id":281475025207425,"level":2,"status":0,"posx":6,"posy":29,"cityid":740,"townid":1589,"tokenid":"aa2179f5a1c70e294b4ddbde16f6697b","tokenurl":"/mcm/api/land?token=aa2179f5a1c70e294b4ddbde16f6697b","imageurl":"/mcm/images/land/2A/6520_383bc173e5aa.jpg","landname":"129"},{"id":281475025207426,"level":3,"status":0,"posx":7,"posy":29,"cityid":740,"townid":1589,"tokenid":"d517e827ce7d22cd0967145dfa6f9811","tokenurl":"/mcm/api/land?token=d517e827ce7d22cd0967145dfa6f9811","imageurl":"/mcm/images/land/2B/10868_3df089b27716.jpg","landname":"130"},{"id":281475025207427,"level":1,"status":1,"posx":9,"posy":29,"cityid":740,"townid":1589,"tokenid":"9d155c34014ac03ce2e915610ff54b1d","tokenurl":"/mcm/api/land?token=9d155c34014ac03ce2e915610ff54b1d","imageurl":"/mcm/images/land/2S/4346_2c9099d4ab45.jpg","landname":"131"},{"id":281475025207428,"level":3,"status":0,"posx":10,"posy":29,"cityid":740,"townid":1589,"tokenid":"9b8e47df7c1f19b04eb0108eade99aca","tokenurl":"/mcm/api/land?token=9b8e47df7c1f19b04eb0108eade99aca","imageurl":"/mcm/images/land/2B/10869_2fd2d4271a4b.jpg","landname":"132"},{"id":281475025207429,"level":2,"status":0,"posx":23,"posy":29,"cityid":740,"townid":1589,"tokenid":"257beb3c3d68cc78c7fe11044f5b457b","tokenurl":"/mcm/api/land?token=257beb3c3d68cc78c7fe11044f5b457b","imageurl":"/mcm/images/land/2A/6521_d70be10401.jpg","landname":"133"},{"id":281475025207430,"level":3,"status":0,"posx":24,"posy":29,"cityid":740,"townid":1589,"tokenid":"d4ef558514259cc6ccddf7fd60abd843","tokenurl":"/mcm/api/land?token=d4ef558514259cc6ccddf7fd60abd843","imageurl":"/mcm/images/land/2B/10870_24da3b4cb93d.jpg","landname":"134"},{"id":281475025207431,"level":1,"status":1,"posx":32,"posy":29,"cityid":740,"townid":1589,"tokenid":"f436e10c6e6250d617bd7842c5956c42","tokenurl":"/mcm/api/land?token=f436e10c6e6250d617bd7842c5956c42","imageurl":"/mcm/images/land/2S/4347_35586954af56.jpg","landname":"135"},{"id":281475025207432,"level":1,"status":0,"posx":33,"posy":29,"cityid":740,"townid":1589,"tokenid":"2dae2d53a558cc69dc3d21ae2ed3ae66","tokenurl":"/mcm/api/land?token=2dae2d53a558cc69dc3d21ae2ed3ae66","imageurl":"/mcm/images/land/2S/4348_46e6f0083f40.jpg","landname":"136"},{"id":281475025207433,"level":3,"status":1,"posx":6,"posy":30,"cityid":740,"townid":1589,"tokenid":"dbe5f2e1d771a0b3f1f002268df08582","tokenurl":"/mcm/api/land?token=dbe5f2e1d771a0b3f1f002268df08582","imageurl":"/mcm/images/land/2B/10871_32f5377c26e6.jpg","landname":"137"},{"id":281475025207434,"level":3,"status":1,"posx":7,"posy":30,"cityid":740,"townid":1589,"tokenid":"84c477ccd9ba76b1407a5195fdc921a3","tokenurl":"/mcm/api/land?token=84c477ccd9ba76b1407a5195fdc921a3","imageurl":"/mcm/images/land/2B/10872_52cb0bd53173.jpg","landname":"138"},{"id":281475025207435,"level":3,"status":0,"posx":9,"posy":30,"cityid":740,"townid":1589,"tokenid":"7abbcf3a3a0c31945f5832ce599dafc1","tokenurl":"/mcm/api/land?token=7abbcf3a3a0c31945f5832ce599dafc1","imageurl":"/mcm/images/land/2B/10873_28be380530e9.jpg","landname":"139"},{"id":281475025207436,"level":2,"status":0,"posx":10,"posy":30,"cityid":740,"townid":1589,"tokenid":"193fd08b97c3dadbfddec139a4f63e81","tokenurl":"/mcm/api/land?token=193fd08b97c3dadbfddec139a4f63e81","imageurl":"/mcm/images/land/2A/6522_4371f8a362c2.jpg","landname":"140"},{"id":281475025207437,"level":3,"status":1,"posx":23,"posy":30,"cityid":740,"townid":1589,"tokenid":"a313187181ff1f4f89cf8e53a07894cf","tokenurl":"/mcm/api/land?token=a313187181ff1f4f89cf8e53a07894cf","imageurl":"/mcm/images/land/2B/10874_25b7878ea1bd.jpg","landname":"141"},{"id":281475025207438,"level":3,"status":1,"posx":24,"posy":30,"cityid":740,"townid":1589,"tokenid":"b795aafa855af77cb78cf3589d032969","tokenurl":"/mcm/api/land?token=b795aafa855af77cb78cf3589d032969","imageurl":"/mcm/images/land/2B/10875_13732e0bed4c.jpg","landname":"142"},{"id":281475025207439,"level":1,"status":1,"posx":32,"posy":30,"cityid":740,"townid":1589,"tokenid":"2969f8b8ad96d8202e045c7c43ad2195","tokenurl":"/mcm/api/land?token=2969f8b8ad96d8202e045c7c43ad2195","imageurl":"/mcm/images/land/2S/4349_5ac68c78c10d.jpg","landname":"143"},{"id":281475025207440,"level":1,"status":1,"posx":33,"posy":30,"cityid":740,"townid":1589,"tokenid":"2c2cc414b1eb646013d5cd5f8387e2f0","tokenurl":"/mcm/api/land?token=2c2cc414b1eb646013d5cd5f8387e2f0","imageurl":"/mcm/images/land/2S/4350_25438b52fa6b.jpg","landname":"144"},{"id":281475025207441,"level":2,"status":1,"posx":23,"posy":31,"cityid":740,"townid":1589,"tokenid":"45eca1a6be3d7e6ea0669e556ed6eb48","tokenurl":"/mcm/api/land?token=45eca1a6be3d7e6ea0669e556ed6eb48","imageurl":"/mcm/images/land/2A/6523_466a28be8f4d.jpg","landname":"145"},{"id":281475025207442,"level":2,"status":1,"posx":24,"posy":31,"cityid":740,"townid":1589,"tokenid":"8010409f43667009d6e197e2adf4cfa5","tokenurl":"/mcm/api/land?token=8010409f43667009d6e197e2adf4cfa5","imageurl":"/mcm/images/land/2A/6524_13e65f6060ec.jpg","landname":"146"},{"id":281475025207443,"level":2,"status":1,"posx":32,"posy":31,"cityid":740,"townid":1589,"tokenid":"48697e2ddbc885a870877b48e9bc81c4","tokenurl":"/mcm/api/land?token=48697e2ddbc885a870877b48e9bc81c4","imageurl":"/mcm/images/land/2A/6525_6093183f5c1.jpg","landname":"147"},{"id":281475025207444,"level":2,"status":0,"posx":33,"posy":31,"cityid":740,"townid":1589,"tokenid":"18cbea866d1c9293910117bfa2c12155","tokenurl":"/mcm/api/land?token=18cbea866d1c9293910117bfa2c12155","imageurl":"/mcm/images/land/2A/6526_1626b8f1f2bf.jpg","landname":"148"},{"id":281475025207445,"level":1,"status":1,"posx":32,"posy":32,"cityid":740,"townid":1589,"tokenid":"cc43cb408cb02fe87f669f6fdd5fb5f9","tokenurl":"/mcm/api/land?token=cc43cb408cb02fe87f669f6fdd5fb5f9","imageurl":"/mcm/images/land/2S/4351_25a7327c6144.jpg","landname":"149"},{"id":281475025207446,"level":3,"status":1,"posx":33,"posy":32,"cityid":740,"townid":1589,"tokenid":"3a6a6b2abf80610d21b7e8c9765fb179","tokenurl":"/mcm/api/land?token=3a6a6b2abf80610d21b7e8c9765fb179","imageurl":"/mcm/images/land/2B/10876_3d497f48a015.jpg","landname":"150"}]]],0,0,[],[],[]]
