[1,0,0,[["cc.JsonAsset",["_name","json"],1]],[[0,0,1,3]],[[0,"1509",[{"id":281475022585857,"level":3,"status":1,"posx":15,"posy":5,"cityid":700,"townid":1509,"tokenid":"273869c8b641435cd03ca49bc00030e2","tokenurl":"/mcm/api/land?token=273869c8b641435cd03ca49bc00030e2","imageurl":"/mcm/images/land/2B/4802_461d53e98fbe.jpg","landname":"1"},{"id":281475022585858,"level":3,"status":1,"posx":16,"posy":5,"cityid":700,"townid":1509,"tokenid":"52629f9028ece60c66e7a171bf7ff633","tokenurl":"/mcm/api/land?token=52629f9028ece60c66e7a171bf7ff633","imageurl":"/mcm/images/land/2B/4803_5abd60c93183.jpg","landname":"2"},{"id":281475022585859,"level":2,"status":1,"posx":25,"posy":5,"cityid":700,"townid":1509,"tokenid":"6fa9b6e1ee227bc2617cd97e2babfc68","tokenurl":"/mcm/api/land?token=6fa9b6e1ee227bc2617cd97e2babfc68","imageurl":"/mcm/images/land/2A/2882_570d4a4ea4ed.jpg","landname":"3"},{"id":281475022585860,"level":1,"status":1,"posx":26,"posy":5,"cityid":700,"townid":1509,"tokenid":"26a41b811622c6ec5e928baac32fac65","tokenurl":"/mcm/api/land?token=26a41b811622c6ec5e928baac32fac65","imageurl":"/mcm/images/land/2S/1922_2a04a0c9cc85.jpg","landname":"4"},{"id":281475022585861,"level":3,"status":0,"posx":6,"posy":6,"cityid":700,"townid":1509,"tokenid":"ed8d4d8840c617f689596f5b26f52a73","tokenurl":"/mcm/api/land?token=ed8d4d8840c617f689596f5b26f52a73","imageurl":"/mcm/images/land/2B/4804_2ca25e525aa6.jpg","landname":"5"},{"id":281475022585862,"level":3,"status":1,"posx":7,"posy":6,"cityid":700,"townid":1509,"tokenid":"f1455009bd037ea594195ae2975b11fa","tokenurl":"/mcm/api/land?token=f1455009bd037ea594195ae2975b11fa","imageurl":"/mcm/images/land/2B/4805_17173f7fa410.jpg","landname":"6"},{"id":281475022585863,"level":3,"status":0,"posx":15,"posy":6,"cityid":700,"townid":1509,"tokenid":"7becf3416effa354ec1ea732c7b98809","tokenurl":"/mcm/api/land?token=7becf3416effa354ec1ea732c7b98809","imageurl":"/mcm/images/land/2B/4806_4bf521004e13.jpg","landname":"7"},{"id":281475022585864,"level":1,"status":0,"posx":16,"posy":6,"cityid":700,"townid":1509,"tokenid":"cf1c17bd34f0771296d334c79ccee47a","tokenurl":"/mcm/api/land?token=cf1c17bd34f0771296d334c79ccee47a","imageurl":"/mcm/images/land/2S/1923_4369dd23d4ee.jpg","landname":"8"},{"id":281475022585865,"level":3,"status":1,"posx":25,"posy":6,"cityid":700,"townid":1509,"tokenid":"ec5c85750a68bbc66cdba109bf4167f2","tokenurl":"/mcm/api/land?token=ec5c85750a68bbc66cdba109bf4167f2","imageurl":"/mcm/images/land/2B/4807_ac372cca6b8.jpg","landname":"9"},{"id":281475022585866,"level":2,"status":0,"posx":26,"posy":6,"cityid":700,"townid":1509,"tokenid":"432d465cd8a82b3fe362bdb706d18669","tokenurl":"/mcm/api/land?token=432d465cd8a82b3fe362bdb706d18669","imageurl":"/mcm/images/land/2A/2883_4f402d429697.jpg","landname":"10"},{"id":281475022585867,"level":2,"status":0,"posx":30,"posy":6,"cityid":700,"townid":1509,"tokenid":"b43e73459fb26747faa2dbaa542c231b","tokenurl":"/mcm/api/land?token=b43e73459fb26747faa2dbaa542c231b","imageurl":"/mcm/images/land/2A/2884_472edf4990e5.jpg","landname":"11"},{"id":281475022585868,"level":1,"status":1,"posx":31,"posy":6,"cityid":700,"townid":1509,"tokenid":"eef79e1e79415cc0c77aac18790fcb83","tokenurl":"/mcm/api/land?token=eef79e1e79415cc0c77aac18790fcb83","imageurl":"/mcm/images/land/2S/1924_4a73c2d0ecd1.jpg","landname":"12"},{"id":281475022585869,"level":2,"status":0,"posx":33,"posy":6,"cityid":700,"townid":1509,"tokenid":"888084a5472e8b033ce312d07938a958","tokenurl":"/mcm/api/land?token=888084a5472e8b033ce312d07938a958","imageurl":"/mcm/images/land/2A/2885_1468c526ce4d.jpg","landname":"13"},{"id":281475022585870,"level":2,"status":1,"posx":34,"posy":6,"cityid":700,"townid":1509,"tokenid":"d1997b7787c54886ce41083323f7abe9","tokenurl":"/mcm/api/land?token=d1997b7787c54886ce41083323f7abe9","imageurl":"/mcm/images/land/2A/2886_13a76fe269d8.jpg","landname":"14"},{"id":281475022585871,"level":2,"status":1,"posx":6,"posy":7,"cityid":700,"townid":1509,"tokenid":"3ffde9d8702f97d688e5e73b74424670","tokenurl":"/mcm/api/land?token=3ffde9d8702f97d688e5e73b74424670","imageurl":"/mcm/images/land/2A/2887_163a179a39da.jpg","landname":"15"},{"id":281475022585872,"level":3,"status":1,"posx":7,"posy":7,"cityid":700,"townid":1509,"tokenid":"2927351375e2510d1993757560d08b4d","tokenurl":"/mcm/api/land?token=2927351375e2510d1993757560d08b4d","imageurl":"/mcm/images/land/2B/4808_57171b775361.jpg","landname":"16"},{"id":281475022585873,"level":2,"status":1,"posx":15,"posy":7,"cityid":700,"townid":1509,"tokenid":"a698f50c27c6442d771362794ee9e5a9","tokenurl":"/mcm/api/land?token=a698f50c27c6442d771362794ee9e5a9","imageurl":"/mcm/images/land/2A/2888_9525db21f0d.jpg","landname":"17"},{"id":281475022585874,"level":2,"status":1,"posx":16,"posy":7,"cityid":700,"townid":1509,"tokenid":"332f0c09232441c28d634c390d9e0c5b","tokenurl":"/mcm/api/land?token=332f0c09232441c28d634c390d9e0c5b","imageurl":"/mcm/images/land/2A/2889_103d77a144ad.jpg","landname":"18"},{"id":281475022585875,"level":2,"status":1,"posx":21,"posy":7,"cityid":700,"townid":1509,"tokenid":"7613df4b770a71e5c71b77e7ff55941b","tokenurl":"/mcm/api/land?token=7613df4b770a71e5c71b77e7ff55941b","imageurl":"/mcm/images/land/2A/2890_36335981154.jpg","landname":"19"},{"id":281475022585876,"level":3,"status":0,"posx":22,"posy":7,"cityid":700,"townid":1509,"tokenid":"6b59dd2e43cc63faac67a3b86ff8990e","tokenurl":"/mcm/api/land?token=6b59dd2e43cc63faac67a3b86ff8990e","imageurl":"/mcm/images/land/2B/4809_1c2d08eec96e.jpg","landname":"20"},{"id":281475022585877,"level":1,"status":0,"posx":25,"posy":7,"cityid":700,"townid":1509,"tokenid":"86fbfed213d135a116fdaab7300b749a","tokenurl":"/mcm/api/land?token=86fbfed213d135a116fdaab7300b749a","imageurl":"/mcm/images/land/2S/1925_19f08074d08b.jpg","landname":"21"},{"id":281475022585878,"level":3,"status":0,"posx":26,"posy":7,"cityid":700,"townid":1509,"tokenid":"88812454dfa473e851fc8fc68d55c629","tokenurl":"/mcm/api/land?token=88812454dfa473e851fc8fc68d55c629","imageurl":"/mcm/images/land/2B/4810_79c37c3e69b.jpg","landname":"22"},{"id":281475022585879,"level":2,"status":0,"posx":30,"posy":7,"cityid":700,"townid":1509,"tokenid":"387f1702d07edaa5772b4fe523a80f72","tokenurl":"/mcm/api/land?token=387f1702d07edaa5772b4fe523a80f72","imageurl":"/mcm/images/land/2A/2891_27eb6c5bd812.jpg","landname":"23"},{"id":281475022585880,"level":2,"status":0,"posx":31,"posy":7,"cityid":700,"townid":1509,"tokenid":"dfb36a2ec4611b37a2993e833264f283","tokenurl":"/mcm/api/land?token=dfb36a2ec4611b37a2993e833264f283","imageurl":"/mcm/images/land/2A/2892_11b58058d2f6.jpg","landname":"24"},{"id":281475022585881,"level":3,"status":0,"posx":33,"posy":7,"cityid":700,"townid":1509,"tokenid":"15522a820e0dad62fe40343da476ac13","tokenurl":"/mcm/api/land?token=15522a820e0dad62fe40343da476ac13","imageurl":"/mcm/images/land/2B/4811_50e69d927d7b.jpg","landname":"25"},{"id":281475022585882,"level":1,"status":1,"posx":34,"posy":7,"cityid":700,"townid":1509,"tokenid":"cc439efb6482c21076f9cf61aa733962","tokenurl":"/mcm/api/land?token=cc439efb6482c21076f9cf61aa733962","imageurl":"/mcm/images/land/2S/1926_40e5d30b8e66.jpg","landname":"26"},{"id":281475022585883,"level":2,"status":1,"posx":6,"posy":8,"cityid":700,"townid":1509,"tokenid":"f7113630a7d188dfbd9c3b1b45846b5e","tokenurl":"/mcm/api/land?token=f7113630a7d188dfbd9c3b1b45846b5e","imageurl":"/mcm/images/land/2A/2893_40e7e88acfbd.jpg","landname":"27"},{"id":281475022585884,"level":3,"status":0,"posx":7,"posy":8,"cityid":700,"townid":1509,"tokenid":"7e24001636ebdf97ae47cd72be87061a","tokenurl":"/mcm/api/land?token=7e24001636ebdf97ae47cd72be87061a","imageurl":"/mcm/images/land/2B/4812_ca1d41cc096.jpg","landname":"28"},{"id":281475022585885,"level":3,"status":0,"posx":15,"posy":8,"cityid":700,"townid":1509,"tokenid":"ef60d8bfc658d050fc8d71f0f067352b","tokenurl":"/mcm/api/land?token=ef60d8bfc658d050fc8d71f0f067352b","imageurl":"/mcm/images/land/2B/4813_60b6c974434.jpg","landname":"29"},{"id":281475022585886,"level":3,"status":1,"posx":16,"posy":8,"cityid":700,"townid":1509,"tokenid":"cbb2032d35c2416c8af2df73df75cd5a","tokenurl":"/mcm/api/land?token=cbb2032d35c2416c8af2df73df75cd5a","imageurl":"/mcm/images/land/2B/4814_1edb901578d6.jpg","landname":"30"},{"id":281475022585887,"level":3,"status":1,"posx":21,"posy":8,"cityid":700,"townid":1509,"tokenid":"e3573fbc8b9b9cccd1155de5b2410a38","tokenurl":"/mcm/api/land?token=e3573fbc8b9b9cccd1155de5b2410a38","imageurl":"/mcm/images/land/2B/4815_29d75ddeaac3.jpg","landname":"31"},{"id":281475022585888,"level":1,"status":0,"posx":22,"posy":8,"cityid":700,"townid":1509,"tokenid":"83f3fff1bb9e0b4a1c11fdc52b05ac4b","tokenurl":"/mcm/api/land?token=83f3fff1bb9e0b4a1c11fdc52b05ac4b","imageurl":"/mcm/images/land/2S/1927_3aab2e0ec155.jpg","landname":"32"},{"id":281475022585889,"level":2,"status":1,"posx":25,"posy":8,"cityid":700,"townid":1509,"tokenid":"40251150ac262314f295fcfdd2a7b172","tokenurl":"/mcm/api/land?token=40251150ac262314f295fcfdd2a7b172","imageurl":"/mcm/images/land/2A/2894_afd5e6b6ff9.jpg","landname":"33"},{"id":281475022585890,"level":3,"status":0,"posx":26,"posy":8,"cityid":700,"townid":1509,"tokenid":"ad756420933995e6ea90fa972ff49492","tokenurl":"/mcm/api/land?token=ad756420933995e6ea90fa972ff49492","imageurl":"/mcm/images/land/2B/4816_474626c3dfbc.jpg","landname":"34"},{"id":281475022585891,"level":3,"status":1,"posx":30,"posy":8,"cityid":700,"townid":1509,"tokenid":"79870e49a7b51b0ee98a064b9971f985","tokenurl":"/mcm/api/land?token=79870e49a7b51b0ee98a064b9971f985","imageurl":"/mcm/images/land/2B/4817_512d58362b37.jpg","landname":"35"},{"id":281475022585892,"level":2,"status":1,"posx":31,"posy":8,"cityid":700,"townid":1509,"tokenid":"a5edcb27e6006bd0adad2f13acd5a653","tokenurl":"/mcm/api/land?token=a5edcb27e6006bd0adad2f13acd5a653","imageurl":"/mcm/images/land/2A/2895_d50bf196351.jpg","landname":"36"},{"id":281475022585893,"level":3,"status":0,"posx":33,"posy":8,"cityid":700,"townid":1509,"tokenid":"429acc9d4d114ed003f462fcbdb3fb71","tokenurl":"/mcm/api/land?token=429acc9d4d114ed003f462fcbdb3fb71","imageurl":"/mcm/images/land/2B/4818_5474d6dd3867.jpg","landname":"37"},{"id":281475022585894,"level":3,"status":0,"posx":34,"posy":8,"cityid":700,"townid":1509,"tokenid":"a2418a8292c05f9755c9369caf4690b6","tokenurl":"/mcm/api/land?token=a2418a8292c05f9755c9369caf4690b6","imageurl":"/mcm/images/land/2B/4819_279fd565a92c.jpg","landname":"38"},{"id":281475022585895,"level":1,"status":0,"posx":6,"posy":9,"cityid":700,"townid":1509,"tokenid":"37e56686df53a22ce49e3129dbb40340","tokenurl":"/mcm/api/land?token=37e56686df53a22ce49e3129dbb40340","imageurl":"/mcm/images/land/2S/1928_46e494f29b51.jpg","landname":"39"},{"id":281475022585896,"level":3,"status":0,"posx":7,"posy":9,"cityid":700,"townid":1509,"tokenid":"99aa96e7e83ae6a1cb560578483eae2e","tokenurl":"/mcm/api/land?token=99aa96e7e83ae6a1cb560578483eae2e","imageurl":"/mcm/images/land/2B/4820_3bfc53125d26.jpg","landname":"40"},{"id":281475022585897,"level":3,"status":0,"posx":15,"posy":9,"cityid":700,"townid":1509,"tokenid":"e77beafd0f9a91b07b81fbed9fb341ee","tokenurl":"/mcm/api/land?token=e77beafd0f9a91b07b81fbed9fb341ee","imageurl":"/mcm/images/land/2B/4821_11e44be16f06.jpg","landname":"41"},{"id":281475022585898,"level":3,"status":0,"posx":16,"posy":9,"cityid":700,"townid":1509,"tokenid":"815e58d723630960a8a7e4172b7b5aa0","tokenurl":"/mcm/api/land?token=815e58d723630960a8a7e4172b7b5aa0","imageurl":"/mcm/images/land/2B/4822_21ba5976a10d.jpg","landname":"42"},{"id":281475022585899,"level":1,"status":0,"posx":21,"posy":9,"cityid":700,"townid":1509,"tokenid":"4dff235ddf3488797b39877fc3f3c46a","tokenurl":"/mcm/api/land?token=4dff235ddf3488797b39877fc3f3c46a","imageurl":"/mcm/images/land/2S/1929_38bd7fa9e1f.jpg","landname":"43"},{"id":281475022585900,"level":2,"status":1,"posx":22,"posy":9,"cityid":700,"townid":1509,"tokenid":"7a698da86eb7a39ceab7580c8ba6d882","tokenurl":"/mcm/api/land?token=7a698da86eb7a39ceab7580c8ba6d882","imageurl":"/mcm/images/land/2A/2896_3b70d7e50ae7.jpg","landname":"44"},{"id":281475022585901,"level":3,"status":0,"posx":25,"posy":9,"cityid":700,"townid":1509,"tokenid":"3ecb22676960a532b0a3289bd5d26367","tokenurl":"/mcm/api/land?token=3ecb22676960a532b0a3289bd5d26367","imageurl":"/mcm/images/land/2B/4823_161dd43d99c8.jpg","landname":"45"},{"id":281475022585902,"level":3,"status":1,"posx":26,"posy":9,"cityid":700,"townid":1509,"tokenid":"2457c7cab567e991822cab8f981aaf10","tokenurl":"/mcm/api/land?token=2457c7cab567e991822cab8f981aaf10","imageurl":"/mcm/images/land/2B/4824_43511ccbe8e5.jpg","landname":"46"},{"id":281475022585903,"level":3,"status":1,"posx":30,"posy":9,"cityid":700,"townid":1509,"tokenid":"e083fc9c86eedf8c19e3849a0fcdcfa5","tokenurl":"/mcm/api/land?token=e083fc9c86eedf8c19e3849a0fcdcfa5","imageurl":"/mcm/images/land/2B/4825_4bd76b6a48eb.jpg","landname":"47"},{"id":281475022585904,"level":3,"status":0,"posx":31,"posy":9,"cityid":700,"townid":1509,"tokenid":"7214beadab97b700a29871f5eff811ce","tokenurl":"/mcm/api/land?token=7214beadab97b700a29871f5eff811ce","imageurl":"/mcm/images/land/2B/4826_27fc3cd3c268.jpg","landname":"48"},{"id":281475022585905,"level":3,"status":0,"posx":33,"posy":9,"cityid":700,"townid":1509,"tokenid":"1e81c64e51f703d88c70220bd302d1f1","tokenurl":"/mcm/api/land?token=1e81c64e51f703d88c70220bd302d1f1","imageurl":"/mcm/images/land/2B/4827_6da6cebf4a.jpg","landname":"49"},{"id":281475022585906,"level":3,"status":1,"posx":34,"posy":9,"cityid":700,"townid":1509,"tokenid":"f2da0e6cac68b3be348fe81a1d04cff4","tokenurl":"/mcm/api/land?token=f2da0e6cac68b3be348fe81a1d04cff4","imageurl":"/mcm/images/land/2B/4828_1110b3070934.jpg","landname":"50"},{"id":281475022585907,"level":1,"status":0,"posx":6,"posy":10,"cityid":700,"townid":1509,"tokenid":"eebd8c4ec0a24ad32830e6791510412b","tokenurl":"/mcm/api/land?token=eebd8c4ec0a24ad32830e6791510412b","imageurl":"/mcm/images/land/2S/1930_1b8d35730eda.jpg","landname":"51"},{"id":281475022585908,"level":3,"status":0,"posx":7,"posy":10,"cityid":700,"townid":1509,"tokenid":"73db9f62bc4e15e587db162fd9365eab","tokenurl":"/mcm/api/land?token=73db9f62bc4e15e587db162fd9365eab","imageurl":"/mcm/images/land/2B/4829_1e7452786389.jpg","landname":"52"},{"id":281475022585909,"level":2,"status":0,"posx":11,"posy":10,"cityid":700,"townid":1509,"tokenid":"8f5f3d09e08e9201de63310384bb7899","tokenurl":"/mcm/api/land?token=8f5f3d09e08e9201de63310384bb7899","imageurl":"/mcm/images/land/2A/2897_4d18ea07a9eb.jpg","landname":"53"},{"id":281475022585910,"level":1,"status":1,"posx":12,"posy":10,"cityid":700,"townid":1509,"tokenid":"7e0767c5cd40546ca235cb06e559701c","tokenurl":"/mcm/api/land?token=7e0767c5cd40546ca235cb06e559701c","imageurl":"/mcm/images/land/2S/1931_57dc15c85c9a.jpg","landname":"54"},{"id":281475022585911,"level":3,"status":0,"posx":21,"posy":10,"cityid":700,"townid":1509,"tokenid":"a19e06393e618dbea886130ca0cfa872","tokenurl":"/mcm/api/land?token=a19e06393e618dbea886130ca0cfa872","imageurl":"/mcm/images/land/2B/4830_341c06bfb6b3.jpg","landname":"55"},{"id":281475022585912,"level":2,"status":1,"posx":22,"posy":10,"cityid":700,"townid":1509,"tokenid":"c5fdc35acef1006dd4a2458b7cf779ec","tokenurl":"/mcm/api/land?token=c5fdc35acef1006dd4a2458b7cf779ec","imageurl":"/mcm/images/land/2A/2898_512d73853574.jpg","landname":"56"},{"id":281475022585913,"level":3,"status":1,"posx":30,"posy":10,"cityid":700,"townid":1509,"tokenid":"d840bb5c4e8441bda26e3223b7c35c41","tokenurl":"/mcm/api/land?token=d840bb5c4e8441bda26e3223b7c35c41","imageurl":"/mcm/images/land/2B/4831_3c9c7be91665.jpg","landname":"57"},{"id":281475022585914,"level":3,"status":0,"posx":31,"posy":10,"cityid":700,"townid":1509,"tokenid":"2fb903c02219074d5e56414de5b91573","tokenurl":"/mcm/api/land?token=2fb903c02219074d5e56414de5b91573","imageurl":"/mcm/images/land/2B/4832_42797145018c.jpg","landname":"58"},{"id":281475022585915,"level":3,"status":1,"posx":33,"posy":10,"cityid":700,"townid":1509,"tokenid":"aaa489e120dfbda9b896cffa2ba94dec","tokenurl":"/mcm/api/land?token=aaa489e120dfbda9b896cffa2ba94dec","imageurl":"/mcm/images/land/2B/4833_2a30ef8174c7.jpg","landname":"59"},{"id":281475022585916,"level":3,"status":0,"posx":34,"posy":10,"cityid":700,"townid":1509,"tokenid":"ea1b06153998ec5b5ce0c27c6dd96067","tokenurl":"/mcm/api/land?token=ea1b06153998ec5b5ce0c27c6dd96067","imageurl":"/mcm/images/land/2B/4834_1619815298c0.jpg","landname":"60"},{"id":281475022585917,"level":2,"status":1,"posx":11,"posy":11,"cityid":700,"townid":1509,"tokenid":"ad50e6a11db427abc4bc8c4e190d4553","tokenurl":"/mcm/api/land?token=ad50e6a11db427abc4bc8c4e190d4553","imageurl":"/mcm/images/land/2A/2899_16ec532186a1.jpg","landname":"61"},{"id":281475022585918,"level":3,"status":0,"posx":12,"posy":11,"cityid":700,"townid":1509,"tokenid":"308c166d85c38761af7b188276d829f9","tokenurl":"/mcm/api/land?token=308c166d85c38761af7b188276d829f9","imageurl":"/mcm/images/land/2B/4835_2f2d5111097e.jpg","landname":"62"},{"id":281475022585919,"level":2,"status":1,"posx":21,"posy":11,"cityid":700,"townid":1509,"tokenid":"525645ee14bf7b7253525214313af85c","tokenurl":"/mcm/api/land?token=525645ee14bf7b7253525214313af85c","imageurl":"/mcm/images/land/2A/2900_3352640e3f3f.jpg","landname":"63"},{"id":281475022585920,"level":1,"status":1,"posx":22,"posy":11,"cityid":700,"townid":1509,"tokenid":"8256984355780eb587d2531f348843a3","tokenurl":"/mcm/api/land?token=8256984355780eb587d2531f348843a3","imageurl":"/mcm/images/land/2S/1932_436956aca1ca.jpg","landname":"64"},{"id":281475022585921,"level":2,"status":1,"posx":11,"posy":12,"cityid":700,"townid":1509,"tokenid":"cca5fa2875245b486e6c9ff968d23fbd","tokenurl":"/mcm/api/land?token=cca5fa2875245b486e6c9ff968d23fbd","imageurl":"/mcm/images/land/2A/2901_1a48cf09e4b9.jpg","landname":"65"},{"id":281475022585922,"level":2,"status":0,"posx":12,"posy":12,"cityid":700,"townid":1509,"tokenid":"116ce838230ed30813ab6e628bd7800c","tokenurl":"/mcm/api/land?token=116ce838230ed30813ab6e628bd7800c","imageurl":"/mcm/images/land/2A/2902_43bcd6c74009.jpg","landname":"66"},{"id":281475022585923,"level":2,"status":1,"posx":11,"posy":13,"cityid":700,"townid":1509,"tokenid":"28cdba9c95e974224e11706c08c309e2","tokenurl":"/mcm/api/land?token=28cdba9c95e974224e11706c08c309e2","imageurl":"/mcm/images/land/2A/2903_4898238a4cfc.jpg","landname":"67"},{"id":281475022585924,"level":3,"status":0,"posx":12,"posy":13,"cityid":700,"townid":1509,"tokenid":"c03d0d749dea2b8475b03b04868d300f","tokenurl":"/mcm/api/land?token=c03d0d749dea2b8475b03b04868d300f","imageurl":"/mcm/images/land/2B/4836_41cf812264aa.jpg","landname":"68"},{"id":281475022585925,"level":1,"status":1,"posx":11,"posy":14,"cityid":700,"townid":1509,"tokenid":"9a18817abde09ed6030ff0bfb1265ce2","tokenurl":"/mcm/api/land?token=9a18817abde09ed6030ff0bfb1265ce2","imageurl":"/mcm/images/land/2S/1933_3ffc8a0741c2.jpg","landname":"69"},{"id":281475022585926,"level":3,"status":0,"posx":12,"posy":14,"cityid":700,"townid":1509,"tokenid":"88b783f07ce7c5d031af4651ee3390ea","tokenurl":"/mcm/api/land?token=88b783f07ce7c5d031af4651ee3390ea","imageurl":"/mcm/images/land/2B/4837_3818be4b985.jpg","landname":"70"},{"id":281475022585927,"level":3,"status":1,"posx":8,"posy":20,"cityid":700,"townid":1509,"tokenid":"bd1bced7414493753120783ab290fb24","tokenurl":"/mcm/api/land?token=bd1bced7414493753120783ab290fb24","imageurl":"/mcm/images/land/2B/4838_11aaea1e80e5.jpg","landname":"71"},{"id":281475022585928,"level":3,"status":1,"posx":9,"posy":20,"cityid":700,"townid":1509,"tokenid":"525940c8602d7b84ade16292d32dbab2","tokenurl":"/mcm/api/land?token=525940c8602d7b84ade16292d32dbab2","imageurl":"/mcm/images/land/2B/4839_40bfc2f193ad.jpg","landname":"72"},{"id":281475022585929,"level":3,"status":0,"posx":10,"posy":20,"cityid":700,"townid":1509,"tokenid":"57ed94958338ae0eb9062d09a4d536d9","tokenurl":"/mcm/api/land?token=57ed94958338ae0eb9062d09a4d536d9","imageurl":"/mcm/images/land/2B/4840_57305a462513.jpg","landname":"73"},{"id":281475022585930,"level":3,"status":1,"posx":11,"posy":20,"cityid":700,"townid":1509,"tokenid":"2f80d1a3293c652a7e0fff7e93835198","tokenurl":"/mcm/api/land?token=2f80d1a3293c652a7e0fff7e93835198","imageurl":"/mcm/images/land/2B/4841_3b35e6e9f945.jpg","landname":"74"},{"id":281475022585931,"level":3,"status":0,"posx":12,"posy":20,"cityid":700,"townid":1509,"tokenid":"73885564b1ad424df335435eb8f1db3a","tokenurl":"/mcm/api/land?token=73885564b1ad424df335435eb8f1db3a","imageurl":"/mcm/images/land/2B/4842_4d09dc6f94be.jpg","landname":"75"},{"id":281475022585932,"level":1,"status":1,"posx":8,"posy":21,"cityid":700,"townid":1509,"tokenid":"3d7456b0a7264f2ea11550bcb10b5c91","tokenurl":"/mcm/api/land?token=3d7456b0a7264f2ea11550bcb10b5c91","imageurl":"/mcm/images/land/2S/1934_2a8af9958f6b.jpg","landname":"76"},{"id":281475022585933,"level":1,"status":0,"posx":9,"posy":21,"cityid":700,"townid":1509,"tokenid":"46c9da9add211704f02dcedc2370e71e","tokenurl":"/mcm/api/land?token=46c9da9add211704f02dcedc2370e71e","imageurl":"/mcm/images/land/2S/1935_2d3bbdcbdc34.jpg","landname":"77"},{"id":281475022585934,"level":3,"status":1,"posx":10,"posy":21,"cityid":700,"townid":1509,"tokenid":"30b148958ca034c8a0c11b37665e9b61","tokenurl":"/mcm/api/land?token=30b148958ca034c8a0c11b37665e9b61","imageurl":"/mcm/images/land/2B/4843_33f7074912dc.jpg","landname":"78"},{"id":281475022585935,"level":3,"status":1,"posx":11,"posy":21,"cityid":700,"townid":1509,"tokenid":"f6aef5966d933047557ce70e066cb854","tokenurl":"/mcm/api/land?token=f6aef5966d933047557ce70e066cb854","imageurl":"/mcm/images/land/2B/4844_51cf591caf93.jpg","landname":"79"},{"id":281475022585936,"level":2,"status":0,"posx":12,"posy":21,"cityid":700,"townid":1509,"tokenid":"b57928804f22a83889b4a4cd348a5aa6","tokenurl":"/mcm/api/land?token=b57928804f22a83889b4a4cd348a5aa6","imageurl":"/mcm/images/land/2A/2904_e6de40b1619.jpg","landname":"80"},{"id":281475022585937,"level":2,"status":0,"posx":27,"posy":22,"cityid":700,"townid":1509,"tokenid":"4a76816c4b454c2304f46bc51e3e3a3b","tokenurl":"/mcm/api/land?token=4a76816c4b454c2304f46bc51e3e3a3b","imageurl":"/mcm/images/land/2A/2905_139198187bfd.jpg","landname":"81"},{"id":281475022585938,"level":3,"status":1,"posx":28,"posy":22,"cityid":700,"townid":1509,"tokenid":"bdf2c8682c1a6eba4458a6bb15fe0ae8","tokenurl":"/mcm/api/land?token=bdf2c8682c1a6eba4458a6bb15fe0ae8","imageurl":"/mcm/images/land/2B/4845_22e81cee9977.jpg","landname":"82"},{"id":281475022585939,"level":3,"status":0,"posx":29,"posy":22,"cityid":700,"townid":1509,"tokenid":"cd3bfa724b0a5ea172c9c2471651793c","tokenurl":"/mcm/api/land?token=cd3bfa724b0a5ea172c9c2471651793c","imageurl":"/mcm/images/land/2B/4846_16f75e6ed4c6.jpg","landname":"83"},{"id":281475022585940,"level":3,"status":1,"posx":30,"posy":22,"cityid":700,"townid":1509,"tokenid":"f3d30034dc7e8fd0e95eb2d670e79c28","tokenurl":"/mcm/api/land?token=f3d30034dc7e8fd0e95eb2d670e79c28","imageurl":"/mcm/images/land/2B/4847_1fad0d258432.jpg","landname":"84"},{"id":281475022585941,"level":1,"status":1,"posx":31,"posy":22,"cityid":700,"townid":1509,"tokenid":"0bb163252382ae1e630a7de1c04f6b52","tokenurl":"/mcm/api/land?token=0bb163252382ae1e630a7de1c04f6b52","imageurl":"/mcm/images/land/2S/1936_45068bebcdac.jpg","landname":"85"},{"id":281475022585942,"level":1,"status":0,"posx":27,"posy":23,"cityid":700,"townid":1509,"tokenid":"42067e5a8e2ecc273c839535bb4a8fb1","tokenurl":"/mcm/api/land?token=42067e5a8e2ecc273c839535bb4a8fb1","imageurl":"/mcm/images/land/2S/1937_297638b88f8c.jpg","landname":"86"},{"id":281475022585943,"level":1,"status":1,"posx":28,"posy":23,"cityid":700,"townid":1509,"tokenid":"ec226215d72e3caeaef323b12cc53b3f","tokenurl":"/mcm/api/land?token=ec226215d72e3caeaef323b12cc53b3f","imageurl":"/mcm/images/land/2S/1938_18b7b833c986.jpg","landname":"87"},{"id":281475022585944,"level":3,"status":1,"posx":29,"posy":23,"cityid":700,"townid":1509,"tokenid":"6edc02c16971b815573d123871370b66","tokenurl":"/mcm/api/land?token=6edc02c16971b815573d123871370b66","imageurl":"/mcm/images/land/2B/4848_3596c71f7673.jpg","landname":"88"},{"id":281475022585945,"level":1,"status":1,"posx":30,"posy":23,"cityid":700,"townid":1509,"tokenid":"fb6a3cbe1428ac90ec192d97316cbfbf","tokenurl":"/mcm/api/land?token=fb6a3cbe1428ac90ec192d97316cbfbf","imageurl":"/mcm/images/land/2S/1939_550d2f888e1f.jpg","landname":"89"},{"id":281475022585946,"level":3,"status":0,"posx":31,"posy":23,"cityid":700,"townid":1509,"tokenid":"92a5deeb91c96afee018efdb13524b07","tokenurl":"/mcm/api/land?token=92a5deeb91c96afee018efdb13524b07","imageurl":"/mcm/images/land/2B/4849_568826a8423c.jpg","landname":"90"},{"id":281475022585947,"level":1,"status":0,"posx":8,"posy":24,"cityid":700,"townid":1509,"tokenid":"7bacc00f7af1cd4cc668d87d3844d8bf","tokenurl":"/mcm/api/land?token=7bacc00f7af1cd4cc668d87d3844d8bf","imageurl":"/mcm/images/land/2S/1940_3d8ce443f5e1.jpg","landname":"91"},{"id":281475022585948,"level":2,"status":0,"posx":9,"posy":24,"cityid":700,"townid":1509,"tokenid":"780309fff31abee166d17f441124895a","tokenurl":"/mcm/api/land?token=780309fff31abee166d17f441124895a","imageurl":"/mcm/images/land/2A/2906_3c900087764d.jpg","landname":"92"},{"id":281475022585949,"level":1,"status":0,"posx":10,"posy":24,"cityid":700,"townid":1509,"tokenid":"ac8e04eb3834aa871a71e70c75cb2ae5","tokenurl":"/mcm/api/land?token=ac8e04eb3834aa871a71e70c75cb2ae5","imageurl":"/mcm/images/land/2S/1941_2102778e4551.jpg","landname":"93"},{"id":281475022585950,"level":2,"status":1,"posx":11,"posy":24,"cityid":700,"townid":1509,"tokenid":"7d9f1bacf23a8711304527105866e705","tokenurl":"/mcm/api/land?token=7d9f1bacf23a8711304527105866e705","imageurl":"/mcm/images/land/2A/2907_26dc19109f6b.jpg","landname":"94"},{"id":281475022585951,"level":2,"status":0,"posx":12,"posy":24,"cityid":700,"townid":1509,"tokenid":"979cb09d6d8e41144440a3c6f2fc97a1","tokenurl":"/mcm/api/land?token=979cb09d6d8e41144440a3c6f2fc97a1","imageurl":"/mcm/images/land/2A/2908_5048231c7710.jpg","landname":"95"},{"id":281475022585952,"level":3,"status":0,"posx":17,"posy":24,"cityid":700,"townid":1509,"tokenid":"bef4378f15e8d6cdc06820e315c30bb5","tokenurl":"/mcm/api/land?token=bef4378f15e8d6cdc06820e315c30bb5","imageurl":"/mcm/images/land/2B/4850_1f3dd527c868.jpg","landname":"96"},{"id":281475022585953,"level":1,"status":1,"posx":18,"posy":24,"cityid":700,"townid":1509,"tokenid":"5d0268cdd18b09db942422b4807b0201","tokenurl":"/mcm/api/land?token=5d0268cdd18b09db942422b4807b0201","imageurl":"/mcm/images/land/2S/1942_57f704a0c159.jpg","landname":"97"},{"id":281475022585954,"level":2,"status":0,"posx":19,"posy":24,"cityid":700,"townid":1509,"tokenid":"860fbbf7bb580e4cf627ef44db1a9b85","tokenurl":"/mcm/api/land?token=860fbbf7bb580e4cf627ef44db1a9b85","imageurl":"/mcm/images/land/2A/2909_207042771721.jpg","landname":"98"},{"id":281475022585955,"level":1,"status":1,"posx":20,"posy":24,"cityid":700,"townid":1509,"tokenid":"57815b68911c7899b9facc13096892b7","tokenurl":"/mcm/api/land?token=57815b68911c7899b9facc13096892b7","imageurl":"/mcm/images/land/2S/1943_6929b1b05.jpg","landname":"99"},{"id":281475022585956,"level":2,"status":0,"posx":21,"posy":24,"cityid":700,"townid":1509,"tokenid":"4092794222b7f415b3cd02b15b94e5b1","tokenurl":"/mcm/api/land?token=4092794222b7f415b3cd02b15b94e5b1","imageurl":"/mcm/images/land/2A/2910_46637fcf933b.jpg","landname":"100"},{"id":281475022585957,"level":1,"status":1,"posx":8,"posy":25,"cityid":700,"townid":1509,"tokenid":"2055246f524f3f3dad21b70000cadd30","tokenurl":"/mcm/api/land?token=2055246f524f3f3dad21b70000cadd30","imageurl":"/mcm/images/land/2S/1944_712371c25cb.jpg","landname":"101"},{"id":281475022585958,"level":1,"status":1,"posx":9,"posy":25,"cityid":700,"townid":1509,"tokenid":"25b62e168c1e254faa04bea85acf243a","tokenurl":"/mcm/api/land?token=25b62e168c1e254faa04bea85acf243a","imageurl":"/mcm/images/land/2S/1945_37310a0d6ca.jpg","landname":"102"},{"id":281475022585959,"level":1,"status":0,"posx":10,"posy":25,"cityid":700,"townid":1509,"tokenid":"455ad8787703d629eb55dcda1d80d0ff","tokenurl":"/mcm/api/land?token=455ad8787703d629eb55dcda1d80d0ff","imageurl":"/mcm/images/land/2S/1946_3a5dfa414cc0.jpg","landname":"103"},{"id":281475022585960,"level":3,"status":1,"posx":11,"posy":25,"cityid":700,"townid":1509,"tokenid":"a9440f9749b0bee3e751fb266b4dacc3","tokenurl":"/mcm/api/land?token=a9440f9749b0bee3e751fb266b4dacc3","imageurl":"/mcm/images/land/2B/4851_20d665b29d3b.jpg","landname":"104"},{"id":281475022585961,"level":3,"status":1,"posx":12,"posy":25,"cityid":700,"townid":1509,"tokenid":"a10b8d75c493c3364915e8fd31f60dc4","tokenurl":"/mcm/api/land?token=a10b8d75c493c3364915e8fd31f60dc4","imageurl":"/mcm/images/land/2B/4852_4d357df8a1e6.jpg","landname":"105"},{"id":281475022585962,"level":1,"status":0,"posx":17,"posy":25,"cityid":700,"townid":1509,"tokenid":"dc64180eda3633589cf12d31ee98c577","tokenurl":"/mcm/api/land?token=dc64180eda3633589cf12d31ee98c577","imageurl":"/mcm/images/land/2S/1947_b7cc433756.jpg","landname":"106"},{"id":281475022585963,"level":3,"status":1,"posx":18,"posy":25,"cityid":700,"townid":1509,"tokenid":"33bc3a7801c5768f455f471f1d9c4826","tokenurl":"/mcm/api/land?token=33bc3a7801c5768f455f471f1d9c4826","imageurl":"/mcm/images/land/2B/4853_fcb8f72ebe3.jpg","landname":"107"},{"id":281475022585964,"level":2,"status":1,"posx":19,"posy":25,"cityid":700,"townid":1509,"tokenid":"a09dc121972d056426c47be052d39e71","tokenurl":"/mcm/api/land?token=a09dc121972d056426c47be052d39e71","imageurl":"/mcm/images/land/2A/2911_30aed1fe9262.jpg","landname":"108"},{"id":281475022585965,"level":3,"status":1,"posx":20,"posy":25,"cityid":700,"townid":1509,"tokenid":"18948ad832f45614b8f832e694aeb9ca","tokenurl":"/mcm/api/land?token=18948ad832f45614b8f832e694aeb9ca","imageurl":"/mcm/images/land/2B/4854_2f22a1fc59b5.jpg","landname":"109"},{"id":281475022585966,"level":3,"status":0,"posx":21,"posy":25,"cityid":700,"townid":1509,"tokenid":"bf7055a963ca832fcda44c4de5c82eda","tokenurl":"/mcm/api/land?token=bf7055a963ca832fcda44c4de5c82eda","imageurl":"/mcm/images/land/2B/4855_35f96f543d35.jpg","landname":"110"},{"id":281475022585967,"level":1,"status":1,"posx":27,"posy":26,"cityid":700,"townid":1509,"tokenid":"793eb761e4a0caed7cbb7860023c3113","tokenurl":"/mcm/api/land?token=793eb761e4a0caed7cbb7860023c3113","imageurl":"/mcm/images/land/2S/1948_5a0b28693ef9.jpg","landname":"111"},{"id":281475022585968,"level":2,"status":1,"posx":28,"posy":26,"cityid":700,"townid":1509,"tokenid":"dd87402aae425030e2365d5f0ed22a48","tokenurl":"/mcm/api/land?token=dd87402aae425030e2365d5f0ed22a48","imageurl":"/mcm/images/land/2A/2912_2b3276eff1af.jpg","landname":"112"},{"id":281475022585969,"level":3,"status":1,"posx":27,"posy":27,"cityid":700,"townid":1509,"tokenid":"ae4dd13db3318f0c804f851f57da2f18","tokenurl":"/mcm/api/land?token=ae4dd13db3318f0c804f851f57da2f18","imageurl":"/mcm/images/land/2B/4856_11a336026bad.jpg","landname":"113"},{"id":281475022585970,"level":3,"status":1,"posx":28,"posy":27,"cityid":700,"townid":1509,"tokenid":"627292f5ae5cee406015b746bc8ae8d6","tokenurl":"/mcm/api/land?token=627292f5ae5cee406015b746bc8ae8d6","imageurl":"/mcm/images/land/2B/4857_4f8202442c56.jpg","landname":"114"},{"id":281475022585971,"level":3,"status":0,"posx":32,"posy":27,"cityid":700,"townid":1509,"tokenid":"386b3c6f9edcb9988f39dfd07d9f96f4","tokenurl":"/mcm/api/land?token=386b3c6f9edcb9988f39dfd07d9f96f4","imageurl":"/mcm/images/land/2B/4858_27b8ba72d4c.jpg","landname":"115"},{"id":281475022585972,"level":1,"status":0,"posx":33,"posy":27,"cityid":700,"townid":1509,"tokenid":"64441e4e476c7908258ebb44db985185","tokenurl":"/mcm/api/land?token=64441e4e476c7908258ebb44db985185","imageurl":"/mcm/images/land/2S/1949_2fc7535249e6.jpg","landname":"116"},{"id":281475022585973,"level":3,"status":1,"posx":8,"posy":28,"cityid":700,"townid":1509,"tokenid":"7b647d4c5287b16abb9e04c0c5e748b8","tokenurl":"/mcm/api/land?token=7b647d4c5287b16abb9e04c0c5e748b8","imageurl":"/mcm/images/land/2B/4859_3f2499373897.jpg","landname":"117"},{"id":281475022585974,"level":3,"status":0,"posx":9,"posy":28,"cityid":700,"townid":1509,"tokenid":"35b6faa679133a10fc519f00aa124b58","tokenurl":"/mcm/api/land?token=35b6faa679133a10fc519f00aa124b58","imageurl":"/mcm/images/land/2B/4860_219be5472c00.jpg","landname":"118"},{"id":281475022585975,"level":2,"status":1,"posx":10,"posy":28,"cityid":700,"townid":1509,"tokenid":"732002470e67e809265def41ef7274cd","tokenurl":"/mcm/api/land?token=732002470e67e809265def41ef7274cd","imageurl":"/mcm/images/land/2A/2913_3f803f5ef4e0.jpg","landname":"119"},{"id":281475022585976,"level":3,"status":0,"posx":11,"posy":28,"cityid":700,"townid":1509,"tokenid":"21f401ed7bbd4a8245c97f2bc6564b94","tokenurl":"/mcm/api/land?token=21f401ed7bbd4a8245c97f2bc6564b94","imageurl":"/mcm/images/land/2B/4861_264e2ef58809.jpg","landname":"120"},{"id":281475022585977,"level":2,"status":0,"posx":12,"posy":28,"cityid":700,"townid":1509,"tokenid":"b3be0e20c9b28014d8825288ccb42bec","tokenurl":"/mcm/api/land?token=b3be0e20c9b28014d8825288ccb42bec","imageurl":"/mcm/images/land/2A/2914_3b7797409e60.jpg","landname":"121"},{"id":281475022585978,"level":2,"status":0,"posx":17,"posy":28,"cityid":700,"townid":1509,"tokenid":"cdc7feb20993be71944019212ae9333d","tokenurl":"/mcm/api/land?token=cdc7feb20993be71944019212ae9333d","imageurl":"/mcm/images/land/2A/2915_211650fd6911.jpg","landname":"122"},{"id":281475022585979,"level":2,"status":0,"posx":18,"posy":28,"cityid":700,"townid":1509,"tokenid":"eb04fb69d765cb622288afde64a4858d","tokenurl":"/mcm/api/land?token=eb04fb69d765cb622288afde64a4858d","imageurl":"/mcm/images/land/2A/2916_9eb044ee612.jpg","landname":"123"},{"id":281475022585980,"level":2,"status":1,"posx":19,"posy":28,"cityid":700,"townid":1509,"tokenid":"c6dfc57f43815d7ded23f3defe2c2529","tokenurl":"/mcm/api/land?token=c6dfc57f43815d7ded23f3defe2c2529","imageurl":"/mcm/images/land/2A/2917_1b2a3480c124.jpg","landname":"124"},{"id":281475022585981,"level":3,"status":1,"posx":20,"posy":28,"cityid":700,"townid":1509,"tokenid":"c5ff02924d4a74e11a46cc7fd148b01e","tokenurl":"/mcm/api/land?token=c5ff02924d4a74e11a46cc7fd148b01e","imageurl":"/mcm/images/land/2B/4862_5f9f485966c.jpg","landname":"125"},{"id":281475022585982,"level":2,"status":0,"posx":21,"posy":28,"cityid":700,"townid":1509,"tokenid":"b56250523b705eba6eaefc74436c8752","tokenurl":"/mcm/api/land?token=b56250523b705eba6eaefc74436c8752","imageurl":"/mcm/images/land/2A/2918_f10dcbefc31.jpg","landname":"126"},{"id":281475022585983,"level":2,"status":0,"posx":27,"posy":28,"cityid":700,"townid":1509,"tokenid":"ab32e324989d8a00a0f7e8c088530098","tokenurl":"/mcm/api/land?token=ab32e324989d8a00a0f7e8c088530098","imageurl":"/mcm/images/land/2A/2919_1c0b7f28199c.jpg","landname":"127"},{"id":281475022585984,"level":1,"status":0,"posx":28,"posy":28,"cityid":700,"townid":1509,"tokenid":"128fcd005c51525758b2855ebd958d35","tokenurl":"/mcm/api/land?token=128fcd005c51525758b2855ebd958d35","imageurl":"/mcm/images/land/2S/1950_18ba69bb363e.jpg","landname":"128"},{"id":281475022585985,"level":3,"status":1,"posx":32,"posy":28,"cityid":700,"townid":1509,"tokenid":"adbc046622d41fec32de3e15fb52030e","tokenurl":"/mcm/api/land?token=adbc046622d41fec32de3e15fb52030e","imageurl":"/mcm/images/land/2B/4863_20d9d386f742.jpg","landname":"129"},{"id":281475022585986,"level":3,"status":1,"posx":33,"posy":28,"cityid":700,"townid":1509,"tokenid":"d9418a1e437894620a5c8391cf71ee53","tokenurl":"/mcm/api/land?token=d9418a1e437894620a5c8391cf71ee53","imageurl":"/mcm/images/land/2B/4864_58dc7734d6b6.jpg","landname":"130"},{"id":281475022585987,"level":2,"status":0,"posx":8,"posy":29,"cityid":700,"townid":1509,"tokenid":"39eb39678455e247316c82073a5fadbd","tokenurl":"/mcm/api/land?token=39eb39678455e247316c82073a5fadbd","imageurl":"/mcm/images/land/2A/2920_3478280f18a9.jpg","landname":"131"},{"id":281475022585988,"level":2,"status":0,"posx":9,"posy":29,"cityid":700,"townid":1509,"tokenid":"e2d2256a2e74c72f8413498534bb1c51","tokenurl":"/mcm/api/land?token=e2d2256a2e74c72f8413498534bb1c51","imageurl":"/mcm/images/land/2A/2921_1282b30de8e1.jpg","landname":"132"},{"id":281475022585989,"level":1,"status":0,"posx":10,"posy":29,"cityid":700,"townid":1509,"tokenid":"a833b9c2515f01dc3f1386411a07b225","tokenurl":"/mcm/api/land?token=a833b9c2515f01dc3f1386411a07b225","imageurl":"/mcm/images/land/2S/1951_44dabb465fd4.jpg","landname":"133"},{"id":281475022585990,"level":3,"status":0,"posx":11,"posy":29,"cityid":700,"townid":1509,"tokenid":"cbc8bb11a5162c9d6ff0277fb3a9cda5","tokenurl":"/mcm/api/land?token=cbc8bb11a5162c9d6ff0277fb3a9cda5","imageurl":"/mcm/images/land/2B/4865_3955ca9710ab.jpg","landname":"134"},{"id":281475022585991,"level":2,"status":0,"posx":12,"posy":29,"cityid":700,"townid":1509,"tokenid":"2bd5101a38802eeb6b65438028266a92","tokenurl":"/mcm/api/land?token=2bd5101a38802eeb6b65438028266a92","imageurl":"/mcm/images/land/2A/2922_2589b3c4e93d.jpg","landname":"135"},{"id":281475022585992,"level":2,"status":1,"posx":17,"posy":29,"cityid":700,"townid":1509,"tokenid":"bd13a8ee5a93169b08a32839ca1a2d79","tokenurl":"/mcm/api/land?token=bd13a8ee5a93169b08a32839ca1a2d79","imageurl":"/mcm/images/land/2A/2923_2e498845e491.jpg","landname":"136"},{"id":281475022585993,"level":3,"status":1,"posx":18,"posy":29,"cityid":700,"townid":1509,"tokenid":"97888164d4bd9988da163aad41223756","tokenurl":"/mcm/api/land?token=97888164d4bd9988da163aad41223756","imageurl":"/mcm/images/land/2B/4866_51fe15e9b702.jpg","landname":"137"},{"id":281475022585994,"level":3,"status":1,"posx":19,"posy":29,"cityid":700,"townid":1509,"tokenid":"c1b38ed5ebc148f7ca62aaddc3009a42","tokenurl":"/mcm/api/land?token=c1b38ed5ebc148f7ca62aaddc3009a42","imageurl":"/mcm/images/land/2B/4867_45dd08101e81.jpg","landname":"138"},{"id":281475022585995,"level":3,"status":1,"posx":20,"posy":29,"cityid":700,"townid":1509,"tokenid":"0605ed8a2c3716a8ca32219ff355f0cb","tokenurl":"/mcm/api/land?token=0605ed8a2c3716a8ca32219ff355f0cb","imageurl":"/mcm/images/land/2B/4868_582636a1cb7a.jpg","landname":"139"},{"id":281475022585996,"level":3,"status":0,"posx":21,"posy":29,"cityid":700,"townid":1509,"tokenid":"178a96744b7efe0e5357361e19f1392f","tokenurl":"/mcm/api/land?token=178a96744b7efe0e5357361e19f1392f","imageurl":"/mcm/images/land/2B/4869_a22dfe313b.jpg","landname":"140"},{"id":281475022585997,"level":2,"status":0,"posx":27,"posy":29,"cityid":700,"townid":1509,"tokenid":"5673fee1153b41e45903f8af2242adcd","tokenurl":"/mcm/api/land?token=5673fee1153b41e45903f8af2242adcd","imageurl":"/mcm/images/land/2A/2924_1c4a8c109cfa.jpg","landname":"141"},{"id":281475022585998,"level":3,"status":0,"posx":28,"posy":29,"cityid":700,"townid":1509,"tokenid":"bf66143a6e7adbce3b59d8ef05faaed7","tokenurl":"/mcm/api/land?token=bf66143a6e7adbce3b59d8ef05faaed7","imageurl":"/mcm/images/land/2B/4870_ad67248d9a4.jpg","landname":"142"},{"id":281475022585999,"level":2,"status":0,"posx":32,"posy":29,"cityid":700,"townid":1509,"tokenid":"ce3f71057851fa13c4998679685df06d","tokenurl":"/mcm/api/land?token=ce3f71057851fa13c4998679685df06d","imageurl":"/mcm/images/land/2A/2925_cf7b83fbab7.jpg","landname":"143"},{"id":281475022586000,"level":3,"status":1,"posx":33,"posy":29,"cityid":700,"townid":1509,"tokenid":"807397ddf47f75f25dd9c8420dfaea2f","tokenurl":"/mcm/api/land?token=807397ddf47f75f25dd9c8420dfaea2f","imageurl":"/mcm/images/land/2B/4871_219d2d80e6cb.jpg","landname":"144"},{"id":281475022586001,"level":3,"status":1,"posx":27,"posy":30,"cityid":700,"townid":1509,"tokenid":"c20b507f0dd3d4f205560aad68bffd6e","tokenurl":"/mcm/api/land?token=c20b507f0dd3d4f205560aad68bffd6e","imageurl":"/mcm/images/land/2B/4872_265e183ad160.jpg","landname":"145"},{"id":281475022586002,"level":3,"status":0,"posx":28,"posy":30,"cityid":700,"townid":1509,"tokenid":"ca7c1950296bd7e28be468557b683e43","tokenurl":"/mcm/api/land?token=ca7c1950296bd7e28be468557b683e43","imageurl":"/mcm/images/land/2B/4873_bcac9aabe98.jpg","landname":"146"},{"id":281475022586003,"level":3,"status":1,"posx":32,"posy":30,"cityid":700,"townid":1509,"tokenid":"2a8e0eeeb8852a0c84b0490da1fab9f0","tokenurl":"/mcm/api/land?token=2a8e0eeeb8852a0c84b0490da1fab9f0","imageurl":"/mcm/images/land/2B/4874_cf814687757.jpg","landname":"147"},{"id":281475022586004,"level":3,"status":0,"posx":33,"posy":30,"cityid":700,"townid":1509,"tokenid":"c38f21acabefb29bbe89161bac0a3b43","tokenurl":"/mcm/api/land?token=c38f21acabefb29bbe89161bac0a3b43","imageurl":"/mcm/images/land/2B/4875_20a6b9ee27de.jpg","landname":"148"},{"id":281475022586005,"level":3,"status":1,"posx":32,"posy":31,"cityid":700,"townid":1509,"tokenid":"aca866f66e5d9984c526f28ce6fe845e","tokenurl":"/mcm/api/land?token=aca866f66e5d9984c526f28ce6fe845e","imageurl":"/mcm/images/land/2B/4876_33a16c8c3407.jpg","landname":"149"},{"id":281475022586006,"level":2,"status":1,"posx":33,"posy":31,"cityid":700,"townid":1509,"tokenid":"1c301ee2e981ddba8cbacae38ead802f","tokenurl":"/mcm/api/land?token=1c301ee2e981ddba8cbacae38ead802f","imageurl":"/mcm/images/land/2A/2926_2a6a99606f00.jpg","landname":"150"}]]],0,0,[],[],[]]
