[1,0,0,[["cc.JsonAsset",["_name","json"],1]],[[0,0,1,3]],[[0,"1289",[{"id":281475015639041,"level":1,"status":1,"posx":7,"posy":5,"cityid":594,"townid":1289,"tokenid":"94c8d27aa11d9fe176933c29f8eb734f","tokenurl":"/mcm/api/land?token=94c8d27aa11d9fe176933c29f8eb734f","imageurl":"/mcm/images/land/2S/8042_52e488e1ee57.jpg","landname":"1"},{"id":281475015639042,"level":2,"status":0,"posx":8,"posy":5,"cityid":594,"townid":1289,"tokenid":"41d76801d1fd3a9e1a602228361b3ade","tokenurl":"/mcm/api/land?token=41d76801d1fd3a9e1a602228361b3ade","imageurl":"/mcm/images/land/2A/12062_2bde10499b5c.jpg","landname":"2"},{"id":281475015639043,"level":3,"status":1,"posx":16,"posy":5,"cityid":594,"townid":1289,"tokenid":"c053a88dce19f4f37307839520a20e2a","tokenurl":"/mcm/api/land?token=c053a88dce19f4f37307839520a20e2a","imageurl":"/mcm/images/land/2B/20102_50c74d0a93aa.jpg","landname":"3"},{"id":281475015639044,"level":2,"status":1,"posx":17,"posy":5,"cityid":594,"townid":1289,"tokenid":"3cc877b5d243e59799c822955aa9deaa","tokenurl":"/mcm/api/land?token=3cc877b5d243e59799c822955aa9deaa","imageurl":"/mcm/images/land/2A/12063_588c315fc461.jpg","landname":"4"},{"id":281475015639045,"level":3,"status":1,"posx":20,"posy":5,"cityid":594,"townid":1289,"tokenid":"9e21e52203b22ab621a1f121fc1830c3","tokenurl":"/mcm/api/land?token=9e21e52203b22ab621a1f121fc1830c3","imageurl":"/mcm/images/land/2B/20103_1ba7c40face7.jpg","landname":"5"},{"id":281475015639046,"level":1,"status":0,"posx":21,"posy":5,"cityid":594,"townid":1289,"tokenid":"d447c7eeace5f87e140af69acc0c0d57","tokenurl":"/mcm/api/land?token=d447c7eeace5f87e140af69acc0c0d57","imageurl":"/mcm/images/land/2S/8043_1bb6557dd893.jpg","landname":"6"},{"id":281475015639047,"level":3,"status":1,"posx":7,"posy":6,"cityid":594,"townid":1289,"tokenid":"329c192a92a759152b01501173c353fc","tokenurl":"/mcm/api/land?token=329c192a92a759152b01501173c353fc","imageurl":"/mcm/images/land/2B/20104_3a1f3d45cc19.jpg","landname":"7"},{"id":281475015639048,"level":3,"status":0,"posx":8,"posy":6,"cityid":594,"townid":1289,"tokenid":"2f3e06b7b0fb1dd9648d1d2f43acd6bb","tokenurl":"/mcm/api/land?token=2f3e06b7b0fb1dd9648d1d2f43acd6bb","imageurl":"/mcm/images/land/2B/20105_2133ca6e7518.jpg","landname":"8"},{"id":281475015639049,"level":2,"status":0,"posx":16,"posy":6,"cityid":594,"townid":1289,"tokenid":"18c76bc6268103bb06143eae83cf2c90","tokenurl":"/mcm/api/land?token=18c76bc6268103bb06143eae83cf2c90","imageurl":"/mcm/images/land/2A/12064_b06bf031e3d.jpg","landname":"9"},{"id":281475015639050,"level":2,"status":1,"posx":17,"posy":6,"cityid":594,"townid":1289,"tokenid":"7e1499836dcd81e09cb0941bc5565dc1","tokenurl":"/mcm/api/land?token=7e1499836dcd81e09cb0941bc5565dc1","imageurl":"/mcm/images/land/2A/12065_995210a367d.jpg","landname":"10"},{"id":281475015639051,"level":3,"status":0,"posx":20,"posy":6,"cityid":594,"townid":1289,"tokenid":"33497effe5e7e2715741f0b7fac6f064","tokenurl":"/mcm/api/land?token=33497effe5e7e2715741f0b7fac6f064","imageurl":"/mcm/images/land/2B/20106_37a5aff17514.jpg","landname":"11"},{"id":281475015639052,"level":3,"status":0,"posx":21,"posy":6,"cityid":594,"townid":1289,"tokenid":"a1f579a694cb54d538e620a4c3edc843","tokenurl":"/mcm/api/land?token=a1f579a694cb54d538e620a4c3edc843","imageurl":"/mcm/images/land/2B/20107_50cd5c4c5392.jpg","landname":"12"},{"id":281475015639053,"level":3,"status":1,"posx":7,"posy":7,"cityid":594,"townid":1289,"tokenid":"e2cca0fe34c5e8a2ba967137b5b47456","tokenurl":"/mcm/api/land?token=e2cca0fe34c5e8a2ba967137b5b47456","imageurl":"/mcm/images/land/2B/20108_322c4e26a32.jpg","landname":"13"},{"id":281475015639054,"level":2,"status":0,"posx":8,"posy":7,"cityid":594,"townid":1289,"tokenid":"a01dd953c8f64c0f9241ca6167e27304","tokenurl":"/mcm/api/land?token=a01dd953c8f64c0f9241ca6167e27304","imageurl":"/mcm/images/land/2A/12066_43d062ac0b9c.jpg","landname":"14"},{"id":281475015639055,"level":2,"status":0,"posx":16,"posy":7,"cityid":594,"townid":1289,"tokenid":"9947edad9af4c18ac90534596ac1a8ed","tokenurl":"/mcm/api/land?token=9947edad9af4c18ac90534596ac1a8ed","imageurl":"/mcm/images/land/2A/12067_4faaaccafab1.jpg","landname":"15"},{"id":281475015639056,"level":3,"status":1,"posx":17,"posy":7,"cityid":594,"townid":1289,"tokenid":"61f18879071b48c8eb8b9a5f9bdf6966","tokenurl":"/mcm/api/land?token=61f18879071b48c8eb8b9a5f9bdf6966","imageurl":"/mcm/images/land/2B/20109_b7ec4a33b19.jpg","landname":"16"},{"id":281475015639057,"level":3,"status":0,"posx":20,"posy":7,"cityid":594,"townid":1289,"tokenid":"031f2a4aba68f7b1032db67d82a8c61d","tokenurl":"/mcm/api/land?token=031f2a4aba68f7b1032db67d82a8c61d","imageurl":"/mcm/images/land/2B/20110_495c18153749.jpg","landname":"17"},{"id":281475015639058,"level":2,"status":1,"posx":21,"posy":7,"cityid":594,"townid":1289,"tokenid":"bc4c158ff0b7ab6197e720f9a2898854","tokenurl":"/mcm/api/land?token=bc4c158ff0b7ab6197e720f9a2898854","imageurl":"/mcm/images/land/2A/12068_30b2efc702ba.jpg","landname":"18"},{"id":281475015639059,"level":3,"status":0,"posx":7,"posy":8,"cityid":594,"townid":1289,"tokenid":"8a439e9e78f62e0bd84b62f662b0083f","tokenurl":"/mcm/api/land?token=8a439e9e78f62e0bd84b62f662b0083f","imageurl":"/mcm/images/land/2B/20111_9f3c6dd378b.jpg","landname":"19"},{"id":281475015639060,"level":3,"status":1,"posx":8,"posy":8,"cityid":594,"townid":1289,"tokenid":"8a47dcb8e149b0d834c155cb665b63aa","tokenurl":"/mcm/api/land?token=8a47dcb8e149b0d834c155cb665b63aa","imageurl":"/mcm/images/land/2B/20112_2fbdfff14f3c.jpg","landname":"20"},{"id":281475015639061,"level":3,"status":0,"posx":16,"posy":8,"cityid":594,"townid":1289,"tokenid":"a18efa144c9c4f122aae27a13fc96568","tokenurl":"/mcm/api/land?token=a18efa144c9c4f122aae27a13fc96568","imageurl":"/mcm/images/land/2B/20113_147e0e4e7f1c.jpg","landname":"21"},{"id":281475015639062,"level":1,"status":1,"posx":17,"posy":8,"cityid":594,"townid":1289,"tokenid":"3686418d97c5bc8eb2df19c785a6e481","tokenurl":"/mcm/api/land?token=3686418d97c5bc8eb2df19c785a6e481","imageurl":"/mcm/images/land/2S/8044_2f84ca223451.jpg","landname":"22"},{"id":281475015639063,"level":1,"status":0,"posx":20,"posy":8,"cityid":594,"townid":1289,"tokenid":"8f68b30d01448dbc9b73fa32bc948985","tokenurl":"/mcm/api/land?token=8f68b30d01448dbc9b73fa32bc948985","imageurl":"/mcm/images/land/2S/8045_218027f7a827.jpg","landname":"23"},{"id":281475015639064,"level":3,"status":1,"posx":21,"posy":8,"cityid":594,"townid":1289,"tokenid":"bd064278d0810896ff2929c562b72053","tokenurl":"/mcm/api/land?token=bd064278d0810896ff2929c562b72053","imageurl":"/mcm/images/land/2B/20114_209f1d7b386f.jpg","landname":"24"},{"id":281475015639065,"level":1,"status":1,"posx":28,"posy":8,"cityid":594,"townid":1289,"tokenid":"6927d353cc710ac429489d8032f540ed","tokenurl":"/mcm/api/land?token=6927d353cc710ac429489d8032f540ed","imageurl":"/mcm/images/land/2S/8046_1aa0efbb3983.jpg","landname":"25"},{"id":281475015639066,"level":2,"status":0,"posx":29,"posy":8,"cityid":594,"townid":1289,"tokenid":"637e7dc750b34f19db07c63090232641","tokenurl":"/mcm/api/land?token=637e7dc750b34f19db07c63090232641","imageurl":"/mcm/images/land/2A/12069_11363a8051d2.jpg","landname":"26"},{"id":281475015639067,"level":2,"status":1,"posx":32,"posy":8,"cityid":594,"townid":1289,"tokenid":"d3df52db6a0ea7611b7f5b0680c6c590","tokenurl":"/mcm/api/land?token=d3df52db6a0ea7611b7f5b0680c6c590","imageurl":"/mcm/images/land/2A/12070_3651c200c0f7.jpg","landname":"27"},{"id":281475015639068,"level":3,"status":1,"posx":33,"posy":8,"cityid":594,"townid":1289,"tokenid":"b0d7f0de74a821b9a44eb9375e6f9f73","tokenurl":"/mcm/api/land?token=b0d7f0de74a821b9a44eb9375e6f9f73","imageurl":"/mcm/images/land/2B/20115_3e6f8575722f.jpg","landname":"28"},{"id":281475015639069,"level":3,"status":1,"posx":7,"posy":9,"cityid":594,"townid":1289,"tokenid":"ddc9a7159508119aa82843b838b1c96b","tokenurl":"/mcm/api/land?token=ddc9a7159508119aa82843b838b1c96b","imageurl":"/mcm/images/land/2B/20116_592df695713a.jpg","landname":"29"},{"id":281475015639070,"level":3,"status":0,"posx":8,"posy":9,"cityid":594,"townid":1289,"tokenid":"757edb282be56d24d79a1b9c2d400fbe","tokenurl":"/mcm/api/land?token=757edb282be56d24d79a1b9c2d400fbe","imageurl":"/mcm/images/land/2B/20117_3c1f080956a0.jpg","landname":"30"},{"id":281475015639071,"level":3,"status":0,"posx":16,"posy":9,"cityid":594,"townid":1289,"tokenid":"15feebf3983935da527665cda80f9480","tokenurl":"/mcm/api/land?token=15feebf3983935da527665cda80f9480","imageurl":"/mcm/images/land/2B/20118_87247c581d6.jpg","landname":"31"},{"id":281475015639072,"level":2,"status":1,"posx":17,"posy":9,"cityid":594,"townid":1289,"tokenid":"76fb7e816fe87c126faddf1062463d59","tokenurl":"/mcm/api/land?token=76fb7e816fe87c126faddf1062463d59","imageurl":"/mcm/images/land/2A/12071_365ee51f49b1.jpg","landname":"32"},{"id":281475015639073,"level":2,"status":1,"posx":20,"posy":9,"cityid":594,"townid":1289,"tokenid":"a3b4851c00e2a3f60c63d53a91ff7236","tokenurl":"/mcm/api/land?token=a3b4851c00e2a3f60c63d53a91ff7236","imageurl":"/mcm/images/land/2A/12072_13f73bef00fd.jpg","landname":"33"},{"id":281475015639074,"level":3,"status":1,"posx":21,"posy":9,"cityid":594,"townid":1289,"tokenid":"51f38b684e592f7988a1550078160a4b","tokenurl":"/mcm/api/land?token=51f38b684e592f7988a1550078160a4b","imageurl":"/mcm/images/land/2B/20119_496b58014458.jpg","landname":"34"},{"id":281475015639075,"level":3,"status":0,"posx":28,"posy":9,"cityid":594,"townid":1289,"tokenid":"350373ba0ac70037bb5ba8aa8bdb8013","tokenurl":"/mcm/api/land?token=350373ba0ac70037bb5ba8aa8bdb8013","imageurl":"/mcm/images/land/2B/20120_48cffc6809d.jpg","landname":"35"},{"id":281475015639076,"level":3,"status":0,"posx":29,"posy":9,"cityid":594,"townid":1289,"tokenid":"31699341cb9374bfb05081f79b3a0afa","tokenurl":"/mcm/api/land?token=31699341cb9374bfb05081f79b3a0afa","imageurl":"/mcm/images/land/2B/20121_53fdd011a658.jpg","landname":"36"},{"id":281475015639077,"level":2,"status":1,"posx":32,"posy":9,"cityid":594,"townid":1289,"tokenid":"5afeeb72ca729af54e5e21d83c0a63f1","tokenurl":"/mcm/api/land?token=5afeeb72ca729af54e5e21d83c0a63f1","imageurl":"/mcm/images/land/2A/12073_3a9ffad199ba.jpg","landname":"37"},{"id":281475015639078,"level":3,"status":0,"posx":33,"posy":9,"cityid":594,"townid":1289,"tokenid":"232cfd6a5540b6b1da927171f6bd59e9","tokenurl":"/mcm/api/land?token=232cfd6a5540b6b1da927171f6bd59e9","imageurl":"/mcm/images/land/2B/20122_76e4d6a677f.jpg","landname":"38"},{"id":281475015639079,"level":1,"status":1,"posx":28,"posy":10,"cityid":594,"townid":1289,"tokenid":"53b961bb4da4118f831bab9b5a23fdf8","tokenurl":"/mcm/api/land?token=53b961bb4da4118f831bab9b5a23fdf8","imageurl":"/mcm/images/land/2S/8047_595dfedecb33.jpg","landname":"39"},{"id":281475015639080,"level":2,"status":0,"posx":29,"posy":10,"cityid":594,"townid":1289,"tokenid":"6369c2718ea673fba21bb7653d5bde19","tokenurl":"/mcm/api/land?token=6369c2718ea673fba21bb7653d5bde19","imageurl":"/mcm/images/land/2A/12074_41c0faf15b0b.jpg","landname":"40"},{"id":281475015639081,"level":1,"status":0,"posx":32,"posy":10,"cityid":594,"townid":1289,"tokenid":"a12b7f4d352d5ddeaa239fc98a1fdd08","tokenurl":"/mcm/api/land?token=a12b7f4d352d5ddeaa239fc98a1fdd08","imageurl":"/mcm/images/land/2S/8048_9c30a635095.jpg","landname":"41"},{"id":281475015639082,"level":2,"status":1,"posx":33,"posy":10,"cityid":594,"townid":1289,"tokenid":"0cbef0ec4643b4065ae681ec702b93b9","tokenurl":"/mcm/api/land?token=0cbef0ec4643b4065ae681ec702b93b9","imageurl":"/mcm/images/land/2A/12075_9b17a8fd41.jpg","landname":"42"},{"id":281475015639083,"level":3,"status":0,"posx":28,"posy":11,"cityid":594,"townid":1289,"tokenid":"90a7d0567d28825c46bb066cda98ecb2","tokenurl":"/mcm/api/land?token=90a7d0567d28825c46bb066cda98ecb2","imageurl":"/mcm/images/land/2B/20123_5a70aa993e2e.jpg","landname":"43"},{"id":281475015639084,"level":3,"status":1,"posx":29,"posy":11,"cityid":594,"townid":1289,"tokenid":"895b8b219f50bcdd03520374d3817ff6","tokenurl":"/mcm/api/land?token=895b8b219f50bcdd03520374d3817ff6","imageurl":"/mcm/images/land/2B/20124_1005d16e6ae3.jpg","landname":"44"},{"id":281475015639085,"level":1,"status":1,"posx":32,"posy":11,"cityid":594,"townid":1289,"tokenid":"6d262fa622fe84b47d4d12e8dbf6a092","tokenurl":"/mcm/api/land?token=6d262fa622fe84b47d4d12e8dbf6a092","imageurl":"/mcm/images/land/2S/8049_23ae5b36f793.jpg","landname":"45"},{"id":281475015639086,"level":3,"status":1,"posx":33,"posy":11,"cityid":594,"townid":1289,"tokenid":"284c8faec753fbf840d51e1746c8a179","tokenurl":"/mcm/api/land?token=284c8faec753fbf840d51e1746c8a179","imageurl":"/mcm/images/land/2B/20125_bd4d462138c.jpg","landname":"46"},{"id":281475015639087,"level":3,"status":1,"posx":28,"posy":12,"cityid":594,"townid":1289,"tokenid":"85b303d737917de7c2bd4fc9950e7382","tokenurl":"/mcm/api/land?token=85b303d737917de7c2bd4fc9950e7382","imageurl":"/mcm/images/land/2B/20126_208c3cb1b29c.jpg","landname":"47"},{"id":281475015639088,"level":3,"status":1,"posx":29,"posy":12,"cityid":594,"townid":1289,"tokenid":"393174c4ec9a5d4a192e061d878b9d5e","tokenurl":"/mcm/api/land?token=393174c4ec9a5d4a192e061d878b9d5e","imageurl":"/mcm/images/land/2B/20127_2a079e7418a8.jpg","landname":"48"},{"id":281475015639089,"level":2,"status":1,"posx":32,"posy":12,"cityid":594,"townid":1289,"tokenid":"e12fe2de2bde9524d07efc0621d2ea3b","tokenurl":"/mcm/api/land?token=e12fe2de2bde9524d07efc0621d2ea3b","imageurl":"/mcm/images/land/2A/12076_7c8b95340f0.jpg","landname":"49"},{"id":281475015639090,"level":3,"status":1,"posx":33,"posy":12,"cityid":594,"townid":1289,"tokenid":"138d8d032c8bac420750b45e1f559116","tokenurl":"/mcm/api/land?token=138d8d032c8bac420750b45e1f559116","imageurl":"/mcm/images/land/2B/20128_5a6065d231d1.jpg","landname":"50"},{"id":281475015639091,"level":3,"status":0,"posx":23,"posy":14,"cityid":594,"townid":1289,"tokenid":"fa817ecb4766daaf57f829ff7b8b98e3","tokenurl":"/mcm/api/land?token=fa817ecb4766daaf57f829ff7b8b98e3","imageurl":"/mcm/images/land/2B/20129_c74ffab1fad.jpg","landname":"51"},{"id":281475015639092,"level":1,"status":0,"posx":24,"posy":14,"cityid":594,"townid":1289,"tokenid":"bb1c9f71723b86e7ab4d6c5d22c3add0","tokenurl":"/mcm/api/land?token=bb1c9f71723b86e7ab4d6c5d22c3add0","imageurl":"/mcm/images/land/2S/8050_1c93a11f9044.jpg","landname":"52"},{"id":281475015639093,"level":3,"status":1,"posx":23,"posy":15,"cityid":594,"townid":1289,"tokenid":"a80825fb6e8dfc8257fd03bd505ac11e","tokenurl":"/mcm/api/land?token=a80825fb6e8dfc8257fd03bd505ac11e","imageurl":"/mcm/images/land/2B/20130_552fbd17d29.jpg","landname":"53"},{"id":281475015639094,"level":3,"status":1,"posx":24,"posy":15,"cityid":594,"townid":1289,"tokenid":"ae0644c9a43ba1e6cc5d61f53d12d0fc","tokenurl":"/mcm/api/land?token=ae0644c9a43ba1e6cc5d61f53d12d0fc","imageurl":"/mcm/images/land/2B/20131_154b66920fe0.jpg","landname":"54"},{"id":281475015639095,"level":3,"status":0,"posx":33,"posy":15,"cityid":594,"townid":1289,"tokenid":"86cff407844a7600abc2533cb4aa1a8d","tokenurl":"/mcm/api/land?token=86cff407844a7600abc2533cb4aa1a8d","imageurl":"/mcm/images/land/2B/20132_bbe7e76c9be.jpg","landname":"55"},{"id":281475015639096,"level":3,"status":1,"posx":34,"posy":15,"cityid":594,"townid":1289,"tokenid":"bcc017ee4b36c46d367d5a35c9b56bbb","tokenurl":"/mcm/api/land?token=bcc017ee4b36c46d367d5a35c9b56bbb","imageurl":"/mcm/images/land/2B/20133_2896bf437f5f.jpg","landname":"56"},{"id":281475015639097,"level":3,"status":0,"posx":11,"posy":16,"cityid":594,"townid":1289,"tokenid":"9d7a1307fc03c7aaad77de5263e1b0e5","tokenurl":"/mcm/api/land?token=9d7a1307fc03c7aaad77de5263e1b0e5","imageurl":"/mcm/images/land/2B/20134_3b019d21ae08.jpg","landname":"57"},{"id":281475015639098,"level":2,"status":0,"posx":12,"posy":16,"cityid":594,"townid":1289,"tokenid":"8de1e44fa18763c665cbd43195e46869","tokenurl":"/mcm/api/land?token=8de1e44fa18763c665cbd43195e46869","imageurl":"/mcm/images/land/2A/12077_3a2fa5e41dea.jpg","landname":"58"},{"id":281475015639099,"level":3,"status":1,"posx":23,"posy":16,"cityid":594,"townid":1289,"tokenid":"f479796f009fe334687929f31a3b2075","tokenurl":"/mcm/api/land?token=f479796f009fe334687929f31a3b2075","imageurl":"/mcm/images/land/2B/20135_52ce7d38bac1.jpg","landname":"59"},{"id":281475015639100,"level":1,"status":1,"posx":24,"posy":16,"cityid":594,"townid":1289,"tokenid":"87d458c45a444d709563764f0ac02a04","tokenurl":"/mcm/api/land?token=87d458c45a444d709563764f0ac02a04","imageurl":"/mcm/images/land/2S/8051_209a8fc05a1b.jpg","landname":"60"},{"id":281475015639101,"level":3,"status":0,"posx":33,"posy":16,"cityid":594,"townid":1289,"tokenid":"933498830a67c8ec93036b710621376a","tokenurl":"/mcm/api/land?token=933498830a67c8ec93036b710621376a","imageurl":"/mcm/images/land/2B/20136_4c58fec40073.jpg","landname":"61"},{"id":281475015639102,"level":2,"status":0,"posx":34,"posy":16,"cityid":594,"townid":1289,"tokenid":"7b32cc991b2dee4b7554f43921f69799","tokenurl":"/mcm/api/land?token=7b32cc991b2dee4b7554f43921f69799","imageurl":"/mcm/images/land/2A/12078_2d57a7d3f0e6.jpg","landname":"62"},{"id":281475015639103,"level":2,"status":1,"posx":11,"posy":17,"cityid":594,"townid":1289,"tokenid":"ee9cb4f9916aa285fa2a8040373ef524","tokenurl":"/mcm/api/land?token=ee9cb4f9916aa285fa2a8040373ef524","imageurl":"/mcm/images/land/2A/12079_2fa026349664.jpg","landname":"63"},{"id":281475015639104,"level":1,"status":1,"posx":12,"posy":17,"cityid":594,"townid":1289,"tokenid":"00bccb5700c098c0485834e4e7845214","tokenurl":"/mcm/api/land?token=00bccb5700c098c0485834e4e7845214","imageurl":"/mcm/images/land/2S/8052_673ae899ac6.jpg","landname":"64"},{"id":281475015639105,"level":3,"status":1,"posx":23,"posy":17,"cityid":594,"townid":1289,"tokenid":"bb71067639d258ed3fc687a3bc14ef78","tokenurl":"/mcm/api/land?token=bb71067639d258ed3fc687a3bc14ef78","imageurl":"/mcm/images/land/2B/20137_548469954402.jpg","landname":"65"},{"id":281475015639106,"level":3,"status":1,"posx":24,"posy":17,"cityid":594,"townid":1289,"tokenid":"ae02bdd5b92a7a4bd9eeee67b76f22a2","tokenurl":"/mcm/api/land?token=ae02bdd5b92a7a4bd9eeee67b76f22a2","imageurl":"/mcm/images/land/2B/20138_4b5765571289.jpg","landname":"66"},{"id":281475015639107,"level":3,"status":1,"posx":33,"posy":17,"cityid":594,"townid":1289,"tokenid":"128567564f52e9211cd982cd6e1f929e","tokenurl":"/mcm/api/land?token=128567564f52e9211cd982cd6e1f929e","imageurl":"/mcm/images/land/2B/20139_daca94b156e.jpg","landname":"67"},{"id":281475015639108,"level":2,"status":1,"posx":34,"posy":17,"cityid":594,"townid":1289,"tokenid":"11e4bfd141f3a36663dc14dc153c8931","tokenurl":"/mcm/api/land?token=11e4bfd141f3a36663dc14dc153c8931","imageurl":"/mcm/images/land/2A/12080_39931e335b5f.jpg","landname":"68"},{"id":281475015639109,"level":2,"status":0,"posx":7,"posy":18,"cityid":594,"townid":1289,"tokenid":"efbf7367935dac9fb95389120f398d7d","tokenurl":"/mcm/api/land?token=efbf7367935dac9fb95389120f398d7d","imageurl":"/mcm/images/land/2A/12081_1dcb42a19637.jpg","landname":"69"},{"id":281475015639110,"level":3,"status":1,"posx":8,"posy":18,"cityid":594,"townid":1289,"tokenid":"9d91854e1c9bd13e0ad2b2f3946fe5a7","tokenurl":"/mcm/api/land?token=9d91854e1c9bd13e0ad2b2f3946fe5a7","imageurl":"/mcm/images/land/2B/20140_ac8deb2c41e.jpg","landname":"70"},{"id":281475015639111,"level":1,"status":0,"posx":11,"posy":18,"cityid":594,"townid":1289,"tokenid":"7f8c085c91b003d3cf7e7dd370cd663b","tokenurl":"/mcm/api/land?token=7f8c085c91b003d3cf7e7dd370cd663b","imageurl":"/mcm/images/land/2S/8053_3f273f4b9517.jpg","landname":"71"},{"id":281475015639112,"level":2,"status":1,"posx":12,"posy":18,"cityid":594,"townid":1289,"tokenid":"cbd3604f21b4adf18f064eb816861a68","tokenurl":"/mcm/api/land?token=cbd3604f21b4adf18f064eb816861a68","imageurl":"/mcm/images/land/2A/12082_2a424ba97e3c.jpg","landname":"72"},{"id":281475015639113,"level":2,"status":0,"posx":23,"posy":18,"cityid":594,"townid":1289,"tokenid":"9e5d9f10f8afb0945f9f5d1d25cc7c02","tokenurl":"/mcm/api/land?token=9e5d9f10f8afb0945f9f5d1d25cc7c02","imageurl":"/mcm/images/land/2A/12083_338a07e2ff98.jpg","landname":"73"},{"id":281475015639114,"level":3,"status":0,"posx":24,"posy":18,"cityid":594,"townid":1289,"tokenid":"893dce6fbbcc2ebb9315b189fca31f31","tokenurl":"/mcm/api/land?token=893dce6fbbcc2ebb9315b189fca31f31","imageurl":"/mcm/images/land/2B/20141_24c16bdde5d6.jpg","landname":"74"},{"id":281475015639115,"level":1,"status":1,"posx":33,"posy":18,"cityid":594,"townid":1289,"tokenid":"9de972f146e6c9e5cb0b9c24bae841de","tokenurl":"/mcm/api/land?token=9de972f146e6c9e5cb0b9c24bae841de","imageurl":"/mcm/images/land/2S/8054_25e1e62e4314.jpg","landname":"75"},{"id":281475015639116,"level":2,"status":0,"posx":34,"posy":18,"cityid":594,"townid":1289,"tokenid":"9fbffec70f03a9c95d2e27c0c158a39e","tokenurl":"/mcm/api/land?token=9fbffec70f03a9c95d2e27c0c158a39e","imageurl":"/mcm/images/land/2A/12084_3ee3cd1c5c72.jpg","landname":"76"},{"id":281475015639117,"level":3,"status":0,"posx":7,"posy":19,"cityid":594,"townid":1289,"tokenid":"276915b2bd211c7494247cc45e12cfb1","tokenurl":"/mcm/api/land?token=276915b2bd211c7494247cc45e12cfb1","imageurl":"/mcm/images/land/2B/20142_10b93b10be5f.jpg","landname":"77"},{"id":281475015639118,"level":2,"status":1,"posx":8,"posy":19,"cityid":594,"townid":1289,"tokenid":"ace16e53fd2bc81fe6d08d9d24a28630","tokenurl":"/mcm/api/land?token=ace16e53fd2bc81fe6d08d9d24a28630","imageurl":"/mcm/images/land/2A/12085_5991a5f78f08.jpg","landname":"78"},{"id":281475015639119,"level":2,"status":0,"posx":11,"posy":19,"cityid":594,"townid":1289,"tokenid":"76ff314d6f844814e5af6423b85bbfc5","tokenurl":"/mcm/api/land?token=76ff314d6f844814e5af6423b85bbfc5","imageurl":"/mcm/images/land/2A/12086_8f72f49f6e4.jpg","landname":"79"},{"id":281475015639120,"level":3,"status":0,"posx":12,"posy":19,"cityid":594,"townid":1289,"tokenid":"77b1d4b7b044c99fed11671793330333","tokenurl":"/mcm/api/land?token=77b1d4b7b044c99fed11671793330333","imageurl":"/mcm/images/land/2B/20143_48a68e1773bb.jpg","landname":"80"},{"id":281475015639121,"level":1,"status":1,"posx":33,"posy":19,"cityid":594,"townid":1289,"tokenid":"88e94636421c8620d4d4e3c8d66e7b84","tokenurl":"/mcm/api/land?token=88e94636421c8620d4d4e3c8d66e7b84","imageurl":"/mcm/images/land/2S/8055_55a49140e6c.jpg","landname":"81"},{"id":281475015639122,"level":1,"status":0,"posx":34,"posy":19,"cityid":594,"townid":1289,"tokenid":"0192b9b135275b75c14d6af89edb0da9","tokenurl":"/mcm/api/land?token=0192b9b135275b75c14d6af89edb0da9","imageurl":"/mcm/images/land/2S/8056_53a4f166f2d6.jpg","landname":"82"},{"id":281475015639123,"level":2,"status":1,"posx":7,"posy":20,"cityid":594,"townid":1289,"tokenid":"b1999502aa2b3b88336cfef237855cda","tokenurl":"/mcm/api/land?token=b1999502aa2b3b88336cfef237855cda","imageurl":"/mcm/images/land/2A/12087_35b6e2117b39.jpg","landname":"83"},{"id":281475015639124,"level":2,"status":0,"posx":8,"posy":20,"cityid":594,"townid":1289,"tokenid":"ec5a1b8e66617820f437deedb2d53dfa","tokenurl":"/mcm/api/land?token=ec5a1b8e66617820f437deedb2d53dfa","imageurl":"/mcm/images/land/2A/12088_45932ea912b9.jpg","landname":"84"},{"id":281475015639125,"level":2,"status":1,"posx":11,"posy":20,"cityid":594,"townid":1289,"tokenid":"737ba0f929361c3d04ace8613e7a0d44","tokenurl":"/mcm/api/land?token=737ba0f929361c3d04ace8613e7a0d44","imageurl":"/mcm/images/land/2A/12089_42c6d65386c2.jpg","landname":"85"},{"id":281475015639126,"level":3,"status":0,"posx":12,"posy":20,"cityid":594,"townid":1289,"tokenid":"f0c25144dfae0231a50ead160bb46664","tokenurl":"/mcm/api/land?token=f0c25144dfae0231a50ead160bb46664","imageurl":"/mcm/images/land/2B/20144_4f9d5c458711.jpg","landname":"86"},{"id":281475015639127,"level":2,"status":0,"posx":7,"posy":21,"cityid":594,"townid":1289,"tokenid":"e2197b11fc1bb96e6a2cfab6a5fe9a59","tokenurl":"/mcm/api/land?token=e2197b11fc1bb96e6a2cfab6a5fe9a59","imageurl":"/mcm/images/land/2A/12090_2a69237f6b1b.jpg","landname":"87"},{"id":281475015639128,"level":3,"status":0,"posx":8,"posy":21,"cityid":594,"townid":1289,"tokenid":"299fa6e6707b5688bb6def8f9197ca44","tokenurl":"/mcm/api/land?token=299fa6e6707b5688bb6def8f9197ca44","imageurl":"/mcm/images/land/2B/20145_343ad1975d90.jpg","landname":"88"},{"id":281475015639129,"level":1,"status":0,"posx":26,"posy":21,"cityid":594,"townid":1289,"tokenid":"d08fe6f8dc6f996e7ac1cbdd07ba5f5b","tokenurl":"/mcm/api/land?token=d08fe6f8dc6f996e7ac1cbdd07ba5f5b","imageurl":"/mcm/images/land/2S/8057_11834bc10ae6.jpg","landname":"89"},{"id":281475015639130,"level":3,"status":1,"posx":27,"posy":21,"cityid":594,"townid":1289,"tokenid":"f648e1f59763415f324a5e333e32dc39","tokenurl":"/mcm/api/land?token=f648e1f59763415f324a5e333e32dc39","imageurl":"/mcm/images/land/2B/20146_324f7dc731f5.jpg","landname":"90"},{"id":281475015639131,"level":1,"status":0,"posx":7,"posy":22,"cityid":594,"townid":1289,"tokenid":"823ccc2ee854ff22c4178c1af2fea202","tokenurl":"/mcm/api/land?token=823ccc2ee854ff22c4178c1af2fea202","imageurl":"/mcm/images/land/2S/8058_43192e369eb9.jpg","landname":"91"},{"id":281475015639132,"level":3,"status":0,"posx":8,"posy":22,"cityid":594,"townid":1289,"tokenid":"782a43515b1a261bcf4ebe3e84599a01","tokenurl":"/mcm/api/land?token=782a43515b1a261bcf4ebe3e84599a01","imageurl":"/mcm/images/land/2B/20147_421d57e8dadd.jpg","landname":"92"},{"id":281475015639133,"level":3,"status":0,"posx":23,"posy":22,"cityid":594,"townid":1289,"tokenid":"7da041f4677e3620e00b60a3cc4c505b","tokenurl":"/mcm/api/land?token=7da041f4677e3620e00b60a3cc4c505b","imageurl":"/mcm/images/land/2B/20148_311699320974.jpg","landname":"93"},{"id":281475015639134,"level":3,"status":0,"posx":24,"posy":22,"cityid":594,"townid":1289,"tokenid":"222a2aca973246bdde32bbdf378707d9","tokenurl":"/mcm/api/land?token=222a2aca973246bdde32bbdf378707d9","imageurl":"/mcm/images/land/2B/20149_fca736990a4.jpg","landname":"94"},{"id":281475015639135,"level":2,"status":0,"posx":26,"posy":22,"cityid":594,"townid":1289,"tokenid":"876b57e8fafe719d2a521342130457c1","tokenurl":"/mcm/api/land?token=876b57e8fafe719d2a521342130457c1","imageurl":"/mcm/images/land/2A/12091_18b89f234304.jpg","landname":"95"},{"id":281475015639136,"level":2,"status":0,"posx":27,"posy":22,"cityid":594,"townid":1289,"tokenid":"cd6fc798d12b2f81ea6f5cafbf91bb12","tokenurl":"/mcm/api/land?token=cd6fc798d12b2f81ea6f5cafbf91bb12","imageurl":"/mcm/images/land/2A/12092_49bc7b606623.jpg","landname":"96"},{"id":281475015639137,"level":2,"status":0,"posx":33,"posy":22,"cityid":594,"townid":1289,"tokenid":"42b24f08f61eeea8c64fb4c74359e46e","tokenurl":"/mcm/api/land?token=42b24f08f61eeea8c64fb4c74359e46e","imageurl":"/mcm/images/land/2A/12093_3adc7821a8f3.jpg","landname":"97"},{"id":281475015639138,"level":3,"status":1,"posx":34,"posy":22,"cityid":594,"townid":1289,"tokenid":"a35cd9dbb8823a0480ad13d029365f8a","tokenurl":"/mcm/api/land?token=a35cd9dbb8823a0480ad13d029365f8a","imageurl":"/mcm/images/land/2B/20150_1cffade83a65.jpg","landname":"98"},{"id":281475015639139,"level":2,"status":0,"posx":23,"posy":23,"cityid":594,"townid":1289,"tokenid":"319980629d85150dd75fc3dadf81e474","tokenurl":"/mcm/api/land?token=319980629d85150dd75fc3dadf81e474","imageurl":"/mcm/images/land/2A/12094_310ac068ef11.jpg","landname":"99"},{"id":281475015639140,"level":3,"status":0,"posx":24,"posy":23,"cityid":594,"townid":1289,"tokenid":"5a14f8a2e955f0ed0af6cea0d2c68fe6","tokenurl":"/mcm/api/land?token=5a14f8a2e955f0ed0af6cea0d2c68fe6","imageurl":"/mcm/images/land/2B/20151_37668617eaac.jpg","landname":"100"},{"id":281475015639141,"level":3,"status":0,"posx":26,"posy":23,"cityid":594,"townid":1289,"tokenid":"941de2e2cca1e3e0318c890b33c6a062","tokenurl":"/mcm/api/land?token=941de2e2cca1e3e0318c890b33c6a062","imageurl":"/mcm/images/land/2B/20152_9563dd468df.jpg","landname":"101"},{"id":281475015639142,"level":2,"status":0,"posx":27,"posy":23,"cityid":594,"townid":1289,"tokenid":"78368b37a1ac5cfe74f4a5b48b865f27","tokenurl":"/mcm/api/land?token=78368b37a1ac5cfe74f4a5b48b865f27","imageurl":"/mcm/images/land/2A/12095_3cfc22eb255a.jpg","landname":"102"},{"id":281475015639143,"level":2,"status":1,"posx":33,"posy":23,"cityid":594,"townid":1289,"tokenid":"68462fc8efaec731e4378c78cb9f88c1","tokenurl":"/mcm/api/land?token=68462fc8efaec731e4378c78cb9f88c1","imageurl":"/mcm/images/land/2A/12096_21041b59eb92.jpg","landname":"103"},{"id":281475015639144,"level":3,"status":1,"posx":34,"posy":23,"cityid":594,"townid":1289,"tokenid":"22692edad1fddff64137b8c794430d54","tokenurl":"/mcm/api/land?token=22692edad1fddff64137b8c794430d54","imageurl":"/mcm/images/land/2B/20153_319e7409d86a.jpg","landname":"104"},{"id":281475015639145,"level":1,"status":0,"posx":23,"posy":24,"cityid":594,"townid":1289,"tokenid":"4494f1b6689492d22c59db39e2e987d0","tokenurl":"/mcm/api/land?token=4494f1b6689492d22c59db39e2e987d0","imageurl":"/mcm/images/land/2S/8059_17ee68cced6f.jpg","landname":"105"},{"id":281475015639146,"level":2,"status":0,"posx":24,"posy":24,"cityid":594,"townid":1289,"tokenid":"7dd76b08d4adf65e27a851e766cdb145","tokenurl":"/mcm/api/land?token=7dd76b08d4adf65e27a851e766cdb145","imageurl":"/mcm/images/land/2A/12097_42963f6dab58.jpg","landname":"106"},{"id":281475015639147,"level":3,"status":0,"posx":26,"posy":24,"cityid":594,"townid":1289,"tokenid":"823c35c40b507a65668899ae80497eea","tokenurl":"/mcm/api/land?token=823c35c40b507a65668899ae80497eea","imageurl":"/mcm/images/land/2B/20154_2e991536efad.jpg","landname":"107"},{"id":281475015639148,"level":2,"status":1,"posx":27,"posy":24,"cityid":594,"townid":1289,"tokenid":"a41a9abe38377adba6754dc660c557eb","tokenurl":"/mcm/api/land?token=a41a9abe38377adba6754dc660c557eb","imageurl":"/mcm/images/land/2A/12098_293873d35c97.jpg","landname":"108"},{"id":281475015639149,"level":1,"status":0,"posx":33,"posy":24,"cityid":594,"townid":1289,"tokenid":"e90f54b87f15c03eb72d3c55413f1519","tokenurl":"/mcm/api/land?token=e90f54b87f15c03eb72d3c55413f1519","imageurl":"/mcm/images/land/2S/8060_265800281373.jpg","landname":"109"},{"id":281475015639150,"level":1,"status":1,"posx":34,"posy":24,"cityid":594,"townid":1289,"tokenid":"462b1d95081778bdc33e8a01db088ae3","tokenurl":"/mcm/api/land?token=462b1d95081778bdc33e8a01db088ae3","imageurl":"/mcm/images/land/2S/8061_28ac8c5d8a83.jpg","landname":"110"},{"id":281475015639151,"level":3,"status":1,"posx":23,"posy":25,"cityid":594,"townid":1289,"tokenid":"19f15c54fbe30a33eed5147bdd1d84f1","tokenurl":"/mcm/api/land?token=19f15c54fbe30a33eed5147bdd1d84f1","imageurl":"/mcm/images/land/2B/20155_1f96b2d117b6.jpg","landname":"111"},{"id":281475015639152,"level":3,"status":1,"posx":24,"posy":25,"cityid":594,"townid":1289,"tokenid":"50d54fa4fccd7e2ae5b94d72538c04f6","tokenurl":"/mcm/api/land?token=50d54fa4fccd7e2ae5b94d72538c04f6","imageurl":"/mcm/images/land/2B/20156_88fdde812f6.jpg","landname":"112"},{"id":281475015639153,"level":3,"status":1,"posx":26,"posy":25,"cityid":594,"townid":1289,"tokenid":"5029e04cdc11c872480cc67945bb1a23","tokenurl":"/mcm/api/land?token=5029e04cdc11c872480cc67945bb1a23","imageurl":"/mcm/images/land/2B/20157_30182715d08b.jpg","landname":"113"},{"id":281475015639154,"level":3,"status":1,"posx":27,"posy":25,"cityid":594,"townid":1289,"tokenid":"7d1a3062bd01ed2a6be15445f8c78d4f","tokenurl":"/mcm/api/land?token=7d1a3062bd01ed2a6be15445f8c78d4f","imageurl":"/mcm/images/land/2B/20158_d994493d77a.jpg","landname":"114"},{"id":281475015639155,"level":2,"status":1,"posx":33,"posy":25,"cityid":594,"townid":1289,"tokenid":"7acb22f05ce1b2ae8db87410152e4600","tokenurl":"/mcm/api/land?token=7acb22f05ce1b2ae8db87410152e4600","imageurl":"/mcm/images/land/2A/12099_25fbcb7ed96d.jpg","landname":"115"},{"id":281475015639156,"level":1,"status":0,"posx":34,"posy":25,"cityid":594,"townid":1289,"tokenid":"13a574903aed4d83b8eaa4c67cf4127f","tokenurl":"/mcm/api/land?token=13a574903aed4d83b8eaa4c67cf4127f","imageurl":"/mcm/images/land/2S/8062_314d8c14175b.jpg","landname":"116"},{"id":281475015639157,"level":1,"status":1,"posx":23,"posy":26,"cityid":594,"townid":1289,"tokenid":"cb0b897230df1504864c8343651b13f1","tokenurl":"/mcm/api/land?token=cb0b897230df1504864c8343651b13f1","imageurl":"/mcm/images/land/2S/8063_5094bfa11ad9.jpg","landname":"117"},{"id":281475015639158,"level":2,"status":0,"posx":24,"posy":26,"cityid":594,"townid":1289,"tokenid":"4b6a65bc664ca985e7290e5143f6308f","tokenurl":"/mcm/api/land?token=4b6a65bc664ca985e7290e5143f6308f","imageurl":"/mcm/images/land/2A/12100_3070e18e0fee.jpg","landname":"118"},{"id":281475015639159,"level":3,"status":0,"posx":33,"posy":26,"cityid":594,"townid":1289,"tokenid":"7fa3fa5f5440e36580790b162e746370","tokenurl":"/mcm/api/land?token=7fa3fa5f5440e36580790b162e746370","imageurl":"/mcm/images/land/2B/20159_2527953a2c6e.jpg","landname":"119"},{"id":281475015639160,"level":2,"status":1,"posx":34,"posy":26,"cityid":594,"townid":1289,"tokenid":"83d7900aacc3999b09e52e114af1bc6e","tokenurl":"/mcm/api/land?token=83d7900aacc3999b09e52e114af1bc6e","imageurl":"/mcm/images/land/2A/12101_102e28f198c7.jpg","landname":"120"},{"id":281475015639161,"level":1,"status":0,"posx":31,"posy":27,"cityid":594,"townid":1289,"tokenid":"d0790170bdea69327514a2e320e6b73c","tokenurl":"/mcm/api/land?token=d0790170bdea69327514a2e320e6b73c","imageurl":"/mcm/images/land/2S/8064_4007c8d3a8e1.jpg","landname":"121"},{"id":281475015639162,"level":1,"status":0,"posx":32,"posy":27,"cityid":594,"townid":1289,"tokenid":"cfb1c4bed6f059aca832b6ca761c5419","tokenurl":"/mcm/api/land?token=cfb1c4bed6f059aca832b6ca761c5419","imageurl":"/mcm/images/land/2S/8065_3a687e8dc8de.jpg","landname":"122"},{"id":281475015639163,"level":1,"status":1,"posx":6,"posy":28,"cityid":594,"townid":1289,"tokenid":"4ef485dbc00c02ad92cf3775841e6ba3","tokenurl":"/mcm/api/land?token=4ef485dbc00c02ad92cf3775841e6ba3","imageurl":"/mcm/images/land/2S/8066_493fd69519b1.jpg","landname":"123"},{"id":281475015639164,"level":3,"status":0,"posx":7,"posy":28,"cityid":594,"townid":1289,"tokenid":"ce2de1d6d1d13357516a047e9ecedc9a","tokenurl":"/mcm/api/land?token=ce2de1d6d1d13357516a047e9ecedc9a","imageurl":"/mcm/images/land/2B/20160_186a2215cb41.jpg","landname":"124"},{"id":281475015639165,"level":2,"status":0,"posx":9,"posy":28,"cityid":594,"townid":1289,"tokenid":"eed8154df23da06e0ac071ee8ee179a1","tokenurl":"/mcm/api/land?token=eed8154df23da06e0ac071ee8ee179a1","imageurl":"/mcm/images/land/2A/12102_1e551bf7d7e.jpg","landname":"125"},{"id":281475015639166,"level":2,"status":1,"posx":10,"posy":28,"cityid":594,"townid":1289,"tokenid":"b0257aa94933de88f5dd5d28082c18db","tokenurl":"/mcm/api/land?token=b0257aa94933de88f5dd5d28082c18db","imageurl":"/mcm/images/land/2A/12103_bf6496121dc.jpg","landname":"126"},{"id":281475015639167,"level":3,"status":1,"posx":31,"posy":28,"cityid":594,"townid":1289,"tokenid":"444ca2369f583febe39483c9fb2dac48","tokenurl":"/mcm/api/land?token=444ca2369f583febe39483c9fb2dac48","imageurl":"/mcm/images/land/2B/20161_45b9ebcdd8bb.jpg","landname":"127"},{"id":281475015639168,"level":1,"status":1,"posx":32,"posy":28,"cityid":594,"townid":1289,"tokenid":"8436765bbd3b3b20de7963e31de8a2ca","tokenurl":"/mcm/api/land?token=8436765bbd3b3b20de7963e31de8a2ca","imageurl":"/mcm/images/land/2S/8067_23373523290c.jpg","landname":"128"},{"id":281475015639169,"level":3,"status":1,"posx":6,"posy":29,"cityid":594,"townid":1289,"tokenid":"d2a8eb3a0eba964c53e1eed36c719e33","tokenurl":"/mcm/api/land?token=d2a8eb3a0eba964c53e1eed36c719e33","imageurl":"/mcm/images/land/2B/20162_1c61c6aeb6dd.jpg","landname":"129"},{"id":281475015639170,"level":1,"status":1,"posx":7,"posy":29,"cityid":594,"townid":1289,"tokenid":"a66ebe3b972c62bf25d437872ab973ed","tokenurl":"/mcm/api/land?token=a66ebe3b972c62bf25d437872ab973ed","imageurl":"/mcm/images/land/2S/8068_211de4e55b39.jpg","landname":"130"},{"id":281475015639171,"level":2,"status":1,"posx":9,"posy":29,"cityid":594,"townid":1289,"tokenid":"b95ed8e6f32497f2adad6f337fac4fe8","tokenurl":"/mcm/api/land?token=b95ed8e6f32497f2adad6f337fac4fe8","imageurl":"/mcm/images/land/2A/12104_4ff6d5ab281f.jpg","landname":"131"},{"id":281475015639172,"level":3,"status":0,"posx":10,"posy":29,"cityid":594,"townid":1289,"tokenid":"498cb0db7cf203aeafd5d94a53903c36","tokenurl":"/mcm/api/land?token=498cb0db7cf203aeafd5d94a53903c36","imageurl":"/mcm/images/land/2B/20163_32d0780813eb.jpg","landname":"132"},{"id":281475015639173,"level":2,"status":1,"posx":31,"posy":29,"cityid":594,"townid":1289,"tokenid":"0fc9b0c4e4691832dac11db01ccdda0c","tokenurl":"/mcm/api/land?token=0fc9b0c4e4691832dac11db01ccdda0c","imageurl":"/mcm/images/land/2A/12105_9b47ff0f360.jpg","landname":"133"},{"id":281475015639174,"level":3,"status":1,"posx":32,"posy":29,"cityid":594,"townid":1289,"tokenid":"ee383472aa1c28787c94f43a107b03f6","tokenurl":"/mcm/api/land?token=ee383472aa1c28787c94f43a107b03f6","imageurl":"/mcm/images/land/2B/20164_8cbe626ff7d.jpg","landname":"134"},{"id":281475015639175,"level":3,"status":0,"posx":6,"posy":30,"cityid":594,"townid":1289,"tokenid":"dd2b531cd13badabbf8248ee18040a00","tokenurl":"/mcm/api/land?token=dd2b531cd13badabbf8248ee18040a00","imageurl":"/mcm/images/land/2B/20165_363a0e603514.jpg","landname":"135"},{"id":281475015639176,"level":3,"status":1,"posx":7,"posy":30,"cityid":594,"townid":1289,"tokenid":"4d4213e16619bdbc8545d32af1c59234","tokenurl":"/mcm/api/land?token=4d4213e16619bdbc8545d32af1c59234","imageurl":"/mcm/images/land/2B/20166_384b09b897e6.jpg","landname":"136"},{"id":281475015639177,"level":3,"status":1,"posx":9,"posy":30,"cityid":594,"townid":1289,"tokenid":"4f5ca1cdd08777d82834fa3aa4164781","tokenurl":"/mcm/api/land?token=4f5ca1cdd08777d82834fa3aa4164781","imageurl":"/mcm/images/land/2B/20167_8abd99ce238.jpg","landname":"137"},{"id":281475015639178,"level":1,"status":1,"posx":10,"posy":30,"cityid":594,"townid":1289,"tokenid":"f0f695f10966c8320d9b18801c149a98","tokenurl":"/mcm/api/land?token=f0f695f10966c8320d9b18801c149a98","imageurl":"/mcm/images/land/2S/8069_2350faddff0.jpg","landname":"138"},{"id":281475015639179,"level":3,"status":0,"posx":31,"posy":30,"cityid":594,"townid":1289,"tokenid":"8e89b5eedc70387449104e2d2ad1e7c1","tokenurl":"/mcm/api/land?token=8e89b5eedc70387449104e2d2ad1e7c1","imageurl":"/mcm/images/land/2B/20168_35445a1d5146.jpg","landname":"139"},{"id":281475015639180,"level":3,"status":0,"posx":32,"posy":30,"cityid":594,"townid":1289,"tokenid":"90813fd06bce9bc5eed7a07ba46a6330","tokenurl":"/mcm/api/land?token=90813fd06bce9bc5eed7a07ba46a6330","imageurl":"/mcm/images/land/2B/20169_116b7cc7546f.jpg","landname":"140"},{"id":281475015639181,"level":3,"status":0,"posx":6,"posy":31,"cityid":594,"townid":1289,"tokenid":"e7e20f470ebd11bc26b999c6430cb428","tokenurl":"/mcm/api/land?token=e7e20f470ebd11bc26b999c6430cb428","imageurl":"/mcm/images/land/2B/20170_668071e49e9.jpg","landname":"141"},{"id":281475015639182,"level":3,"status":1,"posx":7,"posy":31,"cityid":594,"townid":1289,"tokenid":"bb6f7b55bef531da156dd072a07f149f","tokenurl":"/mcm/api/land?token=bb6f7b55bef531da156dd072a07f149f","imageurl":"/mcm/images/land/2B/20171_2501694315da.jpg","landname":"142"},{"id":281475015639183,"level":3,"status":0,"posx":9,"posy":31,"cityid":594,"townid":1289,"tokenid":"8f2b4daa2e3761893aeda16cda162153","tokenurl":"/mcm/api/land?token=8f2b4daa2e3761893aeda16cda162153","imageurl":"/mcm/images/land/2B/20172_38b7ad80939f.jpg","landname":"143"},{"id":281475015639184,"level":2,"status":0,"posx":10,"posy":31,"cityid":594,"townid":1289,"tokenid":"df640a6de2fa41acdb186b4b3e2e6315","tokenurl":"/mcm/api/land?token=df640a6de2fa41acdb186b4b3e2e6315","imageurl":"/mcm/images/land/2A/12106_545ffed78502.jpg","landname":"144"},{"id":281475015639185,"level":3,"status":0,"posx":31,"posy":31,"cityid":594,"townid":1289,"tokenid":"4131b8d1faf037b54ae2fa3d8fcd00b2","tokenurl":"/mcm/api/land?token=4131b8d1faf037b54ae2fa3d8fcd00b2","imageurl":"/mcm/images/land/2B/20173_3adcef87b21f.jpg","landname":"145"},{"id":281475015639186,"level":1,"status":0,"posx":32,"posy":31,"cityid":594,"townid":1289,"tokenid":"6fdd269d9a84f968483e4c8b9aebaf3f","tokenurl":"/mcm/api/land?token=6fdd269d9a84f968483e4c8b9aebaf3f","imageurl":"/mcm/images/land/2S/8070_47640b43933e.jpg","landname":"146"},{"id":281475015639187,"level":3,"status":1,"posx":6,"posy":32,"cityid":594,"townid":1289,"tokenid":"32fd7d25f6a4c99e75ae4b98a587a66d","tokenurl":"/mcm/api/land?token=32fd7d25f6a4c99e75ae4b98a587a66d","imageurl":"/mcm/images/land/2B/20174_c3fe4c17c66.jpg","landname":"147"},{"id":281475015639188,"level":3,"status":0,"posx":7,"posy":32,"cityid":594,"townid":1289,"tokenid":"c9e3d20c70b769f15adeb8e79131f69a","tokenurl":"/mcm/api/land?token=c9e3d20c70b769f15adeb8e79131f69a","imageurl":"/mcm/images/land/2B/20175_1a8ddf85422f.jpg","landname":"148"},{"id":281475015639189,"level":1,"status":0,"posx":9,"posy":32,"cityid":594,"townid":1289,"tokenid":"9ef29db0731f45c4898ef7989c27aa59","tokenurl":"/mcm/api/land?token=9ef29db0731f45c4898ef7989c27aa59","imageurl":"/mcm/images/land/2S/8071_25775a7bd378.jpg","landname":"149"},{"id":281475015639190,"level":3,"status":1,"posx":10,"posy":32,"cityid":594,"townid":1289,"tokenid":"95d94e6facdf1e5c0e1054a0ad3c8ec2","tokenurl":"/mcm/api/land?token=95d94e6facdf1e5c0e1054a0ad3c8ec2","imageurl":"/mcm/images/land/2B/20176_67626f51d7f.jpg","landname":"150"}]]],0,0,[],[],[]]
