[1,0,0,[["cc.JsonAsset",["_name","json"],1]],[[0,0,1,3]],[[0,"888",[{"id":281475003318423,"level":1,"status":1,"posx":32,"posy":5,"cityid":406,"townid":888,"tokenid":"fa21e09deb54ce7badf32863130c7901","tokenurl":"/mcm/api/land?token=fa21e09deb54ce7badf32863130c7901","imageurl":"/mcm/images/land/2S/9812_21e4581f4b13.jpg","landname":"1"},{"id":281475003318424,"level":3,"status":1,"posx":33,"posy":5,"cityid":406,"townid":888,"tokenid":"c3d26de8ab8749b75edbe8261864baf9","tokenurl":"/mcm/api/land?token=c3d26de8ab8749b75edbe8261864baf9","imageurl":"/mcm/images/land/2B/24527_1f897903c589.jpg","landname":"2"},{"id":281475003318425,"level":2,"status":1,"posx":5,"posy":6,"cityid":406,"townid":888,"tokenid":"87c559428343a17754c7d8701bf645c1","tokenurl":"/mcm/api/land?token=87c559428343a17754c7d8701bf645c1","imageurl":"/mcm/images/land/2A/14717_2d6a144c9161.jpg","landname":"3"},{"id":281475003318426,"level":3,"status":0,"posx":6,"posy":6,"cityid":406,"townid":888,"tokenid":"cff5bcf2068cee76f4b8600ab86d1265","tokenurl":"/mcm/api/land?token=cff5bcf2068cee76f4b8600ab86d1265","imageurl":"/mcm/images/land/2B/24528_3816364b51f6.jpg","landname":"4"},{"id":281475003318427,"level":2,"status":1,"posx":21,"posy":6,"cityid":406,"townid":888,"tokenid":"99cfe265b3d4a0da3b23824cc0114be9","tokenurl":"/mcm/api/land?token=99cfe265b3d4a0da3b23824cc0114be9","imageurl":"/mcm/images/land/2A/14718_2889c80c87b0.jpg","landname":"5"},{"id":281475003318428,"level":3,"status":0,"posx":22,"posy":6,"cityid":406,"townid":888,"tokenid":"a041f9379c4e167821f7b1478e5e245c","tokenurl":"/mcm/api/land?token=a041f9379c4e167821f7b1478e5e245c","imageurl":"/mcm/images/land/2B/24529_2c8f33eee14c.jpg","landname":"6"},{"id":281475003318429,"level":1,"status":1,"posx":23,"posy":6,"cityid":406,"townid":888,"tokenid":"b9f6d4621c89c53ff652b64da96365f4","tokenurl":"/mcm/api/land?token=b9f6d4621c89c53ff652b64da96365f4","imageurl":"/mcm/images/land/2S/9813_3253f85cc7c1.jpg","landname":"7"},{"id":281475003318430,"level":3,"status":0,"posx":24,"posy":6,"cityid":406,"townid":888,"tokenid":"a6f30469465a17f4924d95a1bf4a0289","tokenurl":"/mcm/api/land?token=a6f30469465a17f4924d95a1bf4a0289","imageurl":"/mcm/images/land/2B/24530_49ab2b379ce6.jpg","landname":"8"},{"id":281475003318431,"level":3,"status":0,"posx":25,"posy":6,"cityid":406,"townid":888,"tokenid":"b98cbb57dea5ef736cdda090fe76cd3d","tokenurl":"/mcm/api/land?token=b98cbb57dea5ef736cdda090fe76cd3d","imageurl":"/mcm/images/land/2B/24531_16f264feb6ad.jpg","landname":"9"},{"id":281475003318432,"level":3,"status":0,"posx":32,"posy":6,"cityid":406,"townid":888,"tokenid":"06c3d6a1ab01ca6338a2f54c907cce62","tokenurl":"/mcm/api/land?token=06c3d6a1ab01ca6338a2f54c907cce62","imageurl":"/mcm/images/land/2B/24532_28a6ad1c7b5.jpg","landname":"10"},{"id":281475003318433,"level":2,"status":1,"posx":33,"posy":6,"cityid":406,"townid":888,"tokenid":"5c9a97c255b90af60c573c2ec277d7fd","tokenurl":"/mcm/api/land?token=5c9a97c255b90af60c573c2ec277d7fd","imageurl":"/mcm/images/land/2A/14719_239750c4afc8.jpg","landname":"11"},{"id":281475003318434,"level":1,"status":0,"posx":5,"posy":7,"cityid":406,"townid":888,"tokenid":"1946a92315e0f7bdb9e673f8bf615017","tokenurl":"/mcm/api/land?token=1946a92315e0f7bdb9e673f8bf615017","imageurl":"/mcm/images/land/2S/9814_15ae0ea38ea8.jpg","landname":"12"},{"id":281475003318435,"level":2,"status":0,"posx":6,"posy":7,"cityid":406,"townid":888,"tokenid":"a72b686d25dcf9648f4a0adc34b54fac","tokenurl":"/mcm/api/land?token=a72b686d25dcf9648f4a0adc34b54fac","imageurl":"/mcm/images/land/2A/14720_3e4fc12238c4.jpg","landname":"13"},{"id":281475003318436,"level":3,"status":0,"posx":21,"posy":7,"cityid":406,"townid":888,"tokenid":"d9d0a1bc2017910ead85d1bf2e8a6553","tokenurl":"/mcm/api/land?token=d9d0a1bc2017910ead85d1bf2e8a6553","imageurl":"/mcm/images/land/2B/24533_45a7e3727e6c.jpg","landname":"14"},{"id":281475003318437,"level":3,"status":1,"posx":22,"posy":7,"cityid":406,"townid":888,"tokenid":"9b22c6d1debb3e86e373a56e1c5158a6","tokenurl":"/mcm/api/land?token=9b22c6d1debb3e86e373a56e1c5158a6","imageurl":"/mcm/images/land/2B/24534_100f3c9bdb52.jpg","landname":"15"},{"id":281475003318438,"level":2,"status":1,"posx":23,"posy":7,"cityid":406,"townid":888,"tokenid":"3ce262fb1d40e8591b4ab91309a5a8a8","tokenurl":"/mcm/api/land?token=3ce262fb1d40e8591b4ab91309a5a8a8","imageurl":"/mcm/images/land/2A/14721_119584a573dd.jpg","landname":"16"},{"id":281475003318439,"level":2,"status":0,"posx":24,"posy":7,"cityid":406,"townid":888,"tokenid":"b3fb49862bbdd1aed518490930ca8523","tokenurl":"/mcm/api/land?token=b3fb49862bbdd1aed518490930ca8523","imageurl":"/mcm/images/land/2A/14722_4c7036a3558a.jpg","landname":"17"},{"id":281475003318440,"level":2,"status":0,"posx":25,"posy":7,"cityid":406,"townid":888,"tokenid":"51bac3e4ce81c468a09e695e9cc5c7db","tokenurl":"/mcm/api/land?token=51bac3e4ce81c468a09e695e9cc5c7db","imageurl":"/mcm/images/land/2A/14723_254afb88b98b.jpg","landname":"18"},{"id":281475003318441,"level":3,"status":0,"posx":32,"posy":7,"cityid":406,"townid":888,"tokenid":"fd113d1c47e5d51b252f74729cd8d407","tokenurl":"/mcm/api/land?token=fd113d1c47e5d51b252f74729cd8d407","imageurl":"/mcm/images/land/2B/24535_1faccb9833d9.jpg","landname":"19"},{"id":281475003318442,"level":1,"status":0,"posx":33,"posy":7,"cityid":406,"townid":888,"tokenid":"b8c6c0646651569667bf63076523b087","tokenurl":"/mcm/api/land?token=b8c6c0646651569667bf63076523b087","imageurl":"/mcm/images/land/2S/9815_2e8921879573.jpg","landname":"20"},{"id":281475003318443,"level":1,"status":0,"posx":5,"posy":8,"cityid":406,"townid":888,"tokenid":"f0a5574394d8a6c6bed32ee6368d4961","tokenurl":"/mcm/api/land?token=f0a5574394d8a6c6bed32ee6368d4961","imageurl":"/mcm/images/land/2S/9816_3b7e883b0ceb.jpg","landname":"21"},{"id":281475003318444,"level":3,"status":0,"posx":6,"posy":8,"cityid":406,"townid":888,"tokenid":"4bd6c3745cabfa8419c5a6780d80459f","tokenurl":"/mcm/api/land?token=4bd6c3745cabfa8419c5a6780d80459f","imageurl":"/mcm/images/land/2B/24536_3b6589f4b221.jpg","landname":"22"},{"id":281475003318445,"level":3,"status":0,"posx":32,"posy":8,"cityid":406,"townid":888,"tokenid":"a288ed4a1399050e24adb347db48f0dc","tokenurl":"/mcm/api/land?token=a288ed4a1399050e24adb347db48f0dc","imageurl":"/mcm/images/land/2B/24537_3f931d39a855.jpg","landname":"23"},{"id":281475003318446,"level":3,"status":1,"posx":33,"posy":8,"cityid":406,"townid":888,"tokenid":"38e79d2c995aa8e226827092148cd3d7","tokenurl":"/mcm/api/land?token=38e79d2c995aa8e226827092148cd3d7","imageurl":"/mcm/images/land/2B/24538_404faee00e88.jpg","landname":"24"},{"id":281475003318447,"level":2,"status":0,"posx":5,"posy":9,"cityid":406,"townid":888,"tokenid":"2b008c3a4af719f6a9374c9254a20a51","tokenurl":"/mcm/api/land?token=2b008c3a4af719f6a9374c9254a20a51","imageurl":"/mcm/images/land/2A/14724_4b0fccf5a616.jpg","landname":"25"},{"id":281475003318448,"level":2,"status":0,"posx":6,"posy":9,"cityid":406,"townid":888,"tokenid":"fa5e8d09a0cdcf71719286d2a2e01f67","tokenurl":"/mcm/api/land?token=fa5e8d09a0cdcf71719286d2a2e01f67","imageurl":"/mcm/images/land/2A/14725_113a91cc465c.jpg","landname":"26"},{"id":281475003318449,"level":3,"status":0,"posx":32,"posy":9,"cityid":406,"townid":888,"tokenid":"87bf541ff442c4afb85fc8abe344a98d","tokenurl":"/mcm/api/land?token=87bf541ff442c4afb85fc8abe344a98d","imageurl":"/mcm/images/land/2B/24539_2a40e7c71ad1.jpg","landname":"27"},{"id":281475003318450,"level":1,"status":0,"posx":33,"posy":9,"cityid":406,"townid":888,"tokenid":"89180b389334739994e38e4afa0c6010","tokenurl":"/mcm/api/land?token=89180b389334739994e38e4afa0c6010","imageurl":"/mcm/images/land/2S/9817_6753a5e3cbf.jpg","landname":"28"},{"id":281475003318451,"level":2,"status":0,"posx":5,"posy":10,"cityid":406,"townid":888,"tokenid":"ca60ae5333fd5ba0e1e99425dfe94cf8","tokenurl":"/mcm/api/land?token=ca60ae5333fd5ba0e1e99425dfe94cf8","imageurl":"/mcm/images/land/2A/14726_1913c4f07a1a.jpg","landname":"29"},{"id":281475003318452,"level":2,"status":0,"posx":6,"posy":10,"cityid":406,"townid":888,"tokenid":"01e8c949e0d5bd23c001046f54fa6233","tokenurl":"/mcm/api/land?token=01e8c949e0d5bd23c001046f54fa6233","imageurl":"/mcm/images/land/2A/14727_718554882c4.jpg","landname":"30"},{"id":281475003318453,"level":3,"status":1,"posx":8,"posy":10,"cityid":406,"townid":888,"tokenid":"3bcd1f9dec215acfac6d65e23026361b","tokenurl":"/mcm/api/land?token=3bcd1f9dec215acfac6d65e23026361b","imageurl":"/mcm/images/land/2B/24540_a302aea5c4.jpg","landname":"31"},{"id":281475003318454,"level":2,"status":1,"posx":9,"posy":10,"cityid":406,"townid":888,"tokenid":"4eb5e1aa58411b7ea8152ae24465c4cd","tokenurl":"/mcm/api/land?token=4eb5e1aa58411b7ea8152ae24465c4cd","imageurl":"/mcm/images/land/2A/14728_3d1f9fd67eed.jpg","landname":"32"},{"id":281475003318455,"level":3,"status":0,"posx":23,"posy":10,"cityid":406,"townid":888,"tokenid":"6e8658f31a4bba048ef2bbc2a77a5452","tokenurl":"/mcm/api/land?token=6e8658f31a4bba048ef2bbc2a77a5452","imageurl":"/mcm/images/land/2B/24541_54facf93503a.jpg","landname":"33"},{"id":281475003318456,"level":3,"status":0,"posx":24,"posy":10,"cityid":406,"townid":888,"tokenid":"80758eda11f1e2b921abadeaf9435123","tokenurl":"/mcm/api/land?token=80758eda11f1e2b921abadeaf9435123","imageurl":"/mcm/images/land/2B/24542_5618386b6c95.jpg","landname":"34"},{"id":281475003318457,"level":1,"status":0,"posx":8,"posy":11,"cityid":406,"townid":888,"tokenid":"4d13ac4fb4da34bfc71f711ddd902f82","tokenurl":"/mcm/api/land?token=4d13ac4fb4da34bfc71f711ddd902f82","imageurl":"/mcm/images/land/2S/9818_74a7e668456.jpg","landname":"35"},{"id":281475003318458,"level":1,"status":1,"posx":9,"posy":11,"cityid":406,"townid":888,"tokenid":"8f4b93a43046f6c3ab70c5de2cfa2299","tokenurl":"/mcm/api/land?token=8f4b93a43046f6c3ab70c5de2cfa2299","imageurl":"/mcm/images/land/2S/9819_331ef5aefcd2.jpg","landname":"36"},{"id":281475003318459,"level":1,"status":0,"posx":23,"posy":11,"cityid":406,"townid":888,"tokenid":"39c21a94df107e3b95d1415a69fac9dc","tokenurl":"/mcm/api/land?token=39c21a94df107e3b95d1415a69fac9dc","imageurl":"/mcm/images/land/2S/9820_4e313a04b5d9.jpg","landname":"37"},{"id":281475003318460,"level":2,"status":0,"posx":24,"posy":11,"cityid":406,"townid":888,"tokenid":"08a755023cd45f17c0e0fd4f74a626cf","tokenurl":"/mcm/api/land?token=08a755023cd45f17c0e0fd4f74a626cf","imageurl":"/mcm/images/land/2A/14729_991f46a883e.jpg","landname":"38"},{"id":281475003318461,"level":2,"status":0,"posx":8,"posy":12,"cityid":406,"townid":888,"tokenid":"dae383fa37fc1b760536f179c281203e","tokenurl":"/mcm/api/land?token=dae383fa37fc1b760536f179c281203e","imageurl":"/mcm/images/land/2A/14730_2e310424440d.jpg","landname":"39"},{"id":281475003318462,"level":1,"status":1,"posx":9,"posy":12,"cityid":406,"townid":888,"tokenid":"614043c6ad1b810a3956bf9cf5ae7398","tokenurl":"/mcm/api/land?token=614043c6ad1b810a3956bf9cf5ae7398","imageurl":"/mcm/images/land/2S/9821_389a0e636de5.jpg","landname":"40"},{"id":281475003318463,"level":1,"status":0,"posx":23,"posy":12,"cityid":406,"townid":888,"tokenid":"aa56731aff043ce1308e99fe508ed930","tokenurl":"/mcm/api/land?token=aa56731aff043ce1308e99fe508ed930","imageurl":"/mcm/images/land/2S/9822_251786de9b12.jpg","landname":"41"},{"id":281475003318464,"level":3,"status":1,"posx":24,"posy":12,"cityid":406,"townid":888,"tokenid":"1b7883eb3e5cd0d6ca49dac6530b40bf","tokenurl":"/mcm/api/land?token=1b7883eb3e5cd0d6ca49dac6530b40bf","imageurl":"/mcm/images/land/2B/24543_1a90649b87f0.jpg","landname":"42"},{"id":281475003318465,"level":2,"status":1,"posx":32,"posy":12,"cityid":406,"townid":888,"tokenid":"ade49d09f1e58fcb6009e41b30344570","tokenurl":"/mcm/api/land?token=ade49d09f1e58fcb6009e41b30344570","imageurl":"/mcm/images/land/2A/14731_4c68f3a5149.jpg","landname":"43"},{"id":281475003318466,"level":3,"status":0,"posx":33,"posy":12,"cityid":406,"townid":888,"tokenid":"7a7dfad6e3f62cce6f2b2900c8f06df0","tokenurl":"/mcm/api/land?token=7a7dfad6e3f62cce6f2b2900c8f06df0","imageurl":"/mcm/images/land/2B/24544_feca59d777.jpg","landname":"44"},{"id":281475003318467,"level":1,"status":0,"posx":8,"posy":13,"cityid":406,"townid":888,"tokenid":"9f67f4d897206e231f3e09b5c1f292b6","tokenurl":"/mcm/api/land?token=9f67f4d897206e231f3e09b5c1f292b6","imageurl":"/mcm/images/land/2S/9823_3bad4842b42b.jpg","landname":"45"},{"id":281475003318468,"level":3,"status":1,"posx":9,"posy":13,"cityid":406,"townid":888,"tokenid":"c6d7a03400c7a5364e7e3d4bd843458d","tokenurl":"/mcm/api/land?token=c6d7a03400c7a5364e7e3d4bd843458d","imageurl":"/mcm/images/land/2B/24545_30c30d923052.jpg","landname":"46"},{"id":281475003318469,"level":3,"status":1,"posx":23,"posy":13,"cityid":406,"townid":888,"tokenid":"5e24e9d241d296461db984ca73d088f9","tokenurl":"/mcm/api/land?token=5e24e9d241d296461db984ca73d088f9","imageurl":"/mcm/images/land/2B/24546_3655892fe1cd.jpg","landname":"47"},{"id":281475003318470,"level":2,"status":0,"posx":24,"posy":13,"cityid":406,"townid":888,"tokenid":"c373059eef4436db28c1c4c848443531","tokenurl":"/mcm/api/land?token=c373059eef4436db28c1c4c848443531","imageurl":"/mcm/images/land/2A/14732_51e5150c6bf7.jpg","landname":"48"},{"id":281475003318471,"level":3,"status":0,"posx":32,"posy":13,"cityid":406,"townid":888,"tokenid":"caf31a4a4483ee1ef9aa4a0cfc4c663f","tokenurl":"/mcm/api/land?token=caf31a4a4483ee1ef9aa4a0cfc4c663f","imageurl":"/mcm/images/land/2B/24547_4ca945506f7e.jpg","landname":"49"},{"id":281475003318472,"level":2,"status":0,"posx":33,"posy":13,"cityid":406,"townid":888,"tokenid":"86cba5dc775d4032198f35b32c3603a8","tokenurl":"/mcm/api/land?token=86cba5dc775d4032198f35b32c3603a8","imageurl":"/mcm/images/land/2A/14733_84150610826.jpg","landname":"50"},{"id":281475003318473,"level":3,"status":0,"posx":8,"posy":14,"cityid":406,"townid":888,"tokenid":"c389dd89471f8d2b735f307870eb4b85","tokenurl":"/mcm/api/land?token=c389dd89471f8d2b735f307870eb4b85","imageurl":"/mcm/images/land/2B/24548_2d2ed6cf13d7.jpg","landname":"51"},{"id":281475003318474,"level":3,"status":0,"posx":9,"posy":14,"cityid":406,"townid":888,"tokenid":"eb83b467715f004807a796c700417154","tokenurl":"/mcm/api/land?token=eb83b467715f004807a796c700417154","imageurl":"/mcm/images/land/2B/24549_315885c54d45.jpg","landname":"52"},{"id":281475003318475,"level":3,"status":0,"posx":23,"posy":14,"cityid":406,"townid":888,"tokenid":"a555d782440caa2b40535c8ae436bd2e","tokenurl":"/mcm/api/land?token=a555d782440caa2b40535c8ae436bd2e","imageurl":"/mcm/images/land/2B/24550_2d31ecb78c7c.jpg","landname":"53"},{"id":281475003318476,"level":3,"status":1,"posx":24,"posy":14,"cityid":406,"townid":888,"tokenid":"879058bb09cac9376a1c8fb95dd16cd9","tokenurl":"/mcm/api/land?token=879058bb09cac9376a1c8fb95dd16cd9","imageurl":"/mcm/images/land/2B/24551_b5701f2f0af.jpg","landname":"54"},{"id":281475003318477,"level":2,"status":1,"posx":32,"posy":14,"cityid":406,"townid":888,"tokenid":"86452fdad242c5ee14790bc14dc34095","tokenurl":"/mcm/api/land?token=86452fdad242c5ee14790bc14dc34095","imageurl":"/mcm/images/land/2A/14734_36ad26e59180.jpg","landname":"55"},{"id":281475003318478,"level":3,"status":1,"posx":33,"posy":14,"cityid":406,"townid":888,"tokenid":"cc1d488ba216e63a573283c0d7fac110","tokenurl":"/mcm/api/land?token=cc1d488ba216e63a573283c0d7fac110","imageurl":"/mcm/images/land/2B/24552_1ce530205ba9.jpg","landname":"56"},{"id":281475003318479,"level":3,"status":0,"posx":32,"posy":15,"cityid":406,"townid":888,"tokenid":"d295e13c016ae42671731bd6fc0ec635","tokenurl":"/mcm/api/land?token=d295e13c016ae42671731bd6fc0ec635","imageurl":"/mcm/images/land/2B/24553_25966a7d82b5.jpg","landname":"57"},{"id":281475003318480,"level":3,"status":1,"posx":33,"posy":15,"cityid":406,"townid":888,"tokenid":"d5d4fe6447efd794b029080eaf5c377b","tokenurl":"/mcm/api/land?token=d5d4fe6447efd794b029080eaf5c377b","imageurl":"/mcm/images/land/2B/24554_1ecb9dfa57ae.jpg","landname":"58"},{"id":281475003318481,"level":1,"status":0,"posx":8,"posy":16,"cityid":406,"townid":888,"tokenid":"e333c90d43d1a017ce677f3d56c4a3a3","tokenurl":"/mcm/api/land?token=e333c90d43d1a017ce677f3d56c4a3a3","imageurl":"/mcm/images/land/2S/9824_3ccd174948d7.jpg","landname":"59"},{"id":281475003318482,"level":3,"status":1,"posx":9,"posy":16,"cityid":406,"townid":888,"tokenid":"b12df33d577e55e03698cf9b85ae9aa5","tokenurl":"/mcm/api/land?token=b12df33d577e55e03698cf9b85ae9aa5","imageurl":"/mcm/images/land/2B/24555_11e04cb20ae8.jpg","landname":"60"},{"id":281475003318483,"level":2,"status":1,"posx":32,"posy":16,"cityid":406,"townid":888,"tokenid":"3e2118fe6caa2581619c6b38b6f59ec0","tokenurl":"/mcm/api/land?token=3e2118fe6caa2581619c6b38b6f59ec0","imageurl":"/mcm/images/land/2A/14735_6a21f828ec9.jpg","landname":"61"},{"id":281475003318484,"level":3,"status":1,"posx":33,"posy":16,"cityid":406,"townid":888,"tokenid":"2436127b95e387a5cf43cf0434716306","tokenurl":"/mcm/api/land?token=2436127b95e387a5cf43cf0434716306","imageurl":"/mcm/images/land/2B/24556_575a4e4cbb9.jpg","landname":"62"},{"id":281475003318485,"level":2,"status":1,"posx":8,"posy":17,"cityid":406,"townid":888,"tokenid":"92f21a46abfaf36600c1c7713268779f","tokenurl":"/mcm/api/land?token=92f21a46abfaf36600c1c7713268779f","imageurl":"/mcm/images/land/2A/14736_4ce24423127f.jpg","landname":"63"},{"id":281475003318486,"level":2,"status":0,"posx":9,"posy":17,"cityid":406,"townid":888,"tokenid":"30f0d8053533c3ce679f9788638ba0c8","tokenurl":"/mcm/api/land?token=30f0d8053533c3ce679f9788638ba0c8","imageurl":"/mcm/images/land/2A/14737_1ab0613e57f2.jpg","landname":"64"},{"id":281475003318487,"level":3,"status":0,"posx":8,"posy":18,"cityid":406,"townid":888,"tokenid":"a3307c95e3e7938704f09675a09ede00","tokenurl":"/mcm/api/land?token=a3307c95e3e7938704f09675a09ede00","imageurl":"/mcm/images/land/2B/24557_3259439bab98.jpg","landname":"65"},{"id":281475003318488,"level":2,"status":0,"posx":9,"posy":18,"cityid":406,"townid":888,"tokenid":"8358a7de758f99ea13f88dd8b5b53e9a","tokenurl":"/mcm/api/land?token=8358a7de758f99ea13f88dd8b5b53e9a","imageurl":"/mcm/images/land/2A/14738_170e2fb3616.jpg","landname":"66"},{"id":281475003318489,"level":1,"status":1,"posx":20,"posy":18,"cityid":406,"townid":888,"tokenid":"fe20f8da672f15fe55ef662fb82aacda","tokenurl":"/mcm/api/land?token=fe20f8da672f15fe55ef662fb82aacda","imageurl":"/mcm/images/land/2S/9825_82129803fd3.jpg","landname":"67"},{"id":281475003318490,"level":3,"status":0,"posx":21,"posy":18,"cityid":406,"townid":888,"tokenid":"c7ec35be0219de5221a29ea591d41404","tokenurl":"/mcm/api/land?token=c7ec35be0219de5221a29ea591d41404","imageurl":"/mcm/images/land/2B/24558_18cb49893e7d.jpg","landname":"68"},{"id":281475003318491,"level":2,"status":0,"posx":25,"posy":18,"cityid":406,"townid":888,"tokenid":"5c37b467deb1acf5705269c79adb2d7c","tokenurl":"/mcm/api/land?token=5c37b467deb1acf5705269c79adb2d7c","imageurl":"/mcm/images/land/2A/14739_1e97a108545f.jpg","landname":"69"},{"id":281475003318492,"level":3,"status":0,"posx":26,"posy":18,"cityid":406,"townid":888,"tokenid":"46163ac1045bab03a509b1c4e06fa33d","tokenurl":"/mcm/api/land?token=46163ac1045bab03a509b1c4e06fa33d","imageurl":"/mcm/images/land/2B/24559_100572f24ba5.jpg","landname":"70"},{"id":281475003318493,"level":3,"status":1,"posx":8,"posy":19,"cityid":406,"townid":888,"tokenid":"4c67d3aca3617a950207a4bdf1744354","tokenurl":"/mcm/api/land?token=4c67d3aca3617a950207a4bdf1744354","imageurl":"/mcm/images/land/2B/24560_308e2e2d59ad.jpg","landname":"71"},{"id":281475003318494,"level":2,"status":0,"posx":9,"posy":19,"cityid":406,"townid":888,"tokenid":"e63dd72a737eb8dbbb743737e746a748","tokenurl":"/mcm/api/land?token=e63dd72a737eb8dbbb743737e746a748","imageurl":"/mcm/images/land/2A/14740_45ab2ccadc1b.jpg","landname":"72"},{"id":281475003318495,"level":1,"status":1,"posx":20,"posy":19,"cityid":406,"townid":888,"tokenid":"ef8134ab7246a07f79a7985533ec6fa2","tokenurl":"/mcm/api/land?token=ef8134ab7246a07f79a7985533ec6fa2","imageurl":"/mcm/images/land/2S/9826_72d9eb69680.jpg","landname":"73"},{"id":281475003318496,"level":3,"status":1,"posx":21,"posy":19,"cityid":406,"townid":888,"tokenid":"f9b6006350baa1cc6a414babf8283ddf","tokenurl":"/mcm/api/land?token=f9b6006350baa1cc6a414babf8283ddf","imageurl":"/mcm/images/land/2B/24561_15ac67ee5bda.jpg","landname":"74"},{"id":281475003318497,"level":3,"status":1,"posx":25,"posy":19,"cityid":406,"townid":888,"tokenid":"2bfcdfc89c42b7cc4f36e4909f15afe4","tokenurl":"/mcm/api/land?token=2bfcdfc89c42b7cc4f36e4909f15afe4","imageurl":"/mcm/images/land/2B/24562_4c9d0be38a95.jpg","landname":"75"},{"id":281475003318498,"level":3,"status":1,"posx":26,"posy":19,"cityid":406,"townid":888,"tokenid":"fb525e8e9788752516d3c0378d23aa5b","tokenurl":"/mcm/api/land?token=fb525e8e9788752516d3c0378d23aa5b","imageurl":"/mcm/images/land/2B/24563_2bc4730c58eb.jpg","landname":"76"},{"id":281475003318499,"level":2,"status":0,"posx":8,"posy":20,"cityid":406,"townid":888,"tokenid":"c4cd58b907ff54509f6414ed7f567505","tokenurl":"/mcm/api/land?token=c4cd58b907ff54509f6414ed7f567505","imageurl":"/mcm/images/land/2A/14741_44a4d1bdd7a4.jpg","landname":"77"},{"id":281475003318500,"level":3,"status":1,"posx":9,"posy":20,"cityid":406,"townid":888,"tokenid":"cb81270e06d7499ced53310c7992fddc","tokenurl":"/mcm/api/land?token=cb81270e06d7499ced53310c7992fddc","imageurl":"/mcm/images/land/2B/24564_18742c9ae8ce.jpg","landname":"78"},{"id":281475003318501,"level":3,"status":1,"posx":20,"posy":20,"cityid":406,"townid":888,"tokenid":"56eb07297562665061a8600b0a1d27a5","tokenurl":"/mcm/api/land?token=56eb07297562665061a8600b0a1d27a5","imageurl":"/mcm/images/land/2B/24565_510fe3d7b110.jpg","landname":"79"},{"id":281475003318502,"level":3,"status":0,"posx":21,"posy":20,"cityid":406,"townid":888,"tokenid":"f3fe0e08e3e3ca75592128d0a499e080","tokenurl":"/mcm/api/land?token=f3fe0e08e3e3ca75592128d0a499e080","imageurl":"/mcm/images/land/2B/24566_2b9b31fee942.jpg","landname":"80"},{"id":281475003318503,"level":3,"status":0,"posx":25,"posy":20,"cityid":406,"townid":888,"tokenid":"e82a3e1bce62e77e0010b7658363622e","tokenurl":"/mcm/api/land?token=e82a3e1bce62e77e0010b7658363622e","imageurl":"/mcm/images/land/2B/24567_16e048cc6b6b.jpg","landname":"81"},{"id":281475003318504,"level":3,"status":1,"posx":26,"posy":20,"cityid":406,"townid":888,"tokenid":"73b8b6c393f451dc1f3e7c04244b3e71","tokenurl":"/mcm/api/land?token=73b8b6c393f451dc1f3e7c04244b3e71","imageurl":"/mcm/images/land/2B/24568_3320b514c5ae.jpg","landname":"82"},{"id":281475003318505,"level":3,"status":1,"posx":31,"posy":20,"cityid":406,"townid":888,"tokenid":"e82e5627b83ac1aa19d76b3e3b5ad3d1","tokenurl":"/mcm/api/land?token=e82e5627b83ac1aa19d76b3e3b5ad3d1","imageurl":"/mcm/images/land/2B/24569_438e6a1e72ae.jpg","landname":"83"},{"id":281475003318506,"level":2,"status":1,"posx":32,"posy":20,"cityid":406,"townid":888,"tokenid":"ee25280e1bc7bf16c7a11781868c705c","tokenurl":"/mcm/api/land?token=ee25280e1bc7bf16c7a11781868c705c","imageurl":"/mcm/images/land/2A/14742_51fe2b9ce49e.jpg","landname":"84"},{"id":281475003318507,"level":1,"status":0,"posx":20,"posy":21,"cityid":406,"townid":888,"tokenid":"4e81db6b61c7553a70c43ef8ed4ad1fd","tokenurl":"/mcm/api/land?token=4e81db6b61c7553a70c43ef8ed4ad1fd","imageurl":"/mcm/images/land/2S/9827_279614b9714d.jpg","landname":"85"},{"id":281475003318508,"level":3,"status":1,"posx":21,"posy":21,"cityid":406,"townid":888,"tokenid":"0222eefe7f98148bb1dea3a4ac861945","tokenurl":"/mcm/api/land?token=0222eefe7f98148bb1dea3a4ac861945","imageurl":"/mcm/images/land/2B/24570_8fe83084ae0.jpg","landname":"86"},{"id":281475003318509,"level":3,"status":1,"posx":25,"posy":21,"cityid":406,"townid":888,"tokenid":"67a0a1bdba7b775f2967278795abdd26","tokenurl":"/mcm/api/land?token=67a0a1bdba7b775f2967278795abdd26","imageurl":"/mcm/images/land/2B/24571_db8a69ce855.jpg","landname":"87"},{"id":281475003318510,"level":2,"status":1,"posx":26,"posy":21,"cityid":406,"townid":888,"tokenid":"e2466f728bcfab8f2bc20a9246df1f27","tokenurl":"/mcm/api/land?token=e2466f728bcfab8f2bc20a9246df1f27","imageurl":"/mcm/images/land/2A/14743_567d4ac2b67a.jpg","landname":"88"},{"id":281475003318511,"level":1,"status":1,"posx":31,"posy":21,"cityid":406,"townid":888,"tokenid":"0d67e792fb1052bf69d5af9f7288a3b9","tokenurl":"/mcm/api/land?token=0d67e792fb1052bf69d5af9f7288a3b9","imageurl":"/mcm/images/land/2S/9828_be389c6f94b.jpg","landname":"89"},{"id":281475003318512,"level":1,"status":1,"posx":32,"posy":21,"cityid":406,"townid":888,"tokenid":"35a42377b11372e9feadbfc05013e8a5","tokenurl":"/mcm/api/land?token=35a42377b11372e9feadbfc05013e8a5","imageurl":"/mcm/images/land/2S/9829_24c44fde9fd2.jpg","landname":"90"},{"id":281475003318513,"level":2,"status":0,"posx":12,"posy":22,"cityid":406,"townid":888,"tokenid":"4ded3a3954b53ac1fff4c9e0e57360d4","tokenurl":"/mcm/api/land?token=4ded3a3954b53ac1fff4c9e0e57360d4","imageurl":"/mcm/images/land/2A/14744_70b6e407a3f.jpg","landname":"91"},{"id":281475003318514,"level":3,"status":1,"posx":13,"posy":22,"cityid":406,"townid":888,"tokenid":"985b7cdf3a1d40fa1c689307c113a809","tokenurl":"/mcm/api/land?token=985b7cdf3a1d40fa1c689307c113a809","imageurl":"/mcm/images/land/2B/24572_22f3f406428f.jpg","landname":"92"},{"id":281475003318515,"level":3,"status":1,"posx":20,"posy":22,"cityid":406,"townid":888,"tokenid":"7b5ce7aef44c810f48f4311746d63c2c","tokenurl":"/mcm/api/land?token=7b5ce7aef44c810f48f4311746d63c2c","imageurl":"/mcm/images/land/2B/24573_d305ea72b7c.jpg","landname":"93"},{"id":281475003318516,"level":2,"status":1,"posx":21,"posy":22,"cityid":406,"townid":888,"tokenid":"26e6bfd497489a0e53925722affcd79a","tokenurl":"/mcm/api/land?token=26e6bfd497489a0e53925722affcd79a","imageurl":"/mcm/images/land/2A/14745_111dab20710a.jpg","landname":"94"},{"id":281475003318517,"level":3,"status":0,"posx":25,"posy":22,"cityid":406,"townid":888,"tokenid":"a434e1ee5395708d9b0e56ec1bbc46cd","tokenurl":"/mcm/api/land?token=a434e1ee5395708d9b0e56ec1bbc46cd","imageurl":"/mcm/images/land/2B/24574_3c630cfc7d00.jpg","landname":"95"},{"id":281475003318518,"level":2,"status":0,"posx":26,"posy":22,"cityid":406,"townid":888,"tokenid":"490c99ab43dbd2741344167a2914eb3a","tokenurl":"/mcm/api/land?token=490c99ab43dbd2741344167a2914eb3a","imageurl":"/mcm/images/land/2A/14746_2d63c9728d32.jpg","landname":"96"},{"id":281475003318519,"level":2,"status":1,"posx":31,"posy":22,"cityid":406,"townid":888,"tokenid":"7576e29176448030984bf6031f0d5865","tokenurl":"/mcm/api/land?token=7576e29176448030984bf6031f0d5865","imageurl":"/mcm/images/land/2A/14747_ab615254d59.jpg","landname":"97"},{"id":281475003318520,"level":2,"status":1,"posx":32,"posy":22,"cityid":406,"townid":888,"tokenid":"5efa07c128fb1d997e848dd80d75cb0d","tokenurl":"/mcm/api/land?token=5efa07c128fb1d997e848dd80d75cb0d","imageurl":"/mcm/images/land/2A/14748_50d363e6cc70.jpg","landname":"98"},{"id":281475003318521,"level":3,"status":1,"posx":12,"posy":23,"cityid":406,"townid":888,"tokenid":"a48b1b208cc7c6221f67856e1a069703","tokenurl":"/mcm/api/land?token=a48b1b208cc7c6221f67856e1a069703","imageurl":"/mcm/images/land/2B/24575_103ce6501bf5.jpg","landname":"99"},{"id":281475003318522,"level":1,"status":1,"posx":13,"posy":23,"cityid":406,"townid":888,"tokenid":"96f255466d29bc028576cc7db63defc5","tokenurl":"/mcm/api/land?token=96f255466d29bc028576cc7db63defc5","imageurl":"/mcm/images/land/2S/9830_112770cb2d89.jpg","landname":"100"},{"id":281475003318523,"level":3,"status":0,"posx":31,"posy":23,"cityid":406,"townid":888,"tokenid":"3591d41fb6dd2bd0bc6e1eec94546c92","tokenurl":"/mcm/api/land?token=3591d41fb6dd2bd0bc6e1eec94546c92","imageurl":"/mcm/images/land/2B/24576_516b4847dfe9.jpg","landname":"101"},{"id":281475003318524,"level":3,"status":1,"posx":32,"posy":23,"cityid":406,"townid":888,"tokenid":"5f70a17f6fc7f29d8a5e54dd720540dd","tokenurl":"/mcm/api/land?token=5f70a17f6fc7f29d8a5e54dd720540dd","imageurl":"/mcm/images/land/2B/24577_29663629078b.jpg","landname":"102"},{"id":281475003318525,"level":1,"status":1,"posx":12,"posy":24,"cityid":406,"townid":888,"tokenid":"e0546d288aa868cfa66cfa10f3357ab5","tokenurl":"/mcm/api/land?token=e0546d288aa868cfa66cfa10f3357ab5","imageurl":"/mcm/images/land/2S/9831_28c34322dc9.jpg","landname":"103"},{"id":281475003318526,"level":3,"status":1,"posx":13,"posy":24,"cityid":406,"townid":888,"tokenid":"9479af9b8a2e8028a9a0af86451334b8","tokenurl":"/mcm/api/land?token=9479af9b8a2e8028a9a0af86451334b8","imageurl":"/mcm/images/land/2B/24578_2491f42267b9.jpg","landname":"104"},{"id":281475003318527,"level":3,"status":0,"posx":31,"posy":24,"cityid":406,"townid":888,"tokenid":"c426c3e3136f926152379f2d52cde410","tokenurl":"/mcm/api/land?token=c426c3e3136f926152379f2d52cde410","imageurl":"/mcm/images/land/2B/24579_46da7256740c.jpg","landname":"105"},{"id":281475003318528,"level":3,"status":0,"posx":32,"posy":24,"cityid":406,"townid":888,"tokenid":"a40605077213b7194ea9fae34c2b128d","tokenurl":"/mcm/api/land?token=a40605077213b7194ea9fae34c2b128d","imageurl":"/mcm/images/land/2B/24580_3d2e45700a79.jpg","landname":"106"},{"id":281475003318529,"level":3,"status":1,"posx":12,"posy":25,"cityid":406,"townid":888,"tokenid":"3bf1d67820956557b3eec7f57e239801","tokenurl":"/mcm/api/land?token=3bf1d67820956557b3eec7f57e239801","imageurl":"/mcm/images/land/2B/24581_2e92bcac591f.jpg","landname":"107"},{"id":281475003318530,"level":2,"status":0,"posx":13,"posy":25,"cityid":406,"townid":888,"tokenid":"c93c2b8f0e4606e0f95e2982b1ac266a","tokenurl":"/mcm/api/land?token=c93c2b8f0e4606e0f95e2982b1ac266a","imageurl":"/mcm/images/land/2A/14749_6f0dc2b9317.jpg","landname":"108"},{"id":281475003318531,"level":1,"status":0,"posx":6,"posy":26,"cityid":406,"townid":888,"tokenid":"12bd7c37ff508eb730d332bf7a5fa4b1","tokenurl":"/mcm/api/land?token=12bd7c37ff508eb730d332bf7a5fa4b1","imageurl":"/mcm/images/land/2S/9832_336a4009ab5f.jpg","landname":"109"},{"id":281475003318532,"level":3,"status":1,"posx":7,"posy":26,"cityid":406,"townid":888,"tokenid":"537562655f40cff402ed43ada78e9d23","tokenurl":"/mcm/api/land?token=537562655f40cff402ed43ada78e9d23","imageurl":"/mcm/images/land/2B/24582_41f774bafdb0.jpg","landname":"110"},{"id":281475003318533,"level":3,"status":0,"posx":9,"posy":26,"cityid":406,"townid":888,"tokenid":"996198de2ac34233df745c64d31926ae","tokenurl":"/mcm/api/land?token=996198de2ac34233df745c64d31926ae","imageurl":"/mcm/images/land/2B/24583_272325450a48.jpg","landname":"111"},{"id":281475003318534,"level":1,"status":0,"posx":10,"posy":26,"cityid":406,"townid":888,"tokenid":"24fd2efc3e60de5ffa101346204c0fb1","tokenurl":"/mcm/api/land?token=24fd2efc3e60de5ffa101346204c0fb1","imageurl":"/mcm/images/land/2S/9833_36395bf086a2.jpg","landname":"112"},{"id":281475003318535,"level":3,"status":1,"posx":12,"posy":26,"cityid":406,"townid":888,"tokenid":"6840405bb6920eb8dc25a4bf16ca86ff","tokenurl":"/mcm/api/land?token=6840405bb6920eb8dc25a4bf16ca86ff","imageurl":"/mcm/images/land/2B/24584_242ded94e366.jpg","landname":"113"},{"id":281475003318536,"level":3,"status":0,"posx":13,"posy":26,"cityid":406,"townid":888,"tokenid":"23e4b8a5a029dee32afedb3691b5bfe4","tokenurl":"/mcm/api/land?token=23e4b8a5a029dee32afedb3691b5bfe4","imageurl":"/mcm/images/land/2B/24585_25b338cc2704.jpg","landname":"114"},{"id":281475003318537,"level":3,"status":0,"posx":6,"posy":27,"cityid":406,"townid":888,"tokenid":"a6b831d2ffd0670a5ba15c06a59bfcc7","tokenurl":"/mcm/api/land?token=a6b831d2ffd0670a5ba15c06a59bfcc7","imageurl":"/mcm/images/land/2B/24586_48638ff05c2c.jpg","landname":"115"},{"id":281475003318538,"level":2,"status":0,"posx":7,"posy":27,"cityid":406,"townid":888,"tokenid":"ec5f69264e926d901ff824e0f147a32c","tokenurl":"/mcm/api/land?token=ec5f69264e926d901ff824e0f147a32c","imageurl":"/mcm/images/land/2A/14750_1531cfb8de46.jpg","landname":"116"},{"id":281475003318539,"level":3,"status":1,"posx":9,"posy":27,"cityid":406,"townid":888,"tokenid":"0f136c7c7846707a8dcb5e899e6d7d6d","tokenurl":"/mcm/api/land?token=0f136c7c7846707a8dcb5e899e6d7d6d","imageurl":"/mcm/images/land/2B/24587_2531ff8268f.jpg","landname":"117"},{"id":281475003318540,"level":2,"status":1,"posx":10,"posy":27,"cityid":406,"townid":888,"tokenid":"237f0efba6800de93035bbd323cb5806","tokenurl":"/mcm/api/land?token=237f0efba6800de93035bbd323cb5806","imageurl":"/mcm/images/land/2A/14751_518725ee56d.jpg","landname":"118"},{"id":281475003318541,"level":2,"status":1,"posx":23,"posy":27,"cityid":406,"townid":888,"tokenid":"382614fc81652178808d3f20b9f627d7","tokenurl":"/mcm/api/land?token=382614fc81652178808d3f20b9f627d7","imageurl":"/mcm/images/land/2A/14752_466864005197.jpg","landname":"119"},{"id":281475003318542,"level":2,"status":0,"posx":24,"posy":27,"cityid":406,"townid":888,"tokenid":"93e3b80ce7590f9c68e84e3073ae35ee","tokenurl":"/mcm/api/land?token=93e3b80ce7590f9c68e84e3073ae35ee","imageurl":"/mcm/images/land/2A/14753_16f7c7995bb3.jpg","landname":"120"},{"id":281475003318543,"level":2,"status":1,"posx":6,"posy":28,"cityid":406,"townid":888,"tokenid":"834717a6177c08d15264be81cc0ef661","tokenurl":"/mcm/api/land?token=834717a6177c08d15264be81cc0ef661","imageurl":"/mcm/images/land/2A/14754_58b5bdc27d20.jpg","landname":"121"},{"id":281475003318544,"level":1,"status":0,"posx":7,"posy":28,"cityid":406,"townid":888,"tokenid":"b5880757fdc05cf244e955743e1d9a36","tokenurl":"/mcm/api/land?token=b5880757fdc05cf244e955743e1d9a36","imageurl":"/mcm/images/land/2S/9834_218084468424.jpg","landname":"122"},{"id":281475003318545,"level":1,"status":0,"posx":9,"posy":28,"cityid":406,"townid":888,"tokenid":"cbd62038c0c95e39acecdc74e95b943c","tokenurl":"/mcm/api/land?token=cbd62038c0c95e39acecdc74e95b943c","imageurl":"/mcm/images/land/2S/9835_16ddc378e0fe.jpg","landname":"123"},{"id":281475003318546,"level":3,"status":0,"posx":10,"posy":28,"cityid":406,"townid":888,"tokenid":"a6caea9ef73c957b962351485aa1805f","tokenurl":"/mcm/api/land?token=a6caea9ef73c957b962351485aa1805f","imageurl":"/mcm/images/land/2B/24588_371e1548e132.jpg","landname":"124"},{"id":281475003318547,"level":3,"status":1,"posx":23,"posy":28,"cityid":406,"townid":888,"tokenid":"597ffd5e6b7458ca6b44dd92f2114af4","tokenurl":"/mcm/api/land?token=597ffd5e6b7458ca6b44dd92f2114af4","imageurl":"/mcm/images/land/2B/24589_52cbd136ffa3.jpg","landname":"125"},{"id":281475003318548,"level":3,"status":0,"posx":24,"posy":28,"cityid":406,"townid":888,"tokenid":"b784f8f17192c0ec70b436bb523d629f","tokenurl":"/mcm/api/land?token=b784f8f17192c0ec70b436bb523d629f","imageurl":"/mcm/images/land/2B/24590_257bc56e2140.jpg","landname":"126"},{"id":281475003318549,"level":2,"status":1,"posx":32,"posy":28,"cityid":406,"townid":888,"tokenid":"a0aee187db223e74c906d38e4ad8fcab","tokenurl":"/mcm/api/land?token=a0aee187db223e74c906d38e4ad8fcab","imageurl":"/mcm/images/land/2A/14755_29f1b8c5234f.jpg","landname":"127"},{"id":281475003318550,"level":2,"status":1,"posx":33,"posy":28,"cityid":406,"townid":888,"tokenid":"50e67341e5bad247bcd07ab8eca67641","tokenurl":"/mcm/api/land?token=50e67341e5bad247bcd07ab8eca67641","imageurl":"/mcm/images/land/2A/14756_d2cdc6ebfef.jpg","landname":"128"},{"id":281475003318551,"level":1,"status":1,"posx":6,"posy":29,"cityid":406,"townid":888,"tokenid":"fd1e285813484839d34ed41fad244333","tokenurl":"/mcm/api/land?token=fd1e285813484839d34ed41fad244333","imageurl":"/mcm/images/land/2S/9836_5359ba103936.jpg","landname":"129"},{"id":281475003318552,"level":1,"status":0,"posx":7,"posy":29,"cityid":406,"townid":888,"tokenid":"164f6677022a3d78814792a325988674","tokenurl":"/mcm/api/land?token=164f6677022a3d78814792a325988674","imageurl":"/mcm/images/land/2S/9837_28397d8248ff.jpg","landname":"130"},{"id":281475003318553,"level":3,"status":1,"posx":9,"posy":29,"cityid":406,"townid":888,"tokenid":"82c842a34488209e3c8c09d2ae81c299","tokenurl":"/mcm/api/land?token=82c842a34488209e3c8c09d2ae81c299","imageurl":"/mcm/images/land/2B/24591_304793104e04.jpg","landname":"131"},{"id":281475003318554,"level":2,"status":1,"posx":10,"posy":29,"cityid":406,"townid":888,"tokenid":"f0768da0f40a6ac41cbc0bb46446ba05","tokenurl":"/mcm/api/land?token=f0768da0f40a6ac41cbc0bb46446ba05","imageurl":"/mcm/images/land/2A/14757_489c0981a965.jpg","landname":"132"},{"id":281475003318555,"level":3,"status":0,"posx":23,"posy":29,"cityid":406,"townid":888,"tokenid":"9b29c9aee6765b6f7a47aca1c08a96f1","tokenurl":"/mcm/api/land?token=9b29c9aee6765b6f7a47aca1c08a96f1","imageurl":"/mcm/images/land/2B/24592_45adab09c368.jpg","landname":"133"},{"id":281475003318556,"level":1,"status":1,"posx":24,"posy":29,"cityid":406,"townid":888,"tokenid":"d8543643b4932f3e5961354c67e0108e","tokenurl":"/mcm/api/land?token=d8543643b4932f3e5961354c67e0108e","imageurl":"/mcm/images/land/2S/9838_4ee541d10c74.jpg","landname":"134"},{"id":281475003318557,"level":2,"status":1,"posx":32,"posy":29,"cityid":406,"townid":888,"tokenid":"4dad454567cf65ee6e296a5d4831bbd2","tokenurl":"/mcm/api/land?token=4dad454567cf65ee6e296a5d4831bbd2","imageurl":"/mcm/images/land/2A/14758_31acbf4ae239.jpg","landname":"135"},{"id":281475003318558,"level":3,"status":1,"posx":33,"posy":29,"cityid":406,"townid":888,"tokenid":"6313773c8175b07cd555b2dc318ceea2","tokenurl":"/mcm/api/land?token=6313773c8175b07cd555b2dc318ceea2","imageurl":"/mcm/images/land/2B/24593_1250217f57b8.jpg","landname":"136"},{"id":281475003318559,"level":3,"status":0,"posx":6,"posy":30,"cityid":406,"townid":888,"tokenid":"f22edb67f189a5343966f9dee335a469","tokenurl":"/mcm/api/land?token=f22edb67f189a5343966f9dee335a469","imageurl":"/mcm/images/land/2B/24594_239ea7da90c0.jpg","landname":"137"},{"id":281475003318560,"level":3,"status":1,"posx":7,"posy":30,"cityid":406,"townid":888,"tokenid":"a2831e71b309e44babe58e2d914cc0fa","tokenurl":"/mcm/api/land?token=a2831e71b309e44babe58e2d914cc0fa","imageurl":"/mcm/images/land/2B/24595_126a6127dcfb.jpg","landname":"138"},{"id":281475003318561,"level":3,"status":0,"posx":9,"posy":30,"cityid":406,"townid":888,"tokenid":"2754c5bb11aca9f598b6869dab933318","tokenurl":"/mcm/api/land?token=2754c5bb11aca9f598b6869dab933318","imageurl":"/mcm/images/land/2B/24596_108c78653e67.jpg","landname":"139"},{"id":281475003318562,"level":2,"status":1,"posx":10,"posy":30,"cityid":406,"townid":888,"tokenid":"35a71fb8c79fc63c95c9d62af3832a8b","tokenurl":"/mcm/api/land?token=35a71fb8c79fc63c95c9d62af3832a8b","imageurl":"/mcm/images/land/2A/14759_192176a53dd4.jpg","landname":"140"},{"id":281475003318563,"level":1,"status":1,"posx":23,"posy":30,"cityid":406,"townid":888,"tokenid":"4bcb4732d25cfd04b08d6a5634fa3e6a","tokenurl":"/mcm/api/land?token=4bcb4732d25cfd04b08d6a5634fa3e6a","imageurl":"/mcm/images/land/2S/9839_fa7f543a670.jpg","landname":"141"},{"id":281475003318564,"level":3,"status":1,"posx":24,"posy":30,"cityid":406,"townid":888,"tokenid":"069735dd0d5b3094138499d3ee8a9563","tokenurl":"/mcm/api/land?token=069735dd0d5b3094138499d3ee8a9563","imageurl":"/mcm/images/land/2B/24597_3281c1d7b73.jpg","landname":"142"},{"id":281475003318565,"level":1,"status":1,"posx":32,"posy":30,"cityid":406,"townid":888,"tokenid":"881278af22e20bf58db5a40f5660966f","tokenurl":"/mcm/api/land?token=881278af22e20bf58db5a40f5660966f","imageurl":"/mcm/images/land/2S/9840_1fb56d2568d4.jpg","landname":"143"},{"id":281475003318566,"level":2,"status":0,"posx":33,"posy":30,"cityid":406,"townid":888,"tokenid":"b8f882bb4c0371a51a3683774ca52b88","tokenurl":"/mcm/api/land?token=b8f882bb4c0371a51a3683774ca52b88","imageurl":"/mcm/images/land/2A/14760_7fb55e7ce47.jpg","landname":"144"},{"id":281475003318567,"level":3,"status":1,"posx":23,"posy":31,"cityid":406,"townid":888,"tokenid":"ea60e7904975472f016b732bd0c17d3c","tokenurl":"/mcm/api/land?token=ea60e7904975472f016b732bd0c17d3c","imageurl":"/mcm/images/land/2B/24598_47c2400aaa0c.jpg","landname":"145"},{"id":281475003318568,"level":2,"status":0,"posx":24,"posy":31,"cityid":406,"townid":888,"tokenid":"0e7b54571ffb9087f0af9c3098382a4b","tokenurl":"/mcm/api/land?token=0e7b54571ffb9087f0af9c3098382a4b","imageurl":"/mcm/images/land/2A/14761_492b5c04e47.jpg","landname":"146"},{"id":281475003318569,"level":3,"status":0,"posx":32,"posy":31,"cityid":406,"townid":888,"tokenid":"aa98d32de3581b4c3281653071922ab2","tokenurl":"/mcm/api/land?token=aa98d32de3581b4c3281653071922ab2","imageurl":"/mcm/images/land/2B/24599_213beb8ec4ec.jpg","landname":"147"},{"id":281475003318570,"level":3,"status":0,"posx":33,"posy":31,"cityid":406,"townid":888,"tokenid":"f81f67fc7ee92b260e9fd66e491a880d","tokenurl":"/mcm/api/land?token=f81f67fc7ee92b260e9fd66e491a880d","imageurl":"/mcm/images/land/2B/24600_1c1d29b97b86.jpg","landname":"148"},{"id":281475003318571,"level":1,"status":1,"posx":32,"posy":32,"cityid":406,"townid":888,"tokenid":"ac4f1aaff6e1244f9fcb5410a822026d","tokenurl":"/mcm/api/land?token=ac4f1aaff6e1244f9fcb5410a822026d","imageurl":"/mcm/images/land/2S/9841_11fce65a1d1d.jpg","landname":"149"},{"id":281475003318572,"level":3,"status":1,"posx":33,"posy":32,"cityid":406,"townid":888,"tokenid":"03da4260b1993135f31e3207932d7af2","tokenurl":"/mcm/api/land?token=03da4260b1993135f31e3207932d7af2","imageurl":"/mcm/images/land/2B/24601_53843e47325b.jpg","landname":"150"}]]],0,0,[],[],[]]
