[1,0,0,[["cc.JsonAsset",["_name","json"],1]],[[0,0,1,3]],[[0,"1511",[{"id":281475022651393,"level":3,"status":0,"posx":7,"posy":5,"cityid":701,"townid":1511,"tokenid":"04f28e70ff54ba9badcd1a35feb92652","tokenurl":"/mcm/api/land?token=04f28e70ff54ba9badcd1a35feb92652","imageurl":"/mcm/images/land/2B/4952_2d31d88b2f8f.jpg","landname":"1"},{"id":281475022651394,"level":1,"status":0,"posx":8,"posy":5,"cityid":701,"townid":1511,"tokenid":"942a0484ac1a11000204f68284448a52","tokenurl":"/mcm/api/land?token=942a0484ac1a11000204f68284448a52","imageurl":"/mcm/images/land/2S/1982_4104c3e03c4.jpg","landname":"2"},{"id":281475022651395,"level":3,"status":1,"posx":16,"posy":5,"cityid":701,"townid":1511,"tokenid":"bafae4dc4b437e607dd0cc0c029a53ab","tokenurl":"/mcm/api/land?token=bafae4dc4b437e607dd0cc0c029a53ab","imageurl":"/mcm/images/land/2B/4953_1350f71a504.jpg","landname":"3"},{"id":281475022651396,"level":3,"status":1,"posx":17,"posy":5,"cityid":701,"townid":1511,"tokenid":"b2ab3abf192c6e1bc0ee63337575ebd8","tokenurl":"/mcm/api/land?token=b2ab3abf192c6e1bc0ee63337575ebd8","imageurl":"/mcm/images/land/2B/4954_2018e0bcbf11.jpg","landname":"4"},{"id":281475022651397,"level":3,"status":1,"posx":20,"posy":5,"cityid":701,"townid":1511,"tokenid":"5808cc191fbd777e7704e36a1996fbb0","tokenurl":"/mcm/api/land?token=5808cc191fbd777e7704e36a1996fbb0","imageurl":"/mcm/images/land/2B/4955_5302ad22c2f9.jpg","landname":"5"},{"id":281475022651398,"level":2,"status":0,"posx":21,"posy":5,"cityid":701,"townid":1511,"tokenid":"bdfca0c18fab772394857ce73008f61f","tokenurl":"/mcm/api/land?token=bdfca0c18fab772394857ce73008f61f","imageurl":"/mcm/images/land/2A/2972_35fb770f016c.jpg","landname":"6"},{"id":281475022651399,"level":2,"status":0,"posx":7,"posy":6,"cityid":701,"townid":1511,"tokenid":"1eb4df95a6272c0faeef55f3ffdb623c","tokenurl":"/mcm/api/land?token=1eb4df95a6272c0faeef55f3ffdb623c","imageurl":"/mcm/images/land/2A/2973_510de8ec3f79.jpg","landname":"7"},{"id":281475022651400,"level":2,"status":0,"posx":8,"posy":6,"cityid":701,"townid":1511,"tokenid":"ff436509656fe56e14908b65f4d8da48","tokenurl":"/mcm/api/land?token=ff436509656fe56e14908b65f4d8da48","imageurl":"/mcm/images/land/2A/2974_2c1975e2ccba.jpg","landname":"8"},{"id":281475022651401,"level":1,"status":0,"posx":16,"posy":6,"cityid":701,"townid":1511,"tokenid":"baa4236e55775ea9c10da01ad2d27504","tokenurl":"/mcm/api/land?token=baa4236e55775ea9c10da01ad2d27504","imageurl":"/mcm/images/land/2S/1983_1a88aabd5abf.jpg","landname":"9"},{"id":281475022651402,"level":1,"status":0,"posx":17,"posy":6,"cityid":701,"townid":1511,"tokenid":"d805b906bdead8cd06119240f316743c","tokenurl":"/mcm/api/land?token=d805b906bdead8cd06119240f316743c","imageurl":"/mcm/images/land/2S/1984_346fdb151f41.jpg","landname":"10"},{"id":281475022651403,"level":1,"status":1,"posx":20,"posy":6,"cityid":701,"townid":1511,"tokenid":"b171f5214f876c420e8c8a80507fd49a","tokenurl":"/mcm/api/land?token=b171f5214f876c420e8c8a80507fd49a","imageurl":"/mcm/images/land/2S/1985_13896faf78a3.jpg","landname":"11"},{"id":281475022651404,"level":1,"status":1,"posx":21,"posy":6,"cityid":701,"townid":1511,"tokenid":"1721a4ce0aef4d9df634ad99aa1a9026","tokenurl":"/mcm/api/land?token=1721a4ce0aef4d9df634ad99aa1a9026","imageurl":"/mcm/images/land/2S/1986_14984b6f0723.jpg","landname":"12"},{"id":281475022651405,"level":3,"status":0,"posx":7,"posy":7,"cityid":701,"townid":1511,"tokenid":"d668b9f9341c06c5939f2c9abfa8e0da","tokenurl":"/mcm/api/land?token=d668b9f9341c06c5939f2c9abfa8e0da","imageurl":"/mcm/images/land/2B/4956_1b2ee0bc49b3.jpg","landname":"13"},{"id":281475022651406,"level":3,"status":1,"posx":8,"posy":7,"cityid":701,"townid":1511,"tokenid":"c6ae2f97970851f2b68a6870685b9886","tokenurl":"/mcm/api/land?token=c6ae2f97970851f2b68a6870685b9886","imageurl":"/mcm/images/land/2B/4957_4f35e894b0e1.jpg","landname":"14"},{"id":281475022651407,"level":2,"status":1,"posx":16,"posy":7,"cityid":701,"townid":1511,"tokenid":"fedb3fb37061beb333f19f4e0361112a","tokenurl":"/mcm/api/land?token=fedb3fb37061beb333f19f4e0361112a","imageurl":"/mcm/images/land/2A/2975_41e342b5fdbb.jpg","landname":"15"},{"id":281475022651408,"level":2,"status":0,"posx":17,"posy":7,"cityid":701,"townid":1511,"tokenid":"ddf363151782525f7c9c24876eac5205","tokenurl":"/mcm/api/land?token=ddf363151782525f7c9c24876eac5205","imageurl":"/mcm/images/land/2A/2976_449e6a211fb9.jpg","landname":"16"},{"id":281475022651409,"level":3,"status":1,"posx":20,"posy":7,"cityid":701,"townid":1511,"tokenid":"77ef95a3db141c5acffb1ae6911d6ebe","tokenurl":"/mcm/api/land?token=77ef95a3db141c5acffb1ae6911d6ebe","imageurl":"/mcm/images/land/2B/4958_5162d0528c3e.jpg","landname":"17"},{"id":281475022651410,"level":1,"status":0,"posx":21,"posy":7,"cityid":701,"townid":1511,"tokenid":"36d5755219e6cf69271bf8b9585690a2","tokenurl":"/mcm/api/land?token=36d5755219e6cf69271bf8b9585690a2","imageurl":"/mcm/images/land/2S/1987_affe559cc03.jpg","landname":"18"},{"id":281475022651411,"level":2,"status":0,"posx":7,"posy":8,"cityid":701,"townid":1511,"tokenid":"a141a66f526b7f363dfaa995eb7f912f","tokenurl":"/mcm/api/land?token=a141a66f526b7f363dfaa995eb7f912f","imageurl":"/mcm/images/land/2A/2977_1391861f4264.jpg","landname":"19"},{"id":281475022651412,"level":3,"status":0,"posx":8,"posy":8,"cityid":701,"townid":1511,"tokenid":"356b8165f3ddfe7ec4f811760ab94153","tokenurl":"/mcm/api/land?token=356b8165f3ddfe7ec4f811760ab94153","imageurl":"/mcm/images/land/2B/4959_ff0da6be226.jpg","landname":"20"},{"id":281475022651413,"level":3,"status":0,"posx":16,"posy":8,"cityid":701,"townid":1511,"tokenid":"29cea95e1362be484505b9e9446c692f","tokenurl":"/mcm/api/land?token=29cea95e1362be484505b9e9446c692f","imageurl":"/mcm/images/land/2B/4960_47de37617640.jpg","landname":"21"},{"id":281475022651414,"level":3,"status":1,"posx":17,"posy":8,"cityid":701,"townid":1511,"tokenid":"e7f11ee17b0b33c8138af016788b3bf3","tokenurl":"/mcm/api/land?token=e7f11ee17b0b33c8138af016788b3bf3","imageurl":"/mcm/images/land/2B/4961_44e275a17c8d.jpg","landname":"22"},{"id":281475022651415,"level":1,"status":0,"posx":20,"posy":8,"cityid":701,"townid":1511,"tokenid":"dcec13c457c6a05b471b6a320af15393","tokenurl":"/mcm/api/land?token=dcec13c457c6a05b471b6a320af15393","imageurl":"/mcm/images/land/2S/1988_4671a6e4257a.jpg","landname":"23"},{"id":281475022651416,"level":3,"status":0,"posx":21,"posy":8,"cityid":701,"townid":1511,"tokenid":"b59d6ac5328f5c04868bc274af539a89","tokenurl":"/mcm/api/land?token=b59d6ac5328f5c04868bc274af539a89","imageurl":"/mcm/images/land/2B/4962_3a5770d9bfc7.jpg","landname":"24"},{"id":281475022651417,"level":2,"status":1,"posx":28,"posy":8,"cityid":701,"townid":1511,"tokenid":"074a9d2790e1a0273105a9996d0ca7c4","tokenurl":"/mcm/api/land?token=074a9d2790e1a0273105a9996d0ca7c4","imageurl":"/mcm/images/land/2A/2978_5193759487d.jpg","landname":"25"},{"id":281475022651418,"level":3,"status":0,"posx":29,"posy":8,"cityid":701,"townid":1511,"tokenid":"45239df6cb0f4dde297f3b973dcf6344","tokenurl":"/mcm/api/land?token=45239df6cb0f4dde297f3b973dcf6344","imageurl":"/mcm/images/land/2B/4963_466017f977c1.jpg","landname":"26"},{"id":281475022651419,"level":2,"status":1,"posx":32,"posy":8,"cityid":701,"townid":1511,"tokenid":"548443f26d9a983c70e565179f9ce080","tokenurl":"/mcm/api/land?token=548443f26d9a983c70e565179f9ce080","imageurl":"/mcm/images/land/2A/2979_1faa7afc7b35.jpg","landname":"27"},{"id":281475022651420,"level":3,"status":1,"posx":33,"posy":8,"cityid":701,"townid":1511,"tokenid":"5a035c55b1c254daef2e534a4f68f47c","tokenurl":"/mcm/api/land?token=5a035c55b1c254daef2e534a4f68f47c","imageurl":"/mcm/images/land/2B/4964_4133614f059d.jpg","landname":"28"},{"id":281475022651421,"level":3,"status":1,"posx":7,"posy":9,"cityid":701,"townid":1511,"tokenid":"fb1638d3e69403c5b25edc843b68df0f","tokenurl":"/mcm/api/land?token=fb1638d3e69403c5b25edc843b68df0f","imageurl":"/mcm/images/land/2B/4965_1b0dbc38f97e.jpg","landname":"29"},{"id":281475022651422,"level":3,"status":1,"posx":8,"posy":9,"cityid":701,"townid":1511,"tokenid":"74f46f7c32e39f032f940a36b22a4dda","tokenurl":"/mcm/api/land?token=74f46f7c32e39f032f940a36b22a4dda","imageurl":"/mcm/images/land/2B/4966_3f7e72f5e562.jpg","landname":"30"},{"id":281475022651423,"level":1,"status":0,"posx":16,"posy":9,"cityid":701,"townid":1511,"tokenid":"b7941986ec7a8cf66a9809037870f6f1","tokenurl":"/mcm/api/land?token=b7941986ec7a8cf66a9809037870f6f1","imageurl":"/mcm/images/land/2S/1989_23b1f2c6cd9f.jpg","landname":"31"},{"id":281475022651424,"level":1,"status":1,"posx":17,"posy":9,"cityid":701,"townid":1511,"tokenid":"67213745043582657f697a5d0eaed45a","tokenurl":"/mcm/api/land?token=67213745043582657f697a5d0eaed45a","imageurl":"/mcm/images/land/2S/1990_3359a4284274.jpg","landname":"32"},{"id":281475022651425,"level":2,"status":1,"posx":20,"posy":9,"cityid":701,"townid":1511,"tokenid":"8d21bb810ed15f4db3973964eea3ba29","tokenurl":"/mcm/api/land?token=8d21bb810ed15f4db3973964eea3ba29","imageurl":"/mcm/images/land/2A/2980_2ec3d3c1236d.jpg","landname":"33"},{"id":281475022651426,"level":3,"status":0,"posx":21,"posy":9,"cityid":701,"townid":1511,"tokenid":"fa757b73e8b7785014e39379e1da115f","tokenurl":"/mcm/api/land?token=fa757b73e8b7785014e39379e1da115f","imageurl":"/mcm/images/land/2B/4967_c838b7bce9b.jpg","landname":"34"},{"id":281475022651427,"level":1,"status":1,"posx":28,"posy":9,"cityid":701,"townid":1511,"tokenid":"8e326aa80d336c2f439ef9c316538384","tokenurl":"/mcm/api/land?token=8e326aa80d336c2f439ef9c316538384","imageurl":"/mcm/images/land/2S/1991_19d1d55459ee.jpg","landname":"35"},{"id":281475022651428,"level":2,"status":0,"posx":29,"posy":9,"cityid":701,"townid":1511,"tokenid":"3ca70be5bb307227eba049ac0a97dcf4","tokenurl":"/mcm/api/land?token=3ca70be5bb307227eba049ac0a97dcf4","imageurl":"/mcm/images/land/2A/2981_1ff3e7c37335.jpg","landname":"36"},{"id":281475022651429,"level":2,"status":1,"posx":32,"posy":9,"cityid":701,"townid":1511,"tokenid":"41144f958c0582f82aac32d1cddb46ca","tokenurl":"/mcm/api/land?token=41144f958c0582f82aac32d1cddb46ca","imageurl":"/mcm/images/land/2A/2982_c1a2e008d7e.jpg","landname":"37"},{"id":281475022651430,"level":3,"status":0,"posx":33,"posy":9,"cityid":701,"townid":1511,"tokenid":"e0b17f8bcc96ee2c104ae8e5a64a3f10","tokenurl":"/mcm/api/land?token=e0b17f8bcc96ee2c104ae8e5a64a3f10","imageurl":"/mcm/images/land/2B/4968_15b4988c3e14.jpg","landname":"38"},{"id":281475022651431,"level":1,"status":0,"posx":28,"posy":10,"cityid":701,"townid":1511,"tokenid":"7805300b91076262a5cb0a46eb1b6315","tokenurl":"/mcm/api/land?token=7805300b91076262a5cb0a46eb1b6315","imageurl":"/mcm/images/land/2S/1992_1ad51fff8245.jpg","landname":"39"},{"id":281475022651432,"level":3,"status":1,"posx":29,"posy":10,"cityid":701,"townid":1511,"tokenid":"81e3802f45102f60472bb3160c5b3378","tokenurl":"/mcm/api/land?token=81e3802f45102f60472bb3160c5b3378","imageurl":"/mcm/images/land/2B/4969_2b3d841562d7.jpg","landname":"40"},{"id":281475022651433,"level":3,"status":0,"posx":32,"posy":10,"cityid":701,"townid":1511,"tokenid":"9f2dd41eafbfa4f808b45d9b88331f71","tokenurl":"/mcm/api/land?token=9f2dd41eafbfa4f808b45d9b88331f71","imageurl":"/mcm/images/land/2B/4970_3155d700b8b7.jpg","landname":"41"},{"id":281475022651434,"level":3,"status":1,"posx":33,"posy":10,"cityid":701,"townid":1511,"tokenid":"dce704b680b1dc1b1dfde458bdbf0648","tokenurl":"/mcm/api/land?token=dce704b680b1dc1b1dfde458bdbf0648","imageurl":"/mcm/images/land/2B/4971_bd609e807db.jpg","landname":"42"},{"id":281475022651435,"level":2,"status":1,"posx":28,"posy":11,"cityid":701,"townid":1511,"tokenid":"98ac5218d64eb8bbe8e8e00e848f13bd","tokenurl":"/mcm/api/land?token=98ac5218d64eb8bbe8e8e00e848f13bd","imageurl":"/mcm/images/land/2A/2983_45d7bba4fd05.jpg","landname":"43"},{"id":281475022651436,"level":3,"status":1,"posx":29,"posy":11,"cityid":701,"townid":1511,"tokenid":"b0d5e8bc8d3c3edc9430f06f60a2f6ce","tokenurl":"/mcm/api/land?token=b0d5e8bc8d3c3edc9430f06f60a2f6ce","imageurl":"/mcm/images/land/2B/4972_3877cf3f8180.jpg","landname":"44"},{"id":281475022651437,"level":3,"status":1,"posx":32,"posy":11,"cityid":701,"townid":1511,"tokenid":"f4826a6a52f80f3892c0c3037e229674","tokenurl":"/mcm/api/land?token=f4826a6a52f80f3892c0c3037e229674","imageurl":"/mcm/images/land/2B/4973_8977a147672.jpg","landname":"45"},{"id":281475022651438,"level":3,"status":1,"posx":33,"posy":11,"cityid":701,"townid":1511,"tokenid":"90efc5b23063694b9538d5100c55e09c","tokenurl":"/mcm/api/land?token=90efc5b23063694b9538d5100c55e09c","imageurl":"/mcm/images/land/2B/4974_3895f91c8c37.jpg","landname":"46"},{"id":281475022651439,"level":2,"status":0,"posx":28,"posy":12,"cityid":701,"townid":1511,"tokenid":"38e4b3a2f08752951c10decd76827eb3","tokenurl":"/mcm/api/land?token=38e4b3a2f08752951c10decd76827eb3","imageurl":"/mcm/images/land/2A/2984_1e6ae46602b.jpg","landname":"47"},{"id":281475022651440,"level":3,"status":1,"posx":29,"posy":12,"cityid":701,"townid":1511,"tokenid":"b58cad89caccfbf099c7aa378b89bb15","tokenurl":"/mcm/api/land?token=b58cad89caccfbf099c7aa378b89bb15","imageurl":"/mcm/images/land/2B/4975_393e90578131.jpg","landname":"48"},{"id":281475022651441,"level":1,"status":1,"posx":32,"posy":12,"cityid":701,"townid":1511,"tokenid":"c2388848b5f9bcba91048392384510c4","tokenurl":"/mcm/api/land?token=c2388848b5f9bcba91048392384510c4","imageurl":"/mcm/images/land/2S/1993_4a1d528a4b5e.jpg","landname":"49"},{"id":281475022651442,"level":3,"status":0,"posx":33,"posy":12,"cityid":701,"townid":1511,"tokenid":"97725a6411355123dd615fcbc22bd44e","tokenurl":"/mcm/api/land?token=97725a6411355123dd615fcbc22bd44e","imageurl":"/mcm/images/land/2B/4976_53e482a86c7.jpg","landname":"50"},{"id":281475022651443,"level":3,"status":0,"posx":23,"posy":14,"cityid":701,"townid":1511,"tokenid":"4bdd5098e8e3016d841feb71864db429","tokenurl":"/mcm/api/land?token=4bdd5098e8e3016d841feb71864db429","imageurl":"/mcm/images/land/2B/4977_c92f0920a72.jpg","landname":"51"},{"id":281475022651444,"level":3,"status":1,"posx":24,"posy":14,"cityid":701,"townid":1511,"tokenid":"83496d3df59eac72a1f3beb899194d09","tokenurl":"/mcm/api/land?token=83496d3df59eac72a1f3beb899194d09","imageurl":"/mcm/images/land/2B/4978_2a8272e0727e.jpg","landname":"52"},{"id":281475022651445,"level":3,"status":0,"posx":23,"posy":15,"cityid":701,"townid":1511,"tokenid":"6d9f7fb466813554f9b412488a5f4bef","tokenurl":"/mcm/api/land?token=6d9f7fb466813554f9b412488a5f4bef","imageurl":"/mcm/images/land/2B/4979_5388e897f33b.jpg","landname":"53"},{"id":281475022651446,"level":3,"status":1,"posx":24,"posy":15,"cityid":701,"townid":1511,"tokenid":"d1eec25c21db591d7fce8e6536cb15b3","tokenurl":"/mcm/api/land?token=d1eec25c21db591d7fce8e6536cb15b3","imageurl":"/mcm/images/land/2B/4980_1441478a7b1d.jpg","landname":"54"},{"id":281475022651447,"level":3,"status":0,"posx":33,"posy":15,"cityid":701,"townid":1511,"tokenid":"584e6de0526a6fd28c6104c0be24d94c","tokenurl":"/mcm/api/land?token=584e6de0526a6fd28c6104c0be24d94c","imageurl":"/mcm/images/land/2B/4981_4942bf4a8bf.jpg","landname":"55"},{"id":281475022651448,"level":2,"status":0,"posx":34,"posy":15,"cityid":701,"townid":1511,"tokenid":"d3138a4e204b1f9cf533ff41750f9346","tokenurl":"/mcm/api/land?token=d3138a4e204b1f9cf533ff41750f9346","imageurl":"/mcm/images/land/2A/2985_1a15f480c527.jpg","landname":"56"},{"id":281475022651449,"level":3,"status":1,"posx":11,"posy":16,"cityid":701,"townid":1511,"tokenid":"11edabaa386e235e9a4b8961645670f3","tokenurl":"/mcm/api/land?token=11edabaa386e235e9a4b8961645670f3","imageurl":"/mcm/images/land/2B/4982_45bbad539832.jpg","landname":"57"},{"id":281475022651450,"level":3,"status":1,"posx":12,"posy":16,"cityid":701,"townid":1511,"tokenid":"90a649303c1d4b09d305a03ee26a7024","tokenurl":"/mcm/api/land?token=90a649303c1d4b09d305a03ee26a7024","imageurl":"/mcm/images/land/2B/4983_2138f904a43.jpg","landname":"58"},{"id":281475022651451,"level":3,"status":0,"posx":23,"posy":16,"cityid":701,"townid":1511,"tokenid":"e519640ffd8ce9323233227637cb904a","tokenurl":"/mcm/api/land?token=e519640ffd8ce9323233227637cb904a","imageurl":"/mcm/images/land/2B/4984_552148f6fb0a.jpg","landname":"59"},{"id":281475022651452,"level":3,"status":0,"posx":24,"posy":16,"cityid":701,"townid":1511,"tokenid":"96524434c5cf62bf721047db6fb2922f","tokenurl":"/mcm/api/land?token=96524434c5cf62bf721047db6fb2922f","imageurl":"/mcm/images/land/2B/4985_9acf793226d.jpg","landname":"60"},{"id":281475022651453,"level":3,"status":0,"posx":33,"posy":16,"cityid":701,"townid":1511,"tokenid":"f76b64d8881f89232a8638d7ed4e715a","tokenurl":"/mcm/api/land?token=f76b64d8881f89232a8638d7ed4e715a","imageurl":"/mcm/images/land/2B/4986_b7cbd5fde89.jpg","landname":"61"},{"id":281475022651454,"level":3,"status":1,"posx":34,"posy":16,"cityid":701,"townid":1511,"tokenid":"5e7fde9b56ed3760d90236d20e8941ec","tokenurl":"/mcm/api/land?token=5e7fde9b56ed3760d90236d20e8941ec","imageurl":"/mcm/images/land/2B/4987_57d1972b34d2.jpg","landname":"62"},{"id":281475022651455,"level":3,"status":0,"posx":11,"posy":17,"cityid":701,"townid":1511,"tokenid":"c3c3f20e24222fef85c11d835e68d4d8","tokenurl":"/mcm/api/land?token=c3c3f20e24222fef85c11d835e68d4d8","imageurl":"/mcm/images/land/2B/4988_3a3665999be8.jpg","landname":"63"},{"id":281475022651456,"level":3,"status":0,"posx":12,"posy":17,"cityid":701,"townid":1511,"tokenid":"8543d622f9e8c0b7196a8aad15065038","tokenurl":"/mcm/api/land?token=8543d622f9e8c0b7196a8aad15065038","imageurl":"/mcm/images/land/2B/4989_1dba7e86f634.jpg","landname":"64"},{"id":281475022651457,"level":1,"status":0,"posx":23,"posy":17,"cityid":701,"townid":1511,"tokenid":"217a0ff8f1ebd23f007a30014c58d1d5","tokenurl":"/mcm/api/land?token=217a0ff8f1ebd23f007a30014c58d1d5","imageurl":"/mcm/images/land/2S/1994_39073bfc2152.jpg","landname":"65"},{"id":281475022651458,"level":3,"status":0,"posx":24,"posy":17,"cityid":701,"townid":1511,"tokenid":"93c25ce3a16574455e0fe80880f83f59","tokenurl":"/mcm/api/land?token=93c25ce3a16574455e0fe80880f83f59","imageurl":"/mcm/images/land/2B/4990_55355a952b2f.jpg","landname":"66"},{"id":281475022651459,"level":3,"status":1,"posx":33,"posy":17,"cityid":701,"townid":1511,"tokenid":"5534343d986ee352c7ce89bd27f9b708","tokenurl":"/mcm/api/land?token=5534343d986ee352c7ce89bd27f9b708","imageurl":"/mcm/images/land/2B/4991_2b84cab9598f.jpg","landname":"67"},{"id":281475022651460,"level":3,"status":1,"posx":34,"posy":17,"cityid":701,"townid":1511,"tokenid":"0a429a05deaf575ba7fb690d1c6941c2","tokenurl":"/mcm/api/land?token=0a429a05deaf575ba7fb690d1c6941c2","imageurl":"/mcm/images/land/2B/4992_48e496ab1944.jpg","landname":"68"},{"id":281475022651461,"level":2,"status":1,"posx":7,"posy":18,"cityid":701,"townid":1511,"tokenid":"b0de2c4a18ac179f51ccd454db5ec701","tokenurl":"/mcm/api/land?token=b0de2c4a18ac179f51ccd454db5ec701","imageurl":"/mcm/images/land/2A/2986_2c8c20854f9d.jpg","landname":"69"},{"id":281475022651462,"level":3,"status":0,"posx":8,"posy":18,"cityid":701,"townid":1511,"tokenid":"34c397cb864920295879e8f947f353e1","tokenurl":"/mcm/api/land?token=34c397cb864920295879e8f947f353e1","imageurl":"/mcm/images/land/2B/4993_1b201dfaac48.jpg","landname":"70"},{"id":281475022651463,"level":2,"status":0,"posx":11,"posy":18,"cityid":701,"townid":1511,"tokenid":"926ca694126bd16658eaaf30eeeea166","tokenurl":"/mcm/api/land?token=926ca694126bd16658eaaf30eeeea166","imageurl":"/mcm/images/land/2A/2987_4475d9f2a85d.jpg","landname":"71"},{"id":281475022651464,"level":1,"status":1,"posx":12,"posy":18,"cityid":701,"townid":1511,"tokenid":"86d2d29c6153c1d58ea1501deba3867f","tokenurl":"/mcm/api/land?token=86d2d29c6153c1d58ea1501deba3867f","imageurl":"/mcm/images/land/2S/1995_12408b57ecb8.jpg","landname":"72"},{"id":281475022651465,"level":3,"status":0,"posx":23,"posy":18,"cityid":701,"townid":1511,"tokenid":"52a3eb1847b3afae7f5044292843b240","tokenurl":"/mcm/api/land?token=52a3eb1847b3afae7f5044292843b240","imageurl":"/mcm/images/land/2B/4994_2f4c67d284be.jpg","landname":"73"},{"id":281475022651466,"level":2,"status":0,"posx":24,"posy":18,"cityid":701,"townid":1511,"tokenid":"245ab0470d7657d0c7a36b1f55c77338","tokenurl":"/mcm/api/land?token=245ab0470d7657d0c7a36b1f55c77338","imageurl":"/mcm/images/land/2A/2988_55dfd8ee4b04.jpg","landname":"74"},{"id":281475022651467,"level":3,"status":1,"posx":33,"posy":18,"cityid":701,"townid":1511,"tokenid":"b33ccd504c2a0d653484ba3f746200af","tokenurl":"/mcm/api/land?token=b33ccd504c2a0d653484ba3f746200af","imageurl":"/mcm/images/land/2B/4995_979bf5977a4.jpg","landname":"75"},{"id":281475022651468,"level":1,"status":0,"posx":34,"posy":18,"cityid":701,"townid":1511,"tokenid":"38aea1248fb19dc95534f406d9d1e601","tokenurl":"/mcm/api/land?token=38aea1248fb19dc95534f406d9d1e601","imageurl":"/mcm/images/land/2S/1996_3afba3a4b133.jpg","landname":"76"},{"id":281475022651469,"level":3,"status":1,"posx":7,"posy":19,"cityid":701,"townid":1511,"tokenid":"4f03eeb8215a81865a19758873bcfbd8","tokenurl":"/mcm/api/land?token=4f03eeb8215a81865a19758873bcfbd8","imageurl":"/mcm/images/land/2B/4996_3b3158c0168.jpg","landname":"77"},{"id":281475022651470,"level":2,"status":0,"posx":8,"posy":19,"cityid":701,"townid":1511,"tokenid":"0a89f37aa445997fd133bc440312ed02","tokenurl":"/mcm/api/land?token=0a89f37aa445997fd133bc440312ed02","imageurl":"/mcm/images/land/2A/2989_37dd90ce3531.jpg","landname":"78"},{"id":281475022651471,"level":2,"status":1,"posx":11,"posy":19,"cityid":701,"townid":1511,"tokenid":"76ca6fa2fb9bb972491ecfcc38f8c2ef","tokenurl":"/mcm/api/land?token=76ca6fa2fb9bb972491ecfcc38f8c2ef","imageurl":"/mcm/images/land/2A/2990_3792d79d27ee.jpg","landname":"79"},{"id":281475022651472,"level":3,"status":0,"posx":12,"posy":19,"cityid":701,"townid":1511,"tokenid":"36e4e8ccb1db2f5eabe4ce2a01b9fb97","tokenurl":"/mcm/api/land?token=36e4e8ccb1db2f5eabe4ce2a01b9fb97","imageurl":"/mcm/images/land/2B/4997_289082c53515.jpg","landname":"80"},{"id":281475022651473,"level":2,"status":0,"posx":33,"posy":19,"cityid":701,"townid":1511,"tokenid":"75d8ad9477ddb38653808504399987bf","tokenurl":"/mcm/api/land?token=75d8ad9477ddb38653808504399987bf","imageurl":"/mcm/images/land/2A/2991_238384fa4601.jpg","landname":"81"},{"id":281475022651474,"level":2,"status":1,"posx":34,"posy":19,"cityid":701,"townid":1511,"tokenid":"d55ad4d7ec47b4db5d2dbc64f6e4ae04","tokenurl":"/mcm/api/land?token=d55ad4d7ec47b4db5d2dbc64f6e4ae04","imageurl":"/mcm/images/land/2A/2992_42e1b6e01514.jpg","landname":"82"},{"id":281475022651475,"level":3,"status":0,"posx":7,"posy":20,"cityid":701,"townid":1511,"tokenid":"448dba8e09e9175c6e7eba083aa421b5","tokenurl":"/mcm/api/land?token=448dba8e09e9175c6e7eba083aa421b5","imageurl":"/mcm/images/land/2B/4998_40899ef7c90d.jpg","landname":"83"},{"id":281475022651476,"level":3,"status":0,"posx":8,"posy":20,"cityid":701,"townid":1511,"tokenid":"b5bd1a4bad97c7bc8f7b56a64318fedb","tokenurl":"/mcm/api/land?token=b5bd1a4bad97c7bc8f7b56a64318fedb","imageurl":"/mcm/images/land/2B/4999_34df85a664c0.jpg","landname":"84"},{"id":281475022651477,"level":2,"status":0,"posx":11,"posy":20,"cityid":701,"townid":1511,"tokenid":"a42420c6b61a8a61c882cf33e9c3d343","tokenurl":"/mcm/api/land?token=a42420c6b61a8a61c882cf33e9c3d343","imageurl":"/mcm/images/land/2A/2993_2d283f527e6a.jpg","landname":"85"},{"id":281475022651478,"level":2,"status":0,"posx":12,"posy":20,"cityid":701,"townid":1511,"tokenid":"155587b3ea4ceb3facc3cfe5dcf0e519","tokenurl":"/mcm/api/land?token=155587b3ea4ceb3facc3cfe5dcf0e519","imageurl":"/mcm/images/land/2A/2994_34b1971a6ad7.jpg","landname":"86"},{"id":281475022651479,"level":1,"status":1,"posx":7,"posy":21,"cityid":701,"townid":1511,"tokenid":"d1822e152f055d2f0d06b32693d78909","tokenurl":"/mcm/api/land?token=d1822e152f055d2f0d06b32693d78909","imageurl":"/mcm/images/land/2S/1997_58f7d3f91175.jpg","landname":"87"},{"id":281475022651480,"level":2,"status":0,"posx":8,"posy":21,"cityid":701,"townid":1511,"tokenid":"c6a67d2b5da86b46d63056d8c7c60c24","tokenurl":"/mcm/api/land?token=c6a67d2b5da86b46d63056d8c7c60c24","imageurl":"/mcm/images/land/2A/2995_16c4d148151f.jpg","landname":"88"},{"id":281475022651481,"level":3,"status":0,"posx":26,"posy":21,"cityid":701,"townid":1511,"tokenid":"ac887a1328862bbd846cc91e697c261c","tokenurl":"/mcm/api/land?token=ac887a1328862bbd846cc91e697c261c","imageurl":"/mcm/images/land/2B/5000_31cbf7034ec1.jpg","landname":"89"},{"id":281475022651482,"level":2,"status":1,"posx":27,"posy":21,"cityid":701,"townid":1511,"tokenid":"a9f33543b3ef0a53b63fe0a4d8ac4dd7","tokenurl":"/mcm/api/land?token=a9f33543b3ef0a53b63fe0a4d8ac4dd7","imageurl":"/mcm/images/land/2A/2996_b7fffd034fe.jpg","landname":"90"},{"id":281475022651483,"level":2,"status":0,"posx":7,"posy":22,"cityid":701,"townid":1511,"tokenid":"82f2fe08fd24bf823cd235ced355acdd","tokenurl":"/mcm/api/land?token=82f2fe08fd24bf823cd235ced355acdd","imageurl":"/mcm/images/land/2A/2997_537f35e15c56.jpg","landname":"91"},{"id":281475022651484,"level":2,"status":1,"posx":8,"posy":22,"cityid":701,"townid":1511,"tokenid":"fec5926124790a153d883da291262e61","tokenurl":"/mcm/api/land?token=fec5926124790a153d883da291262e61","imageurl":"/mcm/images/land/2A/2998_307f773b4357.jpg","landname":"92"},{"id":281475022651485,"level":3,"status":0,"posx":23,"posy":22,"cityid":701,"townid":1511,"tokenid":"cc35ce7658edaa39b3867f1e3a88c011","tokenurl":"/mcm/api/land?token=cc35ce7658edaa39b3867f1e3a88c011","imageurl":"/mcm/images/land/2B/5001_1ad35f4ff51b.jpg","landname":"93"},{"id":281475022651486,"level":2,"status":1,"posx":24,"posy":22,"cityid":701,"townid":1511,"tokenid":"673e356a960a26f2a8603f7d3e0a66a2","tokenurl":"/mcm/api/land?token=673e356a960a26f2a8603f7d3e0a66a2","imageurl":"/mcm/images/land/2A/2999_23ed760e3e20.jpg","landname":"94"},{"id":281475022651487,"level":3,"status":1,"posx":26,"posy":22,"cityid":701,"townid":1511,"tokenid":"4e374dc563de01df356e106aa096cb13","tokenurl":"/mcm/api/land?token=4e374dc563de01df356e106aa096cb13","imageurl":"/mcm/images/land/2B/5002_21ce9f6781b2.jpg","landname":"95"},{"id":281475022651488,"level":1,"status":1,"posx":27,"posy":22,"cityid":701,"townid":1511,"tokenid":"c89da3438c911b10f6d9290821d5af92","tokenurl":"/mcm/api/land?token=c89da3438c911b10f6d9290821d5af92","imageurl":"/mcm/images/land/2S/1998_2fe7986f10b5.jpg","landname":"96"},{"id":281475022651489,"level":2,"status":0,"posx":33,"posy":22,"cityid":701,"townid":1511,"tokenid":"da215b524326850fc66fa0a79cae6fc5","tokenurl":"/mcm/api/land?token=da215b524326850fc66fa0a79cae6fc5","imageurl":"/mcm/images/land/2A/3000_252aa524edac.jpg","landname":"97"},{"id":281475022651490,"level":3,"status":0,"posx":34,"posy":22,"cityid":701,"townid":1511,"tokenid":"afc44b197f23a4b0d35d60fb42a0e38c","tokenurl":"/mcm/api/land?token=afc44b197f23a4b0d35d60fb42a0e38c","imageurl":"/mcm/images/land/2B/5003_2aa6f1cf7061.jpg","landname":"98"},{"id":281475022651491,"level":2,"status":0,"posx":23,"posy":23,"cityid":701,"townid":1511,"tokenid":"522ec95ef6b0bef37d2c76f1a14d1a76","tokenurl":"/mcm/api/land?token=522ec95ef6b0bef37d2c76f1a14d1a76","imageurl":"/mcm/images/land/2A/3001_3f97f6b594f7.jpg","landname":"99"},{"id":281475022651492,"level":1,"status":0,"posx":24,"posy":23,"cityid":701,"townid":1511,"tokenid":"8eae66f8d8bd15fa3e37ea522acd6891","tokenurl":"/mcm/api/land?token=8eae66f8d8bd15fa3e37ea522acd6891","imageurl":"/mcm/images/land/2S/1999_49b6da710ce0.jpg","landname":"100"},{"id":281475022651493,"level":1,"status":1,"posx":26,"posy":23,"cityid":701,"townid":1511,"tokenid":"adeee2d4912ae531006c0c2d46c0d918","tokenurl":"/mcm/api/land?token=adeee2d4912ae531006c0c2d46c0d918","imageurl":"/mcm/images/land/2S/2000_20761f78f3e0.jpg","landname":"101"},{"id":281475022651494,"level":2,"status":0,"posx":27,"posy":23,"cityid":701,"townid":1511,"tokenid":"d73a752aa662c6000eccbccdfea092bd","tokenurl":"/mcm/api/land?token=d73a752aa662c6000eccbccdfea092bd","imageurl":"/mcm/images/land/2A/3002_1e12c2863826.jpg","landname":"102"},{"id":281475022651495,"level":3,"status":1,"posx":33,"posy":23,"cityid":701,"townid":1511,"tokenid":"a08001b34523df90f0a0c8e18a4b03db","tokenurl":"/mcm/api/land?token=a08001b34523df90f0a0c8e18a4b03db","imageurl":"/mcm/images/land/2B/5004_24816cd3f70a.jpg","landname":"103"},{"id":281475022651496,"level":1,"status":0,"posx":34,"posy":23,"cityid":701,"townid":1511,"tokenid":"65c84e379ea889a2742f0ef0525e00cc","tokenurl":"/mcm/api/land?token=65c84e379ea889a2742f0ef0525e00cc","imageurl":"/mcm/images/land/2S/2001_52c98b11126b.jpg","landname":"104"},{"id":281475022651497,"level":2,"status":1,"posx":23,"posy":24,"cityid":701,"townid":1511,"tokenid":"9f9f831bc80cf609bd175a5337c28c58","tokenurl":"/mcm/api/land?token=9f9f831bc80cf609bd175a5337c28c58","imageurl":"/mcm/images/land/2A/3003_43c0227bccf5.jpg","landname":"105"},{"id":281475022651498,"level":2,"status":1,"posx":24,"posy":24,"cityid":701,"townid":1511,"tokenid":"89da025871c8fce016943863922cea12","tokenurl":"/mcm/api/land?token=89da025871c8fce016943863922cea12","imageurl":"/mcm/images/land/2A/3004_2d2762714ac0.jpg","landname":"106"},{"id":281475022651499,"level":3,"status":0,"posx":26,"posy":24,"cityid":701,"townid":1511,"tokenid":"497fab2b1bc61f3113aa265a01ad83b7","tokenurl":"/mcm/api/land?token=497fab2b1bc61f3113aa265a01ad83b7","imageurl":"/mcm/images/land/2B/5005_5a9723ff3bd4.jpg","landname":"107"},{"id":281475022651500,"level":2,"status":1,"posx":27,"posy":24,"cityid":701,"townid":1511,"tokenid":"b433a3a31cb05002cd3726aa87dc2133","tokenurl":"/mcm/api/land?token=b433a3a31cb05002cd3726aa87dc2133","imageurl":"/mcm/images/land/2A/3005_1c2085508910.jpg","landname":"108"},{"id":281475022651501,"level":3,"status":1,"posx":33,"posy":24,"cityid":701,"townid":1511,"tokenid":"ef5d6b3ecec972fa01c3dcaff01944b4","tokenurl":"/mcm/api/land?token=ef5d6b3ecec972fa01c3dcaff01944b4","imageurl":"/mcm/images/land/2B/5006_e12bdaf1894.jpg","landname":"109"},{"id":281475022651502,"level":3,"status":1,"posx":34,"posy":24,"cityid":701,"townid":1511,"tokenid":"56ebe9341afbec4b0358dfc08a96793c","tokenurl":"/mcm/api/land?token=56ebe9341afbec4b0358dfc08a96793c","imageurl":"/mcm/images/land/2B/5007_4974b99b2a50.jpg","landname":"110"},{"id":281475022651503,"level":3,"status":1,"posx":23,"posy":25,"cityid":701,"townid":1511,"tokenid":"0b157986b6b9f5371587d6aeda17a7f4","tokenurl":"/mcm/api/land?token=0b157986b6b9f5371587d6aeda17a7f4","imageurl":"/mcm/images/land/2B/5008_7c727c2ff76.jpg","landname":"111"},{"id":281475022651504,"level":3,"status":1,"posx":24,"posy":25,"cityid":701,"townid":1511,"tokenid":"face0419d9305ceb8dd3ba0f495cbd0b","tokenurl":"/mcm/api/land?token=face0419d9305ceb8dd3ba0f495cbd0b","imageurl":"/mcm/images/land/2B/5009_47c4b3a61fe0.jpg","landname":"112"},{"id":281475022651505,"level":1,"status":0,"posx":26,"posy":25,"cityid":701,"townid":1511,"tokenid":"10a0fab6618950736104ab55cbe02ccf","tokenurl":"/mcm/api/land?token=10a0fab6618950736104ab55cbe02ccf","imageurl":"/mcm/images/land/2S/2002_51a51c3a3ca0.jpg","landname":"113"},{"id":281475022651506,"level":2,"status":1,"posx":27,"posy":25,"cityid":701,"townid":1511,"tokenid":"1fde4f08e4939480a2ff3961c5bec52f","tokenurl":"/mcm/api/land?token=1fde4f08e4939480a2ff3961c5bec52f","imageurl":"/mcm/images/land/2A/3006_38fa7d1e9945.jpg","landname":"114"},{"id":281475022651507,"level":3,"status":1,"posx":33,"posy":25,"cityid":701,"townid":1511,"tokenid":"c4cf8a07bfba4619fcd1d5dcd8b034d7","tokenurl":"/mcm/api/land?token=c4cf8a07bfba4619fcd1d5dcd8b034d7","imageurl":"/mcm/images/land/2B/5010_c993f190f48.jpg","landname":"115"},{"id":281475022651508,"level":3,"status":1,"posx":34,"posy":25,"cityid":701,"townid":1511,"tokenid":"7301a57508626dda30acf2911b31739a","tokenurl":"/mcm/api/land?token=7301a57508626dda30acf2911b31739a","imageurl":"/mcm/images/land/2B/5011_2b321342e2a9.jpg","landname":"116"},{"id":281475022651509,"level":3,"status":0,"posx":23,"posy":26,"cityid":701,"townid":1511,"tokenid":"635eb5d341ed7aecc5c62ec22fa7efce","tokenurl":"/mcm/api/land?token=635eb5d341ed7aecc5c62ec22fa7efce","imageurl":"/mcm/images/land/2B/5012_1309df51d188.jpg","landname":"117"},{"id":281475022651510,"level":3,"status":1,"posx":24,"posy":26,"cityid":701,"townid":1511,"tokenid":"32888f9b34b87c217eccabb92fe5dfd3","tokenurl":"/mcm/api/land?token=32888f9b34b87c217eccabb92fe5dfd3","imageurl":"/mcm/images/land/2B/5013_2b2bd5a1036c.jpg","landname":"118"},{"id":281475022651511,"level":3,"status":0,"posx":33,"posy":26,"cityid":701,"townid":1511,"tokenid":"967cb3c3d0755c39240b20a4b060ec1e","tokenurl":"/mcm/api/land?token=967cb3c3d0755c39240b20a4b060ec1e","imageurl":"/mcm/images/land/2B/5014_37101aadad36.jpg","landname":"119"},{"id":281475022651512,"level":3,"status":0,"posx":34,"posy":26,"cityid":701,"townid":1511,"tokenid":"6e6bc7a1503ab6ed9c9cbb7a3e098366","tokenurl":"/mcm/api/land?token=6e6bc7a1503ab6ed9c9cbb7a3e098366","imageurl":"/mcm/images/land/2B/5015_344f452c342a.jpg","landname":"120"},{"id":281475022651513,"level":2,"status":0,"posx":31,"posy":27,"cityid":701,"townid":1511,"tokenid":"200948c49a66f336bac3c980d044e858","tokenurl":"/mcm/api/land?token=200948c49a66f336bac3c980d044e858","imageurl":"/mcm/images/land/2A/3007_3523b4615c2c.jpg","landname":"121"},{"id":281475022651514,"level":3,"status":0,"posx":32,"posy":27,"cityid":701,"townid":1511,"tokenid":"4e9ef7bd99380f346d82713e38b37ae2","tokenurl":"/mcm/api/land?token=4e9ef7bd99380f346d82713e38b37ae2","imageurl":"/mcm/images/land/2B/5016_4bc44fc218d.jpg","landname":"122"},{"id":281475022651515,"level":1,"status":1,"posx":6,"posy":28,"cityid":701,"townid":1511,"tokenid":"dbfcec0440173152ea0ea7ccdeaac253","tokenurl":"/mcm/api/land?token=dbfcec0440173152ea0ea7ccdeaac253","imageurl":"/mcm/images/land/2S/2003_131ddcef6514.jpg","landname":"123"},{"id":281475022651516,"level":2,"status":1,"posx":7,"posy":28,"cityid":701,"townid":1511,"tokenid":"4811d0d4a750af6f12c4d38ac478d4c1","tokenurl":"/mcm/api/land?token=4811d0d4a750af6f12c4d38ac478d4c1","imageurl":"/mcm/images/land/2A/3008_569df98ba145.jpg","landname":"124"},{"id":281475022651517,"level":2,"status":1,"posx":9,"posy":28,"cityid":701,"townid":1511,"tokenid":"d6d3a2e793ef68595c406f72c4c45efb","tokenurl":"/mcm/api/land?token=d6d3a2e793ef68595c406f72c4c45efb","imageurl":"/mcm/images/land/2A/3009_587a34720acf.jpg","landname":"125"},{"id":281475022651518,"level":3,"status":1,"posx":10,"posy":28,"cityid":701,"townid":1511,"tokenid":"1229808ad20df561e421894f222def6c","tokenurl":"/mcm/api/land?token=1229808ad20df561e421894f222def6c","imageurl":"/mcm/images/land/2B/5017_1deba82ead80.jpg","landname":"126"},{"id":281475022651519,"level":3,"status":0,"posx":31,"posy":28,"cityid":701,"townid":1511,"tokenid":"6f15afad4fd5361c5afbe5fd748baee5","tokenurl":"/mcm/api/land?token=6f15afad4fd5361c5afbe5fd748baee5","imageurl":"/mcm/images/land/2B/5018_1469ec660939.jpg","landname":"127"},{"id":281475022651520,"level":1,"status":0,"posx":32,"posy":28,"cityid":701,"townid":1511,"tokenid":"31bacb699acbe5a35610a8ddb327fdaa","tokenurl":"/mcm/api/land?token=31bacb699acbe5a35610a8ddb327fdaa","imageurl":"/mcm/images/land/2S/2004_45dedb2b2953.jpg","landname":"128"},{"id":281475022651521,"level":3,"status":0,"posx":6,"posy":29,"cityid":701,"townid":1511,"tokenid":"b05011f067830d96ab8e453d7bdee26f","tokenurl":"/mcm/api/land?token=b05011f067830d96ab8e453d7bdee26f","imageurl":"/mcm/images/land/2B/5019_a196d9b4b1d.jpg","landname":"129"},{"id":281475022651522,"level":1,"status":0,"posx":7,"posy":29,"cityid":701,"townid":1511,"tokenid":"b7540a76b3697d1b871b3cbfe1aa5482","tokenurl":"/mcm/api/land?token=b7540a76b3697d1b871b3cbfe1aa5482","imageurl":"/mcm/images/land/2S/2005_311aaf08c6e8.jpg","landname":"130"},{"id":281475022651523,"level":1,"status":1,"posx":9,"posy":29,"cityid":701,"townid":1511,"tokenid":"1021e5d3fd3211de72c2f029c5eb7eaf","tokenurl":"/mcm/api/land?token=1021e5d3fd3211de72c2f029c5eb7eaf","imageurl":"/mcm/images/land/2S/2006_2c0edec81e57.jpg","landname":"131"},{"id":281475022651524,"level":2,"status":1,"posx":10,"posy":29,"cityid":701,"townid":1511,"tokenid":"5f738b6eb96b46ebd5114b284e47911b","tokenurl":"/mcm/api/land?token=5f738b6eb96b46ebd5114b284e47911b","imageurl":"/mcm/images/land/2A/3010_10ebceb4773c.jpg","landname":"132"},{"id":281475022651525,"level":2,"status":1,"posx":31,"posy":29,"cityid":701,"townid":1511,"tokenid":"efdbed558b2d6ad1b6aea3b03bcc5b1e","tokenurl":"/mcm/api/land?token=efdbed558b2d6ad1b6aea3b03bcc5b1e","imageurl":"/mcm/images/land/2A/3011_16b32a4486b4.jpg","landname":"133"},{"id":281475022651526,"level":3,"status":1,"posx":32,"posy":29,"cityid":701,"townid":1511,"tokenid":"1007ca71bac4aa10933200cca54a44ff","tokenurl":"/mcm/api/land?token=1007ca71bac4aa10933200cca54a44ff","imageurl":"/mcm/images/land/2B/5020_23902c4fbc20.jpg","landname":"134"},{"id":281475022651527,"level":3,"status":0,"posx":6,"posy":30,"cityid":701,"townid":1511,"tokenid":"3c67a3ce7dde8ae954873f3309fd1513","tokenurl":"/mcm/api/land?token=3c67a3ce7dde8ae954873f3309fd1513","imageurl":"/mcm/images/land/2B/5021_1d83d19e7d7b.jpg","landname":"135"},{"id":281475022651528,"level":1,"status":1,"posx":7,"posy":30,"cityid":701,"townid":1511,"tokenid":"f5f06bd4e2a31893008dcb5c5582ee4f","tokenurl":"/mcm/api/land?token=f5f06bd4e2a31893008dcb5c5582ee4f","imageurl":"/mcm/images/land/2S/2007_4e53b9c50696.jpg","landname":"136"},{"id":281475022651529,"level":1,"status":0,"posx":9,"posy":30,"cityid":701,"townid":1511,"tokenid":"2e924c3b87b98d298c5e821b825bad93","tokenurl":"/mcm/api/land?token=2e924c3b87b98d298c5e821b825bad93","imageurl":"/mcm/images/land/2S/2008_3a6a83cb5aee.jpg","landname":"137"},{"id":281475022651530,"level":2,"status":0,"posx":10,"posy":30,"cityid":701,"townid":1511,"tokenid":"424a4b994a53609f4ff883d61be0e284","tokenurl":"/mcm/api/land?token=424a4b994a53609f4ff883d61be0e284","imageurl":"/mcm/images/land/2A/3012_3ccc6cac72ae.jpg","landname":"138"},{"id":281475022651531,"level":3,"status":0,"posx":31,"posy":30,"cityid":701,"townid":1511,"tokenid":"c0aa1fea4da48aa62fa5f7700353aed9","tokenurl":"/mcm/api/land?token=c0aa1fea4da48aa62fa5f7700353aed9","imageurl":"/mcm/images/land/2B/5022_2fa2df3c50f.jpg","landname":"139"},{"id":281475022651532,"level":3,"status":0,"posx":32,"posy":30,"cityid":701,"townid":1511,"tokenid":"f268765a91d1473ed376134ff668233c","tokenurl":"/mcm/api/land?token=f268765a91d1473ed376134ff668233c","imageurl":"/mcm/images/land/2B/5023_16af90ea7a64.jpg","landname":"140"},{"id":281475022651533,"level":3,"status":1,"posx":6,"posy":31,"cityid":701,"townid":1511,"tokenid":"69f01ed8258c86044b19ab982802e94e","tokenurl":"/mcm/api/land?token=69f01ed8258c86044b19ab982802e94e","imageurl":"/mcm/images/land/2B/5024_4eced546d5c6.jpg","landname":"141"},{"id":281475022651534,"level":2,"status":0,"posx":7,"posy":31,"cityid":701,"townid":1511,"tokenid":"7955a912b2b4e2295b808063f7737a52","tokenurl":"/mcm/api/land?token=7955a912b2b4e2295b808063f7737a52","imageurl":"/mcm/images/land/2A/3013_2faf498dd431.jpg","landname":"142"},{"id":281475022651535,"level":3,"status":1,"posx":9,"posy":31,"cityid":701,"townid":1511,"tokenid":"902a38455b5c8b4a547d10a674581882","tokenurl":"/mcm/api/land?token=902a38455b5c8b4a547d10a674581882","imageurl":"/mcm/images/land/2B/5025_f3a38e534b9.jpg","landname":"143"},{"id":281475022651536,"level":1,"status":1,"posx":10,"posy":31,"cityid":701,"townid":1511,"tokenid":"7231970b3b9c610bf1e30429adafb49a","tokenurl":"/mcm/api/land?token=7231970b3b9c610bf1e30429adafb49a","imageurl":"/mcm/images/land/2S/2009_503c08dd63ed.jpg","landname":"144"},{"id":281475022651537,"level":3,"status":1,"posx":31,"posy":31,"cityid":701,"townid":1511,"tokenid":"293f04d026dbb3f6f30b6c5e637426bd","tokenurl":"/mcm/api/land?token=293f04d026dbb3f6f30b6c5e637426bd","imageurl":"/mcm/images/land/2B/5026_26abec69d553.jpg","landname":"145"},{"id":281475022651538,"level":1,"status":1,"posx":32,"posy":31,"cityid":701,"townid":1511,"tokenid":"0900a2fafbab338582aac2b8f0f3db97","tokenurl":"/mcm/api/land?token=0900a2fafbab338582aac2b8f0f3db97","imageurl":"/mcm/images/land/2S/2010_5134011b4532.jpg","landname":"146"},{"id":281475022651539,"level":2,"status":1,"posx":6,"posy":32,"cityid":701,"townid":1511,"tokenid":"5dcc177b28083eb0e1ad5997dfe468fc","tokenurl":"/mcm/api/land?token=5dcc177b28083eb0e1ad5997dfe468fc","imageurl":"/mcm/images/land/2A/3014_57fa495ce647.jpg","landname":"147"},{"id":281475022651540,"level":1,"status":1,"posx":7,"posy":32,"cityid":701,"townid":1511,"tokenid":"a4ac250e1ae3893f7bf698a03edd8862","tokenurl":"/mcm/api/land?token=a4ac250e1ae3893f7bf698a03edd8862","imageurl":"/mcm/images/land/2S/2011_252c865d5aef.jpg","landname":"148"},{"id":281475022651541,"level":2,"status":0,"posx":9,"posy":32,"cityid":701,"townid":1511,"tokenid":"e66c0801f80c3389438ce0155cfe031d","tokenurl":"/mcm/api/land?token=e66c0801f80c3389438ce0155cfe031d","imageurl":"/mcm/images/land/2A/3015_89226e92c1.jpg","landname":"149"},{"id":281475022651542,"level":2,"status":1,"posx":10,"posy":32,"cityid":701,"townid":1511,"tokenid":"8cd1369bdb7311b0cc4475a3d44c15ad","tokenurl":"/mcm/api/land?token=8cd1369bdb7311b0cc4475a3d44c15ad","imageurl":"/mcm/images/land/2A/3016_81b934bc82b.jpg","landname":"150"}]]],0,0,[],[],[]]
