[1,0,0,[["cc.JsonAsset",["_name","json"],1]],[[0,0,1,3]],[[0,"1384",[{"id":281475018719383,"level":1,"status":1,"posx":6,"posy":5,"cityid":641,"townid":1384,"tokenid":"1a551448657a41769c5dfdb5bcfe1831","tokenurl":"/mcm/api/land?token=1a551448657a41769c5dfdb5bcfe1831","imageurl":"/mcm/images/land/2S/10892_16ab1b18366.jpg","landname":"1"},{"id":281475018719384,"level":1,"status":1,"posx":7,"posy":5,"cityid":641,"townid":1384,"tokenid":"63de1edaa80056f1025b8d66f6281e37","tokenurl":"/mcm/api/land?token=63de1edaa80056f1025b8d66f6281e37","imageurl":"/mcm/images/land/2S/10893_22c6ef5f2cc4.jpg","landname":"2"},{"id":281475018719385,"level":1,"status":0,"posx":6,"posy":6,"cityid":641,"townid":1384,"tokenid":"5ee8aa8abc26517621affff9d0e5a220","tokenurl":"/mcm/api/land?token=5ee8aa8abc26517621affff9d0e5a220","imageurl":"/mcm/images/land/2S/10894_15fd31afb891.jpg","landname":"3"},{"id":281475018719386,"level":3,"status":1,"posx":7,"posy":6,"cityid":641,"townid":1384,"tokenid":"6aa8ab244d2e50a00e295070c3d585eb","tokenurl":"/mcm/api/land?token=6aa8ab244d2e50a00e295070c3d585eb","imageurl":"/mcm/images/land/2B/27227_5af1ee247489.jpg","landname":"4"},{"id":281475018719387,"level":3,"status":0,"posx":18,"posy":6,"cityid":641,"townid":1384,"tokenid":"49033a2626e9de112ecb98c8d1a4e87f","tokenurl":"/mcm/api/land?token=49033a2626e9de112ecb98c8d1a4e87f","imageurl":"/mcm/images/land/2B/27228_304ef57e62b9.jpg","landname":"5"},{"id":281475018719388,"level":3,"status":1,"posx":19,"posy":6,"cityid":641,"townid":1384,"tokenid":"5c936426e44b6ccb244c93c3a65bd3ae","tokenurl":"/mcm/api/land?token=5c936426e44b6ccb244c93c3a65bd3ae","imageurl":"/mcm/images/land/2B/27229_25679142dc18.jpg","landname":"6"},{"id":281475018719389,"level":3,"status":1,"posx":20,"posy":6,"cityid":641,"townid":1384,"tokenid":"77a943b4378d9a1e3ef951a5d45e61f0","tokenurl":"/mcm/api/land?token=77a943b4378d9a1e3ef951a5d45e61f0","imageurl":"/mcm/images/land/2B/27230_48af399bbf88.jpg","landname":"7"},{"id":281475018719390,"level":3,"status":1,"posx":21,"posy":6,"cityid":641,"townid":1384,"tokenid":"d7c420d2903c84b6df2f4ca5af4bd635","tokenurl":"/mcm/api/land?token=d7c420d2903c84b6df2f4ca5af4bd635","imageurl":"/mcm/images/land/2B/27231_448007300b72.jpg","landname":"8"},{"id":281475018719391,"level":2,"status":1,"posx":22,"posy":6,"cityid":641,"townid":1384,"tokenid":"0c30b183ac911d4f1bbd032ba6d3774f","tokenurl":"/mcm/api/land?token=0c30b183ac911d4f1bbd032ba6d3774f","imageurl":"/mcm/images/land/2A/16337_2e398d9e790e.jpg","landname":"9"},{"id":281475018719392,"level":2,"status":0,"posx":28,"posy":6,"cityid":641,"townid":1384,"tokenid":"b7bb3d3bf722da75507cde24efbb2d89","tokenurl":"/mcm/api/land?token=b7bb3d3bf722da75507cde24efbb2d89","imageurl":"/mcm/images/land/2A/16338_eb3e01a3838.jpg","landname":"10"},{"id":281475018719393,"level":1,"status":1,"posx":29,"posy":6,"cityid":641,"townid":1384,"tokenid":"c627b913666a971d826be8b36f617023","tokenurl":"/mcm/api/land?token=c627b913666a971d826be8b36f617023","imageurl":"/mcm/images/land/2S/10895_15ed334425d9.jpg","landname":"11"},{"id":281475018719394,"level":3,"status":0,"posx":31,"posy":6,"cityid":641,"townid":1384,"tokenid":"341a4ca2aa1e93ffe8ec743383fa61cf","tokenurl":"/mcm/api/land?token=341a4ca2aa1e93ffe8ec743383fa61cf","imageurl":"/mcm/images/land/2B/27232_343ee37dc923.jpg","landname":"12"},{"id":281475018719395,"level":3,"status":0,"posx":32,"posy":6,"cityid":641,"townid":1384,"tokenid":"2606ab62a6ac0be1f448434c0116f1cf","tokenurl":"/mcm/api/land?token=2606ab62a6ac0be1f448434c0116f1cf","imageurl":"/mcm/images/land/2B/27233_578e6847ce7f.jpg","landname":"13"},{"id":281475018719396,"level":1,"status":1,"posx":6,"posy":7,"cityid":641,"townid":1384,"tokenid":"0cdd8c067b8d46b06310ba75f1d0bbf1","tokenurl":"/mcm/api/land?token=0cdd8c067b8d46b06310ba75f1d0bbf1","imageurl":"/mcm/images/land/2S/10896_77f6fe12247.jpg","landname":"14"},{"id":281475018719397,"level":2,"status":1,"posx":7,"posy":7,"cityid":641,"townid":1384,"tokenid":"d79797e7d7074107b1383335158a968f","tokenurl":"/mcm/api/land?token=d79797e7d7074107b1383335158a968f","imageurl":"/mcm/images/land/2A/16339_33d12f1e46db.jpg","landname":"15"},{"id":281475018719398,"level":2,"status":1,"posx":18,"posy":7,"cityid":641,"townid":1384,"tokenid":"a056010ab09ecd7adebc38ca602d7778","tokenurl":"/mcm/api/land?token=a056010ab09ecd7adebc38ca602d7778","imageurl":"/mcm/images/land/2A/16340_48e54284df70.jpg","landname":"16"},{"id":281475018719399,"level":2,"status":0,"posx":19,"posy":7,"cityid":641,"townid":1384,"tokenid":"8c53184a0777aef330e3ff34a69c0dcc","tokenurl":"/mcm/api/land?token=8c53184a0777aef330e3ff34a69c0dcc","imageurl":"/mcm/images/land/2A/16341_1f747636225d.jpg","landname":"17"},{"id":281475018719400,"level":1,"status":1,"posx":20,"posy":7,"cityid":641,"townid":1384,"tokenid":"fe30057274c6627db7d57934644ba9c1","tokenurl":"/mcm/api/land?token=fe30057274c6627db7d57934644ba9c1","imageurl":"/mcm/images/land/2S/10897_3a805badf3d6.jpg","landname":"18"},{"id":281475018719401,"level":2,"status":1,"posx":21,"posy":7,"cityid":641,"townid":1384,"tokenid":"b4387058547d61f53625f5b74d8c27cc","tokenurl":"/mcm/api/land?token=b4387058547d61f53625f5b74d8c27cc","imageurl":"/mcm/images/land/2A/16342_32ae3727f3b8.jpg","landname":"19"},{"id":281475018719402,"level":3,"status":1,"posx":22,"posy":7,"cityid":641,"townid":1384,"tokenid":"76572b9ea815760d17188e047867acea","tokenurl":"/mcm/api/land?token=76572b9ea815760d17188e047867acea","imageurl":"/mcm/images/land/2B/27234_32131c466369.jpg","landname":"20"},{"id":281475018719403,"level":3,"status":0,"posx":28,"posy":7,"cityid":641,"townid":1384,"tokenid":"b4017d952502fc5bd41061ecf0ffb20d","tokenurl":"/mcm/api/land?token=b4017d952502fc5bd41061ecf0ffb20d","imageurl":"/mcm/images/land/2B/27235_538bd12054b6.jpg","landname":"21"},{"id":281475018719404,"level":3,"status":0,"posx":29,"posy":7,"cityid":641,"townid":1384,"tokenid":"b8e1a3bf7b85bb666d47edb4db4ee590","tokenurl":"/mcm/api/land?token=b8e1a3bf7b85bb666d47edb4db4ee590","imageurl":"/mcm/images/land/2B/27236_2e9f0012d807.jpg","landname":"22"},{"id":281475018719405,"level":3,"status":0,"posx":31,"posy":7,"cityid":641,"townid":1384,"tokenid":"52caf420ffcc5ed4980de0f886bfd1cf","tokenurl":"/mcm/api/land?token=52caf420ffcc5ed4980de0f886bfd1cf","imageurl":"/mcm/images/land/2B/27237_488dea61cc3d.jpg","landname":"23"},{"id":281475018719406,"level":1,"status":0,"posx":32,"posy":7,"cityid":641,"townid":1384,"tokenid":"463b2085d25fad6fe8544aa5bfa0367e","tokenurl":"/mcm/api/land?token=463b2085d25fad6fe8544aa5bfa0367e","imageurl":"/mcm/images/land/2S/10898_2461da334070.jpg","landname":"24"},{"id":281475018719407,"level":2,"status":0,"posx":6,"posy":8,"cityid":641,"townid":1384,"tokenid":"7a7d59f9425f1f0199e231a66ca6427f","tokenurl":"/mcm/api/land?token=7a7d59f9425f1f0199e231a66ca6427f","imageurl":"/mcm/images/land/2A/16343_20b000794c5a.jpg","landname":"25"},{"id":281475018719408,"level":3,"status":0,"posx":7,"posy":8,"cityid":641,"townid":1384,"tokenid":"83dda6d28824e36e20116ff2fccbdcc7","tokenurl":"/mcm/api/land?token=83dda6d28824e36e20116ff2fccbdcc7","imageurl":"/mcm/images/land/2B/27238_4d39226ca5b6.jpg","landname":"26"},{"id":281475018719409,"level":2,"status":0,"posx":28,"posy":8,"cityid":641,"townid":1384,"tokenid":"eec96267e716857c9135a8804c74b1c8","tokenurl":"/mcm/api/land?token=eec96267e716857c9135a8804c74b1c8","imageurl":"/mcm/images/land/2A/16344_141534541307.jpg","landname":"27"},{"id":281475018719410,"level":2,"status":0,"posx":29,"posy":8,"cityid":641,"townid":1384,"tokenid":"52826920ba97f4f1b6d04d99b3b887bf","tokenurl":"/mcm/api/land?token=52826920ba97f4f1b6d04d99b3b887bf","imageurl":"/mcm/images/land/2A/16345_234225dd722a.jpg","landname":"28"},{"id":281475018719411,"level":3,"status":1,"posx":31,"posy":8,"cityid":641,"townid":1384,"tokenid":"819ec2e8485a5d785523a006ddcc5a13","tokenurl":"/mcm/api/land?token=819ec2e8485a5d785523a006ddcc5a13","imageurl":"/mcm/images/land/2B/27239_18e100b15b0b.jpg","landname":"29"},{"id":281475018719412,"level":3,"status":1,"posx":32,"posy":8,"cityid":641,"townid":1384,"tokenid":"3169782faacb94c65335680cdc936d95","tokenurl":"/mcm/api/land?token=3169782faacb94c65335680cdc936d95","imageurl":"/mcm/images/land/2B/27240_15b97ce1c589.jpg","landname":"30"},{"id":281475018719413,"level":2,"status":1,"posx":6,"posy":9,"cityid":641,"townid":1384,"tokenid":"584a6cc6cf9f6478cb09d16e0bcc2461","tokenurl":"/mcm/api/land?token=584a6cc6cf9f6478cb09d16e0bcc2461","imageurl":"/mcm/images/land/2A/16346_3a017ad19783.jpg","landname":"31"},{"id":281475018719414,"level":1,"status":1,"posx":7,"posy":9,"cityid":641,"townid":1384,"tokenid":"f76aaa0cf09ae55eacd8b8177210e0e1","tokenurl":"/mcm/api/land?token=f76aaa0cf09ae55eacd8b8177210e0e1","imageurl":"/mcm/images/land/2S/10899_29b8fe08b646.jpg","landname":"32"},{"id":281475018719415,"level":3,"status":0,"posx":28,"posy":9,"cityid":641,"townid":1384,"tokenid":"b15fd7b1fdeb200a55af9f0e1fb873ce","tokenurl":"/mcm/api/land?token=b15fd7b1fdeb200a55af9f0e1fb873ce","imageurl":"/mcm/images/land/2B/27241_2ea508337f50.jpg","landname":"33"},{"id":281475018719416,"level":1,"status":1,"posx":29,"posy":9,"cityid":641,"townid":1384,"tokenid":"934ec4722db993d2130d9703c30bccf9","tokenurl":"/mcm/api/land?token=934ec4722db993d2130d9703c30bccf9","imageurl":"/mcm/images/land/2S/10900_507f161b15cf.jpg","landname":"34"},{"id":281475018719417,"level":3,"status":0,"posx":31,"posy":9,"cityid":641,"townid":1384,"tokenid":"3554f048ca3d002a26912e9fc8fe1540","tokenurl":"/mcm/api/land?token=3554f048ca3d002a26912e9fc8fe1540","imageurl":"/mcm/images/land/2B/27242_4ec095fcd4af.jpg","landname":"35"},{"id":281475018719418,"level":1,"status":1,"posx":32,"posy":9,"cityid":641,"townid":1384,"tokenid":"40140419c1ae6f96d35578bfb44e9e2f","tokenurl":"/mcm/api/land?token=40140419c1ae6f96d35578bfb44e9e2f","imageurl":"/mcm/images/land/2S/10901_2daf5c479a0f.jpg","landname":"36"},{"id":281475018719419,"level":2,"status":0,"posx":28,"posy":10,"cityid":641,"townid":1384,"tokenid":"9a0b96045c9bd010feb2549b529a03bc","tokenurl":"/mcm/api/land?token=9a0b96045c9bd010feb2549b529a03bc","imageurl":"/mcm/images/land/2A/16347_53aadd85c309.jpg","landname":"37"},{"id":281475018719420,"level":3,"status":1,"posx":29,"posy":10,"cityid":641,"townid":1384,"tokenid":"4e1f4d91d00ea11aa060f545724aa5c3","tokenurl":"/mcm/api/land?token=4e1f4d91d00ea11aa060f545724aa5c3","imageurl":"/mcm/images/land/2B/27243_3d40d3098673.jpg","landname":"38"},{"id":281475018719421,"level":3,"status":1,"posx":31,"posy":10,"cityid":641,"townid":1384,"tokenid":"128222cae636883635b489217ae704a2","tokenurl":"/mcm/api/land?token=128222cae636883635b489217ae704a2","imageurl":"/mcm/images/land/2B/27244_810441d8004.jpg","landname":"39"},{"id":281475018719422,"level":2,"status":1,"posx":32,"posy":10,"cityid":641,"townid":1384,"tokenid":"1fb42396ea74c969ea9b1f6d86d31e90","tokenurl":"/mcm/api/land?token=1fb42396ea74c969ea9b1f6d86d31e90","imageurl":"/mcm/images/land/2A/16348_d075e9add50.jpg","landname":"40"},{"id":281475018719423,"level":3,"status":0,"posx":9,"posy":14,"cityid":641,"townid":1384,"tokenid":"07a04db4dace5f5801e09c894e9f27a8","tokenurl":"/mcm/api/land?token=07a04db4dace5f5801e09c894e9f27a8","imageurl":"/mcm/images/land/2B/27245_2e454409d40b.jpg","landname":"41"},{"id":281475018719424,"level":1,"status":0,"posx":10,"posy":14,"cityid":641,"townid":1384,"tokenid":"843207e53116376e87890519c3cce88f","tokenurl":"/mcm/api/land?token=843207e53116376e87890519c3cce88f","imageurl":"/mcm/images/land/2S/10902_4304d52bd15b.jpg","landname":"42"},{"id":281475018719425,"level":3,"status":1,"posx":13,"posy":14,"cityid":641,"townid":1384,"tokenid":"7a6715c7d3d265eab3310db37f9dda34","tokenurl":"/mcm/api/land?token=7a6715c7d3d265eab3310db37f9dda34","imageurl":"/mcm/images/land/2B/27246_30ab2432b3eb.jpg","landname":"43"},{"id":281475018719426,"level":2,"status":0,"posx":14,"posy":14,"cityid":641,"townid":1384,"tokenid":"cf95c6401aef3fd36ce33548b02f2330","tokenurl":"/mcm/api/land?token=cf95c6401aef3fd36ce33548b02f2330","imageurl":"/mcm/images/land/2A/16349_14fa7e37324b.jpg","landname":"44"},{"id":281475018719427,"level":3,"status":0,"posx":17,"posy":14,"cityid":641,"townid":1384,"tokenid":"d916584b3d2761f8ed5a9d4509bf5b0d","tokenurl":"/mcm/api/land?token=d916584b3d2761f8ed5a9d4509bf5b0d","imageurl":"/mcm/images/land/2B/27247_1ce97070b5c2.jpg","landname":"45"},{"id":281475018719428,"level":3,"status":1,"posx":18,"posy":14,"cityid":641,"townid":1384,"tokenid":"d6b7f39109236a65a1d7a7be6dee273c","tokenurl":"/mcm/api/land?token=d6b7f39109236a65a1d7a7be6dee273c","imageurl":"/mcm/images/land/2B/27248_46a6e1fcb7a6.jpg","landname":"46"},{"id":281475018719429,"level":2,"status":1,"posx":9,"posy":15,"cityid":641,"townid":1384,"tokenid":"2954e7348882930fd6e84aa420f9798d","tokenurl":"/mcm/api/land?token=2954e7348882930fd6e84aa420f9798d","imageurl":"/mcm/images/land/2A/16350_47ddf6e0a04.jpg","landname":"47"},{"id":281475018719430,"level":3,"status":1,"posx":10,"posy":15,"cityid":641,"townid":1384,"tokenid":"707e6e9f81c4dbd8c6f5b8caf4e38ddd","tokenurl":"/mcm/api/land?token=707e6e9f81c4dbd8c6f5b8caf4e38ddd","imageurl":"/mcm/images/land/2B/27249_142e460cb570.jpg","landname":"48"},{"id":281475018719431,"level":1,"status":0,"posx":13,"posy":15,"cityid":641,"townid":1384,"tokenid":"aa01635880f7c4b749f7dd711d398063","tokenurl":"/mcm/api/land?token=aa01635880f7c4b749f7dd711d398063","imageurl":"/mcm/images/land/2S/10903_35c9397434c6.jpg","landname":"49"},{"id":281475018719432,"level":3,"status":0,"posx":14,"posy":15,"cityid":641,"townid":1384,"tokenid":"afa3e0bf7df8d6af5a7f759fe62d4600","tokenurl":"/mcm/api/land?token=afa3e0bf7df8d6af5a7f759fe62d4600","imageurl":"/mcm/images/land/2B/27250_1fc5f40a93ab.jpg","landname":"50"},{"id":281475018719433,"level":3,"status":0,"posx":17,"posy":15,"cityid":641,"townid":1384,"tokenid":"1dd5539ccdede506a38859647d8d2e1d","tokenurl":"/mcm/api/land?token=1dd5539ccdede506a38859647d8d2e1d","imageurl":"/mcm/images/land/2B/27251_4db695d0cbfa.jpg","landname":"51"},{"id":281475018719434,"level":2,"status":1,"posx":18,"posy":15,"cityid":641,"townid":1384,"tokenid":"d5754d2d08d5e2bea4f4de3c43dd4e01","tokenurl":"/mcm/api/land?token=d5754d2d08d5e2bea4f4de3c43dd4e01","imageurl":"/mcm/images/land/2A/16351_3223ee522858.jpg","landname":"52"},{"id":281475018719435,"level":3,"status":1,"posx":9,"posy":16,"cityid":641,"townid":1384,"tokenid":"02367548c255675d2c514c76141ef58b","tokenurl":"/mcm/api/land?token=02367548c255675d2c514c76141ef58b","imageurl":"/mcm/images/land/2B/27252_373e13d88bc.jpg","landname":"53"},{"id":281475018719436,"level":1,"status":1,"posx":10,"posy":16,"cityid":641,"townid":1384,"tokenid":"2d9a1fb9941ceace1d70948ca57efaeb","tokenurl":"/mcm/api/land?token=2d9a1fb9941ceace1d70948ca57efaeb","imageurl":"/mcm/images/land/2S/10904_12d7bc31a8d0.jpg","landname":"54"},{"id":281475018719437,"level":1,"status":0,"posx":13,"posy":16,"cityid":641,"townid":1384,"tokenid":"062ebb12efb7ac6580e930200b9c477c","tokenurl":"/mcm/api/land?token=062ebb12efb7ac6580e930200b9c477c","imageurl":"/mcm/images/land/2S/10905_24c3e8485225.jpg","landname":"55"},{"id":281475018719438,"level":3,"status":0,"posx":14,"posy":16,"cityid":641,"townid":1384,"tokenid":"1a6626134a66e605c9bb52c1678482f7","tokenurl":"/mcm/api/land?token=1a6626134a66e605c9bb52c1678482f7","imageurl":"/mcm/images/land/2B/27253_1d145e2319c9.jpg","landname":"56"},{"id":281475018719439,"level":3,"status":0,"posx":17,"posy":16,"cityid":641,"townid":1384,"tokenid":"1fa43dc6e2b44138bd77c668820f0ccd","tokenurl":"/mcm/api/land?token=1fa43dc6e2b44138bd77c668820f0ccd","imageurl":"/mcm/images/land/2B/27254_93a236440b2.jpg","landname":"57"},{"id":281475018719440,"level":3,"status":0,"posx":18,"posy":16,"cityid":641,"townid":1384,"tokenid":"ae271484a2d5d8bac2d4196f285f0be1","tokenurl":"/mcm/api/land?token=ae271484a2d5d8bac2d4196f285f0be1","imageurl":"/mcm/images/land/2B/27255_4fb96110d17f.jpg","landname":"58"},{"id":281475018719441,"level":3,"status":1,"posx":29,"posy":16,"cityid":641,"townid":1384,"tokenid":"b7cd151ec79de6ada486503cd83dff0d","tokenurl":"/mcm/api/land?token=b7cd151ec79de6ada486503cd83dff0d","imageurl":"/mcm/images/land/2B/27256_9e0fa60d88c.jpg","landname":"59"},{"id":281475018719442,"level":3,"status":0,"posx":30,"posy":16,"cityid":641,"townid":1384,"tokenid":"0d69cfadc262da3f6fbd55fa781f2fa6","tokenurl":"/mcm/api/land?token=0d69cfadc262da3f6fbd55fa781f2fa6","imageurl":"/mcm/images/land/2B/27257_39910c43f196.jpg","landname":"60"},{"id":281475018719443,"level":2,"status":0,"posx":33,"posy":16,"cityid":641,"townid":1384,"tokenid":"d8a2115489a719615f749084f21039ce","tokenurl":"/mcm/api/land?token=d8a2115489a719615f749084f21039ce","imageurl":"/mcm/images/land/2A/16352_34b3b49ab639.jpg","landname":"61"},{"id":281475018719444,"level":3,"status":0,"posx":34,"posy":16,"cityid":641,"townid":1384,"tokenid":"5661e499b18b9f138d51282c50024910","tokenurl":"/mcm/api/land?token=5661e499b18b9f138d51282c50024910","imageurl":"/mcm/images/land/2B/27258_29545a2b93e1.jpg","landname":"62"},{"id":281475018719445,"level":3,"status":0,"posx":9,"posy":17,"cityid":641,"townid":1384,"tokenid":"3c2c74f34db357e6ae81b00bfe262a76","tokenurl":"/mcm/api/land?token=3c2c74f34db357e6ae81b00bfe262a76","imageurl":"/mcm/images/land/2B/27259_1671a83af7fe.jpg","landname":"63"},{"id":281475018719446,"level":3,"status":0,"posx":10,"posy":17,"cityid":641,"townid":1384,"tokenid":"f33aebf391cef5b7ce9582a43d440b45","tokenurl":"/mcm/api/land?token=f33aebf391cef5b7ce9582a43d440b45","imageurl":"/mcm/images/land/2B/27260_4eea39671914.jpg","landname":"64"},{"id":281475018719447,"level":3,"status":0,"posx":13,"posy":17,"cityid":641,"townid":1384,"tokenid":"924cb6e652f74b32db6f758c46283d1d","tokenurl":"/mcm/api/land?token=924cb6e652f74b32db6f758c46283d1d","imageurl":"/mcm/images/land/2B/27261_22fc3315ba39.jpg","landname":"65"},{"id":281475018719448,"level":1,"status":1,"posx":14,"posy":17,"cityid":641,"townid":1384,"tokenid":"730c9d4c4456447fe73387a47155cf4d","tokenurl":"/mcm/api/land?token=730c9d4c4456447fe73387a47155cf4d","imageurl":"/mcm/images/land/2S/10906_1c39a02994a.jpg","landname":"66"},{"id":281475018719449,"level":3,"status":1,"posx":17,"posy":17,"cityid":641,"townid":1384,"tokenid":"0b71f541550f079431c18ff97b67c2fd","tokenurl":"/mcm/api/land?token=0b71f541550f079431c18ff97b67c2fd","imageurl":"/mcm/images/land/2B/27262_357d21d1be23.jpg","landname":"67"},{"id":281475018719450,"level":2,"status":0,"posx":18,"posy":17,"cityid":641,"townid":1384,"tokenid":"bc45f8b71e5d57c2231f96c3f23a78ac","tokenurl":"/mcm/api/land?token=bc45f8b71e5d57c2231f96c3f23a78ac","imageurl":"/mcm/images/land/2A/16353_3114c51314c0.jpg","landname":"68"},{"id":281475018719451,"level":3,"status":0,"posx":29,"posy":17,"cityid":641,"townid":1384,"tokenid":"71f95771a486e94bf685f78a20cae1ac","tokenurl":"/mcm/api/land?token=71f95771a486e94bf685f78a20cae1ac","imageurl":"/mcm/images/land/2B/27263_56be450889eb.jpg","landname":"69"},{"id":281475018719452,"level":3,"status":1,"posx":30,"posy":17,"cityid":641,"townid":1384,"tokenid":"735ffc38045438b89ce1ed2c0cb4967a","tokenurl":"/mcm/api/land?token=735ffc38045438b89ce1ed2c0cb4967a","imageurl":"/mcm/images/land/2B/27264_5a3e6e5af7b7.jpg","landname":"70"},{"id":281475018719453,"level":1,"status":0,"posx":33,"posy":17,"cityid":641,"townid":1384,"tokenid":"52855358c632b3751fda0f8ba6834aae","tokenurl":"/mcm/api/land?token=52855358c632b3751fda0f8ba6834aae","imageurl":"/mcm/images/land/2S/10907_24702fcf716c.jpg","landname":"71"},{"id":281475018719454,"level":1,"status":0,"posx":34,"posy":17,"cityid":641,"townid":1384,"tokenid":"bb887ed41003a3462618b035f9896396","tokenurl":"/mcm/api/land?token=bb887ed41003a3462618b035f9896396","imageurl":"/mcm/images/land/2S/10908_8c5e68666ef.jpg","landname":"72"},{"id":281475018719455,"level":1,"status":0,"posx":3,"posy":18,"cityid":641,"townid":1384,"tokenid":"b171dd09e77c2f1c65f67864cbf85be2","tokenurl":"/mcm/api/land?token=b171dd09e77c2f1c65f67864cbf85be2","imageurl":"/mcm/images/land/2S/10909_382c1ad7b091.jpg","landname":"73"},{"id":281475018719456,"level":2,"status":1,"posx":4,"posy":18,"cityid":641,"townid":1384,"tokenid":"23b49f2e90ca472f1a840790a9832049","tokenurl":"/mcm/api/land?token=23b49f2e90ca472f1a840790a9832049","imageurl":"/mcm/images/land/2A/16354_16497ad27fb8.jpg","landname":"74"},{"id":281475018719457,"level":2,"status":1,"posx":9,"posy":18,"cityid":641,"townid":1384,"tokenid":"fb4212bde84c1dc96a4584a8af0bf429","tokenurl":"/mcm/api/land?token=fb4212bde84c1dc96a4584a8af0bf429","imageurl":"/mcm/images/land/2A/16355_21bcd8740805.jpg","landname":"75"},{"id":281475018719458,"level":1,"status":0,"posx":10,"posy":18,"cityid":641,"townid":1384,"tokenid":"09a7dda494b27fe0c7078aa97106003e","tokenurl":"/mcm/api/land?token=09a7dda494b27fe0c7078aa97106003e","imageurl":"/mcm/images/land/2S/10910_3d2d44e30612.jpg","landname":"76"},{"id":281475018719459,"level":2,"status":1,"posx":13,"posy":18,"cityid":641,"townid":1384,"tokenid":"419fb0a4d68f061d6b7311b375990bd1","tokenurl":"/mcm/api/land?token=419fb0a4d68f061d6b7311b375990bd1","imageurl":"/mcm/images/land/2A/16356_15fa576d8772.jpg","landname":"77"},{"id":281475018719460,"level":3,"status":1,"posx":14,"posy":18,"cityid":641,"townid":1384,"tokenid":"b935fe0f0e0bb83236398d5de0cea8af","tokenurl":"/mcm/api/land?token=b935fe0f0e0bb83236398d5de0cea8af","imageurl":"/mcm/images/land/2B/27265_24703587d372.jpg","landname":"78"},{"id":281475018719461,"level":2,"status":0,"posx":17,"posy":18,"cityid":641,"townid":1384,"tokenid":"fbdb4741f08710e828736b8eda633847","tokenurl":"/mcm/api/land?token=fbdb4741f08710e828736b8eda633847","imageurl":"/mcm/images/land/2A/16357_1d496ba44949.jpg","landname":"79"},{"id":281475018719462,"level":2,"status":0,"posx":18,"posy":18,"cityid":641,"townid":1384,"tokenid":"9e931901a0de66a9b3a90305f6744881","tokenurl":"/mcm/api/land?token=9e931901a0de66a9b3a90305f6744881","imageurl":"/mcm/images/land/2A/16358_226a50faeb81.jpg","landname":"80"},{"id":281475018719463,"level":3,"status":1,"posx":29,"posy":18,"cityid":641,"townid":1384,"tokenid":"e96663df1530e5806bee962abf03b2f4","tokenurl":"/mcm/api/land?token=e96663df1530e5806bee962abf03b2f4","imageurl":"/mcm/images/land/2B/27266_36a181f66ee4.jpg","landname":"81"},{"id":281475018719464,"level":2,"status":1,"posx":30,"posy":18,"cityid":641,"townid":1384,"tokenid":"128ffa34bd1d5f7bd68135c41c299c7d","tokenurl":"/mcm/api/land?token=128ffa34bd1d5f7bd68135c41c299c7d","imageurl":"/mcm/images/land/2A/16359_13a18a999c9e.jpg","landname":"82"},{"id":281475018719465,"level":3,"status":0,"posx":33,"posy":18,"cityid":641,"townid":1384,"tokenid":"4b9514fe161f730d1061adbaa03b14d4","tokenurl":"/mcm/api/land?token=4b9514fe161f730d1061adbaa03b14d4","imageurl":"/mcm/images/land/2B/27267_331c9217c7f8.jpg","landname":"83"},{"id":281475018719466,"level":2,"status":1,"posx":34,"posy":18,"cityid":641,"townid":1384,"tokenid":"8ae4c58e0856ec0b9306f70ccfc4cad7","tokenurl":"/mcm/api/land?token=8ae4c58e0856ec0b9306f70ccfc4cad7","imageurl":"/mcm/images/land/2A/16360_14965ee1006f.jpg","landname":"84"},{"id":281475018719467,"level":3,"status":1,"posx":3,"posy":19,"cityid":641,"townid":1384,"tokenid":"40fb99143cd10ab09b0167292c180201","tokenurl":"/mcm/api/land?token=40fb99143cd10ab09b0167292c180201","imageurl":"/mcm/images/land/2B/27268_7321bae5f00.jpg","landname":"85"},{"id":281475018719468,"level":1,"status":0,"posx":4,"posy":19,"cityid":641,"townid":1384,"tokenid":"7f4c354700f0fd31f15e2bfaadf24fdb","tokenurl":"/mcm/api/land?token=7f4c354700f0fd31f15e2bfaadf24fdb","imageurl":"/mcm/images/land/2S/10911_34429fcda066.jpg","landname":"86"},{"id":281475018719469,"level":3,"status":0,"posx":29,"posy":19,"cityid":641,"townid":1384,"tokenid":"3b9f6f428bba74c4a4c40295c1d9f601","tokenurl":"/mcm/api/land?token=3b9f6f428bba74c4a4c40295c1d9f601","imageurl":"/mcm/images/land/2B/27269_be952a06174.jpg","landname":"87"},{"id":281475018719470,"level":3,"status":1,"posx":30,"posy":19,"cityid":641,"townid":1384,"tokenid":"e86040f2cd264feb6b8bf1735878db32","tokenurl":"/mcm/api/land?token=e86040f2cd264feb6b8bf1735878db32","imageurl":"/mcm/images/land/2B/27270_3ae621c0f6df.jpg","landname":"88"},{"id":281475018719471,"level":3,"status":1,"posx":33,"posy":19,"cityid":641,"townid":1384,"tokenid":"a62461c02441cf3d54b778f6ce1558f6","tokenurl":"/mcm/api/land?token=a62461c02441cf3d54b778f6ce1558f6","imageurl":"/mcm/images/land/2B/27271_280873064593.jpg","landname":"89"},{"id":281475018719472,"level":3,"status":1,"posx":34,"posy":19,"cityid":641,"townid":1384,"tokenid":"01722f69e1556b252650f679aae0728d","tokenurl":"/mcm/api/land?token=01722f69e1556b252650f679aae0728d","imageurl":"/mcm/images/land/2B/27272_67a2711f10d.jpg","landname":"90"},{"id":281475018719473,"level":3,"status":0,"posx":3,"posy":20,"cityid":641,"townid":1384,"tokenid":"25ca8dbc9b9d30740a800ebef8f7f151","tokenurl":"/mcm/api/land?token=25ca8dbc9b9d30740a800ebef8f7f151","imageurl":"/mcm/images/land/2B/27273_41b1dc682795.jpg","landname":"91"},{"id":281475018719474,"level":3,"status":1,"posx":4,"posy":20,"cityid":641,"townid":1384,"tokenid":"0e08168490e323c33b9e80a9fa6850d6","tokenurl":"/mcm/api/land?token=0e08168490e323c33b9e80a9fa6850d6","imageurl":"/mcm/images/land/2B/27274_148c488ea6f0.jpg","landname":"92"},{"id":281475018719475,"level":2,"status":1,"posx":9,"posy":20,"cityid":641,"townid":1384,"tokenid":"0f6083969d3d433b34bd32b174d275de","tokenurl":"/mcm/api/land?token=0f6083969d3d433b34bd32b174d275de","imageurl":"/mcm/images/land/2A/16361_43646722ec3a.jpg","landname":"93"},{"id":281475018719476,"level":2,"status":1,"posx":10,"posy":20,"cityid":641,"townid":1384,"tokenid":"31f3a468c7ee86c9ebb8a0fb945b0cba","tokenurl":"/mcm/api/land?token=31f3a468c7ee86c9ebb8a0fb945b0cba","imageurl":"/mcm/images/land/2A/16362_88374923ad2.jpg","landname":"94"},{"id":281475018719477,"level":2,"status":0,"posx":13,"posy":20,"cityid":641,"townid":1384,"tokenid":"8fdba98cbba654a02e1513535f3aa1f0","tokenurl":"/mcm/api/land?token=8fdba98cbba654a02e1513535f3aa1f0","imageurl":"/mcm/images/land/2A/16363_4ec5f07929ad.jpg","landname":"95"},{"id":281475018719478,"level":2,"status":1,"posx":14,"posy":20,"cityid":641,"townid":1384,"tokenid":"5efc6fb6a6ef643d3d482b6fcd47ab06","tokenurl":"/mcm/api/land?token=5efc6fb6a6ef643d3d482b6fcd47ab06","imageurl":"/mcm/images/land/2A/16364_571a15937e7e.jpg","landname":"96"},{"id":281475018719479,"level":2,"status":1,"posx":17,"posy":20,"cityid":641,"townid":1384,"tokenid":"27e04120a04a95b5d8df29e5c9f0caea","tokenurl":"/mcm/api/land?token=27e04120a04a95b5d8df29e5c9f0caea","imageurl":"/mcm/images/land/2A/16365_168946a3803e.jpg","landname":"97"},{"id":281475018719480,"level":2,"status":0,"posx":18,"posy":20,"cityid":641,"townid":1384,"tokenid":"2bfc1c2bddef11b0cec67c858b0958b6","tokenurl":"/mcm/api/land?token=2bfc1c2bddef11b0cec67c858b0958b6","imageurl":"/mcm/images/land/2A/16366_2fb59821185d.jpg","landname":"98"},{"id":281475018719481,"level":3,"status":0,"posx":29,"posy":20,"cityid":641,"townid":1384,"tokenid":"5118099ab82882fe0c96ecac92542296","tokenurl":"/mcm/api/land?token=5118099ab82882fe0c96ecac92542296","imageurl":"/mcm/images/land/2B/27275_4fa12f8ca266.jpg","landname":"99"},{"id":281475018719482,"level":1,"status":0,"posx":30,"posy":20,"cityid":641,"townid":1384,"tokenid":"0b8965680e91d1f7e5b19b11ca0d52b6","tokenurl":"/mcm/api/land?token=0b8965680e91d1f7e5b19b11ca0d52b6","imageurl":"/mcm/images/land/2S/10912_1acdd4e61fb.jpg","landname":"100"},{"id":281475018719483,"level":3,"status":1,"posx":33,"posy":20,"cityid":641,"townid":1384,"tokenid":"b3f1242c101bdfbb1e2795c4aef43bd8","tokenurl":"/mcm/api/land?token=b3f1242c101bdfbb1e2795c4aef43bd8","imageurl":"/mcm/images/land/2B/27276_c65140dfa69.jpg","landname":"101"},{"id":281475018719484,"level":2,"status":0,"posx":34,"posy":20,"cityid":641,"townid":1384,"tokenid":"6ac37c91ed4b1223caf1e60a7fb10a9a","tokenurl":"/mcm/api/land?token=6ac37c91ed4b1223caf1e60a7fb10a9a","imageurl":"/mcm/images/land/2A/16367_1dc3811bf52f.jpg","landname":"102"},{"id":281475018719485,"level":3,"status":1,"posx":3,"posy":21,"cityid":641,"townid":1384,"tokenid":"2db1b57b45ebf941778d40de5e6353d6","tokenurl":"/mcm/api/land?token=2db1b57b45ebf941778d40de5e6353d6","imageurl":"/mcm/images/land/2B/27277_5130ff23613c.jpg","landname":"103"},{"id":281475018719486,"level":3,"status":1,"posx":4,"posy":21,"cityid":641,"townid":1384,"tokenid":"f76e4502e330160134228d293ed8701f","tokenurl":"/mcm/api/land?token=f76e4502e330160134228d293ed8701f","imageurl":"/mcm/images/land/2B/27278_255deecfdf1f.jpg","landname":"104"},{"id":281475018719487,"level":2,"status":1,"posx":9,"posy":21,"cityid":641,"townid":1384,"tokenid":"871680876344a609ebb74a0d6d976573","tokenurl":"/mcm/api/land?token=871680876344a609ebb74a0d6d976573","imageurl":"/mcm/images/land/2A/16368_1e60b773e25a.jpg","landname":"105"},{"id":281475018719488,"level":2,"status":0,"posx":10,"posy":21,"cityid":641,"townid":1384,"tokenid":"27a1fe527053367ad0743f5ca6833ecc","tokenurl":"/mcm/api/land?token=27a1fe527053367ad0743f5ca6833ecc","imageurl":"/mcm/images/land/2A/16369_1d858653c2c8.jpg","landname":"106"},{"id":281475018719489,"level":2,"status":0,"posx":13,"posy":21,"cityid":641,"townid":1384,"tokenid":"e0b9c77efd93597e47375a50c8e33f55","tokenurl":"/mcm/api/land?token=e0b9c77efd93597e47375a50c8e33f55","imageurl":"/mcm/images/land/2A/16370_c8c5b6ed679.jpg","landname":"107"},{"id":281475018719490,"level":2,"status":1,"posx":14,"posy":21,"cityid":641,"townid":1384,"tokenid":"d3517d09dca374694986495817445a50","tokenurl":"/mcm/api/land?token=d3517d09dca374694986495817445a50","imageurl":"/mcm/images/land/2A/16371_1ea2f222d3dd.jpg","landname":"108"},{"id":281475018719491,"level":3,"status":1,"posx":17,"posy":21,"cityid":641,"townid":1384,"tokenid":"84d43972d1653a7416260a0eca5ed287","tokenurl":"/mcm/api/land?token=84d43972d1653a7416260a0eca5ed287","imageurl":"/mcm/images/land/2B/27279_29ee3db39a83.jpg","landname":"109"},{"id":281475018719492,"level":2,"status":1,"posx":18,"posy":21,"cityid":641,"townid":1384,"tokenid":"62efcf76db3d5ecbe130ac7e23b4242e","tokenurl":"/mcm/api/land?token=62efcf76db3d5ecbe130ac7e23b4242e","imageurl":"/mcm/images/land/2A/16372_3178ab191c8b.jpg","landname":"110"},{"id":281475018719493,"level":3,"status":0,"posx":3,"posy":22,"cityid":641,"townid":1384,"tokenid":"58bda351b3c7ba9e095233adc3c9d74e","tokenurl":"/mcm/api/land?token=58bda351b3c7ba9e095233adc3c9d74e","imageurl":"/mcm/images/land/2B/27280_c7719fb149c.jpg","landname":"111"},{"id":281475018719494,"level":3,"status":0,"posx":4,"posy":22,"cityid":641,"townid":1384,"tokenid":"8a47bb7e50fa75b4902aeccd24202d37","tokenurl":"/mcm/api/land?token=8a47bb7e50fa75b4902aeccd24202d37","imageurl":"/mcm/images/land/2B/27281_395f1b95a7a0.jpg","landname":"112"},{"id":281475018719495,"level":3,"status":1,"posx":9,"posy":22,"cityid":641,"townid":1384,"tokenid":"def6335145e4821a25237f214a597993","tokenurl":"/mcm/api/land?token=def6335145e4821a25237f214a597993","imageurl":"/mcm/images/land/2B/27282_5a8937e21587.jpg","landname":"113"},{"id":281475018719496,"level":1,"status":1,"posx":10,"posy":22,"cityid":641,"townid":1384,"tokenid":"8192ce910694bde2198e9793e76bbb1e","tokenurl":"/mcm/api/land?token=8192ce910694bde2198e9793e76bbb1e","imageurl":"/mcm/images/land/2S/10913_43a9b6892cde.jpg","landname":"114"},{"id":281475018719497,"level":3,"status":0,"posx":13,"posy":22,"cityid":641,"townid":1384,"tokenid":"deb89441bfc8e81646b2803b8c6c7486","tokenurl":"/mcm/api/land?token=deb89441bfc8e81646b2803b8c6c7486","imageurl":"/mcm/images/land/2B/27283_47538ca6e6f7.jpg","landname":"115"},{"id":281475018719498,"level":3,"status":1,"posx":14,"posy":22,"cityid":641,"townid":1384,"tokenid":"cd0835195340c16c983429099254d596","tokenurl":"/mcm/api/land?token=cd0835195340c16c983429099254d596","imageurl":"/mcm/images/land/2B/27284_24b85d07f219.jpg","landname":"116"},{"id":281475018719499,"level":3,"status":0,"posx":17,"posy":22,"cityid":641,"townid":1384,"tokenid":"6efcd24b7ee611c3f414577f6b886af9","tokenurl":"/mcm/api/land?token=6efcd24b7ee611c3f414577f6b886af9","imageurl":"/mcm/images/land/2B/27285_52dfa4c43d13.jpg","landname":"117"},{"id":281475018719500,"level":3,"status":1,"posx":18,"posy":22,"cityid":641,"townid":1384,"tokenid":"ffed9b7a69f0adcb6146ab4307e9752b","tokenurl":"/mcm/api/land?token=ffed9b7a69f0adcb6146ab4307e9752b","imageurl":"/mcm/images/land/2B/27286_1c42df89c33f.jpg","landname":"118"},{"id":281475018719501,"level":1,"status":1,"posx":9,"posy":23,"cityid":641,"townid":1384,"tokenid":"d8b8c87e26e2bf0e1e07373f062df8b1","tokenurl":"/mcm/api/land?token=d8b8c87e26e2bf0e1e07373f062df8b1","imageurl":"/mcm/images/land/2S/10914_ed344cda7e7.jpg","landname":"119"},{"id":281475018719502,"level":3,"status":1,"posx":10,"posy":23,"cityid":641,"townid":1384,"tokenid":"dc31e42297388a99c4ecb3707cc6ea7a","tokenurl":"/mcm/api/land?token=dc31e42297388a99c4ecb3707cc6ea7a","imageurl":"/mcm/images/land/2B/27287_aa264f32160.jpg","landname":"120"},{"id":281475018719503,"level":2,"status":1,"posx":13,"posy":23,"cityid":641,"townid":1384,"tokenid":"93789ee82833b90dc113cc006e180ace","tokenurl":"/mcm/api/land?token=93789ee82833b90dc113cc006e180ace","imageurl":"/mcm/images/land/2A/16373_38348c66d157.jpg","landname":"121"},{"id":281475018719504,"level":2,"status":0,"posx":14,"posy":23,"cityid":641,"townid":1384,"tokenid":"8b1f6a173826ac096f3fb78b02f313af","tokenurl":"/mcm/api/land?token=8b1f6a173826ac096f3fb78b02f313af","imageurl":"/mcm/images/land/2A/16374_2e3db0b5a00d.jpg","landname":"122"},{"id":281475018719505,"level":3,"status":1,"posx":17,"posy":23,"cityid":641,"townid":1384,"tokenid":"f9b4e33c6d153d1c911a033cd556dbeb","tokenurl":"/mcm/api/land?token=f9b4e33c6d153d1c911a033cd556dbeb","imageurl":"/mcm/images/land/2B/27288_5006de6dce6a.jpg","landname":"123"},{"id":281475018719506,"level":3,"status":1,"posx":18,"posy":23,"cityid":641,"townid":1384,"tokenid":"92cfddf973520a7bbcec8f6adce4de91","tokenurl":"/mcm/api/land?token=92cfddf973520a7bbcec8f6adce4de91","imageurl":"/mcm/images/land/2B/27289_1337e9af7fd3.jpg","landname":"124"},{"id":281475018719507,"level":2,"status":0,"posx":9,"posy":24,"cityid":641,"townid":1384,"tokenid":"aa2e38a23b78ca8765fa9d05611925b9","tokenurl":"/mcm/api/land?token=aa2e38a23b78ca8765fa9d05611925b9","imageurl":"/mcm/images/land/2A/16375_568cbae57ba5.jpg","landname":"125"},{"id":281475018719508,"level":1,"status":0,"posx":10,"posy":24,"cityid":641,"townid":1384,"tokenid":"7ce0b62d6754adbde37977e9007c8142","tokenurl":"/mcm/api/land?token=7ce0b62d6754adbde37977e9007c8142","imageurl":"/mcm/images/land/2S/10915_14dfc8b7b79d.jpg","landname":"126"},{"id":281475018719509,"level":3,"status":1,"posx":13,"posy":24,"cityid":641,"townid":1384,"tokenid":"5c10a69e85662ee8b221eb92e4ad6815","tokenurl":"/mcm/api/land?token=5c10a69e85662ee8b221eb92e4ad6815","imageurl":"/mcm/images/land/2B/27290_44251dbfddaf.jpg","landname":"127"},{"id":281475018719510,"level":3,"status":1,"posx":14,"posy":24,"cityid":641,"townid":1384,"tokenid":"cbfdeb4aaaab60652836fa2c7bcf0917","tokenurl":"/mcm/api/land?token=cbfdeb4aaaab60652836fa2c7bcf0917","imageurl":"/mcm/images/land/2B/27291_4a4d96171bf8.jpg","landname":"128"},{"id":281475018719511,"level":3,"status":0,"posx":17,"posy":24,"cityid":641,"townid":1384,"tokenid":"41e4d747dbc206da5353ce4613159e26","tokenurl":"/mcm/api/land?token=41e4d747dbc206da5353ce4613159e26","imageurl":"/mcm/images/land/2B/27292_14e98668f867.jpg","landname":"129"},{"id":281475018719512,"level":3,"status":1,"posx":18,"posy":24,"cityid":641,"townid":1384,"tokenid":"f55e520dbcc66013eaf5848ccc474459","tokenurl":"/mcm/api/land?token=f55e520dbcc66013eaf5848ccc474459","imageurl":"/mcm/images/land/2B/27293_2c188f8cba90.jpg","landname":"130"},{"id":281475018719513,"level":2,"status":0,"posx":30,"posy":25,"cityid":641,"townid":1384,"tokenid":"c742ecd2b9552b5b883bb63f97c373fa","tokenurl":"/mcm/api/land?token=c742ecd2b9552b5b883bb63f97c373fa","imageurl":"/mcm/images/land/2A/16376_a5d9a4d3599.jpg","landname":"131"},{"id":281475018719514,"level":1,"status":0,"posx":31,"posy":25,"cityid":641,"townid":1384,"tokenid":"829ac242df82e3c8cd92690949d4341f","tokenurl":"/mcm/api/land?token=829ac242df82e3c8cd92690949d4341f","imageurl":"/mcm/images/land/2S/10916_fccd004f865.jpg","landname":"132"},{"id":281475018719515,"level":1,"status":1,"posx":30,"posy":26,"cityid":641,"townid":1384,"tokenid":"e030a06c7f8a88410f76bb94866f3f4b","tokenurl":"/mcm/api/land?token=e030a06c7f8a88410f76bb94866f3f4b","imageurl":"/mcm/images/land/2S/10917_4f547475ca27.jpg","landname":"133"},{"id":281475018719516,"level":1,"status":0,"posx":31,"posy":26,"cityid":641,"townid":1384,"tokenid":"33b96517bff0631df8768e29fd6acdea","tokenurl":"/mcm/api/land?token=33b96517bff0631df8768e29fd6acdea","imageurl":"/mcm/images/land/2S/10918_1875d74848a0.jpg","landname":"134"},{"id":281475018719517,"level":3,"status":0,"posx":30,"posy":27,"cityid":641,"townid":1384,"tokenid":"947521712cfc1ed1ab3de69b748db123","tokenurl":"/mcm/api/land?token=947521712cfc1ed1ab3de69b748db123","imageurl":"/mcm/images/land/2B/27294_4670767160a8.jpg","landname":"135"},{"id":281475018719518,"level":2,"status":1,"posx":31,"posy":27,"cityid":641,"townid":1384,"tokenid":"5ce192c06945d66ff798120800a4878c","tokenurl":"/mcm/api/land?token=5ce192c06945d66ff798120800a4878c","imageurl":"/mcm/images/land/2A/16377_20e0b7ab541b.jpg","landname":"136"},{"id":281475018719519,"level":2,"status":0,"posx":30,"posy":28,"cityid":641,"townid":1384,"tokenid":"35ff14f2ec7f42ca2aa41ef7c7f772c3","tokenurl":"/mcm/api/land?token=35ff14f2ec7f42ca2aa41ef7c7f772c3","imageurl":"/mcm/images/land/2A/16378_ea73c27c73d.jpg","landname":"137"},{"id":281475018719520,"level":2,"status":0,"posx":31,"posy":28,"cityid":641,"townid":1384,"tokenid":"590fe0640ec08c49663346f0ca07dc3a","tokenurl":"/mcm/api/land?token=590fe0640ec08c49663346f0ca07dc3a","imageurl":"/mcm/images/land/2A/16379_2134750032c6.jpg","landname":"138"},{"id":281475018719521,"level":3,"status":0,"posx":30,"posy":29,"cityid":641,"townid":1384,"tokenid":"66e5f306a7c046a9505d3a40efdbac60","tokenurl":"/mcm/api/land?token=66e5f306a7c046a9505d3a40efdbac60","imageurl":"/mcm/images/land/2B/27295_232007d5c221.jpg","landname":"139"},{"id":281475018719522,"level":1,"status":0,"posx":31,"posy":29,"cityid":641,"townid":1384,"tokenid":"80fd7750683f5e641c495a657819eab2","tokenurl":"/mcm/api/land?token=80fd7750683f5e641c495a657819eab2","imageurl":"/mcm/images/land/2S/10919_1401eb7f5519.jpg","landname":"140"},{"id":281475018719523,"level":3,"status":0,"posx":10,"posy":30,"cityid":641,"townid":1384,"tokenid":"8c2cc81dccb6942106cdafab40066ff4","tokenurl":"/mcm/api/land?token=8c2cc81dccb6942106cdafab40066ff4","imageurl":"/mcm/images/land/2B/27296_a5bf4f54990.jpg","landname":"141"},{"id":281475018719524,"level":2,"status":0,"posx":11,"posy":30,"cityid":641,"townid":1384,"tokenid":"bd4382bb3b54d3cd49fafd5160a8856a","tokenurl":"/mcm/api/land?token=bd4382bb3b54d3cd49fafd5160a8856a","imageurl":"/mcm/images/land/2A/16380_282fc717eb83.jpg","landname":"142"},{"id":281475018719525,"level":3,"status":1,"posx":12,"posy":30,"cityid":641,"townid":1384,"tokenid":"ca25f8aaa76bce80e64d33c0426ff161","tokenurl":"/mcm/api/land?token=ca25f8aaa76bce80e64d33c0426ff161","imageurl":"/mcm/images/land/2B/27297_1a50b8d2a950.jpg","landname":"143"},{"id":281475018719526,"level":1,"status":1,"posx":13,"posy":30,"cityid":641,"townid":1384,"tokenid":"2d78ebc9e68deab289f8bf146a3e6ebd","tokenurl":"/mcm/api/land?token=2d78ebc9e68deab289f8bf146a3e6ebd","imageurl":"/mcm/images/land/2S/10920_261b92a35f10.jpg","landname":"144"},{"id":281475018719527,"level":3,"status":1,"posx":14,"posy":30,"cityid":641,"townid":1384,"tokenid":"3b7257825cb6272d73ae109d9081593f","tokenurl":"/mcm/api/land?token=3b7257825cb6272d73ae109d9081593f","imageurl":"/mcm/images/land/2B/27298_c22de5e11.jpg","landname":"145"},{"id":281475018719528,"level":3,"status":0,"posx":10,"posy":31,"cityid":641,"townid":1384,"tokenid":"8425145ff4ffe7d9eacbb808409af6dd","tokenurl":"/mcm/api/land?token=8425145ff4ffe7d9eacbb808409af6dd","imageurl":"/mcm/images/land/2B/27299_413a4a7d11.jpg","landname":"146"},{"id":281475018719529,"level":2,"status":0,"posx":11,"posy":31,"cityid":641,"townid":1384,"tokenid":"766c7f95e5064080582f0b8051f06f8a","tokenurl":"/mcm/api/land?token=766c7f95e5064080582f0b8051f06f8a","imageurl":"/mcm/images/land/2A/16381_49076ee2905e.jpg","landname":"147"},{"id":281475018719530,"level":3,"status":0,"posx":12,"posy":31,"cityid":641,"townid":1384,"tokenid":"52e1448f53dec2741c47d1f143e38fc3","tokenurl":"/mcm/api/land?token=52e1448f53dec2741c47d1f143e38fc3","imageurl":"/mcm/images/land/2B/27300_4c8b5f35abee.jpg","landname":"148"},{"id":281475018719531,"level":1,"status":1,"posx":13,"posy":31,"cityid":641,"townid":1384,"tokenid":"3f5cdb700af12a712ec3247d6250f2bb","tokenurl":"/mcm/api/land?token=3f5cdb700af12a712ec3247d6250f2bb","imageurl":"/mcm/images/land/2S/10921_41d88881b5cb.jpg","landname":"149"},{"id":281475018719532,"level":3,"status":0,"posx":14,"posy":31,"cityid":641,"townid":1384,"tokenid":"04af1dbaa33efbdb5d0c2c0cf473717e","tokenurl":"/mcm/api/land?token=04af1dbaa33efbdb5d0c2c0cf473717e","imageurl":"/mcm/images/land/2B/27301_282392f6388b.jpg","landname":"150"}]]],0,0,[],[],[]]
